ts,idx,level_kind,level_price,direction,label,is_fake,close,atr_abs,vol_ratio,rsi14,adx14,atr_pct,pen_atr,body_ratio,wick_against_atr,dist_ema200_atr,ema50_side,with_ema200_trend,approach_speed_atr,bb_width_rank,touches,level_age_bars,hour_utc,ny_session,is_channel,prebreak_range_atr,vol_buildup,ema50_slope_atr,vwap_dist_atr,attempts
2026-03-18T11:20:00+00:00,294,channel_lower,23869.71,down,true,0,23859.2,24.479815295047874,2.06886182528943,45.718731273882874,36.912397993582566,0.10260115718485059,0.42939683025755837,0.4032258064516129,0.6535997027410868,3.811439580175776,0.0,0.0,-0.510624767766474,,0.0,96.0,11.0,0.0,1.0,5.08173768881186,1.9816568937001955,-0.09632733614599923,-2.3398820319553764,0.0
2026-03-18T14:25:00+00:00,331,channel_lower,23878.7,down,fake,1,23843.0,27.514589620227532,3.18716854223257,35.16460615695671,19.461491015222236,0.115399025375278,1.2976625926086804,0.9484536082474226,0.07268870906690489,1.2544152346412778,0.0,0.0,2.0352838538733367,61.458333333333336,0.0,96.0,14.0,1.0,1.0,2.9438927172096476,0.8131763894278445,-0.36981077861621764,0.14692825587847191,0.0
2026-03-18T20:50:00+00:00,408,channel_upper,23521.88,up,fake,1,23526.0,26.29802277758274,0.548836263847952,52.76159279142301,21.477848326532527,0.11178280531149681,0.15667521637621712,0.40000000000004693,0.12548471905698919,-5.902782577797283,0.0,0.0,0.36884902268277414,36.80555555555556,0.0,96.0,20.0,1.0,1.0,2.9165690762646315,0.815801063793746,-0.9852656036202441,-6.016084258886024,0.0
2026-03-18T23:10:00+00:00,436,channel_lower,23234.68,down,true,0,23211.0,30.721592640740297,0.4332062842800037,14.599297339597726,55.90301965921692,0.13235790203239972,0.7706996061761388,0.8028169014084507,0.048825593696950165,-12.844317802413096,0.0,1.0,1.9692989457769898,95.48611111111111,0.0,96.0,23.0,0.0,1.0,9.960421114177834,0.6532180595581172,2.791575506976252,14.043908306315911,0.0
2026-03-19T03:40:00+00:00,478,support,23113.45,down,fake,1,23085.3,22.548625026496243,0.33978132884777124,30.52624406664981,24.450985161556687,0.09767525233155404,1.2484131501110687,0.9512195121951219,0.06652290320307305,-16.09605543918328,0.0,1.0,3.915981568554201,48.95833333333333,2.0,26.0,3.0,0.0,0.0,3.405972643997469,0.3644519203812728,1.3940131310973054,3.0089449550142473,0.0
2026-03-19T04:20:00+00:00,486,channel_upper,23156.21,up,true,0,23168.8,22.25182976077201,0.5620262525420595,56.902770108885015,21.58564850282963,0.09604221953995033,0.5656667098384893,0.7142857142857143,0.33705093381677,-11.471775544175072,0.0,0.0,1.954895416137266,57.291666666666664,0.0,96.0,4.0,0.0,1.0,4.947907708430281,0.33770875700992176,-1.3340936981322316,0.7897161076224819,0.0
2026-03-19T07:45:00+00:00,527,support,23113.45,down,fake,1,23097.8,18.22234877980892,1.4954577218728162,20.10151886118831,35.115146378214746,0.07889214028959002,0.8588354986017099,0.7818181818181819,0.16463300292683003,-13.9391028291745,0.0,1.0,3.5121707291057076,81.94444444444444,2.0,75.0,7.0,0.0,0.0,8.176772478699226,0.9503843466107618,1.1439176630908598,3.888095259730911,1.0
2026-03-19T09:50:00+00:00,552,support,23113.45,down,true,0,23097.8,26.285023708216006,1.2163416898792943,43.685120189554844,26.128608807403214,0.11379881940364886,0.5953960770105632,0.8064516129032258,0.2282668665854982,-7.637308961830619,0.0,1.0,1.8641794104482352,43.05555555555556,2.0,100.0,9.0,0.0,0.0,3.652269865367971,1.080160940885175,0.7242558904036076,2.3275476152411656,2.0
2026-03-19T12:25:00+00:00,583,channel_lower,22936.99,down,fake,1,22900.4,60.371557379959775,1.3020611229566454,31.00584833433095,34.57667005250575,0.263626650102006,0.6061102351458122,0.5880420499342942,0.8397994386812108,-5.544427662537908,0.0,1.0,0.977281398070823,95.13888888888889,0.0,96.0,12.0,0.0,1.0,4.464022657289607,0.9599620942904525,0.9433648237066945,3.2040917297944453,0.0
2026-03-19T16:50:00+00:00,636,channel_upper,22891.24,up,fake,1,22964.9,53.58789256719979,1.2309395601630517,62.94869851057851,23.31145026604849,0.2333469449777695,1.3746549332035167,0.8587570621468926,0.0466523291033506,-2.4085215075605997,1.0,0.0,3.051062323359129,69.79166666666666,0.0,96.0,16.0,1.0,1.0,3.9934393712468115,1.6291748444131315,-0.6327372225517447,-0.5043611699071477,0.0
2026-03-19T22:05:00+00:00,699,resistance,22994.65,up,fake,1,23070.4,45.69228644413886,1.5247137671041608,78.1311033053022,19.287329677493137,0.19805589172332883,1.657829053763992,0.916030534351145,0.21885532062890983,1.924207961014118,1.0,1.0,6.521888554741513,90.97222222222221,2.0,49.0,22.0,0.0,0.0,5.132157268747935,1.1244531322721771,0.00011754387767324063,2.5668745251232035,0.0
2026-03-20T03:05:00+00:00,747,resistance,22994.65,up,true,0,23010.7,18.152052037388863,1.854432830042586,47.7749721489046,19.900315897968312,0.07888526658201994,0.8841975533642219,0.875,0.027545095120381995,0.6912940399278575,1.0,1.0,-0.8649159867800347,6.944444444444445,2.0,97.0,3.0,0.0,0.0,3.48720904224032,1.566653761775713,0.7276001779897607,-0.6363995777910705,1.0
2026-03-20T03:15:00+00:00,749,resistance,23051.6,up,fake,1,23062.2,20.32039180774857,0.33265570134910366,64.1496635857099,19.67872683490103,0.08811124614194904,0.5216434850414741,0.7213114754098361,0.41829902102373734,3.103622373123477,1.0,1.0,2.1653125794169936,9.722222222222223,2.0,148.0,3.0,0.0,0.0,3.1150974153885023,1.997166266247767,0.6471919301194448,1.923817825277813,0.0
2026-03-20T08:25:00+00:00,811,resistance,22994.65,up,fake,1,22996.2,12.904451338417655,1.7634635691657867,47.71971013114772,25.8621476535258,0.05611558143700983,0.12011359176385825,0.8666666666666667,0.15498527969537373,-0.9502290034858475,0.0,0.0,0.542448478933808,21.875,2.0,161.0,8.0,0.0,0.0,6.393142787434166,1.4044350580781415,-1.057989807670089,-2.2019498597407217,2.0
2026-03-20T10:40:00+00:00,838,resistance,23051.6,up,true,0,23055.8,21.918619957345257,1.181945090739879,69.2864940865904,24.722312924655473,0.09506770512125043,0.19161790332485074,0.7547169811320755,0.25092820673488014,2.391053384652561,1.0,1.0,5.315115651747916,66.66666666666666,2.0,237.0,10.0,0.0,0.0,6.592568340580033,1.6658911121451838,-0.23586007303725995,1.9035120629455708,1.0
2026-03-20T11:25:00+00:00,847,support,23113.45,down,fake,1,23082.3,29.531340163979234,1.7054738562091503,56.75380510455634,30.832578600158968,0.12793933084648945,1.0548115942938674,0.8411214953271028,0.0507934957123829,2.366822012174726,1.0,0.0,-0.47407262664890704,92.36111111111111,2.0,395.0,11.0,0.0,0.0,9.329072045840991,1.6979847494553377,-1.3780697898172958,-1.4559788704734737,3.0
2026-03-20T13:15:00+00:00,869,support,22757.4,down,fake,1,22734.8,47.53947701874377,1.2211947746954352,23.848909643494153,40.725316267678956,0.20910444349078844,0.4753943757330671,0.6724137931034483,0.07362302279051212,-5.591270300817332,0.0,1.0,3.1763075546763804,96.52777777777779,2.0,228.0,13.0,1.0,0.0,8.87683303359889,1.1918391310729488,1.3669103927315693,5.543213369381021,0.0
2026-03-20T16:50:00+00:00,912,support,22757.4,down,true,0,22743.8,49.46320228687489,1.4891407414096718,36.22415985138937,18.529534079462334,0.21747993865086263,0.274951870708358,0.39568345323741005,0.7682478740379358,-4.036096957950125,0.0,1.0,2.173332801554687,73.95833333333334,2.0,271.0,16.0,1.0,0.0,3.851347894848073,1.592390240965669,0.5998855920874341,3.453212118749473,1.0
2026-03-20T17:50:00+00:00,924,channel_lower,22455.23,down,fake,1,22404.8,58.769699439801485,0.7284319045035268,19.27697618996848,41.93970145846449,0.2623085206732552,0.858030720299058,0.8436018957345972,0.15314014000052542,-8.389185041983119,0.0,1.0,2.0929152466738477,100.0,0.0,96.0,17.0,1.0,1.0,7.9632872800273224,0.8403418339663592,2.126925031639483,7.693348135861264,0.0
2026-03-20T23:50:00+00:00,996,channel_upper,22207.14,up,fake,1,22218.6,27.146296194115966,0.5929380413057961,54.39844144841064,19.83991110943038,0.12217824792793411,0.42224159151650265,0.6129032258064516,0.3867930978472085,-13.060835263261248,0.0,0.0,0.5709802872982601,52.43055555555556,0.0,96.0,23.0,0.0,1.0,5.230916180409867,0.3257087867347694,-1.1030387809688922,-16.587269141888,0.0
2026-03-23T03:15:00+00:00,1024,channel_upper,22041.83,up,fake,1,22094.3,33.17292782426346,0.33630069238377847,62.22239934068559,23.28998706092686,0.15014247033969605,1.5816701138227485,0.7254901960784313,0.4220308823558248,-10.22799479586182,1.0,0.0,3.5842479937219034,47.91666666666667,0.0,96.0,3.0,0.0,1.0,3.84048102943794,1.9072256460980497,-1.6049845106698013,3.14454292509237,0.0
2026-03-23T12:15:00+00:00,1132,channel_upper,21972.61,up,fake,1,21997.4,54.977492422290396,0.9583529667621153,55.387362788722335,14.6622807046202,0.24992722968300976,0.45097811242985436,0.5596330275229358,0.12732483224647545,-2.9629810483638344,1.0,0.0,0.5274885907353983,27.430555555555557,0.0,96.0,12.0,0.0,1.0,2.4828342288062712,0.9945992968211969,-0.25319238953179957,-0.06770252448554963,0.0
2026-03-23T18:55:00+00:00,1212,channel_lower,22757.7,down,true,0,22683.4,77.87184734463656,1.1789265116937337,32.253882207911346,29.45615460864496,0.3432988323824319,0.954099889317801,0.7668161434977578,0.15409933639935025,3.005548117856155,0.0,0.0,3.9295330781834314,85.41666666666666,0.0,96.0,18.0,1.0,1.0,4.224890139615519,0.9541332012407269,-1.0307009178725772,-3.948132288412573,0.0
2026-03-24T09:05:00+00:00,1370,channel_upper,22488.99,up,true,0,22497.5,29.031079566773695,1.215880893300248,60.1208198179141,20.318846073120813,0.1290413582254637,0.2930534608669157,0.8636363636363636,0.0,-2.1907006529304054,1.0,0.0,2.583438202065283,22.569444444444446,0.0,96.0,9.0,0.0,1.0,4.426290786205184,0.90432864626413,-0.7344900119354199,-3.715214187771796,0.0
2026-03-24T16:05:00+00:00,1454,support,22404.05,down,fake,1,22387.1,52.99374253516857,1.3547203537325367,31.824448235975254,31.456580857435483,0.236715530529495,0.3198490838564967,0.5971563981042654,0.566104573197315,-3.2940582862984944,0.0,1.0,1.1699494512744508,77.43055555555556,2.0,119.0,16.0,1.0,0.0,4.321264908739504,1.1671919343964126,0.6645049514702824,3.5113413852386346,0.0
2026-03-24T16:45:00+00:00,1462,support,22376.15,down,fake,1,22360.6,53.3645586569531,1.4877122257539344,34.80828160920201,40.00679867031285,0.2386544129269926,0.2913918973820059,0.4274193548387097,0.0,-3.5513447765546795,0.0,1.0,1.1430807550031532,70.48611111111111,2.0,519.0,16.0,1.0,0.0,5.546752516080874,1.4869369718582834,1.0113559702907997,3.6760813679870155,0.0
2026-03-25T01:00:00+00:00,1549,channel_upper,22867.69,up,true,0,22876.7,61.66255967947655,0.5144580450594287,65.70892802001615,38.66765594913677,0.26954307080775003,0.14615279968962439,0.09589041095901334,0.037299781454982195,4.629997982364155,1.0,1.0,0.7297783328151,100.0,0.0,96.0,1.0,0.0,1.0,6.10581205121967,0.8887706226716338,1.2795175808685786,0.05405765428258033,0.0
2026-03-25T05:05:00+00:00,1598,channel_lower,22903.31,down,true,0,22878.1,26.129623820167613,1.2959794696321643,38.045324564283895,29.961593908890798,0.11421238573206523,0.9647241969654393,0.847457627118644,0.07654147697512358,6.32341456351787,0.0,0.0,2.6598163248855444,15.625,0.0,96.0,5.0,0.0,1.0,4.91013574795415,0.9680638722554891,-1.2216615599775076,0.4746887811385217,0.0
2026-03-25T15:30:00+00:00,1723,channel_lower,22939.48,down,fake,1,22925.2,46.05287485571643,1.558522585475418,37.8946541598769,20.82738581552581,0.20088319777239208,0.3101451856103331,0.3225806451612903,0.9119951823113306,0.9076426414492421,0.0,0.0,2.26913087027462,65.625,0.0,96.0,15.0,1.0,1.0,4.060549978386162,1.8850345229182266,-0.17213301942883477,0.6580083404347724,0.0
2026-03-26T05:30:00+00:00,1876,support,22818.75,down,true,0,22792.6,18.33105639868005,1.5235342691990093,24.424949613971933,19.557431193847215,0.08042547317410059,1.4265408076473114,0.845360824742268,0.21820891895177544,-5.899002221695481,0.0,1.0,5.291566284580554,49.65277777777778,2.0,252.0,5.0,0.0,0.0,4.582387297987284,1.3143407652078172,0.6644108274084424,4.4640959174029735,0.0
2026-03-26T05:30:00+00:00,1876,channel_lower,22819.29,down,true,0,22792.6,18.33105639868005,1.5235342691990093,24.424949613971933,19.557431193847215,0.08042547317410059,1.455731512105943,0.845360824742268,0.21820891895177544,-5.899002221695481,0.0,1.0,5.291566284580554,49.65277777777778,0.0,96.0,5.0,0.0,1.0,4.582387297987284,1.3143407652078172,0.6644108274084424,4.4640959174029735,0.0
2026-03-26T07:30:00+00:00,1900,support,22818.75,down,true,0,22812.6,16.963392116898195,0.688673875924872,46.220679099931615,18.31472254617302,0.07435974907243452,0.3625454129469242,0.7435897435897436,0.2063266577746235,-4.018091180945418,0.0,1.0,-0.32422760507440834,42.36111111111111,2.0,276.0,7.0,0.0,0.0,5.482394049439996,0.658319104534244,0.5541253963557701,2.5854586619784885,1.0
2026-03-26T08:25:00+00:00,1911,channel_lower,22744.99,down,true,0,22741.6,19.3888291936891,1.3380508201994212,26.647076880696545,21.547853485475642,0.08525710237489492,0.17482367301858817,0.5396825396825397,0.5673369902902856,-6.724037663753993,0.0,1.0,3.842418706966025,46.18055555555556,0.0,96.0,8.0,0.0,1.0,5.441277497784103,1.237268146242093,0.8219228247133173,5.63087304801144,0.0
2026-03-26T12:25:00+00:00,1959,channel_lower,22603.33,down,fake,1,22598.2,37.78460483394506,0.6683439072413039,31.13141530877766,35.11373887116865,0.16720183392458277,0.13570893311488194,0.5416666666666666,0.02646580543570001,-5.546053029132505,0.0,1.0,2.249593462034501,88.19444444444444,0.0,96.0,12.0,0.0,1.0,4.353624994172652,0.7427258805513016,1.045899478364417,4.3785443408726135,0.0
2026-03-26T13:25:00+00:00,1971,resistance,22680.0,up,fake,1,22688.7,34.44174274738226,0.6922415813735447,58.09900251999773,27.85898213742755,0.1518013052637756,0.25260045822338567,0.5857142857142857,0.23227628342378348,-2.85401358927802,1.0,0.0,1.8291757319622948,78.125,2.0,472.0,13.0,1.0,0.0,4.340663046481954,0.742766361955361,-0.8815755461874858,-1.6012048337706448,0.0
2026-03-26T16:40:00+00:00,2010,resistance,22680.0,up,true,0,22697.7,35.93568248406708,1.5367521367521368,64.01063076068615,14.52937414953971,0.158323012834195,0.4925466493602406,0.9142857142857143,0.0,-1.0191069983261596,1.0,0.0,2.5044744882723067,52.77777777777778,2.0,511.0,16.0,1.0,0.0,3.214075593282794,1.4011396011396011,-0.23374201044085705,-0.3182541261089327,1.0
2026-03-26T16:40:00+00:00,2010,channel_upper,22648.93,up,true,0,22697.7,35.93568248406708,1.5367521367521368,64.01063076068615,14.52937414953971,0.158323012834195,1.3570799325473994,0.9142857142857143,0.0,-1.0191069983261596,1.0,0.0,2.5044744882723067,52.77777777777778,0.0,96.0,16.0,1.0,1.0,3.214075593282794,1.4011396011396011,-0.23374201044085705,-0.3182541261089327,0.0
2026-03-26T17:30:00+00:00,2020,resistance,22779.4,up,fake,1,22790.2,38.873154342190176,1.027738719161447,70.07685356150863,27.016662075312908,0.17056960598059767,0.2778266951256311,0.9557522123893806,0.05144938798623144,1.4036833353093503,1.0,1.0,1.0289877597246289,100.0,2.0,83.0,17.0,1.0,0.0,5.4021857385543015,1.0302952831394607,1.0629206452541928,1.9935072082301608,0.0
2026-03-26T19:05:00+00:00,2039,resistance,22680.0,up,fake,1,22691.7,38.42719874465299,0.6508457135507106,53.53962914916827,20.013773458636706,0.16934473285233362,0.3044718423985756,0.90625,0.06505808598259757,-0.8867246078363443,1.0,0.0,1.1710455476867565,78.81944444444444,2.0,540.0,19.0,1.0,0.0,4.970437769070455,0.7314511115398631,-0.13645946855418287,-0.44621560429216184,2.0
2026-03-26T22:10:00+00:00,2076,support,22558.08,down,true,0,22552.7,22.544912647958732,1.0472686102462496,34.468013813065056,16.911809446500627,0.09996547042242715,0.23841298850570905,0.6133333333333333,0.5544488104783931,-5.9376093097139275,0.0,1.0,2.3730409088475226,24.305555555555554,4.0,526.0,22.0,0.0,0.0,3.632748606254335,0.8557411076516652,0.6437351011960116,6.242185118620881,0.0
2026-03-26T23:10:00+00:00,2088,resistance,22680.0,up,true,0,22685.7,45.02244497185898,0.7128712871287128,70.50967249391967,40.137182978916144,0.19846178417178653,0.12660351972362852,0.42677824267782427,4.4644399060431725,0.32328591917848154,1.0,1.0,3.4094105750130694,92.70833333333334,2.0,589.0,23.0,0.0,0.0,2.4543313911331865,0.8558855885588558,-0.5299795769208537,-0.07113098279362245,3.0
2026-03-27T02:45:00+00:00,2119,resistance,22680.0,up,true,0,22690.8,23.183937658929707,1.117934183593135,61.344162707215474,32.28862069990291,0.1021732934005399,0.4658397619456788,0.7095238095237055,0.1250866027447442,0.9898458193698941,1.0,1.0,0.8583528946961682,0.3472222222222222,2.0,620.0,2.0,0.0,0.0,3.0926584195840516,0.7242953865532986,0.7720059072793733,1.406518543961867,4.0
2026-03-27T05:30:00+00:00,2152,resistance,22680.0,up,fake,1,22686.5,20.048021693025866,0.9293413173652695,61.961146640798624,21.069827890001,0.08836983092599504,0.32422151669265026,0.7,0.049880233337330805,1.2475238835851676,1.0,1.0,0.42398198336731185,41.66666666666667,2.0,653.0,5.0,0.0,0.0,5.6364663671183814,0.9852295409181636,0.5580727351919462,1.5680715432903896,5.0
2026-03-27T06:35:00+00:00,2165,resistance,22715.85,up,fake,1,22721.0,18.355560596879222,0.8261731658955717,69.01541392056981,19.44153934451706,0.08078676377306994,0.28056893020619855,0.8194444444444444,0.29963672157935073,3.16318254109264,1.0,1.0,3.350483341296376,5.902777777777778,2.0,181.0,6.0,0.0,0.0,3.296003937372858,0.7799074686054196,0.5597450959692701,3.4938007385909446,0.0
2026-03-27T11:10:00+00:00,2220,support,22558.08,down,true,0,22548.6,25.070493013629186,2.3443337484433378,20.554389285843328,40.50791315768755,0.11118425540223865,0.37793433080279853,0.6212121212121212,0.4188190473275431,-5.099202236346482,0.0,1.0,3.549990020204889,85.76388888888889,4.0,670.0,11.0,0.0,0.0,7.674360448173323,2.1201743462017437,1.2768054675449299,4.503445669986608,1.0
2026-03-27T11:50:00+00:00,2228,support,22404.05,down,true,0,22394.0,39.17986251304279,1.2839417370976443,21.146890834285188,58.173013821271596,0.1749569639771492,0.25650932278421534,0.25156249999997726,0.5742746032482849,-6.723298723752096,0.0,1.0,1.7381377991647717,100.0,2.0,893.0,11.0,0.0,0.0,7.679965694107101,1.396031888749026,2.1219134538253392,5.7793829296589605,1.0
2026-03-27T12:35:00+00:00,2237,support,22376.15,down,true,0,22366.5,41.86623964440894,0.8944894228258031,34.838134326260615,59.196622559468956,0.187182794109087,0.23049598153461512,0.5,0.34634111215040575,-6.311801210261845,0.0,1.0,-1.8869619213711761,95.48611111111111,2.0,1294.0,12.0,0.0,0.0,9.18639942986521,0.95412205101419,2.447999406996433,4.970733451223545,1.0
2026-03-27T15:35:00+00:00,2273,channel_upper,22321.42,up,fake,1,22330.5,34.00729471110994,0.962038045755468,53.66276116792113,19.00251440247012,0.15229078932898923,0.26699268619569994,0.6388888888888888,0.0,-5.971811968970829,0.0,0.0,2.161300998046989,65.97222222222221,0.0,96.0,15.0,1.0,1.0,4.543142914262037,0.9804743149249979,-0.9686981786585642,-4.424878805928051,0.0
2026-03-27T18:30:00+00:00,2308,resistance,22361.75,up,fake,1,22388.5,47.711592674036474,0.9546279491833031,60.7229739009179,12.806266049929695,0.2131075894947695,0.5606603867272852,0.8,0.1571945009515753,-1.6556915048102703,1.0,0.0,1.205157840628744,55.90277777777778,2.0,33.0,18.0,1.0,0.0,2.913338084302529,0.9534180278281912,-0.10727956924920506,-0.8129123069179384,0.0
2026-03-27T21:00:00+00:00,2338,support,22242.5,down,true,0,22235.3,27.513825801543877,0.7243639595600488,35.74983185467171,11.786643204878443,0.12373939547271175,0.2616866171914455,0.6122448979591837,0.10903609049642458,-6.856351356845779,0.0,1.0,1.5446779486993483,52.77777777777778,2.0,46.0,21.0,0.0,0.0,3.907126576121881,0.7102914490982484,0.6384228306567552,6.353184569417242,0.0
2026-03-30T01:05:00+00:00,2374,channel_lower,22101.23,down,fake,1,21975.4,33.55886582659893,1.4380825565912119,15.816492995627897,21.236638878269577,0.1527110579402374,3.7496270923389394,0.6705426356589055,0.15197176288240039,-11.186896396959536,0.0,1.0,4.749862549694887,89.23611111111111,0.0,96.0,1.0,0.0,1.0,3.7843948796189393,0.48231986980322533,1.2997204982560677,0.15495160137002914,0.0
2026-03-30T03:15:00+00:00,2400,channel_upper,22042.71,up,true,0,22087.1,34.33894019711001,0.5996621621621622,61.689759228308404,30.748037938322565,0.15547056968597062,1.292574395344176,0.9,0.0,-5.375413699080544,1.0,0.0,3.066489512942551,64.58333333333334,0.0,96.0,3.0,0.0,1.0,3.6576551075553905,1.5118243243243243,-1.4863041337541079,2.5737312745588095,0.0
2026-03-30T09:05:00+00:00,2470,resistance,22213.7,up,true,0,22216.2,23.917647984158155,1.9954940457032508,61.28428150344494,41.35056275758823,0.107658591406983,0.10452532797788111,0.7671232876712328,0.3553861151242786,0.8437911132011728,1.0,1.0,1.4675356048074064,7.986111111111111,2.0,1416.0,9.0,0.0,0.0,2.947614248971958,1.4976933805385688,1.0037615805195097,7.35701639829486,0.0
2026-03-30T10:00:00+00:00,2481,support,22242.5,down,fake,1,22231.2,25.30062842062887,2.8282179013337623,54.706281237346865,42.518923949958065,0.11380684992546003,0.4466292224894231,0.38271604938271603,0.9090683289608312,1.19999109835278,1.0,0.0,0.23714825972891249,56.59722222222222,2.0,189.0,10.0,0.0,0.0,6.011708384128018,1.281268412876962,-1.4146769146576532,-6.527931702947927,1.0
2026-03-30T12:40:00+00:00,2513,channel_lower,22287.6,down,fake,1,22261.7,33.18697797074506,0.9560469071703519,42.76163199643002,24.238746630122687,0.14907656634823513,0.7805695847930392,0.8472222222222222,0.0753307517847451,1.0867984322273088,0.0,0.0,2.079128749258965,51.388888888888886,0.0,96.0,12.0,0.0,1.0,5.047160369577922,0.9542565571569243,-0.8782370924678983,-3.5641921185466376,0.0
2026-03-30T14:05:00+00:00,2530,resistance,22359.1,up,true,0,22365.2,27.583281996110944,0.6463120344140174,70.29389823592396,17.690921029139442,0.12333125568343205,0.2211484478481786,0.6144578313253012,0.43504612691455347,4.7193795922716415,1.0,1.0,3.190338264040059,45.83333333333333,3.0,255.0,14.0,1.0,0.0,5.129918913200776,0.882733536180184,0.5106313872721023,7.40891247041675,1.0
2026-03-30T14:30:00+00:00,2535,support,22376.15,down,true,0,22370.7,39.854534238304765,1.8435866505830318,61.377090854130145,30.532886152611653,0.17815506103208556,0.1367473012584514,0.6929133858267716,0.31364059921658977,3.2248659964380364,1.0,0.0,-0.7652830620884791,94.44444444444444,2.0,1592.0,14.0,1.0,0.0,7.565011253104146,1.212974132153867,-0.7341836193445849,-4.980724741802052,2.0
2026-03-30T14:30:00+00:00,2535,support,22404.05,down,true,0,22370.7,39.854534238304765,1.8435866505830318,61.377090854130145,30.532886152611653,0.17815506103208556,0.836793118709825,0.6929133858267716,0.31364059921658977,3.2248659964380364,1.0,0.0,-0.7652830620884791,94.44444444444444,2.0,1200.0,14.0,1.0,0.0,7.565011253104146,1.212974132153867,-0.7341836193445849,-4.980724741802052,2.0
2026-03-30T16:50:00+00:00,2563,support,22376.15,down,fake,1,22370.2,27.946447808274183,1.489696267483241,45.82781567525314,29.21567044413364,0.12492712540913438,0.21290720168876326,0.6136363636363636,0.16102225337803655,3.3167489145314186,1.0,0.0,1.9501584020228873,9.375,2.0,1620.0,16.0,1.0,0.0,4.222361310801848,1.5404562884493365,-0.9095974182377576,-5.49215383187438,3.0
2026-03-30T17:00:00+00:00,2565,resistance,22359.1,up,fake,1,22397.2,29.41045754897111,1.4456513245291864,53.95193457537169,26.389974519356695,0.13131309962393115,1.2954575744548873,0.875,0.18700831127302237,4.003001642022743,1.0,1.0,-0.4080181336865943,9.027777777777777,3.0,290.0,17.0,1.0,0.0,4.012178314584844,1.3972024693287488,0.7022986671033724,6.0239070827506875,2.0
2026-03-30T17:25:00+00:00,2570,support,22404.05,down,fake,1,22395.2,32.59014847743896,1.1982000134327355,51.281844284330866,19.98249800258892,0.1455229177566575,0.27155445474957246,0.515625,0.38355148975934616,3.357385235102474,1.0,0.0,-1.2120227076395338,11.11111111111111,2.0,1235.0,17.0,1.0,0.0,3.037727798894022,1.2376027044574294,-0.5074228469403339,-5.0759282337814,3.0
2026-03-30T17:55:00+00:00,2576,channel_upper,22491.93,up,true,0,22497.7,40.518556851609276,0.9021079988449321,66.32578996495067,18.219090109864815,0.18010088520875145,0.14250829967267004,0.8055555555555556,0.012340024888624372,5.016095498747416,1.0,1.0,2.529705102167996,52.083333333333336,0.0,96.0,17.0,1.0,1.0,2.85054574927223,1.1038598517662912,0.6028181580431967,6.323599792986974,0.0
2026-03-30T19:20:00+00:00,2593,support,22558.08,down,true,0,22546.6,34.439199138324696,0.7539736448852058,56.20700517736432,30.038930282639253,0.15274675178663166,0.33319590138879135,0.4583333333333333,0.15970173922771275,6.158167499403312,1.0,0.0,1.9744942304517212,92.01388888888889,4.0,1043.0,19.0,1.0,0.0,7.328857996558972,0.8816736856405379,-1.8502964716019328,-7.846884263469551,2.0
2026-03-30T20:20:00+00:00,2605,channel_lower,22499.07,down,true,0,22477.1,28.921627038853348,1.0146816088958388,40.15199136715903,19.367563404521935,0.128671523634514,0.7595669465269379,0.6617647058823529,0.25932151016000904,4.1652210074191105,0.0,0.0,1.6250814636693898,53.125,0.0,96.0,20.0,1.0,1.0,4.975515374936631,0.8947962818173921,-0.7955335952700718,-6.4445900149859305,0.0
2026-03-30T22:00:00+00:00,2625,support,22404.05,down,true,0,22394.1,23.302475097795764,0.8190102664667205,28.503190020987432,25.61643079401625,0.10405631437653563,0.42699326823621075,0.5853658536585366,0.21456948152571834,0.8272459996734151,0.0,0.0,2.467549037545761,39.58333333333333,2.0,1290.0,22.0,0.0,0.0,6.801852564365272,0.8267005037105395,0.7271517178779278,-3.903124170966055,4.0
2026-03-30T22:05:00+00:00,2626,support,22376.15,down,true,0,22368.6,23.566584019381782,0.8552244080574862,24.683635516037697,27.96708530181318,0.10535565041791523,0.3203688745807874,0.9433962264150944,0.0636494452809266,-0.2614379363958793,0.0,1.0,3.0551733734844766,56.25,2.0,1683.0,22.0,0.0,0.0,6.980222499141617,0.9031295401892645,0.8472259557180416,-2.7679543547838676,4.0
2026-03-30T22:15:00+00:00,2628,resistance,22359.1,up,true,0,22363.1,23.662003567732253,1.1632359980852083,27.661184664795087,33.10475586041924,0.10580824468759813,0.16904739231174576,0.7428571428571429,0.19017831635088694,-0.47744470099452635,0.0,0.0,-3.190769529887103,79.16666666666666,3.0,353.0,22.0,0.0,0.0,7.691656350191428,0.9893090793042922,-1.1988309779961905,2.5056974212203547,3.0
2026-03-31T02:00:00+00:00,2661,support,22404.05,down,true,0,22395.5,15.478586209836307,2.4087221095334685,36.556359395049185,12.77585238500235,0.06911471594666922,0.5523760299610524,0.8868894601542084,0.2842636879332914,0.45991988692228647,0.0,0.0,2.8684790327805403,6.597222222222222,2.0,1326.0,2.0,0.0,0.0,3.9280073241677713,0.9871534820824882,0.008730170015184566,2.5819343837210873,5.0
2026-03-31T02:05:00+00:00,2662,support,22376.15,down,true,0,22372.9,16.872972909133715,2.8368469294225482,31.11520420557727,15.265349794103473,0.07541701303422317,0.19261573034593701,0.6599999999999584,0.23113887641521066,-0.9083787286858022,0.0,1.0,4.296812446178595,18.75,2.0,1719.0,2.0,0.0,0.0,4.338298911176224,1.3611365719523374,0.17247841379385662,3.1591509978203964,5.0
2026-03-31T02:55:00+00:00,2672,resistance,22359.1,up,true,0,22366.4,14.56866140362506,1.3150177496527242,35.9423557265186,29.60559266859929,0.06513637153777568,0.5010755482437695,0.637096774193591,0.0343202430303986,-1.360604588437429,0.0,0.0,-0.7962296383051476,60.763888888888886,3.0,397.0,2.0,0.0,0.0,7.5710456125058805,1.1462674281010443,-1.768152106903542,-1.9902113503066325,4.0
2026-03-31T03:10:00+00:00,2675,support,22343.97,down,true,0,22341.5,18.828261335191105,1.9348704540052295,34.038273642410815,26.749046167465906,0.08427483085375245,0.13100873324151135,0.6511627906976745,0.38240387000277676,-2.347020467464543,0.0,1.0,1.2003232586196286,47.22222222222222,3.0,1200.0,3.0,0.0,0.0,5.003117299202529,1.674193803977498,1.2749503403812699,2.5391707153760295,0.0
2026-03-31T03:40:00+00:00,2681,channel_upper,22409.58,up,true,0,22461.5,31.305448804156388,1.3479323907728287,65.65851842629286,29.155871197311125,0.13937381209694982,1.6585364993037601,0.735632183908046,0.07985830248400969,2.4649950654425403,1.0,1.0,3.833198519232465,46.52777777777778,0.0,96.0,3.0,0.0,1.0,4.765943492245721,0.8638956805215973,-0.634392145265175,2.436590227728574,0.0
2026-03-31T03:45:00+00:00,2682,resistance,22461.95,up,fake,1,22549.5,37.14077388957379,1.6400292489292803,74.45981062090308,30.847322572223547,0.16470774912780234,2.357247596948433,0.8008849557522124,0.511567154106439,4.402824691913767,1.0,1.0,6.192655023393735,96.18055555555556,2.0,34.0,3.0,0.0,0.0,4.4829437451959,1.0543542602458305,-0.3166207956837442,4.199254755379029,0.0
2026-03-31T05:05:00+00:00,2698,resistance,22680.0,up,fake,1,22688.5,38.40646544406132,0.8987760207272403,68.34055238258595,48.74230585714572,0.1692772349166376,0.2213169033318147,0.6363636363636364,0.15622369646951625,6.9578482476711505,1.0,1.0,-0.6509320686229844,97.56944444444444,2.0,1199.0,5.0,0.0,0.0,11.326217994039927,0.8826945412311267,2.4228608171631083,5.383986916337967,6.0
2026-03-31T08:10:00+00:00,2735,support,22558.08,down,fake,1,22522.0,21.537152071605842,1.0284090909090908,26.918083680690316,20.54884679374269,0.0956271737483609,1.6750125494800818,1.0,0.0,1.7790316768572492,0.0,0.0,3.343060389814649,33.33333333333333,4.0,1185.0,8.0,0.0,0.0,6.38431671665992,1.075757575757576,0.2921988514748612,0.1865039227757225,3.0
2026-03-31T08:45:00+00:00,2742,resistance,22680.0,up,fake,1,22710.0,29.367101162833418,1.6502649507948524,70.67096750153475,21.874747998226805,0.12931352339424668,1.0215512873966455,0.9606299212598425,0.08512927394972045,7.386178379857117,1.0,1.0,6.0271525956402074,77.77777777777779,2.0,1243.0,8.0,0.0,0.0,5.056678872613395,1.3474640423921271,0.09823816433376532,6.090750431673575,7.0
2026-03-31T10:15:00+00:00,2760,support,22506.1,down,fake,1,22493.6,36.76789289297024,1.771081725558205,29.413664134637187,17.035028005802822,0.16345935240677456,0.33997052908054765,0.41237113402061853,0.2175811386115505,-0.4818479904627978,0.0,1.0,2.5429795575224965,88.88888888888889,2.0,662.0,10.0,0.0,0.0,6.429522645971357,1.7956499747091552,0.27473669237813403,1.3863794506670082,0.0
2026-03-31T10:45:00+00:00,2766,resistance,22680.0,up,true,0,22687.6,38.62867530307642,1.1378369157284203,63.86902462945305,18.06516540357554,0.170263383095067,0.19674503307115154,0.5348837209302325,0.4012563174478201,4.410713155560792,1.0,1.0,5.022175844185619,86.80555555555556,2.0,1267.0,10.0,0.0,0.0,6.39162482437854,1.190151256681451,-0.21351268757127356,3.5741731170432627,8.0
2026-03-31T10:55:00+00:00,2768,resistance,22734.2,up,fake,1,22739.9,39.28697003173426,1.0866541199574504,69.3235047115888,20.46243188657613,0.17276667897279346,0.1450862714889064,0.5473684210526316,0.02545373184015577,5.562195732716369,1.0,1.0,4.754757107741172,90.27777777777779,3.0,1362.0,10.0,0.0,0.0,5.823813845027715,1.0261026102610262,0.06869124347339592,4.735163592905732,0.0
2026-03-31T10:55:00+00:00,2768,resistance,22715.85,up,fake,1,22739.9,39.28697003173426,1.0866541199574504,69.3235047115888,20.46243188657613,0.17276667897279346,0.6121622507558204,0.5473684210526316,0.02545373184015577,5.562195732716369,1.0,1.0,4.754757107741172,90.27777777777779,2.0,784.0,10.0,0.0,0.0,5.823813845027715,1.0261026102610262,0.06869124347339592,4.735163592905732,1.0
2026-03-31T13:00:00+00:00,2793,resistance,22734.2,up,fake,1,22763.3,36.61737301706124,1.0683933630109268,62.06815456877528,19.563795032422792,0.16086144371449324,0.794704742648794,0.8589743589743589,0.10923776531255446,5.398278585267294,1.0,1.0,1.556638155703901,19.09722222222222,3.0,1387.0,13.0,1.0,0.0,3.099621590743733,0.8903278025091056,0.811998587104515,4.5385115441156785,1.0
2026-03-31T13:50:00+00:00,2803,resistance,22680.0,up,true,0,22689.3,36.27679513011144,0.917290673927842,48.211671729346214,18.46089214811204,0.1598850344881131,0.256362227331373,0.8981481481481481,0.04134874634377307,3.0697399894331943,1.0,1.0,-0.8958895041150832,58.333333333333336,2.0,1304.0,13.0,1.0,0.0,4.507013351471264,1.1368277739959156,0.2477841370767838,2.3178320614079104,9.0
2026-03-31T14:10:00+00:00,2807,resistance,22715.85,up,fake,1,22758.3,45.88502305578698,1.7416974169741697,59.39289500379389,17.032570028035103,0.2016188513895457,0.9251384694389289,0.36901408450704226,2.266534766116536,3.811453025649727,1.0,1.0,2.669716431243035,61.458333333333336,2.0,823.0,14.0,1.0,0.0,3.5632541755774385,1.010796774634413,0.0794542734612363,3.229543569567334,2.0
2026-03-31T14:15:00+00:00,2808,resistance,22780.15,up,fake,1,22788.3,47.286092837516485,1.5449752356606488,63.17823101303156,18.587539438194597,0.20750162512129683,0.17235511565742348,0.46564885496183206,0.2960701373257147,4.289843062708065,1.0,1.0,3.1404582423477594,64.58333333333334,4.0,871.0,14.0,1.0,0.0,5.149505602772252,1.2829525483304043,0.1296415236684023,3.7214506813593,1.0
2026-03-31T15:15:00+00:00,2820,resistance,22734.2,up,true,0,22764.3,52.37826070094813,1.2160362280234418,53.79622035043874,23.121893933457457,0.2300894852947296,0.574665893773248,0.7076023391812866,0.26728646222012825,3.0473864449683385,1.0,1.0,0.43911347364735354,67.70833333333334,3.0,1414.0,15.0,1.0,0.0,4.648875253614373,1.0668620138518914,0.4502571395412544,2.597144695901644,2.0
2026-03-31T16:45:00+00:00,2838,resistance,22780.15,up,fake,1,22801.3,45.08123940159894,1.2023105857066094,56.162945538712975,14.645201492499718,0.19771346108160037,0.4691530286376214,1.0,0.0,3.7426187315951163,1.0,1.0,0.43255243775104313,38.54166666666667,4.0,901.0,16.0,1.0,0.0,2.7505898605707357,1.2202221028121083,0.2738420218740222,3.401717779736886,2.0
2026-03-31T17:45:00+00:00,2850,support,22717.7,down,fake,1,22687.8,44.475645384671225,1.0583004571357004,37.34430612819772,12.977779792853424,0.19603331034596228,0.6722780465891343,0.65625,0.12366318582744176,0.8940025357497782,0.0,0.0,1.9786109732390682,48.95833333333333,2.0,1577.0,17.0,1.0,0.0,2.8779795974386446,1.0228150374684284,-0.17638508865919755,-0.6330717289679774,0.0
2026-03-31T17:45:00+00:00,2850,support,22695.7,down,fake,1,22687.8,44.475645384671225,1.0583004571357004,37.34430612819772,12.977779792853424,0.19603331034596228,0.17762530327936726,0.65625,0.12366318582744176,0.8940025357497782,0.0,0.0,1.9786109732390682,48.95833333333333,2.0,920.0,17.0,1.0,0.0,2.8779795974386446,1.0228150374684284,-0.17638508865919755,-0.6330717289679774,0.0
2026-03-31T17:45:00+00:00,2850,channel_lower,22714.09,down,fake,1,22687.8,44.475645384671225,1.0583004571357004,37.34430612819772,12.977779792853424,0.19603331034596228,0.5910493657146163,0.65625,0.12366318582744176,0.8940025357497782,0.0,0.0,1.9786109732390682,48.95833333333333,0.0,96.0,17.0,1.0,1.0,2.8779795974386446,1.0228150374684284,-0.17638508865919755,-0.6330717289679774,0.0
2026-03-31T18:00:00+00:00,2853,resistance,22680.0,up,true,0,22713.3,42.05028896141498,1.0510064722997448,44.24439654426893,16.011134843679564,0.18513509248508575,0.7919089457519566,0.9775280898876404,0.0237810494219812,1.5267441506853883,0.0,1.0,-1.8311408054925522,70.48611111111111,2.0,1354.0,18.0,1.0,0.0,4.280588895956615,1.0327969439661144,-0.16099735891822847,1.2634630108066538,10.0
2026-03-31T18:10:00+00:00,2855,resistance,22734.2,up,fake,1,22746.3,41.88264711468945,0.8010057471264367,50.31246261638354,14.314815590143787,0.1841294940921796,0.28890246518718077,0.8255813953488372,0.05969059198082965,2.2832838538102602,1.0,1.0,0.668534630185292,71.52777777777779,3.0,1449.0,18.0,1.0,0.0,4.297722622619735,1.0157247765006385,-0.225651414080066,2.0354378451507804,3.0
2026-03-31T18:10:00+00:00,2855,resistance,22715.85,up,fake,1,22746.3,41.88264711468945,0.8010057471264367,50.31246261638354,14.314815590143787,0.1841294940921796,0.7270314103265225,0.8255813953488372,0.05969059198082965,2.2832838538102602,1.0,1.0,0.668534630185292,71.52777777777779,2.0,871.0,18.0,1.0,0.0,4.297722622619735,1.0157247765006385,-0.225651414080066,2.0354378451507804,3.0
2026-04-01T05:25:00+00:00,2968,channel_lower,23032.87,down,true,0,23029.5,16.371905134457275,0.5562047207291424,42.58133779314357,22.416788850655273,0.07109101428366779,0.20608378795591714,0.7619047619047619,0.15270061605343369,9.266611340989394,0.0,0.0,0.21378086247480715,4.861111111111112,0.0,96.0,5.0,0.0,1.0,4.703178974445757,0.6403365272259874,-0.1678303137001861,1.9225188398696804,0.0
2026-04-01T12:10:00+00:00,3049,channel_lower,23131.94,down,true,0,23113.6,43.417338557716036,0.8906766269214194,37.19348369412897,21.388928955025122,0.18784325487036221,0.4224660380013934,0.6065573770491803,0.18425818499596303,1.9537002589571189,0.0,0.0,1.7504527574616489,76.73611111111111,0.0,96.0,12.0,0.0,1.0,5.216809862698203,0.9366470334722022,0.011333249910169724,0.9284009803223757,0.0
2026-04-01T21:15:00+00:00,3158,channel_lower,23271.85,down,true,0,23258.4,21.724475469597326,1.5808506974341312,27.78680038116603,26.049957483625356,0.09340485789907012,0.6190181472734604,0.7222222222222222,0.5523723699011098,2.9050840878133934,0.0,0.0,3.8435910738952224,52.43055555555556,0.0,96.0,21.0,0.0,1.0,4.557072051684155,1.7909419665920439,-0.19337334370338277,-2.2973253208260456,0.0
2026-04-02T04:30:00+00:00,3233,support,23017.2,down,true,0,22996.3,49.615846669506546,1.359939269059755,16.926705438687378,25.122793148089976,0.21575578101480042,0.4212363872215529,0.6569767441860465,0.5441809787072314,-4.858476096525759,0.0,1.0,5.1797967232503135,100.0,3.0,261.0,4.0,0.0,0.0,6.499939467891931,1.693959440407765,0.7387215348608319,5.051475948596598,0.0
2026-04-02T13:05:00+00:00,3336,channel_upper,22854.13,up,fake,1,22873.8,32.802559266884224,20.0,66.22361030396488,30.509383981766337,0.14340668916788737,0.5997883597615062,0.3974358974358974,0.5182522455545816,-3.6578567805630167,1.0,0.0,3.499429238616961,66.66666666666666,0.0,96.0,13.0,1.0,1.0,4.56977730854467,0.0,-0.8400262166122809,-7.421312107115684,0.0
2026-04-07T04:50:00+00:00,3486,channel_lower,23214.98,down,true,0,23198.7,24.38115294633186,1.9717425431711146,36.74027088911497,25.583312576912213,0.10509706555251741,0.6678610888828349,0.6282051282051282,0.553706382537216,3.7401160184661686,0.0,0.0,2.4404096119232856,57.291666666666664,0.0,96.0,4.0,0.0,1.0,7.025918765083311,1.3647305075876506,-0.5894389297426215,2.9083272942787177,0.0
2026-04-07T07:05:00+00:00,3513,support,23163.4,down,fake,1,23161.640625,16.603241716059227,,35.03728367203786,28.8039422012039,0.07168422127290142,0.10596575235664533,0.3718812904777972,1.393153240528213,2.235560402894558,0.0,0.0,0.6962119324457045,5.208333333333334,2.0,49.0,7.0,0.0,0.0,2.770543294295789,0.5950413223140496,0.7769875604462992,3.6573616536663223,0.0
2026-04-07T08:10:00+00:00,3526,resistance,23244.48,up,fake,1,23279.630859,35.83647217788401,,72.46067203869686,33.731874822878225,0.1539391771069664,0.9808661082910137,0.8932963081837024,0.1509133759917542,4.215585199380584,1.0,1.0,3.7211130140844686,54.513888888888886,2.0,160.0,8.0,0.0,0.0,5.110671527344919,0.0,-0.3404643431528167,1.5979858211733737,0.0
2026-04-07T08:30:00+00:00,3530,resistance,23351.6,up,fake,1,23362.519531,37.51389982191142,,80.28195034336335,40.21411802151657,0.1605730057159879,0.29107960121015153,0.5729922286687896,0.376162650830474,6.025425225110588,1.0,1.0,4.663063260029975,81.59722222222221,3.0,495.0,8.0,0.0,0.0,6.884895951263992,0.0,0.5341533927255419,3.7360777494871624,0.0
2026-04-07T09:30:00+00:00,3542,resistance,23383.4,up,fake,1,23397.419921,33.89065767588038,,75.44627382866233,42.39270646742268,0.14484784130177675,0.4136809953374551,0.592265987166102,0.0,6.962302167751565,1.0,1.0,1.0988347985499338,78.125,2.0,398.0,9.0,0.0,0.0,8.757541114677974,,1.7532481761116683,5.165294757490574,0.0
2026-04-07T13:05:00+00:00,3585,resistance,23244.48,up,fake,1,23309.8,58.810611236432166,20.0,69.63910649190055,42.70028372780041,0.2522999392377119,1.11068258987137,0.21367521367521367,0.3995877530591308,2.447301667469615,1.0,1.0,2.9627213582174146,67.36111111111111,2.0,219.0,13.0,1.0,0.0,2.64919506402753,0.0,-0.46225094042250736,1.3914977279654681,1.0
2026-04-07T13:10:00+00:00,3586,support,23163.4,down,fake,1,23093.839843,71.92773836240119,,46.042935992263416,40.66292599998477,0.3114585484760919,0.9670838897996145,0.30081549413697883,0.3682895445222011,-0.9914965617321864,0.0,1.0,0.29543539785630213,67.36111111111111,2.0,122.0,13.0,1.0,0.0,4.8548779504310975,6.666666666666666,0.34771258265379035,1.8647232366526527,1.0
2026-04-07T13:45:00+00:00,3593,support,23018.3,down,fake,1,22979.720703,57.3876485667222,,36.92518304415083,28.09263904420583,0.2497317060917553,0.6722561424545438,0.7487743192615036,0.21189502103157848,-3.0997490396379814,0.0,1.0,1.8603265278569037,73.26388888888889,4.0,621.0,13.0,1.0,0.0,6.133199926997873,0.0,0.6161117338705142,4.325747286815926,1.0
2026-04-07T15:35:00+00:00,3615,channel_upper,23088.49,up,fake,1,23151.8,56.34774578512161,20.0,66.09685872601784,15.952620759508443,0.2433838655530957,1.1236327259627403,0.18421052631578946,0.12422857210107456,0.654277605231577,1.0,1.0,5.370584196110026,71.52777777777779,0.0,96.0,15.0,1.0,1.0,4.032610565585352,0.0,-0.9343074225186978,-1.2643533934674656,0.0
2026-04-07T16:45:00+00:00,3629,support,23018.3,down,true,0,22991.3,51.27529606370405,1.5142191142191141,43.43422186014318,19.979162886839667,0.22302042974387723,0.5265674568988737,0.675,0.2925385351527588,-2.339063283013457,0.0,1.0,2.0770235995845874,74.30555555555556,4.0,657.0,16.0,1.0,0.0,6.821236830411648,1.8057498057498058,-0.3805476495228492,3.0587130318225317,2.0
2026-04-07T19:35:00+00:00,3663,support,23018.3,down,fake,1,23011.3,46.52939511359019,0.7153800039965363,57.81519648483551,20.659525794992003,0.2022023749792067,0.15044043089133036,0.4827586206896552,0.23640969269310674,-1.114788870918863,1.0,1.0,-0.8596716097931155,57.638888888888886,4.0,691.0,19.0,1.0,0.0,4.180153202619024,0.8872310664091121,0.09630513110784701,0.2926727970972206,3.0
2026-04-07T20:00:00+00:00,3668,resistance,23044.25,up,fake,1,23055.4,42.14448258149552,0.7738646895273401,62.38923747473214,28.328003720617854,0.18279657946292632,0.2645660669445996,0.625,0.10677554271305317,-0.15528304377810467,1.0,0.0,0.559978401784064,62.15277777777778,2.0,745.0,20.0,1.0,0.0,4.970994710752143,0.7465760477808671,0.43110631091956036,0.7103194795196882,0.0
2026-04-07T22:15:00+00:00,3695,resistance,23044.25,up,true,0,23130.6,35.716228040990764,2.1025641025641026,66.31327704886263,24.015609749292587,0.1544111611501248,2.4176685147405954,0.8917910447761194,0.2519862956880802,2.027058070012771,1.0,1.0,2.5338621955301397,38.19444444444444,2.0,772.0,22.0,0.0,0.0,3.247823366646367,1.0396270396270397,0.30608498656898475,2.8686402001249096,1.0
2026-04-07T22:15:00+00:00,3695,resistance,23106.6,up,true,0,23130.6,35.716228040990764,2.1025641025641026,66.31327704886263,24.015609749292587,0.1544111611501248,0.6719634551682139,0.8917910447761194,0.2519862956880802,2.027058070012771,1.0,1.0,2.5338621955301397,38.19444444444444,2.0,744.0,22.0,0.0,0.0,3.247823366646367,1.0396270396270397,0.30608498656898475,2.8686402001249096,0.0
2026-04-08T01:00:00+00:00,3716,resistance,23356.4,up,true,0,23462.2,52.63067517898359,0.9753890698516106,85.30048260501191,57.10173802748403,0.22432114285524624,2.0102345189416684,0.07082152974504395,0.24890427408443394,7.1305056877194195,1.0,1.0,4.238972789942284,82.29166666666666,4.0,681.0,1.0,0.0,0.0,7.486128548799837,1.242007479792496,1.4079784904388322,0.025967112563555758,1.0
2026-04-08T01:00:00+00:00,3716,resistance,23403.75,up,true,0,23462.2,52.63067517898359,0.9753890698516106,85.30048260501191,57.10173802748403,0.22432114285524624,1.1106581342764819,0.07082152974504395,0.24890427408443394,7.1305056877194195,1.0,1.0,4.238972789942284,82.29166666666666,2.0,613.0,1.0,0.0,0.0,7.486128548799837,1.242007479792496,1.4079784904388322,0.025967112563555758,0.0
2026-04-08T01:00:00+00:00,3716,resistance,23382.97,up,true,0,23462.2,52.63067517898359,0.9753890698516106,85.30048260501191,57.10173802748403,0.22432114285524624,1.5054591844753031,0.07082152974504395,0.24890427408443394,7.1305056877194195,1.0,1.0,4.238972789942284,82.29166666666666,3.0,572.0,1.0,0.0,0.0,7.486128548799837,1.242007479792496,1.4079784904388322,0.025967112563555758,1.0
2026-04-08T03:25:00+00:00,3744,channel_upper,23928.16,up,true,0,23948.6,57.56727766038147,0.6696780669678066,88.09101262695593,41.207187165441574,0.2403784674694198,0.35503075296173997,0.5093167701863354,0.4690164464487391,12.438936719649023,1.0,1.0,3.7955590203351663,67.01388888888889,0.0,96.0,3.0,0.0,1.0,12.986544272780616,1.0506441050644104,2.7210618078394604,4.985570687607426,0.0
2026-04-08T07:05:00+00:00,3788,channel_lower,24047.2,down,fake,1,24036.449218,28.442864628201946,,57.526933159269056,24.731046976798392,0.11833222274320844,0.3780143963541702,0.42585522175736773,0.30166012151586463,18.544890548736944,1.0,0.0,-1.0846030596164038,7.986111111111111,0.0,96.0,7.0,0.0,1.0,3.3122185557423123,0.6298795818446473,-1.9439603092117672,-9.813806052971175,0.0
2026-04-09T03:00:00+00:00,4015,support,23959.72,down,fake,1,23957.8,12.322902224566521,2.2007540056550425,28.96165758236566,9.205518709293967,0.051435867335759215,0.1554365574841793,0.9132791327913116,0.08114971471626496,-1.0309157244208915,0.0,1.0,3.07557418774656,5.902777777777778,2.0,121.0,3.0,0.0,0.0,4.065600707284756,1.055607917059378,0.43024839754059624,3.3454728945234598,0.0
2026-04-09T07:00:00+00:00,4063,channel_upper,23945.21,up,fake,1,23962.820312,20.286333256071018,,71.15871349840567,16.677368584478483,0.08465753609942196,0.8681358977568604,0.6312228069675886,0.38395612956170017,0.85537359221768,1.0,1.0,3.1804817157231606,20.833333333333336,0.0,96.0,7.0,0.0,1.0,2.045712227840901,1.3584117032392895,-0.5756255987866531,0.6493654690058194,0.0
2026-04-09T07:05:00+00:00,4064,support,23959.72,down,true,0,23928.779296,21.768671023494505,,57.599900703490704,17.35001730936868,0.09097276026585031,1.4211310128491834,0.8650295174875134,0.2544510867944868,-0.7590066609584282,1.0,1.0,-1.7676456205558613,22.22222222222222,2.0,170.0,7.0,0.0,0.0,5.430270174620127,0.9077212806026365,0.4658887374893058,0.9586148675883855,1.0
2026-04-09T11:45:00+00:00,4120,channel_upper,23816.97,up,fake,1,23829.90039,19.25664306848216,,62.62135418842313,15.519239924706456,0.08080874344134076,0.6716843878347623,0.6171118345591677,0.4652412659953448,-2.801395983002272,1.0,0.0,3.5104565608654377,30.90277777777778,0.0,96.0,11.0,0.0,1.0,3.773251430251957,,-0.658361279662935,-6.2184606769160355,0.0
2026-04-09T15:30:00+00:00,4165,channel_upper,23781.34,up,true,0,23806.990234,29.568286656070203,,66.35027957687574,24.083745757219155,0.12420002010099619,0.8675238684284987,0.0,0.0,-0.9332685379803161,1.0,0.0,4.0901745307982145,60.06944444444444,0.0,96.0,15.0,1.0,1.0,3.5538101758233034,,-0.45669867361442873,-4.652574746184096,0.0
2026-04-09T18:45:00+00:00,4204,resistance,23841.53,up,true,0,23847.6,38.542514756489226,1.084993657189762,73.54076101750384,28.425944966052192,0.16162009911475045,0.15761309396589832,0.3560606060606061,0.7783612509339194,1.134133781479958,1.0,1.0,2.306543840267458,100.0,2.0,63.0,18.0,1.0,0.0,4.706491030647042,1.3272641345173248,0.2846151963844073,0.8361472586227148,0.0
2026-04-09T21:35:00+00:00,4238,resistance,23841.53,up,true,0,23856.6,26.796666946069045,0.9017082049845981,46.56310494457126,28.5111361712968,0.11232391433007656,0.5625626884991369,0.8333333333333334,0.09329518499563764,1.0693486037809556,1.0,1.0,-0.6344072579703359,56.59722222222222,2.0,97.0,21.0,0.0,0.0,4.067670065809801,1.1229347521702604,0.5986010976376049,0.8425851922665653,1.0
2026-04-10T07:00:00+00:00,4339,support,23844.3,down,fake,1,23832.160156,15.929049433772484,,31.360673889677045,15.048667061784402,0.06683846252083102,0.7621198019677494,0.24751544221779118,0.2579799263656862,-1.7372354781057588,0.0,1.0,3.8005936419309183,32.98611111111111,2.0,48.0,7.0,0.0,0.0,2.825027330544396,1.1026722925457102,-0.2264886134442782,2.5241426516017125,0.0
2026-04-10T07:25:00+00:00,4344,resistance,23841.53,up,true,0,23847.279296,19.412396680182944,,44.08230537437685,21.73507935924559,0.08140298286957649,0.2964137347282149,0.6665034105962889,0.29056819170392323,-0.566107591277638,0.0,0.0,-2.3397782740740936,80.20833333333334,2.0,203.0,7.0,0.0,0.0,5.592773668736754,0.0,-0.47494448937890976,-1.2923727805783705,2.0
2026-04-10T09:20:00+00:00,4367,support,23844.3,down,fake,1,23837.109375,31.414234477296166,,49.89961079805528,23.009434325600207,0.13178709709761596,0.22889703090488328,0.9739598580435429,0.04930341374763607,-0.5223842050485127,0.0,1.0,-1.7049148225689335,75.34722222222221,2.0,76.0,9.0,0.0,0.0,4.851565079841375,,0.466274562681941,1.1223566215099328,1.0
2026-04-10T09:25:00+00:00,4368,resistance,23841.53,up,fake,1,23867.439453,32.46179472891806,,54.40422252390735,23.08142180563446,0.13600870253737166,0.7983002238909412,0.6890179309157886,0.015703537166058202,0.42453822888631976,1.0,1.0,2.689279158130783,78.125,2.0,227.0,9.0,0.0,0.0,4.695002364247862,,-0.40952937370693004,-0.15180602663567422,3.0
2026-04-10T09:45:00+00:00,4372,resistance,23910.03,up,fake,1,23918.240234,31.468346964223905,,61.33395839294185,25.99034154675232,0.13156631364330623,0.26079859472764577,0.39795096595090135,0.1865093519742805,2.004676893507416,1.0,1.0,0.4083344134539191,91.66666666666666,3.0,320.0,9.0,0.0,0.0,4.843222402920326,,-0.08861717943816824,1.4577468901335777,0.0
2026-04-10T09:50:00+00:00,4373,resistance,23936.1,up,fake,1,23940.960937,32.37992710963662,,64.18726659224919,27.58615068511651,0.1352490703896286,0.15012192533795476,0.34527067755035845,0.32704965530482155,2.6235634787620774,1.0,1.0,3.207282142679453,94.09722222222221,2.0,154.0,9.0,0.0,0.0,4.830104696358451,,0.10789614853398284,2.118398466200582,0.0
2026-04-10T10:45:00+00:00,4384,resistance,23986.8,up,fake,1,23994.679687,29.118542851078764,,66.77013835102679,34.3908728368707,0.1213541636350945,0.2704395113544481,0.8236392508772783,0.04051329099925977,4.4423830494063825,1.0,1.0,2.3482942243953957,92.01388888888889,2.0,629.0,10.0,0.0,0.0,7.531913946438278,,1.2013884738338292,4.200496520388537,0.0
2026-04-10T13:05:00+00:00,4412,support,23957.8,down,fake,1,23901.8,27.302695067370678,20.0,33.23861543075053,26.201887070181833,0.11422861486319305,2.0509794068005274,0.36507936507936506,0.7325284170902933,0.25271618854515776,0.0,0.0,4.217146062536602,50.0,3.0,518.0,13.0,1.0,0.0,3.2827860318857978,0.0,-0.6839182319467135,-1.0318105788984437,2.0
2026-04-10T13:10:00+00:00,4413,resistance,23910.03,up,fake,1,23977.769531,32.13966770541567,,50.57731270228684,24.69147387788607,0.13403943875539984,2.107557498338998,0.8504664494471887,0.0,2.552757981197252,1.0,1.0,-0.8861469652095746,50.0,3.0,361.0,13.0,1.0,0.0,5.03396128681007,6.666666666666667,0.5475172863473964,3.240255672755625,1.0
2026-04-10T13:10:00+00:00,4413,resistance,23936.1,up,fake,1,23977.769531,32.13966770541567,,50.57731270228684,24.69147387788607,0.13403943875539984,1.2965140580150336,0.8504664494471887,0.0,2.552757981197252,1.0,1.0,-0.8861469652095746,50.0,2.0,194.0,13.0,1.0,0.0,5.03396128681007,6.666666666666667,0.5475172863473964,3.240255672755625,1.0
2026-04-10T13:45:00+00:00,4420,channel_lower,23903.49,down,fake,1,23891.429687,28.848086277918785,,35.930074708347775,20.247122536024758,0.12074658844554557,0.41807029750130503,0.5807295917716744,0.3885520825199585,-0.26187159896941287,0.0,1.0,2.8002290766106195,83.68055555555556,0.0,96.0,13.0,1.0,1.0,5.608338849285862,0.0,0.04013089501446668,-0.6170564116960969,0.0
2026-04-10T15:30:00+00:00,4441,support,23844.3,down,fake,1,23803.949218,28.404446762085772,,30.477461027973902,22.851536161391813,0.11932661468042026,1.4205797542186784,0.0,0.0,-3.3551087952515943,0.0,1.0,1.8997355749250915,88.19444444444444,2.0,150.0,15.0,1.0,0.0,4.973500529099004,,1.0038174990708735,2.4531219699745925,2.0
2026-04-10T15:35:00+00:00,4442,resistance,23986.8,up,fake,1,24016.8,41.79347070765091,20.0,62.03100144068256,23.108820794492363,0.17401764892762947,0.7176986498636901,0.575,0.07178154743321678,2.7846721375947823,1.0,1.0,3.222533513478819,92.01388888888889,2.0,687.0,15.0,1.0,0.0,4.08963216277484,0.0,-0.5854150541781321,3.2672902589952395,1.0
2026-04-10T15:35:00+00:00,4442,resistance,23910.03,up,fake,1,24016.8,41.79347070765091,20.0,62.03100144068256,23.108820794492363,0.17401764892762947,2.5546255158733406,0.575,0.07178154743321678,2.7846721375947823,1.0,1.0,3.222533513478819,92.01388888888889,3.0,390.0,15.0,1.0,0.0,4.08963216277484,0.0,-0.5854150541781321,3.2672902589952395,2.0
2026-04-10T15:35:00+00:00,4442,resistance,23936.1,up,fake,1,24016.8,41.79347070765091,20.0,62.03100144068256,23.108820794492363,0.17401764892762947,1.9309236259535487,0.575,0.07178154743321678,2.7846721375947823,1.0,1.0,3.222533513478819,92.01388888888889,2.0,223.0,15.0,1.0,0.0,4.08963216277484,0.0,-0.5854150541781321,3.2672902589952395,2.0
2026-04-10T16:30:00+00:00,4453,support,23957.8,down,true,0,23947.3,31.435873022558724,3.1114153688173887,49.71469422846271,17.276991196984213,0.13127105361589292,0.33392631805703776,0.7391304347826086,0.04771618713829209,1.225607849140109,1.0,0.0,1.2724316570211225,95.13888888888889,3.0,559.0,16.0,1.0,0.0,6.882289600951818,1.4764105197101947,-0.7556641628152497,-0.9695188087266408,3.0
2026-04-10T18:30:00+00:00,4477,support,23844.3,down,true,0,23819.7,32.20433741340662,1.3760061326178614,33.819444789557096,21.250061123387436,0.1352004324714695,0.76387225994475,0.5454545454545454,0.4036723324910923,-2.721451644366559,0.0,1.0,1.2451738871455549,82.29166666666666,2.0,186.0,18.0,1.0,0.0,4.5180249521118405,0.8949789191261021,0.7933419892531985,2.8184087929838113,3.0
2026-04-10T18:35:00+00:00,4478,support,23802.79,down,true,0,23768.7,33.65402759816329,1.2056872037914692,28.06712424893243,23.506507768819954,0.14158968558719362,1.0129556826613755,0.9705882352941176,0.04457118826638938,-4.078650579879036,0.0,1.0,3.3903817207966425,87.5,2.0,124.0,18.0,1.0,0.0,5.084086874919439,1.0635071090047394,0.9305203311713622,4.130205610305631,0.0
2026-04-13T01:05:00+00:00,4531,channel_lower,23607.5,down,true,0,23477.7,37.5084163649771,2.095774647887324,11.417679422436947,18.42803669453951,0.1597618862366292,3.4606612800220593,0.7864583333333225,0.15996409823376084,-9.809969267810052,0.0,1.0,8.05952448267763,98.61111111111111,0.0,96.0,1.0,0.0,1.0,1.4663375671428078,1.295774647887324,0.36859985039812754,-0.30215440777484925,0.0
2026-04-13T16:45:00+00:00,4719,resistance,23612.01,up,true,0,23701.0,33.266117096498135,2.333390440294672,64.05347298902694,37.531553276977824,0.14035744102146802,2.674954571399829,0.9095022624434389,0.07515154211560118,2.2841487020498903,1.0,1.0,3.877819573165021,90.625,2.0,93.0,16.0,1.0,0.0,7.4655424400626575,2.0135914567985833,-0.6318321280367343,5.762487007020702,0.0
2026-04-13T19:45:00+00:00,4755,resistance,23841.53,up,true,0,23864.3,32.86445934103923,1.2869642263816592,78.29652000181102,42.91796749155588,0.1377139046233882,0.692991926739456,0.5567010309278351,0.5172761195791645,6.16081341485478,1.0,1.0,2.966730685821679,68.40277777777779,2.0,614.0,19.0,1.0,0.0,4.801539509975988,1.4996123601727767,1.1878175443459624,7.350075275732006,4.0
2026-04-13T22:50:00+00:00,4792,resistance,23910.03,up,true,0,23919.8,14.70979873223731,2.3342175066313,66.36378623905168,39.39574752493573,0.0614963282813289,0.663956512556891,0.8923076923076924,0.2379366341926598,12.755419535039808,1.0,1.0,0.9177555890288307,6.944444444444445,3.0,740.0,22.0,0.0,0.0,3.671022356115323,1.07869142351901,1.9748260134856557,17.916809840765012,3.0
2026-04-13T22:55:00+00:00,4793,resistance,23936.1,up,fake,1,23944.8,15.837670251363217,2.47152226441146,73.0977839111386,40.177855848949065,0.06614242028065892,0.549323218751311,0.8032786885245902,0.22099209949763537,13.291976206933642,1.0,1.0,2.8097566936127927,28.819444444444443,2.0,574.0,22.0,0.0,0.0,3.441162692177465,1.2725808307444484,1.8588287619836794,18.08004693781375,3.0
2026-04-14T01:00:00+00:00,4806,support,23957.8,down,fake,1,23954.2,11.953901763397184,0.5731225296442688,68.38559607644487,44.43268694369848,0.04990315586994007,0.3009281324650801,0.22499999999990905,0.18404032788165633,16.2067712344369,1.0,0.0,-0.7863541282214842,50.0,3.0,912.0,1.0,0.0,0.0,7.043725276195669,0.6011198945981555,-2.8070180622321166,-0.0,4.0
2026-04-14T03:10:00+00:00,4832,support,23957.8,down,true,0,23955.5,8.857993305208437,2.432560340747752,44.0038931180234,37.9876838999763,0.03697686671206377,0.2593437649111898,0.48000000000008314,0.3048094423838802,16.709824294440004,1.0,0.0,3.352903866221861,12.847222222222221,3.0,938.0,3.0,0.0,0.0,4.16572904591166,1.8993532102855337,-2.1725830483661617,1.2113213196506316,5.0
2026-04-14T03:15:00+00:00,4833,channel_lower,23952.82,down,true,0,23936.0,9.903850926264978,0.6785878037597433,32.629081179692605,37.22905181436187,0.041376382546227344,1.6984284291870961,0.1875,0.403883300524245,12.847199676962651,0.0,0.0,4.14990091288647,23.61111111111111,0.0,96.0,3.0,0.0,1.0,3.766211777388511,2.329206785878038,-1.7651909291910455,2.9628100401242268,0.0
2026-04-14T03:30:00+00:00,4836,resistance,23936.1,up,fake,1,23938.5,9.84594040998694,1.4093686354378818,38.762747028991534,35.466922231780956,0.041130147711790375,0.2437552839104212,0.7692307692307693,0.10156470162928058,12.806167176681125,0.0,1.0,-3.107879869855838,46.875,2.0,617.0,3.0,0.0,0.0,6.764209128509939,0.8336727766463,1.0108446191604876,-2.2516502517434067,4.0
2026-04-14T04:05:00+00:00,4843,resistance,23910.03,up,fake,1,23914.0,9.701781231909838,1.0517090271691498,30.68238745197465,32.814552869488296,0.040569462373128036,0.40885962812933213,0.5,0.46383235123867617,9.68533697659059,0.0,1.0,-2.8860679632628736,59.02777777777778,3.0,791.0,4.0,0.0,0.0,8.41082663579451,0.6164183464796962,-0.46727058127438836,-4.256054038390892,4.0
2026-04-14T07:00:00+00:00,4878,resistance,23936.1,up,fake,1,23970.90039,14.518384262280621,,78.19517315134121,27.638507757448956,0.06056670390377698,2.396987803278718,0.5610149752065801,0.5461825404774439,8.795607264363369,1.0,1.0,6.329932335429363,52.43055555555556,2.0,659.0,7.0,0.0,0.0,3.0306402699585426,1.2527131782945735,-0.6059708573095278,2.5749542386769044,5.0
2026-04-14T09:45:00+00:00,4911,support,23957.8,down,true,0,23952.240234,19.40756172632414,,36.92291760615524,26.8125205940601,0.0810260816388075,0.2863333071764811,0.6161099310344468,0.3792014217848834,3.42076717702464,0.0,0.0,2.3702101607955344,54.861111111111114,3.0,1017.0,9.0,0.0,0.0,4.845988863837159,,-0.7695580796688136,-0.9647795719492397,6.0
2026-04-14T17:10:00+00:00,5000,resistance,24086.24,up,fake,1,24089.4,24.50161419561048,1.305229023104986,66.56241406303498,15.59423274260641,0.10171118498431043,0.12916083710784315,0.3958333333333333,0.0,4.991144744981513,1.0,1.0,1.6611150463422213,50.69444444444444,2.0,44.0,17.0,1.0,0.0,3.6422026437746804,1.1849750033779218,0.3767214342153697,3.5621308409120545,0.0
2026-04-14T18:05:00+00:00,5011,channel_lower,24030.34,down,true,0,24023.9,22.27342542664185,1.0646936749977443,40.38544585983034,12.717213938709712,0.09271361197241851,0.2891607509506549,0.7377049180327869,0.3367241390284337,2.1442966000676567,0.0,0.0,1.3468965561137347,44.09722222222222,0.0,96.0,18.0,1.0,1.0,3.4884620803346054,0.7476916598995459,-0.363812110614481,-0.38634029102850764,0.0
2026-04-15T02:35:00+00:00,5101,resistance,24086.52,up,true,0,24088.0,8.806312301891827,4.52987012987013,71.3372376828873,21.59185720519802,0.036558918556508745,0.168325225040975,0.6040816326530315,0.36337571168277594,7.4752443426219966,1.0,1.0,2.9297166754416324,11.458333333333332,4.0,145.0,2.0,0.0,0.0,4.303731085242064,0.8034632034632034,0.5609558469368737,2.3612244195807635,1.0
2026-04-15T05:30:00+00:00,5136,support,24025.45,down,fake,1,24015.4,9.847464162936857,0.7355516637478108,31.334490346893872,28.472492350789256,0.04100478927245375,1.020567308873761,0.8846153846153846,0.10154898595759551,-1.46768944453729,0.0,1.0,2.3864011700034946,34.375,2.0,91.0,5.0,0.0,0.0,4.214282917240214,0.6421482778750729,0.8375706439872175,4.584401273774853,0.0
2026-04-15T10:20:00+00:00,5194,support,24025.45,down,fake,1,24015.769531,20.118530264978315,,38.08888140767044,16.007656800616772,0.08377216578052575,0.4811717790762499,0.7198974753198738,0.010873060661930802,-1.1280352777072207,0.0,1.0,1.8779329057534773,88.88888888888889,2.0,149.0,10.0,0.0,0.0,3.4510317645251045,,0.0741554883153618,1.92098645086249,1.0
2026-04-15T13:20:00+00:00,5230,support,24025.45,down,fake,1,24014.0,20.204982352848827,11.101417666303162,35.18978867642237,18.107527905579218,0.08413834576850515,0.5666919079682502,0.6219512195121951,0.29695645832395506,-1.403204456732124,0.0,1.0,2.20049373088074,44.44444444444444,2.0,185.0,13.0,1.0,0.0,4.413747334326468,2.966194111232279,-0.058243571930119684,1.9541067695298018,2.0
2026-04-15T16:35:00+00:00,5269,resistance,24086.6,up,fake,1,24104.5,22.77612132250464,1.8449631756335039,66.72898066011754,17.13453581331134,0.09448908428925985,0.7859108265130562,0.4935064935064935,0.658584479227321,2.524424369938841,1.0,1.0,1.3830274063773742,52.43055555555556,6.0,313.0,16.0,1.0,0.0,4.5442329066685145,1.25161236632963,0.3010825804995596,2.181738743088023,2.0
2026-04-15T17:25:00+00:00,5279,resistance,24104.13,up,fake,1,24114.5,24.767152710687206,1.0096692111959287,60.55110845559155,21.515901695187623,0.10270647415740407,0.418893730788952,0.5111111111111111,0.28263240759925745,2.5486619752984323,1.0,1.0,0.4239486113988861,71.52777777777779,2.0,164.0,17.0,1.0,0.0,3.4319649494195543,1.0096692111959287,0.5696642929292356,2.1166659018750056,0.0
2026-04-15T21:50:00+00:00,5332,resistance,24086.6,up,true,0,24089.8,12.664178141436816,0.5793871866295265,64.89732376262324,20.869605964819762,0.05257070686114794,0.25268124765714006,0.2857142857142857,0.5527401716733759,2.5604851124175516,1.0,1.0,0.908073139177689,61.111111111111114,6.0,376.0,21.0,0.0,0.0,5.448438835066134,0.7335190343546889,0.4604598507984863,2.006905038546452,3.0
2026-04-16T01:30:00+00:00,5364,resistance,24086.6,up,true,0,24088.1,10.918968803515058,0.8142857142857143,59.18528120415615,21.24208245379256,0.04532930701680522,0.13737564053181697,0.725806451613244,0.13737561000422646,2.3365059980504306,1.0,1.0,0.7326699200225412,20.833333333333336,6.0,408.0,1.0,0.0,0.0,4.579187000140882,0.6,0.10782824193068596,0.753035865875063,4.0
2026-04-16T02:40:00+00:00,5378,resistance,24104.35,up,true,0,24105.1,6.505813488443257,0.44637321760694354,65.86634630642521,41.171006736829334,0.026989365273088508,0.11526152745203286,0.5199999999997089,0.1537086794412984,5.806109530731942,1.0,1.0,1.3372655111388487,18.75,3.0,263.0,2.0,0.0,0.0,7.408758349070136,0.6075635461872287,1.489561927731873,2.252274371245542,1.0
2026-04-16T03:15:00+00:00,5385,resistance,24130.0,up,fake,1,24132.1,8.908215221442749,2.004581901489118,77.17855005949849,47.17000684317798,0.03691438051989984,0.23518936710889268,0.23076923076923078,1.908350839916812,6.901058406371278,1.0,1.0,2.076734737556531,16.319444444444446,2.0,162.0,3.0,0.0,0.0,5.882210824214337,1.7067583046964492,1.333352464611308,3.6623073028380984,0.0
2026-04-16T03:45:00+00:00,5391,channel_upper,24143.85,up,fake,1,24147.1,9.55850465484153,0.7799145299145299,77.86376465512181,52.32801546206691,0.039584482835791995,0.34049406342503263,0.782608695652174,0.0,7.609337981185167,1.0,1.0,1.569283119237931,59.72222222222222,0.0,96.0,3.0,0.0,1.0,6.162051714874048,1.2250712250712252,1.6676085044104312,4.253133759559487,0.0
2026-04-16T06:00:00+00:00,5418,resistance,24130.0,up,fake,1,24145.6,10.358943276135617,1.2198581560283688,67.70281053997593,21.67143650164749,0.04290199156838355,1.5054737808950192,0.9555555555555556,0.0482674715626519,5.818105343245488,1.0,1.0,3.0891181800097214,11.11111111111111,2.0,195.0,6.0,0.0,0.0,3.9579326681374556,1.0543735224586288,0.4404762888212107,3.2314348230194807,1.0
2026-04-17T03:30:00+00:00,5437,resistance,24150.85,up,true,0,24152.5,13.209221284608077,1.5556865055981144,66.06542825790387,14.271432838731288,0.054690906881722706,0.12491273818874565,0.6666666666666666,0.3785234490564712,4.533092512268094,1.0,1.0,2.604241329508632,24.305555555555554,2.0,33.0,3.0,0.0,0.0,3.7549526146400836,1.2139068945197409,0.24153532167421948,1.7459105662750347,0.0
2026-04-17T06:30:00+00:00,5473,channel_lower,24133.18,down,fake,1,24124.5,9.68438463943149,0.9129511677282378,30.2616323775609,15.794012595300043,0.04014335898953964,0.8965515113831433,0.9666666666666667,0.0,1.3558314904673727,0.0,0.0,2.891252365792413,20.13888888888889,0.0,96.0,6.0,0.0,1.0,3.304288418048472,0.9412597310686482,-0.15044792177933058,2.6325977360098336,0.0
2026-04-17T06:40:00+00:00,5475,resistance,24130.0,up,fake,1,24135.0,9.42684185746899,1.2058212058212059,40.86004502739032,18.241058810220615,0.03905880197832604,0.5298823906804688,0.5789473684210527,0.1060800653198281,2.4638696685891874,0.0,1.0,-0.9547205878784528,32.98611111111111,2.0,252.0,6.0,0.0,0.0,4.932723037372006,1.0395010395010396,-0.09114295220132904,-1.5071055716930335,2.0
2026-04-17T07:45:00+00:00,5488,resistance,24150.85,up,fake,1,24154.5,10.103541955394624,1.2096774193548387,58.23513353519303,13.134652336840706,0.041828818461962056,0.3612594490244677,0.5882352941176471,0.1979503830270267,3.8732733010305402,1.0,1.0,0.9402643193783767,11.458333333333332,2.0,84.0,7.0,0.0,0.0,4.2559332350810735,1.2836021505376343,-0.0540225979194507,0.6890743042092871,1.0
2026-04-17T10:00:00+00:00,5515,resistance,24130.0,up,true,0,24154.1,15.48886374105035,4.252873563218391,55.38384984050584,16.37885039363823,0.06412519506440047,1.5556413887315246,0.47058823529411764,0.32281257577006317,2.0564459766466574,1.0,1.0,2.3242505455444546,73.26388888888889,2.0,292.0,10.0,0.0,0.0,4.254669748649526,1.0621541081311197,-0.2231538974109371,0.5763272033517755,3.0
2026-04-17T10:00:00+00:00,5515,resistance,24150.85,up,true,0,24154.1,15.48886374105035,4.252873563218391,55.38384984050584,16.37885039363823,0.06412519506440047,0.20982817425054104,0.47058823529411764,0.32281257577006317,2.0564459766466574,1.0,1.0,2.3242505455444546,73.26388888888889,2.0,111.0,10.0,0.0,0.0,4.254669748649526,1.0621541081311197,-0.2231538974109371,0.5763272033517755,2.0
2026-04-17T10:10:00+00:00,5517,resistance,24174.25,up,true,0,24193.1,17.61284679713015,2.280876494023904,67.84987809141629,17.38621116385807,0.07280111600882132,1.0702415241055738,0.891566265060241,0.0,3.9632253440959344,1.0,1.0,3.5201577981194,90.27777777777779,2.0,64.0,10.0,0.0,0.0,3.741587078968929,2.3256972111553784,-0.0869183358360739,2.5731154275374672,0.0
2026-04-17T12:50:00+00:00,5549,channel_upper,24347.11,up,fake,1,24356.1,19.55291763248183,1.4272890484739678,79.10487128331117,52.40228697451945,0.08027934534872919,0.4599100289496541,0.7272727272727273,0.28128794399784374,9.833662867870945,1.0,1.0,2.8384510712509687,90.97222222222221,0.0,96.0,12.0,0.0,1.0,7.3390581752164685,0.9176142030720128,2.2807104878038946,7.237704465096294,0.0
2026-04-17T15:45:00+00:00,5584,channel_upper,24419.65,up,true,0,24533.6,34.791638211058135,2.7398331595411887,86.20835900022712,27.769134795533223,0.14181220127114708,3.2753038705415296,0.9647058823529412,0.0,9.482900079445592,1.0,1.0,7.487431273563973,100.0,0.0,96.0,15.0,1.0,1.0,2.9317389247736094,1.3355926312130693,0.5501848695328447,8.103798667539433,0.0
2026-04-17T20:20:00+00:00,5639,channel_lower,24614.7,down,fake,1,24588.9,29.000967780469697,1.781874039938556,23.48201543190875,23.00205963022506,0.11794333126113692,0.8894637605565018,0.8579545454545454,0.43102009886780235,6.054540118615682,0.0,0.0,3.8446992819007972,78.81944444444444,0.0,96.0,20.0,1.0,1.0,3.7240136542178126,1.0762928827444955,-0.5819247528778256,-3.5093746953061977,0.0
2026-04-20T09:05:00+00:00,5767,support,24372.2,down,true,0,24362.4,16.195581877627895,1.6389160953313744,39.86207614613131,29.63295380551308,0.06647777672818726,0.605103297556521,0.8974358974358975,0.12349046888909511,-4.4914453415752895,0.0,1.0,-0.9940982745573503,64.58333333333334,2.0,84.0,9.0,0.0,0.0,6.483249616677493,1.3712047012732616,1.5169852014353566,2.814274476223093,0.0
2026-04-20T11:05:00+00:00,5791,support,24326.6,down,fake,1,24303.4,29.182949688617782,1.1147540983606556,34.7041290235742,20.19845527970022,0.12007764217606501,0.7949847512859805,0.6835443037974683,0.08566646026789658,-3.98779227845263,0.0,1.0,1.6447960371436143,74.30555555555556,2.0,17.0,11.0,0.0,0.0,4.50605581009136,1.0,0.3343718310692477,3.050683958334014,0.0
2026-04-20T11:05:00+00:00,5791,channel_lower,24306.65,down,fake,1,24303.4,29.182949688617782,1.1147540983606556,34.7041290235742,20.19845527970022,0.12007764217606501,0.11150277973626552,0.6835443037974683,0.08566646026789658,-3.98779227845263,0.0,1.0,1.6447960371436143,74.30555555555556,0.0,96.0,11.0,0.0,1.0,4.50605581009136,1.0,0.3343718310692477,3.050683958334014,0.0
2026-04-20T12:50:00+00:00,5812,support,24372.2,down,fake,1,24369.4,23.59290958616404,0.7103268860988575,56.349815023924634,17.34363884273064,0.09681366626246046,0.11867972408292195,0.1935483870967742,0.3814705416952054,-1.4916963392505809,1.0,1.0,-0.6781698519025873,60.416666666666664,2.0,129.0,12.0,0.0,0.0,4.111404727159435,0.7774384496474758,-0.06577817721973955,0.3652059677407703,1.0
2026-04-20T13:05:00+00:00,5815,channel_upper,24377.07,up,fake,1,24394.4,22.57384196822245,0.943327239488117,63.45976369996845,17.611478432662423,0.09253698376767802,0.7678968552499926,0.8333333333333334,0.11074765223922844,-0.41782991697492244,1.0,0.0,1.3732708877664328,60.416666666666664,0.0,96.0,13.0,1.0,1.0,4.297008906882064,0.7832622384724761,0.22344335208848734,0.7266474735821583,0.0
2026-04-20T15:25:00+00:00,5843,support,24372.2,down,true,0,24363.4,20.662931032288718,0.7574860930287608,46.82398979124696,12.059428832802613,0.08481136061587757,0.4258834328125106,0.8571428571428571,0.09679168927557859,-1.5689660630634872,0.0,1.0,1.1131044266691539,8.333333333333332,2.0,160.0,15.0,1.0,0.0,2.806958988991779,1.113346747149564,-0.1604992215243153,0.6432601976700867,2.0
2026-04-20T19:00:00+00:00,5886,channel_lower,24391.21,down,fake,1,24385.2,24.935201312271268,0.5842941726394516,38.60001957064016,23.757200156787224,0.1022554718118829,0.24092369498989705,0.7777777777777778,0.020051973663189834,-0.8153302578167634,0.0,1.0,1.4236901300864782,57.291666666666664,0.0,96.0,19.0,1.0,1.0,6.296319730241607,0.691284927807209,0.14758621925824938,0.3418386924051832,0.0
2026-04-21T03:25:00+00:00,5975,channel_lower,24492.76,down,true,0,24484.8,8.546905672591695,1.2407862407862407,38.89944569899094,21.644955203946544,0.03490698585486381,0.9315488797285156,0.75,0.4680056330593704,4.951957976546748,0.0,0.0,1.6731201381871639,6.944444444444445,0.0,96.0,3.0,0.0,1.0,2.819733939182962,1.6748566748566749,-0.8286811600610566,2.47541208448503,0.0
2026-04-21T10:40:00+00:00,6062,channel_upper,24569.95,up,true,0,24571.9,18.454387626200234,1.4351718163442102,66.77945188189409,17.812634160380767,0.0751036249789403,0.10593087683877361,0.6,0.37931358882165755,4.547479158550262,1.0,1.0,1.5714420108325813,64.58333333333334,0.0,96.0,10.0,0.0,1.0,3.9556988548544285,1.4178457984406583,0.4372838119053065,2.6898274146939807,0.0
2026-04-21T14:10:00+00:00,6104,channel_lower,24554.5,down,fake,1,24548.9,20.192651178999636,1.6331839861251627,41.82243658008027,15.60816508885023,0.08225481051696669,0.27718902882940794,0.6226415094339622,0.22285335195013925,1.6087031295699712,0.0,0.0,1.2875971446008045,47.56944444444444,0.0,96.0,14.0,1.0,1.0,3.318038795702073,1.0502481090716385,-0.21282363589252307,-0.11450197565794785,0.0
2026-04-21T17:40:00+00:00,6146,channel_lower,24372.25,down,true,0,24364.9,24.346964891513927,1.0934799685781618,24.643175752742366,36.682201589942316,0.09992638956660577,0.3018512068551974,0.4925373134328358,0.18482796603401122,-5.512751177995824,0.0,1.0,2.8956381345328426,87.5,0.0,96.0,17.0,1.0,1.0,4.251043218782258,0.9955485729248493,1.2646844908822965,6.028961347504222,0.0
2026-04-21T20:15:00+00:00,6177,channel_lower,24143.86,down,fake,1,24134.2,28.427359550132866,1.103850407157937,23.204404731777856,43.20519120740177,0.11778869633189774,0.3398598393223247,0.6707317073170732,0.07035475793919285,-10.51878879460211,0.0,1.0,3.7463908602620193,94.44444444444444,0.0,96.0,20.0,1.0,1.0,6.479673206199688,1.1655105391910459,2.1050050240878195,11.01324190036858,0.0
2026-04-23T20:35:00+00:00,6284,support,24025.45,down,true,0,23972.0,46.97726455380803,1.5030962657158942,27.732416879372153,30.333356150005248,0.19596723074340075,1.137784426310706,0.7813953488372093,0.2447992685233478,-5.911335638365413,0.0,1.0,2.4054188994033305,100.0,2.0,65.0,20.0,1.0,0.0,5.492018372089021,1.5112278726465254,0.5827697021988352,3.5399553085710056,0.0
2026-04-24T12:20:00+00:00,6461,support,24025.45,down,fake,1,24013.1,33.58268666135428,1.05811076030378,29.616064822558073,21.33601019497655,0.13985152546466006,0.3677490167638704,0.34545454545454546,0.7742084563448535,-3.8983635223607256,0.0,1.0,0.7146539597029417,84.02777777777779,2.0,242.0,12.0,0.0,0.0,5.52367956353732,0.9198737093608669,1.1637567923290177,3.4113399866509155,1.0
2026-04-24T14:20:00+00:00,6485,resistance,24258.6,up,true,0,24282.6,42.406367736057696,1.8653236336504382,77.33811930155265,29.055975251414253,0.17463684999158943,0.5659527396776557,0.7115384615384616,0.27118568776221,3.5321519927055682,1.0,1.0,4.645528738187424,94.44444444444444,2.0,291.0,14.0,1.0,0.0,5.918922402462149,1.7658397065224147,0.46880958596351313,3.8014686663510737,0.0
2026-04-24T14:20:00+00:00,6485,resistance,24221.05,up,true,0,24282.6,42.406367736057696,1.8653236336504382,77.33811930155265,29.055975251414253,0.17463684999158943,1.4514329636316374,0.7115384615384616,0.27118568776221,3.5321519927055682,1.0,1.0,4.645528738187424,94.44444444444444,2.0,124.0,14.0,1.0,0.0,5.918922402462149,1.7658397065224147,0.46880958596351313,3.8014686663510737,0.0
2026-04-24T20:50:00+00:00,6563,resistance,24221.05,up,fake,1,24236.0,22.150031334376123,0.8713537771129395,65.15516971729548,29.289260313284473,0.09139309842538423,0.6749426117875877,0.4305555555555556,0.8577865969206383,3.585979507306155,1.0,1.0,1.692999862343365,11.458333333333332,2.0,202.0,20.0,1.0,0.0,2.957106426226411,0.7591623036649215,0.7566599302069296,4.12674736999332,2.0
2026-04-24T22:55:00+00:00,6588,resistance,24257.4,up,fake,1,24263.5,15.246078167438132,1.7683239364428498,72.2050801962422,27.283290250587207,0.0628354448757934,0.4001028942007054,0.922077922077922,0.16397659598383696,6.058550110888493,1.0,1.0,2.328467662970485,11.11111111111111,3.0,394.0,22.0,0.0,0.0,3.1483506428896697,0.9482316760635572,0.8818165832423998,7.543970845241058,1.0
2026-04-27T04:00:00+00:00,6624,resistance,24221.05,up,fake,1,24228.1,18.7126302517313,2.531842994541201,70.08888274663519,16.10327310308824,0.07723523615855682,0.376750884571505,0.8333333333333334,0.48095857604877945,3.1895846476828513,1.0,1.0,4.595826393355003,32.63888888888889,2.0,263.0,4.0,0.0,0.0,2.859031535401078,0.7919591023308207,-0.12982010716550463,3.3856602543505407,3.0
2026-04-27T04:55:00+00:00,6635,resistance,24257.4,up,fake,1,24264.1,19.968771023032083,1.239819004524887,72.1650532780183,34.51339036155515,0.08229759613186595,0.33552390341262933,0.35135135135135137,0.05007819453919297,4.466656777450439,1.0,1.0,2.3035969488028765,83.33333333333334,3.0,441.0,4.0,0.0,0.0,6.234735220129524,1.052790346907994,1.1382766163962579,4.003129246276226,2.0
2026-04-27T10:00:00+00:00,6696,resistance,24221.05,up,fake,1,24227.2,21.218773264100456,3.4409061765334474,64.12285585098176,23.275571626971033,0.08758244148766864,0.2898376792784009,0.6375,0.3770246234514892,1.8396216479772274,1.0,1.0,2.8748127538176047,36.45833333333333,2.0,335.0,10.0,0.0,0.0,2.9926329486461953,0.7522974994656978,-0.29601321513728024,1.611839239227185,4.0
2026-04-27T12:35:00+00:00,6727,resistance,24257.4,up,true,0,24262.2,21.664649543501277,0.8652742712875833,64.8914649401108,22.169309813080215,0.08929383791866062,0.22155908824487594,0.45652173913043476,0.046158143384321164,3.150408058513158,1.0,1.0,1.2924280147609926,76.04166666666666,3.0,533.0,12.0,0.0,0.0,5.654372564579343,0.7734679825568052,0.8081211613782556,2.991485825549451,3.0
2026-04-27T12:40:00+00:00,6728,resistance,24268.3,up,true,0,24273.7,21.1886031475369,0.6753497346840328,67.42383918827129,23.39319041407381,0.08729037249177875,0.25485398741960896,0.8,0.0,3.7264811123813772,1.0,1.0,1.3214651199531717,73.61111111111111,2.0,128.0,12.0,0.0,0.0,6.040983405500214,0.8594629361633702,0.8577265725959494,3.5737158698846248,0.0
2026-04-27T15:40:00+00:00,6764,channel_lower,24271.15,down,true,0,24266.2,21.211318419912498,1.4599781367666709,32.451978161258964,34.438728982699246,0.08741096018293963,0.2334448833928813,0.4788732394366197,0.730741941314176,1.6592790602275433,0.0,0.0,2.3572320687554065,71.52777777777779,0.0,96.0,15.0,1.0,1.0,5.445206078824989,1.310984250374509,-0.4467482023175287,-1.6650812902849241,0.0
2026-04-27T17:45:00+00:00,6789,support,24140.87,down,true,0,24131.7,30.680896712740445,0.8702490170380078,36.10054498550715,28.98060052606809,0.12713939222160248,0.2987744052103067,0.6170212765957447,0.1466710716486766,-2.8426660467535725,0.0,1.0,0.61927785807219,56.94444444444444,3.0,187.0,17.0,1.0,0.0,4.8890357216225535,1.0109217999126257,1.2365824399696224,2.7451050832006403,0.0
2026-04-27T18:00:00+00:00,6792,support,24083.6,down,fake,1,24054.7,31.826322914683224,0.973901973265436,25.404502415505036,31.507195415516957,0.1323081265394423,0.9080533769945716,0.8041237113402062,0.17281292641766507,-5.036623659585849,0.0,1.0,2.6864554924927933,88.19444444444444,2.0,278.0,18.0,1.0,0.0,5.121546728378074,0.8487163165711861,1.3550540132922977,4.945999469984889,0.0
2026-04-27T20:15:00+00:00,6819,support,24140.87,down,fake,1,24120.1,17.642593799136915,0.8763220375566587,43.82275424534113,12.883014767650847,0.07314477883233036,1.1770755991494843,0.6285714285714286,0.5951505838395297,-4.123457402393856,0.0,1.0,1.0202581437249079,26.041666666666668,3.0,217.0,20.0,1.0,0.0,5.917497233604342,0.6173105978847399,0.5377393819285907,4.508108315478559,1.0
2026-04-27T22:30:00+00:00,6846,support,24140.87,down,true,0,24137.6,11.146600601637035,1.4406779661016949,48.567294797409446,7.504697280736482,0.04617940723865271,0.29306393791397767,0.6153846153846154,0.04485672519086833,-3.833924944231494,0.0,1.0,-0.08971345038173666,2.430555555555556,3.0,244.0,22.0,0.0,0.0,3.857678366414676,1.0536723163841808,0.16373677247382726,5.3121471191421366,2.0
2026-04-27T22:55:00+00:00,6851,support,24111.3,down,true,0,24090.6,14.067590470458033,1.963898916967509,27.514708111079045,10.15605269172002,0.058394520976887396,1.4714673449920772,0.8333333333333334,0.319884205433049,-6.169008153478262,0.0,1.0,3.8386104651965884,34.375,2.0,302.0,22.0,0.0,0.0,2.9145005383900022,1.2394705174488567,0.3786689544772491,7.485530207568309,0.0
2026-04-27T23:05:00+00:00,6853,support,24083.6,down,fake,1,24076.2,14.717973415853969,0.8186309103740297,23.756901370244066,14.564097701245817,0.06113079894607109,0.5027866127293485,0.9102564102563087,0.04756089579878563,-6.74361890282695,0.0,1.0,3.7641051817855447,47.56944444444444,2.0,339.0,23.0,0.0,0.0,5.618980117936207,1.5431663138085157,0.620060920656691,8.101943544520418,1.0
2026-04-28T02:45:00+00:00,6885,support,24140.87,down,fake,1,24137.1,6.309106526955209,1.3941299790356394,56.77488190486106,27.937219906003797,0.026138626955828206,0.5970206162437179,0.681159420290176,0.19020125827170217,-3.771175719508876,1.0,1.0,0.34870230683241504,0.3472222222222222,3.0,283.0,2.0,0.0,0.0,10.255017841840928,0.6743535988819007,-0.7467741982290722,-0.6820948532923868,3.0
2026-04-28T05:25:00+00:00,6917,support,24140.87,down,true,0,24139.6,12.640797610473463,1.0040160642570282,52.50711721109094,13.447983000191599,0.05236539797872982,0.10020464734128584,0.5217391304347826,0.43509912661231165,-1.1508823899881189,1.0,1.0,-1.2261884477256055,22.916666666666664,3.0,315.0,5.0,0.0,0.0,3.8763376734551405,0.7630522088353413,-0.14327111204306459,-0.3140998628532265,4.0
2026-04-28T07:40:00+00:00,6944,resistance,24154.85,up,fake,1,24164.1,10.317907797417083,0.8629441624365483,66.15147266242829,15.609205635264301,0.04269932584874704,0.8964995793348322,0.65,0.4845943672080174,1.3249350263154094,1.0,1.0,2.0837557789944747,20.48611111111111,2.0,125.0,7.0,0.0,0.0,4.1190521212681475,1.1235194585448394,0.49081639847275915,2.718502512362448,0.0
2026-04-28T08:05:00+00:00,6949,support,24140.87,down,true,0,24132.1,10.8680896349482,1.3773848301535598,41.83610375161748,17.08302122560651,0.045035822141248384,0.8066428379905284,0.7352941176470589,0.2760374730764998,-1.6879439637679932,0.0,1.0,1.7022310839717485,28.47222222222222,3.0,347.0,8.0,0.0,0.0,5.106693251915246,1.0671630215604158,-0.5895977677620029,0.43557748025563053,5.0
2026-04-28T08:15:00+00:00,6951,support,24111.82,down,true,0,24108.6,12.151567083195133,1.610968294772922,31.797420518908893,20.592058127287242,0.05040345388448576,0.2653978682682434,0.25,0.5760573884894705,-3.378621296267418,0.0,1.0,4.608459107915764,40.625,4.0,402.0,8.0,0.0,0.0,5.390251278008616,1.5652670665524135,-0.26789440594650993,2.2524665396741472,1.0
2026-04-28T08:35:00+00:00,6955,support,24083.6,down,fake,1,24069.1,14.560368270073129,2.229605020302695,23.66974674808104,27.909306456254033,0.0604940287342407,0.9958539324724905,0.5671641791044776,0.9958539324724905,-5.387740809572932,0.0,1.0,4.326813637639097,66.31944444444444,2.0,441.0,8.0,0.0,0.0,5.631725687085809,1.1763258274886184,0.3766135735704219,4.401605850298679,2.0
2026-04-28T10:10:00+00:00,6974,support,24025.45,down,fake,1,24010.2,23.226771687102392,2.3053711526855767,28.64066157804261,39.4056835599336,0.09673710209453645,0.6565699359962358,0.4358974358974359,0.36595701350609866,-5.370725181013471,0.0,1.0,2.7554410428694487,55.90277777777778,2.0,755.0,10.0,0.0,0.0,4.968404630423881,1.9623818145242409,0.8802311772770333,4.327299797824361,2.0
2026-04-28T11:00:00+00:00,6984,support,24083.6,down,fake,1,24048.7,30.3900019867402,1.5838160283565315,44.041808496543354,30.784533813237154,0.126368585356964,1.148404005212814,0.8653846153846154,0.3455083683305244,-2.615482934738496,0.0,1.0,-0.016452779444310683,89.93055555555556,2.0,470.0,11.0,0.0,0.0,4.261269876076467,1.1515518284775654,0.5902895104257488,1.5832058120606711,3.0
2026-04-28T11:00:00+00:00,6984,support,24111.82,down,fake,1,24048.7,30.3900019867402,1.5838160283565315,44.041808496543354,30.784533813237154,0.126368585356964,2.077163404844104,0.8653846153846154,0.3455083683305244,-2.615482934738496,0.0,1.0,-0.016452779444310683,89.93055555555556,4.0,435.0,11.0,0.0,0.0,4.261269876076467,1.1515518284775654,0.5902895104257488,1.5832058120606711,2.0
2026-04-28T11:30:00+00:00,6990,support,24140.87,down,true,0,24135.7,31.947746394945916,0.9335752162991906,61.14493508106142,25.304797442486507,0.13236718386019844,0.16172241393168307,0.24324324324324326,0.14085500568240059,0.2989392810317417,1.0,0.0,-2.7231967765264113,94.44444444444444,3.0,388.0,11.0,0.0,0.0,4.710817412266953,1.0028839892082984,-0.05439900298425354,-1.272368478982824,6.0
2026-04-28T13:10:00+00:00,7010,support,24111.82,down,fake,1,24109.2,25.836430382167208,0.968283417263009,48.69184927914338,13.344330185532542,0.10716419616647259,0.10160072274566949,0.3333333333333333,0.07741007447299832,-0.6413790237773159,1.0,1.0,0.7160431888752344,35.41666666666667,4.0,461.0,13.0,1.0,0.0,4.992949803508392,0.996554465942221,-0.33232980698957254,-0.2425268196881195,3.0
2026-04-28T14:00:00+00:00,7020,support,24140.87,down,true,0,24131.2,24.32677860909654,1.1048478015783538,53.82234271435581,12.078051149111857,0.10081048024589137,0.3973673136916374,0.3389830508474576,0.04110696348533664,0.2298960709553886,1.0,0.0,-0.12332089045600993,34.375,3.0,418.0,14.0,1.0,0.0,2.630845663061545,0.8411624702492797,-0.22833518231625832,-1.068211808048355,7.0
2026-04-28T14:30:00+00:00,7026,support,24025.45,down,true,0,24005.7,27.52077989020767,1.4004494382022472,27.097448156507113,17.747537506850485,0.11464268857066309,0.7176395465096308,0.6323529411764706,0.2725213467758092,-4.202063238838501,0.0,1.0,4.56019053604854,89.23611111111111,2.0,807.0,14.0,1.0,0.0,5.050728960244997,1.1757303370786516,0.3530622430664619,3.476415121806914,3.0
2026-04-28T14:35:00+00:00,7027,support,23989.4,down,fake,1,23982.7,27.983581326621408,1.295575221238938,24.215413158751502,20.08744468773077,0.11668236406501939,0.23942610925310218,0.7058823529411765,0.19654382102864462,-4.905180399112114,0.0,1.0,4.270361202349642,95.83333333333334,2.0,554.0,14.0,1.0,0.0,5.771241290204747,1.2707964601769912,0.5522221780140615,4.184484334232171,0.0
2026-04-28T17:00:00+00:00,7056,support,24025.45,down,true,0,24016.2,34.01958151227276,1.0654633620689655,49.23242793711354,23.09789340660084,0.14165264076861767,0.2719022277408971,0.3684210526315789,0.5144096200503459,-2.133778894566696,0.0,1.0,0.8083579743648293,85.76388888888889,2.0,837.0,17.0,1.0,0.0,5.417468170015907,1.0695043103448276,0.15099114162363705,1.52777051342948,4.0
2026-04-28T17:35:00+00:00,7063,support,23989.4,down,fake,1,23976.2,32.44236331766121,1.1321708364922922,39.76475801505188,16.988378004627616,0.13531069693137865,0.40687541381471476,0.7368421052631579,0.2928270023666346,-3.310001459062897,0.0,1.0,1.818609804171731,47.22222222222222,2.0,590.0,17.0,1.0,0.0,5.2708860425994235,1.0643585207648893,0.16009237516489286,2.7102564303389096,1.0
2026-04-28T19:10:00+00:00,7082,support,24025.45,down,true,0,24017.0,29.20445101813593,0.5188648185948509,49.510156899054486,12.793838130114622,0.12159907989397481,0.28933945701472996,0.53125,0.32529288066741985,-1.8878516428691139,0.0,1.0,-0.8217925406334817,62.5,2.0,863.0,19.0,1.0,0.0,3.8350318562895818,0.7313272316235377,-0.015930138418550024,1.35276329339801,5.0
2026-04-28T20:00:00+00:00,7092,support,23989.4,down,fake,1,23987.0,22.882357038606308,0.6139180171591992,41.78183439205633,14.655349517482989,0.09539482652522745,0.10488429998501726,0.7380952380952381,0.08740358332079472,-3.4249641160662145,0.0,1.0,0.45886881243417227,42.36111111111111,2.0,619.0,20.0,1.0,0.0,3.854498024447079,0.7804258023514458,0.30267361997496645,2.9371492810898245,2.0
2026-04-28T22:30:00+00:00,7122,support,23989.4,down,fake,1,23977.9,12.544623250243413,1.2292917166866746,39.82471588361058,9.357071128196594,0.0523174391845967,0.9167274114650559,0.9428571428571428,0.03985771354195895,-5.449004690261157,0.0,1.0,1.1558736927168096,6.944444444444445,2.0,649.0,22.0,0.0,0.0,2.7581537771034434,1.002000800320128,0.29660705628071304,5.7656997558444685,3.0
2026-04-29T04:00:00+00:00,7176,support,24025.45,down,true,0,24023.9,9.178973953683546,3.5394456289978677,45.21478210193334,49.218423829777706,0.038207676329336804,0.1688641898125502,0.8148148148148148,0.4902508736495694,-1.1312868122273936,1.0,1.0,2.995977561191813,52.77777777777778,2.0,957.0,4.0,0.0,0.0,5.632437815040687,0.7924662402274343,-1.465184254537781,0.42390451989978156,6.0
2026-04-29T04:25:00+00:00,7181,channel_lower,24005.58,down,fake,1,23994.4,13.201407479370623,0.9530246704967895,36.29106803188562,41.02380757805586,0.055018702194556325,0.8470672039093251,0.8695652173913043,0.1136242481980802,-2.9148479661081192,0.0,1.0,3.938973937533447,63.19444444444444,0.0,96.0,4.0,0.0,1.0,4.991891970835492,1.6154106116931397,-0.33939367975516777,2.0894318241997114,0.0
2026-04-29T06:40:00+00:00,7208,support,24025.45,down,fake,1,24024.4,9.843175991117544,0.37414965986394555,48.003299935073684,17.262551889216812,0.04097157885781765,0.10667288697741355,0.8125,0.0,-0.703559180306608,1.0,1.0,0.8127458055427617,8.333333333333332,2.0,989.0,6.0,0.0,0.0,3.9621358020209634,0.6198034769463341,-0.2635224082941589,-0.17157951645769853,7.0
2026-04-29T07:45:00+00:00,7221,resistance,24057.0,up,fake,1,24060.9,8.650413714462903,1.0427528675703857,70.88460670271826,21.982579918514226,0.035952161866193294,0.4508454888673036,0.96,0.0,3.3374587291366273,1.0,1.0,3.4680422220548874,33.33333333333333,2.0,138.0,7.0,0.0,0.0,5.086461925680502,1.2165450121654502,0.6589342450413019,4.292530217664137,0.0
2026-04-29T09:30:00+00:00,7242,support,24085.63,down,true,0,24084.0,12.42153309293641,1.567524115755627,56.96991342354863,39.47442993059025,0.05157587233406582,0.13149208886785474,0.47058823529411764,0.6037902039857646,3.4625531220803976,1.0,0.0,2.21389741461447,56.59722222222222,3.0,728.0,9.0,0.0,0.0,6.891258861490742,1.5809217577706323,-1.6345827190334474,-3.6439816514613197,4.0
2026-04-29T10:00:00+00:00,7248,resistance,24057.0,up,fake,1,24085.0,16.77125970667825,4.133333333333334,55.337657870988004,29.650923791655885,0.0696336296727351,1.6695227722727655,0.7207207207207207,0.20869034653409568,2.5227959368480604,1.0,1.0,0.05962581329545591,51.041666666666664,2.0,165.0,10.0,0.0,0.0,4.650813437045561,1.3662551440329218,0.659637017445359,2.4760508682163063,1.0
2026-04-29T10:40:00+00:00,7256,support,24025.45,down,true,0,24016.5,22.738884080467734,1.6341795104261108,34.42705980243073,19.588309416664632,0.09468025765814225,0.3935989104974859,0.6428571428571429,0.021988765949578434,-1.1743844254322229,0.0,1.0,1.473247318621755,70.13888888888889,2.0,1037.0,10.0,0.0,0.0,4.265820594218216,1.5178301601692354,0.12098650831474367,1.3111708145462702,8.0
2026-04-29T11:05:00+00:00,7261,support,23989.73,down,true,0,23965.0,25.178361298285513,1.4070977497109314,25.621619062485635,21.715544431279945,0.10506305569908414,0.9823249829615162,0.7195121951219512,0.3773081134016013,-3.0053189309531727,0.0,1.0,2.720590080843125,85.76388888888889,3.0,788.0,11.0,0.0,0.0,5.401463518170293,1.1118028995819622,0.6255499867868319,2.9068312724899057,4.0
2026-04-29T11:05:00+00:00,7261,support,23974.7,down,true,0,23965.0,25.178361298285513,1.4070977497109314,25.621619062485635,21.715544431279945,0.10506305569908414,0.3852514421048218,0.7195121951219512,0.3773081134016013,-3.0053189309531727,0.0,1.0,2.720590080843125,85.76388888888889,2.0,154.0,11.0,0.0,0.0,5.401463518170293,1.1118028995819622,0.6255499867868319,2.9068312724899057,0.0
2026-04-29T14:05:00+00:00,7297,support,23974.7,down,fake,1,23966.5,23.027240307446128,1.0750237416904083,43.93944689290131,14.859739129729613,0.09608094760372239,0.3560999881235947,0.6379310344827587,0.43426827819946723,-2.3140678783926525,0.0,1.0,1.3809731246742742,74.30555555555556,2.0,190.0,14.0,1.0,0.0,4.972371785383899,0.8603988603988604,0.01605786903406895,1.5816805094693147,1.0
2026-04-29T15:30:00+00:00,7314,support,23989.73,down,fake,1,23970.5,24.272649417277055,1.2937321636190677,43.32225989307395,16.806626593269915,0.10126050527638995,0.7923870609545861,0.7157894736842105,0.5355822422395602,-1.8399746722346308,0.0,1.0,1.3183562885896867,43.05555555555556,3.0,841.0,15.0,1.0,0.0,2.7809077962438704,0.9111087622872847,-0.09209084179616375,1.2470614715413528,5.0
2026-04-29T16:00:00+00:00,7320,resistance,24022.25,up,fake,1,24028.0,24.2311285398141,1.129978388391479,61.82233049321674,14.058119496156547,0.10084538263614991,0.23729806849698273,0.96875,0.04126922930382309,0.5827994841590314,1.0,1.0,2.3729806849698276,43.05555555555556,2.0,166.0,16.0,1.0,0.0,2.7856729780080585,1.129978388391479,0.08745488728237046,1.1491720987357354,0.0
2026-04-29T16:05:00+00:00,7321,support,24025.45,down,true,0,24022.5,23.78604792982738,0.949726437493548,59.69403564377188,14.71095582223266,0.09901570581674422,0.12402228435357132,0.25,0.021020726161617074,0.35887001053522405,1.0,0.0,-1.5765544621212804,50.0,2.0,1102.0,16.0,1.0,0.0,3.0480052934344757,1.1486184233164722,-0.10538176398554007,-0.9294318152921553,9.0
2026-04-29T16:20:00+00:00,7324,support,23974.7,down,true,0,23961.5,25.93966738404911,1.5855746952755112,41.05801102251087,14.964696621703649,0.10825560747052192,0.5088731402977706,0.5980392156862745,0.5011629412023223,-1.9972715075234515,0.0,1.0,0.9444993891889919,63.888888888888886,2.0,217.0,16.0,1.0,0.0,3.199732624599442,0.9348242167825123,-0.03932602861399529,1.49006708961563,2.0
2026-04-29T17:40:00+00:00,7340,support,23989.73,down,true,0,23986.2,27.772361534373754,0.8702612238958015,52.674557558013696,13.819278179408363,0.1157847492907328,0.1272248068988765,0.43478260869565216,0.2160421249224277,-0.7041528951588044,1.0,1.0,-0.04320842498451174,91.31944444444444,3.0,867.0,17.0,1.0,0.0,6.121193539468784,0.9386596812922943,0.1534664400839289,0.23674108023290155,6.0
2026-04-30T01:05:00+00:00,7417,channel_upper,23852.39,up,true,0,23859.3,27.85829809247434,0.7169344870210136,57.13390582797533,12.99556730666838,0.11676075196034393,0.24788580250842746,0.8476562500000766,0.061023110398117496,-2.387497281853007,1.0,0.0,1.3712251865924323,73.95833333333334,0.0,96.0,1.0,0.0,1.0,4.587502064044856,0.7894519983518747,-0.7284846965097403,0.6134403551123494,0.0
2026-04-30T03:15:00+00:00,7443,resistance,23894.25,up,fake,1,23901.5,15.341149109141481,0.8997668997668997,66.92842645821943,19.164679721507778,0.06418488006669658,0.47258519869804744,0.1619433198380519,0.9451703973960949,-0.6810383340214702,1.0,0.0,2.4118141174934835,23.61111111111111,2.0,51.0,3.0,0.0,0.0,2.8876585244586037,2.06993006993007,0.4527398641097797,2.3899461352114963,0.0
2026-04-30T05:45:00+00:00,7473,support,23841.3,down,true,0,23817.0,22.553923133275095,1.828819068255688,25.359541970106932,31.460100124765106,0.09469674238264725,1.0774178778745631,0.8602150537634409,0.17735273709869884,-4.0721132650263945,0.0,1.0,4.101282045407411,79.16666666666666,2.0,1175.0,5.0,0.0,0.0,6.340360351278483,2.1105092091007585,-0.1390145789446037,2.715162532057099,0.0
2026-04-30T10:05:00+00:00,7525,channel_upper,23757.9,up,true,0,23774.6,34.65439610289477,2.08634772462077,63.61046473894925,34.817123742638294,0.14576226772645923,0.4818266943760166,0.6166666666666667,0.18756639073150774,-1.703205489159499,1.0,0.0,1.5871002292666039,87.15277777777779,0.0,96.0,10.0,0.0,1.0,3.794612366337426,1.5931544146246597,-0.651475007630609,-0.4364528313174747,0.0
2026-04-30T11:25:00+00:00,7541,resistance,23894.25,up,fake,1,23916.6,31.531837073897925,0.9545753785385122,75.70435761622005,42.28398754748631,0.13184080125894954,0.7088074173293217,0.9661016949152542,0.03171397840399856,2.4812449637762883,1.0,1.0,1.3954150497759368,95.83333333333334,2.0,149.0,11.0,0.0,0.0,8.841857179034776,1.0471801623875356,1.6580261445476585,3.3569384570976255,1.0
2026-05-04T08:15:00+00:00,7752,channel_upper,24371.98,up,fake,1,24380.0,12.234982908212404,2.2802547770700636,71.73415050223534,16.996738170641613,0.0501845074167859,0.6558650276470392,0.7701149425287356,0.6947292091674769,12.361503974716616,1.0,1.0,4.372707375348237,30.555555555555557,0.0,96.0,8.0,0.0,1.0,3.351046773631359,1.1719745222929936,0.2541632481685161,4.302194457371443,0.0
2026-05-04T13:00:00+00:00,7809,support,24254.37,down,true,0,24233.1,37.029999454550904,2.2498173849525203,31.330939380842224,20.981642027368608,0.15280752134291903,0.5743091271921809,0.6355932203389913,1.7607345654979252,-1.172006024476825,0.0,1.0,3.4296516843289337,78.47222222222221,3.0,154.0,13.0,1.0,0.0,3.0650824107979053,0.6290073857641425,-0.20644903538828394,2.5995858833129946,0.0
2026-05-04T13:00:00+00:00,7809,support,24284.05,down,true,0,24233.1,37.029999454550904,2.2498173849525203,31.330939380842224,20.981642027368608,0.15280752134291903,1.3759114434374935,0.6355932203389913,1.7607345654979252,-1.172006024476825,0.0,1.0,3.4296516843289337,78.47222222222221,2.0,103.0,13.0,1.0,0.0,3.0650824107979053,0.6290073857641425,-0.20644903538828394,2.5995858833129946,0.0
2026-05-04T15:25:00+00:00,7838,support,24284.05,down,true,0,24272.1,37.09924702457363,0.8318201469952443,51.501893141775135,11.665284132738565,0.15284728978775478,0.3221089633459499,0.7045454545454546,0.0,0.10734546635131738,0.0,0.0,-0.5390944993237327,47.56944444444444,2.0,132.0,15.0,1.0,0.0,5.121397743575461,1.035307681222078,0.32407583576019156,0.4626766284354767,1.0
2026-05-04T15:30:00+00:00,7839,support,24254.37,down,fake,1,24241.6,36.699300808532655,0.9129640900791236,45.55466070800588,10.962274998697756,0.15138976308714217,0.34787220424923704,0.9508196721311475,0.02724847552865362,-0.7153735109384828,0.0,1.0,0.36785441963682386,47.22222222222222,3.0,184.0,15.0,1.0,0.0,4.455125748934867,1.0335333159435414,0.3254459100238401,1.2879277929549289,1.0
2026-05-04T18:20:00+00:00,7873,channel_lower,24051.18,down,true,0,23999.6,44.47122408370938,1.6062614581864334,24.16178450374389,30.00226497286649,0.1852998553463782,1.1597550831663406,0.6443298969072165,0.697079980115858,-5.44928839425206,0.0,1.0,3.8901560180659174,88.54166666666666,0.0,96.0,18.0,1.0,1.0,3.9801018219518345,1.0468669205095662,0.8656511350268169,5.712709276088105,0.0
2026-05-04T19:15:00+00:00,7884,resistance,23894.25,up,fake,1,23932.0,51.84438186620678,1.144971156257838,33.347406024701954,50.418866773822835,0.21663204858017207,0.7281406131414639,0.5752688172043011,0.559366298837151,-5.4057295348217345,0.0,0.0,-0.501500819647101,96.52777777777779,2.0,492.0,19.0,1.0,0.0,7.167604022340846,1.0596940055179334,-1.7961243500853803,-5.556482018748698,2.0
2026-05-04T22:05:00+00:00,7918,resistance,23894.25,up,true,0,23905.5,25.419793350814185,1.874659400544959,43.98913086136906,26.406253847960205,0.10633449771313792,0.44256850733366276,0.5844155844155844,0.6097610545486021,-8.776334267830935,0.0,0.0,0.3343850944298785,76.04166666666666,2.0,526.0,22.0,0.0,0.0,4.740400456329454,1.0899182561307903,-1.6730679546287086,-10.762228254586715,3.0
2026-05-05T04:30:00+00:00,7983,support,23890.43,down,fake,1,23888.1,13.243047242022387,1.243781094527363,36.74071161192179,14.346701251935771,0.05543784244884435,0.17619308386426855,0.5,0.679601894905389,-10.346279136234001,0.0,1.0,1.359203789810778,42.01388888888889,3.0,933.0,4.0,0.0,0.0,4.175776087585555,0.7844112769485904,0.46459900846870006,2.082424304350602,0.0
2026-05-05T04:35:00+00:00,7984,resistance,23894.25,up,fake,1,23904.1,14.939972439020789,1.550387596899225,46.95019222335761,13.772118144319908,0.06249962324045159,0.6593050984667107,0.44594594594594594,1.3386905552625545,-8.019567769963754,0.0,0.0,0.06693452776312772,42.01388888888889,2.0,592.0,4.0,0.0,0.0,4.5716282462218185,0.8691566831101715,-0.3904286073181714,-0.7396292296675244,4.0
2026-05-05T11:45:00+00:00,8070,channel_upper,24225.87,up,true,0,24229.7,26.145140745831064,0.836826130943778,76.85738521063118,57.852911799553844,0.10790534239314173,0.14640483453115985,0.2033898305084746,0.4398522888745097,8.164430376015298,1.0,1.0,1.8359052057370842,81.94444444444444,0.0,96.0,11.0,0.0,1.0,10.594702958107757,0.9057185527773762,2.9185389174671026,7.734152373315362,0.0
2026-05-05T16:30:00+00:00,8127,channel_lower,24327.57,down,true,0,24311.2,24.562378164679068,1.4165428429915798,45.465027237148334,25.62954923510122,0.1010331788010426,0.6664695577754808,0.8717948717948718,0.2035633506852381,6.94384901348923,1.0,0.0,0.7938970676724286,55.90277777777778,0.0,96.0,16.0,1.0,1.0,4.050910678636238,0.9008860271861756,-0.9892764085627491,-6.272556416156895,0.0
2026-05-06T01:55:00+00:00,8228,channel_upper,24542.67,up,fake,1,24553.8,15.748981779984218,3.554522400676247,86.37063050279524,37.835992739651275,0.06414071052132142,0.7064782461227997,0.6134185303514039,0.6095632171092525,15.201719824699085,1.0,1.0,5.467020103447274,70.13888888888889,0.0,96.0,1.0,0.0,1.0,9.238692509310008,1.0115525500140885,1.5363694504646979,3.1634116144474067,0.0
2026-05-06T05:20:00+00:00,8269,channel_lower,24541.21,down,true,0,24531.4,14.383330304115033,0.5875347360063518,42.51984710821413,18.567615349330584,0.058632325526121756,0.6823837909611193,0.8064516129032258,0.17381231934058808,9.61664758133698,1.0,0.0,0.73001174123047,38.88888888888889,0.0,96.0,5.0,0.0,1.0,4.484357838987172,0.950112478496758,-0.6803947483926459,0.5410802782103262,0.0
2026-05-06T10:35:00+00:00,8332,channel_upper,24693.77,up,true,0,24701.0,24.136864277276334,1.3329342512221891,70.26770062686724,44.08290912193996,0.09771614216945199,0.29971493619206596,0.7857142857142857,0.020715201206592742,8.945863751120566,1.0,1.0,0.0,86.45833333333334,0.0,96.0,10.0,0.0,1.0,7.026596249276198,1.5338055804981876,1.7094655045046327,4.921807038185755,0.0
2026-05-06T14:55:00+00:00,8384,channel_lower,25042.79,down,true,0,25030.5,38.98898304541437,0.9676995798319328,46.588914330090695,39.08996149453383,0.15576589778635813,0.31532644300223733,0.8055555555555556,0.16671376097265217,8.748929721479783,1.0,0.0,1.6927858806453913,73.95833333333334,0.0,96.0,14.0,1.0,1.0,3.783119960533261,1.057422969187675,-1.7479496163629273,-5.793853884416213,0.0
2026-05-07T10:25:00+00:00,8606,resistance,24978.3,up,true,0,24985.2,27.7362485168725,1.6797505108076138,59.19127092446476,20.05416709222357,0.11101071240923627,0.24877192731396428,0.7384615384615385,0.16224256129168163,2.4974225547959623,1.0,1.0,0.9554284164954584,68.40277777777779,2.0,108.0,10.0,0.0,0.0,3.7135519584540457,2.007384306556261,0.19113320210184176,1.2582273635557528,0.0
2026-05-07T11:55:00+00:00,8624,support,24898.55,down,fake,1,24882.7,24.660607193268042,0.6068769939737682,30.63283368133561,18.633220590889128,0.0991074408857079,0.6427254558569419,0.6551724137931034,0.38522976849464396,-1.5452393312859833,0.0,1.0,2.1086261012338405,75.69444444444444,2.0,184.0,11.0,0.0,0.0,4.663307723882532,0.8545433061562093,0.3581015729864623,2.74704914265391,0.0
2026-05-07T15:30:00+00:00,8667,channel_upper,24913.33,up,true,0,24923.7,19.38689609186797,1.1121805154528928,66.35246296159312,18.51185393275939,0.0777849841390643,0.5350267496743696,0.5869565217391305,0.1289530819246847,0.9216555807304225,1.0,1.0,3.1206645825773696,68.75,0.0,96.0,15.0,1.0,1.0,3.817011224970667,1.0900794923894057,-0.2877241289197841,-0.06323499629638006,0.0
2026-05-07T16:00:00+00:00,8673,support,24898.55,down,true,0,24892.2,20.67718688618969,1.4172716437317152,49.79592836384734,19.342834663183183,0.08306693215621637,0.3071017365637563,0.7547169811320755,0.2659936300945006,-0.6843190381577363,0.0,1.0,1.5234180632685037,86.80555555555556,2.0,233.0,16.0,1.0,0.0,5.078060210895012,0.9795210748726839,-0.29923261995567174,1.5587416738710378,1.0
2026-05-07T16:35:00+00:00,8680,support,24839.23,down,true,0,24822.2,23.15687577694269,1.3499480789200415,34.771580352287614,20.347728097577793,0.09329098861882787,0.7355626681857034,0.6794871794871795,0.4750209011766908,-3.480870779088205,0.0,1.0,2.202369632728294,94.44444444444444,3.0,280.0,16.0,1.0,0.0,4.728617152622514,1.2234494477485132,0.25432529693291883,4.2249565111867975,0.0
2026-05-07T18:20:00+00:00,8701,channel_lower,24690.95,down,true,0,24682.7,26.298063992298697,1.0122857353049364,28.051254382371795,42.9970384475357,0.10654451900439861,0.3135516781905062,0.7246376811594203,0.32321770920054027,-7.259553382610636,0.0,1.0,2.167459932285976,88.54166666666666,0.0,96.0,18.0,1.0,1.0,6.445341377587245,0.8813359817553152,1.741230082274409,7.9082321856163045,0.0
2026-05-08T03:55:00+00:00,8804,channel_upper,24461.13,up,true,0,24467.7,15.995280899948872,0.3295571575695159,58.86177105510028,22.059588533357797,0.06537304650600127,0.4109738624487509,0.7407407407407407,0.1250368788463348,-9.251406741862835,1.0,0.0,0.6877028336548413,71.875,0.0,96.0,3.0,0.0,1.0,7.233383441260513,0.4645840485181371,0.5390830303928993,2.6100980175960578,0.0
2026-05-08T09:05:00+00:00,8866,resistance,24497.6,up,true,0,24500.3,17.918098878456593,2.053079619429144,60.0948174964076,11.517449326754187,0.07313420194224803,0.15068562900090976,0.4418604651162791,0.27904746111272066,-2.7644279038495987,1.0,0.0,0.9264375708941514,25.34722222222222,2.0,59.0,9.0,0.0,0.0,3.0137125800173834,1.226840260390586,0.4203859897019144,2.4094968986953917,0.0
2026-05-08T12:20:00+00:00,8905,resistance,24495.5,up,fake,1,24499.8,28.4634752946065,0.7742552174605702,62.559471971402026,17.19962403798703,0.11617839857715778,0.15107080057838448,0.7473684210526316,0.24592921024392334,-0.6508566876637384,1.0,0.0,3.1619469888504432,59.375,3.0,98.0,12.0,0.0,0.0,3.2673452218121244,0.8533800647867876,-0.159032480845461,1.660187855049942,1.0
2026-05-08T14:40:00+00:00,8933,support,24423.5,down,fake,1,24415.3,23.233628181061373,0.9175657274536503,34.88236673341558,15.382634065070778,0.09516011755358883,0.3529366974498139,0.9811320754716981,0.021520530332303816,-3.852795524399962,0.0,1.0,2.302696745556508,48.61111111111111,2.0,97.0,14.0,1.0,0.0,3.572408035162433,0.9441011137879264,0.031000183671251437,1.7277993389150166,0.0
2026-05-08T15:55:00+00:00,8948,support,24401.97,down,fake,1,24397.8,24.69545013488412,1.3718051118210863,35.56442193371167,15.709346327837892,0.10121998760086615,0.16872203761852156,0.49122807017543857,1.0123322257117184,-3.903420006206376,0.0,1.0,1.4375117605106402,28.47222222222222,3.0,58.0,15.0,1.0,0.0,3.765875879647593,1.1261980830670926,0.38943337718599114,2.200344566273719,0.0
2026-05-08T17:05:00+00:00,8962,support,24423.5,down,true,0,24405.8,29.63894188425337,1.2236950498015429,43.48670558356199,14.347335119557348,0.12144220588652441,0.597187310840014,0.9402985074626866,0.016869698046327385,-2.7129506140461452,0.0,1.0,0.42174245115818465,59.02777777777778,2.0,126.0,17.0,1.0,0.0,3.728203268238352,0.9580868219376419,0.045005293642679085,1.4687500947981627,1.0
2026-05-08T17:30:00+00:00,8967,support,24370.45,down,true,0,24350.8,29.66011678361339,1.0669142326644292,34.36205258604278,16.332725177724168,0.12180345936730369,0.6625058203025701,0.8048780487804879,0.23600716244877895,-4.407087458916277,0.0,1.0,2.8995165672278556,80.90277777777779,2.0,186.0,17.0,1.0,0.0,3.725541635798582,0.9564617105858269,0.2830024607883572,3.2296004238785523,0.0
2026-05-08T22:45:00+00:00,9030,support,24401.97,down,fake,1,24391.5,15.018600897526317,0.9513697175621152,63.75461866028579,20.703597209514104,0.06157309266558562,0.6969135632592418,0.6511627906976745,0.0,-1.9137223757632191,1.0,1.0,-2.230567296419583,45.13888888888889,3.0,140.0,22.0,0.0,0.0,6.079128183973323,1.203369434416366,-0.08856783710169665,2.1332706005975637,1.0
2026-05-11T11:30:00+00:00,9158,resistance,24348.15,up,fake,1,24359.8,24.648873561034275,0.9052183173588925,66.98235527520738,19.567444960902957,0.10118668281773363,0.4726382311609772,0.8307692307692308,0.06085470787481533,1.1514179578495947,1.0,1.0,2.6370373412419976,56.94444444444444,2.0,88.0,11.0,0.0,0.0,3.772991888238551,0.9341244485014454,0.3403866728493116,2.5075232057403998,0.0
2026-05-11T14:45:00+00:00,9197,support,24265.15,down,true,0,24252.8,18.350246000214245,0.9384093113482057,31.420956543734718,15.371812200945797,0.07566238125170803,0.6730155007108892,0.6595744680851063,0.27247591121893533,-3.775345903064397,0.0,1.0,2.3705404276047375,36.80555555555556,2.0,149.0,14.0,1.0,0.0,5.177042313159771,0.9877141933397996,0.4208808813054147,2.5833987861518035,0.0
2026-05-11T14:45:00+00:00,9197,support,24254.7,down,true,0,24252.8,18.350246000214245,0.9384093113482057,31.420956543734718,15.371812200945797,0.07566238125170803,0.10354084626327473,0.6595744680851063,0.27247591121893533,-3.775345903064397,0.0,1.0,2.3705404276047375,36.80555555555556,2.0,93.0,14.0,1.0,0.0,5.177042313159771,0.9877141933397996,0.4208808813054147,2.5833987861518035,0.0
2026-05-11T18:20:00+00:00,9240,resistance,24346.03,up,fake,1,24353.1,23.420689206628623,0.6975101536288187,68.02902301290786,14.881825378858668,0.09617128499709944,0.3017275283539487,0.8505747126436781,0.1921378128670266,1.8243097540639817,1.0,1.0,2.6472320883901443,51.388888888888886,3.0,170.0,18.0,1.0,0.0,3.6164606110749538,0.9088233562893637,0.24275704093599906,2.4634569990764423,1.0
2026-05-11T19:45:00+00:00,9257,support,24265.15,down,fake,1,24257.9,18.201466397487792,1.2536082474226804,29.470436291615798,13.99166950974981,0.07503314960275947,0.39831955523103685,0.3611111111111111,0.05494062830772922,-2.9551388115781263,0.0,1.0,3.2689673843098888,74.65277777777779,2.0,209.0,19.0,1.0,0.0,5.889635354588413,1.018098510882016,-0.08389004659169459,2.1587073218596897,1.0
2026-05-11T20:00:00+00:00,9260,support,24255.5,down,fake,1,24248.4,17.36976008574369,0.5653710247349822,27.848423411243843,20.974571479845146,0.07163260291707366,0.4087563653700607,0.6470588235294118,0.14392829766554385,-3.548574180250423,0.0,1.0,3.943635356035901,91.31944444444444,3.0,156.0,20.0,1.0,0.0,6.488287658762549,1.1277974087161367,0.38179811796643753,2.783846846683766,1.0
2026-05-11T21:55:00+00:00,9283,support,24265.15,down,fake,1,24263.9,11.595468005035446,1.3554708764289602,37.13692620637478,18.063465155282646,0.04778897046655915,0.10780073727573351,0.8709677419354839,0.08624058982058681,-3.442129406103268,0.0,1.0,2.0697741556940836,13.88888888888889,2.0,235.0,21.0,0.0,0.0,5.131315094324916,1.0306659408455816,0.27646799209802836,2.7471621606372056,2.0
2026-05-11T22:30:00+00:00,9290,support,24255.5,down,fake,1,24249.9,10.90165004605978,0.9707776126795443,32.86033956411465,26.24300661855195,0.04495544330516736,0.5136837062589963,0.7777777777777778,0.09172923326055887,-4.696500945236712,0.0,1.0,1.6969908153203392,35.06944444444444,3.0,186.0,22.0,0.0,0.0,4.448867813137106,0.785867591216774,0.8234954517979984,4.158332971871696,2.0
2026-05-12T03:20:00+00:00,9336,support,24265.15,down,fake,1,24247.5,9.241855639390776,2.6410835214446955,19.934718387637176,31.244713953987045,0.038114674252565324,1.9097896232844582,0.6290322580645161,0.7033219575834535,-5.320891800263026,0.0,1.0,4.8475113384212625,56.94444444444444,2.0,288.0,3.0,0.0,0.0,5.0314570811739365,2.08051166290444,0.36683769908067215,4.028964310630727,3.0
2026-05-12T03:20:00+00:00,9336,support,24255.5,down,fake,1,24247.5,9.241855639390776,2.6410835214446955,19.934718387637176,31.244713953987045,0.038114674252565324,0.8656270247180966,0.6290322580645161,0.7033219575834535,-5.320891800263026,0.0,1.0,4.8475113384212625,56.94444444444444,3.0,232.0,3.0,0.0,0.0,5.0314570811739365,2.08051166290444,0.36683769908067215,4.028964310630727,3.0
2026-05-12T03:40:00+00:00,9340,support,24242.9,down,fake,1,24239.0,10.046234353306955,1.290594685786588,21.495788814296304,41.36142932214579,0.04144657103554996,0.38820515855452625,0.5925925925925926,0.24884946061178295,-5.54685036761414,0.0,1.0,2.9463776136433655,80.90277777777779,2.0,66.0,3.0,0.0,0.0,6.788613285489512,1.5605229860818222,1.0831548196339602,3.7219286808874044,0.0
2026-05-12T09:00:00+00:00,9404,channel_upper,24174.48,up,fake,1,24181.1,15.541090186888312,1.854022376132126,60.11476828341719,16.639252656570985,0.0642695749444331,0.4258065732409304,0.3999999999999118,0.2509476460854595,-3.3880802980563716,1.0,0.0,1.9046282882375547,14.583333333333334,0.0,96.0,9.0,0.0,1.0,3.02424086308005,1.1916178298703606,-0.484200638873888,-0.15738174462990934,0.0
2026-05-12T15:05:00+00:00,9477,support,24071.05,down,fake,1,24063.1,25.336159298829717,1.1310573830030093,36.23142293834343,11.633498866193493,0.10529050412802056,0.31378078682856797,0.5319148936170213,0.3946928136208041,-4.4025522914752715,0.0,1.0,1.5787712544832164,22.569444444444446,2.0,113.0,15.0,1.0,0.0,3.1772771496474728,0.9802497319359412,0.4524999302941325,3.1041483614151106,0.0
2026-05-12T20:15:00+00:00,9539,channel_upper,24018.93,up,fake,1,24028.0,19.633643903589977,0.6561651276480174,62.71506790261359,19.807791157288573,0.08171151949221732,0.46216906609549513,0.9210526315789473,0.050932980393779664,-3.749580490463007,1.0,0.0,2.750380941264102,48.95833333333333,0.0,96.0,20.0,1.0,1.0,4.909939309960434,0.714828897338403,-0.4852409471175747,-3.4368271810201665,0.0
2026-05-13T02:30:00+00:00,9602,channel_lower,24016.48,down,true,0,24010.6,10.806621151229518,0.5999077065066913,30.916034817461977,14.520221923351812,0.04500770972499445,0.5439609473062506,0.7589928057554941,0.49044006686551306,-5.632366101048184,0.0,1.0,2.156085576975368,14.583333333333334,0.0,96.0,2.0,0.0,1.0,4.959922185659656,0.84910013844024,-0.06666647980120527,2.8473687489385484,0.0
2026-05-13T02:40:00+00:00,9604,support,24011.6,down,fake,1,23989.9,12.046015176315196,1.669811320754717,24.972135286631584,18.81659585025648,0.05021286114704603,1.801425590319984,0.7623762376237326,0.4980900249733343,-6.656654495726738,0.0,1.0,3.710770686051099,47.91666666666667,2.0,175.0,2.0,0.0,0.0,4.931091247236131,0.8113207547169812,0.2531311323681404,3.8808452888062086,0.0
2026-05-13T04:50:00+00:00,9630,support,24071.05,down,true,0,24065.5,15.804237132997052,0.9907670454545454,60.05276885886406,23.63539546452496,0.06567175887888077,0.35117164803935036,0.6944444444444444,0.06327417081790926,0.2015819957612596,1.0,0.0,-0.8225642206328204,47.91666666666667,2.0,266.0,4.0,0.0,0.0,6.479275091754,0.888967803030303,-0.7462405452971842,-2.0823133420785522,1.0
2026-05-13T06:35:00+00:00,9651,resistance,24080.75,up,true,0,24085.0,13.365557577079127,0.8486238532110092,66.9672007457549,23.17976840547313,0.055493284521814935,0.3179814965062448,0.43333333333333335,0.4863246417154332,1.772425969174347,1.0,1.0,2.1323465059830533,7.986111111111111,2.0,69.0,6.0,0.0,0.0,2.9927670259411276,0.8753822629969418,0.4714029760393691,3.4191822453893175,0.0
2026-05-13T08:05:00+00:00,9669,channel_upper,24123.44,up,true,0,24126.0,14.077734569088504,1.3680528565876409,73.49068579816733,22.20372111270432,0.05835088522377727,0.1819474284135442,0.5,0.4617220169978569,4.17790801404873,1.0,1.0,2.2020588502974716,31.944444444444443,0.0,96.0,8.0,0.0,1.0,5.363078812821261,1.0934058815908796,1.214632416123645,5.58672975180184,0.0
2026-05-13T10:10:00+00:00,9694,channel_lower,24129.25,down,true,0,24122.6,22.26717976473651,2.2743739171523076,40.2347778539485,23.33302181870116,0.09230837374386058,0.29855353845708044,0.3888888888888889,0.7410008889464429,1.68509895974893,1.0,0.0,2.4700029631548097,54.513888888888886,0.0,96.0,10.0,0.0,1.0,4.158586807056942,2.2124219037118706,-1.0576785486171296,-1.9772866507872469,0.0
2026-05-14T07:20:00+00:00,9702,resistance,24201.3,up,true,0,24210.8,27.528586375711143,0.21817388458601505,66.16536742169093,22.193772700104542,0.11370374533559875,0.3450958167754659,0.5714285714285714,0.09081468862512261,4.401380702379782,1.0,1.0,3.294756903319475,82.29166666666666,2.0,322.0,7.0,0.0,0.0,4.159312739030615,1.100323624595469,0.3968260506574217,0.024217250300076747,0.0
2026-05-14T09:00:00+00:00,9722,channel_upper,24269.23,up,true,0,24271.4,20.974549846703958,1.3743767613266855,71.25071882939778,21.447325052083553,0.08641672852288684,0.10344452964131501,0.8884615384616225,0.138262800450687,7.493978997566007,1.0,1.0,2.460124311469352,39.58333333333333,0.0,96.0,9.0,0.0,1.0,7.828535115179309,1.5897102391791316,1.329739578559036,2.2168821201599958,0.0
2026-05-14T13:35:00+00:00,9777,channel_lower,24436.0,down,fake,1,24432.9,23.140492321503064,0.7623271037905184,50.09067357649887,24.544726594267203,0.0947103795353931,0.13376661358879052,0.7894736842105263,0.12964287701054142,8.549696740309555,1.0,0.0,1.5773216702949207,62.84722222222222,0.0,96.0,13.0,1.0,1.0,4.602322133874221,1.0579664238200823,-1.678033659245624,-2.731725913088356,0.0
2026-05-14T16:00:00+00:00,9806,channel_lower,24438.84,down,fake,1,24426.4,18.097691674372467,0.9384596486918069,41.365927241550935,15.578243439236308,0.07409070380560567,0.6874143787279965,0.8055555555555556,0.1933948297371113,7.533115472497011,0.0,0.0,1.4090194737989539,42.01388888888889,0.0,96.0,16.0,1.0,1.0,4.365197585494798,0.9843180608442862,-0.34745670634304676,-1.7892644676873128,0.0
2026-05-15T04:05:00+00:00,9939,support,24265.15,down,true,0,24254.5,16.729729885397425,1.4055636896046853,26.731960154522355,34.7443670404011,0.06897577721823756,0.6365912703287174,0.5,0.7471728524983925,-4.849448729648801,0.0,1.0,2.6599353548942775,75.69444444444444,2.0,891.0,4.0,0.0,0.0,5.463327897468333,1.041623091403472,0.9683313699258508,3.5584986740307585,4.0
2026-05-15T04:15:00+00:00,9941,support,24242.9,down,true,0,24238.5,17.335838523633495,1.3940520446096654,23.48735615630281,39.943901196678894,0.07152191151941537,0.2538094707102313,0.5652173913043478,0.5768397061594258,-5.50013730954174,0.0,1.0,3.34567029572467,84.72222222222221,2.0,667.0,4.0,0.0,0.0,6.339468370692174,1.2726146220570012,1.2634101003078022,3.9304697653820813,1.0
2026-05-15T05:25:00+00:00,9955,channel_lower,24151.7,down,fake,1,24148.0,19.42276216354012,0.7905531385954009,24.054062455850868,67.71146993144326,0.08043217725501126,0.19043811754668466,0.3157894736842105,0.0,-8.468999675737997,0.0,1.0,0.360401880075544,95.13888888888889,0.0,96.0,5.0,0.0,1.0,10.348682556454905,1.1336233685518955,2.889278168672818,4.9022959208688945,0.0
2026-05-15T07:55:00+00:00,9985,support,24137.75,down,true,0,24136.0,17.030837493333873,0.9133537206931702,33.76100335922597,27.985025270349723,0.07056197171583474,0.10275478235788324,0.631578947368421,0.117434036980438,-8.149677831518071,0.0,1.0,1.409208443765256,19.791666666666664,2.0,20.0,7.0,0.0,0.0,4.756078497707739,1.1770302412504248,1.269312516448353,4.644184145208133,0.0
2026-05-15T08:50:00+00:00,9996,resistance,24080.75,up,true,0,24095.0,19.428863891073632,1.8276010936825444,34.797521956912774,40.002683704668904,0.08063442162719914,0.7334448416485638,0.5740740740740741,0.3860236008676652,-8.379825284142568,0.0,0.0,-1.0293962689804406,64.23611111111111,2.0,414.0,8.0,0.0,0.0,5.6874143861169335,1.2433443660958412,-1.6064031658195672,-5.215880676676943,1.0
2026-05-15T09:05:00+00:00,9999,channel_upper,24148.86,up,true,0,24154.6,21.067752904041,1.592920353982301,56.54255313914145,36.56103779925317,0.08722045864572794,0.27242475815694744,0.825,0.023732953498998705,-4.721432981390309,0.0,0.0,2.6153714755895883,60.06944444444444,0.0,96.0,9.0,0.0,1.0,5.197516816280716,1.425069591590843,-1.3158253627790983,-1.772402586818161,0.0
2026-05-15T10:00:00+00:00,10010,resistance,24216.3,up,true,0,24233.6,22.772457346987785,1.7177152317880795,69.43045021459551,30.42487389896662,0.09397059185175867,0.7596896433439855,0.7391304347826086,0.06586904422057954,-0.5815664257033294,1.0,0.0,2.041940370837966,91.31944444444444,2.0,552.0,10.0,0.0,0.0,5.62521637643743,0.8354028697571745,0.4156061529929064,1.888968860365653,0.0
2026-05-15T10:30:00+00:00,10016,support,24255.5,down,true,0,24230.1,26.575206237749153,1.0500972312251133,58.609768193583655,36.253134260229785,0.10967848352977973,0.955778095295518,0.7553191489361702,0.11288717660970038,-0.6536210530723366,1.0,1.0,0.13170170604465045,93.40277777777779,3.0,912.0,10.0,0.0,0.0,8.263341327830014,1.123560823533043,-0.9992636231393771,-1.2216418104151634,4.0
2026-05-15T10:30:00+00:00,10016,support,24242.9,down,true,0,24230.1,26.575206237749153,1.0500972312251133,58.609768193583655,36.253134260229785,0.10967848352977973,0.48165195353483115,0.7553191489361702,0.11288717660970038,-0.6536210530723366,1.0,1.0,0.13170170604465045,93.40277777777779,2.0,742.0,10.0,0.0,0.0,8.263341327830014,1.123560823533043,-0.9992636231393771,-1.2216418104151634,2.0
2026-05-15T10:50:00+00:00,10020,resistance,24201.3,up,fake,1,24221.0,27.777695891200377,1.1144278606965174,55.132307020418715,28.591764986121362,0.11468434784360836,0.7092020906687743,0.6461538461538782,0.0900002653132929,-0.8931456395086945,1.0,0.0,-1.5696046270637758,85.76388888888889,2.0,640.0,10.0,0.0,0.0,7.905623305119596,1.1162369968340118,0.9226304490634012,0.823708134765861,1.0
2026-05-15T11:10:00+00:00,10024,support,24137.75,down,true,0,24129.0,30.03319638558346,1.0883200542464826,37.21834897891874,26.441245040026264,0.12446929580829481,0.2913442807639408,0.46808510638297873,0.39955787076197596,-3.7721991115613873,0.0,1.0,2.600455808875812,90.27777777777779,2.0,59.0,11.0,0.0,0.0,5.597139839590632,1.1425665367011357,-0.3100969293608408,2.218766922666318,1.0
2026-05-15T11:25:00+00:00,10027,support,24072.53,down,true,0,24037.0,32.94203077956519,1.2235367372353674,26.03594022748085,30.401264496083936,0.13704718051156628,1.0786625017477294,0.9512195121951219,0.060712711167784254,-6.07373464655669,0.0,1.0,5.008798671342201,100.0,3.0,663.0,11.0,0.0,0.0,7.151957375564941,1.1285803237858032,0.4364637314990951,4.61730079416399,2.0
2026-05-15T11:40:00+00:00,10030,resistance,24080.75,up,fake,1,24090.5,34.402566189032335,1.0985770109857702,40.32935010503212,31.840999170854804,0.14280552993517084,0.28340909065988035,0.6533333333333333,0.37787878754650717,-4.110388428202295,0.0,0.0,-1.1191025631185019,100.0,2.0,448.0,11.0,0.0,0.0,8.461578081137514,1.1865614785322813,-0.8652991345208226,-2.661066087929292,2.0
2026-05-15T13:25:00+00:00,10051,support,24072.53,down,fake,1,24066.5,30.771462972490607,0.8575803981623277,47.24880988316962,21.877971922124537,0.12786014988673303,0.1960691091850338,0.7682926829268293,0.01624882120317111,-4.321983499316117,0.0,1.0,-0.38997170887610655,45.83333333333333,3.0,687.0,13.0,1.0,0.0,3.4122524526659324,1.004594180704441,0.8986231306510518,2.8484368021499153,3.0
2026-05-15T13:45:00+00:00,10055,resistance,24080.75,up,true,0,24096.0,33.29562562362829,1.4049277315958961,54.148240106122806,18.827862580225254,0.13817905720297263,0.4580181244342745,0.2682926829268293,1.0061381749867668,-2.9612839695600406,0.0,0.0,0.5105775813365683,50.69444444444444,2.0,473.0,13.0,1.0,0.0,2.7781427219783863,0.9745625202825832,-0.5643908539141185,-1.6364234468169523,3.0
2026-05-15T14:00:00+00:00,10058,support,24137.75,down,true,0,24113.5,38.23960987431172,1.1129774337252611,54.295566563558474,21.183953176657152,0.15858174829166946,0.6341591893773597,0.6946564885496184,0.0653772360182845,-2.0793898247167677,1.0,1.0,-1.1506393539218074,80.90277777777779,2.0,93.0,14.0,1.0,0.0,4.079539527540954,1.2127851213515422,0.14788819460891467,0.9578475744691615,2.0
2026-05-15T15:00:00+00:00,10070,support,24010.92,down,true,0,23983.0,31.30431714833525,0.928324350414287,32.66298462203153,19.00139272687285,0.1305271114887014,0.8920494853050743,0.84,0.1916668544970666,-6.198563342768125,0.0,1.0,2.3638912054638217,87.5,4.0,641.0,15.0,1.0,0.0,5.254866260794577,0.8859571501354142,0.675316386187761,5.059449529152331,1.0
2026-05-15T21:30:00+00:00,10148,support,23919.3,down,fake,1,23906.9,17.092985585041035,1.8265419375297287,39.40632183910713,19.589278512888143,0.07149812641974089,0.7254437756531957,0.6119402985074627,0.7605458938300972,-8.43291510477952,0.0,1.0,2.6911623935526516,17.708333333333336,2.0,619.0,21.0,0.0,0.0,4.329261241802092,1.3001426985888693,0.1808227662415494,9.545539287536426,0.0
2026-05-18T03:00:00+00:00,10189,channel_lower,23791.2,down,true,0,23786.2,21.30512642079486,2.529574996348766,20.452437501903887,53.96381847097573,0.08956927302719585,0.23486825869336198,0.6023529411764363,0.018774824054131656,-9.607241595294218,0.0,1.0,1.5864726325683192,67.36111111111111,0.0,96.0,3.0,0.0,1.0,7.1485142585847585,1.6289372474563066,1.527875799599654,2.5513419207297146,0.0
2026-05-18T06:40:00+00:00,10233,channel_upper,23728.17,up,fake,1,23733.3,26.002401447483802,0.9298597194388778,51.04140119898041,24.289926236790617,0.109560834133828,0.1973103674112059,0.6111111111111112,0.2692059044676189,-6.436205631082667,0.0,0.0,1.0575946246942172,38.19444444444444,0.0,96.0,6.0,0.0,1.0,3.615050717136597,1.2300155867290135,-1.0274748477680893,-1.2997665523051014,0.0
2026-05-18T08:45:00+00:00,10258,resistance,23773.05,up,fake,1,23775.8,24.10879142684773,0.9271145343032378,58.93859031240619,14.272991753086117,0.10140054772856322,0.1140662736389838,0.26666666666666666,0.1659145798385219,-3.7096649438731326,1.0,0.0,2.4887186975778284,45.13888888888889,2.0,28.0,8.0,0.0,0.0,3.1938556618915466,1.2247420719821231,0.08000071127153988,0.6152971412110896,0.0
2026-05-18T09:25:00+00:00,10266,support,23688.2,down,true,0,23683.9,27.835966644585938,1.272324338417416,37.13431316228524,12.519493004822317,0.11753117790813987,0.15447640295372964,0.7450980392156863,0.12573660705548897,-6.141118722979646,0.0,1.0,2.115967473019436,48.95833333333333,2.0,63.0,9.0,0.0,0.0,2.8883494877888682,1.1654282362143136,0.05938275890481264,2.681072053320092,0.0
2026-05-18T12:35:00+00:00,10304,support,24010.92,down,fake,1,23983.9,25.07724965321393,0.6375188455739823,63.66040211936834,42.43118917159276,0.10455868167067878,1.0776700146036255,0.8888888888888888,0.07975356259786957,4.619947838931848,1.0,0.0,-0.35889103169041303,70.48611111111111,4.0,875.0,12.0,0.0,0.0,7.87566430653962,0.8773063392921243,-2.5594704832888495,-7.3888437358781625,2.0
2026-05-18T14:35:00+00:00,10328,resistance,24080.75,up,true,0,24177.9,38.52945907743316,1.7374478052754863,74.63164458820768,24.952915835615116,0.15935817038466185,2.5214472854331493,0.9221789883268483,0.2206104161212707,7.315358735714885,1.0,1.0,5.956481235274309,90.27777777777779,2.0,746.0,14.0,1.0,0.0,3.685491657555346,0.9892385511083953,0.9945421130818047,9.019356179163893,4.0
2026-05-18T14:35:00+00:00,10328,channel_upper,24142.58,up,true,0,24177.9,38.52945907743316,1.7374478052754863,74.63164458820768,24.952915835615116,0.15935817038466185,0.9166667646359676,0.9221789883268483,0.2206104161212707,7.315358735714885,1.0,1.0,5.956481235274309,90.27777777777779,0.0,96.0,14.0,1.0,1.0,3.685491657555346,0.9892385511083953,0.9945421130818047,9.019356179163893,0.0
2026-05-18T14:40:00+00:00,10329,resistance,24201.3,up,fake,1,24206.4,41.38449771475936,2.14668709306779,76.47256524004577,27.430983941233052,0.1709651072227153,0.12323455113926197,0.35668789808917195,1.0027909553484673,7.424729173939068,1.0,1.0,5.243509332785961,96.875,2.0,949.0,14.0,1.0,0.0,6.161727556960462,1.2249457423720156,1.0758216705058992,8.946264309854806,2.0
2026-05-18T14:40:00+00:00,10329,resistance,24180.75,up,fake,1,24206.4,41.38449771475936,2.14668709306779,76.47256524004577,27.430983941233052,0.1709651072227153,0.6197973013178227,0.35668789808917195,1.0027909553484673,7.424729173939068,1.0,1.0,5.243509332785961,96.875,2.0,913.0,14.0,1.0,0.0,6.161727556960462,1.2249457423720156,1.0758216705058992,8.946264309854806,0.0
2026-05-18T15:30:00+00:00,10339,resistance,24216.3,up,true,0,24222.4,36.9884989378817,0.8133848133848134,70.14884011558134,35.32630069813666,0.15270369136783185,0.16491612731423602,0.8661417322834646,0.1622125842434528,8.05994482358817,1.0,1.0,1.608608127080907,100.0,2.0,881.0,15.0,1.0,0.0,8.556713818842136,0.8814528814528814,2.2545035683147794,9.793136244786355,1.0
2026-05-18T15:40:00+00:00,10341,resistance,24299.25,up,true,0,24331.4,42.10232816582657,1.4071951607768225,78.08218029975932,38.496340419690206,0.1730370145812677,0.7636157286450687,0.8264840182648402,0.356274834515568,9.499713059321767,1.0,1.0,4.251546358552445,100.0,2.0,1056.0,15.0,1.0,0.0,7.659908942084712,0.9418444232197812,2.0007284060694897,10.981699763696486,0.0
2026-05-18T18:00:00+00:00,10369,channel_lower,24290.34,down,fake,1,24267.0,47.35704632903255,1.241653131203754,40.896801641199225,34.939212273254824,0.1951499828121834,0.49284569770441916,0.7160493827160493,0.5384626360104527,4.877777366742655,1.0,0.0,1.372551817281546,73.61111111111111,0.0,96.0,18.0,1.0,1.0,2.8063405617956843,0.9492871322865909,-1.2608987367216065,-6.18404318430818,0.0
2026-05-18T18:25:00+00:00,10374,support,24265.15,down,fake,1,24249.0,43.6760897666253,0.9348975746155249,38.884247685304906,30.23449735667832,0.18011501408975752,0.369767533822186,0.5555555555555556,0.022895822527687473,4.618325239042128,0.0,0.0,2.4269571879348724,85.76388888888889,2.0,1326.0,18.0,1.0,0.0,4.5425311894932285,0.9150406256965129,-0.5621328502815599,-6.045085212437271,5.0
2026-05-18T18:25:00+00:00,10374,support,24255.5,down,fake,1,24249.0,43.6760897666253,0.9348975746155249,38.884247685304906,30.23449735667832,0.18011501408975752,0.1488228464299686,0.5555555555555556,0.022895822527687473,4.618325239042128,0.0,0.0,2.4269571879348724,85.76388888888889,3.0,1270.0,18.0,1.0,0.0,4.5425311894932285,0.9150406256965129,-0.5621328502815599,-6.045085212437271,5.0
2026-05-18T18:30:00+00:00,10375,resistance,24299.25,up,fake,1,24314.8,46.127797640437784,0.8459325457550345,51.064216860223205,28.444707502936932,0.1897107837220038,0.3371069245752894,0.8717948717948718,0.13007341141169332,5.741626662381301,1.0,1.0,1.036251510913141,85.41666666666666,2.0,1090.0,18.0,1.0,0.0,4.30109413734669,0.9079594376772561,0.4967599124786713,7.10735916760348,1.0
2026-05-18T21:05:00+00:00,10406,support,24265.15,down,true,0,24258.3,24.53187899552534,0.9393843224373215,39.282831239498094,13.853788760489657,0.1011277748050166,0.27922850920843184,0.5714285714285714,0.20381643007908237,5.830622634209791,0.0,0.0,1.1413720084428614,4.861111111111112,2.0,1358.0,21.0,0.0,0.0,4.055946958573739,0.8166719559928065,-0.17767849940480368,-9.413010464991022,6.0
2026-05-18T21:10:00+00:00,10407,support,24255.5,down,true,0,24247.3,24.029601924416387,0.9886351097870463,36.709599619491186,14.81535488860653,0.09910217601306696,0.34124576952183044,0.6,0.0,5.440054188767304,0.0,0.0,2.10157455620133,12.152777777777777,3.0,1303.0,21.0,0.0,0.0,4.140726105782819,0.9018353010408622,-0.09349626943071285,-9.118078280469746,6.0
2026-05-18T21:15:00+00:00,10408,support,24236.33,down,true,0,24217.8,24.491773215529502,1.3447053610988038,30.869506194253646,16.58839009767537,0.10113128862047545,0.7567166807498207,0.9344262295081968,0.0,4.091788221805733,0.0,0.0,3.1847428650263074,44.44444444444444,3.0,1329.0,21.0,0.0,0.0,4.062588654745097,1.0212671688081525,0.059173748409197285,-7.7018242653631095,0.0
2026-05-18T21:15:00+00:00,10408,support,24242.9,down,true,0,24217.8,24.491773215529502,1.3447053610988038,30.869506194253646,16.58839009767537,0.10113128862047545,1.0248339219508624,0.9344262295081968,0.0,4.091788221805733,0.0,0.0,3.1847428650263074,44.44444444444444,2.0,1134.0,21.0,0.0,0.0,4.062588654745097,1.0212671688081525,0.059173748409197285,-7.7018242653631095,3.0
2026-05-18T21:40:00+00:00,10413,resistance,24201.3,up,fake,1,24205.8,24.32314279859879,1.0047743055555556,33.37942760558725,25.045864109665704,0.10048477141263165,0.1850089865960593,0.2926829268292683,0.0,3.4489082689314494,0.0,1.0,-1.7061939874969914,73.61111111111111,2.0,1033.0,21.0,0.0,0.0,5.858617908875211,1.2622974537037035,-0.7324001147949241,7.106764827857378,3.0
2026-05-18T22:00:00+00:00,10417,resistance,24299.25,up,fake,1,24317.3,35.92207105036392,1.9088145896656534,61.74862843650138,28.53403460091291,0.14772228434227452,0.5024765964827747,0.8095238095238095,0.8490601768822851,5.340992688052598,1.0,1.0,2.7559658200441386,79.51388888888889,2.0,1132.0,22.0,0.0,0.0,4.356653038756643,0.9706180344478217,-0.7282002913455253,7.82184990988251,2.0
2026-05-18T22:00:00+00:00,10417,resistance,24216.3,up,fake,1,24317.3,35.92207105036392,1.9088145896656534,61.74862843650138,28.53403460091291,0.14772228434227452,2.8116418972167474,0.8095238095238095,0.8490601768822851,5.340992688052598,1.0,1.0,2.7559658200441386,79.51388888888889,2.0,959.0,22.0,0.0,0.0,4.356653038756643,0.9706180344478217,-0.7282002913455253,7.82184990988251,2.0
2026-05-19T05:30:00+00:00,10495,resistance,24299.25,up,fake,1,24302.4,22.424585879163885,0.8641022814945443,41.977926835465766,29.68118874843225,0.0922731330204584,0.14047082148920847,0.22916666666666666,0.3790482484627684,2.2407794544723587,0.0,1.0,0.0445939115838551,37.5,2.0,1210.0,5.0,0.0,0.0,4.771548539472496,0.8964326389654287,-0.8976851586379863,-2.1455858538194956,3.0
2026-05-19T07:00:00+00:00,10513,support,24265.15,down,true,0,24237.9,23.02196765974009,1.7242570836212856,31.046251538951054,19.102952887505033,0.09498334286278963,1.1836520840767981,0.7169811320754716,0.6298332190500393,-0.9068865908902313,0.0,1.0,3.8658728617554137,20.833333333333336,2.0,1465.0,7.0,0.0,0.0,3.21432125584158,0.7947477539737389,0.5742110431667392,4.331858923346171,7.0
2026-05-19T07:00:00+00:00,10513,support,24255.5,down,true,0,24237.9,23.02196765974009,1.7242570836212856,31.046251538951054,19.102952887505033,0.09498334286278963,0.7644872176055018,0.7169811320754716,0.6298332190500393,-0.9068865908902313,0.0,1.0,3.8658728617554137,20.833333333333336,3.0,1409.0,7.0,0.0,0.0,3.21432125584158,0.7947477539737389,0.5742110431667392,4.331858923346171,7.0
2026-05-19T07:00:00+00:00,10513,support,24242.9,down,true,0,24237.9,23.02196765974009,1.7242570836212856,31.046251538951054,19.102952887505033,0.09498334286278963,0.2171838686379446,0.7169811320754716,0.6298332190500393,-0.9068865908902313,0.0,1.0,3.8658728617554137,20.833333333333336,2.0,1239.0,7.0,0.0,0.0,3.21432125584158,0.7947477539737389,0.5742110431667392,4.331858923346171,4.0
2026-05-19T07:15:00+00:00,10516,support,24236.33,down,true,0,24225.9,21.955452969551377,0.9294814283150907,29.92676551189726,23.371241531262793,0.09062801782204738,0.47520464951463276,0.6481481481481481,0.43269432943036734,-1.4690888166631975,0.0,1.0,3.006086920253078,48.95833333333333,3.0,1437.0,7.0,0.0,0.0,5.1695585674049145,1.3182606615228183,0.8188802099476503,4.926130483290155,1.0
2026-05-19T07:30:00+00:00,10519,resistance,24216.3,up,true,0,24229.9,22.174974553245036,0.9706992629875967,35.753426925806906,27.78857549838318,0.09151905106189062,0.6133039732400499,0.8837209302325582,0.045095880385290554,-1.2230013115105347,0.0,0.0,-0.36076704308232443,63.541666666666664,2.0,1061.0,7.0,0.0,0.0,6.268327373555387,0.9922703577206544,-1.1855177166961186,-4.521495956827857,3.0
2026-05-19T08:45:00+00:00,10534,channel_upper,24284.02,up,fake,1,24301.9,26.555946247837735,1.0100697134004648,58.4423363204284,15.900819967797915,0.10927518526468191,0.6731974498441241,0.7924528301886793,0.20710992365590536,1.6294645574021194,1.0,1.0,1.205003192179813,39.58333333333333,0.0,96.0,8.0,0.0,1.0,4.236339347507156,1.1257423186160598,-0.24507191060336878,-0.6665147623522238,0.0
2026-05-19T09:10:00+00:00,10539,resistance,24299.25,up,true,0,24304.5,26.29935731800452,1.1001131221719456,58.01550223810035,15.042436960073221,0.10820776941720472,0.19962465000640353,0.7804878048780488,0.22814245715017548,1.69331849543693,1.0,1.0,0.9543959457448453,8.680555555555555,2.0,1254.0,9.0,0.0,0.0,4.27767107156579,1.1208521870286574,-0.09645444170476779,-0.4905425208284882,4.0
2026-05-19T10:05:00+00:00,10550,resistance,24439.2,up,true,0,24449.5,30.2497007956008,1.7313664596273293,75.79090687845799,22.846715248800844,0.12372318777725844,0.3404992356650747,0.7986577181208053,0.4462854059688187,5.936078757948305,1.0,1.0,3.057881485341906,68.75,2.0,182.0,10.0,0.0,0.0,5.424847045887592,1.1231884057971016,0.8875628865606459,4.2015553735061175,0.0
2026-05-19T13:30:00+00:00,10591,resistance,24660.0,up,fake,1,24671.0,29.596540405107223,0.8272408612919379,67.11519543069795,21.081097171443183,0.11996489970048729,0.37166506116714315,0.8021978021978022,0.1351509313335066,9.825010566783774,1.0,1.0,2.2637780998362356,39.23611111111111,2.0,19.0,13.0,1.0,0.0,3.2436223520041585,0.771156735102654,1.4140746396793984,8.386908466194459,0.0
2026-05-19T16:05:00+00:00,10622,channel_lower,24568.83,down,fake,1,24551.5,26.126258993122484,1.7035252901248084,34.51002431456705,12.50719650336058,0.10641410501648568,0.6632814244638923,0.8111888111888111,0.4784458426784531,4.136745365320214,0.0,0.0,2.6792967189993373,21.180555555555554,0.0,96.0,16.0,1.0,1.0,4.018945078499006,0.9013940588278229,-0.4247349444840825,-3.361956168536907,0.0
2026-05-19T18:00:00+00:00,10645,resistance,24439.2,up,fake,1,24460.0,43.773461469952295,0.9054482387417021,47.99640685212355,34.0144874801254,0.17895936823365616,0.4751737537200971,0.527027027027027,0.1142244600288735,0.2974211807466336,0.0,1.0,1.8390138064648633,81.25,2.0,277.0,18.0,1.0,0.0,6.03105148952452,0.8998664354205291,-1.3043010447021408,-0.07739228459498924,1.0
2026-05-19T19:05:00+00:00,10658,support,24355.45,down,fake,1,24348.8,36.00033764775433,0.8148201751212099,33.53847128985794,26.229586340144984,0.14785261552008447,0.18472048970952573,0.956989247311828,0.027777517249546663,-2.608217435201103,0.0,1.0,2.1110913109655463,63.888888888888886,2.0,828.0,19.0,1.0,0.0,5.361060829162506,0.8288105748124561,1.0816870348659038,3.0768845504516418,0.0
2026-05-19T21:50:00+00:00,10691,support,24355.45,down,fake,1,24350.3,18.777215864635803,0.976116303219107,33.51810048031213,19.119970242303015,0.0771128727967861,0.27426856234319286,0.9534883720930233,0.053256031522935024,-4.081351511454422,0.0,1.0,1.8905891190641935,13.88888888888889,2.0,861.0,21.0,0.0,0.0,3.355129985944907,0.9611168801199955,0.8328920598906182,5.42205969580795,1.0
2026-05-20T02:15:00+00:00,10732,channel_upper,24353.19,up,true,0,24364.4,13.367278310871697,1.1126468555632343,65.21722422078807,20.86378495479925,0.05486397494242295,0.8384403905132525,0.7679558011049602,0.037404772188617236,-2.2052459145023726,1.0,0.0,3.897577262054079,17.01388888888889,0.0,96.0,2.0,0.0,1.0,3.8377296265520737,0.8961068878138678,-0.7415361032709678,3.0583233577730042,0.0
2026-05-20T03:00:00+00:00,10741,support,24355.45,down,true,0,24324.9,15.536619755570428,2.853688029020556,42.24735723117694,26.889987208765003,0.0638712584864498,1.9663221782232276,0.964391691394638,0.07723687770439804,-4.283906902044219,0.0,1.0,4.41537484209865,59.02777777777778,2.0,911.0,3.0,0.0,0.0,6.584443824295893,1.139862958484482,-0.4868799424333133,1.1048780922277914,2.0
2026-05-20T03:10:00+00:00,10743,support,24265.15,down,true,0,24261.7,19.451983360670223,2.977707006369427,28.56521365421888,27.77971046098433,0.08017568167387372,0.17735980624866507,0.7804878048780322,0.5603541704667535,-6.559530774694878,0.0,1.0,6.158755011184193,72.91666666666666,2.0,1695.0,3.0,0.0,0.0,5.500724425682075,1.8763269639065818,-0.12767939330095934,3.508167829597438,8.0
2026-05-20T03:10:00+00:00,10743,support,24298.57,down,true,0,24261.7,19.451983360670223,2.977707006369427,28.56521365421888,27.77971046098433,0.08017568167387372,1.8952651759516186,0.7804878048780322,0.5603541704667535,-6.559530774694878,0.0,1.0,6.158755011184193,72.91666666666666,3.0,865.0,3.0,0.0,0.0,5.500724425682075,1.8763269639065818,-0.12767939330095934,3.508167829597438,0.0
2026-05-20T03:15:00+00:00,10744,support,24255.5,down,true,0,24242.3,20.31969883490796,1.2010238235873203,25.739909163918696,29.116803569496767,0.08381918726733009,0.6496159272461244,0.6645569620253471,0.32480796362297265,-7.162174944559576,0.0,1.0,6.171351308837913,82.29166666666666,3.0,1640.0,3.0,0.0,0.0,7.401684504379747,2.598936798582398,0.11821113303706982,4.121755773673067,8.0
2026-05-20T04:30:00+00:00,10759,support,24242.9,down,fake,1,24235.3,29.45316709376309,0.94,31.92920675914472,17.788791046721794,0.12153002889901544,0.2580367664980767,0.5964912280701754,0.20371323670894942,-4.672502240947317,0.0,1.0,1.5787775844943581,59.02777777777778,2.0,1485.0,4.0,0.0,0.0,6.0944209982094035,0.9313333333333333,0.6812932266902659,2.2540113983616763,5.0
2026-05-20T05:25:00+00:00,10770,support,24298.57,down,true,0,24275.3,28.291561195045922,0.5179580091655122,45.56928689018845,17.585455397652073,0.11654464082852085,0.8223889274355153,0.819672131147541,0.12371180140503797,-3.106560186818449,0.0,1.0,0.4241547476744159,25.0,3.0,892.0,5.0,0.0,0.0,4.400605507122065,0.7737397420867527,0.517922039361958,0.7168661231005531,1.0
2026-05-20T05:30:00+00:00,10771,support,24265.15,down,true,0,24234.8,31.770735395399786,1.3469557964970809,35.42955855504914,17.668495723915406,0.13109551304487674,0.9552816333107821,0.5228758169934641,1.1488560005219453,-4.000912450007977,0.0,1.0,1.5895130966125544,31.25,2.0,1723.0,5.0,0.0,0.0,3.9187006045200596,0.6776480400333611,0.4437357280519882,1.8505614572041915,9.0
2026-05-20T05:30:00+00:00,10771,support,24255.5,down,true,0,24234.8,31.770735395399786,1.3469557964970809,35.42955855504914,17.668495723915406,0.13109551304487674,0.6515429920768521,0.5228758169934641,1.1488560005219453,-4.000912450007977,0.0,1.0,1.5895130966125544,31.25,3.0,1667.0,5.0,0.0,0.0,3.9187006045200596,0.6776480400333611,0.4437357280519882,1.8505614572041915,9.0
2026-05-20T06:00:00+00:00,10777,support,24200.85,down,fake,1,24181.8,30.35725010719575,0.9568851737791465,25.491098740033564,17.419069267028103,0.12553759483245974,0.6275271947469229,0.5052631578947369,0.7247033220174715,-5.642129296100081,0.0,1.0,1.745876184860272,72.91666666666666,2.0,1565.0,6.0,0.0,0.0,4.249396751829718,0.8930928288605366,0.8043403009454831,3.3574517699572253,0.0
2026-05-20T06:00:00+00:00,10777,channel_lower,24193.48,down,fake,1,24181.8,30.35725010719575,0.9568851737791465,25.491098740033564,17.419069267028103,0.12553759483245974,0.3848498959797976,0.5052631578947369,0.7247033220174715,-5.642129296100081,0.0,1.0,1.745876184860272,72.91666666666666,0.0,96.0,6.0,0.0,1.0,4.249396751829718,0.8930928288605366,0.8043403009454831,3.3574517699572253,0.0
2026-05-20T06:15:00+00:00,10780,resistance,24180.75,up,true,0,24202.3,28.80352714486482,0.5590791637303265,37.323585952560265,19.22359068166408,0.1190115284285577,0.7481722600018891,0.967741935483871,0.0,-5.0635243912350845,0.0,0.0,-0.5381285396765509,80.20833333333334,2.0,1364.0,6.0,0.0,0.0,5.815260025536921,0.7673635580612326,-1.1595299778808565,-2.7061614447043767,1.0
2026-05-20T06:25:00+00:00,10782,resistance,24201.3,up,true,0,24223.8,28.953041262664055,0.8714810281517748,45.677016065411436,17.621540416477426,0.11952311884454155,0.7771204342880044,0.8656716417910447,0.138154743873423,-4.200224195238687,0.0,0.0,0.6044270044462257,80.20833333333334,2.0,1402.0,6.0,0.0,0.0,5.785229899699588,0.5426356589147286,-1.269285770318046,-1.8899411076352528,4.0
2026-05-20T06:25:00+00:00,10782,resistance,24216.3,up,true,0,24223.8,28.953041262664055,0.8714810281517748,45.677016065411436,17.621540416477426,0.11952311884454155,0.2590401447626681,0.8656716417910447,0.138154743873423,-4.200224195238687,0.0,0.0,0.6044270044462257,80.20833333333334,2.0,1324.0,6.0,0.0,0.0,5.785229899699588,0.5426356589147286,-1.269285770318046,-1.8899411076352528,4.0
2026-05-20T06:40:00+00:00,10785,support,24242.9,down,fake,1,24233.8,29.175412410376435,0.767878869812086,48.687570049318325,15.656696120853908,0.1203914054352864,0.31190647357449885,0.7192982456140351,0.2742034932522409,-3.716972855517927,0.0,1.0,-2.090801636048337,76.38888888888889,2.0,1511.0,6.0,0.0,0.0,5.741135639968793,0.9120814744716326,1.069440724847949,1.4718771727576927,6.0
2026-05-20T07:35:00+00:00,10796,support,24255.5,down,true,0,24251.3,24.425394276642468,0.7563664006081338,51.293153175691685,17.43267215014333,0.10071787605877816,0.17195218846547367,0.2619047619047619,0.552703462924641,-3.3470436770598897,0.0,1.0,0.5322329642978025,63.19444444444444,3.0,1692.0,7.0,0.0,0.0,5.015272163575447,0.8032433802103129,0.14805516482961584,0.9410915986790709,10.0
2026-05-20T07:50:00+00:00,10799,support,24236.33,down,fake,1,24233.3,23.121935577909444,0.7964970809007506,44.350195186184955,15.332396129958891,0.09541389566385694,0.13118855569474366,0.6727272727272727,0.1946203848219036,-4.2021806203871925,0.0,1.0,1.059599872919253,27.77777777777778,3.0,1720.0,7.0,0.0,0.0,5.297999364596265,0.725604670558799,0.0694973854519239,1.7504618904379694,2.0
2026-05-20T08:25:00+00:00,10806,support,24265.15,down,fake,1,24256.3,23.086312126417464,0.9468474284484614,50.82362579228555,15.351372803188307,0.0951765608374627,0.38334403310242027,0.6666666666666666,0.21657854977532526,-3.018106232322177,0.0,1.0,-0.7580249242136384,11.458333333333332,2.0,1758.0,8.0,0.0,0.0,4.006703170843517,1.1692131124022669,0.014535085928513365,0.7317399961233493,10.0
2026-05-20T09:10:00+00:00,10815,resistance,24299.25,up,true,0,24307.9,21.842059640625376,1.0889150019584801,64.46810987411263,17.530523495358075,0.08985580671561663,0.396024923579679,0.47058823529411764,0.02289161407974638,-0.6873321404324452,1.0,0.0,1.5383164661590567,30.555555555555557,2.0,1530.0,9.0,0.0,0.0,4.23952692756913,1.078469774121948,0.48509292786764535,1.5330667230572792,5.0
2026-05-20T09:15:00+00:00,10816,resistance,24322.75,up,fake,1,24347.9,23.496198237723565,1.398786959818044,73.23450067291193,19.631962202193034,0.09650194980973129,1.0703859299085536,0.8444444444444444,0.1489602685757344,1.052877609743117,1.0,1.0,3.089861571028184,50.0,2.0,1695.0,9.0,0.0,0.0,3.9410631057466663,1.1953500126358352,0.5594363566714431,3.0979055386586065,0.0
2026-05-20T10:00:00+00:00,10825,support,24355.45,down,fake,1,24339.9,22.98637094787987,2.4147317854283425,60.11216101036827,28.236228296921844,0.09443905253464421,0.6764878212075279,0.42821158690175537,0.9875417068432216,0.6439333465164984,1.0,0.0,-0.0435040399490392,67.70833333333334,2.0,995.0,10.0,0.0,0.0,5.659875597370095,0.8753669602348545,-1.2315997220319983,-2.5471192907403446,3.0
2026-05-20T10:25:00+00:00,10830,resistance,24399.6,up,fake,1,24409.4,24.531860103586233,1.0911074740861975,70.4085398933085,29.170261479169255,0.10050169239549613,0.39948051059406947,0.59375,0.18343492833395703,3.3145989447712227,1.0,1.0,1.8343492833395703,70.83333333333334,2.0,390.0,10.0,0.0,0.0,6.118573942872744,1.3456992180396434,1.3461651612708052,4.960473690855549,0.0
2026-05-20T11:10:00+00:00,10839,resistance,24299.25,up,true,0,24309.4,30.336345898088066,1.1920081273281409,43.709255756514295,24.244390863606352,0.12479265591947174,0.3345821554810645,0.2537313432835821,0.1483369162231108,-0.6729188337033536,0.0,0.0,-2.4228362983108096,63.541666666666664,2.0,1554.0,11.0,0.0,0.0,4.0380604971846825,1.221356812281296,0.6976569841412823,0.513660754548815,6.0
2026-05-20T11:20:00+00:00,10841,resistance,24322.75,up,true,0,24338.9,31.19817579988206,1.0946236559139786,50.436812068847,23.52280188772011,0.12818235746020593,0.5176584715591771,0.5673076923076923,0.06410631226738459,0.29447053529796996,1.0,1.0,-0.5769568104064613,67.36111111111111,2.0,1720.0,11.0,0.0,0.0,4.279096343847921,1.1505376344086022,0.4729058941227764,1.4295915884083643,1.0
2026-05-20T11:35:00+00:00,10844,resistance,24415.85,up,true,0,24429.4,33.37820416630504,1.0354276766490507,65.20869390761985,22.85805119501906,0.13663128921015266,0.40595353580111115,0.8602150537634409,0.1348185174246943,2.922543012714077,1.0,1.0,3.909737005316135,76.73611111111111,2.0,149.0,11.0,0.0,0.0,3.9996160169325976,1.120897762119136,0.4324293983271395,3.9333432344033445,0.0
2026-05-20T12:00:00+00:00,10849,resistance,24439.2,up,true,0,24442.4,30.259534828345146,0.8397673188789001,65.20383154373599,25.542538861834515,0.12379936024426874,0.1057517909033809,0.23255813953488372,0.4791878025308357,3.4807322022304867,1.0,1.0,1.7349903195081984,89.93055555555556,2.0,481.0,12.0,0.0,0.0,5.849395934341926,0.8482284505552617,0.9105865703129059,4.566027213824595,2.0
2026-05-20T13:10:00+00:00,10863,channel_upper,24534.84,up,true,0,24540.9,24.945731227050988,0.7646969925948315,75.67670268443257,34.9955926110125,0.10164961850238168,0.24288458062396837,0.9090909090909091,0.06013052839972114,7.4295375148980405,1.0,1.0,2.6858302685208777,62.5,0.0,96.0,13.0,1.0,1.0,9.681015072355104,0.7505919097274696,1.992539712591387,8.948301727861448,0.0
2026-05-20T15:35:00+00:00,10892,channel_lower,24516.91,down,true,0,24513.4,23.536767838679822,1.2515188335358445,47.719129552437394,20.509686691145184,0.09601592532524995,0.14913309681388887,0.855072463768116,0.14870351035405016,4.814378160698538,1.0,0.0,0.7435175517702509,13.541666666666666,0.0,96.0,15.0,1.0,1.0,4.546078745109534,1.3740380720939651,-0.8948124171537044,-6.898757100139529,0.0
2026-05-20T17:15:00+00:00,10912,resistance,24660.0,up,fake,1,24687.9,50.2192539096867,2.263143356965289,72.36806518062215,18.347699804199053,0.20341646681040793,0.555563809254838,0.7572559366754618,0.9159833414236993,5.33621065133646,1.0,1.0,3.245767057653543,88.19444444444444,2.0,340.0,17.0,1.0,0.0,3.4648065523418192,1.2184267869748029,0.27841363594074975,6.197379131929952,1.0
2026-05-20T18:15:00+00:00,10924,channel_upper,24734.94,up,fake,1,24771.8,55.64152224662109,1.410433524110256,73.84690637881607,35.595922553977886,0.22461638737040138,0.6625215827026246,0.335,2.2734820129347177,5.797802712195532,1.0,1.0,2.262698699039336,98.95833333333334,0.0,96.0,18.0,1.0,1.0,5.292809903630627,0.6942525711027783,1.21538464826048,6.469252272073968,0.0
2026-05-21T01:05:00+00:00,10994,channel_lower,24705.25,down,fake,1,24667.1,21.424978521096797,1.323265012585401,24.07738304972625,22.678851971625487,0.08685649517412586,1.7806546347800387,0.8514056224900015,0.3127190999701455,3.21840078088711,0.0,0.0,4.130692589159686,51.041666666666664,0.0,96.0,1.0,0.0,1.0,4.210039226465613,0.8382276559191338,-0.16554332781833245,1.018685391598954,0.0
2026-05-21T01:25:00+00:00,10998,resistance,24660.0,up,true,0,24679.5,21.77594782228865,0.7463011314186249,34.8420236053219,29.6011110480774,0.08823496352150023,0.8954834094542091,0.8160000000000582,0.059698893963580524,3.6034920861809985,0.0,1.0,-2.9987213660184207,79.86111111111111,2.0,426.0,1.0,0.0,0.0,6.906702809328941,0.8181026979982593,-0.5226992371081887,0.16154978018799943,2.0
2026-05-21T09:45:00+00:00,11098,support,24673.35,down,fake,1,24660.7,23.07149998967088,1.3758454106280193,34.621652893954874,20.546261295453835,0.09355573844080207,0.5482955163583307,0.7804878048780488,0.1950458358587284,-0.9248668088880656,0.0,1.0,0.520122228956609,59.375,2.0,146.0,9.0,0.0,0.0,5.786359797142276,1.0705314009661835,0.7914476883058125,2.50219329548849,0.0
2026-05-21T10:25:00+00:00,11106,support,24646.35,down,fake,1,24603.7,29.703460159095886,1.2460587715979317,28.79492488625945,18.836888987348438,0.12072761478597076,1.435859653102987,0.9069767441860465,0.20199666866631566,-2.594703818814298,0.0,1.0,2.2556294667738586,54.166666666666664,2.0,97.0,10.0,0.0,0.0,4.137565096514959,1.5125909110018076,0.7060382887283838,3.5897209776252454,0.0
2026-05-21T10:35:00+00:00,11108,resistance,24660.0,up,true,0,24663.2,30.489207994322477,1.2062812276945039,45.44561708551506,19.768328921389507,0.12362227121509974,0.10495516973076549,0.7272727272727273,0.2295894337859973,-0.5573195559082148,0.0,0.0,-1.033152452036988,60.416666666666664,2.0,536.0,10.0,0.0,0.0,4.460594713556519,1.2681418034737093,-0.7913533572378875,-1.4628169136206852,3.0
2026-05-21T13:35:00+00:00,11144,support,24673.35,down,true,0,24610.7,41.91422725525748,1.8499548056643567,22.937639364262026,34.596740550454754,0.17030896014846175,1.4947191944744576,0.9329608938547486,0.03578737097704333,-2.5280356943066944,0.0,1.0,6.071923942438351,94.79166666666666,2.0,192.0,13.0,1.0,0.0,5.952632705848207,1.6430651802751832,-0.31312890210744343,3.0964619837813423,1.0
2026-05-21T13:35:00+00:00,11144,support,24646.35,down,true,0,24610.7,41.91422725525748,1.8499548056643567,22.937639364262026,34.596740550454754,0.17030896014846175,0.8505465168876777,0.9329608938547486,0.03578737097704333,-2.5280356943066944,0.0,1.0,6.071923942438351,94.79166666666666,2.0,135.0,13.0,1.0,0.0,5.952632705848207,1.6430651802751832,-0.31312890210744343,3.0964619837813423,1.0
2026-05-21T16:50:00+00:00,11183,resistance,24660.0,up,fake,1,24690.2,41.87997266658898,1.5920240544389936,63.08624152119413,24.796109253087817,0.16962184456419543,0.7211083980504527,0.8275862068965517,0.4536774689721282,0.2935911129092336,1.0,1.0,1.934098683512757,71.875,2.0,611.0,16.0,1.0,0.0,2.3042039871479143,1.1652687661549825,-0.579935237531405,-0.0014682161073007623,4.0
2026-05-21T17:00:00+00:00,11185,support,24673.35,down,true,0,24667.2,41.649058064558865,1.170709657978002,58.35049795782609,25.093132221616678,0.1688438820156275,0.14766240308400014,0.6043956043956044,0.04802029368587074,-0.25831154218835484,1.0,1.0,-2.9172328414166477,81.59722222222221,2.0,233.0,17.0,1.0,0.0,4.24979599119956,1.2405203154035458,0.39411073111008865,0.5514912127536737,2.0
2026-05-21T17:15:00+00:00,11188,support,24646.35,down,fake,1,24631.7,42.282427320639876,1.3006830402557767,51.48088424122446,23.534778510607033,0.17165858353520008,0.34647963535543097,0.49074074074074076,0.5203107152095985,-1.0771037868533064,0.0,1.0,-0.8514175339793429,82.63888888888889,2.0,179.0,17.0,1.0,0.0,4.221611939314242,1.098193092089328,0.18778608526933208,1.3561488402871655,2.0
2026-05-21T19:10:00+00:00,11211,support,24673.35,down,true,0,24670.0,30.720327082206683,0.8773576854143552,53.64238922064239,14.202930478695942,0.12452503884153501,0.10904831810657628,0.18604651162790697,0.3906208409789504,-0.1583526395087356,1.0,1.0,-0.7486899452096549,48.95833333333333,2.0,259.0,19.0,1.0,0.0,3.847615283642685,0.8198913259935705,0.005075478081382737,0.5042311310014557,3.0
2026-05-21T19:45:00+00:00,11218,support,24646.35,down,fake,1,24640.3,25.63501653415687,0.6970677240947512,45.303509275895884,12.422456528098031,0.10403694976991705,0.23600530906379835,0.7142857142857143,0.11702742598206284,-1.2979281229158315,0.0,1.0,0.9050120942613143,29.166666666666668,2.0,209.0,19.0,1.0,0.0,4.610880583693304,0.7200250443493688,-0.037057882691517205,1.73003912147166,3.0
2026-05-21T20:10:00+00:00,11223,resistance,24660.0,up,true,0,24732.8,29.470070495211647,2.102792771649847,69.01788869311386,15.533743718351035,0.11915379777142762,2.4703028793849664,0.62890625,1.5778720314753034,2.0239730864291303,1.0,1.0,2.5619212554061375,44.09722222222222,2.0,651.0,20.0,1.0,0.0,3.959949808025141,0.6492998513650943,0.08137716836224622,1.6377172226085746,5.0
2026-05-21T20:10:00+00:00,11223,resistance,24718.35,up,true,0,24732.8,29.470070495211647,2.102792771649847,69.01788869311386,15.533743718351035,0.11915379777142762,0.49032797537245765,0.62890625,1.5778720314753034,2.0239730864291303,1.0,1.0,2.5619212554061375,44.09722222222222,2.0,204.0,20.0,1.0,0.0,3.959949808025141,0.6492998513650943,0.08137716836224622,1.6377172226085746,0.0
2026-05-21T20:50:00+00:00,11231,resistance,24897.25,up,fake,1,24905.8,35.650374357756334,1.2591162591162592,85.40552417287523,35.478680464402274,0.14314085216197164,0.2398291786279399,0.53125,0.2945270614729337,6.1568482792472565,1.0,1.0,3.1836972835407598,95.83333333333334,2.0,295.0,20.0,1.0,0.0,7.433302027650232,1.0896610896610897,1.5382867313902044,5.999590498299826,0.0
2026-05-22T07:00:00+00:00,11341,resistance,24897.25,up,true,0,24902.3,16.644458058941265,1.3050706566916044,64.57232290235073,13.552158120750278,0.06683903920096243,0.3034042912131017,0.8902439024390244,0.0,5.918323140328163,1.0,1.0,2.1628820759748977,21.875,2.0,405.0,7.0,0.0,0.0,3.0941229697974233,0.659462454973677,0.08330942369630978,1.9282031569763096,2.0
2026-05-22T11:35:00+00:00,11396,resistance,24718.35,up,true,0,24736.4,39.10453939799453,1.40787554691298,43.29644013255639,27.297594877000872,0.15808500589412577,0.46158324015264074,0.5968992248062015,0.4603046162186257,-1.9492187357961912,0.0,0.0,0.4603046162186257,63.19444444444444,2.0,377.0,11.0,0.0,0.0,5.79216642075104,0.9917355371900827,-1.0053311245889816,-2.3264918417259044,1.0
2026-05-22T14:45:00+00:00,11434,channel_upper,24808.61,up,true,0,24812.4,22.861484925506034,1.6652120788968408,62.142190124179805,16.497965496768444,0.09213733828854134,0.16586322693796324,0.13157894736842105,1.4434757894130779,0.5887627355083371,1.0,1.0,2.4932763635316797,49.30555555555556,0.0,96.0,14.0,1.0,1.0,3.2368851035323565,0.9437365450631291,-0.10249903767414631,0.23994303982023202,0.0
2026-05-22T15:10:00+00:00,11439,resistance,24897.25,up,fake,1,24902.9,29.60575080778454,2.351834430856068,75.22886762981602,24.25582977709213,0.11888475160637732,0.19084130095818558,0.6420664206642066,1.6213066276089467,3.4552659575467315,1.0,1.0,3.2088360338093738,78.47222222222221,2.0,503.0,15.0,1.0,0.0,3.4959424157817915,1.0065851364063971,0.3047317103900681,3.180867656108557,3.0
2026-05-22T16:05:00+00:00,11450,resistance,24923.43,up,fake,1,24929.6,32.624697801272795,1.0588907947398514,67.70376076648415,41.97826063711057,0.13086731356007636,0.18901835364812666,0.7169811320754716,0.38314531144905606,3.6772672037911445,1.0,1.0,1.783924570106716,83.68055555555556,3.0,206.0,16.0,1.0,0.0,6.406189607428217,0.8766914427291785,1.210827161823514,3.4337233020188336,0.0
2026-05-22T17:50:00+00:00,11471,resistance,24897.25,up,fake,1,24913.6,27.753651196861938,0.5172413793103449,60.985302359776384,23.618475304852886,0.11139960181130763,0.5891116770195344,0.8076923076923077,0.10809388569166731,3.2345198865334113,1.0,1.0,2.5402063137541817,66.31944444444444,2.0,535.0,17.0,1.0,0.0,4.125583303898636,0.632788868723533,0.24241619620260965,2.9730838512455415,4.0
2026-05-22T18:25:00+00:00,11478,resistance,24923.43,up,fake,1,24931.6,23.123604547272826,0.676349447214394,64.05068848759115,22.731186244918607,0.09274817720191575,0.3531744650782574,0.7297297297297297,0.0,4.394874955930938,1.0,1.0,0.9081629102015031,71.52777777777779,3.0,234.0,18.0,1.0,0.0,4.584060403874253,0.7153696076306091,0.8389753622160593,4.207809502163487,1.0
2026-05-22T19:15:00+00:00,11488,channel_lower,24857.95,down,true,0,24855.5,21.872938953511955,0.9093711467324291,41.13382677059902,19.22206542142799,0.08800039811515341,0.11184528957938751,0.5277777777777778,0.3657487462934425,0.9861998439707518,0.0,0.0,0.8915125690902661,53.81944444444444,0.0,96.0,19.0,1.0,1.0,4.773021139129491,0.8785450061652281,-0.18971669388258872,-0.8729950067952299,0.0
2026-05-22T20:15:00+00:00,11500,support,24833.7,down,fake,1,24818.5,18.89621173994505,0.5259913704540785,32.2216749059893,22.386348746397662,0.0761376059791891,0.8043940345918928,0.78125,0.3969049512789705,-0.963787524476521,0.0,1.0,2.8577156492085876,13.88888888888889,2.0,165.0,20.0,1.0,0.0,5.186224696711881,0.667077597424834,0.27287417292879657,0.9970702540401144,0.0
2026-05-22T20:25:00+00:00,11502,resistance,24897.25,up,true,0,24901.0,22.47173359209548,1.9941118743866535,58.97594973536483,23.077100408776904,0.09024430180352387,0.16687631083874532,0.8955223880597015,0.20025157300649438,2.831372312609399,1.0,1.0,2.2250174778499376,24.65277777777778,2.0,566.0,20.0,1.0,0.0,5.673794568517341,0.8858357867190055,-0.17993894872093766,2.819202397048446,5.0
2026-05-25T01:05:00+00:00,11533,resistance,24897.25,up,true,0,24969.1,28.67073800134099,1.744208682110181,75.41328912150234,25.102816027218825,0.11482487555154568,2.506039432840479,0.7153284671531935,0.024415137132779322,4.575752721445775,1.0,1.0,5.305060511274056,90.27777777777779,2.0,597.0,1.0,0.0,0.0,2.842619537599209,1.0252417104665497,-0.40824405722157026,0.14300294606322234,6.0
2026-05-25T01:05:00+00:00,11533,resistance,24923.43,up,true,0,24969.1,28.67073800134099,1.744208682110181,75.41328912150234,25.102816027218825,0.11482487555154568,1.5927970415176727,0.7153284671531935,0.024415137132779322,4.575752721445775,1.0,1.0,5.305060511274056,90.27777777777779,3.0,289.0,1.0,0.0,0.0,2.842619537599209,1.0252417104665497,-0.40824405722157026,0.14300294606322234,2.0
2026-05-25T01:05:00+00:00,11533,resistance,24939.5,up,true,0,24969.1,28.67073800134099,1.744208682110181,75.41328912150234,25.102816027218825,0.11482487555154568,1.032411513042116,0.7153284671531935,0.024415137132779322,4.575752721445775,1.0,1.0,5.305060511274056,90.27777777777779,2.0,42.0,1.0,0.0,0.0,2.842619537599209,1.0252417104665497,-0.40824405722157026,0.14300294606322234,0.0
2026-05-25T08:55:00+00:00,11627,channel_lower,25179.82,down,true,0,25158.0,17.175678309305646,1.0998552821997107,41.95846852771956,38.51295547504914,0.06827123900670024,1.2703863550053909,0.8125,0.029110931806932132,8.631958997654435,1.0,0.0,3.14398063514867,15.625,0.0,96.0,8.0,0.0,1.0,5.181745861633919,1.0805595754944526,-1.417411323102923,-5.2081435639465905,0.0
2026-05-25T17:25:00+00:00,11729,channel_upper,25366.22,up,fake,1,25372.8,16.73362195681321,0.918918918918919,74.68770569216568,31.34136248992958,0.06595102612566689,0.3934918631301772,0.8205128205128205,0.08963988811694558,12.489405874087778,1.0,1.0,3.149348069175398,81.59722222222221,0.0,96.0,17.0,1.0,1.0,5.587553025956274,1.037037037037037,1.5202013042474973,12.365885450741764,0.0
2026-05-25T22:05:00+00:00,11785,channel_lower,25380.26,down,fake,1,25377.9,6.795096483106357,0.7038123167155426,41.42955658110404,13.209950884286464,0.026775645278397174,0.3468177300370375,0.7727272727265211,0.11773195597617077,17.3704807392991,1.0,0.0,0.4856443183998306,1.7361111111111112,0.0,96.0,22.0,0.0,1.0,5.577551414350478,1.2903225806451613,-0.5321058170789431,-25.329785391244773,0.0
2026-05-26T05:50:00+00:00,11854,channel_upper,25326.23,up,fake,1,25334.7,17.073305060484408,0.7019824504387391,56.81450160177402,12.888156939995541,0.06739098967220614,0.49603515640809137,0.6585365853659222,0.49199612905876877,2.2952991822085465,1.0,1.0,0.8961358065000905,24.65277777777778,0.0,96.0,5.0,0.0,1.0,3.2506887098534243,0.8103130755064457,-0.17304551080027814,0.922733634477935,0.0
2026-05-26T13:30:00+00:00,11946,channel_upper,25284.22,up,fake,1,25290.7,24.00576432121555,1.2828828828828829,65.66850364048798,23.15915144987601,0.09491933525452262,0.2698957598569922,0.9237668161436258,0.05415366003782569,0.2617917535042998,1.0,1.0,3.4991595716768495,87.5,0.0,96.0,13.0,1.0,1.0,4.657214763255586,0.9501501501501503,-0.3770051207200429,0.17942502167475902,0.0
2026-05-26T22:20:00+00:00,12052,channel_upper,25215.2,up,true,0,25218.4,9.621545848951618,0.8499382824898607,62.30220156615077,12.749713894308849,0.038152879837545665,0.33300616774274294,0.554216867470191,0.11432674304809377,-2.628517767832405,1.0,0.0,1.5590010415669775,19.09722222222222,0.0,96.0,22.0,0.0,1.0,4.198909471953877,0.856991712220067,-0.07921061728575239,-4.340898271680384,0.0
2026-05-27T03:05:00+00:00,12097,channel_upper,25267.24,up,fake,1,25271.2,8.890971472537446,3.2468619246861925,76.85630737775583,31.967121082079395,0.035182229069207024,0.4458515467106924,0.38129496402868474,0.3374209454238427,3.475147620254095,1.0,1.0,3.5429199269503484,69.09722222222221,0.0,96.0,3.0,0.0,1.0,7.42326079932454,1.4895397489539748,1.3451618590284073,3.5173539093483015,0.0
2026-05-27T08:50:00+00:00,12166,resistance,25278.8,up,fake,1,25280.4,15.092608127426264,1.1729740439865266,63.01369528592327,13.901511969561001,0.05970082802260353,0.10601216082028031,0.42857142857142855,0.36441680281921646,2.4496608228795584,1.0,1.0,1.232391369534222,72.22222222222221,2.0,475.0,8.0,0.0,0.0,4.253737952907993,1.4080972194703123,0.7033548993116323,2.2475975532173904,0.0
2026-05-27T12:15:00+00:00,12207,resistance,25374.9,up,fake,1,25382.2,25.464026737698816,0.824063919786934,63.82206217211441,20.304766143399494,0.10032237842936709,0.28667893240906067,0.4541284403670544,0.11388615123092233,4.409484528673746,1.0,1.0,1.7082922684651207,64.93055555555556,2.0,295.0,12.0,0.0,0.0,2.721486303554893,0.9300746775288526,0.8174104030416378,3.692046612070245,0.0
2026-05-27T13:30:00+00:00,12222,channel_lower,25342.92,down,fake,1,25340.2,20.044069149935595,1.0051444400474872,45.0175075585571,22.20286569803055,0.07909988535976667,0.13579679273665995,0.6492537313434437,0.07483510402900499,2.869702616676534,1.0,0.0,0.7782850819015794,49.30555555555556,0.0,96.0,13.0,1.0,1.0,3.6818871182270096,0.8389394538979027,-0.771754342989682,-2.07827150267133,0.0
2026-05-27T15:10:00+00:00,12242,support,25242.9,down,fake,1,25232.4,20.955640036309138,0.9183442660031667,25.634361202744316,26.829729200259475,0.08305052248818637,0.5010584254075275,0.7215909090906543,0.0763517600622036,-2.5342766355670685,0.0,1.0,2.786839242266525,100.0,2.0,407.0,15.0,1.0,0.0,6.952782150654965,0.9884641483827188,1.099119460727637,3.1852136928909958,0.0
2026-05-27T15:15:00+00:00,12243,resistance,25278.8,up,true,0,25293.3,24.544522890858538,1.6109154929577465,48.05118251344813,25.46694967307918,0.09703962270980275,0.5907631639236482,0.855337078651646,0.24445372300288895,0.3143297055843225,0.0,1.0,0.49705590343923717,99.65277777777779,2.0,552.0,15.0,1.0,0.0,6.0298585007379275,0.9580399061032864,-0.9270107274510034,-0.22591960944734868,1.0
2026-05-27T17:10:00+00:00,12266,support,25230.35,down,true,0,25227.1,28.27005109071538,1.0311542685393909,39.97338997212698,16.023840447631194,0.11206223105594927,0.11496265038825432,0.23696682464456612,0.27944767325137176,-1.9116554167960578,0.0,1.0,-0.15564174206402095,82.98611111111111,2.0,565.0,17.0,1.0,0.0,5.5535803418325935,1.063907673930216,0.8480611002072512,2.258778193440821,0.0
2026-05-27T17:20:00+00:00,12268,support,25210.05,down,true,0,25183.3,28.683360379239133,1.1919408544500254,31.504773977584506,17.76718507234525,0.11389833889616982,0.9325964477774895,0.9501084598698624,0.08018586279953448,-3.358487628415091,0.0,1.0,2.081346090927731,80.90277777777779,2.0,297.0,17.0,1.0,0.0,5.473556721535172,1.0162349267264894,0.9023195356616764,3.68878812567218,0.0
2026-05-27T17:30:00+00:00,12270,support,25173.35,down,fake,1,25157.2,34.37391787801727,1.2008078161672397,30.789753713016836,22.28181057803225,0.13663650119257018,0.469832972118841,0.44884169884170516,1.396407595152162,-3.5045313648956573,0.0,1.0,2.894636577450836,92.01388888888889,2.0,330.0,17.0,1.0,0.0,5.498354905911638,1.0672634317631862,0.8452289923958658,3.7570746275262223,0.0
2026-05-27T20:05:00+00:00,12301,support,25173.35,down,fake,1,25153.7,20.89626937014743,1.027489104927925,37.55637901200562,17.15672469898162,0.08307433646003343,0.9403592407776844,0.6624203821656279,0.1339952098817875,-4.728786881231434,0.0,1.0,1.9477160864965237,68.40277777777779,2.0,361.0,20.0,1.0,0.0,5.096603518719314,0.6827578500391105,0.6508108306287683,5.369971449477593,1.0
2026-05-27T21:20:00+00:00,12316,channel_upper,25184.58,up,true,0,25189.2,14.780280444413002,0.8397350993377484,56.106456976789154,15.375755035400008,0.05867705383423452,0.31285783024521613,0.6600000000002183,0.17591005866071735,-3.5039736738612444,0.0,0.0,1.2043073246778437,42.70833333333333,0.0,96.0,21.0,0.0,1.0,3.870021290537997,0.866225165562914,-0.8524049798487957,-4.880712505923058,0.0
2026-05-27T23:55:00+00:00,12347,resistance,25237.35,up,fake,1,25242.4,12.86768779978181,0.6509493010640517,72.6195042880189,14.04638581718724,0.05097648321784699,0.39245590028136523,0.804597701149358,0.0,0.7239729657744353,1.0,1.0,1.655309044750377,36.11111111111111,2.0,716.0,23.0,0.0,0.0,5.385582948412689,0.5424577508867098,0.8568375395612465,-1.2054281397065647,0.0
2026-05-28T01:05:00+00:00,12349,support,25242.9,down,true,0,25240.4,12.497138970219822,0.8563899868247695,67.61240525526213,14.449701596239125,0.049512444217285866,0.20004578695631048,0.5491803278687449,0.40009157391262096,0.5690811134236702,1.0,0.0,-0.9842252718252805,40.625,2.0,514.0,1.0,0.0,0.0,6.425470677036926,0.47870004391743526,-1.0055009944597504,0.1856859110863548,1.0
2026-05-28T01:25:00+00:00,12353,support,25230.35,down,true,0,25224.0,12.041383437329145,1.3584710743801653,51.442676585507584,12.568706261447884,0.04773780303413077,0.5273480437732008,0.8461538461538923,0.024914080808128,-0.7714241562798789,1.0,1.0,1.528063622902344,38.19444444444444,2.0,652.0,1.0,0.0,0.0,6.66866896299201,0.34607438016528924,-1.0651661074556016,1.0507661194289986,1.0
2026-05-28T02:30:00+00:00,12366,support,25210.05,down,true,0,25195.1,11.730795660363535,2.0197486535008977,30.333766611199437,14.572881021895551,0.04655982973023935,1.2744233582138307,1.0,0.0,-3.119085466853757,0.0,1.0,2.6511415679231427,34.375,2.0,395.0,2.0,0.0,0.0,3.657040940961373,1.4811490125673248,-0.18236604964727737,2.51675066451342,2.0
2026-05-28T03:10:00+00:00,12374,support,25172.27,down,true,0,25167.7,12.406423388012954,2.5371491469455147,24.379214147053332,27.816762026494892,0.049295022540847805,0.36808889426378577,0.7159763313609531,0.34659465226327185,-4.829585304535074,0.0,1.0,1.7168525798159737,73.61111111111111,3.0,434.0,3.0,0.0,0.0,6.416031237246652,2.0399926618968998,0.862552269386299,2.5384869882468513,2.0
2026-05-28T05:35:00+00:00,12403,support,25133.7,down,true,0,25128.1,17.537198843662292,0.7265774378585086,34.38335860250113,13.925428009744708,0.06979118534096208,0.3193212353879393,0.827205882352919,0.25089525637601573,-4.733592249688236,0.0,1.0,1.368519580233492,63.19444444444444,2.0,106.0,5.0,0.0,0.0,3.6493855472893117,0.7971760553022503,0.8614834907171157,2.623031676519338,0.0
2026-05-28T07:05:00+00:00,12421,resistance,24939.5,up,fake,1,24959.1,24.2094729769739,0.9631985461154021,24.9108527880704,53.36793198106273,0.09699657831001078,0.8096004410604265,0.7453083109918794,0.03304491596177273,-9.221650657646444,0.0,0.0,-0.7517718381276247,100.0,2.0,930.0,7.0,0.0,0.0,10.144789200227262,1.2668484022414053,-2.5884104492863846,-6.690888303420689,1.0
2026-05-28T08:30:00+00:00,12438,channel_upper,25037.75,up,true,0,25042.1,26.518478388738163,1.0593900481540932,62.44885419232891,40.72435241302261,0.10589558538915732,0.16402905517296038,0.9137254901960499,0.056564331407378876,-3.9468090856405738,1.0,0.0,3.669139630625282,82.63888888888889,0.0,96.0,8.0,0.0,1.0,5.694142695009473,0.918631929867885,-1.4200577020740615,-1.5531226701980156,0.0
2026-05-28T10:30:00+00:00,12462,support,25133.7,down,fake,1,25116.8,24.537087286940217,1.4540229885057472,62.27193929111515,40.983944808639905,0.09769193243940398,0.6887533064691188,0.67346938775518,0.14671668066790605,-0.6878451086964296,1.0,1.0,-0.06113195027831889,84.375,2.0,165.0,10.0,0.0,0.0,6.455533949390534,1.4693486590038314,-1.0689033671461836,-1.2361112975696416,1.0
2026-05-28T12:30:00+00:00,12486,support,25133.7,down,fake,1,25130.3,23.270479785196013,0.9210632625030298,48.197007049322224,17.62041768875129,0.09259929163279393,0.14610785988883795,0.8719008264463449,0.08594579993457378,-0.24554242665111442,1.0,1.0,1.323565318992405,18.75,2.0,189.0,12.0,0.0,0.0,3.80310164710489,0.8591204115159838,-0.8792051239694753,-1.2347431368910298,2.0
2026-05-28T17:15:00+00:00,12543,support,25172.27,down,true,0,25138.0,45.024066939591904,1.5208034433285509,61.68392936665023,25.088416203325238,0.17910759384036878,0.761074442978193,0.7445378151260382,0.10438861523341827,0.8334082710328374,1.0,0.0,-2.7985033020018437,91.66666666666666,3.0,603.0,17.0,1.0,0.0,6.205570020470707,1.1951654275901047,0.17580213271861625,-1.1818047260516102,3.0
2026-05-28T17:20:00+00:00,12544,support,25133.7,down,true,0,25122.3,43.89377644390682,1.3640109019458706,59.24643807151103,26.1995984359592,0.17472037370745044,0.2597179127334796,0.5376712328767238,0.24377032160070755,0.49224019846060746,1.0,0.0,-2.8181671758883784,94.44444444444444,2.0,247.0,17.0,1.0,0.0,6.365367089274068,1.287528258435275,0.08337910904168909,-0.844034686323813,3.0
2026-05-28T19:25:00+00:00,12569,support,25133.7,down,fake,1,25126.4,28.344389645510685,0.8610509006652216,59.92533918673949,14.863306380703937,0.11280720535178411,0.2575465582888457,0.7099999999998545,0.01764017522526516,1.0195310984462211,1.0,0.0,-1.5276391745080657,63.541666666666664,2.0,272.0,19.0,1.0,0.0,5.076842429831365,0.8525799137952512,-0.41501017306541305,-1.4584243005846085,4.0
2026-05-29T03:30:00+00:00,12654,support,25074.75,down,fake,1,25062.6,12.000524591708933,1.8811544991511036,25.141147278283285,26.046650211921786,0.04788220133469366,1.0124557395095706,0.9638989169676365,0.058330783345980894,-3.4897501982803245,0.0,1.0,3.38318543408114,30.90277777777778,2.0,47.0,3.0,0.0,0.0,3.5331788769713683,1.9694397283531409,0.3367408838142785,3.7492849163606303,0.0
2026-05-29T10:00:00+00:00,12732,support,25133.7,down,fake,1,25098.6,19.93371563077,3.727830832196453,36.22110870416661,14.823730374504947,0.07942162363944602,1.7608357944979043,1.0,0.0,-1.09388521910173,0.0,1.0,2.157149263914677,47.22222222222222,2.0,435.0,10.0,0.0,0.0,2.869510183626072,1.0050022737608004,-0.0936211243621703,1.1493592254885456,5.0
2026-05-29T10:00:00+00:00,12732,channel_lower,25126.63,down,fake,1,25098.6,19.93371563077,3.727830832196453,36.22110870416661,14.823730374504947,0.07942162363944602,1.406250531466042,1.0,0.0,-1.09388521910173,0.0,1.0,2.157149263914677,47.22222222222222,0.0,96.0,10.0,0.0,1.0,2.869510183626072,1.0050022737608004,-0.0936211243621703,1.1493592254885456,0.0
2026-05-29T12:45:00+00:00,12765,resistance,25176.75,up,fake,1,25185.8,23.621900549079047,1.0387710314557426,63.02290710416006,16.020379982375758,0.09379055082260261,0.38311904587000334,0.6006944444444343,0.35983556794423094,2.5366519993083236,1.0,1.0,0.7196711358884619,65.97222222222221,2.0,273.0,12.0,0.0,0.0,3.348587461692877,0.9851255791270422,0.21333029329693326,2.4495312129359377,0.0
2026-05-29T12:50:00+00:00,12766,support,25172.27,down,true,0,25158.8,24.598907652716207,1.1601857754302887,53.109749095418174,16.0158445969016,0.09777456656405,0.5474497834124975,0.7146739130434726,0.41871777988734993,1.3249764640261972,1.0,0.0,-0.3577394624280228,65.97222222222221,3.0,826.0,12.0,0.0,0.0,3.8294383364457723,0.9823027653826307,-0.25788175367763705,-1.2336341173234895,4.0
2026-05-29T13:00:00+00:00,12768,support,25133.7,down,true,0,25131.2,24.00058874137275,1.1219643337216596,44.9967856095863,14.574748066818097,0.09550116485234587,0.10416411142825194,0.7557603686634685,0.062498466856951165,0.19784127138414181,0.0,0.0,1.4707972533668872,68.40277777777779,2.0,471.0,13.0,1.0,0.0,3.9249037186165636,1.1034441556889802,-0.31976990590582915,-0.09646117372702262,6.0
2026-05-29T14:25:00+00:00,12785,support,25097.35,down,true,0,25083.0,22.501576176334492,1.0891384279042036,34.723147593618805,13.753674051810961,0.08970847257638437,0.6377331031188306,0.6440217391304673,0.053329597473389424,-1.886009038816488,0.0,1.0,2.0576336358469955,46.875,2.0,17.0,14.0,1.0,0.0,4.43080072341145,0.9612772864288318,0.3492084185628916,1.9856915805237771,0.0
2026-05-29T14:30:00+00:00,12786,support,25065.4,down,fake,1,25061.3,23.394320735167742,1.2343221182560222,30.153097391667472,15.999769523487524,0.09334839268181516,0.1752562105314226,0.6400000000000415,0.5043959229925752,-2.714333361865964,0.0,1.0,2.3296252375505966,60.06944444444444,2.0,1131.0,14.0,1.0,0.0,4.808859435310865,0.9622403610060388,0.41658279859194564,2.8072076199670444,0.0
2026-05-29T14:30:00+00:00,12786,support,25074.75,down,fake,1,25061.3,23.394320735167742,1.2343221182560222,30.153097391667472,15.999769523487524,0.09334839268181516,0.5749258613771967,0.6400000000000415,0.5043959229925752,-2.714333361865964,0.0,1.0,2.3296252375505966,60.06944444444444,2.0,179.0,14.0,1.0,0.0,4.808859435310865,0.9622403610060388,0.41658279859194564,2.8072076199670444,1.0
2026-05-29T16:30:00+00:00,12810,support,25065.4,down,fake,1,25042.3,24.61563255861277,1.8752320831786111,35.20085108956884,28.629800289291744,0.09829621304198405,0.9384280475018595,0.5846867749419826,0.04874950896116051,-3.0170176281297882,0.0,1.0,3.392153331878695,61.111111111111114,2.0,1155.0,16.0,1.0,0.0,4.326518920300372,1.0849114989478896,0.378840275695606,3.1068021525026612,1.0
2026-05-29T17:35:00+00:00,12823,support,25074.75,down,fake,1,25068.8,26.423704701849793,1.2106125122830003,49.02297063419088,23.261477866527898,0.10540474494929872,0.22517660059924138,0.9410029498525099,0.0,-1.5391267643404,0.0,1.0,-1.2488786251721105,82.29166666666666,2.0,216.0,17.0,1.0,0.0,3.788265163022013,1.1490337373075663,0.598977207837893,1.5725915910478399,2.0
2026-05-29T17:35:00+00:00,12823,support,25097.35,down,fake,1,25068.8,26.423704701849793,1.2106125122830003,49.02297063419088,23.261477866527898,0.10540474494929872,1.080469234807965,0.9410029498525099,0.0,-1.5391267643404,0.0,1.0,-1.2488786251721105,82.29166666666666,2.0,55.0,17.0,1.0,0.0,3.788265163022013,1.1490337373075663,0.598977207837893,1.5725915910478399,1.0
2026-05-29T17:50:00+00:00,12826,resistance,25130.25,up,true,0,25144.8,32.065553655234694,1.3778047301394785,65.36213367445103,24.787488316240538,0.12752359794166068,0.45375795336139435,0.6212389380531038,1.2911051044098505,1.111140606565773,1.0,1.0,2.731903554258383,83.33333333333334,2.0,189.0,17.0,1.0,0.0,3.1217299746719713,1.0980392156862746,-0.2908157073708368,1.0886317810246207,0.0
2026-05-29T17:50:00+00:00,12826,channel_upper,25111.67,up,true,0,25144.8,32.065553655234694,1.3778047301394785,65.36213367445103,24.787488316240538,0.12752359794166068,1.0330775805106087,0.6212389380531038,1.2911051044098505,1.111140606565773,1.0,1.0,2.731903554258383,83.33333333333334,0.0,96.0,17.0,1.0,1.0,3.1217299746719713,1.0980392156862746,-0.2908157073708368,1.0886317810246207,0.0
2026-05-29T18:10:00+00:00,12830,resistance,25176.75,up,fake,1,25181.8,32.202149571719,1.0080760639211868,70.65802716810191,31.529242526774212,0.12787866463763115,0.15682182919969886,0.8057553956834043,0.2018498791679583,2.201969725672978,1.0,1.0,3.2606518942516343,94.79166666666666,2.0,338.0,18.0,1.0,0.0,4.922031668941752,1.0890276266300092,0.25537249242778987,2.1759575466813827,1.0
2026-05-29T18:15:00+00:00,12831,support,25172.27,down,fake,1,25152.2,33.0305674594533,0.9891560043605485,61.70039897579012,33.24176252449813,0.13132277677282028,0.6075180722006944,0.6598173515981346,0.012109994794745064,1.2381601392830148,1.0,0.0,-2.313009005787937,95.48611111111111,3.0,891.0,18.0,1.0,0.0,4.862162910072411,1.0725419320289937,-0.3603041734649157,-1.2086063812513703,5.0
2026-05-29T18:25:00+00:00,12833,support,25133.7,down,true,0,25113.2,36.33860153391661,1.1063734290843805,51.08430868788744,33.64251478235544,0.14469920812129322,0.56413838548152,0.90308988764043,0.1623617792361848,0.0336605077144372,1.0,0.0,0.7265001647176046,96.52777777777779,2.0,536.0,18.0,1.0,0.0,4.620430971821754,1.0042639138240574,-0.47528133079760243,-0.0019239455670469383,7.0
2026-05-29T20:25:00+00:00,12857,support,25097.35,down,true,0,25090.8,20.504103325091318,0.7192188616337224,45.79647099983543,11.06536932979121,0.08171960768525244,0.3194482536568129,0.5037037037036498,0.31700971736939154,-0.8898441332673412,0.0,1.0,0.28287020934496004,10.069444444444445,2.0,89.0,20.0,1.0,0.0,6.686466500206634,0.7676430896245138,-0.013449964088707432,0.9872622686529869,2.0
2026-05-29T20:50:00+00:00,12862,support,25065.4,down,fake,1,25062.0,18.291176920113397,0.8646251905223776,35.02141710304387,14.401075395730652,0.07298370808440426,0.18588197002581816,0.9613526570048674,0.04373693412366342,-2.4956289012315493,0.0,1.0,1.9408264517393294,29.51388888888889,2.0,1207.0,20.0,1.0,0.0,2.410998493569059,0.8452265484273244,0.2504300735465763,2.6569062554586576,2.0
2026-05-29T20:50:00+00:00,12862,support,25074.75,down,fake,1,25062.0,18.291176920113397,0.8646251905223776,35.02141710304387,14.401075395730652,0.07298370808440426,0.6970573875965197,0.9613526570048674,0.04373693412366342,-2.4956289012315493,0.0,1.0,1.9408264517393294,29.51388888888889,2.0,255.0,20.0,1.0,0.0,2.410998493569059,0.8452265484273244,0.2504300735465763,2.6569062554586576,3.0
2026-06-01T03:05:00+00:00,12912,support,25097.35,down,fake,1,25095.8,12.27475069160708,2.7038099139696845,62.073142490884216,22.649846057453285,0.04891157361633055,0.12627547711083797,0.15827338129502053,0.22811053929704542,0.36295932533443903,1.0,0.0,-0.26069775919675037,32.63888888888889,2.0,144.0,3.0,0.0,0.0,8.057190120172557,1.8899358186535573,-0.8225734169401613,-1.786978106105132,3.0
2026-06-01T05:40:00+00:00,12943,support,25133.7,down,fake,1,25131.5,11.37594304961819,0.6836181742392663,57.73980821619951,28.622081814275838,0.04526567474929148,0.19339056027311652,0.9583333333333334,0.0439524000620574,2.883331273748807,1.0,0.0,0.0439524000620574,26.38888888888889,2.0,646.0,5.0,0.0,0.0,5.0721069671614885,0.850354314297624,-1.2880988569715472,-3.123483257764311,8.0
2026-06-01T06:35:00+00:00,12954,channel_lower,25108.4,down,true,0,25107.0,11.72872333467044,1.301775147928994,38.57232750882347,22.264317808585865,0.046714953338393435,0.11954344563575273,0.9545454545454546,0.0,0.45668976453801435,0.0,0.0,2.3020408299842177,9.375,0.0,96.0,6.0,0.0,1.0,3.256961470570326,0.9138724523339908,-0.6027746682901916,-0.5809557729361604,0.0
2026-06-01T06:40:00+00:00,12955,support,25097.35,down,fake,1,25089.0,12.176671667908264,1.1846001974333662,31.00863540845269,23.30125684494444,0.048533905966392704,0.6857374681461643,1.0,0.0,-1.0280153196014605,0.0,1.0,3.284969907287587,33.33333333333333,2.0,187.0,6.0,0.0,0.0,3.1371462614597054,1.0628496215860481,-0.4209577642675368,0.9128925078597165,4.0
2026-06-01T07:40:00+00:00,12967,resistance,25130.25,up,fake,1,25133.0,11.567711849894387,1.0287303058387396,60.92924915278373,19.972090139507436,0.04602598913736675,0.23773067964388372,0.625,0.25934255961150954,2.680834864737273,1.0,1.0,2.506978076244592,57.291666666666664,2.0,330.0,7.0,0.0,0.0,5.705536311453209,0.7661414890330553,-0.22751189683065196,2.827033238513915,1.0
2026-06-01T09:25:00+00:00,12988,support,25097.35,down,fake,1,25075.8,13.661504923866584,1.2025316455696202,30.943410559024755,12.129298789560867,0.05448083380736241,1.577425043587367,0.9142857142857143,0.07319837789268771,-2.1219287436784517,0.0,1.0,3.7477569481056636,34.02777777777778,2.0,220.0,9.0,0.0,0.0,2.766898684343542,1.0689170182841068,-0.09175441206248235,1.9960920141997713,5.0
2026-06-01T10:05:00+00:00,12996,resistance,25130.25,up,fake,1,25142.8,21.563300379624675,2.861695347355003,62.58103265055274,20.89169004605819,0.08576332142651047,0.5820073819431585,0.3469387755102041,0.18550036077870669,1.7871275109901537,1.0,1.0,3.1535061332380137,72.22222222222221,2.0,359.0,10.0,0.0,0.0,3.7563823057688106,1.8929254302103249,-0.26212662046200624,1.8548083082237123,2.0
2026-06-01T10:10:00+00:00,12997,support,25133.7,down,true,0,25130.8,23.094493209651485,2.003621001810501,57.50146425951069,20.255360891348836,0.09189716686158612,0.12557106032487034,0.2558139534883721,0.9093076782141221,1.1376012299378118,1.0,0.0,-1.9918168189452197,73.95833333333334,2.0,700.0,10.0,0.0,0.0,3.8970329066319516,2.426071213035607,0.2232629999664805,-1.1838163082031135,9.0
2026-06-01T12:25:00+00:00,13024,resistance,25200.23,up,fake,1,25203.8,23.046816640575347,0.9356994699239457,66.2242515676994,19.107382485899414,0.09144183274179032,0.15475745402453367,0.8181818181818182,0.04338994038072217,3.9003353954835314,1.0,1.0,2.429836661320442,89.23611111111111,3.0,716.0,12.0,0.0,0.0,4.642723620737272,0.8988246139663517,0.7559844718721294,3.887760442517261,0.0
2026-06-01T12:25:00+00:00,13024,resistance,25179.43,up,fake,1,25203.8,23.046816640575347,0.9356994699239457,66.2242515676994,19.107382485899414,0.09144183274179032,1.0572682139435232,0.8181818181818182,0.04338994038072217,3.9003353954835314,1.0,1.0,2.429836661320442,89.23611111111111,3.0,532.0,12.0,0.0,0.0,4.642723620737272,0.8988246139663517,0.7559844718721294,3.887760442517261,2.0
2026-06-01T12:25:00+00:00,13024,resistance,25192.85,up,fake,1,25203.8,23.046816640575347,0.9356994699239457,66.2242515676994,19.107382485899414,0.09144183274179032,0.47511984716893935,0.8181818181818182,0.04338994038072217,3.9003353954835314,1.0,1.0,2.429836661320442,89.23611111111111,2.0,281.0,12.0,0.0,0.0,4.642723620737272,0.8988246139663517,0.7559844718721294,3.887760442517261,0.0
2026-06-01T12:40:00+00:00,13027,support,25172.27,down,true,0,25160.8,23.06518081608748,0.8585981081736599,51.469470767016745,18.76793326015812,0.09167109478270755,0.49714185022411594,0.6190476190476191,0.043355393914905754,1.9478569542687703,1.0,0.0,1.3440172113620783,90.27777777777779,3.0,1087.0,12.0,0.0,0.0,5.5061350271930305,0.8602150537634409,-0.9276084458887582,-1.9471434167651005,6.0
2026-06-01T13:55:00+00:00,13042,support,25230.35,down,true,0,25209.8,22.49550682757226,1.2420566146735992,58.981373389377154,20.476784656300214,0.0892331824432255,0.9135157592809413,0.8,0.0444533216195121,3.7757279343153187,1.0,0.0,-0.9779730756292662,92.36111111111111,2.0,1341.0,13.0,1.0,0.0,5.556665202439013,1.1149624494511843,-0.8685452278090958,-3.8691926110025987,2.0
2026-06-01T14:35:00+00:00,13050,resistance,25240.5,up,fake,1,25244.8,22.16641007176296,1.1068909386869235,66.79491721514087,19.358382480817067,0.0878058454484209,0.1939872079456338,0.9772727272727273,0.045113304173410834,5.152589040494484,1.0,1.0,2.6616849462312393,80.20833333333334,3.0,1419.0,14.0,1.0,0.0,5.90984284671682,0.9423042141436063,0.9410407214022376,5.2882564592289,1.0
2026-06-01T14:35:00+00:00,13050,channel_upper,25237.29,up,fake,1,25244.8,22.16641007176296,1.1068909386869235,66.79491721514087,19.358382480817067,0.0878058454484209,0.338837764902303,0.9772727272727273,0.045113304173410834,5.152589040494484,1.0,1.0,2.6616849462312393,80.20833333333334,0.0,96.0,14.0,1.0,1.0,5.90984284671682,0.9423042141436063,0.9410407214022376,5.2882564592289,0.0
2026-06-01T14:40:00+00:00,13051,support,25242.9,down,fake,1,25227.8,22.083095066637036,1.1408488780751556,60.68260108008029,20.494332618812713,0.08753476350152227,0.6837809625162165,0.8095238095238095,0.13585052235419554,4.35840600395027,1.0,0.0,-1.9019073129587376,69.44444444444444,2.0,1216.0,14.0,1.0,0.0,5.932139476133205,0.9930611877083897,-0.9448405887175091,-4.499271775155597,2.0
2026-06-01T15:45:00+00:00,13064,resistance,25278.8,up,fake,1,25299.8,23.864733256911844,1.5634423567617721,70.03862272938136,26.63018859912537,0.09432775459454953,0.8799595526138075,0.8666666666666667,0.08380567167750548,6.485063515083183,1.0,1.0,3.4779353746164774,92.36111111111111,2.0,1373.0,15.0,1.0,0.0,4.609311942262801,1.1335343694425113,1.111877320879317,6.6796680135510105,2.0
2026-06-01T16:00:00+00:00,13067,support,25230.35,down,true,0,25225.8,25.56225180956098,1.0759919300605245,48.78240566116144,26.969803392234184,0.10133376071149768,0.17799683822445753,0.8095238095238095,0.3129614738012941,3.03279965035085,1.0,0.0,0.4694422107019411,80.90277777777779,2.0,1366.0,16.0,1.0,0.0,5.007383580820705,1.201524321900919,-1.025053669113262,-3.2274997343299034,3.0
2026-06-01T16:10:00+00:00,13069,support,25065.4,down,fake,1,25053.8,42.30622732559085,3.5274102079395084,26.138109053477052,27.538216664299448,0.16886151931280224,0.274191312563231,0.6653543307086615,1.938248933636268,-2.2280189963465684,0.0,1.0,5.223817247970917,98.95833333333334,2.0,1414.0,16.0,1.0,0.0,3.025559311041979,0.8481411468178954,-0.4073177643283981,2.0869350317026916,3.0
2026-06-01T16:10:00+00:00,13069,support,25172.27,down,fake,1,25053.8,42.30622732559085,3.5274102079395084,26.138109053477052,27.538216664299448,0.16886151931280224,2.800218174854924,0.6653543307086615,1.938248933636268,-2.2280189963465684,0.0,1.0,5.223817247970917,98.95833333333334,3.0,1129.0,16.0,1.0,0.0,3.025559311041979,0.8481411468178954,-0.4073177643283981,2.0869350317026916,7.0
2026-06-01T16:10:00+00:00,13069,support,25133.7,down,fake,1,25053.8,42.30622732559085,3.5274102079395084,26.138109053477052,27.538216664299448,0.16886151931280224,1.8886108511895199,0.6653543307086615,1.938248933636268,-2.2280189963465684,0.0,1.0,5.223817247970917,98.95833333333334,2.0,772.0,16.0,1.0,0.0,3.025559311041979,0.8481411468178954,-0.4073177643283981,2.0869350317026916,10.0
2026-06-01T16:10:00+00:00,13069,support,25075.5,down,fake,1,25053.8,42.30622732559085,3.5274102079395084,26.138109053477052,27.538216664299448,0.16886151931280224,0.5129268519501028,0.6653543307086615,1.938248933636268,-2.2280189963465684,0.0,1.0,5.223817247970917,98.95833333333334,3.0,462.0,16.0,1.0,0.0,3.025559311041979,0.8481411468178954,-0.4073177643283981,2.0869350317026916,4.0
2026-06-01T16:10:00+00:00,13069,support,25097.35,down,fake,1,25053.8,42.30622732559085,3.5274102079395084,26.138109053477052,27.538216664299448,0.16886151931280224,1.0293992812177812,0.6653543307086615,1.938248933636268,-2.2280189963465684,0.0,1.0,5.223817247970917,98.95833333333334,2.0,301.0,16.0,1.0,0.0,3.025559311041979,0.8481411468178954,-0.4073177643283981,2.0869350317026916,6.0
2026-06-01T16:20:00+00:00,13071,support,25056.3,down,true,0,25010.8,46.64159396951456,2.3992413466097675,26.088868301426672,32.09382252744182,0.18648581400640749,0.9755241218758365,0.8395061728395061,0.23584099649745496,-2.899147906733986,0.0,1.0,5.681624006529597,100.0,2.0,401.0,16.0,1.0,0.0,7.075229894923649,1.969337758811443,-0.0378372601389914,2.7289588897750345,0.0
2026-06-01T16:20:00+00:00,13071,support,25024.5,down,true,0,25010.8,46.64159396951456,2.3992413466097675,26.088868301426672,32.09382252744182,0.18648581400640749,0.2937292410923004,0.8395061728395061,0.23584099649745496,-2.899147906733986,0.0,1.0,5.681624006529597,100.0,2.0,269.0,16.0,1.0,0.0,7.075229894923649,1.969337758811443,-0.0378372601389914,2.7289588897750345,0.0
2026-06-01T16:20:00+00:00,13071,support,25015.75,down,true,0,25010.8,46.64159396951456,2.3992413466097675,26.088868301426672,32.09382252744182,0.18648581400640749,0.10612844842387034,0.8395061728395061,0.23584099649745496,-2.899147906733986,0.0,1.0,5.681624006529597,100.0,2.0,186.0,16.0,1.0,0.0,7.075229894923649,1.969337758811443,-0.0378372601389914,2.7289588897750345,0.0
2026-06-01T17:00:00+00:00,13079,resistance,24939.5,up,true,0,24950.8,48.75759467031945,1.118661787767904,29.043367726825366,46.041526089105474,0.19541495531333444,0.23175876653484714,0.3777777777777662,0.12305775214240464,-3.740455518028998,0.0,0.0,-0.4307021324984162,100.0,2.0,1588.0,17.0,1.0,0.0,7.896205762470964,1.2336644014636697,-1.5596323366598333,-3.4135536087004468,2.0
2026-06-01T18:00:00+00:00,13091,resistance,24923.43,up,true,0,24956.8,44.391337524383935,0.7071314102564102,40.755854297465,34.62760950262661,0.17787271414758277,0.7516481486582113,0.65,0.09010767016882112,-3.50643302190362,0.0,0.0,0.15768842279543696,82.29166666666666,3.0,1847.0,18.0,1.0,0.0,8.244851820447133,0.6310096153846154,-1.5758049459220504,-3.1713312443220536,3.0
2026-06-01T18:40:00+00:00,13099,support,25024.5,down,true,0,25017.8,41.47879063206718,0.5646943285047876,53.215007589822214,24.71721391957416,0.16579711498240127,0.16152833527458174,0.6,0.02410870675739764,-2.0576649717803783,0.0,1.0,-0.9884569770533033,85.41666666666666,2.0,297.0,18.0,1.0,0.0,4.170806269029792,1.2022260414109174,0.9953146925547973,1.7530585295312695,1.0
2026-06-01T18:45:00+00:00,13100,support,25015.75,down,true,0,25001.8,40.15887701549096,0.4939851548502688,49.90756995809011,24.093865542023124,0.1606239431380579,0.3473702712010505,0.7391304347826086,0.0996043788390057,-2.4986008008286533,0.0,1.0,-1.0209448830998085,85.76388888888889,2.0,215.0,18.0,1.0,0.0,4.307889384786996,1.2012626908966813,0.9222867641838073,2.2002104245335876,1.0
2026-06-01T20:30:00+00:00,13121,support,25075.5,down,fake,1,25071.8,29.529082689556223,2.340477950234048,62.63070420954991,23.576926010471883,0.11777807213505304,0.12530020112373266,0.5853658536585366,0.16932459611311895,-0.45411604602156885,1.0,1.0,-1.5577862842406944,90.625,3.0,514.0,20.0,1.0,0.0,5.147467721838816,0.5042292847170896,-0.1569667399383605,0.40464057638311013,5.0
2026-06-01T22:50:00+00:00,13149,support,25097.35,down,true,0,25089.8,14.323113308180384,1.7104377104377104,45.60978364220995,34.06395314258704,0.05708739530877242,0.5271200358156232,0.6666666666666666,0.13963444657368845,-0.11372099685278968,1.0,1.0,2.094516698605327,10.76388888888889,2.0,381.0,22.0,0.0,0.0,2.164333921892171,1.122334455667789,-1.116704462143454,-0.3255130852410067,7.0
2026-06-01T23:25:00+00:00,13156,support,25075.5,down,fake,1,25071.9,12.053514233919312,0.7197943444730077,37.65204650357829,27.871514209728172,0.04807579096087377,0.29866808385789506,0.6521739130433407,0.19911205590546457,-1.5612740162219212,0.0,1.0,0.9043005872365889,36.80555555555556,3.0,549.0,23.0,0.0,0.0,4.587873621485571,1.0317052270779776,-0.29071518370823335,1.092102371020641,6.0
2026-06-01T23:55:00+00:00,13162,support,25065.4,down,true,0,25061.9,11.890757529535321,1.7208271787296898,34.18565989367352,24.787862985390127,0.047445554924149085,0.2943462593788822,0.4855072463766263,0.3952649768802744,-2.337769376190435,0.0,1.0,0.840989312511092,44.09722222222222,2.0,1507.0,23.0,0.0,0.0,5.2225436306937585,1.89561792220581,0.23597686611527532,1.9264942762391428,4.0
2026-06-02T01:00:00+00:00,13163,support,25056.3,down,true,0,25037.9,13.0057034202828,2.0027247956403267,25.58868079294291,26.13422421322737,0.05194406647635304,1.4147639235954315,0.65625,0.2691127028578586,-3.9430737173014023,0.0,1.0,2.9602397314364444,49.65277777777778,2.0,493.0,1.0,0.0,0.0,5.3514983196875905,1.5349682107175295,0.34478273408383336,0.23066803102130137,1.0
2026-06-02T01:10:00+00:00,13165,support,25024.5,down,true,0,25019.6,13.854917745039717,0.9967561191388971,21.0680006306967,29.881756354343498,0.05537625599545843,0.35366503722158393,0.6893939393940668,0.0,-4.929385290706791,0.0,1.0,4.3811158692538825,65.625,2.0,363.0,1.0,0.0,0.0,7.9971604334978785,1.88538287624103,0.6395830529358606,0.8866504659071961,2.0
2026-06-02T01:25:00+00:00,13168,support,25015.75,down,true,0,25009.8,12.872723865106535,0.9829763866007688,19.640675900927917,35.15122792391342,0.0514707189386022,0.462217636480893,0.9081632653060012,0.015536727276723294,-5.902639510691311,0.0,1.0,4.047317455571863,78.125,2.0,283.0,1.0,0.0,0.0,8.817092729508392,0.8987735676368296,1.1387122931777123,1.3146378784266142,2.0
2026-06-02T03:05:00+00:00,13188,support,25003.65,down,fake,1,24983.0,11.365560682107587,3.0639161312140684,24.799054445082774,44.092166172836514,0.045493178089531225,1.816892327407133,0.7152777777777454,0.5279106036049409,-7.7956730553744125,0.0,1.0,2.4195902665226456,7.291666666666667,2.0,674.0,3.0,0.0,0.0,4.082508667878018,1.386540412580318,1.5168008845716245,2.5847649606646796,0.0
2026-06-02T03:40:00+00:00,13195,support,25015.75,down,true,0,25013.4,15.943859709622929,0.9224426694150991,48.25415262509759,32.701706322367976,0.0637412735158872,0.14739216493357632,0.44,0.6899207720299333,-3.400441568803087,0.0,1.0,-1.4864656633736293,21.180555555555554,2.0,310.0,3.0,0.0,0.0,3.9137323795153494,1.145752812848922,0.7777465797423923,-0.14892845429332977,3.0
2026-06-02T04:45:00+00:00,13208,support,25024.5,down,fake,1,25013.4,21.423220071765687,0.6251276813074566,47.45698393165172,19.3417304841987,0.08564697350926177,0.5181293924449561,0.6101694915254238,0.5134615600806545,-2.268470149255967,0.0,1.0,0.7935315019428296,38.54166666666667,2.0,406.0,4.0,0.0,0.0,3.9629896773498463,0.930200885257065,0.09281274849001656,0.04348668653467998,3.0
2026-06-02T05:25:00+00:00,13216,channel_upper,25041.99,up,true,0,25046.4,20.142212778601266,0.7697241821680565,57.25159681636951,16.090997933739057,0.0804195923510016,0.21880943917403003,0.6333333333333333,0.24823489131799423,-0.6605551355580604,1.0,0.0,1.6879972609623608,37.5,0.0,96.0,5.0,0.0,1.0,4.145522685010504,0.9407740004276246,0.11762324711092872,1.4623261929185067,0.0
2026-06-02T06:00:00+00:00,13223,support,25056.3,down,fake,1,25052.9,16.633475668882795,0.8220576972172581,58.20744518719237,21.75692125593586,0.06639341421106057,0.20440706847327128,0.4117647058823529,0.09017958903238346,-0.37871944663434365,1.0,1.0,-0.3907782191403283,25.34722222222222,2.0,553.0,6.0,0.0,0.0,4.629218903662351,0.7505744191983661,-0.4913352489239935,-1.9793702430578402,2.0
2026-06-02T06:45:00+00:00,13232,resistance,25064.35,up,true,0,25071.9,17.148654438644268,0.9216867469879518,62.556914335437526,18.26563585394787,0.06839790537870791,0.4402677788520296,0.7307692307692307,0.14578403273240392,0.7789340662031308,1.0,1.0,1.1371154553127507,13.88888888888889,2.0,123.0,6.0,0.0,0.0,3.9070120772284254,1.1606425702811245,0.4562779337166258,2.846452579552506,0.0
2026-06-02T09:05:00+00:00,13260,resistance,25130.25,up,true,0,25134.2,15.520690628881196,1.669477234401349,64.54382385524147,48.01797749095093,0.06175128163570432,0.2544989842559256,0.8,0.2577204903857,4.139451677488596,1.0,1.0,1.146856182216318,26.38888888888889,2.0,623.0,9.0,0.0,0.0,4.316818213960475,1.031478358628443,1.457271506460974,6.123890403317177,3.0
2026-06-02T09:10:00+00:00,13261,support,25133.7,down,fake,1,25126.2,15.55492701253254,1.4239218877135882,59.79560746785488,48.56758689931295,0.06190720050199608,0.4821623395569315,0.5,0.32144155970462096,3.580053811352185,1.0,0.0,0.09000363671715354,19.444444444444446,2.0,964.0,9.0,0.0,0.0,4.307316900041921,1.2123677786818552,-1.4293121446411776,-5.537347497595782,11.0
2026-06-02T09:50:00+00:00,13269,channel_upper,25166.52,up,true,0,25169.2,16.2686077664175,1.353542474444836,70.40317700568622,52.81134047973088,0.06463696806580066,0.16468912378105705,0.6071428571428571,0.0,5.702079519324775,1.0,1.0,1.6596380211301667,25.694444444444443,0.0,96.0,9.0,0.0,1.0,4.474875849565738,1.1209023616496299,1.401846920883138,7.492994263414241,0.0
2026-06-02T09:55:00+00:00,13270,resistance,25180.03,up,true,0,25182.2,16.32085006881625,1.563758389261745,73.60383794111942,54.09320267270942,0.06481105728973739,0.13326511737001853,0.7647058823529411,0.0612713183310635,6.415873419267613,1.0,1.0,2.8797519615599843,36.80555555555556,4.0,778.0,9.0,0.0,0.0,4.276738019508188,1.029082774049217,1.491054095886029,8.165477911629877,3.0
2026-06-02T10:00:00+00:00,13271,resistance,25200.23,up,true,0,25209.2,18.297932206757945,3.2826214160327676,78.74499508853283,55.87337973924532,0.07258434304443594,0.49003715640368956,0.5681818181818182,0.32790590391323177,7.126594111434376,1.0,1.0,3.9348708469587814,62.84722222222222,3.0,963.0,10.0,0.0,0.0,4.579752457988097,1.1117612638970158,1.4728207079749343,8.518577523301074,1.0
2026-06-02T10:00:00+00:00,13271,resistance,25192.85,up,true,0,25209.2,18.297932206757945,3.2826214160327676,78.74499508853283,55.87337973924532,0.07258434304443594,0.8935435881636759,0.5681818181818182,0.32790590391323177,7.126594111434376,1.0,1.0,3.9348708469587814,62.84722222222222,2.0,528.0,10.0,0.0,0.0,4.579752457988097,1.1117612638970158,1.4728207079749343,8.518577523301074,1.0
2026-06-02T10:15:00+00:00,13274,resistance,25240.5,up,fake,1,25251.2,20.139051406066766,2.0147303397481586,84.46449421684991,61.17698605582882,0.07975482910145563,0.5313060572841787,0.8181818181818182,0.1489643151263951,8.340636754194051,1.0,1.0,4.965477170879836,89.93055555555556,3.0,1643.0,10.0,0.0,0.0,6.097605965840403,2.0527441197434073,1.732673957947536,9.343975807491795,2.0
2026-06-02T10:20:00+00:00,13275,support,25242.9,down,fake,1,25231.2,20.771976305633427,1.8711111111111112,73.97246828042947,62.931606501635486,0.08232654929465671,0.5632588747382525,0.6896551724137931,0.19256713666263847,7.0527785555640445,1.0,0.0,-2.984790618270896,90.625,2.0,1440.0,10.0,0.0,0.0,6.816876637857507,1.717037037037037,-1.7820258029912595,-7.924700239812762,3.0
2026-06-02T10:25:00+00:00,13276,support,25230.35,down,fake,1,25219.2,21.002549426659613,1.6519546027742749,68.4762839735564,62.853884810634646,0.08327999867822775,0.5308879304835512,0.5,0.4285194057715602,6.340270240491819,1.0,0.0,-1.761690890394192,90.625,2.0,1575.0,10.0,0.0,0.0,6.837265185421887,1.667367241137733,-1.8501896610336537,-7.129019164619174,4.0
2026-06-02T10:40:00+00:00,13279,resistance,25249.2,up,true,0,25268.2,21.833309435266465,0.8349514563106796,76.36260194953033,63.969285263776726,0.08640627126295684,0.8702299601594097,0.8076923076923077,0.22900788425247626,8.116023105876906,1.0,1.0,2.015269381421791,92.36111111111111,3.0,1208.0,10.0,0.0,0.0,6.577106435731218,1.2129449838187703,2.1246257945374247,8.81883569535553,0.0
2026-06-02T10:50:00+00:00,13281,resistance,25278.8,up,true,0,25305.2,23.218516808979757,1.087881591119334,80.9591777725878,65.46616089611017,0.09175393519505776,1.1370235324330131,0.7857142857142857,0.08613814639643563,9.056705233516594,1.0,1.0,3.1871114166681185,93.75,2.0,1590.0,10.0,0.0,0.0,6.882437897075176,0.9596053037311131,2.270302446360983,9.64211396819201,3.0
2026-06-02T10:50:00+00:00,13281,resistance,25301.8,up,true,0,25305.2,23.218516808979757,1.087881591119334,80.9591777725878,65.46616089611017,0.09175393519505776,0.14643484887400326,0.7857142857142857,0.08613814639643563,9.056705233516594,1.0,1.0,3.1871114166681185,93.75,2.0,1322.0,10.0,0.0,0.0,6.882437897075176,0.9596053037311131,2.270302446360983,9.64211396819201,0.0
2026-06-02T12:45:00+00:00,13304,resistance,25240.5,up,fake,1,25260.2,23.784400110134225,0.8682218445852001,53.29698582565115,28.208413200248483,0.09415760805589118,0.8282739908839161,0.9545454545454546,0.04204436501948657,5.4185589145570745,1.0,1.0,0.08408873003897314,60.763888888888886,3.0,1673.0,12.0,0.0,0.0,6.979364593234771,0.9434059426335033,0.6497897094189174,5.419897983249088,3.0
2026-06-02T12:45:00+00:00,13304,resistance,25249.2,up,fake,1,25260.2,23.784400110134225,0.8682218445852001,53.29698582565115,28.208413200248483,0.09415760805589118,0.4624880152143523,0.9545454545454546,0.04204436501948657,5.4185589145570745,1.0,1.0,0.08408873003897314,60.763888888888886,3.0,1233.0,12.0,0.0,0.0,6.979364593234771,0.9434059426335033,0.6497897094189174,5.419897983249088,1.0
2026-06-02T13:00:00+00:00,13307,support,25242.9,down,fake,1,25235.2,23.380221225205865,0.8312958435207825,46.047689341993824,25.114456586079818,0.09264924084297277,0.3293382011158848,0.3684210526315789,0.4277119495011087,4.297423836066844,1.0,0.0,-0.21385597475055435,26.73611111111111,2.0,1472.0,13.0,1.0,0.0,7.100018361718404,0.9138820972561803,-0.5222343332205648,-4.311198537441542,4.0
2026-06-02T13:50:00+00:00,13317,support,25172.27,down,fake,1,25084.189453125,30.540509179285806,,23.479130049695,19.8570291327685,0.12175202725348998,2.8839471216610044,0.7517931034482759,0.09298612977697611,-1.9719810058660694,0.0,1.0,5.73043972016361,83.33333333333334,3.0,1377.0,13.0,1.0,0.0,2.848675491599466,0.9632751354605659,-0.12815221925474315,1.8991947762076127,8.0
2026-06-02T13:50:00+00:00,13317,support,25133.7,down,fake,1,25084.189453125,30.540509179285806,,23.479130049695,19.8570291327685,0.12175202725348998,1.6211434650402425,0.7517931034482759,0.09298612977697611,-1.9719810058660694,0.0,1.0,5.73043972016361,83.33333333333334,2.0,1020.0,13.0,1.0,0.0,2.848675491599466,0.9632751354605659,-0.12815221925474315,1.8991947762076127,12.0
2026-06-02T13:50:00+00:00,13317,support,25097.35,down,fake,1,25084.189453125,30.540509179285806,,23.479130049695,19.8570291327685,0.12175202725348998,0.430921003894877,0.7517931034482759,0.09298612977697611,-1.9719810058660694,0.0,1.0,5.73043972016361,83.33333333333334,2.0,549.0,13.0,1.0,0.0,2.848675491599466,0.9632751354605659,-0.12815221925474315,1.8991947762076127,8.0
2026-06-02T13:50:00+00:00,13317,channel_lower,25235.27,down,fake,1,25084.189453125,30.540509179285806,,23.479130049695,19.8570291327685,0.12175202725348998,4.946825726628821,0.7517931034482759,0.09298612977697611,-1.9719810058660694,0.0,1.0,5.73043972016361,83.33333333333334,0.0,96.0,13.0,1.0,1.0,2.848675491599466,0.9632751354605659,-0.12815221925474315,1.8991947762076127,0.0
2026-06-02T14:20:00+00:00,13323,support,25075.5,down,fake,1,25072.259765625,30.465297243102864,,28.270781577553024,30.156695426188797,0.12150997767210404,0.10635820649127482,0.7817185697808535,0.14835014455745024,-2.26539314813373,0.0,1.0,0.3915828361957243,94.79166666666666,3.0,716.0,14.0,1.0,0.0,6.910808782529293,0.0,1.0362625494863784,2.295466295240313,7.0
2026-06-02T14:45:00+00:00,13328,resistance,25130.25,up,true,0,25133.509765625,27.389319660222753,,44.23843651532975,30.773293509350744,0.10897530792807542,0.11901593998824755,0.966822187662001,0.012407893084454807,-0.2174821189410426,0.0,0.0,1.1139292981164859,93.40277777777779,2.0,691.0,14.0,1.0,0.0,7.686932218903039,0.0,-1.9076552132355178,-0.316987172508309,4.0
2026-06-02T16:05:00+00:00,13344,support,25133.7,down,fake,1,25114.2,28.575938487376693,3.4557721139430284,43.186877652402956,20.389982904657764,0.11378398868917461,0.6823922863850665,0.4264705882352941,1.014839810521381,-0.8348017173260834,0.0,1.0,1.6447403825691347,60.06944444444444,2.0,1047.0,16.0,1.0,0.0,4.427512067745057,2.303848075962019,0.44256934159759376,1.004068976914247,13.0
2026-06-02T16:50:00+00:00,13353,support,25097.35,down,fake,1,25081.2,28.4860774336492,1.3049645390070923,37.34483890252508,20.88320805026505,0.11357541678089246,0.5669436249204539,0.7241379310344828,0.10531460524839575,-1.9053880895660495,0.0,1.0,1.5095093418936725,56.25,2.0,585.0,16.0,1.0,0.0,3.9218994440432136,1.4236931967428421,0.6478891901894216,2.0608077108080196,9.0
2026-06-02T16:55:00+00:00,13354,support,25075.5,down,fake,1,25071.2,28.022786188388544,0.8712692191739524,35.29711616262311,21.940167940958386,0.11177281577422915,0.1534465549246852,0.45454545454545453,0.42822294397593813,-2.2709183793657726,0.0,1.0,1.5701507945784399,61.111111111111114,3.0,747.0,16.0,1.0,0.0,4.1394884584340685,1.302381670183901,0.7363302340594415,2.433695468703727,8.0
2026-06-02T18:40:00+00:00,13375,resistance,25130.25,up,fake,1,25134.2,24.24541131117405,0.749394500641117,58.08936881333446,11.585753038075183,0.0964638274191104,0.16291742587102576,0.2727272727272727,0.08248983588404848,0.21102459299239162,1.0,1.0,1.9385111432751394,48.95833333333333,2.0,738.0,18.0,1.0,0.0,3.299593435361939,0.9649997625492711,-0.19920356365601496,0.03513336675485865,5.0
2026-06-02T18:50:00+00:00,13377,support,25133.7,down,true,0,25122.2,23.675890365247014,0.6752315506423663,52.98235142445809,11.127747018736086,0.09424290215525317,0.4857261890720881,0.6956521739130435,0.25342235951587205,-0.29164418862150315,1.0,1.0,-0.5490817789510561,51.388888888888886,2.0,1080.0,18.0,1.0,0.0,3.759098332818769,0.7877701424160941,0.1870428393632228,0.470317781581769,14.0
2026-06-02T19:25:00+00:00,13384,support,25097.35,down,true,0,25083.2,20.93908094615505,0.8186080057699242,39.227901071374916,10.242143725484468,0.0834785073122849,0.6757698695747255,0.6818181818181818,0.19103035182327344,-2.1239350258724317,0.0,1.0,2.1013338700560076,30.208333333333332,2.0,616.0,19.0,1.0,0.0,4.05939497624456,0.7897583844212044,0.08269612084785505,2.359103214186696,10.0
2026-06-02T19:30:00+00:00,13385,support,25075.5,down,fake,1,25064.2,21.22914659285826,0.9398907103825137,34.148509303246044,11.869324031705998,0.08469907913621125,0.5322870587647988,0.72,0.09421009889643063,-2.9601601060569736,0.0,1.0,2.4965676207554117,47.91666666666667,3.0,778.0,19.0,1.0,0.0,3.627088807512579,0.8208864602307225,0.18920293376354702,3.206765962594593,9.0
2026-06-02T20:15:00+00:00,13394,support,25062.67,down,fake,1,25054.2,17.081628071264845,1.0711665443873808,34.52876144047674,16.47812912321439,0.06817870086159145,0.49556394900901624,0.875,0.11708485816784944,-3.9914740390681143,0.0,1.0,1.6391880143498923,65.97222222222221,4.0,1739.0,20.0,1.0,0.0,5.151733759385375,0.7581315725116166,1.0256065074278073,4.466262217605224,5.0
2026-06-02T20:15:00+00:00,13394,support,25056.3,down,fake,1,25054.2,17.081628071264845,1.0711665443873808,34.52876144047674,16.47812912321439,0.06817870086159145,0.12293910107615673,0.875,0.11708485816784944,-3.9914740390681143,0.0,1.0,1.6391880143498923,65.97222222222221,2.0,724.0,20.0,1.0,0.0,5.151733759385375,0.7581315725116166,1.0256065074278073,4.466262217605224,3.0
2026-06-02T21:05:00+00:00,13404,resistance,25064.35,up,true,0,25068.2,12.840958442066553,0.6089269878805793,45.732090322201955,19.985563153060205,0.0512240944386376,0.29982185655158816,0.75,0.0,-3.7640393846157587,0.0,0.0,0.934509682757667,7.291666666666667,2.0,295.0,21.0,0.0,0.0,6.619443586200141,0.8394915755246822,-1.3442649396044117,-4.686245180627252,1.0
2026-06-03T01:15:00+00:00,13442,support,25097.35,down,fake,1,25096.4,8.103513313377784,1.0260457774269929,43.443169257557386,38.473148821428424,0.03228954476888232,0.11723310165095559,0.3934426229505557,0.2097855503234951,-1.8212196633165156,0.0,1.0,1.9004102793999906,3.4722222222222223,2.0,674.0,1.0,0.0,0.0,4.146349700509479,1.2759800052617731,-0.6071748053151305,0.5526192169236569,11.0
2026-06-03T02:00:00+00:00,13451,support,25075.5,down,true,0,25074.1,9.834060412285806,1.6453900709219857,32.46608243466936,27.45267153842276,0.039219993588147956,0.14236235505045494,0.8523206751054898,0.23388101186828744,-3.651114558643551,0.0,1.0,3.315009124743084,17.36111111111111,3.0,844.0,2.0,0.0,0.0,3.579396355550649,1.364854215918046,0.07093795461109993,2.4557863708074263,10.0
2026-06-03T02:10:00+00:00,13453,support,25062.67,down,fake,1,25057.7,10.404878620797204,1.3375224416517055,27.186778092197798,29.335721782225548,0.04152367783474622,0.4771837561444671,0.9226804123711253,0.12494139022447036,-4.945064099315707,0.0,1.0,4.171120258265212,37.84722222222222,4.0,1798.0,2.0,0.0,0.0,4.891935971099098,1.307600239377618,0.30910577253286126,3.4719897170867142,6.0
2026-06-03T02:15:00+00:00,13454,support,25054.93,down,true,0,25050.3,11.154530147883222,2.249896222498962,24.935106228267827,31.082747170259402,0.04452852919080099,0.4153768264469922,0.354066985645978,0.17929934954539856,-5.223634795485916,0.0,1.0,5.298295779066723,50.69444444444444,3.0,784.0,2.0,0.0,0.0,5.647929510680054,1.278538812785388,0.43909741700083105,3.4780164628998302,4.0
2026-06-03T02:40:00+00:00,13459,resistance,25064.35,up,true,0,25067.9,14.276842911803364,1.608904629395396,45.633286422233496,34.77084182602755,0.05695268814620835,0.24865441343953934,0.8027210884357311,0.15409569283544067,-2.6282684563287617,0.0,0.0,0.7144436667834938,76.04166666666666,2.0,350.0,2.0,0.0,0.0,7.60672374634126,1.9023526435618516,-1.0125950109703454,0.12067380941673812,2.0
2026-06-03T04:00:00+00:00,13475,support,25097.35,down,fake,1,25078.8,15.273665396423269,1.1514581373471309,44.573800995360195,18.37516234414916,0.06090269628699647,1.2145087324188235,0.8285714285714286,0.19641650659065302,-1.635888183386252,0.0,1.0,0.9820825329532651,61.80555555555556,2.0,707.0,4.0,0.0,0.0,6.7632750436047715,0.36751332706177486,-0.2565481003233006,-0.08489654037174582,12.0
2026-06-03T06:25:00+00:00,13504,support,25097.35,down,fake,1,25090.8,11.638739964738008,0.6626506024096386,46.76518829052006,14.227730405384168,0.046386484148524594,0.5627756973558877,0.7368421052631579,0.4295997689740078,-0.9551980331754163,0.0,1.0,-0.6873596303584125,23.61111111111111,2.0,736.0,6.0,0.0,0.0,3.539902096345887,0.5823293172690763,-0.07997599083240425,-0.6557839112877286,13.0
2026-06-03T08:25:00+00:00,13528,support,25075.33,down,true,0,25072.3,10.00198992215638,1.139240506329114,34.155505082930944,16.756236425648684,0.03989259031742752,0.3024398168308972,0.9117647058823529,0.04999005236871929,-2.8343969827714104,0.0,1.0,1.549691623430298,25.0,4.0,921.0,8.0,0.0,0.0,4.19916439897242,1.2869198312236287,0.2955441826026511,1.2619648004719528,11.0
2026-06-03T08:30:00+00:00,13529,support,25062.67,down,fake,1,25056.8,11.073276356288067,1.379738968303294,27.77386179703879,19.024352707778537,0.044192699611634634,0.529657065694943,0.62,0.7224600689620757,-3.9205465602315783,0.0,1.0,2.6189177499875247,38.19444444444444,4.0,1874.0,8.0,0.0,0.0,4.244452905152195,1.031696706028589,0.4052247837505108,2.5212471119940405,7.0
2026-06-03T08:35:00+00:00,13530,resistance,25064.35,up,fake,1,25073.8,11.496613759410348,0.8933002481389579,40.83149132462145,21.13046068404197,0.04585110258281692,0.8219811674777365,0.9882352941176042,0.0,-2.274624268972132,0.0,0.0,-1.7396426824924303,39.23611111111111,2.0,421.0,8.0,0.0,0.0,6.088749388723506,1.1703887510339124,-0.4466296112338565,-0.9421640320443384,3.0
2026-06-03T08:45:00+00:00,13532,support,25054.93,down,true,0,25052.8,11.826672068063054,0.8251016850668217,32.591169105325946,24.237870541311644,0.04720698711546436,0.18038323216012056,0.8,0.0,-3.919508724389681,0.0,1.0,3.551294883149547,40.625,3.0,862.0,8.0,0.0,0.0,5.918824805249246,1.0768932791012977,0.609615296852335,2.6721097633344093,5.0
2026-06-03T09:25:00+00:00,13540,support,25024.5,down,fake,1,25019.6,15.554891674106326,1.167675329298683,30.474342976840504,35.03073288356363,0.06217082476980578,0.31501344417321214,0.4117647058823529,0.45001920596159795,-4.777471195894747,0.0,1.0,1.1057614775056874,79.16666666666666,2.0,738.0,9.0,0.0,0.0,6.505991949044863,1.509433962264151,1.3515776436318296,3.815505234386311,4.0
2026-06-03T09:30:00+00:00,13541,support,25014.0,down,fake,1,25008.6,16.0152565545273,1.738255033557047,27.590631034379086,36.399328400416685,0.0640389968032089,0.33717848862526945,0.5454545454545454,0.2497618434260582,-5.2739811317816745,0.0,1.0,2.809820738543155,80.20833333333334,3.0,656.0,9.0,0.0,0.0,5.881891412683716,1.2170022371364655,1.3792712728671042,4.32547197299051,4.0
2026-06-03T09:45:00+00:00,13544,support,25003.65,down,true,0,25000.6,20.35259426031213,1.1151736745886656,33.703554399500305,35.3571190676209,0.0814084232390908,0.14985804566204403,0.8064516129032258,0.19653514185167348,-4.441071471765876,0.0,1.0,1.0318094947212857,79.16666666666666,2.0,1030.0,9.0,0.0,0.0,4.9232053033844565,1.492992078001219,1.19493586080104,3.6881329448086415,1.0
2026-06-03T15:30:00+00:00,13613,channel_upper,24818.26,up,true,0,24869.6,29.96775449457614,20.0,58.915742212537964,21.806347263729254,0.12049954359771023,1.713213220415957,0.3333333333333333,0.13347680089690936,-3.6576818351205413,1.0,0.0,2.1082686771354022,78.47222222222221,0.0,96.0,15.0,1.0,1.0,3.877800867463481,0.0,-1.0488456203635463,-4.213527480603974,0.0
2026-06-03T22:30:00+00:00,13697,support,24757.78,down,fake,1,24754.6,11.47994195530341,1.1365494685200328,37.5836848984632,14.809929005753695,0.046374984670741644,0.27704571698913866,0.23529411764705882,0.6097591805998808,-10.33251527139784,0.0,1.0,0.6968676349712922,32.98611111111111,2.0,82.0,22.0,0.0,0.0,2.787470539885169,0.7876805669119651,0.7197485519399573,14.429871479869774,0.0
2026-06-03T23:40:00+00:00,13711,channel_lower,24668.24,down,fake,1,24662.9,16.44586184130646,1.6615495755824452,20.848759220470114,46.06668667744106,0.06668259548271475,0.32465887875719796,0.7616822429905684,0.08512779771049318,-11.556499608870467,0.0,1.0,3.3382257816435943,83.68055555555556,0.0,96.0,23.0,0.0,1.0,6.494034853907971,1.3605442176870748,1.6399527386765245,14.57538430960272,0.0
2026-06-04T03:15:00+00:00,13742,channel_upper,24695.0,up,fake,1,24703.8,14.36601975675837,1.350371924470723,64.43124615901219,29.043255776290728,0.05815307667953258,0.6126491306382704,0.125,0.4872609197621986,-7.005893722957752,1.0,0.0,3.445630789746976,33.68055555555556,0.0,96.0,3.0,0.0,1.0,2.721700280385894,2.0242863500540405,-1.0136640118513,2.2485506741187313,0.0
2026-06-04T04:15:00+00:00,13754,support,24757.78,down,fake,1,24749.3,18.340240372338542,0.6825084866892978,62.05885131642745,43.396452176963805,0.07410407717526776,0.46239681584493136,0.84,0.1363122810413432,-2.6188354730084464,1.0,1.0,-0.3544119307074923,90.27777777777779,2.0,139.0,4.0,0.0,0.0,7.066428649183152,0.924304687034721,-1.0157554472426764,-3.1815340246815538,1.0
2026-06-04T06:35:00+00:00,13782,support,24757.78,down,true,0,24750.3,14.707616120604888,1.012011244569384,57.591178577293874,19.368752359197263,0.05942399130759986,0.5086119115877731,0.7272727272727273,0.16997996000844637,-2.183954248842652,1.0,1.0,-0.33995992001689274,42.01388888888889,2.0,167.0,6.0,0.0,0.0,5.439358720270284,0.5843768634466309,-0.59572582695981,-2.87806250582413,2.0
2026-06-04T10:00:00+00:00,13823,channel_upper,24833.16,up,true,0,24859.6,20.952430747258237,2.5411128632574904,77.16823372564008,27.571468693314543,0.08428305663509565,1.2620339940456624,0.7777777777777778,0.38181727440129365,3.995651532643681,1.0,1.0,2.8159023987095404,75.0,0.0,96.0,10.0,0.0,1.0,5.192714931857559,0.8875872944356837,1.127664237364628,6.310422454371851,0.0
2026-06-04T14:55:00+00:00,13882,channel_lower,24904.88,down,fake,1,24897.5,26.497016487170583,,39.88621826922723,16.80436729852498,0.10642440601333701,0.27848788791600043,0.3825569222716566,0.011351513863669643,2.101451269352116,0.0,0.0,1.4752545355031446,53.125,0.0,96.0,14.0,1.0,1.0,3.76006365842135,0.0,-0.4789682684858973,-3.790360109288994,0.0
2026-06-05T02:15:00+00:00,14006,support,24870.38,down,true,0,24868.2,8.334941836238457,0.9304426377597109,28.281274987546524,43.587882653883895,0.033516466154520454,0.2619181944585933,0.2980769230768457,0.7798494731828192,-3.8361365839659514,0.0,1.0,2.0036132618697917,26.73611111111111,3.0,438.0,2.0,0.0,0.0,6.346774943287605,0.761818729298404,2.122775543995885,1.722999967513259,0.0
2026-06-05T03:35:00+00:00,14022,channel_lower,24792.45,down,fake,1,24779.3,18.067547663202784,1.2153883851997058,23.821842740032523,54.35720368652659,0.07291387433544444,0.7277901035343364,0.5517241379310345,0.38743498179647967,-6.037031522857543,0.0,1.0,1.427974647192699,87.5,0.0,96.0,3.0,0.0,1.0,7.0402470977875,1.5862125296087561,1.9615518630454478,3.0264675514479706,0.0
2026-06-05T09:20:00+00:00,14091,support,24870.38,down,fake,1,24854.6,19.620965863706093,0.9304366908053544,56.25125167961373,21.627212825442623,0.0789429959190898,0.8043983678633227,0.7931034482758621,0.305795343699084,-0.03945739657176087,1.0,1.0,-2.02844244653722,69.79166666666666,3.0,523.0,9.0,0.0,0.0,5.748952461542743,1.1981566820276497,-0.6406394149172098,-1.603119411524098,1.0
2026-06-05T11:25:00+00:00,14116,channel_upper,24927.45,up,fake,1,24938.6,29.130040119801908,1.1724590163934425,62.37423308615502,21.3031517326758,0.11680703856592556,0.3826434815157984,1.0,0.0,2.6394594465546084,1.0,1.0,0.9955358757053853,72.22222222222221,0.0,96.0,11.0,0.0,1.0,4.462747029024141,0.9801092896174863,0.7656621634487976,3.3203778864220532,0.0
2026-06-05T13:30:00+00:00,14141,channel_lower,24920.02,down,fake,1,24880.640625,28.758869868978298,,34.82155321208646,40.65852964857969,0.11558733676688962,1.3693676436352578,0.7668079951544519,0.12278820468564723,-0.09247764825377669,0.0,1.0,3.2323723228176027,75.0,0.0,96.0,13.0,1.0,1.0,4.137853835778271,0.7335973824694334,-0.8816284730486448,-0.48937137645716666,0.0
2026-06-05T13:35:00+00:00,14142,support,24870.38,down,fake,1,24866.349609375,29.767443896194134,,32.78136147979494,40.14508258314432,0.11970974575605318,0.13549915658634662,0.34212444201512254,0.9002730707565495,-0.5637671129751025,0.0,1.0,3.7037238067691267,92.70833333333334,3.0,574.0,13.0,1.0,0.0,5.0555440878563065,0.4947123140347733,-0.6955068425592482,0.007298170868252821,2.0
2026-06-05T16:35:00+00:00,14178,support,24870.38,down,true,0,24863.6,34.402356235183845,1.666374320294685,45.65425792989625,25.41747389590392,0.13836434078405319,0.19716884710733834,0.3953488372093023,0.7557621873995183,-0.32553159787785185,0.0,1.0,2.354489891513884,93.75,3.0,610.0,16.0,1.0,0.0,6.273110020420263,1.4897971116178448,-0.5720030066630505,0.29432148587446977,3.0
2026-06-05T18:30:00+00:00,14201,support,24763.15,down,true,0,24750.6,32.8166665240295,1.0766961651917404,34.62007489360228,21.35808934646825,0.13258937772833587,0.3825347591538162,0.47619047619047616,0.0,-3.3427561249121034,0.0,1.0,2.041645514206639,58.68055555555556,3.0,170.0,18.0,1.0,0.0,4.540375845026705,0.8136676499508357,0.70739973550372,3.375548409834589,0.0
2026-06-05T22:15:00+00:00,14246,channel_lower,24527.49,down,fake,1,24513.6,27.21580084795235,1.0216110019646365,15.03439515442814,54.08967248644384,0.11102327217525108,0.5103314531429749,0.6666666666666666,0.4409203340015934,-10.23445523321816,0.0,1.0,3.4538759496791482,90.625,0.0,96.0,22.0,0.0,1.0,7.017981982858695,1.1194576062252013,2.106768336203583,10.976564640472263,0.0
2026-06-08T02:45:00+00:00,14275,channel_upper,24516.72,up,true,0,24544.3,30.65326693168323,1.161305042208533,54.97566291872711,36.16115029852432,0.1248895545266446,0.8997534231453752,0.7399577167019141,0.18921311105030666,-5.799671989928913,0.0,0.0,1.9051802905756694,33.33333333333333,0.0,96.0,2.0,0.0,1.0,6.540901511308836,0.7156437751920298,-1.3784117822236546,1.6675287463777573,0.0
2026-06-08T12:40:00+00:00,14394,resistance,24612.9,up,fake,1,24619.6,36.12385348180461,1.0746348653356559,67.39304257747568,26.103798646126155,0.14672802759510556,0.18547301448257295,0.8108108108108109,0.13841269737511458,1.3206417900351575,1.0,1.0,1.6609523685013747,38.88888888888889,2.0,96.0,12.0,0.0,0.0,4.7337142502289185,0.9620795926571084,0.7630892695670836,3.28608827414083,0.0
2026-06-08T17:15:00+00:00,14449,channel_lower,24639.21,down,fake,1,24617.6,28.787513486324194,1.0488245931283906,39.5038745289187,22.628718338683832,0.11693874905077749,0.7508147422271761,0.95,0.03473728290131971,0.44177848304554207,0.0,0.0,2.2231861056844613,6.944444444444445,0.0,96.0,17.0,1.0,1.0,2.6052962175989784,1.1991159332931485,-0.451111595861551,-3.128144214804585,0.0
2026-06-08T21:30:00+00:00,14500,resistance,24612.9,up,fake,1,24618.6,19.240881408796035,0.8101539292465568,59.34882539929537,20.73722149839366,0.07815587161250451,0.2962442249340675,0.47368421052631576,0.4677540393698191,0.6716528444067229,1.0,1.0,1.5591801312327302,25.694444444444443,2.0,202.0,21.0,0.0,0.0,3.8979503280818255,0.7498424700693131,-0.45161529471296463,3.8098508199020804,1.0
2026-06-09T06:40:00+00:00,14598,resistance,24612.9,up,fake,1,24615.3,20.007334707152605,0.9087466868610374,67.6937716875003,22.239167195644463,0.08128007664807094,0.11995600789043727,0.8787878787878788,0.19992667981757728,1.8775457329314453,1.0,1.0,1.9492851282213783,9.722222222222223,2.0,300.0,6.0,0.0,0.0,3.0488818672180535,1.157389877571627,0.40462137571742224,3.281102355478406,2.0
2026-06-09T06:40:00+00:00,14598,resistance,24593.2,up,fake,1,24615.3,20.007334707152605,0.9087466868610374,67.6937716875003,22.239167195644463,0.08128007664807094,1.1045949059920417,0.8787878787878788,0.19992667981757728,1.8775457329314453,1.0,1.0,1.9492851282213783,9.722222222222223,3.0,215.0,6.0,0.0,0.0,3.0488818672180535,1.157389877571627,0.40462137571742224,3.281102355478406,0.0
2026-06-09T09:00:00+00:00,14626,resistance,24612.9,up,fake,1,24619.1,18.373716767315837,1.446808510638298,53.33210042258767,24.657953744067946,0.07463195960581759,0.33743853127343215,0.7689768976897634,0.3265534173615392,1.7661553210403211,1.0,1.0,-0.7184175181954259,8.333333333333332,2.0,328.0,9.0,0.0,0.0,3.2655341736153924,0.9267139479905437,0.5141687962440519,3.126199858655789,3.0
2026-06-09T10:00:00+00:00,14638,resistance,24593.2,up,fake,1,24625.1,22.160417653468805,2.3654593820339676,55.350846702114744,17.55564052243557,0.08999117832402227,1.439503555340459,0.75,0.045125503302211836,1.632531359164155,1.0,1.0,1.3086395957641432,16.319444444444446,3.0,255.0,10.0,0.0,0.0,2.7165552987931854,0.8389605074687948,0.13814831872997899,2.6587401640249038,1.0
2026-06-09T10:25:00+00:00,14643,channel_lower,24584.05,down,fake,1,24569.1,28.926671089072624,1.6103546814590688,41.13937550639683,17.594048181031802,0.11773598173751836,0.5169305706879123,0.3,1.1753858539513689,-0.7071563167144622,0.0,1.0,0.5531227548006442,31.25,0.0,96.0,10.0,0.0,1.0,3.2495961844537846,1.4713957527875834,-0.021841889042701866,-0.009079815193970322,0.0
2026-06-09T11:35:00+00:00,14657,resistance,24704.31,up,true,0,24716.1,30.12205066263659,0.6807569427377734,67.2900723918954,27.952572680997918,0.12187218316254017,0.3912532946210674,0.37142857142857144,0.13279308387066763,3.8107350004364675,1.0,1.0,0.7635602322563388,96.18055555555556,2.0,237.0,11.0,0.0,0.0,6.473662838695047,0.8986647005816336,1.150779763837927,4.402408668963793,0.0
2026-06-09T12:30:00+00:00,14668,support,24763.15,down,fake,1,24746.1,24.598394906643357,0.8977069442185721,59.51990920363911,34.6218026206325,0.09940311768983136,0.6932775772452957,0.6206896551724138,0.40653059022559523,5.206394288548593,1.0,0.0,0.772408121428631,90.625,3.0,637.0,12.0,0.0,0.0,9.187591339098454,0.7036374478234944,-1.9576307165872253,-6.133370695140998,1.0
2026-06-09T12:40:00+00:00,14670,channel_upper,24792.12,up,fake,1,24805.1,25.64861601644249,0.7259590572853949,71.05271061740503,34.00695650358176,0.10340057494806507,0.505910804541803,0.84,0.07797691691114504,7.157172725747321,1.0,1.0,0.7017922522003054,87.84722222222221,0.0,96.0,12.0,0.0,1.0,6.783991771269619,0.8406445323699755,1.9446131597726994,8.10133764246897,0.0
2026-06-09T14:20:00+00:00,14690,resistance,24704.31,up,true,0,24714.169921875,35.98403560629163,,43.50569743786905,21.04461159391265,0.14560082624681417,0.27387904862392876,0.862353974813706,0.06366755663723908,1.8173157927603198,0.0,1.0,-1.8922236653771773,94.44444444444444,2.0,270.0,14.0,1.0,0.0,4.841296204407349,0.0,0.3540670894452027,2.9676895863695907,1.0
2026-06-09T15:20:00+00:00,14702,support,24539.67,down,fake,1,24486.099609375,42.24896384999441,,27.083207282578996,35.46159257445004,0.17254264470041825,1.2678904382568654,0.8952517098329409,0.03383958728730312,-3.740379254093592,0.0,1.0,2.5659837868429602,100.0,3.0,204.0,15.0,1.0,0.0,6.642784950808579,,1.1822656753560323,2.870623411884498,0.0
2026-06-09T15:30:00+00:00,14704,resistance,24612.9,up,true,0,24736.1,64.63182740764815,20.0,56.38022385975858,35.21703029265852,0.26128543872173926,1.9061815972329808,0.6923076923076923,0.06188901289717617,1.443033879679364,1.0,1.0,2.363392723859808,99.65277777777779,2.0,406.0,15.0,1.0,0.0,6.078570827760785,0.0,-0.8633997306769379,1.9783923392962643,4.0
2026-06-09T15:30:00+00:00,14704,resistance,24593.2,up,true,0,24736.1,64.63182740764815,20.0,56.38022385975858,35.21703029265852,0.26128543872173926,2.2109849857515846,0.6923076923076923,0.06188901289717617,1.443033879679364,1.0,1.0,2.363392723859808,99.65277777777779,3.0,321.0,15.0,1.0,0.0,6.078570827760785,0.0,-0.8633997306769379,1.9783923392962643,2.0
2026-06-09T16:35:00+00:00,14717,support,24763.15,down,fake,1,24747.1,39.358855811350764,2.14586255259467,54.84691645115971,21.33531831173688,0.15904431554142007,0.4078755668596196,0.5666666666666667,0.2540724264935589,2.311698560340051,1.0,0.0,0.7876245221300325,99.30555555555556,3.0,686.0,16.0,1.0,0.0,9.48629027834498,1.6471871591086176,-0.7415928001937684,-3.221025645724999,2.0
2026-06-09T17:20:00+00:00,14726,resistance,24704.31,up,fake,1,24717.1,42.90028763251586,1.5786802030456852,48.2714234706674,19.999715993309106,0.17356521449731507,0.29802484477537017,0.7878787878787878,0.11654933511938269,1.2299219393633316,0.0,1.0,-1.5384512235758516,78.81944444444444,2.0,306.0,17.0,1.0,0.0,9.239321065753742,1.3426395939086295,0.45064321359003584,2.0031451587614653,2.0
2026-06-09T18:20:00+00:00,14738,support,24539.67,down,true,0,24482.1,47.62999154000984,0.953168044077135,29.659797777284766,28.811835131671167,0.19455026954391103,1.2086222316103616,0.8461538461538461,0.06298552451935582,-3.692504341214039,0.0,1.0,2.4144451065753065,94.09722222222221,3.0,240.0,18.0,1.0,0.0,5.752677906101165,0.9568411386593205,0.9411627663411861,3.0918145243327824,1.0
2026-06-09T19:15:00+00:00,14749,support,24412.72,down,fake,1,24375.1,45.496940729655684,1.0183235867446394,27.840806065037484,39.770769695463784,0.1866533500566385,0.826764036696686,0.8490566037735849,0.06593849942188637,-5.692178473824985,0.0,1.0,2.0880524816930683,89.23611111111111,2.0,472.0,19.0,1.0,0.0,7.560947933709638,1.0651072124756336,2.1044406993387157,5.0912189600794076,0.0
2026-06-09T19:50:00+00:00,14756,channel_lower,24266.88,down,fake,1,24253.1,52.75228783043573,1.0514541387024607,24.710028865228793,45.36343811340285,0.21750740247818107,0.26129451444272467,0.5490196078431373,0.11373914282705794,-6.82725862215381,0.0,1.0,2.691826380240371,85.41666666666666,0.0,96.0,19.0,1.0,1.0,7.601566045608372,1.3189783743475019,1.9470999091453767,6.287748543566551,0.0
2026-06-09T23:05:00+00:00,14795,support,24539.67,down,true,0,24521.0,30.432862924879622,1.4810009267840594,56.04109354079773,15.503664569714152,0.12410938756526906,0.6133720219732405,0.7891566265060287,0.20701305741593132,-1.5606368710994547,1.0,1.0,-1.3110826969677642,45.83333333333333,3.0,297.0,23.0,0.0,0.0,3.778809778227754,1.1788693234476366,-0.21343653880577398,1.1579624998522802,2.0
2026-06-10T07:30:00+00:00,14884,support,24414.58,down,true,0,24409.0,17.8445656973616,1.1001355800890955,31.706589063862722,15.99032777901181,0.07310650046032857,0.3125221992649806,0.5384615384615384,0.28019734886230785,-5.6559883714379735,0.0,1.0,1.961381442036155,25.34722222222222,3.0,607.0,7.0,0.0,0.0,4.550404945523921,0.8677125702111177,0.9268400379758263,3.5600862146965793,1.0
2026-06-10T11:10:00+00:00,14928,support,24414.58,down,true,0,24403.8,31.13321753134546,1.174153846153846,39.13190008384429,14.118400643286357,0.12757528553481612,0.34615191654438915,0.8653846153846154,0.06424006763792935,-2.7477918999033153,0.0,1.0,1.1242011836637635,49.65277777777778,3.0,651.0,11.0,0.0,0.0,3.661683855361973,1.1938461538461538,0.3533755018015138,1.9445795892513886,2.0
2026-06-10T16:40:00+00:00,14994,channel_upper,24313.01,up,fake,1,24358.8,35.63321279048546,1.3629242819843341,62.501365552435175,16.710870874900042,0.14628476275713687,1.2851472689529782,0.9423076923076923,0.0,-0.986336110316246,1.0,0.0,2.722179461345127,70.48611111111111,0.0,96.0,16.0,1.0,1.0,3.6581259741138092,1.5282854656222804,-0.1295832389763943,-1.5442716814066002,0.0
2026-06-10T18:10:00+00:00,15012,support,24237.45,down,true,0,24228.8,32.47631563027677,0.9834827748938179,36.9396678654696,17.690764849279347,0.1340401325293732,0.2663479471770394,0.41379310344827586,0.12316668077554063,-4.576263715606207,0.0,1.0,1.385625158724832,71.52777777777779,2.0,246.0,18.0,1.0,0.0,4.1260838059806115,1.0759792354884379,0.37305429090315434,5.211553471893504,0.0
2026-06-11T03:45:00+00:00,15115,channel_upper,24014.44,up,true,0,24033.0,31.203116011241452,0.7666920538207667,56.62134040023594,24.029819969835664,0.1298344609963028,0.5947506641963913,0.7878787878787878,0.4486731387646113,-4.768851758080105,1.0,0.0,0.3845769760839525,13.88888888888889,0.0,96.0,3.0,0.0,1.0,3.5925899182508765,0.6939155454006939,-0.6341232324789904,1.0081749497518624,0.0
2026-06-11T11:15:00+00:00,15205,support,24237.45,down,true,0,24220.8,32.926087776749725,0.9124924562462281,55.52186216331405,18.201749317323998,0.1359413717827228,0.5056780542192131,0.9444444444444444,0.03037105430746423,1.8245363114525364,1.0,0.0,-1.3059553352209619,11.805555555555555,2.0,439.0,11.0,0.0,0.0,3.371187028128529,1.0074431703882518,-0.719044864064087,-4.1849403418051745,1.0
2026-06-11T13:30:00+00:00,15232,support,24237.45,down,fake,1,24206.76953125,27.02996650066334,,44.262648193248154,19.145070729967472,0.11166284070151823,1.1350538946929203,0.2760999946924261,0.2737124183938014,1.13682004778315,0.0,0.0,1.6289501782741287,41.66666666666667,2.0,466.0,13.0,1.0,0.0,3.9585694639086633,1.1614451030200394,-0.8279692177832971,-3.8934820027146815,2.0
2026-06-11T13:30:00+00:00,15232,channel_lower,24213.17,down,fake,1,24206.76953125,27.02996650066334,,44.262648193248154,19.145070729967472,0.11166284070151823,0.23670812284565335,0.2760999946924261,0.2737124183938014,1.13682004778315,0.0,0.0,1.6289501782741287,41.66666666666667,0.0,96.0,13.0,1.0,1.0,3.9585694639086633,1.1614451030200394,-0.8279692177832971,-3.8934820027146815,0.0
2026-06-11T17:10:00+00:00,15276,support,24237.45,down,fake,1,24229.8,39.936816149425006,1.1434377020411932,49.23112587450238,17.092421250723742,0.1648251993389339,0.19155257573300466,0.84,0.15023731430043868,0.8525328807834506,1.0,0.0,-0.1001582095336258,95.48611111111111,2.0,510.0,17.0,1.0,0.0,6.034532124400954,1.0245989963363196,-0.29982570205547754,-2.7055920359619554,3.0
2026-06-11T19:20:00+00:00,15302,support,24237.45,down,true,0,24229.8,32.12463121248853,0.9453739165490828,48.38667191900655,7.937347258693287,0.132583146425016,0.23813502945440385,0.39473684210526316,0.5291889543432706,0.7687520988806889,0.0,0.0,-0.3112876202019239,4.861111111111112,2.0,536.0,19.0,1.0,0.0,2.770459819797123,0.9379829335483436,0.003993542500786803,-2.7642695372275226,4.0
2026-06-11T20:25:00+00:00,15315,resistance,24361.04,up,true,0,24422.8,43.85301894588066,1.493479175431216,74.85457344933617,21.785818887030032,0.17955770405473848,1.4083489129611972,0.9718132099284783,0.10717620161569794,4.916039641106192,1.0,1.0,5.130775609261341,95.83333333333334,2.0,344.0,20.0,1.0,0.0,2.1891309266181724,1.0566540457158884,-0.057583409596211596,6.289766316571064,0.0
2026-06-11T20:25:00+00:00,15315,resistance,24328.74,up,true,0,24422.8,43.85301894588066,1.493479175431216,74.85457344933617,21.785818887030032,0.17955770405473848,2.144784457224533,0.9718132099284783,0.10717620161569794,4.916039641106192,1.0,1.0,5.130775609261341,95.83333333333334,2.0,65.0,20.0,1.0,0.0,2.1891309266181724,1.0566540457158884,-0.057583409596211596,6.289766316571064,0.0
2026-06-11T20:40:00+00:00,15318,resistance,24547.55,up,fake,1,24559.8,49.5939441049926,1.6229244777718264,81.77796393707987,29.836845002100898,0.20193138423355486,0.24700596456023344,0.7341772151898734,0.3024562831349797,6.923782305526185,1.0,1.0,7.339605804075507,100.0,2.0,523.0,20.0,1.0,0.0,6.936330759895535,1.7151699101350948,0.626833659899916,8.073889200848978,0.0
2026-06-11T20:45:00+00:00,15319,support,24539.67,down,true,0,24515.8,50.12294809749313,1.3072811705949356,74.1401361954558,32.43087508310939,0.2044516111956091,0.47616246794274825,0.7719298245614035,0.09975470697123803,5.913434895407666,1.0,0.0,-6.703516308467196,100.0,3.0,821.0,20.0,1.0,0.0,8.15993503024727,1.7997020941032158,-0.8274831019569927,-7.048082300055135,3.0
2026-06-11T22:30:00+00:00,15340,resistance,24612.9,up,true,0,24622.8,36.083526310892125,1.4059590316573556,77.07554493946307,42.458081237209015,0.1465451789028548,0.2743634287486314,0.8536585365853658,0.3325617318165962,9.605273899969902,1.0,1.0,2.4387860333217053,68.75,2.0,1042.0,22.0,0.0,0.0,4.525610900470826,0.7752948479205463,2.0940780714970537,11.633938082888719,5.0
2026-06-11T22:30:00+00:00,15340,resistance,24593.2,up,true,0,24622.8,36.083526310892125,1.4059590316573556,77.07554493946307,42.458081237209015,0.1465451789028548,0.820318938480897,0.8536585365853658,0.3325617318165962,9.605273899969902,1.0,1.0,2.4387860333217053,68.75,3.0,957.0,22.0,0.0,0.0,4.525610900470826,0.7752948479205463,2.0940780714970537,11.633938082888719,3.0
2026-06-12T01:10:00+00:00,15360,resistance,24646.05,up,true,0,24650.0,20.868099337758945,0.7961709082418865,68.44079600147566,47.77429835519703,0.08465760380429592,0.1892841286630047,0.8656716417908422,0.04792003257290376,14.887595576608238,1.0,1.0,2.1468174592660536,3.4722222222222223,2.0,737.0,1.0,0.0,0.0,6.0858441367587774,0.6988870729239629,2.7505685942945095,0.5437875446312114,0.0
2026-06-12T04:05:00+00:00,15395,resistance,24593.2,up,fake,1,24597.4,19.60978801461109,0.8358040378370747,39.75567393246747,31.20163221004461,0.07972301143458695,0.21417875587800042,0.6666666666666666,0.0,8.677874267494836,0.0,1.0,-1.37686343064405,42.01388888888889,3.0,1012.0,4.0,0.0,0.0,5.04849924569485,0.7030919102075393,0.27123970154525073,-2.31090248118393,4.0
2026-06-12T04:25:00+00:00,15399,channel_lower,24548.12,down,fake,1,24544.9,20.708198549700835,0.7862780813600486,27.385056751239077,36.894401301220775,0.08436864093844683,0.15549727938064828,0.7090909090909091,0.21730523730491322,5.416320791510323,0.0,0.0,3.0181282959015725,63.541666666666664,0.0,96.0,4.0,0.0,1.0,5.23947072168513,0.7974094312892128,0.25806385917328156,4.471364333120561,0.0
2026-06-12T04:30:00+00:00,15400,resistance,24547.55,up,true,0,24565.4,21.764755796150776,0.8189855746859004,36.471027237825645,38.22955503203963,0.08859923223782545,0.8201332542935795,0.5633802816901409,0.3216208840366585,6.0346288852393695,0.0,1.0,-0.827025130379979,63.541666666666664,2.0,605.0,4.0,0.0,0.0,6.064850956119846,0.7807248849594126,-0.3647359600052405,-3.2456829147844166,1.0
2026-06-12T04:55:00+00:00,15405,resistance,24612.9,up,fake,1,24620.4,22.937064864751687,0.7641573800318399,55.85725045650979,34.99437136122277,0.0931628440835717,0.32698167983670623,0.7741935483870968,0.08719511462312167,7.800311266031988,1.0,1.0,3.291615577022843,45.83333333333333,2.0,1107.0,4.0,0.0,0.0,5.907469015716493,0.918808278371617,-0.4828032331034465,-0.5004722144626768,6.0
2026-06-12T06:55:00+00:00,15429,resistance,24593.2,up,fake,1,24596.4,16.5566886188937,0.7390165842304336,52.59103057813174,21.415316096151027,0.06731346302261185,0.19327536282521138,0.6206896551724138,0.21139492809002688,7.409200319235534,1.0,1.0,0.9059782632429724,3.125,3.0,1046.0,6.0,0.0,0.0,4.016503633710511,0.9834157695664825,-0.3408581694262377,-1.6480082663015274,5.0
2026-06-12T07:40:00+00:00,15438,resistance,24612.9,up,fake,1,24616.4,16.2847683850444,0.5972964476579692,59.85905088944754,19.246585992174353,0.06615414270585626,0.21492476388023599,0.35714285714294997,0.13509556586739818,8.113971145619388,1.0,1.0,1.9036193372249475,10.069444444444445,2.0,1140.0,7.0,0.0,0.0,3.5738917879511742,0.6559782039191029,0.035396651795112796,-0.3322940644723479,7.0
2026-06-12T09:00:00+00:00,15454,resistance,24547.55,up,fake,1,24583.2,25.663107083866493,1.5222194942302971,49.82702581864652,22.393596394225224,0.10439286620076511,1.3891536938024693,0.7911275415896034,0.31173154419128474,3.2790174143182047,0.0,1.0,0.3818711416342955,51.041666666666664,2.0,659.0,9.0,0.0,0.0,4.052510074486702,1.329077665930109,-0.3144146366118808,-1.2564888318088974,2.0
2026-06-12T10:10:00+00:00,15468,support,24538.97,down,fake,1,24517.2,30.861094845552813,1.4442567567567568,39.4129851114785,16.64622792369336,0.1258752828445043,0.7055809299369581,0.7674418604651163,0.09720977220716814,0.3659214889742815,0.0,0.0,0.6480651480477877,29.51388888888889,4.0,970.0,10.0,0.0,0.0,2.8903705602931566,1.5437312312312315,0.48982644934292,2.831530333740047,4.0
2026-06-12T10:50:00+00:00,15476,channel_upper,24591.27,up,true,0,24595.2,31.69826098047185,0.9185642609031263,58.17963255258205,16.475609437519186,0.12887986672388047,0.1239419308269976,0.8846153846153846,0.0315474719769663,2.7183426978874503,1.0,1.0,1.3249938230325846,50.34722222222222,0.0,96.0,10.0,0.0,1.0,3.3440320295584276,1.0403533599210943,-0.3705874466513073,-0.09205347522912628,0.0
2026-06-12T10:55:00+00:00,15477,resistance,24612.9,up,true,0,24650.2,40.93409948186672,1.599510104102878,65.9724373950524,20.06048892897555,0.16605990816247623,0.9112207297127104,0.3416149068322981,2.589528079076386,3.4143194524628213,1.0,1.0,3.566708486275022,75.34722222222221,2.0,1179.0,10.0,0.0,0.0,2.589528079076386,0.9177383139416208,-0.193329348693775,1.239865573370808,8.0
2026-06-12T10:55:00+00:00,15477,resistance,24628.63,up,true,0,24650.2,40.93409948186672,1.599510104102878,65.9724373950524,20.06048892897555,0.16605990816247623,0.5268631028813299,0.3416149068322981,2.589528079076386,3.4143194524628213,1.0,1.0,3.566708486275022,75.34722222222221,3.0,965.0,10.0,0.0,0.0,2.589528079076386,0.9177383139416208,-0.193329348693775,1.239865573370808,0.0
2026-06-12T10:55:00+00:00,15477,resistance,24646.05,up,true,0,24650.2,40.93409948186672,1.599510104102878,65.9724373950524,20.06048892897555,0.16605990816247623,0.10138246724689405,0.3416149068322981,2.589528079076386,3.4143194524628213,1.0,1.0,3.566708486275022,75.34722222222221,2.0,854.0,10.0,0.0,0.0,2.589528079076386,0.9177383139416208,-0.193329348693775,1.239865573370808,1.0
2026-06-12T11:15:00+00:00,15481,resistance,24704.31,up,fake,1,24715.2,43.692545171324326,1.297309122730256,71.26821524732276,32.85216090790897,0.17678410521187093,0.24913521333716157,0.2328767123287671,0.9383751813778187,4.519568361707424,1.0,1.0,3.2957567345952654,93.75,2.0,1061.0,11.0,0.0,0.0,6.019333480545519,1.1303143002989862,0.40444970852690404,2.5219458191157877,3.0
2026-06-12T13:30:00+00:00,15508,support,24538.97,down,fake,1,24502.44921875,35.759131704373345,,27.856574595220323,25.830790800238724,0.14594105015840375,1.0214392662540919,0.8327430458832424,0.11546438778587664,-1.29236600443598,0.0,1.0,4.271658006486754,83.33333333333334,4.0,1010.0,13.0,1.0,0.0,4.865889961716262,1.215926493108729,-0.0352521475096883,3.1872211721500285,5.0
2026-06-12T13:40:00+00:00,15510,support,24489.75,down,fake,1,24446.91015625,40.16332657162804,,25.717174328329463,29.433154502111947,0.16428794606323713,1.0666408240263319,0.7425598132659016,0.6246953599636299,-2.5018042198526524,0.0,1.0,4.588510451726022,90.625,2.0,938.0,13.0,1.0,0.0,5.1509599716808205,0.6126064346534088,0.34288119837601705,4.2205499054858,0.0
2026-06-12T14:50:00+00:00,15524,resistance,24593.2,up,fake,1,24602.1796875,40.33321422481702,,57.66551660238636,25.863272340143176,0.16394162930738093,0.22263753763700966,0.8161917670049802,0.2213978645546569,1.4644880268024747,1.0,1.0,2.5670917751031217,77.08333333333334,3.0,1141.0,14.0,1.0,0.0,6.629268027329249,0.0,-0.756931252086302,-0.35310334645030833,6.0
2026-06-12T14:50:00+00:00,15524,resistance,24547.55,up,fake,1,24602.1796875,40.33321422481702,,57.66551660238636,25.863272340143176,0.16394162930738093,1.35445906184157,0.8161917670049802,0.2213978645546569,1.4644880268024747,1.0,1.0,2.5670917751031217,77.08333333333334,2.0,729.0,14.0,1.0,0.0,6.629268027329249,0.0,-0.756931252086302,-0.35310334645030833,3.0
2026-06-12T14:55:00+00:00,15525,resistance,24612.9,up,fake,1,24626.0,39.94083061947295,,60.50033555299818,25.79686631186206,0.16218968009206913,0.3279851669787685,0.6842695369436036,0.20327921325305526,2.054615943033875,1.0,1.0,3.1020984967847163,77.08333333333334,2.0,1227.0,14.0,1.0,0.0,6.694394767284613,0.0,-0.6115236048852121,0.23981773627536862,9.0
2026-06-12T15:30:00+00:00,15532,support,24538.97,down,true,0,24503.7,40.563005005845724,20.0,40.2876584024156,24.220189844251472,0.16553828607861557,0.8696347816172438,0.3888888888888889,0.049306011714658975,-1.0820103555316418,0.0,1.0,2.257945694279799,81.25,4.0,1034.0,15.0,1.0,0.0,5.236067322166871,0.0,-0.04819689820917283,2.7613485273843756,6.0
2026-06-12T15:40:00+00:00,15534,support,24489.75,down,fake,1,24484.7,37.79667268361188,7.148760330578512,38.16037286177917,24.150794855033936,0.15436853497740172,0.13360964448568732,0.45,0.1852014874059299,-1.6332904627837606,0.0,1.0,3.4116863064750773,84.375,2.0,962.0,15.0,1.0,0.0,5.619294237296439,4.2837465564738295,0.02134798459359463,3.419000440801472,1.0
2026-06-12T17:40:00+00:00,15558,support,24538.97,down,fake,1,24514.7,35.97827259825929,0.8292141632200142,48.73247167528735,13.167102466322918,0.14676203501678295,0.6747127709842383,0.7380952380952381,0.22235642298143737,-0.6697296462703806,0.0,1.0,0.02779455287267967,46.875,4.0,1060.0,17.0,1.0,0.0,3.835648296429795,0.9300917986482398,0.37901883681258985,2.181571961961463,7.0
2026-06-12T17:50:00+00:00,15560,resistance,24593.2,up,true,0,24611.7,42.86391871992765,1.4035762353393577,63.03581953518365,13.72686255306387,0.17416073948539781,0.4315984294594898,0.7737226277372263,0.3732743173703696,1.6917434463570866,1.0,1.0,2.5429312870856426,59.72222222222222,3.0,1177.0,17.0,1.0,0.0,3.2194909873194373,0.8658591296545536,-0.1512175350406779,0.45157334232127033,7.0
2026-06-12T17:50:00+00:00,15560,resistance,24547.55,up,true,0,24611.7,42.86391871992765,1.4035762353393577,63.03581953518365,13.72686255306387,0.17416073948539781,1.4965967162068594,0.7737226277372263,0.3732743173703696,1.6917434463570866,1.0,1.0,2.5429312870856426,59.72222222222222,2.0,765.0,17.0,1.0,0.0,3.2194909873194373,0.8658591296545536,-0.1512175350406779,0.45157334232127033,4.0
2026-06-12T17:55:00+00:00,15561,resistance,24612.9,up,true,0,24628.7,42.445067382789965,1.3631758312609377,64.86387260924107,15.107226427574094,0.17233986114894398,0.37224584561280816,0.4864864864864865,0.2591585001101948,2.087970757942156,1.0,1.0,2.8743033648585246,66.31944444444444,2.0,1263.0,17.0,1.0,0.0,4.876891774800939,0.9806269380737466,-0.029383783600690352,0.8474377845277385,10.0
2026-06-12T18:30:00+00:00,15568,resistance,24630.03,up,fake,1,24641.7,37.63964776500686,1.1112227469104794,63.51758114431287,20.724194247231576,0.15274777213019744,0.31010560188753283,0.4883720930232558,0.2922450302584014,2.5488241965904868,1.0,1.0,1.0892769309631323,80.90277777777779,4.0,1056.0,18.0,1.0,0.0,5.89803606521501,0.8044475702468268,0.680768335177876,1.2601693116706734,1.0
2026-06-12T21:30:00+00:00,15604,resistance,24668.5,up,fake,1,24672.7,19.291589856940856,0.8397190293742018,64.12151242121956,24.82968662888389,0.07819002321165035,0.2177114499710154,0.6875,0.25918029758449723,5.189250949632505,1.0,1.0,1.3995736069562852,6.597222222222222,2.0,231.0,21.0,0.0,0.0,4.043212642318157,0.9078331204767986,1.0035522325459365,3.757650782283156,0.0
2026-06-12T22:15:00+00:00,15613,resistance,24683.65,up,fake,1,24692.7,16.85592700093963,0.9914909359970403,67.4652449300852,25.49239784746465,0.06826279427093687,0.5369031320255945,0.72,0.05932631293100968,6.618489678431379,1.0,1.0,1.483157823275242,13.541666666666666,2.0,1139.0,22.0,0.0,0.0,2.9069893336194745,1.018621284991984,1.202978390114423,5.373088389642512,0.0
2026-06-15T01:05:00+00:00,15622,channel_upper,24772.83,up,fake,1,24943.0,36.229763152652865,2.2036124794745486,88.8563607262031,22.369010316816112,0.1452502231193235,4.6968778454625255,0.7883959044368299,0.027601615715414266,9.69220084206411,1.0,1.0,7.68152965359977,92.36111111111111,0.0,96.0,1.0,0.0,1.0,1.4904872486323704,1.331143951833607,0.7507287719933178,0.25117470301033007,0.0
2026-06-15T14:15:00+00:00,15780,support,24903.95,down,fake,1,24900.130859375,23.58106543016138,,34.94867034822799,24.68717450664304,0.09470257631711608,0.16195793342381606,0.37238169123351433,0.24773252473690374,-0.6774360564012437,0.0,1.0,2.1313611029938966,49.65277777777778,2.0,131.0,14.0,1.0,0.0,4.708408837752848,0.0,0.6730844657179668,3.81341235352498,0.0
2026-06-15T16:20:00+00:00,15805,channel_upper,24994.91,up,fake,1,25005.9,20.918396981374823,1.8418907905460473,65.24876834149558,23.595088217045443,0.08365384561793344,0.5251640638990845,0.5,0.3824384826008888,3.899198352650961,1.0,1.0,0.4302432929259999,71.52777777777779,0.0,96.0,16.0,1.0,1.0,6.018158776080726,1.9288236892148871,0.6680832091486817,0.7559603603617574,0.0
2026-06-15T18:10:00+00:00,15827,support,24903.95,down,fake,1,24897.9,24.455097392019137,0.8795197542928941,36.472261145227264,16.15779939757633,0.09822152628140982,0.2473921858914238,0.8064516129032258,0.08178254079056317,-1.2608801583808453,0.0,1.0,2.862388927669711,49.30555555555556,2.0,178.0,18.0,1.0,0.0,4.90695244743379,0.9223323560891619,0.4055538677987235,3.522514765879914,1.0
2026-06-15T20:30:00+00:00,15855,support,24903.95,down,true,0,24896.9,14.201548443890767,0.7096107475025835,41.16799068325069,22.116060703707525,0.057041432643786034,0.4964247404325862,0.75,0.07041485679895566,-1.9932091607698048,0.0,1.0,0.49290399759268966,13.541666666666666,2.0,206.0,20.0,1.0,0.0,4.436135978334207,0.9071075898495808,0.8614039292296719,5.695970187326233,2.0
2026-06-16T03:05:00+00:00,15922,channel_upper,24824.7,up,true,0,24826.4,10.117781428672043,1.775501493811353,52.18667999367847,29.26474740275806,0.04075412234021865,0.16817888386792065,0.756944444444469,0.30639127973388325,-5.677833314522419,0.0,0.0,0.7511528148320241,1.3888888888888888,0.0,96.0,3.0,0.0,1.0,5.3074876521669285,1.382842509603073,-1.0536071042329187,0.6839682542084291,0.0
2026-06-16T08:20:00+00:00,15985,support,24903.95,down,true,0,24902.5,10.435388523408971,1.3304410701373823,67.28893378164156,22.27310783573403,0.041904983529400544,0.13895026493245027,0.30303030303028633,0.6707943824321819,2.5705160701514926,1.0,0.0,-3.35397191216091,37.84722222222222,2.0,336.0,8.0,0.0,0.0,5.816745573376276,1.0894191371414796,-0.9043515690103312,-5.1942260456287475,3.0
2026-06-16T09:10:00+00:00,15995,channel_upper,24923.81,up,fake,1,24929.3,13.53016727069806,1.6139385602934435,71.88067924054056,22.378304082513868,0.0542741563970832,0.4059212731535033,0.8095238095238095,0.14781783255047773,3.8213847034670017,1.0,1.0,3.458937281681125,53.47222222222222,0.0,96.0,9.0,0.0,1.0,4.530616567672088,1.5130674002751032,0.9131559869183573,5.5280242497607,0.0
2026-06-16T13:30:00+00:00,16047,support,25001.5,down,fake,1,24946.58984375,25.478152773374084,,27.173888393504953,30.85827903139735,0.10213080398143981,2.1551859249146115,0.8741797683533712,0.19701315455042157,0.30952276039926646,0.0,0.0,5.483527691065705,86.80555555555556,2.0,342.0,13.0,1.0,0.0,2.8259505561660467,0.9282311357000154,-0.8335825534553486,0.01698419700076244,0.0
2026-06-16T13:30:00+00:00,16047,channel_lower,25031.06,down,fake,1,24946.58984375,25.478152773374084,,27.173888393504953,30.85827903139735,0.10213080398143981,3.3155858568871115,0.8741797683533712,0.19701315455042157,0.30952276039926646,0.0,0.0,5.483527691065705,86.80555555555556,0.0,96.0,13.0,1.0,1.0,2.8259505561660467,0.9282311357000154,-0.8335825534553486,0.01698419700076244,0.0
2026-06-16T18:45:00+00:00,16110,support,24903.3,down,fake,1,24825.3,27.60037710363923,1.2288824928044049,24.569981291616173,24.044094761784923,0.111178423236131,2.8261662844471447,0.8791208791208791,0.28985111217720155,-4.244980108201657,0.0,1.0,3.9854527924365217,80.20833333333334,3.0,461.0,18.0,1.0,0.0,3.4057505680821185,0.9961206357151795,0.735208523350329,4.51175475662583,4.0
2026-06-17T01:05:00+00:00,16174,channel_upper,24773.86,up,true,0,24779.1,12.647762022871659,0.5071374906085651,53.78061503405637,40.85113634525068,0.05104205569561308,0.41405774878237667,0.8,0.015813074252903903,-7.634515822337834,0.0,0.0,2.498465731949612,60.06944444444444,0.0,96.0,1.0,0.0,1.0,6.783808854471037,0.5985474580515904,-2.2053984350460185,0.507186008155825,0.0
2026-06-17T09:00:00+00:00,16269,channel_upper,24861.69,up,fake,1,24868.8,10.88930190603282,2.2419354838709675,71.68786334337547,34.06980767125827,0.04378700180962821,0.6526591600851306,0.664634146341456,0.0,2.707899898032228,1.0,1.0,1.4509653728349527,48.61111111111111,0.0,96.0,9.0,0.0,1.0,4.977362228332855,0.7043010752688171,1.160493912661737,5.814515905031384,0.0
2026-06-17T13:00:00+00:00,16317,support,24903.3,down,fake,1,24892.8,20.487382114378814,1.102439024390244,61.583671553806035,23.288258364394302,0.08230244132592081,0.5126694640483394,0.6875,0.3416737170674011,2.4865509662222243,1.0,0.0,-0.9762106201925744,86.11111111111111,3.0,668.0,13.0,1.0,0.0,7.468011244473194,0.9528455284552846,-1.034763004635017,-3.1006278440247628,5.0
2026-06-17T15:30:00+00:00,16347,support,24903.3,down,true,0,24885.8,29.715818598477856,20.0,48.79178507749558,14.413302079948169,0.11940873348848685,0.5890214718577094,0.9473684210526315,0.0,1.0567497911526516,1.0,0.0,0.12484144135914042,73.61111111111111,3.0,698.0,15.0,1.0,0.0,3.9406489505558575,0.0,-0.48441596395763276,-1.7290242840376377,6.0
2026-06-17T17:45:00+00:00,16374,support,24903.3,down,fake,1,24892.8,32.6833190772252,1.6346498031261185,51.57794985642148,15.958468574738754,0.13129627473496433,0.3213643994820321,0.4180327868852459,2.111168692413539,0.9969486392862362,1.0,0.0,-0.4283530680259355,86.11111111111111,3.0,725.0,17.0,1.0,0.0,3.610404430504313,0.9935170822893051,-0.20397475415622998,-1.417056925379476,7.0
2026-06-17T21:00:00+00:00,16413,support,24903.3,down,fake,1,24846.8,24.10029761272223,2.374815905743741,30.520010216253056,17.126162645646225,0.09699557936121445,2.344504458671282,0.9208443271767816,0.04149326353016127,-1.5913873170292487,0.0,1.0,3.402447609473224,75.34722222222221,3.0,764.0,21.0,0.0,0.0,2.663867518636384,0.8873343151693667,-0.10467001970770973,0.9164793757902507,8.0
2026-06-17T22:20:00+00:00,16429,support,24834.65,down,fake,1,24813.5,37.18330619591602,1.2445358704037026,32.55287001211694,22.824609981273394,0.14985111409481136,0.5688036423809038,0.8849557522123751,0.12640080941798948,-1.9921123577115476,0.0,1.0,3.6387296838832417,98.95833333333334,2.0,470.0,22.0,0.0,0.0,4.03406838567989,1.211965372417931,0.22079381736865636,1.6407852954853066,0.0
2026-06-17T22:20:00+00:00,16429,support,24825.16,down,fake,1,24813.5,37.18330619591602,1.2445358704037026,32.55287001211694,22.824609981273394,0.14985111409481136,0.31370659661196637,0.8849557522123751,0.12640080941798948,-1.9921123577115476,0.0,1.0,3.6387296838832417,98.95833333333334,4.0,93.0,22.0,0.0,0.0,4.03406838567989,1.211965372417931,0.22079381736865636,1.6407852954853066,0.0
2026-06-18T01:25:00+00:00,16454,support,24903.3,down,fake,1,24895.8,21.42814092557282,0.4888791015194891,60.925789506794786,22.4090733636295,0.08607130891786093,0.35015894446435947,0.5060240963855633,0.30333942746487896,0.8419409768058386,1.0,0.0,-2.2260447215499917,83.33333333333334,3.0,805.0,1.0,0.0,0.0,5.5814454653537044,0.7736915510533655,0.10482402656751928,-0.8287675032972541,9.0
2026-06-18T03:10:00+00:00,16475,resistance,24979.3,up,true,0,24991.8,15.776525182384544,2.9687500000000004,81.9941434610002,41.41773543666267,0.0631268063220118,0.7923164230078379,0.6175115207372059,0.18381741013791064,6.650978082567976,1.0,1.0,4.126383931024728,68.05555555555556,2.0,76.0,3.0,0.0,0.0,7.454112907657647,2.244664634146342,1.4986795408952418,4.31160287493718,0.0
2026-06-18T08:15:00+00:00,16536,resistance,24903.2,up,true,0,24904.7,14.072018251148029,1.903345724907063,65.29574482579355,15.83388249834836,0.05650346421016125,0.10659451780327434,0.7058823529411765,0.5685040949507965,1.5731811381809881,1.0,1.0,3.2688985459670796,19.791666666666664,2.0,25.0,8.0,0.0,0.0,4.24246180857037,0.9714993804213135,-0.2175121536621541,-0.1652292589903669,0.0
2026-06-18T08:45:00+00:00,16542,support,24903.3,down,fake,1,24888.7,13.887387794255261,1.550387596899225,51.24474654368235,18.9525225409384,0.05579796371146448,1.0515480250628224,0.9565217391304348,0.07200778251570579,0.3411585991545961,1.0,0.0,1.1521245202512926,41.31944444444444,3.0,893.0,8.0,0.0,0.0,5.040544776099406,1.2522361359570662,-0.4222027531761093,1.3175799886141373,10.0
2026-06-18T09:45:00+00:00,16554,resistance,24979.3,up,true,0,24982.3,20.813278630242582,1.2971542025148908,71.53655503736576,28.28665704498054,0.08331209948740742,0.144138751673697,0.8,0.096092501115798,4.400194162894371,1.0,1.0,1.44138751673697,81.94444444444444,2.0,155.0,9.0,0.0,0.0,6.899441580114226,1.2647988822707552,1.1378756136643835,3.2328674978094774,1.0
2026-06-18T10:20:00+00:00,16561,resistance,25047.15,up,true,0,25053.3,23.924330045565256,1.190929041697147,75.00235398810972,37.94371759980021,0.09549372755511353,0.25706048981454405,0.868421052631579,0.16719381451358392,6.436935937114348,1.0,1.0,3.1766824757580943,96.875,2.0,477.0,10.0,0.0,0.0,6.838227013605521,1.4123384540356012,1.64842742618355,5.15148045607571,0.0
2026-06-18T10:50:00+00:00,16567,support,25001.5,down,fake,1,24980.3,28.217423169622247,0.9827115559599636,48.33429934158894,38.301316938442135,0.11295870413734921,0.7513088588054987,0.9107142857142857,0.1771954855673285,2.5877704795419194,1.0,0.0,2.5870540892829963,88.19444444444444,2.0,862.0,10.0,0.0,0.0,7.038204686734237,0.9775120239178474,-1.6212402913521724,-1.3796313098157456,1.0
2026-06-18T11:40:00+00:00,16577,support,24903.3,down,true,0,24897.8,26.551626611026858,0.8266129032258064,32.4303995971854,28.59640379574447,0.10664246082395577,0.20726621720594043,0.5357142857142857,0.3012998080003735,-0.5354318672987963,0.0,1.0,3.7850788380046922,97.91666666666666,3.0,928.0,11.0,0.0,0.0,6.496777110008053,0.9417002688172044,-0.12237768856962317,1.7515171180083289,11.0
2026-06-18T12:05:00+00:00,16582,resistance,24903.2,up,true,0,24914.8,27.701603311283986,0.9922646038943719,42.06628529696273,30.384718269601414,0.11118533285952119,0.41874832549036595,0.6829268292682927,0.4331879229211225,0.1327986228886857,0.0,1.0,0.07219798715352042,99.30555555555556,2.0,71.0,12.0,0.0,0.0,8.104224057982668,1.0233840135147152,-0.6361711963377792,-0.9377021085862376,1.0
2026-06-18T12:45:00+00:00,16590,resistance,24979.3,up,true,0,24985.8,24.41893826862047,0.8366877515813685,60.53004467816541,19.33664642413697,0.09773126443267965,0.26618683943162336,0.8928571428571429,0.08190364290203796,2.9162401456076985,1.0,1.0,1.6380728580407593,77.77777777777779,2.0,191.0,12.0,0.0,0.0,7.22799648610485,0.8874832279087599,-0.21767537348089372,1.805002119240864,2.0
2026-06-18T12:55:00+00:00,16592,support,25001.5,down,true,0,24982.8,25.33571718059622,1.0686801219689268,56.656233229161856,20.34603203113295,0.10141264061913084,0.7380884411798863,0.8787878787878788,0.0,2.627717720246904,1.0,0.0,-0.8683393425645384,80.20833333333334,2.0,887.0,12.0,0.0,0.0,6.887509785341452,0.8441024151783554,-0.14743530055701076,-1.5765779483706035,2.0
2026-06-18T14:45:00+00:00,16614,resistance,25013.78,up,fake,1,25029.849609375,26.179554108206712,,62.18953322938065,13.026039131974798,0.10459333362674735,0.6140138716098114,0.7461969001148105,0.18449810508750708,3.8203984615296673,1.0,1.0,0.6111639615353247,42.70833333333333,2.0,830.0,14.0,1.0,0.0,4.006212594053394,0.0,0.5086478458065369,3.2417075241235738,0.0
2026-06-18T15:00:00+00:00,16617,resistance,25047.15,up,fake,1,25053.439453125,26.31747958071434,,65.0445178278279,15.015136242334226,0.10504537562578728,0.23898387023381623,0.6458531180753403,0.1375927257355437,4.578270387632867,1.0,1.0,1.8318237590778992,68.05555555555556,2.0,533.0,15.0,1.0,0.0,4.529724707656228,0.0,0.7901136477925281,4.121074776486254,1.0
2026-06-18T15:30:00+00:00,16623,support,25001.5,down,fake,1,24989.8,27.095635684839493,20.0,46.94471008691969,14.196152885879648,0.1084267808659513,0.4318038571262269,0.39999999999993935,0.11810020023967131,1.9169853857387606,1.0,0.0,2.3486975491262667,49.30555555555556,2.0,918.0,15.0,1.0,0.0,5.051046955195682,0.0,-0.7725931360038218,-1.6429933081470036,3.0
2026-06-18T17:15:00+00:00,16644,resistance,25013.78,up,fake,1,25028.8,29.829254864227188,0.9707776126795443,57.00142366788324,19.935417078243137,0.11917972441438339,0.5037001449880865,0.725,0.13409654442280455,2.5998132677332872,1.0,1.0,1.7432550774964592,60.763888888888886,2.0,860.0,17.0,1.0,0.0,4.056420468789838,1.0467228000660393,-0.07992292491743272,2.404332640148122,1.0
2026-06-18T17:45:00+00:00,16650,resistance,25047.15,up,true,0,25051.8,28.57579508776445,0.793479563706101,60.68468362098111,15.124014596858265,0.11406683387127652,0.1627251310319218,0.7,0.24496256284386822,3.3609096067259134,1.0,1.0,0.8048769922012813,62.84722222222222,2.0,566.0,17.0,1.0,0.0,4.234352872015436,0.9524951056774142,0.1750269226430643,3.195488945798177,2.0
2026-06-18T17:55:00+00:00,16652,resistance,25058.58,up,fake,1,25061.8,28.440353927715268,0.8195334219750998,61.5275543313127,14.70732989581211,0.11348089094843654,0.1132097923493969,0.7333333333333333,0.03516130645004017,3.662664673096077,1.0,1.0,1.9338718547522091,65.27777777777779,2.0,956.0,17.0,1.0,0.0,4.360001999804981,0.7719892018211854,0.38093013026539363,3.5180892092850566,0.0
2026-06-18T19:55:00+00:00,16676,resistance,25058.58,up,true,0,25068.8,19.413694489844538,0.7945439045183291,52.916917683037035,17.42062988188673,0.07744165851514448,0.5264184294156902,0.9375,0.0,4.527134182834381,1.0,1.0,-0.566610338168976,14.583333333333334,2.0,980.0,19.0,1.0,0.0,4.069292428668101,0.6490480250071043,1.0175031561775707,4.795788097347116,1.0
2026-06-18T22:10:00+00:00,16703,channel_lower,25052.32,down,fake,1,25048.8,13.249915423067977,1.9195230998509687,35.732200923164555,16.079105006194357,0.052896407904043215,0.2653665496443124,0.782608695652174,0.3018887194582418,3.325680906595354,0.0,0.0,1.5849157771557696,10.76388888888889,0.0,96.0,22.0,0.0,1.0,3.2453037341760997,1.0352707401887729,-0.21401851529225868,-4.859741362953441,0.0
2026-06-18T22:15:00+00:00,16704,resistance,25058.58,up,fake,1,25063.8,13.51777860713455,1.7874930824571114,44.73379518248278,17.193883541732536,0.05393347619728274,0.3861378939691378,0.9411764705882353,0.0,4.325953330454959,0.0,1.0,-1.0356731240302262,11.805555555555555,2.0,1008.0,22.0,0.0,0.0,4.21666914783735,1.3152554879173584,0.12902490350984874,5.842355204645068,2.0
2026-06-19T00:15:00+00:00,16728,support,25001.5,down,fake,1,24989.7,16.94910291155614,0.5235285217128158,21.139282105073875,24.21910150577257,0.06782435528060016,0.6962020386314289,0.5660377358490566,0.6785019868018582,-1.7023261972741315,0.0,1.0,5.599116395434336,62.5,2.0,1023.0,0.0,0.0,0.0,4.218512352724597,1.4767740959297928,0.0805145731486996,2.747989211444253,4.0
2026-06-19T00:30:00+00:00,16731,resistance,24979.3,up,true,0,24988.2,16.970910749522172,0.626065395939873,27.76665212444935,32.45526405327456,0.06791569920811492,0.5244267754016703,0.7575757575757576,0.2062352487534321,-1.7200911616458818,0.0,0.0,-3.411720257949505,92.36111111111111,2.0,332.0,0.0,0.0,0.0,7.860509195344969,0.5010589389947828,-0.8320348222810983,-2.038894146826956,3.0
2026-06-19T01:00:00+00:00,16737,resistance,25058.58,up,fake,1,25091.3,25.226874862407186,1.0619862252832704,63.284745866253495,40.054971693199846,0.10054032617842514,1.297018625610998,0.21250000000009095,0.039640264814972744,2.990395933033279,1.0,1.0,4.0869113024236325,97.91666666666666,2.0,1041.0,1.0,0.0,0.0,6.615960197618865,0.27401318225579496,-1.1699738479988833,2.8814724064545745,3.0
2026-06-19T01:00:00+00:00,16737,resistance,25047.15,up,fake,1,25091.3,25.226874862407186,1.0619862252832704,63.284745866253495,40.054971693199846,0.10054032617842514,1.7501176915809602,0.21250000000009095,0.039640264814972744,2.990395933033279,1.0,1.0,4.0869113024236325,97.91666666666666,2.0,653.0,1.0,0.0,0.0,6.615960197618865,0.27401318225579496,-1.1699738479988833,2.8814724064545745,3.0
2026-06-19T03:20:00+00:00,16765,support,25001.5,down,fake,1,24990.3,13.773819202360896,1.0194429847609037,26.252771239871365,18.525094814874333,0.05511666207432842,0.8131368530001466,0.8636363636363636,0.14520300946430245,-2.451223337760736,0.0,1.0,5.0240241274649176,35.76388888888889,2.0,1060.0,3.0,0.0,0.0,5.336210597813115,2.047644070765458,0.24900846556431694,3.5594716455720508,5.0
2026-06-19T03:40:00+00:00,16769,resistance,24979.3,up,true,0,24992.3,17.287719966644875,0.3844128488678252,36.66095095017685,27.205479070021777,0.06917218489952856,0.7519788627466403,0.8421052631578947,0.0,-1.7668247432159812,0.0,0.0,-2.227014324288127,58.68055555555556,2.0,370.0,3.0,0.0,0.0,6.33976025823334,0.7811128664209234,-0.7033852387501328,-2.5513541108214524,4.0
2026-06-19T06:30:00+00:00,16803,support,24950.3,down,fake,1,24949.3,9.621998028669125,2.4428822495606326,34.52176057026699,36.87585761072142,0.03856620437715337,0.10392851848654097,0.6,0.10392851848654097,-6.078107920233199,0.0,1.0,2.0785703697308193,2.083333333333333,2.0,23.0,6.0,0.0,0.0,4.157140739461639,1.8746338605741069,1.5327340216064431,7.761664960275456,0.0
2026-06-19T07:10:00+00:00,16811,resistance,24979.3,up,fake,1,24983.3,10.883666918442609,1.1129296235679214,59.65409775458439,29.560049675951365,0.04356376827097545,0.367523191399942,0.95,0.0,-1.9438866460890567,1.0,0.0,2.205139148399652,6.944444444444445,2.0,412.0,7.0,0.0,0.0,2.6645431376495794,1.5457355882887795,-1.0332581671328087,-3.2214942591974163,5.0
2026-06-19T07:40:00+00:00,16817,support,24934.0,down,true,0,24928.3,14.102524967666142,1.0722197607443509,35.627930367734635,28.611209587863172,0.056572349368653865,0.40418293979762643,0.7272727272727273,0.3545464384189253,-5.1966521612039696,0.0,1.0,3.900010822608178,24.305555555555554,2.0,168.0,7.0,0.0,0.0,3.829101534924393,0.7679810958499483,0.6558232156594016,6.156359206818851,0.0
2026-06-19T08:30:00+00:00,16827,support,24949.3,down,fake,1,24938.3,14.999301847910818,0.7230895645028759,44.86774087156694,26.16124836237788,0.060145646848064296,0.7333674668019391,0.7428571428571429,0.23334419398243517,-3.7969731647580427,0.0,1.0,-0.6666976970926719,46.52777777777778,3.0,47.0,8.0,0.0,0.0,4.866893188776505,1.0599835661462613,1.0570416556080293,4.632217324403541,1.0
2026-06-19T09:15:00+00:00,16836,support,25001.5,down,fake,1,24995.9,14.992072807234715,1.3181148748159057,64.91797494908649,29.599399718131423,0.059978127641872124,0.37353073667679604,0.6666666666666666,0.13340383452746182,0.1525015788788419,1.0,0.0,-2.374588254588966,60.416666666666664,2.0,1131.0,9.0,0.0,0.0,6.31000137314909,1.3230240549828176,-0.17249363150446795,0.6045188984629444,6.0
2026-06-19T09:25:00+00:00,16838,resistance,25013.78,up,true,0,25023.9,15.80949134909524,1.161706704912155,72.58187955756047,32.67180423729886,0.06317756764171548,0.6404380619481121,0.84375,0.2530125676832048,1.8945950547441075,1.0,1.0,3.3271152650342812,72.91666666666666,2.0,1054.0,9.0,0.0,0.0,5.983747225707932,1.0828253854428112,0.4659739325330227,1.1943332346836557,2.0
2026-06-19T09:55:00+00:00,16844,resistance,25047.15,up,true,0,25051.9,14.713081009139882,1.4358279715543514,79.12457211766728,42.75713845060965,0.05873039972672684,0.3228419660742208,0.6666666666666666,0.3398336484991798,3.778173334977139,1.0,1.0,1.9030684315954067,81.25,2.0,760.0,9.0,0.0,0.0,8.808488169098888,0.9527034654024156,1.556979622636511,3.06451331520797,4.0
2026-06-19T10:00:00+00:00,16845,resistance,25059.35,up,true,0,25082.9,17.376432365629892,3.322608949985376,84.06635824956122,45.24527005735464,0.06927601021265441,1.3550816346844452,0.5769230769230769,1.035885826345085,4.933520916485019,1.0,1.0,3.3954035419088897,85.06944444444444,3.0,1149.0,10.0,0.0,0.0,7.861222437707826,0.9066978648727698,1.4516962631713362,4.241658438303021,4.0
2026-06-19T10:05:00+00:00,16846,resistance,25096.63,up,true,0,25098.9,18.063830053799187,2.214420739940589,85.91912661122933,47.63991393489472,0.07197060450377979,0.1254809561382768,0.5925925925925926,0.4982332081953527,5.575494418895232,1.0,1.0,3.8751471748527435,88.19444444444444,3.0,166.0,10.0,0.0,0.0,9.776442729700042,1.6491133315329911,1.5631277708867048,4.852048794352302,0.0
2026-06-19T12:30:00+00:00,16875,resistance,25096.63,up,true,0,25118.9,23.043902394568487,0.8417377812257564,49.869578876838986,33.4282020959596,0.09173929747946163,0.9662715231738864,0.9259259259259259,0.0,3.6842453515783276,1.0,1.0,-0.4339542768744337,69.44444444444444,3.0,195.0,12.0,0.0,0.0,4.990474184055988,0.925782260149987,0.8491507733867738,2.886688671611002,1.0
2026-06-19T13:30:00+00:00,16887,channel_lower,25080.27,down,fake,1,25029.58984375,26.818803816101266,,30.54995466179642,22.3947938505324,0.10714839509364969,1.8897554628994029,0.9575136834119113,0.017551234880856352,-0.5099207746595057,0.0,1.0,3.740291958501819,65.97222222222221,0.0,96.0,13.0,1.0,1.0,3.5795779952856908,0.8779606862540807,-0.30264942987321547,1.1398864818994434,0.0
2026-06-19T14:15:00+00:00,16896,resistance,25059.35,up,fake,1,25063.580078125,21.615209474297604,,43.61820473970362,27.340897302659585,0.0862415082239705,0.19553650428536243,0.4421510811569784,0.1957172219418184,0.9239808850802776,0.0,1.0,1.0075912935702755,86.45833333333334,3.0,1200.0,14.0,1.0,0.0,6.625452649223292,0.0,-0.9060091699996813,0.15821463346813538,5.0
2026-06-19T15:10:00+00:00,16907,resistance,25047.15,up,fake,1,25054.380859375,18.85988079671072,,46.31536782925159,23.894910882187563,0.07527578072101357,0.3833989966818694,0.6560670569451836,0.19241406078414366,0.5390515752473657,0.0,1.0,0.3340838321257521,26.38888888888889,2.0,823.0,15.0,1.0,0.0,6.95712493039115,,-0.7231719610015444,-0.30643758399019133,5.0
2026-06-19T15:30:00+00:00,16911,support,25016.74,down,true,0,25010.9,18.43307268530302,20.0,33.28982033911544,25.69646888580966,0.07370015747255404,0.3170782572327235,0.0,0.32550189013163794,-1.7560475236547106,0.0,1.0,1.6600596396712746,43.40277777777778,2.0,239.0,15.0,1.0,0.0,3.3657446419373303,0.0,1.0065570226650866,2.6515634474644534,0.0
2026-06-19T15:35:00+00:00,16912,support,25001.5,down,fake,1,24980.9,19.83071035063852,11.473477406679764,26.75929515006642,27.588835471292725,0.07938349038921143,1.0387928438143545,0.7894736842105263,0.40341469662696233,-3.1137947147102687,0.0,1.0,3.2349209945438484,57.291666666666664,2.0,1207.0,15.0,1.0,0.0,3.723037019075886,2.842174197773412,1.056633839515239,3.940799094357953,7.0
2026-06-19T15:50:00+00:00,16915,resistance,25013.78,up,true,0,25059.9,24.995288134239367,8.092105263157896,54.68782887959666,29.035634699448213,0.09974217029692603,1.8453478012448459,0.8705882352941177,0.44008294447031554,0.7235294960657278,1.0,1.0,1.5347267570583987,63.888888888888886,2.0,1131.0,15.0,1.0,0.0,4.394046916368576,3.017543859649123,-0.841171948872546,0.08807639874459029,3.0
2026-06-19T16:05:00+00:00,16918,resistance,25079.02,up,fake,1,25085.9,26.907670565205503,2.7055702917771884,59.807154963226154,26.7171763558555,0.10726212958357284,0.2558662820074339,0.25806451612903225,0.07432824759591838,1.5950560675897156,1.0,1.0,3.9022329987857156,73.95833333333334,2.0,344.0,16.0,1.0,0.0,5.425962074502043,3.4785903751420997,-0.5168473535419987,1.0189703189203456,0.0
2026-06-19T16:20:00+00:00,16921,resistance,25059.35,up,fake,1,25078.9,26.266819326441873,1.2325925925925927,56.75345081910188,23.416686536352625,0.10473672819159481,0.7441511715628509,0.84,0.03807084472512953,1.3405099549462434,1.0,1.0,0.7233460497774611,75.34722222222221,3.0,1225.0,16.0,1.0,0.0,5.5583433298689116,1.7481481481481482,-0.3298094680527196,0.7700957739323392,6.0
2026-06-19T18:35:00+00:00,16948,support,25016.74,down,fake,1,25003.9,22.096469002726675,1.593165550681136,30.867088887515322,15.910739862789997,0.08837208996487218,0.5813022234871543,0.4838709677419355,0.4073048955871371,-2.0286445130587465,0.0,1.0,3.0321586671486873,60.06944444444444,2.0,276.0,18.0,1.0,0.0,3.9825367568520074,1.5392903871315322,0.29444482131496963,2.507697186676042,1.0
2026-06-19T19:20:00+00:00,16957,resistance,25047.15,up,fake,1,25052.9,18.00583262751345,0.5339554173146708,52.23056680087673,17.004361568255632,0.07187125094305828,0.31934096683836927,0.6923076923076923,0.16661267835045354,0.29439559388220415,0.0,1.0,1.6105892240543842,48.95833333333333,2.0,873.0,19.0,1.0,0.0,6.053593980066479,0.5529635389666494,-0.6855237702981415,-0.30516684666291877,6.0
2026-06-20T10:45:00+00:00,17142,support,25001.5,down,true,0,25000.1,11.561028932108284,0.375,43.125016520477196,24.354715815647957,0.046243930752710126,0.12109648788381237,0.0,0.0,-3.564388685718228,0.0,1.0,-0.5189849480729422,28.47222222222222,2.0,1437.0,10.0,0.0,0.0,4.627615786983735,0.4888888888888889,1.1618837691106212,5.712322308742693,11.0
2026-06-20T12:45:00+00:00,17166,support,25001.5,down,true,0,24999.1,6.164648809922264,1.6142270861833106,40.652145943788526,18.965684534596573,0.024659482981076376,0.38931658136608743,0.4166666666666667,1.1355066956503999,-5.612430182500245,0.0,1.0,1.4599371801219427,4.513888888888888,2.0,1461.0,12.0,0.0,0.0,2.433228633536571,0.5471956224350205,0.5749824269530069,10.716897699265262,12.0
2026-06-21T22:05:00+00:00,17169,support,24949.32,down,fake,1,24936.2,11.150413059547818,4.564007421150278,14.264778946036586,25.983169750845146,0.044715766875256927,1.1766380249711608,0.8410714285714026,0.4125407709504823,-8.591256189210355,0.0,1.0,6.44819161550537,30.555555555555557,5.0,389.0,22.0,0.0,0.0,2.3317521836320543,1.5089672232529374,0.5691404540438028,1.399051310179102,2.0
2026-06-21T22:10:00+00:00,17170,support,24934.0,down,fake,1,24923.9,13.746812126722974,5.217391304347825,12.539871440192456,30.028372603362815,0.05515514075535118,0.7347157949707303,0.2631578947368421,1.3966874518258008,-7.7851120379497525,0.0,1.0,5.79770780783896,59.02777777777778,2.0,521.0,22.0,0.0,0.0,5.892275187389874,2.0479923972440006,0.6808871388243586,0.9477657837923928,1.0
2026-06-21T23:00:00+00:00,17180,support,24903.3,down,fake,1,24901.2,18.994566069926375,2.3780325246600906,25.715694964378315,39.90682622264177,0.07627972174002207,0.11072931071906388,0.7223198594024164,0.7844348718022179,-6.392468754312254,0.0,1.0,2.2058940354703362,87.84722222222221,3.0,1531.0,23.0,0.0,0.0,5.727953963226336,0.9828490180396339,1.378994574955318,1.961043281486548,12.0
2026-06-21T23:00:00+00:00,17180,channel_lower,24926.65,down,fake,1,24901.2,18.994566069926375,2.3780325246600906,25.715694964378315,39.90682622264177,0.07627972174002207,1.339932415516432,0.7223198594024164,0.7844348718022179,-6.392468754312254,0.0,1.0,2.2058940354703362,87.84722222222221,0.0,96.0,23.0,0.0,1.0,5.727953963226336,0.9828490180396339,1.378994574955318,1.961043281486548,0.0
2026-06-21T23:05:00+00:00,17181,resistance,24903.2,up,true,0,24911.7,18.916382779217194,1.5620365793376174,31.033806316608533,41.69578226133636,0.07593372904786584,0.44934595050268644,0.5865921787710212,0.15330626546550705,-5.805468635328422,0.0,0.0,-1.596499730021348,89.23611111111111,2.0,670.0,23.0,0.0,0.0,6.676752182175173,1.3362992255725819,-1.3811834897874757,-1.2756183170481914,2.0
2026-06-22T00:25:00+00:00,17197,resistance,24979.3,up,fake,1,24982.9,23.291811098724594,0.4777529859561622,64.29092578094597,38.136151137012234,0.09323101440875395,0.15456075891836984,0.6808510638297872,0.21466772071982795,-0.9477652137294528,1.0,0.0,5.641467700517141,94.79166666666666,2.0,798.0,0.0,0.0,0.0,5.559893966643544,1.0823817648860306,-0.8967723181721525,2.464287982404931,8.0
2026-06-22T01:00:00+00:00,17204,resistance,25013.38,up,fake,1,25020.4,19.046326746610276,0.9711324944485566,71.91814398100053,36.22276329045347,0.07612319046302327,0.36839999439360854,0.6097560975609756,0.31502137287799264,0.8400884200332366,1.0,1.0,1.7588693319021256,98.61111111111111,3.0,1420.0,1.0,0.0,0.0,8.84685022165696,0.31384159881569207,0.6831460191516048,3.984043911115208,6.0
2026-06-22T01:05:00+00:00,17205,support,25001.5,down,true,0,24936.2,24.028731978995463,0.7294292068198666,45.16904892898012,33.910746009911925,0.09636084078165663,2.7175799395940152,0.8410714285714026,0.19143748425939572,-2.81000264622844,0.0,1.0,2.193207700101197,97.91666666666666,2.0,1500.0,1.0,0.0,0.0,7.803158325786884,0.5238448233259204,-0.5334787333628067,0.3627888808301915,13.0
2026-06-22T01:05:00+00:00,17205,support,24949.32,down,true,0,24936.2,24.028731978995463,0.7294292068198666,45.16904892898012,33.910746009911925,0.09636084078165663,0.5460129985830185,0.8410714285714026,0.19143748425939572,-2.81000264622844,0.0,1.0,2.193207700101197,97.91666666666666,5.0,425.0,1.0,0.0,0.0,7.803158325786884,0.5238448233259204,-0.5334787333628067,0.3627888808301915,3.0
2026-06-22T01:05:00+00:00,17205,support,24971.25,down,true,0,24936.2,24.028731978995463,0.7294292068198666,45.16904892898012,33.910746009911925,0.09636084078165663,1.4586703963670646,0.8410714285714026,0.19143748425939572,-2.81000264622844,0.0,1.0,2.193207700101197,97.91666666666666,2.0,280.0,1.0,0.0,0.0,7.803158325786884,0.5238448233259204,-0.5334787333628067,0.3627888808301915,0.0
2026-06-22T01:10:00+00:00,17206,support,24934.0,down,fake,1,24923.9,25.70525112335293,1.079486801356732,42.67219405812216,32.55351012605472,0.10313494727291045,0.39291582686865134,0.2631578947368421,0.7469290966217305,-3.074335405124037,0.0,1.0,2.4508610982899603,97.22222222222221,2.0,557.0,1.0,0.0,0.0,7.294229459196311,0.6341247603598289,-0.46524564076302516,0.7649194605706939,2.0
2026-06-22T02:05:00+00:00,17217,resistance,24903.2,up,fake,1,24911.7,24.208664751813767,1.3079470198675498,40.920779245330294,21.621316585256576,0.09717789131939518,0.35111395391450334,0.5865921787710212,0.11979181957074038,-3.5004239830001094,0.0,0.0,-1.2474872244962654,78.47222222222221,2.0,706.0,2.0,0.0,0.0,5.7871841109909035,1.1189293598233996,-0.3304945258797178,-1.188197954102044,3.0
2026-06-22T02:10:00+00:00,17218,support,24903.3,down,true,0,24899.1,23.743760126684265,1.1767084512737565,38.322354679811475,22.484027560023918,0.09535991311607353,0.17702567688969567,0.7401129943503754,0.13056061817751566,-4.058835967344291,0.0,1.0,2.1395094849746092,85.06944444444444,3.0,1569.0,2.0,0.0,0.0,5.900497615057682,1.3654131284539694,0.3647114891353284,1.686380463620037,13.0
2026-06-22T03:20:00+00:00,17232,resistance,24979.3,up,true,0,24987.1,26.427807344207203,0.39333945194703024,64.83916341129103,25.389522867165837,0.10576580453196731,0.2951436681223189,0.7777777777777778,0.1135167954316717,0.1175838447488578,1.0,1.0,5.33528938528857,90.27777777777779,2.0,833.0,3.0,0.0,0.0,5.532051830703358,1.7350640269219,-0.506820036760329,2.389373974769684,9.0
2026-06-22T04:25:00+00:00,17245,resistance,25045.63,up,fake,1,25049.1,18.294687781065836,0.4035120493181394,73.06615189786972,35.32826227191906,0.07303530977586355,0.1894903432161872,0.6666666666666666,0.05466067592773866,3.295004653767636,1.0,1.0,1.3665168981934666,97.91666666666666,3.0,1161.0,4.0,0.0,0.0,11.435013404082769,0.4483467214645993,1.9041643262819004,6.279677424408893,11.0
2026-06-22T04:45:00+00:00,17249,support,25016.74,down,true,0,25011.1,17.25592403464758,0.6963009014609886,55.1912847175217,33.18008314051109,0.0689930632185213,0.3271181856833083,0.7333333333333333,0.17385333836521316,1.2067437388074114,1.0,0.0,1.1010711429796833,55.55555555555556,2.0,577.0,4.0,0.0,0.0,12.239275020910837,0.4662729250854834,-1.879032851732105,-4.344540243671031,5.0
2026-06-22T05:10:00+00:00,17254,support,25001.5,down,fake,1,24995.1,16.775175155062634,0.7114624505928854,48.44654785659953,24.89179909843864,0.06711385493581795,0.381516135649408,1.0,0.0,0.25084839861301705,1.0,0.0,1.609521197270574,28.47222222222222,2.0,1549.0,5.0,0.0,0.0,8.107217882548078,1.0393793002488654,-1.290272023994242,-3.380358840722674,14.0
2026-06-22T06:15:00+00:00,17267,resistance,24979.3,up,true,0,24983.1,12.654869307045159,0.9200690051753881,46.01659237395847,15.219838884131546,0.05065371914232085,0.3002796716267749,0.8461538461538461,0.15804193243517492,-0.5823880620473247,0.0,0.0,0.07902096621758746,17.708333333333336,2.0,868.0,6.0,0.0,0.0,6.716782128494935,0.9929078014184396,0.07057627267906247,3.31400551225709,10.0
2026-06-22T07:35:00+00:00,17283,support,24971.25,down,fake,1,24969.1,10.6142368941167,1.313969571230982,39.645664339419476,11.351349063512794,0.04250948930524809,0.20255813220007982,0.4444444444444444,0.471065423720797,-1.9164752767454325,0.0,1.0,1.884261694883188,11.805555555555555,2.0,358.0,7.0,0.0,0.0,3.5800972202780574,0.9405255878284924,0.17727204102123356,-2.4047305888082375,1.0
2026-06-22T08:05:00+00:00,17289,resistance,25013.38,up,fake,1,25030.1,13.124986475747582,1.702127659574468,70.19065343365715,14.592396259446213,0.052436811981364774,1.2736521060464554,0.8857142857142857,0.07619055469868904,3.0866939169947365,1.0,1.0,4.647623836620031,19.444444444444446,3.0,1505.0,8.0,0.0,0.0,3.2761938520436287,1.095350669818755,-0.037943111529487206,6.470470268381862,7.0
2026-06-22T08:05:00+00:00,17289,resistance,25023.65,up,fake,1,25030.1,13.124986475747582,1.702127659574468,70.19065343365715,14.592396259446213,0.052436811981364774,0.49142907780632256,0.8857142857142857,0.07619055469868904,3.0866939169947365,1.0,1.0,4.647623836620031,19.444444444444446,2.0,1469.0,8.0,0.0,0.0,3.2761938520436287,1.095350669818755,-0.037943111529487206,6.470470268381862,0.0
2026-06-22T09:05:00+00:00,17301,resistance,25060.49,up,fake,1,25063.7,14.30757920790636,1.9305753685211602,74.94119549886489,31.465996625346435,0.057084864596633214,0.22434705652221126,0.9090909090909091,0.13978605122065663,4.823493342479835,1.0,1.0,2.5580847373381688,58.68055555555556,4.0,1605.0,9.0,0.0,0.0,6.052736017854584,0.8654303376129339,1.3250076516450817,7.898933096058073,9.0
2026-06-22T09:05:00+00:00,17301,resistance,25046.75,up,fake,1,25063.7,14.30757920790636,1.9305753685211602,74.94119549886489,31.465996625346435,0.057084864596633214,1.1846867840951156,0.9090909090909091,0.13978605122065663,4.823493342479835,1.0,1.0,2.5580847373381688,58.68055555555556,4.0,1217.0,9.0,0.0,0.0,6.052736017854584,0.8654303376129339,1.3250076516450817,7.898933096058073,12.0
2026-06-22T09:40:00+00:00,17308,resistance,25080.81,up,fake,1,25087.7,15.629800629302286,1.0004033884630898,70.84691127110824,38.22647610043366,0.06230065183058744,0.440814564011697,0.7692307692307693,0.0,5.641392248824785,1.0,1.0,2.4312530211523447,37.5,3.0,734.0,9.0,0.0,0.0,7.716029325025739,1.3849670566088474,1.4768312227325127,8.408723616143748,2.0
2026-06-22T10:50:00+00:00,17322,support,25016.74,down,fake,1,25012.7,25.489040625630995,1.111728738187882,37.93494541319425,27.075718659746215,0.10190439506982851,0.15868492745205462,0.78125,0.11769764284432473,0.16101929668509327,0.0,0.0,2.4324179521160443,47.22222222222222,2.0,650.0,10.0,0.0,0.0,3.7663245710183912,1.2426656784633436,-0.5745065498306078,-1.4672328749193346,6.0
2026-06-22T10:55:00+00:00,17323,resistance,25013.38,up,fake,1,25036.7,25.596966295228782,1.037837837837838,45.50778952564515,27.529135140962524,0.1022377801196994,0.9109152388506098,0.8518518518518519,0.0,1.0870266038605882,0.0,1.0,-2.1486921288110565,48.26388888888889,3.0,1539.0,10.0,0.0,0.0,3.8676458318599023,1.206006006006006,0.46232303060559354,2.376547235649814,8.0
2026-06-22T10:55:00+00:00,17323,resistance,25023.65,up,fake,1,25036.7,25.596966295228782,1.037837837837838,45.50778952564515,27.529135140962524,0.1022377801196994,0.5098260414724132,0.8518518518518519,0.0,1.0870266038605882,0.0,1.0,-2.1486921288110565,48.26388888888889,2.0,1503.0,10.0,0.0,0.0,3.8676458318599023,1.206006006006006,0.46232303060559354,2.376547235649814,1.0
2026-06-22T11:15:00+00:00,17327,support,25001.5,down,fake,1,24990.7,26.055418428728377,1.0260533933740754,35.88859337032255,30.011193520588897,0.10426045860551475,0.41450111536460027,0.7586206896551724,0.07675946580826448,-0.6949329420587028,0.0,1.0,1.765467713590083,82.98611111111111,2.0,1622.0,11.0,0.0,0.0,4.375289551071075,1.0871662914120297,0.006293593019429179,-0.5080784173657089,15.0
2026-06-22T12:00:00+00:00,17336,support,24971.25,down,fake,1,24966.7,24.607760350624005,1.0581841432225063,35.68784595478057,38.21782954178911,0.09856232642128918,0.18490102045730844,0.3,0.4876510429644079,-1.6480025954536537,0.0,1.0,0.8940269121014145,79.51388888888889,2.0,411.0,12.0,0.0,0.0,5.729899754831793,0.8184143222506394,0.70696628229275,0.4889249019078964,2.0
2026-06-22T12:35:00+00:00,17343,support,24949.32,down,true,0,24943.7,23.81168933245077,0.8761381205978354,33.77032395509576,37.08698056004207,0.09546173716189164,0.23601853365103326,0.9285714285714286,0.0,-2.5701851915926124,0.0,1.0,1.5958548538684856,39.23611111111111,5.0,563.0,12.0,0.0,0.0,5.8794652510944205,0.8497967130504496,0.8970360450280578,1.4580927737801814,4.0
2026-06-22T12:35:00+00:00,17343,support,24963.6,down,true,0,24943.7,23.81168933245077,0.8761381205978354,33.77032395509576,37.08698056004207,0.09546173716189164,0.8357239892626153,0.9285714285714286,0.0,-2.5701851915926124,0.0,1.0,1.5958548538684856,39.23611111111111,2.0,67.0,12.0,0.0,0.0,5.8794652510944205,0.8497967130504496,0.8970360450280578,1.4580927737801814,0.0
2026-06-22T12:55:00+00:00,17347,support,24934.0,down,fake,1,24923.7,22.6863978296576,0.9006381039197813,31.217266950994514,37.062825127862574,0.09102339471931375,0.45401654671391817,0.6956521739130435,0.0,-3.4680863175146284,0.0,1.0,2.071725989859773,50.69444444444444,2.0,698.0,12.0,0.0,0.0,4.892799678179464,0.9115770282588879,1.0798757071613099,2.3657290057917884,3.0
2026-06-22T13:30:00+00:00,17354,resistance,25060.49,up,fake,1,25116.990234375,31.058256217894325,,74.94316094531511,35.1133458330688,0.12365437071910046,1.8191651604605774,0.8946967387991466,0.1242624496663276,3.7518616139877308,1.0,1.0,5.515127223282735,91.31944444444444,4.0,1658.0,13.0,1.0,0.0,3.090965549594805,0.8506511499030202,-0.5910422361207706,4.5342586946357155,10.0
2026-06-22T13:30:00+00:00,17354,resistance,25046.75,up,fake,1,25116.990234375,31.058256217894325,,74.94316094531511,35.1133458330688,0.12365437071910046,2.2615640067561436,0.8946967387991466,0.1242624496663276,3.7518616139877308,1.0,1.0,5.515127223282735,91.31944444444444,4.0,1270.0,13.0,1.0,0.0,3.090965549594805,0.8506511499030202,-0.5910422361207706,4.5342586946357155,13.0
2026-06-22T13:30:00+00:00,17354,resistance,25080.81,up,fake,1,25116.990234375,31.058256217894325,,74.94316094531511,35.1133458330688,0.12365437071910046,1.164910156937582,0.8946967387991466,0.1242624496663276,3.7518616139877308,1.0,1.0,5.515127223282735,91.31944444444444,3.0,780.0,13.0,1.0,0.0,3.090965549594805,0.8506511499030202,-0.5910422361207706,4.5342586946357155,3.0
2026-06-22T16:00:00+00:00,17384,resistance,25060.49,up,true,0,25074.7,28.106016799266616,5.9392575928008995,49.28571219416887,21.330048522120794,0.11208914483230752,0.5055808292843178,0.5869565217391305,0.6760118353197517,1.6709238059876694,1.0,1.0,1.3520236706395035,82.63888888888889,4.0,1688.0,16.0,1.0,0.0,5.1772166272880105,2.028496437945257,0.19475885337210136,3.376802707947214,11.0
2026-06-22T16:20:00+00:00,17388,resistance,25080.81,up,true,0,25094.7,26.987347610471,1.6462346760070052,53.6256454889433,18.688460035575186,0.10754202126533094,0.5146798399931093,0.8260869565217391,0.07410880197889498,2.4110223376863207,1.0,1.0,1.889774450461822,79.51388888888889,3.0,814.0,16.0,1.0,0.0,4.660358066318479,1.9661412726211327,-0.06764550355621884,4.158965221638375,4.0
2026-06-22T17:05:00+00:00,17397,resistance,25177.86,up,fake,1,25195.7,27.79430532594707,1.227033072375779,68.08696621559241,25.514617679303417,0.11031368577156846,0.6420211277359092,0.8461538461538461,0.0,5.600839924661318,1.0,1.0,2.266651361176026,89.58333333333334,2.0,357.0,17.0,1.0,0.0,5.252874583042854,1.1333013793470736,0.980959556469278,7.189676401111023,0.0
2026-06-22T18:10:00+00:00,17410,resistance,25145.0,up,true,0,25160.7,26.33875052191399,0.9327402614907669,56.449103580520834,16.45363393694151,0.10468210551341572,0.5962652935808088,0.8823529411764706,0.1518674926007586,4.077978382229953,1.0,1.0,0.987138701904931,35.76388888888889,2.0,350.0,18.0,1.0,0.0,5.695030972528448,0.9129712000718876,0.7000870970416472,5.652412691772331,0.0
2026-06-23T01:30:00+00:00,17486,support,25082.6,down,true,0,25072.0,11.753376175836552,1.1220196353436185,34.054782898832,29.469586316999685,0.0468784946387865,0.9018685219818624,0.8670212765957396,0.11060651684678546,-0.9710879483790815,0.0,1.0,1.6505895590992306,14.583333333333334,2.0,600.0,1.0,0.0,0.0,3.7606215727928722,0.5812685055321801,0.6719669603226668,1.3588707006036584,0.0
2026-06-23T02:20:00+00:00,17496,resistance,25046.75,up,true,0,25048.1,9.749800143658941,0.45407636738906093,28.06463000172488,44.349754284017614,0.038924310201807484,0.1384643767161274,0.5333333333328483,0.19487578945268677,-3.3365745521038446,0.0,0.0,-0.8923259832827465,36.11111111111111,4.0,1412.0,2.0,0.0,0.0,7.077068143276363,0.5733287467033596,-1.8208930830853467,-2.342251088587746,14.0
2026-06-23T03:15:00+00:00,17507,resistance,25060.49,up,true,0,25063.6,12.677475693547533,1.0760309278350517,50.98827126499055,37.03706690869841,0.05058122413997803,0.24530619158140685,0.36923076923062,0.8124645827753636,-1.112847729214917,0.0,0.0,1.0964327864633583,0.6944444444444444,4.0,1811.0,3.0,0.0,0.0,5.008883592836992,2.5042955326460485,-1.065958490073673,0.0924872573515969,12.0
2026-06-23T03:30:00+00:00,17510,resistance,25080.81,up,true,0,25086.6,13.86020921965158,1.3133567102327064,61.98107530371467,31.406767547023016,0.05524945277419651,0.4177313385561576,0.5555555555555556,0.36074491522904234,0.6451978916383357,1.0,1.0,2.330412152379561,25.34722222222222,3.0,936.0,3.0,0.0,0.0,4.0980622370018684,0.9435766656040804,-0.6590851130412969,1.6613086325106103,5.0
2026-06-23T03:30:00+00:00,17510,channel_upper,25079.87,up,true,0,25086.6,13.86020921965158,1.3133567102327064,61.98107530371467,31.406767547023016,0.05524945277419651,0.4852616892386327,0.5555555555555556,0.36074491522904234,0.6451978916383357,1.0,1.0,2.330412152379561,25.34722222222222,0.0,96.0,3.0,0.0,1.0,4.0980622370018684,0.9435766656040804,-0.6590851130412969,1.6613086325106103,0.0
2026-06-23T04:35:00+00:00,17523,support,25082.6,down,true,0,25077.6,14.78035715046712,1.0584823586273562,44.998644716174454,28.841298565010895,0.058938483548932594,0.3382868187215611,0.45454545454545453,0.60891627369881,-0.2170889398232654,0.0,1.0,2.503322458539552,64.93055555555556,2.0,637.0,4.0,0.0,0.0,6.285369091846458,0.7942645400354439,-0.7303950560420881,-0.07885681933518503,1.0
2026-06-23T05:25:00+00:00,17533,resistance,25060.49,up,fake,1,25062.6,16.004783913683585,0.689479060265577,42.8298163125937,27.906992006638795,0.06385923213746214,0.13182703950449048,0.6363636363636364,0.2499252736914571,-1.0426499184501157,0.0,0.0,-0.9997010947658284,61.80555555555556,4.0,1837.0,5.0,0.0,0.0,5.310912065943463,0.9499489274770173,-0.46022829201361415,-0.728029904340641,13.0
2026-06-23T05:40:00+00:00,17536,resistance,25046.75,up,fake,1,25049.6,15.253101406108907,0.8462774504552759,38.76056067433559,30.18033166856715,0.060891596696589605,0.18684724661026067,0.6,0.06556043740714249,-1.8849265061732898,0.0,0.0,-0.13112087481428497,59.02777777777778,4.0,1452.0,5.0,0.0,0.0,5.572637179607111,0.574897339760757,-0.6510205652555854,-1.5584401396480532,15.0
2026-06-23T05:55:00+00:00,17539,support,25034.4,down,true,0,25026.6,15.991276891115625,0.5285118219749653,30.714531253278267,34.29844374327605,0.06389712102768905,0.48776592720577355,0.5238095238095238,0.25013637292606106,-3.1534308557892867,0.0,1.0,2.2512273563345495,54.861111111111114,3.0,820.0,5.0,0.0,0.0,5.628068390836374,0.871580899397311,0.8448550641740284,2.835995828173687,0.0
2026-06-23T06:00:00+00:00,17540,support,25016.74,down,true,0,25006.6,16.634757113178797,0.89736399326977,25.267953556199828,36.377753511042414,0.06652146678548382,0.6098511985164968,0.8,0.060115094749880985,-4.19162212515892,0.0,1.0,2.524833979495001,62.84722222222222,2.0,868.0,6.0,0.0,0.0,5.951394380238217,0.7608898859599924,0.9453455237300789,3.875177084367543,7.0
2026-06-23T06:05:00+00:00,17541,support,25001.5,down,true,0,24989.6,16.946560176523167,0.9666666666666667,21.739160503934798,38.80925832538817,0.06781445151792413,0.7022074023309498,0.8095238095238095,0.2360361016238198,-5.066731163448071,0.0,1.0,3.245496397327522,70.83333333333334,2.0,1836.0,6.0,0.0,0.0,6.845046947090775,0.7648148148148147,1.0466049772037713,4.7320440621276205,16.0
2026-06-23T06:35:00+00:00,17547,support,24971.25,down,fake,1,24953.6,17.317484261856723,1.1463730569948185,20.850807554957214,50.30863071586085,0.06939874111092878,1.0192011572302755,0.71875,0.34647064835020674,-6.731892389595068,0.0,1.0,2.07882389010124,81.25,2.0,622.0,6.0,0.0,0.0,6.6406874267122955,0.8203799654576857,1.6519941742621507,6.344827804687633,3.0
2026-06-23T06:35:00+00:00,17547,support,24963.6,down,fake,1,24953.6,17.317484261856723,1.1463730569948185,20.850807554957214,50.30863071586085,0.06939874111092878,0.5774510805836779,0.71875,0.34647064835020674,-6.731892389595068,0.0,1.0,2.07882389010124,81.25,2.0,271.0,6.0,0.0,0.0,6.6406874267122955,0.8203799654576857,1.6519941742621507,6.344827804687633,1.0
2026-06-23T06:50:00+00:00,17550,resistance,24979.3,up,true,0,24995.6,18.523510540560945,0.9487268922218347,41.924794778951814,53.48323986483739,0.0741070850092054,0.8799627891434051,0.8275862068965517,0.05398544718671438,-3.8833902080703826,0.0,0.0,0.16195634156014313,80.20833333333334,2.0,1151.0,6.0,0.0,0.0,7.611948053326727,1.2277642134635507,-1.7374724674758848,-3.4637941818144977,11.0
2026-06-23T07:50:00+00:00,17562,support,24948.87,down,fake,1,24942.6,16.8231310751359,0.8269525267993875,30.693718317681302,42.60425771863875,0.06744738349304363,0.37250299237886897,0.967741935483871,0.05944196686893624,-6.865770285107749,0.0,1.0,2.0210268735438324,32.29166666666667,6.0,782.0,7.0,0.0,0.0,5.884754720024688,0.7886676875957122,1.3059871917961718,6.507416094318795,5.0
2026-06-23T08:25:00+00:00,17569,channel_lower,24915.83,down,fake,1,24913.6,18.70326585729845,1.3169014084507042,27.136420358653098,42.212199540392184,0.07507251403770814,0.11935592073950614,0.6170212765957447,0.85546557066965,-7.309511307664586,0.0,1.0,1.7109311413393,69.44444444444444,0.0,96.0,8.0,0.0,1.0,4.170394657014544,1.1901408450704225,1.5646467186865196,6.895056695351911,0.0
2026-06-23T11:00:00+00:00,17600,channel_lower,24797.58,down,fake,1,24776.2,32.65923131871413,1.3899030592974948,28.499308359802924,32.54393558622428,0.1318169506167779,0.654548103046213,0.8,0.0,-6.981914038820614,0.0,1.0,3.0925406361945145,80.20833333333334,0.0,96.0,11.0,0.0,1.0,4.501024490302907,0.937513114272525,1.2312092596032551,5.963318323302554,0.0
2026-06-23T13:40:00+00:00,17632,channel_upper,24882.92,up,true,0,24889.83984375,28.782233062429597,,58.020419270734074,21.865782454419072,0.11563848238122354,0.24032670154078498,0.32532941304584556,0.508329542856011,-2.396496949965197,1.0,0.0,-0.3599497032606613,82.29166666666666,0.0,96.0,13.0,1.0,1.0,6.21911439643141,0.3462614349436758,0.5396898945688231,-1.3939587020543784,0.0
2026-06-23T14:30:00+00:00,17642,support,24948.87,down,true,0,24943.400390625,26.89045007260068,,59.32706538008009,29.379552074974345,0.10780587109810208,0.2032794552307745,0.9021299254526092,0.051714456107855966,-0.5592990362032941,1.0,1.0,0.4867841079141161,75.34722222222221,6.0,862.0,14.0,1.0,0.0,6.415323545505651,0.0,-1.1600914266676543,-0.49977975812173725,6.0
2026-06-23T14:30:00+00:00,17642,support,24971.25,down,true,0,24943.400390625,26.89045007260068,,59.32706538008009,29.379552074974345,0.10780587109810208,1.0356691427555031,0.9021299254526092,0.051714456107855966,-0.5592990362032941,1.0,1.0,0.4867841079141161,75.34722222222221,2.0,717.0,14.0,1.0,0.0,6.415323545505651,0.0,-1.1600914266676543,-0.49977975812173725,4.0
2026-06-23T14:30:00+00:00,17642,support,24963.6,down,true,0,24943.400390625,26.89045007260068,,59.32706538008009,29.379552074974345,0.10780587109810208,0.7511815280317828,0.9021299254526092,0.051714456107855966,-0.5592990362032941,1.0,1.0,0.4867841079141161,75.34722222222221,2.0,366.0,14.0,1.0,0.0,6.415323545505651,0.0,-1.1600914266676543,-0.49977975812173725,2.0
2026-06-23T17:00:00+00:00,17672,resistance,24979.3,up,true,0,24983.7,27.94591676418116,1.2193215569798341,64.80647142261296,18.22240619394097,0.11185659755833267,0.15744697292024512,0.4666666666666667,0.10735020880922254,1.1429712818385893,1.0,1.0,2.486946504080322,60.416666666666664,2.0,1273.0,17.0,1.0,0.0,3.5293198271962014,1.2203637121567399,0.14609913294296784,1.9756916321058489,12.0
2026-06-23T17:30:00+00:00,17678,support,25001.5,down,fake,1,24966.7,27.145113663126196,0.9329446064139942,54.53375031933739,24.441695502144526,0.10872527672109729,1.2819986842520186,0.9210526315789473,0.03683904265092084,0.463481562374875,1.0,0.0,0.6262637250656543,92.01388888888889,2.0,1973.0,17.0,1.0,0.0,5.1022074071525365,0.9098060993104726,-0.799489559208858,-1.2928368261637175,17.0
2026-06-23T17:30:00+00:00,17678,support,24971.25,down,fake,1,24966.7,27.145113663126196,0.9329446064139942,54.53375031933739,24.441695502144526,0.10872527672109729,0.16761764406166302,0.9210526315789473,0.03683904265092084,0.463481562374875,1.0,0.0,0.6262637250656543,92.01388888888889,2.0,753.0,17.0,1.0,0.0,5.1022074071525365,0.9098060993104726,-0.799489559208858,-1.2928368261637175,5.0
2026-06-23T18:30:00+00:00,17690,support,24948.87,down,true,0,24933.7,26.029411074055005,1.1831626848691694,40.35828615543342,17.516335136628886,0.10439449850625862,0.5826742150837734,0.6888888888888889,0.3841808011541056,-0.8778124530123987,0.0,1.0,2.3050848069246337,29.166666666666668,6.0,910.0,18.0,1.0,0.0,5.320904095984362,0.8797876374668182,-0.5699286945414275,0.06757847462991425,7.0
2026-06-23T18:30:00+00:00,17690,support,24963.6,down,true,0,24933.7,26.029411074055005,1.1831626848691694,40.35828615543342,17.516335136628886,0.10439449850625862,1.148700595450692,0.6888888888888889,0.3841808011541056,-0.8778124530123987,0.0,1.0,2.3050848069246337,29.166666666666668,2.0,414.0,18.0,1.0,0.0,5.320904095984362,0.8797876374668182,-0.5699286945414275,0.06757847462991425,3.0
2026-06-23T18:35:00+00:00,17691,channel_lower,24928.64,down,fake,1,24914.7,26.67016742590822,1.2522864781201632,36.13661770727208,18.642482321729208,0.10704591034974623,0.5226332020442547,0.45714285714285713,0.03749507770350812,-1.553516074674412,0.0,1.0,3.1870816047981902,53.81944444444444,0.0,96.0,18.0,1.0,1.0,5.005592873418334,0.9689977017963509,-0.45502151942835434,0.7749316527432062,0.0
2026-06-23T19:05:00+00:00,17697,resistance,24979.3,up,fake,1,24982.7,24.861890316067377,0.7349397590361446,57.258486988566716,17.201212395774384,0.0995164266314985,0.13675549030172307,0.5384615384615384,0.16088881211960535,1.0764943366636046,1.0,1.0,2.735109806033291,63.19444444444444,2.0,1298.0,19.0,1.0,0.0,4.665775551468555,0.8493975903614458,0.1341391575247138,1.8873234332615643,13.0
2026-06-23T20:50:00+00:00,17718,support,24971.25,down,true,0,24964.7,15.532047515486479,0.7204030226700252,44.08796865223284,10.686688441568466,0.06221603910916806,0.4217087279361262,0.9545454545454546,0.06438301189865238,0.2290223809748216,0.0,0.0,1.8027243331622664,6.944444444444445,2.0,793.0,20.0,1.0,0.0,4.506810832905666,0.7774979009235937,-0.552462771698293,-1.6216079915184687,6.0
2026-06-23T20:55:00+00:00,17719,support,24963.6,down,fake,1,24957.7,15.351186978666016,1.3247011952191234,41.53858147991265,11.451915031191083,0.06150882083952454,0.3843351011356461,0.5384615384615384,0.1302830851307757,-0.22203863783399605,0.0,1.0,1.8239631918308599,18.055555555555554,2.0,443.0,20.0,1.0,0.0,3.908492553923271,0.6938911022576362,-0.45275035492298454,-1.1778741374518737,4.0
2026-06-23T22:05:00+00:00,17733,support,24948.87,down,true,0,24941.7,16.990272075742286,1.5888535810315325,43.51680874451921,21.438385770574335,0.06811994401240608,0.42181000014119996,0.3,0.5297148838981615,-1.0179749264458995,0.0,1.0,0.2942860466100897,43.75,6.0,953.0,22.0,0.0,0.0,5.1205772110155605,1.2531573372443574,0.5870277800345443,-0.10978069779492482,8.0
2026-06-24T03:05:00+00:00,17781,resistance,24951.35,up,true,0,24957.6,19.10860803123728,2.1529888551165146,67.08976165021119,27.175535090126523,0.07656428515256788,0.32707772276154184,0.7222222222222076,0.34016083167200356,0.8200151240263515,1.0,1.0,3.8621337503682485,44.44444444444444,2.0,2137.0,3.0,0.0,0.0,5.662369536447851,1.6649780479567715,-0.21567258824601862,2.388277535674839,0.0
2026-06-24T03:05:00+00:00,17781,channel_upper,24935.03,up,true,0,24957.6,19.10860803123728,2.1529888551165146,67.08976165021119,27.175535090126523,0.07656428515256788,1.1810283902822265,0.7222222222222076,0.34016083167200356,0.8200151240263515,1.0,1.0,3.8621337503682485,44.44444444444444,0.0,96.0,3.0,0.0,1.0,5.662369536447851,1.6649780479567715,-0.21567258824601862,2.388277535674839,0.0
2026-06-24T03:20:00+00:00,17784,support,24948.87,down,fake,1,24932.9,21.38528128448549,0.7813439115278279,54.71677553583982,28.005336028831515,0.08577133540216135,0.7466194367174672,0.9354838709677419,0.046761133823639535,-0.43246594014878253,1.0,1.0,-0.5985425129427222,75.0,6.0,1004.0,3.0,0.0,0.0,6.237935252073582,1.5562767960892736,-0.11995738835918582,-0.7147612192934584,9.0
2026-06-24T04:45:00+00:00,17801,support,24963.6,down,true,0,24959.9,20.280318683957653,0.6819109840751327,55.46233650069124,15.946781172583357,0.08125160230592932,0.1824428924247577,0.3333333333333333,0.34516222891197523,0.7779409256329862,1.0,0.0,-1.380648915647901,2.7777777777777777,2.0,525.0,4.0,0.0,0.0,4.32438963936864,0.7880767660269498,-0.4754640285618415,-1.6553299212466956,5.0
2026-06-24T04:55:00+00:00,17803,support,24971.25,down,true,0,24967.9,19.74170335504512,0.8173076923076923,57.16308825235639,15.984080050760664,0.07906833716510048,0.16969153774374948,0.5384615384615384,0.2532709518564525,1.1775561700202557,1.0,0.0,-0.3545793325990335,5.555555555555555,2.0,878.0,4.0,0.0,0.0,3.4039615929507585,0.8862179487179488,-0.5203650138432808,-2.0537728267125734,7.0
2026-06-24T05:20:00+00:00,17808,support,24948.87,down,fake,1,24938.9,18.58637447158321,0.7261569930963947,45.02225862924876,14.060468884134126,0.07452764344691709,0.5362351157782402,0.8,0.10760570885181556,-0.34031626941658993,0.0,1.0,1.8830999049067723,4.861111111111112,6.0,1028.0,5.0,0.0,0.0,2.636339866869481,0.8574107218955083,-0.5597747669289167,-0.5321947904135705,10.0
2026-06-24T05:25:00+00:00,17809,resistance,24951.35,up,fake,1,24953.9,18.473062009327265,0.6030673251884585,51.148681080231356,14.496421059625964,0.07402875706533754,0.13803883723853608,0.8823529411764706,0.054132877348383734,0.4649168832733472,1.0,1.0,-0.7578602828773723,4.861111111111112,2.0,2165.0,5.0,0.0,0.0,2.652510990070803,0.7798284377436964,0.5262617770357628,1.3395116834364356,1.0
2026-06-24T08:35:00+00:00,17847,resistance,24951.35,up,fake,1,24962.9,18.32932322514886,0.9743954480796586,63.859020539775194,18.952803519091983,0.07342625746667597,0.6301378320480302,0.8125,0.21822955222437104,1.4584968771791396,1.0,1.0,1.363934701402319,68.75,2.0,2203.0,8.0,0.0,0.0,5.510296193665369,1.1379800853485065,0.24781401049934615,2.008237934571825,2.0
2026-06-24T08:40:00+00:00,17848,support,24948.87,down,true,0,24944.9,18.662942994781083,1.3891797556719023,56.69152353807971,20.238553937428364,0.07481666791520944,0.2125423984725449,0.782608695652174,0.2679105863098978,0.4632904130306249,1.0,0.0,-0.4286569380958365,71.18055555555556,6.0,1068.0,8.0,0.0,0.0,5.840450781555772,1.0610820244328099,-0.3178899804905468,-0.9966006503214442,11.0
2026-06-24T10:00:00+00:00,17864,support,24885.45,down,true,0,24814.5,25.579322119329152,3.7185929648241203,25.60258377193759,17.43229302548125,0.10308215809034697,2.7737247949345374,0.79,0.8209756264076771,-4.699310435013651,0.0,1.0,5.082230068238001,78.81944444444444,2.0,108.0,10.0,0.0,0.0,2.7131289748901897,0.6982279820153399,0.08318580020425972,4.2990328942402956,0.0
2026-06-24T15:25:00+00:00,17929,channel_upper,24695.3,up,fake,1,24713.509765625,28.39863384726051,,58.38546893277518,16.997203763648695,0.11491137485765494,0.6413396589670902,0.6625203516769782,0.27819615082512555,-3.719163727399394,1.0,0.0,0.2915385620142663,63.541666666666664,0.0,96.0,15.0,1.0,1.0,3.9659973383143856,,-0.31914429145610385,-4.928016592886326,0.0
2026-06-25T08:40:00+00:00,18124,resistance,24781.15,up,fake,1,24794.8,13.238978848006461,1.3235294117647058,75.75897362381411,17.967380109747566,0.053394174778608666,1.0310462881397569,0.8181818181818182,0.3021381064146291,3.544942255365355,1.0,1.0,2.2660357981097183,43.40277777777778,2.0,146.0,8.0,0.0,0.0,5.438485915463324,1.130718954248366,0.9390955664188068,3.5703841460663956,0.0
2026-06-25T09:55:00+00:00,18139,resistance,24800.35,up,true,0,24814.4,15.755348905013946,1.161793372319688,68.69467385131473,16.755369605566088,0.06349276591420283,0.8917606385429948,0.8666666666666667,0.0,3.916786349921274,1.0,1.0,2.9196433717415844,21.180555555555554,2.0,95.0,9.0,0.0,0.0,4.163665330135964,0.8654970760233918,0.8036069818903764,4.043805958004111,0.0
2026-06-25T11:35:00+00:00,18159,channel_upper,24895.94,up,fake,1,24911.4,22.733216421139655,0.7876049063912202,73.08429265646247,39.49705451369868,0.09125627793355515,0.6799121986276053,0.8928571428571429,0.13196548805167294,6.141025200782516,1.0,1.0,1.1437008964478321,79.16666666666666,0.0,96.0,11.0,0.0,1.0,5.41058501011859,0.8102001291155584,1.5188020855362445,6.0951119352894265,0.0
2026-06-25T13:30:00+00:00,18182,resistance,24951.35,up,fake,1,24974.849609375,23.42184544750177,,70.2763551563771,36.178877737026035,0.093781727673386,1.0033201451898395,0.5726014420293669,0.5849740536333955,7.36602961637307,1.0,1.0,1.3427468576500676,40.625,2.0,2538.0,13.0,1.0,0.0,3.2021387967957784,0.9505564677978471,1.3491568274699384,7.807482691325835,3.0
2026-06-25T13:35:00+00:00,18183,channel_upper,24979.57,up,fake,1,24992.849609375,23.53889554946593,,73.33893884048788,37.31516908013498,0.09418251987014846,0.5643204559923474,0.6919180110669473,0.1444583760463286,8.013554657799533,1.0,1.0,2.313176047728116,67.01388888888889,0.0,96.0,13.0,1.0,1.0,5.242420188775525,0.6792819019893256,1.4071716666259892,8.533350789894484,0.0
2026-06-25T13:40:00+00:00,18184,support,24948.87,down,true,0,24936.4296875,25.944599438789794,,54.41378249294067,36.197410561591624,0.10404295949309522,0.4793667829025746,0.9456581103222282,0.030413362205171376,5.04516475919461,1.0,0.0,-0.6949302702682063,65.625,6.0,1404.0,13.0,1.0,0.0,4.756318614250869,0.32464846980976014,-1.2523664586728678,-5.5674681505900585,12.0
2026-06-25T13:40:00+00:00,18184,support,24971.25,down,true,0,24936.4296875,25.944599438789794,,54.41378249294067,36.197410561591624,0.10404295949309522,1.3421025282024637,0.9456581103222282,0.030413362205171376,5.04516475919461,1.0,0.0,-0.6949302702682063,65.625,2.0,1259.0,13.0,1.0,0.0,4.756318614250869,0.32464846980976014,-1.2523664586728678,-5.5674681505900585,8.0
2026-06-25T13:40:00+00:00,18184,support,24963.6,down,true,0,24936.4296875,25.944599438789794,,54.41378249294067,36.197410561591624,0.10404295949309522,1.0472434760112805,0.9456581103222282,0.030413362205171376,5.04516475919461,1.0,0.0,-0.6949302702682063,65.625,2.0,908.0,13.0,1.0,0.0,4.756318614250869,0.32464846980976014,-1.2523664586728678,-5.5674681505900585,6.0
2026-06-25T13:50:00+00:00,18186,support,24885.45,down,fake,1,24866.330078125,30.50516482222181,,40.00865420449465,33.0193310346606,0.12267658607595382,0.6267765470676171,0.6856639661852765,0.12325013311389024,1.9408952157242885,0.0,0.0,2.0347348469261823,82.63888888888889,2.0,430.0,13.0,1.0,0.0,4.33008129999605,0.0,-0.885886810983021,-2.4371650542966634,1.0
2026-06-25T16:40:00+00:00,18220,support,24971.25,down,true,0,24952.4,30.85507420038083,2.07922959072007,40.7089700721232,14.170192789329496,0.12365573732539085,0.6109205856249695,0.9666666666666667,0.03240958013925818,2.814767637046702,0.0,0.0,1.7501173275199418,31.59722222222222,2.0,1295.0,16.0,1.0,0.0,4.780425730532776,1.6706792149996355,-0.46922534416002026,-4.365803239849416,9.0
2026-06-25T16:40:00+00:00,18220,support,24963.6,down,true,0,24952.4,30.85507420038083,2.07922959072007,40.7089700721232,14.170192789329496,0.12365573732539085,0.3629872975595973,0.9666666666666667,0.03240958013925818,2.814767637046702,0.0,0.0,1.7501173275199418,31.59722222222222,2.0,944.0,16.0,1.0,0.0,4.780425730532776,1.6706792149996355,-0.46922534416002026,-4.365803239849416,7.0
2026-06-25T16:40:00+00:00,18220,channel_lower,24985.07,down,true,0,24952.4,30.85507420038083,2.07922959072007,40.7089700721232,14.170192789329496,0.12365573732539085,1.0587517294850535,0.9666666666666667,0.03240958013925818,2.814767637046702,0.0,0.0,1.7501173275199418,31.59722222222222,0.0,96.0,16.0,1.0,1.0,4.780425730532776,1.6706792149996355,-0.46922534416002026,-4.365803239849416,0.0
2026-06-25T16:45:00+00:00,18221,support,24948.87,down,true,0,24927.4,33.365426043210775,2.6734926052332195,36.90686763478808,15.72038121173958,0.1338504057511444,0.6433805652253977,0.3787878787878788,0.9590766189695152,1.8352663227886845,0.0,0.0,2.0979801039958144,56.25,6.0,1441.0,16.0,1.0,0.0,4.0904875363571085,1.7128049551257745,-0.3217027163635205,-3.2254649723049873,13.0
2026-06-25T16:55:00+00:00,18223,support,24885.45,down,fake,1,24875.4,35.10590306787052,2.205289108023308,30.40475391221368,19.23501522694975,0.14112698918558303,0.2862766407281854,0.45454545454545453,0.2563671409506324,0.2536273856623567,0.0,0.0,4.016418541559908,93.40277777777779,2.0,467.0,16.0,1.0,0.0,5.353789333139617,1.8536779720105585,-0.010642038941347553,-1.5079406585781812,2.0
2026-06-25T17:00:00+00:00,18224,resistance,24951.35,up,true,0,24992.4,41.384052848736914,2.2443294866693195,51.99488988418343,17.899423300761978,0.1655865497060583,0.9919279812937848,0.959349593495935,0.12081948615026973,3.012055019343604,1.0,1.0,-0.09665558892021578,92.36111111111111,2.0,2580.0,17.0,1.0,0.0,4.9122654532663335,1.8782331874253881,-0.011226110286927484,4.037950443023013,4.0
2026-06-26T01:00:00+00:00,18308,support,24970.97,down,true,0,24958.1,16.99825355461758,0.6396278528855939,34.534788048070055,16.911583128181913,0.06810716182168347,0.7569405071716756,0.12179487179471483,0.24120124969476153,0.396577718348091,0.0,0.0,2.7120433197373446,30.208333333333332,3.0,1383.0,1.0,0.0,0.0,3.876868867043091,0.5456219411736202,0.29766750787101653,0.07059548771554518,10.0
2026-06-26T01:00:00+00:00,18308,support,24963.6,down,true,0,24958.1,16.99825355461758,0.6396278528855939,34.534788048070055,16.911583128181913,0.06810716182168347,0.3235626520293859,0.12179487179471483,0.24120124969476153,0.396577718348091,0.0,0.0,2.7120433197373446,30.208333333333332,2.0,1032.0,1.0,0.0,0.0,3.876868867043091,0.5456219411736202,0.29766750787101653,0.07059548771554518,8.0
2026-06-26T01:05:00+00:00,18309,support,24948.87,down,true,0,24944.8,17.01266401500209,1.1744485820681752,30.848290607953317,17.571115455396473,0.06820124440766048,0.23903761710001858,0.7906976744186981,0.12931543220160732,-0.3816926603497583,0.0,1.0,3.03891265673681,45.83333333333333,6.0,1529.0,1.0,0.0,0.0,4.367334823898465,0.5814952735605843,0.3892504703009053,0.460845616729789,14.0
2026-06-26T02:10:00+00:00,18322,resistance,24951.35,up,true,0,24966.5,14.370315747402499,0.9323895533317061,53.439019389190015,23.591445868928652,0.057558391233863374,1.0542565846362761,0.976744186046428,0.013917578675115647,1.1785758455731317,0.0,1.0,2.463411425486609,69.44444444444444,2.0,2678.0,2.0,0.0,0.0,8.274000522326252,0.5093157594988202,-1.4644807064789591,2.029539831816132,5.0
2026-06-26T02:15:00+00:00,18323,channel_upper,24979.66,up,fake,1,25015.5,17.058150336873748,1.6797900262467191,67.49854901932329,24.495741909788084,0.06819032334701984,2.1010896212585846,0.948076923076909,0.058623003095379586,3.826934403605167,1.0,1.0,5.088476668678905,72.56944444444444,0.0,96.0,2.0,0.0,1.0,6.970275068040718,0.6092420265648611,-0.9901625894476824,4.209794651223781,0.0
2026-06-26T03:40:00+00:00,18340,support,24970.97,down,true,0,24967.0,20.948415538701084,0.4662238375736308,48.70827865286654,15.850980601889535,0.08390441598390308,0.18935401865288132,0.2608695652173913,0.1909452288938136,0.6154449233991314,0.0,0.0,-0.03818904577872799,63.888888888888886,3.0,1415.0,3.0,0.0,0.0,5.150747549410691,0.6483686343317877,0.2204722486054629,-0.1786776161989268,11.0
2026-06-26T03:50:00+00:00,18342,support,24963.6,down,fake,1,24951.0,20.36368482673716,0.47111331515001237,43.14757545998686,14.405301060963014,0.08161470412703764,0.6187485274499518,0.7272727272727273,0.09821405197619418,-0.15731399607241955,0.0,1.0,1.4732107796429126,63.541666666666664,2.0,1066.0,3.0,0.0,0.0,5.298648104115747,0.4967352673774692,0.14292438135868166,0.6012964941875307,9.0
2026-06-26T04:10:00+00:00,18346,resistance,24951.35,up,fake,1,24957.0,20.40986053562162,0.8386930794957551,46.4307975641522,12.271406312342705,0.08178010392123099,0.2768269773397241,0.36363636363636365,0.6859429527000247,0.14026116092408078,0.0,1.0,-0.4899592519285891,36.80555555555556,2.0,2702.0,4.0,0.0,0.0,5.286660328309547,0.8824286081811166,-0.16080496045041467,-0.2518339239313081,6.0
2026-06-26T04:50:00+00:00,18354,support,24904.6,down,true,0,24898.0,21.452992841025697,1.1181472770037995,33.328045175173344,15.497473119879427,0.086163518519663,0.30764938248508683,0.7619047619047619,0.0,-2.5062123542105845,0.0,1.0,2.3306771400390507,69.44444444444444,2.0,650.0,4.0,0.0,0.0,5.5470115932929405,1.153127073156022,0.7601517905317492,2.7059184108403618,0.0
2026-06-26T05:00:00+00:00,18356,support,24885.45,down,true,0,24883.0,21.574264235374198,1.0558448554498114,29.909194804822576,18.356620302965155,0.08670282616796285,0.11356123079199106,0.7777777777777778,0.04635152277222748,-3.130674951711254,0.0,1.0,1.3441941603945968,73.95833333333334,2.0,600.0,5.0,0.0,0.0,6.257455574250709,0.9995810139462501,0.919231811556399,3.281095534436494,3.0
2026-06-26T05:00:00+00:00,18356,channel_lower,24886.41,down,true,0,24883.0,21.574264235374198,1.0558448554498114,29.909194804822576,18.356620302965155,0.08670282616796285,0.15828557602852786,0.7777777777777778,0.04635152277222748,-3.130674951711254,0.0,1.0,1.3441941603945968,73.95833333333334,0.0,96.0,5.0,0.0,1.0,6.257455574250709,0.9995810139462501,0.919231811556399,3.281095534436494,0.0
2026-06-26T05:15:00+00:00,18359,support,24846.48,down,true,0,24844.0,21.978374098074752,1.0360843158270812,22.675047430607776,23.941502305307235,0.08846552124486698,0.11306391120711387,0.7037037037037037,0.09099854207027966,-4.727475286515161,0.0,1.0,3.1849489724597877,86.80555555555556,2.0,578.0,5.0,0.0,0.0,7.279883365622372,0.963439323567941,1.3012691892739916,4.7941768699292595,0.0
2026-06-26T05:15:00+00:00,18359,support,24862.15,down,true,0,24844.0,21.978374098074752,1.0360843158270812,22.675047430607776,23.941502305307235,0.08846552124486698,0.825811769287854,0.7037037037037037,0.09099854207027966,-4.727475286515161,0.0,1.0,3.1849489724597877,86.80555555555556,2.0,515.0,5.0,0.0,0.0,7.279883365622372,0.963439323567941,1.3012691892739916,4.7941768699292595,0.0
2026-06-26T06:50:00+00:00,18378,resistance,24781.15,up,true,0,24804.0,23.35090663156382,1.1753297129557796,47.6319411506047,48.44163021298231,0.09414169743413893,0.9785487287723471,1.0,0.0,-4.933321745996984,0.0,0.0,2.012769814105175,63.19444444444444,2.0,400.0,6.0,0.0,0.0,8.179553925406136,1.365399534522886,-2.289571429559665,-4.575620409303276,1.0
2026-06-26T06:50:00+00:00,18378,resistance,24800.35,up,true,0,24804.0,23.35090663156382,1.1753297129557796,47.6319411506047,48.44163021298231,0.09414169743413893,0.15631084726567696,1.0,0.0,-4.933321745996984,0.0,0.0,2.012769814105175,63.19444444444444,2.0,334.0,6.0,0.0,0.0,8.179553925406136,1.365399534522886,-2.289571429559665,-4.575620409303276,1.0
2026-06-26T08:50:00+00:00,18402,resistance,24800.35,up,true,0,24811.0,20.25148890351084,1.0686653771760155,50.69757247705856,19.815920144781696,0.0816230256882465,0.5258872594871358,0.9285714285714286,0.09875817079569275,-4.171338089208762,0.0,0.0,-0.5925490247741565,27.083333333333332,2.0,358.0,8.0,0.0,0.0,3.9009477464298636,1.028368794326241,-0.4781767056274182,-3.919832761929537,2.0
2026-06-26T09:25:00+00:00,18409,channel_upper,24849.82,up,true,0,24858.6,20.73494484100684,1.115822361080116,62.834419172433485,17.407457652267503,0.08341155511978487,0.42348749687331994,0.8235294117647058,0.04822776272943499,-1.556555943519643,1.0,0.0,2.6332358450270803,40.27777777777778,0.0,96.0,9.0,0.0,1.0,3.8630437946276723,1.1366510451536114,-0.1727195220102636,-1.3364063101890074,0.0
2026-06-26T09:55:00+00:00,18415,support,24904.6,down,true,0,24889.6,21.67974259942119,1.1637035326714384,64.09804340919973,26.384745610397434,0.08710361998353204,0.6918901334373072,0.7333333333333333,0.0,-0.03509142201307969,1.0,1.0,-1.4299062757704348,79.86111111111111,2.0,711.0,9.0,0.0,0.0,6.2777498107211,0.8419918417609482,-0.6192951952790701,-0.16241236473779097,1.0
2026-06-26T10:00:00+00:00,18416,support,24885.45,down,true,0,24849.6,24.05976098517682,2.3976109215017063,51.993151738302885,25.769732218037863,0.09682152221837301,1.49003973988309,0.6545454545454545,0.0,-1.6772898613059002,1.0,1.0,0.12468951798184094,79.51388888888889,2.0,660.0,10.0,0.0,0.0,5.989253180394366,0.9101251422070535,-0.5801582097825894,1.5019806058749479,4.0
2026-06-26T10:00:00+00:00,18416,support,24862.15,down,true,0,24849.6,24.05976098517682,2.3976109215017063,51.993151738302885,25.769732218037863,0.09682152221837301,0.5216178168908222,0.6545454545454545,0.0,-1.6772898613059002,1.0,1.0,0.12468951798184094,79.51388888888889,2.0,572.0,10.0,0.0,0.0,5.989253180394366,0.9101251422070535,-0.5801582097825894,1.5019806058749479,1.0
2026-06-26T10:05:00+00:00,18417,support,24846.48,down,fake,1,24820.6,24.912635200521333,1.8666132585619868,45.311990338501,24.021401425617405,0.10037080167490445,1.039029421382176,0.8055555555555556,0.08028054775827757,-2.75623558843383,0.0,1.0,1.8063123245612456,79.86111111111111,2.0,636.0,10.0,0.0,0.0,5.784213465983841,1.4006275452299888,-0.5619362281784092,2.5810186394176373,1.0
2026-06-26T12:05:00+00:00,18441,support,24729.6,down,fake,1,24722.6,29.693369084512597,0.9632525410476935,31.419217564810467,21.173159546143406,0.12010617444974477,0.23574286838508485,0.625,0.03367755262644069,-5.084039806196896,0.0,1.0,2.727881762741696,81.59722222222221,2.0,372.0,12.0,0.0,0.0,5.4220859728569515,1.051863434975241,0.7508249558917577,5.018602466575314,0.0
2026-06-26T15:10:00+00:00,18478,support,24598.2,down,fake,1,24595.240234375,27.25663156785061,,33.238434005333986,36.79460835646467,0.11082075762673778,0.10841684958920365,0.8436850851682592,0.16545572088663005,-7.942166712919272,0.0,1.0,1.380541324643488,49.30555555555556,2.0,558.0,15.0,1.0,0.0,5.035127860842307,,1.438938104774939,9.570508006568842,0.0
2026-06-26T16:55:00+00:00,18499,channel_upper,24668.66,up,true,0,24684.6,32.16334010195016,1.5066429256266265,57.77044313651234,17.87501509118145,0.13029718975373375,0.4955657899638144,0.6785714285714286,0.15545649127706218,-3.019573759007976,1.0,0.0,1.6789301057922716,44.09722222222222,0.0,96.0,16.0,1.0,1.0,4.881333826099753,1.5979546180888464,-0.47648204667184274,-4.411951086969881,0.0
2026-06-29T01:05:00+00:00,18572,resistance,24726.3,up,fake,1,24732.0,27.89717666392302,1.753028263795424,64.41502893512242,17.729580931118644,0.11279790014524914,0.20423073654155616,0.2464358452138087,1.1040543769375006,0.20809719407412944,1.0,1.0,2.2726314122672897,29.166666666666668,4.0,631.0,1.0,0.0,0.0,2.3694153998558534,1.426648721399731,-0.01951099065051087,-0.4385151042597754,0.0
2026-06-29T01:10:00+00:00,18573,support,24729.6,down,fake,1,24721.9,27.95452118792857,0.9922017587522813,61.494749717103005,18.33313761591862,0.11307594152524106,0.2754473935801889,0.3449477351915528,0.46861829297434276,-0.15210214807076333,1.0,1.0,-2.2643922095627724,32.98611111111111,2.0,504.0,1.0,0.0,0.0,5.2370777169032845,1.6326530612244896,-0.06868945627330902,0.5184742421291485,1.0
2026-06-29T03:15:00+00:00,18598,resistance,24726.3,up,fake,1,24752.9,21.0024419074605,0.9196999166435121,57.40524493020299,24.88539505342413,0.0848484093074367,1.2663985004551495,0.3536231884058182,1.0617812965871294,1.1250863000624016,1.0,1.0,-0.6999186125483506,24.65277777777778,4.0,657.0,3.0,0.0,0.0,3.675763053656046,2.1756043345373715,0.8456445034447452,0.7345084623774649,1.0
2026-06-29T05:25:00+00:00,18624,resistance,24779.07,up,true,0,24788.9,23.57439846009655,0.7387140902872777,60.589170441979334,11.02244564389948,0.09510062350526466,0.41711916212736516,0.6153846153846154,0.21209448921733048,2.271043497836495,1.0,1.0,1.2301480374605167,9.722222222222223,3.0,646.0,5.0,0.0,0.0,3.054160644729559,0.984952120383037,0.4096370732739743,1.8556644489324396,2.0
2026-06-29T05:45:00+00:00,18628,resistance,24789.0,up,fake,1,24795.9,20.129279321606038,0.6564714658709436,62.130320891794334,9.940908261656427,0.08117986974300605,0.3427842542080106,0.875,0.0,2.903110534208629,1.0,1.0,2.0368339742790535,22.22222222222222,2.0,557.0,5.0,0.0,0.0,3.576879174343704,0.6527415143603132,0.6455996891113651,2.4374958641918183,0.0
2026-06-29T06:00:00+00:00,18631,resistance,24800.35,up,fake,1,24806.9,18.92785228482816,0.7415121849614663,63.965395753451055,9.541652587138111,0.07630075618004731,0.3460508831872668,0.8888888888888888,0.10566439181285894,3.578747354969865,1.0,1.0,1.109476114035019,29.86111111111111,2.0,587.0,6.0,0.0,0.0,3.9624146929822106,0.5165590501978754,0.8357518257790754,3.120300789614611,3.0
2026-06-29T07:45:00+00:00,18652,resistance,24779.07,up,fake,1,24782.9,14.36748118635753,1.2437234453456933,49.52496585114082,10.182259270709382,0.05797336545100666,0.26680621910067415,0.8125,0.0,2.370719068719089,1.0,1.0,-0.20880486712233276,7.638888888888889,3.0,674.0,7.0,0.0,0.0,3.480081118705546,1.0531736835328958,0.5647333847781502,2.0625320634611386,3.0
2026-06-29T08:40:00+00:00,18663,resistance,24800.35,up,true,0,24809.9,16.66124281401548,0.9827696234843651,62.9660993075593,11.431151470971493,0.06715562261039133,0.573186532757894,0.88,0.1200390644518784,3.4668474772896465,1.0,1.0,1.560507837874419,6.25,2.0,619.0,8.0,0.0,0.0,3.421113336878534,1.1933631142310148,0.17329658528613529,3.2703361490481746,4.0
2026-06-29T08:40:00+00:00,18663,resistance,24789.0,up,true,0,24809.9,16.66124281401548,0.9827696234843651,62.9660993075593,11.431151470971493,0.06715562261039133,1.2544082235222165,0.88,0.1200390644518784,3.4668474772896465,1.0,1.0,1.560507837874419,6.25,2.0,592.0,8.0,0.0,0.0,3.421113336878534,1.1933631142310148,0.17329658528613529,3.2703361490481746,1.0
2026-06-29T10:00:00+00:00,18679,channel_lower,24773.6,down,true,0,24745.5,22.22458697272732,3.395728974426575,31.92118490678594,13.785946780887066,0.08981264057193154,1.2645465484396468,0.5357142857142857,1.0798850853539532,-0.6353319622401457,0.0,1.0,2.699712713384883,37.84722222222222,0.0,96.0,10.0,0.0,1.0,3.5366236545341314,0.6942613586431144,-0.2478149019419512,0.6689038126994498,0.0
2026-06-29T11:25:00+00:00,18696,support,24729.6,down,true,0,24707.5,26.900775708039955,0.8285348688419705,30.04747353375454,23.104982698958384,0.10887696330280261,0.8215376478304831,0.7916666666666666,0.0,-1.9413086392041978,0.0,1.0,2.564981796393985,32.98611111111111,2.0,627.0,11.0,0.0,0.0,4.126275063764237,0.892514395393474,0.3160524517202828,1.9625071125355131,2.0
2026-06-29T11:25:00+00:00,18696,support,24720.2,down,true,0,24707.5,26.900775708039955,0.8285348688419705,30.04747353375454,23.104982698958384,0.10887696330280261,0.47210534513341273,0.7916666666666666,0.0,-1.9413086392041978,0.0,1.0,2.564981796393985,32.98611111111111,2.0,62.0,11.0,0.0,0.0,4.126275063764237,0.892514395393474,0.3160524517202828,1.9625071125355131,0.0
2026-06-29T11:40:00+00:00,18699,support,24700.55,down,fake,1,24693.5,26.479957809972227,0.8461663154482089,29.430041861434077,27.21423259123878,0.1072345265352106,0.26623909488799397,0.5925925925925926,0.3398796956017295,-2.4417415234347244,0.0,1.0,2.7568019754362503,52.77777777777778,2.0,605.0,11.0,0.0,0.0,4.30514281095524,0.9066839574215163,0.5817322040318638,2.4709104620179936,0.0
2026-06-29T12:25:00+00:00,18708,resistance,24726.3,up,fake,1,24744.5,24.182718207667993,0.828913769396975,53.68729697158994,25.739660931901206,0.09772967005867159,0.7524985727920676,0.7692307692307693,0.041351844379632824,-0.3808764580777933,0.0,0.0,2.811925417815032,82.63888888888889,4.0,767.0,12.0,0.0,0.0,5.251684236213369,0.832842270673738,-1.0463831212688113,-0.46478741655024075,2.0
2026-06-29T13:50:00+00:00,18725,support,24700.55,down,fake,1,24686.05078125,22.373281963649085,,39.33995550465166,19.186025481381606,0.09063127254296362,0.6480595369761499,0.46843925637699957,0.02688753938637106,-2.707946135854558,0.0,1.0,0.10947069607308217,22.22222222222222,2.0,631.0,13.0,1.0,0.0,3.30751653334684,0.0,0.693825375281791,2.997179137616116,1.0
2026-06-29T14:05:00+00:00,18728,channel_lower,24648.98,down,fake,1,24637.369140625,24.679903484561603,,27.933255221010455,24.187797185496816,0.10017264158236143,0.4706202330408797,0.3826252723311547,0.8929963001592138,-4.316698577227089,0.0,1.0,2.7391339898183897,55.55555555555556,0.0,96.0,14.0,1.0,1.0,4.085909161398459,0.0,0.8263501036137418,4.689579707588871,0.0
2026-06-29T14:10:00+00:00,18729,support,24595.71,down,fake,1,24584.76953125,26.997828905307202,,20.517029417357875,26.80380942749836,0.10981526131855714,0.4051251690779446,0.9276947796656525,0.0,-5.835723984656871,0.0,1.0,4.775991680747812,89.23611111111111,3.0,809.0,14.0,1.0,0.0,4.932615964864553,0.0,0.8953361464183427,6.235241527453353,1.0
2026-06-29T14:10:00+00:00,18729,support,24614.05,down,fake,1,24584.76953125,26.997828905307202,,20.517029417357875,26.80380942749836,0.10981526131855714,1.0845490151337078,0.9276947796656525,0.0,-5.835723984656871,0.0,1.0,4.775991680747812,89.23611111111111,2.0,777.0,14.0,1.0,0.0,4.932615964864553,0.0,0.8953361464183427,6.235241527453353,0.0
2026-06-29T15:35:00+00:00,18746,support,24720.2,down,fake,1,24706.5,31.553598771681813,10.313253012048193,61.3091769233575,29.920832502200764,0.12771375456532416,0.4341818535227104,0.4722222222222222,0.19015263657927914,-0.5801612000730145,1.0,1.0,-3.639207019012226,92.01388888888889,2.0,112.0,15.0,1.0,0.0,5.283730211928336,3.2289156626506026,0.8354776359469858,1.4637678124709739,1.0
2026-06-29T15:55:00+00:00,18750,resistance,24726.3,up,fake,1,24733.5,27.96286272693681,2.4695652173913043,65.59293218662802,29.00346943514459,0.11305663463293432,0.25739356545099185,0.8666666666666667,0.03576171759541248,0.3195876916261967,1.0,1.0,3.3544770492915625,100.0,4.0,809.0,15.0,1.0,0.0,6.427121031205216,3.43768115942029,-0.19766169297078498,-0.6598504848780379,3.0
2026-06-29T16:30:00+00:00,18757,support,24729.6,down,true,0,24726.5,24.040473497492894,3.4347826086956523,58.623589135778644,29.21680081778773,0.09722554141303012,0.12894920727421755,0.5555555555555556,0.29117562932901503,0.04639699315023155,1.0,0.0,0.7487373325603244,98.61111111111111,2.0,688.0,16.0,1.0,0.0,7.974913769689019,1.4178743961352656,-0.899007856886555,1.0302485795395357,3.0
2026-06-29T16:35:00+00:00,18758,channel_upper,24728.74,up,fake,1,24734.5,24.323296819100545,2.803738317757009,60.432287210521935,28.39016762869291,0.09833753186480641,0.23696009203732332,0.25,0.1644513911806104,0.3710313284107317,1.0,1.0,0.0411128477951526,97.91666666666666,0.0,96.0,16.0,1.0,1.0,7.8821840867577615,1.8857736240913812,0.8988527333434287,-0.6784274776225712,0.0
2026-06-29T17:00:00+00:00,18763,support,24700.55,down,true,0,24678.5,25.417601010468665,1.8271876719867914,43.157844360773254,24.341012459861556,0.1029949186963092,0.8675090930460987,0.9583333333333334,0.039342816011162234,-1.8241719581972662,0.0,1.0,1.8884551685357873,56.25,2.0,669.0,17.0,1.0,0.0,7.621517980599856,1.625389836727206,-0.6154113681013971,2.774982273494602,2.0
2026-06-29T17:10:00+00:00,18765,support,24614.05,down,fake,1,24610.5,28.65089066718982,1.5874035989717223,30.672722277309973,25.85926026839144,0.1164173449023377,0.12390539761001673,0.9152542372881356,0.03490292890423722,-3.9308925299281485,0.0,1.0,4.607186615359313,82.98611111111111,2.0,813.0,17.0,1.0,0.0,5.781683806943499,1.6420308483290489,-0.2298831661005558,4.752897566688872,1.0
2026-06-29T20:20:00+00:00,18803,support,24720.2,down,fake,1,24714.5,15.48406804854698,1.0083396512509477,61.220467456181225,25.151020724752318,0.0626517552390175,0.36812031451486765,0.6875,0.0,0.4263693764950305,1.0,0.0,-0.12916502263677918,38.88888888888889,2.0,169.0,20.0,1.0,0.0,6.006173552610232,0.7480414455395502,-0.8893827546692287,1.0378256717667442,2.0
2026-06-29T21:00:00+00:00,18811,resistance,24726.3,up,true,0,24751.5,14.830128306124458,1.135678391959799,72.87985149292541,31.8273517082417,0.05991607905025739,1.699072349029982,0.574468085106383,1.1463150991741213,2.8351076193335785,1.0,1.0,2.022908998542567,28.47222222222222,4.0,870.0,21.0,0.0,0.0,4.450399796793647,0.7102177554438861,1.2018453859536518,1.4139756073868028,4.0
2026-06-29T21:00:00+00:00,18811,resistance,24749.5,up,true,0,24751.5,14.830128306124458,1.135678391959799,72.87985149292541,31.8273517082417,0.05991607905025739,0.1348605999028378,0.574468085106383,1.1463150991741213,2.8351076193335785,1.0,1.0,2.022908998542567,28.47222222222222,2.0,90.0,21.0,0.0,0.0,4.450399796793647,0.7102177554438861,1.2018453859536518,1.4139756073868028,0.0
2026-06-29T23:20:00+00:00,18839,resistance,24749.5,up,fake,1,24752.0,11.948282523229135,0.8756438557763061,49.89295539121105,33.92884803501232,0.048271988216019454,0.20923509258670855,0.6282051282053733,0.14227986295902273,2.496929064913302,1.0,1.0,-0.3766231666560754,12.847222222222221,2.0,118.0,23.0,0.0,0.0,4.7036048813492695,1.2926171204316899,0.8199056444760427,1.657001524408841,1.0
2026-06-30T03:35:00+00:00,18854,support,24729.6,down,true,0,24722.8,15.20971734887875,0.7943029307039167,39.244887720696724,22.82551902145118,0.06152101440321788,0.4470826014725753,0.42105263157894735,0.4602320897512297,-0.12019413336950194,0.0,1.0,0.992786365034939,2.7777777777777777,2.0,785.0,3.0,0.0,0.0,4.273583690547133,1.0919382817492924,-0.0034004794021342175,1.2056574039283117,4.0
2026-06-30T03:40:00+00:00,18855,support,24720.2,down,fake,1,24714.8,15.694737538244553,0.8404907975460123,36.267175924944034,22.820097192481246,0.06350339690486896,0.3440643710570417,0.4090909090909091,0.4460093698886376,-0.6199738316752194,0.0,1.0,1.3380281096659128,9.722222222222223,2.0,221.0,3.0,0.0,0.0,4.141515577537349,1.1840490797546013,0.055052427974027665,1.5692012921443266,3.0
2026-06-30T03:40:00+00:00,18855,channel_lower,24717.1,down,fake,1,24714.8,15.694737538244553,0.8404907975460123,36.267175924944034,22.820097192481246,0.06350339690486896,0.14637080461761282,0.4090909090909091,0.4460093698886376,-0.6199738316752194,0.0,1.0,1.3380281096659128,9.722222222222223,0.0,96.0,3.0,0.0,1.0,4.141515577537349,1.1840490797546013,0.055052427974027665,1.5692012921443266,0.0
2026-06-30T04:55:00+00:00,18870,resistance,24779.5,up,fake,1,24783.8,16.60113082428218,0.6717737183264585,63.16739445196108,19.56854291543991,0.06698379919254586,0.2590184997341326,0.75,0.0,3.288285310037797,1.0,1.0,0.24094744161339124,68.05555555555556,5.0,892.0,4.0,0.0,0.0,5.842975459124737,0.8858770379100375,0.6189551437671039,2.156500086522998,4.0
2026-06-30T06:35:00+00:00,18890,resistance,24789.0,up,true,0,24793.8,11.688005939508425,1.1808910359634996,63.27642908452069,11.079546451945902,0.04714084141804978,0.41067740937520014,0.75,0.17111558723969267,4.829428018072216,1.0,1.0,1.4544824915373877,4.513888888888888,2.0,819.0,6.0,0.0,0.0,3.165638363934314,0.7657899445339058,0.7105427289316599,3.2753125276673725,2.0
2026-06-30T07:10:00+00:00,18897,resistance,24800.83,up,true,0,24806.8,11.051608998704243,0.8069164265129682,67.35036233974101,21.955095541411772,0.04455072398981023,0.5398912201261119,0.5,0.1809691240646038,5.91966961062732,1.0,1.0,1.2667838684522266,20.833333333333336,3.0,853.0,7.0,0.0,0.0,4.886166349744303,0.6099903938520653,1.085664869843899,4.415081662725735,5.0
2026-06-30T08:25:00+00:00,18912,support,24846.48,down,true,0,24843.8,10.869635912980849,1.200889547813195,69.30777960192401,50.560550712293676,0.04375190555784884,0.24701479966736706,0.5,0.3679976065456874,8.319449553582874,1.0,0.0,-2.667982647456234,59.72222222222222,2.0,1131.0,8.0,0.0,0.0,8.187946745641545,1.176179886335557,-2.0460883055884556,-6.978267471449041,2.0
2026-06-30T09:30:00+00:00,18925,channel_lower,24797.66,down,fake,1,24793.4,14.660021182032487,1.4042553191489362,36.812003719252,31.046996206562042,0.059128724507459596,0.29026202168970555,0.6538461538461539,0.3410636272564234,2.160377514513238,0.0,0.0,2.1828072144411097,43.40277777777778,0.0,96.0,9.0,0.0,1.0,3.847197715452307,1.004255319148936,-0.5270530506899341,-1.042501482412593,0.0
2026-06-30T09:40:00+00:00,18927,resistance,24800.83,up,true,0,24803.4,14.630324386548422,0.8439897698209718,43.32409052411157,29.60481857165663,0.05898515681942161,0.1754347066309212,0.5384615384615384,0.27340473760634626,2.7959145014100604,0.0,1.0,-0.7518630284174522,53.125,3.0,883.0,9.0,0.0,0.0,4.743572197469958,1.1935208866155158,0.30424523186550456,1.6993558782493312,6.0
2026-06-30T10:10:00+00:00,18933,support,24862.15,down,fake,1,24830.4,21.055592591882345,2.0881279820376086,51.99659441473846,28.372999273134297,0.08479763754060483,1.507912914891824,0.8043478260869565,0.3799465612325855,3.0122579466347204,1.0,0.0,-1.2823196441599762,60.06944444444444,2.0,1089.0,10.0,0.0,0.0,5.2242652169480515,2.125549630461222,-0.3039878184421494,-1.953999725313152,2.0
2026-06-30T10:50:00+00:00,18941,support,24846.48,down,fake,1,24834.4,23.607654244631046,0.9614551754006063,47.25607839912222,26.601389416895174,0.09506029638175695,0.511908587455207,0.925,0.12707742874039563,2.5256408189790682,1.0,0.0,1.5672882877982126,79.86111111111111,2.0,1160.0,10.0,0.0,0.0,4.956019720875429,1.0495163851595208,-0.9081682407439127,-1.3770151940844129,3.0
2026-06-30T11:30:00+00:00,18949,support,24885.45,down,true,0,24867.4,24.46184421230157,0.8165429480381761,54.391200895930176,20.56880083883363,0.09836912669720828,0.7378838587698201,0.7419354838709677,0.04087999217561495,3.515463524218733,1.0,0.0,-0.6131998826342242,39.93055555555556,2.0,1193.0,11.0,0.0,0.0,4.782959084546949,0.8177212206904678,-0.6450789279875687,-2.380165458944815,5.0
2026-06-30T12:35:00+00:00,18962,channel_upper,24919.28,up,true,0,24922.4,21.678586254193437,0.6704416761041903,66.8028288396489,18.956184962631443,0.08698434442185919,0.14403562830534117,0.8,0.1383854078316426,5.955767505042835,1.0,1.0,2.121909586751853,70.13888888888889,0.0,96.0,12.0,0.0,1.0,4.336076112058135,0.821442053605134,0.7942029914151124,4.79759104686571,0.0
2026-06-30T12:50:00+00:00,18965,support,24948.87,down,fake,1,24936.4,21.89571938792383,1.2094611070470616,65.54917764736697,24.626910254159107,0.08780625666866039,0.5693654748582002,0.6538461538461539,0.09134205479008203,6.33394292814113,1.0,0.0,-1.5984859588264357,80.20833333333334,6.0,2185.0,12.0,0.0,0.0,6.165588698330538,0.7315288953913679,-1.1687818576474232,-5.222991017954414,15.0
2026-06-30T13:05:00+00:00,18968,resistance,24951.35,up,true,0,24959.4,21.220078533261173,0.818273092369478,69.96338256177508,28.939930448371395,0.08501838398864224,0.3793576912255545,0.7727272727272727,0.09425035806842669,7.413683630369748,1.0,1.0,1.7436316242658936,87.15277777777779,2.0,3324.0,13.0,1.0,0.0,5.9848977373450944,1.107764390896921,1.4620337697612171,6.304116739517588,7.0
2026-06-30T13:30:00+00:00,18973,support,24970.97,down,fake,1,24890.4609375,28.29331874851289,,45.01501733203706,34.23707544653935,0.11367133304424322,2.8453971724647866,0.10340127992415264,0.1749943836214066,2.8525143187456212,1.0,0.0,1.8357359545433813,89.23611111111111,3.0,2048.0,13.0,1.0,0.0,5.973141627610678,0.9473786596634569,-1.3082925830621683,-2.11646624064885,12.0
2026-06-30T13:30:00+00:00,18973,support,24963.6,down,fake,1,24890.4609375,28.29331874851289,,45.01501733203706,34.23707544653935,0.11367133304424322,2.585029460492074,0.10340127992415264,0.1749943836214066,2.8525143187456212,1.0,0.0,1.8357359545433813,89.23611111111111,2.0,1697.0,13.0,1.0,0.0,5.973141627610678,0.9473786596634569,-1.3082925830621683,-2.11646624064885,10.0
2026-06-30T13:30:00+00:00,18973,support,24904.6,down,fake,1,24890.4609375,28.29331874851289,,45.01501733203706,34.23707544653935,0.11367133304424322,0.49973149582325693,0.10340127992415264,0.1749943836214066,2.8525143187456212,1.0,0.0,1.8357359545433813,89.23611111111111,2.0,1269.0,13.0,1.0,0.0,5.973141627610678,0.9473786596634569,-1.3082925830621683,-2.11646624064885,2.0
2026-06-30T15:05:00+00:00,18992,resistance,24951.35,up,fake,1,24986.91015625,25.164794992687547,,63.77072688272361,15.572767947451858,0.1007119120984755,1.4130914342967873,0.9215900802334063,0.15018190595624556,6.206521449369259,1.0,1.0,2.0592384128326136,54.861111111111114,2.0,3348.0,15.0,1.0,0.0,4.825752108661705,,0.5469698521305251,6.212292719355425,8.0
2026-06-30T15:30:00+00:00,18997,support,24948.87,down,fake,1,24934.4,27.909635435804525,20.0,48.64475024681162,15.952437109004057,0.11193225197239365,0.5183395067965758,0.48484848484848486,0.4657889577204096,3.4724266671519968,1.0,0.0,0.29449114962119605,71.875,6.0,2217.0,15.0,1.0,0.0,4.285594316526125,0.0,-0.5967522511865911,-3.6660296775221997,16.0
2026-06-30T15:30:00+00:00,18997,support,24970.97,down,fake,1,24934.4,27.909635435804525,20.0,48.64475024681162,15.952437109004057,0.11193225197239365,1.3101807349210897,0.48484848484848486,0.4657889577204096,3.4724266671519968,1.0,0.0,0.29449114962119605,71.875,3.0,2072.0,15.0,1.0,0.0,4.285594316526125,0.0,-0.5967522511865911,-3.6660296775221997,13.0
2026-06-30T15:30:00+00:00,18997,support,24963.6,down,fake,1,24934.4,27.909635435804525,20.0,48.64475024681162,15.952437109004057,0.11193225197239365,1.046233658879585,0.48484848484848486,0.4657889577204096,3.4724266671519968,1.0,0.0,0.29449114962119605,71.875,2.0,1721.0,15.0,1.0,0.0,4.285594316526125,0.0,-0.5967522511865911,-3.6660296775221997,11.0
2026-06-30T16:25:00+00:00,19008,channel_lower,24921.7,down,fake,1,24918.4,24.313955538933325,1.471727343144849,43.99984945398761,12.039884598763518,0.09757430468622914,0.13581893266793368,0.35294117647058826,0.32902914489539975,2.8673356814895685,0.0,0.0,2.2620753711558734,71.875,0.0,96.0,16.0,1.0,1.0,4.353852454426432,1.6834495223341082,-0.3287161366552634,-3.0849003727559037,0.0
2026-06-30T17:10:00+00:00,19017,resistance,24951.35,up,fake,1,24962.4,26.3712280558654,1.1182470721571591,55.03843398690691,10.023010031453953,0.10564380049941272,0.41901727051142035,0.5882352941176471,0.07584022995679819,3.9954919737250023,1.0,1.0,0.5688017246759864,44.44444444444444,2.0,3373.0,17.0,1.0,0.0,3.7605496524437134,1.0792091676111322,0.16889688948825463,4.067623119637842,9.0
2026-06-30T17:40:00+00:00,19023,support,24948.87,down,true,0,24945.4,23.461269050457247,0.8577068006459717,48.709857255158845,9.4036376812918,0.09405048245551181,0.14776125959817116,0.6666666666666666,0.170493761074789,3.512688103460108,1.0,0.0,0.7245984845678534,31.944444444444443,6.0,2243.0,17.0,1.0,0.0,3.836109624182753,0.9330701596985467,-0.4315764596260538,-3.5937419475777856,17.0
2026-06-30T18:05:00+00:00,19028,resistance,25001.49,up,fake,1,25013.4,25.95729824171369,0.9186220668996505,65.4975060080003,10.986515220351677,0.10377357033315618,0.45901709950897085,0.8867924528301887,0.154099242638895,5.621677898457245,1.0,1.0,2.1959142076042535,59.02777777777778,2.0,44.0,18.0,1.0,0.0,3.0819848527778997,1.0462084650801575,0.353754660649584,5.688085678559383,0.0
2026-06-30T19:50:00+00:00,19049,resistance,25028.65,up,true,0,25034.4,16.415153227387584,0.4278074866310161,63.87576392151802,23.263057070447363,0.06557038805558585,0.35028609970003266,0.5833333333333334,0.0,8.446950990251695,1.0,1.0,1.3402250771131683,18.055555555555554,2.0,737.0,19.0,1.0,0.0,7.127560637374577,0.5410506448568733,1.1991117015851191,9.294883856226413,0.0
2026-07-01T04:05:00+00:00,19097,channel_lower,25026.85,down,true,0,25025.8,9.775122319660609,0.8241206030150754,36.463890238782405,13.310996525717735,0.039060179173735145,0.10773445944833233,0.75,0.0,7.66394927452228,0.0,0.0,1.4322071419855213,14.930555555555555,0.0,96.0,4.0,0.0,1.0,4.092020405672918,0.7504187604690118,-0.21256315070268259,1.0686348824385927,0.0
2026-07-01T05:40:00+00:00,19116,resistance,25001.49,up,fake,1,25010.8,12.271213753224762,0.7375643224699829,52.16893211089169,29.92604006455199,0.04906365951198987,0.7590808812657746,0.6666666666666666,0.2444745939831443,4.182091292059082,0.0,1.0,2.0372882831928694,37.84722222222222,2.0,132.0,5.0,0.0,0.0,6.274847912234037,0.8319039451114923,-1.042489560986334,-0.024488885739461036,1.0
2026-07-01T08:05:00+00:00,19145,resistance,25001.49,up,fake,1,25003.8,10.308711377639094,1.355140186915888,47.07608298232863,15.684642842076844,0.041228578766583854,0.2245521933051434,0.45454545454545453,0.5820320096471769,3.1106075132594295,0.0,1.0,0.19401066988239232,5.208333333333334,2.0,161.0,8.0,0.0,0.0,2.8131547132946886,0.9190031152647975,-0.1657198023918412,-0.5975617239573665,2.0
2026-07-01T08:55:00+00:00,19155,channel_upper,25016.97,up,true,0,25020.8,9.996497155424754,1.3200306983883345,62.450896485891,13.612274384217866,0.03995274793541675,0.38272721012113603,0.8571428571428571,0.10003504071997205,4.603342174880636,1.0,1.0,2.400840977279329,17.01388888888889,0.0,96.0,8.0,0.0,1.0,3.0010512215991616,1.0795599897672037,-0.2632749962898177,1.1505620356436592,0.0
2026-07-01T09:00:00+00:00,19156,resistance,25028.65,up,true,0,25030.4,10.9967473586087,2.572030920590302,67.7661747884056,15.407175299696943,0.04393356621791381,0.15913796533936275,0.44166666666675763,1.1821677425209804,5.007288902901828,1.0,1.0,2.6007690335463556,26.73611111111111,2.0,844.0,9.0,0.0,0.0,2.728079405817647,1.0541110330288124,-0.11725313783722435,1.856672593757679,1.0
2026-07-01T10:10:00+00:00,19170,support,24991.6,down,fake,1,24987.4,21.155466654858785,2.28535747736497,36.89788683281364,20.414440828479886,0.0846645375463585,0.19853024603607475,0.8253968253968254,0.3308837433936872,0.25200639942334635,0.0,0.0,2.3161862037558105,54.861111111111114,2.0,901.0,10.0,0.0,0.0,3.7626208534483174,2.4518680403788116,-0.3247959439734991,1.4024608861045365,0.0
2026-07-01T10:20:00+00:00,19172,resistance,25001.49,up,fake,1,25009.4,21.70547890138334,1.779884149552396,46.798980492279945,19.268838012227103,0.08678928283518733,0.36464727573904376,0.7241379310344828,0.32249921928946124,1.2442406679385711,0.0,1.0,-1.1978542430751418,60.06944444444444,2.0,188.0,10.0,0.0,0.0,4.422846435969754,2.2081797437247674,0.26271410676630014,-0.26920179388049764,3.0
2026-07-01T13:30:00+00:00,19210,support,24948.87,down,fake,1,24929.3203125,31.10663730986386,,23.434717488505328,22.69263144378441,0.12477932378391578,0.6283660291519357,0.5250429658728211,0.07396431916060649,-2.6283751399717397,0.0,1.0,4.663946348646208,97.22222222222221,6.0,2430.0,13.0,1.0,0.0,2.2181761182562867,0.9556676400318557,-0.2320040469151911,3.6068336990749343,18.0
2026-07-01T13:30:00+00:00,19210,support,24972.02,down,fake,1,24929.3203125,31.10663730986386,,23.434717488505328,22.69263144378441,0.12477932378391578,1.3726873488334415,0.5250429658728211,0.07396431916060649,-2.6283751399717397,0.0,1.0,4.663946348646208,97.22222222222221,5.0,2285.0,13.0,1.0,0.0,2.2181761182562867,0.9556676400318557,-0.2320040469151911,3.6068336990749343,14.0
2026-07-01T13:30:00+00:00,19210,support,24963.6,down,fake,1,24929.3203125,31.10663730986386,,23.434717488505328,22.69263144378441,0.12477932378391578,1.1020055674461642,0.5250429658728211,0.07396431916060649,-2.6283751399717397,0.0,1.0,4.663946348646208,97.22222222222221,2.0,1934.0,13.0,1.0,0.0,2.2181761182562867,0.9556676400318557,-0.2320040469151911,3.6068336990749343,12.0
2026-07-01T13:30:00+00:00,19210,support,24991.6,down,fake,1,24929.3203125,31.10663730986386,,23.434717488505328,22.69263144378441,0.12477932378391578,2.0021350067385706,0.5250429658728211,0.07396431916060649,-2.6283751399717397,0.0,1.0,4.663946348646208,97.22222222222221,2.0,941.0,13.0,1.0,0.0,2.2181761182562867,0.9556676400318557,-0.2320040469151911,3.6068336990749343,1.0
2026-07-01T13:30:00+00:00,19210,channel_lower,25050.33,down,fake,1,24929.3203125,31.10663730986386,,23.434717488505328,22.69263144378441,0.12477932378391578,3.8900380648734934,0.5250429658728211,0.07396431916060649,-2.6283751399717397,0.0,1.0,4.663946348646208,97.22222222222221,0.0,96.0,13.0,1.0,1.0,2.2181761182562867,0.9556676400318557,-0.2320040469151911,3.6068336990749343,0.0
2026-07-01T13:40:00+00:00,19212,resistance,24951.35,up,true,0,24973.330078125,31.51393209052037,,34.781269745771965,26.563231080589766,0.12619034783080255,0.6974717741304403,0.8657071488045677,0.05900168200715626,-1.1654929433911827,0.0,0.0,-3.429274441684467,100.0,2.0,3568.0,13.0,1.0,0.0,6.130956502667614,0.3112602990540128,-0.13536776889638938,-2.1637002292592267,10.0
2026-07-01T14:15:00+00:00,19219,resistance,25001.49,up,true,0,25014.779296875,28.627224786905067,,46.50446253526364,26.87594861594466,0.11444124470241222,0.46438803355749675,0.6779766001376463,0.011189086695770815,0.20299177819724237,0.0,1.0,1.088479811855656,98.61111111111111,2.0,235.0,14.0,1.0,0.0,6.64439352018535,0.0,-0.8956661246816743,-0.9339879620936619,4.0
2026-07-01T15:25:00+00:00,19233,resistance,25028.65,up,fake,1,25068.5,25.795685495927945,,63.49972327236912,21.06610967126148,0.10290079380867602,1.5448319838714573,0.9775152298320103,0.04611054531533053,2.3312135143752237,1.0,1.0,3.3509267717907774,59.72222222222222,2.0,921.0,15.0,1.0,0.0,6.908540845062381,,-0.46740576810448026,1.0460361594244467,2.0
2026-07-01T15:45:00+00:00,19237,support,24991.6,down,true,0,24987.4,26.404786376749144,4.722222222222222,44.07733063741458,17.922464868381,0.10567240439881356,0.1590620707954456,0.8,0.07574384323597896,-0.7831147705881248,0.0,1.0,1.1781866053039685,58.333333333333336,2.0,968.0,15.0,1.0,0.0,4.2098487245434635,5.092592592592593,0.29954277416190794,1.9553672310800816,2.0
2026-07-01T15:55:00+00:00,19239,support,24972.02,down,true,0,24963.4,26.201065804441864,3.364102564102564,39.25822654175342,16.302890240404373,0.10495792161501183,0.32899425024678325,0.8260869565217391,0.038166386339538526,-1.678951262459074,0.0,1.0,4.011287204285444,63.541666666666664,5.0,2314.0,15.0,1.0,0.0,4.242581469000968,3.353846153846154,0.32269478580026273,2.812008088449563,15.0
2026-07-01T16:00:00+00:00,19240,support,24948.87,down,true,0,24934.4,27.115275389838875,3.5304054054054053,34.317017857696996,16.775715136635707,0.10874645225005963,0.5335246077599626,0.7368421052631579,0.36879581181563,-2.6650675571213402,0.0,1.0,2.876607332161914,74.30555555555556,6.0,2460.0,16.0,1.0,0.0,4.099540006577103,2.7027027027027026,0.4022124499002136,3.7115698508864514,19.0
2026-07-01T16:00:00+00:00,19240,support,24961.91,down,true,0,24934.4,27.115275389838875,3.5304054054054053,34.317017857696996,16.775715136635707,0.10874645225005963,1.0145486346528245,0.7368421052631579,0.36879581181563,-2.6650675571213402,0.0,1.0,2.876607332161914,74.30555555555556,3.0,1964.0,16.0,1.0,0.0,4.099540006577103,2.7027027027027026,0.4022124499002136,3.7115698508864514,13.0
2026-07-01T16:25:00+00:00,19245,resistance,24951.35,up,fake,1,24971.4,29.55962535201004,1.8889416231608924,47.658584045718456,16.34243880197209,0.11837392117386306,0.678290058187071,0.8048780487804879,0.03382992808912581,-1.0784762308503877,0.0,0.0,0.2706394247130065,92.01388888888889,2.0,3601.0,16.0,1.0,0.0,5.69322009737701,1.7307388071507674,-0.8257074411380791,-1.8655629128539888,11.0
2026-07-01T16:50:00+00:00,19250,resistance,25001.49,up,fake,1,25011.4,31.118443906973035,1.147684241188465,56.455744179146016,15.816732582393634,0.12441704145698775,0.3186163093386236,0.5555555555555556,0.32135282952754574,0.29537875414561976,1.0,1.0,2.345875655551084,91.66666666666666,2.0,266.0,16.0,1.0,0.0,5.408029194136156,1.5545198562967277,-0.7279653554195789,-0.31308444002096864,5.0
2026-07-01T18:15:00+00:00,19267,resistance,25028.65,up,true,0,25034.4,24.727717555102124,0.7100591715976331,59.75187744553628,15.924477250417349,0.09877495588111608,0.23253258159338647,0.7777777777777778,0.16176179589105147,1.23195823612913,1.0,1.0,1.3345348161011745,36.80555555555556,2.0,955.0,18.0,1.0,0.0,5.176377468513647,0.8708845395235928,0.20510248504382916,0.606927405338292,3.0
2026-07-01T18:25:00+00:00,19269,resistance,25068.54,up,fake,1,25092.4,26.719307483736017,0.8214166943797806,71.5437666977491,18.64560641655828,0.10648366630428344,0.8928103189808111,0.9824561403508771,0.037426119692985975,3.2659332750222676,1.0,1.0,3.443203011754709,61.80555555555556,2.0,179.0,18.0,1.0,0.0,4.154299285921443,0.7970291541957655,0.29059116926579537,2.7115693735887154,0.0
2026-07-01T21:00:00+00:00,19300,resistance,25068.54,up,fake,1,25074.4,13.116034733515075,1.2895569620253164,51.284899396383,20.5282899805665,0.05230846893052306,0.4464210072987146,0.7692307692307693,0.15248511006832347,3.776963974484344,1.0,1.0,-0.9149106604099408,38.19444444444444,2.0,210.0,21.0,0.0,0.0,3.5834000866056015,0.669831223628692,0.9152075024545224,3.5643505895808745,1.0
2026-07-02T03:15:00+00:00,19324,channel_lower,25040.19,down,fake,1,25006.7,13.757815706429863,2.5707547169811322,23.70579922765694,19.056362514874976,0.05501651839878857,2.4339084838178278,0.8833819241982482,0.2907438277524358,-1.962626386540081,0.0,1.0,5.211583112462464,57.638888888888886,0.0,96.0,3.0,0.0,1.0,2.1805787081432686,1.2604821802935011,-0.1604812140374497,0.6372135558238065,0.0
2026-07-02T03:20:00+00:00,19325,resistance,25028.65,up,fake,1,25031.7,15.132257441684873,1.9978205593897564,37.548811179745776,22.418223609068978,0.060452376153776494,0.20155617968786527,0.7272727272727273,0.2643359733611978,-0.13094788981073485,0.0,0.0,-2.9539545023114337,62.84722222222222,2.0,1013.0,3.0,0.0,0.0,5.266894269221915,1.7290228841264075,0.019158756979248598,0.8342793132666892,4.0
2026-07-02T04:00:00+00:00,19333,resistance,25068.54,up,true,0,25075.7,17.99352390255374,2.088714205502527,56.47756363009434,29.48815628480414,0.07175681597145339,0.3976582617307377,0.6923076923076923,0.0,2.293799700256542,1.0,1.0,2.0007198253639844,74.65277777777779,2.0,243.0,4.0,0.0,0.0,4.429371391153084,1.0892756878158338,-0.4596224894559979,2.1864531850141304,2.0
2026-07-02T09:35:00+00:00,19400,resistance,25068.54,up,fake,1,25083.3,16.23270052421959,1.0446780551905388,46.81549080565235,29.974166735245788,0.06471517114661784,0.9089845165000926,0.6666666666666666,0.18481213249292228,0.5200388457457606,0.0,1.0,0.36962426498584455,73.95833333333334,2.0,310.0,9.0,0.0,0.0,6.000233901603632,1.0621988611476127,-1.167098682858821,-0.790258522354966,3.0
2026-07-02T10:00:00+00:00,19405,resistance,25028.65,up,true,0,25040.3,23.384391688989457,3.3506493506493507,41.44910171700663,33.486673324915174,0.09338702686864557,0.4981955551780815,0.6811594202898551,0.04276356696808368,-1.3994544445575694,0.0,0.0,-1.069089174202092,68.75,2.0,1093.0,10.0,0.0,0.0,6.34611333806368,1.0562770562770563,-1.0027878212538772,-2.0508194278506764,5.0
2026-07-02T10:00:00+00:00,19405,resistance,25001.49,up,true,0,25040.3,23.384391688989457,3.3506493506493507,41.44910171700663,33.486673324915174,0.09338702686864557,1.6598611700587669,0.6811594202898551,0.04276356696808368,-1.3994544445575694,0.0,0.0,-1.069089174202092,68.75,2.0,421.0,10.0,0.0,0.0,6.34611333806368,1.0562770562770563,-1.0027878212538772,-2.0508194278506764,6.0
2026-07-03T08:10:00+00:00,19620,channel_lower,25720.99,down,true,0,25714.9,13.27208382828617,1.067457375833951,42.98736680612698,17.64253038469739,0.05161242636870519,0.45895041277547144,0.7142857142857143,0.22603835530380245,11.9361307345044,1.0,0.0,1.9213260200823208,15.277777777777779,0.0,96.0,8.0,0.0,1.0,3.315229211122436,1.2947862614282184,-1.0768385011806436,-0.6554747832700735,0.0
2026-07-03T10:45:00+00:00,19651,channel_lower,25719.83,down,fake,1,25713.5,23.910323413119677,1.2420886075949367,38.43189369758817,20.770995992289343,0.09298743233367561,0.2646638705742101,0.7857142857142857,0.12546881730398884,4.417367610979022,0.0,0.0,3.429481006309029,68.75,0.0,96.0,10.0,0.0,1.0,6.122878284434717,1.2394514767932487,-0.7104657192971272,0.9619421235858819,0.0
2026-07-06T03:45:00+00:00,19803,channel_upper,25892.07,up,fake,1,25897.6,17.149226807983375,0.9612817089452603,69.48500934907628,31.7083857554762,0.06621936707642166,0.32252052097700873,0.9382716049382606,0.0,7.93026252453604,1.0,1.0,-0.08163633356051492,73.95833333333334,0.0,96.0,3.0,0.0,1.0,7.493049187510902,1.7712505562972851,1.0566819167995871,0.9608692134588822,0.0
2026-07-06T10:30:00+00:00,19884,resistance,25859.8,up,true,0,25870.6,21.212001972898083,2.10461914958703,69.91293795268291,14.309532881625854,0.08199269430511115,0.5091457191922807,0.5882352941176471,0.18857248858974632,3.1947405839914227,1.0,1.0,2.8757304509936312,55.90277777777778,2.0,131.0,10.0,0.0,0.0,3.58287728320518,1.6335270724992355,-0.003439271462372427,1.180110362815444,0.0
2026-07-06T13:10:00+00:00,19916,resistance,25859.8,up,fake,1,25869.6,18.82151593542758,0.8520710059171598,51.41360128325429,12.471241367198125,0.07275534192808386,0.5206806950949586,0.7647058823529411,0.1062613663459178,2.5014667619767548,1.0,1.0,-0.6906988812484658,31.944444444444443,2.0,163.0,13.0,1.0,0.0,4.622369436047425,1.0209072978303748,0.31904914063010015,0.5621537089599059,1.0
2026-07-06T17:55:00+00:00,19973,resistance,25829.82,up,fake,1,25833.6,20.09600371540203,0.982360097323601,64.27214713274947,25.936291143068505,0.07779017912873944,0.18788716918402543,0.3333333333333333,0.04976113729684362,1.30316793370165,1.0,1.0,0.796178196749498,74.30555555555556,2.0,256.0,17.0,1.0,0.0,5.871814201027547,0.8252230332522302,0.47331239161792843,-0.11300306605364357,0.0
2026-07-06T18:25:00+00:00,19979,resistance,25859.8,up,fake,1,25863.6,20.834749657553395,0.8237232289950577,68.87322997082197,30.647544257881773,0.08055626307843222,0.18238760064110618,0.9473684210526315,0.0,2.634396834004796,1.0,1.0,1.4399021103247982,47.22222222222222,2.0,226.0,18.0,1.0,0.0,4.895667175104314,0.8522789676002197,0.6157086849537883,1.3510851566047188,2.0
2026-07-06T20:05:00+00:00,19999,resistance,25829.82,up,fake,1,25843.6,13.845368000904653,0.8539478143002371,60.441988891465144,16.166825973140583,0.053573681688714625,0.9949740049595243,0.9090909090909091,0.14445264292500715,2.253238266395308,1.0,1.0,1.3000737863250644,21.180555555555554,2.0,282.0,20.0,1.0,0.0,4.550258252137725,0.7929515418502202,0.38348882823891706,0.6063199407632875,1.0
2026-07-07T04:35:00+00:00,20050,resistance,25829.82,up,fake,1,25834.7,12.558448268367538,1.1282367447595563,57.026340784773176,11.515124383540964,0.048610776468732124,0.3882471102964161,0.4819277108433101,0.15925534407285322,1.2007829244075796,1.0,1.0,1.1147874085099725,29.51388888888889,2.0,333.0,4.0,0.0,0.0,3.6230590776574108,1.2946979038224415,-0.32507863115611696,1.0201240792604749,2.0
2026-07-07T08:05:00+00:00,20092,channel_lower,25751.09,down,true,0,25743.7,10.41587651024838,0.9479117785077429,25.845162097546734,33.940896293067645,0.04045990479320525,0.7096155697934579,0.6470588235294118,0.5760436958038515,-6.308766723924905,0.0,1.0,2.5921966311173317,24.65277777777778,0.0,96.0,8.0,0.0,1.0,5.66442967540454,0.6726106679180354,1.4314409021156422,5.917649271353954,0.0
2026-07-07T10:25:00+00:00,20120,channel_upper,25804.8,up,fake,1,25827.7,21.869250072655735,1.4614703277236492,64.1246036782883,17.136700231970845,0.08467362588482806,1.047354709338597,0.7931034482758621,0.18290522019323419,1.0982548356012363,1.0,1.0,0.36581044038646837,37.84722222222222,0.0,96.0,10.0,0.0,1.0,4.504041047258392,1.7640980218482432,0.3938932442151079,1.3674603013475162,0.0
2026-07-07T12:30:00+00:00,20145,support,25730.8,down,true,0,25722.7,21.314967651286917,0.839217268509179,33.61789039218485,20.44226872332511,0.08286442578456739,0.3800146513245821,0.8214285714285714,0.0,-3.5246181565651487,0.0,1.0,0.9383077810485195,90.97222222222221,2.0,425.0,12.0,0.0,0.0,5.207608184819283,0.6912783269450609,0.8760322223585851,3.324834149217655,0.0
2026-07-07T13:20:00+00:00,20155,support,25721.23,down,true,0,25714.2,20.115206244051823,0.9569377990430622,38.98629975354841,21.216857798251933,0.07822606281374425,0.34971405349516144,0.6666666666666666,0.0,-3.8042770635037697,0.0,1.0,0.6959908752683,52.77777777777778,2.0,222.0,13.0,1.0,0.0,6.338488328336303,0.9409888357256778,1.0934180172782755,3.598969646145609,0.0
2026-07-07T15:30:00+00:00,20181,channel_upper,25691.85,up,fake,1,25711.2,38.47801495714079,20.0,70.27549797600243,48.45640884625346,0.14965468339533275,0.5027891842611807,0.1,0.07796659997511791,-0.5776772659482905,1.0,0.0,5.629198670104571,91.66666666666666,0.0,96.0,15.0,1.0,1.0,4.756470193534114,0.0,-1.534738390178307,-1.9237998040155802,0.0
2026-07-07T15:40:00+00:00,20183,support,25721.23,down,true,0,25711.2,36.248900651820385,7.920489296636085,68.9791590926584,48.66917323400925,0.14098486516312106,0.27682412796137085,0.6470588235294118,0.16552226114748905,-0.6040484733215257,1.0,1.0,-5.816738903346908,97.22222222222221,2.0,250.0,15.0,1.0,0.0,7.137037564531176,4.026503567787971,1.040375942748256,2.004931330051475,1.0
2026-07-08T08:20:00+00:00,20332,support,25473.25,down,true,0,25471.0,15.450159003662655,1.650217133833399,39.65739521419238,17.16846878263951,0.060657842266352534,0.14531353282304516,0.6296296296296297,0.0,-6.327169217099054,0.0,1.0,0.16181063246063315,16.319444444444446,2.0,140.0,8.0,0.0,0.0,3.5598339141339292,1.2712198973549151,0.5645712193103483,2.0842434518181827,0.0
2026-07-08T11:15:00+00:00,20367,channel_lower,25171.57,down,true,0,25096.6,44.37341171164242,2.1218961625282167,23.065916295170524,56.83998517507167,0.17681045126288986,1.6895549298273909,0.5629411764705925,1.4490659500749778,-8.921541283370054,0.0,1.0,3.4367427276273195,86.45833333333334,0.0,96.0,11.0,0.0,1.0,5.791756596722761,0.9631301730624529,1.7967113697301211,6.327790518515518,0.0
2026-07-08T13:40:00+00:00,20396,channel_upper,25041.93,up,fake,1,25059.76953125,41.7201623155622,,65.73897020344157,48.65579366586717,0.16648262572222133,0.42762762096366336,0.8028436505492249,0.1424109092639789,-6.946268487124549,1.0,0.0,4.181899627579377,74.30555555555556,0.0,96.0,13.0,1.0,1.0,4.376321884704066,0.30438990058942555,-1.7777451064266467,-3.205993529832674,0.0
2026-07-08T16:00:00+00:00,20424,channel_upper,25047.85,up,fake,1,25053.3,39.84448327697932,3.7269681742043548,59.98984740412391,26.971985106343958,0.15903886225359262,0.13689756316730717,0.8837209302325582,0.025097577324531734,-5.215372298277297,1.0,0.0,0.20078061859625387,79.16666666666666,0.0,96.0,16.0,1.0,1.0,5.662033051896626,3.034617532104969,-0.29901034879866467,-3.2788192123503443,0.0
2026-07-09T05:45:00+00:00,20538,channel_lower,25038.2,down,true,0,25027.4,18.770418986567496,0.8035251425609123,39.001271825593015,22.284682111814597,0.07499947652000405,0.5752990369716455,0.5897435897435898,0.26637657921105035,-3.942606613109988,0.0,1.0,3.5694461614280746,30.208333333333332,0.0,96.0,5.0,0.0,1.0,3.86246039856023,0.9763262484879903,-0.5524437982963268,1.7317181261982943,0.0
2026-07-09T08:50:00+00:00,20575,resistance,25102.1,up,true,0,25104.6,17.98832445260975,0.40522527326046387,65.94674230463782,18.331904994183102,0.07165349956824546,0.13897903646258167,0.679999999999806,0.15565652083825327,0.9264504696954013,1.0,1.0,2.9852697032160926,31.25,2.0,130.0,8.0,0.0,0.0,3.5022717188570582,1.2636630231938148,0.5089088330316731,2.627623104556826,0.0
2026-07-09T11:20:00+00:00,20605,support,25000.35,down,true,0,24987.2,27.20504116689679,0.8300453017682303,31.64221067855783,13.543125565476705,0.10887590913306329,0.4833662966847039,0.7142857142857143,0.073515786568028,-3.49305957550658,0.0,1.0,2.0216841306207702,53.81944444444444,2.0,88.0,11.0,0.0,0.0,5.32989452618203,0.9508500170490526,0.5388245645820721,2.659520880193991,0.0
2026-07-09T15:05:00+00:00,20650,resistance,25102.1,up,fake,1,25117.419921875,25.04509542351106,,71.1031852874768,23.85432898274918,0.09971205442840508,0.61169349191698,0.9641909814323607,0.004757044163152074,2.5151970863006463,1.0,1.0,2.090603933209521,48.61111111111111,2.0,205.0,15.0,1.0,0.0,6.119399224014363,,0.9332884960926129,3.2750523044185362,1.0
2026-07-09T15:30:00+00:00,20655,support,25000.35,down,fake,1,24997.2,30.66511871478363,20.0,38.5589465261508,26.487042810155447,0.12267421437114408,0.10272257640011041,0.9,0.0,-1.919688022678174,0.0,1.0,3.366355384439856,62.5,2.0,138.0,15.0,1.0,0.0,4.758180054905733,0.0,-0.8733115728332195,1.2322498457378124,1.0
2026-07-09T17:55:00+00:00,20684,resistance,25102.1,up,true,0,25105.2,28.380343803188858,0.6715252472670484,63.566635934311236,12.250435256223064,0.11304567899554217,0.10923053016904828,0.9444444444444444,0.0,1.8232052148251132,1.0,1.0,1.797018399554045,39.23611111111111,2.0,239.0,17.0,1.0,0.0,3.59403679910809,0.885823355891029,0.3266642073951292,2.408486503108526,2.0
2026-07-09T20:45:00+00:00,20718,resistance,25141.2,up,fake,1,25144.2,11.500481199890222,0.7441860465116279,67.98953110136821,17.939635497894898,0.04573810739610018,0.26085864998663155,0.3333333333333333,0.4347644166443859,6.175921005832502,1.0,1.0,1.3042932499331579,17.708333333333336,2.0,117.0,20.0,1.0,0.0,4.086785516457228,0.892334194659776,1.4490098846488928,8.494100924059468,0.0
2026-07-10T03:30:00+00:00,20748,channel_lower,25092.91,down,fake,1,25090.4,12.203043844059106,1.8891352549889135,36.345325202687185,13.56080814471085,0.04863630649196149,0.2060154959460966,0.7619047619047619,0.0,0.4406671336917231,0.0,0.0,2.6878539829198047,9.722222222222223,0.0,96.0,3.0,0.0,1.0,3.425374892867328,1.3362897265336289,0.04227315933907146,1.3619100966885571,0.0
2026-07-10T03:40:00+00:00,20750,resistance,25102.1,up,fake,1,25103.9,12.32813474309178,0.7925010651896038,45.22413658880814,15.72990004439346,0.049108444277947964,0.14600748917118725,0.90625,0.0,1.5125176274415877,0.0,1.0,-1.6466400167612236,15.625,2.0,305.0,3.0,0.0,0.0,3.4717336313981133,1.5509160630592247,-0.1783719768146831,0.03387703828205786,3.0
2026-07-10T07:30:00+00:00,20796,resistance,25102.1,up,fake,1,25106.0,11.000790066109255,1.4304993252361675,40.67124910218967,13.250445331407155,0.043817374596149344,0.35451999143374274,0.40310077519392307,0.3454297352429389,0.7074031076635005,0.0,1.0,-1.1817333047787015,18.40277777777778,2.0,351.0,7.0,0.0,0.0,4.28151066577534,0.6522717049032839,-0.3038294810438883,-1.0930017028665082,4.0
2026-07-10T09:40:00+00:00,20822,resistance,25102.1,up,true,0,25104.7,14.461179442194295,0.7057701478302337,48.35785676498944,18.6093343146846,0.057603474417914954,0.1797916975164556,0.6666666666666666,0.13830130578177283,0.3578057967148769,0.0,1.0,-1.5904650164903873,49.30555555555556,2.0,377.0,9.0,0.0,0.0,4.467132176751413,1.3765697027499604,0.012336477465704513,-0.6559045546546723,5.0
2026-07-10T10:05:00+00:00,20827,resistance,25141.2,up,true,0,25149.7,20.13429987994334,2.4940374787052813,63.1110665328996,19.111014120735042,0.08005781333353218,0.4221651634615427,0.9215686274509803,0.09933297963801004,2.4366482771812707,1.0,1.0,2.483324490950251,56.25,2.0,226.0,10.0,0.0,0.0,3.2084552423078327,1.7944349801249289,0.18086866156096157,1.7343702356188337,1.0
2026-07-10T10:15:00+00:00,20829,resistance,25152.8,up,true,0,25169.7,21.467840202604208,1.8387470997679813,67.9629835797356,19.515662799484108,0.08529239602619104,0.7872240449203513,0.5263157894736842,0.0,3.161933620430899,1.0,1.0,2.142740003925493,67.36111111111111,2.0,98.0,10.0,0.0,0.0,3.5681279195803794,2.3839907192575405,0.26089174880753474,2.440221662914701,0.0
2026-07-10T12:05:00+00:00,20851,support,25085.05,down,fake,1,25079.7,26.019833551008215,0.8127721335268504,36.81125184484491,22.492567805657206,0.10374858371913626,0.2056123837039258,0.4074074074074074,0.5764833187958184,-1.0846484912468937,0.0,1.0,1.3835599651099642,88.19444444444444,2.0,87.0,12.0,0.0,0.0,5.342078754174584,0.925253991291727,0.29562287482081606,1.7305879343760415,0.0
2026-07-10T12:45:00+00:00,20859,resistance,25102.1,up,true,0,25105.7,24.925162942029523,0.8485381402506046,48.138845750367615,19.009447544940677,0.09928089215608217,0.14443235570315008,0.6,0.32096079045125003,-0.07518511555336238,0.0,0.0,-1.123362766579375,60.416666666666664,2.0,414.0,12.0,0.0,0.0,4.6539314615431255,0.7576756796365502,-0.45473641162595485,-0.6844786567353751,6.0
2026-07-10T14:30:00+00:00,20880,support,25085.05,down,true,0,25047.69921875,33.117209941868836,,34.300877060866895,11.296254136296843,0.13221657467476386,1.127835989673204,0.27676938229914166,3.326961652065502,-1.83261272112867,0.0,1.0,1.9537023797768893,57.638888888888886,2.0,116.0,14.0,1.0,0.0,2.57841297319084,0.0,0.19512818106663943,2.2619801595741773,1.0
2026-07-10T15:30:00+00:00,20892,resistance,25102.1,up,true,0,25116.7,28.829043512889207,20.0,59.39009809421168,31.90101378678266,0.11478037924125863,0.5064337286623697,0.6363636363636364,0.0,0.4841366688666819,1.0,1.0,3.334473703819622,78.81944444444444,2.0,447.0,15.0,1.0,0.0,7.720350222527876,0.0,-0.7062560761109461,-0.20345251722058777,7.0
2026-07-10T16:10:00+00:00,20900,resistance,25141.2,up,fake,1,25153.7,22.773668168135195,1.6896551724137931,66.42250151477904,20.204227978534153,0.09053804477327468,0.5488795176830555,0.8888888888888888,0.0,2.124060036513058,1.0,1.0,1.2734004810246888,98.61111111111111,2.0,299.0,16.0,1.0,0.0,9.273010706526557,2.2375478927203063,0.4523985732528397,1.3305672745883217,2.0
2026-07-10T16:15:00+00:00,20901,resistance,25155.23,up,fake,1,25157.7,22.36126329898268,1.4893617021276595,67.32066516121398,20.187979443162572,0.08888437058627252,0.11046120473186749,0.29411764705882354,0.4024817327923263,2.3188098528671546,1.0,1.0,1.0732846207795368,99.30555555555556,3.0,170.0,16.0,1.0,0.0,9.66763218426196,2.0,0.615119841119631,1.5232435121101255,1.0
2026-07-10T17:30:00+00:00,20916,support,25085.05,down,true,0,25057.7,34.735047038283106,2.3028105167724386,35.29681106392181,15.282582501932481,0.1386202526101083,0.7873891741058672,0.2573099415204678,3.3395665154030456,-1.4330739151602148,0.0,1.0,1.7273619907257134,60.416666666666664,2.0,152.0,17.0,1.0,0.0,2.072834388870856,1.0081595648232093,0.0071730811779652,1.8296916624567243,2.0
2026-07-13T03:35:00+00:00,20985,support,25000.35,down,true,0,24996.3,17.002820005305228,1.6549295774647887,18.18252824179359,28.28575886073697,0.06802134718060364,0.23819578156656304,0.6170212765957447,0.32347575274477336,-6.341341765007259,0.0,1.0,6.904736976770339,97.91666666666666,2.0,468.0,3.0,0.0,0.0,7.522281595646724,1.3888888888888888,0.946791292187405,1.947670347729812,2.0
2026-07-13T04:30:00+00:00,20996,support,24939.61,down,fake,1,24937.8,18.013343710485834,1.245772266065389,19.20161327563237,49.11959606647233,0.07223309077178354,0.10046805601925982,0.2857142857142857,0.3886008124035959,-8.364292259164019,0.0,1.0,0.7494444239212207,97.91666666666666,2.0,104.0,4.0,0.0,0.0,11.125086115097313,1.0954528372792183,3.1484886542214605,1.828915187738857,0.0
2026-07-13T07:00:00+00:00,21026,support,24851.25,down,true,0,24844.3,14.468419165568488,1.117078410311493,24.368118499725853,54.360426027658725,0.05823637279202267,0.48032955746407013,0.8666666666666667,0.1382321024234313,-13.449242124952212,0.0,1.0,1.3823210242343134,67.36111111111111,2.0,635.0,7.0,0.0,0.0,5.653692989118291,0.9810239885427855,2.982243152185657,6.363967038695242,0.0
2026-07-13T08:10:00+00:00,21040,channel_upper,24862.88,up,fake,1,24870.3,15.36743837000496,1.401412275936991,55.39233876268955,48.433566759913965,0.06179032166883777,0.48311831669549476,0.8571428571428571,0.13014530801071658,-9.235790716684757,0.0,0.0,3.0258784112491606,55.55555555555556,0.0,96.0,8.0,0.0,1.0,5.218826851229783,1.2167300380228137,-2.339597712803094,-3.3089867805011473,0.0
2026-07-13T11:15:00+00:00,21077,resistance,25102.1,up,true,0,25109.1,26.851702258560433,0.9173403728757631,75.75490071322989,49.10943367406078,0.10694012234034846,0.26069110749834756,0.6190476190476191,0.18620793392739113,4.114401777806439,1.0,1.0,2.2344952071286937,92.01388888888889,2.0,632.0,11.0,0.0,0.0,8.528323373874514,1.1032282901611394,2.2622292615274646,5.809997778479448,8.0
2026-07-13T12:25:00+00:00,21091,resistance,25140.37,up,fake,1,25152.1,21.780203847725545,0.8098833218943033,73.48922047458854,54.8178713676185,0.08659397763099522,0.538715496666723,0.6333333333333333,0.2754795153410176,6.331581403229893,1.0,1.0,1.0560048088072342,40.97222222222222,3.0,490.0,12.0,0.0,0.0,5.188197538922498,0.6085563944177533,2.4102020022206427,8.173251661296426,3.0
2026-07-13T13:45:00+00:00,21107,support,25085.05,down,fake,1,25073.279296875,21.523065601302353,,38.49781085357902,33.75810323376572,0.08584064870997897,0.5468878524577219,0.7371784544331669,0.4441093070599391,1.9754661611730862,0.0,0.0,2.082449775290675,64.23611111111111,2.0,343.0,13.0,1.0,0.0,3.856327975647563,0.0,-1.0528796399532088,-3.881574006882128,3.0
2026-07-13T13:55:00+00:00,21109,resistance,25102.1,up,fake,1,25122.51953125,23.718558876250498,,54.2957467630745,30.787821970487073,0.09441154517462665,0.8609094404317973,0.6132220401474805,0.3251014338700399,3.8016071017085653,1.0,1.0,1.324681293409524,64.58333333333334,2.0,664.0,13.0,1.0,0.0,4.401155358748368,0.0,0.7363121936857183,5.598299924300667,9.0
2026-07-13T14:15:00+00:00,21113,channel_lower,25084.71,down,fake,1,25038.390625,33.283486777211074,,35.901956866788,26.965806741388658,0.1329298167589838,1.3917029565602657,0.5207111647694608,1.7988227660989304,0.11894400144062106,0.0,0.0,1.0482276724350883,71.52777777777779,0.0,96.0,14.0,1.0,1.0,3.136361980304085,0.0,-0.24417879924087058,-1.4618270146127699,0.0
2026-07-13T16:50:00+00:00,21144,resistance,25102.1,up,true,0,25111.1,25.630570004151586,1.9660620245757752,52.367786866914535,12.324442356510582,0.10206868677258897,0.35114318559993785,0.6585365853658537,0.2340954570666252,2.318305119979502,1.0,1.0,0.27311136657772944,26.73611111111111,2.0,699.0,16.0,1.0,0.0,3.1602886703994404,1.743709771796372,0.3616600562771512,3.8861458715741763,10.0
2026-07-13T17:15:00+00:00,21149,support,25085.05,down,fake,1,25053.1,36.18393494628642,2.1912072575017447,38.633479743902406,12.187289508289954,0.14442897264724294,0.8829885430490864,0.46808510638297873,1.9069236140963577,-0.030498983990088973,0.0,1.0,0.8290972235201556,35.41666666666667,2.0,385.0,17.0,1.0,0.0,2.315944911033048,1.2468015817632008,-0.12651029915786588,-0.9517879847765195,4.0
2026-07-13T19:05:00+00:00,21171,resistance,25102.1,up,fake,1,25106.1,24.53480754122584,0.5976700996116833,50.4287128699289,10.751023486428606,0.09772448744020713,0.1630336815676585,0.5833333333333334,0.1630336815676585,1.7133989599607062,1.0,1.0,-0.326067363135317,7.986111111111111,2.0,726.0,19.0,1.0,0.0,6.317555160746767,0.6663289999437223,0.13340525375293175,2.9370127904301406,11.0
2026-07-13T19:20:00+00:00,21174,support,25085.05,down,true,0,25078.1,23.069960702650576,0.7849829351535836,41.91844182548808,10.875714211317277,0.09199245837065238,0.3012575569409557,0.6666666666666666,0.04334641107061388,0.5777795907116218,0.0,0.0,0.9536210435535053,7.638888888888889,2.0,410.0,19.0,1.0,0.0,4.984837273120596,0.733156364555682,-0.028181220386067636,-1.8700165336645225,5.0
2026-07-13T20:55:00+00:00,21193,support,25037.25,down,true,0,25024.1,19.741367132826902,1.024786502811914,34.74604708948766,21.60240077531724,0.07888941913126507,0.6661139480119894,0.9523809523809523,0.05065505308075405,-2.035276274612616,0.0,1.0,1.8235819109071456,17.36111111111111,2.0,610.0,20.0,1.0,0.0,4.0017491933795695,0.8539887523432618,0.6244840069155237,0.6982440258046119,0.0
2026-07-13T21:25:00+00:00,21199,support,25000.35,down,fake,1,24997.1,18.995789322082146,1.035178131301815,31.082280279580417,31.451524819763943,0.07599197235712202,0.17109054774691324,0.8125,0.0,-3.374610795643024,0.0,1.0,1.4213676274358946,72.56944444444444,2.0,682.0,21.0,0.0,0.0,5.053751564216514,1.0486220031369033,1.1676153137318952,2.103044728093919,3.0
2026-07-14T03:15:00+00:00,21218,support,24939.61,down,fake,1,24886.8,24.759306303754595,1.7334669338677355,23.86964479477517,37.41536115667896,0.09948770554572944,2.132925897725616,1.0,0.0,-6.611655770554314,0.0,1.0,4.374112855640719,85.06944444444444,2.0,326.0,3.0,0.0,0.0,2.4233312219616336,0.9034736138944557,0.9912647407570747,1.334178467202044,1.0
2026-07-14T03:15:00+00:00,21218,channel_lower,24962.02,down,fake,1,24886.8,24.759306303754595,1.7334669338677355,23.86964479477517,37.41536115667896,0.09948770554572944,3.038237577642411,1.0,0.0,-6.611655770554314,0.0,1.0,4.374112855640719,85.06944444444444,0.0,96.0,3.0,0.0,1.0,2.4233312219616336,0.9034736138944557,0.9912647407570747,1.334178467202044,0.0
2026-07-14T03:40:00+00:00,21223,support,24851.25,down,fake,1,24847.8,28.93287788466107,1.2659768715763846,23.16554400524315,46.10403472738211,0.11644040069809429,0.11922800727787307,0.6486486486486487,0.2937834263803506,-6.7259512217501225,0.0,1.0,5.851474598375664,92.01388888888889,2.0,832.0,3.0,0.0,0.0,5.920600110465158,1.6189896530736458,1.4090368565116862,1.5557681901974922,1.0
2026-07-14T05:55:00+00:00,21250,support,24851.25,down,true,0,24846.8,22.47572928229939,0.5883726360028018,37.45240500859796,37.26792931098829,0.09045723909034319,0.19797397090498162,0.5,0.13347731512154445,-7.072377647834363,0.0,1.0,1.0678185209723556,25.694444444444443,2.0,859.0,5.0,0.0,0.0,3.6928723850293967,0.7440267725114795,1.3878903743951208,1.9536643166230976,2.0
2026-07-14T06:50:00+00:00,21261,channel_upper,24861.18,up,true,0,24869.8,22.869669918661256,1.1791848244039989,52.78392754028067,33.3734172341896,0.09195759482851192,0.37691914622393724,0.8771929824561403,0.08745207111048134,-5.158546791601432,0.0,0.0,2.3830689377606165,63.19444444444444,0.0,96.0,6.0,0.0,1.0,4.766137875521233,1.0749380500726309,-1.543608171980671,-0.4494343833573604,0.0
2026-07-14T08:50:00+00:00,21285,support,25000.35,down,fake,1,24996.8,17.141195339551142,1.0362694300518136,73.66094353359158,42.625269626714044,0.0685735587737276,0.20710340963258822,0.45454545454545453,0.35003393177346026,1.0261279044006806,1.0,0.0,-0.9334238180625608,81.94444444444444,2.0,768.0,8.0,0.0,0.0,10.016804347583898,1.0852043753598157,-1.8780247773673664,-6.037958477417473,4.0
2026-07-14T09:25:00+00:00,21292,support,24980.61,down,true,0,24954.6,20.656748947119166,1.686131386861314,45.37628331095203,41.777886645324294,0.08277731940050799,1.2589837095488914,0.9743589743589743,0.0,-1.2546545284538912,1.0,1.0,1.7524538877183409,50.69444444444444,3.0,625.0,9.0,0.0,0.0,6.840379401508158,1.2919708029197081,-1.4974946581531705,-2.517831296256946,0.0
2026-07-14T09:45:00+00:00,21296,support,24939.61,down,true,0,24918.6,21.369700298799213,1.5554908243518788,34.66907007926095,34.6304258140442,0.08575802933872374,0.9831567748369668,0.8214285714285714,0.2339761405208362,-2.821659806741396,0.0,1.0,4.07118484506255,72.91666666666666,2.0,404.0,9.0,0.0,0.0,4.445546669895887,1.5050004854840273,-0.8178143689441962,-0.6245426417899882,2.0
2026-07-14T12:15:00+00:00,21326,support,25000.35,down,fake,1,24982.6,32.9782847234555,0.9224367125187839,51.64786704039022,14.656972897373535,0.13200501438383316,0.5382329659909655,0.6,0.48516774399185614,0.13955049694480384,1.0,0.0,-1.0006584719832032,9.375,2.0,809.0,12.0,0.0,0.0,3.426497191942484,0.894694254999422,-0.13430518111832584,-1.3618879696063775,5.0
2026-07-14T12:25:00+00:00,21328,support,24980.61,down,fake,1,24964.6,31.37413325644888,0.6648741139085798,47.97615498337995,13.400062191482968,0.12567448810094645,0.5101817566027625,0.7666666666666667,0.09562017141567909,-0.42548724797106957,0.0,1.0,-0.4462274666065025,6.25,3.0,661.0,12.0,0.0,0.0,3.5060729519082336,0.872647274505011,-0.12899348566861368,-0.8333354052260509,1.0
2026-07-14T13:35:00+00:00,21342,resistance,25032.35,up,true,0,25071.599609375,30.036218202637034,,65.93575289993146,12.949162033129893,0.1198017624348373,1.3067427167497248,0.8865579672517049,0.0892152095154488,2.989103428888931,1.0,1.0,1.5980576865960883,60.06944444444444,2.0,123.0,13.0,1.0,0.0,3.6265982668030423,0.6325301204819277,0.6039602951835699,4.242637623903963,0.0
2026-07-14T13:45:00+00:00,21344,support,25085.05,down,fake,1,25070.349609375,30.113728561840098,,63.20645276924196,15.746034066586041,0.12011690714747408,0.48816242049917197,0.5975271259147111,0.15274127763868445,2.8756538148096653,1.0,0.0,-2.0837542334268533,75.69444444444444,2.0,580.0,13.0,1.0,0.0,4.920980216570909,0.0,-0.7778632641903868,-4.190208102831706,6.0
2026-07-14T13:55:00+00:00,21346,resistance,25102.1,up,fake,1,25105.23046875,29.54470967194376,,68.17095784907144,18.817966799375938,0.11768348316387633,0.1059569982159686,0.5339195979899497,0.13571856584557176,4.033635038545636,1.0,1.0,3.6768162542872806,86.45833333333334,2.0,901.0,13.0,1.0,0.0,5.477450592573537,0.0,0.9742924769148357,5.451522475248629,12.0
2026-07-14T14:30:00+00:00,21353,channel_upper,25134.71,up,fake,1,25143.94921875,34.79160251967053,,70.89096216641427,19.32204370372371,0.13836968177507383,0.26560403796680826,0.35227869416429775,1.7455496255357628,4.333331692210576,1.0,1.0,1.9610627474381166,84.72222222222221,0.0,96.0,14.0,1.0,1.0,4.5913333155518625,0.0,1.1880057172012364,5.742259175568117,0.0
2026-07-14T15:00:00+00:00,21359,resistance,25141.75,up,fake,1,25148.83984375,33.31539919383309,,66.87279825004032,27.547578714185605,0.13247290690473995,0.21280980932422325,0.237780199252802,0.9173099411835044,4.422709927570964,1.0,1.0,0.14679773072943664,83.68055555555556,4.0,758.0,15.0,1.0,0.0,6.5759286336438265,0.0,1.3041693959301577,6.14349606350157,4.0
2026-07-14T15:30:00+00:00,21365,support,25037.25,down,true,0,25023.6,42.586085515351535,20.0,37.32159181745027,29.839985342251197,0.17018368865931174,0.32052722937121964,0.4759825327510893,0.0,0.34651120517993705,0.0,0.0,2.940863012752245,78.81944444444444,2.0,782.0,15.0,1.0,0.0,4.631335948426203,0.0,-0.9554997050526681,-1.818924481584264,1.0
2026-07-14T16:10:00+00:00,21373,resistance,25032.35,up,true,0,25039.6,36.56109375770122,1.7653254687170845,46.37456262587971,31.727764259253252,0.1460130902957764,0.19829822510364206,0.7647058823529411,0.10940591729856114,0.8502594671157893,0.0,1.0,1.230816569608813,99.65277777777779,2.0,154.0,16.0,1.0,0.0,7.039715201238648,1.8692507548627204,-0.2304504004883368,2.3960385331113305,1.0
2026-07-14T16:45:00+00:00,21380,support,25085.05,down,fake,1,25080.6,36.435414149535426,1.4282290917804936,54.828484940152556,24.065093552169568,0.14527329549347076,0.12213392118286395,0.4411764705882353,0.2470124248639769,1.8964295925246286,1.0,0.0,-1.8388702739873837,94.44444444444444,2.0,616.0,16.0,1.0,0.0,6.37018670001752,1.4849428868120456,0.17288280204125883,-3.287269270293575,7.0
2026-07-14T17:25:00+00:00,21388,resistance,25102.1,up,true,0,25117.6,33.492087324527596,1.0069161920260374,60.229931116380044,16.16320792863425,0.133341112703951,0.4627958792120051,0.6666666666666666,0.059715597317678074,2.9730076123355844,1.0,1.0,0.11943119463535615,79.16666666666666,2.0,943.0,17.0,1.0,0.0,6.224149710500047,1.0679414157851912,0.50297187632929,4.336061167841392,13.0
2026-07-14T17:30:00+00:00,21389,resistance,25141.75,up,true,0,25148.6,40.18550965848996,1.2188755020080322,65.32216088108991,17.83607728794044,0.1597922335974566,0.17045945312656624,0.23584905660377223,2.1201672126111903,3.216905931830139,1.0,1.0,1.6174984603254248,79.86111111111111,4.0,788.0,17.0,1.0,0.0,4.287615149447223,1.0749665327978581,0.5179085262064863,4.32297105359606,5.0
2026-07-14T19:25:00+00:00,21412,resistance,25102.1,up,fake,1,25105.6,26.487995165509137,0.7703120607253303,47.0313237352985,17.450845513786568,0.10550632195808561,0.13213533067075842,0.5454545454545454,0.22651770972130014,2.3889516416739554,1.0,1.0,0.07550590324043338,56.59722222222222,2.0,967.0,19.0,1.0,0.0,5.7082462849767905,0.7740605379064754,0.21196784102326427,3.9619338875157992,14.0
2026-07-14T21:20:00+00:00,21435,support,25084.23,down,true,0,25082.6,13.978376358186008,0.6913785922532278,37.02210203477939,16.93179595709553,0.055729375575841456,0.11684714243526269,0.7,0.0715390667968659,1.9718963495572988,0.0,0.0,1.0015469351561226,6.597222222222222,3.0,671.0,21.0,0.0,0.0,3.4338752062495637,0.7802304595307511,0.2079395951492253,-5.470681585556997,8.0
2026-07-15T04:00:00+00:00,21464,support,25084.23,down,fake,1,25061.8,15.931111626345684,1.135135135135135,44.74735006366704,24.39093122051472,0.06356730811971081,1.408146139421895,0.75,0.3452364234837518,0.1596500714601997,0.0,0.0,1.2867903057121657,10.069444444444445,3.0,700.0,4.0,0.0,0.0,3.13851294076138,0.8828828828828829,0.36285054007876216,0.9052433751279593,9.0
2026-07-15T05:30:00+00:00,21482,channel_upper,25088.58,up,fake,1,25090.8,11.6927731880006,0.6129510627780523,59.32974010665916,15.24146107157606,0.04660183488769031,0.1895463594890563,0.6542056074765911,0.31643477047838015,2.5173243123001403,1.0,1.0,0.8979905648709022,11.458333333333332,0.0,96.0,5.0,0.0,1.0,4.1906226360642105,0.6327236777063766,-0.10128116357475124,1.6998088504300233,0.0
2026-07-15T06:10:00+00:00,21490,support,25084.23,down,fake,1,25082.3,9.840551493042875,0.6228373702422145,51.17444089110483,15.354369929608453,0.03923305076903982,0.19646595363123495,0.75,0.203240641687,1.915554639044473,1.0,0.0,1.3210641709655,17.36111111111111,3.0,726.0,6.0,0.0,0.0,5.4874973255490005,0.6920415224913494,-0.42999032310376595,-0.9088177015526079,10.0
2026-07-15T06:50:00+00:00,21498,resistance,25101.45,up,fake,1,25103.3,9.371249927169515,1.3891362422083704,62.90942267006177,13.587078758317928,0.03733074905358864,0.19741229978670705,0.7999999999999339,0.23476057271958958,4.043161284885478,1.0,1.0,2.2408963759589775,1.7361111111111112,4.0,1053.0,6.0,0.0,0.0,4.801920805626381,1.0863757791629565,0.35762916017744684,2.9907006629264448,15.0
2026-07-15T08:10:00+00:00,21514,support,25084.23,down,fake,1,25082.3,14.027915979777184,1.5058823529411764,41.371458653750025,24.48629392586048,0.05592755042311584,0.13782042436845635,0.782608695652174,0.142572852794615,0.8551785513851805,0.0,0.0,1.2118692487542275,5.555555555555555,3.0,750.0,8.0,0.0,0.0,5.788457823461421,2.6980392156862747,-0.3830179074462227,-0.1040368121074984,11.0
2026-07-15T09:35:00+00:00,21531,support,25037.25,down,true,0,25033.1,19.017201496906345,1.0963812253672518,35.89112112294873,16.045555341701856,0.07596822405897131,0.21822348575717426,0.7,0.05258397247158982,-1.902461272534092,0.0,1.0,1.3671832842613354,44.09722222222222,2.0,948.0,9.0,0.0,0.0,6.015606450749952,1.117878896452884,0.6068927991942255,2.20510792110643,2.0
2026-07-15T10:00:00+00:00,21536,support,25000.35,down,true,0,24946.1,24.392786107334093,3.8764208685514423,24.130952442472122,19.78498376041344,0.09778196234014173,2.224018189692929,0.9761904761904762,0.08199145399789601,-4.938308845584503,0.0,1.0,3.8535983379011123,65.625,2.0,1019.0,10.0,0.0,0.0,6.001774432646047,1.2027591567084426,0.8101311413480192,4.77558601531951,6.0
2026-07-15T12:05:00+00:00,21561,resistance,25032.35,up,fake,1,25040.1,27.315115237091295,0.7573149741824441,62.49657063841875,24.96624211510894,0.10908548782589246,0.28372569299931955,1.0,0.0,-0.08496114723243316,1.0,0.0,0.6955855699338156,89.58333333333334,2.0,342.0,12.0,0.0,0.0,7.0290752330154005,0.8052991185521305,0.029267672794970778,1.3408642379687172,2.0
2026-07-15T12:15:00+00:00,21563,support,25037.25,down,true,0,25024.1,25.78191058708382,0.7255936675461742,57.42591642267014,24.241393592200872,0.10302832304492,0.5100475372290415,0.8571428571428571,0.07757376992075819,-0.7034105631825878,1.0,1.0,-0.3878688496037909,86.45833333333334,2.0,980.0,12.0,0.0,0.0,7.912524531917335,0.8157431838170625,-0.20479772166093527,-0.768959167015367,3.0
2026-07-15T12:30:00+00:00,21566,support,25000.35,down,true,0,24996.1,24.519627390606107,0.7337195014920133,49.21549764954235,21.427190309222016,0.09809381219712718,0.17333052955071612,0.7419354838709677,0.12235096203579961,-1.8479251194007975,0.0,1.0,1.1011586583221964,69.09722222222221,2.0,1049.0,12.0,0.0,0.0,7.748894262267308,0.7735065239014686,-0.3293651772015486,0.3540659988740171,7.0
2026-07-15T13:30:00+00:00,21578,channel_upper,25038.03,up,fake,1,25043.240234375,28.541924167273123,,61.04636098766755,16.02190402415568,0.11397057209911576,0.18247434806722093,0.797056311850103,0.276457359838675,0.30322729098869666,1.0,1.0,2.0370117317341374,60.763888888888886,0.0,96.0,13.0,1.0,1.0,3.4335456651646923,1.0745957224830465,-0.32576357547147566,1.478546464369319,0.0
2026-07-15T14:15:00+00:00,21587,resistance,25032.35,up,fake,1,25044.669921875,28.27308760905052,,59.56533053327474,14.61762229914695,0.11289063779736899,0.4357473101401813,0.7203902170926079,0.24088443997251544,0.4383980482178526,1.0,1.0,2.8277498324734576,57.986111111111114,2.0,368.0,14.0,1.0,0.0,3.679501185491324,0.0,0.10926750100086433,1.5431724036342032,3.0
2026-07-15T14:20:00+00:00,21588,support,25037.25,down,fake,1,25019.400390625,29.29864273518977,,53.767537710490316,14.775136605354446,0.11710369664241929,0.6092299065294701,0.5749301324048197,0.22358650908193922,-0.43505628648548633,1.0,1.0,-1.1099330280901276,59.72222222222222,2.0,1005.0,14.0,1.0,0.0,3.5626383683853393,0.0,-0.16461843540357843,-0.6266746715801397,4.0
2026-07-15T16:30:00+00:00,21614,resistance,25032.35,up,fake,1,25050.1,24.290561764006323,2.904967602591793,57.29539060434833,8.675171972666062,0.09696792333765664,0.7307364964404361,0.7906976744186046,0.37051427988529156,0.8185474362088677,1.0,1.0,0.28817777324411564,35.06944444444444,2.0,395.0,16.0,1.0,0.0,2.374588067801244,1.4470842332613392,0.2817796399548937,1.860514494736568,4.0
2026-07-15T16:35:00+00:00,21615,support,25037.25,down,true,0,25019.1,25.612664495148938,2.361904761904762,49.55142312232188,9.293116197951367,0.10237244543228549,0.7086338090064422,0.7009345794392047,0.03904318506922234,-0.4297251386072562,1.0,1.0,0.5075614058998903,32.63888888888889,2.0,1032.0,16.0,1.0,0.0,2.603402630664522,1.73015873015873,-0.2475680148131055,-0.5323190396558795,5.0
2026-07-15T16:40:00+00:00,21616,support,24997.71,down,true,0,24991.1,25.783188459781158,1.6793893129770991,43.79386732666809,8.815404427762637,0.10316948217477886,0.25623830952113935,1.0,0.0,-1.4978086368069963,0.0,1.0,0.5429894763341008,37.5,3.0,1099.0,16.0,1.0,0.0,2.6559972686009177,1.9701926572155581,-0.17240520360349362,0.5541810169052457,8.0
2026-07-15T19:00:00+00:00,21644,support,24997.71,down,true,0,24980.1,24.55283733186542,0.843754708452614,37.5311849354358,10.609486875684722,0.09828958783938183,0.7170918939844414,0.8,0.08145698083554438,-1.9586329505582802,0.0,1.0,1.7513250879642042,41.31944444444444,3.0,1127.0,19.0,1.0,0.0,2.7288088579907366,0.6338205012304756,0.07557782568710641,1.2530724371925743,9.0
2026-07-15T21:35:00+00:00,21675,resistance,25032.35,up,fake,1,25035.1,13.367999543199655,0.689655172413793,61.688231913734384,29.31698217664163,0.053397028744441424,0.2057151476638802,0.75,0.07480550824141098,1.101249694265139,1.0,1.0,0.6732495741726988,50.34722222222222,2.0,456.0,21.0,0.0,0.0,8.303411414796619,0.6209882071951037,0.9051810080254296,2.0588016423064883,5.0
2026-07-15T22:45:00+00:00,21689,support,24997.71,down,fake,1,24989.1,13.35803383617666,1.0362219165520403,39.44644092948075,22.541310044851283,0.05345544191738262,0.6443044485851271,0.6,0.0,-2.2424645468268842,0.0,1.0,2.096116864457215,42.01388888888889,3.0,1172.0,22.0,0.0,0.0,4.042511095738914,1.5130674002751032,0.12860877634391826,1.390890054557412,10.0
2026-07-16T06:55:00+00:00,21736,resistance,25032.35,up,fake,1,25037.8,13.311353048469387,0.8638272345530894,73.33660477106581,31.416277765481315,0.053165026673547146,0.4094249457704376,0.875,0.0,2.556162410520457,1.0,1.0,2.5542106708611043,65.97222222222221,2.0,517.0,6.0,0.0,0.0,8.263622758668278,0.6398720255948811,1.1322738092837485,5.1291317712757465,6.0
2026-07-16T07:00:00+00:00,21737,support,25037.25,down,true,0,25029.3,13.553399259293055,0.7687460617517329,67.25492198618991,32.91377778977933,0.05415013308120106,0.5865687159293055,0.5089820359281215,0.22134668525632142,1.8646237713869052,1.0,0.0,-1.1436245404909942,62.84722222222222,2.0,1154.0,7.0,0.0,0.0,8.411174039740215,0.7141356857802983,-1.1711593805484066,-4.3630266927949855,6.0
2026-07-16T08:20:00+00:00,21753,resistance,25044.38,up,true,0,25055.8,14.61721433374161,0.7869339272457313,70.8593808041452,28.50516464027148,0.05833864547825896,0.7816126752432166,0.5609756097560976,0.5815061478833929,3.423691770660952,1.0,1.0,3.2837994233415135,43.75,4.0,179.0,8.0,0.0,0.0,4.104749279176891,1.3066072754268747,0.561966423860437,5.349538912857867,0.0
2026-07-16T09:30:00+00:00,21767,support,24997.71,down,fake,1,24993.6,20.224143136885832,1.512108682811577,39.55382680139067,20.133339788659814,0.08091728737311085,0.20305634692178232,0.84,0.0988917051497869,-0.7200268315727318,0.0,1.0,1.3844838720970165,40.27777777777778,3.0,1250.0,9.0,0.0,0.0,4.830859796567126,1.289623941720811,-0.25783168547937413,-0.1629402334826935,11.0
2026-07-16T13:30:00+00:00,21815,channel_lower,24793.55,down,fake,1,24743.08984375,35.724526622896,,28.232866327587786,24.163993767529856,0.14438183286118514,1.4125331410317816,0.513521784033967,0.4271509539113095,-6.2751111725567235,0.0,1.0,3.3173331448441052,87.15277777777779,0.0,96.0,13.0,1.0,1.0,3.7509244395171026,1.0085607276618513,0.9844282318124351,5.605929363647509,0.0
2026-07-16T18:05:00+00:00,21870,channel_upper,24841.44,up,true,0,24851.6,25.86680868960168,0.8425779186476492,64.77107109275408,14.387209159226742,0.10408508381593813,0.3929149108051785,0.7,0.038659581551008834,-1.639136335300151,1.0,0.0,2.3195748930605298,61.458333333333336,0.0,96.0,18.0,1.0,1.0,3.9742049834438204,0.8267300581088219,0.13836705211012068,-1.6460101029135934,0.0
