feature,cell,block,lo,hi,D25a,D25b,C26,M26,pass,null_pass_rate,p_emp
rsi_1,0,B,,40.666917163118505,0.014416556965896042,-0.015040123197875451,0.041685844537044506,0.026150900066837384,False,0.0,0.885
rsi_1,1,B,40.666917163118505,47.774338741529114,-0.017345718599752834,0.011306294038322513,-0.0014025911997998441,-0.015506477007460587,False,0.0,0.2
rsi_1,2,B,47.774338741529114,54.084531711384024,-0.011289546316821266,0.009642280416060358,-0.00580229151676098,-0.022025758872272243,False,0.0,0.095
rsi_1,3,B,54.084531711384024,61.08752497130532,0.010553954314466808,-0.013419600964069418,-0.021993026747741878,0.008432267416200855,False,0.0,0.38
rsi_1,4,B,61.08752497130532,,0.0023829129903318353,0.006570723288228911,-0.009923016857217023,-0.00017269447178751645,False,0.0,0.555
rsi_1,0,S,,40.666917163118505,-0.017677846299397663,0.014287949619734156,-0.015950476180211635,-0.019927690380580763,False,0.0,0.24
rsi_1,1,S,40.666917163118505,47.774338741529114,0.009369679489996478,0.0008363264810525472,0.0006250968347465695,0.03198730493637774,False,0.0,0.965
rsi_1,2,S,47.774338741529114,54.084531711384024,-0.0003063733843117701,0.0029830284301605612,0.012766910546492857,0.005969029979421052,False,0.0,0.865
rsi_1,3,S,54.084531711384024,61.08752497130532,0.006650542474820792,-0.0015599340087011247,-0.010999527150895982,-0.006155513653119463,False,0.0,0.355
rsi_1,4,S,61.08752497130532,,0.003138093325042709,-0.016191092929430106,0.013431416221533599,-0.010954243565046788,False,0.0,0.305
d_e20_1,0,B,,-1.0784248744232257,0.013800977232767872,-0.009553809110385739,0.04042031627700424,0.01816216791280653,False,0.0,0.915
d_e20_1,1,B,-1.0784248744232257,-0.26670414441448176,-0.015011062470229345,0.011202423822595746,0.0052200391233668654,-0.004423500802217071,False,0.0,0.415
d_e20_1,2,B,-0.26670414441448176,0.44908073393240305,-0.0074631855506596045,0.003829973344604491,-0.014851192624603746,-0.021971010702049463,False,0.0,0.02
d_e20_1,3,B,0.44908073393240305,1.2396909446020512,0.003142961269446344,-0.013744789619759003,-0.01521356378708149,0.007178058765764615,False,0.0,0.335
d_e20_1,4,B,1.2396909446020512,,0.004511537969738179,0.007978821136727637,-0.01283796985337953,-0.0014613855119103498,False,0.005,0.55
d_e20_1,0,S,,-1.0784248744232257,-0.017342027283365775,0.007882285111294542,-0.020479999530919907,-0.016852240466042622,False,0.0,0.175
d_e20_1,1,S,-1.0784248744232257,-0.26670414441448176,0.0082316950620418,0.0028211127601643787,-0.003864435500705519,0.02338928600305593,False,0.0,0.93
d_e20_1,2,S,-0.26670414441448176,0.44908073393240305,0.0011298353088512983,0.009436534650845466,0.016755372925825573,0.010494092253537172,False,0.0,0.975
d_e20_1,3,S,0.44908073393240305,1.2396909446020512,0.007206722185366049,-0.0005299614254153511,-0.00648444950022664,-0.012528005296532719,False,0.0,0.325
d_e20_1,4,S,1.2396909446020512,,0.001732493329625687,-0.019923920479435052,0.012963285625590617,-0.0028266375438822963,False,0.0,0.325
d_e50_1,0,B,,-1.6800415977397074,0.016263767714735717,-0.01777712934045542,0.04516604379359101,0.04587773017867067,False,0.0,0.895
d_e50_1,1,B,-1.6800415977397074,-0.35016660216232354,-0.0190252186464002,0.010731932750810627,-0.009751207147793619,-0.020237252970508726,False,0.0,0.125
d_e50_1,2,B,-0.35016660216232354,0.8160565395915318,-0.022821497600288905,0.005714336023457582,0.010109181431311036,-0.049585240472754845,False,0.0,0.04
d_e50_1,3,B,0.8160565395915318,2.1406646931933926,0.023166543173272932,-0.013106762402868106,-0.0239564099826244,0.006413315735132996,False,0.0,0.49
d_e50_1,4,B,2.1406646931933926,,0.0012564100085643028,0.013622891466765642,-0.017923026575424373,0.010722084911840056,False,0.005,0.58
d_e50_1,0,S,,-1.6800415977397074,-0.017275108509194587,0.017403075867209572,-0.013443783974509045,-0.02566410085491559,False,0.005,0.35
d_e50_1,1,S,-1.6800415977397074,-0.35016660216232354,0.012028746681386053,0.009369374156854756,0.015791543894315793,0.029783686264726238,False,0.0,0.98
d_e50_1,2,S,-0.35016660216232354,0.8160565395915318,0.008588034957277479,0.005525669763803296,-0.002266327575808167,0.020337287379792818,False,0.0,0.85
d_e50_1,3,S,0.8160565395915318,2.1406646931933926,-0.011888157500645976,-0.007581737433768028,-0.011705421706856746,0.00638015013282639,False,0.0,0.265
d_e50_1,4,S,2.1406646931933926,,0.009431315700168362,-0.024192940080742534,0.011921531195420543,-0.02779069774867558,False,0.0,0.2
d_e200_1,0,B,,-3.2043738182613133,0.034936161467011735,-0.004767699514270181,0.04318978782180612,0.02429800064262253,False,0.0,0.755
d_e200_1,1,B,-3.2043738182613133,-0.5137706275114376,-0.008616401177332254,-0.025584782799418445,0.014278926444601481,-0.057151224109928726,False,0.005,0.095
d_e200_1,2,B,-0.5137706275114376,1.986127143390216,-0.015453425118721364,-0.02517994884643649,-0.03534838148832758,-0.03967370904574592,False,0.0,0.015
d_e200_1,3,B,1.986127143390216,4.864093936759078,0.00919729593634355,0.014046522128549307,0.02136182810969885,0.030254443181541,False,0.0,0.855
d_e200_1,4,B,4.864093936759078,,-0.021025427261418227,0.040012674769365895,-0.035092297441638345,0.04213831940783971,False,0.02,0.65
d_e200_1,0,S,,-3.2043738182613133,-0.01958567537704937,-0.0016508027946267468,0.032804622046223995,0.010541965674196439,False,0.02,0.65
d_e200_1,1,S,-3.2043738182613133,-0.5137706275114376,-0.009031257520748947,0.04550592455568454,-0.010397391339015856,0.03721990420091619,False,0.0,0.86
d_e200_1,2,S,-0.5137706275114376,1.986127143390216,0.024859842224982817,0.04078934505071042,0.035274064318950436,0.015023137517652475,False,0.0,0.995
d_e200_1,3,S,1.986127143390216,4.864093936759078,-0.00878709319711417,-0.010929551495068867,-0.0655981832141132,-0.04524784049314715,False,0.01,0.04
d_e200_1,4,S,4.864093936759078,,0.012294010744982093,-0.07108154411707629,0.010337961820731512,-0.022006702573296157,False,0.03,0.17
slope50_1,0,B,,-0.3293952359023219,0.022822082206616346,-0.022101464288177285,0.04528494267273503,0.04817896745113783,False,0.0,0.885
slope50_1,1,B,-0.3293952359023219,-0.0674505323694443,-0.026778092017906964,0.01664312438728414,-0.01578355666855806,-0.03224061969193701,False,0.0,0.07
slope50_1,2,B,-0.0674505323694443,0.16157384347381915,-0.015026230155725873,0.005182849951626431,0.011611383985252447,-0.03898691631885966,False,0.0,0.19
slope50_1,3,B,0.16157384347381915,0.4267222581174734,0.0151382824422294,-0.01677353013912262,-0.01907023913832172,-0.0009855320190753645,False,0.01,0.35
slope50_1,4,B,0.4267222581174734,,0.0022648456639802997,0.01587712199338454,-0.018618529882495644,0.016203670059040873,False,0.0,0.63
slope50_1,0,S,,-0.3293952359023219,-0.02114699140501828,0.02259271659155893,-0.010482024809186788,-0.022669228242796893,False,0.005,0.395
slope50_1,1,S,-0.3293952359023219,-0.0674505323694443,0.018355032725675974,0.00855388063046545,0.02216812766519984,0.03175923772155959,False,0.0,0.985
slope50_1,2,S,-0.0674505323694443,0.16157384347381915,0.002211166251020906,-0.0064419518529265,-0.020956066177690403,0.020661074607618467,False,0.0,0.395
slope50_1,3,S,0.16157384347381915,0.4267222581174734,-0.007030046864590045,0.004106324596754132,-0.0005784661630464134,0.006308248972635004,False,0.0,0.47
slope50_1,4,S,0.4267222581174734,,0.008719978981116589,-0.027737165707339848,0.009577124594879912,-0.03314913472557066,False,0.0,0.16
ret3_1,0,B,,-0.9155041954891853,0.006407661098316367,0.0027090835088412614,0.020325079223087756,0.01337564216793643,False,0.0,0.99
ret3_1,1,B,-0.9155041954891853,-0.24788104720423684,-0.013850258322945256,0.0007020372586760377,0.007830712549597853,-0.010195538222778742,False,0.0,0.14
ret3_1,2,B,-0.24788104720423684,0.3053618668740544,0.0048306103068667,0.0038013986518449874,-0.00928737923408813,8.06311349951437e-05,False,0.0,0.505
ret3_1,3,B,0.3053618668740544,0.9463443136990795,-0.006561928750465058,-0.0065509019117214766,-0.0036552430421296052,-0.005529724051510142,False,0.0,0.085
ret3_1,4,B,0.9463443136990795,,0.008984211037154329,-0.0005679128753968145,-0.014953557467414266,0.0019878760881856116,False,0.0,0.505
ret3_1,0,S,,-0.9155041954891853,-0.007485243891706937,-0.0017929492326844547,-0.0066098981421101955,-0.006961515866658198,False,0.0,0.155
ret3_1,1,S,-0.9155041954891853,-0.24788104720423684,0.009676164557181118,0.006081521124858827,-0.008028423914723883,-0.004780499386009504,False,0.0,0.6
ret3_1,2,S,-0.24788104720423684,0.3053618668740544,-0.0028934409928892185,-0.0005895230290512619,-0.0025972238491381986,0.003019700327339115,False,0.0,0.455
ret3_1,3,S,0.3053618668740544,0.9463443136990795,0.0020150762760201934,0.004132360993214769,0.00909261897293098,0.00892776292214989,False,0.0,0.895
ret3_1,4,S,0.9463443136990795,,-0.0012155878669944773,-0.007930186388382969,0.008484117713857414,0.0005229367179078818,False,0.0,0.42
ret12_1,0,B,,-1.8112844350565651,0.015965307612684405,-0.008739360728498183,0.030926977181887114,0.008105402566154322,False,0.0,0.865
ret12_1,1,B,-1.8112844350565651,-0.479076562027058,-0.006794595116628233,0.010816126959529633,0.017319460362847726,-0.00042966774940661956,False,0.0,0.825
ret12_1,2,B,-0.479076562027058,0.6622346302783838,-0.01610868996750697,-0.00741872647950956,-0.017698453998706964,-0.006651880172250853,False,0.0,0.005
ret12_1,3,B,0.6622346302783838,1.9991951438633802,-0.007931979635352476,-0.007196671661194108,-0.020532076426954402,-0.007658611333920681,False,0.0,0.045
ret12_1,4,B,1.9991951438633802,,0.013421202375561934,0.012723009677251762,-0.009228232306214218,0.005840309276492392,False,0.0,0.815
ret12_1,0,S,,-1.8112844350565651,-0.016261168635537105,0.003952106468128811,-0.009454472442351152,-0.011713039672974502,False,0.0,0.215
ret12_1,1,S,-1.8112844350565651,-0.479076562027058,0.0072885500599189235,0.0043497742042633925,-0.019527119533569726,0.01804535558389451,False,0.0,0.725
ret12_1,2,S,-0.479076562027058,0.6622346302783838,0.012443916985055698,0.010445512652979076,0.003107207636940406,0.00363725040271609,False,0.0,0.925
ret12_1,3,S,0.6622346302783838,1.9991951438633802,0.003193218392464227,0.0026060702892590814,0.013758248925641047,-0.0006765722159037978,False,0.0,0.77
ret12_1,4,S,1.9991951438633802,,-0.005500943925872552,-0.022045251603042295,0.012108084241360501,-0.008437770935793041,False,0.0,0.175
pos20_1,0,B,,0.20129675810473924,0.018817605408369232,-0.0020263046635439204,0.024213098423760078,-0.0006765659495288485,False,0.0,0.765
pos20_1,1,B,0.20129675810473924,0.4212887483450292,-0.01480940729169271,0.007642657455578604,0.03059746046270163,-0.00407720621065562,False,0.0,0.79
pos20_1,2,B,0.4212887483450292,0.6558207323738382,0.005753524189359263,-0.0053130939717713314,-0.006494536070032144,-0.009392779342024957,False,0.0,0.22
pos20_1,3,B,0.6558207323738382,0.8556904940860949,-0.006769698482859883,-0.0022587361330489975,-0.015542070318320493,0.004875915144103413,False,0.0,0.26
pos20_1,4,B,0.8556904940860949,,-0.003466887664118412,0.001950487416226285,-0.0354204648407361,0.009207347553739522,False,0.0,0.3
pos20_1,0,S,,0.20129675810473924,-0.02026173848208322,0.00323771956850606,-0.01513766573172371,-0.0010771904507859062,False,0.0,0.23
pos20_1,1,S,0.20129675810473924,0.4212887483450292,0.00683661158110186,0.0007259526814077444,-0.02401390899690305,0.010734212103171088,False,0.0,0.44
pos20_1,2,S,0.4212887483450292,0.6558207323738382,-0.0036060920004064795,0.01615138996367116,-0.001562689647578774,0.011518865543981198,False,0.0,0.885
pos20_1,3,S,0.6558207323738382,0.8556904940860949,0.011843599079732389,-0.006648136086063016,0.016439124749127572,-0.0034414562725665018,False,0.0,0.71
pos20_1,4,S,0.8556904940860949,,0.005708466396845665,-0.013571374368652685,0.026337738567725134,-0.017421193938185347,False,0.0,0.38
body_1,0,B,,-0.5619410311123819,0.00510191207531946,0.0012445032580518313,0.01610910454460123,-0.0014245552212849527,False,0.0,0.9
body_1,1,B,-0.5619410311123819,-0.19118163618872402,-0.006141986683053913,0.0031065162044877793,-0.004994578561924694,0.0032284375790921182,False,0.0,0.41
body_1,2,B,-0.19118163618872402,0.21953501847634224,7.870561118350783e-06,-0.003186239546969945,-0.011185152835684496,0.00047880884486511423,False,0.0,0.125
body_1,3,B,0.21953501847634224,0.579243053791438,-0.008307523490847787,0.0001691500692601109,0.0011911618427440452,-0.0020433252201475564,False,0.0,0.235
body_1,4,B,0.579243053791438,,0.009522308449496886,-0.0012805094094397488,-0.0013407796999161399,-0.0002327037287168327,False,0.0,0.805
body_1,0,S,,-0.5619410311123819,-0.007699547257557843,-0.0024098542877048286,-0.014371320278831678,-0.001053138912779517,False,0.0,0.065
body_1,1,S,-0.5619410311123819,-0.19118163618872402,0.003817507926376516,0.0030322647135613934,0.009054424507833829,0.0035046240354414176,False,0.0,0.89
body_1,2,S,-0.19118163618872402,0.21953501847634224,0.0037650638741149956,0.007052100227330056,0.007182742720590146,-0.0016400013058468928,False,0.0,0.905
body_1,3,S,0.21953501847634224,0.579243053791438,0.004862782883323876,0.0006619170055997916,0.005352420950613735,-0.009820847836979745,False,0.0,0.59
body_1,4,S,0.579243053791438,,-0.00491109126114417,-0.008155197801614595,-0.007262032908241657,0.008626172677446933,False,0.0,0.115
atr_ratio_1,0,B,,0.8315048703882248,-0.009432719499071245,0.024323163310766543,-0.049181413606571904,0.0268210395435262,False,0.005,0.465
atr_ratio_1,1,B,0.8315048703882248,0.9397580436303373,-0.009857340632686389,-0.0357610691231527,0.01792550412533035,-0.03611363443389529,False,0.005,0.08
atr_ratio_1,2,B,0.9397580436303373,1.0577185441181325,-0.029808630944957143,0.011141814741597788,0.05996804145861478,0.0011852578641510683,False,0.005,0.83
atr_ratio_1,3,B,1.0577185441181325,1.2476721461373264,0.018146759484053938,0.010854706528853262,0.0017725384517561396,-0.0017560824872863855,False,0.0,0.76
atr_ratio_1,4,B,1.2476721461373264,,0.02877705493738509,-0.01220672126337761,-0.02444577865686487,0.00632709016952052,False,0.0,0.535
atr_ratio_1,0,S,,0.8315048703882248,-0.0022419253483263795,-0.03191900399423478,0.033218960209134014,-0.019497581602802704,False,0.01,0.39
atr_ratio_1,1,S,0.8315048703882248,0.9397580436303373,0.0050621417173779965,0.025650451425923943,-0.008289426851964392,0.019447242426115778,False,0.0,0.84
atr_ratio_1,2,S,0.9397580436303373,1.0577185441181325,0.03862770980520619,0.003529033686456801,-0.043922273337906985,0.007161662642386429,False,0.0,0.545
atr_ratio_1,3,S,1.0577185441181325,1.2476721461373264,-0.01693530679421057,-0.018474287032319136,-0.007796791626643099,0.013853360035226126,False,0.0,0.265
atr_ratio_1,4,S,1.2476721461373264,,-0.023602996628095108,0.02436465217753954,0.023117876090667854,-0.020270363118271875,False,0.0,0.515
vol_ratio_1,0,B,,0.8739955264683954,-0.008432693359400502,0.009323855105817897,-0.051549601700725575,-0.013642806312200445,False,0.0,0.205
vol_ratio_1,1,B,0.8739955264683954,0.9556188550951025,-0.01224690381255182,0.010840186469783556,-0.0004511308597343701,-0.009313514175551285,False,0.0,0.52
vol_ratio_1,2,B,0.9556188550951025,1.0270719544051294,0.0016024506641179382,-0.015249995747163602,0.014187248654112994,0.0005367726159106461,False,0.0,0.33
vol_ratio_1,3,B,1.0270719544051294,1.1631827376938637,0.002455932588642221,-0.004598666438838853,0.015642144877033238,0.013549590151871193,False,0.0,0.73
vol_ratio_1,4,B,1.1631827376938637,,0.01619272733873712,-0.0016381841470346685,-0.0154278317602622,-0.0006532920972554215,False,0.015,0.625
vol_ratio_1,0,S,,0.8739955264683954,0.006901591416824638,-0.004413182532237291,0.03167247051588925,0.008174564335048073,False,0.005,0.65
vol_ratio_1,1,S,0.8739955264683954,0.9556188550951025,-0.0018743241265389476,-0.013022558940053277,-0.001730740979455568,0.012647689227798407,False,0.0,0.375
vol_ratio_1,2,S,0.9556188550951025,1.0270719544051294,0.000536589803483713,0.011706187288944377,-0.0021098707843707682,-0.008476454498554456,False,0.01,0.68
vol_ratio_1,3,S,1.0270719544051294,1.1631827376938637,0.0048538802268223566,0.0022856089009513528,-0.01339456356473439,0.003014069013745895,False,0.0,0.565
vol_ratio_1,4,S,1.1631827376938637,,-0.010315204947467441,0.003956130845043376,0.0008280721148235201,-0.011490595406042893,False,0.0,0.27
eff12_1,0,B,,0.09629140530424722,-0.008102531145606114,-0.004169857994072805,-0.014546940319674401,-0.00651707817082245,False,0.0,0.035
eff12_1,1,B,0.09629140530424722,0.19804038615927785,-0.008698709149134672,0.0004187143227678923,-0.00884669629553365,-0.0029667724264405863,False,0.0,0.175
eff12_1,2,B,0.19804038615927785,0.3161577247747397,0.0001176979788109724,-0.005420269509948571,0.01589166102998203,-0.0025938075341889796,False,0.0,0.735
eff12_1,3,B,0.3161577247747397,0.47215382309492493,0.009543070075363185,0.011939766563925031,0.003272432623279528,0.010626295589555782,False,0.0,0.98
eff12_1,4,B,0.47215382309492493,,0.006183237162669524,-0.0025168401853849815,0.003731589960621526,0.0008064602305424329,False,0.0,0.65
eff12_1,0,S,,0.09629140530424722,0.005047582076441328,0.003744739913653944,0.003606887296775409,0.005075996629122791,False,0.0,0.81
eff12_1,1,S,0.09629140530424722,0.19804038615927785,0.00807314792895154,0.008753194900085666,-0.005310974956496056,0.008275211429571503,False,0.0,0.87
eff12_1,2,S,0.19804038615927785,0.3161577247747397,-0.0021993548084861714,0.005909059803621203,-0.018782450084475735,0.002546719637827252,False,0.0,0.215
eff12_1,3,S,0.3161577247747397,0.47215382309492493,-0.00646034226764332,-0.01653838570458243,-0.00319725868301464,-0.001806612539657348,False,0.0,0.07
eff12_1,4,S,0.47215382309492493,,-0.003789808394291358,-0.002615219862556367,0.024992261995083614,-0.013711966912476278,False,0.0,0.515
bbw_1,0,B,,0.7052484037197506,-0.03129537601318958,0.003324654186140593,-0.026604211825254923,-0.0023249204971639284,False,0.0,0.11
bbw_1,1,B,0.7052484037197506,0.9493302981826164,-0.009429548933555536,-0.002965827274888054,0.027935551604736382,-0.015129912867195559,False,0.0,0.52
bbw_1,2,B,0.9493302981826164,1.2394889444333634,-0.00011007090774124428,-0.00847849272538469,-0.027202240708774576,0.03969639757656557,False,0.0,0.605
bbw_1,3,B,1.2394889444333634,1.8104393750407157,0.011631608950516839,-0.013325670304495687,0.0162696368344878,0.01287865605721738,False,0.0,0.72
bbw_1,4,B,1.8104393750407157,,0.026024226985065065,0.02008063287593354,0.014541452277191022,-0.0442871132681606,False,0.0,0.59
bbw_1,0,S,,0.7052484037197506,0.029952182437872982,-0.014547628085139354,0.012245054810964818,0.009392370021180423,False,0.0,0.845
bbw_1,1,S,0.7052484037197506,0.9493302981826164,0.0032081236282549153,0.0038504159341190302,-0.043984411352098934,0.004814154662496042,False,0.0,0.175
bbw_1,2,S,0.9493302981826164,1.2394889444333634,-0.005178227001682255,0.017589164587059447,0.016015880267347134,-0.024394969231605772,False,0.0,0.495
bbw_1,3,S,1.2394889444333634,1.8104393750407157,-0.012456791647987983,0.0019182374454545582,0.00775575912075629,-0.018409562316879874,False,0.0,0.31
bbw_1,4,S,1.8104393750407157,,-0.012095139065971181,-0.0063948415105516,0.009380284480707789,0.03298473983161043,False,0.0,0.61
streak_1,0,B,,-2.0,-0.004722797220209415,-0.009408315689433733,0.003679042926527776,0.025380479723603112,False,0.0,0.65
streak_1,1,B,-2.0,-1.0,-0.006851699719814189,0.004475991247405437,-0.0007847002669734606,0.004220932037218269,False,0.0,0.49
streak_1,2,B,-1.0,1.0,-0.0015324637335191779,0.0016202839988647174,0.0034317840205283787,-0.008497438713879929,False,0.0,0.235
streak_1,3,B,1.0,2.0,-0.0005494886915271821,-0.003338679023088476,0.005485804662923879,-0.0010347035142385175,False,0.0,0.545
streak_1,4,B,2.0,,0.0074833553785023325,0.003758063178901321,-0.010475238581850873,-0.0040518197196582765,False,0.0,0.5
streak_1,0,S,,-2.0,0.006663046595426248,0.00800711004614878,0.010978801002283465,-0.017170953005568673,False,0.0,0.64
streak_1,1,S,-2.0,-1.0,0.0021437064658733434,0.002481137662199663,-0.0010056904468685463,0.003534771616421521,False,0.0,0.735
streak_1,2,S,-1.0,1.0,-6.166487607012162e-05,0.0016994511815103227,-0.006651647189104532,0.006763903905726586,False,0.0,0.69
streak_1,3,S,1.0,2.0,-0.0020670645684776404,0.002577126145760978,-0.007913939147548807,0.003472359180064115,False,0.0,0.315
streak_1,4,S,2.0,,-0.0020448989186377304,-0.009051107825603985,0.010450418000161697,-0.004471772944359392,False,0.0,0.31
rsi_5,0,B,,40.791857480315116,0.026174972992783783,-0.010792697036159328,0.038585607414634786,0.025973216016618922,False,0.015,0.73
rsi_5,1,B,40.791857480315116,48.40777502882771,-0.004026775108831522,-0.01493595469958816,0.017514305395219303,-0.029766471129308282,False,0.0,0.25
rsi_5,2,B,48.40777502882771,55.04508874616848,-0.034509686987533324,-0.00888654299975837,-0.03138021330171043,-0.03215089946516257,False,0.005,0.025
rsi_5,3,B,55.04508874616848,62.24200004658147,0.02860679458937606,0.005157240601705766,0.02246158348867708,-0.018285577466413534,False,0.005,0.755
rsi_5,4,B,62.24200004658147,,-0.014996713903487714,0.029042264103053314,-0.041576685479253334,0.0686867521432866,False,0.015,0.7
rsi_5,0,S,,40.791857480315116,-0.0024418420016260444,0.011574742734078429,0.02180682054931937,0.00019954695145543364,False,0.015,0.68
rsi_5,1,S,40.791857480315116,48.40777502882771,-0.015772384751549337,0.03875679647756641,-0.007634113662422842,0.019726660175305204,False,0.0,0.77
rsi_5,2,S,48.40777502882771,55.04508874616848,0.024068875595639912,0.010413153125598476,0.015748394793484385,0.03257955759426145,False,0.0,0.96
rsi_5,3,S,55.04508874616848,62.24200004658147,-0.008049987810517766,-0.012320223074227105,-0.037434301938636005,-0.015778828504487193,False,0.0,0.11
rsi_5,4,S,62.24200004658147,,0.0017026148559693176,-0.04781019972493876,0.010534478921934789,-0.048103374810214025,False,0.005,0.11
d_e20_5,0,B,,-1.0196229542217132,0.024107217698471687,-0.007371233200172803,0.04812394819114244,0.039785460417225145,False,0.015,0.855
d_e20_5,1,B,-1.0196229542217132,-0.17654357942465476,-0.011156691147898514,-0.008556098721478876,0.007011397348079171,-0.03706758738127031,False,0.0,0.145
d_e20_5,2,B,-0.17654357942465476,0.5286329324250238,-0.03606500794702292,-0.016011187726946673,-0.0164473709717715,-0.027002852338921995,False,0.0,0.015
d_e20_5,3,B,0.5286329324250238,1.2971453688937453,0.03902185485022797,-0.0018931113235548499,-0.002389566066863139,-0.016848870677090177,False,0.0,0.685
d_e20_5,4,B,1.2971453688937453,,-0.015410886342251911,0.034108063231410156,-0.030767653970791238,0.048183653541612456,False,0.015,0.715
d_e20_5,0,S,,-1.0196229542217132,-0.003675115133119605,0.011893945318329841,0.009435633448306271,-0.01790097439515334,False,0.01,0.59
d_e20_5,1,S,-1.0196229542217132,-0.17654357942465476,-0.012316109527899853,0.03627678209519559,0.0013800394357292559,0.03571634526697465,False,0.0,0.915
d_e20_5,2,S,-0.17654357942465476,0.5286329324250238,0.026870575848681636,0.010593839828465571,-0.001893245633147782,0.023215052717256417,False,0.0,0.895
d_e20_5,3,S,0.5286329324250238,1.2971453688937453,-0.02390654624264107,-0.009949321847374659,-0.018149486530409133,-0.0014688348122079812,False,0.0,0.14
d_e20_5,4,S,1.2971453688937453,,0.012839235410603814,-0.048649887479841496,0.011120305476470693,-0.04812741390206235,False,0.005,0.125
d_e50_5,0,B,,-1.608414812413623,0.0345609554316708,-0.0022194170323103063,0.05905955312162917,0.00032595583776315996,False,0.005,0.765
d_e50_5,1,B,-1.608414812413623,-0.24507914580827622,-0.014793781794541876,-0.02156905406495403,-0.006749623053802064,-0.05457224277293397,False,0.0,0.055
d_e50_5,2,B,-0.24507914580827622,0.9567513819263778,-0.008937569667709668,-0.039084647203601844,-0.04123042480651852,-0.03405682196649404,False,0.0,0.025
d_e50_5,3,B,0.9567513819263778,2.3159588754696623,-0.0017327592998160409,0.02518562343574678,0.0572904057095679,0.03195124166264182,False,0.01,0.94
d_e50_5,4,B,2.3159588754696623,,-0.010220892891816035,0.035839308850014434,-0.050816562890552586,0.06773791898619623,False,0.015,0.715
d_e50_5,0,S,,-1.608414812413623,-0.020387934762862853,0.002420360060805369,0.017533635812090068,0.028345568567414683,False,0.02,0.645
d_e50_5,1,S,-1.608414812413623,-0.24507914580827622,0.004078066202009139,0.03622728964838073,0.01375332063279106,0.03853172279229447,False,0.0,0.93
d_e50_5,2,S,-0.24507914580827622,0.9567513819263778,0.01680928183284033,0.04174343225027058,0.023086000402584236,0.00860771473375772,False,0.005,0.94
d_e50_5,3,S,0.9567513819263778,2.3159588754696623,-0.0015085599950462006,-0.012529439664795352,-0.06884776659469964,-0.049399032947226515,False,0.01,0.055
d_e50_5,4,S,2.3159588754696623,,0.0010456394010023731,-0.06488727380346673,0.012334885055243069,-0.033939313289426246,False,0.04,0.145
d_e200_5,0,B,,-2.810042589673856,0.025710503875559447,-0.012357859715084674,0.029941981045251607,-0.024976476340108397,False,0.025,0.535
d_e200_5,1,B,-2.810042589673856,-0.1442446144770271,-0.004513508923045321,-0.02062409731659906,0.1227542241477951,-0.10542621849733941,False,0.02,0.465
d_e200_5,2,B,-0.1442446144770271,2.2429678612908313,-0.021524224962389805,0.0013671539030554406,-0.010561004055280097,-0.015624536320058403,False,0.02,0.32
d_e200_5,3,B,2.2429678612908313,5.259296550576538,-0.02436598768703205,0.018898467817255557,-0.12416605012905126,0.07928534398654047,False,0.035,0.385
d_e200_5,4,B,5.259296550576538,,0.023478892954987618,0.013199558234054647,-0.000140346266340786,0.086628026073964,False,0.02,0.865
d_e200_5,0,S,,-2.810042589673856,-0.03573661948155443,0.019318406701171714,0.024980816297641237,0.01803495435452419,False,0.05,0.635
d_e200_5,1,S,-2.810042589673856,-0.1442446144770271,0.02007579768951225,0.020666378134020648,-0.10016720722203093,0.1048125368268056,False,0.015,0.63
d_e200_5,2,S,-0.1442446144770271,2.2429678612908313,0.006062821830753273,0.026024995163709087,0.0392782430273982,0.006773949473435278,False,0.01,0.79
d_e200_5,3,S,2.2429678612908313,5.259296550576538,0.008449575797972316,-0.04666454829403172,0.06506905857928358,-0.11030414440103002,False,0.03,0.255
d_e200_5,4,S,5.259296550576538,,0.004233679719933615,-0.019436376063797858,-0.03436038968194723,-0.040290147340808574,False,0.005,0.21
slope50_5,0,B,,-0.31088375233046467,0.044217767763860535,-0.006104447940577228,0.03805907843993309,7.431006999447374e-05,False,0.005,0.745
slope50_5,1,B,-0.31088375233046467,-0.04875142209238213,-0.006311450552104831,-0.010512534286349403,0.0023331459853967395,-0.06041938876218388,False,0.0,0.11
slope50_5,2,B,-0.04875142209238213,0.1902160944631542,-0.0358354238082691,-0.04253803487727236,-0.04265283811150055,-0.017679877561068393,True,0.0,0.04
slope50_5,3,B,0.1902160944631542,0.4584024662353843,0.021274301204399767,0.02652993598742243,0.06677248993863551,0.01968685649773175,False,0.01,0.96
slope50_5,4,B,0.4584024662353843,,-0.023676964153422037,0.03028249003400188,-0.05049760168097749,0.06915704898164099,False,0.025,0.62
slope50_5,0,S,,-0.31088375233046467,-0.03268475059714608,-0.0011941577667256903,0.042307479309579135,0.03898838135902808,False,0.025,0.735
slope50_5,1,S,-0.31088375233046467,-0.04875142209238213,0.0023722408806462775,0.03191638391531845,0.00870198193871156,0.02720832737963734,False,0.0,0.83
slope50_5,2,S,-0.04875142209238213,0.1902160944631542,0.04271155457520797,0.047826621490328604,0.016803634264151966,-0.001534933445108644,False,0.01,0.935
slope50_5,3,S,0.1902160944631542,0.4584024662353843,-0.02359743795015915,-0.017126808484828563,-0.07307868331758809,-0.033076597267748684,False,0.02,0.035
slope50_5,4,S,0.4584024662353843,,0.010479324140597717,-0.05813267985600606,0.008147288728609575,-0.04112667165864954,False,0.03,0.155
ret3_5,0,B,,-0.8950707003830735,0.0011165583143226347,-0.002843540658774057,0.0461438580371434,-0.00034877998586668854,False,0.0,0.805
ret3_5,1,B,-0.8950707003830735,-0.22831567615023535,0.025110550705954363,-0.003720552384603348,0.00048276008061546113,0.00455129570499486,False,0.0,0.78
ret3_5,2,B,-0.22831567615023535,0.3157085567904716,-0.020249153145839673,0.008698678912163652,-0.018142536112495108,-0.0018736316187907738,False,0.0,0.14
ret3_5,3,B,0.3157085567904716,0.9667197460726162,-0.02721923665105323,-0.017027662667612294,-0.03205411307516437,0.008104413119547228,False,0.0,0.025
ret3_5,4,B,0.9667197460726162,,0.019822631772835074,0.01565786603136197,0.008283539115625954,-0.011371386937380882,False,0.0,0.86
ret3_5,0,S,,-0.8950707003830735,-0.00043499021663875745,0.0029982423914106256,-0.02809586119101903,-0.011398370749218938,False,0.0,0.22
ret3_5,1,S,-0.8950707003830735,-0.22831567615023535,-0.02681360635123927,0.009800246607829423,0.0001577852523681039,0.016558102330055394,False,0.0,0.535
ret3_5,2,S,-0.22831567615023535,0.3157085567904716,0.019635970532930317,-0.005380186030378136,0.00515526574197563,0.020004058061356023,False,0.0,0.91
ret3_5,3,S,0.3157085567904716,0.9667197460726162,0.016782354899168208,0.00792464040445695,0.023467848882760912,-0.02815853054289135,False,0.0,0.715
ret3_5,4,S,0.9667197460726162,,-0.008303990962445395,-0.016400849120961816,-0.0034033322853191566,0.003237240849434288,False,0.0,0.195
ret12_5,0,B,,-1.7178474991101456,0.020198652008954193,-0.01809168077739688,0.0015995741153807432,0.07394865802095475,False,0.01,0.76
ret12_5,1,B,-1.7178474991101456,-0.3657543877611276,-0.011585632718049521,0.0031531102778233435,0.03230077812193475,-0.05641719189460754,False,0.0,0.22
ret12_5,2,B,-0.3657543877611276,0.7735857825570575,-0.019827016947136303,0.0022811224613131717,0.01946241294658029,-0.020727566232619895,False,0.005,0.315
ret12_5,3,B,0.7735857825570575,2.070655239706828,0.012867613761343821,-0.0012160286031769082,-0.0287147175167144,-0.01250508899916894,False,0.01,0.365
ret12_5,4,B,2.070655239706828,,-0.003068171308788006,0.013884099634033793,-0.024232318740339348,0.015929289781872323,False,0.01,0.5
ret12_5,0,S,,-1.7178474991101456,-0.000863299632232705,0.014967044892632057,0.033962847586572475,-0.04641531744381007,False,0.01,0.585
ret12_5,1,S,-1.7178474991101456,-0.3657543877611276,-0.002915431935872409,0.02544763875511166,-0.021826463620102876,0.040828948330140065,False,0.005,0.87
ret12_5,2,S,-0.3657543877611276,0.7735857825570575,0.0026434149546921675,0.004387288500991762,-0.04394245391465262,0.03794505939684669,False,0.0,0.545
ret12_5,3,S,0.7735857825570575,2.070655239706828,-0.014575226926301406,-0.006236488728817417,0.018522877025887688,-0.0009758806257161811,False,0.0,0.44
ret12_5,4,S,2.070655239706828,,0.015438826651749312,-0.0393858954584622,0.016128533781324433,-0.03351498914453988,False,0.0,0.215
pos20_5,0,B,,0.2329222344433731,0.022621658868629945,-0.009936313565445096,0.06527230614665627,0.06291983613507193,False,0.01,0.95
pos20_5,1,B,0.2329222344433731,0.4607031224825288,-0.018975437990856252,0.001585276116230974,-0.005562776839483985,-0.013713472487519416,False,0.0,0.24
pos20_5,2,B,0.4607031224825288,0.6848389220887131,-0.012934534881290196,-0.019068887142129853,-0.02319039537385805,-0.06653826695576806,False,0.0,0.0
pos20_5,3,B,0.6848389220887131,0.8638660599256738,0.032734456722023034,0.009480809577513013,-0.0022773422714923754,-0.017300502363834073,False,0.0,0.69
pos20_5,4,B,0.8638660599256738,,-0.02449161138305245,0.017129796147840673,-0.031818562440140336,0.026721301360629193,False,0.005,0.455
pos20_5,0,S,,0.2329222344433731,-0.020968364868840964,0.011794745147878564,-0.029440658343224013,-0.03787746325299302,False,0.01,0.25
pos20_5,1,S,0.2329222344433731,0.4607031224825288,0.013826542259386704,0.018826513664086723,0.01394160290249192,0.014098506956447389,False,0.01,0.89
pos20_5,2,S,0.4607031224825288,0.6848389220887131,0.014452131642420174,0.026993063328485604,0.008804902588115062,0.0487065504661742,False,0.0,0.99
pos20_5,3,S,0.6848389220887131,0.8638660599256738,-0.03459284348822634,-0.030073659273625243,-0.010394279855350162,0.007775917291673665,False,0.0,0.09
pos20_5,4,S,0.8638660599256738,,0.02823668960837231,-0.026270903958439833,0.01681409749817212,-0.029266747175203094,False,0.0,0.365
body_5,0,B,,-0.527649496743669,0.012138957632507151,0.006802072329049366,0.04414191864417947,0.0024471968589461165,False,0.0,0.995
body_5,1,B,-0.527649496743669,-0.173329605815606,-0.016128638890816425,0.010420832829232039,-0.01090702823787383,0.014500839842570189,False,0.0,0.455
body_5,2,B,-0.173329605815606,0.21815321180558203,0.007151215713834408,-0.01949169891643514,-0.01656303059445895,-0.03829444869079908,False,0.0,0.0
body_5,3,B,0.21815321180558203,0.5657882655403981,-0.0021845403179580024,-0.00513403586549911,-0.009807919513135706,0.009904001087246211,False,0.0,0.425
body_5,4,B,0.5657882655403981,,-0.0019006888123549344,0.00819627608301805,-0.00586376003645855,0.010618124397824811,False,0.0,0.72
body_5,0,S,,-0.527649496743669,-0.001286541339471506,0.003468087644423353,-0.024298371549061042,-0.013171632302220435,False,0.0,0.12
body_5,1,S,-0.527649496743669,-0.173329605815606,0.013034890839367558,-0.011576482735092252,0.02035756107479382,0.016884498132999123,False,0.0,0.91
body_5,2,S,-0.173329605815606,0.21815321180558203,-0.018268114588366368,0.02704212278086409,0.006754553107330294,0.02402582829804362,False,0.0,0.93
body_5,3,S,0.21815321180558203,0.5657882655403981,0.004379479753804095,-0.0012076050968426247,-0.006758155721874115,-0.024802215634734767,False,0.0,0.145
body_5,4,S,0.5657882655403981,,0.002588787974410334,-0.018662005309715173,0.0033466071828290433,0.000844686096554966,False,0.0,0.265
atr_ratio_5,0,B,,0.9508725021380101,-0.06000098160729208,0.02192671400614802,0.0455876710842222,-0.006464262973767319,False,0.0,0.485
atr_ratio_5,1,B,0.9508725021380101,1.1255668052264423,-0.058837418433506365,0.03734302588473184,-0.04982821877089224,0.026917986633660292,False,0.01,0.31
atr_ratio_5,2,B,1.1255668052264423,1.2980041121716364,0.024872993702858535,-0.036172124623020795,-0.047470751985025844,-0.03368183100724109,False,0.015,0.105
atr_ratio_5,3,B,1.2980041121716364,1.6167419411293251,0.04938422277128415,-0.06139641289705379,0.027394810415797353,0.000742574097980669,False,0.005,0.525
atr_ratio_5,4,B,1.6167419411293251,,0.02453840945706717,0.01935824001214254,0.02927545255174483,0.004126834893065447,False,0.025,0.83
atr_ratio_5,0,S,,0.9508725021380101,0.06614549680301389,-0.011200496257806182,-0.03913915101666429,0.023325022063540684,False,0.01,0.69
atr_ratio_5,1,S,0.9508725021380101,1.1255668052264423,0.020186229584192177,-0.0402622548536713,0.027558484295313598,-0.041337942312670455,False,0.0,0.3
atr_ratio_5,2,S,1.1255668052264423,1.2980041121716364,-0.0023413378711847187,0.015086144967623411,0.02509708692244473,0.03599830707359166,False,0.01,0.845
atr_ratio_5,3,S,1.2980041121716364,1.6167419411293251,-0.05081394549234707,0.05493945918001673,-0.005590595351616363,-0.00986748907919206,False,0.015,0.47
atr_ratio_5,4,S,1.6167419411293251,,-0.014459403101565455,-0.006027489152906284,-0.004995431187999225,-0.01787908806773726,False,0.025,0.315
vol_ratio_5,0,B,,0.8775586776170425,-0.003994796346084706,-0.0013298251983271101,0.0015692664535867087,-0.025658094463498936,False,0.03,0.385
vol_ratio_5,1,B,0.8775586776170425,1.005945259774062,-0.012196126064388937,-0.024777685700508232,0.004263658251712735,0.017531946126205223,False,0.0,0.35
vol_ratio_5,2,B,1.005945259774062,1.1753883892068684,0.0005938679221576189,0.013200098351747274,0.009403123457134847,0.027601518010455798,False,0.0,0.785
vol_ratio_5,3,B,1.1753883892068684,1.4713262148373247,-0.024944546359252515,0.028060230995644527,0.015056867101423416,-0.04880007814488551,False,0.005,0.33
vol_ratio_5,4,B,1.4713262148373247,,0.04473484383056887,-0.010424324034372486,-0.1452433012962992,-0.025478230082241638,False,0.02,0.16
vol_ratio_5,0,S,,0.8775586776170425,0.013222911669093255,-0.014443766561848292,-0.026596277187540717,0.030692063017471488,False,0.015,0.45
vol_ratio_5,1,S,0.8775586776170425,1.005945259774062,0.0003575662692633867,0.01654002952675458,-0.0019835470504631597,-0.004474512516026329,False,0.005,0.665
vol_ratio_5,2,S,1.005945259774062,1.1753883892068684,-0.0039655692420613176,-0.0012161453861157948,0.009703804897044336,-0.03804421537877139,False,0.005,0.38
vol_ratio_5,3,S,1.1753883892068684,1.4713262148373247,0.02695986458507074,-0.028762668297116958,-0.030160558263387503,0.03966395999320145,False,0.0,0.5
vol_ratio_5,4,S,1.4713262148373247,,-0.03767917906493725,0.02629697815038237,0.14267075899862328,0.00560989171438008,False,0.0,0.84
eff12_5,0,B,,0.10030726317852284,-0.014146490668492325,0.007187838089246231,0.022659314839515735,-0.033899708532345973,False,0.0,0.335
eff12_5,1,B,0.10030726317852284,0.20340056885838037,-0.01087867604430665,0.0030019464459978724,0.03641037269330215,-0.025092226587481725,False,0.0,0.59
eff12_5,2,B,0.20340056885838037,0.3222391285474839,0.009686752625885265,-0.0023911672582234726,-0.015759875150546793,0.001236596923162285,False,0.0,0.35
eff12_5,3,B,0.3222391285474839,0.47887473547459947,0.005373300134980728,0.0013950875024393967,-0.02908201542486285,0.023514743611801364,False,0.0,0.46
eff12_5,4,B,0.47887473547459947,,0.009069721736720708,-0.009204035645961926,-0.012172998328308444,0.03818905308571106,False,0.0,0.675
eff12_5,0,S,,0.10030726317852284,-0.0040702845449143345,0.006077152963783186,-0.039190834019244704,0.028297512078393167,False,0.0,0.46
eff12_5,1,S,0.10030726317852284,0.20340056885838037,-0.0018611329020981997,0.009505249142024478,-0.046134372596071234,0.027212878052160418,False,0.0,0.34
eff12_5,2,S,0.20340056885838037,0.3222391285474839,-0.009472497245514976,0.0022407674915821793,0.030178539993803984,-0.022320555116166534,False,0.0,0.515
eff12_5,3,S,0.3222391285474839,0.47887473547459947,-0.0016795541791402694,-0.008376537729236837,0.03621998770392668,-0.0035057572357615674,False,0.0,0.76
eff12_5,4,S,0.47887473547459947,,0.016882309034093695,-0.010515977492733669,0.017072664248515113,-0.03283818608954371,False,0.0,0.395
bbw_5,0,B,,0.7555101107494774,-0.06612845113126327,0.055839102053083,0.002509467962233474,-0.014697372378685122,False,0.005,0.42
bbw_5,1,B,0.7555101107494774,1.0634855395442213,-0.003114156368875601,-0.03140890489883463,0.014257606220712682,0.013507127967433575,False,0.005,0.485
bbw_5,2,B,1.0634855395442213,1.505085743295574,0.0012699302390395883,-0.07926405501976096,-0.009633898312770029,-0.03767449082611503,False,0.0,0.015
bbw_5,3,B,1.505085743295574,2.2977284558276394,0.046875346601068145,0.005519703649721694,-0.03213986047816035,0.018693157647233595,False,0.005,0.67
bbw_5,4,B,2.2977284558276394,,0.012818046460773887,0.050137072040881,0.032264276928622444,0.03629001646034754,False,0.045,0.875
bbw_5,0,S,,0.7555101107494774,0.04782013104347627,-0.015588309492269045,-0.028748692497697202,0.05699630673229303,False,0.0,0.76
bbw_5,1,S,0.7555101107494774,1.0634855395442213,-0.014037019158420684,0.001535843179391578,-0.008585026876200958,-0.005743155208821626,False,0.005,0.325
bbw_5,2,S,1.0634855395442213,1.505085743295574,-0.0061424163121106,0.08043450551404814,0.02260325698715625,0.004864100854541243,False,0.01,0.98
bbw_5,3,S,1.505085743295574,2.2977284558276394,-0.03650586393755469,3.749717194626946e-05,0.017101255635475664,-0.02560455682874324,False,0.025,0.315
bbw_5,4,S,2.2977284558276394,,0.013898149060552561,-0.06972166024084911,-0.010240434450770722,-0.052522603344386465,False,0.025,0.135
streak_5,0,B,,-2.0,-0.008833970131420217,-0.012306615415605873,0.012041567168478606,-0.013406489229268605,False,0.005,0.31
streak_5,1,B,-2.0,-1.0,0.0033978031225230265,0.0054759412729749445,0.02356798877238732,-0.009310581122019691,False,0.0,0.77
streak_5,2,B,-1.0,1.0,-0.0059846968320060165,0.009177607547016875,0.0038955480294459257,0.009353625826429408,False,0.0,0.845
streak_5,3,B,1.0,2.0,-0.005550001906370576,0.0023653567771009503,0.0012424391074222635,0.00191603460877684,False,0.0,0.48
streak_5,4,B,2.0,,0.012755589521521428,-0.007963107153778466,-0.021565530238392402,-0.0007194483863982783,False,0.0,0.315
streak_5,0,S,,-2.0,0.016795573398546343,0.007979097379021695,0.006213426476350894,0.021717127307829435,False,0.0,0.81
streak_5,1,S,-2.0,-1.0,0.006205392864656225,0.005428341072701933,-0.0030702747766947606,0.011077987455746282,False,0.0,0.79
streak_5,2,S,-1.0,1.0,-0.0010631461325930308,-0.0030970205776728785,-0.006449658418012047,-0.0019424068537449467,False,0.0,0.205
streak_5,3,S,1.0,2.0,0.004932200692887737,-0.006758102481102403,-0.01071396230557146,0.00411914318465005,False,0.0,0.26
streak_5,4,S,2.0,,-0.013569047675604804,0.002953352519034,0.015211189342500198,-0.017683698890892965,False,0.0,0.33
rsi_15,0,B,,40.74420212093951,0.059768340330091034,-0.013010388971456045,0.060914308122419464,-0.011672398515010694,False,0.005,0.77
rsi_15,1,B,40.74420212093951,48.646616360092814,-0.010949545974652237,0.0020636191470022698,-0.0236611783277828,-0.07865884366522313,False,0.005,0.06
rsi_15,2,B,48.646616360092814,55.53476136328765,-0.03981736932470862,-0.06180012456521233,-0.01526163617402144,-0.052618675476916926,True,0.005,0.015
rsi_15,3,B,55.53476136328765,63.42790206342244,-0.019558980089863294,0.04362650656459441,0.011530557230931443,0.07954141485340814,False,0.005,0.93
rsi_15,4,B,63.42790206342244,,0.012270286642471016,0.028333440694407967,-0.023033216716210225,0.07084004059642271,False,0.02,0.845
rsi_15,0,S,,40.74420212093951,-0.04595913075067663,0.010269291493806827,0.02191942606758832,0.043153583125692625,False,0.05,0.675
rsi_15,1,S,40.74420212093951,48.646616360092814,-0.0066245270891014865,0.017496189118751237,0.042428086507191015,0.04495462804847991,False,0.01,0.935
rsi_15,2,S,48.646616360092814,55.53476136328765,0.04926817967627795,0.059243513122805284,-0.011640409200992229,0.03625811396827542,False,0.02,0.955
rsi_15,3,S,55.53476136328765,63.42790206342244,0.01856751348772124,-0.01897800799058844,-0.029064358231443557,-0.10768538089405183,False,0.015,0.055
rsi_15,4,S,63.42790206342244,,-0.019353099537183397,-0.06675897154171939,-0.020881986960359217,-0.019447481903872233,False,0.035,0.075
d_e20_15,0,B,,-1.0555683900566988,0.04060664416262914,-0.009826943215823548,0.06440996122504296,0.0028044863334050012,False,0.025,0.775
d_e20_15,1,B,-1.0555683900566988,-0.15365838488594166,-0.0030941550453527766,-0.002817056694980476,-0.017594645492119365,-0.07530746263197612,False,0.005,0.045
d_e20_15,2,B,-0.15365838488594166,0.5940425325919139,-0.03073219715185162,-0.05645743573779094,-0.022071024236355263,-0.029904299854544906,False,0.005,0.015
d_e20_15,3,B,0.5940425325919139,1.4280014154575222,-0.009653160601406294,0.04428752336452747,0.04177676735611751,0.034881856126680995,False,0.01,0.91
d_e20_15,4,B,1.4280014154575222,,0.0042121989770141505,0.02313818873166569,-0.04591610239318565,0.08199300615909177,False,0.02,0.76
d_e20_15,0,S,,-1.0555683900566988,-0.01973428001143661,0.006112857611336974,0.016597453930459218,0.025738559028864176,False,0.035,0.645
d_e20_15,1,S,-1.0555683900566988,-0.15365838488594166,-0.014384788530432442,0.02748030912352852,0.041418673120817574,0.06090412534422616,False,0.0,0.96
d_e20_15,2,S,-0.15365838488594166,0.5940425325919139,0.036619404148035405,0.048816031606862535,-0.025003539519747084,-0.0010941192218151385,False,0.02,0.845
d_e20_15,3,S,0.5940425325919139,1.4280014154575222,0.008298139163540922,-0.01791010114056084,-0.04026351460055755,-0.056146798874973855,False,0.015,0.11
d_e20_15,4,S,1.4280014154575222,,-0.013614810657291854,-0.06475912142373785,0.007091781173989202,-0.03839491015304554,False,0.02,0.125
d_e50_15,0,B,,-1.556957710124515,0.04242518540568456,-0.035717328172297634,0.03312372584642277,0.0035641936732930288,False,0.02,0.595
d_e50_15,1,B,-1.556957710124515,-0.11573521047439207,-0.010563793433796317,0.004266874048727301,0.07357157940009486,-0.13428742868001228,False,0.0,0.21
d_e50_15,2,B,-0.11573521047439207,1.071589571078932,-0.04425028235584089,-0.008480409485180486,0.008085145525431537,-0.02073899043705415,False,0.015,0.25
d_e50_15,3,B,1.071589571078932,2.5158667526917307,-0.0014942595296617545,0.026823397893357595,-0.09464575173215338,0.0836972527566797,False,0.035,0.585
d_e50_15,4,B,2.5158667526917307,,0.011847839346306335,0.012173351111800195,-0.008430394492107798,0.08613189156016905,False,0.025,0.855
d_e50_15,0,S,,-1.556957710124515,-0.039114475377882145,0.03808424041405628,0.03945170128895455,0.01222095875606979,False,0.045,0.72
d_e50_15,1,S,-1.556957710124515,-0.11573521047439207,0.016177971464532648,0.004209012216263384,-0.04932680354331041,0.11149976111205945,False,0.0,0.85
d_e50_15,2,S,-0.11573521047439207,1.071589571078932,0.02736646892304693,0.022110690460140515,-0.0080184825461809,0.011617606779957507,False,0.0,0.69
d_e50_15,3,S,1.071589571078932,2.5158667526917307,-0.01043704107546381,-0.04309429760031356,0.04419267572813505,-0.11826958180081115,False,0.01,0.105
d_e50_15,4,S,2.5158667526917307,,0.008908032509502289,-0.02323380534790467,-0.02377846219039203,-0.03567044032818602,False,0.025,0.205
d_e200_15,0,B,,-2.675752190426759,-0.04250972833157128,0.005818675304937377,0.08556095202014548,-0.0180824194718766,False,0.05,0.54
d_e200_15,1,B,-2.675752190426759,0.26037432049188214,0.04030241940500268,0.03406078008783378,-0.07540711195062659,-0.006421041047033571,False,0.06,0.41
d_e200_15,2,B,0.26037432049188214,2.9445379493542583,-0.005768920533023898,-0.04306640326408714,0.07289716690554666,-0.02658938232854511,False,0.04,0.545
d_e200_15,3,B,2.9445379493542583,6.505942656361369,-0.0685026168652475,0.052020348983877425,0.006436021765560696,0.03331218407796703,False,0.035,0.625
d_e200_15,4,B,6.505942656361369,,0.08119039969317986,-0.04732277006663553,-0.06359996204899121,0.03577077279178256,False,0.055,0.5
d_e200_15,0,S,,-2.675752190426759,0.04368603474107267,-0.011975636087308051,-0.058285653252071,-0.010870564295857343,False,0.095,0.44
d_e200_15,1,S,-2.675752190426759,0.26037432049188214,-0.04465672849239994,0.013129146207424754,0.09336018010574555,0.013820528723390747,False,0.04,0.74
d_e200_15,2,S,0.26037432049188214,2.9445379493542583,-0.011210766862134278,0.018459481515461767,-0.0638089907481404,0.000731607636405559,False,0.05,0.305
d_e200_15,3,S,2.9445379493542583,6.505942656361369,0.05875057394315291,-0.08793672656596815,0.02508346085561654,0.0366995645691775,False,0.035,0.505
d_e200_15,4,S,6.505942656361369,,-0.051661457903371656,0.06590697349655472,-0.018181014447533672,-0.06714067853613372,False,0.015,0.31
slope50_15,0,B,,-0.2952967374297394,0.04248815612204029,-0.05725417261162167,-0.013286088804487227,-0.05015891915368652,False,0.015,0.255
slope50_15,1,B,-0.2952967374297394,-0.03286469747327727,-0.004572187137981461,0.030371138803879552,0.13446104600243114,-0.13067697430617128,False,0.015,0.6
slope50_15,2,B,-0.03286469747327727,0.20718517624830504,-0.05672096131252634,-0.003629183068834566,-0.016704367993114953,0.08270670401772542,False,0.025,0.56
slope50_15,3,B,0.20718517624830504,0.49518838738763654,0.0173287461896765,0.017907844447722594,-0.10127986946481216,0.0618770051427034,False,0.03,0.46
slope50_15,4,B,0.49518838738763654,,-0.0002652912978410211,0.007488790027392654,0.010201048511056143,0.06838212542105951,False,0.03,0.795
slope50_15,0,S,,-0.2952967374297394,-0.039313546150790614,0.056786137980028746,0.08114858834183004,0.043870610813982094,False,0.035,0.87
slope50_15,1,S,-0.2952967374297394,-0.03286469747327727,0.019362591366337906,-0.025398629669771067,-0.1009638432848863,0.1157237382952708,False,0.025,0.515
slope50_15,2,S,-0.03286469747327727,0.20718517624830504,0.01879929323696246,0.031096795891817453,0.010251373164374689,-0.05911632128044466,False,0.005,0.475
slope50_15,3,S,0.20718517624830504,0.49518838738763654,-0.008568525001470931,-0.04391486459194823,0.058582595753849664,-0.10188453334232672,False,0.035,0.205
slope50_15,4,S,0.49518838738763654,,0.013038465556498305,-0.015516949605339113,-0.046459152846522196,-0.022536538880951005,False,0.02,0.205
ret3_15,0,B,,-0.9271176553627971,0.017306450277787398,0.0015047834045229121,0.03337953980371969,0.02735555432270768,False,0.005,0.785
ret3_15,1,B,-0.9271176553627971,-0.1992108393195804,-0.006546325539633053,-0.017554389307120846,-0.007299835752568732,-0.009426198503197475,False,0.0,0.16
ret3_15,2,B,-0.1992108393195804,0.3567900308655077,-0.017390553612387352,0.01641812606233474,0.020449890330640784,0.005922762472024451,False,0.01,0.685
ret3_15,3,B,0.3567900308655077,1.0373827219990481,-0.001651478644526712,-0.014298859406557141,-0.01564644466838349,-0.029324088829558934,False,0.015,0.19
ret3_15,4,B,1.0373827219990481,,0.005924919287769119,0.01370076976175974,-0.02507408711933347,0.008364553962563361,False,0.005,0.51
ret3_15,0,S,,-0.9271176553627971,-0.01021899678246729,-0.008774043918105129,-0.003964200561327839,-0.008459873397439352,False,0.005,0.42
ret3_15,1,S,-0.9271176553627971,-0.1992108393195804,0.0013866745939848865,0.060788519613572824,0.008032214389970411,0.013293508178711005,False,0.01,0.97
ret3_15,2,S,-0.1992108393195804,0.3567900308655077,0.0005651205707193741,-0.029091816598626904,-0.035201831778338535,-0.007769561483919724,False,0.005,0.105
ret3_15,3,S,0.3567900308655077,1.0373827219990481,0.0049400750549475556,0.012525255262797595,-0.001207799262513313,0.030283474507135404,False,0.0,0.755
ret3_15,4,S,1.0373827219990481,,0.003505463307899245,-0.03672206991145759,0.028966373639214192,-0.03221854376090875,False,0.0,0.185
ret12_15,0,B,,-1.7287525725273034,0.057790805683077894,0.003932216075048281,0.06018514151174998,0.009503016578195092,False,0.015,0.845
ret12_15,1,B,-1.7287525725273034,-0.3557756559632012,-0.07082933541407678,-0.03056526711241849,-0.01722495471189621,-0.0955289505060902,True,0.005,0.0
ret12_15,2,B,-0.3557756559632012,0.8684823474973027,0.03857426069369506,0.008033753159397479,0.0014392969780748863,-0.004830111977108705,False,0.005,0.77
ret12_15,3,B,0.8684823474973027,2.262123382072368,-0.020786678073543723,-0.023998174068811034,0.021519675986806788,0.05817720517150134,False,0.0,0.65
ret12_15,4,B,2.262123382072368,,-0.005507049695729205,0.04311922592958998,-0.05859857955874836,0.04358868009273827,False,0.025,0.65
ret12_15,0,S,,-1.7287525725273034,-0.03919371399669353,-0.015491687189767876,0.017297637229680966,0.016551798664683058,False,0.025,0.475
ret12_15,1,S,-1.7287525725273034,-0.3557756559632012,0.06550481386586544,0.043297019446350206,0.02449672938446772,0.0889019967166616,False,0.02,1.0
ret12_15,2,S,-0.3557756559632012,0.8684823474973027,-0.022069807061371925,0.017708813095592878,-0.006431901030594319,-0.012874229555917584,False,0.0,0.345
ret12_15,3,S,0.8684823474973027,2.262123382072368,0.01103474447683617,0.016186765069407368,-0.06366044722016444,-0.052720322368753576,False,0.015,0.105
ret12_15,4,S,2.262123382072368,,-0.014705663886198532,-0.06550226279080353,0.034271846519258506,-0.052210036109996104,False,0.03,0.125
pos20_15,0,B,,0.24505306183274417,0.038453941468084875,-0.0259841704787616,0.038488002679349535,0.035852074396141555,False,0.015,0.76
pos20_15,1,B,0.24505306183274417,0.47677128993003287,-0.02965310425674031,-0.03587801613623585,-0.012150710351298256,-0.06108552608237025,True,0.02,0.03
pos20_15,2,B,0.47677128993003287,0.7065732339929568,-0.001163068768571785,-0.02261216970137488,-0.02417693386453126,-0.0642599152492084,False,0.005,0.095
pos20_15,3,B,0.7065732339929568,0.8760458630306702,-0.0011097408257982888,0.04800812729443435,0.037838253089419654,0.0346429995564166,False,0.025,0.945
pos20_15,4,B,0.8760458630306702,,-0.006000769592688736,0.035292583566833124,-0.030040060110446902,0.05587930190021298,False,0.035,0.77
pos20_15,0,S,,0.24505306183274417,-0.04387068875146392,0.01478402049577007,0.03327899515950309,-0.010779704400535405,False,0.02,0.505
pos20_15,1,S,0.24505306183274417,0.47677128993003287,0.025415045350795498,0.03771885730746259,0.01812818310353686,0.05275495104857235,False,0.03,0.96
pos20_15,2,S,0.47677128993003287,0.7065732339929568,0.03032701983131553,0.03408100971245983,-0.0007969417836379011,0.0299552300855518,False,0.005,0.885
pos20_15,3,S,0.7065732339929568,0.8760458630306702,-0.00212443373789856,-0.03335701276645827,-0.06608656114888299,-0.055930985918113435,False,0.02,0.02
pos20_15,4,S,0.8760458630306702,,-0.013969373604500833,-0.051512220583861026,0.017783562927349256,-0.017999158510260932,False,0.035,0.17
body_15,0,B,,-0.5280295446551792,0.019343429021412197,-0.009861334053576112,0.0376202837451701,0.014511552706350881,False,0.0,0.845
body_15,1,B,-0.5280295446551792,-0.16881772602295989,0.01702942789222217,0.0034045482677583427,0.058306236383699674,-0.02593411778939617,False,0.0,0.85
body_15,2,B,-0.16881772602295989,0.2307933194153369,-0.020188010781142043,0.00966862186241382,-0.04132019012714207,0.013117929890799301,False,0.0,0.195
body_15,3,B,0.2307933194153369,0.5755322313348067,-0.04290431299460788,-0.019818347907312208,-0.03699719214565932,-0.002489863429828291,False,0.0,0.015
body_15,4,B,0.5755322313348067,,0.024239824971523438,0.016300467717885528,-0.013158542607171829,-0.000748927109953239,False,0.0,0.705
body_15,0,S,,-0.5280295446551792,-0.018987655142864802,0.0026549849909668446,-0.015679217885880607,-0.021703887418695837,False,0.0,0.185
body_15,1,S,-0.5280295446551792,-0.16881772602295989,-0.009612200613069638,0.020310714010269706,-0.05847639065768104,0.0468148423828675,False,0.0,0.515
body_15,2,S,-0.16881772602295989,0.2307933194153369,0.02061306962724849,0.0009929823082217312,0.023023079353686283,0.008249436206841645,False,0.0,0.88
body_15,3,S,0.2307933194153369,0.5755322313348067,0.021536712202872257,-0.007662789783318881,0.028981116331446295,-0.01660366987758288,False,0.0,0.705
body_15,4,S,0.5755322313348067,,-0.01190880977866413,-0.019330513886045304,0.019327914302677704,-0.015171259572001475,False,0.0,0.205
atr_ratio_15,0,B,,0.7002967938014831,-0.01757698243140132,0.14424886527823805,-0.14223798456519515,0.036758207036670466,False,0.025,0.595
atr_ratio_15,1,B,0.7002967938014831,0.8687458481024414,-0.026409874536560678,0.01267304996233881,-0.019718673729468294,0.038769960856711826,False,0.01,0.555
atr_ratio_15,2,B,0.8687458481024414,1.1106959409441144,-0.008526724660530692,-0.13194628251769358,0.09388648307455248,-0.08513447209511216,False,0.035,0.135
atr_ratio_15,3,B,1.1106959409441144,1.3791224553518122,-0.036710350016074686,-0.030203142582155264,-0.024564878812787457,0.027988685076455678,False,0.015,0.23
atr_ratio_15,4,B,1.3791224553518122,,0.09612020736649911,0.014239996391140349,0.028199133907535156,0.015927510841014823,False,0.04,0.87
atr_ratio_15,0,S,,0.7002967938014831,-0.016236585984375034,-0.112778236314935,0.07446735262504127,-0.012855695771105697,False,0.03,0.3
atr_ratio_15,1,S,0.7002967938014831,0.8687458481024414,0.04505968435434124,-0.01914344518984701,0.010544129991833118,-0.022262034481720667,False,0.04,0.57
atr_ratio_15,2,S,0.8687458481024414,1.1106959409441144,0.02175409223107599,0.10074155866925795,-0.059340974656493746,0.09101108627709446,False,0.045,0.89
atr_ratio_15,3,S,1.1106959409441144,1.3791224553518122,0.03362193511353119,0.023039463930696134,0.009995876465064934,-0.045028916255775146,False,0.055,0.605
atr_ratio_15,4,S,1.3791224553518122,,-0.08697855149829518,-0.0012183820470718747,0.001314143580507907,-0.03550430262251904,False,0.02,0.185
vol_ratio_15,0,B,,0.9649204305642197,-0.03854023525949695,0.0014291568016033232,-0.0287659774490032,0.006918998971666914,False,0.005,0.235
vol_ratio_15,1,B,0.9649204305642197,1.2001693125719342,-0.014300574235767029,0.009940306105869535,0.045469049456828815,-0.0014253193756990526,False,0.0,0.655
vol_ratio_15,2,B,1.2001693125719342,1.4100821000888981,0.006350755129398263,0.010840477444624911,-0.017865245739038742,0.014708975108684968,False,0.0,0.545
vol_ratio_15,3,B,1.4100821000888981,1.767869210749565,0.006558259043903714,-0.039343896943609874,-0.04153433129494733,-0.044651057665232974,False,0.015,0.11
vol_ratio_15,4,B,1.767869210749565,,0.03702146271270337,0.01106940507035488,-0.11488772508464615,0.001884421829188897,False,0.075,0.385
vol_ratio_15,0,S,,0.9649204305642197,0.04659552721374302,0.012633189901022131,0.009452995574658457,0.0005309557188839427,False,0.02,0.77
vol_ratio_15,1,S,0.9649204305642197,1.2001693125719342,0.004905974745984568,-0.028573191364130033,-0.049969549304164015,0.006759377679947796,False,0.03,0.225
vol_ratio_15,2,S,1.2001693125719342,1.4100821000888981,-0.02587621778449776,-0.01749239528270107,0.0326218962306679,-0.040723059631209174,False,0.005,0.255
vol_ratio_15,3,S,1.4100821000888981,1.767869210749565,0.01084923273003009,0.04027591057165246,0.05179359758043505,0.039325434013395846,False,0.02,0.915
vol_ratio_15,4,S,1.767869210749565,,-0.03108572613302695,-0.0076299071997705395,0.14060293796379236,0.18475249277909653,False,0.01,0.815
eff12_15,0,B,,0.1050375921436044,-0.0021601376792555267,-0.029886759928052467,-0.007793431218044953,-0.0010486063878289908,False,0.005,0.245
eff12_15,1,B,0.1050375921436044,0.2062937062936994,-0.013435451247072119,-0.013645089369602228,-0.017199166491865772,-0.00042732921517542094,False,0.01,0.25
eff12_15,2,B,0.2062937062936994,0.3256482424097134,-0.011020335346606442,0.01792425652922604,-0.017873874307178468,-0.055815434232488116,False,0.01,0.175
eff12_15,3,B,0.3256482424097134,0.4894907723854996,-0.008995180280764703,-0.019495077676119014,0.04478907241129605,-0.0028749470073065435,False,0.015,0.525
eff12_15,4,B,0.4894907723854996,,0.035571423489085215,0.04561839712900176,-0.003666612112380894,0.06464629135180983,False,0.03,0.945
eff12_15,0,S,,0.1050375921436044,0.003956117752391229,0.05123874597645202,-0.010752592984901959,-0.021121246870272625,False,0.0,0.63
eff12_15,1,S,0.1050375921436044,0.2062937062936994,0.02939273038200821,0.030215844290228073,0.017457782364735868,-0.007038968832235856,False,0.01,0.87
eff12_15,2,S,0.2062937062936994,0.3256482424097134,0.011602412697373981,-0.02050257285026068,0.008601395756394924,0.038819286089899395,False,0.03,0.76
eff12_15,3,S,0.3256482424097134,0.4894907723854996,-0.00607660774970998,0.012455949922654976,-0.038595658869677044,0.029925897885563907,False,0.01,0.575
eff12_15,4,S,0.4894907723854996,,-0.03989990578153434,-0.07550575601234266,0.027181047855684093,-0.044943566280844706,False,0.03,0.075
bbw_15,0,B,,0.6270461742499117,-0.018628228343066662,0.062069401062946054,-0.04200825659314367,0.05570765864528258,False,0.03,0.685
bbw_15,1,B,0.6270461742499117,0.9185727006177442,-0.03962241598917216,0.08219246677292735,0.02400430049900911,-0.04971332927490821,False,0.015,0.555
bbw_15,2,B,0.9185727006177442,1.2660480469118762,0.04140883968220184,-0.12487958365584557,-0.06707568687129722,-0.07685472306875321,False,0.04,0.02
bbw_15,3,B,1.2660480469118762,1.9141803609697279,0.012898620321015072,-0.027602506631715137,-0.0009682178321492441,-0.0072394377752252005,False,0.02,0.39
bbw_15,4,B,1.9141803609697279,,0.006915409753024382,0.014838170474498733,0.09238486884891445,0.11296523793820584,False,0.05,0.965
bbw_15,0,S,,0.6270461742499117,-0.004723479310727679,0.005375062441003105,0.020191014936651073,-0.03530324086626145,False,0.005,0.48
bbw_15,1,S,0.6270461742499117,0.9185727006177442,0.04656224008404494,-0.10097599873087461,-0.008286060676225348,0.0468717317835611,False,0.015,0.44
bbw_15,2,S,0.9185727006177442,1.2660480469118762,-0.022401198232848068,0.08852827957327938,0.059934072100579674,0.07267188273940614,False,0.03,0.96
bbw_15,3,S,1.2660480469118762,1.9141803609697279,-0.02504727933550343,0.00901163972846957,-0.018677116919037312,0.01095914857028235,False,0.03,0.355
bbw_15,4,S,1.9141803609697279,,0.005325346750612255,-0.007936652344926333,-0.06272765761679941,-0.1287052187519835,False,0.03,0.06
streak_15,0,B,,-2.0,0.029993092069482724,-0.04149189760453865,0.06593927375315338,0.019346272900200034,False,0.02,0.705
streak_15,1,B,-2.0,-1.0,0.02194621609772366,0.022166116161953832,0.0063330446677747135,0.024132509679430363,False,0.005,0.89
streak_15,2,B,-1.0,1.0,-0.0031353182090507453,0.001536754852270116,0.027958583208729904,-0.0170979008027673,False,0.0,0.585
streak_15,3,B,1.0,2.0,-0.00028679627652559623,3.4868430486573484e-05,-0.010726036721346019,-0.03312710370144955,False,0.0,0.075
streak_15,4,B,2.0,,-0.018874687378194515,0.004623837288517197,-0.042888711702187124,0.030456376273487615,False,0.0,0.335
streak_15,0,S,,-2.0,-0.028866327470151103,0.07177961011576948,-0.025490697470862956,0.03534322327939719,False,0.035,0.735
streak_15,1,S,-2.0,-1.0,-0.023977705553722334,-0.022280508269137526,-0.009952144552283826,0.004167123131540998,False,0.0,0.17
streak_15,2,S,-1.0,1.0,-0.0029354606311490236,-0.0033347406158693933,-0.024476363461338767,0.010633747827909972,False,0.0,0.28
streak_15,3,S,1.0,2.0,0.013437682459400193,0.0035171275833577546,0.005363163867218598,0.008297500632065156,False,0.0,0.865
streak_15,4,S,2.0,,0.01214929377658064,-0.019398253838067512,0.03141036109346796,-0.038274157478347524,False,0.0,0.355
rsi_60,0,B,,41.77330002444044,-0.03870914286686498,-0.009635084301687092,0.025756447041726225,-0.06391202135012318,False,0.05,0.275
rsi_60,1,B,41.77330002444044,50.19991251201215,0.09404952508841857,0.0031005163930820706,0.0912130742723103,0.004302474550111716,False,0.04,0.905
rsi_60,2,B,50.19991251201215,56.912602139994505,-0.07020646502973202,-0.030487055245839192,0.043252498270884704,-0.07151799461569665,False,0.035,0.185
rsi_60,3,B,56.912602139994505,64.40152402704408,-0.04369196735008969,0.05111735871719134,-0.17791544503532924,0.09465500960603941,False,0.025,0.37
rsi_60,4,B,64.40152402704408,,0.07266794231866093,-0.01843121585146126,0.019769218139435916,0.0660188707225069,False,0.04,0.855
rsi_60,0,S,,41.77330002444044,0.041836940521217114,0.02616926684317043,0.0030503416759401487,0.036741022748101246,False,0.075,0.74
rsi_60,1,S,41.77330002444044,50.19991251201215,-0.09489401471542688,-0.008870704279562401,-0.0720454901576137,0.01898856773455268,False,0.08,0.135
rsi_60,2,S,50.19991251201215,56.912602139994505,0.038912426458065114,0.026766800602543935,-0.01524900887705404,0.028702450998499333,False,0.015,0.695
rsi_60,3,S,56.912602139994505,64.40152402704408,0.04694185049568047,-0.058827598684263654,0.14573815676404253,-0.04805140637796233,False,0.02,0.705
rsi_60,4,S,64.40152402704408,,-0.0432325505066033,0.013617984285113039,-0.05238326467332008,-0.05851223398920286,False,0.045,0.16
d_e20_60,0,B,,-0.9677883449162755,-0.001605763652334346,-0.04741009184621493,0.016155076176968916,-0.04285504796525594,False,0.03,0.28
d_e20_60,1,B,-0.9677883449162755,-0.008260848267078342,0.03208780641235652,0.01978707093912818,0.08906023848674693,-0.05660609373517514,False,0.03,0.73
d_e20_60,2,B,-0.008260848267078342,0.6631065436146399,-0.0300885606001096,0.011881851764428032,0.0614746932602705,-0.008341094060802393,False,0.02,0.685
d_e20_60,3,B,0.6631065436146399,1.491616126633371,-0.0391958754473518,0.01878396341552181,-0.1612186724696421,0.06616642135174702,False,0.045,0.195
d_e20_60,4,B,1.491616126633371,,0.047004014526956475,-0.0041756956095735905,0.012888604191875474,0.06397412738560884,False,0.02,0.865
d_e20_60,0,S,,-0.9677883449162755,0.0006829580992904662,0.049595714265360635,0.024416498760724784,0.02043367860897486,False,0.085,0.765
d_e20_60,1,S,-0.9677883449162755,-0.008260848267078342,-0.03179890149411179,-0.022905238373092367,-0.06850512863397318,0.07237792044320099,False,0.02,0.36
d_e20_60,2,S,-0.008260848267078342,0.6631065436146399,0.01003516605772392,0.0074522091617410455,-0.02844678432364755,-0.00642986152894515,False,0.01,0.36
d_e20_60,3,S,0.6631065436146399,1.491616126633371,0.035779627198429025,-0.04678302011300675,0.11109516266458587,-0.07258310703736827,False,0.035,0.61
d_e20_60,4,S,1.491616126633371,,-0.02028783344372502,0.003077441994355578,-0.044558277432200616,-0.03043390349145827,False,0.03,0.205
d_e50_60,0,B,,-1.3998897731547493,-0.07259355964317744,0.009294313633428922,0.07311919723536645,-0.012166977375417007,False,0.045,0.455
d_e50_60,1,B,-1.3998897731547493,0.14303773436187917,0.04353234227990933,0.020948877173972653,-0.07009985988842653,-0.028544657497410277,False,0.055,0.32
d_e50_60,2,B,0.14303773436187917,1.411526514776922,0.006363607844146073,-0.06948410412201722,0.039196157900735856,0.04512341407457094,False,0.025,0.555
d_e50_60,3,B,1.411526514776922,2.874223549761243,-0.07460824832677285,0.08770309860564468,0.056463262380353395,-0.03564223890774594,False,0.025,0.66
d_e50_60,4,B,2.874223549761243,,0.0925402968259765,-0.060690150014879304,-0.07110642036150457,0.07612733180560992,False,0.03,0.585
d_e50_60,0,S,,-1.3998897731547493,0.0697731991004946,-0.02018917864156433,-0.041582904243439196,-0.016029911991983056,False,0.085,0.5
d_e50_60,1,S,-1.3998897731547493,0.14303773436187917,-0.05687290537542691,0.02844952281713407,0.07595145295463529,0.03335732709452892,False,0.075,0.75
d_e50_60,2,S,0.14303773436187917,1.411526514776922,-0.0061464264206299085,0.03935370388049967,-0.04585534460644571,-0.04440099235643546,False,0.015,0.315
d_e50_60,3,S,1.411526514776922,2.874223549761243,0.06257236917347103,-0.10770220555832566,-0.018421522702664558,0.08014232489618726,False,0.035,0.445
d_e50_60,4,S,2.874223549761243,,-0.06481096202879602,0.06816193948300342,0.012634283024960032,-0.09760500288966066,False,0.045,0.27
d_e200_60,0,B,,-2.3861250003395904,-0.028884365510976978,0.00700821508314783,0.04513969587907624,-0.0212841206556177,False,0.025,0.535
d_e200_60,1,B,-2.3861250003395904,1.50405316890031,-0.02262766955989376,0.0157599990291343,-0.09398695693264114,0.01882678151364487,False,0.075,0.215
d_e200_60,2,B,1.50405316890031,4.453705774194185,-0.0016190674276207277,0.15184083618431654,-0.05788655558445759,0.012273725446012788,False,0.095,0.735
d_e200_60,3,B,4.453705774194185,7.083855689799988,0.06660106772157376,-0.010052619547746005,-0.018761861772453974,0.0898209450233852,False,0.02,0.805
d_e200_60,4,B,7.083855689799988,,0.01142439309928788,-0.15580395135581498,0.09103684488508375,-0.08114271627915963,False,0.065,0.315
d_e200_60,0,S,,-2.3861250003395904,0.015710198120224766,-0.012148912372656766,-0.022960408675586987,0.0056109199286338025,False,0.095,0.455
d_e200_60,1,S,-2.3861250003395904,1.50405316890031,0.005468995037565103,-0.02976822924647587,0.11335477890103851,-0.007712823400943122,False,0.045,0.76
d_e200_60,2,S,1.50405316890031,4.453705774194185,-0.01633638877799032,-0.1331314323316517,0.06584568223244641,0.010777584467309276,False,0.035,0.325
d_e200_60,3,S,4.453705774194185,7.083855689799988,-0.04026275687822262,0.0743701011338107,-0.04753701075534593,-0.09487764782127242,False,0.075,0.25
d_e200_60,4,S,7.083855689799988,,0.022245699511649803,0.07417857453985036,-0.10976020425365833,0.07396591503205872,False,0.03,0.43
slope50_60,0,B,,-0.2572035568569521,-0.07463635598731444,-0.020256575117589427,0.032528807336960966,-0.008508086281757114,False,0.06,0.34
slope50_60,1,B,-0.2572035568569521,0.029911783603713337,0.06675367486740179,0.0652721936962006,-0.01816091589012513,-0.010895810355556645,False,0.035,0.705
slope50_60,2,B,0.029911783603713337,0.27752034911642587,-0.060674330195674225,-0.058281717960298095,0.011270377345829651,0.08890015813056622,False,0.055,0.38
slope50_60,3,B,0.27752034911642587,0.5685156196393071,-0.09628013818134866,0.08083599718963642,0.03173160357337222,-0.03807930044587055,False,0.045,0.53
slope50_60,4,B,0.5685156196393071,,0.1571438026431122,-0.09498617454660356,-0.044695192347749636,-0.04311561465798865,False,0.05,0.435
slope50_60,0,S,,-0.2572035568569521,0.05884015562755478,0.015223858555554736,-0.020866799224264782,-0.024463086892640144,False,0.07,0.6
slope50_60,1,S,-0.2572035568569521,0.029911783603713337,-0.08255410401642162,-0.04397301941540982,-0.006401542613745817,0.015131652409134727,False,0.025,0.245
slope50_60,2,S,0.029911783603713337,0.27752034911642587,0.0695834788631474,0.0469443154391471,0.05085945586249333,-0.06958774394152636,False,0.025,0.78
slope50_60,3,S,0.27752034911642587,0.5685156196393071,0.08835280770062798,-0.08202566377135796,-0.022278634783982895,0.08266655175384653,False,0.065,0.58
slope50_60,4,S,0.5685156196393071,,-0.1261397820576709,0.08125291007088321,-0.002120754542027432,0.010588585021246232,False,0.03,0.37
ret3_60,0,B,,-0.8603941650672305,0.059103634835585485,-0.021528453973253515,0.06549158850688797,-0.019829039309532462,False,0.02,0.735
ret3_60,1,B,-0.8603941650672305,-0.1425043428454319,-0.014989413212784573,-0.016496483376404907,0.004524239108138497,-0.06017314490725988,False,0.02,0.185
ret3_60,2,B,-0.1425043428454319,0.4037395886096799,-0.025934883010099823,0.048428875965419435,-0.02862156540043198,0.002097095790744966,False,0.01,0.46
ret3_60,3,B,0.4037395886096799,1.0169569841540054,0.011094416837577403,-0.04381587789230626,-0.005759208264244019,0.03814932840361033,False,0.015,0.5
ret3_60,4,B,1.0169569841540054,,-0.025248731009350805,0.03636843423346812,-0.029903765300214023,0.04928577570424583,False,0.01,0.645
ret3_60,0,S,,-0.8603941650672305,-0.05414526418961834,0.017148585640956383,-0.0024029331415749114,0.03306863525167979,False,0.02,0.55
ret3_60,1,S,-0.8603941650672305,-0.1425043428454319,0.03468227046716936,0.010024092283198933,0.025838481976318564,0.045520527797629724,False,0.03,0.865
ret3_60,2,S,-0.1425043428454319,0.4037395886096799,0.012175776489330577,0.005763058158204432,-0.009676069236716182,-0.009541095133381994,False,0.02,0.485
ret3_60,3,S,0.4037395886096799,1.0169569841540054,-0.0036045503033624057,0.017915511554879967,-0.019437329334074056,-0.03923251346257841,False,0.03,0.345
ret3_60,4,S,1.0169569841540054,,0.009003114369015444,-0.06373193253872336,0.009377690347929898,-0.037955759802289615,False,0.025,0.185
ret12_60,0,B,,-1.5638416779720345,0.03237081525297624,0.0017149107702961717,0.15827947227001662,-0.09277369272835782,False,0.03,0.72
ret12_60,1,B,-1.5638416779720345,-0.21528570176618644,0.03165973290102039,0.006457996928681443,-0.02899747235711077,0.01872598308083308,False,0.005,0.63
ret12_60,2,B,-0.21528570176618644,0.9002353955083134,0.014040449899154326,-0.025082605909401055,-0.13118507845048202,0.02302374976219966,False,0.015,0.115
ret12_60,3,B,0.9002353955083134,2.1061202029837722,-0.11865025098910552,0.025062563704616757,-0.09753626957655158,0.012045068936115219,False,0.02,0.065
ret12_60,4,B,2.1061202029837722,,0.04550492128862794,-0.004256384512110934,0.08172649591079373,0.06733192514707924,False,0.01,0.975
ret12_60,0,S,,-1.5638416779720345,-0.02438953750089799,0.020885419656087877,-0.1423693943076622,0.07228367450272416,False,0.045,0.33
ret12_60,1,S,-1.5638416779720345,-0.21528570176618644,-0.05868059028913778,-0.0039115503807909,0.08409265222689496,0.016422734041169798,False,0.025,0.625
ret12_60,2,S,-0.21528570176618644,0.9002353955083134,0.008699215555173893,0.022945036694694467,0.10811143763706102,-0.032256138805039476,False,0.03,0.885
ret12_60,3,S,0.9002353955083134,2.1061202029837722,0.09072619066413784,-0.06774089897449657,0.04076479726544212,-0.07480532987973079,False,0.02,0.36
ret12_60,4,S,2.1061202029837722,,-0.016310698217162443,0.015286864942046105,-0.08300560068232316,-0.004016014240775094,False,0.03,0.235
pos20_60,0,B,,0.2776668570516232,-0.0007706741229935313,-0.01275243156126935,0.031425545822260766,-0.06891516591952287,False,0.005,0.315
pos20_60,1,B,0.2776668570516232,0.5069470713184155,-0.05436849363053392,-0.007006143061296304,0.12773326691645562,0.014846143643986356,False,0.03,0.755
pos20_60,2,B,0.5069470713184155,0.7249282192431759,-0.01991779764950901,-0.10159479241767932,-0.10666512879464803,-0.004773938696222385,True,0.045,0.025
pos20_60,3,B,0.7249282192431759,0.8963555140873991,0.10362602511794415,0.08138371961923595,-0.011745176849283591,0.011470487924579947,False,0.015,0.955
pos20_60,4,B,0.8963555140873991,,-0.04109726431775657,0.04064941138575335,-0.0527708185803472,0.061058509252177304,False,0.025,0.58
pos20_60,0,S,,0.2776668570516232,-0.015567532308697046,0.011517364772204514,0.01843112870332206,0.05407862431903769,False,0.035,0.765
pos20_60,1,S,0.2776668570516232,0.5069470713184155,0.05789781909580086,0.031779844524871884,-0.12049507267180921,-0.034052863498451554,False,0.035,0.27
pos20_60,2,S,0.5069470713184155,0.7249282192431759,-0.0012178699575243219,0.09246512806048555,0.10167244313095426,0.03618507999750977,False,0.02,0.965
pos20_60,3,S,0.7249282192431759,0.8963555140873991,-0.07575156225344079,-0.10067780681265201,0.0010338803894949285,-0.05367989048704011,False,0.01,0.04
pos20_60,4,S,0.8963555140873991,,0.05011019847833001,-0.04645539806290468,0.007473646356714839,-0.011616664325333743,False,0.02,0.42
body_60,0,B,,-0.4724109891386218,0.07381062632309339,-0.024208703421839905,0.012846082437374597,-0.010311525063734084,False,0.02,0.7
body_60,1,B,-0.4724109891386218,-0.10256759208866091,-0.04670988716443034,0.018904285981891526,0.09290790213671771,0.02662851048707417,False,0.0,0.86
body_60,2,B,-0.10256759208866091,0.2541368789113953,0.00595568448310775,0.017749458034568667,0.029032433353876008,-0.0495745062648817,False,0.02,0.555
body_60,3,B,0.2541368789113953,0.585722966521123,0.0006710722595237063,-0.03451196690275249,-0.08676937726529635,-0.008199023272358216,False,0.025,0.065
body_60,4,B,0.585722966521123,,-0.038106085416978575,0.021972145281967715,-0.04561281958282448,0.04606900611027792,False,0.015,0.445
body_60,0,S,,-0.4724109891386218,-0.0402674099654705,0.04195900265081549,0.07431567203116958,-0.00695202555709513,False,0.045,0.795
body_60,1,S,-0.4724109891386218,-0.10256759208866091,0.04367621507722717,-0.012838117378071784,-0.0947418212483609,-0.01911955618889614,False,0.005,0.165
body_60,2,S,-0.10256759208866091,0.2541368789113953,-0.023083298409021406,-0.008779534140490914,-0.05026658178969552,0.08748365999172976,False,0.015,0.52
body_60,3,S,0.2541368789113953,0.585722966521123,0.005331539628091335,0.02560908656160953,0.0647320564677265,-0.006227566103221011,False,0.02,0.86
body_60,4,S,0.585722966521123,,0.018333577812991934,-0.05271279040458308,0.005531344986121357,-0.057045159570198976,False,0.005,0.14
atr_ratio_60,0,B,,0.747025171741113,0.04735186519739759,-0.05848893622017923,0.1042988873535283,0.1147588755590384,False,0.07,0.915
atr_ratio_60,1,B,0.747025171741113,0.8746654097005169,0.0600898491177945,0.027221741150831626,-0.03423168375972908,-0.14486645381245558,False,0.025,0.255
atr_ratio_60,2,B,0.8746654097005169,1.0051869572906535,-0.11824012846330563,0.0813071014401848,-0.10015622612680362,-0.039739041796169314,False,0.015,0.09
atr_ratio_60,3,B,1.0051869572906535,1.1846494967819636,-0.011766678060344229,0.0007858539323490829,0.02633901867340558,-0.006661004677792499,False,0.03,0.525
atr_ratio_60,4,B,1.1846494967819636,,0.00424236983035623,-0.05209294275736955,0.0823151736116941,0.08762359421126392,False,0.06,0.725
atr_ratio_60,0,S,,0.747025171741113,-0.05942565563528182,0.07658857530512074,-0.20246494671883328,-0.13292303059230925,False,0.025,0.05
atr_ratio_60,1,S,0.747025171741113,0.8746654097005169,-0.05766741296793426,-0.06345977738266019,0.01798532395908663,0.159735738588305,False,0.055,0.665
atr_ratio_60,2,S,0.8746654097005169,1.0051869572906535,0.11596585839033842,-0.09906008177207903,0.14893924023295504,0.05555085158260301,False,0.045,0.975
atr_ratio_60,3,S,1.0051869572906535,1.1846494967819636,0.012371513862239667,0.05549689056155682,-0.019211396782271514,0.010280947366639823,False,0.025,0.655
atr_ratio_60,4,S,1.1846494967819636,,0.00588558604448192,0.023179407409976458,-0.09423824187622329,-0.1054057953068391,False,0.075,0.16
vol_ratio_60,0,B,,0.7267242774782403,0.02253959404130306,0.08314212500025407,-0.27947793783990493,-0.13856381392920325,False,0.055,0.035
vol_ratio_60,1,B,0.7267242774782403,0.9584811377904225,-0.019042471112997353,-0.015921281525149947,-0.02123738355647817,-0.0038434536948205606,False,0.015,0.27
vol_ratio_60,2,B,0.9584811377904225,1.3497939944306778,-0.008889851000247242,-0.10740035663927466,0.05036134748755055,0.028700998934259155,False,0.0,0.27
vol_ratio_60,3,B,1.3497939944306778,1.6808464193246218,0.004564810756681961,-0.017666193098241488,-0.015615850629608317,-0.10624452258364928,False,0.005,0.095
vol_ratio_60,4,B,1.6808464193246218,,0.011990393808172363,0.01410076616354047,-0.3332382927888055,,False,0.015,0.05
vol_ratio_60,0,S,,0.7267242774782403,-0.021230811791346033,-0.06626190707506377,0.22400861985069986,0.13780869408676383,False,0.03,0.885
vol_ratio_60,1,S,0.7267242774782403,0.9584811377904225,0.02029288501139126,-0.010469849194100928,0.002204986930142443,0.032385410145341936,False,0.02,0.655
vol_ratio_60,2,S,0.9584811377904225,1.3497939944306778,0.007878008792351846,0.1069481762550804,-0.03476250214430728,-0.046887569619305146,False,0.025,0.725
vol_ratio_60,3,S,1.3497939944306778,1.6808464193246218,-0.0051793513601984704,0.002462149890709017,0.008467614483600509,0.13065363818285813,False,0.045,0.89
vol_ratio_60,4,S,1.6808464193246218,,-0.010748953397449194,-0.006395741959550228,0.33703805991773955,,False,0.015,0.95
eff12_60,0,B,,0.11584675093695218,-0.03733420176293834,-0.1202061777285686,-0.1424242169988777,0.11165102648255497,False,0.035,0.07
eff12_60,1,B,0.11584675093695218,0.22498969643697972,-0.04135371674193257,0.06240224133424011,-0.05750174377825719,-0.06885947940400555,False,0.015,0.12
eff12_60,2,B,0.22498969643697972,0.36785911711286096,-0.05645560872217966,0.059368844555989654,0.09885900197848692,0.017125525576308243,False,0.01,0.86
eff12_60,3,B,0.36785911711286096,0.5373485295340129,0.06737004606177366,-0.03827363684981443,0.0015468473496608609,-0.09805654842045557,False,0.03,0.195
eff12_60,4,B,0.5373485295340129,,0.0690461109796563,0.038816884904070974,0.07701551326815292,0.028204848702033773,False,0.035,0.97
eff12_60,0,S,,0.11584675093695218,0.046590052292474524,0.09606721465737275,0.12136370315982142,-0.07358957931208401,False,0.01,0.94
eff12_60,1,S,0.11584675093695218,0.22498969643697972,0.016929296497106675,-0.05851157728576044,0.08351450229929491,0.015048449047411582,False,0.005,0.735
eff12_60,2,S,0.22498969643697972,0.36785911711286096,0.051981013768449394,-0.037267820909693494,-0.0875764966984693,-0.04346774858322,False,0.015,0.135
eff12_60,3,S,0.36785911711286096,0.5373485295340129,-0.06160635535743374,0.03250513120086555,0.003173859279452247,0.09390403026004066,False,0.01,0.81
eff12_60,4,S,0.5373485295340129,,-0.054019594259719854,-0.044002066663393916,-0.10407665021578538,0.0045458213975349505,False,0.03,0.045
bbw_60,0,B,,0.5774620787870074,-0.1437026089878212,-0.07312178492482937,-0.01021990401525332,-0.0505692453112707,True,0.075,0.08
bbw_60,1,B,0.5774620787870074,0.7751995418079699,0.09026475036058375,0.016885993592233098,-0.07602322022392378,0.1345035021911903,False,0.06,0.9
bbw_60,2,B,0.7751995418079699,1.0206039178507273,0.07565612561926428,0.026620731655877083,0.055433593890199334,-0.04483798339602054,False,0.025,0.84
bbw_60,3,B,1.0206039178507273,1.4940172130006673,-0.002335893519089117,0.11138892265331084,0.007915086416448277,-0.04409323345437586,False,0.04,0.67
bbw_60,4,B,1.4940172130006673,,-0.05645820916854778,-0.050093319299140536,-0.003407521011478501,0.013147350906061176,False,0.055,0.285
bbw_60,0,S,,0.5774620787870074,0.12187545760918479,0.055625635591172055,-0.012939769858974508,0.08836425877759728,False,0.025,0.89
bbw_60,1,S,0.5774620787870074,0.7751995418079699,-0.07489134146443333,-0.011933926494071634,0.10636088578093555,-0.17078283332014227,False,0.03,0.14
bbw_60,2,S,0.7751995418079699,1.0206039178507273,-0.08407459001858401,-0.04761501535635951,-0.03264298645089566,0.05926912554436205,False,0.035,0.165
bbw_60,3,S,1.0206039178507273,1.4940172130006673,-0.0016172698850502498,-0.1320449252388291,-0.033311664703037744,0.05040493498447401,False,0.075,0.22
bbw_60,4,S,1.4940172130006673,,0.06904337516289379,0.09410108944908589,-0.007571901299315723,-0.027745633123916254,False,0.06,0.755
streak_60,0,B,,-2.0,0.03451388996016813,0.014443064094631655,0.18715229054886032,0.050572439202304295,False,0.035,0.935
streak_60,1,B,-2.0,-1.0,0.02713652284163298,0.05798807949471508,0.04077419752038093,-0.016450032420348537,False,0.005,0.845
streak_60,2,B,-1.0,1.0,0.034118935371753915,-0.02424924226288993,0.026724072957645548,0.011879827868112718,False,0.005,0.77
streak_60,3,B,1.0,2.0,-0.03971874103182124,-0.06659254888705297,0.0066347315956042,-0.04343836371245243,False,0.005,0.01
streak_60,4,B,2.0,,-0.01647153864165442,0.0504650056142405,-0.10646692199905221,0.015631822538827826,False,0.02,0.275
streak_60,0,S,,-2.0,-0.05768572496948902,-0.038176254357186884,-0.1090825755500909,-0.005765837862733991,True,0.025,0.11
streak_60,1,S,-2.0,-1.0,0.025516276326636625,-0.058779721198249646,-0.052759323485873505,9.666710708696172e-05,False,0.02,0.185
streak_60,2,S,-1.0,1.0,-0.017430934504064854,0.032414648663568454,0.00948507482653241,-0.020984700517526086,False,0.0,0.515
streak_60,3,S,1.0,2.0,0.0533294396648827,0.06501785466679529,-0.016878776939605575,0.042854506759301275,False,0.0,0.995
streak_60,4,S,2.0,,-0.025441023619307654,-0.054135079384368415,0.0651891947803205,-0.017296901393735964,False,0.005,0.285
vr15,0,B,,0.6454941526427674,0.004993388353010551,0.026751241847889934,0.08169195073358083,-0.10892644377217989,False,0.05,0.43
vr15,1,B,0.6454941526427674,0.7865415309317776,0.007958332826283762,0.049211459254252125,0.03747186520701324,-0.10117988186914938,False,0.005,0.435
vr15,2,B,0.7865415309317776,0.926899529377554,-0.024672719094333592,0.06683285889683152,0.028093527537422645,0.10556694103584621,False,0.005,0.985
vr15,3,B,0.926899529377554,1.129235500096058,-0.05925649594049623,-0.06168391603585524,-0.004597815543704202,0.11026604773578667,False,0.02,0.465
vr15,4,B,1.129235500096058,,0.0773958482008181,-0.10889934055614242,-0.14326736139345073,0.008308645738743134,False,0.005,0.07
vr15,0,S,,0.6454941526427674,-0.06730783861693894,0.005647248623730856,-0.09735299720233921,0.1114940921823491,False,0.015,0.36
vr15,1,S,0.6454941526427674,0.7865415309317776,-0.012095348984294204,-0.0584217798736463,-0.029770497528025568,0.12031622108463566,False,0.015,0.65
vr15,2,S,0.7865415309317776,0.926899529377554,0.0412658068732037,-0.049427109079197215,-0.022101621604479465,-0.06776124102256222,False,0.03,0.115
vr15,3,S,0.926899529377554,1.129235500096058,0.09772255014238661,0.07041146038766366,0.031970870648695575,-0.12903943900684103,False,0.015,0.78
vr15,4,S,1.129235500096058,,-0.0832624973602514,0.051759536924794285,0.12176298339878514,-0.061828379452537885,False,0.02,0.605
skew120,0,B,,-0.43624909347025603,0.055214631460064355,0.035132096897522176,-0.08378519169008447,0.010107269045246906,False,0.015,0.625
skew120,1,B,-0.43624909347025603,-0.16903978884360787,-0.03684447918947225,-0.01455945317926095,0.05529294383723209,-0.009004854541857383,False,0.015,0.46
skew120,2,B,-0.16903978884360787,0.02712458391385656,-0.0294689065676341,0.03223637478470011,-0.0041262936975574845,0.08815316803033971,False,0.01,0.92
skew120,3,B,0.02712458391385656,0.2944937468600513,0.04032867407147069,-0.0034461792156591504,-0.0011635771250868255,-0.04770062140550099,False,0.01,0.44
skew120,4,B,0.2944937468600513,,-0.015581327933485347,-0.05023119649943099,0.012023630936998285,-0.028128743647717714,False,0.01,0.14
skew120,0,S,,-0.43624909347025603,-0.05384876697742986,-0.013146125549986,0.1456365522345637,-0.02547576752183744,False,0.035,0.635
skew120,1,S,-0.43624909347025603,-0.16903978884360787,0.03405066037969694,-0.025665663438549743,-0.02832837494117211,0.05160233605245772,False,0.015,0.57
skew120,2,S,-0.16903978884360787,0.02712458391385656,0.005202664967180006,-0.030530271680314885,-0.01642101779195429,-0.05953578603053595,False,0.005,0.045
skew120,3,S,0.02712458391385656,0.2944937468600513,-0.0438670830217112,0.014073765998046293,-0.0329851793236281,0.0345451962559908,False,0.005,0.39
skew120,4,S,0.2944937468600513,,0.033207224525806114,0.028423542395732772,-0.02368871035117344,-0.003705533140408123,False,0.025,0.74
rv30_rel,0,B,,0.6648631402778014,-0.03959512701901341,-0.010897212703768267,0.09999892517010474,-0.08212453772137557,False,0.075,0.415
rv30_rel,1,B,0.6648631402778014,0.8450734919524744,0.0880564282563701,-0.006923753096306575,-0.03883401693542556,-0.006414861627997921,False,0.035,0.625
rv30_rel,2,B,0.8450734919524744,1.0740881825084458,0.0493258019196495,0.03470278735789453,-0.06006346040644622,0.014765412219944827,False,0.0,0.695
rv30_rel,3,B,1.0740881825084458,1.4948512157569798,-0.018236095389555278,0.031031793964830686,-0.01850684388455683,-0.0017073576322980096,False,0.02,0.43
rv30_rel,4,B,1.4948512157569798,,-0.06087574978248669,-0.057418677191296716,0.03541035252950207,0.08178822726398104,False,0.045,0.545
rv30_rel,0,S,,0.6648631402778014,0.0342266865357167,0.030912223574906562,-0.16350788562777316,0.0741434249133048,False,0.04,0.445
rv30_rel,1,S,0.6648631402778014,0.8450734919524744,-0.0769942320856424,-0.0016931285116066057,0.031025600263071773,0.03100957973103344,False,0.015,0.445
rv30_rel,2,S,0.8450734919524744,1.0740881825084458,-0.04671588314043481,-0.04399379592142057,0.037071251078421026,0.01843590480640445,False,0.0,0.325
rv30_rel,3,S,1.0740881825084458,1.4948512157569798,0.011561263996588661,-0.02598426245754984,0.0521258506415837,-0.02928232977924767,False,0.035,0.555
rv30_rel,4,S,1.4948512157569798,,0.05830213086878909,0.0444452041477461,0.003252573742908014,-0.111715758268397,False,0.025,0.43
v15_rel,0,B,,0.8155917704637761,-0.03212680329655933,0.0035501715954716936,-0.0022260650904001034,0.0729228703928365,False,0.045,0.515
v15_rel,1,B,0.8155917704637761,0.9332479010652217,0.026744282957243414,0.00605760386466748,0.20074566413493503,-0.10548775127891537,False,0.025,0.945
v15_rel,2,B,0.9332479010652217,1.0445476665074251,0.09004249142497048,0.030322148343526742,-0.02253385188289067,-0.003697216189078288,False,0.025,0.82
v15_rel,3,B,1.0445476665074251,1.2166609556443937,-0.02099296571782884,-0.006697448599971541,-0.10847582077005005,0.042782375498742815,False,0.045,0.205
v15_rel,4,B,1.2166609556443937,,-0.051714878535946876,-0.03368007011193003,0.04808823013549901,0.10894649395993398,False,0.045,0.67
v15_rel,0,S,,0.8155917704637761,0.030470287417253095,0.0017002774047108135,-0.025085386698770674,-0.09794172918113064,False,0.055,0.37
v15_rel,1,S,0.8155917704637761,0.9332479010652217,-0.012275342101916038,-0.014405748152217885,-0.20607912604713596,0.14567460363411014,False,0.015,0.125
v15_rel,2,S,0.9332479010652217,1.0445476665074251,-0.09223489761597108,-0.023219811467046752,0.026084329054608165,0.0028771558390995205,False,0.01,0.2
v15_rel,3,S,1.0445476665074251,1.2166609556443937,0.003066247745603505,0.012508830086963863,0.10101742423460827,-0.05505552850932934,False,0.025,0.74
v15_rel,4,S,1.2166609556443937,,0.05730316030255808,0.0222045380592087,-0.0015784235266343462,-0.15207826867769492,False,0.02,0.335
rng15_rel,0,B,,0.6274029030991644,-0.027854331313091868,0.006065946306717179,0.05895472776538549,-0.04570563916197159,False,0.06,0.47
rng15_rel,1,B,0.6274029030991644,0.8406364555807105,0.037926380172155515,0.004297729557017394,-0.03543068931187361,0.0032356300124022834,False,0.02,0.525
rng15_rel,2,B,0.8406364555807105,1.1062981733060304,0.04270178235287948,0.012643930416483878,-0.05180786395115513,-0.013860120876816836,False,0.0,0.35
rng15_rel,3,B,1.1062981733060304,1.581836560930465,0.012045714919145965,-0.00791170410123154,-0.013387428681889761,0.007405023577849098,False,0.005,0.45
rng15_rel,4,B,1.581836560930465,,-0.05049317740328883,-0.01483992066444768,0.04578542106058475,0.05680050015419129,False,0.005,0.665
rng15_rel,0,S,,0.6274029030991644,0.022358784379515145,0.00950495023915588,-0.10666570344133408,0.0603458076787028,False,0.04,0.43
rng15_rel,1,S,0.6274029030991644,0.8406364555807105,-0.030591201217768482,-0.009405484049174812,-0.0018341388369143802,0.014799347187846845,False,0.015,0.395
rng15_rel,2,S,0.8406364555807105,1.1062981733060304,-0.05092902629744856,-0.011902126402512928,0.03996769256872421,0.00239605091966753,False,0.0,0.425
rng15_rel,3,S,1.1062981733060304,1.581836560930465,-0.0066046790968363875,0.002226517652510907,0.030236381472118937,-0.012223907601776501,False,0.01,0.595
rng15_rel,4,S,1.581836560930465,,0.052407459946044205,0.010049144396593039,0.008394156692616962,-0.0726318338102893,False,0.03,0.445
range_used,0,B,,0.3370517303407026,-0.052640387872342945,0.06247224865263805,0.15708408263445528,-0.18795614135156855,False,0.05,0.42
range_used,1,B,0.3370517303407026,0.4799580026804994,0.009871472149795254,-0.15733660746636818,-0.12781634443546352,-0.03216635847058326,False,0.035,0.015
range_used,2,B,0.4799580026804994,0.6646289100792159,-0.0005268661532034498,0.10257255988221074,-0.015879835695679096,-0.003959676045128077,False,0.025,0.73
range_used,3,B,0.6646289100792159,0.9370097903044501,0.13187007142426554,0.07579391997512197,-0.09266381704206664,0.07984424427008228,False,0.035,0.95
range_used,4,B,0.9370097903044501,,-0.08242603341635382,-0.06155522813994403,0.12453986651468751,0.007912944879652769,False,0.08,0.45
range_used,0,S,,0.3370517303407026,0.04257354984916486,0.004711503740189675,-0.24830354744375668,0.07789325056050242,False,0.045,0.285
range_used,1,S,0.3370517303407026,0.4799580026804994,-0.03719349953129765,0.09181047374096195,0.0848586840126387,0.0906634845891101,False,0.06,0.9
range_used,2,S,0.4799580026804994,0.6646289100792159,0.026877300653503407,-0.10171404609843955,0.05443257275106251,-0.03080660436446254,False,0.04,0.38
range_used,3,S,0.6646289100792159,0.9370097903044501,-0.1309271414549313,-0.06313692952610343,0.1140430427714297,-0.06771133145607759,False,0.025,0.13
range_used,4,S,0.9370097903044501,,0.09532290536799078,0.05612143462131775,-0.1258729017293678,0.006449950111716207,False,0.055,0.625
day_pos,0,B,,0.2558834327673169,0.01469877740070798,-0.014777268942970717,0.0813828471085088,-0.048456789488109685,False,0.01,0.56
day_pos,1,B,0.2558834327673169,0.4964079485341132,0.03382550859806093,-0.018960835094546918,0.06299113957717543,-0.12596007764747277,False,0.01,0.305
day_pos,2,B,0.4964079485341132,0.7175843171148554,0.00013573163482555518,-0.038494139248192456,-0.07875764598895135,0.00116278013385676,False,0.035,0.17
day_pos,3,B,0.7175843171148554,0.8891485372376953,-0.013839224881708303,0.010846765347055412,-0.08465705501054807,0.13311714446468179,False,0.015,0.74
day_pos,4,B,0.8891485372376953,,-0.036116658629891135,0.05665498710512475,0.030214056431642676,0.04755903358064132,False,0.03,0.895
day_pos,0,S,,0.2558834327673169,-0.03261939725937123,0.006726855497992905,-0.003973178562677867,0.07652192940048166,False,0.055,0.705
day_pos,1,S,0.2558834327673169,0.4964079485341132,-0.02918273414784136,0.06976200759189871,-0.05900084308428741,0.03777369410992809,False,0.015,0.58
day_pos,2,S,0.4964079485341132,0.7175843171148554,-0.006094570805445312,5.009990002511979e-05,0.10097973532029529,0.04668297852624575,False,0.015,0.89
day_pos,3,S,0.7175843171148554,0.8891485372376953,0.02994060880895754,-0.0006488360803434579,0.018007795413374154,-0.17254051388156524,False,0.015,0.05
day_pos,4,S,0.8891485372376953,,0.038450218693206833,-0.07129403143825933,-0.06141456280193025,-0.0037398223628264003,False,0.045,0.09
pos4,0,B,,0.24905095561414015,0.02016729482889073,-0.007261456246155475,0.06199239702769721,0.03949541222673626,False,0.015,0.875
pos4,1,B,0.24905095561414015,0.47597158478287754,-0.019961854523082967,-0.03855318365790647,-0.02983125412145694,-0.06147891535698633,False,0.015,0.02
pos4,2,B,0.47597158478287754,0.7007909713938643,-0.0038279948268268894,-0.040999770686009324,0.0018172696764070817,-0.06798850729434464,False,0.005,0.03
pos4,3,B,0.7007909713938643,0.8734821778299858,-0.00048275135112097194,0.04782761831308627,-0.0005891287438877721,0.05106190460981922,False,0.005,0.95
pos4,4,B,0.8734821778299858,,0.005435507868183043,0.03436091373513493,-0.027550612266454146,0.03903140074653193,False,0.02,0.74
pos4,0,S,,0.24905095561414015,-0.02633166496012292,0.0096201991606182,0.01914969703177262,-0.008839803551808722,False,0.015,0.49
pos4,1,S,0.24905095561414015,0.47597158478287754,0.020894802242059893,0.05172677412902123,0.01524166817418949,0.05671227465817964,False,0.01,0.99
pos4,2,S,0.47597158478287754,0.7007909713938643,0.01464426518263336,0.03290457460808563,-0.006518603532975843,0.035019772144464015,False,0.0,0.885
pos4,3,S,0.7007909713938643,0.8734821778299858,0.0017261306668981354,-0.03637595319432305,-0.02719995246112024,-0.08329304760401758,False,0.005,0.02
pos4,4,S,0.8734821778299858,,-0.013821321874704546,-0.05228090234379695,0.0018665485722370624,-0.0032863274167859013,False,0.025,0.175
ret_prevclose,0,B,,-0.0045689469633796165,0.10585576085643278,-0.005238614587608963,0.11782392308049619,-0.13310764556222357,False,0.025,0.675
ret_prevclose,1,B,-0.0045689469633796165,-6.255064601101701e-05,0.03105051907618396,-0.06448732654753205,0.05838785325966244,0.045244940045417084,False,0.02,0.765
ret_prevclose,2,B,-6.255064601101701e-05,0.0029023147363127512,-0.04218886955685899,0.056168108039362924,-0.13934727191479815,0.02848710343023677,False,0.065,0.265
ret_prevclose,3,B,0.0029023147363127512,0.00714037872294182,-0.13544548276615698,0.005687452772821803,-0.14168168925984098,-0.07545394852980845,False,0.03,0.015
ret_prevclose,4,B,0.00714037872294182,,-0.0015605168806285465,0.0040960130828777185,0.017765820811980512,0.11471229679754794,False,0.025,0.8
ret_prevclose,0,S,,-0.0045689469633796165,-0.1290196924734935,0.021476908974551314,-0.10038341660762612,0.11289129844057003,False,0.055,0.3
ret_prevclose,1,S,-0.0045689469633796165,-6.255064601101701e-05,-0.02941461136876594,0.06293729997155689,-0.03157503183182445,-0.00018394688034161435,False,0.04,0.455
ret_prevclose,2,S,-6.255064601101701e-05,0.0029023147363127512,0.042631409664692047,-0.04411876277270915,0.18811340735539026,-0.06866870348579289,False,0.015,0.8
ret_prevclose,3,S,0.0029023147363127512,0.00714037872294182,0.1870512489823522,-0.000576591778616893,0.04076443882606639,0.016057259773533474,False,0.03,0.985
ret_prevclose,4,S,0.00714037872294182,,-0.016309775592556107,-0.038511775042701514,-0.011686180185214716,-0.08055024590560109,False,0.035,0.175
prev_day_ret,0,B,,-0.005206067760091693,-0.0019933417725330246,0.10863309580649118,0.017582922016933355,0.0764228191822971,False,0.02,0.905
prev_day_ret,1,B,-0.005206067760091693,0.00046683944013037326,-0.04613562001951482,-0.07411416850670402,-0.1221756458445842,-0.16738947270155638,True,0.055,0.02
prev_day_ret,2,B,0.00046683944013037326,0.004628289909355265,-0.027770969605263564,0.03962711011782417,-0.020194196882176652,-0.058097761763906866,False,0.07,0.335
prev_day_ret,3,B,0.004628289909355265,0.01043991610415751,-0.159560618502657,-0.04052526830664126,-0.007460853899864439,0.2819949181886783,False,0.07,0.605
prev_day_ret,4,B,0.01043991610415751,,0.10704383250374712,0.05651291378030775,0.05991181882055526,-0.02232759017745132,False,0.1,0.86
prev_day_ret,0,S,,-0.005206067760091693,-0.013830815165328096,-0.1499778421380574,0.014674999619496453,-0.0946185254091032,False,0.045,0.075
prev_day_ret,1,S,-0.005206067760091693,0.00046683944013037326,0.05393518095912542,0.06752953060031076,0.10245165078750396,0.17317571910176355,False,0.06,0.98
prev_day_ret,2,S,0.00046683944013037326,0.004628289909355265,0.06305827478150096,-0.002597415231054566,0.008690945399231395,0.06856663045896412,False,0.065,0.78
prev_day_ret,3,S,0.004628289909355265,0.01043991610415751,0.12897228478551956,0.03581808411253562,0.019149254132868422,-0.24223673587070751,False,0.005,0.325
prev_day_ret,4,S,0.01043991610415751,,-0.11162754872420443,-0.03799340413963593,-0.07232947851253387,0.019690228159669053,False,0.095,0.15
gap,0,B,,-0.005067097884699945,0.2032658669194603,-0.11776044520053587,-0.0318359881641991,-0.13152369613193762,False,0.055,0.34
gap,1,B,-0.005067097884699945,0.00014184623478241676,-0.048716154582040025,0.08344185847349042,-0.028668127126325472,0.06190309717646219,False,0.07,0.595
gap,2,B,0.00014184623478241676,0.0024411115734075395,-0.06291203548134738,0.07165703463411151,-0.09465610203607572,0.14390466846209904,False,0.03,0.68
gap,3,B,0.0024411115734075395,0.006245237783041535,-0.01784140176796719,0.08668926650187989,0.2613412190537541,-0.047972070871419824,False,0.05,0.855
gap,4,B,0.006245237783041535,,-0.12087542206373267,-0.11292901293621356,-0.022678660774794794,0.06687798723429857,False,0.075,0.205
gap,0,S,,-0.005067097884699945,-0.22520366830445476,0.08271849862657758,0.031690054876550564,0.10776724720564207,False,0.075,0.515
gap,1,S,-0.005067097884699945,0.00014184623478241676,0.06726819270344829,-0.0627443540374087,0.029403275360691858,-0.08976300166878266,False,0.03,0.405
gap,2,S,0.00014184623478241676,0.0024411115734075395,0.09271193519583917,-0.09741159087652075,0.10222856528468967,-0.0794267612734889,False,0.07,0.51
gap,3,S,0.0024411115734075395,0.006245237783041535,-0.008289517742780049,-0.0753249286512392,-0.2636016420285489,0.06080184803100842,False,0.075,0.15
gap,4,S,0.006245237783041535,,0.14313754083068667,0.09944368801071309,0.0018523154687431669,-0.06258574230688142,False,0.065,0.79
d_vwap,0,B,,-1.0527682319824616,0.04004679514704447,-4.507187129720731e-05,0.019808460365347124,0.010692894522063043,False,0.045,0.655
d_vwap,1,B,-1.0527682319824616,-0.13565685475686654,-0.01865320447861352,-0.035631786539870834,0.018236766692755067,0.044874537640694385,False,0.03,0.495
d_vwap,2,B,-0.13565685475686654,0.708225747712102,-0.060778538067704876,-0.028594441257376334,-0.061343866301184526,-0.04386777863419794,True,0.025,0.03
d_vwap,3,B,0.708225747712102,1.3195237112424805,0.08947271829057922,-0.018239960533823284,-0.035878051488054744,0.01378173095564925,False,0.015,0.715
d_vwap,4,B,1.3195237112424805,,-0.0002949396775827747,0.06347906316873729,0.06004028426374161,-0.009851910594917655,False,0.055,0.82
d_vwap,0,S,,-1.0527682319824616,-0.030462371694610683,-0.0023566637001393386,-0.017173401709230516,0.00567006718572348,False,0.045,0.38
d_vwap,1,S,-1.0527682319824616,-0.13565685475686654,-0.0038734747777949908,0.06432907301901891,-0.015607526077599175,-0.06683925429597322,False,0.025,0.49
d_vwap,2,S,-0.13565685475686654,0.708225747712102,0.06376519687498214,0.06323584606704316,0.0363751912223903,0.049933816692564977,False,0.015,0.975
d_vwap,3,S,0.708225747712102,1.3195237112424805,-0.0983835247438443,-0.020017814202768276,0.03913956644798104,0.0029433982405005854,False,0.025,0.225
d_vwap,4,S,1.3195237112424805,,0.027746530831052503,-0.08743631916406863,-0.05335997134532331,-0.02364269442951772,False,0.015,0.125
d_pdh,0,B,,-7.5010887650520655,-0.08074439441159753,-0.013790819686962701,-0.08281416636686673,0.08795076308992518,False,0.06,0.335
d_pdh,1,B,-7.5010887650520655,5.1432036984224405,0.028584477987858774,0.054877404170766725,-0.03413962706654832,-0.000850316256861835,False,0.04,0.655
d_pdh,2,B,5.1432036984224405,15.282234145085766,0.0684418559981499,-0.010992581270957947,0.006183043795452938,0.08235833236533066,False,0.005,0.89
d_pdh,3,B,15.282234145085766,29.832056578411137,0.007223449952472533,-0.09599434256162588,0.0024076352778201666,-0.019606358669878473,False,0.04,0.17
d_pdh,4,B,29.832056578411137,,-0.025858087773950926,0.07157471871404389,0.16509181407662019,-0.13089339122102198,False,0.05,0.685
d_pdh,0,S,,-7.5010887650520655,0.10587211529077341,0.024903326145898835,0.036538757743611296,-0.06425771213059173,False,0.015,0.68
d_pdh,1,S,-7.5010887650520655,5.1432036984224405,0.01971938670577318,-0.10251973958082128,0.05533576055483059,0.05682623379991637,False,0.025,0.54
d_pdh,2,S,5.1432036984224405,15.282234145085766,-0.07520455193164406,0.01207106668285588,-0.02739077002557453,-0.11655052913504298,False,0.025,0.055
d_pdh,3,S,15.282234145085766,29.832056578411137,-0.03291181210892198,0.11974158832574706,0.007421680799535685,-0.005498206651882044,False,0.025,0.79
d_pdh,4,S,29.832056578411137,,-0.008398716422367433,-0.05895077336797682,-0.1318670842414805,0.11464449058924361,False,0.04,0.325
d_pdl,0,B,,3.0478713954022187,0.10555387930860297,-0.023128676267484855,0.0418624299547125,-0.03923424551193147,False,0.02,0.66
d_pdl,1,B,3.0478713954022187,18.36981818304117,-0.006952896614669577,0.032975581686006394,0.0673524769984971,-0.017193085467928075,False,0.02,0.745
d_pdl,2,B,18.36981818304117,32.069713480004175,-0.10980752011091183,-0.07039367286949982,0.03834419547068543,0.008811156539940437,False,0.05,0.135
d_pdl,3,B,32.069713480004175,51.85386431716968,0.03152695038753564,-0.007879365426758895,-0.07577393652771475,-0.0927785500018794,False,0.035,0.165
d_pdl,4,B,51.85386431716968,,-0.04096746913000256,0.05949141542342461,-0.09034248506120367,0.19004122615435812,False,0.035,0.835
d_pdl,0,S,,3.0478713954022187,-0.11895988944165352,0.029944530834915144,-0.03288592131907043,0.01817840051640163,False,0.07,0.285
d_pdl,1,S,3.0478713954022187,18.36981818304117,0.029396369611914178,-0.013330708540787193,-0.06329256834306261,-0.00479575266775956,False,0.015,0.335
d_pdl,2,S,18.36981818304117,32.069713480004175,0.09079330436682279,0.08206069216350076,0.01987328282637302,0.035674681891652585,False,0.025,0.975
d_pdl,3,S,32.069713480004175,51.85386431716968,-0.05585528268394964,-0.025058719748193636,0.08458614978430588,0.06993014487814828,False,0.045,0.62
d_pdl,4,S,51.85386431716968,,0.08202262732097823,-0.06483964281444782,0.027578266221860576,-0.13738609912816735,False,0.005,0.225
vix,0,B,,15.9399995803833,0.14235653856978026,0.05166699581758604,,-0.4256267164092803,False,0.09,0.16
vix,1,B,15.9399995803833,16.770000457763672,0.05853708686467822,-0.07023049014088102,,0.03034361252156756,False,0.07,0.735
vix,2,B,16.770000457763672,18.209999084472656,0.04310198526701276,-0.05539722095401775,-0.0997707831929767,0.05774943322721223,False,0.08,0.465
vix,3,B,18.209999084472656,21.649999618530273,-0.015175604179448599,0.14534116988506393,0.15219585297005522,0.03021519034161636,False,0.04,0.965
vix,4,B,21.649999618530273,,-0.07155801740483862,-0.0009622139942675051,-0.11118250370999298,-0.07084894658852678,True,0.0,0.105
vix,0,S,,15.9399995803833,-0.10552411920042185,-0.014640304070849987,,0.3614720157594038,False,0.015,0.825
vix,1,S,15.9399995803833,16.770000457763672,-0.014109132492657868,0.058377733132498354,,-0.01279511991307465,False,0.025,0.315
vix,2,S,16.770000457763672,18.209999084472656,-0.02379542375159073,0.020341399130860353,0.06357647031881651,-0.060529491331883754,False,0.015,0.37
vix,3,S,18.209999084472656,21.649999618530273,0.005203224275670373,-0.148743811826136,-0.15969806688158245,-0.014118804090481414,False,0.06,0.035
vix,4,S,21.649999618530273,,0.04403999066266359,0.023847992688254625,0.14126621529476208,0.04368416942262547,False,0.05,0.885
vix3m,0,B,,18.530000686645508,0.06296817162774745,0.06305600088753426,,,False,0.0,0.85
vix3m,1,B,18.530000686645508,19.549999237060547,-0.0909877761937067,-0.040094596380231676,,-0.15213382423657557,False,0.08,0.14
vix3m,2,B,19.549999237060547,20.239999771118164,0.1713833018284158,-0.014825123683367747,,0.09583408484359446,False,0.045,0.965
vix3m,3,B,20.239999771118164,22.09000015258789,-0.008957261061330733,-0.004379690601368125,0.0875813710849493,0.003087105430231499,False,0.045,0.635
vix3m,4,B,22.09000015258789,,-0.08731904751055614,0.06656295374405684,-0.09517746933603195,-0.07084894658852678,False,0.005,0.105
vix3m,0,S,,18.530000686645508,-0.0325722776250141,-0.02178120347918733,,,False,0.0,0.25
vix3m,1,S,18.530000686645508,19.549999237060547,0.053626579823265255,0.029913007997566455,,0.16675634816041493,False,0.05,0.83
vix3m,2,S,19.549999237060547,20.239999771118164,-0.09379692265756828,-0.009345238476056774,,-0.10459607735156012,False,0.055,0.11
vix3m,3,S,20.239999771118164,22.09000015258789,-0.02030101433514365,0.0026230888864906218,-0.11279217740252889,-0.001674233997968163,False,0.05,0.245
vix3m,4,S,22.09000015258789,,0.06330731061998675,-0.052035387704500675,0.12257485665144337,0.04368416942262547,False,0.195,0.855
vix_ts,0,B,,0.8424926782797811,0.15129736601522972,0.03878096452627256,0.0421197098437897,-0.1325067091341038,False,0.145,0.665
vix_ts,1,B,0.8424926782797811,0.8613917308835928,0.1648391563808919,-0.12983444560366814,0.002918376853666331,0.14759292396787288,False,0.115,0.815
vix_ts,2,B,0.8613917308835928,0.9004247023514574,0.0060893088359097,0.06052489590755513,0.09719014634532608,0.1139769920255749,False,0.1,0.985
vix_ts,3,B,0.9004247023514574,0.9629108433579582,0.019328511228370218,0.11338747597542581,0.01844173259255645,0.020594795198207578,False,0.02,0.76
vix_ts,4,B,0.9629108433579582,,-0.0902475339583375,0.02147650512138204,-0.10559403817723574,0.0002335117200168173,False,0.015,0.29
vix_ts,0,S,,0.8424926782797811,-0.0866130060528336,-0.002606797987839131,-0.08611835647544198,0.1231510714559611,False,0.04,0.44
vix_ts,1,S,0.8424926782797811,0.8613917308835928,-0.1320023784972504,0.09078400575470014,-0.02351355771109242,-0.107795678457543,False,0.04,0.23
vix_ts,2,S,0.8613917308835928,0.9004247023514574,0.005351976053714866,-0.0489484364169238,-0.12196977229607478,-0.07988393262125798,False,0.0,0.06
vix_ts,3,S,0.9004247023514574,0.9629108433579582,-0.0224124592423873,-0.15805928384570486,-0.026286578664184705,-0.02495734206034452,False,0.06,0.11
vix_ts,4,S,0.9629108433579582,,0.06812006663164716,-0.017820923900420057,0.14695338258953133,-0.06869691318718515,False,0.06,0.63
vix_chg1,0,B,,-0.06050419611347535,0.030307487213987298,0.05496861629126518,0.10167620078129454,-0.002668392195124746,False,0.045,0.79
vix_chg1,1,B,-0.06050419611347535,-0.01974759802757342,0.15123335066482183,-0.0016021785723807763,-0.04945230925292141,-0.022390227638057203,False,0.045,0.61
vix_chg1,2,B,-0.01974759802757342,0.009140744663317601,-0.07060320293471305,0.0033494051717266127,0.006178248699547219,-0.0039009171609161787,False,0.06,0.42
vix_chg1,3,B,0.009140744663317601,0.048780558720578515,-0.06660827344467017,-0.13560168401109962,0.03113675360129604,0.06877777514793022,False,0.1,0.43
vix_chg1,4,B,0.048780558720578515,,-0.06155608026641596,0.11043852887092036,-0.004271717582070678,0.03518109582236789,False,0.03,0.685
vix_chg1,0,S,,-0.06050419611347535,-0.06379682308859316,0.033428470693973644,-0.13599097024212276,-0.005473558694069613,False,0.055,0.205
vix_chg1,1,S,-0.06050419611347535,-0.01974759802757342,-0.13774595120322033,-0.021164817170497174,0.05997048633040354,0.02317803397285977,False,0.025,0.36
vix_chg1,2,S,-0.01974759802757342,0.009140744663317601,0.06126875337752646,-0.01818426902652338,-0.031617878542612096,0.003920674659483272,False,0.07,0.5
vix_chg1,3,S,0.009140744663317601,0.048780558720578515,0.13460795123312838,0.10456590666479709,-0.0026787179280325308,-0.03371135996111877,False,0.01,0.75
vix_chg1,4,S,0.048780558720578515,,0.031979143757857625,-0.10341429535559878,0.02630727128781495,-0.0582582144047872,False,0.045,0.26
ndx_ret5d,0,B,,-0.02031165393717127,-0.033109980834073925,0.15710933650267403,-0.15932327391308448,0.05301906379433773,False,0.07,0.58
ndx_ret5d,1,B,-0.02031165393717127,0.0025034751490171647,-0.13906180135694676,-0.015701767164158963,-0.08628834957042036,-0.03517710270327916,True,0.05,0.02
ndx_ret5d,2,B,0.0025034751490171647,0.011530411761500714,0.17034593460700762,-0.052102949905362454,0.15801354929806496,-0.48923772590249476,False,0.04,0.295
ndx_ret5d,3,B,0.011530411761500714,0.022287457094426033,-0.03159723591171724,0.055973819692043424,-0.026274366500515307,-0.08243692717456771,False,0.06,0.36
ndx_ret5d,4,B,0.022287457094426033,,0.055007592622331986,-0.11016625547906835,0.10704732545747365,-0.006700166409097616,False,0.065,0.595
ndx_ret5d,0,S,,-0.02031165393717127,0.034830697160257516,-0.15882270060363296,0.15854768282960915,-0.05462384395647841,False,0.07,0.405
ndx_ret5d,1,S,-0.02031165393717127,0.0025034751490171647,0.11013003766205301,-0.019865546976530046,0.11980897290338743,0.008836674249486049,False,0.11,0.895
ndx_ret5d,2,S,0.0025034751490171647,0.011530411761500714,-0.18136241181224486,0.11875310646244301,-0.1925079953436712,0.4331933298361295,False,0.03,0.625
ndx_ret5d,3,S,0.011530411761500714,0.022287457094426033,0.10881153738002478,-0.06698509503737365,0.0015693617740132734,0.04838857888854443,False,0.115,0.615
ndx_ret5d,4,S,0.022287457094426033,,-0.06632354441176254,0.07592474404222913,-0.12679165915619453,0.05919791567926454,False,0.01,0.275
ndx_d200,0,B,,0.019603830635044783,-0.08897251757742433,,-0.05824357423764543,,False,0.0,0.0
ndx_d200,1,B,0.019603830635044783,0.0814602252433585,0.025905328876871223,,-0.010906166788648496,-0.0010940431308772349,False,0.0,0.46
ndx_d200,2,B,0.0814602252433585,0.10398685711647371,0.11506544463243251,0.09571035290526403,0.18817502319535337,0.01605935062438696,False,0.115,0.945
ndx_d200,3,B,0.10398685711647371,0.13041254369557764,0.0439297358145531,-3.958351438299288e-05,0.21390954711684673,0.0398951223189456,False,0.08,0.91
ndx_d200,4,B,0.13041254369557764,,,-0.04688205405325825,-0.08396953505503155,-0.018625152330411916,False,0.0,0.285
ndx_d200,0,S,,0.019603830635044783,0.057702082571743224,,0.06843498844737055,,False,0.025,0.96
ndx_d200,1,S,0.019603830635044783,0.0814602252433585,-0.015476606850706315,,0.008707875378952633,-0.018259270771246006,False,0.015,0.56
ndx_d200,2,S,0.0814602252433585,0.10398685711647371,-0.07350309615583675,-0.1379374395523942,-0.2179188921751909,0.02224305940837412,False,0.005,0.115
ndx_d200,3,S,0.10398685711647371,0.13041254369557764,-0.05069246958544055,0.034220291260262437,-0.2443090980896384,-0.015504800779713552,False,0.065,0.115
ndx_d200,4,S,0.13041254369557764,,,0.036200456855764104,0.10513837334326323,0.0198627094149383,False,0.01,0.65
hyg_ret1,0,B,,-0.001773491073202793,0.04637328589979557,-0.09831565298041658,0.09190060634637742,0.1259540679371143,False,0.04,0.845
hyg_ret1,1,B,-0.001773491073202793,-0.00025331483033708135,-0.08691199521918563,-0.04297133299212328,-0.12751502307266005,-0.07636948012768356,True,0.06,0.05
hyg_ret1,2,B,-0.00025331483033708135,0.0008710763351487127,-0.014109308570204003,0.01884867113244826,-0.23657944611299753,-0.00422955654510629,False,0.035,0.145
hyg_ret1,3,B,0.0008710763351487127,0.0023947876251100286,0.02247652249070577,0.02548185745189019,-0.002088584951557853,-0.0403267600003162,False,0.035,0.58
hyg_ret1,4,B,0.0023947876251100286,,0.007544224283145529,0.09903342357173395,0.07958138279848474,0.4167825777910028,False,0.015,0.985
hyg_ret1,0,S,,-0.001773491073202793,-0.07760625745519588,0.10527105002187769,-0.0877934352133636,-0.1426595589366932,False,0.05,0.11
hyg_ret1,1,S,-0.001773491073202793,-0.00025331483033708135,0.10139203996289879,0.0004024673112378157,0.10006063364642294,0.116849193464951,False,0.08,0.97
hyg_ret1,2,S,-0.00025331483033708135,0.0008710763351487127,0.04925939654955798,0.025120835254616176,0.2318732748521443,0.028616852025653693,False,0.04,0.95
hyg_ret1,3,S,0.0008710763351487127,0.0023947876251100286,0.004477939065979716,-0.009968746314467208,0.05343242848745882,0.02008312069259033,False,0.055,0.58
hyg_ret1,4,S,0.0023947876251100286,,-0.037519739372395104,-0.14099724743703432,-0.09876104011599435,-0.3870714059158434,True,0.045,0.015
tlt_ret1,0,B,,-0.0064044909530811545,0.06746722368220337,-0.11299173539333532,-0.011263051979674399,0.0025665921902250127,False,0.015,0.44
tlt_ret1,1,B,-0.0064044909530811545,-0.00189844547790341,0.04657333486469373,-0.04947383581239034,0.04467200112565615,0.059400269082714154,False,0.02,0.735
tlt_ret1,2,B,-0.00189844547790341,0.0017786089788545123,0.010723471310824208,0.1564170242299628,-0.3074311315323076,-0.1995670205463754,False,0.035,0.05
tlt_ret1,3,B,0.0017786089788545123,0.005698347890843225,-0.003680162052921128,-0.06293750299903471,0.11906733758757025,0.10762057455924469,False,0.045,0.85
tlt_ret1,4,B,0.005698347890843225,,-0.10949497739040503,0.04863769872390608,0.07878235561113062,0.030799258242769467,False,0.055,0.465
tlt_ret1,0,S,,-0.0064044909530811545,-0.0863473480248283,0.13803287114559337,-0.010804139343503487,0.022338844553250504,False,0.065,0.62
tlt_ret1,1,S,-0.0064044909530811545,-0.00189844547790341,-0.01726177059043048,0.06584696766164974,-0.027092782721076996,-0.06399521202454597,False,0.005,0.375
tlt_ret1,2,S,-0.00189844547790341,0.0017786089788545123,0.006514060191654532,-0.19373145171082012,0.31261711564097955,0.18659860091739908,False,0.035,0.955
tlt_ret1,3,S,0.0017786089788545123,0.005698347890843225,-0.01284927652536339,0.08367195953967263,-0.13544818776260786,-0.08838947681329529,False,0.03,0.13
tlt_ret1,4,S,0.005698347890843225,,0.10918104243837014,-0.07167735146616845,-0.07399182930760882,-0.03570319868739238,False,0.07,0.48
