Datetime,Close
2024-02-08 05:00:00+00:00,79.55000305175781
2024-02-08 06:00:00+00:00,79.56999969482422
2024-02-08 07:00:00+00:00,79.47000122070312
2024-02-08 08:00:00+00:00,79.31999969482422
2024-02-08 09:00:00+00:00,79.3499984741211
2024-02-08 10:00:00+00:00,79.9000015258789
2024-02-08 11:00:00+00:00,80.04000091552734
2024-02-08 12:00:00+00:00,80.26000213623047
2024-02-08 13:00:00+00:00,80.16000366210938
2024-02-08 14:00:00+00:00,80.7300033569336
2024-02-08 15:00:00+00:00,80.73999786376953
2024-02-08 16:00:00+00:00,81.29000091552734
2024-02-08 17:00:00+00:00,81.56999969482422
2024-02-08 18:00:00+00:00,81.41999816894531
2024-02-08 19:00:00+00:00,81.87000274658203
2024-02-08 20:00:00+00:00,81.77999877929688
2024-02-08 21:00:00+00:00,81.7699966430664
2024-02-08 23:00:00+00:00,81.7300033569336
2024-02-09 00:00:00+00:00,81.58000183105469
2024-02-09 01:00:00+00:00,81.56999969482422
2024-02-09 02:00:00+00:00,81.55000305175781
2024-02-09 03:00:00+00:00,81.69000244140625
2024-02-09 04:00:00+00:00,81.4800033569336
2024-02-09 05:00:00+00:00,81.41999816894531
2024-02-09 06:00:00+00:00,81.51000213623047
2024-02-09 07:00:00+00:00,81.5199966430664
2024-02-09 08:00:00+00:00,81.70999908447266
2024-02-09 09:00:00+00:00,81.80000305175781
2024-02-09 10:00:00+00:00,81.66000366210938
2024-02-09 11:00:00+00:00,81.52999877929688
2024-02-09 12:00:00+00:00,81.3499984741211
2024-02-09 13:00:00+00:00,81.7300033569336
2024-02-09 14:00:00+00:00,82.27999877929688
2024-02-09 15:00:00+00:00,81.66999816894531
2024-02-09 16:00:00+00:00,82.05999755859375
2024-02-09 17:00:00+00:00,81.95999908447266
2024-02-09 18:00:00+00:00,81.98999786376953
2024-02-09 19:00:00+00:00,81.95999908447266
2024-02-09 20:00:00+00:00,81.93000030517578
2024-02-09 21:00:00+00:00,81.94000244140625
2024-02-11 23:00:00+00:00,81.83999633789062
2024-02-12 00:00:00+00:00,81.8499984741211
2024-02-12 01:00:00+00:00,81.77999877929688
2024-02-12 02:00:00+00:00,81.80000305175781
2024-02-12 03:00:00+00:00,81.70999908447266
2024-02-12 04:00:00+00:00,81.80000305175781
2024-02-12 05:00:00+00:00,81.95999908447266
2024-02-12 06:00:00+00:00,81.91000366210938
2024-02-12 07:00:00+00:00,81.81999969482422
2024-02-12 08:00:00+00:00,81.69000244140625
2024-02-12 09:00:00+00:00,81.76000213623047
2024-02-12 10:00:00+00:00,81.44999694824219
2024-02-12 11:00:00+00:00,81.16000366210938
2024-02-12 12:00:00+00:00,81.41000366210938
2024-02-12 13:00:00+00:00,81.11000061035156
2024-02-12 14:00:00+00:00,81.91000366210938
2024-02-12 15:00:00+00:00,81.75
2024-02-12 16:00:00+00:00,81.81999969482422
2024-02-12 17:00:00+00:00,81.91999816894531
2024-02-12 18:00:00+00:00,81.76000213623047
2024-02-12 19:00:00+00:00,82.0
2024-02-12 20:00:00+00:00,82.08999633789062
2024-02-12 21:00:00+00:00,81.9800033569336
2024-02-12 23:00:00+00:00,81.98999786376953
2024-02-13 00:00:00+00:00,82.0
2024-02-13 01:00:00+00:00,82.05000305175781
2024-02-13 02:00:00+00:00,82.08999633789062
2024-02-13 03:00:00+00:00,82.05000305175781
2024-02-13 04:00:00+00:00,82.02999877929688
2024-02-13 05:00:00+00:00,82.08999633789062
2024-02-13 06:00:00+00:00,82.33000183105469
2024-02-13 07:00:00+00:00,82.19999694824219
2024-02-13 08:00:00+00:00,82.02999877929688
2024-02-13 09:00:00+00:00,82.58999633789062
2024-02-13 10:00:00+00:00,82.66999816894531
2024-02-13 11:00:00+00:00,82.56999969482422
2024-02-13 12:00:00+00:00,82.62000274658203
2024-02-13 13:00:00+00:00,82.2699966430664
2024-02-13 14:00:00+00:00,82.30000305175781
2024-02-13 15:00:00+00:00,82.44000244140625
2024-02-13 16:00:00+00:00,82.77999877929688
2024-02-13 17:00:00+00:00,82.91999816894531
2024-02-13 18:00:00+00:00,82.8499984741211
2024-02-13 19:00:00+00:00,82.66000366210938
2024-02-13 20:00:00+00:00,82.66000366210938
2024-02-13 21:00:00+00:00,82.55000305175781
2024-02-13 23:00:00+00:00,82.61000061035156
2024-02-14 00:00:00+00:00,82.54000091552734
2024-02-14 01:00:00+00:00,82.45999908447266
2024-02-14 02:00:00+00:00,82.5199966430664
2024-02-14 03:00:00+00:00,82.6500015258789
2024-02-14 04:00:00+00:00,82.69000244140625
2024-02-14 05:00:00+00:00,82.66999816894531
2024-02-14 06:00:00+00:00,82.58000183105469
2024-02-14 07:00:00+00:00,82.87000274658203
2024-02-14 08:00:00+00:00,82.75
2024-02-14 09:00:00+00:00,82.8499984741211
2024-02-14 10:00:00+00:00,83.04000091552734
2024-02-14 11:00:00+00:00,82.80999755859375
2024-02-14 12:00:00+00:00,82.94000244140625
2024-02-14 13:00:00+00:00,83.12999725341797
2024-02-14 14:00:00+00:00,83.41999816894531
2024-02-14 15:00:00+00:00,82.86000061035156
2024-02-14 16:00:00+00:00,82.41000366210938
2024-02-14 17:00:00+00:00,81.73999786376953
2024-02-14 18:00:00+00:00,81.91000366210938
2024-02-14 19:00:00+00:00,81.5199966430664
2024-02-14 20:00:00+00:00,81.54000091552734
2024-02-14 21:00:00+00:00,81.5
2024-02-14 23:00:00+00:00,81.44000244140625
2024-02-15 00:00:00+00:00,81.3499984741211
2024-02-15 01:00:00+00:00,81.2300033569336
2024-02-15 02:00:00+00:00,81.33000183105469
2024-02-15 03:00:00+00:00,81.19999694824219
2024-02-15 04:00:00+00:00,81.23999786376953
2024-02-15 05:00:00+00:00,81.23999786376953
2024-02-15 06:00:00+00:00,81.36000061035156
2024-02-15 07:00:00+00:00,81.13999938964844
2024-02-15 08:00:00+00:00,81.4800033569336
2024-02-15 09:00:00+00:00,81.19999694824219
2024-02-15 10:00:00+00:00,81.02999877929688
2024-02-15 11:00:00+00:00,81.04000091552734
2024-02-15 12:00:00+00:00,81.30000305175781
2024-02-15 13:00:00+00:00,81.5999984741211
2024-02-15 14:00:00+00:00,81.95999908447266
2024-02-15 15:00:00+00:00,82.61000061035156
2024-02-15 16:00:00+00:00,83.20999908447266
2024-02-15 17:00:00+00:00,82.94000244140625
2024-02-15 18:00:00+00:00,82.80999755859375
2024-02-15 19:00:00+00:00,82.98999786376953
2024-02-15 20:00:00+00:00,82.9000015258789
2024-02-15 21:00:00+00:00,82.80999755859375
2024-02-15 23:00:00+00:00,82.87999725341797
2024-02-16 00:00:00+00:00,82.81999969482422
2024-02-16 01:00:00+00:00,82.7699966430664
2024-02-16 02:00:00+00:00,82.87000274658203
2024-02-16 03:00:00+00:00,82.70999908447266
2024-02-16 04:00:00+00:00,82.77999877929688
2024-02-16 05:00:00+00:00,82.80999755859375
2024-02-16 06:00:00+00:00,82.7699966430664
2024-02-16 07:00:00+00:00,82.72000122070312
2024-02-16 08:00:00+00:00,82.4000015258789
2024-02-16 09:00:00+00:00,82.04000091552734
2024-02-16 10:00:00+00:00,82.06999969482422
2024-02-16 11:00:00+00:00,82.08999633789062
2024-02-16 12:00:00+00:00,82.16000366210938
2024-02-16 13:00:00+00:00,82.83999633789062
2024-02-16 14:00:00+00:00,82.69999694824219
2024-02-16 15:00:00+00:00,82.95999908447266
2024-02-16 16:00:00+00:00,83.30999755859375
2024-02-16 17:00:00+00:00,83.20999908447266
2024-02-16 18:00:00+00:00,83.37999725341797
2024-02-16 19:00:00+00:00,83.4000015258789
2024-02-16 20:00:00+00:00,83.29000091552734
2024-02-16 21:00:00+00:00,83.30000305175781
2024-02-18 23:00:00+00:00,83.18000030517578
2024-02-19 00:00:00+00:00,83.0999984741211
2024-02-19 01:00:00+00:00,82.97000122070312
2024-02-19 02:00:00+00:00,82.88999938964844
2024-02-19 03:00:00+00:00,82.87000274658203
2024-02-19 04:00:00+00:00,82.86000061035156
2024-02-20 05:00:00+00:00,83.55999755859375
2024-02-20 06:00:00+00:00,83.47000122070312
2024-02-20 07:00:00+00:00,83.5199966430664
2024-02-20 08:00:00+00:00,83.2699966430664
2024-02-20 09:00:00+00:00,82.77999877929688
2024-02-20 10:00:00+00:00,82.98999786376953
2024-02-20 11:00:00+00:00,82.9000015258789
2024-02-20 12:00:00+00:00,82.81999969482422
2024-02-20 13:00:00+00:00,83.26000213623047
2024-02-20 14:00:00+00:00,83.11000061035156
2024-02-20 15:00:00+00:00,82.30999755859375
2024-02-20 16:00:00+00:00,82.37999725341797
2024-02-20 17:00:00+00:00,82.62999725341797
2024-02-20 18:00:00+00:00,82.62999725341797
2024-02-20 19:00:00+00:00,82.5999984741211
2024-02-20 20:00:00+00:00,82.51000213623047
2024-02-20 21:00:00+00:00,82.5
2024-02-20 23:00:00+00:00,82.55000305175781
2024-02-21 01:00:00+00:00,82.58000183105469
2024-02-21 02:00:00+00:00,82.58000183105469
2024-02-21 03:00:00+00:00,82.66000366210938
2024-02-21 04:00:00+00:00,82.63999938964844
2024-02-21 05:00:00+00:00,82.69000244140625
2024-02-21 06:00:00+00:00,82.51000213623047
2024-02-21 07:00:00+00:00,82.36000061035156
2024-02-21 08:00:00+00:00,81.70999908447266
2024-02-21 09:00:00+00:00,81.95999908447266
2024-02-21 10:00:00+00:00,81.98999786376953
2024-02-21 11:00:00+00:00,81.93000030517578
2024-02-21 12:00:00+00:00,82.1500015258789
2024-02-21 13:00:00+00:00,82.19000244140625
2024-02-21 14:00:00+00:00,82.51000213623047
2024-02-21 15:00:00+00:00,82.7300033569336
2024-02-21 16:00:00+00:00,83.0
2024-02-21 17:00:00+00:00,82.91999816894531
2024-02-21 18:00:00+00:00,82.91000366210938
2024-02-21 19:00:00+00:00,83.08000183105469
2024-02-21 20:00:00+00:00,83.13999938964844
2024-02-21 21:00:00+00:00,83.12000274658203
2024-02-21 23:00:00+00:00,83.18000030517578
2024-02-22 00:00:00+00:00,83.27999877929688
2024-02-22 01:00:00+00:00,83.0999984741211
2024-02-22 02:00:00+00:00,83.11000061035156
2024-02-22 03:00:00+00:00,83.19000244140625
2024-02-22 04:00:00+00:00,83.25
2024-02-22 05:00:00+00:00,83.29000091552734
2024-02-22 06:00:00+00:00,83.27999877929688
2024-02-22 07:00:00+00:00,83.30999755859375
2024-02-22 08:00:00+00:00,83.22000122070312
2024-02-22 09:00:00+00:00,83.37999725341797
2024-02-22 10:00:00+00:00,83.19999694824219
2024-02-22 11:00:00+00:00,82.9800033569336
2024-02-22 12:00:00+00:00,82.86000061035156
2024-02-22 13:00:00+00:00,82.44999694824219
2024-02-22 14:00:00+00:00,83.05999755859375
2024-02-22 15:00:00+00:00,83.16999816894531
2024-02-22 16:00:00+00:00,83.7300033569336
2024-02-22 17:00:00+00:00,83.87000274658203
2024-02-22 18:00:00+00:00,83.69000244140625
2024-02-22 19:00:00+00:00,83.62000274658203
2024-02-22 20:00:00+00:00,83.52999877929688
2024-02-22 21:00:00+00:00,83.44000244140625
2024-02-22 23:00:00+00:00,83.4000015258789
2024-02-23 00:00:00+00:00,83.4000015258789
2024-02-23 01:00:00+00:00,83.4800033569336
2024-02-23 02:00:00+00:00,83.43000030517578
2024-02-23 03:00:00+00:00,83.25
2024-02-23 04:00:00+00:00,83.30999755859375
2024-02-23 05:00:00+00:00,83.19999694824219
2024-02-23 06:00:00+00:00,83.23999786376953
2024-02-23 07:00:00+00:00,83.30999755859375
2024-02-23 08:00:00+00:00,83.0199966430664
2024-02-23 09:00:00+00:00,82.56999969482422
2024-02-23 10:00:00+00:00,82.66000366210938
2024-02-23 11:00:00+00:00,82.45999908447266
2024-02-23 12:00:00+00:00,82.36000061035156
2024-02-23 13:00:00+00:00,82.58000183105469
2024-02-23 14:00:00+00:00,82.06999969482422
2024-02-23 15:00:00+00:00,82.41999816894531
2024-02-23 16:00:00+00:00,81.81999969482422
2024-02-23 17:00:00+00:00,81.5199966430664
2024-02-23 18:00:00+00:00,81.80000305175781
2024-02-23 19:00:00+00:00,81.80999755859375
2024-02-23 20:00:00+00:00,81.70999908447266
2024-02-23 21:00:00+00:00,81.7300033569336
2024-02-25 23:00:00+00:00,81.55000305175781
2024-02-26 00:00:00+00:00,81.38999938964844
2024-02-26 01:00:00+00:00,81.23999786376953
2024-02-26 02:00:00+00:00,81.30999755859375
2024-02-26 03:00:00+00:00,81.23999786376953
2024-02-26 04:00:00+00:00,81.3499984741211
2024-02-26 05:00:00+00:00,81.30999755859375
2024-02-26 06:00:00+00:00,81.51000213623047
2024-02-26 07:00:00+00:00,81.2300033569336
2024-02-26 08:00:00+00:00,81.2699966430664
2024-02-26 09:00:00+00:00,81.23999786376953
2024-02-26 10:00:00+00:00,81.41000366210938
2024-02-26 11:00:00+00:00,81.22000122070312
2024-02-26 12:00:00+00:00,81.13999938964844
2024-02-26 13:00:00+00:00,81.3499984741211
2024-02-26 14:00:00+00:00,81.9000015258789
2024-02-26 15:00:00+00:00,82.08000183105469
2024-02-26 16:00:00+00:00,82.23999786376953
2024-02-26 17:00:00+00:00,82.91999816894531
2024-02-26 18:00:00+00:00,82.69999694824219
2024-02-26 19:00:00+00:00,82.68000030517578
2024-02-26 20:00:00+00:00,82.55999755859375
2024-02-26 21:00:00+00:00,82.55000305175781
2024-02-26 23:00:00+00:00,82.55000305175781
2024-02-27 01:00:00+00:00,82.51000213623047
2024-02-27 02:00:00+00:00,82.51000213623047
2024-02-27 03:00:00+00:00,82.48999786376953
2024-02-27 04:00:00+00:00,82.5199966430664
2024-02-27 05:00:00+00:00,82.62000274658203
2024-02-27 06:00:00+00:00,82.69999694824219
2024-02-27 07:00:00+00:00,82.91999816894531
2024-02-27 08:00:00+00:00,82.52999877929688
2024-02-27 09:00:00+00:00,82.73999786376953
2024-02-27 10:00:00+00:00,82.33999633789062
2024-02-27 11:00:00+00:00,82.16000366210938
2024-02-27 12:00:00+00:00,82.30999755859375
2024-02-27 13:00:00+00:00,82.56999969482422
2024-02-27 14:00:00+00:00,83.11000061035156
2024-02-27 15:00:00+00:00,83.18000030517578
2024-02-27 16:00:00+00:00,83.1500015258789
2024-02-27 17:00:00+00:00,83.22000122070312
2024-02-27 18:00:00+00:00,83.63999938964844
2024-02-27 19:00:00+00:00,83.55000305175781
2024-02-27 20:00:00+00:00,83.45999908447266
2024-02-27 21:00:00+00:00,83.33000183105469
2024-02-27 23:00:00+00:00,83.27999877929688
2024-02-28 00:00:00+00:00,83.29000091552734
2024-02-28 01:00:00+00:00,83.3499984741211
2024-02-28 02:00:00+00:00,83.37999725341797
2024-02-28 03:00:00+00:00,83.33000183105469
2024-02-28 05:00:00+00:00,83.31999969482422
2024-02-28 06:00:00+00:00,83.12000274658203
2024-02-28 07:00:00+00:00,83.29000091552734
2024-02-28 08:00:00+00:00,82.7699966430664
2024-02-28 09:00:00+00:00,82.8499984741211
2024-02-28 10:00:00+00:00,82.80999755859375
2024-02-28 11:00:00+00:00,82.83999633789062
2024-02-28 12:00:00+00:00,83.0
2024-02-28 13:00:00+00:00,83.77999877929688
2024-02-28 14:00:00+00:00,84.23999786376953
2024-02-28 15:00:00+00:00,83.91999816894531
2024-02-28 16:00:00+00:00,83.22000122070312
2024-02-28 17:00:00+00:00,83.56999969482422
2024-02-28 18:00:00+00:00,83.37999725341797
2024-02-28 19:00:00+00:00,83.5
2024-02-28 20:00:00+00:00,83.55999755859375
2024-02-28 21:00:00+00:00,83.4000015258789
2024-02-29 06:00:00+00:00,83.69000244140625
2024-02-29 07:00:00+00:00,83.33000183105469
2024-02-29 08:00:00+00:00,83.0999984741211
2024-02-29 09:00:00+00:00,83.37999725341797
2024-02-29 10:00:00+00:00,83.5
2024-02-29 11:00:00+00:00,83.4800033569336
2024-02-29 12:00:00+00:00,83.58000183105469
2024-02-29 13:00:00+00:00,83.73999786376953
2024-02-29 15:00:00+00:00,83.58999633789062
2024-02-29 16:00:00+00:00,83.7300033569336
2024-02-29 17:00:00+00:00,83.7300033569336
2024-02-29 18:00:00+00:00,83.6500015258789
2024-02-29 19:00:00+00:00,83.63999938964844
2024-03-01 17:00:00+00:00,83.83000183105469
2024-03-01 18:00:00+00:00,83.6500015258789
2024-03-01 19:00:00+00:00,83.54000091552734
2024-03-01 20:00:00+00:00,83.4000015258789
2024-03-01 21:00:00+00:00,83.37000274658203
2024-03-03 23:00:00+00:00,83.6500015258789
2024-03-04 00:00:00+00:00,83.80999755859375
2024-03-04 01:00:00+00:00,83.76000213623047
2024-03-04 02:00:00+00:00,83.69000244140625
2024-03-04 03:00:00+00:00,83.66999816894531
2024-03-04 04:00:00+00:00,83.63999938964844
2024-03-04 05:00:00+00:00,83.51000213623047
2024-03-04 06:00:00+00:00,83.56999969482422
2024-03-04 07:00:00+00:00,83.7300033569336
2024-03-04 08:00:00+00:00,83.88999938964844
2024-03-04 09:00:00+00:00,83.5
2024-03-04 10:00:00+00:00,83.41000366210938
2024-03-04 11:00:00+00:00,83.16000366210938
2024-03-04 12:00:00+00:00,83.31999969482422
2024-03-04 13:00:00+00:00,83.7300033569336
2024-03-04 14:00:00+00:00,83.5999984741211
2024-03-04 15:00:00+00:00,83.12000274658203
2024-03-04 16:00:00+00:00,82.93000030517578
2024-03-04 17:00:00+00:00,82.76000213623047
2024-03-04 18:00:00+00:00,82.7300033569336
2024-03-04 19:00:00+00:00,82.86000061035156
2024-03-04 20:00:00+00:00,82.80999755859375
2024-03-04 21:00:00+00:00,82.81999969482422
2024-03-04 23:00:00+00:00,82.80000305175781
2024-03-05 00:00:00+00:00,82.69999694824219
2024-03-05 01:00:00+00:00,82.80999755859375
2024-03-05 02:00:00+00:00,82.58000183105469
2024-03-05 03:00:00+00:00,82.68000030517578
2024-03-05 04:00:00+00:00,82.5999984741211
2024-03-05 05:00:00+00:00,82.52999877929688
2024-03-05 06:00:00+00:00,82.44999694824219
2024-03-05 07:00:00+00:00,82.45999908447266
2024-03-05 08:00:00+00:00,82.81999969482422
2024-03-05 09:00:00+00:00,82.75
2024-03-05 10:00:00+00:00,82.9000015258789
2024-03-05 11:00:00+00:00,82.6500015258789
2024-03-05 12:00:00+00:00,82.0999984741211
2024-03-05 13:00:00+00:00,82.26000213623047
2024-03-05 14:00:00+00:00,82.58000183105469
2024-03-05 15:00:00+00:00,83.0
2024-03-05 16:00:00+00:00,82.36000061035156
2024-03-05 17:00:00+00:00,82.19000244140625
2024-03-05 18:00:00+00:00,81.86000061035156
2024-03-05 19:00:00+00:00,82.04000091552734
2024-03-05 20:00:00+00:00,82.05999755859375
2024-03-05 21:00:00+00:00,82.04000091552734
2024-03-05 23:00:00+00:00,82.05000305175781
2024-03-06 00:00:00+00:00,82.02999877929688
2024-03-06 01:00:00+00:00,81.91999816894531
2024-03-06 02:00:00+00:00,82.06999969482422
2024-03-06 03:00:00+00:00,82.13999938964844
2024-03-06 04:00:00+00:00,82.18000030517578
2024-03-06 05:00:00+00:00,82.30999755859375
2024-03-06 06:00:00+00:00,82.2699966430664
2024-03-06 07:00:00+00:00,82.30999755859375
2024-03-06 08:00:00+00:00,82.5199966430664
2024-03-06 09:00:00+00:00,82.72000122070312
2024-03-06 10:00:00+00:00,82.5199966430664
2024-03-06 11:00:00+00:00,82.61000061035156
2024-03-06 12:00:00+00:00,82.55000305175781
2024-03-06 13:00:00+00:00,82.81999969482422
2024-03-06 14:00:00+00:00,83.22000122070312
2024-03-06 15:00:00+00:00,83.7300033569336
2024-03-06 16:00:00+00:00,83.51000213623047
2024-03-06 17:00:00+00:00,83.48999786376953
2024-03-06 18:00:00+00:00,83.22000122070312
2024-03-06 19:00:00+00:00,82.81999969482422
2024-03-06 20:00:00+00:00,82.87999725341797
2024-03-06 21:00:00+00:00,82.91000366210938
2024-03-06 23:00:00+00:00,82.83999633789062
2024-03-07 00:00:00+00:00,82.94999694824219
2024-03-07 01:00:00+00:00,83.0
2024-03-07 02:00:00+00:00,82.94999694824219
2024-03-07 03:00:00+00:00,82.9000015258789
2024-03-07 04:00:00+00:00,82.94000244140625
2024-03-07 05:00:00+00:00,82.88999938964844
2024-03-07 06:00:00+00:00,82.98999786376953
2024-03-07 07:00:00+00:00,82.86000061035156
2024-03-07 08:00:00+00:00,82.5199966430664
2024-03-07 09:00:00+00:00,82.27999877929688
2024-03-07 10:00:00+00:00,82.4000015258789
2024-03-07 11:00:00+00:00,82.30999755859375
2024-03-07 12:00:00+00:00,82.56999969482422
2024-03-07 13:00:00+00:00,82.73999786376953
2024-03-07 14:00:00+00:00,82.30999755859375
2024-03-07 15:00:00+00:00,82.58999633789062
2024-03-07 16:00:00+00:00,82.91000366210938
2024-03-07 17:00:00+00:00,83.25
2024-03-07 18:00:00+00:00,83.0999984741211
2024-03-07 19:00:00+00:00,82.8499984741211
2024-03-07 20:00:00+00:00,82.83999633789062
2024-03-07 21:00:00+00:00,83.23999786376953
2024-03-07 23:00:00+00:00,83.12999725341797
2024-03-08 00:00:00+00:00,83.20999908447266
2024-03-08 01:00:00+00:00,83.30000305175781
2024-03-08 02:00:00+00:00,83.26000213623047
2024-03-08 03:00:00+00:00,83.30999755859375
2024-03-08 04:00:00+00:00,83.41999816894531
2024-03-08 05:00:00+00:00,83.48999786376953
2024-03-08 06:00:00+00:00,83.52999877929688
2024-03-08 07:00:00+00:00,83.37999725341797
2024-03-08 08:00:00+00:00,83.75
2024-03-08 09:00:00+00:00,83.22000122070312
2024-03-08 10:00:00+00:00,82.63999938964844
2024-03-08 11:00:00+00:00,82.43000030517578
2024-03-08 12:00:00+00:00,82.47000122070312
2024-03-08 13:00:00+00:00,82.6500015258789
2024-03-08 14:00:00+00:00,82.55999755859375
2024-03-08 15:00:00+00:00,82.56999969482422
2024-03-08 16:00:00+00:00,82.2699966430664
2024-03-08 17:00:00+00:00,82.12000274658203
2024-03-08 18:00:00+00:00,81.87999725341797
2024-03-08 19:00:00+00:00,82.0
2024-03-08 20:00:00+00:00,81.95999908447266
2024-03-08 21:00:00+00:00,81.88999938964844
2024-03-10 22:00:00+00:00,81.80999755859375
2024-03-10 23:00:00+00:00,81.80999755859375
2024-03-11 00:00:00+00:00,81.6500015258789
2024-03-11 01:00:00+00:00,81.48999786376953
2024-03-11 02:00:00+00:00,81.44000244140625
2024-03-11 03:00:00+00:00,81.58999633789062
2024-03-11 05:00:00+00:00,81.63999938964844
2024-03-11 06:00:00+00:00,81.83000183105469
2024-03-11 07:00:00+00:00,82.1500015258789
2024-03-11 08:00:00+00:00,81.9800033569336
2024-03-11 09:00:00+00:00,82.27999877929688
2024-03-11 10:00:00+00:00,81.91000366210938
2024-03-11 11:00:00+00:00,81.72000122070312
2024-03-11 12:00:00+00:00,81.81999969482422
2024-03-11 13:00:00+00:00,81.44999694824219
2024-03-11 14:00:00+00:00,81.58999633789062
2024-03-11 15:00:00+00:00,82.38999938964844
2024-03-11 16:00:00+00:00,82.25
2024-03-11 17:00:00+00:00,82.16000366210938
2024-03-11 18:00:00+00:00,82.37999725341797
2024-03-11 19:00:00+00:00,82.43000030517578
2024-03-11 20:00:00+00:00,82.45999908447266
2024-03-11 22:00:00+00:00,82.4000015258789
2024-03-11 23:00:00+00:00,82.45999908447266
2024-03-12 00:00:00+00:00,82.3499984741211
2024-03-12 01:00:00+00:00,82.48999786376953
2024-03-12 02:00:00+00:00,82.41000366210938
2024-03-12 03:00:00+00:00,82.48999786376953
2024-03-12 04:00:00+00:00,82.41999816894531
2024-03-12 05:00:00+00:00,82.44000244140625
2024-03-12 06:00:00+00:00,82.5999984741211
2024-03-12 07:00:00+00:00,82.72000122070312
2024-03-12 08:00:00+00:00,82.56999969482422
2024-03-12 09:00:00+00:00,82.87000274658203
2024-03-12 10:00:00+00:00,82.76000213623047
2024-03-12 11:00:00+00:00,82.22000122070312
2024-03-12 12:00:00+00:00,81.95999908447266
2024-03-12 13:00:00+00:00,82.36000061035156
2024-03-12 14:00:00+00:00,82.68000030517578
2024-03-12 15:00:00+00:00,82.55999755859375
2024-03-12 16:00:00+00:00,82.44999694824219
2024-03-12 17:00:00+00:00,82.05000305175781
2024-03-12 18:00:00+00:00,81.95999908447266
2024-03-12 19:00:00+00:00,82.11000061035156
2024-03-12 20:00:00+00:00,82.38999938964844
2024-03-12 22:00:00+00:00,82.27999877929688
2024-03-12 23:00:00+00:00,82.27999877929688
2024-03-13 00:00:00+00:00,82.30000305175781
2024-03-13 01:00:00+00:00,82.4000015258789
2024-03-13 02:00:00+00:00,82.3499984741211
2024-03-13 03:00:00+00:00,82.33999633789062
2024-03-13 05:00:00+00:00,82.54000091552734
2024-03-13 06:00:00+00:00,82.4800033569336
2024-03-13 07:00:00+00:00,82.22000122070312
2024-03-13 08:00:00+00:00,82.58000183105469
2024-03-13 09:00:00+00:00,82.91000366210938
2024-03-13 10:00:00+00:00,82.98999786376953
2024-03-13 11:00:00+00:00,83.05000305175781
2024-03-13 12:00:00+00:00,83.38999938964844
2024-03-13 13:00:00+00:00,83.79000091552734
2024-03-13 14:00:00+00:00,83.36000061035156
2024-03-13 15:00:00+00:00,83.33000183105469
2024-03-13 16:00:00+00:00,83.87000274658203
2024-03-13 17:00:00+00:00,83.87000274658203
2024-03-13 18:00:00+00:00,84.16999816894531
2024-03-13 19:00:00+00:00,84.05000305175781
2024-03-13 20:00:00+00:00,83.91999816894531
2024-03-13 22:00:00+00:00,84.0
2024-03-13 23:00:00+00:00,84.05000305175781
2024-03-14 00:00:00+00:00,84.12000274658203
2024-03-14 01:00:00+00:00,84.19999694824219
2024-03-14 02:00:00+00:00,84.0999984741211
2024-03-14 03:00:00+00:00,84.22000122070312
2024-03-14 04:00:00+00:00,84.12999725341797
2024-03-14 05:00:00+00:00,84.05999755859375
2024-03-14 06:00:00+00:00,84.12000274658203
2024-03-14 07:00:00+00:00,84.33999633789062
2024-03-14 08:00:00+00:00,84.63999938964844
2024-03-14 09:00:00+00:00,84.62000274658203
2024-03-14 10:00:00+00:00,84.54000091552734
2024-03-14 11:00:00+00:00,84.66999816894531
2024-03-14 12:00:00+00:00,84.66000366210938
2024-03-14 13:00:00+00:00,84.80000305175781
2024-03-14 14:00:00+00:00,85.37000274658203
2024-03-14 15:00:00+00:00,85.26000213623047
2024-03-14 16:00:00+00:00,85.58999633789062
2024-03-14 17:00:00+00:00,85.44999694824219
2024-03-14 18:00:00+00:00,85.30000305175781
2024-03-14 19:00:00+00:00,85.19999694824219
2024-03-14 20:00:00+00:00,85.1500015258789
2024-03-14 22:00:00+00:00,85.16000366210938
2024-03-14 23:00:00+00:00,85.13999938964844
2024-03-15 00:00:00+00:00,85.19999694824219
2024-03-15 01:00:00+00:00,85.25
2024-03-15 02:00:00+00:00,85.2300033569336
2024-03-15 03:00:00+00:00,85.2699966430664
2024-03-15 04:00:00+00:00,85.2300033569336
2024-03-15 05:00:00+00:00,85.2699966430664
2024-03-15 06:00:00+00:00,85.23999786376953
2024-03-15 07:00:00+00:00,85.05000305175781
2024-03-15 08:00:00+00:00,84.75
2024-03-15 09:00:00+00:00,84.94999694824219
2024-03-15 10:00:00+00:00,85.02999877929688
2024-03-15 11:00:00+00:00,84.94000244140625
2024-03-15 12:00:00+00:00,85.08000183105469
2024-03-15 13:00:00+00:00,84.72000122070312
2024-03-15 14:00:00+00:00,85.26000213623047
2024-03-15 15:00:00+00:00,85.27999877929688
2024-03-15 16:00:00+00:00,85.5
2024-03-15 17:00:00+00:00,85.38999938964844
2024-03-15 18:00:00+00:00,85.27999877929688
2024-03-15 19:00:00+00:00,85.2699966430664
2024-03-15 20:00:00+00:00,85.30000305175781
2024-03-17 22:00:00+00:00,85.43000030517578
2024-03-17 23:00:00+00:00,85.31999969482422
2024-03-18 00:00:00+00:00,85.4000015258789
2024-03-18 01:00:00+00:00,85.55999755859375
2024-03-18 02:00:00+00:00,85.58000183105469
2024-03-18 03:00:00+00:00,85.66999816894531
2024-03-18 04:00:00+00:00,85.66000366210938
2024-03-18 05:00:00+00:00,85.66999816894531
2024-03-18 06:00:00+00:00,85.7300033569336
2024-03-18 07:00:00+00:00,85.86000061035156
2024-03-18 08:00:00+00:00,85.80000305175781
2024-03-18 09:00:00+00:00,86.18000030517578
2024-03-18 10:00:00+00:00,85.9000015258789
2024-03-18 11:00:00+00:00,85.80999755859375
2024-03-18 12:00:00+00:00,85.5999984741211
2024-03-18 13:00:00+00:00,85.8499984741211
2024-03-18 14:00:00+00:00,85.97000122070312
2024-03-18 15:00:00+00:00,86.5199966430664
2024-03-18 16:00:00+00:00,86.55000305175781
2024-03-18 17:00:00+00:00,86.80000305175781
2024-03-18 18:00:00+00:00,86.97000122070312
2024-03-18 19:00:00+00:00,87.0
2024-03-18 20:00:00+00:00,86.91999816894531
2024-03-18 22:00:00+00:00,86.88999938964844
2024-03-18 23:00:00+00:00,86.93000030517578
2024-03-19 00:00:00+00:00,86.81999969482422
2024-03-19 01:00:00+00:00,86.75
2024-03-19 02:00:00+00:00,86.7300033569336
2024-03-19 03:00:00+00:00,86.69000244140625
2024-03-19 04:00:00+00:00,86.75
2024-03-19 05:00:00+00:00,86.68000030517578
2024-03-19 06:00:00+00:00,86.7300033569336
2024-03-19 07:00:00+00:00,86.62000274658203
2024-03-19 08:00:00+00:00,86.81999969482422
2024-03-19 09:00:00+00:00,86.69999694824219
2024-03-19 10:00:00+00:00,86.63999938964844
2024-03-19 11:00:00+00:00,86.81999969482422
2024-03-19 12:00:00+00:00,86.8499984741211
2024-03-19 13:00:00+00:00,87.05999755859375
2024-03-19 14:00:00+00:00,87.48999786376953
2024-03-19 15:00:00+00:00,87.54000091552734
2024-03-19 16:00:00+00:00,87.62000274658203
2024-03-19 17:00:00+00:00,87.56999969482422
2024-03-19 18:00:00+00:00,87.41000366210938
2024-03-19 19:00:00+00:00,87.41999816894531
2024-03-19 20:00:00+00:00,87.16999816894531
2024-03-19 22:00:00+00:00,87.22000122070312
2024-03-19 23:00:00+00:00,87.16999816894531
2024-03-20 00:00:00+00:00,87.16999816894531
2024-03-20 01:00:00+00:00,87.19999694824219
2024-03-20 02:00:00+00:00,87.16000366210938
2024-03-20 03:00:00+00:00,87.22000122070312
2024-03-20 04:00:00+00:00,87.20999908447266
2024-03-20 05:00:00+00:00,87.26000213623047
2024-03-20 06:00:00+00:00,87.16999816894531
2024-03-20 07:00:00+00:00,86.98999786376953
2024-03-20 08:00:00+00:00,86.87000274658203
2024-03-20 09:00:00+00:00,86.76000213623047
2024-03-20 10:00:00+00:00,86.38999938964844
2024-03-20 11:00:00+00:00,86.76000213623047
2024-03-20 12:00:00+00:00,86.36000061035156
2024-03-20 13:00:00+00:00,86.19000244140625
2024-03-20 14:00:00+00:00,86.08000183105469
2024-03-20 15:00:00+00:00,85.91999816894531
2024-03-20 16:00:00+00:00,85.69999694824219
2024-03-20 17:00:00+00:00,85.66000366210938
2024-03-20 18:00:00+00:00,85.95999908447266
2024-03-20 19:00:00+00:00,86.16999816894531
2024-03-20 20:00:00+00:00,86.11000061035156
2024-03-20 22:00:00+00:00,86.25
2024-03-20 23:00:00+00:00,86.30000305175781
2024-03-21 00:00:00+00:00,86.41000366210938
2024-03-21 01:00:00+00:00,86.48999786376953
2024-03-21 02:00:00+00:00,86.4000015258789
2024-03-21 03:00:00+00:00,86.48999786376953
2024-03-21 04:00:00+00:00,86.58000183105469
2024-03-21 05:00:00+00:00,86.48999786376953
2024-03-21 06:00:00+00:00,86.4000015258789
2024-03-21 07:00:00+00:00,86.43000030517578
2024-03-21 08:00:00+00:00,85.94000244140625
2024-03-21 09:00:00+00:00,85.73999786376953
2024-03-21 10:00:00+00:00,85.83000183105469
2024-03-21 11:00:00+00:00,85.44000244140625
2024-03-21 12:00:00+00:00,85.7699966430664
2024-03-21 13:00:00+00:00,85.73999786376953
2024-03-21 14:00:00+00:00,85.12000274658203
2024-03-21 15:00:00+00:00,85.2699966430664
2024-03-21 16:00:00+00:00,85.37000274658203
2024-03-21 17:00:00+00:00,85.6500015258789
2024-03-21 18:00:00+00:00,85.62999725341797
2024-03-21 19:00:00+00:00,85.7300033569336
2024-03-21 20:00:00+00:00,85.51000213623047
2024-03-21 22:00:00+00:00,85.56999969482422
2024-03-21 23:00:00+00:00,85.61000061035156
2024-03-22 00:00:00+00:00,85.56999969482422
2024-03-22 01:00:00+00:00,85.30999755859375
2024-03-22 02:00:00+00:00,85.18000030517578
2024-03-22 03:00:00+00:00,85.22000122070312
2024-03-22 04:00:00+00:00,85.20999908447266
2024-03-22 05:00:00+00:00,85.16000366210938
2024-03-22 06:00:00+00:00,85.26000213623047
2024-03-22 07:00:00+00:00,85.41999816894531
2024-03-22 08:00:00+00:00,85.76000213623047
2024-03-22 09:00:00+00:00,85.72000122070312
2024-03-22 10:00:00+00:00,85.9000015258789
2024-03-22 11:00:00+00:00,85.7300033569336
2024-03-22 12:00:00+00:00,85.9800033569336
2024-03-22 13:00:00+00:00,85.61000061035156
2024-03-22 14:00:00+00:00,85.61000061035156
2024-03-22 15:00:00+00:00,85.51000213623047
2024-03-22 16:00:00+00:00,85.31999969482422
2024-03-22 17:00:00+00:00,85.5199966430664
2024-03-22 18:00:00+00:00,85.48999786376953
2024-03-22 19:00:00+00:00,85.5999984741211
2024-03-22 20:00:00+00:00,85.58000183105469
2024-03-24 22:00:00+00:00,85.66000366210938
2024-03-24 23:00:00+00:00,85.63999938964844
2024-03-25 00:00:00+00:00,85.7300033569336
2024-03-25 01:00:00+00:00,85.9000015258789
2024-03-25 02:00:00+00:00,85.94999694824219
2024-03-25 03:00:00+00:00,85.93000030517578
2024-03-25 04:00:00+00:00,85.91999816894531
2024-03-25 05:00:00+00:00,85.9000015258789
2024-03-25 06:00:00+00:00,85.76000213623047
2024-03-25 07:00:00+00:00,85.80999755859375
2024-03-25 08:00:00+00:00,85.86000061035156
2024-03-25 09:00:00+00:00,85.91999816894531
2024-03-25 10:00:00+00:00,85.93000030517578
2024-03-25 11:00:00+00:00,85.70999908447266
2024-03-25 12:00:00+00:00,85.80000305175781
2024-03-25 13:00:00+00:00,86.4800033569336
2024-03-25 14:00:00+00:00,86.86000061035156
2024-03-25 15:00:00+00:00,86.70999908447266
2024-03-25 16:00:00+00:00,86.58000183105469
2024-03-25 17:00:00+00:00,86.55999755859375
2024-03-25 18:00:00+00:00,86.91999816894531
2024-03-25 19:00:00+00:00,86.73999786376953
2024-03-25 20:00:00+00:00,86.73999786376953
2024-03-25 22:00:00+00:00,86.7699966430664
2024-03-25 23:00:00+00:00,86.79000091552734
2024-03-26 00:00:00+00:00,86.87000274658203
2024-03-26 01:00:00+00:00,86.95999908447266
2024-03-26 02:00:00+00:00,86.7699966430664
2024-03-26 03:00:00+00:00,86.7300033569336
2024-03-26 04:00:00+00:00,86.77999877929688
2024-03-26 05:00:00+00:00,86.80000305175781
2024-03-26 06:00:00+00:00,86.63999938964844
2024-03-26 07:00:00+00:00,86.52999877929688
2024-03-26 08:00:00+00:00,86.6500015258789
2024-03-26 09:00:00+00:00,86.6500015258789
2024-03-26 10:00:00+00:00,86.62999725341797
2024-03-26 11:00:00+00:00,86.87000274658203
2024-03-26 12:00:00+00:00,86.79000091552734
2024-03-26 13:00:00+00:00,86.66000366210938
2024-03-26 14:00:00+00:00,86.43000030517578
2024-03-26 15:00:00+00:00,86.62000274658203
2024-03-26 16:00:00+00:00,86.58999633789062
2024-03-26 17:00:00+00:00,86.29000091552734
2024-03-26 18:00:00+00:00,86.12000274658203
2024-03-26 19:00:00+00:00,86.02999877929688
2024-03-26 20:00:00+00:00,85.87999725341797
2024-03-26 22:00:00+00:00,85.8499984741211
2024-03-27 00:00:00+00:00,85.69000244140625
2024-03-27 01:00:00+00:00,85.55999755859375
2024-03-27 02:00:00+00:00,85.33999633789062
2024-03-27 03:00:00+00:00,85.47000122070312
2024-03-27 04:00:00+00:00,85.48999786376953
2024-03-27 05:00:00+00:00,85.44000244140625
2024-03-27 06:00:00+00:00,85.47000122070312
2024-03-27 07:00:00+00:00,85.55000305175781
2024-03-27 08:00:00+00:00,85.26000213623047
2024-03-27 09:00:00+00:00,85.5
2024-03-27 10:00:00+00:00,85.61000061035156
2024-03-27 11:00:00+00:00,85.87000274658203
2024-03-27 12:00:00+00:00,85.61000061035156
2024-03-27 13:00:00+00:00,85.7300033569336
2024-03-27 14:00:00+00:00,85.91000366210938
2024-03-27 15:00:00+00:00,85.94999694824219
2024-03-27 16:00:00+00:00,85.72000122070312
2024-03-27 17:00:00+00:00,85.97000122070312
2024-03-27 18:00:00+00:00,86.22000122070312
2024-03-27 19:00:00+00:00,86.36000061035156
2024-03-27 20:00:00+00:00,86.3499984741211
2024-03-28 01:00:00+00:00,86.48999786376953
2024-03-28 03:00:00+00:00,86.31999969482422
2024-03-28 05:00:00+00:00,86.5
2024-03-28 06:00:00+00:00,86.41999816894531
2024-03-28 07:00:00+00:00,86.4800033569336
2024-03-28 08:00:00+00:00,86.58000183105469
2024-03-28 09:00:00+00:00,86.68000030517578
2024-03-28 10:00:00+00:00,86.98999786376953
2024-03-28 11:00:00+00:00,87.22000122070312
2024-03-28 12:00:00+00:00,87.31999969482422
2024-03-28 13:00:00+00:00,87.30000305175781
2024-03-28 14:00:00+00:00,87.31999969482422
2024-03-28 15:00:00+00:00,87.30999755859375
2024-03-28 16:00:00+00:00,87.37000274658203
2024-03-28 18:00:00+00:00,87.44999694824219
2024-04-02 07:00:00+00:00,88.41999816894531
2024-04-02 08:00:00+00:00,88.62999725341797
2024-04-02 09:00:00+00:00,88.97000122070312
2024-04-02 10:00:00+00:00,88.83999633789062
2024-04-02 11:00:00+00:00,88.66999816894531
2024-04-02 12:00:00+00:00,88.62000274658203
2024-04-02 13:00:00+00:00,88.33000183105469
2024-04-02 14:00:00+00:00,88.44000244140625
2024-04-02 15:00:00+00:00,88.73999786376953
2024-04-02 16:00:00+00:00,88.30999755859375
2024-04-02 17:00:00+00:00,88.7699966430664
2024-04-02 18:00:00+00:00,89.0
2024-04-02 19:00:00+00:00,88.95999908447266
2024-04-02 20:00:00+00:00,89.23999786376953
2024-04-02 22:00:00+00:00,89.3499984741211
2024-04-02 23:00:00+00:00,89.22000122070312
2024-04-03 00:00:00+00:00,88.94999694824219
2024-04-03 01:00:00+00:00,88.94999694824219
2024-04-03 02:00:00+00:00,89.02999877929688
2024-04-03 03:00:00+00:00,89.0199966430664
2024-04-03 04:00:00+00:00,89.0
2024-04-03 05:00:00+00:00,89.0
2024-04-03 06:00:00+00:00,89.1500015258789
2024-04-03 07:00:00+00:00,88.98999786376953
2024-04-03 08:00:00+00:00,88.9800033569336
2024-04-03 09:00:00+00:00,89.22000122070312
2024-04-03 10:00:00+00:00,89.56999969482422
2024-04-03 11:00:00+00:00,89.80999755859375
2024-04-03 12:00:00+00:00,89.62999725341797
2024-04-03 13:00:00+00:00,89.62000274658203
2024-04-03 14:00:00+00:00,89.61000061035156
2024-04-03 15:00:00+00:00,89.6500015258789
2024-04-03 16:00:00+00:00,89.58999633789062
2024-04-03 17:00:00+00:00,89.61000061035156
2024-04-03 18:00:00+00:00,89.38999938964844
2024-04-03 19:00:00+00:00,89.44000244140625
2024-04-03 20:00:00+00:00,89.5199966430664
2024-04-03 22:00:00+00:00,89.47000122070312
2024-04-03 23:00:00+00:00,89.47000122070312
2024-04-04 00:00:00+00:00,89.63999938964844
2024-04-04 01:00:00+00:00,89.58000183105469
2024-04-04 02:00:00+00:00,89.58999633789062
2024-04-04 03:00:00+00:00,89.66999816894531
2024-04-04 04:00:00+00:00,89.61000061035156
2024-04-04 05:00:00+00:00,89.55999755859375
2024-04-04 06:00:00+00:00,89.37000274658203
2024-04-04 07:00:00+00:00,89.23999786376953
2024-04-04 08:00:00+00:00,89.18000030517578
2024-04-04 09:00:00+00:00,89.23999786376953
2024-04-04 10:00:00+00:00,89.29000091552734
2024-04-04 11:00:00+00:00,89.38999938964844
2024-04-04 12:00:00+00:00,89.23999786376953
2024-04-04 13:00:00+00:00,89.3499984741211
2024-04-04 14:00:00+00:00,89.23999786376953
2024-04-04 15:00:00+00:00,89.06999969482422
2024-04-04 16:00:00+00:00,89.19000244140625
2024-04-04 17:00:00+00:00,89.87000274658203
2024-04-04 18:00:00+00:00,90.75
2024-04-04 19:00:00+00:00,90.73999786376953
2024-04-04 20:00:00+00:00,91.05000305175781
2024-04-04 22:00:00+00:00,91.06999969482422
2024-04-04 23:00:00+00:00,91.18000030517578
2024-04-05 00:00:00+00:00,91.1500015258789
2024-04-05 01:00:00+00:00,90.91999816894531
2024-04-05 02:00:00+00:00,90.9800033569336
2024-04-05 03:00:00+00:00,91.0199966430664
2024-04-05 04:00:00+00:00,90.9000015258789
2024-04-05 05:00:00+00:00,91.1500015258789
2024-04-05 06:00:00+00:00,91.12999725341797
2024-04-05 07:00:00+00:00,90.7699966430664
2024-04-05 08:00:00+00:00,90.76000213623047
2024-04-05 09:00:00+00:00,90.83000183105469
2024-04-05 10:00:00+00:00,91.04000091552734
2024-04-05 11:00:00+00:00,90.80000305175781
2024-04-05 12:00:00+00:00,91.1500015258789
2024-04-05 13:00:00+00:00,90.83999633789062
2024-04-05 14:00:00+00:00,91.22000122070312
2024-04-05 15:00:00+00:00,91.56999969482422
2024-04-05 16:00:00+00:00,91.62000274658203
2024-04-05 17:00:00+00:00,91.75
2024-04-05 18:00:00+00:00,91.04000091552734
2024-04-05 19:00:00+00:00,90.93000030517578
2024-04-05 20:00:00+00:00,90.91000366210938
2024-04-07 22:00:00+00:00,90.25
2024-04-07 23:00:00+00:00,90.08999633789062
2024-04-08 00:00:00+00:00,89.44999694824219
2024-04-08 01:00:00+00:00,89.48999786376953
2024-04-08 02:00:00+00:00,89.80999755859375
2024-04-08 03:00:00+00:00,89.69999694824219
2024-04-08 04:00:00+00:00,89.87000274658203
2024-04-08 05:00:00+00:00,89.55000305175781
2024-04-08 06:00:00+00:00,89.63999938964844
2024-04-08 07:00:00+00:00,90.0999984741211
2024-04-08 08:00:00+00:00,90.47000122070312
2024-04-08 09:00:00+00:00,90.33000183105469
2024-04-08 10:00:00+00:00,90.45999908447266
2024-04-08 11:00:00+00:00,90.56999969482422
2024-04-08 12:00:00+00:00,90.2699966430664
2024-04-08 13:00:00+00:00,90.29000091552734
2024-04-08 14:00:00+00:00,90.18000030517578
2024-04-08 15:00:00+00:00,89.5199966430664
2024-04-08 16:00:00+00:00,90.0999984741211
2024-04-08 17:00:00+00:00,90.20999908447266
2024-04-08 18:00:00+00:00,90.56999969482422
2024-04-08 19:00:00+00:00,90.52999877929688
2024-04-08 20:00:00+00:00,90.56999969482422
2024-04-08 22:00:00+00:00,90.62000274658203
2024-04-08 23:00:00+00:00,90.61000061035156
2024-04-09 00:00:00+00:00,90.88999938964844
2024-04-09 01:00:00+00:00,90.58000183105469
2024-04-09 02:00:00+00:00,90.72000122070312
2024-04-09 03:00:00+00:00,90.55999755859375
2024-04-09 04:00:00+00:00,90.58000183105469
2024-04-09 05:00:00+00:00,90.43000030517578
2024-04-09 06:00:00+00:00,90.51000213623047
2024-04-09 07:00:00+00:00,90.72000122070312
2024-04-09 08:00:00+00:00,90.81999969482422
2024-04-09 09:00:00+00:00,90.6500015258789
2024-04-09 10:00:00+00:00,90.55999755859375
2024-04-09 11:00:00+00:00,90.41999816894531
2024-04-09 12:00:00+00:00,90.2699966430664
2024-04-09 13:00:00+00:00,90.38999938964844
2024-04-09 14:00:00+00:00,89.81999969482422
2024-04-09 15:00:00+00:00,89.86000061035156
2024-04-09 16:00:00+00:00,89.30999755859375
2024-04-09 17:00:00+00:00,89.41999816894531
2024-04-09 18:00:00+00:00,89.47000122070312
2024-04-09 19:00:00+00:00,89.5199966430664
2024-04-09 20:00:00+00:00,89.5
2024-04-09 22:00:00+00:00,89.51000213623047
2024-04-09 23:00:00+00:00,89.48999786376953
2024-04-10 00:00:00+00:00,89.41999816894531
2024-04-10 01:00:00+00:00,89.58000183105469
2024-04-10 02:00:00+00:00,89.4800033569336
2024-04-10 03:00:00+00:00,89.45999908447266
2024-04-10 04:00:00+00:00,89.45999908447266
2024-04-10 05:00:00+00:00,89.5
2024-04-10 06:00:00+00:00,89.72000122070312
2024-04-10 07:00:00+00:00,89.80000305175781
2024-04-10 08:00:00+00:00,89.69999694824219
2024-04-10 09:00:00+00:00,89.66999816894531
2024-04-10 10:00:00+00:00,89.91000366210938
2024-04-10 11:00:00+00:00,89.80999755859375
2024-04-10 12:00:00+00:00,90.05000305175781
2024-04-10 13:00:00+00:00,89.5999984741211
2024-04-10 14:00:00+00:00,89.38999938964844
2024-04-10 15:00:00+00:00,89.55000305175781
2024-04-10 16:00:00+00:00,89.47000122070312
2024-04-10 17:00:00+00:00,90.37999725341797
2024-04-10 18:00:00+00:00,90.38999938964844
2024-04-10 19:00:00+00:00,90.58000183105469
2024-04-10 20:00:00+00:00,90.52999877929688
2024-04-10 22:00:00+00:00,90.58000183105469
2024-04-10 23:00:00+00:00,90.55999755859375
2024-04-11 00:00:00+00:00,90.5199966430664
2024-04-11 01:00:00+00:00,90.55999755859375
2024-04-11 02:00:00+00:00,90.73999786376953
2024-04-11 03:00:00+00:00,90.73999786376953
2024-04-11 04:00:00+00:00,90.5999984741211
2024-04-11 05:00:00+00:00,90.52999877929688
2024-04-11 06:00:00+00:00,90.41999816894531
2024-04-11 07:00:00+00:00,90.73999786376953
2024-04-11 08:00:00+00:00,90.87000274658203
2024-04-11 09:00:00+00:00,90.45999908447266
2024-04-11 10:00:00+00:00,90.0
2024-04-11 11:00:00+00:00,90.16000366210938
2024-04-11 12:00:00+00:00,89.80999755859375
2024-04-11 13:00:00+00:00,89.83000183105469
2024-04-11 14:00:00+00:00,89.66999816894531
2024-04-11 15:00:00+00:00,89.97000122070312
2024-04-11 16:00:00+00:00,89.81999969482422
2024-04-11 17:00:00+00:00,89.72000122070312
2024-04-11 18:00:00+00:00,89.91999816894531
2024-04-11 19:00:00+00:00,90.20999908447266
2024-04-11 20:00:00+00:00,90.20999908447266
2024-04-11 22:00:00+00:00,90.12999725341797
2024-04-11 23:00:00+00:00,90.13999938964844
2024-04-12 00:00:00+00:00,90.11000061035156
2024-04-12 01:00:00+00:00,90.45999908447266
2024-04-12 02:00:00+00:00,90.29000091552734
2024-04-12 03:00:00+00:00,90.23999786376953
2024-04-12 04:00:00+00:00,90.22000122070312
2024-04-12 05:00:00+00:00,90.41000366210938
2024-04-12 06:00:00+00:00,90.43000030517578
2024-04-12 07:00:00+00:00,90.3499984741211
2024-04-12 08:00:00+00:00,90.52999877929688
2024-04-12 09:00:00+00:00,90.58999633789062
2024-04-12 10:00:00+00:00,90.73999786376953
2024-04-12 11:00:00+00:00,90.7699966430664
2024-04-12 12:00:00+00:00,91.18000030517578
2024-04-12 13:00:00+00:00,91.70999908447266
2024-04-12 14:00:00+00:00,91.80999755859375
2024-04-12 15:00:00+00:00,91.04000091552734
2024-04-12 16:00:00+00:00,90.5199966430664
2024-04-12 17:00:00+00:00,90.6500015258789
2024-04-12 18:00:00+00:00,90.23999786376953
2024-04-12 19:00:00+00:00,90.27999877929688
2024-04-12 20:00:00+00:00,90.19000244140625
2024-04-14 22:00:00+00:00,90.22000122070312
2024-04-14 23:00:00+00:00,90.4800033569336
2024-04-15 00:00:00+00:00,90.20999908447266
2024-04-15 01:00:00+00:00,90.37999725341797
2024-04-15 02:00:00+00:00,90.13999938964844
2024-04-15 03:00:00+00:00,90.26000213623047
2024-04-15 04:00:00+00:00,90.20999908447266
2024-04-15 05:00:00+00:00,90.1500015258789
2024-04-15 06:00:00+00:00,89.87999725341797
2024-04-15 07:00:00+00:00,89.2699966430664
2024-04-15 08:00:00+00:00,89.5199966430664
2024-04-15 09:00:00+00:00,89.58000183105469
2024-04-15 10:00:00+00:00,89.86000061035156
2024-04-15 11:00:00+00:00,89.77999877929688
2024-04-15 12:00:00+00:00,89.56999969482422
2024-04-15 13:00:00+00:00,89.41999816894531
2024-04-15 14:00:00+00:00,89.47000122070312
2024-04-15 15:00:00+00:00,89.23999786376953
2024-04-15 16:00:00+00:00,89.47000122070312
2024-04-15 17:00:00+00:00,90.19000244140625
2024-04-15 18:00:00+00:00,90.31999969482422
2024-04-15 19:00:00+00:00,90.31999969482422
2024-04-15 20:00:00+00:00,90.36000061035156
2024-04-15 22:00:00+00:00,90.62999725341797
2024-04-15 23:00:00+00:00,90.45999908447266
2024-04-16 00:00:00+00:00,90.5999984741211
2024-04-16 01:00:00+00:00,90.7300033569336
2024-04-16 02:00:00+00:00,90.7699966430664
2024-04-16 03:00:00+00:00,90.55999755859375
2024-04-16 04:00:00+00:00,90.62000274658203
2024-04-16 05:00:00+00:00,90.66999816894531
2024-04-16 06:00:00+00:00,90.30999755859375
2024-04-16 07:00:00+00:00,90.18000030517578
2024-04-16 08:00:00+00:00,90.04000091552734
2024-04-16 09:00:00+00:00,89.77999877929688
2024-04-16 10:00:00+00:00,89.72000122070312
2024-04-16 11:00:00+00:00,89.7300033569336
2024-04-16 12:00:00+00:00,89.41999816894531
2024-04-16 13:00:00+00:00,89.83999633789062
2024-04-16 14:00:00+00:00,90.20999908447266
2024-04-16 15:00:00+00:00,90.12999725341797
2024-04-16 16:00:00+00:00,89.9800033569336
2024-04-16 17:00:00+00:00,89.97000122070312
2024-04-16 18:00:00+00:00,90.12999725341797
2024-04-16 19:00:00+00:00,89.95999908447266
2024-04-16 20:00:00+00:00,89.9800033569336
2024-04-16 22:00:00+00:00,89.94999694824219
2024-04-16 23:00:00+00:00,90.08999633789062
2024-04-17 00:00:00+00:00,89.91000366210938
2024-04-17 01:00:00+00:00,89.54000091552734
2024-04-17 02:00:00+00:00,89.45999908447266
2024-04-17 03:00:00+00:00,89.5
2024-04-17 04:00:00+00:00,89.55999755859375
2024-04-17 05:00:00+00:00,89.55000305175781
2024-04-17 06:00:00+00:00,89.73999786376953
2024-04-17 07:00:00+00:00,89.69000244140625
2024-04-17 08:00:00+00:00,89.62999725341797
2024-04-17 09:00:00+00:00,89.1500015258789
2024-04-17 10:00:00+00:00,89.45999908447266
2024-04-17 11:00:00+00:00,89.52999877929688
2024-04-17 12:00:00+00:00,88.9800033569336
2024-04-17 13:00:00+00:00,89.26000213623047
2024-04-17 14:00:00+00:00,89.29000091552734
2024-04-17 15:00:00+00:00,87.87000274658203
2024-04-17 16:00:00+00:00,87.54000091552734
2024-04-17 17:00:00+00:00,87.37999725341797
2024-04-17 18:00:00+00:00,87.30999755859375
2024-04-17 19:00:00+00:00,87.38999938964844
2024-04-17 20:00:00+00:00,87.47000122070312
2024-04-17 22:00:00+00:00,87.48999786376953
2024-04-17 23:00:00+00:00,87.37999725341797
2024-04-18 00:00:00+00:00,87.36000061035156
2024-04-18 01:00:00+00:00,87.44000244140625
2024-04-18 02:00:00+00:00,87.54000091552734
2024-04-18 03:00:00+00:00,87.5999984741211
2024-04-18 04:00:00+00:00,87.45999908447266
2024-04-18 05:00:00+00:00,87.51000213623047
2024-04-18 06:00:00+00:00,87.37000274658203
2024-04-18 07:00:00+00:00,86.83000183105469
2024-04-18 08:00:00+00:00,86.58999633789062
2024-04-18 09:00:00+00:00,86.41000366210938
2024-04-18 10:00:00+00:00,86.33000183105469
2024-04-18 11:00:00+00:00,86.58999633789062
2024-04-18 12:00:00+00:00,87.29000091552734
2024-04-18 13:00:00+00:00,87.36000061035156
2024-04-18 14:00:00+00:00,86.75
2024-04-18 15:00:00+00:00,87.04000091552734
2024-04-18 16:00:00+00:00,87.55999755859375
2024-04-18 17:00:00+00:00,87.29000091552734
2024-04-18 18:00:00+00:00,87.18000030517578
2024-04-18 19:00:00+00:00,87.08000183105469
2024-04-18 20:00:00+00:00,86.88999938964844
2024-04-18 22:00:00+00:00,87.0199966430664
2024-04-18 23:00:00+00:00,87.02999877929688
2024-04-19 00:00:00+00:00,87.36000061035156
2024-04-19 01:00:00+00:00,89.75
2024-04-19 02:00:00+00:00,89.93000030517578
2024-04-19 03:00:00+00:00,89.25
2024-04-19 04:00:00+00:00,88.80999755859375
2024-04-19 05:00:00+00:00,88.68000030517578
2024-04-19 06:00:00+00:00,88.23999786376953
2024-04-19 07:00:00+00:00,87.76000213623047
2024-04-19 08:00:00+00:00,87.3499984741211
2024-04-19 09:00:00+00:00,86.94999694824219
2024-04-19 10:00:00+00:00,86.66000366210938
2024-04-19 11:00:00+00:00,86.5
2024-04-19 12:00:00+00:00,86.55999755859375
2024-04-19 13:00:00+00:00,87.11000061035156
2024-04-19 14:00:00+00:00,87.52999877929688
2024-04-19 15:00:00+00:00,87.2300033569336
2024-04-19 16:00:00+00:00,87.69999694824219
2024-04-19 17:00:00+00:00,87.4800033569336
2024-04-19 18:00:00+00:00,87.38999938964844
2024-04-19 19:00:00+00:00,87.19000244140625
2024-04-19 20:00:00+00:00,87.19999694824219
2024-04-21 22:00:00+00:00,86.95999908447266
2024-04-21 23:00:00+00:00,86.97000122070312
2024-04-22 00:00:00+00:00,86.75
2024-04-22 01:00:00+00:00,86.47000122070312
2024-04-22 02:00:00+00:00,86.70999908447266
2024-04-22 03:00:00+00:00,86.58999633789062
2024-04-22 04:00:00+00:00,86.55000305175781
2024-04-22 05:00:00+00:00,86.30999755859375
2024-04-22 06:00:00+00:00,86.04000091552734
2024-04-22 07:00:00+00:00,85.93000030517578
2024-04-22 08:00:00+00:00,86.33000183105469
2024-04-22 09:00:00+00:00,86.69999694824219
2024-04-22 10:00:00+00:00,86.87000274658203
2024-04-22 11:00:00+00:00,86.47000122070312
2024-04-22 12:00:00+00:00,86.37000274658203
2024-04-22 13:00:00+00:00,86.5
2024-04-22 14:00:00+00:00,86.7300033569336
2024-04-22 15:00:00+00:00,87.11000061035156
2024-04-22 16:00:00+00:00,87.01000213623047
2024-04-22 17:00:00+00:00,86.73999786376953
2024-04-22 18:00:00+00:00,87.08000183105469
2024-04-22 19:00:00+00:00,87.12999725341797
2024-04-22 20:00:00+00:00,87.18000030517578
2024-04-22 22:00:00+00:00,87.16999816894531
2024-04-22 23:00:00+00:00,87.16000366210938
2024-04-23 00:00:00+00:00,87.41999816894531
2024-04-23 01:00:00+00:00,87.0
2024-04-23 02:00:00+00:00,87.30000305175781
2024-04-23 03:00:00+00:00,87.3499984741211
2024-04-23 04:00:00+00:00,87.41999816894531
2024-04-23 05:00:00+00:00,87.22000122070312
2024-04-23 06:00:00+00:00,87.16000366210938
2024-04-23 07:00:00+00:00,87.66000366210938
2024-04-23 08:00:00+00:00,87.5199966430664
2024-04-23 09:00:00+00:00,87.11000061035156
2024-04-23 10:00:00+00:00,86.79000091552734
2024-04-23 11:00:00+00:00,86.41999816894531
2024-04-23 12:00:00+00:00,86.22000122070312
2024-04-23 13:00:00+00:00,87.02999877929688
2024-04-23 14:00:00+00:00,87.41999816894531
2024-04-23 15:00:00+00:00,87.93000030517578
2024-04-23 16:00:00+00:00,88.04000091552734
2024-04-23 17:00:00+00:00,88.33999633789062
2024-04-23 18:00:00+00:00,88.41000366210938
2024-04-23 19:00:00+00:00,88.37000274658203
2024-04-23 20:00:00+00:00,88.45999908447266
2024-04-23 22:00:00+00:00,88.44999694824219
2024-04-23 23:00:00+00:00,88.48999786376953
2024-04-24 00:00:00+00:00,88.5199966430664
2024-04-24 01:00:00+00:00,88.33999633789062
2024-04-24 02:00:00+00:00,88.37000274658203
2024-04-24 03:00:00+00:00,88.41999816894531
2024-04-24 04:00:00+00:00,88.48999786376953
2024-04-24 05:00:00+00:00,88.55000305175781
2024-04-24 06:00:00+00:00,88.66999816894531
2024-04-24 07:00:00+00:00,88.5
2024-04-24 08:00:00+00:00,88.0999984741211
2024-04-24 09:00:00+00:00,88.0999984741211
2024-04-24 10:00:00+00:00,87.91999816894531
2024-04-24 11:00:00+00:00,88.29000091552734
2024-04-24 12:00:00+00:00,88.37000274658203
2024-04-24 13:00:00+00:00,88.12999725341797
2024-04-24 14:00:00+00:00,87.93000030517578
2024-04-24 15:00:00+00:00,88.02999877929688
2024-04-24 16:00:00+00:00,87.87000274658203
2024-04-24 17:00:00+00:00,87.7699966430664
2024-04-24 18:00:00+00:00,88.06999969482422
2024-04-24 19:00:00+00:00,88.1500015258789
2024-04-24 20:00:00+00:00,88.05999755859375
2024-04-24 22:00:00+00:00,88.0
2024-04-24 23:00:00+00:00,87.87000274658203
2024-04-25 00:00:00+00:00,87.97000122070312
2024-04-25 01:00:00+00:00,87.80000305175781
2024-04-25 02:00:00+00:00,88.12999725341797
2024-04-25 03:00:00+00:00,88.0999984741211
2024-04-25 04:00:00+00:00,88.1500015258789
2024-04-25 05:00:00+00:00,88.18000030517578
2024-04-25 06:00:00+00:00,88.2699966430664
2024-04-25 07:00:00+00:00,88.33000183105469
2024-04-25 08:00:00+00:00,88.18000030517578
2024-04-25 09:00:00+00:00,87.9800033569336
2024-04-25 10:00:00+00:00,88.11000061035156
2024-04-25 11:00:00+00:00,88.19999694824219
2024-04-25 12:00:00+00:00,88.0999984741211
2024-04-25 13:00:00+00:00,87.72000122070312
2024-04-25 14:00:00+00:00,87.47000122070312
2024-04-25 15:00:00+00:00,87.88999938964844
2024-04-25 16:00:00+00:00,87.88999938964844
2024-04-25 17:00:00+00:00,88.41999816894531
2024-04-25 18:00:00+00:00,89.13999938964844
2024-04-25 19:00:00+00:00,89.19999694824219
2024-04-25 20:00:00+00:00,89.2300033569336
2024-04-25 23:00:00+00:00,89.23999786376953
2024-04-26 00:00:00+00:00,89.30999755859375
2024-04-26 01:00:00+00:00,89.30000305175781
2024-04-26 02:00:00+00:00,89.30000305175781
2024-04-26 03:00:00+00:00,89.30999755859375
2024-04-26 05:00:00+00:00,89.48999786376953
2024-04-26 06:00:00+00:00,89.4000015258789
2024-04-26 07:00:00+00:00,89.36000061035156
2024-04-26 08:00:00+00:00,88.98999786376953
2024-04-26 09:00:00+00:00,89.3499984741211
2024-04-26 10:00:00+00:00,89.47000122070312
2024-04-26 11:00:00+00:00,89.58000183105469
2024-04-26 12:00:00+00:00,89.70999908447266
2024-04-26 13:00:00+00:00,89.41000366210938
2024-04-26 14:00:00+00:00,89.02999877929688
2024-04-26 15:00:00+00:00,89.55000305175781
2024-04-26 16:00:00+00:00,89.4000015258789
2024-04-26 17:00:00+00:00,89.45999908447266
2024-04-26 18:00:00+00:00,89.33999633789062
2024-04-26 19:00:00+00:00,89.30000305175781
2024-04-26 20:00:00+00:00,89.36000061035156
2024-04-28 22:00:00+00:00,88.9800033569336
2024-04-28 23:00:00+00:00,88.75
2024-04-29 00:00:00+00:00,88.7300033569336
2024-04-29 01:00:00+00:00,88.5
2024-04-29 02:00:00+00:00,88.7300033569336
2024-04-29 03:00:00+00:00,88.69000244140625
2024-04-29 04:00:00+00:00,88.69000244140625
2024-04-29 05:00:00+00:00,88.70999908447266
2024-04-29 06:00:00+00:00,88.54000091552734
2024-04-29 07:00:00+00:00,88.69000244140625
2024-04-29 08:00:00+00:00,88.97000122070312
2024-04-29 09:00:00+00:00,88.91999816894531
2024-04-29 10:00:00+00:00,89.05000305175781
2024-04-29 11:00:00+00:00,89.0999984741211
2024-04-29 12:00:00+00:00,88.75
2024-04-29 13:00:00+00:00,88.97000122070312
2024-04-29 14:00:00+00:00,88.23999786376953
2024-04-29 15:00:00+00:00,88.52999877929688
2024-04-29 16:00:00+00:00,88.58999633789062
2024-04-29 17:00:00+00:00,88.19000244140625
2024-04-29 18:00:00+00:00,88.43000030517578
2024-04-29 19:00:00+00:00,88.47000122070312
2024-04-29 20:00:00+00:00,88.55999755859375
2024-04-30 00:00:00+00:00,88.33000183105469
2024-04-30 03:00:00+00:00,88.44000244140625
2024-04-30 04:00:00+00:00,88.2699966430664
2024-04-30 06:00:00+00:00,88.22000122070312
2024-04-30 07:00:00+00:00,88.62000274658203
2024-04-30 08:00:00+00:00,88.5
2024-04-30 09:00:00+00:00,88.4800033569336
2024-04-30 10:00:00+00:00,88.66999816894531
2024-04-30 12:00:00+00:00,88.61000061035156
2024-04-30 13:00:00+00:00,87.6500015258789
2024-04-30 14:00:00+00:00,87.7300033569336
2024-04-30 15:00:00+00:00,87.88999938964844
2024-04-30 16:00:00+00:00,87.81999969482422
2024-04-30 17:00:00+00:00,87.86000061035156
2024-04-30 18:00:00+00:00,87.87999725341797
2024-05-01 15:00:00+00:00,83.62000274658203
2024-05-01 16:00:00+00:00,83.68000030517578
2024-05-01 17:00:00+00:00,83.58000183105469
2024-05-01 18:00:00+00:00,83.58999633789062
2024-05-01 19:00:00+00:00,83.43000030517578
2024-05-01 20:00:00+00:00,83.5199966430664
2024-05-01 22:00:00+00:00,83.45999908447266
2024-05-01 23:00:00+00:00,83.5
2024-05-02 00:00:00+00:00,83.62000274658203
2024-05-02 01:00:00+00:00,83.66000366210938
2024-05-02 02:00:00+00:00,83.83999633789062
2024-05-02 03:00:00+00:00,83.88999938964844
2024-05-02 04:00:00+00:00,83.94999694824219
2024-05-02 05:00:00+00:00,83.97000122070312
2024-05-02 06:00:00+00:00,83.91999816894531
2024-05-02 07:00:00+00:00,84.1500015258789
2024-05-02 08:00:00+00:00,84.19999694824219
2024-05-02 09:00:00+00:00,84.23999786376953
2024-05-02 10:00:00+00:00,83.94000244140625
2024-05-02 11:00:00+00:00,84.27999877929688
2024-05-02 12:00:00+00:00,83.69000244140625
2024-05-02 13:00:00+00:00,83.44999694824219
2024-05-02 14:00:00+00:00,83.33000183105469
2024-05-02 15:00:00+00:00,83.22000122070312
2024-05-02 16:00:00+00:00,83.70999908447266
2024-05-02 17:00:00+00:00,83.55000305175781
2024-05-02 18:00:00+00:00,83.76000213623047
2024-05-02 19:00:00+00:00,83.62999725341797
2024-05-02 20:00:00+00:00,83.76000213623047
2024-05-02 22:00:00+00:00,83.83999633789062
2024-05-02 23:00:00+00:00,83.93000030517578
2024-05-03 00:00:00+00:00,84.0199966430664
2024-05-03 01:00:00+00:00,83.88999938964844
2024-05-03 02:00:00+00:00,83.8499984741211
2024-05-03 03:00:00+00:00,83.91999816894531
2024-05-03 04:00:00+00:00,83.87000274658203
2024-05-03 05:00:00+00:00,83.91999816894531
2024-05-03 06:00:00+00:00,83.94999694824219
2024-05-03 07:00:00+00:00,84.0
2024-05-03 08:00:00+00:00,83.81999969482422
2024-05-03 09:00:00+00:00,83.04000091552734
2024-05-03 10:00:00+00:00,83.93000030517578
2024-05-03 11:00:00+00:00,84.08000183105469
2024-05-03 12:00:00+00:00,83.87999725341797
2024-05-03 13:00:00+00:00,83.48999786376953
2024-05-03 14:00:00+00:00,83.29000091552734
2024-05-03 15:00:00+00:00,82.62000274658203
2024-05-03 16:00:00+00:00,83.19000244140625
2024-05-03 17:00:00+00:00,83.11000061035156
2024-05-03 18:00:00+00:00,82.87000274658203
2024-05-03 19:00:00+00:00,82.43000030517578
2024-05-03 20:00:00+00:00,82.81999969482422
2024-05-05 22:00:00+00:00,83.38999938964844
2024-05-05 23:00:00+00:00,83.2300033569336
2024-05-06 00:00:00+00:00,83.06999969482422
2024-05-06 01:00:00+00:00,83.22000122070312
2024-05-06 02:00:00+00:00,83.13999938964844
2024-05-06 03:00:00+00:00,83.22000122070312
2024-05-06 04:00:00+00:00,83.20999908447266
2024-05-06 05:00:00+00:00,83.41999816894531
2024-05-06 06:00:00+00:00,83.5999984741211
2024-05-06 07:00:00+00:00,83.55000305175781
2024-05-06 08:00:00+00:00,83.12000274658203
2024-05-06 09:00:00+00:00,83.62000274658203
2024-05-06 10:00:00+00:00,83.69999694824219
2024-05-06 11:00:00+00:00,83.25
2024-05-06 12:00:00+00:00,83.38999938964844
2024-05-06 13:00:00+00:00,83.62000274658203
2024-05-06 14:00:00+00:00,82.91000366210938
2024-05-06 15:00:00+00:00,83.51000213623047
2024-05-06 16:00:00+00:00,82.72000122070312
2024-05-06 17:00:00+00:00,83.0199966430664
2024-05-06 18:00:00+00:00,83.48999786376953
2024-05-06 19:00:00+00:00,83.41999816894531
2024-05-06 20:00:00+00:00,83.5199966430664
2024-05-06 22:00:00+00:00,83.58000183105469
2024-05-06 23:00:00+00:00,83.70999908447266
2024-05-07 00:00:00+00:00,83.80000305175781
2024-05-07 01:00:00+00:00,83.4800033569336
2024-05-07 02:00:00+00:00,83.55000305175781
2024-05-07 03:00:00+00:00,83.56999969482422
2024-05-07 04:00:00+00:00,83.4800033569336
2024-05-07 05:00:00+00:00,83.54000091552734
2024-05-07 06:00:00+00:00,83.45999908447266
2024-05-07 07:00:00+00:00,83.2699966430664
2024-05-07 08:00:00+00:00,83.5
2024-05-07 09:00:00+00:00,83.18000030517578
2024-05-07 10:00:00+00:00,83.05000305175781
2024-05-07 11:00:00+00:00,83.06999969482422
2024-05-07 12:00:00+00:00,82.76000213623047
2024-05-07 13:00:00+00:00,82.80000305175781
2024-05-07 14:00:00+00:00,82.79000091552734
2024-05-07 15:00:00+00:00,83.1500015258789
2024-05-07 16:00:00+00:00,83.4800033569336
2024-05-07 17:00:00+00:00,83.44999694824219
2024-05-07 18:00:00+00:00,83.26000213623047
2024-05-07 19:00:00+00:00,83.19999694824219
2024-05-07 20:00:00+00:00,83.11000061035156
2024-05-07 22:00:00+00:00,83.12000274658203
2024-05-07 23:00:00+00:00,83.05000305175781
2024-05-08 00:00:00+00:00,82.9800033569336
2024-05-08 01:00:00+00:00,82.80999755859375
2024-05-08 02:00:00+00:00,82.80000305175781
2024-05-08 03:00:00+00:00,82.87000274658203
2024-05-08 04:00:00+00:00,82.69999694824219
2024-05-08 05:00:00+00:00,82.66999816894531
2024-05-08 06:00:00+00:00,82.41000366210938
2024-05-08 07:00:00+00:00,82.12999725341797
2024-05-08 08:00:00+00:00,82.06999969482422
2024-05-08 09:00:00+00:00,82.16999816894531
2024-05-08 10:00:00+00:00,82.45999908447266
2024-05-08 11:00:00+00:00,82.19999694824219
2024-05-08 12:00:00+00:00,82.30999755859375
2024-05-08 13:00:00+00:00,82.62999725341797
2024-05-08 14:00:00+00:00,83.2300033569336
2024-05-08 15:00:00+00:00,83.69999694824219
2024-05-08 16:00:00+00:00,83.41999816894531
2024-05-08 17:00:00+00:00,83.44999694824219
2024-05-08 18:00:00+00:00,83.66000366210938
2024-05-08 19:00:00+00:00,83.73999786376953
2024-05-08 20:00:00+00:00,83.77999877929688
2024-05-08 22:00:00+00:00,83.66000366210938
2024-05-08 23:00:00+00:00,83.76000213623047
2024-05-09 00:00:00+00:00,83.8499984741211
2024-05-09 01:00:00+00:00,83.80999755859375
2024-05-09 02:00:00+00:00,83.93000030517578
2024-05-09 03:00:00+00:00,83.95999908447266
2024-05-09 04:00:00+00:00,83.93000030517578
2024-05-09 05:00:00+00:00,83.86000061035156
2024-05-09 06:00:00+00:00,83.81999969482422
2024-05-09 07:00:00+00:00,84.13999938964844
2024-05-09 08:00:00+00:00,84.16999816894531
2024-05-09 09:00:00+00:00,84.0
2024-05-09 10:00:00+00:00,84.30000305175781
2024-05-09 11:00:00+00:00,84.12999725341797
2024-05-09 12:00:00+00:00,84.05000305175781
2024-05-09 13:00:00+00:00,83.9800033569336
2024-05-09 14:00:00+00:00,83.8499984741211
2024-05-09 15:00:00+00:00,83.48999786376953
2024-05-09 16:00:00+00:00,83.66000366210938
2024-05-09 17:00:00+00:00,83.5999984741211
2024-05-09 18:00:00+00:00,84.05999755859375
2024-05-09 19:00:00+00:00,84.19999694824219
2024-05-09 20:00:00+00:00,84.18000030517578
2024-05-09 22:00:00+00:00,84.23999786376953
2024-05-09 23:00:00+00:00,84.22000122070312
2024-05-10 00:00:00+00:00,84.25
2024-05-10 01:00:00+00:00,84.31999969482422
2024-05-10 02:00:00+00:00,84.20999908447266
2024-05-10 03:00:00+00:00,84.36000061035156
2024-05-10 04:00:00+00:00,84.37000274658203
2024-05-10 05:00:00+00:00,84.44999694824219
2024-05-10 06:00:00+00:00,84.51000213623047
2024-05-10 07:00:00+00:00,84.41999816894531
2024-05-10 08:00:00+00:00,84.1500015258789
2024-05-10 09:00:00+00:00,84.43000030517578
2024-05-10 10:00:00+00:00,84.44999694824219
2024-05-10 11:00:00+00:00,84.33000183105469
2024-05-10 12:00:00+00:00,84.19999694824219
2024-05-10 13:00:00+00:00,84.20999908447266
2024-05-10 14:00:00+00:00,83.86000061035156
2024-05-10 15:00:00+00:00,83.30000305175781
2024-05-10 16:00:00+00:00,82.97000122070312
2024-05-10 17:00:00+00:00,82.83999633789062
2024-05-10 18:00:00+00:00,82.81999969482422
2024-05-10 19:00:00+00:00,82.8499984741211
2024-05-10 20:00:00+00:00,82.7300033569336
2024-05-12 22:00:00+00:00,82.55999755859375
2024-05-12 23:00:00+00:00,82.55000305175781
2024-05-13 00:00:00+00:00,82.55000305175781
2024-05-13 01:00:00+00:00,82.26000213623047
2024-05-13 02:00:00+00:00,82.52999877929688
2024-05-13 03:00:00+00:00,82.51000213623047
2024-05-13 04:00:00+00:00,82.5199966430664
2024-05-13 05:00:00+00:00,82.5199966430664
2024-05-13 06:00:00+00:00,82.75
2024-05-13 07:00:00+00:00,83.0
2024-05-13 08:00:00+00:00,83.0999984741211
2024-05-13 09:00:00+00:00,82.88999938964844
2024-05-13 10:00:00+00:00,83.12000274658203
2024-05-13 11:00:00+00:00,83.27999877929688
2024-05-13 12:00:00+00:00,83.22000122070312
2024-05-13 13:00:00+00:00,83.58000183105469
2024-05-13 14:00:00+00:00,83.37000274658203
2024-05-13 15:00:00+00:00,83.18000030517578
2024-05-13 16:00:00+00:00,83.08000183105469
2024-05-13 17:00:00+00:00,83.31999969482422
2024-05-13 18:00:00+00:00,83.44999694824219
2024-05-13 19:00:00+00:00,83.4800033569336
2024-05-13 20:00:00+00:00,83.47000122070312
2024-05-13 22:00:00+00:00,83.45999908447266
2024-05-13 23:00:00+00:00,83.41000366210938
2024-05-14 00:00:00+00:00,83.5999984741211
2024-05-14 01:00:00+00:00,83.38999938964844
2024-05-14 02:00:00+00:00,83.33999633789062
2024-05-14 03:00:00+00:00,83.45999908447266
2024-05-14 04:00:00+00:00,83.44999694824219
2024-05-14 05:00:00+00:00,83.4800033569336
2024-05-14 06:00:00+00:00,83.41000366210938
2024-05-14 07:00:00+00:00,83.29000091552734
2024-05-14 08:00:00+00:00,83.16999816894531
2024-05-14 09:00:00+00:00,83.36000061035156
2024-05-14 10:00:00+00:00,83.30999755859375
2024-05-14 11:00:00+00:00,83.16999816894531
2024-05-14 12:00:00+00:00,82.83999633789062
2024-05-14 13:00:00+00:00,83.1500015258789
2024-05-14 14:00:00+00:00,82.55999755859375
2024-05-14 15:00:00+00:00,82.25
2024-05-14 16:00:00+00:00,82.5
2024-05-14 17:00:00+00:00,82.2300033569336
2024-05-14 18:00:00+00:00,82.4000015258789
2024-05-14 19:00:00+00:00,82.44000244140625
2024-05-14 20:00:00+00:00,82.7699966430664
2024-05-14 22:00:00+00:00,82.7300033569336
2024-05-14 23:00:00+00:00,82.69000244140625
2024-05-15 00:00:00+00:00,82.6500015258789
2024-05-15 01:00:00+00:00,82.8499984741211
2024-05-15 02:00:00+00:00,82.91000366210938
2024-05-15 03:00:00+00:00,82.94999694824219
2024-05-15 04:00:00+00:00,82.91999816894531
2024-05-15 05:00:00+00:00,82.9800033569336
2024-05-15 06:00:00+00:00,82.9000015258789
2024-05-15 07:00:00+00:00,82.80000305175781
2024-05-15 08:00:00+00:00,82.86000061035156
2024-05-15 09:00:00+00:00,82.54000091552734
2024-05-15 10:00:00+00:00,82.22000122070312
2024-05-15 11:00:00+00:00,81.93000030517578
2024-05-15 12:00:00+00:00,82.01000213623047
2024-05-15 13:00:00+00:00,81.36000061035156
2024-05-15 14:00:00+00:00,81.7699966430664
2024-05-15 15:00:00+00:00,82.5
2024-05-15 16:00:00+00:00,82.69999694824219
2024-05-15 17:00:00+00:00,82.72000122070312
2024-05-15 18:00:00+00:00,82.83999633789062
2024-05-15 19:00:00+00:00,82.9800033569336
2024-05-15 20:00:00+00:00,82.9800033569336
2024-05-15 22:00:00+00:00,82.94999694824219
2024-05-15 23:00:00+00:00,83.05000305175781
2024-05-16 00:00:00+00:00,83.2300033569336
2024-05-16 01:00:00+00:00,83.05999755859375
2024-05-16 02:00:00+00:00,83.12999725341797
2024-05-16 03:00:00+00:00,83.08999633789062
2024-05-16 04:00:00+00:00,83.12999725341797
2024-05-16 05:00:00+00:00,83.13999938964844
2024-05-16 06:00:00+00:00,83.18000030517578
2024-05-16 07:00:00+00:00,83.0
2024-05-16 08:00:00+00:00,82.80000305175781
2024-05-16 09:00:00+00:00,82.4800033569336
2024-05-16 10:00:00+00:00,82.5999984741211
2024-05-16 11:00:00+00:00,82.80999755859375
2024-05-16 12:00:00+00:00,83.12000274658203
2024-05-16 13:00:00+00:00,83.4800033569336
2024-05-16 14:00:00+00:00,83.2300033569336
2024-05-16 15:00:00+00:00,83.3499984741211
2024-05-16 16:00:00+00:00,83.05999755859375
2024-05-16 17:00:00+00:00,83.25
2024-05-16 18:00:00+00:00,83.43000030517578
2024-05-16 19:00:00+00:00,83.33999633789062
2024-05-16 20:00:00+00:00,83.4000015258789
2024-05-16 22:00:00+00:00,83.4800033569336
2024-05-16 23:00:00+00:00,83.41999816894531
2024-05-17 00:00:00+00:00,83.31999969482422
2024-05-17 01:00:00+00:00,83.58999633789062
2024-05-17 02:00:00+00:00,83.47000122070312
2024-05-17 03:00:00+00:00,83.47000122070312
2024-05-17 04:00:00+00:00,83.55000305175781
2024-05-17 05:00:00+00:00,83.62000274658203
2024-05-17 06:00:00+00:00,83.83000183105469
2024-05-17 07:00:00+00:00,83.61000061035156
2024-05-17 08:00:00+00:00,83.43000030517578
2024-05-17 09:00:00+00:00,83.44999694824219
2024-05-17 10:00:00+00:00,83.44999694824219
2024-05-17 11:00:00+00:00,83.25
2024-05-17 12:00:00+00:00,83.72000122070312
2024-05-17 13:00:00+00:00,83.55999755859375
2024-05-17 14:00:00+00:00,83.37999725341797
2024-05-17 15:00:00+00:00,83.56999969482422
2024-05-17 16:00:00+00:00,83.63999938964844
2024-05-17 17:00:00+00:00,83.91999816894531
2024-05-17 18:00:00+00:00,83.98999786376953
2024-05-17 19:00:00+00:00,83.94000244140625
2024-05-17 20:00:00+00:00,83.95999908447266
2024-05-19 22:00:00+00:00,83.97000122070312
2024-05-19 23:00:00+00:00,83.79000091552734
2024-05-20 00:00:00+00:00,83.95999908447266
2024-05-20 01:00:00+00:00,84.16000366210938
2024-05-20 02:00:00+00:00,84.06999969482422
2024-05-20 03:00:00+00:00,84.12999725341797
2024-05-20 04:00:00+00:00,84.08000183105469
2024-05-20 05:00:00+00:00,84.31999969482422
2024-05-20 06:00:00+00:00,84.4000015258789
2024-05-20 07:00:00+00:00,84.38999938964844
2024-05-20 08:00:00+00:00,84.05999755859375
2024-05-20 09:00:00+00:00,83.73999786376953
2024-05-20 10:00:00+00:00,83.80999755859375
2024-05-20 11:00:00+00:00,83.77999877929688
2024-05-20 12:00:00+00:00,83.44999694824219
2024-05-20 13:00:00+00:00,83.9800033569336
2024-05-20 14:00:00+00:00,83.91999816894531
2024-05-20 15:00:00+00:00,83.66999816894531
2024-05-20 16:00:00+00:00,83.43000030517578
2024-05-20 17:00:00+00:00,83.29000091552734
2024-05-20 18:00:00+00:00,83.73999786376953
2024-05-20 19:00:00+00:00,83.69000244140625
2024-05-20 20:00:00+00:00,83.66999816894531
2024-05-20 22:00:00+00:00,83.69000244140625
2024-05-20 23:00:00+00:00,83.73999786376953
2024-05-21 00:00:00+00:00,83.55999755859375
2024-05-21 01:00:00+00:00,83.44999694824219
2024-05-21 02:00:00+00:00,83.19999694824219
2024-05-21 03:00:00+00:00,83.25
2024-05-21 04:00:00+00:00,83.19000244140625
2024-05-21 05:00:00+00:00,83.23999786376953
2024-05-21 06:00:00+00:00,83.12000274658203
2024-05-21 07:00:00+00:00,83.0199966430664
2024-05-21 08:00:00+00:00,83.08999633789062
2024-05-21 09:00:00+00:00,82.91999816894531
2024-05-21 10:00:00+00:00,82.48999786376953
2024-05-21 11:00:00+00:00,82.26000213623047
2024-05-21 12:00:00+00:00,82.56999969482422
2024-05-21 13:00:00+00:00,82.7300033569336
2024-05-21 14:00:00+00:00,83.02999877929688
2024-05-21 15:00:00+00:00,82.43000030517578
2024-05-21 16:00:00+00:00,82.80999755859375
2024-05-21 17:00:00+00:00,82.98999786376953
2024-05-21 18:00:00+00:00,82.87000274658203
2024-05-21 19:00:00+00:00,82.87000274658203
2024-05-21 20:00:00+00:00,82.5199966430664
2024-05-21 22:00:00+00:00,82.55000305175781
2024-05-21 23:00:00+00:00,82.56999969482422
2024-05-22 00:00:00+00:00,82.3499984741211
2024-05-22 01:00:00+00:00,82.30000305175781
2024-05-22 02:00:00+00:00,82.23999786376953
2024-05-22 03:00:00+00:00,82.33000183105469
2024-05-22 04:00:00+00:00,82.29000091552734
2024-05-22 05:00:00+00:00,82.31999969482422
2024-05-22 06:00:00+00:00,82.06999969482422
2024-05-22 07:00:00+00:00,81.80000305175781
2024-05-22 08:00:00+00:00,82.12999725341797
2024-05-22 09:00:00+00:00,82.26000213623047
2024-05-22 10:00:00+00:00,82.5
2024-05-22 11:00:00+00:00,81.97000122070312
2024-05-22 12:00:00+00:00,82.0999984741211
2024-05-22 13:00:00+00:00,81.9000015258789
2024-05-22 14:00:00+00:00,82.37999725341797
2024-05-22 15:00:00+00:00,82.01000213623047
2024-05-22 16:00:00+00:00,82.36000061035156
2024-05-22 17:00:00+00:00,82.02999877929688
2024-05-22 18:00:00+00:00,81.70999908447266
2024-05-22 19:00:00+00:00,81.69000244140625
2024-05-22 20:00:00+00:00,81.62999725341797
2024-05-22 22:00:00+00:00,81.4800033569336
2024-05-22 23:00:00+00:00,81.55000305175781
2024-05-23 00:00:00+00:00,81.5
2024-05-23 01:00:00+00:00,81.3499984741211
2024-05-23 02:00:00+00:00,81.44999694824219
2024-05-23 03:00:00+00:00,81.56999969482422
2024-05-23 04:00:00+00:00,81.48999786376953
2024-05-23 05:00:00+00:00,81.37000274658203
2024-05-23 06:00:00+00:00,81.70999908447266
2024-05-23 07:00:00+00:00,81.72000122070312
2024-05-23 08:00:00+00:00,81.98999786376953
2024-05-23 09:00:00+00:00,82.44999694824219
2024-05-23 10:00:00+00:00,82.58999633789062
2024-05-23 11:00:00+00:00,82.44999694824219
2024-05-23 12:00:00+00:00,82.75
2024-05-23 13:00:00+00:00,82.6500015258789
2024-05-23 14:00:00+00:00,81.86000061035156
2024-05-23 15:00:00+00:00,81.36000061035156
2024-05-23 16:00:00+00:00,81.27999877929688
2024-05-23 17:00:00+00:00,81.08000183105469
2024-05-23 18:00:00+00:00,81.37000274658203
2024-05-23 19:00:00+00:00,81.36000061035156
2024-05-23 20:00:00+00:00,81.4800033569336
2024-05-23 22:00:00+00:00,81.41000366210938
2024-05-23 23:00:00+00:00,81.36000061035156
2024-05-24 00:00:00+00:00,81.30000305175781
2024-05-24 01:00:00+00:00,81.4800033569336
2024-05-24 02:00:00+00:00,81.47000122070312
2024-05-24 03:00:00+00:00,81.38999938964844
2024-05-24 04:00:00+00:00,81.37999725341797
2024-05-24 05:00:00+00:00,81.33000183105469
2024-05-24 06:00:00+00:00,81.30000305175781
2024-05-24 07:00:00+00:00,81.29000091552734
2024-05-24 08:00:00+00:00,81.08000183105469
2024-05-24 09:00:00+00:00,80.75
2024-05-24 10:00:00+00:00,80.87999725341797
2024-05-24 11:00:00+00:00,81.12999725341797
2024-05-24 12:00:00+00:00,81.2300033569336
2024-05-24 13:00:00+00:00,81.69000244140625
2024-05-24 14:00:00+00:00,81.80999755859375
2024-05-24 15:00:00+00:00,82.16000366210938
2024-05-24 16:00:00+00:00,82.18000030517578
2024-05-24 17:00:00+00:00,82.20999908447266
2024-05-24 18:00:00+00:00,82.19999694824219
2024-05-24 19:00:00+00:00,82.13999938964844
2024-05-24 20:00:00+00:00,82.16000366210938
2024-05-26 22:00:00+00:00,82.19999694824219
2024-05-26 23:00:00+00:00,82.19999694824219
2024-05-27 00:00:00+00:00,82.25
2024-05-27 01:00:00+00:00,82.27999877929688
2024-05-27 02:00:00+00:00,82.25
2024-05-27 03:00:00+00:00,82.29000091552734
2024-05-28 04:00:00+00:00,83.27999877929688
2024-05-28 05:00:00+00:00,83.18000030517578
2024-05-28 06:00:00+00:00,83.06999969482422
2024-05-28 07:00:00+00:00,83.1500015258789
2024-05-28 08:00:00+00:00,83.18000030517578
2024-05-28 09:00:00+00:00,83.18000030517578
2024-05-28 10:00:00+00:00,83.26000213623047
2024-05-28 11:00:00+00:00,83.22000122070312
2024-05-28 12:00:00+00:00,83.38999938964844
2024-05-28 13:00:00+00:00,83.54000091552734
2024-05-28 14:00:00+00:00,83.70999908447266
2024-05-28 15:00:00+00:00,84.11000061035156
2024-05-28 16:00:00+00:00,84.19999694824219
2024-05-28 17:00:00+00:00,84.04000091552734
2024-05-28 18:00:00+00:00,84.44999694824219
2024-05-28 19:00:00+00:00,84.47000122070312
2024-05-28 20:00:00+00:00,84.62999725341797
2024-05-28 22:00:00+00:00,84.5999984741211
2024-05-28 23:00:00+00:00,84.63999938964844
2024-05-29 00:00:00+00:00,84.51000213623047
2024-05-29 01:00:00+00:00,84.41000366210938
2024-05-29 02:00:00+00:00,84.37000274658203
2024-05-29 03:00:00+00:00,84.37999725341797
2024-05-29 04:00:00+00:00,84.41999816894531
2024-05-29 05:00:00+00:00,84.44000244140625
2024-05-29 06:00:00+00:00,84.54000091552734
2024-05-29 07:00:00+00:00,84.58000183105469
2024-05-29 08:00:00+00:00,84.9000015258789
2024-05-29 09:00:00+00:00,84.94000244140625
2024-05-29 10:00:00+00:00,84.8499984741211
2024-05-29 11:00:00+00:00,84.79000091552734
2024-05-29 12:00:00+00:00,84.45999908447266
2024-05-29 13:00:00+00:00,84.13999938964844
2024-05-29 14:00:00+00:00,83.83999633789062
2024-05-29 15:00:00+00:00,83.56999969482422
2024-05-29 16:00:00+00:00,83.5199966430664
2024-05-29 17:00:00+00:00,83.63999938964844
2024-05-29 18:00:00+00:00,83.41000366210938
2024-05-29 19:00:00+00:00,83.30000305175781
2024-05-29 20:00:00+00:00,83.54000091552734
2024-05-29 23:00:00+00:00,83.4800033569336
2024-05-30 00:00:00+00:00,83.5
2024-05-30 01:00:00+00:00,83.62000274658203
2024-05-30 02:00:00+00:00,83.58999633789062
2024-05-30 03:00:00+00:00,83.56999969482422
2024-05-30 04:00:00+00:00,83.44000244140625
2024-05-30 05:00:00+00:00,83.37000274658203
2024-05-30 06:00:00+00:00,83.31999969482422
2024-05-30 07:00:00+00:00,83.22000122070312
2024-05-30 08:00:00+00:00,83.5199966430664
2024-05-30 09:00:00+00:00,83.19999694824219
2024-05-30 10:00:00+00:00,83.16999816894531
2024-05-30 11:00:00+00:00,83.30999755859375
2024-05-30 12:00:00+00:00,83.05999755859375
2024-05-30 13:00:00+00:00,83.2699966430664
2024-05-30 14:00:00+00:00,83.05000305175781
2024-05-30 15:00:00+00:00,82.66000366210938
2024-05-30 16:00:00+00:00,82.19000244140625
2024-05-30 17:00:00+00:00,81.9000015258789
2024-05-30 18:00:00+00:00,82.0199966430664
2024-05-30 19:00:00+00:00,81.87999725341797
2024-05-30 20:00:00+00:00,81.94999694824219
2024-05-30 23:00:00+00:00,81.77999877929688
2024-05-31 00:00:00+00:00,81.73999786376953
2024-05-31 02:00:00+00:00,81.61000061035156
2024-05-31 05:00:00+00:00,81.81999969482422
2024-05-31 06:00:00+00:00,81.95999908447266
2024-05-31 07:00:00+00:00,81.7699966430664
2024-05-31 08:00:00+00:00,82.08999633789062
2024-05-31 09:00:00+00:00,81.51000213623047
2024-05-31 10:00:00+00:00,81.48999786376953
2024-05-31 11:00:00+00:00,81.6500015258789
2024-05-31 12:00:00+00:00,82.0199966430664
2024-05-31 13:00:00+00:00,81.91999816894531
2024-05-31 14:00:00+00:00,81.62999725341797
2024-05-31 15:00:00+00:00,81.55000305175781
2024-05-31 16:00:00+00:00,81.58000183105469
2024-06-03 17:00:00+00:00,78.20999908447266
2024-06-03 18:00:00+00:00,78.26000213623047
2024-06-03 19:00:00+00:00,78.16000366210938
2024-06-03 20:00:00+00:00,78.0999984741211
2024-06-03 22:00:00+00:00,78.08999633789062
2024-06-03 23:00:00+00:00,78.12000274658203
2024-06-04 00:00:00+00:00,78.06999969482422
2024-06-04 01:00:00+00:00,77.93000030517578
2024-06-04 02:00:00+00:00,77.91000366210938
2024-06-04 03:00:00+00:00,77.79000091552734
2024-06-04 04:00:00+00:00,77.80000305175781
2024-06-04 05:00:00+00:00,77.62999725341797
2024-06-04 06:00:00+00:00,77.61000061035156
2024-06-04 07:00:00+00:00,77.19000244140625
2024-06-04 08:00:00+00:00,77.0199966430664
2024-06-04 09:00:00+00:00,77.0
2024-06-04 10:00:00+00:00,77.12999725341797
2024-06-04 11:00:00+00:00,77.08999633789062
2024-06-04 12:00:00+00:00,77.0
2024-06-04 13:00:00+00:00,76.75
2024-06-04 14:00:00+00:00,77.05000305175781
2024-06-04 15:00:00+00:00,77.18000030517578
2024-06-04 16:00:00+00:00,77.41999816894531
2024-06-04 17:00:00+00:00,77.8499984741211
2024-06-04 18:00:00+00:00,77.62000274658203
2024-06-04 19:00:00+00:00,77.54000091552734
2024-06-04 20:00:00+00:00,77.22000122070312
2024-06-04 22:00:00+00:00,77.22000122070312
2024-06-04 23:00:00+00:00,77.29000091552734
2024-06-05 00:00:00+00:00,77.41999816894531
2024-06-05 01:00:00+00:00,77.5
2024-06-05 02:00:00+00:00,77.61000061035156
2024-06-05 03:00:00+00:00,77.4800033569336
2024-06-05 04:00:00+00:00,77.47000122070312
2024-06-05 05:00:00+00:00,77.4800033569336
2024-06-05 06:00:00+00:00,77.4800033569336
2024-06-05 07:00:00+00:00,77.7300033569336
2024-06-05 08:00:00+00:00,77.37000274658203
2024-06-05 09:00:00+00:00,77.5199966430664
2024-06-05 10:00:00+00:00,77.76000213623047
2024-06-05 11:00:00+00:00,77.81999969482422
2024-06-05 12:00:00+00:00,77.94000244140625
2024-06-05 13:00:00+00:00,77.95999908447266
2024-06-05 14:00:00+00:00,77.80000305175781
2024-06-05 15:00:00+00:00,77.91999816894531
2024-06-05 16:00:00+00:00,78.30000305175781
2024-06-05 17:00:00+00:00,78.45999908447266
2024-06-05 18:00:00+00:00,78.51000213623047
2024-06-05 19:00:00+00:00,78.45999908447266
2024-06-05 20:00:00+00:00,78.58999633789062
2024-06-05 22:00:00+00:00,78.68000030517578
2024-06-05 23:00:00+00:00,78.69999694824219
2024-06-06 00:00:00+00:00,78.81999969482422
2024-06-06 01:00:00+00:00,78.7300033569336
2024-06-06 02:00:00+00:00,78.73999786376953
2024-06-06 03:00:00+00:00,78.66999816894531
2024-06-06 04:00:00+00:00,78.7699966430664
2024-06-06 05:00:00+00:00,78.7300033569336
2024-06-06 06:00:00+00:00,78.80999755859375
2024-06-06 07:00:00+00:00,79.05000305175781
2024-06-06 08:00:00+00:00,78.7699966430664
2024-06-06 09:00:00+00:00,78.6500015258789
2024-06-06 10:00:00+00:00,78.68000030517578
2024-06-06 11:00:00+00:00,78.94000244140625
2024-06-06 12:00:00+00:00,78.55000305175781
2024-06-06 13:00:00+00:00,78.69000244140625
2024-06-06 14:00:00+00:00,78.98999786376953
2024-06-06 15:00:00+00:00,79.97000122070312
2024-06-06 16:00:00+00:00,79.7699966430664
2024-06-06 17:00:00+00:00,80.02999877929688
2024-06-06 18:00:00+00:00,79.91000366210938
2024-06-06 19:00:00+00:00,79.87999725341797
2024-06-06 20:00:00+00:00,79.98999786376953
2024-06-06 22:00:00+00:00,79.98999786376953
2024-06-06 23:00:00+00:00,80.02999877929688
2024-06-07 00:00:00+00:00,80.05999755859375
2024-06-07 01:00:00+00:00,79.80000305175781
2024-06-07 02:00:00+00:00,79.87000274658203
2024-06-07 03:00:00+00:00,80.02999877929688
2024-06-07 04:00:00+00:00,80.06999969482422
2024-06-07 05:00:00+00:00,79.9800033569336
2024-06-07 06:00:00+00:00,79.97000122070312
2024-06-07 07:00:00+00:00,79.91000366210938
2024-06-07 08:00:00+00:00,79.63999938964844
2024-06-07 09:00:00+00:00,79.91000366210938
2024-06-07 10:00:00+00:00,80.20999908447266
2024-06-07 11:00:00+00:00,80.33000183105469
2024-06-07 12:00:00+00:00,79.83999633789062
2024-06-07 13:00:00+00:00,80.16000366210938
2024-06-07 14:00:00+00:00,80.01000213623047
2024-06-07 15:00:00+00:00,79.55999755859375
2024-06-07 16:00:00+00:00,79.87000274658203
2024-06-07 17:00:00+00:00,79.75
2024-06-07 18:00:00+00:00,79.4800033569336
2024-06-07 19:00:00+00:00,79.4000015258789
2024-06-07 20:00:00+00:00,79.48999786376953
2024-06-09 22:00:00+00:00,79.41999816894531
2024-06-09 23:00:00+00:00,79.44999694824219
2024-06-10 00:00:00+00:00,79.66000366210938
2024-06-10 01:00:00+00:00,79.7699966430664
2024-06-10 02:00:00+00:00,79.81999969482422
2024-06-10 03:00:00+00:00,79.87000274658203
2024-06-10 04:00:00+00:00,79.8499984741211
2024-06-10 05:00:00+00:00,79.81999969482422
2024-06-10 06:00:00+00:00,79.7699966430664
2024-06-10 07:00:00+00:00,80.04000091552734
2024-06-10 08:00:00+00:00,79.52999877929688
2024-06-10 09:00:00+00:00,79.63999938964844
2024-06-10 10:00:00+00:00,79.79000091552734
2024-06-10 11:00:00+00:00,80.20999908447266
2024-06-10 12:00:00+00:00,80.18000030517578
2024-06-10 13:00:00+00:00,80.47000122070312
2024-06-10 14:00:00+00:00,80.62999725341797
2024-06-10 15:00:00+00:00,81.44999694824219
2024-06-10 16:00:00+00:00,81.62000274658203
2024-06-10 17:00:00+00:00,81.58000183105469
2024-06-10 18:00:00+00:00,81.80999755859375
2024-06-10 19:00:00+00:00,81.77999877929688
2024-06-10 20:00:00+00:00,82.11000061035156
2024-06-10 22:00:00+00:00,81.9800033569336
2024-06-10 23:00:00+00:00,81.93000030517578
2024-06-11 00:00:00+00:00,81.80000305175781
2024-06-11 01:00:00+00:00,81.63999938964844
2024-06-11 02:00:00+00:00,81.44999694824219
2024-06-11 03:00:00+00:00,81.47000122070312
2024-06-11 04:00:00+00:00,81.5199966430664
2024-06-11 05:00:00+00:00,81.45999908447266
2024-06-11 06:00:00+00:00,81.66000366210938
2024-06-11 07:00:00+00:00,81.55999755859375
2024-06-11 08:00:00+00:00,81.52999877929688
2024-06-11 09:00:00+00:00,81.52999877929688
2024-06-11 10:00:00+00:00,81.43000030517578
2024-06-11 11:00:00+00:00,81.44000244140625
2024-06-11 12:00:00+00:00,81.68000030517578
2024-06-11 13:00:00+00:00,81.33999633789062
2024-06-11 14:00:00+00:00,81.44000244140625
2024-06-11 15:00:00+00:00,82.05999755859375
2024-06-11 16:00:00+00:00,82.23999786376953
2024-06-11 17:00:00+00:00,82.01000213623047
2024-06-11 18:00:00+00:00,81.91000366210938
2024-06-11 19:00:00+00:00,81.86000061035156
2024-06-11 20:00:00+00:00,82.13999938964844
2024-06-11 22:00:00+00:00,82.1500015258789
2024-06-11 23:00:00+00:00,82.08000183105469
2024-06-12 00:00:00+00:00,82.0999984741211
2024-06-12 01:00:00+00:00,82.23999786376953
2024-06-12 02:00:00+00:00,82.29000091552734
2024-06-12 03:00:00+00:00,82.27999877929688
2024-06-12 04:00:00+00:00,82.27999877929688
2024-06-12 05:00:00+00:00,82.44000244140625
2024-06-12 06:00:00+00:00,82.38999938964844
2024-06-12 07:00:00+00:00,82.41000366210938
2024-06-12 08:00:00+00:00,82.5999984741211
2024-06-12 09:00:00+00:00,82.83999633789062
2024-06-12 10:00:00+00:00,82.76000213623047
2024-06-12 11:00:00+00:00,82.76000213623047
2024-06-12 12:00:00+00:00,83.05999755859375
2024-06-12 13:00:00+00:00,83.30999755859375
2024-06-12 14:00:00+00:00,82.33000183105469
2024-06-12 15:00:00+00:00,82.33000183105469
2024-06-12 16:00:00+00:00,82.76000213623047
2024-06-12 17:00:00+00:00,82.80999755859375
2024-06-12 18:00:00+00:00,82.52999877929688
2024-06-12 19:00:00+00:00,82.41999816894531
2024-06-12 20:00:00+00:00,82.4000015258789
2024-06-12 22:00:00+00:00,82.51000213623047
2024-06-12 23:00:00+00:00,82.44000244140625
2024-06-13 00:00:00+00:00,82.45999908447266
2024-06-13 01:00:00+00:00,82.2300033569336
2024-06-13 02:00:00+00:00,82.29000091552734
2024-06-13 03:00:00+00:00,82.33999633789062
2024-06-13 04:00:00+00:00,82.36000061035156
2024-06-13 05:00:00+00:00,82.29000091552734
2024-06-13 06:00:00+00:00,82.2300033569336
2024-06-13 07:00:00+00:00,82.41000366210938
2024-06-13 08:00:00+00:00,82.18000030517578
2024-06-13 09:00:00+00:00,81.8499984741211
2024-06-13 10:00:00+00:00,81.94000244140625
2024-06-13 11:00:00+00:00,81.9000015258789
2024-06-13 12:00:00+00:00,82.38999938964844
2024-06-13 13:00:00+00:00,82.73999786376953
2024-06-13 14:00:00+00:00,82.83999633789062
2024-06-13 15:00:00+00:00,82.33999633789062
2024-06-13 16:00:00+00:00,82.72000122070312
2024-06-13 17:00:00+00:00,82.69999694824219
2024-06-13 18:00:00+00:00,82.52999877929688
2024-06-13 19:00:00+00:00,82.25
2024-06-13 20:00:00+00:00,82.12000274658203
2024-06-13 22:00:00+00:00,82.02999877929688
2024-06-13 23:00:00+00:00,82.06999969482422
2024-06-14 00:00:00+00:00,82.06999969482422
2024-06-14 01:00:00+00:00,82.41999816894531
2024-06-14 02:00:00+00:00,82.43000030517578
2024-06-14 03:00:00+00:00,82.37999725341797
2024-06-14 04:00:00+00:00,82.37000274658203
2024-06-14 05:00:00+00:00,82.36000061035156
2024-06-14 06:00:00+00:00,82.36000061035156
2024-06-14 07:00:00+00:00,82.33000183105469
2024-06-14 08:00:00+00:00,82.45999908447266
2024-06-14 09:00:00+00:00,82.62999725341797
2024-06-14 10:00:00+00:00,82.91999816894531
2024-06-14 11:00:00+00:00,83.29000091552734
2024-06-14 12:00:00+00:00,83.20999908447266
2024-06-14 13:00:00+00:00,83.25
2024-06-14 14:00:00+00:00,82.75
2024-06-14 15:00:00+00:00,82.75
2024-06-14 16:00:00+00:00,82.88999938964844
2024-06-14 17:00:00+00:00,82.83000183105469
2024-06-14 18:00:00+00:00,82.73999786376953
2024-06-14 19:00:00+00:00,82.61000061035156
2024-06-14 20:00:00+00:00,82.5999984741211
2024-06-16 22:00:00+00:00,82.62000274658203
2024-06-16 23:00:00+00:00,82.4800033569336
2024-06-17 00:00:00+00:00,82.5
2024-06-17 01:00:00+00:00,82.43000030517578
2024-06-17 02:00:00+00:00,82.43000030517578
2024-06-17 03:00:00+00:00,82.37000274658203
2024-06-17 04:00:00+00:00,82.3499984741211
2024-06-17 05:00:00+00:00,82.25
2024-06-17 06:00:00+00:00,82.20999908447266
2024-06-17 07:00:00+00:00,82.54000091552734
2024-06-17 08:00:00+00:00,82.83000183105469
2024-06-17 09:00:00+00:00,82.56999969482422
2024-06-17 10:00:00+00:00,82.5
2024-06-17 11:00:00+00:00,82.91999816894531
2024-06-17 12:00:00+00:00,82.81999969482422
2024-06-17 13:00:00+00:00,83.2300033569336
2024-06-17 14:00:00+00:00,83.2300033569336
2024-06-17 15:00:00+00:00,83.38999938964844
2024-06-17 16:00:00+00:00,83.7300033569336
2024-06-17 17:00:00+00:00,83.9800033569336
2024-06-17 18:00:00+00:00,84.3499984741211
2024-06-17 19:00:00+00:00,84.38999938964844
2024-06-17 20:00:00+00:00,84.5
2024-06-17 22:00:00+00:00,84.3499984741211
2024-06-17 23:00:00+00:00,84.33000183105469
2024-06-18 00:00:00+00:00,84.3499984741211
2024-06-18 01:00:00+00:00,84.2300033569336
2024-06-18 02:00:00+00:00,84.08000183105469
2024-06-18 03:00:00+00:00,84.08999633789062
2024-06-18 04:00:00+00:00,84.0999984741211
2024-06-18 05:00:00+00:00,84.18000030517578
2024-06-18 06:00:00+00:00,84.05000305175781
2024-06-18 07:00:00+00:00,84.08000183105469
2024-06-18 08:00:00+00:00,83.93000030517578
2024-06-18 09:00:00+00:00,84.08999633789062
2024-06-18 10:00:00+00:00,84.11000061035156
2024-06-18 11:00:00+00:00,84.2699966430664
2024-06-18 12:00:00+00:00,84.26000213623047
2024-06-18 13:00:00+00:00,84.80999755859375
2024-06-18 14:00:00+00:00,85.08999633789062
2024-06-18 15:00:00+00:00,84.86000061035156
2024-06-18 16:00:00+00:00,84.83000183105469
2024-06-18 17:00:00+00:00,84.98999786376953
2024-06-18 18:00:00+00:00,85.30000305175781
2024-06-18 19:00:00+00:00,85.29000091552734
2024-06-18 20:00:00+00:00,85.38999938964844
2024-06-18 22:00:00+00:00,85.36000061035156
2024-06-18 23:00:00+00:00,85.4000015258789
2024-06-19 00:00:00+00:00,85.44000244140625
2024-06-19 01:00:00+00:00,85.33999633789062
2024-06-19 02:00:00+00:00,85.41000366210938
2024-06-19 03:00:00+00:00,85.36000061035156
2024-06-20 04:00:00+00:00,85.12999725341797
2024-06-20 05:00:00+00:00,85.13999938964844
2024-06-20 06:00:00+00:00,85.20999908447266
2024-06-20 07:00:00+00:00,85.0999984741211
2024-06-20 08:00:00+00:00,85.26000213623047
2024-06-20 09:00:00+00:00,85.2300033569336
2024-06-20 10:00:00+00:00,85.27999877929688
2024-06-20 11:00:00+00:00,85.41999816894531
2024-06-20 12:00:00+00:00,85.62000274658203
2024-06-20 13:00:00+00:00,85.7699966430664
2024-06-20 14:00:00+00:00,85.6500015258789
2024-06-20 15:00:00+00:00,85.38999938964844
2024-06-20 16:00:00+00:00,85.66000366210938
2024-06-20 17:00:00+00:00,85.6500015258789
2024-06-20 18:00:00+00:00,85.87999725341797
2024-06-20 19:00:00+00:00,85.81999969482422
2024-06-20 20:00:00+00:00,85.63999938964844
2024-06-20 22:00:00+00:00,85.69999694824219
2024-06-20 23:00:00+00:00,85.68000030517578
2024-06-21 00:00:00+00:00,85.61000061035156
2024-06-21 01:00:00+00:00,85.66000366210938
2024-06-21 02:00:00+00:00,85.58999633789062
2024-06-21 03:00:00+00:00,85.55000305175781
2024-06-21 04:00:00+00:00,85.63999938964844
2024-06-21 05:00:00+00:00,85.66999816894531
2024-06-21 06:00:00+00:00,85.54000091552734
2024-06-21 07:00:00+00:00,85.5199966430664
2024-06-21 08:00:00+00:00,85.44999694824219
2024-06-21 09:00:00+00:00,85.69000244140625
2024-06-21 10:00:00+00:00,85.62999725341797
2024-06-21 11:00:00+00:00,85.52999877929688
2024-06-21 12:00:00+00:00,85.76000213623047
2024-06-21 13:00:00+00:00,85.68000030517578
2024-06-21 14:00:00+00:00,86.16000366210938
2024-06-21 15:00:00+00:00,85.56999969482422
2024-06-21 16:00:00+00:00,85.06999969482422
2024-06-21 17:00:00+00:00,85.18000030517578
2024-06-21 18:00:00+00:00,85.0999984741211
2024-06-21 19:00:00+00:00,85.1500015258789
2024-06-21 20:00:00+00:00,85.06999969482422
2024-06-23 22:00:00+00:00,84.9800033569336
2024-06-23 23:00:00+00:00,84.7300033569336
2024-06-24 00:00:00+00:00,84.94999694824219
2024-06-24 01:00:00+00:00,85.0199966430664
2024-06-24 02:00:00+00:00,85.06999969482422
2024-06-24 03:00:00+00:00,85.19999694824219
2024-06-24 04:00:00+00:00,85.18000030517578
2024-06-24 05:00:00+00:00,85.23999786376953
2024-06-24 06:00:00+00:00,85.18000030517578
2024-06-24 07:00:00+00:00,85.41000366210938
2024-06-24 08:00:00+00:00,85.44000244140625
2024-06-24 09:00:00+00:00,85.55999755859375
2024-06-24 10:00:00+00:00,85.55000305175781
2024-06-24 11:00:00+00:00,85.63999938964844
2024-06-24 12:00:00+00:00,85.2300033569336
2024-06-24 13:00:00+00:00,85.48999786376953
2024-06-24 14:00:00+00:00,85.4000015258789
2024-06-24 15:00:00+00:00,85.94000244140625
2024-06-24 16:00:00+00:00,86.08000183105469
2024-06-24 17:00:00+00:00,86.1500015258789
2024-06-24 18:00:00+00:00,86.0
2024-06-24 19:00:00+00:00,86.06999969482422
2024-06-24 20:00:00+00:00,86.08000183105469
2024-06-24 22:00:00+00:00,86.11000061035156
2024-06-24 23:00:00+00:00,86.08000183105469
2024-06-25 00:00:00+00:00,86.0999984741211
2024-06-25 01:00:00+00:00,86.01000213623047
2024-06-25 02:00:00+00:00,85.94000244140625
2024-06-25 03:00:00+00:00,85.9800033569336
2024-06-25 04:00:00+00:00,86.05000305175781
2024-06-25 05:00:00+00:00,86.04000091552734
2024-06-25 06:00:00+00:00,85.94000244140625
2024-06-25 07:00:00+00:00,85.91999816894531
2024-06-25 08:00:00+00:00,85.70999908447266
2024-06-25 09:00:00+00:00,85.58000183105469
2024-06-25 10:00:00+00:00,85.55000305175781
2024-06-25 11:00:00+00:00,85.33999633789062
2024-06-25 12:00:00+00:00,85.7699966430664
2024-06-25 13:00:00+00:00,85.58999633789062
2024-06-25 14:00:00+00:00,85.9800033569336
2024-06-25 15:00:00+00:00,85.4000015258789
2024-06-25 16:00:00+00:00,85.29000091552734
2024-06-25 17:00:00+00:00,85.3499984741211
2024-06-25 18:00:00+00:00,84.97000122070312
2024-06-25 19:00:00+00:00,85.0
2024-06-25 20:00:00+00:00,84.93000030517578
2024-06-25 22:00:00+00:00,84.86000061035156
2024-06-26 00:00:00+00:00,84.91000366210938
2024-06-26 01:00:00+00:00,85.05999755859375
2024-06-26 02:00:00+00:00,85.2699966430664
2024-06-26 03:00:00+00:00,85.37999725341797
2024-06-26 04:00:00+00:00,85.37999725341797
2024-06-26 05:00:00+00:00,85.38999938964844
2024-06-26 06:00:00+00:00,85.54000091552734
2024-06-26 07:00:00+00:00,85.16000366210938
2024-06-26 08:00:00+00:00,85.16999816894531
2024-06-26 09:00:00+00:00,85.70999908447266
2024-06-26 10:00:00+00:00,85.6500015258789
2024-06-26 11:00:00+00:00,85.36000061035156
2024-06-26 12:00:00+00:00,85.26000213623047
2024-06-26 13:00:00+00:00,85.27999877929688
2024-06-26 14:00:00+00:00,85.02999877929688
2024-06-26 15:00:00+00:00,84.93000030517578
2024-06-26 16:00:00+00:00,85.31999969482422
2024-06-26 17:00:00+00:00,85.62999725341797
2024-06-26 18:00:00+00:00,85.16999816894531
2024-06-26 19:00:00+00:00,84.98999786376953
2024-06-26 20:00:00+00:00,85.25
2024-06-26 22:00:00+00:00,85.16999816894531
2024-06-27 00:00:00+00:00,84.94000244140625
2024-06-27 01:00:00+00:00,84.91000366210938
2024-06-27 02:00:00+00:00,84.91999816894531
2024-06-27 03:00:00+00:00,85.04000091552734
2024-06-27 06:00:00+00:00,85.11000061035156
2024-06-27 07:00:00+00:00,85.54000091552734
2024-06-27 08:00:00+00:00,85.76000213623047
2024-06-27 09:00:00+00:00,85.76000213623047
2024-06-27 10:00:00+00:00,85.6500015258789
2024-06-27 11:00:00+00:00,85.94999694824219
2024-06-27 12:00:00+00:00,86.18000030517578
2024-06-27 13:00:00+00:00,86.12999725341797
2024-06-27 14:00:00+00:00,86.13999938964844
2024-06-27 15:00:00+00:00,85.95999908447266
2024-06-27 16:00:00+00:00,86.01000213623047
2024-06-27 17:00:00+00:00,86.08000183105469
2024-06-27 18:00:00+00:00,86.4000015258789
2024-06-27 19:00:00+00:00,86.51000213623047
2024-06-27 20:00:00+00:00,86.33999633789062
2024-06-28 00:00:00+00:00,86.54000091552734
2024-06-28 01:00:00+00:00,86.70999908447266
2024-06-28 02:00:00+00:00,86.80000305175781
2024-06-28 03:00:00+00:00,86.77999877929688
2024-06-28 06:00:00+00:00,86.87000274658203
2024-06-28 07:00:00+00:00,86.80999755859375
2024-06-28 08:00:00+00:00,86.91999816894531
2024-06-28 09:00:00+00:00,87.19999694824219
2024-06-28 10:00:00+00:00,87.01000213623047
2024-06-28 11:00:00+00:00,86.91000366210938
2024-06-28 12:00:00+00:00,86.7300033569336
2024-06-28 13:00:00+00:00,86.5
2024-06-28 14:00:00+00:00,86.4000015258789
2024-06-28 15:00:00+00:00,86.43000030517578
2024-06-28 18:00:00+00:00,86.4800033569336
2024-07-02 07:00:00+00:00,86.91999816894531
2024-07-02 08:00:00+00:00,87.08999633789062
2024-07-02 09:00:00+00:00,87.18000030517578
2024-07-02 10:00:00+00:00,87.2699966430664
2024-07-02 11:00:00+00:00,87.2699966430664
2024-07-02 12:00:00+00:00,87.37999725341797
2024-07-02 13:00:00+00:00,87.08000183105469
2024-07-02 14:00:00+00:00,86.58999633789062
2024-07-02 15:00:00+00:00,86.55000305175781
2024-07-02 16:00:00+00:00,86.7699966430664
2024-07-02 17:00:00+00:00,86.62999725341797
2024-07-02 18:00:00+00:00,86.37000274658203
2024-07-02 19:00:00+00:00,86.44999694824219
2024-07-02 20:00:00+00:00,86.58000183105469
2024-07-02 22:00:00+00:00,86.5199966430664
2024-07-02 23:00:00+00:00,86.44999694824219
2024-07-03 00:00:00+00:00,86.47000122070312
2024-07-03 01:00:00+00:00,86.54000091552734
2024-07-03 02:00:00+00:00,86.62999725341797
2024-07-03 03:00:00+00:00,86.70999908447266
2024-07-03 13:30:00+00:00,86.58000183105469
2024-07-03 14:30:00+00:00,86.01000213623047
2024-07-03 15:30:00+00:00,86.43000030517578
2024-07-03 16:30:00+00:00,86.62999725341797
2024-07-05 04:00:00+00:00,87.1500015258789
2024-07-05 05:00:00+00:00,87.0999984741211
2024-07-05 06:00:00+00:00,87.16999816894531
2024-07-05 07:00:00+00:00,87.4800033569336
2024-07-05 08:00:00+00:00,87.30999755859375
2024-07-05 09:00:00+00:00,87.2699966430664
2024-07-05 10:00:00+00:00,87.22000122070312
2024-07-05 11:00:00+00:00,87.36000061035156
2024-07-05 12:00:00+00:00,87.5199966430664
2024-07-05 13:00:00+00:00,87.58999633789062
2024-07-05 14:00:00+00:00,87.66000366210938
2024-07-05 15:00:00+00:00,87.66000366210938
2024-07-05 16:00:00+00:00,87.4000015258789
2024-07-05 17:00:00+00:00,86.81999969482422
2024-07-05 18:00:00+00:00,86.7300033569336
2024-07-05 19:00:00+00:00,86.66000366210938
2024-07-05 20:00:00+00:00,86.97000122070312
2024-07-07 22:00:00+00:00,86.87999725341797
2024-07-07 23:00:00+00:00,86.79000091552734
2024-07-08 00:00:00+00:00,86.44999694824219
2024-07-08 01:00:00+00:00,86.27999877929688
2024-07-08 02:00:00+00:00,86.36000061035156
2024-07-08 03:00:00+00:00,86.4800033569336
2024-07-08 04:00:00+00:00,86.43000030517578
2024-07-08 05:00:00+00:00,86.25
2024-07-08 06:00:00+00:00,86.08999633789062
2024-07-08 07:00:00+00:00,86.22000122070312
2024-07-08 08:00:00+00:00,85.91999816894531
2024-07-08 09:00:00+00:00,85.69000244140625
2024-07-08 10:00:00+00:00,85.86000061035156
2024-07-08 11:00:00+00:00,85.9800033569336
2024-07-08 12:00:00+00:00,86.19000244140625
2024-07-08 13:00:00+00:00,86.0999984741211
2024-07-08 14:00:00+00:00,86.20999908447266
2024-07-08 15:00:00+00:00,85.77999877929688
2024-07-08 16:00:00+00:00,85.94000244140625
2024-07-08 17:00:00+00:00,85.77999877929688
2024-07-08 18:00:00+00:00,85.58999633789062
2024-07-08 19:00:00+00:00,85.66000366210938
2024-07-08 20:00:00+00:00,85.63999938964844
2024-07-08 22:00:00+00:00,85.62000274658203
2024-07-08 23:00:00+00:00,85.68000030517578
2024-07-09 00:00:00+00:00,85.70999908447266
2024-07-09 01:00:00+00:00,85.61000061035156
2024-07-09 02:00:00+00:00,85.52999877929688
2024-07-09 03:00:00+00:00,85.5
2024-07-09 04:00:00+00:00,85.52999877929688
2024-07-09 05:00:00+00:00,85.83000183105469
2024-07-09 06:00:00+00:00,85.70999908447266
2024-07-09 07:00:00+00:00,85.4000015258789
2024-07-09 08:00:00+00:00,85.23999786376953
2024-07-09 09:00:00+00:00,85.37000274658203
2024-07-09 10:00:00+00:00,85.38999938964844
2024-07-09 11:00:00+00:00,85.41999816894531
2024-07-09 12:00:00+00:00,85.33999633789062
2024-07-09 13:00:00+00:00,85.12999725341797
2024-07-09 14:00:00+00:00,85.6500015258789
2024-07-09 15:00:00+00:00,84.91999816894531
2024-07-09 16:00:00+00:00,85.02999877929688
2024-07-09 17:00:00+00:00,84.94999694824219
2024-07-09 18:00:00+00:00,84.8499984741211
2024-07-09 19:00:00+00:00,84.7699966430664
2024-07-09 20:00:00+00:00,85.06999969482422
2024-07-09 22:00:00+00:00,84.91000366210938
2024-07-09 23:00:00+00:00,84.93000030517578
2024-07-10 00:00:00+00:00,84.87000274658203
2024-07-10 01:00:00+00:00,84.68000030517578
2024-07-10 02:00:00+00:00,84.51000213623047
2024-07-10 03:00:00+00:00,84.4800033569336
2024-07-10 04:00:00+00:00,84.41000366210938
2024-07-10 05:00:00+00:00,84.16000366210938
2024-07-10 06:00:00+00:00,84.11000061035156
2024-07-10 07:00:00+00:00,84.41999816894531
2024-07-10 08:00:00+00:00,84.9000015258789
2024-07-10 09:00:00+00:00,84.81999969482422
2024-07-10 10:00:00+00:00,84.48999786376953
2024-07-10 11:00:00+00:00,84.5199966430664
2024-07-10 12:00:00+00:00,84.43000030517578
2024-07-10 13:00:00+00:00,84.56999969482422
2024-07-10 14:00:00+00:00,84.8499984741211
2024-07-10 15:00:00+00:00,85.58999633789062
2024-07-10 16:00:00+00:00,85.16000366210938
2024-07-10 17:00:00+00:00,85.2699966430664
2024-07-10 18:00:00+00:00,85.2699966430664
2024-07-10 19:00:00+00:00,85.37000274658203
2024-07-10 20:00:00+00:00,85.37000274658203
2024-07-10 22:00:00+00:00,85.38999938964844
2024-07-10 23:00:00+00:00,85.47000122070312
2024-07-11 00:00:00+00:00,85.5199966430664
2024-07-11 01:00:00+00:00,85.80000305175781
2024-07-11 02:00:00+00:00,85.80999755859375
2024-07-11 03:00:00+00:00,85.73999786376953
2024-07-11 04:00:00+00:00,85.7699966430664
2024-07-11 05:00:00+00:00,85.80000305175781
2024-07-11 06:00:00+00:00,85.69000244140625
2024-07-11 07:00:00+00:00,85.37000274658203
2024-07-11 08:00:00+00:00,85.26000213623047
2024-07-11 09:00:00+00:00,85.30000305175781
2024-07-11 10:00:00+00:00,85.37000274658203
2024-07-11 11:00:00+00:00,85.1500015258789
2024-07-11 12:00:00+00:00,85.29000091552734
2024-07-11 13:00:00+00:00,84.97000122070312
2024-07-11 14:00:00+00:00,85.52999877929688
2024-07-11 15:00:00+00:00,85.41999816894531
2024-07-11 16:00:00+00:00,84.91999816894531
2024-07-11 17:00:00+00:00,85.44000244140625
2024-07-11 18:00:00+00:00,85.66999816894531
2024-07-11 19:00:00+00:00,85.7699966430664
2024-07-11 20:00:00+00:00,85.54000091552734
2024-07-11 22:00:00+00:00,85.62999725341797
2024-07-11 23:00:00+00:00,85.69000244140625
2024-07-12 00:00:00+00:00,85.73999786376953
2024-07-12 01:00:00+00:00,85.55000305175781
2024-07-12 02:00:00+00:00,85.75
2024-07-12 03:00:00+00:00,85.61000061035156
2024-07-12 04:00:00+00:00,85.61000061035156
2024-07-12 05:00:00+00:00,85.66999816894531
2024-07-12 06:00:00+00:00,85.87999725341797
2024-07-12 07:00:00+00:00,86.06999969482422
2024-07-12 08:00:00+00:00,86.25
2024-07-12 09:00:00+00:00,86.18000030517578
2024-07-12 10:00:00+00:00,85.88999938964844
2024-07-12 11:00:00+00:00,86.02999877929688
2024-07-12 12:00:00+00:00,85.95999908447266
2024-07-12 13:00:00+00:00,85.56999969482422
2024-07-12 14:00:00+00:00,85.69999694824219
2024-07-12 15:00:00+00:00,85.41999816894531
2024-07-12 16:00:00+00:00,85.52999877929688
2024-07-12 17:00:00+00:00,85.33999633789062
2024-07-12 18:00:00+00:00,85.04000091552734
2024-07-12 19:00:00+00:00,85.05999755859375
2024-07-12 20:00:00+00:00,85.01000213623047
2024-07-14 22:00:00+00:00,85.19000244140625
2024-07-14 23:00:00+00:00,85.08000183105469
2024-07-15 00:00:00+00:00,84.62000274658203
2024-07-15 01:00:00+00:00,85.19999694824219
2024-07-15 02:00:00+00:00,85.12000274658203
2024-07-15 03:00:00+00:00,85.16999816894531
2024-07-15 04:00:00+00:00,85.16999816894531
2024-07-15 05:00:00+00:00,85.08000183105469
2024-07-15 06:00:00+00:00,84.91000366210938
2024-07-15 07:00:00+00:00,84.77999877929688
2024-07-15 08:00:00+00:00,85.19000244140625
2024-07-15 09:00:00+00:00,85.11000061035156
2024-07-15 10:00:00+00:00,84.97000122070312
2024-07-15 11:00:00+00:00,84.9000015258789
2024-07-15 12:00:00+00:00,85.06999969482422
2024-07-15 13:00:00+00:00,84.73999786376953
2024-07-15 14:00:00+00:00,84.81999969482422
2024-07-15 15:00:00+00:00,84.87999725341797
2024-07-15 16:00:00+00:00,84.94999694824219
2024-07-15 17:00:00+00:00,84.80000305175781
2024-07-15 18:00:00+00:00,84.87000274658203
2024-07-15 19:00:00+00:00,84.88999938964844
2024-07-15 20:00:00+00:00,84.8499984741211
2024-07-15 22:00:00+00:00,84.83999633789062
2024-07-15 23:00:00+00:00,84.80999755859375
2024-07-16 00:00:00+00:00,84.79000091552734
2024-07-16 01:00:00+00:00,84.66999816894531
2024-07-16 02:00:00+00:00,84.66999816894531
2024-07-16 03:00:00+00:00,84.6500015258789
2024-07-16 04:00:00+00:00,84.61000061035156
2024-07-16 05:00:00+00:00,84.47000122070312
2024-07-16 06:00:00+00:00,84.30999755859375
2024-07-16 07:00:00+00:00,84.26000213623047
2024-07-16 08:00:00+00:00,84.1500015258789
2024-07-16 09:00:00+00:00,84.22000122070312
2024-07-16 10:00:00+00:00,84.06999969482422
2024-07-16 11:00:00+00:00,83.44999694824219
2024-07-16 12:00:00+00:00,83.47000122070312
2024-07-16 13:00:00+00:00,83.66000366210938
2024-07-16 14:00:00+00:00,84.18000030517578
2024-07-16 15:00:00+00:00,83.9800033569336
2024-07-16 16:00:00+00:00,83.87999725341797
2024-07-16 17:00:00+00:00,84.08000183105469
2024-07-16 18:00:00+00:00,83.7699966430664
2024-07-16 19:00:00+00:00,83.80999755859375
2024-07-16 20:00:00+00:00,83.76000213623047
2024-07-16 22:00:00+00:00,83.81999969482422
2024-07-16 23:00:00+00:00,83.70999908447266
2024-07-17 00:00:00+00:00,83.62999725341797
2024-07-17 01:00:00+00:00,83.70999908447266
2024-07-17 02:00:00+00:00,83.7699966430664
2024-07-17 03:00:00+00:00,83.70999908447266
2024-07-17 04:00:00+00:00,83.61000061035156
2024-07-17 05:00:00+00:00,83.5999984741211
2024-07-17 06:00:00+00:00,83.69000244140625
2024-07-17 07:00:00+00:00,84.02999877929688
2024-07-17 08:00:00+00:00,83.70999908447266
2024-07-17 09:00:00+00:00,83.66999816894531
2024-07-17 10:00:00+00:00,83.97000122070312
2024-07-17 11:00:00+00:00,84.05999755859375
2024-07-17 12:00:00+00:00,84.33999633789062
2024-07-17 13:00:00+00:00,84.8499984741211
2024-07-17 14:00:00+00:00,84.98999786376953
2024-07-17 15:00:00+00:00,85.08999633789062
2024-07-17 16:00:00+00:00,85.11000061035156
2024-07-17 17:00:00+00:00,85.12000274658203
2024-07-17 18:00:00+00:00,85.04000091552734
2024-07-17 19:00:00+00:00,85.05000305175781
2024-07-17 20:00:00+00:00,85.19999694824219
2024-07-17 22:00:00+00:00,85.2300033569336
2024-07-17 23:00:00+00:00,85.23999786376953
2024-07-18 00:00:00+00:00,85.2699966430664
2024-07-18 01:00:00+00:00,85.47000122070312
2024-07-18 02:00:00+00:00,85.38999938964844
2024-07-18 03:00:00+00:00,85.44000244140625
2024-07-18 04:00:00+00:00,85.45999908447266
2024-07-18 05:00:00+00:00,85.45999908447266
2024-07-18 06:00:00+00:00,85.79000091552734
2024-07-18 07:00:00+00:00,85.58999633789062
2024-07-18 08:00:00+00:00,85.23999786376953
2024-07-18 09:00:00+00:00,85.08999633789062
2024-07-18 10:00:00+00:00,85.02999877929688
2024-07-18 11:00:00+00:00,84.88999938964844
2024-07-18 12:00:00+00:00,84.69000244140625
2024-07-18 13:00:00+00:00,84.55000305175781
2024-07-18 14:00:00+00:00,84.54000091552734
2024-07-18 15:00:00+00:00,85.18000030517578
2024-07-18 16:00:00+00:00,85.4000015258789
2024-07-18 17:00:00+00:00,85.51000213623047
2024-07-18 18:00:00+00:00,84.94000244140625
2024-07-18 19:00:00+00:00,84.58000183105469
2024-07-18 20:00:00+00:00,84.75
2024-07-18 22:00:00+00:00,84.76000213623047
2024-07-18 23:00:00+00:00,84.76000213623047
2024-07-19 00:00:00+00:00,84.66999816894531
2024-07-19 01:00:00+00:00,84.54000091552734
2024-07-19 02:00:00+00:00,84.6500015258789
2024-07-19 03:00:00+00:00,84.75
2024-07-19 04:00:00+00:00,84.7300033569336
2024-07-19 05:00:00+00:00,84.5999984741211
2024-07-19 06:00:00+00:00,84.66000366210938
2024-07-19 07:00:00+00:00,84.79000091552734
2024-07-19 08:00:00+00:00,85.33999633789062
2024-07-19 09:00:00+00:00,85.12000274658203
2024-07-19 10:00:00+00:00,84.87999725341797
2024-07-19 11:00:00+00:00,85.0
2024-07-19 12:00:00+00:00,85.08000183105469
2024-07-19 13:00:00+00:00,84.8499984741211
2024-07-19 14:00:00+00:00,84.4800033569336
2024-07-19 15:00:00+00:00,83.93000030517578
2024-07-19 16:00:00+00:00,83.12999725341797
2024-07-19 17:00:00+00:00,82.81999969482422
2024-07-19 18:00:00+00:00,82.79000091552734
2024-07-19 19:00:00+00:00,82.76000213623047
2024-07-19 20:00:00+00:00,82.5999984741211
2024-07-21 22:00:00+00:00,83.0
2024-07-21 23:00:00+00:00,83.06999969482422
2024-07-22 00:00:00+00:00,83.08999633789062
2024-07-22 01:00:00+00:00,82.83999633789062
2024-07-22 02:00:00+00:00,83.08999633789062
2024-07-22 03:00:00+00:00,83.18000030517578
2024-07-22 04:00:00+00:00,83.06999969482422
2024-07-22 05:00:00+00:00,83.11000061035156
2024-07-22 06:00:00+00:00,82.9000015258789
2024-07-22 07:00:00+00:00,82.91999816894531
2024-07-22 08:00:00+00:00,82.76000213623047
2024-07-22 09:00:00+00:00,82.54000091552734
2024-07-22 10:00:00+00:00,82.30000305175781
2024-07-22 11:00:00+00:00,82.16000366210938
2024-07-22 12:00:00+00:00,82.0
2024-07-22 13:00:00+00:00,81.80000305175781
2024-07-22 14:00:00+00:00,82.31999969482422
2024-07-22 15:00:00+00:00,82.16000366210938
2024-07-22 16:00:00+00:00,82.33999633789062
2024-07-22 17:00:00+00:00,82.22000122070312
2024-07-22 18:00:00+00:00,82.38999938964844
2024-07-22 19:00:00+00:00,82.33999633789062
2024-07-22 20:00:00+00:00,82.22000122070312
2024-07-22 22:00:00+00:00,82.2300033569336
2024-07-22 23:00:00+00:00,82.27999877929688
2024-07-23 00:00:00+00:00,82.29000091552734
2024-07-23 01:00:00+00:00,82.55999755859375
2024-07-23 02:00:00+00:00,82.47000122070312
2024-07-23 03:00:00+00:00,82.44000244140625
2024-07-23 04:00:00+00:00,82.41000366210938
2024-07-23 05:00:00+00:00,82.33000183105469
2024-07-23 06:00:00+00:00,82.44999694824219
2024-07-23 07:00:00+00:00,82.41999816894531
2024-07-23 08:00:00+00:00,82.4800033569336
2024-07-23 09:00:00+00:00,82.61000061035156
2024-07-23 10:00:00+00:00,82.25
2024-07-23 11:00:00+00:00,82.16000366210938
2024-07-23 12:00:00+00:00,81.66000366210938
2024-07-23 13:00:00+00:00,81.62000274658203
2024-07-23 14:00:00+00:00,81.31999969482422
2024-07-23 15:00:00+00:00,80.61000061035156
2024-07-23 16:00:00+00:00,81.06999969482422
2024-07-23 17:00:00+00:00,80.94000244140625
2024-07-23 18:00:00+00:00,81.33999633789062
2024-07-23 19:00:00+00:00,81.4000015258789
2024-07-23 20:00:00+00:00,81.55999755859375
2024-07-23 22:00:00+00:00,81.52999877929688
2024-07-23 23:00:00+00:00,81.44000244140625
2024-07-24 00:00:00+00:00,81.38999938964844
2024-07-24 01:00:00+00:00,81.33999633789062
2024-07-24 02:00:00+00:00,81.38999938964844
2024-07-24 03:00:00+00:00,81.33000183105469
2024-07-24 04:00:00+00:00,81.18000030517578
2024-07-24 05:00:00+00:00,81.2300033569336
2024-07-24 06:00:00+00:00,81.38999938964844
2024-07-24 07:00:00+00:00,81.41000366210938
2024-07-24 08:00:00+00:00,81.52999877929688
2024-07-24 09:00:00+00:00,81.6500015258789
2024-07-24 10:00:00+00:00,81.66000366210938
2024-07-24 11:00:00+00:00,81.83000183105469
2024-07-24 12:00:00+00:00,81.66000366210938
2024-07-24 13:00:00+00:00,81.37999725341797
2024-07-24 14:00:00+00:00,81.12000274658203
2024-07-24 15:00:00+00:00,81.8499984741211
2024-07-24 16:00:00+00:00,81.88999938964844
2024-07-24 17:00:00+00:00,81.68000030517578
2024-07-24 18:00:00+00:00,81.66999816894531
2024-07-24 19:00:00+00:00,81.56999969482422
2024-07-24 20:00:00+00:00,81.52999877929688
2024-07-24 22:00:00+00:00,81.56999969482422
2024-07-24 23:00:00+00:00,81.55999755859375
2024-07-25 00:00:00+00:00,81.41999816894531
2024-07-25 01:00:00+00:00,81.29000091552734
2024-07-25 02:00:00+00:00,81.05999755859375
2024-07-25 03:00:00+00:00,81.08999633789062
2024-07-25 04:00:00+00:00,81.08999633789062
2024-07-25 05:00:00+00:00,81.12000274658203
2024-07-25 06:00:00+00:00,81.20999908447266
2024-07-25 07:00:00+00:00,81.27999877929688
2024-07-25 08:00:00+00:00,80.87999725341797
2024-07-25 09:00:00+00:00,80.26000213623047
2024-07-25 10:00:00+00:00,80.66999816894531
2024-07-25 11:00:00+00:00,80.1500015258789
2024-07-25 12:00:00+00:00,80.51000213623047
2024-07-25 13:00:00+00:00,80.37000274658203
2024-07-25 14:00:00+00:00,81.16000366210938
2024-07-25 15:00:00+00:00,82.0
2024-07-25 16:00:00+00:00,82.08000183105469
2024-07-25 17:00:00+00:00,82.29000091552734
2024-07-25 18:00:00+00:00,82.30000305175781
2024-07-25 19:00:00+00:00,82.2699966430664
2024-07-25 20:00:00+00:00,82.44000244140625
2024-07-25 22:00:00+00:00,82.41000366210938
2024-07-25 23:00:00+00:00,82.41000366210938
2024-07-26 00:00:00+00:00,82.33000183105469
2024-07-26 01:00:00+00:00,82.66999816894531
2024-07-26 02:00:00+00:00,82.55000305175781
2024-07-26 03:00:00+00:00,82.5199966430664
2024-07-26 04:00:00+00:00,82.51000213623047
2024-07-26 05:00:00+00:00,82.44000244140625
2024-07-26 06:00:00+00:00,82.55000305175781
2024-07-26 07:00:00+00:00,82.30999755859375
2024-07-26 08:00:00+00:00,82.30000305175781
2024-07-26 09:00:00+00:00,81.97000122070312
2024-07-26 10:00:00+00:00,81.91000366210938
2024-07-26 11:00:00+00:00,80.97000122070312
2024-07-26 12:00:00+00:00,80.75
2024-07-26 13:00:00+00:00,80.38999938964844
2024-07-26 14:00:00+00:00,80.37000274658203
2024-07-26 15:00:00+00:00,80.0
2024-07-26 16:00:00+00:00,80.51000213623047
2024-07-26 17:00:00+00:00,80.31999969482422
2024-07-26 18:00:00+00:00,79.70999908447266
2024-07-26 19:00:00+00:00,79.95999908447266
2024-07-26 20:00:00+00:00,79.66999816894531
2024-07-28 22:00:00+00:00,80.56999969482422
2024-07-28 23:00:00+00:00,80.5
2024-07-29 00:00:00+00:00,80.62999725341797
2024-07-29 01:00:00+00:00,80.4800033569336
2024-07-29 02:00:00+00:00,80.37999725341797
2024-07-29 03:00:00+00:00,80.5199966430664
2024-07-29 04:00:00+00:00,80.56999969482422
2024-07-29 05:00:00+00:00,80.7300033569336
2024-07-29 06:00:00+00:00,80.47000122070312
2024-07-29 07:00:00+00:00,80.44999694824219
2024-07-29 08:00:00+00:00,80.19000244140625
2024-07-29 09:00:00+00:00,80.3499984741211
2024-07-29 10:00:00+00:00,79.91999816894531
2024-07-29 11:00:00+00:00,79.76000213623047
2024-07-29 12:00:00+00:00,80.01000213623047
2024-07-29 13:00:00+00:00,80.23999786376953
2024-07-29 14:00:00+00:00,79.04000091552734
2024-07-29 15:00:00+00:00,78.88999938964844
2024-07-29 16:00:00+00:00,78.75
2024-07-29 17:00:00+00:00,78.9000015258789
2024-07-29 18:00:00+00:00,79.04000091552734
2024-07-29 19:00:00+00:00,79.02999877929688
2024-07-29 20:00:00+00:00,79.12999725341797
2024-07-29 22:00:00+00:00,78.97000122070312
2024-07-29 23:00:00+00:00,78.9000015258789
2024-07-30 00:00:00+00:00,78.87000274658203
2024-07-30 01:00:00+00:00,78.70999908447266
2024-07-30 02:00:00+00:00,78.69999694824219
2024-07-30 03:00:00+00:00,78.62999725341797
2024-07-30 04:00:00+00:00,78.72000122070312
2024-07-30 05:00:00+00:00,78.70999908447266
2024-07-30 06:00:00+00:00,78.62000274658203
2024-07-30 07:00:00+00:00,79.04000091552734
2024-07-30 08:00:00+00:00,78.94000244140625
2024-07-30 09:00:00+00:00,78.9800033569336
2024-07-30 10:00:00+00:00,78.94999694824219
2024-07-30 11:00:00+00:00,78.48999786376953
2024-07-30 12:00:00+00:00,78.30000305175781
2024-07-30 13:00:00+00:00,78.16999816894531
2024-07-30 14:00:00+00:00,78.27999877929688
2024-07-30 15:00:00+00:00,78.01000213623047
2024-07-30 16:00:00+00:00,78.55000305175781
2024-07-30 17:00:00+00:00,78.2300033569336
2024-07-30 18:00:00+00:00,78.2699966430664
2024-07-30 19:00:00+00:00,78.4000015258789
2024-07-30 20:00:00+00:00,78.5
2024-07-30 22:00:00+00:00,78.54000091552734
2024-07-30 23:00:00+00:00,78.55000305175781
2024-07-31 00:00:00+00:00,78.55999755859375
2024-07-31 01:00:00+00:00,78.73999786376953
2024-07-31 02:00:00+00:00,78.9000015258789
2024-07-31 03:00:00+00:00,79.1500015258789
2024-07-31 04:00:00+00:00,79.30999755859375
2024-07-31 05:00:00+00:00,79.41000366210938
2024-07-31 06:00:00+00:00,79.63999938964844
2024-07-31 07:00:00+00:00,79.33999633789062
2024-07-31 08:00:00+00:00,80.05000305175781
2024-07-31 09:00:00+00:00,79.98999786376953
2024-07-31 10:00:00+00:00,80.12999725341797
2024-07-31 11:00:00+00:00,80.5
2024-07-31 12:00:00+00:00,80.30999755859375
2024-07-31 13:00:00+00:00,80.29000091552734
2024-07-31 14:00:00+00:00,80.08999633789062
2024-07-31 15:00:00+00:00,80.38999938964844
2024-07-31 16:00:00+00:00,80.73999786376953
2024-07-31 17:00:00+00:00,80.9000015258789
2024-07-31 18:00:00+00:00,81.01000213623047
2024-07-31 19:00:00+00:00,81.3499984741211
2024-07-31 20:00:00+00:00,81.52999877929688
2024-07-31 22:00:00+00:00,81.38999938964844
2024-07-31 23:00:00+00:00,81.44000244140625
2024-08-01 00:00:00+00:00,81.51000213623047
2024-08-01 01:00:00+00:00,81.29000091552734
2024-08-01 02:00:00+00:00,81.23999786376953
2024-08-01 03:00:00+00:00,81.33000183105469
2024-08-01 04:00:00+00:00,81.54000091552734
2024-08-01 05:00:00+00:00,81.5199966430664
2024-08-01 06:00:00+00:00,81.41000366210938
2024-08-01 07:00:00+00:00,81.51000213623047
2024-08-01 08:00:00+00:00,81.38999938964844
2024-08-01 09:00:00+00:00,81.48999786376953
2024-08-01 10:00:00+00:00,81.5999984741211
2024-08-01 11:00:00+00:00,81.33999633789062
2024-08-01 12:00:00+00:00,81.51000213623047
2024-08-01 13:00:00+00:00,81.38999938964844
2024-08-01 14:00:00+00:00,80.30999755859375
2024-08-01 15:00:00+00:00,80.22000122070312
2024-08-01 16:00:00+00:00,80.33000183105469
2024-08-01 17:00:00+00:00,79.87999725341797
2024-08-01 18:00:00+00:00,79.81999969482422
2024-08-01 19:00:00+00:00,80.12000274658203
2024-08-01 20:00:00+00:00,80.0999984741211
2024-08-01 22:00:00+00:00,79.93000030517578
2024-08-01 23:00:00+00:00,79.9800033569336
2024-08-02 00:00:00+00:00,79.77999877929688
2024-08-02 01:00:00+00:00,79.98999786376953
2024-08-02 02:00:00+00:00,79.97000122070312
2024-08-02 03:00:00+00:00,80.12000274658203
2024-08-02 04:00:00+00:00,79.9800033569336
2024-08-02 05:00:00+00:00,80.18000030517578
2024-08-02 06:00:00+00:00,80.08000183105469
2024-08-02 07:00:00+00:00,80.4000015258789
2024-08-02 08:00:00+00:00,79.94000244140625
2024-08-02 09:00:00+00:00,79.7300033569336
2024-08-02 10:00:00+00:00,79.54000091552734
2024-08-02 11:00:00+00:00,79.01000213623047
2024-08-02 12:00:00+00:00,78.0
2024-08-02 13:00:00+00:00,77.36000061035156
2024-08-02 14:00:00+00:00,77.16999816894531
2024-08-02 15:00:00+00:00,77.08000183105469
2024-08-02 16:00:00+00:00,76.72000122070312
2024-08-02 17:00:00+00:00,76.43000030517578
2024-08-02 18:00:00+00:00,76.93000030517578
2024-08-02 19:00:00+00:00,77.2300033569336
2024-08-02 20:00:00+00:00,77.44000244140625
2024-08-04 22:00:00+00:00,77.20999908447266
2024-08-04 23:00:00+00:00,77.27999877929688
2024-08-05 00:00:00+00:00,76.63999938964844
2024-08-05 01:00:00+00:00,77.0
2024-08-05 02:00:00+00:00,77.23999786376953
2024-08-05 03:00:00+00:00,77.04000091552734
2024-08-05 04:00:00+00:00,76.66999816894531
2024-08-05 05:00:00+00:00,76.05000305175781
2024-08-05 06:00:00+00:00,76.05000305175781
2024-08-05 07:00:00+00:00,76.26000213623047
2024-08-05 08:00:00+00:00,75.37999725341797
2024-08-05 09:00:00+00:00,75.26000213623047
2024-08-05 10:00:00+00:00,75.62000274658203
2024-08-05 11:00:00+00:00,75.19000244140625
2024-08-05 12:00:00+00:00,75.87000274658203
2024-08-05 13:00:00+00:00,76.13999938964844
2024-08-05 14:00:00+00:00,76.13999938964844
2024-08-05 15:00:00+00:00,76.45999908447266
2024-08-05 16:00:00+00:00,76.20999908447266
2024-08-05 17:00:00+00:00,76.25
2024-08-05 18:00:00+00:00,76.70999908447266
2024-08-05 19:00:00+00:00,77.11000061035156
2024-08-05 20:00:00+00:00,77.23999786376953
2024-08-05 22:00:00+00:00,77.41000366210938
2024-08-05 23:00:00+00:00,77.48999786376953
2024-08-06 00:00:00+00:00,77.6500015258789
2024-08-06 01:00:00+00:00,77.43000030517578
2024-08-06 02:00:00+00:00,77.26000213623047
2024-08-06 03:00:00+00:00,77.2699966430664
2024-08-06 04:00:00+00:00,77.30000305175781
2024-08-06 05:00:00+00:00,77.05999755859375
2024-08-06 06:00:00+00:00,76.91999816894531
2024-08-06 07:00:00+00:00,76.33000183105469
2024-08-06 08:00:00+00:00,76.33999633789062
2024-08-06 09:00:00+00:00,76.55000305175781
2024-08-06 10:00:00+00:00,76.8499984741211
2024-08-06 11:00:00+00:00,76.20999908447266
2024-08-06 12:00:00+00:00,75.80000305175781
2024-08-06 13:00:00+00:00,76.61000061035156
2024-08-06 14:00:00+00:00,77.08999633789062
2024-08-06 15:00:00+00:00,76.87000274658203
2024-08-06 16:00:00+00:00,76.61000061035156
2024-08-06 17:00:00+00:00,76.81999969482422
2024-08-06 18:00:00+00:00,76.48999786376953
2024-08-06 19:00:00+00:00,76.30999755859375
2024-08-06 20:00:00+00:00,76.33999633789062
2024-08-06 22:00:00+00:00,76.23999786376953
2024-08-06 23:00:00+00:00,76.19999694824219
2024-08-07 00:00:00+00:00,76.30000305175781
2024-08-07 01:00:00+00:00,76.37000274658203
2024-08-07 02:00:00+00:00,76.48999786376953
2024-08-07 03:00:00+00:00,76.5999984741211
2024-08-07 04:00:00+00:00,76.76000213623047
2024-08-07 05:00:00+00:00,76.62999725341797
2024-08-07 06:00:00+00:00,76.54000091552734
2024-08-07 07:00:00+00:00,76.73999786376953
2024-08-07 08:00:00+00:00,76.77999877929688
2024-08-07 09:00:00+00:00,77.30999755859375
2024-08-07 10:00:00+00:00,77.62999725341797
2024-08-07 11:00:00+00:00,78.12000274658203
2024-08-07 12:00:00+00:00,78.0999984741211
2024-08-07 13:00:00+00:00,77.69000244140625
2024-08-07 14:00:00+00:00,78.38999938964844
2024-08-07 15:00:00+00:00,78.83999633789062
2024-08-07 16:00:00+00:00,78.19000244140625
2024-08-07 17:00:00+00:00,78.30999755859375
2024-08-07 18:00:00+00:00,78.29000091552734
2024-08-07 19:00:00+00:00,78.45999908447266
2024-08-07 20:00:00+00:00,78.48999786376953
2024-08-07 22:00:00+00:00,78.5
2024-08-07 23:00:00+00:00,78.45999908447266
2024-08-08 00:00:00+00:00,78.52999877929688
2024-08-08 01:00:00+00:00,78.3499984741211
2024-08-08 02:00:00+00:00,78.55999755859375
2024-08-08 03:00:00+00:00,78.6500015258789
2024-08-08 04:00:00+00:00,78.38999938964844
2024-08-08 05:00:00+00:00,78.20999908447266
2024-08-08 06:00:00+00:00,78.08999633789062
2024-08-08 07:00:00+00:00,78.05999755859375
2024-08-08 08:00:00+00:00,78.12999725341797
2024-08-08 09:00:00+00:00,77.75
2024-08-08 10:00:00+00:00,78.19999694824219
2024-08-08 11:00:00+00:00,78.30999755859375
2024-08-08 12:00:00+00:00,78.58000183105469
2024-08-08 13:00:00+00:00,78.26000213623047
2024-08-08 14:00:00+00:00,78.8499984741211
2024-08-08 15:00:00+00:00,78.62999725341797
2024-08-08 16:00:00+00:00,78.93000030517578
2024-08-08 17:00:00+00:00,79.33000183105469
2024-08-08 18:00:00+00:00,79.04000091552734
2024-08-08 19:00:00+00:00,79.05000305175781
2024-08-08 20:00:00+00:00,79.04000091552734
2024-08-08 22:00:00+00:00,79.05999755859375
2024-08-08 23:00:00+00:00,79.08999633789062
2024-08-09 00:00:00+00:00,79.05000305175781
2024-08-09 01:00:00+00:00,79.22000122070312
2024-08-09 02:00:00+00:00,79.22000122070312
2024-08-09 03:00:00+00:00,79.26000213623047
2024-08-09 04:00:00+00:00,79.20999908447266
2024-08-09 05:00:00+00:00,79.08000183105469
2024-08-09 06:00:00+00:00,79.1500015258789
2024-08-09 07:00:00+00:00,79.02999877929688
2024-08-09 08:00:00+00:00,79.13999938964844
2024-08-09 09:00:00+00:00,79.2699966430664
2024-08-09 10:00:00+00:00,79.33999633789062
2024-08-09 11:00:00+00:00,79.55999755859375
2024-08-09 12:00:00+00:00,79.43000030517578
2024-08-09 13:00:00+00:00,78.94999694824219
2024-08-09 14:00:00+00:00,79.55999755859375
2024-08-09 15:00:00+00:00,79.52999877929688
2024-08-09 16:00:00+00:00,79.73999786376953
2024-08-09 17:00:00+00:00,79.48999786376953
2024-08-09 18:00:00+00:00,79.5199966430664
2024-08-09 19:00:00+00:00,79.72000122070312
2024-08-09 20:00:00+00:00,79.75
2024-08-11 22:00:00+00:00,79.72000122070312
2024-08-11 23:00:00+00:00,79.51000213623047
2024-08-12 00:00:00+00:00,79.72000122070312
2024-08-12 01:00:00+00:00,79.7699966430664
2024-08-12 02:00:00+00:00,79.83000183105469
2024-08-12 03:00:00+00:00,79.76000213623047
2024-08-12 04:00:00+00:00,79.87000274658203
2024-08-12 05:00:00+00:00,79.94000244140625
2024-08-12 06:00:00+00:00,80.05000305175781
2024-08-12 07:00:00+00:00,80.1500015258789
2024-08-12 08:00:00+00:00,80.25
2024-08-12 09:00:00+00:00,80.37999725341797
2024-08-12 10:00:00+00:00,80.4000015258789
2024-08-12 11:00:00+00:00,80.45999908447266
2024-08-12 12:00:00+00:00,80.63999938964844
2024-08-12 13:00:00+00:00,80.55999755859375
2024-08-12 14:00:00+00:00,80.8499984741211
2024-08-12 15:00:00+00:00,81.2300033569336
2024-08-12 16:00:00+00:00,81.48999786376953
2024-08-12 17:00:00+00:00,81.86000061035156
2024-08-12 18:00:00+00:00,82.12999725341797
2024-08-12 19:00:00+00:00,81.9000015258789
2024-08-12 20:00:00+00:00,81.91999816894531
2024-08-12 22:00:00+00:00,81.94999694824219
2024-08-12 23:00:00+00:00,81.83000183105469
2024-08-13 00:00:00+00:00,81.81999969482422
2024-08-13 01:00:00+00:00,81.80999755859375
2024-08-13 02:00:00+00:00,81.66000366210938
2024-08-13 03:00:00+00:00,81.63999938964844
2024-08-13 04:00:00+00:00,81.77999877929688
2024-08-13 05:00:00+00:00,81.63999938964844
2024-08-13 06:00:00+00:00,81.91000366210938
2024-08-13 07:00:00+00:00,81.87000274658203
2024-08-13 08:00:00+00:00,81.87000274658203
2024-08-13 09:00:00+00:00,82.08000183105469
2024-08-13 10:00:00+00:00,81.86000061035156
2024-08-13 11:00:00+00:00,81.73999786376953
2024-08-13 12:00:00+00:00,81.91999816894531
2024-08-13 13:00:00+00:00,81.37000274658203
2024-08-13 14:00:00+00:00,81.20999908447266
2024-08-13 15:00:00+00:00,80.83000183105469
2024-08-13 16:00:00+00:00,80.93000030517578
2024-08-13 17:00:00+00:00,80.8499984741211
2024-08-13 18:00:00+00:00,80.66000366210938
2024-08-13 19:00:00+00:00,80.80999755859375
2024-08-13 20:00:00+00:00,80.94000244140625
2024-08-13 22:00:00+00:00,80.97000122070312
2024-08-13 23:00:00+00:00,81.08999633789062
2024-08-14 00:00:00+00:00,81.08000183105469
2024-08-14 01:00:00+00:00,81.37000274658203
2024-08-14 02:00:00+00:00,81.11000061035156
2024-08-14 03:00:00+00:00,81.16999816894531
2024-08-14 04:00:00+00:00,81.1500015258789
2024-08-14 05:00:00+00:00,81.18000030517578
2024-08-14 06:00:00+00:00,81.0999984741211
2024-08-14 07:00:00+00:00,81.13999938964844
2024-08-14 08:00:00+00:00,81.27999877929688
2024-08-14 09:00:00+00:00,80.95999908447266
2024-08-14 10:00:00+00:00,80.56999969482422
2024-08-14 11:00:00+00:00,80.69000244140625
2024-08-14 12:00:00+00:00,81.01000213623047
2024-08-14 13:00:00+00:00,80.69999694824219
2024-08-14 14:00:00+00:00,80.22000122070312
2024-08-14 15:00:00+00:00,80.41999816894531
2024-08-14 16:00:00+00:00,80.4000015258789
2024-08-14 17:00:00+00:00,79.98999786376953
2024-08-14 18:00:00+00:00,79.97000122070312
2024-08-14 19:00:00+00:00,79.87999725341797
2024-08-14 20:00:00+00:00,79.91000366210938
2024-08-14 22:00:00+00:00,80.04000091552734
2024-08-14 23:00:00+00:00,80.02999877929688
2024-08-15 00:00:00+00:00,79.88999938964844
2024-08-15 01:00:00+00:00,79.88999938964844
2024-08-15 02:00:00+00:00,79.98999786376953
2024-08-15 03:00:00+00:00,79.94000244140625
2024-08-15 04:00:00+00:00,79.93000030517578
2024-08-15 05:00:00+00:00,79.87000274658203
2024-08-15 06:00:00+00:00,79.94999694824219
2024-08-15 07:00:00+00:00,80.19999694824219
2024-08-15 08:00:00+00:00,80.0199966430664
2024-08-15 09:00:00+00:00,80.27999877929688
2024-08-15 10:00:00+00:00,80.27999877929688
2024-08-15 11:00:00+00:00,80.5199966430664
2024-08-15 12:00:00+00:00,80.27999877929688
2024-08-15 13:00:00+00:00,80.87000274658203
2024-08-15 14:00:00+00:00,81.20999908447266
2024-08-15 15:00:00+00:00,81.27999877929688
2024-08-15 16:00:00+00:00,81.2300033569336
2024-08-15 17:00:00+00:00,80.87999725341797
2024-08-15 18:00:00+00:00,80.97000122070312
2024-08-15 19:00:00+00:00,80.9000015258789
2024-08-15 20:00:00+00:00,80.9800033569336
2024-08-15 22:00:00+00:00,80.87000274658203
2024-08-15 23:00:00+00:00,80.91000366210938
2024-08-16 00:00:00+00:00,80.88999938964844
2024-08-16 01:00:00+00:00,80.91999816894531
2024-08-16 02:00:00+00:00,80.94000244140625
2024-08-16 03:00:00+00:00,80.83999633789062
2024-08-16 04:00:00+00:00,80.7699966430664
2024-08-16 05:00:00+00:00,80.79000091552734
2024-08-16 06:00:00+00:00,80.7699966430664
2024-08-16 07:00:00+00:00,80.9000015258789
2024-08-16 08:00:00+00:00,80.33999633789062
2024-08-16 09:00:00+00:00,79.97000122070312
2024-08-16 10:00:00+00:00,79.38999938964844
2024-08-16 11:00:00+00:00,78.9800033569336
2024-08-16 12:00:00+00:00,79.45999908447266
2024-08-16 13:00:00+00:00,79.87000274658203
2024-08-16 14:00:00+00:00,79.63999938964844
2024-08-16 15:00:00+00:00,79.83000183105469
2024-08-16 16:00:00+00:00,79.69999694824219
2024-08-16 17:00:00+00:00,79.8499984741211
2024-08-16 18:00:00+00:00,79.62999725341797
2024-08-16 19:00:00+00:00,79.80000305175781
2024-08-16 20:00:00+00:00,79.62999725341797
2024-08-18 22:00:00+00:00,79.27999877929688
2024-08-18 23:00:00+00:00,79.38999938964844
2024-08-19 00:00:00+00:00,79.3499984741211
2024-08-19 01:00:00+00:00,79.66999816894531
2024-08-19 02:00:00+00:00,79.55999755859375
2024-08-19 03:00:00+00:00,79.54000091552734
2024-08-19 04:00:00+00:00,79.51000213623047
2024-08-19 05:00:00+00:00,79.37999725341797
2024-08-19 06:00:00+00:00,79.37999725341797
2024-08-19 07:00:00+00:00,79.05999755859375
2024-08-19 08:00:00+00:00,79.33999633789062
2024-08-19 09:00:00+00:00,78.9800033569336
2024-08-19 10:00:00+00:00,78.94999694824219
2024-08-19 11:00:00+00:00,79.16000366210938
2024-08-19 12:00:00+00:00,79.41999816894531
2024-08-19 13:00:00+00:00,79.3499984741211
2024-08-19 14:00:00+00:00,79.30000305175781
2024-08-19 15:00:00+00:00,78.87999725341797
2024-08-19 16:00:00+00:00,77.86000061035156
2024-08-19 17:00:00+00:00,77.56999969482422
2024-08-19 18:00:00+00:00,77.7699966430664
2024-08-19 19:00:00+00:00,77.77999877929688
2024-08-19 20:00:00+00:00,77.7699966430664
2024-08-19 22:00:00+00:00,77.68000030517578
2024-08-20 00:00:00+00:00,77.5
2024-08-20 01:00:00+00:00,77.48999786376953
2024-08-20 02:00:00+00:00,77.23999786376953
2024-08-20 03:00:00+00:00,77.05000305175781
2024-08-20 04:00:00+00:00,77.12000274658203
2024-08-20 05:00:00+00:00,77.0
2024-08-20 06:00:00+00:00,77.29000091552734
2024-08-20 07:00:00+00:00,76.97000122070312
2024-08-20 08:00:00+00:00,77.22000122070312
2024-08-20 09:00:00+00:00,77.55000305175781
2024-08-20 10:00:00+00:00,77.94999694824219
2024-08-20 11:00:00+00:00,77.91000366210938
2024-08-20 12:00:00+00:00,77.5199966430664
2024-08-20 13:00:00+00:00,78.25
2024-08-20 14:00:00+00:00,77.4800033569336
2024-08-20 15:00:00+00:00,77.20999908447266
2024-08-20 16:00:00+00:00,77.33000183105469
2024-08-20 17:00:00+00:00,77.29000091552734
2024-08-20 18:00:00+00:00,77.31999969482422
2024-08-20 19:00:00+00:00,77.22000122070312
2024-08-20 20:00:00+00:00,77.16999816894531
2024-08-20 22:00:00+00:00,77.22000122070312
2024-08-20 23:00:00+00:00,77.18000030517578
2024-08-21 00:00:00+00:00,77.2300033569336
2024-08-21 01:00:00+00:00,77.12999725341797
2024-08-21 02:00:00+00:00,77.0199966430664
2024-08-21 03:00:00+00:00,77.08000183105469
2024-08-21 04:00:00+00:00,77.0999984741211
2024-08-21 05:00:00+00:00,77.06999969482422
2024-08-21 06:00:00+00:00,77.41999816894531
2024-08-21 07:00:00+00:00,77.12000274658203
2024-08-21 08:00:00+00:00,77.33000183105469
2024-08-21 09:00:00+00:00,77.5199966430664
2024-08-21 10:00:00+00:00,77.33999633789062
2024-08-21 11:00:00+00:00,77.44000244140625
2024-08-21 12:00:00+00:00,77.41999816894531
2024-08-21 13:00:00+00:00,77.70999908447266
2024-08-21 14:00:00+00:00,77.41999816894531
2024-08-21 15:00:00+00:00,76.58000183105469
2024-08-21 16:00:00+00:00,76.16000366210938
2024-08-21 17:00:00+00:00,75.70999908447266
2024-08-21 18:00:00+00:00,76.1500015258789
2024-08-21 19:00:00+00:00,76.08999633789062
2024-08-21 20:00:00+00:00,76.11000061035156
2024-08-21 22:00:00+00:00,76.08999633789062
2024-08-21 23:00:00+00:00,75.9800033569336
2024-08-22 00:00:00+00:00,75.9800033569336
2024-08-22 01:00:00+00:00,75.87999725341797
2024-08-22 02:00:00+00:00,76.12000274658203
2024-08-22 03:00:00+00:00,76.05000305175781
2024-08-22 04:00:00+00:00,75.95999908447266
2024-08-22 05:00:00+00:00,76.04000091552734
2024-08-22 06:00:00+00:00,75.97000122070312
2024-08-22 07:00:00+00:00,75.9000015258789
2024-08-22 08:00:00+00:00,76.11000061035156
2024-08-22 09:00:00+00:00,76.45999908447266
2024-08-22 10:00:00+00:00,76.38999938964844
2024-08-22 11:00:00+00:00,76.54000091552734
2024-08-22 12:00:00+00:00,76.5199966430664
2024-08-22 13:00:00+00:00,76.73999786376953
2024-08-22 14:00:00+00:00,77.22000122070312
2024-08-22 15:00:00+00:00,77.43000030517578
2024-08-22 16:00:00+00:00,77.5
2024-08-22 17:00:00+00:00,77.30000305175781
2024-08-22 18:00:00+00:00,77.02999877929688
2024-08-22 19:00:00+00:00,77.05999755859375
2024-08-22 20:00:00+00:00,77.16000366210938
2024-08-22 22:00:00+00:00,77.20999908447266
2024-08-22 23:00:00+00:00,77.2699966430664
2024-08-23 00:00:00+00:00,77.30999755859375
2024-08-23 01:00:00+00:00,77.18000030517578
2024-08-23 02:00:00+00:00,77.05999755859375
2024-08-23 03:00:00+00:00,77.2699966430664
2024-08-23 04:00:00+00:00,77.29000091552734
2024-08-23 05:00:00+00:00,77.19999694824219
2024-08-23 06:00:00+00:00,77.31999969482422
2024-08-23 07:00:00+00:00,77.56999969482422
2024-08-23 08:00:00+00:00,77.11000061035156
2024-08-23 09:00:00+00:00,78.0199966430664
2024-08-23 10:00:00+00:00,77.98999786376953
2024-08-23 11:00:00+00:00,78.51000213623047
2024-08-23 12:00:00+00:00,77.63999938964844
2024-08-23 13:00:00+00:00,77.62000274658203
2024-08-23 14:00:00+00:00,77.73999786376953
2024-08-23 15:00:00+00:00,78.93000030517578
2024-08-23 16:00:00+00:00,79.01000213623047
2024-08-23 17:00:00+00:00,79.0999984741211
2024-08-23 18:00:00+00:00,78.1500015258789
2024-08-23 19:00:00+00:00,78.13999938964844
2024-08-23 20:00:00+00:00,78.20999908447266
2024-08-25 22:00:00+00:00,78.48999786376953
2024-08-25 23:00:00+00:00,78.70999908447266
2024-08-26 00:00:00+00:00,78.61000061035156
2024-08-26 01:00:00+00:00,78.66000366210938
2024-08-26 02:00:00+00:00,78.56999969482422
2024-08-26 03:00:00+00:00,78.62000274658203
2024-08-26 04:00:00+00:00,78.58999633789062
2024-08-26 05:00:00+00:00,78.58999633789062
2024-08-26 06:00:00+00:00,78.87000274658203
2024-08-26 07:00:00+00:00,78.91000366210938
2024-08-26 08:00:00+00:00,78.9000015258789
2024-08-26 09:00:00+00:00,78.79000091552734
2024-08-26 10:00:00+00:00,79.88999938964844
2024-08-26 11:00:00+00:00,80.19000244140625
2024-08-26 12:00:00+00:00,80.19999694824219
2024-08-26 13:00:00+00:00,80.47000122070312
2024-08-26 14:00:00+00:00,80.13999938964844
2024-08-26 15:00:00+00:00,80.0199966430664
2024-08-26 16:00:00+00:00,80.05000305175781
2024-08-26 17:00:00+00:00,80.18000030517578
2024-08-26 18:00:00+00:00,80.33999633789062
2024-08-26 19:00:00+00:00,80.11000061035156
2024-08-26 20:00:00+00:00,80.0999984741211
2024-08-26 22:00:00+00:00,80.11000061035156
2024-08-26 23:00:00+00:00,80.13999938964844
2024-08-27 00:00:00+00:00,80.0999984741211
2024-08-27 01:00:00+00:00,80.08000183105469
2024-08-27 02:00:00+00:00,80.13999938964844
2024-08-27 03:00:00+00:00,80.12000274658203
2024-08-27 04:00:00+00:00,80.16000366210938
2024-08-27 05:00:00+00:00,80.2300033569336
2024-08-27 06:00:00+00:00,81.5
2024-08-27 07:00:00+00:00,81.19000244140625
2024-08-27 08:00:00+00:00,79.95999908447266
2024-08-27 09:00:00+00:00,79.70999908447266
2024-08-27 10:00:00+00:00,79.97000122070312
2024-08-27 11:00:00+00:00,81.05999755859375
2024-08-27 12:00:00+00:00,79.80000305175781
2024-08-27 13:00:00+00:00,80.66999816894531
2024-08-27 14:00:00+00:00,80.27999877929688
2024-08-27 15:00:00+00:00,78.9800033569336
2024-08-27 16:00:00+00:00,79.54000091552734
2024-08-27 17:00:00+00:00,78.69999694824219
2024-08-27 18:00:00+00:00,78.73999786376953
2024-08-27 19:00:00+00:00,78.80000305175781
2024-08-27 20:00:00+00:00,78.9000015258789
2024-08-27 22:00:00+00:00,78.91999816894531
2024-08-27 23:00:00+00:00,78.91999816894531
2024-08-28 00:00:00+00:00,79.08000183105469
2024-08-28 01:00:00+00:00,78.87999725341797
2024-08-28 02:00:00+00:00,78.76000213623047
2024-08-28 03:00:00+00:00,78.7699966430664
2024-08-28 04:00:00+00:00,78.66999816894531
2024-08-28 05:00:00+00:00,78.6500015258789
2024-08-28 06:00:00+00:00,79.6500015258789
2024-08-28 07:00:00+00:00,79.41000366210938
2024-08-28 08:00:00+00:00,78.16000366210938
2024-08-28 09:00:00+00:00,78.7300033569336
2024-08-28 10:00:00+00:00,77.3499984741211
2024-08-28 11:00:00+00:00,77.62000274658203
2024-08-28 12:00:00+00:00,77.95999908447266
2024-08-28 13:00:00+00:00,77.80999755859375
2024-08-28 14:00:00+00:00,78.22000122070312
2024-08-28 15:00:00+00:00,77.86000061035156
2024-08-28 16:00:00+00:00,79.19999694824219
2024-08-28 17:00:00+00:00,77.80000305175781
2024-08-28 18:00:00+00:00,77.63999938964844
2024-08-28 19:00:00+00:00,77.72000122070312
2024-08-28 20:00:00+00:00,77.41999816894531
2024-08-28 22:00:00+00:00,77.4000015258789
2024-08-28 23:00:00+00:00,77.4800033569336
2024-08-29 00:00:00+00:00,77.5999984741211
2024-08-29 01:00:00+00:00,77.73999786376953
2024-08-29 02:00:00+00:00,77.79000091552734
2024-08-29 03:00:00+00:00,77.72000122070312
2024-08-29 04:00:00+00:00,77.72000122070312
2024-08-29 05:00:00+00:00,77.83000183105469
2024-08-29 06:00:00+00:00,77.66000366210938
2024-08-29 07:00:00+00:00,77.7300033569336
2024-08-29 08:00:00+00:00,77.0999984741211
2024-08-29 09:00:00+00:00,77.36000061035156
2024-08-29 10:00:00+00:00,77.73999786376953
2024-08-29 11:00:00+00:00,77.91999816894531
2024-08-29 12:00:00+00:00,78.1500015258789
2024-08-29 13:00:00+00:00,79.38999938964844
2024-08-29 14:00:00+00:00,79.02999877929688
2024-08-29 15:00:00+00:00,78.5
2024-08-29 16:00:00+00:00,78.5199966430664
2024-08-29 17:00:00+00:00,78.55000305175781
2024-08-29 18:00:00+00:00,78.8499984741211
2024-08-29 19:00:00+00:00,78.94000244140625
2024-08-29 20:00:00+00:00,78.97000122070312
2024-08-29 22:00:00+00:00,78.80000305175781
2024-08-29 23:00:00+00:00,78.68000030517578
2024-08-30 00:00:00+00:00,78.76000213623047
2024-08-30 01:00:00+00:00,78.87999725341797
2024-08-30 02:00:00+00:00,78.98999786376953
2024-08-30 03:00:00+00:00,79.08000183105469
2024-08-30 04:00:00+00:00,79.02999877929688
2024-08-30 05:00:00+00:00,79.0999984741211
2024-08-30 06:00:00+00:00,79.13999938964844
2024-08-30 07:00:00+00:00,79.23999786376953
2024-08-30 08:00:00+00:00,79.0
2024-08-30 09:00:00+00:00,78.69999694824219
2024-08-30 10:00:00+00:00,79.05000305175781
2024-08-30 11:00:00+00:00,78.87000274658203
2024-08-30 12:00:00+00:00,78.70999908447266
2024-08-30 13:00:00+00:00,76.9800033569336
2024-08-30 14:00:00+00:00,77.08999633789062
2024-08-30 15:00:00+00:00,77.25
2024-08-30 16:00:00+00:00,76.97000122070312
2024-08-30 17:00:00+00:00,76.98999786376953
2024-08-30 18:00:00+00:00,76.80000305175781
2024-08-30 19:00:00+00:00,76.94000244140625
2024-08-30 20:00:00+00:00,77.01000213623047
2024-09-01 22:00:00+00:00,76.55000305175781
2024-09-01 23:00:00+00:00,76.30000305175781
2024-09-02 00:00:00+00:00,76.63999938964844
2024-09-02 01:00:00+00:00,76.4000015258789
2024-09-02 02:00:00+00:00,76.33999633789062
2024-09-02 03:00:00+00:00,76.29000091552734
2024-09-03 04:00:00+00:00,77.23999786376953
2024-09-03 05:00:00+00:00,77.38999938964844
2024-09-03 06:00:00+00:00,77.43000030517578
2024-09-03 07:00:00+00:00,77.11000061035156
2024-09-03 08:00:00+00:00,76.94000244140625
2024-09-03 09:00:00+00:00,76.04000091552734
2024-09-03 10:00:00+00:00,75.47000122070312
2024-09-03 11:00:00+00:00,75.87000274658203
2024-09-03 12:00:00+00:00,75.3499984741211
2024-09-03 13:00:00+00:00,74.2699966430664
2024-09-03 14:00:00+00:00,74.0199966430664
2024-09-03 15:00:00+00:00,74.04000091552734
2024-09-03 16:00:00+00:00,73.69999694824219
2024-09-03 17:00:00+00:00,73.56999969482422
2024-09-03 18:00:00+00:00,73.66000366210938
2024-09-03 19:00:00+00:00,73.7699966430664
2024-09-03 20:00:00+00:00,73.66999816894531
2024-09-03 22:00:00+00:00,73.73999786376953
2024-09-03 23:00:00+00:00,73.66999816894531
2024-09-04 00:00:00+00:00,73.41999816894531
2024-09-04 01:00:00+00:00,73.37999725341797
2024-09-04 02:00:00+00:00,73.25
2024-09-04 03:00:00+00:00,73.30999755859375
2024-09-04 04:00:00+00:00,73.36000061035156
2024-09-04 05:00:00+00:00,73.47000122070312
2024-09-04 06:00:00+00:00,73.19999694824219
2024-09-04 07:00:00+00:00,72.73999786376953
2024-09-04 08:00:00+00:00,73.41000366210938
2024-09-04 09:00:00+00:00,73.36000061035156
2024-09-04 10:00:00+00:00,74.62000274658203
2024-09-04 11:00:00+00:00,74.1500015258789
2024-09-04 12:00:00+00:00,73.66999816894531
2024-09-04 13:00:00+00:00,73.19999694824219
2024-09-04 14:00:00+00:00,73.16000366210938
2024-09-04 15:00:00+00:00,73.33999633789062
2024-09-04 16:00:00+00:00,73.2300033569336
2024-09-04 17:00:00+00:00,72.80999755859375
2024-09-04 18:00:00+00:00,72.58999633789062
2024-09-04 19:00:00+00:00,72.4000015258789
2024-09-04 20:00:00+00:00,72.72000122070312
2024-09-04 22:00:00+00:00,72.79000091552734
2024-09-04 23:00:00+00:00,72.77999877929688
2024-09-05 00:00:00+00:00,72.9000015258789
2024-09-05 01:00:00+00:00,73.02999877929688
2024-09-05 02:00:00+00:00,72.95999908447266
2024-09-05 03:00:00+00:00,72.83000183105469
2024-09-05 04:00:00+00:00,72.94999694824219
2024-09-05 05:00:00+00:00,72.94000244140625
2024-09-05 06:00:00+00:00,73.0
2024-09-05 07:00:00+00:00,73.13999938964844
2024-09-05 08:00:00+00:00,73.22000122070312
2024-09-05 09:00:00+00:00,73.2300033569336
2024-09-05 10:00:00+00:00,73.23999786376953
2024-09-05 11:00:00+00:00,73.12000274658203
2024-09-05 12:00:00+00:00,73.30999755859375
2024-09-05 13:00:00+00:00,73.30999755859375
2024-09-05 14:00:00+00:00,73.94999694824219
2024-09-05 15:00:00+00:00,72.97000122070312
2024-09-05 16:00:00+00:00,72.81999969482422
2024-09-05 17:00:00+00:00,72.44999694824219
2024-09-05 18:00:00+00:00,72.86000061035156
2024-09-05 19:00:00+00:00,72.69000244140625
2024-09-05 20:00:00+00:00,72.83000183105469
2024-09-05 22:00:00+00:00,72.80999755859375
2024-09-05 23:00:00+00:00,72.81999969482422
2024-09-06 00:00:00+00:00,72.7699966430664
2024-09-06 01:00:00+00:00,72.86000061035156
2024-09-06 02:00:00+00:00,72.75
2024-09-06 03:00:00+00:00,72.69999694824219
2024-09-06 04:00:00+00:00,72.79000091552734
2024-09-06 05:00:00+00:00,72.81999969482422
2024-09-06 06:00:00+00:00,73.18000030517578
2024-09-06 07:00:00+00:00,73.08000183105469
2024-09-06 08:00:00+00:00,72.7300033569336
2024-09-06 09:00:00+00:00,73.0999984741211
2024-09-06 10:00:00+00:00,72.66000366210938
2024-09-06 11:00:00+00:00,73.04000091552734
2024-09-06 12:00:00+00:00,72.94999694824219
2024-09-06 13:00:00+00:00,73.44000244140625
2024-09-06 14:00:00+00:00,71.5999984741211
2024-09-06 15:00:00+00:00,71.08000183105469
2024-09-06 16:00:00+00:00,70.9800033569336
2024-09-06 17:00:00+00:00,71.02999877929688
2024-09-06 18:00:00+00:00,71.41000366210938
2024-09-06 19:00:00+00:00,71.54000091552734
2024-09-06 20:00:00+00:00,71.5199966430664
2024-09-08 22:00:00+00:00,71.5999984741211
2024-09-08 23:00:00+00:00,71.68000030517578
2024-09-09 00:00:00+00:00,71.75
2024-09-09 01:00:00+00:00,71.87999725341797
2024-09-09 02:00:00+00:00,71.91000366210938
2024-09-09 03:00:00+00:00,71.88999938964844
2024-09-09 04:00:00+00:00,71.95999908447266
2024-09-09 05:00:00+00:00,71.58999633789062
2024-09-09 06:00:00+00:00,71.86000061035156
2024-09-09 07:00:00+00:00,72.0199966430664
2024-09-09 08:00:00+00:00,71.70999908447266
2024-09-09 09:00:00+00:00,71.76000213623047
2024-09-09 10:00:00+00:00,71.61000061035156
2024-09-09 11:00:00+00:00,71.91000366210938
2024-09-09 12:00:00+00:00,71.44999694824219
2024-09-09 13:00:00+00:00,70.9800033569336
2024-09-09 14:00:00+00:00,71.72000122070312
2024-09-09 15:00:00+00:00,71.4800033569336
2024-09-09 16:00:00+00:00,71.97000122070312
2024-09-09 17:00:00+00:00,71.80000305175781
2024-09-09 18:00:00+00:00,71.91999816894531
2024-09-09 19:00:00+00:00,71.69000244140625
2024-09-09 20:00:00+00:00,71.94000244140625
2024-09-09 22:00:00+00:00,71.91000366210938
2024-09-10 00:00:00+00:00,72.0199966430664
2024-09-10 01:00:00+00:00,71.98999786376953
2024-09-10 02:00:00+00:00,71.83999633789062
2024-09-10 03:00:00+00:00,71.76000213623047
2024-09-10 04:00:00+00:00,71.73999786376953
2024-09-10 05:00:00+00:00,71.70999908447266
2024-09-10 06:00:00+00:00,71.5
2024-09-10 07:00:00+00:00,71.72000122070312
2024-09-10 08:00:00+00:00,71.19999694824219
2024-09-10 09:00:00+00:00,70.9000015258789
2024-09-10 10:00:00+00:00,71.22000122070312
2024-09-10 11:00:00+00:00,70.97000122070312
2024-09-10 12:00:00+00:00,71.37000274658203
2024-09-10 13:00:00+00:00,70.87999725341797
2024-09-10 14:00:00+00:00,69.55000305175781
2024-09-10 15:00:00+00:00,68.95999908447266
2024-09-10 16:00:00+00:00,69.04000091552734
2024-09-10 17:00:00+00:00,69.05000305175781
2024-09-10 18:00:00+00:00,69.44999694824219
2024-09-10 19:00:00+00:00,69.58999633789062
2024-09-10 20:00:00+00:00,69.69999694824219
2024-09-10 22:00:00+00:00,69.62999725341797
2024-09-10 23:00:00+00:00,69.6500015258789
2024-09-11 00:00:00+00:00,69.5
2024-09-11 01:00:00+00:00,69.55999755859375
2024-09-11 02:00:00+00:00,69.68000030517578
2024-09-11 03:00:00+00:00,69.61000061035156
2024-09-11 04:00:00+00:00,69.5199966430664
2024-09-11 05:00:00+00:00,69.9000015258789
2024-09-11 06:00:00+00:00,70.22000122070312
2024-09-11 07:00:00+00:00,70.25
2024-09-11 08:00:00+00:00,70.5199966430664
2024-09-11 09:00:00+00:00,70.70999908447266
2024-09-11 10:00:00+00:00,70.54000091552734
2024-09-11 11:00:00+00:00,70.66000366210938
2024-09-11 12:00:00+00:00,70.37999725341797
2024-09-11 13:00:00+00:00,69.91999816894531
2024-09-11 14:00:00+00:00,69.55999755859375
2024-09-11 15:00:00+00:00,70.5
2024-09-11 16:00:00+00:00,70.87999725341797
2024-09-11 17:00:00+00:00,70.80999755859375
2024-09-11 18:00:00+00:00,70.52999877929688
2024-09-11 19:00:00+00:00,70.44999694824219
2024-09-11 20:00:00+00:00,70.72000122070312
2024-09-11 22:00:00+00:00,70.63999938964844
2024-09-11 23:00:00+00:00,70.61000061035156
2024-09-12 00:00:00+00:00,70.88999938964844
2024-09-12 01:00:00+00:00,70.69999694824219
2024-09-12 02:00:00+00:00,70.91000366210938
2024-09-12 03:00:00+00:00,71.05000305175781
2024-09-12 04:00:00+00:00,71.12000274658203
2024-09-12 05:00:00+00:00,71.41999816894531
2024-09-12 06:00:00+00:00,71.61000061035156
2024-09-12 07:00:00+00:00,71.61000061035156
2024-09-12 08:00:00+00:00,71.2699966430664
2024-09-12 09:00:00+00:00,71.86000061035156
2024-09-12 10:00:00+00:00,71.63999938964844
2024-09-12 11:00:00+00:00,71.55999755859375
2024-09-12 12:00:00+00:00,71.27999877929688
2024-09-12 13:00:00+00:00,71.08999633789062
2024-09-12 14:00:00+00:00,72.11000061035156
2024-09-12 15:00:00+00:00,72.36000061035156
2024-09-12 16:00:00+00:00,72.37999725341797
2024-09-12 17:00:00+00:00,72.16000366210938
2024-09-12 18:00:00+00:00,72.13999938964844
2024-09-12 19:00:00+00:00,72.25
2024-09-12 20:00:00+00:00,72.1500015258789
2024-09-12 22:00:00+00:00,72.30999755859375
2024-09-12 23:00:00+00:00,72.31999969482422
2024-09-13 00:00:00+00:00,72.30000305175781
2024-09-13 01:00:00+00:00,72.30999755859375
2024-09-13 02:00:00+00:00,72.25
2024-09-13 03:00:00+00:00,72.26000213623047
2024-09-13 04:00:00+00:00,72.44000244140625
2024-09-13 05:00:00+00:00,72.4000015258789
2024-09-13 06:00:00+00:00,72.43000030517578
2024-09-13 07:00:00+00:00,72.22000122070312
2024-09-13 08:00:00+00:00,72.5
2024-09-13 09:00:00+00:00,72.66999816894531
2024-09-13 10:00:00+00:00,72.62000274658203
2024-09-13 11:00:00+00:00,72.73999786376953
2024-09-13 12:00:00+00:00,72.87000274658203
2024-09-13 13:00:00+00:00,72.94999694824219
2024-09-13 14:00:00+00:00,72.9000015258789
2024-09-13 15:00:00+00:00,72.33000183105469
2024-09-13 16:00:00+00:00,71.94999694824219
2024-09-13 17:00:00+00:00,71.7300033569336
2024-09-13 18:00:00+00:00,71.88999938964844
2024-09-13 19:00:00+00:00,72.12999725341797
2024-09-13 20:00:00+00:00,72.12000274658203
2024-09-15 22:00:00+00:00,71.80999755859375
2024-09-15 23:00:00+00:00,71.72000122070312
2024-09-16 00:00:00+00:00,71.76000213623047
2024-09-16 01:00:00+00:00,71.7699966430664
2024-09-16 02:00:00+00:00,71.79000091552734
2024-09-16 03:00:00+00:00,71.6500015258789
2024-09-16 04:00:00+00:00,71.55000305175781
2024-09-16 05:00:00+00:00,71.75
2024-09-16 06:00:00+00:00,71.98999786376953
2024-09-16 07:00:00+00:00,72.13999938964844
2024-09-16 08:00:00+00:00,72.2699966430664
2024-09-16 09:00:00+00:00,71.98999786376953
2024-09-16 10:00:00+00:00,71.75
2024-09-16 11:00:00+00:00,72.16000366210938
2024-09-16 12:00:00+00:00,72.5
2024-09-16 13:00:00+00:00,73.01000213623047
2024-09-16 14:00:00+00:00,72.77999877929688
2024-09-16 15:00:00+00:00,72.62000274658203
2024-09-16 16:00:00+00:00,72.54000091552734
2024-09-16 17:00:00+00:00,72.87999725341797
2024-09-16 18:00:00+00:00,72.77999877929688
2024-09-16 19:00:00+00:00,72.94000244140625
2024-09-16 20:00:00+00:00,72.95999908447266
2024-09-16 22:00:00+00:00,72.94000244140625
2024-09-16 23:00:00+00:00,72.91000366210938
2024-09-17 00:00:00+00:00,72.87000274658203
2024-09-17 01:00:00+00:00,73.0
2024-09-17 02:00:00+00:00,73.06999969482422
2024-09-17 03:00:00+00:00,73.08000183105469
2024-09-17 04:00:00+00:00,73.05999755859375
2024-09-17 05:00:00+00:00,73.12999725341797
2024-09-17 06:00:00+00:00,73.16999816894531
2024-09-17 07:00:00+00:00,72.56999969482422
2024-09-17 08:00:00+00:00,72.87999725341797
2024-09-17 09:00:00+00:00,72.36000061035156
2024-09-17 10:00:00+00:00,72.62000274658203
2024-09-17 11:00:00+00:00,72.83999633789062
2024-09-17 12:00:00+00:00,72.80999755859375
2024-09-17 13:00:00+00:00,73.2300033569336
2024-09-17 14:00:00+00:00,73.36000061035156
2024-09-17 15:00:00+00:00,73.76000213623047
2024-09-17 16:00:00+00:00,74.04000091552734
2024-09-17 17:00:00+00:00,73.80999755859375
2024-09-17 18:00:00+00:00,73.86000061035156
2024-09-17 19:00:00+00:00,73.80999755859375
2024-09-17 20:00:00+00:00,73.69000244140625
2024-09-17 22:00:00+00:00,73.72000122070312
2024-09-17 23:00:00+00:00,73.63999938964844
2024-09-18 00:00:00+00:00,73.62999725341797
2024-09-18 01:00:00+00:00,73.41999816894531
2024-09-18 02:00:00+00:00,73.38999938964844
2024-09-18 03:00:00+00:00,73.41999816894531
2024-09-18 04:00:00+00:00,73.23999786376953
2024-09-18 05:00:00+00:00,73.23999786376953
2024-09-18 06:00:00+00:00,73.1500015258789
2024-09-18 07:00:00+00:00,73.2300033569336
2024-09-18 08:00:00+00:00,72.79000091552734
2024-09-18 09:00:00+00:00,72.38999938964844
2024-09-18 10:00:00+00:00,72.7699966430664
2024-09-18 11:00:00+00:00,73.06999969482422
2024-09-18 12:00:00+00:00,73.2699966430664
2024-09-18 13:00:00+00:00,73.4000015258789
2024-09-18 14:00:00+00:00,73.44999694824219
2024-09-18 15:00:00+00:00,73.12000274658203
2024-09-18 16:00:00+00:00,73.3499984741211
2024-09-18 17:00:00+00:00,73.37000274658203
2024-09-18 18:00:00+00:00,73.23999786376953
2024-09-18 19:00:00+00:00,72.80999755859375
2024-09-18 20:00:00+00:00,72.93000030517578
2024-09-18 22:00:00+00:00,73.08000183105469
2024-09-18 23:00:00+00:00,73.12999725341797
2024-09-19 00:00:00+00:00,73.43000030517578
2024-09-19 01:00:00+00:00,73.0999984741211
2024-09-19 02:00:00+00:00,73.51000213623047
2024-09-19 03:00:00+00:00,73.66999816894531
2024-09-19 04:00:00+00:00,73.73999786376953
2024-09-19 05:00:00+00:00,73.87000274658203
2024-09-19 06:00:00+00:00,74.23999786376953
2024-09-19 07:00:00+00:00,74.54000091552734
2024-09-19 08:00:00+00:00,74.37999725341797
2024-09-19 09:00:00+00:00,74.51000213623047
2024-09-19 10:00:00+00:00,74.2300033569336
2024-09-19 11:00:00+00:00,74.33999633789062
2024-09-19 12:00:00+00:00,74.73999786376953
2024-09-19 13:00:00+00:00,74.0999984741211
2024-09-19 14:00:00+00:00,74.30000305175781
2024-09-19 15:00:00+00:00,74.91999816894531
2024-09-19 16:00:00+00:00,74.87000274658203
2024-09-19 17:00:00+00:00,74.79000091552734
2024-09-19 18:00:00+00:00,74.70999908447266
2024-09-19 19:00:00+00:00,74.77999877929688
2024-09-19 20:00:00+00:00,74.80999755859375
2024-09-19 22:00:00+00:00,74.83999633789062
2024-09-19 23:00:00+00:00,74.77999877929688
2024-09-20 00:00:00+00:00,74.6500015258789
2024-09-20 01:00:00+00:00,74.62000274658203
2024-09-20 02:00:00+00:00,74.6500015258789
2024-09-20 03:00:00+00:00,74.75
2024-09-20 04:00:00+00:00,74.7300033569336
2024-09-20 05:00:00+00:00,74.62999725341797
2024-09-20 06:00:00+00:00,74.75
2024-09-20 07:00:00+00:00,74.52999877929688
2024-09-20 08:00:00+00:00,74.73999786376953
2024-09-20 09:00:00+00:00,74.55999755859375
2024-09-20 10:00:00+00:00,74.54000091552734
2024-09-20 11:00:00+00:00,74.56999969482422
2024-09-20 12:00:00+00:00,74.47000122070312
2024-09-20 13:00:00+00:00,74.11000061035156
2024-09-20 14:00:00+00:00,74.55999755859375
2024-09-20 15:00:00+00:00,74.47000122070312
2024-09-20 16:00:00+00:00,74.8499984741211
2024-09-20 17:00:00+00:00,74.87000274658203
2024-09-20 18:00:00+00:00,74.72000122070312
2024-09-20 19:00:00+00:00,74.70999908447266
2024-09-20 20:00:00+00:00,73.93000030517578
2024-09-22 22:00:00+00:00,73.70999908447266
2024-09-22 23:00:00+00:00,73.72000122070312
2024-09-23 00:00:00+00:00,74.76000213623047
2024-09-23 01:00:00+00:00,75.05000305175781
2024-09-23 02:00:00+00:00,74.0999984741211
2024-09-23 03:00:00+00:00,74.29000091552734
2024-09-23 04:00:00+00:00,75.12000274658203
2024-09-23 05:00:00+00:00,75.05999755859375
2024-09-23 06:00:00+00:00,74.73999786376953
2024-09-23 07:00:00+00:00,74.55000305175781
2024-09-23 08:00:00+00:00,74.37000274658203
2024-09-23 09:00:00+00:00,74.63999938964844
2024-09-23 10:00:00+00:00,74.58000183105469
2024-09-23 11:00:00+00:00,74.77999877929688
2024-09-23 12:00:00+00:00,74.51000213623047
2024-09-23 13:00:00+00:00,74.30999755859375
2024-09-23 14:00:00+00:00,73.87999725341797
2024-09-23 15:00:00+00:00,72.8499984741211
2024-09-23 16:00:00+00:00,72.86000061035156
2024-09-23 17:00:00+00:00,73.19000244140625
2024-09-23 18:00:00+00:00,73.18000030517578
2024-09-23 19:00:00+00:00,73.37999725341797
2024-09-23 20:00:00+00:00,73.54000091552734
2024-09-23 22:00:00+00:00,73.51000213623047
2024-09-23 23:00:00+00:00,73.45999908447266
2024-09-24 00:00:00+00:00,73.30000305175781
2024-09-24 01:00:00+00:00,73.62000274658203
2024-09-24 02:00:00+00:00,73.80999755859375
2024-09-24 03:00:00+00:00,73.91999816894531
2024-09-24 04:00:00+00:00,73.94999694824219
2024-09-24 05:00:00+00:00,73.98999786376953
2024-09-24 06:00:00+00:00,74.12000274658203
2024-09-24 07:00:00+00:00,74.11000061035156
2024-09-24 08:00:00+00:00,74.6500015258789
2024-09-24 09:00:00+00:00,75.69999694824219
2024-09-24 10:00:00+00:00,75.5
2024-09-24 11:00:00+00:00,74.73999786376953
2024-09-24 12:00:00+00:00,74.6500015258789
2024-09-24 13:00:00+00:00,75.33000183105469
2024-09-24 14:00:00+00:00,75.19000244140625
2024-09-24 15:00:00+00:00,75.12000274658203
2024-09-24 16:00:00+00:00,74.94000244140625
2024-09-24 17:00:00+00:00,74.95999908447266
2024-09-24 18:00:00+00:00,75.20999908447266
2024-09-24 19:00:00+00:00,75.13999938964844
2024-09-24 20:00:00+00:00,75.16999816894531
2024-09-24 22:00:00+00:00,75.1500015258789
2024-09-24 23:00:00+00:00,75.2300033569336
2024-09-25 00:00:00+00:00,75.08999633789062
2024-09-25 01:00:00+00:00,75.04000091552734
2024-09-25 02:00:00+00:00,74.9800033569336
2024-09-25 03:00:00+00:00,74.95999908447266
2024-09-25 04:00:00+00:00,75.02999877929688
2024-09-25 05:00:00+00:00,74.91000366210938
2024-09-25 06:00:00+00:00,74.98999786376953
2024-09-25 07:00:00+00:00,74.9000015258789
2024-09-25 08:00:00+00:00,75.25
2024-09-25 09:00:00+00:00,74.12000274658203
2024-09-25 10:00:00+00:00,74.04000091552734
2024-09-25 11:00:00+00:00,73.4800033569336
2024-09-25 12:00:00+00:00,73.38999938964844
2024-09-25 13:00:00+00:00,74.43000030517578
2024-09-25 14:00:00+00:00,73.76000213623047
2024-09-25 15:00:00+00:00,73.94000244140625
2024-09-25 16:00:00+00:00,73.01000213623047
2024-09-25 17:00:00+00:00,72.7699966430664
2024-09-25 18:00:00+00:00,73.48999786376953
2024-09-25 19:00:00+00:00,73.55000305175781
2024-09-25 20:00:00+00:00,73.05000305175781
2024-09-25 22:00:00+00:00,72.80999755859375
2024-09-25 23:00:00+00:00,72.83999633789062
2024-09-26 00:00:00+00:00,73.0199966430664
2024-09-26 01:00:00+00:00,73.72000122070312
2024-09-26 02:00:00+00:00,73.54000091552734
2024-09-26 03:00:00+00:00,73.58999633789062
2024-09-26 04:00:00+00:00,72.44999694824219
2024-09-26 05:00:00+00:00,71.37000274658203
2024-09-26 06:00:00+00:00,71.30000305175781
2024-09-26 07:00:00+00:00,71.4800033569336
2024-09-26 08:00:00+00:00,71.5199966430664
2024-09-26 09:00:00+00:00,71.83999633789062
2024-09-26 10:00:00+00:00,71.2699966430664
2024-09-26 11:00:00+00:00,70.9000015258789
2024-09-26 12:00:00+00:00,71.36000061035156
2024-09-26 13:00:00+00:00,71.23999786376953
2024-09-26 14:00:00+00:00,71.41000366210938
2024-09-26 15:00:00+00:00,71.5999984741211
2024-09-26 16:00:00+00:00,71.05999755859375
2024-09-26 17:00:00+00:00,70.91000366210938
2024-09-26 18:00:00+00:00,70.94999694824219
2024-09-26 19:00:00+00:00,70.7300033569336
2024-09-26 20:00:00+00:00,70.87000274658203
2024-09-26 22:00:00+00:00,70.97000122070312
2024-09-26 23:00:00+00:00,70.72000122070312
2024-09-27 00:00:00+00:00,70.56999969482422
2024-09-27 01:00:00+00:00,70.80000305175781
2024-09-27 02:00:00+00:00,70.83999633789062
2024-09-27 03:00:00+00:00,70.88999938964844
2024-09-27 04:00:00+00:00,70.9000015258789
2024-09-27 05:00:00+00:00,70.8499984741211
2024-09-27 06:00:00+00:00,71.23999786376953
2024-09-27 07:00:00+00:00,71.30000305175781
2024-09-27 08:00:00+00:00,71.31999969482422
2024-09-27 09:00:00+00:00,71.12000274658203
2024-09-27 10:00:00+00:00,71.16000366210938
2024-09-27 11:00:00+00:00,71.16000366210938
2024-09-27 12:00:00+00:00,70.80999755859375
2024-09-27 13:00:00+00:00,70.72000122070312
2024-09-27 14:00:00+00:00,71.2699966430664
2024-09-27 15:00:00+00:00,71.41000366210938
2024-09-27 16:00:00+00:00,71.62000274658203
2024-09-27 17:00:00+00:00,71.08999633789062
2024-09-27 18:00:00+00:00,71.58999633789062
2024-09-27 19:00:00+00:00,71.88999938964844
2024-09-27 20:00:00+00:00,71.97000122070312
2024-09-29 22:00:00+00:00,71.3499984741211
2024-09-29 23:00:00+00:00,71.68000030517578
2024-09-30 00:00:00+00:00,71.77999877929688
2024-09-30 01:00:00+00:00,71.63999938964844
2024-09-30 02:00:00+00:00,72.01000213623047
2024-09-30 03:00:00+00:00,71.8499984741211
2024-09-30 04:00:00+00:00,71.94000244140625
2024-09-30 05:00:00+00:00,72.56999969482422
2024-09-30 06:00:00+00:00,72.69000244140625
2024-09-30 07:00:00+00:00,72.05999755859375
2024-09-30 08:00:00+00:00,71.9800033569336
2024-09-30 09:00:00+00:00,71.5999984741211
2024-09-30 10:00:00+00:00,71.43000030517578
2024-09-30 11:00:00+00:00,71.37999725341797
2024-09-30 12:00:00+00:00,71.73999786376953
2024-09-30 13:00:00+00:00,71.31999969482422
2024-09-30 14:00:00+00:00,72.18000030517578
2024-09-30 15:00:00+00:00,72.44000244140625
2024-09-30 16:00:00+00:00,71.83999633789062
2024-09-30 17:00:00+00:00,71.7699966430664
2024-09-30 18:00:00+00:00,71.88999938964844
2024-09-30 19:00:00+00:00,71.7699966430664
2024-09-30 20:00:00+00:00,71.8499984741211
2024-09-30 22:00:00+00:00,71.87999725341797
2024-09-30 23:00:00+00:00,71.83999633789062
2024-10-01 00:00:00+00:00,71.75
2024-10-01 01:00:00+00:00,71.80000305175781
2024-10-01 02:00:00+00:00,71.93000030517578
2024-10-01 03:00:00+00:00,71.87999725341797
2024-10-01 04:00:00+00:00,71.83999633789062
2024-10-01 05:00:00+00:00,71.75
2024-10-01 06:00:00+00:00,71.55999755859375
2024-10-01 07:00:00+00:00,70.94000244140625
2024-10-01 08:00:00+00:00,70.23999786376953
2024-10-01 09:00:00+00:00,70.62000274658203
2024-10-01 10:00:00+00:00,71.43000030517578
2024-10-01 11:00:00+00:00,71.19999694824219
2024-10-01 12:00:00+00:00,70.73999786376953
2024-10-01 13:00:00+00:00,73.55999755859375
2024-10-01 14:00:00+00:00,74.0999984741211
2024-10-01 15:00:00+00:00,74.33000183105469
2024-10-01 16:00:00+00:00,74.91000366210938
2024-10-01 17:00:00+00:00,73.7300033569336
2024-10-01 18:00:00+00:00,73.79000091552734
2024-10-01 19:00:00+00:00,74.0
2024-10-01 20:00:00+00:00,74.4000015258789
2024-10-01 22:00:00+00:00,74.56999969482422
2024-10-01 23:00:00+00:00,74.5
2024-10-02 00:00:00+00:00,74.5
2024-10-02 01:00:00+00:00,74.66000366210938
2024-10-02 02:00:00+00:00,74.51000213623047
2024-10-02 03:00:00+00:00,74.52999877929688
2024-10-02 04:00:00+00:00,74.62000274658203
2024-10-02 05:00:00+00:00,74.80999755859375
2024-10-02 06:00:00+00:00,74.66000366210938
2024-10-02 07:00:00+00:00,75.20999908447266
2024-10-02 08:00:00+00:00,75.18000030517578
2024-10-02 09:00:00+00:00,75.5
2024-10-02 10:00:00+00:00,75.87999725341797
2024-10-02 11:00:00+00:00,75.5199966430664
2024-10-02 12:00:00+00:00,75.5
2024-10-02 13:00:00+00:00,75.80000305175781
2024-10-02 14:00:00+00:00,74.58000183105469
2024-10-02 15:00:00+00:00,73.6500015258789
2024-10-02 16:00:00+00:00,73.83999633789062
2024-10-02 17:00:00+00:00,74.08999633789062
2024-10-02 18:00:00+00:00,74.19000244140625
2024-10-02 19:00:00+00:00,74.68000030517578
2024-10-02 20:00:00+00:00,74.69000244140625
2024-10-02 22:00:00+00:00,74.51000213623047
2024-10-02 23:00:00+00:00,74.58999633789062
2024-10-03 00:00:00+00:00,74.48999786376953
2024-10-03 01:00:00+00:00,74.66999816894531
2024-10-03 02:00:00+00:00,74.56999969482422
2024-10-03 03:00:00+00:00,74.77999877929688
2024-10-03 04:00:00+00:00,74.70999908447266
2024-10-03 05:00:00+00:00,74.80000305175781
2024-10-03 06:00:00+00:00,74.91000366210938
2024-10-03 07:00:00+00:00,74.68000030517578
2024-10-03 08:00:00+00:00,74.61000061035156
2024-10-03 09:00:00+00:00,75.08999633789062
2024-10-03 10:00:00+00:00,75.2699966430664
2024-10-03 11:00:00+00:00,75.0999984741211
2024-10-03 12:00:00+00:00,75.38999938964844
2024-10-03 13:00:00+00:00,75.66000366210938
2024-10-03 14:00:00+00:00,76.55000305175781
2024-10-03 15:00:00+00:00,76.88999938964844
2024-10-03 16:00:00+00:00,77.41999816894531
2024-10-03 17:00:00+00:00,77.23999786376953
2024-10-03 18:00:00+00:00,77.72000122070312
2024-10-03 19:00:00+00:00,77.76000213623047
2024-10-03 20:00:00+00:00,77.58000183105469
2024-10-03 22:00:00+00:00,77.83000183105469
2024-10-03 23:00:00+00:00,77.80000305175781
2024-10-04 00:00:00+00:00,77.7699966430664
2024-10-04 01:00:00+00:00,77.5999984741211
2024-10-04 02:00:00+00:00,77.66000366210938
2024-10-04 03:00:00+00:00,77.5
2024-10-04 04:00:00+00:00,77.5
2024-10-04 05:00:00+00:00,77.51000213623047
2024-10-04 06:00:00+00:00,77.55999755859375
2024-10-04 07:00:00+00:00,78.19999694824219
2024-10-04 08:00:00+00:00,78.4800033569336
2024-10-04 09:00:00+00:00,78.27999877929688
2024-10-04 10:00:00+00:00,78.58000183105469
2024-10-04 11:00:00+00:00,78.7699966430664
2024-10-04 12:00:00+00:00,78.19999694824219
2024-10-04 13:00:00+00:00,78.05000305175781
2024-10-04 14:00:00+00:00,78.19000244140625
2024-10-04 15:00:00+00:00,78.66999816894531
2024-10-04 16:00:00+00:00,78.88999938964844
2024-10-04 17:00:00+00:00,79.20999908447266
2024-10-04 18:00:00+00:00,77.9800033569336
2024-10-04 19:00:00+00:00,78.12000274658203
2024-10-04 20:00:00+00:00,78.06999969482422
2024-10-06 22:00:00+00:00,77.66999816894531
2024-10-06 23:00:00+00:00,77.5199966430664
2024-10-07 00:00:00+00:00,77.66999816894531
2024-10-07 01:00:00+00:00,77.58000183105469
2024-10-07 02:00:00+00:00,77.70999908447266
2024-10-07 03:00:00+00:00,77.72000122070312
2024-10-07 04:00:00+00:00,77.69000244140625
2024-10-07 05:00:00+00:00,77.76000213623047
2024-10-07 06:00:00+00:00,77.83999633789062
2024-10-07 07:00:00+00:00,78.54000091552734
2024-10-07 08:00:00+00:00,79.43000030517578
2024-10-07 09:00:00+00:00,79.5999984741211
2024-10-07 10:00:00+00:00,79.81999969482422
2024-10-07 11:00:00+00:00,79.43000030517578
2024-10-07 12:00:00+00:00,78.69000244140625
2024-10-07 13:00:00+00:00,79.16999816894531
2024-10-07 14:00:00+00:00,79.68000030517578
2024-10-07 15:00:00+00:00,80.7699966430664
2024-10-07 16:00:00+00:00,80.72000122070312
2024-10-07 17:00:00+00:00,80.70999908447266
2024-10-07 18:00:00+00:00,81.12000274658203
2024-10-07 19:00:00+00:00,81.08999633789062
2024-10-07 20:00:00+00:00,81.05000305175781
2024-10-07 22:00:00+00:00,81.63999938964844
2024-10-07 23:00:00+00:00,81.04000091552734
2024-10-08 00:00:00+00:00,80.41000366210938
2024-10-08 01:00:00+00:00,80.30000305175781
2024-10-08 02:00:00+00:00,79.62000274658203
2024-10-08 03:00:00+00:00,79.58999633789062
2024-10-08 04:00:00+00:00,79.69000244140625
2024-10-08 05:00:00+00:00,79.63999938964844
2024-10-08 06:00:00+00:00,79.7300033569336
2024-10-08 07:00:00+00:00,79.41999816894531
2024-10-08 08:00:00+00:00,79.29000091552734
2024-10-08 09:00:00+00:00,79.37999725341797
2024-10-08 10:00:00+00:00,79.41000366210938
2024-10-08 11:00:00+00:00,79.2300033569336
2024-10-08 12:00:00+00:00,79.33000183105469
2024-10-08 13:00:00+00:00,78.0999984741211
2024-10-08 14:00:00+00:00,77.31999969482422
2024-10-08 15:00:00+00:00,77.16999816894531
2024-10-08 16:00:00+00:00,76.56999969482422
2024-10-08 17:00:00+00:00,77.62999725341797
2024-10-08 18:00:00+00:00,77.33000183105469
2024-10-08 19:00:00+00:00,77.54000091552734
2024-10-08 20:00:00+00:00,77.5199966430664
2024-10-08 22:00:00+00:00,77.54000091552734
2024-10-08 23:00:00+00:00,77.5
2024-10-09 00:00:00+00:00,77.54000091552734
2024-10-09 01:00:00+00:00,77.31999969482422
2024-10-09 02:00:00+00:00,77.4000015258789
2024-10-09 03:00:00+00:00,77.43000030517578
2024-10-09 04:00:00+00:00,77.5
2024-10-09 05:00:00+00:00,77.81999969482422
2024-10-09 06:00:00+00:00,77.61000061035156
2024-10-09 07:00:00+00:00,77.70999908447266
2024-10-09 08:00:00+00:00,77.66000366210938
2024-10-09 09:00:00+00:00,77.79000091552734
2024-10-09 10:00:00+00:00,76.88999938964844
2024-10-09 11:00:00+00:00,76.9800033569336
2024-10-09 12:00:00+00:00,76.77999877929688
2024-10-09 13:00:00+00:00,75.68000030517578
2024-10-09 14:00:00+00:00,76.08999633789062
2024-10-09 15:00:00+00:00,76.63999938964844
2024-10-09 16:00:00+00:00,76.3499984741211
2024-10-09 17:00:00+00:00,76.55999755859375
2024-10-09 18:00:00+00:00,76.6500015258789
2024-10-09 19:00:00+00:00,76.7699966430664
2024-10-09 20:00:00+00:00,76.70999908447266
2024-10-09 22:00:00+00:00,76.7699966430664
2024-10-09 23:00:00+00:00,76.79000091552734
2024-10-10 00:00:00+00:00,77.05999755859375
2024-10-10 01:00:00+00:00,76.80999755859375
2024-10-10 02:00:00+00:00,77.16999816894531
2024-10-10 03:00:00+00:00,77.12000274658203
2024-10-10 04:00:00+00:00,77.16999816894531
2024-10-10 05:00:00+00:00,77.12999725341797
2024-10-10 06:00:00+00:00,76.94000244140625
2024-10-10 07:00:00+00:00,77.16000366210938
2024-10-10 08:00:00+00:00,77.12000274658203
2024-10-10 09:00:00+00:00,77.62999725341797
2024-10-10 10:00:00+00:00,77.73999786376953
2024-10-10 11:00:00+00:00,77.19999694824219
2024-10-10 12:00:00+00:00,78.02999877929688
2024-10-10 13:00:00+00:00,77.75
2024-10-10 14:00:00+00:00,78.41999816894531
2024-10-10 15:00:00+00:00,78.88999938964844
2024-10-10 16:00:00+00:00,79.30000305175781
2024-10-10 17:00:00+00:00,79.51000213623047
2024-10-10 18:00:00+00:00,79.41999816894531
2024-10-10 19:00:00+00:00,79.41999816894531
2024-10-10 20:00:00+00:00,79.0999984741211
2024-10-10 22:00:00+00:00,79.1500015258789
2024-10-10 23:00:00+00:00,79.16999816894531
2024-10-11 00:00:00+00:00,79.08999633789062
2024-10-11 01:00:00+00:00,79.04000091552734
2024-10-11 02:00:00+00:00,79.12000274658203
2024-10-11 03:00:00+00:00,79.16000366210938
2024-10-11 04:00:00+00:00,79.18000030517578
2024-10-11 05:00:00+00:00,79.08000183105469
2024-10-11 06:00:00+00:00,78.44999694824219
2024-10-11 07:00:00+00:00,78.52999877929688
2024-10-11 08:00:00+00:00,78.47000122070312
2024-10-11 09:00:00+00:00,78.7699966430664
2024-10-11 10:00:00+00:00,78.70999908447266
2024-10-11 11:00:00+00:00,78.73999786376953
2024-10-11 12:00:00+00:00,78.70999908447266
2024-10-11 13:00:00+00:00,78.70999908447266
2024-10-11 14:00:00+00:00,79.47000122070312
2024-10-11 15:00:00+00:00,79.0199966430664
2024-10-11 16:00:00+00:00,78.94000244140625
2024-10-11 17:00:00+00:00,79.25
2024-10-11 18:00:00+00:00,78.98999786376953
2024-10-11 19:00:00+00:00,79.02999877929688
2024-10-11 20:00:00+00:00,78.93000030517578
2024-10-13 22:00:00+00:00,77.81999969482422
2024-10-13 23:00:00+00:00,77.66000366210938
2024-10-14 00:00:00+00:00,77.98999786376953
2024-10-14 01:00:00+00:00,77.9000015258789
2024-10-14 02:00:00+00:00,78.06999969482422
2024-10-14 03:00:00+00:00,78.1500015258789
2024-10-14 04:00:00+00:00,78.12000274658203
2024-10-14 05:00:00+00:00,78.08000183105469
2024-10-14 06:00:00+00:00,77.94999694824219
2024-10-14 07:00:00+00:00,77.69999694824219
2024-10-14 08:00:00+00:00,77.81999969482422
2024-10-14 09:00:00+00:00,77.0
2024-10-14 10:00:00+00:00,77.19999694824219
2024-10-14 11:00:00+00:00,77.37000274658203
2024-10-14 12:00:00+00:00,77.36000061035156
2024-10-14 13:00:00+00:00,77.94000244140625
2024-10-14 14:00:00+00:00,77.77999877929688
2024-10-14 15:00:00+00:00,77.29000091552734
2024-10-14 16:00:00+00:00,77.61000061035156
2024-10-14 17:00:00+00:00,77.69999694824219
2024-10-14 18:00:00+00:00,77.51000213623047
2024-10-14 19:00:00+00:00,77.56999969482422
2024-10-14 20:00:00+00:00,75.38999938964844
2024-10-14 22:00:00+00:00,75.5
2024-10-14 23:00:00+00:00,75.25
2024-10-15 00:00:00+00:00,75.38999938964844
2024-10-15 01:00:00+00:00,75.11000061035156
2024-10-15 02:00:00+00:00,75.1500015258789
2024-10-15 03:00:00+00:00,75.19000244140625
2024-10-15 04:00:00+00:00,75.06999969482422
2024-10-15 05:00:00+00:00,74.5
2024-10-15 06:00:00+00:00,74.75
2024-10-15 07:00:00+00:00,74.5
2024-10-15 08:00:00+00:00,74.08999633789062
2024-10-15 09:00:00+00:00,73.5199966430664
2024-10-15 10:00:00+00:00,73.9000015258789
2024-10-15 11:00:00+00:00,74.41000366210938
2024-10-15 12:00:00+00:00,74.33000183105469
2024-10-15 13:00:00+00:00,74.05999755859375
2024-10-15 14:00:00+00:00,73.72000122070312
2024-10-15 15:00:00+00:00,73.4800033569336
2024-10-15 16:00:00+00:00,74.26000213623047
2024-10-15 17:00:00+00:00,73.98999786376953
2024-10-15 18:00:00+00:00,74.62999725341797
2024-10-15 19:00:00+00:00,74.5999984741211
2024-10-15 20:00:00+00:00,74.69999694824219
2024-10-15 22:00:00+00:00,74.62000274658203
2024-10-15 23:00:00+00:00,74.72000122070312
2024-10-16 00:00:00+00:00,74.5199966430664
2024-10-16 01:00:00+00:00,74.61000061035156
2024-10-16 02:00:00+00:00,74.43000030517578
2024-10-16 03:00:00+00:00,74.45999908447266
2024-10-16 04:00:00+00:00,74.54000091552734
2024-10-16 05:00:00+00:00,74.51000213623047
2024-10-16 06:00:00+00:00,74.44000244140625
2024-10-16 07:00:00+00:00,74.33000183105469
2024-10-16 08:00:00+00:00,74.2699966430664
2024-10-16 09:00:00+00:00,74.33000183105469
2024-10-16 10:00:00+00:00,73.83999633789062
2024-10-16 11:00:00+00:00,73.9000015258789
2024-10-16 12:00:00+00:00,74.48999786376953
2024-10-16 13:00:00+00:00,73.95999908447266
2024-10-16 14:00:00+00:00,74.02999877929688
2024-10-16 15:00:00+00:00,74.16999816894531
2024-10-16 16:00:00+00:00,74.13999938964844
2024-10-16 17:00:00+00:00,74.22000122070312
2024-10-16 18:00:00+00:00,74.26000213623047
2024-10-16 19:00:00+00:00,74.33999633789062
2024-10-16 20:00:00+00:00,74.5
2024-10-16 22:00:00+00:00,74.47000122070312
2024-10-16 23:00:00+00:00,74.5199966430664
2024-10-17 00:00:00+00:00,74.68000030517578
2024-10-17 01:00:00+00:00,74.7699966430664
2024-10-17 02:00:00+00:00,74.44999694824219
2024-10-17 03:00:00+00:00,74.43000030517578
2024-10-17 04:00:00+00:00,74.48999786376953
2024-10-17 05:00:00+00:00,74.41000366210938
2024-10-17 06:00:00+00:00,73.91000366210938
2024-10-17 07:00:00+00:00,74.0199966430664
2024-10-17 08:00:00+00:00,74.33999633789062
2024-10-17 09:00:00+00:00,74.4800033569336
2024-10-17 10:00:00+00:00,74.23999786376953
2024-10-17 11:00:00+00:00,74.27999877929688
2024-10-17 12:00:00+00:00,74.33999633789062
2024-10-17 13:00:00+00:00,74.44999694824219
2024-10-17 14:00:00+00:00,74.31999969482422
2024-10-17 15:00:00+00:00,74.23999786376953
2024-10-17 16:00:00+00:00,74.0199966430664
2024-10-17 17:00:00+00:00,74.13999938964844
2024-10-17 18:00:00+00:00,74.37000274658203
2024-10-17 19:00:00+00:00,74.54000091552734
2024-10-17 20:00:00+00:00,74.51000213623047
2024-10-17 22:00:00+00:00,74.55999755859375
2024-10-17 23:00:00+00:00,74.5999984741211
2024-10-18 00:00:00+00:00,74.66000366210938
2024-10-18 01:00:00+00:00,74.4800033569336
2024-10-18 02:00:00+00:00,74.70999908447266
2024-10-18 03:00:00+00:00,74.54000091552734
2024-10-18 04:00:00+00:00,74.68000030517578
2024-10-18 05:00:00+00:00,74.72000122070312
2024-10-18 06:00:00+00:00,74.80000305175781
2024-10-18 07:00:00+00:00,74.45999908447266
2024-10-18 08:00:00+00:00,74.37999725341797
2024-10-18 09:00:00+00:00,74.36000061035156
2024-10-18 10:00:00+00:00,74.08000183105469
2024-10-18 11:00:00+00:00,74.29000091552734
2024-10-18 12:00:00+00:00,74.0999984741211
2024-10-18 13:00:00+00:00,73.51000213623047
2024-10-18 14:00:00+00:00,72.94000244140625
2024-10-18 15:00:00+00:00,72.91999816894531
2024-10-18 16:00:00+00:00,73.41000366210938
2024-10-18 17:00:00+00:00,73.52999877929688
2024-10-18 18:00:00+00:00,73.0999984741211
2024-10-18 19:00:00+00:00,73.2699966430664
2024-10-18 20:00:00+00:00,73.16000366210938
2024-10-20 22:00:00+00:00,73.01000213623047
2024-10-20 23:00:00+00:00,73.16999816894531
2024-10-21 00:00:00+00:00,73.30999755859375
2024-10-21 01:00:00+00:00,72.87999725341797
2024-10-21 02:00:00+00:00,73.19000244140625
2024-10-21 03:00:00+00:00,73.38999938964844
2024-10-21 04:00:00+00:00,73.47000122070312
2024-10-21 05:00:00+00:00,73.2300033569336
2024-10-21 06:00:00+00:00,73.41999816894531
2024-10-21 07:00:00+00:00,73.5999984741211
2024-10-21 08:00:00+00:00,73.75
2024-10-21 09:00:00+00:00,74.08999633789062
2024-10-21 10:00:00+00:00,74.38999938964844
2024-10-21 11:00:00+00:00,74.41999816894531
2024-10-21 12:00:00+00:00,74.30999755859375
2024-10-21 13:00:00+00:00,74.19999694824219
2024-10-21 14:00:00+00:00,73.69999694824219
2024-10-21 15:00:00+00:00,74.12999725341797
2024-10-21 16:00:00+00:00,74.20999908447266
2024-10-21 17:00:00+00:00,74.43000030517578
2024-10-21 18:00:00+00:00,74.25
2024-10-21 19:00:00+00:00,74.05000305175781
2024-10-21 20:00:00+00:00,74.0
2024-10-21 22:00:00+00:00,74.19000244140625
2024-10-21 23:00:00+00:00,74.23999786376953
2024-10-22 00:00:00+00:00,74.05000305175781
2024-10-22 01:00:00+00:00,73.9800033569336
2024-10-22 02:00:00+00:00,73.93000030517578
2024-10-22 03:00:00+00:00,74.06999969482422
2024-10-22 04:00:00+00:00,73.94999694824219
2024-10-22 05:00:00+00:00,73.9000015258789
2024-10-22 06:00:00+00:00,74.05999755859375
2024-10-22 07:00:00+00:00,73.83000183105469
2024-10-22 08:00:00+00:00,74.06999969482422
2024-10-22 09:00:00+00:00,74.80000305175781
2024-10-22 10:00:00+00:00,74.93000030517578
2024-10-22 11:00:00+00:00,74.87000274658203
2024-10-22 12:00:00+00:00,74.8499984741211
2024-10-22 13:00:00+00:00,75.4000015258789
2024-10-22 14:00:00+00:00,75.51000213623047
2024-10-22 15:00:00+00:00,76.0
2024-10-22 16:00:00+00:00,75.98999786376953
2024-10-22 17:00:00+00:00,75.80999755859375
2024-10-22 18:00:00+00:00,75.94999694824219
2024-10-22 19:00:00+00:00,75.7699966430664
2024-10-22 20:00:00+00:00,75.5999984741211
2024-10-22 22:00:00+00:00,75.68000030517578
2024-10-23 00:00:00+00:00,75.7699966430664
2024-10-23 01:00:00+00:00,75.7699966430664
2024-10-23 02:00:00+00:00,75.8499984741211
2024-10-23 03:00:00+00:00,75.9000015258789
2024-10-23 04:00:00+00:00,75.93000030517578
2024-10-23 05:00:00+00:00,75.94000244140625
2024-10-23 06:00:00+00:00,75.5999984741211
2024-10-23 07:00:00+00:00,75.54000091552734
2024-10-23 08:00:00+00:00,75.36000061035156
2024-10-23 09:00:00+00:00,75.19999694824219
2024-10-23 10:00:00+00:00,74.58000183105469
2024-10-23 11:00:00+00:00,74.7300033569336
2024-10-23 12:00:00+00:00,74.83999633789062
2024-10-23 13:00:00+00:00,75.43000030517578
2024-10-23 14:00:00+00:00,75.0199966430664
2024-10-23 15:00:00+00:00,74.95999908447266
2024-10-23 16:00:00+00:00,74.8499984741211
2024-10-23 17:00:00+00:00,75.04000091552734
2024-10-23 18:00:00+00:00,74.98999786376953
2024-10-23 19:00:00+00:00,75.22000122070312
2024-10-23 20:00:00+00:00,75.2699966430664
2024-10-23 22:00:00+00:00,75.31999969482422
2024-10-23 23:00:00+00:00,75.4000015258789
2024-10-24 00:00:00+00:00,75.7699966430664
2024-10-24 01:00:00+00:00,75.80000305175781
2024-10-24 02:00:00+00:00,75.93000030517578
2024-10-24 03:00:00+00:00,75.83999633789062
2024-10-24 04:00:00+00:00,75.83999633789062
2024-10-24 05:00:00+00:00,75.75
2024-10-24 06:00:00+00:00,75.70999908447266
2024-10-24 07:00:00+00:00,76.12999725341797
2024-10-24 08:00:00+00:00,76.13999938964844
2024-10-24 09:00:00+00:00,76.37999725341797
2024-10-24 10:00:00+00:00,75.70999908447266
2024-10-24 11:00:00+00:00,75.2300033569336
2024-10-24 12:00:00+00:00,75.36000061035156
2024-10-24 13:00:00+00:00,75.45999908447266
2024-10-24 14:00:00+00:00,74.45999908447266
2024-10-24 15:00:00+00:00,74.19999694824219
2024-10-24 16:00:00+00:00,74.13999938964844
2024-10-24 17:00:00+00:00,74.30999755859375
2024-10-24 18:00:00+00:00,74.48999786376953
2024-10-24 19:00:00+00:00,74.75
2024-10-24 20:00:00+00:00,74.55000305175781
2024-10-24 22:00:00+00:00,74.58999633789062
2024-10-24 23:00:00+00:00,74.58999633789062
2024-10-25 00:00:00+00:00,74.75
2024-10-25 01:00:00+00:00,74.55000305175781
2024-10-25 02:00:00+00:00,74.62999725341797
2024-10-25 03:00:00+00:00,74.54000091552734
2024-10-25 04:00:00+00:00,74.5199966430664
2024-10-25 05:00:00+00:00,74.55999755859375
2024-10-25 06:00:00+00:00,74.69000244140625
2024-10-25 07:00:00+00:00,74.3499984741211
2024-10-25 08:00:00+00:00,74.45999908447266
2024-10-25 09:00:00+00:00,74.37999725341797
2024-10-25 10:00:00+00:00,74.8499984741211
2024-10-25 11:00:00+00:00,74.55000305175781
2024-10-25 12:00:00+00:00,74.94000244140625
2024-10-25 13:00:00+00:00,75.44999694824219
2024-10-25 14:00:00+00:00,74.80000305175781
2024-10-25 15:00:00+00:00,75.83999633789062
2024-10-25 16:00:00+00:00,75.55000305175781
2024-10-25 17:00:00+00:00,75.87999725341797
2024-10-25 18:00:00+00:00,75.61000061035156
2024-10-25 19:00:00+00:00,75.95999908447266
2024-10-25 20:00:00+00:00,75.52999877929688
2024-10-27 22:00:00+00:00,72.43000030517578
2024-10-27 23:00:00+00:00,72.97000122070312
2024-10-28 00:00:00+00:00,72.98999786376953
2024-10-28 01:00:00+00:00,72.77999877929688
2024-10-28 02:00:00+00:00,72.33999633789062
2024-10-28 03:00:00+00:00,72.33000183105469
2024-10-28 04:00:00+00:00,72.30000305175781
2024-10-28 05:00:00+00:00,72.25
2024-10-28 06:00:00+00:00,72.91000366210938
2024-10-28 07:00:00+00:00,72.51000213623047
2024-10-28 08:00:00+00:00,72.16000366210938
2024-10-28 09:00:00+00:00,71.08000183105469
2024-10-28 10:00:00+00:00,71.66999816894531
2024-10-28 11:00:00+00:00,71.2300033569336
2024-10-28 12:00:00+00:00,71.05000305175781
2024-10-28 13:00:00+00:00,72.08999633789062
2024-10-28 14:00:00+00:00,72.2699966430664
2024-10-28 15:00:00+00:00,71.68000030517578
2024-10-28 16:00:00+00:00,71.76000213623047
2024-10-28 17:00:00+00:00,71.38999938964844
2024-10-28 18:00:00+00:00,71.22000122070312
2024-10-28 19:00:00+00:00,71.56999969482422
2024-10-28 20:00:00+00:00,71.61000061035156
2024-10-28 22:00:00+00:00,71.62000274658203
2024-10-28 23:00:00+00:00,71.5999984741211
2024-10-29 00:00:00+00:00,71.4000015258789
2024-10-29 01:00:00+00:00,71.23999786376953
2024-10-29 02:00:00+00:00,71.22000122070312
2024-10-29 03:00:00+00:00,71.04000091552734
2024-10-29 04:00:00+00:00,71.08000183105469
2024-10-29 05:00:00+00:00,71.0
2024-10-29 06:00:00+00:00,70.9000015258789
2024-10-29 07:00:00+00:00,71.31999969482422
2024-10-29 08:00:00+00:00,71.37000274658203
2024-10-29 09:00:00+00:00,71.5199966430664
2024-10-29 10:00:00+00:00,71.70999908447266
2024-10-29 11:00:00+00:00,71.80000305175781
2024-10-29 12:00:00+00:00,71.66000366210938
2024-10-29 13:00:00+00:00,71.19999694824219
2024-10-29 14:00:00+00:00,71.0999984741211
2024-10-29 15:00:00+00:00,70.68000030517578
2024-10-29 16:00:00+00:00,70.73999786376953
2024-10-29 17:00:00+00:00,70.77999877929688
2024-10-29 18:00:00+00:00,70.70999908447266
2024-10-29 19:00:00+00:00,70.80999755859375
2024-10-29 20:00:00+00:00,71.02999877929688
2024-10-29 22:00:00+00:00,71.01000213623047
2024-10-29 23:00:00+00:00,70.9800033569336
2024-10-30 00:00:00+00:00,70.87000274658203
2024-10-30 01:00:00+00:00,71.0999984741211
2024-10-30 02:00:00+00:00,70.9800033569336
2024-10-30 03:00:00+00:00,71.12000274658203
2024-10-30 04:00:00+00:00,71.13999938964844
2024-10-30 05:00:00+00:00,71.20999908447266
2024-10-30 06:00:00+00:00,71.33999633789062
2024-10-30 07:00:00+00:00,71.2699966430664
2024-10-30 08:00:00+00:00,71.2699966430664
2024-10-30 09:00:00+00:00,71.16999816894531
2024-10-30 10:00:00+00:00,71.29000091552734
2024-10-30 11:00:00+00:00,71.51000213623047
2024-10-30 12:00:00+00:00,71.93000030517578
2024-10-30 13:00:00+00:00,71.75
2024-10-30 14:00:00+00:00,72.02999877929688
2024-10-30 15:00:00+00:00,72.41000366210938
2024-10-30 16:00:00+00:00,72.13999938964844
2024-10-30 17:00:00+00:00,71.94000244140625
2024-10-30 18:00:00+00:00,72.27999877929688
2024-10-30 19:00:00+00:00,72.43000030517578
2024-10-30 20:00:00+00:00,72.63999938964844
2024-10-30 22:00:00+00:00,72.5199966430664
2024-10-30 23:00:00+00:00,72.51000213623047
2024-10-31 00:00:00+00:00,72.51000213623047
2024-10-31 01:00:00+00:00,72.37999725341797
2024-10-31 02:00:00+00:00,72.48999786376953
2024-10-31 03:00:00+00:00,72.55000305175781
2024-10-31 04:00:00+00:00,72.62000274658203
2024-10-31 05:00:00+00:00,72.63999938964844
2024-10-31 06:00:00+00:00,72.55999755859375
2024-10-31 07:00:00+00:00,72.31999969482422
2024-10-31 08:00:00+00:00,72.31999969482422
2024-10-31 09:00:00+00:00,72.45999908447266
2024-10-31 10:00:00+00:00,72.3499984741211
2024-10-31 11:00:00+00:00,72.66999816894531
2024-10-31 12:00:00+00:00,72.79000091552734
2024-10-31 13:00:00+00:00,72.87999725341797
2024-10-31 14:00:00+00:00,72.98999786376953
2024-10-31 15:00:00+00:00,72.97000122070312
2024-10-31 16:00:00+00:00,72.69999694824219
2024-10-31 17:00:00+00:00,72.7300033569336
2024-10-31 18:00:00+00:00,74.01000213623047
2024-10-31 19:00:00+00:00,74.0999984741211
2024-10-31 20:00:00+00:00,74.06999969482422
2024-10-31 22:00:00+00:00,74.19000244140625
2024-10-31 23:00:00+00:00,74.19999694824219
2024-11-01 00:00:00+00:00,73.95999908447266
2024-11-01 01:00:00+00:00,74.05999755859375
2024-11-01 02:00:00+00:00,73.91999816894531
2024-11-01 03:00:00+00:00,74.12999725341797
2024-11-01 04:00:00+00:00,74.22000122070312
2024-11-01 05:00:00+00:00,74.18000030517578
2024-11-01 06:00:00+00:00,74.05999755859375
2024-11-01 07:00:00+00:00,74.37999725341797
2024-11-01 08:00:00+00:00,74.56999969482422
2024-11-01 09:00:00+00:00,74.80000305175781
2024-11-01 10:00:00+00:00,74.1500015258789
2024-11-01 11:00:00+00:00,74.2300033569336
2024-11-01 12:00:00+00:00,74.37999725341797
2024-11-01 13:00:00+00:00,74.44999694824219
2024-11-01 14:00:00+00:00,73.87999725341797
2024-11-01 15:00:00+00:00,73.75
2024-11-01 16:00:00+00:00,73.58000183105469
2024-11-01 17:00:00+00:00,73.2699966430664
2024-11-01 18:00:00+00:00,73.08000183105469
2024-11-01 19:00:00+00:00,73.0199966430664
2024-11-01 20:00:00+00:00,72.91000366210938
2024-11-03 23:00:00+00:00,74.16999816894531
2024-11-04 00:00:00+00:00,74.37999725341797
2024-11-04 01:00:00+00:00,74.12999725341797
2024-11-04 02:00:00+00:00,74.01000213623047
2024-11-04 03:00:00+00:00,74.27999877929688
2024-11-04 04:00:00+00:00,74.25
2024-11-04 05:00:00+00:00,74.37000274658203
2024-11-04 06:00:00+00:00,74.33000183105469
2024-11-04 07:00:00+00:00,74.26000213623047
2024-11-04 08:00:00+00:00,74.86000061035156
2024-11-04 09:00:00+00:00,75.0
2024-11-04 10:00:00+00:00,74.91000366210938
2024-11-04 11:00:00+00:00,75.29000091552734
2024-11-04 12:00:00+00:00,75.0
2024-11-04 13:00:00+00:00,75.05000305175781
2024-11-04 14:00:00+00:00,74.80000305175781
2024-11-04 15:00:00+00:00,74.41000366210938
2024-11-04 16:00:00+00:00,74.83999633789062
2024-11-04 17:00:00+00:00,75.0999984741211
2024-11-04 18:00:00+00:00,75.08000183105469
2024-11-04 19:00:00+00:00,75.12999725341797
2024-11-04 20:00:00+00:00,75.27999877929688
2024-11-04 21:00:00+00:00,75.30000305175781
2024-11-04 23:00:00+00:00,75.05999755859375
2024-11-05 00:00:00+00:00,75.01000213623047
2024-11-05 01:00:00+00:00,75.06999969482422
2024-11-05 02:00:00+00:00,75.16000366210938
2024-11-05 03:00:00+00:00,75.25
2024-11-05 04:00:00+00:00,75.16999816894531
2024-11-05 05:00:00+00:00,75.08000183105469
2024-11-05 06:00:00+00:00,75.01000213623047
2024-11-05 07:00:00+00:00,75.22000122070312
2024-11-05 08:00:00+00:00,75.20999908447266
2024-11-05 09:00:00+00:00,75.4800033569336
2024-11-05 10:00:00+00:00,75.38999938964844
2024-11-05 11:00:00+00:00,75.3499984741211
2024-11-05 12:00:00+00:00,75.55999755859375
2024-11-05 13:00:00+00:00,75.31999969482422
2024-11-05 14:00:00+00:00,75.69999694824219
2024-11-05 15:00:00+00:00,75.98999786376953
2024-11-05 16:00:00+00:00,76.08000183105469
2024-11-05 17:00:00+00:00,75.5199966430664
2024-11-05 18:00:00+00:00,75.23999786376953
2024-11-05 19:00:00+00:00,75.63999938964844
2024-11-05 20:00:00+00:00,75.58999633789062
2024-11-05 21:00:00+00:00,75.45999908447266
2024-11-05 23:00:00+00:00,75.58999633789062
2024-11-06 00:00:00+00:00,75.2699966430664
2024-11-06 01:00:00+00:00,75.13999938964844
2024-11-06 02:00:00+00:00,75.19999694824219
2024-11-06 03:00:00+00:00,74.75
2024-11-06 04:00:00+00:00,74.55999755859375
2024-11-06 05:00:00+00:00,74.19999694824219
2024-11-06 06:00:00+00:00,74.2699966430664
2024-11-06 07:00:00+00:00,74.75
2024-11-06 08:00:00+00:00,74.30000305175781
2024-11-06 09:00:00+00:00,74.73999786376953
2024-11-06 10:00:00+00:00,74.5
2024-11-06 11:00:00+00:00,74.66999816894531
2024-11-06 12:00:00+00:00,74.11000061035156
2024-11-06 13:00:00+00:00,73.6500015258789
2024-11-06 14:00:00+00:00,74.7699966430664
2024-11-06 15:00:00+00:00,75.87999725341797
2024-11-06 16:00:00+00:00,75.26000213623047
2024-11-06 17:00:00+00:00,75.3499984741211
2024-11-06 18:00:00+00:00,74.94000244140625
2024-11-06 19:00:00+00:00,75.02999877929688
2024-11-06 20:00:00+00:00,75.19000244140625
2024-11-06 21:00:00+00:00,75.19000244140625
2024-11-06 23:00:00+00:00,75.11000061035156
2024-11-07 00:00:00+00:00,75.02999877929688
2024-11-07 01:00:00+00:00,75.41000366210938
2024-11-07 02:00:00+00:00,75.51000213623047
2024-11-07 03:00:00+00:00,75.55999755859375
2024-11-07 04:00:00+00:00,75.33000183105469
2024-11-07 05:00:00+00:00,75.41000366210938
2024-11-07 06:00:00+00:00,75.22000122070312
2024-11-07 07:00:00+00:00,74.94999694824219
2024-11-07 08:00:00+00:00,74.7300033569336
2024-11-07 09:00:00+00:00,74.63999938964844
2024-11-07 10:00:00+00:00,74.41000366210938
2024-11-07 11:00:00+00:00,74.22000122070312
2024-11-07 12:00:00+00:00,74.37000274658203
2024-11-07 13:00:00+00:00,74.66999816894531
2024-11-07 14:00:00+00:00,74.55000305175781
2024-11-07 15:00:00+00:00,74.88999938964844
2024-11-07 16:00:00+00:00,75.16999816894531
2024-11-07 17:00:00+00:00,75.83000183105469
2024-11-07 18:00:00+00:00,75.83000183105469
2024-11-07 19:00:00+00:00,75.55999755859375
2024-11-07 20:00:00+00:00,75.3499984741211
2024-11-07 21:00:00+00:00,75.54000091552734
2024-11-07 23:00:00+00:00,75.54000091552734
2024-11-08 00:00:00+00:00,75.55000305175781
2024-11-08 01:00:00+00:00,75.41999816894531
2024-11-08 02:00:00+00:00,75.29000091552734
2024-11-08 03:00:00+00:00,75.12000274658203
2024-11-08 04:00:00+00:00,75.16999816894531
2024-11-08 05:00:00+00:00,75.29000091552734
2024-11-08 06:00:00+00:00,75.08000183105469
2024-11-08 07:00:00+00:00,75.06999969482422
2024-11-08 08:00:00+00:00,74.58000183105469
2024-11-08 09:00:00+00:00,74.61000061035156
2024-11-08 10:00:00+00:00,74.5
2024-11-08 11:00:00+00:00,74.83000183105469
2024-11-08 12:00:00+00:00,74.5
2024-11-08 13:00:00+00:00,74.79000091552734
2024-11-08 14:00:00+00:00,74.2300033569336
2024-11-08 15:00:00+00:00,73.73999786376953
2024-11-08 16:00:00+00:00,73.52999877929688
2024-11-08 17:00:00+00:00,74.02999877929688
2024-11-08 18:00:00+00:00,73.77999877929688
2024-11-08 19:00:00+00:00,73.95999908447266
2024-11-08 20:00:00+00:00,73.94000244140625
2024-11-08 21:00:00+00:00,73.97000122070312
2024-11-10 23:00:00+00:00,73.79000091552734
2024-11-11 00:00:00+00:00,73.81999969482422
2024-11-11 01:00:00+00:00,73.69000244140625
2024-11-11 02:00:00+00:00,73.69000244140625
2024-11-11 03:00:00+00:00,73.62000274658203
2024-11-11 04:00:00+00:00,73.5
2024-11-11 05:00:00+00:00,73.62999725341797
2024-11-11 06:00:00+00:00,73.94999694824219
2024-11-11 07:00:00+00:00,73.9000015258789
2024-11-11 08:00:00+00:00,73.98999786376953
2024-11-11 09:00:00+00:00,73.16999816894531
2024-11-11 10:00:00+00:00,72.79000091552734
2024-11-11 11:00:00+00:00,72.8499984741211
2024-11-11 12:00:00+00:00,72.41000366210938
2024-11-11 13:00:00+00:00,72.22000122070312
2024-11-11 14:00:00+00:00,72.22000122070312
2024-11-11 15:00:00+00:00,71.73999786376953
2024-11-11 16:00:00+00:00,71.68000030517578
2024-11-11 17:00:00+00:00,71.86000061035156
2024-11-11 18:00:00+00:00,71.88999938964844
2024-11-11 19:00:00+00:00,71.94000244140625
2024-11-11 20:00:00+00:00,71.98999786376953
2024-11-11 21:00:00+00:00,71.9000015258789
2024-11-11 23:00:00+00:00,71.93000030517578
2024-11-12 01:00:00+00:00,71.83999633789062
2024-11-12 02:00:00+00:00,71.69000244140625
2024-11-12 03:00:00+00:00,71.70999908447266
2024-11-12 04:00:00+00:00,71.75
2024-11-12 05:00:00+00:00,71.62999725341797
2024-11-12 06:00:00+00:00,71.69999694824219
2024-11-12 07:00:00+00:00,71.91999816894531
2024-11-12 08:00:00+00:00,72.0
2024-11-12 09:00:00+00:00,72.30000305175781
2024-11-12 10:00:00+00:00,72.26000213623047
2024-11-12 11:00:00+00:00,72.3499984741211
2024-11-12 12:00:00+00:00,72.37999725341797
2024-11-12 13:00:00+00:00,72.54000091552734
2024-11-12 14:00:00+00:00,72.58999633789062
2024-11-12 15:00:00+00:00,71.87000274658203
2024-11-12 16:00:00+00:00,72.1500015258789
2024-11-12 17:00:00+00:00,72.16999816894531
2024-11-12 18:00:00+00:00,71.81999969482422
2024-11-12 19:00:00+00:00,72.02999877929688
2024-11-12 20:00:00+00:00,71.77999877929688
2024-11-12 21:00:00+00:00,71.73999786376953
2024-11-12 23:00:00+00:00,71.77999877929688
2024-11-13 00:00:00+00:00,71.80999755859375
2024-11-13 01:00:00+00:00,72.05999755859375
2024-11-13 02:00:00+00:00,72.18000030517578
2024-11-13 03:00:00+00:00,72.08000183105469
2024-11-13 04:00:00+00:00,72.08999633789062
2024-11-13 05:00:00+00:00,72.02999877929688
2024-11-13 06:00:00+00:00,72.04000091552734
2024-11-13 07:00:00+00:00,72.0199966430664
2024-11-13 08:00:00+00:00,72.08999633789062
2024-11-13 09:00:00+00:00,72.38999938964844
2024-11-13 10:00:00+00:00,72.47000122070312
2024-11-13 11:00:00+00:00,72.16999816894531
2024-11-13 12:00:00+00:00,72.16000366210938
2024-11-13 13:00:00+00:00,71.72000122070312
2024-11-13 14:00:00+00:00,70.83000183105469
2024-11-13 15:00:00+00:00,71.7300033569336
2024-11-13 16:00:00+00:00,71.9800033569336
2024-11-13 17:00:00+00:00,72.37999725341797
2024-11-13 18:00:00+00:00,72.4800033569336
2024-11-13 19:00:00+00:00,72.05000305175781
2024-11-13 20:00:00+00:00,71.91000366210938
2024-11-13 21:00:00+00:00,71.93000030517578
2024-11-13 23:00:00+00:00,71.95999908447266
2024-11-14 00:00:00+00:00,72.11000061035156
2024-11-14 01:00:00+00:00,72.19000244140625
2024-11-14 02:00:00+00:00,72.11000061035156
2024-11-14 03:00:00+00:00,71.91000366210938
2024-11-14 04:00:00+00:00,72.04000091552734
2024-11-14 05:00:00+00:00,71.8499984741211
2024-11-14 06:00:00+00:00,71.86000061035156
2024-11-14 07:00:00+00:00,72.0199966430664
2024-11-14 08:00:00+00:00,72.38999938964844
2024-11-14 09:00:00+00:00,72.30999755859375
2024-11-14 10:00:00+00:00,72.54000091552734
2024-11-14 11:00:00+00:00,72.54000091552734
2024-11-14 12:00:00+00:00,72.68000030517578
2024-11-14 13:00:00+00:00,73.0
2024-11-14 14:00:00+00:00,73.06999969482422
2024-11-14 15:00:00+00:00,72.68000030517578
2024-11-14 16:00:00+00:00,72.55000305175781
2024-11-14 17:00:00+00:00,72.12999725341797
2024-11-14 18:00:00+00:00,72.37999725341797
2024-11-14 19:00:00+00:00,72.55000305175781
2024-11-14 20:00:00+00:00,72.41999816894531
2024-11-14 21:00:00+00:00,72.44999694824219
2024-11-14 23:00:00+00:00,72.41000366210938
2024-11-15 00:00:00+00:00,72.33999633789062
2024-11-15 01:00:00+00:00,72.18000030517578
2024-11-15 02:00:00+00:00,72.0999984741211
2024-11-15 03:00:00+00:00,72.16000366210938
2024-11-15 04:00:00+00:00,71.93000030517578
2024-11-15 05:00:00+00:00,71.79000091552734
2024-11-15 06:00:00+00:00,71.63999938964844
2024-11-15 07:00:00+00:00,71.37999725341797
2024-11-15 08:00:00+00:00,71.72000122070312
2024-11-15 09:00:00+00:00,71.77999877929688
2024-11-15 10:00:00+00:00,71.79000091552734
2024-11-15 11:00:00+00:00,72.29000091552734
2024-11-15 12:00:00+00:00,72.30999755859375
2024-11-15 13:00:00+00:00,71.83000183105469
2024-11-15 14:00:00+00:00,72.0
2024-11-15 15:00:00+00:00,72.25
2024-11-15 16:00:00+00:00,71.55000305175781
2024-11-15 17:00:00+00:00,71.0999984741211
2024-11-15 18:00:00+00:00,70.91999816894531
2024-11-15 19:00:00+00:00,71.12000274658203
2024-11-15 20:00:00+00:00,71.05999755859375
2024-11-15 21:00:00+00:00,71.02999877929688
2024-11-17 23:00:00+00:00,70.87000274658203
2024-11-18 00:00:00+00:00,71.2300033569336
2024-11-18 01:00:00+00:00,71.16999816894531
2024-11-18 02:00:00+00:00,71.22000122070312
2024-11-18 03:00:00+00:00,71.4000015258789
2024-11-18 04:00:00+00:00,71.33000183105469
2024-11-18 05:00:00+00:00,71.18000030517578
2024-11-18 06:00:00+00:00,71.27999877929688
2024-11-18 07:00:00+00:00,71.33999633789062
2024-11-18 08:00:00+00:00,71.0999984741211
2024-11-18 09:00:00+00:00,71.66000366210938
2024-11-18 10:00:00+00:00,71.62000274658203
2024-11-18 11:00:00+00:00,71.4800033569336
2024-11-18 12:00:00+00:00,71.41999816894531
2024-11-18 13:00:00+00:00,71.62999725341797
2024-11-18 14:00:00+00:00,72.41000366210938
2024-11-18 15:00:00+00:00,73.01000213623047
2024-11-18 16:00:00+00:00,73.05000305175781
2024-11-18 17:00:00+00:00,73.0
2024-11-18 18:00:00+00:00,73.26000213623047
2024-11-18 19:00:00+00:00,73.30999755859375
2024-11-18 20:00:00+00:00,73.29000091552734
2024-11-18 21:00:00+00:00,73.19999694824219
2024-11-18 23:00:00+00:00,73.05000305175781
2024-11-19 00:00:00+00:00,73.16000366210938
2024-11-19 01:00:00+00:00,73.38999938964844
2024-11-19 02:00:00+00:00,73.26000213623047
2024-11-19 03:00:00+00:00,73.4800033569336
2024-11-19 04:00:00+00:00,73.44999694824219
2024-11-19 05:00:00+00:00,73.38999938964844
2024-11-19 06:00:00+00:00,73.37999725341797
2024-11-19 07:00:00+00:00,73.16000366210938
2024-11-19 08:00:00+00:00,72.80000305175781
2024-11-19 09:00:00+00:00,73.05000305175781
2024-11-19 10:00:00+00:00,73.0
2024-11-19 11:00:00+00:00,72.87999725341797
2024-11-19 12:00:00+00:00,72.95999908447266
2024-11-19 13:00:00+00:00,73.2300033569336
2024-11-19 14:00:00+00:00,73.68000030517578
2024-11-19 15:00:00+00:00,73.38999938964844
2024-11-19 16:00:00+00:00,73.18000030517578
2024-11-19 17:00:00+00:00,73.4000015258789
2024-11-19 18:00:00+00:00,73.33000183105469
2024-11-19 19:00:00+00:00,73.41999816894531
2024-11-19 20:00:00+00:00,73.4000015258789
2024-11-19 21:00:00+00:00,73.29000091552734
2024-11-19 23:00:00+00:00,73.33000183105469
2024-11-20 00:00:00+00:00,73.3499984741211
2024-11-20 01:00:00+00:00,73.20999908447266
2024-11-20 02:00:00+00:00,73.33000183105469
2024-11-20 03:00:00+00:00,73.25
2024-11-20 04:00:00+00:00,73.22000122070312
2024-11-20 05:00:00+00:00,73.23999786376953
2024-11-20 06:00:00+00:00,73.33000183105469
2024-11-20 07:00:00+00:00,73.52999877929688
2024-11-20 08:00:00+00:00,73.79000091552734
2024-11-20 09:00:00+00:00,73.61000061035156
2024-11-20 10:00:00+00:00,73.5199966430664
2024-11-20 11:00:00+00:00,73.63999938964844
2024-11-20 12:00:00+00:00,73.83000183105469
2024-11-20 13:00:00+00:00,73.8499984741211
2024-11-20 14:00:00+00:00,73.54000091552734
2024-11-20 15:00:00+00:00,73.5
2024-11-20 16:00:00+00:00,73.19000244140625
2024-11-20 17:00:00+00:00,72.9000015258789
2024-11-20 18:00:00+00:00,72.87999725341797
2024-11-20 19:00:00+00:00,72.94000244140625
2024-11-20 20:00:00+00:00,73.11000061035156
2024-11-20 21:00:00+00:00,73.08000183105469
2024-11-20 23:00:00+00:00,73.0999984741211
2024-11-21 00:00:00+00:00,73.08999633789062
2024-11-21 01:00:00+00:00,73.13999938964844
2024-11-21 02:00:00+00:00,73.08000183105469
2024-11-21 03:00:00+00:00,72.94999694824219
2024-11-21 04:00:00+00:00,72.9800033569336
2024-11-21 05:00:00+00:00,72.97000122070312
2024-11-21 06:00:00+00:00,73.19999694824219
2024-11-21 07:00:00+00:00,73.41000366210938
2024-11-21 08:00:00+00:00,73.66000366210938
2024-11-21 09:00:00+00:00,73.7699966430664
2024-11-21 10:00:00+00:00,73.97000122070312
2024-11-21 11:00:00+00:00,74.27999877929688
2024-11-21 12:00:00+00:00,74.12999725341797
2024-11-21 13:00:00+00:00,74.13999938964844
2024-11-21 14:00:00+00:00,73.95999908447266
2024-11-21 15:00:00+00:00,74.04000091552734
2024-11-21 16:00:00+00:00,73.75
2024-11-21 17:00:00+00:00,73.62000274658203
2024-11-21 18:00:00+00:00,73.9000015258789
2024-11-21 19:00:00+00:00,74.2699966430664
2024-11-21 20:00:00+00:00,74.36000061035156
2024-11-21 21:00:00+00:00,74.26000213623047
2024-11-21 23:00:00+00:00,74.27999877929688
2024-11-22 00:00:00+00:00,74.33999633789062
2024-11-22 01:00:00+00:00,74.5199966430664
2024-11-22 02:00:00+00:00,74.55999755859375
2024-11-22 03:00:00+00:00,74.37000274658203
2024-11-22 04:00:00+00:00,74.33999633789062
2024-11-22 05:00:00+00:00,74.22000122070312
2024-11-22 06:00:00+00:00,74.25
2024-11-22 07:00:00+00:00,74.69999694824219
2024-11-22 08:00:00+00:00,74.66000366210938
2024-11-22 09:00:00+00:00,74.47000122070312
2024-11-22 10:00:00+00:00,74.3499984741211
2024-11-22 11:00:00+00:00,73.33999633789062
2024-11-22 12:00:00+00:00,73.33999633789062
2024-11-22 13:00:00+00:00,73.80999755859375
2024-11-22 14:00:00+00:00,74.61000061035156
2024-11-22 15:00:00+00:00,74.44000244140625
2024-11-22 16:00:00+00:00,74.91000366210938
2024-11-22 17:00:00+00:00,75.19999694824219
2024-11-22 18:00:00+00:00,75.30000305175781
2024-11-22 19:00:00+00:00,74.66999816894531
2024-11-22 20:00:00+00:00,74.51000213623047
2024-11-22 21:00:00+00:00,74.54000091552734
2024-11-24 23:00:00+00:00,74.66000366210938
2024-11-25 00:00:00+00:00,74.5999984741211
2024-11-25 01:00:00+00:00,74.48999786376953
2024-11-25 02:00:00+00:00,74.31999969482422
2024-11-25 03:00:00+00:00,74.4000015258789
2024-11-25 04:00:00+00:00,74.80000305175781
2024-11-25 05:00:00+00:00,74.0999984741211
2024-11-25 06:00:00+00:00,74.18000030517578
2024-11-25 07:00:00+00:00,73.94999694824219
2024-11-25 08:00:00+00:00,74.05999755859375
2024-11-25 09:00:00+00:00,74.0999984741211
2024-11-25 10:00:00+00:00,74.8499984741211
2024-11-25 11:00:00+00:00,75.16999816894531
2024-11-25 12:00:00+00:00,74.55999755859375
2024-11-25 13:00:00+00:00,74.19000244140625
2024-11-25 14:00:00+00:00,73.79000091552734
2024-11-25 15:00:00+00:00,73.12999725341797
2024-11-25 16:00:00+00:00,72.5199966430664
2024-11-25 17:00:00+00:00,73.05000305175781
2024-11-25 18:00:00+00:00,73.0199966430664
2024-11-25 19:00:00+00:00,72.4800033569336
2024-11-25 20:00:00+00:00,72.5999984741211
2024-11-25 21:00:00+00:00,73.18000030517578
2024-11-25 23:00:00+00:00,72.20999908447266
2024-11-26 00:00:00+00:00,72.80999755859375
2024-11-26 01:00:00+00:00,72.91000366210938
2024-11-26 02:00:00+00:00,73.1500015258789
2024-11-26 03:00:00+00:00,72.68000030517578
2024-11-26 04:00:00+00:00,72.63999938964844
2024-11-26 05:00:00+00:00,73.25
2024-11-26 06:00:00+00:00,73.1500015258789
2024-11-26 07:00:00+00:00,72.51000213623047
2024-11-26 08:00:00+00:00,72.8499984741211
2024-11-26 09:00:00+00:00,73.58000183105469
2024-11-26 10:00:00+00:00,73.62999725341797
2024-11-26 11:00:00+00:00,73.6500015258789
2024-11-26 12:00:00+00:00,72.77999877929688
2024-11-26 13:00:00+00:00,73.04000091552734
2024-11-26 14:00:00+00:00,73.0999984741211
2024-11-26 15:00:00+00:00,73.66000366210938
2024-11-26 16:00:00+00:00,72.69999694824219
2024-11-26 17:00:00+00:00,71.81999969482422
2024-11-26 18:00:00+00:00,71.97000122070312
2024-11-26 19:00:00+00:00,72.19999694824219
2024-11-26 20:00:00+00:00,72.68000030517578
2024-11-26 21:00:00+00:00,72.4800033569336
2024-11-26 23:00:00+00:00,72.37999725341797
2024-11-27 00:00:00+00:00,72.9000015258789
2024-11-27 01:00:00+00:00,72.19999694824219
2024-11-27 02:00:00+00:00,72.79000091552734
2024-11-27 03:00:00+00:00,72.94000244140625
2024-11-27 04:00:00+00:00,72.30999755859375
2024-11-27 05:00:00+00:00,72.37000274658203
2024-11-27 06:00:00+00:00,72.5
2024-11-27 07:00:00+00:00,72.56999969482422
2024-11-27 08:00:00+00:00,72.62000274658203
2024-11-27 09:00:00+00:00,72.62000274658203
2024-11-27 10:00:00+00:00,72.5199966430664
2024-11-27 11:00:00+00:00,73.02999877929688
2024-11-27 12:00:00+00:00,72.73999786376953
2024-11-27 13:00:00+00:00,72.70999908447266
2024-11-27 14:00:00+00:00,72.66999816894531
2024-11-27 15:00:00+00:00,72.91999816894531
2024-11-27 16:00:00+00:00,72.47000122070312
2024-11-27 17:00:00+00:00,71.7699966430664
2024-11-27 18:00:00+00:00,71.87000274658203
2024-11-27 19:00:00+00:00,72.36000061035156
2024-11-27 20:00:00+00:00,72.33999633789062
2024-11-27 21:00:00+00:00,72.36000061035156
2024-11-27 23:00:00+00:00,72.87999725341797
2024-11-28 00:00:00+00:00,72.91999816894531
2024-11-28 01:00:00+00:00,72.20999908447266
2024-11-28 02:00:00+00:00,72.2699966430664
2024-11-28 03:00:00+00:00,72.16999816894531
2024-11-28 04:00:00+00:00,72.05000305175781
2024-11-29 14:30:00+00:00,73.12000274658203
2024-11-29 15:30:00+00:00,73.13999938964844
2024-11-29 16:30:00+00:00,72.5199966430664
2024-11-29 17:30:00+00:00,72.37999725341797
2024-12-01 23:00:00+00:00,72.11000061035156
2024-12-02 00:00:00+00:00,72.01000213623047
2024-12-02 01:00:00+00:00,72.01000213623047
2024-12-02 02:00:00+00:00,72.30999755859375
2024-12-02 03:00:00+00:00,72.23999786376953
2024-12-02 04:00:00+00:00,72.16999816894531
2024-12-02 05:00:00+00:00,72.25
2024-12-02 06:00:00+00:00,72.37000274658203
2024-12-02 07:00:00+00:00,72.33000183105469
2024-12-02 08:00:00+00:00,72.41000366210938
2024-12-02 09:00:00+00:00,72.56999969482422
2024-12-02 10:00:00+00:00,72.55999755859375
2024-12-02 11:00:00+00:00,72.69999694824219
2024-12-02 12:00:00+00:00,72.62000274658203
2024-12-02 13:00:00+00:00,72.7300033569336
2024-12-02 14:00:00+00:00,72.05000305175781
2024-12-02 15:00:00+00:00,72.29000091552734
2024-12-02 16:00:00+00:00,71.58000183105469
2024-12-02 17:00:00+00:00,71.80000305175781
2024-12-02 18:00:00+00:00,71.75
2024-12-02 19:00:00+00:00,71.8499984741211
2024-12-02 20:00:00+00:00,71.80000305175781
2024-12-02 21:00:00+00:00,71.93000030517578
2024-12-02 23:00:00+00:00,71.87000274658203
2024-12-03 00:00:00+00:00,71.9000015258789
2024-12-03 01:00:00+00:00,71.80999755859375
2024-12-03 02:00:00+00:00,71.73999786376953
2024-12-03 03:00:00+00:00,71.88999938964844
2024-12-03 04:00:00+00:00,71.9800033569336
2024-12-03 05:00:00+00:00,72.0199966430664
2024-12-03 06:00:00+00:00,72.12999725341797
2024-12-03 07:00:00+00:00,72.12000274658203
2024-12-03 08:00:00+00:00,72.62999725341797
2024-12-03 09:00:00+00:00,72.61000061035156
2024-12-03 10:00:00+00:00,72.41000366210938
2024-12-03 11:00:00+00:00,72.58999633789062
2024-12-03 12:00:00+00:00,72.94000244140625
2024-12-03 13:00:00+00:00,72.91999816894531
2024-12-03 14:00:00+00:00,72.70999908447266
2024-12-03 15:00:00+00:00,73.37999725341797
2024-12-03 16:00:00+00:00,73.68000030517578
2024-12-03 17:00:00+00:00,73.61000061035156
2024-12-03 18:00:00+00:00,73.80000305175781
2024-12-03 19:00:00+00:00,73.69000244140625
2024-12-03 20:00:00+00:00,73.63999938964844
2024-12-03 21:00:00+00:00,73.66000366210938
2024-12-03 23:00:00+00:00,73.69999694824219
2024-12-04 00:00:00+00:00,73.66000366210938
2024-12-04 01:00:00+00:00,73.58999633789062
2024-12-04 02:00:00+00:00,73.6500015258789
2024-12-04 03:00:00+00:00,73.66999816894531
2024-12-04 04:00:00+00:00,73.81999969482422
2024-12-04 05:00:00+00:00,73.83999633789062
2024-12-04 06:00:00+00:00,73.81999969482422
2024-12-04 07:00:00+00:00,73.80000305175781
2024-12-04 08:00:00+00:00,73.70999908447266
2024-12-04 09:00:00+00:00,74.08000183105469
2024-12-04 10:00:00+00:00,74.0199966430664
2024-12-04 11:00:00+00:00,73.87999725341797
2024-12-04 12:00:00+00:00,73.77999877929688
2024-12-04 13:00:00+00:00,74.0
2024-12-04 14:00:00+00:00,73.77999877929688
2024-12-04 15:00:00+00:00,73.58000183105469
2024-12-04 16:00:00+00:00,73.22000122070312
2024-12-04 17:00:00+00:00,72.58000183105469
2024-12-04 18:00:00+00:00,72.36000061035156
2024-12-04 19:00:00+00:00,72.51000213623047
2024-12-04 20:00:00+00:00,72.55000305175781
2024-12-04 21:00:00+00:00,72.44000244140625
2024-12-04 23:00:00+00:00,72.48999786376953
2024-12-05 00:00:00+00:00,72.4800033569336
2024-12-05 01:00:00+00:00,72.38999938964844
2024-12-05 02:00:00+00:00,72.30999755859375
2024-12-05 03:00:00+00:00,72.38999938964844
2024-12-05 04:00:00+00:00,72.33999633789062
2024-12-05 05:00:00+00:00,72.26000213623047
2024-12-05 06:00:00+00:00,72.33000183105469
2024-12-05 07:00:00+00:00,72.31999969482422
2024-12-05 08:00:00+00:00,72.48999786376953
2024-12-05 09:00:00+00:00,72.6500015258789
2024-12-05 10:00:00+00:00,72.58000183105469
2024-12-05 11:00:00+00:00,71.9000015258789
2024-12-05 12:00:00+00:00,72.30000305175781
2024-12-05 13:00:00+00:00,72.76000213623047
2024-12-05 14:00:00+00:00,72.8499984741211
2024-12-05 15:00:00+00:00,72.62999725341797
2024-12-05 16:00:00+00:00,72.31999969482422
2024-12-05 17:00:00+00:00,72.04000091552734
2024-12-05 18:00:00+00:00,72.3499984741211
2024-12-05 19:00:00+00:00,72.30999755859375
2024-12-05 20:00:00+00:00,72.22000122070312
2024-12-05 21:00:00+00:00,72.16999816894531
2024-12-05 23:00:00+00:00,72.18000030517578
2024-12-06 00:00:00+00:00,72.11000061035156
2024-12-06 01:00:00+00:00,71.7699966430664
2024-12-06 02:00:00+00:00,71.94000244140625
2024-12-06 03:00:00+00:00,72.05000305175781
2024-12-06 04:00:00+00:00,72.06999969482422
2024-12-06 05:00:00+00:00,72.08999633789062
2024-12-06 06:00:00+00:00,72.0
2024-12-06 07:00:00+00:00,71.8499984741211
2024-12-06 08:00:00+00:00,71.81999969482422
2024-12-06 09:00:00+00:00,71.83000183105469
2024-12-06 10:00:00+00:00,71.51000213623047
2024-12-06 11:00:00+00:00,71.33999633789062
2024-12-06 12:00:00+00:00,71.30999755859375
2024-12-06 13:00:00+00:00,71.2300033569336
2024-12-06 14:00:00+00:00,71.08999633789062
2024-12-06 15:00:00+00:00,71.16999816894531
2024-12-06 16:00:00+00:00,71.3499984741211
2024-12-06 17:00:00+00:00,71.30999755859375
2024-12-06 18:00:00+00:00,71.45999908447266
2024-12-06 19:00:00+00:00,71.0
2024-12-06 20:00:00+00:00,71.05999755859375
2024-12-06 21:00:00+00:00,71.05999755859375
2024-12-08 23:00:00+00:00,71.19999694824219
2024-12-09 00:00:00+00:00,71.06999969482422
2024-12-09 01:00:00+00:00,71.43000030517578
2024-12-09 02:00:00+00:00,71.37999725341797
2024-12-09 03:00:00+00:00,71.38999938964844
2024-12-09 04:00:00+00:00,71.38999938964844
2024-12-09 05:00:00+00:00,71.5199966430664
2024-12-09 06:00:00+00:00,71.5199966430664
2024-12-09 07:00:00+00:00,71.80999755859375
2024-12-09 08:00:00+00:00,72.04000091552734
2024-12-09 09:00:00+00:00,71.7699966430664
2024-12-09 10:00:00+00:00,71.80999755859375
2024-12-09 11:00:00+00:00,71.94999694824219
2024-12-09 12:00:00+00:00,71.8499984741211
2024-12-09 13:00:00+00:00,72.08999633789062
2024-12-09 14:00:00+00:00,72.26000213623047
2024-12-09 15:00:00+00:00,72.44000244140625
2024-12-09 16:00:00+00:00,72.33000183105469
2024-12-09 17:00:00+00:00,72.3499984741211
2024-12-09 18:00:00+00:00,72.26000213623047
2024-12-09 19:00:00+00:00,72.08999633789062
2024-12-09 20:00:00+00:00,71.91999816894531
2024-12-09 21:00:00+00:00,71.91999816894531
2024-12-09 23:00:00+00:00,71.94000244140625
2024-12-10 00:00:00+00:00,71.87999725341797
2024-12-10 01:00:00+00:00,71.98999786376953
2024-12-10 02:00:00+00:00,71.88999938964844
2024-12-10 03:00:00+00:00,71.86000061035156
2024-12-10 04:00:00+00:00,71.80999755859375
2024-12-10 05:00:00+00:00,71.77999877929688
2024-12-10 06:00:00+00:00,71.86000061035156
2024-12-10 07:00:00+00:00,71.8499984741211
2024-12-10 08:00:00+00:00,72.16999816894531
2024-12-10 09:00:00+00:00,72.02999877929688
2024-12-10 10:00:00+00:00,71.66999816894531
2024-12-10 11:00:00+00:00,71.7300033569336
2024-12-10 12:00:00+00:00,71.94999694824219
2024-12-10 13:00:00+00:00,72.04000091552734
2024-12-10 14:00:00+00:00,72.08999633789062
2024-12-10 15:00:00+00:00,72.55000305175781
2024-12-10 16:00:00+00:00,72.68000030517578
2024-12-10 17:00:00+00:00,72.55000305175781
2024-12-10 18:00:00+00:00,72.38999938964844
2024-12-10 19:00:00+00:00,72.0
2024-12-10 20:00:00+00:00,71.98999786376953
2024-12-10 21:00:00+00:00,72.06999969482422
2024-12-10 23:00:00+00:00,72.0999984741211
2024-12-11 00:00:00+00:00,72.12000274658203
2024-12-11 01:00:00+00:00,72.48999786376953
2024-12-11 02:00:00+00:00,72.5999984741211
2024-12-11 03:00:00+00:00,72.58999633789062
2024-12-11 04:00:00+00:00,72.58000183105469
2024-12-11 05:00:00+00:00,72.63999938964844
2024-12-11 06:00:00+00:00,72.73999786376953
2024-12-11 07:00:00+00:00,72.3499984741211
2024-12-11 08:00:00+00:00,72.51000213623047
2024-12-11 09:00:00+00:00,72.83999633789062
2024-12-11 10:00:00+00:00,72.87000274658203
2024-12-11 11:00:00+00:00,73.0
2024-12-11 12:00:00+00:00,72.98999786376953
2024-12-11 13:00:00+00:00,72.93000030517578
2024-12-11 14:00:00+00:00,72.94999694824219
2024-12-11 15:00:00+00:00,72.91999816894531
2024-12-11 16:00:00+00:00,73.2699966430664
2024-12-11 17:00:00+00:00,73.3499984741211
2024-12-11 18:00:00+00:00,73.41000366210938
2024-12-11 19:00:00+00:00,73.66999816894531
2024-12-11 20:00:00+00:00,73.55999755859375
2024-12-11 21:00:00+00:00,73.61000061035156
2024-12-11 23:00:00+00:00,73.63999938964844
2024-12-12 00:00:00+00:00,73.63999938964844
2024-12-12 01:00:00+00:00,73.5
2024-12-12 02:00:00+00:00,73.55999755859375
2024-12-12 03:00:00+00:00,73.58000183105469
2024-12-12 04:00:00+00:00,73.62999725341797
2024-12-12 05:00:00+00:00,73.73999786376953
2024-12-12 06:00:00+00:00,73.69000244140625
2024-12-12 07:00:00+00:00,73.81999969482422
2024-12-12 08:00:00+00:00,73.91999816894531
2024-12-12 09:00:00+00:00,73.7699966430664
2024-12-12 10:00:00+00:00,73.47000122070312
2024-12-12 11:00:00+00:00,73.61000061035156
2024-12-12 12:00:00+00:00,73.52999877929688
2024-12-12 13:00:00+00:00,73.47000122070312
2024-12-12 14:00:00+00:00,72.95999908447266
2024-12-12 15:00:00+00:00,72.5999984741211
2024-12-12 16:00:00+00:00,73.01000213623047
2024-12-12 17:00:00+00:00,73.63999938964844
2024-12-12 18:00:00+00:00,73.5
2024-12-12 19:00:00+00:00,73.56999969482422
2024-12-12 20:00:00+00:00,73.5199966430664
2024-12-12 21:00:00+00:00,73.37000274658203
2024-12-12 23:00:00+00:00,73.33999633789062
2024-12-13 00:00:00+00:00,73.30999755859375
2024-12-13 01:00:00+00:00,73.31999969482422
2024-12-13 02:00:00+00:00,73.36000061035156
2024-12-13 03:00:00+00:00,73.4000015258789
2024-12-13 04:00:00+00:00,73.4800033569336
2024-12-13 05:00:00+00:00,73.41000366210938
2024-12-13 06:00:00+00:00,73.51000213623047
2024-12-13 07:00:00+00:00,73.66999816894531
2024-12-13 08:00:00+00:00,73.4000015258789
2024-12-13 09:00:00+00:00,73.79000091552734
2024-12-13 10:00:00+00:00,74.18000030517578
2024-12-13 11:00:00+00:00,74.08000183105469
2024-12-13 12:00:00+00:00,73.8499984741211
2024-12-13 13:00:00+00:00,73.70999908447266
2024-12-13 14:00:00+00:00,73.94999694824219
2024-12-13 15:00:00+00:00,74.08000183105469
2024-12-13 16:00:00+00:00,74.36000061035156
2024-12-13 17:00:00+00:00,74.36000061035156
2024-12-13 18:00:00+00:00,74.44999694824219
2024-12-13 19:00:00+00:00,74.47000122070312
2024-12-13 20:00:00+00:00,74.37000274658203
2024-12-13 21:00:00+00:00,74.3499984741211
2024-12-15 23:00:00+00:00,74.4000015258789
2024-12-16 00:00:00+00:00,74.31999969482422
2024-12-16 01:00:00+00:00,74.37999725341797
2024-12-16 02:00:00+00:00,74.2300033569336
2024-12-16 03:00:00+00:00,74.2300033569336
2024-12-16 04:00:00+00:00,74.2300033569336
2024-12-16 05:00:00+00:00,74.12999725341797
2024-12-16 06:00:00+00:00,74.20999908447266
2024-12-16 07:00:00+00:00,74.22000122070312
2024-12-16 08:00:00+00:00,73.91000366210938
2024-12-16 09:00:00+00:00,73.86000061035156
2024-12-16 10:00:00+00:00,73.8499984741211
2024-12-16 11:00:00+00:00,73.81999969482422
2024-12-16 12:00:00+00:00,73.98999786376953
2024-12-16 13:00:00+00:00,74.05000305175781
2024-12-16 14:00:00+00:00,74.0199966430664
2024-12-16 15:00:00+00:00,74.1500015258789
2024-12-16 16:00:00+00:00,73.79000091552734
2024-12-16 17:00:00+00:00,74.11000061035156
2024-12-16 18:00:00+00:00,73.9000015258789
2024-12-16 19:00:00+00:00,73.80000305175781
2024-12-16 20:00:00+00:00,73.79000091552734
2024-12-16 21:00:00+00:00,73.87000274658203
2024-12-16 23:00:00+00:00,73.87999725341797
2024-12-17 00:00:00+00:00,73.9000015258789
2024-12-17 01:00:00+00:00,73.94000244140625
2024-12-17 02:00:00+00:00,73.87999725341797
2024-12-17 03:00:00+00:00,73.83000183105469
2024-12-17 04:00:00+00:00,73.86000061035156
2024-12-17 05:00:00+00:00,74.02999877929688
2024-12-17 06:00:00+00:00,74.12000274658203
2024-12-17 07:00:00+00:00,73.91000366210938
2024-12-17 08:00:00+00:00,73.31999969482422
2024-12-17 09:00:00+00:00,73.5
2024-12-17 10:00:00+00:00,73.37000274658203
2024-12-17 11:00:00+00:00,73.19999694824219
2024-12-17 12:00:00+00:00,73.12999725341797
2024-12-17 13:00:00+00:00,73.05000305175781
2024-12-17 14:00:00+00:00,72.79000091552734
2024-12-17 15:00:00+00:00,72.52999877929688
2024-12-17 16:00:00+00:00,72.8499984741211
2024-12-17 17:00:00+00:00,73.08000183105469
2024-12-17 18:00:00+00:00,73.23999786376953
2024-12-17 19:00:00+00:00,73.27999877929688
2024-12-17 20:00:00+00:00,73.27999877929688
2024-12-17 21:00:00+00:00,73.33999633789062
2024-12-17 23:00:00+00:00,73.30999755859375
2024-12-18 00:00:00+00:00,73.27999877929688
2024-12-18 01:00:00+00:00,73.37000274658203
2024-12-18 02:00:00+00:00,73.23999786376953
2024-12-18 03:00:00+00:00,73.20999908447266
2024-12-18 04:00:00+00:00,73.27999877929688
2024-12-18 05:00:00+00:00,73.19000244140625
2024-12-18 06:00:00+00:00,73.29000091552734
2024-12-18 07:00:00+00:00,73.54000091552734
2024-12-18 08:00:00+00:00,73.58999633789062
2024-12-18 09:00:00+00:00,73.66999816894531
2024-12-18 10:00:00+00:00,73.52999877929688
2024-12-18 11:00:00+00:00,73.58999633789062
2024-12-18 12:00:00+00:00,73.83000183105469
2024-12-18 13:00:00+00:00,73.73999786376953
2024-12-18 14:00:00+00:00,73.69000244140625
2024-12-18 15:00:00+00:00,73.94000244140625
2024-12-18 16:00:00+00:00,74.05999755859375
2024-12-18 17:00:00+00:00,73.58999633789062
2024-12-18 18:00:00+00:00,73.48999786376953
2024-12-18 19:00:00+00:00,73.13999938964844
2024-12-18 20:00:00+00:00,72.83000183105469
2024-12-18 21:00:00+00:00,72.81999969482422
2024-12-18 23:00:00+00:00,72.87999725341797
2024-12-19 00:00:00+00:00,72.86000061035156
2024-12-19 01:00:00+00:00,73.0
2024-12-19 02:00:00+00:00,73.01000213623047
2024-12-19 03:00:00+00:00,73.08999633789062
2024-12-19 04:00:00+00:00,72.98999786376953
2024-12-19 05:00:00+00:00,72.94999694824219
2024-12-19 06:00:00+00:00,73.16999816894531
2024-12-19 07:00:00+00:00,72.95999908447266
2024-12-19 08:00:00+00:00,73.04000091552734
2024-12-19 09:00:00+00:00,73.37999725341797
2024-12-19 10:00:00+00:00,73.33999633789062
2024-12-19 11:00:00+00:00,73.16999816894531
2024-12-19 12:00:00+00:00,73.12000274658203
2024-12-19 13:00:00+00:00,73.69999694824219
2024-12-19 14:00:00+00:00,73.62000274658203
2024-12-19 15:00:00+00:00,73.0
2024-12-19 16:00:00+00:00,72.72000122070312
2024-12-19 17:00:00+00:00,72.80000305175781
2024-12-19 18:00:00+00:00,72.9000015258789
2024-12-19 19:00:00+00:00,72.69999694824219
2024-12-19 20:00:00+00:00,72.55000305175781
2024-12-19 21:00:00+00:00,72.62999725341797
2024-12-19 23:00:00+00:00,72.63999938964844
2024-12-20 00:00:00+00:00,72.54000091552734
2024-12-20 01:00:00+00:00,72.56999969482422
2024-12-20 02:00:00+00:00,72.4800033569336
2024-12-20 03:00:00+00:00,72.37999725341797
2024-12-20 04:00:00+00:00,72.44000244140625
2024-12-20 05:00:00+00:00,72.5
2024-12-20 06:00:00+00:00,72.54000091552734
2024-12-20 07:00:00+00:00,72.43000030517578
2024-12-20 08:00:00+00:00,72.38999938964844
2024-12-20 09:00:00+00:00,72.22000122070312
2024-12-20 10:00:00+00:00,72.11000061035156
2024-12-20 11:00:00+00:00,72.02999877929688
2024-12-20 12:00:00+00:00,72.62999725341797
2024-12-20 13:00:00+00:00,72.26000213623047
2024-12-20 14:00:00+00:00,72.08000183105469
2024-12-20 15:00:00+00:00,72.58000183105469
2024-12-20 16:00:00+00:00,72.79000091552734
2024-12-20 17:00:00+00:00,73.04000091552734
2024-12-20 18:00:00+00:00,73.08000183105469
2024-12-20 19:00:00+00:00,72.94000244140625
2024-12-20 20:00:00+00:00,72.91999816894531
2024-12-20 21:00:00+00:00,72.98999786376953
2024-12-22 23:00:00+00:00,72.98999786376953
2024-12-23 00:00:00+00:00,72.70999908447266
2024-12-23 01:00:00+00:00,72.88999938964844
2024-12-23 02:00:00+00:00,72.94999694824219
2024-12-23 03:00:00+00:00,73.30000305175781
2024-12-23 04:00:00+00:00,72.88999938964844
2024-12-23 05:00:00+00:00,72.83000183105469
2024-12-23 06:00:00+00:00,72.8499984741211
2024-12-23 07:00:00+00:00,73.13999938964844
2024-12-23 08:00:00+00:00,73.26000213623047
2024-12-23 09:00:00+00:00,72.93000030517578
2024-12-23 10:00:00+00:00,72.68000030517578
2024-12-23 11:00:00+00:00,72.25
2024-12-23 12:00:00+00:00,72.52999877929688
2024-12-23 13:00:00+00:00,72.47000122070312
2024-12-23 14:00:00+00:00,72.05000305175781
2024-12-23 15:00:00+00:00,71.76000213623047
2024-12-23 16:00:00+00:00,72.05000305175781
2024-12-23 17:00:00+00:00,72.08000183105469
2024-12-23 18:00:00+00:00,72.70999908447266
2024-12-23 19:00:00+00:00,72.83000183105469
2024-12-23 20:00:00+00:00,72.55999755859375
2024-12-23 21:00:00+00:00,72.98999786376953
2024-12-23 23:00:00+00:00,72.52999877929688
2024-12-24 00:00:00+00:00,72.55999755859375
2024-12-24 01:00:00+00:00,72.52999877929688
2024-12-24 02:00:00+00:00,72.9000015258789
2024-12-24 03:00:00+00:00,72.48999786376953
2024-12-24 04:00:00+00:00,72.62999725341797
2024-12-24 14:30:00+00:00,73.05000305175781
2024-12-24 15:30:00+00:00,73.18000030517578
2024-12-24 16:30:00+00:00,73.29000091552734
2024-12-24 17:30:00+00:00,73.48999786376953
2024-12-26 05:00:00+00:00,73.25
2024-12-26 06:00:00+00:00,73.25
2024-12-26 07:00:00+00:00,73.33999633789062
2024-12-26 08:00:00+00:00,73.44000244140625
2024-12-26 09:00:00+00:00,73.55000305175781
2024-12-26 10:00:00+00:00,73.55999755859375
2024-12-26 11:00:00+00:00,73.55999755859375
2024-12-26 12:00:00+00:00,73.56999969482422
2024-12-26 13:00:00+00:00,73.55000305175781
2024-12-26 14:00:00+00:00,73.44999694824219
2024-12-26 15:00:00+00:00,73.22000122070312
2024-12-26 16:00:00+00:00,73.54000091552734
2024-12-26 17:00:00+00:00,73.43000030517578
2024-12-26 18:00:00+00:00,72.94999694824219
2024-12-26 19:00:00+00:00,72.77999877929688
2024-12-26 20:00:00+00:00,73.16000366210938
2024-12-26 21:00:00+00:00,72.83000183105469
2024-12-26 23:00:00+00:00,72.8499984741211
2024-12-27 00:00:00+00:00,72.72000122070312
2024-12-27 01:00:00+00:00,72.83000183105469
2024-12-27 02:00:00+00:00,72.87999725341797
2024-12-27 03:00:00+00:00,72.91000366210938
2024-12-27 04:00:00+00:00,72.83000183105469
2024-12-27 05:00:00+00:00,72.80999755859375
2024-12-27 06:00:00+00:00,72.77999877929688
2024-12-27 07:00:00+00:00,73.0199966430664
2024-12-27 08:00:00+00:00,73.0
2024-12-27 09:00:00+00:00,73.04000091552734
2024-12-27 10:00:00+00:00,73.36000061035156
2024-12-27 11:00:00+00:00,73.36000061035156
2024-12-27 12:00:00+00:00,73.47000122070312
2024-12-27 13:00:00+00:00,73.52999877929688
2024-12-27 14:00:00+00:00,73.56999969482422
2024-12-27 15:00:00+00:00,73.44000244140625
2024-12-27 16:00:00+00:00,73.5199966430664
2024-12-27 17:00:00+00:00,73.5
2024-12-27 18:00:00+00:00,73.81999969482422
2024-12-27 19:00:00+00:00,73.62000274658203
2024-12-27 20:00:00+00:00,73.41999816894531
2024-12-27 21:00:00+00:00,73.41999816894531
2024-12-29 23:00:00+00:00,73.66000366210938
2024-12-30 00:00:00+00:00,73.66000366210938
2024-12-30 01:00:00+00:00,73.9000015258789
2024-12-30 02:00:00+00:00,73.81999969482422
2024-12-30 03:00:00+00:00,73.81999969482422
2024-12-30 04:00:00+00:00,73.87000274658203
2024-12-30 05:00:00+00:00,73.83000183105469
2024-12-30 06:00:00+00:00,73.70999908447266
2024-12-30 07:00:00+00:00,73.72000122070312
2024-12-30 08:00:00+00:00,73.41000366210938
2024-12-30 09:00:00+00:00,73.70999908447266
2024-12-30 10:00:00+00:00,73.62000274658203
2024-12-30 11:00:00+00:00,73.87000274658203
2024-12-30 12:00:00+00:00,73.97000122070312
2024-12-30 13:00:00+00:00,74.05999755859375
2024-12-30 14:00:00+00:00,74.2699966430664
2024-12-30 15:00:00+00:00,74.29000091552734
2024-12-30 16:00:00+00:00,74.25
2024-12-30 17:00:00+00:00,74.30999755859375
2024-12-30 18:00:00+00:00,74.11000061035156
2024-12-30 19:00:00+00:00,74.02999877929688
2024-12-30 20:00:00+00:00,74.08000183105469
2024-12-30 21:00:00+00:00,74.0999984741211
2024-12-30 23:00:00+00:00,74.18000030517578
2024-12-31 00:00:00+00:00,74.22000122070312
2024-12-31 01:00:00+00:00,74.4800033569336
2024-12-31 02:00:00+00:00,74.37999725341797
2024-12-31 03:00:00+00:00,74.29000091552734
2024-12-31 04:00:00+00:00,74.62000274658203
2024-12-31 05:00:00+00:00,74.58999633789062
2024-12-31 06:00:00+00:00,74.69999694824219
2024-12-31 07:00:00+00:00,74.54000091552734
2024-12-31 08:00:00+00:00,74.4800033569336
2024-12-31 09:00:00+00:00,74.33999633789062
2024-12-31 10:00:00+00:00,74.44000244140625
2024-12-31 11:00:00+00:00,74.52999877929688
2024-12-31 12:00:00+00:00,73.94000244140625
2024-12-31 13:00:00+00:00,74.06999969482422
2024-12-31 14:00:00+00:00,74.48999786376953
2024-12-31 15:00:00+00:00,74.62000274658203
2024-12-31 16:00:00+00:00,74.6500015258789
2024-12-31 17:00:00+00:00,74.72000122070312
2024-12-31 18:00:00+00:00,74.70999908447266
2024-12-31 19:00:00+00:00,74.83000183105469
2024-12-31 20:00:00+00:00,74.75
2024-12-31 21:00:00+00:00,74.80000305175781
2025-01-02 05:00:00+00:00,74.83000183105469
2025-01-02 06:00:00+00:00,74.87000274658203
2025-01-02 07:00:00+00:00,74.87999725341797
2025-01-02 08:00:00+00:00,74.87999725341797
2025-01-02 09:00:00+00:00,75.33999633789062
2025-01-02 10:00:00+00:00,75.68000030517578
2025-01-02 11:00:00+00:00,75.73999786376953
2025-01-02 12:00:00+00:00,75.72000122070312
2025-01-02 13:00:00+00:00,75.75
2025-01-02 14:00:00+00:00,76.25
2025-01-02 15:00:00+00:00,76.30000305175781
2025-01-02 16:00:00+00:00,76.38999938964844
2025-01-02 17:00:00+00:00,76.13999938964844
2025-01-02 18:00:00+00:00,75.9800033569336
2025-01-02 19:00:00+00:00,76.01000213623047
2025-01-02 20:00:00+00:00,75.88999938964844
2025-01-02 21:00:00+00:00,75.9000015258789
2025-01-02 23:00:00+00:00,75.91000366210938
2025-01-03 00:00:00+00:00,75.97000122070312
2025-01-03 01:00:00+00:00,76.05000305175781
2025-01-03 02:00:00+00:00,76.06999969482422
2025-01-03 03:00:00+00:00,76.16000366210938
2025-01-03 04:00:00+00:00,76.12000274658203
2025-01-03 05:00:00+00:00,76.02999877929688
2025-01-03 06:00:00+00:00,75.94000244140625
2025-01-03 07:00:00+00:00,75.88999938964844
2025-01-03 08:00:00+00:00,75.7699966430664
2025-01-03 09:00:00+00:00,75.62999725341797
2025-01-03 10:00:00+00:00,75.5999984741211
2025-01-03 11:00:00+00:00,75.80999755859375
2025-01-03 12:00:00+00:00,75.86000061035156
2025-01-03 13:00:00+00:00,76.18000030517578
2025-01-03 14:00:00+00:00,76.16000366210938
2025-01-03 15:00:00+00:00,76.4000015258789
2025-01-03 16:00:00+00:00,76.52999877929688
2025-01-03 17:00:00+00:00,76.68000030517578
2025-01-03 18:00:00+00:00,76.55999755859375
2025-01-03 19:00:00+00:00,76.63999938964844
2025-01-03 20:00:00+00:00,76.58000183105469
2025-01-03 21:00:00+00:00,76.58999633789062
2025-01-05 23:00:00+00:00,76.66999816894531
2025-01-06 00:00:00+00:00,76.44999694824219
2025-01-06 01:00:00+00:00,76.68000030517578
2025-01-06 02:00:00+00:00,76.48999786376953
2025-01-06 03:00:00+00:00,76.33999633789062
2025-01-06 04:00:00+00:00,76.19000244140625
2025-01-06 05:00:00+00:00,76.22000122070312
2025-01-06 06:00:00+00:00,76.27999877929688
2025-01-06 07:00:00+00:00,76.2300033569336
2025-01-06 08:00:00+00:00,76.2300033569336
2025-01-06 09:00:00+00:00,76.31999969482422
2025-01-06 10:00:00+00:00,76.48999786376953
2025-01-06 11:00:00+00:00,76.77999877929688
2025-01-06 12:00:00+00:00,76.98999786376953
2025-01-06 13:00:00+00:00,76.83000183105469
2025-01-06 14:00:00+00:00,77.36000061035156
2025-01-06 15:00:00+00:00,76.72000122070312
2025-01-06 16:00:00+00:00,76.81999969482422
2025-01-06 17:00:00+00:00,76.29000091552734
2025-01-06 18:00:00+00:00,76.0999984741211
2025-01-06 19:00:00+00:00,76.26000213623047
2025-01-06 20:00:00+00:00,76.22000122070312
2025-01-06 21:00:00+00:00,76.20999908447266
2025-01-06 23:00:00+00:00,76.11000061035156
2025-01-07 00:00:00+00:00,76.12999725341797
2025-01-07 01:00:00+00:00,76.18000030517578
2025-01-07 02:00:00+00:00,76.20999908447266
2025-01-07 03:00:00+00:00,76.18000030517578
2025-01-07 04:00:00+00:00,76.2300033569336
2025-01-07 05:00:00+00:00,76.30999755859375
2025-01-07 06:00:00+00:00,76.23999786376953
2025-01-07 07:00:00+00:00,76.06999969482422
2025-01-07 08:00:00+00:00,75.93000030517578
2025-01-07 09:00:00+00:00,76.37000274658203
2025-01-07 10:00:00+00:00,76.69999694824219
2025-01-07 11:00:00+00:00,77.05000305175781
2025-01-07 12:00:00+00:00,76.93000030517578
2025-01-07 13:00:00+00:00,76.88999938964844
2025-01-07 14:00:00+00:00,77.04000091552734
2025-01-07 15:00:00+00:00,77.05000305175781
2025-01-07 16:00:00+00:00,76.88999938964844
2025-01-07 17:00:00+00:00,77.11000061035156
2025-01-07 18:00:00+00:00,77.05999755859375
2025-01-07 19:00:00+00:00,77.19999694824219
2025-01-07 20:00:00+00:00,77.05999755859375
2025-01-07 21:00:00+00:00,77.1500015258789
2025-01-07 23:00:00+00:00,77.38999938964844
2025-01-08 00:00:00+00:00,77.3499984741211
2025-01-08 01:00:00+00:00,77.4000015258789
2025-01-08 02:00:00+00:00,77.30000305175781
2025-01-08 03:00:00+00:00,77.27999877929688
2025-01-08 04:00:00+00:00,77.31999969482422
2025-01-08 05:00:00+00:00,77.56999969482422
2025-01-08 06:00:00+00:00,77.38999938964844
2025-01-08 07:00:00+00:00,77.52999877929688
2025-01-08 08:00:00+00:00,77.86000061035156
2025-01-08 09:00:00+00:00,77.73999786376953
2025-01-08 10:00:00+00:00,77.06999969482422
2025-01-08 11:00:00+00:00,77.31999969482422
2025-01-08 12:00:00+00:00,77.38999938964844
2025-01-08 13:00:00+00:00,77.25
2025-01-08 14:00:00+00:00,77.16999816894531
2025-01-08 15:00:00+00:00,76.77999877929688
2025-01-08 16:00:00+00:00,76.19000244140625
2025-01-08 17:00:00+00:00,76.16999816894531
2025-01-08 18:00:00+00:00,76.08000183105469
2025-01-08 19:00:00+00:00,76.2699966430664
2025-01-08 20:00:00+00:00,76.2300033569336
2025-01-08 21:00:00+00:00,76.18000030517578
2025-01-08 23:00:00+00:00,76.12000274658203
2025-01-09 00:00:00+00:00,76.16000366210938
2025-01-09 01:00:00+00:00,75.79000091552734
2025-01-09 02:00:00+00:00,75.95999908447266
2025-01-09 03:00:00+00:00,76.06999969482422
2025-01-09 04:00:00+00:00,76.05000305175781
2025-01-09 05:00:00+00:00,76.19999694824219
2025-01-09 06:00:00+00:00,76.25
2025-01-09 07:00:00+00:00,75.98999786376953
2025-01-09 08:00:00+00:00,76.0199966430664
2025-01-09 09:00:00+00:00,76.16000366210938
2025-01-09 10:00:00+00:00,76.29000091552734
2025-01-09 11:00:00+00:00,76.36000061035156
2025-01-09 12:00:00+00:00,76.55000305175781
2025-01-09 13:00:00+00:00,76.54000091552734
2025-01-09 14:00:00+00:00,76.58000183105469
2025-01-09 15:00:00+00:00,76.93000030517578
2025-01-09 16:00:00+00:00,77.05000305175781
2025-01-09 17:00:00+00:00,77.0999984741211
2025-01-09 18:00:00+00:00,76.98999786376953
2025-01-09 19:00:00+00:00,77.20999908447266
2025-01-09 20:00:00+00:00,77.20999908447266
2025-01-09 21:00:00+00:00,77.23999786376953
2025-01-09 23:00:00+00:00,77.22000122070312
2025-01-10 00:00:00+00:00,77.23999786376953
2025-01-10 01:00:00+00:00,77.08999633789062
2025-01-10 02:00:00+00:00,77.11000061035156
2025-01-10 03:00:00+00:00,77.08999633789062
2025-01-10 04:00:00+00:00,77.23999786376953
2025-01-10 05:00:00+00:00,77.33999633789062
2025-01-10 06:00:00+00:00,77.37000274658203
2025-01-10 07:00:00+00:00,77.56999969482422
2025-01-10 08:00:00+00:00,77.9800033569336
2025-01-10 09:00:00+00:00,78.7300033569336
2025-01-10 10:00:00+00:00,78.80999755859375
2025-01-10 11:00:00+00:00,79.5
2025-01-10 12:00:00+00:00,79.69999694824219
2025-01-10 13:00:00+00:00,79.86000061035156
2025-01-10 14:00:00+00:00,80.05000305175781
2025-01-10 15:00:00+00:00,78.87999725341797
2025-01-10 16:00:00+00:00,79.20999908447266
2025-01-10 17:00:00+00:00,79.44000244140625
2025-01-10 18:00:00+00:00,79.58000183105469
2025-01-10 19:00:00+00:00,79.6500015258789
2025-01-10 20:00:00+00:00,79.69999694824219
2025-01-10 21:00:00+00:00,79.68000030517578
2025-01-12 23:00:00+00:00,81.18000030517578
2025-01-13 00:00:00+00:00,81.33999633789062
2025-01-13 01:00:00+00:00,81.18000030517578
2025-01-13 02:00:00+00:00,81.04000091552734
2025-01-13 03:00:00+00:00,80.98999786376953
2025-01-13 04:00:00+00:00,81.23999786376953
2025-01-13 05:00:00+00:00,81.30000305175781
2025-01-13 06:00:00+00:00,81.2300033569336
2025-01-13 07:00:00+00:00,80.94000244140625
2025-01-13 08:00:00+00:00,81.48999786376953
2025-01-13 09:00:00+00:00,80.5999984741211
2025-01-13 10:00:00+00:00,81.08999633789062
2025-01-13 11:00:00+00:00,81.1500015258789
2025-01-13 12:00:00+00:00,81.13999938964844
2025-01-13 13:00:00+00:00,80.76000213623047
2025-01-13 14:00:00+00:00,80.6500015258789
2025-01-13 15:00:00+00:00,81.05999755859375
2025-01-13 16:00:00+00:00,81.27999877929688
2025-01-13 17:00:00+00:00,81.19000244140625
2025-01-13 18:00:00+00:00,80.87999725341797
2025-01-13 19:00:00+00:00,81.08999633789062
2025-01-13 20:00:00+00:00,80.83000183105469
2025-01-13 21:00:00+00:00,80.87000274658203
2025-01-13 23:00:00+00:00,80.94999694824219
2025-01-14 00:00:00+00:00,80.88999938964844
2025-01-14 01:00:00+00:00,80.77999877929688
2025-01-14 02:00:00+00:00,80.58999633789062
2025-01-14 03:00:00+00:00,80.75
2025-01-14 04:00:00+00:00,80.56999969482422
2025-01-14 05:00:00+00:00,80.55999755859375
2025-01-14 06:00:00+00:00,80.4800033569336
2025-01-14 07:00:00+00:00,80.41000366210938
2025-01-14 08:00:00+00:00,80.73999786376953
2025-01-14 09:00:00+00:00,81.08000183105469
2025-01-14 10:00:00+00:00,80.36000061035156
2025-01-14 11:00:00+00:00,80.86000061035156
2025-01-14 12:00:00+00:00,80.5199966430664
2025-01-14 13:00:00+00:00,80.52999877929688
2025-01-14 14:00:00+00:00,80.08999633789062
2025-01-14 15:00:00+00:00,80.36000061035156
2025-01-14 16:00:00+00:00,80.22000122070312
2025-01-14 17:00:00+00:00,80.19999694824219
2025-01-14 18:00:00+00:00,80.05000305175781
2025-01-14 19:00:00+00:00,79.97000122070312
2025-01-14 20:00:00+00:00,80.16000366210938
2025-01-14 21:00:00+00:00,80.36000061035156
2025-01-14 23:00:00+00:00,80.25
2025-01-15 00:00:00+00:00,80.22000122070312
2025-01-15 01:00:00+00:00,79.9800033569336
2025-01-15 02:00:00+00:00,79.87000274658203
2025-01-15 03:00:00+00:00,79.91000366210938
2025-01-15 04:00:00+00:00,80.12999725341797
2025-01-15 05:00:00+00:00,80.19000244140625
2025-01-15 06:00:00+00:00,80.37999725341797
2025-01-15 07:00:00+00:00,80.33999633789062
2025-01-15 08:00:00+00:00,79.94000244140625
2025-01-15 09:00:00+00:00,80.06999969482422
2025-01-15 10:00:00+00:00,80.0
2025-01-15 11:00:00+00:00,80.0999984741211
2025-01-15 12:00:00+00:00,80.20999908447266
2025-01-15 13:00:00+00:00,80.4800033569336
2025-01-15 14:00:00+00:00,81.05000305175781
2025-01-15 15:00:00+00:00,80.73999786376953
2025-01-15 16:00:00+00:00,81.44999694824219
2025-01-15 17:00:00+00:00,81.62999725341797
2025-01-15 18:00:00+00:00,81.81999969482422
2025-01-15 19:00:00+00:00,82.37999725341797
2025-01-15 20:00:00+00:00,82.48999786376953
2025-01-15 21:00:00+00:00,82.51000213623047
2025-01-15 23:00:00+00:00,82.41000366210938
2025-01-16 00:00:00+00:00,82.38999938964844
2025-01-16 01:00:00+00:00,82.12999725341797
2025-01-16 02:00:00+00:00,82.30000305175781
2025-01-16 03:00:00+00:00,82.37999725341797
2025-01-16 04:00:00+00:00,82.25
2025-01-16 05:00:00+00:00,82.05000305175781
2025-01-16 06:00:00+00:00,82.23999786376953
2025-01-16 07:00:00+00:00,82.16000366210938
2025-01-16 08:00:00+00:00,81.87999725341797
2025-01-16 09:00:00+00:00,81.93000030517578
2025-01-16 10:00:00+00:00,81.66999816894531
2025-01-16 11:00:00+00:00,81.13999938964844
2025-01-16 12:00:00+00:00,81.4000015258789
2025-01-16 13:00:00+00:00,81.88999938964844
2025-01-16 14:00:00+00:00,81.68000030517578
2025-01-16 15:00:00+00:00,81.30999755859375
2025-01-16 16:00:00+00:00,80.97000122070312
2025-01-16 17:00:00+00:00,81.44000244140625
2025-01-16 18:00:00+00:00,81.0199966430664
2025-01-16 19:00:00+00:00,81.38999938964844
2025-01-16 20:00:00+00:00,81.33000183105469
2025-01-16 21:00:00+00:00,81.33000183105469
2025-01-16 23:00:00+00:00,81.37000274658203
2025-01-17 00:00:00+00:00,81.43000030517578
2025-01-17 01:00:00+00:00,81.55999755859375
2025-01-17 02:00:00+00:00,81.61000061035156
2025-01-17 03:00:00+00:00,81.62000274658203
2025-01-17 04:00:00+00:00,81.7699966430664
2025-01-17 05:00:00+00:00,81.6500015258789
2025-01-17 06:00:00+00:00,81.58999633789062
2025-01-17 07:00:00+00:00,81.76000213623047
2025-01-17 08:00:00+00:00,81.62999725341797
2025-01-17 09:00:00+00:00,81.55000305175781
2025-01-17 10:00:00+00:00,81.52999877929688
2025-01-17 11:00:00+00:00,81.29000091552734
2025-01-17 12:00:00+00:00,81.12999725341797
2025-01-17 13:00:00+00:00,80.83000183105469
2025-01-17 14:00:00+00:00,81.02999877929688
2025-01-17 15:00:00+00:00,80.63999938964844
2025-01-17 16:00:00+00:00,81.2300033569336
2025-01-17 17:00:00+00:00,80.9800033569336
2025-01-17 18:00:00+00:00,80.91000366210938
2025-01-17 19:00:00+00:00,80.69999694824219
2025-01-17 20:00:00+00:00,80.76000213623047
2025-01-17 21:00:00+00:00,80.75
2025-01-19 23:00:00+00:00,81.01000213623047
2025-01-20 00:00:00+00:00,81.02999877929688
2025-01-20 01:00:00+00:00,80.8499984741211
2025-01-20 02:00:00+00:00,80.68000030517578
2025-01-20 03:00:00+00:00,80.76000213623047
2025-01-20 04:00:00+00:00,80.62999725341797
2025-01-21 05:00:00+00:00,80.08999633789062
2025-01-21 06:00:00+00:00,79.8499984741211
2025-01-21 07:00:00+00:00,79.80999755859375
2025-01-21 08:00:00+00:00,79.44000244140625
2025-01-21 09:00:00+00:00,79.33999633789062
2025-01-21 10:00:00+00:00,78.94000244140625
2025-01-21 11:00:00+00:00,78.5999984741211
2025-01-21 12:00:00+00:00,78.97000122070312
2025-01-21 13:00:00+00:00,78.48999786376953
2025-01-21 14:00:00+00:00,79.11000061035156
2025-01-21 15:00:00+00:00,79.37000274658203
2025-01-21 16:00:00+00:00,79.2699966430664
2025-01-21 17:00:00+00:00,79.11000061035156
2025-01-21 18:00:00+00:00,79.1500015258789
2025-01-21 19:00:00+00:00,79.5
2025-01-21 20:00:00+00:00,79.5199966430664
2025-01-21 21:00:00+00:00,79.38999938964844
2025-01-21 23:00:00+00:00,79.23999786376953
2025-01-22 00:00:00+00:00,79.33999633789062
2025-01-22 01:00:00+00:00,79.29000091552734
2025-01-22 02:00:00+00:00,79.25
2025-01-22 03:00:00+00:00,79.26000213623047
2025-01-22 04:00:00+00:00,79.36000061035156
2025-01-22 05:00:00+00:00,79.23999786376953
2025-01-22 06:00:00+00:00,78.95999908447266
2025-01-22 07:00:00+00:00,79.01000213623047
2025-01-22 08:00:00+00:00,79.30000305175781
2025-01-22 09:00:00+00:00,79.66000366210938
2025-01-22 10:00:00+00:00,79.80000305175781
2025-01-22 11:00:00+00:00,78.58000183105469
2025-01-22 12:00:00+00:00,78.41000366210938
2025-01-22 13:00:00+00:00,79.37999725341797
2025-01-22 14:00:00+00:00,78.88999938964844
2025-01-22 15:00:00+00:00,79.1500015258789
2025-01-22 16:00:00+00:00,79.31999969482422
2025-01-22 17:00:00+00:00,78.54000091552734
2025-01-22 18:00:00+00:00,79.11000061035156
2025-01-22 19:00:00+00:00,78.98999786376953
2025-01-22 20:00:00+00:00,78.97000122070312
2025-01-22 21:00:00+00:00,78.94000244140625
2025-01-22 23:00:00+00:00,78.73999786376953
2025-01-23 00:00:00+00:00,77.94999694824219
2025-01-23 01:00:00+00:00,77.94000244140625
2025-01-23 02:00:00+00:00,78.77999877929688
2025-01-23 03:00:00+00:00,78.73999786376953
2025-01-23 04:00:00+00:00,78.69999694824219
2025-01-23 05:00:00+00:00,77.88999938964844
2025-01-23 06:00:00+00:00,77.79000091552734
2025-01-23 07:00:00+00:00,78.86000061035156
2025-01-23 08:00:00+00:00,79.11000061035156
2025-01-23 09:00:00+00:00,78.08999633789062
2025-01-23 10:00:00+00:00,79.06999969482422
2025-01-23 11:00:00+00:00,79.38999938964844
2025-01-23 12:00:00+00:00,79.31999969482422
2025-01-23 13:00:00+00:00,78.37999725341797
2025-01-23 14:00:00+00:00,78.73999786376953
2025-01-23 15:00:00+00:00,78.5199966430664
2025-01-23 16:00:00+00:00,77.66000366210938
2025-01-23 17:00:00+00:00,78.72000122070312
2025-01-23 18:00:00+00:00,78.36000061035156
2025-01-23 19:00:00+00:00,77.41999816894531
2025-01-23 20:00:00+00:00,77.19999694824219
2025-01-23 21:00:00+00:00,77.19999694824219
2025-01-23 23:00:00+00:00,77.8499984741211
2025-01-24 00:00:00+00:00,77.87999725341797
2025-01-24 01:00:00+00:00,78.02999877929688
2025-01-24 02:00:00+00:00,78.27999877929688
2025-01-24 03:00:00+00:00,77.41999816894531
2025-01-24 04:00:00+00:00,77.5
2025-01-24 05:00:00+00:00,78.25
2025-01-24 06:00:00+00:00,77.47000122070312
2025-01-24 07:00:00+00:00,78.36000061035156
2025-01-24 08:00:00+00:00,77.52999877929688
2025-01-24 09:00:00+00:00,77.75
2025-01-24 10:00:00+00:00,77.9000015258789
2025-01-24 11:00:00+00:00,77.79000091552734
2025-01-24 12:00:00+00:00,77.87999725341797
2025-01-24 13:00:00+00:00,78.55999755859375
2025-01-24 14:00:00+00:00,78.22000122070312
2025-01-24 15:00:00+00:00,78.04000091552734
2025-01-24 16:00:00+00:00,78.05000305175781
2025-01-24 17:00:00+00:00,78.19999694824219
2025-01-24 18:00:00+00:00,77.66000366210938
2025-01-24 19:00:00+00:00,77.52999877929688
2025-01-24 20:00:00+00:00,77.47000122070312
2025-01-24 21:00:00+00:00,77.45999908447266
2025-01-26 23:00:00+00:00,77.02999877929688
2025-01-27 00:00:00+00:00,77.69000244140625
2025-01-27 01:00:00+00:00,77.62999725341797
2025-01-27 02:00:00+00:00,77.91999816894531
2025-01-27 03:00:00+00:00,77.06999969482422
2025-01-27 04:00:00+00:00,77.93000030517578
2025-01-27 05:00:00+00:00,76.83000183105469
2025-01-27 06:00:00+00:00,78.02999877929688
2025-01-27 07:00:00+00:00,77.05000305175781
2025-01-27 08:00:00+00:00,77.38999938964844
2025-01-27 09:00:00+00:00,78.61000061035156
2025-01-27 10:00:00+00:00,77.58000183105469
2025-01-27 11:00:00+00:00,77.12999725341797
2025-01-27 12:00:00+00:00,76.93000030517578
2025-01-27 13:00:00+00:00,78.22000122070312
2025-01-27 14:00:00+00:00,78.33999633789062
2025-01-27 15:00:00+00:00,76.48999786376953
2025-01-27 16:00:00+00:00,75.73999786376953
2025-01-27 17:00:00+00:00,76.47000122070312
2025-01-27 18:00:00+00:00,76.0199966430664
2025-01-27 19:00:00+00:00,76.02999877929688
2025-01-27 20:00:00+00:00,76.08000183105469
2025-01-27 21:00:00+00:00,76.95999908447266
2025-01-27 23:00:00+00:00,76.12999725341797
2025-01-28 00:00:00+00:00,76.9800033569336
2025-01-28 01:00:00+00:00,77.16000366210938
2025-01-28 02:00:00+00:00,76.2699966430664
2025-01-28 03:00:00+00:00,76.22000122070312
2025-01-28 04:00:00+00:00,77.30000305175781
2025-01-28 05:00:00+00:00,77.44999694824219
2025-01-28 06:00:00+00:00,76.5
2025-01-28 07:00:00+00:00,77.83999633789062
2025-01-28 08:00:00+00:00,77.61000061035156
2025-01-28 09:00:00+00:00,76.43000030517578
2025-01-28 10:00:00+00:00,77.66000366210938
2025-01-28 11:00:00+00:00,77.68000030517578
2025-01-28 12:00:00+00:00,76.66000366210938
2025-01-28 13:00:00+00:00,76.75
2025-01-28 14:00:00+00:00,77.41000366210938
2025-01-28 15:00:00+00:00,76.19000244140625
2025-01-28 16:00:00+00:00,76.97000122070312
2025-01-28 17:00:00+00:00,75.98999786376953
2025-01-28 18:00:00+00:00,76.5
2025-01-28 19:00:00+00:00,76.51000213623047
2025-01-28 20:00:00+00:00,76.55000305175781
2025-01-28 21:00:00+00:00,76.58000183105469
2025-01-28 23:00:00+00:00,76.4800033569336
2025-01-29 00:00:00+00:00,77.58000183105469
2025-01-29 01:00:00+00:00,76.41999816894531
2025-01-29 02:00:00+00:00,76.33000183105469
2025-01-29 03:00:00+00:00,76.33999633789062
2025-01-29 04:00:00+00:00,76.29000091552734
2025-01-29 05:00:00+00:00,76.25
2025-01-29 06:00:00+00:00,76.37000274658203
2025-01-29 07:00:00+00:00,76.45999908447266
2025-01-29 08:00:00+00:00,76.13999938964844
2025-01-29 09:00:00+00:00,75.77999877929688
2025-01-29 10:00:00+00:00,75.72000122070312
2025-01-29 11:00:00+00:00,76.81999969482422
2025-01-29 12:00:00+00:00,76.22000122070312
2025-01-29 13:00:00+00:00,76.05999755859375
2025-01-29 14:00:00+00:00,76.12999725341797
2025-01-29 15:00:00+00:00,76.33000183105469
2025-01-29 16:00:00+00:00,76.31999969482422
2025-01-29 17:00:00+00:00,75.56999969482422
2025-01-29 18:00:00+00:00,76.8499984741211
2025-01-29 19:00:00+00:00,75.80000305175781
2025-01-29 20:00:00+00:00,75.81999969482422
2025-01-29 21:00:00+00:00,75.86000061035156
2025-01-29 23:00:00+00:00,76.77999877929688
2025-01-30 00:00:00+00:00,75.7300033569336
2025-01-30 01:00:00+00:00,75.77999877929688
2025-01-30 02:00:00+00:00,75.55000305175781
2025-01-30 03:00:00+00:00,75.56999969482422
2025-01-30 04:00:00+00:00,75.41999816894531
2025-01-30 05:00:00+00:00,75.52999877929688
2025-01-30 06:00:00+00:00,75.56999969482422
2025-01-30 07:00:00+00:00,75.4800033569336
2025-01-30 08:00:00+00:00,75.29000091552734
2025-01-30 09:00:00+00:00,75.06999969482422
2025-01-30 10:00:00+00:00,75.4800033569336
2025-01-30 11:00:00+00:00,75.56999969482422
2025-01-30 12:00:00+00:00,75.69000244140625
2025-01-30 13:00:00+00:00,75.37000274658203
2025-01-30 14:00:00+00:00,75.88999938964844
2025-01-30 15:00:00+00:00,76.33999633789062
2025-01-30 16:00:00+00:00,75.87999725341797
2025-01-30 17:00:00+00:00,75.8499984741211
2025-01-30 18:00:00+00:00,75.91000366210938
2025-01-30 19:00:00+00:00,75.97000122070312
2025-01-30 20:00:00+00:00,75.91000366210938
2025-01-30 21:00:00+00:00,76.16999816894531
2025-01-30 23:00:00+00:00,76.05999755859375
2025-01-31 00:00:00+00:00,76.1500015258789
2025-01-31 01:00:00+00:00,76.18000030517578
2025-01-31 02:00:00+00:00,76.33999633789062
2025-01-31 03:00:00+00:00,76.4000015258789
2025-01-31 04:00:00+00:00,76.36000061035156
2025-01-31 05:00:00+00:00,76.30000305175781
2025-01-31 06:00:00+00:00,76.2699966430664
2025-01-31 07:00:00+00:00,75.9800033569336
2025-01-31 08:00:00+00:00,76.06999969482422
2025-01-31 09:00:00+00:00,75.72000122070312
2025-01-31 10:00:00+00:00,75.66000366210938
2025-01-31 11:00:00+00:00,75.69000244140625
2025-01-31 12:00:00+00:00,75.97000122070312
2025-01-31 13:00:00+00:00,75.94999694824219
2025-01-31 14:00:00+00:00,75.2300033569336
2025-01-31 15:00:00+00:00,75.69000244140625
2025-01-31 16:00:00+00:00,75.97000122070312
2025-01-31 17:00:00+00:00,75.51000213623047
2025-01-31 18:00:00+00:00,76.23999786376953
2025-01-31 19:00:00+00:00,75.5
2025-01-31 20:00:00+00:00,76.12999725341797
2025-01-31 21:00:00+00:00,76.4000015258789
2025-02-02 23:00:00+00:00,76.37000274658203
2025-02-03 00:00:00+00:00,76.08000183105469
2025-02-03 01:00:00+00:00,76.0999984741211
2025-02-03 02:00:00+00:00,75.97000122070312
2025-02-03 03:00:00+00:00,76.19000244140625
2025-02-03 04:00:00+00:00,76.37000274658203
2025-02-03 05:00:00+00:00,76.44000244140625
2025-02-03 06:00:00+00:00,76.38999938964844
2025-02-03 07:00:00+00:00,76.45999908447266
2025-02-03 08:00:00+00:00,76.47000122070312
2025-02-03 09:00:00+00:00,76.5999984741211
2025-02-03 10:00:00+00:00,76.62000274658203
2025-02-03 11:00:00+00:00,77.0199966430664
2025-02-03 12:00:00+00:00,76.94999694824219
2025-02-03 13:00:00+00:00,77.04000091552734
2025-02-03 14:00:00+00:00,75.93000030517578
2025-02-03 15:00:00+00:00,75.41999816894531
2025-02-03 16:00:00+00:00,75.5
2025-02-03 17:00:00+00:00,75.4800033569336
2025-02-03 18:00:00+00:00,75.7699966430664
2025-02-03 19:00:00+00:00,75.94999694824219
2025-02-03 20:00:00+00:00,75.80000305175781
2025-02-03 21:00:00+00:00,75.51000213623047
2025-02-03 23:00:00+00:00,75.54000091552734
2025-02-04 00:00:00+00:00,75.37999725341797
2025-02-04 01:00:00+00:00,75.43000030517578
2025-02-04 02:00:00+00:00,75.4800033569336
2025-02-04 03:00:00+00:00,75.52999877929688
2025-02-04 04:00:00+00:00,75.44000244140625
2025-02-04 05:00:00+00:00,75.06999969482422
2025-02-04 06:00:00+00:00,75.23999786376953
2025-02-04 07:00:00+00:00,75.2300033569336
2025-02-04 08:00:00+00:00,74.81999969482422
2025-02-04 09:00:00+00:00,75.0999984741211
2025-02-04 10:00:00+00:00,75.27999877929688
2025-02-04 11:00:00+00:00,75.13999938964844
2025-02-04 12:00:00+00:00,74.93000030517578
2025-02-04 13:00:00+00:00,74.55999755859375
2025-02-04 14:00:00+00:00,76.1500015258789
2025-02-04 15:00:00+00:00,76.01000213623047
2025-02-04 16:00:00+00:00,76.33999633789062
2025-02-04 17:00:00+00:00,76.13999938964844
2025-02-04 18:00:00+00:00,76.47000122070312
2025-02-04 19:00:00+00:00,75.95999908447266
2025-02-04 20:00:00+00:00,75.95999908447266
2025-02-04 21:00:00+00:00,76.08999633789062
2025-02-04 23:00:00+00:00,75.98999786376953
2025-02-05 00:00:00+00:00,76.13999938964844
2025-02-05 01:00:00+00:00,76.06999969482422
2025-02-05 02:00:00+00:00,75.83000183105469
2025-02-05 03:00:00+00:00,75.87000274658203
2025-02-05 04:00:00+00:00,75.80000305175781
2025-02-05 05:00:00+00:00,76.02999877929688
2025-02-05 06:00:00+00:00,76.04000091552734
2025-02-05 07:00:00+00:00,75.95999908447266
2025-02-05 08:00:00+00:00,75.68000030517578
2025-02-05 09:00:00+00:00,75.69000244140625
2025-02-05 10:00:00+00:00,75.55000305175781
2025-02-05 11:00:00+00:00,75.30999755859375
2025-02-05 12:00:00+00:00,75.19999694824219
2025-02-05 13:00:00+00:00,75.37000274658203
2025-02-05 14:00:00+00:00,75.22000122070312
2025-02-05 15:00:00+00:00,75.05000305175781
2025-02-05 16:00:00+00:00,74.6500015258789
2025-02-05 17:00:00+00:00,74.80000305175781
2025-02-05 18:00:00+00:00,74.66000366210938
2025-02-05 19:00:00+00:00,74.69999694824219
2025-02-05 20:00:00+00:00,74.7300033569336
2025-02-05 21:00:00+00:00,74.6500015258789
2025-02-05 23:00:00+00:00,74.69999694824219
2025-02-06 00:00:00+00:00,74.75
2025-02-06 01:00:00+00:00,74.7300033569336
2025-02-06 02:00:00+00:00,74.80999755859375
2025-02-06 03:00:00+00:00,74.70999908447266
2025-02-06 04:00:00+00:00,74.66999816894531
2025-02-06 05:00:00+00:00,74.8499984741211
2025-02-06 06:00:00+00:00,74.77999877929688
2025-02-06 07:00:00+00:00,74.69000244140625
2025-02-06 08:00:00+00:00,74.83000183105469
2025-02-06 09:00:00+00:00,74.91999816894531
2025-02-06 10:00:00+00:00,75.19000244140625
2025-02-06 11:00:00+00:00,74.93000030517578
2025-02-06 12:00:00+00:00,74.91999816894531
2025-02-06 13:00:00+00:00,75.13999938964844
2025-02-06 14:00:00+00:00,74.30999755859375
2025-02-06 15:00:00+00:00,74.8499984741211
2025-02-06 16:00:00+00:00,74.69000244140625
2025-02-06 17:00:00+00:00,74.30000305175781
2025-02-06 18:00:00+00:00,74.11000061035156
2025-02-06 19:00:00+00:00,74.23999786376953
2025-02-06 20:00:00+00:00,74.29000091552734
2025-02-06 21:00:00+00:00,74.22000122070312
2025-02-06 23:00:00+00:00,74.23999786376953
2025-02-07 00:00:00+00:00,74.30999755859375
2025-02-07 01:00:00+00:00,74.4800033569336
2025-02-07 02:00:00+00:00,74.62999725341797
2025-02-07 03:00:00+00:00,74.62000274658203
2025-02-07 04:00:00+00:00,74.58000183105469
2025-02-07 05:00:00+00:00,74.62999725341797
2025-02-07 06:00:00+00:00,74.7699966430664
2025-02-07 07:00:00+00:00,74.72000122070312
2025-02-07 08:00:00+00:00,74.9800033569336
2025-02-07 09:00:00+00:00,74.91999816894531
2025-02-07 10:00:00+00:00,74.93000030517578
2025-02-07 11:00:00+00:00,74.76000213623047
2025-02-07 12:00:00+00:00,74.70999908447266
2025-02-07 13:00:00+00:00,74.69999694824219
2025-02-07 14:00:00+00:00,74.79000091552734
2025-02-07 15:00:00+00:00,74.61000061035156
2025-02-07 16:00:00+00:00,74.33000183105469
2025-02-07 17:00:00+00:00,74.6500015258789
2025-02-07 18:00:00+00:00,74.56999969482422
2025-02-07 19:00:00+00:00,74.62999725341797
2025-02-07 20:00:00+00:00,74.62000274658203
2025-02-07 21:00:00+00:00,74.69999694824219
2025-02-09 23:00:00+00:00,74.77999877929688
2025-02-10 00:00:00+00:00,74.9800033569336
2025-02-10 01:00:00+00:00,75.08000183105469
2025-02-10 02:00:00+00:00,75.12000274658203
2025-02-10 03:00:00+00:00,75.08999633789062
2025-02-10 04:00:00+00:00,75.18000030517578
2025-02-10 05:00:00+00:00,75.13999938964844
2025-02-10 06:00:00+00:00,75.2300033569336
2025-02-10 07:00:00+00:00,75.06999969482422
2025-02-10 08:00:00+00:00,75.18000030517578
2025-02-10 09:00:00+00:00,75.4000015258789
2025-02-10 10:00:00+00:00,75.61000061035156
2025-02-10 11:00:00+00:00,75.5999984741211
2025-02-10 12:00:00+00:00,75.66000366210938
2025-02-10 13:00:00+00:00,75.44999694824219
2025-02-10 14:00:00+00:00,75.56999969482422
2025-02-10 15:00:00+00:00,75.62000274658203
2025-02-10 16:00:00+00:00,75.87999725341797
2025-02-10 17:00:00+00:00,75.95999908447266
2025-02-10 18:00:00+00:00,75.7300033569336
2025-02-10 19:00:00+00:00,76.0199966430664
2025-02-10 20:00:00+00:00,76.0199966430664
2025-02-10 21:00:00+00:00,76.04000091552734
2025-02-10 23:00:00+00:00,75.9800033569336
2025-02-11 00:00:00+00:00,75.94000244140625
2025-02-11 01:00:00+00:00,75.97000122070312
2025-02-11 02:00:00+00:00,76.0199966430664
2025-02-11 03:00:00+00:00,76.08000183105469
2025-02-11 04:00:00+00:00,76.08000183105469
2025-02-11 05:00:00+00:00,76.22000122070312
2025-02-11 06:00:00+00:00,76.29000091552734
2025-02-11 07:00:00+00:00,76.51000213623047
2025-02-11 08:00:00+00:00,76.6500015258789
2025-02-11 09:00:00+00:00,76.80000305175781
2025-02-11 10:00:00+00:00,76.88999938964844
2025-02-11 11:00:00+00:00,76.80000305175781
2025-02-11 12:00:00+00:00,76.98999786376953
2025-02-11 13:00:00+00:00,77.0
2025-02-11 14:00:00+00:00,76.91999816894531
2025-02-11 15:00:00+00:00,76.66999816894531
2025-02-11 16:00:00+00:00,76.93000030517578
2025-02-11 17:00:00+00:00,76.87999725341797
2025-02-11 18:00:00+00:00,76.97000122070312
2025-02-11 19:00:00+00:00,77.04000091552734
2025-02-11 20:00:00+00:00,76.91000366210938
2025-02-11 21:00:00+00:00,76.87999725341797
2025-02-11 23:00:00+00:00,76.83000183105469
2025-02-12 00:00:00+00:00,76.79000091552734
2025-02-12 01:00:00+00:00,76.70999908447266
2025-02-12 02:00:00+00:00,76.80999755859375
2025-02-12 03:00:00+00:00,76.72000122070312
2025-02-12 04:00:00+00:00,76.70999908447266
2025-02-12 05:00:00+00:00,76.66999816894531
2025-02-12 06:00:00+00:00,76.76000213623047
2025-02-12 07:00:00+00:00,76.55000305175781
2025-02-12 08:00:00+00:00,76.2699966430664
2025-02-12 09:00:00+00:00,76.2699966430664
2025-02-12 10:00:00+00:00,76.05999755859375
2025-02-12 11:00:00+00:00,76.30999755859375
2025-02-12 12:00:00+00:00,76.33000183105469
2025-02-12 13:00:00+00:00,76.31999969482422
2025-02-12 14:00:00+00:00,76.0
2025-02-12 15:00:00+00:00,75.69000244140625
2025-02-12 16:00:00+00:00,75.77999877929688
2025-02-12 17:00:00+00:00,75.44000244140625
2025-02-12 18:00:00+00:00,75.19999694824219
2025-02-12 19:00:00+00:00,75.16999816894531
2025-02-12 20:00:00+00:00,75.05999755859375
2025-02-12 21:00:00+00:00,74.95999908447266
2025-02-12 23:00:00+00:00,74.97000122070312
2025-02-13 00:00:00+00:00,75.01000213623047
2025-02-13 01:00:00+00:00,74.58999633789062
2025-02-13 02:00:00+00:00,74.48999786376953
2025-02-13 03:00:00+00:00,74.45999908447266
2025-02-13 04:00:00+00:00,74.38999938964844
2025-02-13 05:00:00+00:00,74.44999694824219
2025-02-13 06:00:00+00:00,74.43000030517578
2025-02-13 07:00:00+00:00,74.55000305175781
2025-02-13 08:00:00+00:00,74.70999908447266
2025-02-13 09:00:00+00:00,74.25
2025-02-13 10:00:00+00:00,74.0999984741211
2025-02-13 11:00:00+00:00,74.43000030517578
2025-02-13 12:00:00+00:00,74.1500015258789
2025-02-13 13:00:00+00:00,74.2300033569336
2025-02-13 14:00:00+00:00,74.83000183105469
2025-02-13 15:00:00+00:00,74.75
2025-02-13 16:00:00+00:00,74.98999786376953
2025-02-13 17:00:00+00:00,74.94000244140625
2025-02-13 18:00:00+00:00,74.9800033569336
2025-02-13 19:00:00+00:00,75.11000061035156
2025-02-13 20:00:00+00:00,75.1500015258789
2025-02-13 21:00:00+00:00,75.2300033569336
2025-02-13 23:00:00+00:00,75.13999938964844
2025-02-14 00:00:00+00:00,75.01000213623047
2025-02-14 01:00:00+00:00,75.19999694824219
2025-02-14 02:00:00+00:00,75.16999816894531
2025-02-14 03:00:00+00:00,75.1500015258789
2025-02-14 04:00:00+00:00,75.22000122070312
2025-02-14 05:00:00+00:00,75.19000244140625
2025-02-14 06:00:00+00:00,75.23999786376953
2025-02-14 07:00:00+00:00,75.44999694824219
2025-02-14 08:00:00+00:00,75.38999938964844
2025-02-14 09:00:00+00:00,75.27999877929688
2025-02-14 10:00:00+00:00,75.25
2025-02-14 11:00:00+00:00,75.58999633789062
2025-02-14 12:00:00+00:00,75.69999694824219
2025-02-14 13:00:00+00:00,75.30999755859375
2025-02-14 14:00:00+00:00,75.52999877929688
2025-02-14 15:00:00+00:00,75.01000213623047
2025-02-14 16:00:00+00:00,74.94000244140625
2025-02-14 17:00:00+00:00,74.79000091552734
2025-02-14 18:00:00+00:00,74.73999786376953
2025-02-14 19:00:00+00:00,74.69999694824219
2025-02-14 20:00:00+00:00,74.7300033569336
2025-02-14 21:00:00+00:00,74.56999969482422
2025-02-16 23:00:00+00:00,74.3499984741211
2025-02-17 00:00:00+00:00,74.44999694824219
2025-02-17 01:00:00+00:00,74.58000183105469
2025-02-17 02:00:00+00:00,74.68000030517578
2025-02-17 03:00:00+00:00,74.83000183105469
2025-02-17 04:00:00+00:00,74.80999755859375
2025-02-18 05:00:00+00:00,75.38999938964844
2025-02-18 06:00:00+00:00,75.44999694824219
2025-02-18 07:00:00+00:00,75.37999725341797
2025-02-18 08:00:00+00:00,75.58000183105469
2025-02-18 09:00:00+00:00,75.56999969482422
2025-02-18 10:00:00+00:00,75.83999633789062
2025-02-18 11:00:00+00:00,75.23999786376953
2025-02-18 12:00:00+00:00,75.11000061035156
2025-02-18 13:00:00+00:00,75.0
2025-02-18 14:00:00+00:00,75.41999816894531
2025-02-18 15:00:00+00:00,75.44000244140625
2025-02-18 16:00:00+00:00,75.63999938964844
2025-02-18 17:00:00+00:00,75.4800033569336
2025-02-18 18:00:00+00:00,75.80000305175781
2025-02-18 19:00:00+00:00,75.80000305175781
2025-02-18 20:00:00+00:00,75.73999786376953
2025-02-18 21:00:00+00:00,75.80999755859375
2025-02-18 23:00:00+00:00,75.76000213623047
2025-02-19 01:00:00+00:00,75.9800033569336
2025-02-19 02:00:00+00:00,75.91000366210938
2025-02-19 03:00:00+00:00,75.83999633789062
2025-02-19 04:00:00+00:00,75.97000122070312
2025-02-19 05:00:00+00:00,76.06999969482422
2025-02-19 06:00:00+00:00,76.11000061035156
2025-02-19 07:00:00+00:00,76.29000091552734
2025-02-19 08:00:00+00:00,76.44000244140625
2025-02-19 09:00:00+00:00,76.43000030517578
2025-02-19 10:00:00+00:00,76.23999786376953
2025-02-19 11:00:00+00:00,76.45999908447266
2025-02-19 12:00:00+00:00,76.33999633789062
2025-02-19 13:00:00+00:00,76.43000030517578
2025-02-19 14:00:00+00:00,76.76000213623047
2025-02-19 15:00:00+00:00,76.19000244140625
2025-02-19 16:00:00+00:00,76.25
2025-02-19 17:00:00+00:00,76.19999694824219
2025-02-19 18:00:00+00:00,75.94000244140625
2025-02-19 19:00:00+00:00,76.02999877929688
2025-02-19 20:00:00+00:00,76.0999984741211
2025-02-19 21:00:00+00:00,76.08000183105469
2025-02-19 23:00:00+00:00,76.05999755859375
2025-02-20 00:00:00+00:00,76.06999969482422
2025-02-20 01:00:00+00:00,75.80000305175781
2025-02-20 02:00:00+00:00,75.81999969482422
2025-02-20 03:00:00+00:00,75.7699966430664
2025-02-20 04:00:00+00:00,75.70999908447266
2025-02-20 05:00:00+00:00,75.87000274658203
2025-02-20 06:00:00+00:00,75.97000122070312
2025-02-20 07:00:00+00:00,76.2699966430664
2025-02-20 08:00:00+00:00,75.94000244140625
2025-02-20 09:00:00+00:00,76.18000030517578
2025-02-20 10:00:00+00:00,76.30000305175781
2025-02-20 11:00:00+00:00,76.31999969482422
2025-02-20 12:00:00+00:00,76.4800033569336
2025-02-20 13:00:00+00:00,76.47000122070312
2025-02-20 14:00:00+00:00,76.44000244140625
2025-02-20 15:00:00+00:00,76.48999786376953
2025-02-20 16:00:00+00:00,76.69999694824219
2025-02-20 17:00:00+00:00,76.80000305175781
2025-02-20 18:00:00+00:00,76.91000366210938
2025-02-20 19:00:00+00:00,76.51000213623047
2025-02-20 20:00:00+00:00,76.5
2025-02-20 21:00:00+00:00,76.58000183105469
2025-02-20 23:00:00+00:00,76.72000122070312
2025-02-21 00:00:00+00:00,76.66000366210938
2025-02-21 01:00:00+00:00,76.4000015258789
2025-02-21 02:00:00+00:00,76.43000030517578
2025-02-21 03:00:00+00:00,76.43000030517578
2025-02-21 04:00:00+00:00,76.41000366210938
2025-02-21 05:00:00+00:00,76.31999969482422
2025-02-21 06:00:00+00:00,76.2699966430664
2025-02-21 07:00:00+00:00,76.18000030517578
2025-02-21 08:00:00+00:00,75.91999816894531
2025-02-21 09:00:00+00:00,75.66000366210938
2025-02-21 10:00:00+00:00,75.29000091552734
2025-02-21 11:00:00+00:00,75.33000183105469
2025-02-21 12:00:00+00:00,75.88999938964844
2025-02-21 13:00:00+00:00,76.06999969482422
2025-02-21 14:00:00+00:00,75.0
2025-02-21 15:00:00+00:00,74.62000274658203
2025-02-21 16:00:00+00:00,74.58000183105469
2025-02-21 17:00:00+00:00,74.52999877929688
2025-02-21 18:00:00+00:00,74.55999755859375
2025-02-21 19:00:00+00:00,74.36000061035156
2025-02-21 20:00:00+00:00,74.20999908447266
2025-02-21 21:00:00+00:00,73.83000183105469
2025-02-23 23:00:00+00:00,74.05000305175781
2025-02-24 00:00:00+00:00,74.05999755859375
2025-02-24 01:00:00+00:00,73.98999786376953
2025-02-24 02:00:00+00:00,74.43000030517578
2025-02-24 03:00:00+00:00,74.37000274658203
2025-02-24 04:00:00+00:00,73.83999633789062
2025-02-24 05:00:00+00:00,74.3499984741211
2025-02-24 06:00:00+00:00,74.41000366210938
2025-02-24 07:00:00+00:00,73.87999725341797
2025-02-24 08:00:00+00:00,74.45999908447266
2025-02-24 09:00:00+00:00,74.36000061035156
2025-02-24 10:00:00+00:00,74.4800033569336
2025-02-24 11:00:00+00:00,74.55999755859375
2025-02-24 12:00:00+00:00,74.0
2025-02-24 13:00:00+00:00,73.97000122070312
2025-02-24 14:00:00+00:00,74.02999877929688
2025-02-24 15:00:00+00:00,74.12999725341797
2025-02-24 16:00:00+00:00,74.29000091552734
2025-02-24 17:00:00+00:00,74.23999786376953
2025-02-24 18:00:00+00:00,74.31999969482422
2025-02-24 19:00:00+00:00,74.2699966430664
2025-02-24 20:00:00+00:00,74.27999877929688
2025-02-24 21:00:00+00:00,74.41999816894531
2025-02-24 23:00:00+00:00,74.36000061035156
2025-02-25 00:00:00+00:00,74.26000213623047
2025-02-25 01:00:00+00:00,74.56999969482422
2025-02-25 02:00:00+00:00,74.58999633789062
2025-02-25 03:00:00+00:00,74.6500015258789
2025-02-25 04:00:00+00:00,74.69999694824219
2025-02-25 05:00:00+00:00,74.6500015258789
2025-02-25 06:00:00+00:00,74.58999633789062
2025-02-25 07:00:00+00:00,74.33999633789062
2025-02-25 08:00:00+00:00,74.27999877929688
2025-02-25 09:00:00+00:00,74.18000030517578
2025-02-25 10:00:00+00:00,74.16000366210938
2025-02-25 11:00:00+00:00,74.0199966430664
2025-02-25 12:00:00+00:00,73.69999694824219
2025-02-25 13:00:00+00:00,73.69000244140625
2025-02-25 14:00:00+00:00,73.69999694824219
2025-02-25 15:00:00+00:00,72.43000030517578
2025-02-25 16:00:00+00:00,72.41000366210938
2025-02-25 17:00:00+00:00,72.37000274658203
2025-02-25 18:00:00+00:00,72.4800033569336
2025-02-25 19:00:00+00:00,72.56999969482422
2025-02-25 20:00:00+00:00,72.62000274658203
2025-02-25 21:00:00+00:00,72.5999984741211
2025-02-25 23:00:00+00:00,72.62999725341797
2025-02-26 00:00:00+00:00,72.62999725341797
2025-02-26 01:00:00+00:00,72.68000030517578
2025-02-26 02:00:00+00:00,72.63999938964844
2025-02-26 03:00:00+00:00,72.5999984741211
2025-02-26 04:00:00+00:00,72.70999908447266
2025-02-26 05:00:00+00:00,72.6500015258789
2025-02-26 06:00:00+00:00,72.69000244140625
2025-02-26 07:00:00+00:00,72.75
2025-02-26 08:00:00+00:00,72.47000122070312
2025-02-26 09:00:00+00:00,72.48999786376953
2025-02-26 10:00:00+00:00,72.52999877929688
2025-02-26 11:00:00+00:00,72.4000015258789
2025-02-26 12:00:00+00:00,72.29000091552734
2025-02-26 13:00:00+00:00,72.2699966430664
2025-02-26 14:00:00+00:00,72.4000015258789
2025-02-26 15:00:00+00:00,72.1500015258789
2025-02-26 16:00:00+00:00,72.16999816894531
2025-02-26 17:00:00+00:00,72.2300033569336
2025-02-26 18:00:00+00:00,71.98999786376953
2025-02-26 19:00:00+00:00,72.26000213623047
2025-02-26 20:00:00+00:00,72.22000122070312
2025-02-26 21:00:00+00:00,72.29000091552734
2025-02-26 23:00:00+00:00,72.30000305175781
2025-02-27 00:00:00+00:00,72.22000122070312
2025-02-27 01:00:00+00:00,72.27999877929688
2025-02-27 02:00:00+00:00,72.30999755859375
2025-02-27 03:00:00+00:00,72.29000091552734
2025-02-27 04:00:00+00:00,72.26000213623047
2025-02-27 05:00:00+00:00,72.27999877929688
2025-02-27 06:00:00+00:00,72.26000213623047
2025-02-27 07:00:00+00:00,72.36000061035156
2025-02-27 08:00:00+00:00,72.47000122070312
2025-02-27 09:00:00+00:00,72.76000213623047
2025-02-27 10:00:00+00:00,72.7699966430664
2025-02-27 11:00:00+00:00,72.73999786376953
2025-02-27 12:00:00+00:00,72.77999877929688
2025-02-27 13:00:00+00:00,72.83000183105469
2025-02-27 14:00:00+00:00,72.94000244140625
2025-02-27 15:00:00+00:00,73.3499984741211
2025-02-27 16:00:00+00:00,73.30000305175781
2025-02-27 17:00:00+00:00,73.43000030517578
2025-02-27 18:00:00+00:00,73.5199966430664
2025-02-27 19:00:00+00:00,73.52999877929688
2025-02-27 20:00:00+00:00,73.33000183105469
2025-02-27 21:00:00+00:00,73.3499984741211
2025-02-27 23:00:00+00:00,73.33999633789062
2025-02-28 00:00:00+00:00,73.30000305175781
2025-02-28 01:00:00+00:00,73.22000122070312
2025-02-28 02:00:00+00:00,73.30999755859375
2025-02-28 03:00:00+00:00,73.2300033569336
2025-02-28 04:00:00+00:00,73.2300033569336
2025-02-28 05:00:00+00:00,73.19000244140625
2025-02-28 06:00:00+00:00,73.05999755859375
2025-02-28 07:00:00+00:00,73.0
2025-02-28 08:00:00+00:00,72.81999969482422
2025-02-28 09:00:00+00:00,72.87999725341797
2025-02-28 10:00:00+00:00,72.68000030517578
2025-02-28 11:00:00+00:00,72.75
2025-02-28 12:00:00+00:00,72.68000030517578
2025-02-28 13:00:00+00:00,72.76000213623047
2025-02-28 14:00:00+00:00,72.4000015258789
2025-02-28 15:00:00+00:00,72.95999908447266
2025-02-28 16:00:00+00:00,72.76000213623047
2025-02-28 17:00:00+00:00,72.86000061035156
2025-02-28 18:00:00+00:00,73.08999633789062
2025-02-28 19:00:00+00:00,72.83000183105469
2025-02-28 20:00:00+00:00,73.12000274658203
2025-02-28 21:00:00+00:00,73.02999877929688
2025-03-02 23:00:00+00:00,73.2699966430664
2025-03-03 00:00:00+00:00,73.4000015258789
2025-03-03 01:00:00+00:00,73.54000091552734
2025-03-03 02:00:00+00:00,73.33000183105469
2025-03-03 03:00:00+00:00,73.23999786376953
2025-03-03 04:00:00+00:00,73.19000244140625
2025-03-03 05:00:00+00:00,73.05000305175781
2025-03-03 06:00:00+00:00,72.94999694824219
2025-03-03 07:00:00+00:00,72.87999725341797
2025-03-03 08:00:00+00:00,72.45999908447266
2025-03-03 09:00:00+00:00,72.37999725341797
2025-03-03 10:00:00+00:00,72.87000274658203
2025-03-03 11:00:00+00:00,73.0
2025-03-03 12:00:00+00:00,73.22000122070312
2025-03-03 13:00:00+00:00,73.19000244140625
2025-03-03 14:00:00+00:00,72.9000015258789
2025-03-03 15:00:00+00:00,72.68000030517578
2025-03-03 16:00:00+00:00,72.66000366210938
2025-03-03 17:00:00+00:00,72.6500015258789
2025-03-03 18:00:00+00:00,71.5199966430664
2025-03-03 19:00:00+00:00,71.41000366210938
2025-03-03 20:00:00+00:00,71.36000061035156
2025-03-03 21:00:00+00:00,71.51000213623047
2025-03-03 23:00:00+00:00,71.33000183105469
2025-03-04 00:00:00+00:00,71.29000091552734
2025-03-04 01:00:00+00:00,71.08000183105469
2025-03-04 02:00:00+00:00,71.11000061035156
2025-03-04 03:00:00+00:00,71.1500015258789
2025-03-04 04:00:00+00:00,71.13999938964844
2025-03-04 05:00:00+00:00,70.98999786376953
2025-03-04 06:00:00+00:00,71.08000183105469
2025-03-04 07:00:00+00:00,70.86000061035156
2025-03-04 08:00:00+00:00,70.62000274658203
2025-03-04 09:00:00+00:00,70.56999969482422
2025-03-04 10:00:00+00:00,70.76000213623047
2025-03-04 11:00:00+00:00,70.48999786376953
2025-03-04 12:00:00+00:00,70.20999908447266
2025-03-04 13:00:00+00:00,70.44999694824219
2025-03-04 14:00:00+00:00,69.83000183105469
2025-03-04 15:00:00+00:00,70.23999786376953
2025-03-04 16:00:00+00:00,70.68000030517578
2025-03-04 17:00:00+00:00,70.83999633789062
2025-03-04 18:00:00+00:00,71.0999984741211
2025-03-04 19:00:00+00:00,71.16000366210938
2025-03-04 20:00:00+00:00,71.05999755859375
2025-03-04 21:00:00+00:00,71.13999938964844
2025-03-04 23:00:00+00:00,70.95999908447266
2025-03-05 00:00:00+00:00,70.98999786376953
2025-03-05 01:00:00+00:00,70.9000015258789
2025-03-05 02:00:00+00:00,70.62999725341797
2025-03-05 03:00:00+00:00,70.7699966430664
2025-03-05 04:00:00+00:00,70.79000091552734
2025-03-05 05:00:00+00:00,70.77999877929688
2025-03-05 06:00:00+00:00,70.94999694824219
2025-03-05 07:00:00+00:00,70.94000244140625
2025-03-05 08:00:00+00:00,70.75
2025-03-05 09:00:00+00:00,70.51000213623047
2025-03-05 10:00:00+00:00,70.13999938964844
2025-03-05 11:00:00+00:00,70.02999877929688
2025-03-05 12:00:00+00:00,70.0199966430664
2025-03-05 13:00:00+00:00,69.7300033569336
2025-03-05 14:00:00+00:00,69.08000183105469
2025-03-05 15:00:00+00:00,68.87999725341797
2025-03-05 16:00:00+00:00,68.52999877929688
2025-03-05 17:00:00+00:00,69.22000122070312
2025-03-05 18:00:00+00:00,69.4000015258789
2025-03-05 19:00:00+00:00,69.33999633789062
2025-03-05 20:00:00+00:00,69.43000030517578
2025-03-05 21:00:00+00:00,69.37999725341797
2025-03-05 23:00:00+00:00,69.47000122070312
2025-03-06 00:00:00+00:00,69.5199966430664
2025-03-06 01:00:00+00:00,69.73999786376953
2025-03-06 02:00:00+00:00,69.83000183105469
2025-03-06 03:00:00+00:00,69.66000366210938
2025-03-06 04:00:00+00:00,69.70999908447266
2025-03-06 05:00:00+00:00,69.51000213623047
2025-03-06 06:00:00+00:00,69.72000122070312
2025-03-06 07:00:00+00:00,69.77999877929688
2025-03-06 08:00:00+00:00,69.37999725341797
2025-03-06 09:00:00+00:00,69.5199966430664
2025-03-06 10:00:00+00:00,69.2699966430664
2025-03-06 11:00:00+00:00,69.69999694824219
2025-03-06 12:00:00+00:00,69.69000244140625
2025-03-06 13:00:00+00:00,69.45999908447266
2025-03-06 14:00:00+00:00,69.55999755859375
2025-03-06 15:00:00+00:00,68.91999816894531
2025-03-06 16:00:00+00:00,68.7699966430664
2025-03-06 17:00:00+00:00,69.37999725341797
2025-03-06 18:00:00+00:00,69.44999694824219
2025-03-06 19:00:00+00:00,69.58999633789062
2025-03-06 20:00:00+00:00,69.37000274658203
2025-03-06 21:00:00+00:00,69.4000015258789
2025-03-06 23:00:00+00:00,69.44000244140625
2025-03-07 00:00:00+00:00,69.37999725341797
2025-03-07 01:00:00+00:00,69.55999755859375
2025-03-07 02:00:00+00:00,69.70999908447266
2025-03-07 03:00:00+00:00,69.54000091552734
2025-03-07 04:00:00+00:00,69.45999908447266
2025-03-07 05:00:00+00:00,69.54000091552734
2025-03-07 06:00:00+00:00,69.56999969482422
2025-03-07 07:00:00+00:00,69.98999786376953
2025-03-07 08:00:00+00:00,70.23999786376953
2025-03-07 09:00:00+00:00,70.41999816894531
2025-03-07 10:00:00+00:00,70.69000244140625
2025-03-07 11:00:00+00:00,70.45999908447266
2025-03-07 12:00:00+00:00,70.61000061035156
2025-03-07 13:00:00+00:00,70.2699966430664
2025-03-07 14:00:00+00:00,71.05000305175781
2025-03-07 15:00:00+00:00,70.79000091552734
2025-03-07 16:00:00+00:00,70.33999633789062
2025-03-07 17:00:00+00:00,70.25
2025-03-07 18:00:00+00:00,70.33999633789062
2025-03-07 19:00:00+00:00,70.29000091552734
2025-03-07 20:00:00+00:00,70.33999633789062
2025-03-07 21:00:00+00:00,70.37999725341797
2025-03-09 22:00:00+00:00,70.08000183105469
2025-03-09 23:00:00+00:00,69.88999938964844
2025-03-10 00:00:00+00:00,70.18000030517578
2025-03-10 01:00:00+00:00,70.05000305175781
2025-03-10 02:00:00+00:00,69.98999786376953
2025-03-10 03:00:00+00:00,69.97000122070312
2025-03-10 04:00:00+00:00,70.04000091552734
2025-03-10 05:00:00+00:00,69.94999694824219
2025-03-10 06:00:00+00:00,70.20999908447266
2025-03-10 07:00:00+00:00,70.4000015258789
2025-03-10 08:00:00+00:00,70.29000091552734
2025-03-10 09:00:00+00:00,70.54000091552734
2025-03-10 10:00:00+00:00,70.5
2025-03-10 11:00:00+00:00,70.7699966430664
2025-03-10 12:00:00+00:00,70.80000305175781
2025-03-10 13:00:00+00:00,69.94000244140625
2025-03-10 14:00:00+00:00,69.70999908447266
2025-03-10 15:00:00+00:00,69.87000274658203
2025-03-10 16:00:00+00:00,69.63999938964844
2025-03-10 17:00:00+00:00,69.29000091552734
2025-03-10 18:00:00+00:00,69.12999725341797
2025-03-10 19:00:00+00:00,69.19999694824219
2025-03-10 20:00:00+00:00,69.18000030517578
2025-03-10 22:00:00+00:00,69.05999755859375
2025-03-10 23:00:00+00:00,69.05000305175781
2025-03-11 00:00:00+00:00,68.87999725341797
2025-03-11 01:00:00+00:00,69.06999969482422
2025-03-11 02:00:00+00:00,69.2300033569336
2025-03-11 03:00:00+00:00,69.22000122070312
2025-03-11 04:00:00+00:00,69.23999786376953
2025-03-11 05:00:00+00:00,69.30999755859375
2025-03-11 06:00:00+00:00,69.45999908447266
2025-03-11 07:00:00+00:00,69.58999633789062
2025-03-11 08:00:00+00:00,69.66999816894531
2025-03-11 09:00:00+00:00,69.69999694824219
2025-03-11 10:00:00+00:00,70.01000213623047
2025-03-11 11:00:00+00:00,69.62000274658203
2025-03-11 12:00:00+00:00,69.93000030517578
2025-03-11 13:00:00+00:00,70.16999816894531
2025-03-11 14:00:00+00:00,69.27999877929688
2025-03-11 15:00:00+00:00,69.51000213623047
2025-03-11 16:00:00+00:00,69.13999938964844
2025-03-11 17:00:00+00:00,69.55000305175781
2025-03-11 18:00:00+00:00,69.73999786376953
2025-03-11 19:00:00+00:00,69.77999877929688
2025-03-11 20:00:00+00:00,69.88999938964844
2025-03-11 22:00:00+00:00,69.88999938964844
2025-03-11 23:00:00+00:00,69.94000244140625
2025-03-12 00:00:00+00:00,69.94000244140625
2025-03-12 01:00:00+00:00,69.97000122070312
2025-03-12 02:00:00+00:00,69.44999694824219
2025-03-12 03:00:00+00:00,69.47000122070312
2025-03-12 04:00:00+00:00,69.52999877929688
2025-03-12 05:00:00+00:00,69.91000366210938
2025-03-12 06:00:00+00:00,69.56999969482422
2025-03-12 07:00:00+00:00,69.30000305175781
2025-03-12 08:00:00+00:00,69.30999755859375
2025-03-12 09:00:00+00:00,70.01000213623047
2025-03-12 10:00:00+00:00,70.19000244140625
2025-03-12 11:00:00+00:00,70.3499984741211
2025-03-12 12:00:00+00:00,70.37000274658203
2025-03-12 13:00:00+00:00,70.4800033569336
2025-03-12 14:00:00+00:00,70.83000183105469
2025-03-12 15:00:00+00:00,70.83000183105469
2025-03-12 16:00:00+00:00,70.9000015258789
2025-03-12 17:00:00+00:00,70.9000015258789
2025-03-12 18:00:00+00:00,70.98999786376953
2025-03-12 19:00:00+00:00,70.45999908447266
2025-03-12 20:00:00+00:00,70.44000244140625
2025-03-12 22:00:00+00:00,70.48999786376953
2025-03-12 23:00:00+00:00,70.97000122070312
2025-03-13 00:00:00+00:00,70.43000030517578
2025-03-13 01:00:00+00:00,70.31999969482422
2025-03-13 02:00:00+00:00,70.52999877929688
2025-03-13 03:00:00+00:00,70.98999786376953
2025-03-13 04:00:00+00:00,70.9000015258789
2025-03-13 05:00:00+00:00,70.79000091552734
2025-03-13 06:00:00+00:00,70.7699966430664
2025-03-13 07:00:00+00:00,71.02999877929688
2025-03-13 08:00:00+00:00,70.44999694824219
2025-03-13 09:00:00+00:00,70.56999969482422
2025-03-13 10:00:00+00:00,70.18000030517578
2025-03-13 11:00:00+00:00,70.58999633789062
2025-03-13 12:00:00+00:00,70.51000213623047
2025-03-13 13:00:00+00:00,70.37999725341797
2025-03-13 14:00:00+00:00,70.44000244140625
2025-03-13 15:00:00+00:00,69.6500015258789
2025-03-13 16:00:00+00:00,70.0
2025-03-13 17:00:00+00:00,69.73999786376953
2025-03-13 18:00:00+00:00,69.36000061035156
2025-03-13 19:00:00+00:00,69.31999969482422
2025-03-13 20:00:00+00:00,70.06999969482422
2025-03-13 22:00:00+00:00,70.1500015258789
2025-03-13 23:00:00+00:00,70.13999938964844
2025-03-14 00:00:00+00:00,70.13999938964844
2025-03-14 01:00:00+00:00,70.19999694824219
2025-03-14 02:00:00+00:00,69.79000091552734
2025-03-14 03:00:00+00:00,70.30999755859375
2025-03-14 04:00:00+00:00,70.31999969482422
2025-03-14 05:00:00+00:00,70.37999725341797
2025-03-14 06:00:00+00:00,70.55999755859375
2025-03-14 07:00:00+00:00,70.5999984741211
2025-03-14 08:00:00+00:00,70.19999694824219
2025-03-14 09:00:00+00:00,70.5999984741211
2025-03-14 10:00:00+00:00,70.41000366210938
2025-03-14 11:00:00+00:00,69.8499984741211
2025-03-14 12:00:00+00:00,70.51000213623047
2025-03-14 13:00:00+00:00,70.30000305175781
2025-03-14 14:00:00+00:00,70.2699966430664
2025-03-14 15:00:00+00:00,69.80999755859375
2025-03-14 16:00:00+00:00,70.43000030517578
2025-03-14 17:00:00+00:00,70.44999694824219
2025-03-14 18:00:00+00:00,70.55999755859375
2025-03-14 19:00:00+00:00,70.52999877929688
2025-03-14 20:00:00+00:00,70.06999969482422
2025-03-16 22:00:00+00:00,70.98999786376953
2025-03-16 23:00:00+00:00,70.55000305175781
2025-03-17 00:00:00+00:00,70.81999969482422
2025-03-17 01:00:00+00:00,71.36000061035156
2025-03-17 02:00:00+00:00,71.11000061035156
2025-03-17 03:00:00+00:00,70.5
2025-03-17 04:00:00+00:00,71.0999984741211
2025-03-17 05:00:00+00:00,71.05999755859375
2025-03-17 06:00:00+00:00,70.5999984741211
2025-03-17 07:00:00+00:00,71.13999938964844
2025-03-17 08:00:00+00:00,71.13999938964844
2025-03-17 09:00:00+00:00,71.27999877929688
2025-03-17 10:00:00+00:00,71.44999694824219
2025-03-17 11:00:00+00:00,71.48999786376953
2025-03-17 12:00:00+00:00,71.47000122070312
2025-03-17 13:00:00+00:00,71.27999877929688
2025-03-17 14:00:00+00:00,70.33999633789062
2025-03-17 15:00:00+00:00,71.06999969482422
2025-03-17 16:00:00+00:00,70.98999786376953
2025-03-17 17:00:00+00:00,71.22000122070312
2025-03-17 18:00:00+00:00,70.52999877929688
2025-03-17 19:00:00+00:00,71.0
2025-03-17 20:00:00+00:00,70.97000122070312
2025-03-17 22:00:00+00:00,70.83999633789062
2025-03-17 23:00:00+00:00,70.91999816894531
2025-03-18 00:00:00+00:00,70.5199966430664
2025-03-18 01:00:00+00:00,71.2300033569336
2025-03-18 02:00:00+00:00,71.33999633789062
2025-03-18 03:00:00+00:00,70.76000213623047
2025-03-18 04:00:00+00:00,70.77999877929688
2025-03-18 05:00:00+00:00,71.45999908447266
2025-03-18 06:00:00+00:00,70.95999908447266
2025-03-18 07:00:00+00:00,71.66999816894531
2025-03-18 08:00:00+00:00,71.33000183105469
2025-03-18 09:00:00+00:00,72.0999984741211
2025-03-18 10:00:00+00:00,71.45999908447266
2025-03-18 11:00:00+00:00,71.98999786376953
2025-03-18 12:00:00+00:00,71.9000015258789
2025-03-18 13:00:00+00:00,71.5
2025-03-18 14:00:00+00:00,71.2699966430664
2025-03-18 15:00:00+00:00,70.83000183105469
2025-03-18 16:00:00+00:00,70.4000015258789
2025-03-18 17:00:00+00:00,70.63999938964844
2025-03-18 18:00:00+00:00,70.52999877929688
2025-03-18 19:00:00+00:00,70.56999969482422
2025-03-18 20:00:00+00:00,70.36000061035156
2025-03-18 22:00:00+00:00,70.47000122070312
2025-03-18 23:00:00+00:00,70.5
2025-03-19 00:00:00+00:00,70.02999877929688
2025-03-19 01:00:00+00:00,70.25
2025-03-19 02:00:00+00:00,69.94000244140625
2025-03-19 03:00:00+00:00,70.37000274658203
2025-03-19 04:00:00+00:00,70.30999755859375
2025-03-19 05:00:00+00:00,69.80999755859375
2025-03-19 06:00:00+00:00,70.08999633789062
2025-03-19 07:00:00+00:00,70.25
2025-03-19 08:00:00+00:00,69.5199966430664
2025-03-19 09:00:00+00:00,70.18000030517578
2025-03-19 10:00:00+00:00,70.4000015258789
2025-03-19 11:00:00+00:00,70.12000274658203
2025-03-19 12:00:00+00:00,70.58999633789062
2025-03-19 13:00:00+00:00,70.56999969482422
2025-03-19 14:00:00+00:00,70.31999969482422
2025-03-19 15:00:00+00:00,70.38999938964844
2025-03-19 16:00:00+00:00,71.1500015258789
2025-03-19 17:00:00+00:00,70.83999633789062
2025-03-19 18:00:00+00:00,70.83000183105469
2025-03-19 19:00:00+00:00,70.41999816894531
2025-03-19 20:00:00+00:00,70.91999816894531
2025-03-19 22:00:00+00:00,70.45999908447266
2025-03-19 23:00:00+00:00,70.4800033569336
2025-03-20 00:00:00+00:00,70.94999694824219
2025-03-20 01:00:00+00:00,71.08999633789062
2025-03-20 02:00:00+00:00,71.08999633789062
2025-03-20 03:00:00+00:00,71.18000030517578
2025-03-20 04:00:00+00:00,70.7300033569336
2025-03-20 05:00:00+00:00,70.68000030517578
2025-03-20 06:00:00+00:00,71.22000122070312
2025-03-20 07:00:00+00:00,70.7300033569336
2025-03-20 08:00:00+00:00,71.26000213623047
2025-03-20 09:00:00+00:00,70.4800033569336
2025-03-20 10:00:00+00:00,70.83000183105469
2025-03-20 11:00:00+00:00,71.08999633789062
2025-03-20 12:00:00+00:00,70.38999938964844
2025-03-20 13:00:00+00:00,70.76000213623047
2025-03-20 14:00:00+00:00,71.7699966430664
2025-03-20 15:00:00+00:00,71.37999725341797
2025-03-20 16:00:00+00:00,71.4000015258789
2025-03-20 17:00:00+00:00,71.97000122070312
2025-03-20 18:00:00+00:00,72.0999984741211
2025-03-20 19:00:00+00:00,72.1500015258789
2025-03-20 20:00:00+00:00,71.72000122070312
2025-03-20 22:00:00+00:00,71.77999877929688
2025-03-20 23:00:00+00:00,71.86000061035156
2025-03-21 00:00:00+00:00,72.4000015258789
2025-03-21 01:00:00+00:00,72.27999877929688
2025-03-21 02:00:00+00:00,71.70999908447266
2025-03-21 03:00:00+00:00,72.31999969482422
2025-03-21 04:00:00+00:00,72.16999816894531
2025-03-21 05:00:00+00:00,71.69000244140625
2025-03-21 06:00:00+00:00,72.11000061035156
2025-03-21 07:00:00+00:00,72.11000061035156
2025-03-21 08:00:00+00:00,71.98999786376953
2025-03-21 09:00:00+00:00,71.83999633789062
2025-03-21 10:00:00+00:00,71.16999816894531
2025-03-21 11:00:00+00:00,71.56999969482422
2025-03-21 12:00:00+00:00,71.20999908447266
2025-03-21 13:00:00+00:00,71.69000244140625
2025-03-21 14:00:00+00:00,72.0999984741211
2025-03-21 15:00:00+00:00,71.76000213623047
2025-03-21 16:00:00+00:00,72.19000244140625
2025-03-21 17:00:00+00:00,71.58000183105469
2025-03-21 18:00:00+00:00,72.2300033569336
2025-03-21 19:00:00+00:00,72.0999984741211
2025-03-21 20:00:00+00:00,71.62000274658203
2025-03-23 22:00:00+00:00,72.18000030517578
2025-03-23 23:00:00+00:00,71.75
2025-03-24 00:00:00+00:00,72.0199966430664
2025-03-24 01:00:00+00:00,71.8499984741211
2025-03-24 02:00:00+00:00,71.37000274658203
2025-03-24 03:00:00+00:00,71.31999969482422
2025-03-24 04:00:00+00:00,71.87000274658203
2025-03-24 05:00:00+00:00,71.45999908447266
2025-03-24 06:00:00+00:00,71.56999969482422
2025-03-24 07:00:00+00:00,72.33000183105469
2025-03-24 08:00:00+00:00,72.08000183105469
2025-03-24 09:00:00+00:00,72.4000015258789
2025-03-24 10:00:00+00:00,72.16999816894531
2025-03-24 11:00:00+00:00,72.02999877929688
2025-03-24 12:00:00+00:00,72.27999877929688
2025-03-24 13:00:00+00:00,72.5199966430664
2025-03-24 14:00:00+00:00,72.83999633789062
2025-03-24 15:00:00+00:00,73.0199966430664
2025-03-24 16:00:00+00:00,72.37000274658203
2025-03-24 17:00:00+00:00,72.8499984741211
2025-03-24 18:00:00+00:00,73.05000305175781
2025-03-24 19:00:00+00:00,73.11000061035156
2025-03-24 20:00:00+00:00,73.05000305175781
2025-03-24 22:00:00+00:00,73.11000061035156
2025-03-24 23:00:00+00:00,72.47000122070312
2025-03-25 00:00:00+00:00,72.38999938964844
2025-03-25 01:00:00+00:00,72.31999969482422
2025-03-25 02:00:00+00:00,72.95999908447266
2025-03-25 03:00:00+00:00,73.0
2025-03-25 04:00:00+00:00,72.33999633789062
2025-03-25 05:00:00+00:00,72.37000274658203
2025-03-25 06:00:00+00:00,72.33000183105469
2025-03-25 07:00:00+00:00,72.63999938964844
2025-03-25 08:00:00+00:00,73.30000305175781
2025-03-25 09:00:00+00:00,73.48999786376953
2025-03-25 10:00:00+00:00,72.7699966430664
2025-03-25 11:00:00+00:00,72.86000061035156
2025-03-25 12:00:00+00:00,72.83999633789062
2025-03-25 13:00:00+00:00,72.8499984741211
2025-03-25 14:00:00+00:00,72.44000244140625
2025-03-25 15:00:00+00:00,72.31999969482422
2025-03-25 16:00:00+00:00,72.79000091552734
2025-03-25 17:00:00+00:00,72.87000274658203
2025-03-25 18:00:00+00:00,72.37000274658203
2025-03-25 19:00:00+00:00,73.12999725341797
2025-03-25 20:00:00+00:00,73.19000244140625
2025-03-25 22:00:00+00:00,72.62999725341797
2025-03-25 23:00:00+00:00,72.6500015258789
2025-03-26 00:00:00+00:00,72.6500015258789
2025-03-26 01:00:00+00:00,72.69999694824219
2025-03-26 02:00:00+00:00,72.69000244140625
2025-03-26 03:00:00+00:00,72.55000305175781
2025-03-26 04:00:00+00:00,72.5
2025-03-26 05:00:00+00:00,73.26000213623047
2025-03-26 06:00:00+00:00,72.69000244140625
2025-03-26 07:00:00+00:00,72.48999786376953
2025-03-26 08:00:00+00:00,72.70999908447266
2025-03-26 09:00:00+00:00,72.87000274658203
2025-03-26 10:00:00+00:00,73.0199966430664
2025-03-26 11:00:00+00:00,72.9800033569336
2025-03-26 12:00:00+00:00,73.0199966430664
2025-03-26 13:00:00+00:00,73.9000015258789
2025-03-26 14:00:00+00:00,73.2699966430664
2025-03-26 15:00:00+00:00,73.36000061035156
2025-03-26 16:00:00+00:00,73.16999816894531
2025-03-26 17:00:00+00:00,72.93000030517578
2025-03-26 18:00:00+00:00,72.98999786376953
2025-03-26 19:00:00+00:00,73.81999969482422
2025-03-26 20:00:00+00:00,74.02999877929688
2025-03-26 22:00:00+00:00,73.8499984741211
2025-03-26 23:00:00+00:00,73.1500015258789
2025-03-27 00:00:00+00:00,73.19000244140625
2025-03-27 01:00:00+00:00,73.1500015258789
2025-03-27 02:00:00+00:00,73.19000244140625
2025-03-27 03:00:00+00:00,73.13999938964844
2025-03-27 04:00:00+00:00,73.16000366210938
2025-03-27 05:00:00+00:00,73.0
2025-03-27 06:00:00+00:00,72.9000015258789
2025-03-27 07:00:00+00:00,72.81999969482422
2025-03-27 08:00:00+00:00,72.73999786376953
2025-03-27 09:00:00+00:00,72.80999755859375
2025-03-27 10:00:00+00:00,72.81999969482422
2025-03-27 11:00:00+00:00,72.94000244140625
2025-03-27 12:00:00+00:00,73.06999969482422
2025-03-27 13:00:00+00:00,72.95999908447266
2025-03-27 14:00:00+00:00,72.5999984741211
2025-03-27 15:00:00+00:00,72.97000122070312
2025-03-27 16:00:00+00:00,73.02999877929688
2025-03-27 17:00:00+00:00,73.88999938964844
2025-03-27 18:00:00+00:00,73.33000183105469
2025-03-27 19:00:00+00:00,73.19999694824219
2025-03-27 20:00:00+00:00,73.3499984741211
2025-03-27 22:00:00+00:00,73.33000183105469
2025-03-27 23:00:00+00:00,73.31999969482422
2025-03-28 00:00:00+00:00,73.31999969482422
2025-03-28 01:00:00+00:00,73.2699966430664
2025-03-28 02:00:00+00:00,73.31999969482422
2025-03-28 03:00:00+00:00,72.66000366210938
2025-03-28 04:00:00+00:00,73.9000015258789
2025-03-28 05:00:00+00:00,73.0999984741211
2025-03-28 06:00:00+00:00,73.9000015258789
2025-03-28 07:00:00+00:00,73.66999816894531
2025-03-28 08:00:00+00:00,73.26000213623047
2025-03-28 09:00:00+00:00,73.41999816894531
2025-03-28 10:00:00+00:00,73.16999816894531
2025-03-28 11:00:00+00:00,73.31999969482422
2025-03-28 12:00:00+00:00,73.33999633789062
2025-03-28 13:00:00+00:00,73.01000213623047
2025-03-28 14:00:00+00:00,72.79000091552734
2025-03-28 15:00:00+00:00,73.41999816894531
2025-03-28 16:00:00+00:00,73.52999877929688
2025-03-28 17:00:00+00:00,73.51000213623047
2025-03-28 18:00:00+00:00,72.68000030517578
2025-03-28 19:00:00+00:00,72.52999877929688
2025-03-28 20:00:00+00:00,73.30999755859375
2025-03-30 22:00:00+00:00,72.16999816894531
2025-03-30 23:00:00+00:00,72.80999755859375
2025-03-31 00:00:00+00:00,72.31999969482422
2025-03-31 01:00:00+00:00,72.5999984741211
2025-03-31 02:00:00+00:00,72.47000122070312
2025-03-31 03:00:00+00:00,72.45999908447266
2025-03-31 04:00:00+00:00,71.72000122070312
2025-03-31 05:00:00+00:00,71.94999694824219
2025-03-31 06:00:00+00:00,72.73999786376953
2025-03-31 07:00:00+00:00,72.48999786376953
2025-03-31 08:00:00+00:00,73.30999755859375
2025-03-31 09:00:00+00:00,72.1500015258789
2025-03-31 10:00:00+00:00,72.16999816894531
2025-03-31 11:00:00+00:00,73.01000213623047
2025-03-31 12:00:00+00:00,73.18000030517578
2025-03-31 13:00:00+00:00,73.70999908447266
2025-03-31 14:00:00+00:00,74.20999908447266
2025-03-31 15:00:00+00:00,74.66000366210938
2025-03-31 16:00:00+00:00,74.93000030517578
2025-03-31 17:00:00+00:00,74.76000213623047
2025-03-31 18:00:00+00:00,74.80000305175781
2025-03-31 19:00:00+00:00,74.68000030517578
2025-03-31 20:00:00+00:00,74.68000030517578
2025-03-31 22:00:00+00:00,74.68000030517578
2025-03-31 23:00:00+00:00,74.66999816894531
2025-04-01 00:00:00+00:00,74.72000122070312
2025-04-01 01:00:00+00:00,74.8499984741211
2025-04-01 02:00:00+00:00,74.94999694824219
2025-04-01 03:00:00+00:00,74.95999908447266
2025-04-01 04:00:00+00:00,74.97000122070312
2025-04-01 05:00:00+00:00,74.91000366210938
2025-04-01 06:00:00+00:00,74.9800033569336
2025-04-01 07:00:00+00:00,73.72000122070312
2025-04-01 08:00:00+00:00,74.56999969482422
2025-04-01 09:00:00+00:00,74.95999908447266
2025-04-01 10:00:00+00:00,74.94000244140625
2025-04-01 11:00:00+00:00,73.83999633789062
2025-04-01 12:00:00+00:00,74.75
2025-04-01 13:00:00+00:00,74.88999938964844
2025-04-01 14:00:00+00:00,74.01000213623047
2025-04-01 15:00:00+00:00,74.63999938964844
2025-04-01 16:00:00+00:00,73.80999755859375
2025-04-01 17:00:00+00:00,74.52999877929688
2025-04-01 18:00:00+00:00,74.4000015258789
2025-04-01 19:00:00+00:00,74.44999694824219
2025-04-01 20:00:00+00:00,74.43000030517578
2025-04-01 22:00:00+00:00,73.7699966430664
2025-04-01 23:00:00+00:00,74.55000305175781
2025-04-02 00:00:00+00:00,73.69999694824219
2025-04-02 01:00:00+00:00,74.47000122070312
2025-04-02 02:00:00+00:00,74.58999633789062
2025-04-02 03:00:00+00:00,73.7699966430664
2025-04-02 04:00:00+00:00,74.48999786376953
2025-04-02 05:00:00+00:00,73.62000274658203
2025-04-02 06:00:00+00:00,74.31999969482422
2025-04-02 07:00:00+00:00,74.04000091552734
2025-04-02 08:00:00+00:00,74.41000366210938
2025-04-02 09:00:00+00:00,74.41000366210938
2025-04-02 10:00:00+00:00,73.98999786376953
2025-04-02 11:00:00+00:00,74.08000183105469
2025-04-02 12:00:00+00:00,74.05999755859375
2025-04-02 13:00:00+00:00,74.33999633789062
2025-04-02 14:00:00+00:00,73.69000244140625
2025-04-02 15:00:00+00:00,73.80999755859375
2025-04-02 16:00:00+00:00,74.0999984741211
2025-04-02 17:00:00+00:00,75.08000183105469
2025-04-02 18:00:00+00:00,74.16000366210938
2025-04-02 19:00:00+00:00,75.06999969482422
2025-04-02 20:00:00+00:00,73.7699966430664
2025-04-02 22:00:00+00:00,73.12999725341797
2025-04-02 23:00:00+00:00,71.91999816894531
2025-04-03 00:00:00+00:00,73.0
2025-04-03 01:00:00+00:00,73.11000061035156
2025-04-03 02:00:00+00:00,73.29000091552734
2025-04-03 03:00:00+00:00,73.33999633789062
2025-04-03 04:00:00+00:00,73.29000091552734
2025-04-03 05:00:00+00:00,73.02999877929688
2025-04-03 06:00:00+00:00,72.79000091552734
2025-04-03 07:00:00+00:00,72.72000122070312
2025-04-03 08:00:00+00:00,71.55000305175781
2025-04-03 09:00:00+00:00,71.86000061035156
2025-04-03 10:00:00+00:00,71.62999725341797
2025-04-03 11:00:00+00:00,70.08999633789062
2025-04-03 12:00:00+00:00,70.33999633789062
2025-04-03 13:00:00+00:00,69.91999816894531
2025-04-03 14:00:00+00:00,68.83999633789062
2025-04-03 15:00:00+00:00,69.95999908447266
2025-04-03 16:00:00+00:00,70.02999877929688
2025-04-03 17:00:00+00:00,70.2300033569336
2025-04-03 18:00:00+00:00,70.0999984741211
2025-04-03 19:00:00+00:00,69.94999694824219
2025-04-03 20:00:00+00:00,69.81999969482422
2025-04-03 22:00:00+00:00,69.83000183105469
2025-04-03 23:00:00+00:00,69.23999786376953
2025-04-04 00:00:00+00:00,69.87000274658203
2025-04-04 01:00:00+00:00,69.08000183105469
2025-04-04 02:00:00+00:00,69.73999786376953
2025-04-04 03:00:00+00:00,69.56999969482422
2025-04-04 04:00:00+00:00,69.31999969482422
2025-04-04 05:00:00+00:00,69.52999877929688
2025-04-04 06:00:00+00:00,68.38999938964844
2025-04-04 07:00:00+00:00,68.5199966430664
2025-04-04 08:00:00+00:00,67.58999633789062
2025-04-04 09:00:00+00:00,67.77999877929688
2025-04-04 10:00:00+00:00,65.8499984741211
2025-04-04 11:00:00+00:00,65.08999633789062
2025-04-04 12:00:00+00:00,65.26000213623047
2025-04-04 13:00:00+00:00,65.05999755859375
2025-04-04 14:00:00+00:00,64.7699966430664
2025-04-04 15:00:00+00:00,65.23999786376953
2025-04-04 16:00:00+00:00,64.91999816894531
2025-04-04 17:00:00+00:00,65.11000061035156
2025-04-04 18:00:00+00:00,65.93000030517578
2025-04-04 19:00:00+00:00,66.29000091552734
2025-04-04 20:00:00+00:00,65.33999633789062
2025-04-06 22:00:00+00:00,62.86000061035156
2025-04-06 23:00:00+00:00,62.790000915527344
2025-04-07 00:00:00+00:00,63.630001068115234
2025-04-07 01:00:00+00:00,64.08000183105469
2025-04-07 02:00:00+00:00,63.900001525878906
2025-04-07 03:00:00+00:00,63.83000183105469
2025-04-07 04:00:00+00:00,63.86000061035156
2025-04-07 05:00:00+00:00,63.689998626708984
2025-04-07 06:00:00+00:00,63.400001525878906
2025-04-07 07:00:00+00:00,63.119998931884766
2025-04-07 08:00:00+00:00,62.59000015258789
2025-04-07 09:00:00+00:00,63.130001068115234
2025-04-07 10:00:00+00:00,63.90999984741211
2025-04-07 11:00:00+00:00,63.91999816894531
2025-04-07 12:00:00+00:00,64.52999877929688
2025-04-07 13:00:00+00:00,64.91999816894531
2025-04-07 14:00:00+00:00,64.69000244140625
2025-04-07 15:00:00+00:00,64.37000274658203
2025-04-07 16:00:00+00:00,63.88999938964844
2025-04-07 17:00:00+00:00,64.68000030517578
2025-04-07 18:00:00+00:00,64.30000305175781
2025-04-07 19:00:00+00:00,63.97999954223633
2025-04-07 20:00:00+00:00,64.4000015258789
2025-04-07 22:00:00+00:00,64.76000213623047
2025-04-07 23:00:00+00:00,64.66999816894531
2025-04-08 00:00:00+00:00,64.69999694824219
2025-04-08 01:00:00+00:00,64.8499984741211
2025-04-08 02:00:00+00:00,65.0999984741211
2025-04-08 03:00:00+00:00,65.06999969482422
2025-04-08 04:00:00+00:00,65.19000244140625
2025-04-08 05:00:00+00:00,64.41000366210938
2025-04-08 06:00:00+00:00,64.91999816894531
2025-04-08 07:00:00+00:00,63.86000061035156
2025-04-08 08:00:00+00:00,64.37999725341797
2025-04-08 09:00:00+00:00,64.27999877929688
2025-04-08 10:00:00+00:00,64.19000244140625
2025-04-08 11:00:00+00:00,64.66999816894531
2025-04-08 12:00:00+00:00,64.56999969482422
2025-04-08 13:00:00+00:00,64.16000366210938
2025-04-08 14:00:00+00:00,64.2300033569336
2025-04-08 15:00:00+00:00,64.58000183105469
2025-04-08 16:00:00+00:00,63.099998474121094
2025-04-08 17:00:00+00:00,63.209999084472656
2025-04-08 18:00:00+00:00,62.34000015258789
2025-04-08 19:00:00+00:00,61.88999938964844
2025-04-08 20:00:00+00:00,61.099998474121094
2025-04-08 22:00:00+00:00,61.33000183105469
2025-04-08 23:00:00+00:00,61.02000045776367
2025-04-09 00:00:00+00:00,60.2599983215332
2025-04-09 01:00:00+00:00,60.849998474121094
2025-04-09 02:00:00+00:00,60.970001220703125
2025-04-09 03:00:00+00:00,60.04999923706055
2025-04-09 04:00:00+00:00,60.38999938964844
2025-04-09 05:00:00+00:00,60.45000076293945
2025-04-09 06:00:00+00:00,61.38999938964844
2025-04-09 07:00:00+00:00,60.689998626708984
2025-04-09 08:00:00+00:00,60.91999816894531
2025-04-09 09:00:00+00:00,59.81999969482422
2025-04-09 10:00:00+00:00,60.5
2025-04-09 11:00:00+00:00,58.65999984741211
2025-04-09 12:00:00+00:00,59.34000015258789
2025-04-09 13:00:00+00:00,60.5099983215332
2025-04-09 14:00:00+00:00,59.380001068115234
2025-04-09 15:00:00+00:00,60.45000076293945
2025-04-09 16:00:00+00:00,60.52000045776367
2025-04-09 17:00:00+00:00,64.80000305175781
2025-04-09 18:00:00+00:00,64.68000030517578
2025-04-09 19:00:00+00:00,65.55999755859375
2025-04-09 20:00:00+00:00,65.77999877929688
2025-04-09 22:00:00+00:00,66.12999725341797
2025-04-09 23:00:00+00:00,65.94999694824219
2025-04-10 00:00:00+00:00,65.30000305175781
2025-04-10 01:00:00+00:00,64.91000366210938
2025-04-10 02:00:00+00:00,64.75
2025-04-10 03:00:00+00:00,64.66000366210938
2025-04-10 04:00:00+00:00,64.19000244140625
2025-04-10 05:00:00+00:00,64.88999938964844
2025-04-10 06:00:00+00:00,65.13999938964844
2025-04-10 07:00:00+00:00,63.790000915527344
2025-04-10 08:00:00+00:00,63.369998931884766
2025-04-10 09:00:00+00:00,63.86000061035156
2025-04-10 10:00:00+00:00,63.900001525878906
2025-04-10 11:00:00+00:00,63.72999954223633
2025-04-10 12:00:00+00:00,62.79999923706055
2025-04-10 13:00:00+00:00,62.349998474121094
2025-04-10 14:00:00+00:00,61.93000030517578
2025-04-10 15:00:00+00:00,62.90999984741211
2025-04-10 16:00:00+00:00,62.81999969482422
2025-04-10 17:00:00+00:00,63.33000183105469
2025-04-10 18:00:00+00:00,63.630001068115234
2025-04-10 19:00:00+00:00,63.650001525878906
2025-04-10 20:00:00+00:00,63.529998779296875
2025-04-10 22:00:00+00:00,63.43000030517578
2025-04-10 23:00:00+00:00,63.11000061035156
2025-04-11 00:00:00+00:00,63.119998931884766
2025-04-11 01:00:00+00:00,63.0
2025-04-11 02:00:00+00:00,62.9900016784668
2025-04-11 03:00:00+00:00,63.11000061035156
2025-04-11 04:00:00+00:00,63.15999984741211
2025-04-11 05:00:00+00:00,63.88999938964844
2025-04-11 06:00:00+00:00,63.61000061035156
2025-04-11 07:00:00+00:00,64.12999725341797
2025-04-11 08:00:00+00:00,63.40999984741211
2025-04-11 09:00:00+00:00,63.72999954223633
2025-04-11 10:00:00+00:00,63.38999938964844
2025-04-11 11:00:00+00:00,63.29999923706055
2025-04-11 12:00:00+00:00,63.290000915527344
2025-04-11 13:00:00+00:00,63.36000061035156
2025-04-11 14:00:00+00:00,63.33000183105469
2025-04-11 15:00:00+00:00,63.900001525878906
2025-04-11 16:00:00+00:00,64.31999969482422
2025-04-11 17:00:00+00:00,64.87999725341797
2025-04-11 18:00:00+00:00,64.7699966430664
2025-04-11 19:00:00+00:00,64.70999908447266
2025-04-11 20:00:00+00:00,64.69000244140625
2025-04-13 22:00:00+00:00,64.47000122070312
2025-04-13 23:00:00+00:00,64.55000305175781
2025-04-14 00:00:00+00:00,64.75
2025-04-14 01:00:00+00:00,64.68000030517578
2025-04-14 02:00:00+00:00,64.5
2025-04-14 03:00:00+00:00,64.55000305175781
2025-04-14 04:00:00+00:00,64.56999969482422
2025-04-14 05:00:00+00:00,64.83999633789062
2025-04-14 06:00:00+00:00,64.70999908447266
2025-04-14 07:00:00+00:00,64.91999816894531
2025-04-14 08:00:00+00:00,65.23999786376953
2025-04-14 09:00:00+00:00,64.56999969482422
2025-04-14 10:00:00+00:00,65.62000274658203
2025-04-14 11:00:00+00:00,65.56999969482422
2025-04-14 12:00:00+00:00,65.62000274658203
2025-04-14 13:00:00+00:00,64.98999786376953
2025-04-14 14:00:00+00:00,65.01000213623047
2025-04-14 15:00:00+00:00,63.790000915527344
2025-04-14 16:00:00+00:00,64.2699966430664
2025-04-14 17:00:00+00:00,64.48999786376953
2025-04-14 18:00:00+00:00,64.9000015258789
2025-04-14 19:00:00+00:00,64.29000091552734
2025-04-14 20:00:00+00:00,64.94000244140625
2025-04-14 22:00:00+00:00,64.29000091552734
2025-04-14 23:00:00+00:00,64.95999908447266
2025-04-15 00:00:00+00:00,64.4800033569336
2025-04-15 01:00:00+00:00,64.95999908447266
2025-04-15 02:00:00+00:00,64.97000122070312
2025-04-15 03:00:00+00:00,65.04000091552734
2025-04-15 04:00:00+00:00,65.0999984741211
2025-04-15 05:00:00+00:00,65.0999984741211
2025-04-15 06:00:00+00:00,65.20999908447266
2025-04-15 07:00:00+00:00,65.16999816894531
2025-04-15 08:00:00+00:00,64.80999755859375
2025-04-15 09:00:00+00:00,64.38999938964844
2025-04-15 10:00:00+00:00,64.48999786376953
2025-04-15 11:00:00+00:00,64.3499984741211
2025-04-15 12:00:00+00:00,64.38999938964844
2025-04-15 13:00:00+00:00,64.9800033569336
2025-04-15 14:00:00+00:00,64.7300033569336
2025-04-15 15:00:00+00:00,64.33999633789062
2025-04-15 16:00:00+00:00,64.5199966430664
2025-04-15 17:00:00+00:00,64.5999984741211
2025-04-15 18:00:00+00:00,64.76000213623047
2025-04-15 19:00:00+00:00,64.05000305175781
2025-04-15 20:00:00+00:00,64.9000015258789
2025-04-15 22:00:00+00:00,64.83000183105469
2025-04-15 23:00:00+00:00,64.80999755859375
2025-04-16 00:00:00+00:00,64.73999786376953
2025-04-16 01:00:00+00:00,64.66000366210938
2025-04-16 02:00:00+00:00,64.5
2025-04-16 03:00:00+00:00,64.45999908447266
2025-04-16 04:00:00+00:00,64.56999969482422
2025-04-16 05:00:00+00:00,63.81999969482422
2025-04-16 06:00:00+00:00,64.01000213623047
2025-04-16 07:00:00+00:00,64.27999877929688
2025-04-16 08:00:00+00:00,65.19000244140625
2025-04-16 09:00:00+00:00,65.18000030517578
2025-04-16 10:00:00+00:00,65.25
2025-04-16 11:00:00+00:00,65.2699966430664
2025-04-16 12:00:00+00:00,65.5999984741211
2025-04-16 13:00:00+00:00,65.56999969482422
2025-04-16 14:00:00+00:00,65.80000305175781
2025-04-16 15:00:00+00:00,65.86000061035156
2025-04-16 16:00:00+00:00,65.93000030517578
2025-04-16 17:00:00+00:00,65.66999816894531
2025-04-16 18:00:00+00:00,66.02999877929688
2025-04-16 19:00:00+00:00,66.06999969482422
2025-04-16 20:00:00+00:00,65.97000122070312
2025-04-16 22:00:00+00:00,66.25
2025-04-16 23:00:00+00:00,66.29000091552734
2025-04-17 00:00:00+00:00,66.12999725341797
2025-04-17 01:00:00+00:00,66.26000213623047
2025-04-17 02:00:00+00:00,66.41000366210938
2025-04-17 03:00:00+00:00,66.48999786376953
2025-04-17 04:00:00+00:00,66.61000061035156
2025-04-17 05:00:00+00:00,66.5199966430664
2025-04-17 06:00:00+00:00,66.23999786376953
2025-04-17 07:00:00+00:00,66.2699966430664
2025-04-17 08:00:00+00:00,66.44999694824219
2025-04-17 09:00:00+00:00,66.4000015258789
2025-04-17 10:00:00+00:00,66.4800033569336
2025-04-17 11:00:00+00:00,66.58000183105469
2025-04-17 12:00:00+00:00,66.77999877929688
2025-04-17 13:00:00+00:00,66.6500015258789
2025-04-17 14:00:00+00:00,66.81999969482422
2025-04-17 15:00:00+00:00,67.6500015258789
2025-04-17 16:00:00+00:00,68.04000091552734
2025-04-17 17:00:00+00:00,67.9000015258789
2025-04-17 18:00:00+00:00,67.81999969482422
2025-04-17 19:00:00+00:00,67.58000183105469
2025-04-17 20:00:00+00:00,67.68000030517578
2025-04-20 22:00:00+00:00,67.0999984741211
2025-04-20 23:00:00+00:00,67.05999755859375
2025-04-21 00:00:00+00:00,67.0999984741211
2025-04-21 01:00:00+00:00,66.86000061035156
2025-04-21 02:00:00+00:00,66.86000061035156
2025-04-21 03:00:00+00:00,66.97000122070312
2025-04-21 04:00:00+00:00,66.80999755859375
2025-04-21 05:00:00+00:00,67.05000305175781
2025-04-21 06:00:00+00:00,66.9800033569336
2025-04-21 07:00:00+00:00,66.83000183105469
2025-04-21 08:00:00+00:00,66.52999877929688
2025-04-21 09:00:00+00:00,66.0199966430664
2025-04-21 10:00:00+00:00,66.27999877929688
2025-04-21 11:00:00+00:00,66.4800033569336
2025-04-21 12:00:00+00:00,66.41000366210938
2025-04-21 13:00:00+00:00,65.79000091552734
2025-04-21 14:00:00+00:00,66.18000030517578
2025-04-21 15:00:00+00:00,65.83999633789062
2025-04-21 16:00:00+00:00,65.97000122070312
2025-04-21 17:00:00+00:00,66.25
2025-04-21 18:00:00+00:00,66.5
2025-04-21 19:00:00+00:00,66.69000244140625
2025-04-21 20:00:00+00:00,66.5199966430664
2025-04-21 22:00:00+00:00,66.63999938964844
2025-04-21 23:00:00+00:00,66.80000305175781
2025-04-22 00:00:00+00:00,66.80999755859375
2025-04-22 01:00:00+00:00,66.80999755859375
2025-04-22 02:00:00+00:00,66.63999938964844
2025-04-22 03:00:00+00:00,66.58999633789062
2025-04-22 04:00:00+00:00,66.6500015258789
2025-04-22 05:00:00+00:00,66.5999984741211
2025-04-22 06:00:00+00:00,66.94999694824219
2025-04-22 07:00:00+00:00,67.16999816894531
2025-04-22 08:00:00+00:00,67.08999633789062
2025-04-22 09:00:00+00:00,67.30999755859375
2025-04-22 10:00:00+00:00,67.0999984741211
2025-04-22 11:00:00+00:00,67.06999969482422
2025-04-22 12:00:00+00:00,67.08999633789062
2025-04-22 13:00:00+00:00,66.83000183105469
2025-04-22 14:00:00+00:00,67.0
2025-04-22 15:00:00+00:00,67.87999725341797
2025-04-22 16:00:00+00:00,67.97000122070312
2025-04-22 17:00:00+00:00,67.38999938964844
2025-04-22 18:00:00+00:00,67.26000213623047
2025-04-22 19:00:00+00:00,67.30000305175781
2025-04-22 20:00:00+00:00,67.33000183105469
2025-04-22 22:00:00+00:00,68.13999938964844
2025-04-22 23:00:00+00:00,68.0199966430664
2025-04-23 00:00:00+00:00,68.11000061035156
2025-04-23 01:00:00+00:00,67.83999633789062
2025-04-23 02:00:00+00:00,67.79000091552734
2025-04-23 03:00:00+00:00,67.98999786376953
2025-04-23 04:00:00+00:00,68.0
2025-04-23 05:00:00+00:00,68.1500015258789
2025-04-23 06:00:00+00:00,68.48999786376953
2025-04-23 07:00:00+00:00,68.4000015258789
2025-04-23 08:00:00+00:00,68.51000213623047
2025-04-23 09:00:00+00:00,68.31999969482422
2025-04-23 10:00:00+00:00,68.12999725341797
2025-04-23 11:00:00+00:00,67.45999908447266
2025-04-23 12:00:00+00:00,67.0
2025-04-23 13:00:00+00:00,67.22000122070312
2025-04-23 14:00:00+00:00,66.2699966430664
2025-04-23 15:00:00+00:00,65.66000366210938
2025-04-23 16:00:00+00:00,65.9000015258789
2025-04-23 17:00:00+00:00,65.94000244140625
2025-04-23 18:00:00+00:00,66.05999755859375
2025-04-23 19:00:00+00:00,66.18000030517578
2025-04-23 20:00:00+00:00,66.1500015258789
2025-04-23 22:00:00+00:00,66.12000274658203
2025-04-23 23:00:00+00:00,66.13999938964844
2025-04-24 00:00:00+00:00,66.16000366210938
2025-04-24 01:00:00+00:00,66.30000305175781
2025-04-24 02:00:00+00:00,66.12000274658203
2025-04-24 03:00:00+00:00,66.2300033569336
2025-04-24 04:00:00+00:00,66.2300033569336
2025-04-24 05:00:00+00:00,66.05000305175781
2025-04-24 06:00:00+00:00,66.58999633789062
2025-04-24 07:00:00+00:00,66.69000244140625
2025-04-24 08:00:00+00:00,65.47000122070312
2025-04-24 09:00:00+00:00,66.38999938964844
2025-04-24 10:00:00+00:00,66.75
2025-04-24 11:00:00+00:00,66.83000183105469
2025-04-24 12:00:00+00:00,66.68000030517578
2025-04-24 13:00:00+00:00,65.7300033569336
2025-04-24 14:00:00+00:00,66.51000213623047
2025-04-24 15:00:00+00:00,66.11000061035156
2025-04-24 16:00:00+00:00,66.63999938964844
2025-04-24 17:00:00+00:00,66.66999816894531
2025-04-24 18:00:00+00:00,66.41000366210938
2025-04-24 19:00:00+00:00,66.44000244140625
2025-04-24 20:00:00+00:00,66.51000213623047
2025-04-24 22:00:00+00:00,65.66999816894531
2025-04-24 23:00:00+00:00,66.58000183105469
2025-04-25 00:00:00+00:00,66.80999755859375
2025-04-25 01:00:00+00:00,66.62000274658203
2025-04-25 02:00:00+00:00,66.76000213623047
2025-04-25 03:00:00+00:00,66.02999877929688
2025-04-25 04:00:00+00:00,67.05999755859375
2025-04-25 05:00:00+00:00,65.87000274658203
2025-04-25 06:00:00+00:00,66.9800033569336
2025-04-25 07:00:00+00:00,65.69000244140625
2025-04-25 08:00:00+00:00,65.61000061035156
2025-04-25 09:00:00+00:00,65.27999877929688
2025-04-25 10:00:00+00:00,64.69000244140625
2025-04-25 11:00:00+00:00,65.76000213623047
2025-04-25 12:00:00+00:00,64.77999877929688
2025-04-25 13:00:00+00:00,65.2699966430664
2025-04-25 14:00:00+00:00,65.25
2025-04-25 15:00:00+00:00,65.70999908447266
2025-04-25 16:00:00+00:00,65.79000091552734
2025-04-25 17:00:00+00:00,65.54000091552734
2025-04-25 18:00:00+00:00,65.83000183105469
2025-04-25 19:00:00+00:00,67.0
2025-04-25 20:00:00+00:00,67.0
2025-04-27 22:00:00+00:00,66.12999725341797
2025-04-27 23:00:00+00:00,65.88999938964844
2025-04-28 00:00:00+00:00,67.0199966430664
2025-04-28 01:00:00+00:00,65.72000122070312
2025-04-28 02:00:00+00:00,66.7300033569336
2025-04-28 03:00:00+00:00,65.91000366210938
2025-04-28 04:00:00+00:00,66.04000091552734
2025-04-28 05:00:00+00:00,66.16999816894531
2025-04-28 06:00:00+00:00,67.13999938964844
2025-04-28 07:00:00+00:00,65.88999938964844
2025-04-28 08:00:00+00:00,65.68000030517578
2025-04-28 09:00:00+00:00,65.52999877929688
2025-04-28 10:00:00+00:00,65.5
2025-04-28 11:00:00+00:00,65.62999725341797
2025-04-28 12:00:00+00:00,65.63999938964844
2025-04-28 13:00:00+00:00,65.0999984741211
2025-04-28 14:00:00+00:00,64.83000183105469
2025-04-28 15:00:00+00:00,64.5
2025-04-28 16:00:00+00:00,64.36000061035156
2025-04-28 17:00:00+00:00,65.5999984741211
2025-04-28 18:00:00+00:00,64.69999694824219
2025-04-28 19:00:00+00:00,64.73999786376953
2025-04-28 20:00:00+00:00,64.62000274658203
2025-04-28 22:00:00+00:00,64.73999786376953
2025-04-28 23:00:00+00:00,64.76000213623047
2025-04-29 00:00:00+00:00,65.6500015258789
2025-04-29 01:00:00+00:00,64.69000244140625
2025-04-29 02:00:00+00:00,64.43000030517578
2025-04-29 03:00:00+00:00,64.41000366210938
2025-04-29 04:00:00+00:00,64.26000213623047
2025-04-29 05:00:00+00:00,64.16000366210938
2025-04-29 06:00:00+00:00,64.13999938964844
2025-04-29 07:00:00+00:00,63.91999816894531
2025-04-29 08:00:00+00:00,64.5999984741211
2025-04-29 09:00:00+00:00,63.880001068115234
2025-04-29 10:00:00+00:00,63.7400016784668
2025-04-29 11:00:00+00:00,63.7599983215332
2025-04-29 12:00:00+00:00,63.540000915527344
2025-04-29 13:00:00+00:00,63.630001068115234
2025-04-29 14:00:00+00:00,64.4800033569336
2025-04-29 15:00:00+00:00,63.380001068115234
2025-04-29 16:00:00+00:00,63.15999984741211
2025-04-29 17:00:00+00:00,63.45000076293945
2025-04-29 18:00:00+00:00,63.20000076293945
2025-04-29 19:00:00+00:00,63.13999938964844
2025-04-29 20:00:00+00:00,63.0
2025-04-29 22:00:00+00:00,63.13999938964844
2025-04-29 23:00:00+00:00,63.15999984741211
2025-04-30 00:00:00+00:00,63.11000061035156
2025-04-30 01:00:00+00:00,63.130001068115234
2025-04-30 02:00:00+00:00,62.790000915527344
2025-04-30 03:00:00+00:00,62.61000061035156
2025-04-30 04:00:00+00:00,62.56999969482422
2025-04-30 05:00:00+00:00,62.540000915527344
2025-04-30 06:00:00+00:00,62.63999938964844
2025-04-30 07:00:00+00:00,62.369998931884766
2025-04-30 08:00:00+00:00,62.31999969482422
2025-04-30 09:00:00+00:00,62.939998626708984
2025-04-30 10:00:00+00:00,62.84000015258789
2025-04-30 11:00:00+00:00,62.84000015258789
2025-04-30 12:00:00+00:00,62.439998626708984
2025-04-30 13:00:00+00:00,62.04999923706055
2025-04-30 14:00:00+00:00,62.29999923706055
2025-04-30 15:00:00+00:00,60.93000030517578
2025-04-30 16:00:00+00:00,60.849998474121094
2025-04-30 17:00:00+00:00,61.09000015258789
2025-04-30 18:00:00+00:00,61.029998779296875
2025-04-30 19:00:00+00:00,61.02000045776367
2025-04-30 20:00:00+00:00,61.11000061035156
2025-04-30 22:00:00+00:00,61.2599983215332
2025-04-30 23:00:00+00:00,61.25
2025-05-01 00:00:00+00:00,61.15999984741211
2025-05-01 01:00:00+00:00,61.16999816894531
2025-05-01 02:00:00+00:00,61.130001068115234
2025-05-01 03:00:00+00:00,60.959999084472656
2025-05-01 04:00:00+00:00,61.040000915527344
2025-05-01 05:00:00+00:00,61.08000183105469
2025-05-01 06:00:00+00:00,60.7400016784668
2025-05-01 07:00:00+00:00,60.43000030517578
2025-05-01 08:00:00+00:00,60.119998931884766
2025-05-01 09:00:00+00:00,59.599998474121094
2025-05-01 10:00:00+00:00,59.470001220703125
2025-05-01 11:00:00+00:00,59.9900016784668
2025-05-01 12:00:00+00:00,60.529998779296875
2025-05-01 13:00:00+00:00,61.380001068115234
2025-05-01 14:00:00+00:00,61.31999969482422
2025-05-01 15:00:00+00:00,60.970001220703125
2025-05-01 16:00:00+00:00,61.11000061035156
2025-05-01 17:00:00+00:00,61.380001068115234
2025-05-01 18:00:00+00:00,61.939998626708984
2025-05-01 19:00:00+00:00,61.93000030517578
2025-05-01 20:00:00+00:00,61.849998474121094
2025-05-01 22:00:00+00:00,61.70000076293945
2025-05-01 23:00:00+00:00,61.79999923706055
2025-05-02 00:00:00+00:00,62.349998474121094
2025-05-02 01:00:00+00:00,62.59000015258789
2025-05-02 02:00:00+00:00,62.65999984741211
2025-05-02 03:00:00+00:00,62.599998474121094
2025-05-02 04:00:00+00:00,62.56999969482422
2025-05-02 05:00:00+00:00,62.40999984741211
2025-05-02 06:00:00+00:00,62.220001220703125
2025-05-02 07:00:00+00:00,62.08000183105469
2025-05-02 08:00:00+00:00,61.77000045776367
2025-05-02 09:00:00+00:00,61.790000915527344
2025-05-02 10:00:00+00:00,61.86000061035156
2025-05-02 11:00:00+00:00,61.59000015258789
2025-05-02 12:00:00+00:00,62.099998474121094
2025-05-02 13:00:00+00:00,61.25
2025-05-02 14:00:00+00:00,61.290000915527344
2025-05-02 15:00:00+00:00,61.41999816894531
2025-05-02 16:00:00+00:00,61.0099983215332
2025-05-02 17:00:00+00:00,61.189998626708984
2025-05-02 18:00:00+00:00,61.13999938964844
2025-05-02 19:00:00+00:00,61.58000183105469
2025-05-02 20:00:00+00:00,61.43000030517578
2025-05-04 22:00:00+00:00,59.2400016784668
2025-05-04 23:00:00+00:00,58.959999084472656
2025-05-05 00:00:00+00:00,59.11000061035156
2025-05-05 01:00:00+00:00,59.22999954223633
2025-05-05 02:00:00+00:00,59.130001068115234
2025-05-05 03:00:00+00:00,59.119998931884766
2025-05-05 04:00:00+00:00,59.04999923706055
2025-05-05 05:00:00+00:00,59.439998626708984
2025-05-05 06:00:00+00:00,59.65999984741211
2025-05-05 07:00:00+00:00,59.95000076293945
2025-05-05 08:00:00+00:00,60.04999923706055
2025-05-05 09:00:00+00:00,60.529998779296875
2025-05-05 10:00:00+00:00,60.4900016784668
2025-05-05 11:00:00+00:00,60.43000030517578
2025-05-05 12:00:00+00:00,60.349998474121094
2025-05-05 13:00:00+00:00,60.529998779296875
2025-05-05 14:00:00+00:00,59.81999969482422
2025-05-05 15:00:00+00:00,59.939998626708984
2025-05-05 16:00:00+00:00,60.18000030517578
2025-05-05 17:00:00+00:00,60.33000183105469
2025-05-05 18:00:00+00:00,60.27000045776367
2025-05-05 19:00:00+00:00,60.130001068115234
2025-05-05 20:00:00+00:00,60.34000015258789
2025-05-05 22:00:00+00:00,60.279998779296875
2025-05-05 23:00:00+00:00,60.279998779296875
2025-05-06 00:00:00+00:00,60.45000076293945
2025-05-06 01:00:00+00:00,61.13999938964844
2025-05-06 02:00:00+00:00,61.150001525878906
2025-05-06 03:00:00+00:00,61.13999938964844
2025-05-06 04:00:00+00:00,61.20000076293945
2025-05-06 05:00:00+00:00,61.08000183105469
2025-05-06 06:00:00+00:00,61.38999938964844
2025-05-06 07:00:00+00:00,61.5099983215332
2025-05-06 08:00:00+00:00,61.720001220703125
2025-05-06 09:00:00+00:00,61.93000030517578
2025-05-06 10:00:00+00:00,61.380001068115234
2025-05-06 11:00:00+00:00,61.56999969482422
2025-05-06 12:00:00+00:00,61.7599983215332
2025-05-06 13:00:00+00:00,62.369998931884766
2025-05-06 14:00:00+00:00,62.34000015258789
2025-05-06 15:00:00+00:00,62.599998474121094
2025-05-06 16:00:00+00:00,62.11000061035156
2025-05-06 17:00:00+00:00,62.380001068115234
2025-05-06 18:00:00+00:00,62.08000183105469
2025-05-06 19:00:00+00:00,62.119998931884766
2025-05-06 20:00:00+00:00,62.029998779296875
2025-05-06 22:00:00+00:00,62.470001220703125
2025-05-06 23:00:00+00:00,62.540000915527344
2025-05-07 00:00:00+00:00,62.689998626708984
2025-05-07 01:00:00+00:00,62.58000183105469
2025-05-07 02:00:00+00:00,62.54999923706055
2025-05-07 03:00:00+00:00,62.5099983215332
2025-05-07 04:00:00+00:00,62.709999084472656
2025-05-07 05:00:00+00:00,62.66999816894531
2025-05-07 06:00:00+00:00,62.880001068115234
2025-05-07 07:00:00+00:00,63.040000915527344
2025-05-07 08:00:00+00:00,62.720001220703125
2025-05-07 09:00:00+00:00,62.41999816894531
2025-05-07 10:00:00+00:00,62.529998779296875
2025-05-07 11:00:00+00:00,62.68000030517578
2025-05-07 12:00:00+00:00,62.209999084472656
2025-05-07 13:00:00+00:00,61.939998626708984
2025-05-07 14:00:00+00:00,61.7400016784668
2025-05-07 15:00:00+00:00,61.459999084472656
2025-05-07 16:00:00+00:00,61.45000076293945
2025-05-07 17:00:00+00:00,61.220001220703125
2025-05-07 18:00:00+00:00,61.189998626708984
2025-05-07 19:00:00+00:00,61.099998474121094
2025-05-07 20:00:00+00:00,60.959999084472656
2025-05-07 22:00:00+00:00,60.95000076293945
2025-05-07 23:00:00+00:00,61.06999969482422
2025-05-08 00:00:00+00:00,61.130001068115234
2025-05-08 01:00:00+00:00,61.45000076293945
2025-05-08 02:00:00+00:00,61.459999084472656
2025-05-08 03:00:00+00:00,61.599998474121094
2025-05-08 04:00:00+00:00,61.5
2025-05-08 05:00:00+00:00,61.63999938964844
2025-05-08 06:00:00+00:00,61.310001373291016
2025-05-08 07:00:00+00:00,61.38999938964844
2025-05-08 08:00:00+00:00,61.720001220703125
2025-05-08 09:00:00+00:00,61.7599983215332
2025-05-08 10:00:00+00:00,62.040000915527344
2025-05-08 11:00:00+00:00,62.08000183105469
2025-05-08 12:00:00+00:00,61.81999969482422
2025-05-08 13:00:00+00:00,62.38999938964844
2025-05-08 14:00:00+00:00,62.4900016784668
2025-05-08 15:00:00+00:00,62.880001068115234
2025-05-08 16:00:00+00:00,62.900001525878906
2025-05-08 17:00:00+00:00,62.86000061035156
2025-05-08 18:00:00+00:00,62.869998931884766
2025-05-08 19:00:00+00:00,62.95000076293945
2025-05-08 20:00:00+00:00,63.209999084472656
2025-05-08 22:00:00+00:00,63.099998474121094
2025-05-08 23:00:00+00:00,63.06999969482422
2025-05-09 00:00:00+00:00,62.90999984741211
2025-05-09 01:00:00+00:00,62.939998626708984
2025-05-09 02:00:00+00:00,63.08000183105469
2025-05-09 03:00:00+00:00,63.02000045776367
2025-05-09 04:00:00+00:00,63.16999816894531
2025-05-09 05:00:00+00:00,63.150001525878906
2025-05-09 06:00:00+00:00,63.25
2025-05-09 07:00:00+00:00,63.529998779296875
2025-05-09 08:00:00+00:00,63.720001220703125
2025-05-09 09:00:00+00:00,63.95000076293945
2025-05-09 10:00:00+00:00,64.01000213623047
2025-05-09 11:00:00+00:00,64.0999984741211
2025-05-09 12:00:00+00:00,63.77000045776367
2025-05-09 13:00:00+00:00,63.36000061035156
2025-05-09 14:00:00+00:00,63.560001373291016
2025-05-09 15:00:00+00:00,63.61000061035156
2025-05-09 16:00:00+00:00,63.77000045776367
2025-05-09 17:00:00+00:00,63.79999923706055
2025-05-09 18:00:00+00:00,63.88999938964844
2025-05-09 19:00:00+00:00,63.83000183105469
2025-05-09 20:00:00+00:00,63.91999816894531
2025-05-11 22:00:00+00:00,64.2300033569336
2025-05-11 23:00:00+00:00,64.19000244140625
2025-05-12 00:00:00+00:00,64.01000213623047
2025-05-12 01:00:00+00:00,63.95000076293945
2025-05-12 02:00:00+00:00,64.19000244140625
2025-05-12 03:00:00+00:00,64.25
2025-05-12 04:00:00+00:00,64.31999969482422
2025-05-12 05:00:00+00:00,64.68000030517578
2025-05-12 06:00:00+00:00,64.86000061035156
2025-05-12 07:00:00+00:00,65.58000183105469
2025-05-12 08:00:00+00:00,65.51000213623047
2025-05-12 09:00:00+00:00,65.75
2025-05-12 10:00:00+00:00,66.08000183105469
2025-05-12 11:00:00+00:00,66.26000213623047
2025-05-12 12:00:00+00:00,66.19000244140625
2025-05-12 13:00:00+00:00,65.69999694824219
2025-05-12 14:00:00+00:00,65.30999755859375
2025-05-12 15:00:00+00:00,65.1500015258789
2025-05-12 16:00:00+00:00,65.20999908447266
2025-05-12 17:00:00+00:00,65.08000183105469
2025-05-12 18:00:00+00:00,64.94000244140625
2025-05-12 19:00:00+00:00,64.79000091552734
2025-05-12 20:00:00+00:00,64.94000244140625
2025-05-12 22:00:00+00:00,64.88999938964844
2025-05-12 23:00:00+00:00,64.91999816894531
2025-05-13 00:00:00+00:00,64.69000244140625
2025-05-13 01:00:00+00:00,64.69000244140625
2025-05-13 02:00:00+00:00,64.75
2025-05-13 03:00:00+00:00,64.76000213623047
2025-05-13 04:00:00+00:00,64.83000183105469
2025-05-13 05:00:00+00:00,64.87999725341797
2025-05-13 06:00:00+00:00,64.94999694824219
2025-05-13 07:00:00+00:00,64.91999816894531
2025-05-13 08:00:00+00:00,65.2300033569336
2025-05-13 09:00:00+00:00,65.30000305175781
2025-05-13 10:00:00+00:00,65.44999694824219
2025-05-13 11:00:00+00:00,65.62999725341797
2025-05-13 12:00:00+00:00,65.79000091552734
2025-05-13 13:00:00+00:00,65.63999938964844
2025-05-13 14:00:00+00:00,65.88999938964844
2025-05-13 15:00:00+00:00,66.55999755859375
2025-05-13 16:00:00+00:00,66.7699966430664
2025-05-13 17:00:00+00:00,66.68000030517578
2025-05-13 18:00:00+00:00,66.61000061035156
2025-05-13 19:00:00+00:00,66.54000091552734
2025-05-13 20:00:00+00:00,66.55000305175781
2025-05-13 22:00:00+00:00,66.5
2025-05-13 23:00:00+00:00,66.56999969482422
2025-05-14 00:00:00+00:00,66.37999725341797
2025-05-14 01:00:00+00:00,66.33000183105469
2025-05-14 02:00:00+00:00,66.26000213623047
2025-05-14 03:00:00+00:00,66.23999786376953
2025-05-14 04:00:00+00:00,66.2699966430664
2025-05-14 05:00:00+00:00,66.30000305175781
2025-05-14 06:00:00+00:00,66.31999969482422
2025-05-14 07:00:00+00:00,66.44999694824219
2025-05-14 08:00:00+00:00,66.33000183105469
2025-05-14 09:00:00+00:00,65.87000274658203
2025-05-14 10:00:00+00:00,65.88999938964844
2025-05-14 11:00:00+00:00,65.97000122070312
2025-05-14 12:00:00+00:00,66.0
2025-05-14 13:00:00+00:00,66.38999938964844
2025-05-14 14:00:00+00:00,66.3499984741211
2025-05-14 15:00:00+00:00,66.08999633789062
2025-05-14 16:00:00+00:00,66.31999969482422
2025-05-14 17:00:00+00:00,66.30000305175781
2025-05-14 18:00:00+00:00,65.87000274658203
2025-05-14 19:00:00+00:00,65.7300033569336
2025-05-14 20:00:00+00:00,65.80999755859375
2025-05-14 22:00:00+00:00,65.08999633789062
2025-05-14 23:00:00+00:00,65.20999908447266
2025-05-15 00:00:00+00:00,65.08999633789062
2025-05-15 01:00:00+00:00,64.86000061035156
2025-05-15 02:00:00+00:00,64.55000305175781
2025-05-15 03:00:00+00:00,64.63999938964844
2025-05-15 04:00:00+00:00,64.61000061035156
2025-05-15 05:00:00+00:00,64.33000183105469
2025-05-15 06:00:00+00:00,63.97999954223633
2025-05-15 07:00:00+00:00,64.19000244140625
2025-05-15 08:00:00+00:00,63.630001068115234
2025-05-15 09:00:00+00:00,63.5099983215332
2025-05-15 10:00:00+00:00,63.9900016784668
2025-05-15 11:00:00+00:00,64.12999725341797
2025-05-15 12:00:00+00:00,64.31999969482422
2025-05-15 13:00:00+00:00,64.68000030517578
2025-05-15 14:00:00+00:00,64.23999786376953
2025-05-15 15:00:00+00:00,64.51000213623047
2025-05-15 16:00:00+00:00,64.54000091552734
2025-05-15 17:00:00+00:00,64.5999984741211
2025-05-15 18:00:00+00:00,64.58000183105469
2025-05-15 19:00:00+00:00,64.69000244140625
2025-05-15 20:00:00+00:00,64.5999984741211
2025-05-15 22:00:00+00:00,64.61000061035156
2025-05-15 23:00:00+00:00,64.70999908447266
2025-05-16 00:00:00+00:00,64.5199966430664
2025-05-16 01:00:00+00:00,64.5999984741211
2025-05-16 02:00:00+00:00,64.61000061035156
2025-05-16 03:00:00+00:00,64.61000061035156
2025-05-16 04:00:00+00:00,64.86000061035156
2025-05-16 05:00:00+00:00,64.55000305175781
2025-05-16 06:00:00+00:00,64.31999969482422
2025-05-16 07:00:00+00:00,64.5999984741211
2025-05-16 08:00:00+00:00,64.30999755859375
2025-05-16 09:00:00+00:00,64.51000213623047
2025-05-16 10:00:00+00:00,64.87999725341797
2025-05-16 11:00:00+00:00,64.70999908447266
2025-05-16 12:00:00+00:00,64.93000030517578
2025-05-16 13:00:00+00:00,64.81999969482422
2025-05-16 14:00:00+00:00,64.95999908447266
2025-05-16 15:00:00+00:00,65.41999816894531
2025-05-16 16:00:00+00:00,65.37999725341797
2025-05-16 17:00:00+00:00,65.5
2025-05-16 18:00:00+00:00,65.44000244140625
2025-05-16 19:00:00+00:00,65.25
2025-05-16 20:00:00+00:00,65.38999938964844
2025-05-18 22:00:00+00:00,65.58000183105469
2025-05-18 23:00:00+00:00,65.52999877929688
2025-05-19 00:00:00+00:00,65.37000274658203
2025-05-19 01:00:00+00:00,65.19999694824219
2025-05-19 02:00:00+00:00,65.27999877929688
2025-05-19 03:00:00+00:00,65.16000366210938
2025-05-19 04:00:00+00:00,65.05000305175781
2025-05-19 05:00:00+00:00,65.06999969482422
2025-05-19 06:00:00+00:00,64.88999938964844
2025-05-19 07:00:00+00:00,65.05999755859375
2025-05-19 08:00:00+00:00,64.98999786376953
2025-05-19 09:00:00+00:00,64.81999969482422
2025-05-19 10:00:00+00:00,64.54000091552734
2025-05-19 11:00:00+00:00,64.83000183105469
2025-05-19 12:00:00+00:00,65.27999877929688
2025-05-19 13:00:00+00:00,65.12999725341797
2025-05-19 14:00:00+00:00,65.16000366210938
2025-05-19 15:00:00+00:00,65.86000061035156
2025-05-19 16:00:00+00:00,65.54000091552734
2025-05-19 17:00:00+00:00,65.08000183105469
2025-05-19 18:00:00+00:00,65.26000213623047
2025-05-19 19:00:00+00:00,65.51000213623047
2025-05-19 20:00:00+00:00,65.55000305175781
2025-05-19 22:00:00+00:00,65.56999969482422
2025-05-19 23:00:00+00:00,65.5999984741211
2025-05-20 00:00:00+00:00,65.58000183105469
2025-05-20 01:00:00+00:00,65.55000305175781
2025-05-20 02:00:00+00:00,65.4800033569336
2025-05-20 03:00:00+00:00,65.54000091552734
2025-05-20 04:00:00+00:00,65.29000091552734
2025-05-20 05:00:00+00:00,65.2699966430664
2025-05-20 06:00:00+00:00,65.58000183105469
2025-05-20 07:00:00+00:00,65.04000091552734
2025-05-20 08:00:00+00:00,65.43000030517578
2025-05-20 09:00:00+00:00,65.4000015258789
2025-05-20 10:00:00+00:00,65.38999938964844
2025-05-20 11:00:00+00:00,65.19000244140625
2025-05-20 12:00:00+00:00,65.37000274658203
2025-05-20 13:00:00+00:00,65.06999969482422
2025-05-20 14:00:00+00:00,65.12000274658203
2025-05-20 15:00:00+00:00,65.05999755859375
2025-05-20 16:00:00+00:00,65.62999725341797
2025-05-20 17:00:00+00:00,65.43000030517578
2025-05-20 18:00:00+00:00,65.56999969482422
2025-05-20 19:00:00+00:00,65.66000366210938
2025-05-20 20:00:00+00:00,65.62000274658203
2025-05-20 22:00:00+00:00,66.72000122070312
2025-05-20 23:00:00+00:00,66.3499984741211
2025-05-21 00:00:00+00:00,66.27999877929688
2025-05-21 01:00:00+00:00,66.43000030517578
2025-05-21 02:00:00+00:00,66.4000015258789
2025-05-21 03:00:00+00:00,66.37000274658203
2025-05-21 04:00:00+00:00,66.44999694824219
2025-05-21 05:00:00+00:00,66.37000274658203
2025-05-21 06:00:00+00:00,66.16000366210938
2025-05-21 07:00:00+00:00,66.25
2025-05-21 08:00:00+00:00,66.16000366210938
2025-05-21 09:00:00+00:00,66.16000366210938
2025-05-21 10:00:00+00:00,65.88999938964844
2025-05-21 11:00:00+00:00,65.91000366210938
2025-05-21 12:00:00+00:00,66.1500015258789
2025-05-21 13:00:00+00:00,65.80000305175781
2025-05-21 14:00:00+00:00,65.2699966430664
2025-05-21 15:00:00+00:00,65.08999633789062
2025-05-21 16:00:00+00:00,65.2699966430664
2025-05-21 17:00:00+00:00,64.95999908447266
2025-05-21 18:00:00+00:00,64.87000274658203
2025-05-21 19:00:00+00:00,64.62999725341797
2025-05-21 20:00:00+00:00,64.6500015258789
2025-05-21 22:00:00+00:00,64.5999984741211
2025-05-21 23:00:00+00:00,64.66000366210938
2025-05-22 00:00:00+00:00,64.5199966430664
2025-05-22 01:00:00+00:00,64.69999694824219
2025-05-22 02:00:00+00:00,64.83000183105469
2025-05-22 03:00:00+00:00,64.83999633789062
2025-05-22 04:00:00+00:00,64.94999694824219
2025-05-22 05:00:00+00:00,64.98999786376953
2025-05-22 06:00:00+00:00,63.880001068115234
2025-05-22 07:00:00+00:00,64.26000213623047
2025-05-22 08:00:00+00:00,64.12000274658203
2025-05-22 09:00:00+00:00,63.9900016784668
2025-05-22 10:00:00+00:00,63.58000183105469
2025-05-22 11:00:00+00:00,63.77000045776367
2025-05-22 12:00:00+00:00,63.790000915527344
2025-05-22 13:00:00+00:00,63.869998931884766
2025-05-22 14:00:00+00:00,64.1500015258789
2025-05-22 15:00:00+00:00,63.900001525878906
2025-05-22 16:00:00+00:00,64.38999938964844
2025-05-22 17:00:00+00:00,64.38999938964844
2025-05-22 18:00:00+00:00,64.44999694824219
2025-05-22 19:00:00+00:00,64.16000366210938
2025-05-22 20:00:00+00:00,64.05999755859375
2025-05-22 22:00:00+00:00,64.05000305175781
2025-05-22 23:00:00+00:00,64.01000213623047
2025-05-23 00:00:00+00:00,64.13999938964844
2025-05-23 01:00:00+00:00,64.08999633789062
2025-05-23 02:00:00+00:00,63.959999084472656
2025-05-23 03:00:00+00:00,64.0199966430664
2025-05-23 04:00:00+00:00,64.0199966430664
2025-05-23 05:00:00+00:00,64.08999633789062
2025-05-23 06:00:00+00:00,63.90999984741211
2025-05-23 07:00:00+00:00,64.04000091552734
2025-05-23 08:00:00+00:00,63.959999084472656
2025-05-23 09:00:00+00:00,64.41999816894531
2025-05-23 10:00:00+00:00,63.9900016784668
2025-05-23 11:00:00+00:00,63.709999084472656
2025-05-23 12:00:00+00:00,63.66999816894531
2025-05-23 13:00:00+00:00,63.790000915527344
2025-05-23 14:00:00+00:00,64.05999755859375
2025-05-23 15:00:00+00:00,64.2300033569336
2025-05-23 16:00:00+00:00,64.05999755859375
2025-05-23 17:00:00+00:00,64.7699966430664
2025-05-23 18:00:00+00:00,64.94999694824219
2025-05-23 19:00:00+00:00,64.30000305175781
2025-05-23 20:00:00+00:00,65.0199966430664
2025-05-25 22:00:00+00:00,65.23999786376953
2025-05-25 23:00:00+00:00,64.5999984741211
2025-05-26 00:00:00+00:00,65.02999877929688
2025-05-26 01:00:00+00:00,64.37000274658203
2025-05-26 02:00:00+00:00,64.20999908447266
2025-05-26 03:00:00+00:00,64.41999816894531
2025-05-26 04:00:00+00:00,64.4000015258789
2025-05-26 05:00:00+00:00,65.02999877929688
2025-05-26 06:00:00+00:00,64.4000015258789
2025-05-26 07:00:00+00:00,64.4800033569336
2025-05-26 08:00:00+00:00,64.48999786376953
2025-05-26 09:00:00+00:00,64.25
2025-05-26 10:00:00+00:00,64.58999633789062
2025-05-26 11:00:00+00:00,64.72000122070312
2025-05-26 12:00:00+00:00,64.7699966430664
2025-05-26 13:00:00+00:00,64.52999877929688
2025-05-26 14:00:00+00:00,63.959999084472656
2025-05-26 15:00:00+00:00,64.26000213623047
2025-05-26 16:00:00+00:00,64.12000274658203
2025-05-26 17:00:00+00:00,64.18000030517578
2025-05-26 18:00:00+00:00,64.7699966430664
2025-05-26 22:00:00+00:00,64.01000213623047
2025-05-26 23:00:00+00:00,64.70999908447266
2025-05-27 00:00:00+00:00,64.31999969482422
2025-05-27 01:00:00+00:00,63.9900016784668
2025-05-27 02:00:00+00:00,63.970001220703125
2025-05-27 03:00:00+00:00,64.55999755859375
2025-05-27 04:00:00+00:00,64.52999877929688
2025-05-27 05:00:00+00:00,64.56999969482422
2025-05-27 06:00:00+00:00,63.63999938964844
2025-05-27 07:00:00+00:00,63.88999938964844
2025-05-27 08:00:00+00:00,64.22000122070312
2025-05-27 09:00:00+00:00,64.87999725341797
2025-05-27 10:00:00+00:00,63.439998626708984
2025-05-27 11:00:00+00:00,64.45999908447266
2025-05-27 12:00:00+00:00,63.900001525878906
2025-05-27 13:00:00+00:00,64.33999633789062
2025-05-27 14:00:00+00:00,63.779998779296875
2025-05-27 15:00:00+00:00,62.59000015258789
2025-05-27 16:00:00+00:00,63.93000030517578
2025-05-27 17:00:00+00:00,63.40999984741211
2025-05-27 18:00:00+00:00,63.59000015258789
2025-05-27 19:00:00+00:00,63.65999984741211
2025-05-27 20:00:00+00:00,64.2699966430664
2025-05-27 22:00:00+00:00,63.83000183105469
2025-05-27 23:00:00+00:00,63.88999938964844
2025-05-28 00:00:00+00:00,64.01000213623047
2025-05-28 01:00:00+00:00,63.84000015258789
2025-05-28 02:00:00+00:00,63.9900016784668
2025-05-28 03:00:00+00:00,63.27000045776367
2025-05-28 04:00:00+00:00,63.86000061035156
2025-05-28 05:00:00+00:00,63.790000915527344
2025-05-28 06:00:00+00:00,63.59000015258789
2025-05-28 07:00:00+00:00,63.970001220703125
2025-05-28 08:00:00+00:00,63.66999816894531
2025-05-28 09:00:00+00:00,64.48999786376953
2025-05-28 10:00:00+00:00,64.1500015258789
2025-05-28 11:00:00+00:00,64.5999984741211
2025-05-28 12:00:00+00:00,64.37999725341797
2025-05-28 13:00:00+00:00,64.38999938964844
2025-05-28 14:00:00+00:00,64.2300033569336
2025-05-28 15:00:00+00:00,64.83999633789062
2025-05-28 16:00:00+00:00,64.62999725341797
2025-05-28 17:00:00+00:00,64.43000030517578
2025-05-28 18:00:00+00:00,64.05000305175781
2025-05-28 19:00:00+00:00,64.04000091552734
2025-05-28 20:00:00+00:00,64.31999969482422
2025-05-28 22:00:00+00:00,63.83000183105469
2025-05-28 23:00:00+00:00,64.66999816894531
2025-05-29 00:00:00+00:00,64.36000061035156
2025-05-29 01:00:00+00:00,65.08000183105469
2025-05-29 02:00:00+00:00,65.69999694824219
2025-05-29 03:00:00+00:00,65.68000030517578
2025-05-29 04:00:00+00:00,65.19000244140625
2025-05-29 05:00:00+00:00,65.95999908447266
2025-05-29 06:00:00+00:00,65.37999725341797
2025-05-29 07:00:00+00:00,65.44000244140625
2025-05-29 08:00:00+00:00,64.9800033569336
2025-05-29 09:00:00+00:00,65.18000030517578
2025-05-29 10:00:00+00:00,64.41000366210938
2025-05-29 11:00:00+00:00,63.849998474121094
2025-05-29 12:00:00+00:00,64.04000091552734
2025-05-29 13:00:00+00:00,64.16999816894531
2025-05-29 14:00:00+00:00,63.54999923706055
2025-05-29 15:00:00+00:00,63.47999954223633
2025-05-29 16:00:00+00:00,63.349998474121094
2025-05-29 17:00:00+00:00,63.25
2025-05-29 18:00:00+00:00,63.34000015258789
2025-05-29 19:00:00+00:00,63.34000015258789
2025-05-29 20:00:00+00:00,63.36000061035156
2025-05-29 22:00:00+00:00,63.34000015258789
2025-05-29 23:00:00+00:00,63.2400016784668
2025-05-30 00:00:00+00:00,63.20000076293945
2025-05-30 01:00:00+00:00,63.150001525878906
2025-05-30 02:00:00+00:00,63.150001525878906
2025-05-30 03:00:00+00:00,63.0099983215332
2025-05-30 04:00:00+00:00,63.11000061035156
2025-05-30 05:00:00+00:00,63.150001525878906
2025-05-30 06:00:00+00:00,63.08000183105469
2025-05-30 07:00:00+00:00,63.41999816894531
2025-05-30 08:00:00+00:00,63.65999984741211
2025-05-30 09:00:00+00:00,63.650001525878906
2025-05-30 10:00:00+00:00,63.880001068115234
2025-05-30 11:00:00+00:00,63.31999969482422
2025-05-30 12:00:00+00:00,62.58000183105469
2025-05-30 13:00:00+00:00,62.529998779296875
2025-05-30 14:00:00+00:00,62.7400016784668
2025-05-30 15:00:00+00:00,62.40999984741211
2025-05-30 16:00:00+00:00,62.40999984741211
2025-05-30 17:00:00+00:00,62.619998931884766
2025-05-30 18:00:00+00:00,62.68000030517578
2025-05-30 19:00:00+00:00,62.84000015258789
2025-05-30 20:00:00+00:00,62.689998626708984
2025-06-01 22:00:00+00:00,63.81999969482422
2025-06-01 23:00:00+00:00,63.91999816894531
2025-06-02 00:00:00+00:00,64.08000183105469
2025-06-02 01:00:00+00:00,64.19000244140625
2025-06-02 02:00:00+00:00,64.45999908447266
2025-06-02 03:00:00+00:00,64.25
2025-06-02 04:00:00+00:00,64.23999786376953
2025-06-02 05:00:00+00:00,64.29000091552734
2025-06-02 06:00:00+00:00,64.27999877929688
2025-06-02 07:00:00+00:00,64.23999786376953
2025-06-02 08:00:00+00:00,64.68000030517578
2025-06-02 09:00:00+00:00,64.95999908447266
2025-06-02 10:00:00+00:00,65.19999694824219
2025-06-02 11:00:00+00:00,65.11000061035156
2025-06-02 12:00:00+00:00,65.36000061035156
2025-06-02 13:00:00+00:00,64.66999816894531
2025-06-02 14:00:00+00:00,64.87999725341797
2025-06-02 15:00:00+00:00,64.88999938964844
2025-06-02 16:00:00+00:00,65.08000183105469
2025-06-02 17:00:00+00:00,65.04000091552734
2025-06-02 18:00:00+00:00,64.94000244140625
2025-06-02 19:00:00+00:00,65.12000274658203
2025-06-02 20:00:00+00:00,65.11000061035156
2025-06-02 22:00:00+00:00,65.16999816894531
2025-06-02 23:00:00+00:00,65.18000030517578
2025-06-03 00:00:00+00:00,65.01000213623047
2025-06-03 01:00:00+00:00,65.06999969482422
2025-06-03 02:00:00+00:00,65.0199966430664
2025-06-03 03:00:00+00:00,64.91999816894531
2025-06-03 04:00:00+00:00,64.8499984741211
2025-06-03 05:00:00+00:00,64.75
2025-06-03 06:00:00+00:00,64.8499984741211
2025-06-03 07:00:00+00:00,65.08999633789062
2025-06-03 08:00:00+00:00,64.79000091552734
2025-06-03 09:00:00+00:00,64.62000274658203
2025-06-03 10:00:00+00:00,64.87000274658203
2025-06-03 11:00:00+00:00,65.0999984741211
2025-06-03 12:00:00+00:00,65.20999908447266
2025-06-03 13:00:00+00:00,65.16999816894531
2025-06-03 14:00:00+00:00,65.72000122070312
2025-06-03 15:00:00+00:00,65.73999786376953
2025-06-03 16:00:00+00:00,65.79000091552734
2025-06-03 17:00:00+00:00,65.72000122070312
2025-06-03 18:00:00+00:00,65.72000122070312
2025-06-03 19:00:00+00:00,65.58000183105469
2025-06-03 20:00:00+00:00,65.5999984741211
2025-06-03 22:00:00+00:00,65.5999984741211
2025-06-03 23:00:00+00:00,65.54000091552734
2025-06-04 00:00:00+00:00,65.48999786376953
2025-06-04 01:00:00+00:00,65.58000183105469
2025-06-04 02:00:00+00:00,65.44000244140625
2025-06-04 03:00:00+00:00,65.41999816894531
2025-06-04 04:00:00+00:00,65.37000274658203
2025-06-04 05:00:00+00:00,65.37999725341797
2025-06-04 06:00:00+00:00,65.4000015258789
2025-06-04 07:00:00+00:00,65.62999725341797
2025-06-04 08:00:00+00:00,65.5
2025-06-04 09:00:00+00:00,65.91999816894531
2025-06-04 10:00:00+00:00,65.7300033569336
2025-06-04 11:00:00+00:00,65.66999816894531
2025-06-04 12:00:00+00:00,65.26000213623047
2025-06-04 13:00:00+00:00,65.73999786376953
2025-06-04 14:00:00+00:00,65.29000091552734
2025-06-04 15:00:00+00:00,64.69000244140625
2025-06-04 16:00:00+00:00,64.70999908447266
2025-06-04 17:00:00+00:00,64.77999877929688
2025-06-04 18:00:00+00:00,64.95999908447266
2025-06-04 19:00:00+00:00,64.91000366210938
2025-06-04 20:00:00+00:00,64.83000183105469
2025-06-04 22:00:00+00:00,64.72000122070312
2025-06-04 23:00:00+00:00,64.75
2025-06-05 00:00:00+00:00,64.73999786376953
2025-06-05 01:00:00+00:00,64.9000015258789
2025-06-05 02:00:00+00:00,64.79000091552734
2025-06-05 03:00:00+00:00,64.76000213623047
2025-06-05 04:00:00+00:00,64.69999694824219
2025-06-05 05:00:00+00:00,64.77999877929688
2025-06-05 06:00:00+00:00,64.97000122070312
2025-06-05 07:00:00+00:00,65.11000061035156
2025-06-05 08:00:00+00:00,65.12999725341797
2025-06-05 09:00:00+00:00,65.08000183105469
2025-06-05 10:00:00+00:00,65.23999786376953
2025-06-05 11:00:00+00:00,65.12999725341797
2025-06-05 12:00:00+00:00,65.5999984741211
2025-06-05 13:00:00+00:00,65.69000244140625
2025-06-05 14:00:00+00:00,65.69000244140625
2025-06-05 15:00:00+00:00,65.48999786376953
2025-06-05 16:00:00+00:00,65.26000213623047
2025-06-05 17:00:00+00:00,65.38999938964844
2025-06-05 18:00:00+00:00,65.37999725341797
2025-06-05 19:00:00+00:00,65.30999755859375
2025-06-05 20:00:00+00:00,65.25
2025-06-05 22:00:00+00:00,65.1500015258789
2025-06-05 23:00:00+00:00,65.19999694824219
2025-06-06 00:00:00+00:00,65.30000305175781
2025-06-06 01:00:00+00:00,65.20999908447266
2025-06-06 02:00:00+00:00,65.13999938964844
2025-06-06 03:00:00+00:00,65.16999816894531
2025-06-06 04:00:00+00:00,65.16000366210938
2025-06-06 05:00:00+00:00,65.08000183105469
2025-06-06 06:00:00+00:00,65.19999694824219
2025-06-06 07:00:00+00:00,64.9800033569336
2025-06-06 08:00:00+00:00,65.1500015258789
2025-06-06 09:00:00+00:00,65.2300033569336
2025-06-06 10:00:00+00:00,65.41999816894531
2025-06-06 11:00:00+00:00,65.30000305175781
2025-06-06 12:00:00+00:00,65.62000274658203
2025-06-06 13:00:00+00:00,66.38999938964844
2025-06-06 14:00:00+00:00,66.29000091552734
2025-06-06 15:00:00+00:00,66.54000091552734
2025-06-06 16:00:00+00:00,66.47000122070312
2025-06-06 17:00:00+00:00,66.3499984741211
2025-06-06 18:00:00+00:00,66.56999969482422
2025-06-06 19:00:00+00:00,66.4800033569336
2025-06-06 20:00:00+00:00,66.6500015258789
2025-06-08 22:00:00+00:00,66.54000091552734
2025-06-08 23:00:00+00:00,66.5199966430664
2025-06-09 00:00:00+00:00,66.43000030517578
2025-06-09 01:00:00+00:00,66.44999694824219
2025-06-09 02:00:00+00:00,66.43000030517578
2025-06-09 03:00:00+00:00,66.41000366210938
2025-06-09 04:00:00+00:00,66.41000366210938
2025-06-09 05:00:00+00:00,66.38999938964844
2025-06-09 06:00:00+00:00,66.26000213623047
2025-06-09 07:00:00+00:00,66.33000183105469
2025-06-09 08:00:00+00:00,66.52999877929688
2025-06-09 09:00:00+00:00,66.62000274658203
2025-06-09 10:00:00+00:00,66.68000030517578
2025-06-09 11:00:00+00:00,66.86000061035156
2025-06-09 12:00:00+00:00,66.86000061035156
2025-06-09 13:00:00+00:00,66.41999816894531
2025-06-09 14:00:00+00:00,66.87000274658203
2025-06-09 15:00:00+00:00,66.9000015258789
2025-06-09 16:00:00+00:00,66.76000213623047
2025-06-09 17:00:00+00:00,66.73999786376953
2025-06-09 18:00:00+00:00,67.08000183105469
2025-06-09 19:00:00+00:00,67.0199966430664
2025-06-09 20:00:00+00:00,67.0999984741211
2025-06-09 22:00:00+00:00,67.06999969482422
2025-06-09 23:00:00+00:00,67.0999984741211
2025-06-10 00:00:00+00:00,67.1500015258789
2025-06-10 01:00:00+00:00,67.3499984741211
2025-06-10 02:00:00+00:00,67.33999633789062
2025-06-10 03:00:00+00:00,67.20999908447266
2025-06-10 04:00:00+00:00,67.19999694824219
2025-06-10 05:00:00+00:00,67.16999816894531
2025-06-10 06:00:00+00:00,67.12000274658203
2025-06-10 07:00:00+00:00,67.06999969482422
2025-06-10 08:00:00+00:00,67.23999786376953
2025-06-10 09:00:00+00:00,67.16999816894531
2025-06-10 10:00:00+00:00,67.4000015258789
2025-06-10 11:00:00+00:00,67.45999908447266
2025-06-10 12:00:00+00:00,67.2699966430664
2025-06-10 13:00:00+00:00,67.5999984741211
2025-06-10 14:00:00+00:00,67.68000030517578
2025-06-10 15:00:00+00:00,67.55999755859375
2025-06-10 16:00:00+00:00,67.27999877929688
2025-06-10 17:00:00+00:00,67.08999633789062
2025-06-10 18:00:00+00:00,66.58999633789062
2025-06-10 19:00:00+00:00,66.7300033569336
2025-06-10 20:00:00+00:00,66.56999969482422
2025-06-10 22:00:00+00:00,66.55999755859375
2025-06-10 23:00:00+00:00,66.62999725341797
2025-06-11 00:00:00+00:00,66.58000183105469
2025-06-11 01:00:00+00:00,66.7300033569336
2025-06-11 02:00:00+00:00,66.66999816894531
2025-06-11 03:00:00+00:00,66.77999877929688
2025-06-11 04:00:00+00:00,66.7699966430664
2025-06-11 05:00:00+00:00,66.87999725341797
2025-06-11 06:00:00+00:00,66.73999786376953
2025-06-11 07:00:00+00:00,67.01000213623047
2025-06-11 08:00:00+00:00,66.94000244140625
2025-06-11 09:00:00+00:00,67.47000122070312
2025-06-11 10:00:00+00:00,67.7300033569336
2025-06-11 11:00:00+00:00,67.83999633789062
2025-06-11 12:00:00+00:00,68.05999755859375
2025-06-11 13:00:00+00:00,68.12999725341797
2025-06-11 14:00:00+00:00,67.9800033569336
2025-06-11 15:00:00+00:00,68.41999816894531
2025-06-11 16:00:00+00:00,68.36000061035156
2025-06-11 17:00:00+00:00,68.9000015258789
2025-06-11 18:00:00+00:00,69.66999816894531
2025-06-11 19:00:00+00:00,69.5199966430664
2025-06-11 20:00:00+00:00,69.91999816894531
2025-06-11 22:00:00+00:00,70.56999969482422
2025-06-11 23:00:00+00:00,70.20999908447266
2025-06-12 00:00:00+00:00,69.7699966430664
2025-06-12 01:00:00+00:00,69.41999816894531
2025-06-12 02:00:00+00:00,69.37999725341797
2025-06-12 03:00:00+00:00,69.47000122070312
2025-06-12 04:00:00+00:00,69.45999908447266
2025-06-12 05:00:00+00:00,69.2300033569336
2025-06-12 06:00:00+00:00,69.30999755859375
2025-06-12 07:00:00+00:00,68.97000122070312
2025-06-12 08:00:00+00:00,69.12000274658203
2025-06-12 09:00:00+00:00,68.7699966430664
2025-06-12 10:00:00+00:00,68.70999908447266
2025-06-12 11:00:00+00:00,68.47000122070312
2025-06-12 12:00:00+00:00,68.80999755859375
2025-06-12 13:00:00+00:00,69.08999633789062
2025-06-12 14:00:00+00:00,69.20999908447266
2025-06-12 15:00:00+00:00,69.76000213623047
2025-06-12 16:00:00+00:00,69.55999755859375
2025-06-12 17:00:00+00:00,69.6500015258789
2025-06-12 18:00:00+00:00,69.4800033569336
2025-06-12 19:00:00+00:00,69.58000183105469
2025-06-12 20:00:00+00:00,70.26000213623047
2025-06-12 22:00:00+00:00,69.94999694824219
2025-06-12 23:00:00+00:00,70.66999816894531
2025-06-13 00:00:00+00:00,74.38999938964844
2025-06-13 01:00:00+00:00,74.66999816894531
2025-06-13 02:00:00+00:00,76.80999755859375
2025-06-13 03:00:00+00:00,75.44999694824219
2025-06-13 04:00:00+00:00,74.7300033569336
2025-06-13 05:00:00+00:00,74.37000274658203
2025-06-13 06:00:00+00:00,73.08999633789062
2025-06-13 07:00:00+00:00,73.16000366210938
2025-06-13 08:00:00+00:00,74.19999694824219
2025-06-13 09:00:00+00:00,74.9800033569336
2025-06-13 10:00:00+00:00,74.91999816894531
2025-06-13 11:00:00+00:00,74.2699966430664
2025-06-13 12:00:00+00:00,74.88999938964844
2025-06-13 13:00:00+00:00,73.8499984741211
2025-06-13 14:00:00+00:00,73.16000366210938
2025-06-13 15:00:00+00:00,73.44999694824219
2025-06-13 16:00:00+00:00,73.4800033569336
2025-06-13 17:00:00+00:00,74.4800033569336
2025-06-13 18:00:00+00:00,75.08999633789062
2025-06-13 19:00:00+00:00,74.31999969482422
2025-06-13 20:00:00+00:00,74.55000305175781
2025-06-15 22:00:00+00:00,75.6500015258789
2025-06-15 23:00:00+00:00,75.58999633789062
2025-06-16 00:00:00+00:00,75.01000213623047
2025-06-16 01:00:00+00:00,75.12999725341797
2025-06-16 02:00:00+00:00,74.9800033569336
2025-06-16 03:00:00+00:00,74.81999969482422
2025-06-16 04:00:00+00:00,74.87000274658203
2025-06-16 05:00:00+00:00,74.62000274658203
2025-06-16 06:00:00+00:00,74.80999755859375
2025-06-16 07:00:00+00:00,74.0199966430664
2025-06-16 08:00:00+00:00,73.6500015258789
2025-06-16 09:00:00+00:00,73.69000244140625
2025-06-16 10:00:00+00:00,73.25
2025-06-16 11:00:00+00:00,73.30000305175781
2025-06-16 12:00:00+00:00,72.9000015258789
2025-06-16 13:00:00+00:00,71.36000061035156
2025-06-16 14:00:00+00:00,71.44999694824219
2025-06-16 15:00:00+00:00,72.58000183105469
2025-06-16 16:00:00+00:00,73.13999938964844
2025-06-16 17:00:00+00:00,72.91999816894531
2025-06-16 18:00:00+00:00,72.75
2025-06-16 19:00:00+00:00,72.9000015258789
2025-06-16 20:00:00+00:00,72.98999786376953
2025-06-16 22:00:00+00:00,74.08000183105469
2025-06-16 23:00:00+00:00,74.55000305175781
2025-06-17 00:00:00+00:00,73.68000030517578
2025-06-17 01:00:00+00:00,73.88999938964844
2025-06-17 02:00:00+00:00,73.95999908447266
2025-06-17 03:00:00+00:00,73.48999786376953
2025-06-17 04:00:00+00:00,73.83999633789062
2025-06-17 05:00:00+00:00,73.61000061035156
2025-06-17 06:00:00+00:00,72.83999633789062
2025-06-17 07:00:00+00:00,74.12000274658203
2025-06-17 08:00:00+00:00,74.2300033569336
2025-06-17 09:00:00+00:00,74.37999725341797
2025-06-17 10:00:00+00:00,74.55999755859375
2025-06-17 11:00:00+00:00,74.80000305175781
2025-06-17 12:00:00+00:00,74.55000305175781
2025-06-17 13:00:00+00:00,75.2699966430664
2025-06-17 14:00:00+00:00,75.08000183105469
2025-06-17 15:00:00+00:00,75.08999633789062
2025-06-17 16:00:00+00:00,75.38999938964844
2025-06-17 17:00:00+00:00,75.98999786376953
2025-06-17 18:00:00+00:00,76.7300033569336
2025-06-17 19:00:00+00:00,76.45999908447266
2025-06-17 20:00:00+00:00,76.88999938964844
2025-06-17 22:00:00+00:00,76.86000061035156
2025-06-17 23:00:00+00:00,76.77999877929688
2025-06-18 00:00:00+00:00,76.69000244140625
2025-06-18 01:00:00+00:00,76.33000183105469
2025-06-18 02:00:00+00:00,76.75
2025-06-18 03:00:00+00:00,76.73999786376953
2025-06-18 04:00:00+00:00,76.48999786376953
2025-06-18 05:00:00+00:00,76.38999938964844
2025-06-18 06:00:00+00:00,76.31999969482422
2025-06-18 07:00:00+00:00,76.04000091552734
2025-06-18 08:00:00+00:00,75.55000305175781
2025-06-18 09:00:00+00:00,75.77999877929688
2025-06-18 10:00:00+00:00,76.55000305175781
2025-06-18 11:00:00+00:00,76.55000305175781
2025-06-18 12:00:00+00:00,76.66000366210938
2025-06-18 13:00:00+00:00,77.30999755859375
2025-06-18 14:00:00+00:00,75.30000305175781
2025-06-18 15:00:00+00:00,75.5199966430664
2025-06-18 16:00:00+00:00,75.97000122070312
2025-06-18 17:00:00+00:00,76.18000030517578
2025-06-18 18:00:00+00:00,76.73999786376953
2025-06-18 19:00:00+00:00,76.29000091552734
2025-06-18 20:00:00+00:00,76.20999908447266
2025-06-18 22:00:00+00:00,76.54000091552734
2025-06-18 23:00:00+00:00,76.51000213623047
2025-06-19 00:00:00+00:00,75.93000030517578
2025-06-19 01:00:00+00:00,76.30000305175781
2025-06-19 02:00:00+00:00,76.4800033569336
2025-06-19 03:00:00+00:00,76.4800033569336
2025-06-19 04:00:00+00:00,76.56999969482422
2025-06-19 05:00:00+00:00,76.80999755859375
2025-06-19 06:00:00+00:00,77.4800033569336
2025-06-19 07:00:00+00:00,77.05000305175781
2025-06-19 08:00:00+00:00,76.93000030517578
2025-06-19 09:00:00+00:00,76.81999969482422
2025-06-19 10:00:00+00:00,77.33999633789062
2025-06-19 11:00:00+00:00,77.73999786376953
2025-06-19 12:00:00+00:00,77.58000183105469
2025-06-19 13:00:00+00:00,77.93000030517578
2025-06-19 14:00:00+00:00,78.44999694824219
2025-06-19 15:00:00+00:00,78.33999633789062
2025-06-19 16:00:00+00:00,78.83999633789062
2025-06-19 17:00:00+00:00,76.56999969482422
2025-06-19 18:00:00+00:00,77.22000122070312
2025-06-19 22:00:00+00:00,76.66999816894531
2025-06-19 23:00:00+00:00,77.20999908447266
2025-06-20 00:00:00+00:00,77.33000183105469
2025-06-20 01:00:00+00:00,76.76000213623047
2025-06-20 02:00:00+00:00,76.98999786376953
2025-06-20 03:00:00+00:00,76.97000122070312
2025-06-20 04:00:00+00:00,77.1500015258789
2025-06-20 05:00:00+00:00,76.4000015258789
2025-06-20 06:00:00+00:00,76.87999725341797
2025-06-20 07:00:00+00:00,77.08999633789062
2025-06-20 08:00:00+00:00,77.12000274658203
2025-06-20 09:00:00+00:00,77.08000183105469
2025-06-20 10:00:00+00:00,77.12000274658203
2025-06-20 11:00:00+00:00,76.30999755859375
2025-06-20 12:00:00+00:00,76.41999816894531
2025-06-20 13:00:00+00:00,76.2300033569336
2025-06-20 14:00:00+00:00,76.80999755859375
2025-06-20 15:00:00+00:00,76.73999786376953
2025-06-20 16:00:00+00:00,76.68000030517578
2025-06-20 17:00:00+00:00,77.18000030517578
2025-06-20 18:00:00+00:00,77.01000213623047
2025-06-20 19:00:00+00:00,77.18000030517578
2025-06-20 20:00:00+00:00,77.2699966430664
2025-06-22 22:00:00+00:00,78.5
2025-06-22 23:00:00+00:00,79.0199966430664
2025-06-23 00:00:00+00:00,79.08999633789062
2025-06-23 01:00:00+00:00,78.45999908447266
2025-06-23 02:00:00+00:00,78.43000030517578
2025-06-23 03:00:00+00:00,78.44999694824219
2025-06-23 04:00:00+00:00,78.05999755859375
2025-06-23 05:00:00+00:00,78.27999877929688
2025-06-23 06:00:00+00:00,78.12999725341797
2025-06-23 07:00:00+00:00,77.33000183105469
2025-06-23 08:00:00+00:00,76.94999694824219
2025-06-23 09:00:00+00:00,77.52999877929688
2025-06-23 10:00:00+00:00,77.80000305175781
2025-06-23 11:00:00+00:00,77.51000213623047
2025-06-23 12:00:00+00:00,76.94999694824219
2025-06-23 13:00:00+00:00,76.86000061035156
2025-06-23 14:00:00+00:00,76.19999694824219
2025-06-23 15:00:00+00:00,76.88999938964844
2025-06-23 16:00:00+00:00,75.33000183105469
2025-06-23 17:00:00+00:00,72.33000183105469
2025-06-23 18:00:00+00:00,71.52999877929688
2025-06-23 19:00:00+00:00,70.94000244140625
2025-06-23 20:00:00+00:00,70.12999725341797
2025-06-23 22:00:00+00:00,68.55000305175781
2025-06-23 23:00:00+00:00,68.69999694824219
2025-06-24 00:00:00+00:00,68.98999786376953
2025-06-24 01:00:00+00:00,69.37999725341797
2025-06-24 02:00:00+00:00,69.87000274658203
2025-06-24 03:00:00+00:00,69.76000213623047
2025-06-24 04:00:00+00:00,69.56999969482422
2025-06-24 05:00:00+00:00,68.8499984741211
2025-06-24 06:00:00+00:00,68.37999725341797
2025-06-24 07:00:00+00:00,69.33999633789062
2025-06-24 08:00:00+00:00,69.12999725341797
2025-06-24 09:00:00+00:00,69.1500015258789
2025-06-24 10:00:00+00:00,69.51000213623047
2025-06-24 11:00:00+00:00,68.94999694824219
2025-06-24 12:00:00+00:00,68.68000030517578
2025-06-24 13:00:00+00:00,68.37999725341797
2025-06-24 14:00:00+00:00,68.0199966430664
2025-06-24 15:00:00+00:00,67.33999633789062
2025-06-24 16:00:00+00:00,67.02999877929688
2025-06-24 17:00:00+00:00,67.63999938964844
2025-06-24 18:00:00+00:00,67.43000030517578
2025-06-24 19:00:00+00:00,67.77999877929688
2025-06-24 20:00:00+00:00,67.79000091552734
2025-06-24 22:00:00+00:00,67.91000366210938
2025-06-24 23:00:00+00:00,67.91999816894531
2025-06-25 00:00:00+00:00,67.83999633789062
2025-06-25 01:00:00+00:00,68.05999755859375
2025-06-25 02:00:00+00:00,67.9800033569336
2025-06-25 03:00:00+00:00,67.98999786376953
2025-06-25 04:00:00+00:00,67.91999816894531
2025-06-25 05:00:00+00:00,68.18000030517578
2025-06-25 06:00:00+00:00,68.23999786376953
2025-06-25 07:00:00+00:00,68.3499984741211
2025-06-25 08:00:00+00:00,67.02999877929688
2025-06-25 09:00:00+00:00,66.87999725341797
2025-06-25 10:00:00+00:00,66.73999786376953
2025-06-25 11:00:00+00:00,66.47000122070312
2025-06-25 12:00:00+00:00,66.69999694824219
2025-06-25 13:00:00+00:00,66.58000183105469
2025-06-25 14:00:00+00:00,66.80000305175781
2025-06-25 15:00:00+00:00,67.08999633789062
2025-06-25 16:00:00+00:00,67.16000366210938
2025-06-25 17:00:00+00:00,66.80999755859375
2025-06-25 18:00:00+00:00,66.75
2025-06-25 19:00:00+00:00,66.66000366210938
2025-06-25 20:00:00+00:00,66.41999816894531
2025-06-25 22:00:00+00:00,66.6500015258789
2025-06-25 23:00:00+00:00,66.5
2025-06-26 00:00:00+00:00,66.55000305175781
2025-06-26 01:00:00+00:00,66.76000213623047
2025-06-26 02:00:00+00:00,66.76000213623047
2025-06-26 03:00:00+00:00,66.70999908447266
2025-06-26 04:00:00+00:00,66.76000213623047
2025-06-26 05:00:00+00:00,66.73999786376953
2025-06-26 06:00:00+00:00,67.01000213623047
2025-06-26 07:00:00+00:00,66.63999938964844
2025-06-26 08:00:00+00:00,66.4000015258789
2025-06-26 09:00:00+00:00,66.58000183105469
2025-06-26 10:00:00+00:00,66.8499984741211
2025-06-26 11:00:00+00:00,66.86000061035156
2025-06-26 12:00:00+00:00,66.55999755859375
2025-06-26 13:00:00+00:00,67.0
2025-06-26 14:00:00+00:00,67.47000122070312
2025-06-26 15:00:00+00:00,67.26000213623047
2025-06-26 16:00:00+00:00,67.44999694824219
2025-06-26 17:00:00+00:00,66.86000061035156
2025-06-26 18:00:00+00:00,66.69000244140625
2025-06-26 19:00:00+00:00,66.9000015258789
2025-06-26 20:00:00+00:00,66.68000030517578
2025-06-26 22:00:00+00:00,66.80000305175781
2025-06-26 23:00:00+00:00,66.83000183105469
2025-06-27 00:00:00+00:00,66.88999938964844
2025-06-27 01:00:00+00:00,67.0999984741211
2025-06-27 02:00:00+00:00,67.12000274658203
2025-06-27 03:00:00+00:00,67.0199966430664
2025-06-27 04:00:00+00:00,67.11000061035156
2025-06-27 05:00:00+00:00,67.12000274658203
2025-06-27 06:00:00+00:00,67.05000305175781
2025-06-27 07:00:00+00:00,67.05000305175781
2025-06-27 08:00:00+00:00,67.22000122070312
2025-06-27 09:00:00+00:00,67.06999969482422
2025-06-27 10:00:00+00:00,66.72000122070312
2025-06-27 11:00:00+00:00,67.0999984741211
2025-06-27 12:00:00+00:00,66.91000366210938
2025-06-27 13:00:00+00:00,67.12000274658203
2025-06-27 14:00:00+00:00,67.05000305175781
2025-06-27 15:00:00+00:00,66.5199966430664
2025-06-27 16:00:00+00:00,66.55999755859375
2025-06-27 17:00:00+00:00,66.86000061035156
2025-06-27 18:00:00+00:00,66.62999725341797
2025-06-27 19:00:00+00:00,66.47000122070312
2025-06-27 20:00:00+00:00,66.38999938964844
2025-06-29 22:00:00+00:00,66.1500015258789
2025-06-29 23:00:00+00:00,66.19999694824219
2025-06-30 00:00:00+00:00,66.04000091552734
2025-06-30 01:00:00+00:00,66.19000244140625
2025-06-30 02:00:00+00:00,66.61000061035156
2025-06-30 03:00:00+00:00,66.55000305175781
2025-06-30 04:00:00+00:00,66.63999938964844
2025-06-30 05:00:00+00:00,66.83999633789062
2025-06-30 06:00:00+00:00,66.51000213623047
2025-06-30 07:00:00+00:00,66.58999633789062
2025-06-30 08:00:00+00:00,66.87999725341797
2025-06-30 09:00:00+00:00,66.69999694824219
2025-06-30 10:00:00+00:00,66.66000366210938
2025-06-30 11:00:00+00:00,66.72000122070312
2025-06-30 12:00:00+00:00,66.7699966430664
2025-06-30 13:00:00+00:00,66.80000305175781
2025-06-30 14:00:00+00:00,66.41000366210938
2025-06-30 15:00:00+00:00,66.47000122070312
2025-06-30 16:00:00+00:00,66.75
2025-06-30 17:00:00+00:00,66.56999969482422
2025-06-30 18:00:00+00:00,66.62000274658203
2025-06-30 19:00:00+00:00,66.62999725341797
2025-06-30 20:00:00+00:00,66.55999755859375
2025-06-30 22:00:00+00:00,66.62999725341797
2025-06-30 23:00:00+00:00,66.54000091552734
2025-07-01 00:00:00+00:00,66.55999755859375
2025-07-01 01:00:00+00:00,66.44000244140625
2025-07-01 02:00:00+00:00,66.41999816894531
2025-07-01 03:00:00+00:00,66.4000015258789
2025-07-01 04:00:00+00:00,66.44000244140625
2025-07-01 05:00:00+00:00,66.52999877929688
2025-07-01 06:00:00+00:00,66.87999725341797
2025-07-01 07:00:00+00:00,66.77999877929688
2025-07-01 08:00:00+00:00,66.72000122070312
2025-07-01 09:00:00+00:00,66.56999969482422
2025-07-01 10:00:00+00:00,67.37000274658203
2025-07-01 11:00:00+00:00,67.23999786376953
2025-07-01 12:00:00+00:00,67.36000061035156
2025-07-01 13:00:00+00:00,66.94999694824219
2025-07-01 14:00:00+00:00,66.79000091552734
2025-07-01 15:00:00+00:00,67.19999694824219
2025-07-01 16:00:00+00:00,67.22000122070312
2025-07-01 17:00:00+00:00,67.12000274658203
2025-07-01 18:00:00+00:00,67.23999786376953
2025-07-01 19:00:00+00:00,67.3499984741211
2025-07-01 20:00:00+00:00,67.19999694824219
2025-07-01 22:00:00+00:00,67.18000030517578
2025-07-01 23:00:00+00:00,67.0999984741211
2025-07-02 00:00:00+00:00,67.1500015258789
2025-07-02 01:00:00+00:00,67.1500015258789
2025-07-02 02:00:00+00:00,67.18000030517578
2025-07-02 03:00:00+00:00,67.1500015258789
2025-07-02 04:00:00+00:00,67.16999816894531
2025-07-02 05:00:00+00:00,67.2300033569336
2025-07-02 06:00:00+00:00,67.02999877929688
2025-07-02 07:00:00+00:00,67.41000366210938
2025-07-02 08:00:00+00:00,67.41000366210938
2025-07-02 09:00:00+00:00,67.62000274658203
2025-07-02 10:00:00+00:00,67.9000015258789
2025-07-02 11:00:00+00:00,67.97000122070312
2025-07-02 12:00:00+00:00,67.76000213623047
2025-07-02 13:00:00+00:00,67.44000244140625
2025-07-02 14:00:00+00:00,67.48999786376953
2025-07-02 15:00:00+00:00,68.20999908447266
2025-07-02 16:00:00+00:00,68.48999786376953
2025-07-02 17:00:00+00:00,69.12999725341797
2025-07-02 18:00:00+00:00,68.94999694824219
2025-07-02 19:00:00+00:00,68.87999725341797
2025-07-02 20:00:00+00:00,69.12999725341797
2025-07-02 22:00:00+00:00,68.97000122070312
2025-07-02 23:00:00+00:00,68.86000061035156
2025-07-03 00:00:00+00:00,68.81999969482422
2025-07-03 01:00:00+00:00,68.51000213623047
2025-07-03 02:00:00+00:00,68.52999877929688
2025-07-03 03:00:00+00:00,68.62000274658203
2025-07-03 13:30:00+00:00,68.83999633789062
2025-07-03 14:30:00+00:00,68.68000030517578
2025-07-03 15:30:00+00:00,68.75
2025-07-03 16:30:00+00:00,68.63999938964844
2025-07-04 04:00:00+00:00,68.66000366210938
2025-07-04 05:00:00+00:00,68.62000274658203
2025-07-04 06:00:00+00:00,68.44000244140625
2025-07-04 07:00:00+00:00,68.68000030517578
2025-07-04 08:00:00+00:00,68.2699966430664
2025-07-04 09:00:00+00:00,68.0199966430664
2025-07-04 10:00:00+00:00,68.2300033569336
2025-07-04 11:00:00+00:00,68.26000213623047
2025-07-04 12:00:00+00:00,68.20999908447266
2025-07-04 13:00:00+00:00,68.16000366210938
2025-07-04 14:00:00+00:00,68.30999755859375
2025-07-04 15:00:00+00:00,68.22000122070312
2025-07-04 16:00:00+00:00,68.29000091552734
2025-07-06 22:00:00+00:00,67.91999816894531
2025-07-06 23:00:00+00:00,67.69999694824219
2025-07-07 00:00:00+00:00,67.68000030517578
2025-07-07 01:00:00+00:00,67.63999938964844
2025-07-07 02:00:00+00:00,67.80000305175781
2025-07-07 03:00:00+00:00,67.7699966430664
2025-07-07 04:00:00+00:00,67.98999786376953
2025-07-07 05:00:00+00:00,68.0
2025-07-07 06:00:00+00:00,68.1500015258789
2025-07-07 07:00:00+00:00,68.29000091552734
2025-07-07 08:00:00+00:00,68.62999725341797
2025-07-07 09:00:00+00:00,68.81999969482422
2025-07-07 10:00:00+00:00,68.66999816894531
2025-07-07 11:00:00+00:00,68.69000244140625
2025-07-07 12:00:00+00:00,68.83000183105469
2025-07-07 13:00:00+00:00,68.94000244140625
2025-07-07 14:00:00+00:00,69.16000366210938
2025-07-07 15:00:00+00:00,69.22000122070312
2025-07-07 16:00:00+00:00,69.38999938964844
2025-07-07 17:00:00+00:00,69.18000030517578
2025-07-07 18:00:00+00:00,69.70999908447266
2025-07-07 19:00:00+00:00,69.61000061035156
2025-07-07 20:00:00+00:00,69.54000091552734
2025-07-07 22:00:00+00:00,69.41999816894531
2025-07-07 23:00:00+00:00,69.44999694824219
2025-07-08 00:00:00+00:00,69.2699966430664
2025-07-08 01:00:00+00:00,69.30000305175781
2025-07-08 02:00:00+00:00,69.33000183105469
2025-07-08 03:00:00+00:00,69.27999877929688
2025-07-08 04:00:00+00:00,69.25
2025-07-08 05:00:00+00:00,69.38999938964844
2025-07-08 06:00:00+00:00,69.22000122070312
2025-07-08 07:00:00+00:00,69.23999786376953
2025-07-08 08:00:00+00:00,69.16999816894531
2025-07-08 09:00:00+00:00,69.16000366210938
2025-07-08 10:00:00+00:00,69.54000091552734
2025-07-08 11:00:00+00:00,69.58000183105469
2025-07-08 12:00:00+00:00,69.63999938964844
2025-07-08 13:00:00+00:00,69.56999969482422
2025-07-08 14:00:00+00:00,69.87999725341797
2025-07-08 15:00:00+00:00,70.19000244140625
2025-07-08 16:00:00+00:00,70.45999908447266
2025-07-08 17:00:00+00:00,70.36000061035156
2025-07-08 18:00:00+00:00,70.18000030517578
2025-07-08 19:00:00+00:00,70.12000274658203
2025-07-08 20:00:00+00:00,70.02999877929688
2025-07-08 22:00:00+00:00,69.93000030517578
2025-07-08 23:00:00+00:00,69.91000366210938
2025-07-09 00:00:00+00:00,69.98999786376953
2025-07-09 01:00:00+00:00,70.0
2025-07-09 02:00:00+00:00,69.97000122070312
2025-07-09 03:00:00+00:00,70.08999633789062
2025-07-09 04:00:00+00:00,70.0199966430664
2025-07-09 05:00:00+00:00,69.98999786376953
2025-07-09 06:00:00+00:00,70.04000091552734
2025-07-09 07:00:00+00:00,70.45999908447266
2025-07-09 08:00:00+00:00,70.68000030517578
2025-07-09 09:00:00+00:00,70.41000366210938
2025-07-09 10:00:00+00:00,70.27999877929688
2025-07-09 11:00:00+00:00,70.31999969482422
2025-07-09 12:00:00+00:00,70.16999816894531
2025-07-09 13:00:00+00:00,69.80999755859375
2025-07-09 14:00:00+00:00,70.1500015258789
2025-07-09 15:00:00+00:00,70.43000030517578
2025-07-09 16:00:00+00:00,70.48999786376953
2025-07-09 17:00:00+00:00,70.43000030517578
2025-07-09 18:00:00+00:00,70.08999633789062
2025-07-09 19:00:00+00:00,70.11000061035156
2025-07-09 20:00:00+00:00,70.12999725341797
2025-07-09 22:00:00+00:00,70.08999633789062
2025-07-09 23:00:00+00:00,70.04000091552734
2025-07-10 00:00:00+00:00,69.97000122070312
2025-07-10 01:00:00+00:00,70.08999633789062
2025-07-10 02:00:00+00:00,70.1500015258789
2025-07-10 03:00:00+00:00,70.18000030517578
2025-07-10 04:00:00+00:00,70.33000183105469
2025-07-10 05:00:00+00:00,70.23999786376953
2025-07-10 06:00:00+00:00,70.23999786376953
2025-07-10 07:00:00+00:00,70.13999938964844
2025-07-10 08:00:00+00:00,69.94000244140625
2025-07-10 09:00:00+00:00,69.95999908447266
2025-07-10 10:00:00+00:00,70.01000213623047
2025-07-10 11:00:00+00:00,69.54000091552734
2025-07-10 12:00:00+00:00,69.69000244140625
2025-07-10 13:00:00+00:00,68.91000366210938
2025-07-10 14:00:00+00:00,69.05000305175781
2025-07-10 15:00:00+00:00,68.66000366210938
2025-07-10 16:00:00+00:00,68.79000091552734
2025-07-10 17:00:00+00:00,68.7300033569336
2025-07-10 18:00:00+00:00,68.87999725341797
2025-07-10 19:00:00+00:00,68.87000274658203
2025-07-10 20:00:00+00:00,68.86000061035156
2025-07-10 22:00:00+00:00,68.87000274658203
2025-07-10 23:00:00+00:00,68.77999877929688
2025-07-11 00:00:00+00:00,68.66000366210938
2025-07-11 01:00:00+00:00,69.08999633789062
2025-07-11 02:00:00+00:00,68.8499984741211
2025-07-11 03:00:00+00:00,68.87000274658203
2025-07-11 04:00:00+00:00,68.70999908447266
2025-07-11 05:00:00+00:00,68.86000061035156
2025-07-11 06:00:00+00:00,69.08000183105469
2025-07-11 07:00:00+00:00,68.81999969482422
2025-07-11 08:00:00+00:00,68.62999725341797
2025-07-11 09:00:00+00:00,68.7699966430664
2025-07-11 10:00:00+00:00,68.9800033569336
2025-07-11 11:00:00+00:00,69.47000122070312
2025-07-11 12:00:00+00:00,69.27999877929688
2025-07-11 13:00:00+00:00,69.69000244140625
2025-07-11 14:00:00+00:00,70.16000366210938
2025-07-11 15:00:00+00:00,70.4800033569336
2025-07-11 16:00:00+00:00,70.23999786376953
2025-07-11 17:00:00+00:00,70.45999908447266
2025-07-11 18:00:00+00:00,70.5199966430664
2025-07-11 19:00:00+00:00,70.58000183105469
2025-07-11 20:00:00+00:00,70.69000244140625
2025-07-14 04:00:00+00:00,70.55999755859375
2025-07-14 05:00:00+00:00,70.48999786376953
2025-07-14 06:00:00+00:00,70.55000305175781
2025-07-14 07:00:00+00:00,71.11000061035156
2025-07-14 08:00:00+00:00,70.94999694824219
2025-07-14 09:00:00+00:00,71.26000213623047
2025-07-14 10:00:00+00:00,71.33999633789062
2025-07-14 11:00:00+00:00,71.37999725341797
2025-07-14 12:00:00+00:00,71.0199966430664
2025-07-14 13:00:00+00:00,70.26000213623047
2025-07-14 14:00:00+00:00,70.05000305175781
2025-07-14 15:00:00+00:00,69.45999908447266
2025-07-14 16:00:00+00:00,69.52999877929688
2025-07-14 17:00:00+00:00,69.16999816894531
2025-07-14 18:00:00+00:00,69.26000213623047
2025-07-14 19:00:00+00:00,69.16999816894531
2025-07-14 20:00:00+00:00,69.0199966430664
2025-07-14 22:00:00+00:00,69.18000030517578
2025-07-14 23:00:00+00:00,69.18000030517578
2025-07-15 00:00:00+00:00,69.0199966430664
2025-07-15 01:00:00+00:00,69.06999969482422
2025-07-15 02:00:00+00:00,68.95999908447266
2025-07-15 03:00:00+00:00,68.87999725341797
2025-07-15 04:00:00+00:00,68.8499984741211
2025-07-15 05:00:00+00:00,69.05000305175781
2025-07-15 06:00:00+00:00,68.81999969482422
2025-07-15 07:00:00+00:00,68.73999786376953
2025-07-15 08:00:00+00:00,68.91000366210938
2025-07-15 09:00:00+00:00,68.91999816894531
2025-07-15 10:00:00+00:00,69.05000305175781
2025-07-15 11:00:00+00:00,69.2300033569336
2025-07-15 12:00:00+00:00,69.12000274658203
2025-07-15 13:00:00+00:00,69.01000213623047
2025-07-15 14:00:00+00:00,69.01000213623047
2025-07-15 15:00:00+00:00,68.8499984741211
2025-07-15 16:00:00+00:00,68.61000061035156
2025-07-15 17:00:00+00:00,68.69999694824219
2025-07-15 18:00:00+00:00,68.77999877929688
2025-07-15 19:00:00+00:00,68.77999877929688
2025-07-15 20:00:00+00:00,68.8499984741211
2025-07-15 22:00:00+00:00,68.94000244140625
2025-07-15 23:00:00+00:00,68.97000122070312
2025-07-16 00:00:00+00:00,68.97000122070312
2025-07-16 01:00:00+00:00,69.05999755859375
2025-07-16 02:00:00+00:00,68.87999725341797
2025-07-16 03:00:00+00:00,68.83000183105469
2025-07-16 04:00:00+00:00,68.86000061035156
2025-07-16 05:00:00+00:00,68.87000274658203
2025-07-16 06:00:00+00:00,68.94999694824219
2025-07-16 07:00:00+00:00,68.63999938964844
2025-07-16 08:00:00+00:00,68.54000091552734
2025-07-16 09:00:00+00:00,68.44000244140625
2025-07-16 10:00:00+00:00,68.33999633789062
2025-07-16 11:00:00+00:00,67.9800033569336
2025-07-16 12:00:00+00:00,68.12999725341797
2025-07-16 13:00:00+00:00,67.94999694824219
2025-07-16 14:00:00+00:00,67.9800033569336
2025-07-16 15:00:00+00:00,68.0999984741211
2025-07-16 16:00:00+00:00,68.44000244140625
2025-07-16 17:00:00+00:00,68.75
2025-07-16 18:00:00+00:00,68.79000091552734
2025-07-16 19:00:00+00:00,68.7699966430664
2025-07-16 20:00:00+00:00,68.68000030517578
2025-07-16 22:00:00+00:00,68.70999908447266
2025-07-16 23:00:00+00:00,68.7300033569336
2025-07-17 00:00:00+00:00,68.91999816894531
2025-07-17 01:00:00+00:00,68.81999969482422
2025-07-17 02:00:00+00:00,68.83999633789062
2025-07-17 03:00:00+00:00,68.93000030517578
2025-07-17 04:00:00+00:00,68.76000213623047
2025-07-17 05:00:00+00:00,68.76000213623047
2025-07-17 06:00:00+00:00,68.54000091552734
2025-07-17 07:00:00+00:00,68.4000015258789
2025-07-17 08:00:00+00:00,68.48999786376953
2025-07-17 09:00:00+00:00,68.51000213623047
2025-07-17 10:00:00+00:00,68.69000244140625
2025-07-17 11:00:00+00:00,68.7300033569336
2025-07-17 12:00:00+00:00,68.62000274658203
2025-07-17 13:00:00+00:00,68.62000274658203
2025-07-17 14:00:00+00:00,68.87999725341797
2025-07-17 15:00:00+00:00,69.0199966430664
2025-07-17 16:00:00+00:00,69.3499984741211
2025-07-17 17:00:00+00:00,69.19999694824219
2025-07-17 18:00:00+00:00,69.58000183105469
2025-07-17 19:00:00+00:00,69.55999755859375
2025-07-17 20:00:00+00:00,69.58999633789062
2025-07-17 22:00:00+00:00,69.55000305175781
2025-07-17 23:00:00+00:00,69.51000213623047
2025-07-18 00:00:00+00:00,69.62000274658203
2025-07-18 01:00:00+00:00,69.5
2025-07-18 02:00:00+00:00,69.48999786376953
2025-07-18 03:00:00+00:00,69.45999908447266
2025-07-18 04:00:00+00:00,69.83999633789062
2025-07-18 05:00:00+00:00,69.70999908447266
2025-07-18 06:00:00+00:00,70.0999984741211
2025-07-18 07:00:00+00:00,69.7300033569336
2025-07-18 08:00:00+00:00,69.9800033569336
2025-07-18 09:00:00+00:00,70.2699966430664
2025-07-18 10:00:00+00:00,69.98999786376953
2025-07-18 11:00:00+00:00,70.41000366210938
2025-07-18 12:00:00+00:00,70.33000183105469
2025-07-18 13:00:00+00:00,70.18000030517578
2025-07-18 14:00:00+00:00,70.4000015258789
2025-07-18 15:00:00+00:00,69.63999938964844
2025-07-18 16:00:00+00:00,69.2699966430664
2025-07-18 17:00:00+00:00,69.19999694824219
2025-07-18 18:00:00+00:00,69.36000061035156
2025-07-18 19:00:00+00:00,69.23999786376953
2025-07-18 20:00:00+00:00,69.20999908447266
2025-07-20 22:00:00+00:00,69.47000122070312
2025-07-20 23:00:00+00:00,69.37999725341797
2025-07-21 00:00:00+00:00,69.41000366210938
2025-07-21 01:00:00+00:00,69.36000061035156
2025-07-21 02:00:00+00:00,69.30000305175781
2025-07-21 03:00:00+00:00,69.38999938964844
2025-07-21 04:00:00+00:00,69.3499984741211
2025-07-21 05:00:00+00:00,69.51000213623047
2025-07-21 06:00:00+00:00,69.19000244140625
2025-07-21 07:00:00+00:00,69.1500015258789
2025-07-21 08:00:00+00:00,68.91000366210938
2025-07-21 09:00:00+00:00,69.05000305175781
2025-07-21 10:00:00+00:00,69.06999969482422
2025-07-21 11:00:00+00:00,69.1500015258789
2025-07-21 12:00:00+00:00,68.93000030517578
2025-07-21 13:00:00+00:00,68.70999908447266
2025-07-21 14:00:00+00:00,68.83999633789062
2025-07-21 15:00:00+00:00,68.68000030517578
2025-07-21 16:00:00+00:00,68.75
2025-07-21 17:00:00+00:00,69.16000366210938
2025-07-21 18:00:00+00:00,69.0199966430664
2025-07-21 19:00:00+00:00,68.9800033569336
2025-07-21 20:00:00+00:00,68.98999786376953
2025-07-21 22:00:00+00:00,69.0999984741211
2025-07-21 23:00:00+00:00,69.06999969482422
2025-07-22 00:00:00+00:00,68.97000122070312
2025-07-22 01:00:00+00:00,68.66000366210938
2025-07-22 02:00:00+00:00,68.69999694824219
2025-07-22 03:00:00+00:00,68.66000366210938
2025-07-22 04:00:00+00:00,68.56999969482422
2025-07-22 05:00:00+00:00,68.7300033569336
2025-07-22 06:00:00+00:00,68.91999816894531
2025-07-22 07:00:00+00:00,68.4800033569336
2025-07-22 08:00:00+00:00,68.51000213623047
2025-07-22 09:00:00+00:00,68.56999969482422
2025-07-22 10:00:00+00:00,67.83999633789062
2025-07-22 11:00:00+00:00,68.51000213623047
2025-07-22 12:00:00+00:00,68.58999633789062
2025-07-22 13:00:00+00:00,68.30999755859375
2025-07-22 14:00:00+00:00,68.26000213623047
2025-07-22 15:00:00+00:00,68.43000030517578
2025-07-22 16:00:00+00:00,68.41000366210938
2025-07-22 17:00:00+00:00,68.4000015258789
2025-07-22 18:00:00+00:00,68.79000091552734
2025-07-22 19:00:00+00:00,68.80000305175781
2025-07-22 20:00:00+00:00,68.72000122070312
2025-07-22 22:00:00+00:00,68.79000091552734
2025-07-22 23:00:00+00:00,68.93000030517578
2025-07-23 00:00:00+00:00,68.94999694824219
2025-07-23 01:00:00+00:00,68.7699966430664
2025-07-23 02:00:00+00:00,68.7699966430664
2025-07-23 03:00:00+00:00,68.77999877929688
2025-07-23 04:00:00+00:00,68.80999755859375
2025-07-23 05:00:00+00:00,68.77999877929688
2025-07-23 06:00:00+00:00,68.62000274658203
2025-07-23 07:00:00+00:00,68.5199966430664
2025-07-23 08:00:00+00:00,68.4000015258789
2025-07-23 09:00:00+00:00,68.25
2025-07-23 10:00:00+00:00,67.38999938964844
2025-07-23 11:00:00+00:00,67.37999725341797
2025-07-23 12:00:00+00:00,68.29000091552734
2025-07-23 13:00:00+00:00,68.1500015258789
2025-07-23 14:00:00+00:00,68.19000244140625
2025-07-23 15:00:00+00:00,68.37999725341797
2025-07-23 16:00:00+00:00,68.37999725341797
2025-07-23 17:00:00+00:00,68.44000244140625
2025-07-23 18:00:00+00:00,68.63999938964844
2025-07-23 19:00:00+00:00,68.70999908447266
2025-07-23 20:00:00+00:00,68.66999816894531
2025-07-23 22:00:00+00:00,68.69999694824219
2025-07-23 23:00:00+00:00,68.69999694824219
2025-07-24 00:00:00+00:00,68.73999786376953
2025-07-24 01:00:00+00:00,68.69999694824219
2025-07-24 02:00:00+00:00,68.68000030517578
2025-07-24 03:00:00+00:00,68.76000213623047
2025-07-24 04:00:00+00:00,68.83999633789062
2025-07-24 05:00:00+00:00,68.66000366210938
2025-07-24 06:00:00+00:00,69.11000061035156
2025-07-24 07:00:00+00:00,68.94999694824219
2025-07-24 08:00:00+00:00,69.06999969482422
2025-07-24 09:00:00+00:00,69.36000061035156
2025-07-24 10:00:00+00:00,69.11000061035156
2025-07-24 11:00:00+00:00,68.98999786376953
2025-07-24 12:00:00+00:00,68.43000030517578
2025-07-24 13:00:00+00:00,69.12999725341797
2025-07-24 14:00:00+00:00,69.38999938964844
2025-07-24 15:00:00+00:00,68.62999725341797
2025-07-24 16:00:00+00:00,68.56999969482422
2025-07-24 17:00:00+00:00,68.58000183105469
2025-07-24 18:00:00+00:00,68.41999816894531
2025-07-24 19:00:00+00:00,68.5
2025-07-24 20:00:00+00:00,68.4800033569336
2025-07-24 22:00:00+00:00,68.47000122070312
2025-07-24 23:00:00+00:00,68.5199966430664
2025-07-25 00:00:00+00:00,68.44999694824219
2025-07-25 01:00:00+00:00,68.69999694824219
2025-07-25 02:00:00+00:00,68.66999816894531
2025-07-25 03:00:00+00:00,68.45999908447266
2025-07-25 04:00:00+00:00,68.45999908447266
2025-07-25 05:00:00+00:00,68.83999633789062
2025-07-25 06:00:00+00:00,68.87999725341797
2025-07-25 07:00:00+00:00,68.63999938964844
2025-07-25 08:00:00+00:00,68.54000091552734
2025-07-25 09:00:00+00:00,68.56999969482422
2025-07-25 10:00:00+00:00,68.62999725341797
2025-07-25 11:00:00+00:00,68.5999984741211
2025-07-25 12:00:00+00:00,68.79000091552734
2025-07-25 13:00:00+00:00,68.20999908447266
2025-07-25 14:00:00+00:00,68.0
2025-07-25 15:00:00+00:00,67.75
2025-07-25 16:00:00+00:00,67.80999755859375
2025-07-25 17:00:00+00:00,67.61000061035156
2025-07-25 18:00:00+00:00,67.62000274658203
2025-07-25 19:00:00+00:00,67.5199966430664
2025-07-25 20:00:00+00:00,67.55000305175781
2025-07-28 00:00:00+00:00,67.88999938964844
2025-07-28 01:00:00+00:00,67.9000015258789
2025-07-28 02:00:00+00:00,67.97000122070312
2025-07-28 03:00:00+00:00,67.83999633789062
2025-07-28 04:00:00+00:00,67.98999786376953
2025-07-28 05:00:00+00:00,67.98999786376953
2025-07-28 06:00:00+00:00,68.18000030517578
2025-07-28 07:00:00+00:00,67.87999725341797
2025-07-28 08:00:00+00:00,68.23999786376953
2025-07-28 09:00:00+00:00,68.27999877929688
2025-07-28 10:00:00+00:00,68.36000061035156
2025-07-28 11:00:00+00:00,68.66999816894531
2025-07-28 12:00:00+00:00,68.95999908447266
2025-07-28 13:00:00+00:00,69.29000091552734
2025-07-28 14:00:00+00:00,69.05000305175781
2025-07-28 15:00:00+00:00,69.02999877929688
2025-07-28 16:00:00+00:00,69.12999725341797
2025-07-28 17:00:00+00:00,69.13999938964844
2025-07-28 18:00:00+00:00,69.4800033569336
2025-07-28 19:00:00+00:00,69.66000366210938
2025-07-28 20:00:00+00:00,69.55999755859375
2025-07-28 22:00:00+00:00,69.58999633789062
2025-07-28 23:00:00+00:00,69.55999755859375
2025-07-29 00:00:00+00:00,69.47000122070312
2025-07-29 01:00:00+00:00,69.29000091552734
2025-07-29 02:00:00+00:00,69.41000366210938
2025-07-29 03:00:00+00:00,69.2300033569336
2025-07-29 04:00:00+00:00,69.26000213623047
2025-07-29 05:00:00+00:00,69.31999969482422
2025-07-29 06:00:00+00:00,69.29000091552734
2025-07-29 07:00:00+00:00,69.23999786376953
2025-07-29 08:00:00+00:00,69.80000305175781
2025-07-29 09:00:00+00:00,69.63999938964844
2025-07-29 10:00:00+00:00,69.37999725341797
2025-07-29 11:00:00+00:00,69.47000122070312
2025-07-29 12:00:00+00:00,69.80999755859375
2025-07-29 13:00:00+00:00,70.08000183105469
2025-07-29 14:00:00+00:00,70.02999877929688
2025-07-29 15:00:00+00:00,70.23999786376953
2025-07-29 16:00:00+00:00,70.26000213623047
2025-07-29 17:00:00+00:00,71.4000015258789
2025-07-29 18:00:00+00:00,71.93000030517578
2025-07-29 19:00:00+00:00,71.83000183105469
2025-07-29 20:00:00+00:00,71.77999877929688
2025-07-29 22:00:00+00:00,71.7699966430664
2025-07-29 23:00:00+00:00,71.69000244140625
2025-07-30 00:00:00+00:00,71.76000213623047
2025-07-30 01:00:00+00:00,71.75
2025-07-30 02:00:00+00:00,71.6500015258789
2025-07-30 03:00:00+00:00,71.7699966430664
2025-07-30 04:00:00+00:00,71.80000305175781
2025-07-30 05:00:00+00:00,71.63999938964844
2025-07-30 06:00:00+00:00,71.7699966430664
2025-07-30 07:00:00+00:00,72.16999816894531
2025-07-30 08:00:00+00:00,71.4000015258789
2025-07-30 09:00:00+00:00,71.25
2025-07-30 10:00:00+00:00,71.02999877929688
2025-07-30 11:00:00+00:00,71.4000015258789
2025-07-30 12:00:00+00:00,72.05000305175781
2025-07-30 13:00:00+00:00,72.0
2025-07-30 14:00:00+00:00,72.11000061035156
2025-07-30 15:00:00+00:00,72.48999786376953
2025-07-30 16:00:00+00:00,72.56999969482422
2025-07-30 17:00:00+00:00,72.75
2025-07-30 18:00:00+00:00,72.56999969482422
2025-07-30 19:00:00+00:00,72.73999786376953
2025-07-30 20:00:00+00:00,72.6500015258789
2025-07-30 22:00:00+00:00,72.63999938964844
2025-07-30 23:00:00+00:00,72.80000305175781
2025-07-31 00:00:00+00:00,72.5999984741211
2025-07-31 01:00:00+00:00,72.4000015258789
2025-07-31 02:00:00+00:00,72.4000015258789
2025-07-31 03:00:00+00:00,72.30000305175781
2025-07-31 04:00:00+00:00,72.2300033569336
2025-07-31 05:00:00+00:00,72.3499984741211
2025-07-31 06:00:00+00:00,72.26000213623047
2025-07-31 07:00:00+00:00,72.5199966430664
2025-07-31 08:00:00+00:00,72.27999877929688
2025-07-31 09:00:00+00:00,71.79000091552734
2025-07-31 10:00:00+00:00,72.08000183105469
2025-07-31 11:00:00+00:00,72.05999755859375
2025-07-31 12:00:00+00:00,71.97000122070312
2025-07-31 13:00:00+00:00,71.87000274658203
2025-07-31 14:00:00+00:00,71.61000061035156
2025-07-31 15:00:00+00:00,71.12999725341797
2025-07-31 16:00:00+00:00,71.66999816894531
2025-07-31 17:00:00+00:00,71.47000122070312
2025-07-31 18:00:00+00:00,71.63999938964844
2025-07-31 19:00:00+00:00,71.61000061035156
2025-07-31 20:00:00+00:00,71.80999755859375
2025-07-31 22:00:00+00:00,71.86000061035156
2025-07-31 23:00:00+00:00,71.8499984741211
2025-08-01 00:00:00+00:00,71.76000213623047
2025-08-01 01:00:00+00:00,71.7699966430664
2025-08-01 02:00:00+00:00,71.66999816894531
2025-08-01 03:00:00+00:00,71.80999755859375
2025-08-01 04:00:00+00:00,71.91000366210938
2025-08-01 05:00:00+00:00,71.76000213623047
2025-08-01 06:00:00+00:00,71.66999816894531
2025-08-01 07:00:00+00:00,71.69000244140625
2025-08-01 08:00:00+00:00,71.3499984741211
2025-08-01 09:00:00+00:00,71.58000183105469
2025-08-01 10:00:00+00:00,71.0199966430664
2025-08-01 11:00:00+00:00,71.12999725341797
2025-08-01 12:00:00+00:00,71.58000183105469
2025-08-01 13:00:00+00:00,70.80999755859375
2025-08-01 14:00:00+00:00,69.63999938964844
2025-08-01 15:00:00+00:00,69.76000213623047
2025-08-01 16:00:00+00:00,69.80999755859375
2025-08-01 17:00:00+00:00,69.63999938964844
2025-08-01 18:00:00+00:00,69.58000183105469
2025-08-01 19:00:00+00:00,69.54000091552734
2025-08-01 20:00:00+00:00,69.4800033569336
2025-08-03 22:00:00+00:00,69.13999938964844
2025-08-03 23:00:00+00:00,69.27999877929688
2025-08-04 00:00:00+00:00,69.41999816894531
2025-08-04 01:00:00+00:00,69.45999908447266
2025-08-04 02:00:00+00:00,69.5
2025-08-04 03:00:00+00:00,69.45999908447266
2025-08-04 04:00:00+00:00,69.45999908447266
2025-08-04 05:00:00+00:00,69.6500015258789
2025-08-04 06:00:00+00:00,69.81999969482422
2025-08-04 07:00:00+00:00,69.75
2025-08-04 08:00:00+00:00,68.80999755859375
2025-08-04 09:00:00+00:00,68.7699966430664
2025-08-04 10:00:00+00:00,68.58999633789062
2025-08-04 11:00:00+00:00,68.44000244140625
2025-08-04 12:00:00+00:00,68.02999877929688
2025-08-04 13:00:00+00:00,68.1500015258789
2025-08-04 14:00:00+00:00,69.27999877929688
2025-08-04 15:00:00+00:00,69.18000030517578
2025-08-04 16:00:00+00:00,68.76000213623047
2025-08-04 17:00:00+00:00,68.76000213623047
2025-08-04 18:00:00+00:00,68.6500015258789
2025-08-04 19:00:00+00:00,68.58000183105469
2025-08-04 20:00:00+00:00,68.72000122070312
2025-08-04 22:00:00+00:00,68.76000213623047
2025-08-04 23:00:00+00:00,68.77999877929688
2025-08-05 00:00:00+00:00,68.69999694824219
2025-08-05 01:00:00+00:00,68.73999786376953
2025-08-05 02:00:00+00:00,68.61000061035156
2025-08-05 03:00:00+00:00,68.66000366210938
2025-08-05 04:00:00+00:00,68.66000366210938
2025-08-05 05:00:00+00:00,68.76000213623047
2025-08-05 06:00:00+00:00,68.58000183105469
2025-08-05 07:00:00+00:00,68.5
2025-08-05 08:00:00+00:00,68.4000015258789
2025-08-05 09:00:00+00:00,67.94999694824219
2025-08-05 10:00:00+00:00,68.02999877929688
2025-08-05 11:00:00+00:00,68.22000122070312
2025-08-05 12:00:00+00:00,67.8499984741211
2025-08-05 13:00:00+00:00,68.01000213623047
2025-08-05 14:00:00+00:00,67.94999694824219
2025-08-05 15:00:00+00:00,67.87999725341797
2025-08-05 16:00:00+00:00,67.76000213623047
2025-08-05 17:00:00+00:00,67.81999969482422
2025-08-05 18:00:00+00:00,67.5999984741211
2025-08-05 19:00:00+00:00,67.63999938964844
2025-08-05 20:00:00+00:00,67.68000030517578
2025-08-05 22:00:00+00:00,67.69999694824219
2025-08-05 23:00:00+00:00,67.73999786376953
2025-08-06 00:00:00+00:00,67.81999969482422
2025-08-06 01:00:00+00:00,67.98999786376953
2025-08-06 02:00:00+00:00,68.0
2025-08-06 03:00:00+00:00,68.06999969482422
2025-08-06 04:00:00+00:00,68.08000183105469
2025-08-06 05:00:00+00:00,67.95999908447266
2025-08-06 06:00:00+00:00,68.1500015258789
2025-08-06 07:00:00+00:00,68.19999694824219
2025-08-06 08:00:00+00:00,68.56999969482422
2025-08-06 09:00:00+00:00,68.68000030517578
2025-08-06 10:00:00+00:00,68.73999786376953
2025-08-06 11:00:00+00:00,68.62999725341797
2025-08-06 12:00:00+00:00,68.62999725341797
2025-08-06 13:00:00+00:00,67.52999877929688
2025-08-06 14:00:00+00:00,66.98999786376953
2025-08-06 15:00:00+00:00,66.33999633789062
2025-08-06 16:00:00+00:00,66.51000213623047
2025-08-06 17:00:00+00:00,66.36000061035156
2025-08-06 18:00:00+00:00,65.80000305175781
2025-08-06 19:00:00+00:00,65.5
2025-08-06 20:00:00+00:00,65.66000366210938
2025-08-06 22:00:00+00:00,65.75
2025-08-07 01:00:00+00:00,66.3499984741211
2025-08-07 02:00:00+00:00,66.27999877929688
2025-08-07 03:00:00+00:00,66.30999755859375
2025-08-07 06:00:00+00:00,66.18000030517578
2025-08-07 07:00:00+00:00,66.30000305175781
2025-08-07 08:00:00+00:00,67.0999984741211
2025-08-07 09:00:00+00:00,67.38999938964844
2025-08-07 10:00:00+00:00,67.41999816894531
2025-08-07 11:00:00+00:00,67.16000366210938
2025-08-07 12:00:00+00:00,67.26000213623047
2025-08-07 13:00:00+00:00,66.9800033569336
2025-08-07 14:00:00+00:00,66.5999984741211
2025-08-07 15:00:00+00:00,66.58999633789062
2025-08-07 16:00:00+00:00,66.75
2025-08-07 17:00:00+00:00,66.6500015258789
2025-08-07 18:00:00+00:00,66.38999938964844
2025-08-07 19:00:00+00:00,66.2699966430664
2025-08-07 20:00:00+00:00,66.33999633789062
2025-08-07 22:00:00+00:00,66.38999938964844
2025-08-07 23:00:00+00:00,66.37000274658203
2025-08-08 00:00:00+00:00,66.38999938964844
2025-08-08 01:00:00+00:00,66.43000030517578
2025-08-08 02:00:00+00:00,66.41000366210938
2025-08-08 03:00:00+00:00,66.41000366210938
2025-08-08 04:00:00+00:00,66.33000183105469
2025-08-08 05:00:00+00:00,66.19000244140625
2025-08-08 06:00:00+00:00,65.91999816894531
2025-08-08 07:00:00+00:00,66.47000122070312
2025-08-08 08:00:00+00:00,66.69000244140625
2025-08-08 09:00:00+00:00,66.80999755859375
2025-08-08 10:00:00+00:00,66.97000122070312
2025-08-08 11:00:00+00:00,66.72000122070312
2025-08-08 12:00:00+00:00,66.7699966430664
2025-08-08 13:00:00+00:00,67.02999877929688
2025-08-08 14:00:00+00:00,66.23999786376953
2025-08-08 15:00:00+00:00,66.9000015258789
2025-08-08 16:00:00+00:00,66.79000091552734
2025-08-08 17:00:00+00:00,66.66000366210938
2025-08-08 18:00:00+00:00,66.41000366210938
2025-08-08 19:00:00+00:00,66.37000274658203
2025-08-08 20:00:00+00:00,66.11000061035156
2025-08-10 22:00:00+00:00,66.37999725341797
2025-08-10 23:00:00+00:00,66.2300033569336
2025-08-11 00:00:00+00:00,65.87000274658203
2025-08-11 01:00:00+00:00,66.23999786376953
2025-08-11 02:00:00+00:00,66.25
2025-08-11 03:00:00+00:00,66.27999877929688
2025-08-11 04:00:00+00:00,66.16000366210938
2025-08-11 05:00:00+00:00,66.2300033569336
2025-08-11 06:00:00+00:00,66.05999755859375
2025-08-11 07:00:00+00:00,65.88999938964844
2025-08-11 08:00:00+00:00,66.22000122070312
2025-08-11 09:00:00+00:00,66.61000061035156
2025-08-11 10:00:00+00:00,66.70999908447266
2025-08-11 11:00:00+00:00,66.98999786376953
2025-08-11 12:00:00+00:00,66.94000244140625
2025-08-11 13:00:00+00:00,66.83999633789062
2025-08-11 14:00:00+00:00,66.37999725341797
2025-08-11 15:00:00+00:00,66.47000122070312
2025-08-11 16:00:00+00:00,66.73999786376953
2025-08-11 17:00:00+00:00,66.62999725341797
2025-08-11 18:00:00+00:00,66.68000030517578
2025-08-11 19:00:00+00:00,66.7300033569336
2025-08-11 20:00:00+00:00,66.68000030517578
2025-08-11 22:00:00+00:00,66.80000305175781
2025-08-11 23:00:00+00:00,66.7699966430664
2025-08-12 00:00:00+00:00,66.77999877929688
2025-08-12 01:00:00+00:00,66.66999816894531
2025-08-12 02:00:00+00:00,66.7699966430664
2025-08-12 03:00:00+00:00,66.83000183105469
2025-08-12 04:00:00+00:00,66.91999816894531
2025-08-12 05:00:00+00:00,66.91000366210938
2025-08-12 06:00:00+00:00,66.83999633789062
2025-08-12 07:00:00+00:00,66.87999725341797
2025-08-12 08:00:00+00:00,66.58000183105469
2025-08-12 09:00:00+00:00,66.76000213623047
2025-08-12 10:00:00+00:00,66.69999694824219
2025-08-12 11:00:00+00:00,66.27999877929688
2025-08-12 12:00:00+00:00,66.19000244140625
2025-08-12 13:00:00+00:00,66.30000305175781
2025-08-12 14:00:00+00:00,66.38999938964844
2025-08-12 15:00:00+00:00,66.16999816894531
2025-08-12 16:00:00+00:00,66.0999984741211
2025-08-12 17:00:00+00:00,66.1500015258789
2025-08-12 18:00:00+00:00,66.13999938964844
2025-08-12 19:00:00+00:00,66.12999725341797
2025-08-12 20:00:00+00:00,66.11000061035156
2025-08-12 22:00:00+00:00,66.12999725341797
2025-08-12 23:00:00+00:00,66.16000366210938
2025-08-13 00:00:00+00:00,66.16000366210938
2025-08-13 01:00:00+00:00,66.13999938964844
2025-08-13 02:00:00+00:00,65.9800033569336
2025-08-13 03:00:00+00:00,66.1500015258789
2025-08-13 04:00:00+00:00,66.18000030517578
2025-08-13 05:00:00+00:00,66.06999969482422
2025-08-13 06:00:00+00:00,66.16999816894531
2025-08-13 07:00:00+00:00,65.95999908447266
2025-08-13 08:00:00+00:00,65.86000061035156
2025-08-13 09:00:00+00:00,65.79000091552734
2025-08-13 10:00:00+00:00,65.6500015258789
2025-08-13 11:00:00+00:00,65.87999725341797
2025-08-13 12:00:00+00:00,66.16999816894531
2025-08-13 13:00:00+00:00,65.91999816894531
2025-08-13 14:00:00+00:00,65.33000183105469
2025-08-13 15:00:00+00:00,65.05000305175781
2025-08-13 16:00:00+00:00,65.25
2025-08-13 17:00:00+00:00,65.58000183105469
2025-08-13 18:00:00+00:00,65.48999786376953
2025-08-13 19:00:00+00:00,65.7300033569336
2025-08-13 20:00:00+00:00,65.7699966430664
2025-08-13 22:00:00+00:00,65.75
2025-08-13 23:00:00+00:00,65.83999633789062
2025-08-14 00:00:00+00:00,65.88999938964844
2025-08-14 01:00:00+00:00,65.87999725341797
2025-08-14 02:00:00+00:00,65.91999816894531
2025-08-14 03:00:00+00:00,65.83999633789062
2025-08-14 04:00:00+00:00,65.88999938964844
2025-08-14 05:00:00+00:00,65.95999908447266
2025-08-14 06:00:00+00:00,65.97000122070312
2025-08-14 07:00:00+00:00,65.80999755859375
2025-08-14 08:00:00+00:00,65.80999755859375
2025-08-14 09:00:00+00:00,65.9800033569336
2025-08-14 10:00:00+00:00,65.63999938964844
2025-08-14 11:00:00+00:00,65.9000015258789
2025-08-14 12:00:00+00:00,66.08000183105469
2025-08-14 13:00:00+00:00,66.47000122070312
2025-08-14 14:00:00+00:00,66.44000244140625
2025-08-14 15:00:00+00:00,66.72000122070312
2025-08-14 16:00:00+00:00,66.69000244140625
2025-08-14 17:00:00+00:00,66.77999877929688
2025-08-14 18:00:00+00:00,66.94999694824219
2025-08-14 19:00:00+00:00,66.94000244140625
2025-08-14 20:00:00+00:00,66.83999633789062
2025-08-14 22:00:00+00:00,66.81999969482422
2025-08-14 23:00:00+00:00,66.80999755859375
2025-08-15 00:00:00+00:00,66.7699966430664
2025-08-15 01:00:00+00:00,66.8499984741211
2025-08-15 02:00:00+00:00,66.80000305175781
2025-08-15 03:00:00+00:00,66.76000213623047
2025-08-15 04:00:00+00:00,66.68000030517578
2025-08-15 05:00:00+00:00,66.76000213623047
2025-08-15 06:00:00+00:00,66.58999633789062
2025-08-15 07:00:00+00:00,66.44000244140625
2025-08-15 08:00:00+00:00,66.16999816894531
2025-08-15 09:00:00+00:00,66.5
2025-08-15 10:00:00+00:00,66.5199966430664
2025-08-15 11:00:00+00:00,66.5999984741211
2025-08-15 12:00:00+00:00,66.30999755859375
2025-08-15 13:00:00+00:00,66.26000213623047
2025-08-15 14:00:00+00:00,66.37999725341797
2025-08-15 15:00:00+00:00,66.16999816894531
2025-08-15 16:00:00+00:00,66.2300033569336
2025-08-15 17:00:00+00:00,66.05000305175781
2025-08-15 18:00:00+00:00,66.05000305175781
2025-08-15 19:00:00+00:00,66.13999938964844
2025-08-15 20:00:00+00:00,65.8499984741211
2025-08-17 22:00:00+00:00,65.62000274658203
2025-08-17 23:00:00+00:00,65.5999984741211
2025-08-18 00:00:00+00:00,65.76000213623047
2025-08-18 01:00:00+00:00,65.7699966430664
2025-08-18 02:00:00+00:00,65.76000213623047
2025-08-18 03:00:00+00:00,65.87999725341797
2025-08-18 04:00:00+00:00,65.83000183105469
2025-08-18 05:00:00+00:00,65.87000274658203
2025-08-18 06:00:00+00:00,66.12000274658203
2025-08-18 07:00:00+00:00,65.69000244140625
2025-08-18 08:00:00+00:00,65.88999938964844
2025-08-18 09:00:00+00:00,66.23999786376953
2025-08-18 10:00:00+00:00,66.13999938964844
2025-08-18 11:00:00+00:00,66.08999633789062
2025-08-18 12:00:00+00:00,65.95999908447266
2025-08-18 13:00:00+00:00,65.58000183105469
2025-08-18 14:00:00+00:00,65.93000030517578
2025-08-18 15:00:00+00:00,66.1500015258789
2025-08-18 16:00:00+00:00,66.19000244140625
2025-08-18 17:00:00+00:00,66.5199966430664
2025-08-18 18:00:00+00:00,66.58000183105469
2025-08-18 19:00:00+00:00,66.52999877929688
2025-08-18 20:00:00+00:00,66.5
2025-08-18 22:00:00+00:00,66.54000091552734
2025-08-18 23:00:00+00:00,66.54000091552734
2025-08-19 00:00:00+00:00,66.4800033569336
2025-08-19 01:00:00+00:00,66.30999755859375
2025-08-19 02:00:00+00:00,66.25
2025-08-19 03:00:00+00:00,66.23999786376953
2025-08-19 04:00:00+00:00,66.13999938964844
2025-08-19 05:00:00+00:00,66.16999816894531
2025-08-19 06:00:00+00:00,66.19999694824219
2025-08-19 07:00:00+00:00,66.04000091552734
2025-08-19 08:00:00+00:00,65.31999969482422
2025-08-19 09:00:00+00:00,65.9800033569336
2025-08-19 10:00:00+00:00,65.80000305175781
2025-08-19 11:00:00+00:00,65.52999877929688
2025-08-19 12:00:00+00:00,65.87999725341797
2025-08-19 13:00:00+00:00,65.4000015258789
2025-08-19 14:00:00+00:00,65.55000305175781
2025-08-19 15:00:00+00:00,65.26000213623047
2025-08-19 16:00:00+00:00,65.29000091552734
2025-08-19 17:00:00+00:00,65.19999694824219
2025-08-19 18:00:00+00:00,65.47000122070312
2025-08-19 19:00:00+00:00,65.37999725341797
2025-08-19 20:00:00+00:00,65.47000122070312
2025-08-19 22:00:00+00:00,65.55000305175781
2025-08-19 23:00:00+00:00,65.58999633789062
2025-08-20 00:00:00+00:00,65.55999755859375
2025-08-20 01:00:00+00:00,65.41000366210938
2025-08-20 02:00:00+00:00,65.4000015258789
2025-08-20 03:00:00+00:00,65.37000274658203
2025-08-20 04:00:00+00:00,65.97000122070312
2025-08-20 05:00:00+00:00,65.68000030517578
2025-08-20 06:00:00+00:00,66.31999969482422
2025-08-20 07:00:00+00:00,65.94000244140625
2025-08-20 08:00:00+00:00,66.62000274658203
2025-08-20 09:00:00+00:00,65.7300033569336
2025-08-20 10:00:00+00:00,65.95999908447266
2025-08-20 11:00:00+00:00,66.02999877929688
2025-08-20 12:00:00+00:00,66.54000091552734
2025-08-20 13:00:00+00:00,66.48999786376953
2025-08-20 14:00:00+00:00,66.33999633789062
2025-08-20 15:00:00+00:00,66.91000366210938
2025-08-20 16:00:00+00:00,66.87999725341797
2025-08-20 17:00:00+00:00,66.7300033569336
2025-08-20 18:00:00+00:00,66.9800033569336
2025-08-20 19:00:00+00:00,67.0199966430664
2025-08-20 20:00:00+00:00,66.94999694824219
2025-08-20 22:00:00+00:00,66.9800033569336
2025-08-20 23:00:00+00:00,66.9800033569336
2025-08-21 00:00:00+00:00,66.94999694824219
2025-08-21 01:00:00+00:00,67.13999938964844
2025-08-21 02:00:00+00:00,67.05000305175781
2025-08-21 03:00:00+00:00,67.12999725341797
2025-08-21 04:00:00+00:00,67.12000274658203
2025-08-21 05:00:00+00:00,67.16000366210938
2025-08-21 06:00:00+00:00,67.29000091552734
2025-08-21 07:00:00+00:00,67.2699966430664
2025-08-21 08:00:00+00:00,67.41999816894531
2025-08-21 09:00:00+00:00,67.47000122070312
2025-08-21 10:00:00+00:00,67.4000015258789
2025-08-21 11:00:00+00:00,67.20999908447266
2025-08-21 12:00:00+00:00,67.02999877929688
2025-08-21 13:00:00+00:00,66.77999877929688
2025-08-21 14:00:00+00:00,66.25
2025-08-21 15:00:00+00:00,66.5
2025-08-21 16:00:00+00:00,66.56999969482422
2025-08-21 17:00:00+00:00,66.62000274658203
2025-08-21 18:00:00+00:00,66.69999694824219
2025-08-21 19:00:00+00:00,66.51000213623047
2025-08-21 20:00:00+00:00,66.56999969482422
2025-08-22 01:00:00+00:00,66.52999877929688
2025-08-22 02:00:00+00:00,66.48999786376953
2025-08-22 03:00:00+00:00,66.44000244140625
2025-08-22 04:00:00+00:00,66.5999984741211
2025-08-22 05:00:00+00:00,66.62000274658203
2025-08-22 06:00:00+00:00,66.7300033569336
2025-08-22 07:00:00+00:00,66.81999969482422
2025-08-22 08:00:00+00:00,66.55000305175781
2025-08-22 09:00:00+00:00,66.44000244140625
2025-08-22 10:00:00+00:00,66.62000274658203
2025-08-22 11:00:00+00:00,66.7300033569336
2025-08-22 12:00:00+00:00,66.76000213623047
2025-08-22 13:00:00+00:00,66.70999908447266
2025-08-22 14:00:00+00:00,66.81999969482422
2025-08-22 15:00:00+00:00,66.75
2025-08-22 16:00:00+00:00,66.79000091552734
2025-08-22 17:00:00+00:00,66.80999755859375
2025-08-22 18:00:00+00:00,66.83999633789062
2025-08-22 19:00:00+00:00,66.81999969482422
2025-08-22 20:00:00+00:00,67.22000122070312
2025-08-24 22:00:00+00:00,66.79000091552734
2025-08-24 23:00:00+00:00,67.26000213623047
2025-08-25 00:00:00+00:00,67.26000213623047
2025-08-25 01:00:00+00:00,67.13999938964844
2025-08-25 02:00:00+00:00,67.25
2025-08-25 03:00:00+00:00,67.27999877929688
2025-08-25 04:00:00+00:00,67.25
2025-08-25 05:00:00+00:00,67.36000061035156
2025-08-25 06:00:00+00:00,67.31999969482422
2025-08-25 07:00:00+00:00,67.30999755859375
2025-08-25 08:00:00+00:00,67.44000244140625
2025-08-25 09:00:00+00:00,67.44999694824219
2025-08-25 10:00:00+00:00,67.58000183105469
2025-08-25 11:00:00+00:00,67.62000274658203
2025-08-25 12:00:00+00:00,67.58000183105469
2025-08-25 13:00:00+00:00,67.94000244140625
2025-08-25 14:00:00+00:00,68.08000183105469
2025-08-25 15:00:00+00:00,68.33000183105469
2025-08-25 16:00:00+00:00,68.44000244140625
2025-08-25 17:00:00+00:00,68.37000274658203
2025-08-25 18:00:00+00:00,68.16000366210938
2025-08-25 19:00:00+00:00,68.22000122070312
2025-08-25 20:00:00+00:00,68.19000244140625
2025-08-25 22:00:00+00:00,68.1500015258789
2025-08-25 23:00:00+00:00,68.12999725341797
2025-08-26 00:00:00+00:00,67.87000274658203
2025-08-26 01:00:00+00:00,67.9000015258789
2025-08-26 02:00:00+00:00,67.95999908447266
2025-08-26 03:00:00+00:00,67.94000244140625
2025-08-26 04:00:00+00:00,67.87999725341797
2025-08-26 05:00:00+00:00,67.9000015258789
2025-08-26 06:00:00+00:00,67.87000274658203
2025-08-26 07:00:00+00:00,67.62999725341797
2025-08-26 08:00:00+00:00,67.48999786376953
2025-08-26 09:00:00+00:00,67.16000366210938
2025-08-26 10:00:00+00:00,67.0999984741211
2025-08-26 11:00:00+00:00,67.12999725341797
2025-08-26 12:00:00+00:00,67.18000030517578
2025-08-26 13:00:00+00:00,67.33000183105469
2025-08-26 14:00:00+00:00,67.31999969482422
2025-08-26 15:00:00+00:00,66.86000061035156
2025-08-26 16:00:00+00:00,66.73999786376953
2025-08-26 17:00:00+00:00,66.79000091552734
2025-08-26 18:00:00+00:00,66.73999786376953
2025-08-26 19:00:00+00:00,66.76000213623047
2025-08-26 20:00:00+00:00,66.76000213623047
2025-08-26 22:00:00+00:00,66.83000183105469
2025-08-26 23:00:00+00:00,66.86000061035156
2025-08-27 00:00:00+00:00,66.80999755859375
2025-08-27 01:00:00+00:00,66.58999633789062
2025-08-27 02:00:00+00:00,66.7699966430664
2025-08-27 03:00:00+00:00,66.70999908447266
2025-08-27 04:00:00+00:00,66.70999908447266
2025-08-27 05:00:00+00:00,66.58999633789062
2025-08-27 06:00:00+00:00,66.62999725341797
2025-08-27 07:00:00+00:00,66.62000274658203
2025-08-27 08:00:00+00:00,66.41999816894531
2025-08-27 09:00:00+00:00,66.62999725341797
2025-08-27 10:00:00+00:00,66.56999969482422
2025-08-27 11:00:00+00:00,66.8499984741211
2025-08-27 12:00:00+00:00,66.98999786376953
2025-08-27 13:00:00+00:00,67.0199966430664
2025-08-27 14:00:00+00:00,67.08000183105469
2025-08-27 15:00:00+00:00,67.12999725341797
2025-08-27 16:00:00+00:00,67.16999816894531
2025-08-27 17:00:00+00:00,67.2300033569336
2025-08-27 18:00:00+00:00,67.29000091552734
2025-08-27 19:00:00+00:00,67.19999694824219
2025-08-27 20:00:00+00:00,67.19999694824219
2025-08-27 22:00:00+00:00,67.1500015258789
2025-08-27 23:00:00+00:00,67.1500015258789
2025-08-28 00:00:00+00:00,67.12999725341797
2025-08-28 01:00:00+00:00,67.08999633789062
2025-08-28 02:00:00+00:00,67.0
2025-08-28 03:00:00+00:00,66.97000122070312
2025-08-28 04:00:00+00:00,66.88999938964844
2025-08-28 05:00:00+00:00,66.87999725341797
2025-08-28 06:00:00+00:00,67.0
2025-08-28 07:00:00+00:00,67.06999969482422
2025-08-28 08:00:00+00:00,66.93000030517578
2025-08-28 09:00:00+00:00,67.05999755859375
2025-08-28 10:00:00+00:00,67.19000244140625
2025-08-28 11:00:00+00:00,67.33999633789062
2025-08-28 12:00:00+00:00,67.4000015258789
2025-08-28 13:00:00+00:00,67.08999633789062
2025-08-28 14:00:00+00:00,67.04000091552734
2025-08-28 15:00:00+00:00,67.05999755859375
2025-08-28 16:00:00+00:00,66.9800033569336
2025-08-28 17:00:00+00:00,67.68000030517578
2025-08-28 18:00:00+00:00,67.62000274658203
2025-08-28 19:00:00+00:00,67.69000244140625
2025-08-28 20:00:00+00:00,67.66999816894531
2025-08-28 22:00:00+00:00,67.58000183105469
2025-08-28 23:00:00+00:00,67.56999969482422
2025-08-29 00:00:00+00:00,67.5999984741211
2025-08-29 01:00:00+00:00,67.51000213623047
2025-08-29 02:00:00+00:00,67.52999877929688
2025-08-29 03:00:00+00:00,67.58999633789062
2025-08-29 04:00:00+00:00,67.61000061035156
2025-08-29 05:00:00+00:00,67.6500015258789
2025-08-29 06:00:00+00:00,67.61000061035156
2025-08-29 07:00:00+00:00,67.62000274658203
2025-08-29 08:00:00+00:00,67.55999755859375
2025-08-29 09:00:00+00:00,67.61000061035156
2025-08-29 10:00:00+00:00,67.7300033569336
2025-08-29 11:00:00+00:00,67.80000305175781
2025-08-29 12:00:00+00:00,67.86000061035156
2025-08-29 13:00:00+00:00,67.69000244140625
2025-08-29 14:00:00+00:00,67.5
2025-08-29 15:00:00+00:00,67.58000183105469
2025-08-29 16:00:00+00:00,67.41999816894531
2025-08-29 17:00:00+00:00,67.45999908447266
2025-08-29 18:00:00+00:00,67.45999908447266
2025-08-29 19:00:00+00:00,67.41999816894531
2025-08-29 20:00:00+00:00,67.45999908447266
2025-09-02 04:00:00+00:00,68.41000366210938
2025-09-02 05:00:00+00:00,68.4800033569336
2025-09-02 06:00:00+00:00,68.58999633789062
2025-09-02 07:00:00+00:00,68.69000244140625
2025-09-02 08:00:00+00:00,69.2699966430664
2025-09-02 09:00:00+00:00,69.45999908447266
2025-09-02 10:00:00+00:00,69.41000366210938
2025-09-02 11:00:00+00:00,69.2300033569336
2025-09-02 12:00:00+00:00,68.08999633789062
2025-09-02 13:00:00+00:00,68.45999908447266
2025-09-02 14:00:00+00:00,68.75
2025-09-02 15:00:00+00:00,68.97000122070312
2025-09-02 16:00:00+00:00,69.20999908447266
2025-09-02 17:00:00+00:00,69.12999725341797
2025-09-02 18:00:00+00:00,69.08000183105469
2025-09-02 19:00:00+00:00,69.13999938964844
2025-09-02 20:00:00+00:00,69.12000274658203
2025-09-02 22:00:00+00:00,69.08999633789062
2025-09-02 23:00:00+00:00,69.08000183105469
2025-09-03 00:00:00+00:00,69.13999938964844
2025-09-03 01:00:00+00:00,69.0999984741211
2025-09-03 02:00:00+00:00,69.02999877929688
2025-09-03 03:00:00+00:00,68.91000366210938
2025-09-03 04:00:00+00:00,68.94999694824219
2025-09-03 05:00:00+00:00,68.91000366210938
2025-09-03 06:00:00+00:00,68.91999816894531
2025-09-03 07:00:00+00:00,68.81999969482422
2025-09-03 08:00:00+00:00,68.94999694824219
2025-09-03 09:00:00+00:00,68.0
2025-09-03 10:00:00+00:00,67.80000305175781
2025-09-03 11:00:00+00:00,67.91000366210938
2025-09-03 12:00:00+00:00,68.02999877929688
2025-09-03 13:00:00+00:00,67.81999969482422
2025-09-03 14:00:00+00:00,67.66000366210938
2025-09-03 15:00:00+00:00,68.31999969482422
2025-09-03 16:00:00+00:00,67.66000366210938
2025-09-03 17:00:00+00:00,67.47000122070312
2025-09-03 18:00:00+00:00,67.48999786376953
2025-09-03 19:00:00+00:00,67.54000091552734
2025-09-03 20:00:00+00:00,67.37999725341797
2025-09-03 22:00:00+00:00,67.41999816894531
2025-09-03 23:00:00+00:00,67.43000030517578
2025-09-04 00:00:00+00:00,67.37999725341797
2025-09-04 01:00:00+00:00,67.25
2025-09-04 02:00:00+00:00,67.30000305175781
2025-09-04 03:00:00+00:00,67.18000030517578
2025-09-04 04:00:00+00:00,67.18000030517578
2025-09-04 05:00:00+00:00,67.12999725341797
2025-09-04 06:00:00+00:00,66.87999725341797
2025-09-04 07:00:00+00:00,66.77999877929688
2025-09-04 08:00:00+00:00,67.0
2025-09-04 09:00:00+00:00,66.44000244140625
2025-09-04 10:00:00+00:00,66.5999984741211
2025-09-04 11:00:00+00:00,67.0
2025-09-04 12:00:00+00:00,66.79000091552734
2025-09-04 13:00:00+00:00,66.66999816894531
2025-09-04 14:00:00+00:00,67.06999969482422
2025-09-04 15:00:00+00:00,66.98999786376953
2025-09-04 16:00:00+00:00,67.12000274658203
2025-09-04 17:00:00+00:00,67.06999969482422
2025-09-04 18:00:00+00:00,66.94000244140625
2025-09-04 19:00:00+00:00,66.83000183105469
2025-09-04 20:00:00+00:00,66.83999633789062
2025-09-04 22:00:00+00:00,66.79000091552734
2025-09-04 23:00:00+00:00,66.80999755859375
2025-09-05 00:00:00+00:00,66.79000091552734
2025-09-05 01:00:00+00:00,66.75
2025-09-05 02:00:00+00:00,66.87999725341797
2025-09-05 03:00:00+00:00,66.8499984741211
2025-09-05 04:00:00+00:00,66.91000366210938
2025-09-05 05:00:00+00:00,66.9000015258789
2025-09-05 06:00:00+00:00,66.76000213623047
2025-09-05 07:00:00+00:00,66.70999908447266
2025-09-05 08:00:00+00:00,66.94000244140625
2025-09-05 09:00:00+00:00,66.95999908447266
2025-09-05 10:00:00+00:00,66.44000244140625
2025-09-05 11:00:00+00:00,66.44000244140625
2025-09-05 12:00:00+00:00,65.72000122070312
2025-09-05 13:00:00+00:00,65.66000366210938
2025-09-05 14:00:00+00:00,65.36000061035156
2025-09-05 15:00:00+00:00,65.11000061035156
2025-09-05 16:00:00+00:00,65.48999786376953
2025-09-05 17:00:00+00:00,65.41000366210938
2025-09-05 18:00:00+00:00,65.69000244140625
2025-09-05 19:00:00+00:00,65.63999938964844
2025-09-05 20:00:00+00:00,65.58000183105469
2025-09-07 22:00:00+00:00,65.62999725341797
2025-09-07 23:00:00+00:00,65.9000015258789
2025-09-08 00:00:00+00:00,65.87000274658203
2025-09-08 01:00:00+00:00,66.26000213623047
2025-09-08 02:00:00+00:00,66.27999877929688
2025-09-08 03:00:00+00:00,66.30000305175781
2025-09-08 04:00:00+00:00,66.2699966430664
2025-09-08 05:00:00+00:00,66.5
2025-09-08 06:00:00+00:00,66.66000366210938
2025-09-08 07:00:00+00:00,66.45999908447266
2025-09-08 08:00:00+00:00,66.62000274658203
2025-09-08 09:00:00+00:00,66.80999755859375
2025-09-08 10:00:00+00:00,66.8499984741211
2025-09-08 11:00:00+00:00,66.4800033569336
2025-09-08 12:00:00+00:00,66.75
2025-09-08 13:00:00+00:00,65.8499984741211
2025-09-08 14:00:00+00:00,65.98999786376953
2025-09-08 15:00:00+00:00,66.16000366210938
2025-09-08 16:00:00+00:00,65.93000030517578
2025-09-08 17:00:00+00:00,65.9800033569336
2025-09-08 18:00:00+00:00,66.08000183105469
2025-09-08 19:00:00+00:00,66.11000061035156
2025-09-08 20:00:00+00:00,66.20999908447266
2025-09-08 22:00:00+00:00,66.2300033569336
2025-09-08 23:00:00+00:00,66.25
2025-09-09 00:00:00+00:00,66.18000030517578
2025-09-09 01:00:00+00:00,66.2699966430664
2025-09-09 02:00:00+00:00,66.36000061035156
2025-09-09 03:00:00+00:00,66.33999633789062
2025-09-09 04:00:00+00:00,66.4800033569336
2025-09-09 05:00:00+00:00,66.47000122070312
2025-09-09 06:00:00+00:00,66.55000305175781
2025-09-09 07:00:00+00:00,66.66000366210938
2025-09-09 08:00:00+00:00,66.76000213623047
2025-09-09 09:00:00+00:00,66.44000244140625
2025-09-09 10:00:00+00:00,66.48999786376953
2025-09-09 11:00:00+00:00,66.58000183105469
2025-09-09 12:00:00+00:00,66.30000305175781
2025-09-09 13:00:00+00:00,67.0999984741211
2025-09-09 14:00:00+00:00,67.12999725341797
2025-09-09 15:00:00+00:00,66.68000030517578
2025-09-09 16:00:00+00:00,66.55000305175781
2025-09-09 17:00:00+00:00,66.44999694824219
2025-09-09 18:00:00+00:00,66.4800033569336
2025-09-09 19:00:00+00:00,66.41999816894531
2025-09-09 20:00:00+00:00,66.55000305175781
2025-09-09 22:00:00+00:00,66.7300033569336
2025-09-09 23:00:00+00:00,66.80000305175781
2025-09-10 00:00:00+00:00,66.80000305175781
2025-09-10 01:00:00+00:00,66.88999938964844
2025-09-10 02:00:00+00:00,66.87000274658203
2025-09-10 03:00:00+00:00,66.97000122070312
2025-09-10 04:00:00+00:00,67.05000305175781
2025-09-10 05:00:00+00:00,67.05999755859375
2025-09-10 06:00:00+00:00,67.0
2025-09-10 07:00:00+00:00,66.88999938964844
2025-09-10 08:00:00+00:00,66.98999786376953
2025-09-10 09:00:00+00:00,66.79000091552734
2025-09-10 10:00:00+00:00,67.02999877929688
2025-09-10 11:00:00+00:00,66.9800033569336
2025-09-10 12:00:00+00:00,67.04000091552734
2025-09-10 13:00:00+00:00,67.04000091552734
2025-09-10 14:00:00+00:00,67.0199966430664
2025-09-10 15:00:00+00:00,67.68000030517578
2025-09-10 16:00:00+00:00,67.70999908447266
2025-09-10 17:00:00+00:00,67.56999969482422
2025-09-10 18:00:00+00:00,67.58999633789062
2025-09-10 19:00:00+00:00,67.5999984741211
2025-09-10 20:00:00+00:00,67.56999969482422
2025-09-10 22:00:00+00:00,67.58999633789062
2025-09-10 23:00:00+00:00,67.58000183105469
2025-09-11 00:00:00+00:00,67.56999969482422
2025-09-11 01:00:00+00:00,67.52999877929688
2025-09-11 02:00:00+00:00,67.44999694824219
2025-09-11 03:00:00+00:00,67.4000015258789
2025-09-11 04:00:00+00:00,67.37999725341797
2025-09-11 05:00:00+00:00,67.30999755859375
2025-09-11 06:00:00+00:00,67.38999938964844
2025-09-11 07:00:00+00:00,67.38999938964844
2025-09-11 08:00:00+00:00,67.23999786376953
2025-09-11 09:00:00+00:00,67.23999786376953
2025-09-11 10:00:00+00:00,67.0199966430664
2025-09-11 11:00:00+00:00,66.86000061035156
2025-09-11 12:00:00+00:00,66.61000061035156
2025-09-11 13:00:00+00:00,66.55999755859375
2025-09-11 14:00:00+00:00,66.38999938964844
2025-09-11 15:00:00+00:00,66.4000015258789
2025-09-11 16:00:00+00:00,66.43000030517578
2025-09-11 17:00:00+00:00,66.41999816894531
2025-09-11 18:00:00+00:00,66.27999877929688
2025-09-11 19:00:00+00:00,66.23999786376953
2025-09-11 20:00:00+00:00,66.25
2025-09-11 22:00:00+00:00,66.23999786376953
2025-09-11 23:00:00+00:00,66.20999908447266
2025-09-12 00:00:00+00:00,66.06999969482422
2025-09-12 01:00:00+00:00,65.88999938964844
2025-09-12 02:00:00+00:00,65.81999969482422
2025-09-12 03:00:00+00:00,65.83000183105469
2025-09-12 04:00:00+00:00,65.86000061035156
2025-09-12 05:00:00+00:00,65.91999816894531
2025-09-12 06:00:00+00:00,65.7699966430664
2025-09-12 07:00:00+00:00,66.12000274658203
2025-09-12 08:00:00+00:00,66.43000030517578
2025-09-12 09:00:00+00:00,66.66000366210938
2025-09-12 10:00:00+00:00,67.12999725341797
2025-09-12 11:00:00+00:00,67.6500015258789
2025-09-12 12:00:00+00:00,67.70999908447266
2025-09-12 13:00:00+00:00,67.5
2025-09-12 14:00:00+00:00,67.44999694824219
2025-09-12 15:00:00+00:00,67.45999908447266
2025-09-12 16:00:00+00:00,66.83999633789062
2025-09-12 17:00:00+00:00,66.80000305175781
2025-09-12 18:00:00+00:00,66.88999938964844
2025-09-12 19:00:00+00:00,66.80000305175781
2025-09-12 20:00:00+00:00,66.87000274658203
2025-09-14 22:00:00+00:00,66.91000366210938
2025-09-14 23:00:00+00:00,66.94000244140625
2025-09-15 00:00:00+00:00,67.13999938964844
2025-09-15 01:00:00+00:00,67.2699966430664
2025-09-15 02:00:00+00:00,67.30000305175781
2025-09-15 03:00:00+00:00,67.36000061035156
2025-09-15 04:00:00+00:00,67.3499984741211
2025-09-15 05:00:00+00:00,67.4000015258789
2025-09-15 06:00:00+00:00,67.19999694824219
2025-09-15 07:00:00+00:00,67.29000091552734
2025-09-15 08:00:00+00:00,67.27999877929688
2025-09-15 09:00:00+00:00,67.25
2025-09-15 10:00:00+00:00,67.0199966430664
2025-09-15 11:00:00+00:00,67.16000366210938
2025-09-15 12:00:00+00:00,67.08999633789062
2025-09-15 13:00:00+00:00,67.54000091552734
2025-09-15 14:00:00+00:00,67.5999984741211
2025-09-15 15:00:00+00:00,67.2699966430664
2025-09-15 16:00:00+00:00,67.3499984741211
2025-09-15 17:00:00+00:00,67.44999694824219
2025-09-15 18:00:00+00:00,67.47000122070312
2025-09-15 19:00:00+00:00,67.44999694824219
2025-09-15 20:00:00+00:00,67.44999694824219
2025-09-15 22:00:00+00:00,67.47000122070312
2025-09-16 00:00:00+00:00,67.48999786376953
2025-09-16 01:00:00+00:00,67.6500015258789
2025-09-16 02:00:00+00:00,67.56999969482422
2025-09-16 03:00:00+00:00,67.58000183105469
2025-09-16 04:00:00+00:00,67.5999984741211
2025-09-16 05:00:00+00:00,67.52999877929688
2025-09-16 06:00:00+00:00,67.41999816894531
2025-09-16 07:00:00+00:00,67.19000244140625
2025-09-16 08:00:00+00:00,67.0999984741211
2025-09-16 09:00:00+00:00,67.25
2025-09-16 10:00:00+00:00,67.0199966430664
2025-09-16 11:00:00+00:00,67.2699966430664
2025-09-16 12:00:00+00:00,67.69999694824219
2025-09-16 13:00:00+00:00,67.6500015258789
2025-09-16 14:00:00+00:00,67.83999633789062
2025-09-16 15:00:00+00:00,68.0199966430664
2025-09-16 16:00:00+00:00,68.0
2025-09-16 17:00:00+00:00,68.16000366210938
2025-09-16 18:00:00+00:00,67.95999908447266
2025-09-16 19:00:00+00:00,68.0199966430664
2025-09-16 20:00:00+00:00,68.47000122070312
2025-09-16 22:00:00+00:00,68.56999969482422
2025-09-16 23:00:00+00:00,68.55000305175781
2025-09-17 00:00:00+00:00,68.4800033569336
2025-09-17 01:00:00+00:00,68.41000366210938
2025-09-17 02:00:00+00:00,67.91999816894531
2025-09-17 03:00:00+00:00,68.33000183105469
2025-09-17 04:00:00+00:00,67.9000015258789
2025-09-17 05:00:00+00:00,67.87999725341797
2025-09-17 06:00:00+00:00,68.41000366210938
2025-09-17 07:00:00+00:00,68.12000274658203
2025-09-17 08:00:00+00:00,68.02999877929688
2025-09-17 09:00:00+00:00,68.0
2025-09-17 10:00:00+00:00,67.91000366210938
2025-09-17 11:00:00+00:00,68.19000244140625
2025-09-17 12:00:00+00:00,67.73999786376953
2025-09-17 13:00:00+00:00,67.9000015258789
2025-09-17 14:00:00+00:00,67.83000183105469
2025-09-17 15:00:00+00:00,68.2699966430664
2025-09-17 16:00:00+00:00,68.19999694824219
2025-09-17 17:00:00+00:00,67.69999694824219
2025-09-17 18:00:00+00:00,67.69999694824219
2025-09-17 19:00:00+00:00,67.8499984741211
2025-09-17 20:00:00+00:00,67.9000015258789
2025-09-17 22:00:00+00:00,67.52999877929688
2025-09-17 23:00:00+00:00,68.04000091552734
2025-09-18 00:00:00+00:00,67.2699966430664
2025-09-18 01:00:00+00:00,67.13999938964844
2025-09-18 02:00:00+00:00,67.27999877929688
2025-09-18 03:00:00+00:00,67.88999938964844
2025-09-18 04:00:00+00:00,67.26000213623047
2025-09-18 05:00:00+00:00,67.1500015258789
2025-09-18 06:00:00+00:00,67.18000030517578
2025-09-18 07:00:00+00:00,67.62000274658203
2025-09-18 08:00:00+00:00,68.0999984741211
2025-09-18 09:00:00+00:00,67.38999938964844
2025-09-18 10:00:00+00:00,67.33999633789062
2025-09-18 11:00:00+00:00,68.25
2025-09-18 12:00:00+00:00,67.58999633789062
2025-09-18 13:00:00+00:00,67.97000122070312
2025-09-18 14:00:00+00:00,68.05000305175781
2025-09-18 15:00:00+00:00,67.6500015258789
2025-09-18 16:00:00+00:00,67.43000030517578
2025-09-18 17:00:00+00:00,67.26000213623047
2025-09-18 18:00:00+00:00,67.58000183105469
2025-09-18 19:00:00+00:00,67.05000305175781
2025-09-18 20:00:00+00:00,66.9800033569336
2025-09-18 22:00:00+00:00,66.91999816894531
2025-09-18 23:00:00+00:00,67.44000244140625
2025-09-19 00:00:00+00:00,66.98999786376953
2025-09-19 01:00:00+00:00,67.01000213623047
2025-09-19 02:00:00+00:00,67.41999816894531
2025-09-19 03:00:00+00:00,67.4000015258789
2025-09-19 04:00:00+00:00,67.33000183105469
2025-09-19 05:00:00+00:00,67.19999694824219
2025-09-19 06:00:00+00:00,67.30999755859375
2025-09-19 07:00:00+00:00,66.63999938964844
2025-09-19 08:00:00+00:00,67.05000305175781
2025-09-19 09:00:00+00:00,67.0
2025-09-19 10:00:00+00:00,66.62999725341797
2025-09-19 11:00:00+00:00,67.22000122070312
2025-09-19 12:00:00+00:00,67.27999877929688
2025-09-19 13:00:00+00:00,67.0199966430664
2025-09-19 14:00:00+00:00,66.9800033569336
2025-09-19 15:00:00+00:00,66.0999984741211
2025-09-19 16:00:00+00:00,66.6500015258789
2025-09-19 17:00:00+00:00,66.0999984741211
2025-09-19 18:00:00+00:00,66.05999755859375
2025-09-19 19:00:00+00:00,66.0
2025-09-19 20:00:00+00:00,66.0199966430664
2025-09-21 22:00:00+00:00,66.16000366210938
2025-09-21 23:00:00+00:00,66.19000244140625
2025-09-22 00:00:00+00:00,66.2699966430664
2025-09-22 01:00:00+00:00,67.01000213623047
2025-09-22 02:00:00+00:00,67.04000091552734
2025-09-22 03:00:00+00:00,67.11000061035156
2025-09-22 04:00:00+00:00,66.45999908447266
2025-09-22 05:00:00+00:00,67.0999984741211
2025-09-22 06:00:00+00:00,67.1500015258789
2025-09-22 07:00:00+00:00,66.37999725341797
2025-09-22 08:00:00+00:00,66.11000061035156
2025-09-22 09:00:00+00:00,66.55999755859375
2025-09-22 10:00:00+00:00,66.22000122070312
2025-09-22 11:00:00+00:00,65.51000213623047
2025-09-22 12:00:00+00:00,66.06999969482422
2025-09-22 13:00:00+00:00,66.22000122070312
2025-09-22 14:00:00+00:00,66.45999908447266
2025-09-22 15:00:00+00:00,66.4800033569336
2025-09-22 16:00:00+00:00,65.86000061035156
2025-09-22 17:00:00+00:00,66.55999755859375
2025-09-22 18:00:00+00:00,66.56999969482422
2025-09-22 19:00:00+00:00,66.55000305175781
2025-09-22 20:00:00+00:00,66.0
2025-09-22 22:00:00+00:00,65.91999816894531
2025-09-22 23:00:00+00:00,66.01000213623047
2025-09-23 00:00:00+00:00,65.94999694824219
2025-09-23 01:00:00+00:00,66.30000305175781
2025-09-23 02:00:00+00:00,65.61000061035156
2025-09-23 03:00:00+00:00,65.55000305175781
2025-09-23 04:00:00+00:00,65.5999984741211
2025-09-23 05:00:00+00:00,66.12000274658203
2025-09-23 06:00:00+00:00,66.2300033569336
2025-09-23 07:00:00+00:00,66.4800033569336
2025-09-23 08:00:00+00:00,66.43000030517578
2025-09-23 09:00:00+00:00,66.86000061035156
2025-09-23 10:00:00+00:00,67.19000244140625
2025-09-23 11:00:00+00:00,67.19999694824219
2025-09-23 12:00:00+00:00,67.2699966430664
2025-09-23 13:00:00+00:00,67.5199966430664
2025-09-23 14:00:00+00:00,67.75
2025-09-23 15:00:00+00:00,67.81999969482422
2025-09-23 16:00:00+00:00,66.91999816894531
2025-09-23 17:00:00+00:00,66.86000061035156
2025-09-23 18:00:00+00:00,67.0999984741211
2025-09-23 19:00:00+00:00,67.93000030517578
2025-09-23 20:00:00+00:00,67.19000244140625
2025-09-23 22:00:00+00:00,68.0199966430664
2025-09-23 23:00:00+00:00,67.93000030517578
2025-09-24 00:00:00+00:00,67.2699966430664
2025-09-24 01:00:00+00:00,67.83999633789062
2025-09-24 02:00:00+00:00,67.08999633789062
2025-09-24 03:00:00+00:00,67.11000061035156
2025-09-24 04:00:00+00:00,67.05000305175781
2025-09-24 05:00:00+00:00,67.0
2025-09-24 06:00:00+00:00,67.06999969482422
2025-09-24 07:00:00+00:00,68.01000213623047
2025-09-24 08:00:00+00:00,67.66000366210938
2025-09-24 09:00:00+00:00,68.02999877929688
2025-09-24 10:00:00+00:00,68.30000305175781
2025-09-24 11:00:00+00:00,67.62999725341797
2025-09-24 12:00:00+00:00,68.47000122070312
2025-09-24 13:00:00+00:00,68.54000091552734
2025-09-24 14:00:00+00:00,68.75
2025-09-24 15:00:00+00:00,68.13999938964844
2025-09-24 16:00:00+00:00,68.19999694824219
2025-09-24 17:00:00+00:00,69.20999908447266
2025-09-24 18:00:00+00:00,69.16999816894531
2025-09-24 19:00:00+00:00,69.12999725341797
2025-09-24 20:00:00+00:00,69.12999725341797
2025-09-24 22:00:00+00:00,68.25
2025-09-24 23:00:00+00:00,68.23999786376953
2025-09-25 00:00:00+00:00,69.27999877929688
2025-09-25 01:00:00+00:00,68.23999786376953
2025-09-25 02:00:00+00:00,68.30999755859375
2025-09-25 03:00:00+00:00,69.08000183105469
2025-09-25 04:00:00+00:00,69.02999877929688
2025-09-25 05:00:00+00:00,68.2699966430664
2025-09-25 06:00:00+00:00,68.3499984741211
2025-09-25 07:00:00+00:00,68.19000244140625
2025-09-25 08:00:00+00:00,67.83999633789062
2025-09-25 09:00:00+00:00,69.0
2025-09-25 10:00:00+00:00,68.3499984741211
2025-09-25 11:00:00+00:00,68.26000213623047
2025-09-25 12:00:00+00:00,68.16000366210938
2025-09-25 13:00:00+00:00,67.81999969482422
2025-09-25 14:00:00+00:00,67.79000091552734
2025-09-25 15:00:00+00:00,68.38999938964844
2025-09-25 16:00:00+00:00,68.25
2025-09-25 17:00:00+00:00,69.20999908447266
2025-09-25 18:00:00+00:00,68.7699966430664
2025-09-25 19:00:00+00:00,68.80999755859375
2025-09-25 20:00:00+00:00,69.58000183105469
2025-09-25 22:00:00+00:00,69.72000122070312
2025-09-25 23:00:00+00:00,69.6500015258789
2025-09-26 00:00:00+00:00,68.77999877929688
2025-09-26 01:00:00+00:00,68.83000183105469
2025-09-26 02:00:00+00:00,68.76000213623047
2025-09-26 03:00:00+00:00,68.72000122070312
2025-09-26 04:00:00+00:00,69.5199966430664
2025-09-26 05:00:00+00:00,69.56999969482422
2025-09-26 06:00:00+00:00,68.66999816894531
2025-09-26 07:00:00+00:00,68.66999816894531
2025-09-26 08:00:00+00:00,68.69000244140625
2025-09-26 09:00:00+00:00,68.31999969482422
2025-09-26 10:00:00+00:00,68.4800033569336
2025-09-26 11:00:00+00:00,69.30999755859375
2025-09-26 12:00:00+00:00,68.75
2025-09-26 13:00:00+00:00,69.05999755859375
2025-09-26 14:00:00+00:00,69.79000091552734
2025-09-26 15:00:00+00:00,69.66000366210938
2025-09-26 16:00:00+00:00,69.27999877929688
2025-09-26 17:00:00+00:00,69.08000183105469
2025-09-26 18:00:00+00:00,69.01000213623047
2025-09-26 19:00:00+00:00,69.7300033569336
2025-09-26 20:00:00+00:00,69.22000122070312
2025-09-28 22:00:00+00:00,68.66000366210938
2025-09-28 23:00:00+00:00,68.69999694824219
2025-09-29 00:00:00+00:00,68.69999694824219
2025-09-29 01:00:00+00:00,68.63999938964844
2025-09-29 02:00:00+00:00,68.86000061035156
2025-09-29 03:00:00+00:00,68.76000213623047
2025-09-29 04:00:00+00:00,68.87999725341797
2025-09-29 05:00:00+00:00,68.83999633789062
2025-09-29 06:00:00+00:00,68.86000061035156
2025-09-29 07:00:00+00:00,68.55000305175781
2025-09-29 08:00:00+00:00,68.56999969482422
2025-09-29 09:00:00+00:00,68.1500015258789
2025-09-29 10:00:00+00:00,68.01000213623047
2025-09-29 11:00:00+00:00,68.02999877929688
2025-09-29 12:00:00+00:00,68.06999969482422
2025-09-29 13:00:00+00:00,67.30000305175781
2025-09-29 14:00:00+00:00,67.25
2025-09-29 15:00:00+00:00,66.94999694824219
2025-09-29 16:00:00+00:00,67.80999755859375
2025-09-29 17:00:00+00:00,66.72000122070312
2025-09-29 18:00:00+00:00,66.83999633789062
2025-09-29 19:00:00+00:00,66.80999755859375
2025-09-29 20:00:00+00:00,67.66999816894531
2025-09-29 22:00:00+00:00,66.75
2025-09-29 23:00:00+00:00,66.69999694824219
2025-09-30 00:00:00+00:00,66.68000030517578
2025-09-30 01:00:00+00:00,66.79000091552734
2025-09-30 02:00:00+00:00,66.66999816894531
2025-09-30 03:00:00+00:00,66.68000030517578
2025-09-30 04:00:00+00:00,66.66999816894531
2025-09-30 05:00:00+00:00,66.77999877929688
2025-09-30 06:00:00+00:00,66.7699966430664
2025-09-30 07:00:00+00:00,66.37999725341797
2025-09-30 08:00:00+00:00,66.58000183105469
2025-09-30 09:00:00+00:00,66.31999969482422
2025-09-30 10:00:00+00:00,66.54000091552734
2025-09-30 11:00:00+00:00,65.9000015258789
2025-09-30 12:00:00+00:00,65.94000244140625
2025-09-30 13:00:00+00:00,66.26000213623047
2025-09-30 14:00:00+00:00,65.86000061035156
2025-09-30 15:00:00+00:00,66.36000061035156
2025-09-30 16:00:00+00:00,66.37000274658203
2025-09-30 17:00:00+00:00,66.08999633789062
2025-09-30 18:00:00+00:00,66.19999694824219
2025-09-30 19:00:00+00:00,66.1500015258789
2025-09-30 20:00:00+00:00,66.05000305175781
2025-09-30 22:00:00+00:00,66.13999938964844
2025-09-30 23:00:00+00:00,66.16999816894531
2025-10-01 00:00:00+00:00,65.87999725341797
2025-10-01 01:00:00+00:00,66.16999816894531
2025-10-01 02:00:00+00:00,66.11000061035156
2025-10-01 03:00:00+00:00,66.20999908447266
2025-10-01 04:00:00+00:00,66.2699966430664
2025-10-01 05:00:00+00:00,66.12000274658203
2025-10-01 06:00:00+00:00,66.2699966430664
2025-10-01 07:00:00+00:00,66.45999908447266
2025-10-01 08:00:00+00:00,65.8499984741211
2025-10-01 09:00:00+00:00,65.54000091552734
2025-10-01 10:00:00+00:00,65.87999725341797
2025-10-01 11:00:00+00:00,65.77999877929688
2025-10-01 12:00:00+00:00,65.5199966430664
2025-10-01 13:00:00+00:00,65.22000122070312
2025-10-01 14:00:00+00:00,65.4800033569336
2025-10-01 15:00:00+00:00,65.41999816894531
2025-10-01 16:00:00+00:00,65.41000366210938
2025-10-01 17:00:00+00:00,65.41999816894531
2025-10-01 18:00:00+00:00,65.48999786376953
2025-10-01 19:00:00+00:00,65.5199966430664
2025-10-01 20:00:00+00:00,65.41999816894531
2025-10-01 22:00:00+00:00,65.19000244140625
2025-10-01 23:00:00+00:00,65.45999908447266
2025-10-02 00:00:00+00:00,65.5199966430664
2025-10-02 01:00:00+00:00,65.68000030517578
2025-10-02 02:00:00+00:00,65.73999786376953
2025-10-02 03:00:00+00:00,65.66000366210938
2025-10-02 04:00:00+00:00,65.63999938964844
2025-10-02 05:00:00+00:00,65.6500015258789
2025-10-02 06:00:00+00:00,65.44999694824219
2025-10-02 07:00:00+00:00,65.4800033569336
2025-10-02 08:00:00+00:00,65.45999908447266
2025-10-02 09:00:00+00:00,64.94999694824219
2025-10-02 10:00:00+00:00,65.06999969482422
2025-10-02 11:00:00+00:00,65.05000305175781
2025-10-02 12:00:00+00:00,64.98999786376953
2025-10-02 13:00:00+00:00,65.02999877929688
2025-10-02 14:00:00+00:00,64.52999877929688
2025-10-02 15:00:00+00:00,64.31999969482422
2025-10-02 16:00:00+00:00,64.16999816894531
2025-10-02 17:00:00+00:00,64.04000091552734
2025-10-02 18:00:00+00:00,64.12999725341797
2025-10-02 19:00:00+00:00,64.25
2025-10-02 20:00:00+00:00,64.2699966430664
2025-10-02 22:00:00+00:00,64.29000091552734
2025-10-02 23:00:00+00:00,64.31999969482422
2025-10-03 00:00:00+00:00,64.25
2025-10-03 01:00:00+00:00,64.37999725341797
2025-10-03 02:00:00+00:00,64.33999633789062
2025-10-03 03:00:00+00:00,64.48999786376953
2025-10-03 04:00:00+00:00,64.5
2025-10-03 05:00:00+00:00,64.62999725341797
2025-10-03 06:00:00+00:00,64.72000122070312
2025-10-03 07:00:00+00:00,64.58000183105469
2025-10-03 08:00:00+00:00,64.9800033569336
2025-10-03 09:00:00+00:00,64.43000030517578
2025-10-03 10:00:00+00:00,64.38999938964844
2025-10-03 11:00:00+00:00,64.33000183105469
2025-10-03 12:00:00+00:00,64.48999786376953
2025-10-03 13:00:00+00:00,64.51000213623047
2025-10-03 14:00:00+00:00,64.61000061035156
2025-10-03 15:00:00+00:00,64.66000366210938
2025-10-03 16:00:00+00:00,64.75
2025-10-03 17:00:00+00:00,64.76000213623047
2025-10-03 18:00:00+00:00,64.47000122070312
2025-10-03 19:00:00+00:00,64.41000366210938
2025-10-03 20:00:00+00:00,64.52999877929688
2025-10-05 22:00:00+00:00,65.08000183105469
2025-10-05 23:00:00+00:00,65.26000213623047
2025-10-06 00:00:00+00:00,65.43000030517578
2025-10-06 01:00:00+00:00,65.44000244140625
2025-10-06 02:00:00+00:00,65.43000030517578
2025-10-06 03:00:00+00:00,65.47000122070312
2025-10-06 04:00:00+00:00,65.54000091552734
2025-10-06 05:00:00+00:00,65.41000366210938
2025-10-06 06:00:00+00:00,65.38999938964844
2025-10-06 07:00:00+00:00,65.30000305175781
2025-10-06 08:00:00+00:00,65.58000183105469
2025-10-06 09:00:00+00:00,65.68000030517578
2025-10-06 10:00:00+00:00,65.43000030517578
2025-10-06 11:00:00+00:00,64.97000122070312
2025-10-06 12:00:00+00:00,65.08000183105469
2025-10-06 13:00:00+00:00,65.58999633789062
2025-10-06 14:00:00+00:00,65.08999633789062
2025-10-06 15:00:00+00:00,65.54000091552734
2025-10-06 16:00:00+00:00,65.41000366210938
2025-10-06 17:00:00+00:00,65.48999786376953
2025-10-06 18:00:00+00:00,65.47000122070312
2025-10-06 19:00:00+00:00,65.54000091552734
2025-10-06 20:00:00+00:00,65.48999786376953
2025-10-07 08:00:00+00:00,65.29000091552734
2025-10-07 09:00:00+00:00,65.31999969482422
2025-10-07 10:00:00+00:00,65.41000366210938
2025-10-07 11:00:00+00:00,65.51000213623047
2025-10-07 12:00:00+00:00,65.16000366210938
2025-10-07 13:00:00+00:00,65.37999725341797
2025-10-07 14:00:00+00:00,65.31999969482422
2025-10-07 15:00:00+00:00,65.26000213623047
2025-10-07 16:00:00+00:00,65.1500015258789
2025-10-07 17:00:00+00:00,65.22000122070312
2025-10-07 18:00:00+00:00,65.69000244140625
2025-10-07 19:00:00+00:00,65.7699966430664
2025-10-07 20:00:00+00:00,65.7300033569336
2025-10-07 22:00:00+00:00,65.86000061035156
2025-10-07 23:00:00+00:00,65.83000183105469
2025-10-08 00:00:00+00:00,65.87000274658203
2025-10-08 01:00:00+00:00,65.91999816894531
2025-10-08 02:00:00+00:00,65.95999908447266
2025-10-08 03:00:00+00:00,65.94000244140625
2025-10-08 04:00:00+00:00,65.9000015258789
2025-10-08 05:00:00+00:00,65.9800033569336
2025-10-08 06:00:00+00:00,66.08999633789062
2025-10-08 07:00:00+00:00,66.05000305175781
2025-10-08 08:00:00+00:00,65.9800033569336
2025-10-08 09:00:00+00:00,66.19000244140625
2025-10-08 10:00:00+00:00,66.11000061035156
2025-10-08 11:00:00+00:00,66.33999633789062
2025-10-08 12:00:00+00:00,66.26000213623047
2025-10-08 13:00:00+00:00,65.88999938964844
2025-10-08 14:00:00+00:00,66.22000122070312
2025-10-08 15:00:00+00:00,66.45999908447266
2025-10-08 16:00:00+00:00,66.2699966430664
2025-10-08 17:00:00+00:00,66.4000015258789
2025-10-08 18:00:00+00:00,66.12999725341797
2025-10-08 19:00:00+00:00,66.12999725341797
2025-10-08 20:00:00+00:00,66.01000213623047
2025-10-08 22:00:00+00:00,65.94000244140625
2025-10-08 23:00:00+00:00,65.79000091552734
2025-10-09 00:00:00+00:00,65.69000244140625
2025-10-09 01:00:00+00:00,65.8499984741211
2025-10-09 02:00:00+00:00,65.7699966430664
2025-10-09 03:00:00+00:00,65.87000274658203
2025-10-09 04:00:00+00:00,65.91000366210938
2025-10-09 05:00:00+00:00,66.37000274658203
2025-10-09 06:00:00+00:00,66.33000183105469
2025-10-09 07:00:00+00:00,66.43000030517578
2025-10-09 08:00:00+00:00,66.43000030517578
2025-10-09 09:00:00+00:00,66.0999984741211
2025-10-09 10:00:00+00:00,65.86000061035156
2025-10-09 11:00:00+00:00,65.95999908447266
2025-10-09 12:00:00+00:00,66.23999786376953
2025-10-09 13:00:00+00:00,65.97000122070312
2025-10-09 14:00:00+00:00,65.94000244140625
2025-10-09 15:00:00+00:00,65.58999633789062
2025-10-09 16:00:00+00:00,65.13999938964844
2025-10-09 17:00:00+00:00,65.11000061035156
2025-10-09 18:00:00+00:00,65.05000305175781
2025-10-09 19:00:00+00:00,65.1500015258789
2025-10-09 20:00:00+00:00,65.19999694824219
2025-10-09 22:00:00+00:00,65.20999908447266
2025-10-09 23:00:00+00:00,65.26000213623047
2025-10-10 00:00:00+00:00,65.31999969482422
2025-10-10 01:00:00+00:00,65.29000091552734
2025-10-10 02:00:00+00:00,65.16999816894531
2025-10-10 03:00:00+00:00,65.08000183105469
2025-10-10 04:00:00+00:00,64.87999725341797
2025-10-10 05:00:00+00:00,65.01000213623047
2025-10-10 06:00:00+00:00,64.81999969482422
2025-10-10 07:00:00+00:00,64.86000061035156
2025-10-10 08:00:00+00:00,64.87999725341797
2025-10-10 09:00:00+00:00,64.83000183105469
2025-10-10 10:00:00+00:00,64.3499984741211
2025-10-10 11:00:00+00:00,64.37999725341797
2025-10-10 12:00:00+00:00,63.93000030517578
2025-10-10 13:00:00+00:00,63.959999084472656
2025-10-10 14:00:00+00:00,63.84000015258789
2025-10-10 15:00:00+00:00,62.72999954223633
2025-10-10 16:00:00+00:00,62.720001220703125
2025-10-10 17:00:00+00:00,62.7599983215332
2025-10-10 18:00:00+00:00,62.65999984741211
2025-10-10 19:00:00+00:00,62.68000030517578
2025-10-10 20:00:00+00:00,62.72999954223633
2025-10-12 22:00:00+00:00,63.18000030517578
2025-10-12 23:00:00+00:00,63.43000030517578
2025-10-13 00:00:00+00:00,63.56999969482422
2025-10-13 01:00:00+00:00,63.7400016784668
2025-10-13 02:00:00+00:00,63.68000030517578
2025-10-13 03:00:00+00:00,63.59000015258789
2025-10-13 04:00:00+00:00,63.52000045776367
2025-10-13 05:00:00+00:00,63.68000030517578
2025-10-13 06:00:00+00:00,63.70000076293945
2025-10-13 07:00:00+00:00,63.68000030517578
2025-10-13 08:00:00+00:00,63.849998474121094
2025-10-13 09:00:00+00:00,63.880001068115234
2025-10-13 10:00:00+00:00,63.7599983215332
2025-10-13 11:00:00+00:00,63.56999969482422
2025-10-13 12:00:00+00:00,63.20000076293945
2025-10-13 13:00:00+00:00,63.59000015258789
2025-10-13 14:00:00+00:00,63.70000076293945
2025-10-13 15:00:00+00:00,63.279998779296875
2025-10-13 16:00:00+00:00,63.45000076293945
2025-10-13 17:00:00+00:00,63.529998779296875
2025-10-13 18:00:00+00:00,63.29999923706055
2025-10-13 19:00:00+00:00,63.4900016784668
2025-10-13 20:00:00+00:00,63.349998474121094
2025-10-13 22:00:00+00:00,63.52000045776367
2025-10-13 23:00:00+00:00,63.4900016784668
2025-10-14 00:00:00+00:00,63.599998474121094
2025-10-14 01:00:00+00:00,63.5099983215332
2025-10-14 02:00:00+00:00,63.43000030517578
2025-10-14 03:00:00+00:00,63.529998779296875
2025-10-14 04:00:00+00:00,63.34000015258789
2025-10-14 05:00:00+00:00,62.939998626708984
2025-10-14 06:00:00+00:00,62.86000061035156
2025-10-14 07:00:00+00:00,62.41999816894531
2025-10-14 08:00:00+00:00,62.08000183105469
2025-10-14 09:00:00+00:00,62.130001068115234
2025-10-14 10:00:00+00:00,61.599998474121094
2025-10-14 11:00:00+00:00,62.099998474121094
2025-10-14 12:00:00+00:00,61.900001525878906
2025-10-14 13:00:00+00:00,62.09000015258789
2025-10-14 14:00:00+00:00,61.970001220703125
2025-10-14 15:00:00+00:00,62.16999816894531
2025-10-14 16:00:00+00:00,62.36000061035156
2025-10-14 17:00:00+00:00,62.470001220703125
2025-10-14 18:00:00+00:00,62.529998779296875
2025-10-14 19:00:00+00:00,62.119998931884766
2025-10-14 20:00:00+00:00,62.2400016784668
2025-10-14 22:00:00+00:00,62.36000061035156
2025-10-14 23:00:00+00:00,62.29999923706055
2025-10-15 00:00:00+00:00,62.290000915527344
2025-10-15 01:00:00+00:00,62.29999923706055
2025-10-15 02:00:00+00:00,62.130001068115234
2025-10-15 03:00:00+00:00,62.13999938964844
2025-10-15 04:00:00+00:00,62.16999816894531
2025-10-15 05:00:00+00:00,62.22999954223633
2025-10-15 06:00:00+00:00,62.38999938964844
2025-10-15 07:00:00+00:00,62.33000183105469
2025-10-15 08:00:00+00:00,62.279998779296875
2025-10-15 09:00:00+00:00,62.34000015258789
2025-10-15 10:00:00+00:00,62.36000061035156
2025-10-15 11:00:00+00:00,62.47999954223633
2025-10-15 12:00:00+00:00,62.939998626708984
2025-10-15 13:00:00+00:00,62.560001373291016
2025-10-15 14:00:00+00:00,62.279998779296875
2025-10-15 15:00:00+00:00,61.97999954223633
2025-10-15 16:00:00+00:00,62.119998931884766
2025-10-15 17:00:00+00:00,61.97999954223633
2025-10-15 18:00:00+00:00,62.20000076293945
2025-10-15 19:00:00+00:00,62.119998931884766
2025-10-15 20:00:00+00:00,62.41999816894531
2025-10-15 22:00:00+00:00,62.33000183105469
2025-10-15 23:00:00+00:00,62.36000061035156
2025-10-16 00:00:00+00:00,62.470001220703125
2025-10-16 01:00:00+00:00,62.400001525878906
2025-10-16 02:00:00+00:00,62.36000061035156
2025-10-16 03:00:00+00:00,62.459999084472656
2025-10-16 04:00:00+00:00,62.45000076293945
2025-10-16 05:00:00+00:00,62.41999816894531
2025-10-16 06:00:00+00:00,62.47999954223633
2025-10-16 07:00:00+00:00,62.66999816894531
2025-10-16 08:00:00+00:00,62.310001373291016
2025-10-16 09:00:00+00:00,62.09000015258789
2025-10-16 10:00:00+00:00,62.2599983215332
2025-10-16 11:00:00+00:00,62.34000015258789
2025-10-16 12:00:00+00:00,62.16999816894531
2025-10-16 13:00:00+00:00,62.029998779296875
2025-10-16 14:00:00+00:00,61.97999954223633
2025-10-16 15:00:00+00:00,61.75
2025-10-16 16:00:00+00:00,61.349998474121094
2025-10-16 17:00:00+00:00,60.9900016784668
2025-10-16 18:00:00+00:00,61.18000030517578
2025-10-16 19:00:00+00:00,61.09000015258789
2025-10-16 20:00:00+00:00,60.95000076293945
2025-10-16 22:00:00+00:00,61.119998931884766
2025-10-16 23:00:00+00:00,61.0
2025-10-17 00:00:00+00:00,61.0099983215332
2025-10-17 01:00:00+00:00,60.7400016784668
2025-10-17 02:00:00+00:00,60.880001068115234
2025-10-17 03:00:00+00:00,60.900001525878906
2025-10-17 04:00:00+00:00,60.869998931884766
2025-10-17 05:00:00+00:00,60.83000183105469
2025-10-17 06:00:00+00:00,60.650001525878906
2025-10-17 07:00:00+00:00,60.75
2025-10-17 08:00:00+00:00,60.369998931884766
2025-10-17 09:00:00+00:00,60.380001068115234
2025-10-17 10:00:00+00:00,60.650001525878906
2025-10-17 11:00:00+00:00,61.029998779296875
2025-10-17 12:00:00+00:00,61.16999816894531
2025-10-17 13:00:00+00:00,61.02000045776367
2025-10-17 14:00:00+00:00,61.11000061035156
2025-10-17 15:00:00+00:00,61.16999816894531
2025-10-17 16:00:00+00:00,60.93000030517578
2025-10-17 17:00:00+00:00,61.150001525878906
2025-10-17 18:00:00+00:00,61.310001373291016
2025-10-17 19:00:00+00:00,61.27000045776367
2025-10-17 20:00:00+00:00,61.290000915527344
2025-10-19 22:00:00+00:00,61.27000045776367
2025-10-19 23:00:00+00:00,61.08000183105469
2025-10-20 00:00:00+00:00,61.15999984741211
2025-10-20 01:00:00+00:00,61.02000045776367
2025-10-20 02:00:00+00:00,61.099998474121094
2025-10-20 03:00:00+00:00,61.13999938964844
2025-10-20 04:00:00+00:00,61.09000015258789
2025-10-20 05:00:00+00:00,60.9900016784668
2025-10-20 06:00:00+00:00,60.75
2025-10-20 07:00:00+00:00,60.7599983215332
2025-10-20 08:00:00+00:00,61.09000015258789
2025-10-20 09:00:00+00:00,60.9900016784668
2025-10-20 10:00:00+00:00,60.900001525878906
2025-10-20 11:00:00+00:00,60.869998931884766
2025-10-20 12:00:00+00:00,60.66999816894531
2025-10-20 13:00:00+00:00,60.630001068115234
2025-10-20 14:00:00+00:00,60.63999938964844
2025-10-20 15:00:00+00:00,60.5
2025-10-20 16:00:00+00:00,60.619998931884766
2025-10-20 17:00:00+00:00,60.900001525878906
2025-10-20 18:00:00+00:00,60.869998931884766
2025-10-20 19:00:00+00:00,60.97999954223633
2025-10-20 20:00:00+00:00,60.90999984741211
2025-10-20 22:00:00+00:00,60.90999984741211
2025-10-20 23:00:00+00:00,60.90999984741211
2025-10-21 00:00:00+00:00,60.970001220703125
2025-10-21 01:00:00+00:00,60.790000915527344
2025-10-21 02:00:00+00:00,60.810001373291016
2025-10-21 03:00:00+00:00,60.83000183105469
2025-10-21 04:00:00+00:00,60.81999969482422
2025-10-21 05:00:00+00:00,61.04999923706055
2025-10-21 06:00:00+00:00,60.869998931884766
2025-10-21 07:00:00+00:00,60.720001220703125
2025-10-21 08:00:00+00:00,61.150001525878906
2025-10-21 09:00:00+00:00,61.349998474121094
2025-10-21 10:00:00+00:00,61.4900016784668
2025-10-21 11:00:00+00:00,61.36000061035156
2025-10-21 12:00:00+00:00,61.439998626708984
2025-10-21 13:00:00+00:00,60.400001525878906
2025-10-21 14:00:00+00:00,60.84000015258789
2025-10-21 15:00:00+00:00,61.33000183105469
2025-10-21 16:00:00+00:00,61.2400016784668
2025-10-21 17:00:00+00:00,61.27000045776367
2025-10-21 18:00:00+00:00,61.380001068115234
2025-10-21 19:00:00+00:00,61.470001220703125
2025-10-21 20:00:00+00:00,61.61000061035156
2025-10-21 22:00:00+00:00,61.630001068115234
2025-10-21 23:00:00+00:00,61.59000015258789
2025-10-22 00:00:00+00:00,61.52000045776367
2025-10-22 01:00:00+00:00,61.5
2025-10-22 02:00:00+00:00,61.77000045776367
2025-10-22 03:00:00+00:00,62.25
2025-10-22 04:00:00+00:00,62.29999923706055
2025-10-22 05:00:00+00:00,62.369998931884766
2025-10-22 06:00:00+00:00,62.40999984741211
2025-10-22 07:00:00+00:00,62.22999954223633
2025-10-22 08:00:00+00:00,62.33000183105469
2025-10-22 09:00:00+00:00,62.22999954223633
2025-10-22 10:00:00+00:00,62.40999984741211
2025-10-22 11:00:00+00:00,62.400001525878906
2025-10-22 12:00:00+00:00,62.2400016784668
2025-10-22 13:00:00+00:00,62.75
2025-10-22 14:00:00+00:00,62.59000015258789
2025-10-22 15:00:00+00:00,62.79999923706055
2025-10-22 16:00:00+00:00,62.72999954223633
2025-10-22 17:00:00+00:00,62.4900016784668
2025-10-22 18:00:00+00:00,62.65999984741211
2025-10-22 19:00:00+00:00,63.470001220703125
2025-10-22 20:00:00+00:00,63.4900016784668
2025-10-22 22:00:00+00:00,63.959999084472656
2025-10-22 23:00:00+00:00,64.25
2025-10-23 00:00:00+00:00,64.12000274658203
2025-10-23 01:00:00+00:00,63.91999816894531
2025-10-23 02:00:00+00:00,64.2300033569336
2025-10-23 03:00:00+00:00,64.31999969482422
2025-10-23 04:00:00+00:00,64.62000274658203
2025-10-23 05:00:00+00:00,65.0199966430664
2025-10-23 06:00:00+00:00,64.58000183105469
2025-10-23 07:00:00+00:00,64.58999633789062
2025-10-23 08:00:00+00:00,65.56999969482422
2025-10-23 09:00:00+00:00,65.94000244140625
2025-10-23 10:00:00+00:00,65.69999694824219
2025-10-23 11:00:00+00:00,65.63999938964844
2025-10-23 12:00:00+00:00,65.16000366210938
2025-10-23 13:00:00+00:00,65.75
2025-10-23 14:00:00+00:00,65.58000183105469
2025-10-23 15:00:00+00:00,66.18000030517578
2025-10-23 16:00:00+00:00,66.19000244140625
2025-10-23 17:00:00+00:00,65.0999984741211
2025-10-23 18:00:00+00:00,65.16000366210938
2025-10-23 19:00:00+00:00,65.80999755859375
2025-10-23 20:00:00+00:00,65.19000244140625
2025-10-23 22:00:00+00:00,65.16999816894531
2025-10-23 23:00:00+00:00,65.81999969482422
2025-10-24 00:00:00+00:00,65.08999633789062
2025-10-24 01:00:00+00:00,65.45999908447266
2025-10-24 02:00:00+00:00,65.58000183105469
2025-10-24 03:00:00+00:00,65.62000274658203
2025-10-24 04:00:00+00:00,65.70999908447266
2025-10-24 05:00:00+00:00,65.66000366210938
2025-10-24 06:00:00+00:00,65.5999984741211
2025-10-24 07:00:00+00:00,65.38999938964844
2025-10-24 08:00:00+00:00,65.12000274658203
2025-10-24 09:00:00+00:00,65.13999938964844
2025-10-24 10:00:00+00:00,66.12999725341797
2025-10-24 11:00:00+00:00,65.79000091552734
2025-10-24 12:00:00+00:00,65.3499984741211
2025-10-24 13:00:00+00:00,66.31999969482422
2025-10-24 14:00:00+00:00,65.70999908447266
2025-10-24 15:00:00+00:00,65.88999938964844
2025-10-24 16:00:00+00:00,65.61000061035156
2025-10-24 17:00:00+00:00,65.97000122070312
2025-10-24 18:00:00+00:00,66.01000213623047
2025-10-24 19:00:00+00:00,65.16000366210938
2025-10-24 20:00:00+00:00,65.94000244140625
2025-10-26 22:00:00+00:00,66.47000122070312
2025-10-26 23:00:00+00:00,65.62999725341797
2025-10-27 00:00:00+00:00,65.5
2025-10-27 01:00:00+00:00,65.2300033569336
2025-10-27 02:00:00+00:00,66.19999694824219
2025-10-27 03:00:00+00:00,65.19999694824219
2025-10-27 04:00:00+00:00,65.44000244140625
2025-10-27 05:00:00+00:00,65.54000091552734
2025-10-27 06:00:00+00:00,65.44000244140625
2025-10-27 07:00:00+00:00,66.05999755859375
2025-10-27 08:00:00+00:00,64.37000274658203
2025-10-27 09:00:00+00:00,64.5
2025-10-27 10:00:00+00:00,64.5999984741211
2025-10-27 11:00:00+00:00,65.11000061035156
2025-10-27 12:00:00+00:00,65.97000122070312
2025-10-27 13:00:00+00:00,65.37000274658203
2025-10-27 14:00:00+00:00,65.43000030517578
2025-10-27 15:00:00+00:00,66.01000213623047
2025-10-27 16:00:00+00:00,65.9000015258789
2025-10-27 17:00:00+00:00,65.05999755859375
2025-10-27 18:00:00+00:00,64.9800033569336
2025-10-27 19:00:00+00:00,65.0
2025-10-27 20:00:00+00:00,65.86000061035156
2025-10-27 22:00:00+00:00,64.94000244140625
2025-10-27 23:00:00+00:00,64.87000274658203
2025-10-28 00:00:00+00:00,65.44000244140625
2025-10-28 01:00:00+00:00,65.72000122070312
2025-10-28 02:00:00+00:00,65.62999725341797
2025-10-28 03:00:00+00:00,64.86000061035156
2025-10-28 04:00:00+00:00,64.7699966430664
2025-10-28 05:00:00+00:00,65.4800033569336
2025-10-28 06:00:00+00:00,64.6500015258789
2025-10-28 07:00:00+00:00,64.0999984741211
2025-10-28 08:00:00+00:00,63.83000183105469
2025-10-28 09:00:00+00:00,64.62999725341797
2025-10-28 10:00:00+00:00,63.970001220703125
2025-10-28 11:00:00+00:00,64.05999755859375
2025-10-28 12:00:00+00:00,63.880001068115234
2025-10-28 13:00:00+00:00,64.80999755859375
2025-10-28 14:00:00+00:00,64.26000213623047
2025-10-28 15:00:00+00:00,63.54999923706055
2025-10-28 16:00:00+00:00,63.72999954223633
2025-10-28 17:00:00+00:00,63.88999938964844
2025-10-28 18:00:00+00:00,63.68000030517578
2025-10-28 19:00:00+00:00,63.650001525878906
2025-10-28 20:00:00+00:00,63.84000015258789
2025-10-28 22:00:00+00:00,64.43000030517578
2025-10-28 23:00:00+00:00,63.91999816894531
2025-10-29 00:00:00+00:00,63.86000061035156
2025-10-29 01:00:00+00:00,64.0199966430664
2025-10-29 02:00:00+00:00,64.30000305175781
2025-10-29 03:00:00+00:00,63.79999923706055
2025-10-29 04:00:00+00:00,64.30999755859375
2025-10-29 05:00:00+00:00,63.779998779296875
2025-10-29 06:00:00+00:00,64.0199966430664
2025-10-29 07:00:00+00:00,63.95000076293945
2025-10-29 08:00:00+00:00,63.470001220703125
2025-10-29 09:00:00+00:00,63.86000061035156
2025-10-29 10:00:00+00:00,64.06999969482422
2025-10-29 11:00:00+00:00,64.66999816894531
2025-10-29 12:00:00+00:00,63.880001068115234
2025-10-29 13:00:00+00:00,64.08999633789062
2025-10-29 14:00:00+00:00,64.55999755859375
2025-10-29 15:00:00+00:00,64.55000305175781
2025-10-29 16:00:00+00:00,64.3499984741211
2025-10-29 17:00:00+00:00,64.43000030517578
2025-10-29 18:00:00+00:00,64.29000091552734
2025-10-29 19:00:00+00:00,64.19000244140625
2025-10-29 20:00:00+00:00,64.22000122070312
2025-10-29 22:00:00+00:00,64.08000183105469
2025-10-29 23:00:00+00:00,64.08000183105469
2025-10-30 00:00:00+00:00,64.2699966430664
2025-10-30 01:00:00+00:00,64.13999938964844
2025-10-30 02:00:00+00:00,63.95000076293945
2025-10-30 03:00:00+00:00,64.25
2025-10-30 04:00:00+00:00,64.05000305175781
2025-10-30 05:00:00+00:00,64.58999633789062
2025-10-30 06:00:00+00:00,63.939998626708984
2025-10-30 07:00:00+00:00,63.72999954223633
2025-10-30 08:00:00+00:00,63.91999816894531
2025-10-30 09:00:00+00:00,63.88999938964844
2025-10-30 10:00:00+00:00,64.47000122070312
2025-10-30 11:00:00+00:00,63.939998626708984
2025-10-30 12:00:00+00:00,63.77000045776367
2025-10-30 13:00:00+00:00,63.650001525878906
2025-10-30 14:00:00+00:00,64.16999816894531
2025-10-30 15:00:00+00:00,64.26000213623047
2025-10-30 16:00:00+00:00,64.41999816894531
2025-10-30 17:00:00+00:00,64.4000015258789
2025-10-30 18:00:00+00:00,64.26000213623047
2025-10-30 19:00:00+00:00,64.01000213623047
2025-10-30 20:00:00+00:00,64.05999755859375
2025-10-30 22:00:00+00:00,64.01000213623047
2025-10-30 23:00:00+00:00,64.05999755859375
2025-10-31 00:00:00+00:00,64.06999969482422
2025-10-31 01:00:00+00:00,64.05999755859375
2025-10-31 02:00:00+00:00,64.05000305175781
2025-10-31 03:00:00+00:00,63.939998626708984
2025-10-31 04:00:00+00:00,63.939998626708984
2025-10-31 05:00:00+00:00,63.88999938964844
2025-10-31 06:00:00+00:00,64.0199966430664
2025-10-31 07:00:00+00:00,64.2300033569336
2025-10-31 08:00:00+00:00,63.97999954223633
2025-10-31 09:00:00+00:00,63.900001525878906
2025-10-31 10:00:00+00:00,64.19000244140625
2025-10-31 11:00:00+00:00,64.12000274658203
2025-10-31 12:00:00+00:00,64.58999633789062
2025-10-31 13:00:00+00:00,64.94999694824219
2025-10-31 14:00:00+00:00,64.73999786376953
2025-10-31 15:00:00+00:00,64.4000015258789
2025-10-31 16:00:00+00:00,64.55999755859375
2025-10-31 17:00:00+00:00,64.66000366210938
2025-10-31 18:00:00+00:00,64.63999938964844
2025-10-31 19:00:00+00:00,64.12000274658203
2025-10-31 20:00:00+00:00,64.19999694824219
2025-11-02 23:00:00+00:00,65.16999816894531
2025-11-03 00:00:00+00:00,65.06999969482422
2025-11-03 01:00:00+00:00,64.95999908447266
2025-11-03 02:00:00+00:00,65.08000183105469
2025-11-03 03:00:00+00:00,65.06999969482422
2025-11-03 04:00:00+00:00,64.93000030517578
2025-11-03 05:00:00+00:00,65.23999786376953
2025-11-03 06:00:00+00:00,64.63999938964844
2025-11-03 07:00:00+00:00,65.08999633789062
2025-11-03 08:00:00+00:00,64.6500015258789
2025-11-03 09:00:00+00:00,64.80000305175781
2025-11-03 10:00:00+00:00,64.9800033569336
2025-11-03 11:00:00+00:00,64.62999725341797
2025-11-03 12:00:00+00:00,64.66999816894531
2025-11-03 13:00:00+00:00,64.63999938964844
2025-11-03 14:00:00+00:00,64.70999908447266
2025-11-03 15:00:00+00:00,64.80000305175781
2025-11-03 16:00:00+00:00,64.63999938964844
2025-11-03 17:00:00+00:00,65.08999633789062
2025-11-03 18:00:00+00:00,64.80000305175781
2025-11-03 19:00:00+00:00,64.83000183105469
2025-11-03 20:00:00+00:00,64.43000030517578
2025-11-03 21:00:00+00:00,64.87999725341797
2025-11-03 23:00:00+00:00,64.83999633789062
2025-11-04 00:00:00+00:00,64.7300033569336
2025-11-04 01:00:00+00:00,64.7699966430664
2025-11-04 02:00:00+00:00,64.62000274658203
2025-11-04 03:00:00+00:00,64.75
2025-11-04 04:00:00+00:00,64.7300033569336
2025-11-04 05:00:00+00:00,64.2300033569336
2025-11-04 06:00:00+00:00,64.61000061035156
2025-11-04 07:00:00+00:00,64.43000030517578
2025-11-04 08:00:00+00:00,64.08000183105469
2025-11-04 09:00:00+00:00,63.59000015258789
2025-11-04 10:00:00+00:00,63.59000015258789
2025-11-04 11:00:00+00:00,64.05999755859375
2025-11-04 12:00:00+00:00,64.16000366210938
2025-11-04 13:00:00+00:00,63.90999984741211
2025-11-04 14:00:00+00:00,64.41000366210938
2025-11-04 15:00:00+00:00,64.62000274658203
2025-11-04 16:00:00+00:00,64.56999969482422
2025-11-04 17:00:00+00:00,64.61000061035156
2025-11-04 18:00:00+00:00,64.5199966430664
2025-11-04 19:00:00+00:00,64.44999694824219
2025-11-04 20:00:00+00:00,63.900001525878906
2025-11-04 21:00:00+00:00,64.41000366210938
2025-11-04 23:00:00+00:00,64.2300033569336
2025-11-05 00:00:00+00:00,63.790000915527344
2025-11-05 01:00:00+00:00,64.02999877929688
2025-11-05 02:00:00+00:00,64.13999938964844
2025-11-05 03:00:00+00:00,64.38999938964844
2025-11-05 04:00:00+00:00,64.38999938964844
2025-11-05 05:00:00+00:00,64.54000091552734
2025-11-05 06:00:00+00:00,64.45999908447266
2025-11-05 07:00:00+00:00,64.47000122070312
2025-11-05 08:00:00+00:00,64.52999877929688
2025-11-05 09:00:00+00:00,64.75
2025-11-05 10:00:00+00:00,64.7699966430664
2025-11-05 11:00:00+00:00,64.41999816894531
2025-11-05 12:00:00+00:00,64.25
2025-11-05 13:00:00+00:00,64.1500015258789
2025-11-05 14:00:00+00:00,63.75
2025-11-05 15:00:00+00:00,64.61000061035156
2025-11-05 16:00:00+00:00,63.720001220703125
2025-11-05 17:00:00+00:00,63.66999816894531
2025-11-05 18:00:00+00:00,63.70000076293945
2025-11-05 19:00:00+00:00,63.47999954223633
2025-11-05 20:00:00+00:00,63.5099983215332
2025-11-05 21:00:00+00:00,63.61000061035156
2025-11-05 23:00:00+00:00,63.4900016784668
2025-11-06 00:00:00+00:00,63.279998779296875
2025-11-06 01:00:00+00:00,63.540000915527344
2025-11-06 02:00:00+00:00,63.650001525878906
2025-11-06 03:00:00+00:00,63.70000076293945
2025-11-06 04:00:00+00:00,63.43000030517578
2025-11-06 05:00:00+00:00,63.779998779296875
2025-11-06 06:00:00+00:00,63.84000015258789
2025-11-06 07:00:00+00:00,63.38999938964844
2025-11-06 08:00:00+00:00,64.16999816894531
2025-11-06 09:00:00+00:00,64.0
2025-11-06 10:00:00+00:00,63.7400016784668
2025-11-06 11:00:00+00:00,63.790000915527344
2025-11-06 12:00:00+00:00,63.970001220703125
2025-11-06 13:00:00+00:00,63.40999984741211
2025-11-06 14:00:00+00:00,63.08000183105469
2025-11-06 15:00:00+00:00,63.13999938964844
2025-11-06 16:00:00+00:00,62.959999084472656
2025-11-06 17:00:00+00:00,63.220001220703125
2025-11-06 18:00:00+00:00,63.27000045776367
2025-11-06 19:00:00+00:00,63.40999984741211
2025-11-06 20:00:00+00:00,63.439998626708984
2025-11-06 21:00:00+00:00,63.4900016784668
2025-11-06 23:00:00+00:00,63.25
2025-11-07 00:00:00+00:00,63.27000045776367
2025-11-07 01:00:00+00:00,63.619998931884766
2025-11-07 02:00:00+00:00,63.689998626708984
2025-11-07 03:00:00+00:00,63.630001068115234
2025-11-07 06:00:00+00:00,64.11000061035156
2025-11-07 07:00:00+00:00,64.01000213623047
2025-11-07 08:00:00+00:00,64.05000305175781
2025-11-07 09:00:00+00:00,64.23999786376953
2025-11-07 10:00:00+00:00,64.0999984741211
2025-11-07 11:00:00+00:00,63.939998626708984
2025-11-07 12:00:00+00:00,63.869998931884766
2025-11-07 13:00:00+00:00,63.79999923706055
2025-11-07 14:00:00+00:00,63.849998474121094
2025-11-07 15:00:00+00:00,63.209999084472656
2025-11-07 16:00:00+00:00,63.650001525878906
2025-11-07 17:00:00+00:00,63.150001525878906
2025-11-07 18:00:00+00:00,63.38999938964844
2025-11-07 19:00:00+00:00,63.7400016784668
2025-11-07 20:00:00+00:00,63.68000030517578
2025-11-07 21:00:00+00:00,63.38999938964844
2025-11-09 23:00:00+00:00,63.5
2025-11-10 00:00:00+00:00,63.560001373291016
2025-11-10 01:00:00+00:00,63.90999984741211
2025-11-10 02:00:00+00:00,64.04000091552734
2025-11-10 03:00:00+00:00,63.75
2025-11-10 04:00:00+00:00,64.06999969482422
2025-11-10 05:00:00+00:00,64.19999694824219
2025-11-10 06:00:00+00:00,64.13999938964844
2025-11-10 07:00:00+00:00,64.08000183105469
2025-11-10 08:00:00+00:00,63.91999816894531
2025-11-10 09:00:00+00:00,64.22000122070312
2025-11-10 10:00:00+00:00,63.709999084472656
2025-11-10 11:00:00+00:00,63.7400016784668
2025-11-10 12:00:00+00:00,63.93000030517578
2025-11-10 13:00:00+00:00,63.869998931884766
2025-11-10 14:00:00+00:00,63.540000915527344
2025-11-10 15:00:00+00:00,63.45000076293945
2025-11-10 16:00:00+00:00,63.2599983215332
2025-11-10 17:00:00+00:00,63.88999938964844
2025-11-10 18:00:00+00:00,63.900001525878906
2025-11-10 19:00:00+00:00,63.779998779296875
2025-11-10 20:00:00+00:00,64.05000305175781
2025-11-10 21:00:00+00:00,63.9900016784668
2025-11-10 23:00:00+00:00,63.93000030517578
2025-11-11 00:00:00+00:00,63.97999954223633
2025-11-11 01:00:00+00:00,63.86000061035156
2025-11-11 02:00:00+00:00,63.90999984741211
2025-11-11 03:00:00+00:00,63.900001525878906
2025-11-11 04:00:00+00:00,63.900001525878906
2025-11-11 05:00:00+00:00,63.7400016784668
2025-11-11 06:00:00+00:00,63.810001373291016
2025-11-11 07:00:00+00:00,63.70000076293945
2025-11-11 08:00:00+00:00,63.970001220703125
2025-11-11 09:00:00+00:00,64.36000061035156
2025-11-11 10:00:00+00:00,64.33000183105469
2025-11-11 11:00:00+00:00,64.55999755859375
2025-11-11 12:00:00+00:00,64.44000244140625
2025-11-11 13:00:00+00:00,64.44000244140625
2025-11-11 14:00:00+00:00,64.94000244140625
2025-11-11 15:00:00+00:00,64.97000122070312
2025-11-11 16:00:00+00:00,65.16999816894531
2025-11-11 17:00:00+00:00,65.08000183105469
2025-11-11 18:00:00+00:00,64.80999755859375
2025-11-11 19:00:00+00:00,64.83999633789062
2025-11-11 20:00:00+00:00,64.73999786376953
2025-11-11 21:00:00+00:00,65.16999816894531
2025-11-11 23:00:00+00:00,64.8499984741211
2025-11-12 00:00:00+00:00,64.80999755859375
2025-11-12 01:00:00+00:00,65.05000305175781
2025-11-12 02:00:00+00:00,65.0
2025-11-12 03:00:00+00:00,64.93000030517578
2025-11-12 04:00:00+00:00,64.95999908447266
2025-11-12 05:00:00+00:00,64.94000244140625
2025-11-12 06:00:00+00:00,64.91000366210938
2025-11-12 07:00:00+00:00,64.54000091552734
2025-11-12 08:00:00+00:00,64.70999908447266
2025-11-12 09:00:00+00:00,64.58000183105469
2025-11-12 10:00:00+00:00,64.73999786376953
2025-11-12 11:00:00+00:00,64.44999694824219
2025-11-12 12:00:00+00:00,64.51000213623047
2025-11-12 13:00:00+00:00,63.88999938964844
2025-11-12 14:00:00+00:00,63.290000915527344
2025-11-12 15:00:00+00:00,63.119998931884766
2025-11-12 16:00:00+00:00,62.5
2025-11-12 17:00:00+00:00,62.79999923706055
2025-11-12 18:00:00+00:00,62.599998474121094
2025-11-12 19:00:00+00:00,62.599998474121094
2025-11-12 20:00:00+00:00,62.400001525878906
2025-11-12 21:00:00+00:00,62.439998626708984
2025-11-12 23:00:00+00:00,62.20000076293945
2025-11-13 00:00:00+00:00,62.27000045776367
2025-11-13 01:00:00+00:00,62.54999923706055
2025-11-13 02:00:00+00:00,62.619998931884766
2025-11-13 03:00:00+00:00,62.47999954223633
2025-11-13 04:00:00+00:00,62.70000076293945
2025-11-13 05:00:00+00:00,62.369998931884766
2025-11-13 06:00:00+00:00,62.709999084472656
2025-11-13 07:00:00+00:00,62.63999938964844
2025-11-13 08:00:00+00:00,62.540000915527344
2025-11-13 09:00:00+00:00,62.61000061035156
2025-11-13 10:00:00+00:00,63.029998779296875
2025-11-13 11:00:00+00:00,62.79999923706055
2025-11-13 12:00:00+00:00,62.84000015258789
2025-11-13 13:00:00+00:00,63.34000015258789
2025-11-13 14:00:00+00:00,63.2599983215332
2025-11-13 15:00:00+00:00,63.060001373291016
2025-11-13 16:00:00+00:00,63.27000045776367
2025-11-13 17:00:00+00:00,62.7599983215332
2025-11-13 18:00:00+00:00,62.959999084472656
2025-11-13 19:00:00+00:00,63.04999923706055
2025-11-13 20:00:00+00:00,62.5
2025-11-13 21:00:00+00:00,62.90999984741211
2025-11-13 23:00:00+00:00,63.31999969482422
2025-11-14 00:00:00+00:00,63.38999938964844
2025-11-14 01:00:00+00:00,64.48999786376953
2025-11-14 02:00:00+00:00,64.25
2025-11-14 03:00:00+00:00,63.41999816894531
2025-11-14 04:00:00+00:00,63.90999984741211
2025-11-14 05:00:00+00:00,63.43000030517578
2025-11-14 06:00:00+00:00,63.349998474121094
2025-11-14 07:00:00+00:00,63.93000030517578
2025-11-14 08:00:00+00:00,63.63999938964844
2025-11-14 09:00:00+00:00,63.65999984741211
2025-11-14 10:00:00+00:00,64.62000274658203
2025-11-14 11:00:00+00:00,63.380001068115234
2025-11-14 12:00:00+00:00,63.27000045776367
2025-11-14 13:00:00+00:00,63.540000915527344
2025-11-14 14:00:00+00:00,64.2300033569336
2025-11-14 15:00:00+00:00,64.48999786376953
2025-11-14 16:00:00+00:00,64.44000244140625
2025-11-14 17:00:00+00:00,64.44000244140625
2025-11-14 18:00:00+00:00,64.3499984741211
2025-11-14 19:00:00+00:00,64.37999725341797
2025-11-14 20:00:00+00:00,64.20999908447266
2025-11-14 21:00:00+00:00,63.91999816894531
2025-11-16 23:00:00+00:00,63.869998931884766
2025-11-17 00:00:00+00:00,63.88999938964844
2025-11-17 01:00:00+00:00,63.33000183105469
2025-11-17 02:00:00+00:00,63.36000061035156
2025-11-17 03:00:00+00:00,63.81999969482422
2025-11-17 04:00:00+00:00,63.290000915527344
2025-11-17 05:00:00+00:00,63.779998779296875
2025-11-17 06:00:00+00:00,63.75
2025-11-17 07:00:00+00:00,63.970001220703125
2025-11-17 08:00:00+00:00,63.849998474121094
2025-11-17 09:00:00+00:00,64.05999755859375
2025-11-17 10:00:00+00:00,64.37000274658203
2025-11-17 11:00:00+00:00,63.90999984741211
2025-11-17 12:00:00+00:00,63.939998626708984
2025-11-17 13:00:00+00:00,64.58999633789062
2025-11-17 14:00:00+00:00,64.3499984741211
2025-11-17 15:00:00+00:00,64.2300033569336
2025-11-17 16:00:00+00:00,64.36000061035156
2025-11-17 17:00:00+00:00,64.27999877929688
2025-11-17 18:00:00+00:00,64.23999786376953
2025-11-17 19:00:00+00:00,64.02999877929688
2025-11-17 20:00:00+00:00,64.04000091552734
2025-11-17 21:00:00+00:00,64.0
2025-11-17 22:00:00+00:00,63.560001373291016
2025-11-17 23:00:00+00:00,63.59000015258789
2025-11-18 00:00:00+00:00,63.529998779296875
2025-11-18 01:00:00+00:00,63.40999984741211
2025-11-18 02:00:00+00:00,63.900001525878906
2025-11-18 03:00:00+00:00,63.41999816894531
2025-11-18 04:00:00+00:00,63.79999923706055
2025-11-18 05:00:00+00:00,63.36000061035156
2025-11-18 06:00:00+00:00,63.279998779296875
2025-11-18 07:00:00+00:00,63.689998626708984
2025-11-18 08:00:00+00:00,63.95000076293945
2025-11-18 09:00:00+00:00,63.880001068115234
2025-11-18 10:00:00+00:00,64.20999908447266
2025-11-18 11:00:00+00:00,64.2699966430664
2025-11-18 12:00:00+00:00,64.16999816894531
2025-11-18 13:00:00+00:00,63.650001525878906
2025-11-18 14:00:00+00:00,63.790000915527344
2025-11-18 15:00:00+00:00,64.06999969482422
2025-11-18 16:00:00+00:00,64.16000366210938
2025-11-18 17:00:00+00:00,64.5199966430664
2025-11-18 18:00:00+00:00,64.8499984741211
2025-11-18 19:00:00+00:00,64.97000122070312
2025-11-18 20:00:00+00:00,64.91999816894531
2025-11-18 21:00:00+00:00,64.83000183105469
2025-11-18 23:00:00+00:00,64.83000183105469
2025-11-19 00:00:00+00:00,64.73999786376953
2025-11-19 01:00:00+00:00,64.12000274658203
2025-11-19 02:00:00+00:00,64.76000213623047
2025-11-19 03:00:00+00:00,64.66000366210938
2025-11-19 04:00:00+00:00,64.69999694824219
2025-11-19 05:00:00+00:00,64.75
2025-11-19 06:00:00+00:00,64.62000274658203
2025-11-19 07:00:00+00:00,64.51000213623047
2025-11-19 08:00:00+00:00,64.33999633789062
2025-11-19 09:00:00+00:00,64.0199966430664
2025-11-19 10:00:00+00:00,64.3499984741211
2025-11-19 11:00:00+00:00,63.720001220703125
2025-11-19 12:00:00+00:00,63.2599983215332
2025-11-19 13:00:00+00:00,62.869998931884766
2025-11-19 14:00:00+00:00,62.66999816894531
2025-11-19 15:00:00+00:00,62.869998931884766
2025-11-19 16:00:00+00:00,62.810001373291016
2025-11-19 17:00:00+00:00,63.380001068115234
2025-11-19 18:00:00+00:00,63.5
2025-11-19 19:00:00+00:00,63.54999923706055
2025-11-19 20:00:00+00:00,63.040000915527344
2025-11-19 21:00:00+00:00,63.650001525878906
2025-11-19 23:00:00+00:00,63.7400016784668
2025-11-20 00:00:00+00:00,63.22999954223633
2025-11-20 01:00:00+00:00,63.209999084472656
2025-11-20 02:00:00+00:00,63.599998474121094
2025-11-20 03:00:00+00:00,63.150001525878906
2025-11-20 04:00:00+00:00,63.70000076293945
2025-11-20 05:00:00+00:00,63.650001525878906
2025-11-20 06:00:00+00:00,63.65999984741211
2025-11-20 07:00:00+00:00,63.630001068115234
2025-11-20 08:00:00+00:00,63.93000030517578
2025-11-20 09:00:00+00:00,63.41999816894531
2025-11-20 10:00:00+00:00,64.0999984741211
2025-11-20 11:00:00+00:00,63.5099983215332
2025-11-20 12:00:00+00:00,64.16999816894531
2025-11-20 13:00:00+00:00,63.939998626708984
2025-11-20 14:00:00+00:00,64.04000091552734
2025-11-20 15:00:00+00:00,64.22000122070312
2025-11-20 16:00:00+00:00,63.29999923706055
2025-11-20 17:00:00+00:00,63.38999938964844
2025-11-20 18:00:00+00:00,63.27000045776367
2025-11-20 19:00:00+00:00,63.380001068115234
2025-11-20 20:00:00+00:00,63.08000183105469
2025-11-20 21:00:00+00:00,63.130001068115234
2025-11-20 23:00:00+00:00,62.29999923706055
2025-11-21 00:00:00+00:00,62.040000915527344
2025-11-21 01:00:00+00:00,62.16999816894531
2025-11-21 02:00:00+00:00,62.11000061035156
2025-11-21 03:00:00+00:00,62.56999969482422
2025-11-21 04:00:00+00:00,62.45000076293945
2025-11-21 05:00:00+00:00,62.709999084472656
2025-11-21 06:00:00+00:00,62.09000015258789
2025-11-21 07:00:00+00:00,62.27000045776367
2025-11-21 08:00:00+00:00,62.04999923706055
2025-11-21 09:00:00+00:00,62.209999084472656
2025-11-21 10:00:00+00:00,61.38999938964844
2025-11-21 11:00:00+00:00,62.349998474121094
2025-11-21 12:00:00+00:00,62.33000183105469
2025-11-21 13:00:00+00:00,62.130001068115234
2025-11-21 14:00:00+00:00,61.36000061035156
2025-11-21 15:00:00+00:00,61.47999954223633
2025-11-21 16:00:00+00:00,61.65999984741211
2025-11-21 17:00:00+00:00,62.33000183105469
2025-11-21 18:00:00+00:00,62.31999969482422
2025-11-21 19:00:00+00:00,62.349998474121094
2025-11-21 20:00:00+00:00,62.45000076293945
2025-11-21 21:00:00+00:00,61.939998626708984
2025-11-23 23:00:00+00:00,62.220001220703125
2025-11-24 00:00:00+00:00,62.310001373291016
2025-11-24 01:00:00+00:00,62.45000076293945
2025-11-24 02:00:00+00:00,61.83000183105469
2025-11-24 03:00:00+00:00,61.939998626708984
2025-11-24 04:00:00+00:00,62.56999969482422
2025-11-24 05:00:00+00:00,62.599998474121094
2025-11-24 06:00:00+00:00,62.119998931884766
2025-11-24 07:00:00+00:00,62.349998474121094
2025-11-24 08:00:00+00:00,61.63999938964844
2025-11-24 09:00:00+00:00,61.400001525878906
2025-11-24 10:00:00+00:00,61.290000915527344
2025-11-24 11:00:00+00:00,61.84000015258789
2025-11-24 12:00:00+00:00,62.02000045776367
2025-11-24 13:00:00+00:00,62.040000915527344
2025-11-24 14:00:00+00:00,61.91999816894531
2025-11-24 15:00:00+00:00,61.65999984741211
2025-11-24 16:00:00+00:00,62.34000015258789
2025-11-24 17:00:00+00:00,62.43000030517578
2025-11-24 18:00:00+00:00,62.709999084472656
2025-11-24 19:00:00+00:00,62.68000030517578
2025-11-24 20:00:00+00:00,62.83000183105469
2025-11-24 21:00:00+00:00,62.720001220703125
2025-11-24 23:00:00+00:00,63.369998931884766
2025-11-25 00:00:00+00:00,62.70000076293945
2025-11-25 01:00:00+00:00,63.220001220703125
2025-11-25 02:00:00+00:00,63.220001220703125
2025-11-25 03:00:00+00:00,62.060001373291016
2025-11-25 04:00:00+00:00,62.45000076293945
2025-11-25 05:00:00+00:00,62.40999984741211
2025-11-25 06:00:00+00:00,62.349998474121094
2025-11-25 07:00:00+00:00,63.06999969482422
2025-11-25 08:00:00+00:00,62.150001525878906
2025-11-25 09:00:00+00:00,63.150001525878906
2025-11-25 10:00:00+00:00,62.47999954223633
2025-11-25 11:00:00+00:00,62.439998626708984
2025-11-25 12:00:00+00:00,62.20000076293945
2025-11-25 13:00:00+00:00,61.58000183105469
2025-11-25 14:00:00+00:00,61.83000183105469
2025-11-25 15:00:00+00:00,61.150001525878906
2025-11-25 16:00:00+00:00,61.459999084472656
2025-11-25 17:00:00+00:00,61.560001373291016
2025-11-25 18:00:00+00:00,62.29999923706055
2025-11-25 19:00:00+00:00,62.380001068115234
2025-11-25 20:00:00+00:00,61.79999923706055
2025-11-25 21:00:00+00:00,61.95000076293945
2025-11-25 23:00:00+00:00,61.939998626708984
2025-11-26 00:00:00+00:00,61.959999084472656
2025-11-26 01:00:00+00:00,61.599998474121094
2025-11-26 02:00:00+00:00,62.029998779296875
2025-11-26 03:00:00+00:00,61.97999954223633
2025-11-26 04:00:00+00:00,62.04999923706055
2025-11-26 05:00:00+00:00,62.02000045776367
2025-11-26 06:00:00+00:00,61.959999084472656
2025-11-26 07:00:00+00:00,61.72999954223633
2025-11-26 08:00:00+00:00,62.439998626708984
2025-11-26 09:00:00+00:00,62.40999984741211
2025-11-26 10:00:00+00:00,61.79999923706055
2025-11-26 11:00:00+00:00,61.81999969482422
2025-11-26 12:00:00+00:00,61.66999816894531
2025-11-26 13:00:00+00:00,61.81999969482422
2025-11-26 14:00:00+00:00,61.68000030517578
2025-11-26 15:00:00+00:00,61.45000076293945
2025-11-26 16:00:00+00:00,62.20000076293945
2025-11-26 17:00:00+00:00,61.91999816894531
2025-11-26 18:00:00+00:00,61.84000015258789
2025-11-26 19:00:00+00:00,62.470001220703125
2025-11-26 20:00:00+00:00,62.439998626708984
2025-11-26 21:00:00+00:00,62.41999816894531
2025-11-26 23:00:00+00:00,62.36000061035156
2025-11-27 00:00:00+00:00,62.38999938964844
2025-11-27 01:00:00+00:00,62.18000030517578
2025-11-27 02:00:00+00:00,62.2400016784668
2025-11-27 03:00:00+00:00,62.20000076293945
2025-11-27 04:00:00+00:00,62.13999938964844
2025-11-28 14:30:00+00:00,62.91999816894531
2025-11-28 15:30:00+00:00,62.81999969482422
2025-11-28 16:30:00+00:00,63.2599983215332
2025-11-28 17:30:00+00:00,63.189998626708984
2025-11-30 23:00:00+00:00,63.2599983215332
2025-12-01 00:00:00+00:00,62.560001373291016
2025-12-01 01:00:00+00:00,62.689998626708984
2025-12-01 02:00:00+00:00,63.29999923706055
2025-12-01 03:00:00+00:00,63.380001068115234
2025-12-01 04:00:00+00:00,62.9900016784668
2025-12-01 05:00:00+00:00,63.599998474121094
2025-12-01 06:00:00+00:00,63.47999954223633
2025-12-01 07:00:00+00:00,63.02000045776367
2025-12-01 08:00:00+00:00,63.560001373291016
2025-12-01 09:00:00+00:00,63.56999969482422
2025-12-01 10:00:00+00:00,63.290000915527344
2025-12-01 11:00:00+00:00,63.150001525878906
2025-12-01 12:00:00+00:00,62.529998779296875
2025-12-01 13:00:00+00:00,62.83000183105469
2025-12-01 14:00:00+00:00,62.869998931884766
2025-12-01 15:00:00+00:00,63.29999923706055
2025-12-01 16:00:00+00:00,63.0
2025-12-01 17:00:00+00:00,63.060001373291016
2025-12-01 18:00:00+00:00,63.20000076293945
2025-12-01 19:00:00+00:00,63.2400016784668
2025-12-01 20:00:00+00:00,63.220001220703125
2025-12-01 21:00:00+00:00,62.91999816894531
2025-12-01 23:00:00+00:00,63.380001068115234
2025-12-02 00:00:00+00:00,63.310001373291016
2025-12-02 01:00:00+00:00,63.18000030517578
2025-12-02 02:00:00+00:00,63.220001220703125
2025-12-02 03:00:00+00:00,62.810001373291016
2025-12-02 04:00:00+00:00,63.18000030517578
2025-12-02 05:00:00+00:00,63.20000076293945
2025-12-02 06:00:00+00:00,63.22999954223633
2025-12-02 07:00:00+00:00,63.060001373291016
2025-12-02 08:00:00+00:00,62.970001220703125
2025-12-02 09:00:00+00:00,63.0
2025-12-02 10:00:00+00:00,63.130001068115234
2025-12-02 11:00:00+00:00,62.52000045776367
2025-12-02 12:00:00+00:00,63.0099983215332
2025-12-02 13:00:00+00:00,62.7599983215332
2025-12-02 14:00:00+00:00,62.34000015258789
2025-12-02 15:00:00+00:00,62.66999816894531
2025-12-02 16:00:00+00:00,62.279998779296875
2025-12-02 17:00:00+00:00,62.34000015258789
2025-12-02 18:00:00+00:00,62.779998779296875
2025-12-02 19:00:00+00:00,62.400001525878906
2025-12-02 20:00:00+00:00,62.459999084472656
2025-12-02 21:00:00+00:00,62.400001525878906
2025-12-02 23:00:00+00:00,62.459999084472656
2025-12-03 00:00:00+00:00,62.02000045776367
2025-12-03 01:00:00+00:00,62.34000015258789
2025-12-03 02:00:00+00:00,62.34000015258789
2025-12-03 03:00:00+00:00,62.47999954223633
2025-12-03 04:00:00+00:00,62.5099983215332
2025-12-03 05:00:00+00:00,62.06999969482422
2025-12-03 06:00:00+00:00,62.61000061035156
2025-12-03 07:00:00+00:00,62.709999084472656
2025-12-03 08:00:00+00:00,62.83000183105469
2025-12-03 09:00:00+00:00,63.220001220703125
2025-12-03 10:00:00+00:00,63.27000045776367
2025-12-03 11:00:00+00:00,62.7400016784668
2025-12-03 12:00:00+00:00,63.15999984741211
2025-12-03 13:00:00+00:00,63.11000061035156
2025-12-03 14:00:00+00:00,62.560001373291016
2025-12-03 15:00:00+00:00,62.810001373291016
2025-12-03 16:00:00+00:00,62.689998626708984
2025-12-03 17:00:00+00:00,62.93000030517578
2025-12-03 18:00:00+00:00,62.83000183105469
2025-12-03 19:00:00+00:00,62.279998779296875
2025-12-03 20:00:00+00:00,62.79999923706055
2025-12-03 21:00:00+00:00,62.369998931884766
2025-12-03 23:00:00+00:00,62.70000076293945
2025-12-04 00:00:00+00:00,62.720001220703125
2025-12-04 01:00:00+00:00,62.810001373291016
2025-12-04 02:00:00+00:00,62.93000030517578
2025-12-04 03:00:00+00:00,62.939998626708984
2025-12-04 04:00:00+00:00,62.54999923706055
2025-12-04 05:00:00+00:00,62.47999954223633
2025-12-04 06:00:00+00:00,63.06999969482422
2025-12-04 07:00:00+00:00,63.0
2025-12-04 08:00:00+00:00,63.02000045776367
2025-12-04 09:00:00+00:00,62.849998474121094
2025-12-04 10:00:00+00:00,62.58000183105469
2025-12-04 11:00:00+00:00,62.900001525878906
2025-12-04 12:00:00+00:00,63.0
2025-12-04 13:00:00+00:00,63.04999923706055
2025-12-04 14:00:00+00:00,62.59000015258789
2025-12-04 15:00:00+00:00,63.09000015258789
2025-12-04 16:00:00+00:00,63.06999969482422
2025-12-04 17:00:00+00:00,63.400001525878906
2025-12-04 18:00:00+00:00,63.439998626708984
2025-12-04 19:00:00+00:00,63.29999923706055
2025-12-04 20:00:00+00:00,62.88999938964844
2025-12-04 21:00:00+00:00,63.31999969482422
2025-12-04 23:00:00+00:00,62.900001525878906
2025-12-05 00:00:00+00:00,62.849998474121094
2025-12-05 01:00:00+00:00,63.22999954223633
2025-12-05 02:00:00+00:00,63.11000061035156
2025-12-05 03:00:00+00:00,62.7400016784668
2025-12-05 04:00:00+00:00,63.099998474121094
2025-12-05 05:00:00+00:00,63.22999954223633
2025-12-05 06:00:00+00:00,62.83000183105469
2025-12-05 07:00:00+00:00,63.18000030517578
2025-12-05 08:00:00+00:00,62.83000183105469
2025-12-05 09:00:00+00:00,63.369998931884766
2025-12-05 10:00:00+00:00,63.22999954223633
2025-12-05 11:00:00+00:00,63.18000030517578
2025-12-05 12:00:00+00:00,63.20000076293945
2025-12-05 13:00:00+00:00,62.84000015258789
2025-12-05 14:00:00+00:00,63.619998931884766
2025-12-05 15:00:00+00:00,63.900001525878906
2025-12-05 16:00:00+00:00,63.59000015258789
2025-12-05 17:00:00+00:00,63.93000030517578
2025-12-05 18:00:00+00:00,63.349998474121094
2025-12-05 19:00:00+00:00,63.77000045776367
2025-12-05 20:00:00+00:00,63.369998931884766
2025-12-05 21:00:00+00:00,63.38999938964844
2025-12-07 23:00:00+00:00,63.88999938964844
2025-12-08 00:00:00+00:00,63.720001220703125
2025-12-08 01:00:00+00:00,63.7599983215332
2025-12-08 02:00:00+00:00,63.83000183105469
2025-12-08 03:00:00+00:00,63.849998474121094
2025-12-08 04:00:00+00:00,63.880001068115234
2025-12-08 05:00:00+00:00,63.869998931884766
2025-12-08 06:00:00+00:00,63.869998931884766
2025-12-08 07:00:00+00:00,63.869998931884766
2025-12-08 08:00:00+00:00,63.58000183105469
2025-12-08 09:00:00+00:00,63.29999923706055
2025-12-08 10:00:00+00:00,63.209999084472656
2025-12-08 11:00:00+00:00,63.130001068115234
2025-12-08 12:00:00+00:00,62.90999984741211
2025-12-08 13:00:00+00:00,62.75
2025-12-08 14:00:00+00:00,62.970001220703125
2025-12-08 15:00:00+00:00,62.970001220703125
2025-12-08 16:00:00+00:00,62.93000030517578
2025-12-08 17:00:00+00:00,62.720001220703125
2025-12-08 18:00:00+00:00,62.43000030517578
2025-12-08 19:00:00+00:00,62.43000030517578
2025-12-08 20:00:00+00:00,62.47999954223633
2025-12-08 21:00:00+00:00,62.47999954223633
2025-12-08 23:00:00+00:00,62.5099983215332
2025-12-09 00:00:00+00:00,62.540000915527344
2025-12-09 01:00:00+00:00,62.41999816894531
2025-12-09 02:00:00+00:00,62.38999938964844
2025-12-09 03:00:00+00:00,62.38999938964844
2025-12-09 04:00:00+00:00,62.34000015258789
2025-12-09 05:00:00+00:00,62.349998474121094
2025-12-09 06:00:00+00:00,62.369998931884766
2025-12-09 07:00:00+00:00,62.45000076293945
2025-12-09 08:00:00+00:00,62.33000183105469
2025-12-09 09:00:00+00:00,62.40999984741211
2025-12-09 10:00:00+00:00,62.65999984741211
2025-12-09 11:00:00+00:00,62.75
2025-12-09 12:00:00+00:00,62.619998931884766
2025-12-09 13:00:00+00:00,62.45000076293945
2025-12-09 14:00:00+00:00,62.18000030517578
2025-12-09 15:00:00+00:00,61.959999084472656
2025-12-09 16:00:00+00:00,61.90999984741211
2025-12-09 17:00:00+00:00,61.880001068115234
2025-12-09 18:00:00+00:00,61.880001068115234
2025-12-09 19:00:00+00:00,62.06999969482422
2025-12-09 20:00:00+00:00,62.02000045776367
2025-12-09 21:00:00+00:00,62.119998931884766
2025-12-09 23:00:00+00:00,62.040000915527344
2025-12-10 00:00:00+00:00,62.06999969482422
2025-12-10 01:00:00+00:00,62.099998474121094
2025-12-10 02:00:00+00:00,62.02000045776367
2025-12-10 03:00:00+00:00,62.029998779296875
2025-12-10 04:00:00+00:00,62.0099983215332
2025-12-10 05:00:00+00:00,62.09000015258789
2025-12-10 06:00:00+00:00,62.13999938964844
2025-12-10 07:00:00+00:00,62.0
2025-12-10 08:00:00+00:00,61.91999816894531
2025-12-10 09:00:00+00:00,61.90999984741211
2025-12-10 10:00:00+00:00,62.2400016784668
2025-12-10 11:00:00+00:00,62.209999084472656
2025-12-10 12:00:00+00:00,62.16999816894531
2025-12-10 13:00:00+00:00,61.9900016784668
2025-12-10 14:00:00+00:00,61.56999969482422
2025-12-10 15:00:00+00:00,61.439998626708984
2025-12-10 16:00:00+00:00,61.790000915527344
2025-12-10 17:00:00+00:00,61.79999923706055
2025-12-10 18:00:00+00:00,62.06999969482422
2025-12-10 19:00:00+00:00,62.5
2025-12-10 20:00:00+00:00,62.619998931884766
2025-12-10 21:00:00+00:00,62.650001525878906
2025-12-10 23:00:00+00:00,62.470001220703125
2025-12-11 00:00:00+00:00,62.47999954223633
2025-12-11 01:00:00+00:00,62.560001373291016
2025-12-11 02:00:00+00:00,62.41999816894531
2025-12-11 03:00:00+00:00,62.15999984741211
2025-12-11 04:00:00+00:00,62.13999938964844
2025-12-11 05:00:00+00:00,62.02000045776367
2025-12-11 06:00:00+00:00,61.83000183105469
2025-12-11 07:00:00+00:00,61.83000183105469
2025-12-11 08:00:00+00:00,61.47999954223633
2025-12-11 09:00:00+00:00,61.43000030517578
2025-12-11 10:00:00+00:00,61.27000045776367
2025-12-11 11:00:00+00:00,61.459999084472656
2025-12-11 12:00:00+00:00,61.5
2025-12-11 13:00:00+00:00,61.31999969482422
2025-12-11 14:00:00+00:00,61.08000183105469
2025-12-11 15:00:00+00:00,61.15999984741211
2025-12-11 16:00:00+00:00,60.939998626708984
2025-12-11 17:00:00+00:00,61.02000045776367
2025-12-11 18:00:00+00:00,61.119998931884766
2025-12-11 19:00:00+00:00,61.439998626708984
2025-12-11 20:00:00+00:00,61.47999954223633
2025-12-11 21:00:00+00:00,61.59000015258789
2025-12-11 23:00:00+00:00,61.560001373291016
2025-12-12 00:00:00+00:00,61.56999969482422
2025-12-12 01:00:00+00:00,61.650001525878906
2025-12-12 02:00:00+00:00,61.68000030517578
2025-12-12 03:00:00+00:00,61.689998626708984
2025-12-12 04:00:00+00:00,61.689998626708984
2025-12-12 05:00:00+00:00,61.77000045776367
2025-12-12 06:00:00+00:00,61.59000015258789
2025-12-12 07:00:00+00:00,61.58000183105469
2025-12-12 08:00:00+00:00,61.77000045776367
2025-12-12 09:00:00+00:00,61.25
2025-12-12 10:00:00+00:00,61.22999954223633
2025-12-12 11:00:00+00:00,61.150001525878906
2025-12-12 12:00:00+00:00,61.22999954223633
2025-12-12 13:00:00+00:00,61.2400016784668
2025-12-12 14:00:00+00:00,61.20000076293945
2025-12-12 15:00:00+00:00,60.86000061035156
2025-12-12 16:00:00+00:00,61.27000045776367
2025-12-12 17:00:00+00:00,61.31999969482422
2025-12-12 18:00:00+00:00,61.16999816894531
2025-12-12 19:00:00+00:00,61.09000015258789
2025-12-12 20:00:00+00:00,61.15999984741211
2025-12-12 21:00:00+00:00,61.220001220703125
2025-12-14 23:00:00+00:00,61.290000915527344
2025-12-15 00:00:00+00:00,61.369998931884766
2025-12-15 01:00:00+00:00,61.369998931884766
2025-12-15 02:00:00+00:00,61.40999984741211
2025-12-15 03:00:00+00:00,61.41999816894531
2025-12-15 04:00:00+00:00,61.459999084472656
2025-12-15 05:00:00+00:00,61.400001525878906
2025-12-15 06:00:00+00:00,61.40999984741211
2025-12-15 07:00:00+00:00,61.36000061035156
2025-12-15 08:00:00+00:00,61.27000045776367
2025-12-15 09:00:00+00:00,61.2400016784668
2025-12-15 10:00:00+00:00,60.9900016784668
2025-12-15 11:00:00+00:00,60.83000183105469
2025-12-15 12:00:00+00:00,60.880001068115234
2025-12-15 13:00:00+00:00,60.79999923706055
2025-12-15 14:00:00+00:00,60.66999816894531
2025-12-15 15:00:00+00:00,60.529998779296875
2025-12-15 16:00:00+00:00,60.310001373291016
2025-12-15 17:00:00+00:00,60.36000061035156
2025-12-15 18:00:00+00:00,60.279998779296875
2025-12-15 19:00:00+00:00,60.470001220703125
2025-12-15 20:00:00+00:00,60.400001525878906
2025-12-15 21:00:00+00:00,60.38999938964844
2025-12-15 23:00:00+00:00,60.36000061035156
2025-12-16 00:00:00+00:00,60.38999938964844
2025-12-16 01:00:00+00:00,60.2400016784668
2025-12-16 02:00:00+00:00,60.189998626708984
2025-12-16 03:00:00+00:00,60.2400016784668
2025-12-16 04:00:00+00:00,60.2400016784668
2025-12-16 05:00:00+00:00,60.099998474121094
2025-12-16 06:00:00+00:00,60.29999923706055
2025-12-16 07:00:00+00:00,60.130001068115234
2025-12-16 08:00:00+00:00,59.900001525878906
2025-12-16 09:00:00+00:00,59.619998931884766
2025-12-16 10:00:00+00:00,59.599998474121094
2025-12-16 11:00:00+00:00,59.650001525878906
2025-12-16 12:00:00+00:00,59.65999984741211
2025-12-16 13:00:00+00:00,59.470001220703125
2025-12-16 14:00:00+00:00,59.040000915527344
2025-12-16 15:00:00+00:00,58.95000076293945
2025-12-16 16:00:00+00:00,59.18000030517578
2025-12-16 17:00:00+00:00,59.029998779296875
2025-12-16 18:00:00+00:00,59.06999969482422
2025-12-16 19:00:00+00:00,58.91999816894531
2025-12-16 20:00:00+00:00,58.849998474121094
2025-12-16 21:00:00+00:00,58.869998931884766
2025-12-16 23:00:00+00:00,59.189998626708984
2025-12-17 00:00:00+00:00,59.36000061035156
2025-12-17 01:00:00+00:00,59.380001068115234
2025-12-17 02:00:00+00:00,59.529998779296875
2025-12-17 03:00:00+00:00,59.59000015258789
2025-12-17 04:00:00+00:00,59.70000076293945
2025-12-17 05:00:00+00:00,59.7599983215332
2025-12-17 06:00:00+00:00,59.75
2025-12-17 07:00:00+00:00,59.689998626708984
2025-12-17 08:00:00+00:00,59.95000076293945
2025-12-17 09:00:00+00:00,60.150001525878906
2025-12-17 10:00:00+00:00,60.25
2025-12-17 11:00:00+00:00,60.06999969482422
2025-12-17 12:00:00+00:00,59.900001525878906
2025-12-17 13:00:00+00:00,60.0099983215332
2025-12-17 14:00:00+00:00,59.709999084472656
2025-12-17 15:00:00+00:00,59.720001220703125
2025-12-17 16:00:00+00:00,59.880001068115234
2025-12-17 17:00:00+00:00,59.84000015258789
2025-12-17 18:00:00+00:00,59.7599983215332
2025-12-17 19:00:00+00:00,59.849998474121094
2025-12-17 20:00:00+00:00,60.400001525878906
2025-12-17 21:00:00+00:00,60.61000061035156
2025-12-17 23:00:00+00:00,60.61000061035156
2025-12-18 00:00:00+00:00,60.58000183105469
2025-12-18 01:00:00+00:00,60.560001373291016
2025-12-18 02:00:00+00:00,60.08000183105469
2025-12-18 03:00:00+00:00,60.099998474121094
2025-12-18 04:00:00+00:00,60.11000061035156
2025-12-18 05:00:00+00:00,60.15999984741211
2025-12-18 06:00:00+00:00,60.2400016784668
2025-12-18 07:00:00+00:00,60.130001068115234
2025-12-18 08:00:00+00:00,59.970001220703125
2025-12-18 09:00:00+00:00,59.83000183105469
2025-12-18 10:00:00+00:00,59.630001068115234
2025-12-18 11:00:00+00:00,59.59000015258789
2025-12-18 12:00:00+00:00,59.7400016784668
2025-12-18 13:00:00+00:00,59.86000061035156
2025-12-18 14:00:00+00:00,60.16999816894531
2025-12-18 15:00:00+00:00,60.040000915527344
2025-12-18 16:00:00+00:00,60.06999969482422
2025-12-18 17:00:00+00:00,60.0099983215332
2025-12-18 18:00:00+00:00,59.939998626708984
2025-12-18 19:00:00+00:00,59.66999816894531
2025-12-18 20:00:00+00:00,59.70000076293945
2025-12-18 21:00:00+00:00,59.720001220703125
2025-12-18 23:00:00+00:00,59.720001220703125
2025-12-19 00:00:00+00:00,59.720001220703125
2025-12-19 01:00:00+00:00,59.650001525878906
2025-12-19 02:00:00+00:00,59.68000030517578
2025-12-19 03:00:00+00:00,59.709999084472656
2025-12-19 04:00:00+00:00,59.72999954223633
2025-12-19 05:00:00+00:00,59.630001068115234
2025-12-19 06:00:00+00:00,59.72999954223633
2025-12-19 07:00:00+00:00,59.5
2025-12-19 08:00:00+00:00,59.66999816894531
2025-12-19 09:00:00+00:00,59.619998931884766
2025-12-19 10:00:00+00:00,59.790000915527344
2025-12-19 11:00:00+00:00,60.0099983215332
2025-12-19 12:00:00+00:00,60.09000015258789
2025-12-19 13:00:00+00:00,60.290000915527344
2025-12-19 14:00:00+00:00,60.2400016784668
2025-12-19 15:00:00+00:00,59.97999954223633
2025-12-19 16:00:00+00:00,60.25
2025-12-19 17:00:00+00:00,60.33000183105469
2025-12-19 18:00:00+00:00,60.58000183105469
2025-12-19 19:00:00+00:00,60.470001220703125
2025-12-19 20:00:00+00:00,60.52000045776367
2025-12-19 21:00:00+00:00,60.5099983215332
2025-12-21 23:00:00+00:00,60.83000183105469
2025-12-22 00:00:00+00:00,60.88999938964844
2025-12-22 01:00:00+00:00,60.869998931884766
2025-12-22 02:00:00+00:00,60.959999084472656
2025-12-22 03:00:00+00:00,60.95000076293945
2025-12-22 04:00:00+00:00,61.0099983215332
2025-12-22 05:00:00+00:00,61.130001068115234
2025-12-22 06:00:00+00:00,61.130001068115234
2025-12-22 07:00:00+00:00,61.060001373291016
2025-12-22 08:00:00+00:00,61.04999923706055
2025-12-22 09:00:00+00:00,61.029998779296875
2025-12-22 10:00:00+00:00,61.40999984741211
2025-12-22 11:00:00+00:00,61.75
2025-12-22 12:00:00+00:00,61.70000076293945
2025-12-22 13:00:00+00:00,62.0
2025-12-22 14:00:00+00:00,61.810001373291016
2025-12-22 15:00:00+00:00,61.61000061035156
2025-12-22 16:00:00+00:00,61.86000061035156
2025-12-22 17:00:00+00:00,61.84000015258789
2025-12-22 18:00:00+00:00,61.97999954223633
2025-12-22 19:00:00+00:00,62.099998474121094
2025-12-22 20:00:00+00:00,62.060001373291016
2025-12-22 21:00:00+00:00,62.040000915527344
2025-12-22 23:00:00+00:00,61.9900016784668
2025-12-23 00:00:00+00:00,61.95000076293945
2025-12-23 01:00:00+00:00,61.970001220703125
2025-12-23 02:00:00+00:00,62.0099983215332
2025-12-23 03:00:00+00:00,62.0
2025-12-23 04:00:00+00:00,61.97999954223633
2025-12-23 05:00:00+00:00,61.849998474121094
2025-12-23 06:00:00+00:00,61.91999816894531
2025-12-23 07:00:00+00:00,61.970001220703125
2025-12-23 08:00:00+00:00,61.529998779296875
2025-12-23 09:00:00+00:00,61.61000061035156
2025-12-23 10:00:00+00:00,61.650001525878906
2025-12-23 11:00:00+00:00,61.619998931884766
2025-12-23 12:00:00+00:00,61.720001220703125
2025-12-23 13:00:00+00:00,61.7400016784668
2025-12-23 14:00:00+00:00,61.380001068115234
2025-12-23 15:00:00+00:00,61.31999969482422
2025-12-23 16:00:00+00:00,61.59000015258789
2025-12-23 17:00:00+00:00,61.7400016784668
2025-12-23 18:00:00+00:00,61.83000183105469
2025-12-23 19:00:00+00:00,61.93000030517578
2025-12-23 20:00:00+00:00,61.939998626708984
2025-12-23 21:00:00+00:00,61.95000076293945
2025-12-23 23:00:00+00:00,62.0099983215332
2025-12-24 00:00:00+00:00,62.0
2025-12-24 01:00:00+00:00,61.84000015258789
2025-12-24 02:00:00+00:00,61.86000061035156
2025-12-24 03:00:00+00:00,61.91999816894531
2025-12-24 04:00:00+00:00,61.90999984741211
2025-12-24 14:30:00+00:00,61.97999954223633
2025-12-24 15:30:00+00:00,61.65999984741211
2025-12-24 16:30:00+00:00,61.810001373291016
2025-12-24 17:30:00+00:00,61.779998779296875
2025-12-26 05:00:00+00:00,61.810001373291016
2025-12-26 06:00:00+00:00,61.90999984741211
2025-12-26 07:00:00+00:00,61.79999923706055
2025-12-26 08:00:00+00:00,61.97999954223633
2025-12-26 09:00:00+00:00,61.84000015258789
2025-12-26 10:00:00+00:00,61.939998626708984
2025-12-26 11:00:00+00:00,61.790000915527344
2025-12-26 12:00:00+00:00,61.7400016784668
2025-12-26 13:00:00+00:00,61.380001068115234
2025-12-26 14:00:00+00:00,61.220001220703125
2025-12-26 15:00:00+00:00,60.880001068115234
2025-12-26 16:00:00+00:00,60.72999954223633
2025-12-26 17:00:00+00:00,60.70000076293945
2025-12-26 18:00:00+00:00,60.5099983215332
2025-12-26 19:00:00+00:00,60.2599983215332
2025-12-26 20:00:00+00:00,60.43000030517578
2025-12-26 21:00:00+00:00,60.2400016784668
2025-12-28 23:00:00+00:00,60.7400016784668
2025-12-29 00:00:00+00:00,60.70000076293945
2025-12-29 01:00:00+00:00,60.65999984741211
2025-12-29 02:00:00+00:00,60.77000045776367
2025-12-29 03:00:00+00:00,60.83000183105469
2025-12-29 04:00:00+00:00,60.84000015258789
2025-12-29 05:00:00+00:00,60.959999084472656
2025-12-29 06:00:00+00:00,60.84000015258789
2025-12-29 07:00:00+00:00,60.810001373291016
2025-12-29 08:00:00+00:00,61.08000183105469
2025-12-29 09:00:00+00:00,61.45000076293945
2025-12-29 10:00:00+00:00,61.43000030517578
2025-12-29 11:00:00+00:00,61.470001220703125
2025-12-29 12:00:00+00:00,61.58000183105469
2025-12-29 13:00:00+00:00,61.54999923706055
2025-12-29 14:00:00+00:00,61.5099983215332
2025-12-29 15:00:00+00:00,61.61000061035156
2025-12-29 16:00:00+00:00,61.41999816894531
2025-12-29 17:00:00+00:00,61.369998931884766
2025-12-29 18:00:00+00:00,61.310001373291016
2025-12-29 19:00:00+00:00,61.43000030517578
2025-12-29 20:00:00+00:00,61.2400016784668
2025-12-29 21:00:00+00:00,61.25
2025-12-29 23:00:00+00:00,61.13999938964844
2025-12-30 00:00:00+00:00,61.13999938964844
2025-12-30 01:00:00+00:00,61.279998779296875
2025-12-30 02:00:00+00:00,61.380001068115234
2025-12-30 03:00:00+00:00,61.439998626708984
2025-12-30 04:00:00+00:00,61.45000076293945
2025-12-30 05:00:00+00:00,61.540000915527344
2025-12-30 06:00:00+00:00,61.36000061035156
2025-12-30 07:00:00+00:00,61.45000076293945
2025-12-30 08:00:00+00:00,61.61000061035156
2025-12-30 09:00:00+00:00,61.7599983215332
2025-12-30 10:00:00+00:00,61.709999084472656
2025-12-30 11:00:00+00:00,61.79999923706055
2025-12-30 12:00:00+00:00,61.72999954223633
2025-12-30 13:00:00+00:00,61.7400016784668
2025-12-30 14:00:00+00:00,61.720001220703125
2025-12-30 15:00:00+00:00,61.630001068115234
2025-12-30 16:00:00+00:00,61.41999816894531
2025-12-30 17:00:00+00:00,61.36000061035156
2025-12-30 18:00:00+00:00,61.369998931884766
2025-12-30 19:00:00+00:00,61.31999969482422
2025-12-30 20:00:00+00:00,61.34000015258789
2025-12-30 21:00:00+00:00,61.349998474121094
2025-12-30 23:00:00+00:00,61.29999923706055
2025-12-31 00:00:00+00:00,61.349998474121094
2025-12-31 01:00:00+00:00,61.189998626708984
2025-12-31 02:00:00+00:00,61.2400016784668
2025-12-31 03:00:00+00:00,61.2599983215332
2025-12-31 04:00:00+00:00,61.43000030517578
2025-12-31 05:00:00+00:00,61.2400016784668
2025-12-31 06:00:00+00:00,61.209999084472656
2025-12-31 07:00:00+00:00,61.209999084472656
2025-12-31 08:00:00+00:00,61.09000015258789
2025-12-31 09:00:00+00:00,61.439998626708984
2025-12-31 10:00:00+00:00,61.439998626708984
2025-12-31 11:00:00+00:00,61.61000061035156
2025-12-31 12:00:00+00:00,61.5
2025-12-31 13:00:00+00:00,61.79999923706055
2025-12-31 14:00:00+00:00,61.630001068115234
2025-12-31 15:00:00+00:00,61.22999954223633
2025-12-31 16:00:00+00:00,61.25
2025-12-31 17:00:00+00:00,61.150001525878906
2025-12-31 18:00:00+00:00,60.9900016784668
2025-12-31 19:00:00+00:00,60.90999984741211
2025-12-31 20:00:00+00:00,60.849998474121094
2025-12-31 21:00:00+00:00,60.84000015258789
2026-01-02 05:00:00+00:00,61.13999938964844
2026-01-02 06:00:00+00:00,61.279998779296875
2026-01-02 07:00:00+00:00,61.209999084472656
2026-01-02 08:00:00+00:00,60.7400016784668
2026-01-02 09:00:00+00:00,60.63999938964844
2026-01-02 10:00:00+00:00,60.790000915527344
2026-01-02 11:00:00+00:00,60.68000030517578
2026-01-02 12:00:00+00:00,60.310001373291016
2026-01-02 13:00:00+00:00,60.27000045776367
2026-01-02 14:00:00+00:00,60.119998931884766
2026-01-02 15:00:00+00:00,60.13999938964844
2026-01-02 16:00:00+00:00,60.150001525878906
2026-01-02 17:00:00+00:00,60.369998931884766
2026-01-02 18:00:00+00:00,60.59000015258789
2026-01-02 19:00:00+00:00,60.70000076293945
2026-01-02 20:00:00+00:00,60.7400016784668
2026-01-02 21:00:00+00:00,60.79999923706055
2026-01-04 23:00:00+00:00,60.81999969482422
2026-01-05 00:00:00+00:00,60.849998474121094
2026-01-05 01:00:00+00:00,60.779998779296875
2026-01-05 02:00:00+00:00,60.75
2026-01-05 03:00:00+00:00,60.54999923706055
2026-01-05 04:00:00+00:00,60.52000045776367
2026-01-05 05:00:00+00:00,60.36000061035156
2026-01-05 06:00:00+00:00,60.34000015258789
2026-01-05 07:00:00+00:00,60.20000076293945
2026-01-05 08:00:00+00:00,60.08000183105469
2026-01-05 09:00:00+00:00,60.83000183105469
2026-01-05 10:00:00+00:00,60.7400016784668
2026-01-05 11:00:00+00:00,61.0099983215332
2026-01-05 12:00:00+00:00,61.20000076293945
2026-01-05 13:00:00+00:00,61.220001220703125
2026-01-05 14:00:00+00:00,61.36000061035156
2026-01-05 15:00:00+00:00,61.79999923706055
2026-01-05 16:00:00+00:00,61.529998779296875
2026-01-05 17:00:00+00:00,61.7400016784668
2026-01-05 18:00:00+00:00,61.7400016784668
2026-01-05 19:00:00+00:00,61.709999084472656
2026-01-05 20:00:00+00:00,61.810001373291016
2026-01-05 21:00:00+00:00,61.790000915527344
2026-01-05 23:00:00+00:00,61.68000030517578
2026-01-06 00:00:00+00:00,61.7400016784668
2026-01-06 01:00:00+00:00,61.5
2026-01-06 02:00:00+00:00,61.470001220703125
2026-01-06 03:00:00+00:00,61.599998474121094
2026-01-06 04:00:00+00:00,61.61000061035156
2026-01-06 05:00:00+00:00,61.560001373291016
2026-01-06 06:00:00+00:00,61.599998474121094
2026-01-06 07:00:00+00:00,61.41999816894531
2026-01-06 08:00:00+00:00,61.95000076293945
2026-01-06 09:00:00+00:00,61.880001068115234
2026-01-06 10:00:00+00:00,62.060001373291016
2026-01-06 11:00:00+00:00,62.06999969482422
2026-01-06 12:00:00+00:00,62.029998779296875
2026-01-06 13:00:00+00:00,62.20000076293945
2026-01-06 14:00:00+00:00,61.59000015258789
2026-01-06 15:00:00+00:00,61.63999938964844
2026-01-06 16:00:00+00:00,61.470001220703125
2026-01-06 17:00:00+00:00,61.15999984741211
2026-01-06 18:00:00+00:00,60.91999816894531
2026-01-06 19:00:00+00:00,60.5099983215332
2026-01-06 20:00:00+00:00,60.47999954223633
2026-01-06 21:00:00+00:00,60.529998779296875
2026-01-06 23:00:00+00:00,60.060001373291016
2026-01-07 00:00:00+00:00,60.0099983215332
2026-01-07 01:00:00+00:00,60.119998931884766
2026-01-07 02:00:00+00:00,60.13999938964844
2026-01-07 03:00:00+00:00,60.06999969482422
2026-01-07 04:00:00+00:00,60.0
2026-01-07 05:00:00+00:00,60.0099983215332
2026-01-07 06:00:00+00:00,59.959999084472656
2026-01-07 07:00:00+00:00,60.06999969482422
2026-01-07 08:00:00+00:00,60.27000045776367
2026-01-07 09:00:00+00:00,60.06999969482422
2026-01-07 10:00:00+00:00,60.59000015258789
2026-01-07 11:00:00+00:00,60.54999923706055
2026-01-07 12:00:00+00:00,60.79999923706055
2026-01-07 13:00:00+00:00,60.7400016784668
2026-01-07 14:00:00+00:00,60.349998474121094
2026-01-07 15:00:00+00:00,60.38999938964844
2026-01-07 16:00:00+00:00,60.04999923706055
2026-01-07 17:00:00+00:00,59.83000183105469
2026-01-07 18:00:00+00:00,59.939998626708984
2026-01-07 19:00:00+00:00,60.13999938964844
2026-01-07 20:00:00+00:00,60.279998779296875
2026-01-07 21:00:00+00:00,60.34000015258789
2026-01-07 23:00:00+00:00,60.29999923706055
2026-01-08 00:00:00+00:00,60.279998779296875
2026-01-08 01:00:00+00:00,60.40999984741211
2026-01-08 02:00:00+00:00,60.189998626708984
2026-01-08 03:00:00+00:00,60.22999954223633
2026-01-08 04:00:00+00:00,60.27000045776367
2026-01-08 05:00:00+00:00,60.2400016784668
2026-01-08 06:00:00+00:00,60.2599983215332
2026-01-08 07:00:00+00:00,60.150001525878906
2026-01-08 08:00:00+00:00,60.15999984741211
2026-01-08 09:00:00+00:00,60.400001525878906
2026-01-08 10:00:00+00:00,60.630001068115234
2026-01-08 11:00:00+00:00,60.79999923706055
2026-01-08 12:00:00+00:00,60.93000030517578
2026-01-08 13:00:00+00:00,61.119998931884766
2026-01-08 14:00:00+00:00,61.029998779296875
2026-01-08 15:00:00+00:00,60.970001220703125
2026-01-08 16:00:00+00:00,61.209999084472656
2026-01-08 17:00:00+00:00,61.45000076293945
2026-01-08 18:00:00+00:00,61.86000061035156
2026-01-08 19:00:00+00:00,62.439998626708984
2026-01-08 20:00:00+00:00,62.93000030517578
2026-01-08 21:00:00+00:00,62.75
2026-01-08 23:00:00+00:00,62.63999938964844
2026-01-09 00:00:00+00:00,62.599998474121094
2026-01-09 01:00:00+00:00,62.380001068115234
2026-01-09 02:00:00+00:00,62.43000030517578
2026-01-09 03:00:00+00:00,62.380001068115234
2026-01-09 04:00:00+00:00,62.40999984741211
2026-01-09 05:00:00+00:00,62.43000030517578
2026-01-09 06:00:00+00:00,62.630001068115234
2026-01-09 07:00:00+00:00,62.599998474121094
2026-01-09 08:00:00+00:00,62.439998626708984
2026-01-09 09:00:00+00:00,62.18000030517578
2026-01-09 10:00:00+00:00,62.33000183105469
2026-01-09 11:00:00+00:00,62.540000915527344
2026-01-09 12:00:00+00:00,62.380001068115234
2026-01-09 13:00:00+00:00,62.4900016784668
2026-01-09 14:00:00+00:00,63.34000015258789
2026-01-09 15:00:00+00:00,63.59000015258789
2026-01-09 16:00:00+00:00,63.90999984741211
2026-01-09 17:00:00+00:00,63.56999969482422
2026-01-09 18:00:00+00:00,63.630001068115234
2026-01-09 19:00:00+00:00,63.18000030517578
2026-01-09 20:00:00+00:00,62.9900016784668
2026-01-09 21:00:00+00:00,63.34000015258789
2026-01-11 23:00:00+00:00,63.810001373291016
2026-01-12 00:00:00+00:00,63.65999984741211
2026-01-12 01:00:00+00:00,63.0
2026-01-12 02:00:00+00:00,63.38999938964844
2026-01-12 03:00:00+00:00,63.41999816894531
2026-01-12 04:00:00+00:00,63.43000030517578
2026-01-12 05:00:00+00:00,63.52000045776367
2026-01-12 06:00:00+00:00,63.5
2026-01-12 07:00:00+00:00,63.15999984741211
2026-01-12 08:00:00+00:00,63.15999984741211
2026-01-12 09:00:00+00:00,63.11000061035156
2026-01-12 10:00:00+00:00,63.06999969482422
2026-01-12 11:00:00+00:00,62.880001068115234
2026-01-12 12:00:00+00:00,63.27000045776367
2026-01-12 13:00:00+00:00,63.029998779296875
2026-01-12 14:00:00+00:00,63.040000915527344
2026-01-12 15:00:00+00:00,63.400001525878906
2026-01-12 16:00:00+00:00,63.36000061035156
2026-01-12 17:00:00+00:00,63.630001068115234
2026-01-12 18:00:00+00:00,63.459999084472656
2026-01-12 19:00:00+00:00,63.9900016784668
2026-01-12 20:00:00+00:00,63.880001068115234
2026-01-12 21:00:00+00:00,64.02999877929688
2026-01-13 00:00:00+00:00,64.02999877929688
2026-01-13 01:00:00+00:00,64.06999969482422
2026-01-13 02:00:00+00:00,64.04000091552734
2026-01-13 03:00:00+00:00,64.0999984741211
2026-01-13 04:00:00+00:00,64.1500015258789
2026-01-13 05:00:00+00:00,64.13999938964844
2026-01-13 06:00:00+00:00,64.19999694824219
2026-01-13 08:00:00+00:00,64.52999877929688
2026-01-13 09:00:00+00:00,64.83000183105469
2026-01-13 10:00:00+00:00,64.72000122070312
2026-01-13 11:00:00+00:00,65.0999984741211
2026-01-13 12:00:00+00:00,65.11000061035156
2026-01-13 13:00:00+00:00,64.87000274658203
2026-01-13 14:00:00+00:00,65.43000030517578
2026-01-13 15:00:00+00:00,65.80999755859375
2026-01-13 16:00:00+00:00,65.73999786376953
2026-01-13 17:00:00+00:00,65.0999984741211
2026-01-13 18:00:00+00:00,65.61000061035156
2026-01-13 19:00:00+00:00,65.4000015258789
2026-01-13 20:00:00+00:00,65.38999938964844
2026-01-13 21:00:00+00:00,65.41999816894531
2026-01-13 23:00:00+00:00,65.44999694824219
2026-01-14 00:00:00+00:00,65.4000015258789
2026-01-14 01:00:00+00:00,65.33999633789062
2026-01-14 02:00:00+00:00,65.2699966430664
2026-01-14 03:00:00+00:00,65.31999969482422
2026-01-14 04:00:00+00:00,65.36000061035156
2026-01-14 05:00:00+00:00,65.22000122070312
2026-01-14 06:00:00+00:00,64.98999786376953
2026-01-14 07:00:00+00:00,65.0
2026-01-14 08:00:00+00:00,64.91999816894531
2026-01-14 09:00:00+00:00,65.30999755859375
2026-01-14 10:00:00+00:00,66.33999633789062
2026-01-14 11:00:00+00:00,66.19999694824219
2026-01-14 12:00:00+00:00,66.2699966430664
2026-01-14 13:00:00+00:00,66.06999969482422
2026-01-14 14:00:00+00:00,66.0999984741211
2026-01-14 15:00:00+00:00,66.04000091552734
2026-01-14 16:00:00+00:00,66.19000244140625
2026-01-14 17:00:00+00:00,66.23999786376953
2026-01-14 18:00:00+00:00,66.26000213623047
2026-01-14 19:00:00+00:00,66.76000213623047
2026-01-14 20:00:00+00:00,64.58999633789062
2026-01-14 21:00:00+00:00,65.44000244140625
2026-01-14 23:00:00+00:00,65.16999816894531
2026-01-15 00:00:00+00:00,65.36000061035156
2026-01-15 01:00:00+00:00,64.75
2026-01-15 02:00:00+00:00,64.55000305175781
2026-01-15 03:00:00+00:00,64.4800033569336
2026-01-15 04:00:00+00:00,64.41999816894531
2026-01-15 05:00:00+00:00,64.38999938964844
2026-01-15 06:00:00+00:00,64.55999755859375
2026-01-15 07:00:00+00:00,64.36000061035156
2026-01-15 08:00:00+00:00,64.58000183105469
2026-01-15 09:00:00+00:00,63.66999816894531
2026-01-15 10:00:00+00:00,63.939998626708984
2026-01-15 11:00:00+00:00,64.33999633789062
2026-01-15 12:00:00+00:00,63.81999969482422
2026-01-15 13:00:00+00:00,63.66999816894531
2026-01-15 14:00:00+00:00,63.720001220703125
2026-01-15 15:00:00+00:00,63.79999923706055
2026-01-15 16:00:00+00:00,63.43000030517578
2026-01-15 17:00:00+00:00,63.619998931884766
2026-01-15 18:00:00+00:00,63.720001220703125
2026-01-15 19:00:00+00:00,63.58000183105469
2026-01-15 20:00:00+00:00,63.5099983215332
2026-01-15 21:00:00+00:00,63.810001373291016
2026-01-15 23:00:00+00:00,63.68000030517578
2026-01-16 00:00:00+00:00,63.7599983215332
2026-01-16 01:00:00+00:00,63.75
2026-01-16 02:00:00+00:00,63.61000061035156
2026-01-16 03:00:00+00:00,63.599998474121094
2026-01-16 04:00:00+00:00,63.59000015258789
2026-01-16 05:00:00+00:00,63.529998779296875
2026-01-16 06:00:00+00:00,63.66999816894531
2026-01-16 07:00:00+00:00,63.84000015258789
2026-01-16 08:00:00+00:00,64.0999984741211
2026-01-16 09:00:00+00:00,64.2699966430664
2026-01-16 10:00:00+00:00,64.58999633789062
2026-01-16 11:00:00+00:00,64.55999755859375
2026-01-16 12:00:00+00:00,64.44999694824219
2026-01-16 13:00:00+00:00,64.6500015258789
2026-01-16 14:00:00+00:00,64.25
2026-01-16 15:00:00+00:00,64.37000274658203
2026-01-16 16:00:00+00:00,64.51000213623047
2026-01-16 17:00:00+00:00,64.44000244140625
2026-01-16 18:00:00+00:00,64.51000213623047
2026-01-16 19:00:00+00:00,64.16000366210938
2026-01-16 20:00:00+00:00,64.08999633789062
2026-01-16 21:00:00+00:00,64.01000213623047
2026-01-19 04:00:00+00:00,64.0999984741211
2026-01-20 05:00:00+00:00,63.970001220703125
2026-01-20 06:00:00+00:00,64.04000091552734
2026-01-20 07:00:00+00:00,63.66999816894531
2026-01-20 08:00:00+00:00,63.66999816894531
2026-01-20 09:00:00+00:00,64.0999984741211
2026-01-20 10:00:00+00:00,64.25
2026-01-20 11:00:00+00:00,64.30999755859375
2026-01-20 12:00:00+00:00,64.4800033569336
2026-01-20 13:00:00+00:00,64.19999694824219
2026-01-20 14:00:00+00:00,64.94000244140625
2026-01-20 15:00:00+00:00,64.63999938964844
2026-01-20 16:00:00+00:00,64.88999938964844
2026-01-20 17:00:00+00:00,64.94999694824219
2026-01-20 18:00:00+00:00,64.83999633789062
2026-01-20 19:00:00+00:00,64.44999694824219
2026-01-20 20:00:00+00:00,63.900001525878906
2026-01-20 21:00:00+00:00,63.90999984741211
2026-01-20 23:00:00+00:00,64.05999755859375
2026-01-21 00:00:00+00:00,64.12999725341797
2026-01-21 01:00:00+00:00,64.16000366210938
2026-01-21 02:00:00+00:00,64.16000366210938
2026-01-21 03:00:00+00:00,64.13999938964844
2026-01-21 04:00:00+00:00,64.13999938964844
2026-01-21 05:00:00+00:00,64.2300033569336
2026-01-21 06:00:00+00:00,64.26000213623047
2026-01-21 07:00:00+00:00,63.97999954223633
2026-01-21 08:00:00+00:00,63.720001220703125
2026-01-21 09:00:00+00:00,64.33000183105469
2026-01-21 10:00:00+00:00,64.43000030517578
2026-01-21 11:00:00+00:00,64.88999938964844
2026-01-21 12:00:00+00:00,65.0199966430664
2026-01-21 13:00:00+00:00,64.87000274658203
2026-01-21 14:00:00+00:00,64.91000366210938
2026-01-21 15:00:00+00:00,65.04000091552734
2026-01-21 16:00:00+00:00,65.01000213623047
2026-01-21 17:00:00+00:00,65.0
2026-01-21 18:00:00+00:00,65.29000091552734
2026-01-21 19:00:00+00:00,65.23999786376953
2026-01-21 20:00:00+00:00,65.27999877929688
2026-01-21 21:00:00+00:00,65.29000091552734
2026-01-21 23:00:00+00:00,65.0999984741211
2026-01-22 00:00:00+00:00,65.12999725341797
2026-01-22 01:00:00+00:00,65.30999755859375
2026-01-22 02:00:00+00:00,65.30999755859375
2026-01-22 03:00:00+00:00,65.3499984741211
2026-01-22 04:00:00+00:00,65.33999633789062
2026-01-22 05:00:00+00:00,65.30000305175781
2026-01-22 06:00:00+00:00,65.19999694824219
2026-01-22 07:00:00+00:00,64.94000244140625
2026-01-22 08:00:00+00:00,64.93000030517578
2026-01-22 09:00:00+00:00,64.62999725341797
2026-01-22 10:00:00+00:00,64.44000244140625
2026-01-22 11:00:00+00:00,64.33999633789062
2026-01-22 12:00:00+00:00,64.05000305175781
2026-01-22 13:00:00+00:00,64.29000091552734
2026-01-22 14:00:00+00:00,64.30999755859375
2026-01-22 15:00:00+00:00,64.30000305175781
2026-01-22 16:00:00+00:00,64.06999969482422
2026-01-22 17:00:00+00:00,63.79999923706055
2026-01-22 18:00:00+00:00,63.93000030517578
2026-01-22 19:00:00+00:00,64.04000091552734
2026-01-22 20:00:00+00:00,64.11000061035156
2026-01-22 21:00:00+00:00,64.37999725341797
2026-01-22 23:00:00+00:00,64.30000305175781
2026-01-23 00:00:00+00:00,64.4000015258789
2026-01-23 01:00:00+00:00,64.5
2026-01-23 02:00:00+00:00,64.58999633789062
2026-01-23 03:00:00+00:00,64.54000091552734
2026-01-23 04:00:00+00:00,64.62000274658203
2026-01-23 05:00:00+00:00,64.58999633789062
2026-01-23 06:00:00+00:00,64.68000030517578
2026-01-23 07:00:00+00:00,64.3499984741211
2026-01-23 08:00:00+00:00,63.880001068115234
2026-01-23 09:00:00+00:00,63.959999084472656
2026-01-23 10:00:00+00:00,64.19999694824219
2026-01-23 11:00:00+00:00,64.33999633789062
2026-01-23 12:00:00+00:00,64.41000366210938
2026-01-23 13:00:00+00:00,64.9800033569336
2026-01-23 14:00:00+00:00,65.08999633789062
2026-01-23 15:00:00+00:00,64.80000305175781
2026-01-23 16:00:00+00:00,65.0999984741211
2026-01-23 17:00:00+00:00,65.16999816894531
2026-01-23 18:00:00+00:00,65.06999969482422
2026-01-23 19:00:00+00:00,65.05999755859375
2026-01-23 20:00:00+00:00,65.16000366210938
2026-01-23 21:00:00+00:00,65.33999633789062
2026-01-25 23:00:00+00:00,65.0199966430664
2026-01-26 00:00:00+00:00,65.05999755859375
2026-01-26 01:00:00+00:00,65.12000274658203
2026-01-26 02:00:00+00:00,65.0
2026-01-26 03:00:00+00:00,65.08000183105469
2026-01-26 04:00:00+00:00,65.16999816894531
2026-01-26 05:00:00+00:00,65.26000213623047
2026-01-26 06:00:00+00:00,65.58999633789062
2026-01-26 07:00:00+00:00,64.94999694824219
2026-01-26 08:00:00+00:00,65.20999908447266
2026-01-26 09:00:00+00:00,65.12999725341797
2026-01-26 10:00:00+00:00,65.25
2026-01-26 11:00:00+00:00,65.18000030517578
2026-01-26 12:00:00+00:00,64.95999908447266
2026-01-26 13:00:00+00:00,64.79000091552734
2026-01-26 14:00:00+00:00,64.58999633789062
2026-01-26 15:00:00+00:00,64.72000122070312
2026-01-26 16:00:00+00:00,64.88999938964844
2026-01-26 17:00:00+00:00,65.05000305175781
2026-01-26 18:00:00+00:00,64.73999786376953
2026-01-26 19:00:00+00:00,64.7300033569336
2026-01-26 20:00:00+00:00,64.91000366210938
2026-01-26 21:00:00+00:00,64.91999816894531
2026-01-26 23:00:00+00:00,64.94000244140625
2026-01-27 00:00:00+00:00,64.94000244140625
2026-01-27 01:00:00+00:00,64.29000091552734
2026-01-27 02:00:00+00:00,64.41000366210938
2026-01-27 03:00:00+00:00,64.31999969482422
2026-01-27 04:00:00+00:00,64.30000305175781
2026-01-27 05:00:00+00:00,64.5
2026-01-27 06:00:00+00:00,64.58999633789062
2026-01-27 07:00:00+00:00,64.45999908447266
2026-01-27 08:00:00+00:00,64.48999786376953
2026-01-27 09:00:00+00:00,64.69999694824219
2026-01-27 10:00:00+00:00,65.01000213623047
2026-01-27 11:00:00+00:00,64.70999908447266
2026-01-27 12:00:00+00:00,64.75
2026-01-27 13:00:00+00:00,65.83000183105469
2026-01-27 14:00:00+00:00,65.33999633789062
2026-01-27 15:00:00+00:00,65.77999877929688
2026-01-27 16:00:00+00:00,65.9800033569336
2026-01-27 17:00:00+00:00,66.2300033569336
2026-01-27 18:00:00+00:00,66.13999938964844
2026-01-27 19:00:00+00:00,66.33000183105469
2026-01-27 20:00:00+00:00,66.75
2026-01-27 21:00:00+00:00,66.68000030517578
2026-01-27 23:00:00+00:00,66.66999816894531
2026-01-28 00:00:00+00:00,66.66999816894531
2026-01-28 01:00:00+00:00,66.5999984741211
2026-01-28 02:00:00+00:00,66.77999877929688
2026-01-28 03:00:00+00:00,66.81999969482422
2026-01-28 04:00:00+00:00,66.91999816894531
2026-01-28 05:00:00+00:00,66.98999786376953
2026-01-28 06:00:00+00:00,66.87999725341797
2026-01-28 07:00:00+00:00,66.52999877929688
2026-01-28 08:00:00+00:00,66.79000091552734
2026-01-28 09:00:00+00:00,66.26000213623047
2026-01-28 10:00:00+00:00,66.22000122070312
2026-01-28 11:00:00+00:00,66.66000366210938
2026-01-28 12:00:00+00:00,66.94999694824219
2026-01-28 13:00:00+00:00,67.38999938964844
2026-01-28 14:00:00+00:00,67.19999694824219
2026-01-28 15:00:00+00:00,67.02999877929688
2026-01-28 16:00:00+00:00,66.88999938964844
2026-01-28 17:00:00+00:00,66.87000274658203
2026-01-28 18:00:00+00:00,67.23999786376953
2026-01-28 19:00:00+00:00,67.3499984741211
2026-01-28 20:00:00+00:00,67.48999786376953
2026-01-28 21:00:00+00:00,67.62000274658203
2026-01-28 23:00:00+00:00,67.48999786376953
2026-01-29 00:00:00+00:00,67.6500015258789
2026-01-29 01:00:00+00:00,67.9000015258789
2026-01-29 02:00:00+00:00,68.0999984741211
2026-01-29 03:00:00+00:00,68.13999938964844
2026-01-29 04:00:00+00:00,68.37000274658203
2026-01-29 05:00:00+00:00,68.19000244140625
2026-01-29 06:00:00+00:00,68.30999755859375
2026-01-29 07:00:00+00:00,68.16999816894531
2026-01-29 08:00:00+00:00,68.76000213623047
2026-01-29 09:00:00+00:00,69.0199966430664
2026-01-29 10:00:00+00:00,68.86000061035156
2026-01-29 11:00:00+00:00,68.8499984741211
2026-01-29 12:00:00+00:00,68.81999969482422
2026-01-29 13:00:00+00:00,69.55000305175781
2026-01-29 14:00:00+00:00,70.18000030517578
2026-01-29 15:00:00+00:00,69.51000213623047
2026-01-29 16:00:00+00:00,69.27999877929688
2026-01-29 17:00:00+00:00,69.56999969482422
2026-01-29 18:00:00+00:00,69.25
2026-01-29 19:00:00+00:00,69.54000091552734
2026-01-29 20:00:00+00:00,69.58999633789062
2026-01-29 21:00:00+00:00,69.66000366210938
2026-01-29 23:00:00+00:00,69.69000244140625
2026-01-30 00:00:00+00:00,69.47000122070312
2026-01-30 01:00:00+00:00,68.98999786376953
2026-01-30 02:00:00+00:00,68.62999725341797
2026-01-30 03:00:00+00:00,68.47000122070312
2026-01-30 04:00:00+00:00,68.47000122070312
2026-01-30 05:00:00+00:00,68.58999633789062
2026-01-30 06:00:00+00:00,68.1500015258789
2026-01-30 07:00:00+00:00,68.31999969482422
2026-01-30 08:00:00+00:00,68.63999938964844
2026-01-30 09:00:00+00:00,68.7699966430664
2026-01-30 10:00:00+00:00,68.76000213623047
2026-01-30 11:00:00+00:00,69.08000183105469
2026-01-30 12:00:00+00:00,69.30999755859375
2026-01-30 13:00:00+00:00,69.45999908447266
2026-01-30 14:00:00+00:00,69.88999938964844
2026-01-30 15:00:00+00:00,69.75
2026-02-02 18:00:00+00:00,65.97000122070312
2026-02-02 19:00:00+00:00,66.26000213623047
2026-02-02 20:00:00+00:00,66.4000015258789
2026-02-02 21:00:00+00:00,66.45999908447266
2026-02-02 23:00:00+00:00,66.0
2026-02-03 00:00:00+00:00,66.12000274658203
2026-02-03 01:00:00+00:00,66.45999908447266
2026-02-03 02:00:00+00:00,65.80999755859375
2026-02-03 03:00:00+00:00,66.02999877929688
2026-02-03 04:00:00+00:00,66.0
2026-02-03 05:00:00+00:00,65.98999786376953
2026-02-03 06:00:00+00:00,65.94999694824219
2026-02-03 07:00:00+00:00,65.98999786376953
2026-02-03 08:00:00+00:00,65.69000244140625
2026-02-03 09:00:00+00:00,65.81999969482422
2026-02-03 10:00:00+00:00,66.30999755859375
2026-02-03 11:00:00+00:00,66.45999908447266
2026-02-03 12:00:00+00:00,66.61000061035156
2026-02-03 13:00:00+00:00,66.68000030517578
2026-02-03 14:00:00+00:00,66.77999877929688
2026-02-03 15:00:00+00:00,66.79000091552734
2026-02-03 16:00:00+00:00,66.73999786376953
2026-02-03 17:00:00+00:00,67.25
2026-02-03 18:00:00+00:00,67.20999908447266
2026-02-03 19:00:00+00:00,67.56999969482422
2026-02-03 20:00:00+00:00,68.16999816894531
2026-02-03 21:00:00+00:00,68.01000213623047
2026-02-03 23:00:00+00:00,67.87999725341797
2026-02-04 00:00:00+00:00,67.87000274658203
2026-02-04 01:00:00+00:00,68.08000183105469
2026-02-04 02:00:00+00:00,67.7300033569336
2026-02-04 03:00:00+00:00,67.88999938964844
2026-02-04 04:00:00+00:00,67.93000030517578
2026-02-04 05:00:00+00:00,67.81999969482422
2026-02-04 06:00:00+00:00,67.76000213623047
2026-02-04 07:00:00+00:00,67.33999633789062
2026-02-04 08:00:00+00:00,67.20999908447266
2026-02-04 09:00:00+00:00,67.76000213623047
2026-02-04 10:00:00+00:00,67.58999633789062
2026-02-04 11:00:00+00:00,67.33000183105469
2026-02-04 12:00:00+00:00,67.47000122070312
2026-02-04 13:00:00+00:00,67.04000091552734
2026-02-04 14:00:00+00:00,67.5
2026-02-04 15:00:00+00:00,67.55000305175781
2026-02-04 16:00:00+00:00,67.80000305175781
2026-02-04 17:00:00+00:00,69.3499984741211
2026-02-04 18:00:00+00:00,69.29000091552734
2026-02-04 19:00:00+00:00,68.4800033569336
2026-02-04 20:00:00+00:00,68.55000305175781
2026-02-04 21:00:00+00:00,68.7300033569336
2026-02-04 23:00:00+00:00,68.73999786376953
2026-02-05 00:00:00+00:00,68.63999938964844
2026-02-05 01:00:00+00:00,68.33000183105469
2026-02-05 02:00:00+00:00,67.9000015258789
2026-02-05 03:00:00+00:00,68.05999755859375
2026-02-05 04:00:00+00:00,68.02999877929688
2026-02-05 05:00:00+00:00,67.95999908447266
2026-02-05 06:00:00+00:00,68.0999984741211
2026-02-05 07:00:00+00:00,68.29000091552734
2026-02-05 08:00:00+00:00,68.37999725341797
2026-02-05 09:00:00+00:00,68.5
2026-02-05 10:00:00+00:00,68.43000030517578
2026-02-05 11:00:00+00:00,68.81999969482422
2026-02-05 12:00:00+00:00,68.0999984741211
2026-02-05 13:00:00+00:00,67.63999938964844
2026-02-05 14:00:00+00:00,67.77999877929688
2026-02-05 15:00:00+00:00,67.25
2026-02-05 16:00:00+00:00,67.80000305175781
2026-02-05 17:00:00+00:00,67.81999969482422
2026-02-05 18:00:00+00:00,67.62000274658203
2026-02-05 19:00:00+00:00,67.45999908447266
2026-02-05 20:00:00+00:00,67.55000305175781
2026-02-05 21:00:00+00:00,67.37999725341797
2026-02-05 23:00:00+00:00,67.11000061035156
2026-02-06 00:00:00+00:00,67.18000030517578
2026-02-06 01:00:00+00:00,67.29000091552734
2026-02-06 02:00:00+00:00,67.61000061035156
2026-02-06 03:00:00+00:00,67.86000061035156
2026-02-06 04:00:00+00:00,67.87000274658203
2026-02-06 05:00:00+00:00,68.31999969482422
2026-02-06 06:00:00+00:00,68.33000183105469
2026-02-06 07:00:00+00:00,68.41000366210938
2026-02-06 08:00:00+00:00,68.30000305175781
2026-02-06 09:00:00+00:00,68.44000244140625
2026-02-06 10:00:00+00:00,67.66999816894531
2026-02-06 11:00:00+00:00,67.54000091552734
2026-02-06 12:00:00+00:00,67.33000183105469
2026-02-06 13:00:00+00:00,66.7300033569336
2026-02-06 14:00:00+00:00,67.80999755859375
2026-02-06 15:00:00+00:00,68.4000015258789
2026-02-06 16:00:00+00:00,68.5
2026-02-06 17:00:00+00:00,68.76000213623047
2026-02-06 18:00:00+00:00,68.5
2026-02-06 19:00:00+00:00,67.87999725341797
2026-02-06 20:00:00+00:00,67.93000030517578
2026-02-06 21:00:00+00:00,68.05000305175781
2026-02-08 23:00:00+00:00,67.4000015258789
2026-02-09 00:00:00+00:00,67.58000183105469
2026-02-09 01:00:00+00:00,67.66000366210938
2026-02-09 02:00:00+00:00,67.38999938964844
2026-02-09 03:00:00+00:00,67.44000244140625
2026-02-09 04:00:00+00:00,67.41000366210938
2026-02-09 05:00:00+00:00,67.3499984741211
2026-02-09 06:00:00+00:00,67.33000183105469
2026-02-09 07:00:00+00:00,67.22000122070312
2026-02-09 08:00:00+00:00,67.4000015258789
2026-02-09 09:00:00+00:00,67.37999725341797
2026-02-09 10:00:00+00:00,68.3499984741211
2026-02-09 11:00:00+00:00,68.31999969482422
2026-02-09 12:00:00+00:00,68.23999786376953
2026-02-09 13:00:00+00:00,67.7300033569336
2026-02-09 14:00:00+00:00,68.56999969482422
2026-02-09 15:00:00+00:00,68.76000213623047
2026-02-09 16:00:00+00:00,69.41000366210938
2026-02-09 17:00:00+00:00,69.33000183105469
2026-02-09 18:00:00+00:00,69.13999938964844
2026-02-09 19:00:00+00:00,68.94000244140625
2026-02-09 20:00:00+00:00,68.9800033569336
2026-02-09 21:00:00+00:00,69.12999725341797
2026-02-09 23:00:00+00:00,69.08000183105469
2026-02-10 00:00:00+00:00,68.9800033569336
2026-02-10 01:00:00+00:00,69.0
2026-02-10 02:00:00+00:00,69.01000213623047
2026-02-10 03:00:00+00:00,68.83000183105469
2026-02-10 04:00:00+00:00,68.91999816894531
2026-02-10 05:00:00+00:00,68.83000183105469
2026-02-10 06:00:00+00:00,69.0999984741211
2026-02-10 07:00:00+00:00,69.04000091552734
2026-02-10 08:00:00+00:00,69.36000061035156
2026-02-10 09:00:00+00:00,68.87999725341797
2026-02-10 10:00:00+00:00,69.12000274658203
2026-02-10 11:00:00+00:00,69.37000274658203
2026-02-10 12:00:00+00:00,69.25
2026-02-10 13:00:00+00:00,69.33999633789062
2026-02-10 14:00:00+00:00,69.36000061035156
2026-02-10 15:00:00+00:00,69.04000091552734
2026-02-10 16:00:00+00:00,68.76000213623047
2026-02-10 17:00:00+00:00,68.88999938964844
2026-02-10 18:00:00+00:00,68.66999816894531
2026-02-10 19:00:00+00:00,68.91999816894531
2026-02-10 20:00:00+00:00,69.11000061035156
2026-02-10 21:00:00+00:00,69.01000213623047
2026-02-10 23:00:00+00:00,69.13999938964844
2026-02-11 00:00:00+00:00,69.08000183105469
2026-02-11 01:00:00+00:00,69.19000244140625
2026-02-11 02:00:00+00:00,69.36000061035156
2026-02-11 03:00:00+00:00,69.33999633789062
2026-02-11 04:00:00+00:00,69.29000091552734
2026-02-11 05:00:00+00:00,69.1500015258789
2026-02-11 06:00:00+00:00,69.25
2026-02-11 07:00:00+00:00,69.37999725341797
2026-02-11 08:00:00+00:00,69.62000274658203
2026-02-11 09:00:00+00:00,69.66000366210938
2026-02-11 10:00:00+00:00,69.73999786376953
2026-02-11 11:00:00+00:00,70.25
2026-02-11 12:00:00+00:00,70.30000305175781
2026-02-11 13:00:00+00:00,70.33999633789062
2026-02-11 14:00:00+00:00,70.45999908447266
2026-02-11 15:00:00+00:00,69.81999969482422
2026-02-11 16:00:00+00:00,69.91000366210938
2026-02-11 17:00:00+00:00,69.68000030517578
2026-02-11 18:00:00+00:00,69.48999786376953
2026-02-11 19:00:00+00:00,69.58000183105469
2026-02-11 20:00:00+00:00,69.76000213623047
2026-02-11 21:00:00+00:00,69.66999816894531
2026-02-11 23:00:00+00:00,69.6500015258789
2026-02-12 00:00:00+00:00,69.7300033569336
2026-02-12 01:00:00+00:00,69.62000274658203
2026-02-12 02:00:00+00:00,69.5999984741211
2026-02-12 03:00:00+00:00,69.73999786376953
2026-02-12 04:00:00+00:00,69.69999694824219
2026-02-12 05:00:00+00:00,69.61000061035156
2026-02-12 06:00:00+00:00,69.58000183105469
2026-02-12 07:00:00+00:00,69.58999633789062
2026-02-12 08:00:00+00:00,69.72000122070312
2026-02-12 09:00:00+00:00,69.19999694824219
2026-02-12 10:00:00+00:00,69.12999725341797
2026-02-12 11:00:00+00:00,69.1500015258789
2026-02-12 12:00:00+00:00,69.08999633789062
2026-02-12 13:00:00+00:00,68.94999694824219
2026-02-12 14:00:00+00:00,68.69999694824219
2026-02-12 15:00:00+00:00,68.33000183105469
2026-02-12 16:00:00+00:00,67.45999908447266
2026-02-12 17:00:00+00:00,67.30000305175781
2026-02-12 18:00:00+00:00,67.33999633789062
2026-02-12 19:00:00+00:00,67.5999984741211
2026-02-12 20:00:00+00:00,67.58999633789062
2026-02-12 21:00:00+00:00,67.5999984741211
2026-02-12 23:00:00+00:00,67.5199966430664
2026-02-13 00:00:00+00:00,67.52999877929688
2026-02-13 01:00:00+00:00,67.55000305175781
2026-02-13 02:00:00+00:00,67.47000122070312
2026-02-13 03:00:00+00:00,67.41999816894531
2026-02-13 04:00:00+00:00,67.4800033569336
2026-02-13 05:00:00+00:00,67.31999969482422
2026-02-13 06:00:00+00:00,67.55000305175781
2026-02-13 07:00:00+00:00,67.38999938964844
2026-02-13 08:00:00+00:00,67.58999633789062
2026-02-13 09:00:00+00:00,67.80999755859375
2026-02-13 10:00:00+00:00,67.91000366210938
2026-02-13 11:00:00+00:00,67.16000366210938
2026-02-13 12:00:00+00:00,67.30000305175781
2026-02-13 13:00:00+00:00,67.69999694824219
2026-02-13 14:00:00+00:00,67.4800033569336
2026-02-13 15:00:00+00:00,67.52999877929688
2026-02-13 16:00:00+00:00,67.4800033569336
2026-02-13 17:00:00+00:00,67.94999694824219
2026-02-13 18:00:00+00:00,67.81999969482422
2026-02-13 19:00:00+00:00,67.52999877929688
2026-02-13 20:00:00+00:00,67.5999984741211
2026-02-13 21:00:00+00:00,67.5999984741211
2026-02-15 23:00:00+00:00,67.73999786376953
2026-02-16 00:00:00+00:00,67.7300033569336
2026-02-16 01:00:00+00:00,67.69000244140625
2026-02-16 02:00:00+00:00,67.73999786376953
2026-02-16 03:00:00+00:00,67.81999969482422
2026-02-16 04:00:00+00:00,67.7699966430664
2026-02-17 05:00:00+00:00,68.19999694824219
2026-02-17 06:00:00+00:00,68.19000244140625
2026-02-17 07:00:00+00:00,68.05999755859375
2026-02-17 08:00:00+00:00,67.9800033569336
2026-02-17 09:00:00+00:00,68.12000274658203
2026-02-17 10:00:00+00:00,68.4800033569336
2026-02-17 11:00:00+00:00,68.68000030517578
2026-02-17 12:00:00+00:00,68.54000091552734
2026-02-17 13:00:00+00:00,67.36000061035156
2026-02-17 14:00:00+00:00,67.43000030517578
2026-02-17 15:00:00+00:00,66.94999694824219
2026-02-17 16:00:00+00:00,67.33999633789062
2026-02-17 17:00:00+00:00,67.16000366210938
2026-02-17 18:00:00+00:00,67.43000030517578
2026-02-17 19:00:00+00:00,67.33999633789062
2026-02-17 20:00:00+00:00,67.3499984741211
2026-02-17 21:00:00+00:00,67.37999725341797
2026-02-17 23:00:00+00:00,67.45999908447266
2026-02-18 00:00:00+00:00,67.4000015258789
2026-02-18 01:00:00+00:00,67.4000015258789
2026-02-18 02:00:00+00:00,67.52999877929688
2026-02-18 03:00:00+00:00,67.62000274658203
2026-02-18 04:00:00+00:00,67.69000244140625
2026-02-18 05:00:00+00:00,67.55999755859375
2026-02-18 06:00:00+00:00,67.55999755859375
2026-02-18 07:00:00+00:00,67.62000274658203
2026-02-18 08:00:00+00:00,67.0199966430664
2026-02-18 09:00:00+00:00,67.05999755859375
2026-02-18 10:00:00+00:00,68.18000030517578
2026-02-18 11:00:00+00:00,68.8499984741211
2026-02-18 12:00:00+00:00,69.2300033569336
2026-02-18 13:00:00+00:00,69.02999877929688
2026-02-18 14:00:00+00:00,69.5
2026-02-18 15:00:00+00:00,69.41999816894531
2026-02-18 16:00:00+00:00,69.7699966430664
2026-02-18 17:00:00+00:00,70.23999786376953
2026-02-18 18:00:00+00:00,70.33000183105469
2026-02-18 19:00:00+00:00,70.29000091552734
2026-02-18 20:00:00+00:00,70.48999786376953
2026-02-18 21:00:00+00:00,70.19000244140625
2026-02-18 23:00:00+00:00,70.2300033569336
2026-02-19 00:00:00+00:00,70.25
2026-02-19 01:00:00+00:00,70.41999816894531
2026-02-19 02:00:00+00:00,70.54000091552734
2026-02-19 03:00:00+00:00,70.58999633789062
2026-02-19 04:00:00+00:00,70.41000366210938
2026-02-19 05:00:00+00:00,70.47000122070312
2026-02-19 06:00:00+00:00,70.47000122070312
2026-02-19 07:00:00+00:00,71.05999755859375
2026-02-19 08:00:00+00:00,71.52999877929688
2026-02-19 09:00:00+00:00,71.08000183105469
2026-02-19 10:00:00+00:00,71.26000213623047
2026-02-19 11:00:00+00:00,71.30999755859375
2026-02-19 12:00:00+00:00,71.33000183105469
2026-02-19 13:00:00+00:00,71.68000030517578
2026-02-19 14:00:00+00:00,71.66000366210938
2026-02-19 15:00:00+00:00,71.66000366210938
2026-02-19 16:00:00+00:00,71.83999633789062
2026-02-19 17:00:00+00:00,71.79000091552734
2026-02-19 18:00:00+00:00,71.7699966430664
2026-02-19 19:00:00+00:00,71.83000183105469
2026-02-19 20:00:00+00:00,71.94000244140625
2026-02-19 21:00:00+00:00,71.91999816894531
2026-02-19 23:00:00+00:00,71.72000122070312
2026-02-20 00:00:00+00:00,71.73999786376953
2026-02-20 01:00:00+00:00,71.80000305175781
2026-02-20 02:00:00+00:00,71.7699966430664
2026-02-20 03:00:00+00:00,71.88999938964844
2026-02-20 04:00:00+00:00,71.97000122070312
2026-02-20 05:00:00+00:00,72.08999633789062
2026-02-20 06:00:00+00:00,72.0
2026-02-20 07:00:00+00:00,71.58000183105469
2026-02-20 08:00:00+00:00,71.41999816894531
2026-02-20 09:00:00+00:00,71.2699966430664
2026-02-20 10:00:00+00:00,70.87000274658203
2026-02-20 11:00:00+00:00,70.9000015258789
2026-02-20 12:00:00+00:00,71.02999877929688
2026-02-20 13:00:00+00:00,71.12000274658203
2026-02-20 14:00:00+00:00,71.11000061035156
2026-02-20 15:00:00+00:00,70.79000091552734
2026-02-20 16:00:00+00:00,71.01000213623047
2026-02-20 17:00:00+00:00,71.27999877929688
2026-02-20 18:00:00+00:00,71.4000015258789
2026-02-20 19:00:00+00:00,71.29000091552734
2026-02-20 20:00:00+00:00,71.22000122070312
2026-02-20 21:00:00+00:00,71.1500015258789
2026-02-22 23:00:00+00:00,70.88999938964844
2026-02-23 00:00:00+00:00,70.56999969482422
2026-02-23 01:00:00+00:00,70.75
2026-02-23 02:00:00+00:00,70.7300033569336
2026-02-23 03:00:00+00:00,70.52999877929688
2026-02-23 04:00:00+00:00,70.43000030517578
2026-02-23 05:00:00+00:00,70.62000274658203
2026-02-23 06:00:00+00:00,70.5
2026-02-23 07:00:00+00:00,70.45999908447266
2026-02-23 08:00:00+00:00,71.16000366210938
2026-02-23 09:00:00+00:00,71.47000122070312
2026-02-23 10:00:00+00:00,70.87999725341797
2026-02-23 11:00:00+00:00,71.25
2026-02-23 12:00:00+00:00,71.52999877929688
2026-02-23 13:00:00+00:00,71.68000030517578
2026-02-23 14:00:00+00:00,71.76000213623047
2026-02-23 15:00:00+00:00,71.5999984741211
2026-02-23 16:00:00+00:00,71.20999908447266
2026-02-23 17:00:00+00:00,71.0
2026-02-23 18:00:00+00:00,71.01000213623047
2026-02-23 19:00:00+00:00,71.1500015258789
2026-02-23 20:00:00+00:00,71.30000305175781
2026-02-23 21:00:00+00:00,71.0999984741211
2026-02-23 23:00:00+00:00,71.04000091552734
2026-02-24 00:00:00+00:00,71.01000213623047
2026-02-24 01:00:00+00:00,71.2699966430664
2026-02-24 02:00:00+00:00,71.58000183105469
2026-02-24 03:00:00+00:00,71.69000244140625
2026-02-24 04:00:00+00:00,71.61000061035156
2026-02-24 05:00:00+00:00,71.6500015258789
2026-02-24 06:00:00+00:00,71.58999633789062
2026-02-24 07:00:00+00:00,71.36000061035156
2026-02-24 08:00:00+00:00,71.69000244140625
2026-02-24 09:00:00+00:00,71.68000030517578
2026-02-24 10:00:00+00:00,71.01000213623047
2026-02-24 11:00:00+00:00,71.08999633789062
2026-02-24 12:00:00+00:00,71.33000183105469
2026-02-24 13:00:00+00:00,71.66000366210938
2026-02-24 14:00:00+00:00,71.41000366210938
2026-02-24 15:00:00+00:00,70.7699966430664
2026-02-24 16:00:00+00:00,70.80000305175781
2026-02-24 17:00:00+00:00,70.7300033569336
2026-02-24 18:00:00+00:00,70.9000015258789
2026-02-24 19:00:00+00:00,70.83999633789062
2026-02-24 20:00:00+00:00,71.2699966430664
2026-02-24 21:00:00+00:00,71.08000183105469
2026-02-24 23:00:00+00:00,70.95999908447266
2026-02-25 00:00:00+00:00,71.05000305175781
2026-02-25 01:00:00+00:00,71.05000305175781
2026-02-25 02:00:00+00:00,71.2699966430664
2026-02-25 03:00:00+00:00,70.98999786376953
2026-02-25 04:00:00+00:00,71.02999877929688
2026-02-25 05:00:00+00:00,71.04000091552734
2026-02-25 06:00:00+00:00,70.94999694824219
2026-02-25 07:00:00+00:00,70.83999633789062
2026-02-25 08:00:00+00:00,70.9800033569336
2026-02-25 09:00:00+00:00,70.63999938964844
2026-02-25 10:00:00+00:00,70.94000244140625
2026-02-25 11:00:00+00:00,70.91000366210938
2026-02-25 12:00:00+00:00,71.30000305175781
2026-02-25 13:00:00+00:00,70.94999694824219
2026-02-25 14:00:00+00:00,70.44000244140625
2026-02-25 15:00:00+00:00,70.56999969482422
2026-02-25 16:00:00+00:00,70.62999725341797
2026-02-25 17:00:00+00:00,70.79000091552734
2026-02-25 18:00:00+00:00,70.83999633789062
2026-02-25 19:00:00+00:00,70.9800033569336
2026-02-25 20:00:00+00:00,70.77999877929688
2026-02-25 21:00:00+00:00,70.86000061035156
2026-02-25 23:00:00+00:00,70.9000015258789
2026-02-26 00:00:00+00:00,71.01000213623047
2026-02-26 01:00:00+00:00,70.94000244140625
2026-02-26 02:00:00+00:00,70.76000213623047
2026-02-26 03:00:00+00:00,70.81999969482422
2026-02-26 04:00:00+00:00,70.9000015258789
2026-02-26 05:00:00+00:00,70.80000305175781
2026-02-26 06:00:00+00:00,70.80999755859375
2026-02-26 07:00:00+00:00,70.76000213623047
2026-02-26 08:00:00+00:00,70.77999877929688
2026-02-26 09:00:00+00:00,70.43000030517578
2026-02-26 10:00:00+00:00,69.80000305175781
2026-02-26 11:00:00+00:00,69.81999969482422
2026-02-26 12:00:00+00:00,69.66999816894531
2026-02-26 13:00:00+00:00,69.94999694824219
2026-02-26 14:00:00+00:00,70.30999755859375
2026-02-26 15:00:00+00:00,72.11000061035156
2026-02-26 16:00:00+00:00,72.0
2026-02-26 17:00:00+00:00,71.98999786376953
2026-02-26 18:00:00+00:00,71.25
2026-02-26 19:00:00+00:00,70.93000030517578
2026-02-26 20:00:00+00:00,71.02999877929688
2026-02-26 21:00:00+00:00,71.0199966430664
2026-02-26 23:00:00+00:00,70.80999755859375
2026-02-27 00:00:00+00:00,70.79000091552734
2026-02-27 01:00:00+00:00,70.63999938964844
2026-02-27 02:00:00+00:00,70.55999755859375
2026-02-27 03:00:00+00:00,70.86000061035156
2026-02-27 04:00:00+00:00,70.9000015258789
2026-02-27 05:00:00+00:00,71.13999938964844
2026-02-27 06:00:00+00:00,71.26000213623047
2026-02-27 07:00:00+00:00,71.33999633789062
2026-02-27 08:00:00+00:00,71.30000305175781
2026-02-27 09:00:00+00:00,72.05000305175781
2026-02-27 10:00:00+00:00,72.22000122070312
2026-02-27 11:00:00+00:00,72.48999786376953
2026-02-27 12:00:00+00:00,72.76000213623047
2026-02-27 13:00:00+00:00,73.45999908447266
2026-02-27 14:00:00+00:00,72.68000030517578
2026-02-27 15:00:00+00:00,72.66999816894531
2026-02-27 16:00:00+00:00,72.30000305175781
2026-02-27 17:00:00+00:00,72.54000091552734
2026-02-27 18:00:00+00:00,72.88999938964844
2026-02-27 19:00:00+00:00,72.91999816894531
2026-02-27 20:00:00+00:00,73.13999938964844
2026-02-27 21:00:00+00:00,73.13999938964844
2026-03-01 23:00:00+00:00,78.4000015258789
2026-03-02 00:00:00+00:00,78.33999633789062
2026-03-02 01:00:00+00:00,76.16999816894531
2026-03-02 02:00:00+00:00,76.31999969482422
2026-03-02 03:00:00+00:00,77.13999938964844
2026-03-02 04:00:00+00:00,77.68000030517578
2026-03-02 05:00:00+00:00,78.08000183105469
2026-03-02 06:00:00+00:00,78.62000274658203
2026-03-02 07:00:00+00:00,80.08000183105469
2026-03-02 08:00:00+00:00,79.25
2026-03-02 09:00:00+00:00,79.04000091552734
2026-03-02 10:00:00+00:00,78.41999816894531
2026-03-02 11:00:00+00:00,78.37000274658203
2026-03-02 12:00:00+00:00,79.4000015258789
2026-03-02 13:00:00+00:00,79.30999755859375
2026-03-02 14:00:00+00:00,78.30000305175781
2026-03-02 15:00:00+00:00,78.25
2026-03-02 16:00:00+00:00,77.47000122070312
2026-03-02 17:00:00+00:00,77.12000274658203
2026-03-02 18:00:00+00:00,77.6500015258789
2026-03-02 19:00:00+00:00,77.45999908447266
2026-03-02 20:00:00+00:00,78.4800033569336
2026-03-02 21:00:00+00:00,77.66000366210938
2026-03-02 23:00:00+00:00,77.80999755859375
2026-03-03 00:00:00+00:00,78.69000244140625
2026-03-03 01:00:00+00:00,78.58999633789062
2026-03-03 02:00:00+00:00,79.36000061035156
2026-03-03 03:00:00+00:00,79.44000244140625
2026-03-03 04:00:00+00:00,79.69000244140625
2026-03-03 05:00:00+00:00,80.0
2026-03-03 06:00:00+00:00,80.20999908447266
2026-03-03 07:00:00+00:00,80.9000015258789
2026-03-03 08:00:00+00:00,81.1500015258789
2026-03-03 09:00:00+00:00,81.94000244140625
2026-03-03 10:00:00+00:00,83.5999984741211
2026-03-03 11:00:00+00:00,84.5199966430664
2026-03-03 12:00:00+00:00,82.94999694824219
2026-03-03 13:00:00+00:00,83.55000305175781
2026-03-03 14:00:00+00:00,83.41999816894531
2026-03-03 15:00:00+00:00,83.66999816894531
2026-03-03 16:00:00+00:00,82.87000274658203
2026-03-03 17:00:00+00:00,82.38999938964844
2026-03-03 18:00:00+00:00,81.37999725341797
2026-03-03 19:00:00+00:00,80.38999938964844
2026-03-03 20:00:00+00:00,81.08999633789062
2026-03-03 21:00:00+00:00,81.87000274658203
2026-03-03 23:00:00+00:00,82.5999984741211
2026-03-04 00:00:00+00:00,81.9000015258789
2026-03-04 01:00:00+00:00,81.88999938964844
2026-03-04 02:00:00+00:00,82.12000274658203
2026-03-04 03:00:00+00:00,82.3499984741211
2026-03-04 04:00:00+00:00,82.63999938964844
2026-03-04 05:00:00+00:00,83.12999725341797
2026-03-04 06:00:00+00:00,84.05000305175781
2026-03-04 07:00:00+00:00,83.69000244140625
2026-03-04 08:00:00+00:00,83.94000244140625
2026-03-04 09:00:00+00:00,84.04000091552734
2026-03-04 10:00:00+00:00,82.55999755859375
2026-03-04 11:00:00+00:00,82.44999694824219
2026-03-04 12:00:00+00:00,81.8499984741211
2026-03-04 13:00:00+00:00,81.0
2026-03-04 14:00:00+00:00,81.33000183105469
2026-03-04 15:00:00+00:00,80.97000122070312
2026-03-04 16:00:00+00:00,81.12999725341797
2026-03-04 17:00:00+00:00,81.69000244140625
2026-03-04 18:00:00+00:00,81.51000213623047
2026-03-04 19:00:00+00:00,81.26000213623047
2026-03-04 20:00:00+00:00,81.73999786376953
2026-03-04 21:00:00+00:00,82.54000091552734
2026-03-04 23:00:00+00:00,82.3499984741211
2026-03-05 00:00:00+00:00,82.12000274658203
2026-03-05 01:00:00+00:00,83.38999938964844
2026-03-05 02:00:00+00:00,83.91000366210938
2026-03-05 03:00:00+00:00,83.72000122070312
2026-03-05 04:00:00+00:00,83.94000244140625
2026-03-05 05:00:00+00:00,84.33000183105469
2026-03-05 06:00:00+00:00,83.12999725341797
2026-03-05 07:00:00+00:00,83.79000091552734
2026-03-05 08:00:00+00:00,83.54000091552734
2026-03-05 09:00:00+00:00,82.95999908447266
2026-03-05 10:00:00+00:00,83.04000091552734
2026-03-05 11:00:00+00:00,83.58999633789062
2026-03-05 12:00:00+00:00,83.55999755859375
2026-03-05 13:00:00+00:00,83.55999755859375
2026-03-05 14:00:00+00:00,83.87999725341797
2026-03-05 15:00:00+00:00,84.13999938964844
2026-03-05 16:00:00+00:00,84.38999938964844
2026-03-05 17:00:00+00:00,84.70999908447266
2026-03-05 18:00:00+00:00,85.18000030517578
2026-03-05 19:00:00+00:00,85.91000366210938
2026-03-05 20:00:00+00:00,84.54000091552734
2026-03-05 21:00:00+00:00,84.06999969482422
2026-03-05 23:00:00+00:00,84.31999969482422
2026-03-06 00:00:00+00:00,83.55000305175781
2026-03-06 01:00:00+00:00,84.4000015258789
2026-03-06 02:00:00+00:00,84.30000305175781
2026-03-06 03:00:00+00:00,84.55999755859375
2026-03-06 04:00:00+00:00,84.58000183105469
2026-03-06 05:00:00+00:00,85.01000213623047
2026-03-06 06:00:00+00:00,85.31999969482422
2026-03-06 07:00:00+00:00,85.68000030517578
2026-03-06 08:00:00+00:00,85.33999633789062
2026-03-06 09:00:00+00:00,87.4800033569336
2026-03-06 10:00:00+00:00,87.05999755859375
2026-03-06 11:00:00+00:00,89.33000183105469
2026-03-06 12:00:00+00:00,89.0
2026-03-06 13:00:00+00:00,89.77999877929688
2026-03-06 14:00:00+00:00,91.45999908447266
2026-03-06 15:00:00+00:00,90.88999938964844
2026-03-06 16:00:00+00:00,92.4800033569336
2026-03-06 17:00:00+00:00,94.0999984741211
2026-03-06 18:00:00+00:00,93.68000030517578
2026-03-06 19:00:00+00:00,92.87000274658203
2026-03-06 20:00:00+00:00,92.31999969482422
2026-03-06 21:00:00+00:00,92.69000244140625
2026-03-08 22:00:00+00:00,107.58000183105469
2026-03-08 23:00:00+00:00,108.20999908447266
2026-03-09 00:00:00+00:00,108.62000274658203
2026-03-09 01:00:00+00:00,114.56999969482422
2026-03-09 02:00:00+00:00,115.5
2026-03-09 03:00:00+00:00,116.19999694824219
2026-03-09 04:00:00+00:00,116.62999725341797
2026-03-09 05:00:00+00:00,106.73999786376953
2026-03-09 06:00:00+00:00,108.47000122070312
2026-03-09 07:00:00+00:00,107.6500015258789
2026-03-09 08:00:00+00:00,106.48999786376953
2026-03-09 09:00:00+00:00,104.0
2026-03-09 10:00:00+00:00,105.19999694824219
2026-03-09 11:00:00+00:00,103.8499984741211
2026-03-09 12:00:00+00:00,103.66999816894531
2026-03-09 13:00:00+00:00,101.5999984741211
2026-03-09 14:00:00+00:00,102.55999755859375
2026-03-09 15:00:00+00:00,98.22000122070312
2026-03-09 16:00:00+00:00,99.55999755859375
2026-03-09 17:00:00+00:00,99.30000305175781
2026-03-09 18:00:00+00:00,99.30000305175781
2026-03-09 19:00:00+00:00,89.58999633789062
2026-03-09 20:00:00+00:00,88.69000244140625
2026-03-09 22:00:00+00:00,92.2300033569336
2026-03-09 23:00:00+00:00,93.0
2026-03-10 00:00:00+00:00,90.45999908447266
2026-03-10 01:00:00+00:00,88.5
2026-03-10 02:00:00+00:00,92.30999755859375
2026-03-10 03:00:00+00:00,94.0199966430664
2026-03-10 04:00:00+00:00,94.69000244140625
2026-03-10 05:00:00+00:00,93.44000244140625
2026-03-10 06:00:00+00:00,93.75
2026-03-10 07:00:00+00:00,85.63999938964844
2026-03-10 08:00:00+00:00,88.1500015258789
2026-03-10 09:00:00+00:00,86.27999877929688
2026-03-10 10:00:00+00:00,87.31999969482422
2026-03-10 11:00:00+00:00,87.83000183105469
2026-03-10 12:00:00+00:00,87.88999938964844
2026-03-10 13:00:00+00:00,87.0
2026-03-10 14:00:00+00:00,84.76000213623047
2026-03-10 15:00:00+00:00,85.08999633789062
2026-03-10 16:00:00+00:00,83.3499984741211
2026-03-10 17:00:00+00:00,81.95999908447266
2026-03-10 18:00:00+00:00,85.81999969482422
2026-03-10 19:00:00+00:00,88.02999877929688
2026-03-10 20:00:00+00:00,87.63999938964844
2026-03-10 22:00:00+00:00,89.5999984741211
2026-03-10 23:00:00+00:00,87.6500015258789
2026-03-11 00:00:00+00:00,84.83999633789062
2026-03-11 01:00:00+00:00,85.16999816894531
2026-03-11 02:00:00+00:00,85.5999984741211
2026-03-11 03:00:00+00:00,84.29000091552734
2026-03-11 04:00:00+00:00,84.5
2026-03-11 05:00:00+00:00,85.18000030517578
2026-03-11 06:00:00+00:00,84.88999938964844
2026-03-11 07:00:00+00:00,86.37000274658203
2026-03-11 08:00:00+00:00,86.86000061035156
2026-03-11 09:00:00+00:00,88.4000015258789
2026-03-11 10:00:00+00:00,85.9800033569336
2026-03-11 11:00:00+00:00,87.58000183105469
2026-03-11 12:00:00+00:00,88.02999877929688
2026-03-11 13:00:00+00:00,85.66000366210938
2026-03-11 14:00:00+00:00,87.7699966430664
2026-03-11 15:00:00+00:00,88.9000015258789
2026-03-11 16:00:00+00:00,88.52999877929688
2026-03-11 17:00:00+00:00,89.0999984741211
2026-03-11 18:00:00+00:00,89.37000274658203
2026-03-11 19:00:00+00:00,89.9000015258789
2026-03-11 20:00:00+00:00,90.26000213623047
2026-03-11 22:00:00+00:00,93.36000061035156
2026-03-11 23:00:00+00:00,93.8499984741211
2026-03-12 00:00:00+00:00,94.61000061035156
2026-03-12 01:00:00+00:00,94.08000183105469
2026-03-12 02:00:00+00:00,95.5199966430664
2026-03-12 03:00:00+00:00,95.97000122070312
2026-03-12 04:00:00+00:00,95.9800033569336
2026-03-12 05:00:00+00:00,94.55999755859375
2026-03-12 06:00:00+00:00,93.9800033569336
2026-03-12 07:00:00+00:00,92.29000091552734
2026-03-12 08:00:00+00:00,94.0
2026-03-12 09:00:00+00:00,92.87000274658203
2026-03-12 10:00:00+00:00,92.9000015258789
2026-03-12 11:00:00+00:00,94.26000213623047
2026-03-12 12:00:00+00:00,94.3499984741211
2026-03-12 13:00:00+00:00,95.79000091552734
2026-03-12 14:00:00+00:00,96.20999908447266
2026-03-12 15:00:00+00:00,95.06999969482422
2026-03-12 16:00:00+00:00,95.69999694824219
2026-03-12 17:00:00+00:00,95.52999877929688
2026-03-12 18:00:00+00:00,97.68000030517578
2026-03-12 19:00:00+00:00,97.41000366210938
2026-03-12 20:00:00+00:00,97.27999877929688
2026-03-12 22:00:00+00:00,97.9000015258789
2026-03-12 23:00:00+00:00,97.87000274658203
2026-03-13 00:00:00+00:00,96.80999755859375
2026-03-13 01:00:00+00:00,96.80000305175781
2026-03-13 02:00:00+00:00,97.48999786376953
2026-03-13 03:00:00+00:00,96.77999877929688
2026-03-13 04:00:00+00:00,96.62000274658203
2026-03-13 05:00:00+00:00,96.37000274658203
2026-03-13 06:00:00+00:00,97.12999725341797
2026-03-13 07:00:00+00:00,98.2699966430664
2026-03-13 08:00:00+00:00,97.04000091552734
2026-03-13 09:00:00+00:00,101.11000061035156
2026-03-13 10:00:00+00:00,99.0
2026-03-13 11:00:00+00:00,98.95999908447266
2026-03-13 12:00:00+00:00,98.80999755859375
2026-03-13 13:00:00+00:00,99.87000274658203
2026-03-13 14:00:00+00:00,100.7300033569336
2026-03-13 15:00:00+00:00,101.44000244140625
2026-03-13 16:00:00+00:00,101.62000274658203
2026-03-13 17:00:00+00:00,102.79000091552734
2026-03-13 18:00:00+00:00,102.18000030517578
2026-03-13 19:00:00+00:00,103.01000213623047
2026-03-13 20:00:00+00:00,103.13999938964844
2026-03-15 22:00:00+00:00,100.0999984741211
2026-03-15 23:00:00+00:00,99.30999755859375
2026-03-16 00:00:00+00:00,98.27999877929688
2026-03-16 01:00:00+00:00,99.72000122070312
2026-03-16 02:00:00+00:00,100.05000305175781
2026-03-16 03:00:00+00:00,100.01000213623047
2026-03-16 04:00:00+00:00,100.23999786376953
2026-03-16 05:00:00+00:00,99.44000244140625
2026-03-16 06:00:00+00:00,99.88999938964844
2026-03-16 07:00:00+00:00,100.97000122070312
2026-03-16 08:00:00+00:00,100.48999786376953
2026-03-16 09:00:00+00:00,100.05999755859375
2026-03-16 10:00:00+00:00,98.12999725341797
2026-03-16 11:00:00+00:00,98.66999816894531
2026-03-16 12:00:00+00:00,97.63999938964844
2026-03-16 13:00:00+00:00,96.11000061035156
2026-03-16 14:00:00+00:00,97.58999633789062
2026-03-16 15:00:00+00:00,101.91999816894531
2026-03-16 16:00:00+00:00,102.1500015258789
2026-03-16 17:00:00+00:00,100.93000030517578
2026-03-16 18:00:00+00:00,100.19000244140625
2026-03-16 19:00:00+00:00,100.05999755859375
2026-03-16 20:00:00+00:00,100.83999633789062
2026-03-16 22:00:00+00:00,101.68000030517578
2026-03-16 23:00:00+00:00,101.58000183105469
2026-03-17 00:00:00+00:00,102.66000366210938
2026-03-17 01:00:00+00:00,102.91999816894531
2026-03-17 02:00:00+00:00,103.12999725341797
2026-03-17 03:00:00+00:00,102.95999908447266
2026-03-17 04:00:00+00:00,103.0
2026-03-17 05:00:00+00:00,104.56999969482422
2026-03-17 06:00:00+00:00,103.87999725341797
2026-03-17 07:00:00+00:00,103.37999725341797
2026-03-17 08:00:00+00:00,104.12000274658203
2026-03-17 09:00:00+00:00,102.7699966430664
2026-03-17 10:00:00+00:00,102.9800033569336
2026-03-17 11:00:00+00:00,103.52999877929688
2026-03-17 12:00:00+00:00,102.16000366210938
2026-03-17 13:00:00+00:00,102.11000061035156
2026-03-17 14:00:00+00:00,101.06999969482422
2026-03-17 15:00:00+00:00,102.66999816894531
2026-03-17 16:00:00+00:00,102.01000213623047
2026-03-17 17:00:00+00:00,103.08000183105469
2026-03-17 18:00:00+00:00,103.36000061035156
2026-03-17 19:00:00+00:00,103.68000030517578
2026-03-17 20:00:00+00:00,103.5199966430664
2026-03-17 22:00:00+00:00,103.5199966430664
2026-03-17 23:00:00+00:00,103.55999755859375
2026-03-18 00:00:00+00:00,102.47000122070312
2026-03-18 01:00:00+00:00,102.69000244140625
2026-03-18 02:00:00+00:00,102.19999694824219
2026-03-18 03:00:00+00:00,101.0199966430664
2026-03-18 04:00:00+00:00,101.0199966430664
2026-03-18 05:00:00+00:00,100.87999725341797
2026-03-18 06:00:00+00:00,101.62999725341797
2026-03-18 07:00:00+00:00,102.08999633789062
2026-03-18 08:00:00+00:00,102.7300033569336
2026-03-18 09:00:00+00:00,103.37000274658203
2026-03-18 10:00:00+00:00,103.7699966430664
2026-03-18 11:00:00+00:00,104.16999816894531
2026-03-18 12:00:00+00:00,108.11000061035156
2026-03-18 13:00:00+00:00,109.08999633789062
2026-03-18 14:00:00+00:00,109.08999633789062
2026-03-18 15:00:00+00:00,103.91999816894531
2026-03-18 16:00:00+00:00,103.94999694824219
2026-03-18 17:00:00+00:00,102.19000244140625
2026-03-18 18:00:00+00:00,103.37999725341797
2026-03-18 19:00:00+00:00,104.87000274658203
2026-03-18 20:00:00+00:00,106.16999816894531
2026-03-18 22:00:00+00:00,105.33999633789062
2026-03-18 23:00:00+00:00,105.2300033569336
2026-03-19 00:00:00+00:00,106.87000274658203
2026-03-19 01:00:00+00:00,107.38999938964844
2026-03-19 02:00:00+00:00,106.7300033569336
2026-03-19 03:00:00+00:00,106.4800033569336
2026-03-19 04:00:00+00:00,106.87000274658203
2026-03-19 05:00:00+00:00,107.58000183105469
2026-03-19 06:00:00+00:00,108.31999969482422
2026-03-19 07:00:00+00:00,108.66999816894531
2026-03-19 08:00:00+00:00,109.77999877929688
2026-03-19 09:00:00+00:00,108.48999786376953
2026-03-19 10:00:00+00:00,108.30000305175781
2026-03-19 11:00:00+00:00,107.7300033569336
2026-03-19 12:00:00+00:00,106.70999908447266
2026-03-19 13:00:00+00:00,105.62000274658203
2026-03-19 14:00:00+00:00,105.87000274658203
2026-03-19 15:00:00+00:00,105.27999877929688
2026-03-19 16:00:00+00:00,105.0999984741211
2026-03-19 17:00:00+00:00,103.73999786376953
2026-03-19 18:00:00+00:00,102.83999633789062
2026-03-19 19:00:00+00:00,102.9000015258789
2026-03-19 20:00:00+00:00,103.0199966430664
2026-03-19 22:00:00+00:00,102.69999694824219
2026-03-19 23:00:00+00:00,102.55000305175781
2026-03-20 00:00:00+00:00,102.76000213623047
2026-03-20 01:00:00+00:00,101.08999633789062
2026-03-20 02:00:00+00:00,102.19999694824219
2026-03-20 03:00:00+00:00,102.51000213623047
2026-03-20 04:00:00+00:00,102.91000366210938
2026-03-20 05:00:00+00:00,102.0999984741211
2026-03-20 06:00:00+00:00,103.63999938964844
2026-03-20 07:00:00+00:00,103.0199966430664
2026-03-20 08:00:00+00:00,104.79000091552734
2026-03-20 09:00:00+00:00,105.88999938964844
2026-03-20 10:00:00+00:00,104.9800033569336
2026-03-20 11:00:00+00:00,103.06999969482422
2026-03-20 12:00:00+00:00,103.8499984741211
2026-03-20 13:00:00+00:00,104.97000122070312
2026-03-20 14:00:00+00:00,105.80000305175781
2026-03-20 15:00:00+00:00,104.95999908447266
2026-03-20 16:00:00+00:00,105.04000091552734
2026-03-20 17:00:00+00:00,105.6500015258789
2026-03-20 18:00:00+00:00,107.0999984741211
2026-03-20 19:00:00+00:00,106.08000183105469
2026-03-20 20:00:00+00:00,106.7699966430664
2026-03-22 22:00:00+00:00,106.62999725341797
2026-03-22 23:00:00+00:00,106.98999786376953
2026-03-23 00:00:00+00:00,106.47000122070312
2026-03-23 01:00:00+00:00,107.11000061035156
2026-03-23 02:00:00+00:00,107.7300033569336
2026-03-23 03:00:00+00:00,107.93000030517578
2026-03-23 04:00:00+00:00,107.83999633789062
2026-03-23 05:00:00+00:00,107.54000091552734
2026-03-23 06:00:00+00:00,108.80000305175781
2026-03-23 07:00:00+00:00,109.08000183105469
2026-03-23 08:00:00+00:00,108.91999816894531
2026-03-23 09:00:00+00:00,108.55000305175781
2026-03-23 10:00:00+00:00,108.26000213623047
2026-03-23 11:00:00+00:00,101.22000122070312
2026-03-23 12:00:00+00:00,101.18000030517578
2026-03-23 13:00:00+00:00,100.88999938964844
2026-03-23 14:00:00+00:00,101.05000305175781
2026-03-23 15:00:00+00:00,102.44000244140625
2026-03-23 16:00:00+00:00,101.23999786376953
2026-03-23 17:00:00+00:00,100.20999908447266
2026-03-23 18:00:00+00:00,98.91000366210938
2026-03-23 19:00:00+00:00,99.80999755859375
2026-03-23 20:00:00+00:00,100.48999786376953
2026-03-23 22:00:00+00:00,100.48999786376953
2026-03-23 23:00:00+00:00,100.77999877929688
2026-03-24 00:00:00+00:00,101.91999816894531
2026-03-24 01:00:00+00:00,103.43000030517578
2026-03-24 02:00:00+00:00,103.7699966430664
2026-03-24 03:00:00+00:00,104.04000091552734
2026-03-24 04:00:00+00:00,103.7699966430664
2026-03-24 05:00:00+00:00,103.43000030517578
2026-03-24 06:00:00+00:00,102.58000183105469
2026-03-24 07:00:00+00:00,97.11000061035156
2026-03-24 08:00:00+00:00,98.0999984741211
2026-03-24 09:00:00+00:00,101.55000305175781
2026-03-24 10:00:00+00:00,101.45999908447266
2026-03-24 11:00:00+00:00,102.26000213623047
2026-03-24 12:00:00+00:00,102.9800033569336
2026-03-24 13:00:00+00:00,103.25
2026-03-24 14:00:00+00:00,102.62000274658203
2026-03-24 15:00:00+00:00,103.86000061035156
2026-03-24 16:00:00+00:00,104.19000244140625
2026-03-24 17:00:00+00:00,103.52999877929688
2026-03-24 18:00:00+00:00,104.0999984741211
2026-03-24 19:00:00+00:00,103.79000091552734
2026-03-24 20:00:00+00:00,100.04000091552734
2026-03-24 22:00:00+00:00,100.13999938964844
2026-03-24 23:00:00+00:00,100.3499984741211
2026-03-25 00:00:00+00:00,98.44999694824219
2026-03-25 01:00:00+00:00,97.9000015258789
2026-03-25 02:00:00+00:00,99.55999755859375
2026-03-25 03:00:00+00:00,99.79000091552734
2026-03-25 04:00:00+00:00,99.08999633789062
2026-03-25 05:00:00+00:00,100.41999816894531
2026-03-25 06:00:00+00:00,100.23999786376953
2026-03-25 07:00:00+00:00,95.54000091552734
2026-03-25 08:00:00+00:00,95.0
2026-03-25 09:00:00+00:00,95.11000061035156
2026-03-25 10:00:00+00:00,94.26000213623047
2026-03-25 11:00:00+00:00,94.47000122070312
2026-03-25 12:00:00+00:00,95.69000244140625
2026-03-25 13:00:00+00:00,95.97000122070312
2026-03-25 14:00:00+00:00,96.27999877929688
2026-03-25 15:00:00+00:00,97.29000091552734
2026-03-25 16:00:00+00:00,96.83999633789062
2026-03-25 17:00:00+00:00,97.0
2026-03-25 18:00:00+00:00,98.06999969482422
2026-03-25 19:00:00+00:00,97.83999633789062
2026-03-25 20:00:00+00:00,98.05000305175781
2026-03-25 22:00:00+00:00,97.91999816894531
2026-03-25 23:00:00+00:00,97.8499984741211
2026-03-26 00:00:00+00:00,98.01000213623047
2026-03-26 01:00:00+00:00,98.19999694824219
2026-03-26 02:00:00+00:00,98.68000030517578
2026-03-26 03:00:00+00:00,98.44999694824219
2026-03-26 04:00:00+00:00,98.69000244140625
2026-03-26 05:00:00+00:00,99.11000061035156
2026-03-26 06:00:00+00:00,98.95999908447266
2026-03-26 07:00:00+00:00,99.80999755859375
2026-03-26 08:00:00+00:00,100.43000030517578
2026-03-26 09:00:00+00:00,100.41999816894531
2026-03-26 10:00:00+00:00,100.45999908447266
2026-03-26 11:00:00+00:00,101.83999633789062
2026-03-26 12:00:00+00:00,101.79000091552734
2026-03-26 13:00:00+00:00,100.52999877929688
2026-03-26 14:00:00+00:00,101.29000091552734
2026-03-26 15:00:00+00:00,101.87000274658203
2026-03-26 16:00:00+00:00,101.8499984741211
2026-03-26 17:00:00+00:00,102.38999938964844
2026-03-26 18:00:00+00:00,101.45999908447266
2026-03-26 19:00:00+00:00,101.37999725341797
2026-03-26 20:00:00+00:00,101.26000213623047
2026-03-26 22:00:00+00:00,101.05000305175781
2026-03-26 23:00:00+00:00,100.83999633789062
2026-03-27 00:00:00+00:00,101.4000015258789
2026-03-27 01:00:00+00:00,100.41999816894531
2026-03-27 02:00:00+00:00,100.61000061035156
2026-03-27 03:00:00+00:00,100.87000274658203
2026-03-27 04:00:00+00:00,101.30000305175781
2026-03-27 05:00:00+00:00,101.56999969482422
2026-03-27 06:00:00+00:00,101.94999694824219
2026-03-27 07:00:00+00:00,102.58000183105469
2026-03-27 08:00:00+00:00,103.30999755859375
2026-03-27 09:00:00+00:00,103.36000061035156
2026-03-27 10:00:00+00:00,104.45999908447266
2026-03-27 11:00:00+00:00,104.02999877929688
2026-03-27 12:00:00+00:00,103.87000274658203
2026-03-27 13:00:00+00:00,104.12999725341797
2026-03-27 14:00:00+00:00,103.79000091552734
2026-03-27 15:00:00+00:00,104.37999725341797
2026-03-27 16:00:00+00:00,104.58999633789062
2026-03-27 17:00:00+00:00,104.98999786376953
2026-03-27 18:00:00+00:00,104.94000244140625
2026-03-27 19:00:00+00:00,105.5999984741211
2026-03-27 20:00:00+00:00,106.83999633789062
2026-03-29 22:00:00+00:00,107.63999938964844
2026-03-29 23:00:00+00:00,108.5
2026-03-30 00:00:00+00:00,109.29000091552734
2026-03-30 01:00:00+00:00,108.27999877929688
2026-03-30 02:00:00+00:00,108.02999877929688
2026-03-30 03:00:00+00:00,107.83999633789062
2026-03-30 04:00:00+00:00,108.11000061035156
2026-03-30 05:00:00+00:00,107.8499984741211
2026-03-30 06:00:00+00:00,108.44000244140625
2026-03-30 07:00:00+00:00,108.5999984741211
2026-03-30 08:00:00+00:00,107.62999725341797
2026-03-30 09:00:00+00:00,107.76000213623047
2026-03-30 10:00:00+00:00,107.98999786376953
2026-03-30 11:00:00+00:00,107.6500015258789
2026-03-30 12:00:00+00:00,107.05000305175781
2026-03-30 13:00:00+00:00,108.36000061035156
2026-03-30 14:00:00+00:00,107.69999694824219
2026-03-30 15:00:00+00:00,107.55999755859375
2026-03-30 16:00:00+00:00,107.33000183105469
2026-03-30 17:00:00+00:00,107.75
2026-03-30 18:00:00+00:00,107.73999786376953
2026-03-30 19:00:00+00:00,108.27999877929688
2026-03-30 20:00:00+00:00,108.79000091552734
2026-03-30 22:00:00+00:00,109.2699966430664
2026-03-30 23:00:00+00:00,109.47000122070312
2026-03-31 00:00:00+00:00,108.04000091552734
2026-03-31 01:00:00+00:00,105.41999816894531
2026-03-31 02:00:00+00:00,106.18000030517578
2026-03-31 03:00:00+00:00,107.3499984741211
2026-03-31 04:00:00+00:00,107.16000366210938
2026-03-31 05:00:00+00:00,107.0199966430664
2026-03-31 06:00:00+00:00,106.83999633789062
2026-03-31 07:00:00+00:00,106.44999694824219
2026-03-31 08:00:00+00:00,106.68000030517578
2026-03-31 09:00:00+00:00,107.94000244140625
2026-03-31 10:00:00+00:00,107.98999786376953
2026-03-31 11:00:00+00:00,107.0199966430664
2026-03-31 12:00:00+00:00,107.4800033569336
2026-03-31 13:00:00+00:00,106.80000305175781
2026-03-31 14:00:00+00:00,108.0199966430664
2026-03-31 15:00:00+00:00,107.25
2026-03-31 16:00:00+00:00,104.62999725341797
2026-03-31 17:00:00+00:00,104.79000091552734
2026-03-31 18:00:00+00:00,104.72000122070312
2026-03-31 19:00:00+00:00,104.33999633789062
2026-03-31 20:00:00+00:00,103.27999877929688
2026-03-31 22:00:00+00:00,104.58000183105469
2026-03-31 23:00:00+00:00,103.69999694824219
2026-04-01 00:00:00+00:00,104.41000366210938
2026-04-01 01:00:00+00:00,105.80000305175781
2026-04-01 02:00:00+00:00,105.5999984741211
2026-04-01 03:00:00+00:00,105.22000122070312
2026-04-01 04:00:00+00:00,104.7300033569336
2026-04-01 05:00:00+00:00,103.1500015258789
2026-04-01 06:00:00+00:00,98.88999938964844
2026-04-01 07:00:00+00:00,101.12999725341797
2026-04-01 08:00:00+00:00,102.44999694824219
2026-04-01 09:00:00+00:00,103.66999816894531
2026-04-01 10:00:00+00:00,103.01000213623047
2026-04-01 11:00:00+00:00,101.66999816894531
2026-04-01 12:00:00+00:00,102.51000213623047
2026-04-01 13:00:00+00:00,101.2300033569336
2026-04-01 14:00:00+00:00,101.30000305175781
2026-04-01 15:00:00+00:00,101.91999816894531
2026-04-01 16:00:00+00:00,101.58999633789062
2026-04-01 17:00:00+00:00,100.5
2026-04-01 18:00:00+00:00,101.18000030517578
2026-04-01 19:00:00+00:00,100.9000015258789
2026-04-01 20:00:00+00:00,100.30000305175781
2026-04-01 22:00:00+00:00,100.66999816894531
2026-04-01 23:00:00+00:00,100.58000183105469
2026-04-02 00:00:00+00:00,99.44999694824219
2026-04-02 01:00:00+00:00,105.97000122070312
2026-04-02 02:00:00+00:00,105.8499984741211
2026-04-02 03:00:00+00:00,106.8499984741211
2026-04-02 04:00:00+00:00,107.12000274658203
2026-04-02 05:00:00+00:00,107.9800033569336
2026-04-02 06:00:00+00:00,107.7300033569336
2026-04-02 07:00:00+00:00,107.79000091552734
2026-04-02 08:00:00+00:00,108.87000274658203
2026-04-02 09:00:00+00:00,108.33000183105469
2026-04-02 10:00:00+00:00,109.23999786376953
2026-04-02 11:00:00+00:00,109.13999938964844
2026-04-02 12:00:00+00:00,108.81999969482422
2026-04-02 13:00:00+00:00,108.30000305175781
2026-04-02 14:00:00+00:00,106.3499984741211
2026-04-02 15:00:00+00:00,107.6500015258789
2026-04-02 16:00:00+00:00,107.79000091552734
2026-04-02 17:00:00+00:00,108.69999694824219
2026-04-02 18:00:00+00:00,108.27999877929688
2026-04-02 19:00:00+00:00,108.44999694824219
2026-04-02 20:00:00+00:00,109.05000305175781
2026-04-05 22:00:00+00:00,111.2300033569336
2026-04-05 23:00:00+00:00,111.6500015258789
2026-04-06 00:00:00+00:00,110.63999938964844
2026-04-06 01:00:00+00:00,110.62000274658203
2026-04-06 02:00:00+00:00,110.0199966430664
2026-04-06 03:00:00+00:00,109.77999877929688
2026-04-06 04:00:00+00:00,109.76000213623047
2026-04-06 05:00:00+00:00,109.80000305175781
2026-04-06 06:00:00+00:00,109.33999633789062
2026-04-06 07:00:00+00:00,108.08999633789062
2026-04-06 08:00:00+00:00,107.87999725341797
2026-04-06 09:00:00+00:00,108.6500015258789
2026-04-06 10:00:00+00:00,107.98999786376953
2026-04-06 11:00:00+00:00,108.6500015258789
2026-04-06 12:00:00+00:00,108.41999816894531
2026-04-06 13:00:00+00:00,109.22000122070312
2026-04-06 14:00:00+00:00,108.83000183105469
2026-04-06 15:00:00+00:00,109.52999877929688
2026-04-06 16:00:00+00:00,109.54000091552734
2026-04-06 17:00:00+00:00,111.05000305175781
2026-04-06 18:00:00+00:00,109.77999877929688
2026-04-06 19:00:00+00:00,109.54000091552734
2026-04-06 20:00:00+00:00,109.62999725341797
2026-04-06 22:00:00+00:00,109.97000122070312
2026-04-06 23:00:00+00:00,110.31999969482422
2026-04-07 00:00:00+00:00,110.2300033569336
2026-04-07 01:00:00+00:00,111.23999786376953
2026-04-07 02:00:00+00:00,111.06999969482422
2026-04-07 03:00:00+00:00,111.48999786376953
2026-04-07 04:00:00+00:00,111.16000366210938
2026-04-07 05:00:00+00:00,111.19000244140625
2026-04-07 06:00:00+00:00,111.20999908447266
2026-04-07 07:00:00+00:00,111.68000030517578
2026-04-07 08:00:00+00:00,109.58999633789062
2026-04-07 09:00:00+00:00,109.11000061035156
2026-04-07 10:00:00+00:00,110.43000030517578
2026-04-07 11:00:00+00:00,110.86000061035156
2026-04-07 12:00:00+00:00,110.68000030517578
2026-04-07 13:00:00+00:00,110.63999938964844
2026-04-07 14:00:00+00:00,110.93000030517578
2026-04-07 15:00:00+00:00,109.44000244140625
2026-04-07 16:00:00+00:00,109.91000366210938
2026-04-07 17:00:00+00:00,110.0999984741211
2026-04-07 18:00:00+00:00,109.91999816894531
2026-04-07 19:00:00+00:00,107.12000274658203
2026-04-07 20:00:00+00:00,105.47000122070312
2026-04-07 22:00:00+00:00,95.0
2026-04-07 23:00:00+00:00,94.93000030517578
2026-04-08 00:00:00+00:00,94.38999938964844
2026-04-08 01:00:00+00:00,94.88999938964844
2026-04-08 02:00:00+00:00,95.44000244140625
2026-04-08 03:00:00+00:00,94.69999694824219
2026-04-08 04:00:00+00:00,95.0
2026-04-08 05:00:00+00:00,93.87000274658203
2026-04-08 06:00:00+00:00,93.9000015258789
2026-04-08 07:00:00+00:00,94.69999694824219
2026-04-08 08:00:00+00:00,94.33999633789062
2026-04-08 09:00:00+00:00,94.31999969482422
2026-04-08 10:00:00+00:00,94.12000274658203
2026-04-08 11:00:00+00:00,92.4000015258789
2026-04-08 12:00:00+00:00,91.19000244140625
2026-04-08 13:00:00+00:00,92.13999938964844
2026-04-08 14:00:00+00:00,94.58000183105469
2026-04-08 15:00:00+00:00,94.69999694824219
2026-04-08 16:00:00+00:00,94.48999786376953
2026-04-08 17:00:00+00:00,95.06999969482422
2026-04-08 18:00:00+00:00,95.66000366210938
2026-04-08 19:00:00+00:00,96.26000213623047
2026-04-08 20:00:00+00:00,96.26000213623047
2026-04-08 22:00:00+00:00,96.81999969482422
2026-04-08 23:00:00+00:00,97.08000183105469
2026-04-09 00:00:00+00:00,97.8499984741211
2026-04-09 01:00:00+00:00,96.9000015258789
2026-04-09 02:00:00+00:00,96.9000015258789
2026-04-09 03:00:00+00:00,96.62000274658203
2026-04-09 04:00:00+00:00,97.36000061035156
2026-04-09 05:00:00+00:00,96.77999877929688
2026-04-09 06:00:00+00:00,96.88999938964844
2026-04-09 07:00:00+00:00,98.4000015258789
2026-04-09 08:00:00+00:00,98.19000244140625
2026-04-09 09:00:00+00:00,97.91000366210938
2026-04-09 10:00:00+00:00,98.68000030517578
2026-04-09 11:00:00+00:00,97.88999938964844
2026-04-09 12:00:00+00:00,98.38999938964844
2026-04-09 13:00:00+00:00,98.5999984741211
2026-04-09 14:00:00+00:00,99.16999816894531
2026-04-09 15:00:00+00:00,96.69000244140625
2026-04-09 16:00:00+00:00,95.72000122070312
2026-04-09 17:00:00+00:00,94.94999694824219
2026-04-09 18:00:00+00:00,96.3499984741211
2026-04-09 19:00:00+00:00,97.30000305175781
2026-04-09 20:00:00+00:00,96.44000244140625
2026-04-09 22:00:00+00:00,96.94999694824219
2026-04-09 23:00:00+00:00,96.68000030517578
2026-04-10 00:00:00+00:00,96.91000366210938
2026-04-10 01:00:00+00:00,96.5
2026-04-10 02:00:00+00:00,96.47000122070312
2026-04-10 03:00:00+00:00,96.16999816894531
2026-04-10 04:00:00+00:00,96.66000366210938
2026-04-10 05:00:00+00:00,96.81999969482422
2026-04-10 06:00:00+00:00,96.88999938964844
2026-04-10 07:00:00+00:00,97.69000244140625
2026-04-10 08:00:00+00:00,98.02999877929688
2026-04-10 09:00:00+00:00,96.5199966430664
2026-04-10 10:00:00+00:00,95.91000366210938
2026-04-10 11:00:00+00:00,95.95999908447266
2026-04-10 12:00:00+00:00,95.87999725341797
2026-04-10 13:00:00+00:00,96.05999755859375
2026-04-10 14:00:00+00:00,95.80000305175781
2026-04-10 15:00:00+00:00,97.06999969482422
2026-04-10 16:00:00+00:00,96.77999877929688
2026-04-10 17:00:00+00:00,96.47000122070312
2026-04-10 18:00:00+00:00,94.5999984741211
2026-04-10 19:00:00+00:00,94.6500015258789
2026-04-10 20:00:00+00:00,94.44999694824219
2026-04-12 22:00:00+00:00,102.4800033569336
2026-04-12 23:00:00+00:00,103.13999938964844
2026-04-13 00:00:00+00:00,102.41999816894531
2026-04-13 01:00:00+00:00,101.72000122070312
2026-04-13 02:00:00+00:00,102.19000244140625
2026-04-13 03:00:00+00:00,102.12000274658203
2026-04-13 04:00:00+00:00,102.08000183105469
2026-04-13 05:00:00+00:00,101.9800033569336
2026-04-13 06:00:00+00:00,101.43000030517578
2026-04-13 07:00:00+00:00,101.9800033569336
2026-04-13 08:00:00+00:00,102.77999877929688
2026-04-13 09:00:00+00:00,102.54000091552734
2026-04-13 10:00:00+00:00,102.05000305175781
2026-04-13 11:00:00+00:00,102.30999755859375
2026-04-13 12:00:00+00:00,101.9000015258789
2026-04-13 13:00:00+00:00,100.23999786376953
2026-04-13 14:00:00+00:00,100.55000305175781
2026-04-13 15:00:00+00:00,102.0
2026-04-13 16:00:00+00:00,99.9800033569336
2026-04-13 17:00:00+00:00,99.23999786376953
2026-04-13 18:00:00+00:00,97.69999694824219
2026-04-13 19:00:00+00:00,98.30999755859375
2026-04-13 20:00:00+00:00,98.11000061035156
2026-04-13 22:00:00+00:00,97.9800033569336
2026-04-13 23:00:00+00:00,97.3499984741211
2026-04-14 00:00:00+00:00,96.66999816894531
2026-04-14 01:00:00+00:00,97.80999755859375
2026-04-14 02:00:00+00:00,98.08999633789062
2026-04-14 03:00:00+00:00,98.1500015258789
2026-04-14 04:00:00+00:00,97.87999725341797
2026-04-14 05:00:00+00:00,98.55000305175781
2026-04-14 06:00:00+00:00,99.20999908447266
2026-04-14 07:00:00+00:00,98.5999984741211
2026-04-14 08:00:00+00:00,98.06999969482422
2026-04-14 09:00:00+00:00,98.75
2026-04-14 10:00:00+00:00,99.02999877929688
2026-04-14 11:00:00+00:00,98.72000122070312
2026-04-14 12:00:00+00:00,97.70999908447266
2026-04-14 13:00:00+00:00,96.83000183105469
2026-04-14 14:00:00+00:00,95.75
2026-04-14 15:00:00+00:00,95.4000015258789
2026-04-14 16:00:00+00:00,95.2699966430664
2026-04-14 17:00:00+00:00,95.08999633789062
2026-04-14 18:00:00+00:00,95.08999633789062
2026-04-14 19:00:00+00:00,95.1500015258789
2026-04-14 20:00:00+00:00,95.13999938964844
2026-04-14 22:00:00+00:00,95.13999938964844
2026-04-14 23:00:00+00:00,94.08999633789062
2026-04-15 00:00:00+00:00,94.2300033569336
2026-04-15 01:00:00+00:00,94.58999633789062
2026-04-15 02:00:00+00:00,95.29000091552734
2026-04-15 03:00:00+00:00,95.11000061035156
2026-04-15 04:00:00+00:00,95.7300033569336
2026-04-15 05:00:00+00:00,95.55999755859375
2026-04-15 06:00:00+00:00,94.70999908447266
2026-04-15 07:00:00+00:00,94.7699966430664
2026-04-15 08:00:00+00:00,95.3499984741211
2026-04-15 09:00:00+00:00,96.11000061035156
2026-04-15 10:00:00+00:00,96.16000366210938
2026-04-15 11:00:00+00:00,95.36000061035156
2026-04-15 12:00:00+00:00,95.26000213623047
2026-04-15 13:00:00+00:00,94.58000183105469
2026-04-15 14:00:00+00:00,95.08999633789062
2026-04-15 15:00:00+00:00,95.66999816894531
2026-04-15 16:00:00+00:00,95.6500015258789
2026-04-15 17:00:00+00:00,95.52999877929688
2026-04-15 18:00:00+00:00,94.79000091552734
2026-04-15 19:00:00+00:00,94.80000305175781
2026-04-15 20:00:00+00:00,94.93000030517578
2026-04-15 22:00:00+00:00,94.66000366210938
2026-04-15 23:00:00+00:00,94.5999984741211
2026-04-16 00:00:00+00:00,94.75
2026-04-16 01:00:00+00:00,95.05000305175781
2026-04-16 02:00:00+00:00,94.9800033569336
2026-04-16 03:00:00+00:00,94.98999786376953
2026-04-16 04:00:00+00:00,95.02999877929688
2026-04-16 05:00:00+00:00,94.80999755859375
2026-04-16 06:00:00+00:00,95.12000274658203
2026-04-16 07:00:00+00:00,96.31999969482422
2026-04-16 08:00:00+00:00,96.30000305175781
2026-04-16 09:00:00+00:00,96.44000244140625
2026-04-16 10:00:00+00:00,95.86000061035156
2026-04-16 11:00:00+00:00,95.69999694824219
2026-04-16 12:00:00+00:00,96.44000244140625
2026-04-16 13:00:00+00:00,97.5199966430664
2026-04-16 14:00:00+00:00,97.98999786376953
2026-04-16 15:00:00+00:00,98.2699966430664
2026-04-16 16:00:00+00:00,99.56999969482422
2026-04-16 17:00:00+00:00,99.63999938964844
2026-04-16 18:00:00+00:00,98.56999969482422
2026-04-16 19:00:00+00:00,98.16999816894531
2026-04-16 20:00:00+00:00,98.01000213623047
2026-04-16 22:00:00+00:00,97.93000030517578
2026-04-16 23:00:00+00:00,98.41999816894531
2026-04-17 00:00:00+00:00,98.30000305175781
2026-04-17 01:00:00+00:00,98.30999755859375
2026-04-17 02:00:00+00:00,98.26000213623047
2026-04-17 03:00:00+00:00,98.18000030517578
2026-04-17 04:00:00+00:00,98.0999984741211
2026-04-17 05:00:00+00:00,98.0999984741211
2026-04-17 06:00:00+00:00,98.70999908447266
2026-04-17 07:00:00+00:00,92.66999816894531
2026-04-17 08:00:00+00:00,91.83999633789062
2026-04-17 09:00:00+00:00,96.18000030517578
2026-04-17 10:00:00+00:00,96.30999755859375
2026-04-17 11:00:00+00:00,96.02999877929688
2026-04-17 12:00:00+00:00,90.47000122070312
2026-04-17 13:00:00+00:00,88.88999938964844
2026-04-17 14:00:00+00:00,87.20999908447266
2026-04-17 15:00:00+00:00,88.95999908447266
2026-04-17 16:00:00+00:00,88.83999633789062
2026-04-17 17:00:00+00:00,89.94999694824219
2026-04-17 18:00:00+00:00,91.12000274658203
2026-04-17 19:00:00+00:00,90.75
2026-04-17 20:00:00+00:00,90.37999725341797
2026-04-20 09:00:00+00:00,94.97000122070312
2026-04-20 10:00:00+00:00,95.04000091552734
2026-04-20 11:00:00+00:00,94.63999938964844
2026-04-20 12:00:00+00:00,94.87999725341797
2026-04-20 13:00:00+00:00,93.72000122070312
2026-04-20 14:00:00+00:00,95.47000122070312
2026-04-20 15:00:00+00:00,95.44999694824219
2026-04-20 16:00:00+00:00,95.30999755859375
2026-04-20 17:00:00+00:00,95.44000244140625
2026-04-20 18:00:00+00:00,95.44999694824219
2026-04-20 19:00:00+00:00,94.98999786376953
2026-04-20 20:00:00+00:00,94.27999877929688
2026-04-20 22:00:00+00:00,95.01000213623047
2026-04-20 23:00:00+00:00,94.66000366210938
2026-04-21 00:00:00+00:00,94.77999877929688
2026-04-21 01:00:00+00:00,95.12999725341797
2026-04-21 02:00:00+00:00,94.94999694824219
2026-04-21 03:00:00+00:00,94.9800033569336
2026-04-21 04:00:00+00:00,94.63999938964844
2026-04-21 05:00:00+00:00,94.41999816894531
2026-04-21 06:00:00+00:00,94.94000244140625
2026-04-21 07:00:00+00:00,90.02999877929688
2026-04-21 08:00:00+00:00,90.31999969482422
2026-04-21 09:00:00+00:00,90.27999877929688
2026-04-21 10:00:00+00:00,90.08000183105469
2026-04-21 11:00:00+00:00,90.7699966430664
2026-04-21 12:00:00+00:00,90.80999755859375
2026-04-21 13:00:00+00:00,90.54000091552734
2026-04-21 14:00:00+00:00,91.94999694824219
2026-04-21 15:00:00+00:00,93.04000091552734
2026-04-21 16:00:00+00:00,93.76000213623047
2026-04-21 17:00:00+00:00,92.95999908447266
2026-04-21 18:00:00+00:00,92.43000030517578
2026-04-21 19:00:00+00:00,94.93000030517578
2026-04-21 20:00:00+00:00,93.86000061035156
2026-04-21 22:00:00+00:00,93.83000183105469
2026-04-21 23:00:00+00:00,94.0999984741211
2026-04-22 00:00:00+00:00,93.31999969482422
2026-04-22 01:00:00+00:00,92.88999938964844
2026-04-22 02:00:00+00:00,92.94000244140625
2026-04-22 03:00:00+00:00,92.9000015258789
2026-04-22 04:00:00+00:00,93.12000274658203
2026-04-22 05:00:00+00:00,92.4800033569336
2026-04-22 06:00:00+00:00,92.4800033569336
2026-04-22 07:00:00+00:00,93.1500015258789
2026-04-22 08:00:00+00:00,94.45999908447266
2026-04-22 09:00:00+00:00,94.5
2026-04-22 10:00:00+00:00,93.87999725341797
2026-04-22 11:00:00+00:00,94.16000366210938
2026-04-22 12:00:00+00:00,94.93000030517578
2026-04-22 13:00:00+00:00,95.19999694824219
2026-04-22 14:00:00+00:00,95.9000015258789
2026-04-22 15:00:00+00:00,101.80000305175781
2026-04-22 16:00:00+00:00,102.20999908447266
2026-04-22 17:00:00+00:00,101.55000305175781
2026-04-22 18:00:00+00:00,101.94000244140625
2026-04-22 19:00:00+00:00,101.45999908447266
2026-04-22 20:00:00+00:00,101.8499984741211
2026-04-22 22:00:00+00:00,101.4000015258789
2026-04-22 23:00:00+00:00,101.69000244140625
2026-04-23 00:00:00+00:00,101.98999786376953
2026-04-23 01:00:00+00:00,102.23999786376953
2026-04-23 02:00:00+00:00,103.97000122070312
2026-04-23 03:00:00+00:00,103.41999816894531
2026-04-23 04:00:00+00:00,103.0
2026-04-23 05:00:00+00:00,102.94000244140625
2026-04-23 06:00:00+00:00,103.43000030517578
2026-04-23 07:00:00+00:00,97.0
2026-04-23 08:00:00+00:00,98.19999694824219
2026-04-23 09:00:00+00:00,98.29000091552734
2026-04-23 10:00:00+00:00,97.33000183105469
2026-04-23 11:00:00+00:00,96.86000061035156
2026-04-23 12:00:00+00:00,102.22000122070312
2026-04-23 13:00:00+00:00,102.93000030517578
2026-04-23 14:00:00+00:00,102.38999938964844
2026-04-23 15:00:00+00:00,103.5999984741211
2026-04-23 16:00:00+00:00,103.58999633789062
2026-04-23 17:00:00+00:00,105.02999877929688
2026-04-23 18:00:00+00:00,105.69000244140625
2026-04-23 19:00:00+00:00,105.73999786376953
2026-04-23 20:00:00+00:00,106.47000122070312
2026-04-23 22:00:00+00:00,106.4000015258789
2026-04-23 23:00:00+00:00,106.08000183105469
2026-04-24 00:00:00+00:00,106.62999725341797
2026-04-24 01:00:00+00:00,106.33000183105469
2026-04-24 02:00:00+00:00,105.87000274658203
2026-04-24 03:00:00+00:00,105.97000122070312
2026-04-24 04:00:00+00:00,105.5
2026-04-24 05:00:00+00:00,105.43000030517578
2026-04-24 06:00:00+00:00,106.16999816894531
2026-04-24 07:00:00+00:00,100.37999725341797
2026-04-24 08:00:00+00:00,100.54000091552734
2026-04-24 09:00:00+00:00,101.08000183105469
2026-04-24 10:00:00+00:00,100.27999877929688
2026-04-24 11:00:00+00:00,98.33999633789062
2026-04-24 12:00:00+00:00,99.54000091552734
2026-04-24 13:00:00+00:00,99.25
2026-04-24 14:00:00+00:00,99.08000183105469
2026-04-24 15:00:00+00:00,98.5
2026-04-24 16:00:00+00:00,98.68000030517578
2026-04-24 17:00:00+00:00,98.44999694824219
2026-04-24 18:00:00+00:00,98.98999786376953
2026-04-24 19:00:00+00:00,99.72000122070312
2026-04-24 20:00:00+00:00,99.12999725341797
2026-04-26 22:00:00+00:00,101.0
2026-04-26 23:00:00+00:00,101.25
2026-04-27 00:00:00+00:00,101.18000030517578
2026-04-27 01:00:00+00:00,100.93000030517578
2026-04-27 02:00:00+00:00,100.23999786376953
2026-04-27 03:00:00+00:00,100.36000061035156
2026-04-27 04:00:00+00:00,100.66999816894531
2026-04-27 05:00:00+00:00,101.12000274658203
2026-04-27 06:00:00+00:00,101.08000183105469
2026-04-27 07:00:00+00:00,101.83000183105469
2026-04-27 08:00:00+00:00,101.55999755859375
2026-04-27 09:00:00+00:00,101.55000305175781
2026-04-27 10:00:00+00:00,100.48999786376953
2026-04-27 11:00:00+00:00,100.19999694824219
2026-04-27 12:00:00+00:00,101.1500015258789
2026-04-27 13:00:00+00:00,101.0999984741211
2026-04-27 14:00:00+00:00,101.76000213623047
2026-04-27 15:00:00+00:00,101.37999725341797
2026-04-27 16:00:00+00:00,101.69999694824219
2026-04-27 17:00:00+00:00,101.91000366210938
2026-04-27 18:00:00+00:00,101.66000366210938
2026-04-27 19:00:00+00:00,101.5999984741211
2026-04-27 20:00:00+00:00,101.91000366210938
2026-04-27 22:00:00+00:00,101.86000061035156
2026-04-27 23:00:00+00:00,101.86000061035156
2026-04-28 00:00:00+00:00,102.33999633789062
2026-04-28 01:00:00+00:00,102.52999877929688
2026-04-28 02:00:00+00:00,102.52999877929688
2026-04-28 03:00:00+00:00,102.7300033569336
2026-04-28 04:00:00+00:00,102.69999694824219
2026-04-28 05:00:00+00:00,103.5199966430664
2026-04-28 06:00:00+00:00,103.66999816894531
2026-04-28 07:00:00+00:00,104.58999633789062
2026-04-28 08:00:00+00:00,104.12999725341797
2026-04-28 09:00:00+00:00,104.56999969482422
2026-04-28 10:00:00+00:00,104.33999633789062
2026-04-28 11:00:00+00:00,105.5199966430664
2026-04-28 12:00:00+00:00,104.04000091552734
2026-04-28 13:00:00+00:00,104.04000091552734
2026-04-28 14:00:00+00:00,103.66999816894531
2026-04-28 15:00:00+00:00,104.13999938964844
2026-04-28 16:00:00+00:00,103.55000305175781
2026-04-28 17:00:00+00:00,104.23999786376953
2026-04-28 18:00:00+00:00,104.37999725341797
2026-04-28 19:00:00+00:00,104.37000274658203
2026-04-28 20:00:00+00:00,104.30000305175781
2026-04-28 22:00:00+00:00,104.1500015258789
2026-04-28 23:00:00+00:00,103.8499984741211
2026-04-29 00:00:00+00:00,103.88999938964844
2026-04-29 01:00:00+00:00,104.83000183105469
2026-04-29 02:00:00+00:00,104.12000274658203
2026-04-29 03:00:00+00:00,104.06999969482422
2026-04-29 04:00:00+00:00,104.38999938964844
2026-04-29 05:00:00+00:00,104.68000030517578
2026-04-29 06:00:00+00:00,105.37000274658203
2026-04-29 07:00:00+00:00,106.08000183105469
2026-04-29 08:00:00+00:00,107.54000091552734
2026-04-29 09:00:00+00:00,107.4800033569336
2026-04-29 10:00:00+00:00,107.18000030517578
2026-04-29 11:00:00+00:00,107.63999938964844
2026-04-29 12:00:00+00:00,108.29000091552734
2026-04-29 13:00:00+00:00,109.62999725341797
2026-04-29 14:00:00+00:00,109.66999816894531
2026-04-29 15:00:00+00:00,111.06999969482422
2026-04-29 16:00:00+00:00,110.9800033569336
2026-04-29 17:00:00+00:00,110.41999816894531
2026-04-29 18:00:00+00:00,110.47000122070312
2026-04-29 19:00:00+00:00,111.47000122070312
2026-04-29 20:00:00+00:00,111.91000366210938
2026-04-29 22:00:00+00:00,112.06999969482422
2026-04-29 23:00:00+00:00,111.72000122070312
2026-04-30 00:00:00+00:00,111.23999786376953
2026-04-30 01:00:00+00:00,110.7300033569336
2026-04-30 02:00:00+00:00,111.97000122070312
2026-04-30 03:00:00+00:00,112.87999725341797
2026-04-30 04:00:00+00:00,113.66999816894531
2026-04-30 05:00:00+00:00,113.52999877929688
2026-04-30 06:00:00+00:00,112.4000015258789
2026-04-30 07:00:00+00:00,104.55999755859375
2026-04-30 08:00:00+00:00,104.5199966430664
2026-04-30 09:00:00+00:00,103.31999969482422
2026-04-30 10:00:00+00:00,103.2300033569336
2026-04-30 11:00:00+00:00,102.18000030517578
2026-04-30 12:00:00+00:00,109.29000091552734
2026-04-30 13:00:00+00:00,109.69999694824219
2026-04-30 14:00:00+00:00,110.62000274658203
2026-04-30 15:00:00+00:00,109.55000305175781
2026-04-30 16:00:00+00:00,110.08000183105469
2026-04-30 17:00:00+00:00,108.88999938964844
2026-04-30 18:00:00+00:00,110.98999786376953
2026-04-30 19:00:00+00:00,110.9800033569336
2026-04-30 20:00:00+00:00,111.2300033569336
2026-04-30 22:00:00+00:00,111.52999877929688
2026-04-30 23:00:00+00:00,111.41999816894531
2026-05-01 00:00:00+00:00,111.66000366210938
2026-05-01 01:00:00+00:00,111.41000366210938
2026-05-01 02:00:00+00:00,111.36000061035156
2026-05-01 03:00:00+00:00,111.37000274658203
2026-05-01 04:00:00+00:00,110.87999725341797
2026-05-01 05:00:00+00:00,110.9800033569336
2026-05-01 06:00:00+00:00,111.86000061035156
2026-05-01 07:00:00+00:00,104.5199966430664
2026-05-01 08:00:00+00:00,104.56999969482422
2026-05-01 09:00:00+00:00,111.2699966430664
2026-05-01 10:00:00+00:00,111.20999908447266
2026-05-01 11:00:00+00:00,110.86000061035156
2026-05-01 12:00:00+00:00,110.69000244140625
2026-05-01 13:00:00+00:00,108.1500015258789
2026-05-01 14:00:00+00:00,108.37999725341797
2026-05-01 15:00:00+00:00,107.66999816894531
2026-05-01 16:00:00+00:00,108.27999877929688
2026-05-01 17:00:00+00:00,107.62000274658203
2026-05-01 18:00:00+00:00,108.56999969482422
2026-05-01 19:00:00+00:00,108.56999969482422
2026-05-01 20:00:00+00:00,108.16999816894531
2026-05-03 22:00:00+00:00,107.45999908447266
2026-05-03 23:00:00+00:00,108.19999694824219
2026-05-04 00:00:00+00:00,107.54000091552734
2026-05-04 01:00:00+00:00,108.0199966430664
2026-05-04 02:00:00+00:00,108.27999877929688
2026-05-04 03:00:00+00:00,108.41999816894531
2026-05-04 04:00:00+00:00,108.1500015258789
2026-05-04 05:00:00+00:00,107.23999786376953
2026-05-04 06:00:00+00:00,108.72000122070312
2026-05-04 07:00:00+00:00,110.08999633789062
2026-05-04 08:00:00+00:00,109.5999984741211
2026-05-04 09:00:00+00:00,109.81999969482422
2026-05-04 10:00:00+00:00,112.30999755859375
2026-05-04 11:00:00+00:00,111.30999755859375
2026-05-04 12:00:00+00:00,110.48999786376953
2026-05-04 13:00:00+00:00,110.62999725341797
2026-05-04 14:00:00+00:00,112.18000030517578
2026-05-04 15:00:00+00:00,114.0999984741211
2026-05-04 16:00:00+00:00,114.83000183105469
2026-05-04 17:00:00+00:00,113.62000274658203
2026-05-04 18:00:00+00:00,114.29000091552734
2026-05-04 19:00:00+00:00,114.08999633789062
2026-05-04 20:00:00+00:00,113.76000213623047
2026-05-04 22:00:00+00:00,113.94999694824219
2026-05-04 23:00:00+00:00,113.95999908447266
2026-05-05 00:00:00+00:00,113.8499984741211
2026-05-05 01:00:00+00:00,113.55999755859375
2026-05-05 02:00:00+00:00,113.06999969482422
2026-05-05 03:00:00+00:00,113.26000213623047
2026-05-05 04:00:00+00:00,113.04000091552734
2026-05-05 05:00:00+00:00,113.3499984741211
2026-05-05 06:00:00+00:00,113.75
2026-05-05 07:00:00+00:00,113.73999786376953
2026-05-05 08:00:00+00:00,112.33000183105469
2026-05-05 09:00:00+00:00,112.81999969482422
2026-05-05 10:00:00+00:00,113.0199966430664
2026-05-05 11:00:00+00:00,112.45999908447266
2026-05-05 12:00:00+00:00,112.01000213623047
2026-05-05 13:00:00+00:00,111.0
2026-05-05 14:00:00+00:00,110.83000183105469
2026-05-05 15:00:00+00:00,110.44999694824219
2026-05-05 16:00:00+00:00,110.61000061035156
2026-05-05 17:00:00+00:00,110.12000274658203
2026-05-05 18:00:00+00:00,109.66999816894531
2026-05-05 19:00:00+00:00,110.29000091552734
2026-05-05 20:00:00+00:00,110.5
2026-05-05 22:00:00+00:00,108.55999755859375
2026-05-05 23:00:00+00:00,107.30000305175781
2026-05-06 00:00:00+00:00,108.6500015258789
2026-05-06 01:00:00+00:00,107.91999816894531
2026-05-06 02:00:00+00:00,108.0
2026-05-06 03:00:00+00:00,107.9800033569336
2026-05-06 04:00:00+00:00,108.05000305175781
2026-05-06 05:00:00+00:00,107.98999786376953
2026-05-06 06:00:00+00:00,108.4000015258789
2026-05-06 07:00:00+00:00,105.66999816894531
2026-05-06 08:00:00+00:00,103.23999786376953
2026-05-06 09:00:00+00:00,101.5199966430664
2026-05-06 10:00:00+00:00,98.22000122070312
2026-05-06 11:00:00+00:00,100.23999786376953
2026-05-06 12:00:00+00:00,102.9000015258789
2026-05-06 13:00:00+00:00,102.77999877929688
2026-05-06 14:00:00+00:00,101.72000122070312
2026-05-06 15:00:00+00:00,102.16999816894531
2026-05-06 16:00:00+00:00,102.58999633789062
2026-05-06 17:00:00+00:00,101.55999755859375
2026-05-06 18:00:00+00:00,101.2300033569336
2026-05-06 19:00:00+00:00,101.5
2026-05-06 20:00:00+00:00,101.95999908447266
2026-05-06 22:00:00+00:00,101.87999725341797
2026-05-06 23:00:00+00:00,101.86000061035156
2026-05-07 00:00:00+00:00,102.19000244140625
2026-05-07 01:00:00+00:00,101.7300033569336
2026-05-07 02:00:00+00:00,101.80999755859375
2026-05-07 03:00:00+00:00,101.9800033569336
2026-05-07 04:00:00+00:00,101.70999908447266
2026-05-07 05:00:00+00:00,101.63999938964844
2026-05-07 06:00:00+00:00,100.9000015258789
2026-05-07 07:00:00+00:00,99.5999984741211
2026-05-07 08:00:00+00:00,99.06999969482422
2026-05-07 09:00:00+00:00,99.04000091552734
2026-05-07 10:00:00+00:00,98.94999694824219
2026-05-07 11:00:00+00:00,98.08999633789062
2026-05-07 12:00:00+00:00,96.86000061035156
2026-05-07 13:00:00+00:00,97.20999908447266
2026-05-07 14:00:00+00:00,97.2699966430664
2026-05-07 15:00:00+00:00,99.19999694824219
2026-05-07 16:00:00+00:00,100.86000061035156
2026-05-07 17:00:00+00:00,100.58999633789062
2026-05-07 18:00:00+00:00,100.97000122070312
2026-05-07 19:00:00+00:00,101.66999816894531
2026-05-07 20:00:00+00:00,103.11000061035156
2026-05-07 22:00:00+00:00,102.62999725341797
2026-05-07 23:00:00+00:00,102.41000366210938
2026-05-08 00:00:00+00:00,102.19999694824219
2026-05-08 01:00:00+00:00,101.5999984741211
2026-05-08 02:00:00+00:00,101.30999755859375
2026-05-08 03:00:00+00:00,101.26000213623047
2026-05-08 04:00:00+00:00,101.29000091552734
2026-05-08 05:00:00+00:00,100.98999786376953
2026-05-08 06:00:00+00:00,100.63999938964844
2026-05-08 07:00:00+00:00,101.05999755859375
2026-05-08 08:00:00+00:00,100.30000305175781
2026-05-08 09:00:00+00:00,100.86000061035156
2026-05-08 10:00:00+00:00,100.29000091552734
2026-05-08 11:00:00+00:00,100.66000366210938
2026-05-08 12:00:00+00:00,100.62999725341797
2026-05-08 13:00:00+00:00,100.16000366210938
2026-05-08 14:00:00+00:00,101.45999908447266
2026-05-08 15:00:00+00:00,101.69000244140625
2026-05-08 16:00:00+00:00,101.58999633789062
2026-05-08 17:00:00+00:00,101.0999984741211
2026-05-08 18:00:00+00:00,101.25
2026-05-08 19:00:00+00:00,100.5
2026-05-08 20:00:00+00:00,101.29000091552734
2026-05-10 22:00:00+00:00,104.51000213623047
2026-05-10 23:00:00+00:00,104.98999786376953
2026-05-11 00:00:00+00:00,105.04000091552734
2026-05-11 01:00:00+00:00,104.58999633789062
2026-05-11 02:00:00+00:00,105.30000305175781
2026-05-11 03:00:00+00:00,105.62999725341797
2026-05-11 04:00:00+00:00,105.91999816894531
2026-05-11 05:00:00+00:00,105.27999877929688
2026-05-11 06:00:00+00:00,104.5199966430664
2026-05-11 07:00:00+00:00,104.38999938964844
2026-05-11 08:00:00+00:00,103.95999908447266
2026-05-11 09:00:00+00:00,104.06999969482422
2026-05-11 10:00:00+00:00,103.9800033569336
2026-05-11 11:00:00+00:00,104.26000213623047
2026-05-11 12:00:00+00:00,103.91999816894531
2026-05-11 13:00:00+00:00,103.0
2026-05-11 14:00:00+00:00,103.7699966430664
2026-05-11 15:00:00+00:00,104.01000213623047
2026-05-11 16:00:00+00:00,105.06999969482422
2026-05-11 17:00:00+00:00,104.3499984741211
2026-05-11 18:00:00+00:00,104.30999755859375
2026-05-11 19:00:00+00:00,104.27999877929688
2026-05-11 20:00:00+00:00,104.41999816894531
2026-05-11 22:00:00+00:00,104.33999633789062
2026-05-11 23:00:00+00:00,104.16000366210938
2026-05-12 00:00:00+00:00,104.86000061035156
2026-05-12 01:00:00+00:00,105.12999725341797
2026-05-12 02:00:00+00:00,105.08000183105469
2026-05-12 03:00:00+00:00,105.13999938964844
2026-05-12 04:00:00+00:00,104.94000244140625
2026-05-12 05:00:00+00:00,105.08999633789062
2026-05-12 06:00:00+00:00,106.37000274658203
2026-05-12 07:00:00+00:00,106.41999816894531
2026-05-12 08:00:00+00:00,106.70999908447266
2026-05-12 09:00:00+00:00,107.16000366210938
2026-05-12 10:00:00+00:00,107.76000213623047
2026-05-12 11:00:00+00:00,107.5
2026-05-12 12:00:00+00:00,107.16999816894531
2026-05-12 13:00:00+00:00,108.0
2026-05-12 14:00:00+00:00,107.94000244140625
2026-05-12 15:00:00+00:00,107.66000366210938
2026-05-12 16:00:00+00:00,107.38999938964844
2026-05-12 17:00:00+00:00,107.37000274658203
2026-05-12 18:00:00+00:00,107.9800033569336
2026-05-12 19:00:00+00:00,107.83000183105469
2026-05-12 20:00:00+00:00,107.41999816894531
2026-05-12 22:00:00+00:00,107.36000061035156
2026-05-12 23:00:00+00:00,107.44999694824219
2026-05-13 00:00:00+00:00,106.87000274658203
2026-05-13 01:00:00+00:00,107.11000061035156
2026-05-13 02:00:00+00:00,106.51000213623047
2026-05-13 03:00:00+00:00,106.52999877929688
2026-05-13 04:00:00+00:00,106.2699966430664
2026-05-13 05:00:00+00:00,106.18000030517578
2026-05-13 06:00:00+00:00,106.48999786376953
2026-05-13 07:00:00+00:00,106.83000183105469
2026-05-13 08:00:00+00:00,107.33999633789062
2026-05-13 09:00:00+00:00,107.16000366210938
2026-05-13 10:00:00+00:00,108.1500015258789
2026-05-13 11:00:00+00:00,107.5199966430664
2026-05-13 12:00:00+00:00,107.62999725341797
2026-05-13 13:00:00+00:00,107.52999877929688
2026-05-13 14:00:00+00:00,107.70999908447266
2026-05-13 15:00:00+00:00,106.70999908447266
2026-05-13 16:00:00+00:00,106.33999633789062
2026-05-13 17:00:00+00:00,105.9800033569336
2026-05-13 18:00:00+00:00,105.66999816894531
2026-05-13 19:00:00+00:00,105.8499984741211
2026-05-13 20:00:00+00:00,105.55000305175781
2026-05-13 22:00:00+00:00,105.4800033569336
2026-05-13 23:00:00+00:00,105.68000030517578
2026-05-14 00:00:00+00:00,105.62000274658203
2026-05-14 01:00:00+00:00,105.62000274658203
2026-05-14 02:00:00+00:00,106.0
2026-05-14 03:00:00+00:00,105.87000274658203
2026-05-14 04:00:00+00:00,105.97000122070312
2026-05-14 05:00:00+00:00,106.08999633789062
2026-05-14 06:00:00+00:00,105.7300033569336
2026-05-14 07:00:00+00:00,106.5999984741211
2026-05-14 08:00:00+00:00,106.20999908447266
2026-05-14 09:00:00+00:00,106.0199966430664
2026-05-14 10:00:00+00:00,105.66999816894531
2026-05-14 11:00:00+00:00,104.80999755859375
2026-05-14 12:00:00+00:00,104.77999877929688
2026-05-14 13:00:00+00:00,105.29000091552734
2026-05-14 14:00:00+00:00,104.91000366210938
2026-05-14 15:00:00+00:00,104.87000274658203
2026-05-14 16:00:00+00:00,105.19999694824219
2026-05-14 17:00:00+00:00,105.9800033569336
2026-05-14 18:00:00+00:00,105.91999816894531
2026-05-14 19:00:00+00:00,106.54000091552734
2026-05-14 20:00:00+00:00,106.55000305175781
2026-05-14 22:00:00+00:00,106.4800033569336
2026-05-14 23:00:00+00:00,106.55000305175781
2026-05-15 00:00:00+00:00,106.41999816894531
2026-05-15 01:00:00+00:00,106.91000366210938
2026-05-15 02:00:00+00:00,107.19000244140625
2026-05-15 03:00:00+00:00,106.91000366210938
2026-05-15 04:00:00+00:00,106.9800033569336
2026-05-15 05:00:00+00:00,107.55000305175781
2026-05-15 06:00:00+00:00,107.45999908447266
2026-05-15 07:00:00+00:00,107.7699966430664
2026-05-15 08:00:00+00:00,109.04000091552734
2026-05-15 09:00:00+00:00,109.33000183105469
2026-05-15 10:00:00+00:00,107.55999755859375
2026-05-15 11:00:00+00:00,108.52999877929688
2026-05-15 12:00:00+00:00,108.2699966430664
2026-05-15 13:00:00+00:00,108.62999725341797
2026-05-15 14:00:00+00:00,109.04000091552734
2026-05-15 15:00:00+00:00,109.43000030517578
2026-05-15 16:00:00+00:00,109.13999938964844
2026-05-15 17:00:00+00:00,108.98999786376953
2026-05-15 18:00:00+00:00,109.26000213623047
2026-05-15 19:00:00+00:00,109.33000183105469
2026-05-15 20:00:00+00:00,109.26000213623047
2026-05-17 22:00:00+00:00,110.31999969482422
2026-05-17 23:00:00+00:00,110.5199966430664
2026-05-18 00:00:00+00:00,110.97000122070312
2026-05-18 01:00:00+00:00,111.30000305175781
2026-05-18 02:00:00+00:00,111.27999877929688
2026-05-18 03:00:00+00:00,111.2300033569336
2026-05-18 04:00:00+00:00,111.19999694824219
2026-05-18 05:00:00+00:00,110.94000244140625
2026-05-18 06:00:00+00:00,110.97000122070312
2026-05-18 07:00:00+00:00,110.37000274658203
2026-05-18 08:00:00+00:00,109.98999786376953
2026-05-18 09:00:00+00:00,110.05999755859375
2026-05-18 10:00:00+00:00,110.5999984741211
2026-05-18 11:00:00+00:00,109.13999938964844
2026-05-18 12:00:00+00:00,107.5
2026-05-18 13:00:00+00:00,107.81999969482422
2026-05-18 14:00:00+00:00,110.16000366210938
2026-05-18 15:00:00+00:00,110.93000030517578
2026-05-18 16:00:00+00:00,111.02999877929688
2026-05-18 17:00:00+00:00,110.83000183105469
2026-05-18 18:00:00+00:00,112.19999694824219
2026-05-18 19:00:00+00:00,109.11000061035156
2026-05-18 20:00:00+00:00,109.27999877929688
2026-05-18 22:00:00+00:00,109.26000213623047
2026-05-18 23:00:00+00:00,108.98999786376953
2026-05-19 00:00:00+00:00,109.3499984741211
2026-05-19 01:00:00+00:00,109.45999908447266
2026-05-19 02:00:00+00:00,110.0
2026-05-19 03:00:00+00:00,109.88999938964844
2026-05-19 04:00:00+00:00,109.7300033569336
2026-05-19 05:00:00+00:00,110.16999816894531
2026-05-19 06:00:00+00:00,110.54000091552734
2026-05-19 07:00:00+00:00,110.04000091552734
2026-05-19 08:00:00+00:00,110.2699966430664
2026-05-19 09:00:00+00:00,109.91999816894531
2026-05-19 10:00:00+00:00,110.58000183105469
2026-05-19 11:00:00+00:00,111.05000305175781
2026-05-19 12:00:00+00:00,110.54000091552734
2026-05-19 13:00:00+00:00,110.38999938964844
2026-05-19 14:00:00+00:00,110.63999938964844
2026-05-19 15:00:00+00:00,110.93000030517578
2026-05-19 16:00:00+00:00,110.72000122070312
2026-05-19 17:00:00+00:00,110.55000305175781
2026-05-19 18:00:00+00:00,111.69000244140625
2026-05-19 19:00:00+00:00,111.38999938964844
2026-05-19 20:00:00+00:00,111.0
2026-05-19 22:00:00+00:00,111.0999984741211
2026-05-19 23:00:00+00:00,110.91999816894531
2026-05-20 00:00:00+00:00,110.91000366210938
2026-05-20 01:00:00+00:00,110.63999938964844
2026-05-20 02:00:00+00:00,111.25
2026-05-20 03:00:00+00:00,110.5999984741211
2026-05-20 04:00:00+00:00,110.88999938964844
2026-05-20 05:00:00+00:00,110.94000244140625
2026-05-20 06:00:00+00:00,109.87999725341797
2026-05-20 07:00:00+00:00,110.0
2026-05-20 08:00:00+00:00,108.91999816894531
2026-05-20 09:00:00+00:00,109.2300033569336
2026-05-20 10:00:00+00:00,108.33000183105469
2026-05-20 11:00:00+00:00,109.12000274658203
2026-05-20 12:00:00+00:00,108.44000244140625
2026-05-20 13:00:00+00:00,108.9800033569336
2026-05-20 14:00:00+00:00,106.98999786376953
2026-05-20 15:00:00+00:00,105.7300033569336
2026-05-20 16:00:00+00:00,104.7300033569336
2026-05-20 17:00:00+00:00,105.16999816894531
2026-05-20 18:00:00+00:00,104.7300033569336
2026-05-20 19:00:00+00:00,105.06999969482422
2026-05-20 20:00:00+00:00,105.44999694824219
2026-05-20 22:00:00+00:00,105.33000183105469
2026-05-20 23:00:00+00:00,105.30999755859375
2026-05-21 00:00:00+00:00,105.80000305175781
2026-05-21 01:00:00+00:00,105.19999694824219
2026-05-21 02:00:00+00:00,106.01000213623047
2026-05-21 03:00:00+00:00,105.80999755859375
2026-05-21 04:00:00+00:00,105.5
2026-05-21 05:00:00+00:00,106.08999633789062
2026-05-21 06:00:00+00:00,106.30999755859375
2026-05-21 07:00:00+00:00,105.93000030517578
2026-05-21 08:00:00+00:00,105.05000305175781
2026-05-21 09:00:00+00:00,104.19999694824219
2026-05-21 10:00:00+00:00,107.37999725341797
2026-05-21 11:00:00+00:00,106.87999725341797
2026-05-21 12:00:00+00:00,107.30999755859375
2026-05-21 13:00:00+00:00,106.76000213623047
2026-05-21 14:00:00+00:00,107.6500015258789
2026-05-21 15:00:00+00:00,107.11000061035156
2026-05-21 16:00:00+00:00,106.43000030517578
2026-05-21 17:00:00+00:00,102.73999786376953
2026-05-21 18:00:00+00:00,104.66999816894531
2026-05-21 19:00:00+00:00,104.08000183105469
2026-05-21 20:00:00+00:00,104.87999725341797
2026-05-21 22:00:00+00:00,104.62999725341797
2026-05-21 23:00:00+00:00,104.69000244140625
2026-05-22 00:00:00+00:00,104.5999984741211
2026-05-22 01:00:00+00:00,104.3499984741211
2026-05-22 02:00:00+00:00,104.19000244140625
2026-05-22 03:00:00+00:00,104.30999755859375
2026-05-22 04:00:00+00:00,104.22000122070312
2026-05-22 05:00:00+00:00,105.4000015258789
2026-05-22 06:00:00+00:00,104.86000061035156
2026-05-22 07:00:00+00:00,105.36000061035156
2026-05-22 08:00:00+00:00,105.72000122070312
2026-05-22 09:00:00+00:00,105.44000244140625
2026-05-22 10:00:00+00:00,105.30000305175781
2026-05-22 11:00:00+00:00,104.41000366210938
2026-05-22 12:00:00+00:00,103.06999969482422
2026-05-22 13:00:00+00:00,104.37000274658203
2026-05-22 14:00:00+00:00,104.25
2026-05-22 15:00:00+00:00,103.56999969482422
2026-05-22 16:00:00+00:00,103.4800033569336
2026-05-22 17:00:00+00:00,102.72000122070312
2026-05-22 18:00:00+00:00,103.11000061035156
2026-05-22 19:00:00+00:00,103.38999938964844
2026-05-22 20:00:00+00:00,103.54000091552734
2026-05-26 04:00:00+00:00,95.45999908447266
2026-05-26 05:00:00+00:00,95.41000366210938
2026-05-26 06:00:00+00:00,95.19000244140625
2026-05-26 07:00:00+00:00,96.13999938964844
2026-05-26 08:00:00+00:00,96.62999725341797
2026-05-26 09:00:00+00:00,96.2300033569336
2026-05-26 10:00:00+00:00,95.54000091552734
2026-05-26 11:00:00+00:00,96.1500015258789
2026-05-26 12:00:00+00:00,96.16000366210938
2026-05-26 13:00:00+00:00,97.38999938964844
2026-05-26 14:00:00+00:00,97.30999755859375
2026-05-26 15:00:00+00:00,97.18000030517578
2026-05-26 16:00:00+00:00,97.01000213623047
2026-05-26 17:00:00+00:00,96.7699966430664
2026-05-26 18:00:00+00:00,96.45999908447266
2026-05-26 19:00:00+00:00,96.4800033569336
2026-05-26 20:00:00+00:00,96.58999633789062
2026-05-26 22:00:00+00:00,96.58999633789062
2026-05-26 23:00:00+00:00,96.4000015258789
2026-05-27 00:00:00+00:00,95.95999908447266
2026-05-27 01:00:00+00:00,95.80000305175781
2026-05-27 02:00:00+00:00,95.37999725341797
2026-05-27 03:00:00+00:00,95.11000061035156
2026-05-27 04:00:00+00:00,95.01000213623047
2026-05-27 05:00:00+00:00,94.93000030517578
2026-05-27 06:00:00+00:00,94.73999786376953
2026-05-27 07:00:00+00:00,94.26000213623047
2026-05-27 08:00:00+00:00,93.30999755859375
2026-05-27 09:00:00+00:00,93.31999969482422
2026-05-27 10:00:00+00:00,93.86000061035156
2026-05-27 11:00:00+00:00,94.13999938964844
2026-05-27 12:00:00+00:00,92.5999984741211
2026-05-27 13:00:00+00:00,93.43000030517578
2026-05-27 14:00:00+00:00,94.16000366210938
2026-05-27 15:00:00+00:00,93.43000030517578
2026-05-27 16:00:00+00:00,93.33000183105469
2026-05-27 17:00:00+00:00,92.80000305175781
2026-05-27 18:00:00+00:00,92.48999786376953
2026-05-27 19:00:00+00:00,92.97000122070312
2026-05-27 20:00:00+00:00,92.86000061035156
2026-05-27 22:00:00+00:00,93.30999755859375
2026-05-27 23:00:00+00:00,93.73999786376953
2026-05-28 00:00:00+00:00,94.0999984741211
2026-05-28 01:00:00+00:00,93.87999725341797
2026-05-28 02:00:00+00:00,94.52999877929688
2026-05-28 03:00:00+00:00,95.5999984741211
2026-05-28 04:00:00+00:00,95.62000274658203
2026-05-28 05:00:00+00:00,95.02999877929688
2026-05-28 06:00:00+00:00,94.69999694824219
2026-05-28 07:00:00+00:00,94.55999755859375
2026-05-28 08:00:00+00:00,94.37999725341797
2026-05-28 09:00:00+00:00,93.86000061035156
2026-05-28 10:00:00+00:00,94.75
2026-05-28 11:00:00+00:00,94.77999877929688
2026-05-28 12:00:00+00:00,93.8499984741211
2026-05-28 13:00:00+00:00,94.2699966430664
2026-05-28 14:00:00+00:00,93.08999633789062
2026-05-28 15:00:00+00:00,93.1500015258789
2026-05-28 16:00:00+00:00,91.81999969482422
2026-05-28 17:00:00+00:00,92.4000015258789
2026-05-28 18:00:00+00:00,93.0199966430664
2026-05-28 19:00:00+00:00,93.19999694824219
2026-05-28 20:00:00+00:00,92.4800033569336
2026-05-28 22:00:00+00:00,92.4000015258789
2026-05-28 23:00:00+00:00,92.44999694824219
2026-05-29 00:00:00+00:00,92.3499984741211
2026-05-29 01:00:00+00:00,91.87999725341797
2026-05-29 02:00:00+00:00,91.91000366210938
2026-05-29 03:00:00+00:00,92.27999877929688
2026-05-29 04:00:00+00:00,91.7300033569336
2026-05-29 05:00:00+00:00,91.95999908447266
2026-05-29 06:00:00+00:00,91.51000213623047
2026-05-29 07:00:00+00:00,92.63999938964844
2026-05-29 08:00:00+00:00,92.44000244140625
2026-05-29 09:00:00+00:00,91.1500015258789
2026-05-29 10:00:00+00:00,91.05999755859375
2026-05-29 11:00:00+00:00,91.16999816894531
2026-05-29 12:00:00+00:00,91.0
2026-05-29 13:00:00+00:00,91.27999877929688
2026-05-29 14:00:00+00:00,91.23999786376953
2026-05-29 15:00:00+00:00,91.05999755859375
2026-05-29 16:00:00+00:00,90.55000305175781
2026-05-29 17:00:00+00:00,91.04000091552734
2026-05-29 18:00:00+00:00,91.45999908447266
2026-05-29 19:00:00+00:00,91.91999816894531
2026-05-29 20:00:00+00:00,91.12000274658203
2026-05-31 22:00:00+00:00,93.26000213623047
2026-05-31 23:00:00+00:00,92.91999816894531
2026-06-01 00:00:00+00:00,92.91999816894531
2026-06-01 01:00:00+00:00,93.30999755859375
2026-06-01 02:00:00+00:00,93.0199966430664
2026-06-01 03:00:00+00:00,93.27999877929688
2026-06-01 04:00:00+00:00,93.05999755859375
2026-06-01 05:00:00+00:00,93.26000213623047
2026-06-01 06:00:00+00:00,93.76000213623047
2026-06-01 07:00:00+00:00,93.94000244140625
2026-06-01 08:00:00+00:00,94.23999786376953
2026-06-01 09:00:00+00:00,94.0
2026-06-01 10:00:00+00:00,94.05000305175781
2026-06-01 11:00:00+00:00,93.5999984741211
2026-06-01 12:00:00+00:00,92.98999786376953
2026-06-01 13:00:00+00:00,97.2300033569336
2026-06-01 14:00:00+00:00,97.55999755859375
2026-06-01 15:00:00+00:00,96.95999908447266
2026-06-01 16:00:00+00:00,95.93000030517578
2026-06-01 17:00:00+00:00,94.91000366210938
2026-06-01 18:00:00+00:00,95.29000091552734
2026-06-01 19:00:00+00:00,95.27999877929688
2026-06-01 20:00:00+00:00,95.30000305175781
2026-06-01 22:00:00+00:00,95.16000366210938
2026-06-01 23:00:00+00:00,94.8499984741211
2026-06-02 00:00:00+00:00,95.4000015258789
2026-06-02 01:00:00+00:00,94.55999755859375
2026-06-02 02:00:00+00:00,94.6500015258789
2026-06-02 03:00:00+00:00,94.37999725341797
2026-06-02 04:00:00+00:00,94.1500015258789
2026-06-02 05:00:00+00:00,94.27999877929688
2026-06-02 06:00:00+00:00,94.37999725341797
2026-06-02 07:00:00+00:00,93.55999755859375
2026-06-02 08:00:00+00:00,93.31999969482422
2026-06-02 09:00:00+00:00,93.7699966430664
2026-06-02 10:00:00+00:00,93.83000183105469
2026-06-02 11:00:00+00:00,93.79000091552734
2026-06-02 12:00:00+00:00,94.05999755859375
2026-06-02 13:00:00+00:00,94.97000122070312
2026-06-02 14:00:00+00:00,94.87999725341797
2026-06-02 15:00:00+00:00,95.4800033569336
2026-06-02 16:00:00+00:00,95.72000122070312
2026-06-02 17:00:00+00:00,96.13999938964844
2026-06-02 18:00:00+00:00,96.16000366210938
2026-06-02 19:00:00+00:00,96.01000213623047
2026-06-02 20:00:00+00:00,95.77999877929688
2026-06-02 22:00:00+00:00,96.58999633789062
2026-06-02 23:00:00+00:00,96.7300033569336
2026-06-03 00:00:00+00:00,96.66999816894531
2026-06-03 01:00:00+00:00,96.94000244140625
2026-06-03 02:00:00+00:00,96.9000015258789
2026-06-03 03:00:00+00:00,96.94999694824219
2026-06-03 04:00:00+00:00,97.08000183105469
2026-06-03 05:00:00+00:00,97.77999877929688
2026-06-03 06:00:00+00:00,97.87999725341797
2026-06-03 07:00:00+00:00,97.93000030517578
2026-06-03 08:00:00+00:00,98.47000122070312
2026-06-03 09:00:00+00:00,98.88999938964844
2026-06-03 10:00:00+00:00,98.27999877929688
2026-06-03 11:00:00+00:00,97.94000244140625
2026-06-03 12:00:00+00:00,97.94999694824219
2026-06-03 13:00:00+00:00,96.94000244140625
2026-06-03 14:00:00+00:00,97.48999786376953
2026-06-03 15:00:00+00:00,97.94000244140625
2026-06-03 16:00:00+00:00,97.72000122070312
2026-06-03 17:00:00+00:00,98.08999633789062
2026-06-03 18:00:00+00:00,97.94000244140625
2026-06-03 19:00:00+00:00,97.98999786376953
2026-06-03 20:00:00+00:00,97.86000061035156
2026-06-03 22:00:00+00:00,97.22000122070312
2026-06-03 23:00:00+00:00,97.13999938964844
2026-06-04 00:00:00+00:00,96.97000122070312
2026-06-04 01:00:00+00:00,96.66999816894531
2026-06-04 02:00:00+00:00,96.54000091552734
2026-06-04 03:00:00+00:00,96.8499984741211
2026-06-04 04:00:00+00:00,96.91000366210938
2026-06-04 05:00:00+00:00,96.87000274658203
2026-06-04 06:00:00+00:00,96.97000122070312
2026-06-04 07:00:00+00:00,97.05000305175781
2026-06-04 08:00:00+00:00,96.55999755859375
2026-06-04 09:00:00+00:00,96.0999984741211
2026-06-04 10:00:00+00:00,96.4000015258789
2026-06-04 11:00:00+00:00,94.41000366210938
2026-06-04 12:00:00+00:00,94.73999786376953
2026-06-04 13:00:00+00:00,94.80000305175781
2026-06-04 14:00:00+00:00,95.3499984741211
2026-06-04 15:00:00+00:00,95.06999969482422
2026-06-04 16:00:00+00:00,94.75
2026-06-04 17:00:00+00:00,94.63999938964844
2026-06-04 18:00:00+00:00,95.30999755859375
2026-06-04 19:00:00+00:00,95.29000091552734
2026-06-04 20:00:00+00:00,95.13999938964844
2026-06-04 22:00:00+00:00,95.23999786376953
2026-06-04 23:00:00+00:00,95.19999694824219
2026-06-05 00:00:00+00:00,94.94999694824219
2026-06-05 01:00:00+00:00,95.44999694824219
2026-06-05 02:00:00+00:00,95.7300033569336
2026-06-05 03:00:00+00:00,95.4000015258789
2026-06-05 04:00:00+00:00,95.33000183105469
2026-06-05 05:00:00+00:00,95.37999725341797
2026-06-05 06:00:00+00:00,95.05000305175781
2026-06-05 07:00:00+00:00,94.88999938964844
2026-06-05 08:00:00+00:00,94.97000122070312
2026-06-05 09:00:00+00:00,94.97000122070312
2026-06-05 10:00:00+00:00,94.83999633789062
2026-06-05 11:00:00+00:00,94.77999877929688
2026-06-05 12:00:00+00:00,94.56999969482422
2026-06-05 13:00:00+00:00,93.95999908447266
2026-06-05 14:00:00+00:00,93.87999725341797
2026-06-05 15:00:00+00:00,93.44999694824219
2026-06-05 16:00:00+00:00,92.98999786376953
2026-06-05 17:00:00+00:00,92.94000244140625
2026-06-05 18:00:00+00:00,92.94000244140625
2026-06-05 19:00:00+00:00,92.97000122070312
2026-06-05 20:00:00+00:00,93.08999633789062
2026-06-07 22:00:00+00:00,95.5
2026-06-07 23:00:00+00:00,95.41000366210938
2026-06-08 00:00:00+00:00,95.12000274658203
2026-06-08 01:00:00+00:00,95.87000274658203
2026-06-08 02:00:00+00:00,96.41000366210938
2026-06-08 03:00:00+00:00,96.4000015258789
2026-06-08 04:00:00+00:00,97.30000305175781
2026-06-08 05:00:00+00:00,97.43000030517578
2026-06-08 06:00:00+00:00,97.62999725341797
2026-06-08 07:00:00+00:00,97.61000061035156
2026-06-08 08:00:00+00:00,97.41999816894531
2026-06-08 09:00:00+00:00,96.87999725341797
2026-06-08 10:00:00+00:00,96.08000183105469
2026-06-08 11:00:00+00:00,94.06999969482422
2026-06-08 12:00:00+00:00,94.91999816894531
2026-06-08 13:00:00+00:00,94.2300033569336
2026-06-08 14:00:00+00:00,94.75
2026-06-08 15:00:00+00:00,94.75
2026-06-08 16:00:00+00:00,94.54000091552734
2026-06-08 17:00:00+00:00,94.2699966430664
2026-06-08 18:00:00+00:00,94.2300033569336
2026-06-08 19:00:00+00:00,94.22000122070312
2026-06-08 20:00:00+00:00,94.19000244140625
2026-06-08 22:00:00+00:00,94.3499984741211
2026-06-08 23:00:00+00:00,94.37000274658203
2026-06-09 00:00:00+00:00,94.11000061035156
2026-06-09 01:00:00+00:00,93.98999786376953
2026-06-09 02:00:00+00:00,93.61000061035156
2026-06-09 03:00:00+00:00,93.4000015258789
2026-06-09 04:00:00+00:00,93.5
2026-06-09 05:00:00+00:00,93.30000305175781
2026-06-09 06:00:00+00:00,93.29000091552734
2026-06-09 07:00:00+00:00,92.97000122070312
2026-06-09 08:00:00+00:00,92.52999877929688
2026-06-09 09:00:00+00:00,92.48999786376953
2026-06-09 10:00:00+00:00,92.23999786376953
2026-06-09 11:00:00+00:00,92.80000305175781
2026-06-09 12:00:00+00:00,92.51000213623047
2026-06-09 13:00:00+00:00,91.0999984741211
2026-06-09 14:00:00+00:00,91.18000030517578
2026-06-09 15:00:00+00:00,90.16000366210938
2026-06-09 16:00:00+00:00,91.44000244140625
2026-06-09 17:00:00+00:00,91.55999755859375
2026-06-09 18:00:00+00:00,91.4000015258789
2026-06-09 19:00:00+00:00,91.55999755859375
2026-06-09 20:00:00+00:00,91.83000183105469
2026-06-09 22:00:00+00:00,92.44000244140625
2026-06-09 23:00:00+00:00,92.44000244140625
2026-06-10 00:00:00+00:00,92.25
2026-06-10 01:00:00+00:00,92.5999984741211
2026-06-10 02:00:00+00:00,92.25
2026-06-10 03:00:00+00:00,91.88999938964844
2026-06-10 04:00:00+00:00,91.91000366210938
2026-06-10 05:00:00+00:00,91.33000183105469
2026-06-10 06:00:00+00:00,91.52999877929688
2026-06-10 07:00:00+00:00,91.4000015258789
2026-06-10 08:00:00+00:00,91.08000183105469
2026-06-10 09:00:00+00:00,91.19000244140625
2026-06-10 10:00:00+00:00,91.1500015258789
2026-06-10 11:00:00+00:00,93.08999633789062
2026-06-10 12:00:00+00:00,92.12000274658203
2026-06-10 13:00:00+00:00,92.77999877929688
2026-06-10 14:00:00+00:00,93.12000274658203
2026-06-10 15:00:00+00:00,93.66000366210938
2026-06-10 16:00:00+00:00,93.95999908447266
2026-06-10 17:00:00+00:00,93.91000366210938
2026-06-10 18:00:00+00:00,93.29000091552734
2026-06-10 19:00:00+00:00,93.4000015258789
2026-06-10 20:00:00+00:00,94.70999908447266
2026-06-10 22:00:00+00:00,96.08999633789062
2026-06-10 23:00:00+00:00,95.16000366210938
2026-06-11 00:00:00+00:00,95.1500015258789
2026-06-11 01:00:00+00:00,94.52999877929688
2026-06-11 02:00:00+00:00,94.37999725341797
2026-06-11 03:00:00+00:00,94.69000244140625
2026-06-11 04:00:00+00:00,94.11000061035156
2026-06-11 05:00:00+00:00,93.56999969482422
2026-06-11 06:00:00+00:00,93.38999938964844
2026-06-11 07:00:00+00:00,92.72000122070312
2026-06-11 08:00:00+00:00,92.18000030517578
2026-06-11 09:00:00+00:00,92.19000244140625
2026-06-11 10:00:00+00:00,91.97000122070312
2026-06-11 11:00:00+00:00,91.9800033569336
2026-06-11 12:00:00+00:00,92.93000030517578
2026-06-11 13:00:00+00:00,92.0999984741211
2026-06-11 14:00:00+00:00,92.66000366210938
2026-06-11 15:00:00+00:00,93.52999877929688
2026-06-11 16:00:00+00:00,93.47000122070312
2026-06-11 17:00:00+00:00,90.16999816894531
2026-06-11 18:00:00+00:00,90.52999877929688
2026-06-11 19:00:00+00:00,89.19999694824219
2026-06-11 20:00:00+00:00,89.08999633789062
2026-06-11 22:00:00+00:00,88.5999984741211
2026-06-11 23:00:00+00:00,88.75
2026-06-12 00:00:00+00:00,89.4000015258789
2026-06-12 01:00:00+00:00,89.33999633789062
2026-06-12 02:00:00+00:00,89.31999969482422
2026-06-12 03:00:00+00:00,88.80000305175781
2026-06-12 04:00:00+00:00,88.5999984741211
2026-06-12 05:00:00+00:00,88.56999969482422
2026-06-12 06:00:00+00:00,88.62999725341797
2026-06-12 07:00:00+00:00,87.58000183105469
2026-06-12 08:00:00+00:00,86.5999984741211
2026-06-12 09:00:00+00:00,86.88999938964844
2026-06-12 10:00:00+00:00,87.31999969482422
2026-06-12 11:00:00+00:00,87.76000213623047
2026-06-12 12:00:00+00:00,88.0199966430664
2026-06-12 13:00:00+00:00,89.66000366210938
2026-06-12 14:00:00+00:00,87.62999725341797
2026-06-12 15:00:00+00:00,86.9000015258789
2026-06-12 16:00:00+00:00,87.36000061035156
2026-06-12 17:00:00+00:00,87.38999938964844
2026-06-12 18:00:00+00:00,86.94999694824219
2026-06-12 19:00:00+00:00,86.80999755859375
2026-06-12 20:00:00+00:00,87.33000183105469
2026-06-14 22:00:00+00:00,84.19000244140625
2026-06-14 23:00:00+00:00,83.80000305175781
2026-06-15 00:00:00+00:00,83.87000274658203
2026-06-15 01:00:00+00:00,83.94000244140625
2026-06-15 02:00:00+00:00,83.12000274658203
2026-06-15 03:00:00+00:00,83.30000305175781
2026-06-15 04:00:00+00:00,83.27999877929688
2026-06-15 05:00:00+00:00,83.69000244140625
2026-06-15 06:00:00+00:00,83.45999908447266
2026-06-15 07:00:00+00:00,83.2699966430664
2026-06-15 08:00:00+00:00,83.02999877929688
2026-06-15 09:00:00+00:00,82.86000061035156
2026-06-15 10:00:00+00:00,83.20999908447266
2026-06-15 11:00:00+00:00,83.0999984741211
2026-06-15 12:00:00+00:00,83.12000274658203
2026-06-15 13:00:00+00:00,82.91000366210938
2026-06-15 14:00:00+00:00,83.12000274658203
2026-06-15 15:00:00+00:00,82.7699966430664
2026-06-15 16:00:00+00:00,83.19999694824219
2026-06-15 17:00:00+00:00,83.19000244140625
2026-06-15 18:00:00+00:00,83.37000274658203
2026-06-15 19:00:00+00:00,83.5999984741211
2026-06-15 20:00:00+00:00,83.51000213623047
2026-06-15 22:00:00+00:00,83.63999938964844
2026-06-15 23:00:00+00:00,83.76000213623047
2026-06-16 00:00:00+00:00,83.66999816894531
2026-06-16 01:00:00+00:00,83.29000091552734
2026-06-16 02:00:00+00:00,82.98999786376953
2026-06-16 03:00:00+00:00,82.94999694824219
2026-06-16 04:00:00+00:00,82.81999969482422
2026-06-16 05:00:00+00:00,82.7699966430664
2026-06-16 06:00:00+00:00,82.80999755859375
2026-06-16 07:00:00+00:00,81.87000274658203
2026-06-16 08:00:00+00:00,81.16000366210938
2026-06-16 09:00:00+00:00,81.51000213623047
2026-06-16 10:00:00+00:00,81.0199966430664
2026-06-16 11:00:00+00:00,80.81999969482422
2026-06-16 12:00:00+00:00,80.12000274658203
2026-06-16 13:00:00+00:00,80.55000305175781
2026-06-16 14:00:00+00:00,80.02999877929688
2026-06-16 15:00:00+00:00,78.98999786376953
2026-06-16 16:00:00+00:00,78.70999908447266
2026-06-16 17:00:00+00:00,78.86000061035156
2026-06-16 18:00:00+00:00,79.27999877929688
2026-06-16 19:00:00+00:00,79.66999816894531
2026-06-16 20:00:00+00:00,79.45999908447266
2026-06-16 22:00:00+00:00,79.56999969482422
2026-06-16 23:00:00+00:00,79.54000091552734
2026-06-17 00:00:00+00:00,79.54000091552734
2026-06-17 01:00:00+00:00,79.01000213623047
2026-06-17 02:00:00+00:00,78.98999786376953
2026-06-17 03:00:00+00:00,78.44000244140625
2026-06-17 04:00:00+00:00,78.45999908447266
2026-06-17 05:00:00+00:00,79.04000091552734
2026-06-17 06:00:00+00:00,78.47000122070312
2026-06-17 07:00:00+00:00,78.58000183105469
2026-06-17 08:00:00+00:00,79.08999633789062
2026-06-17 09:00:00+00:00,79.01000213623047
2026-06-17 10:00:00+00:00,79.30000305175781
2026-06-17 11:00:00+00:00,79.68000030517578
2026-06-17 12:00:00+00:00,79.55000305175781
2026-06-17 13:00:00+00:00,80.08000183105469
2026-06-17 14:00:00+00:00,80.5999984741211
2026-06-17 15:00:00+00:00,79.58999633789062
2026-06-17 16:00:00+00:00,79.19000244140625
2026-06-17 17:00:00+00:00,79.20999908447266
2026-06-17 18:00:00+00:00,79.27999877929688
2026-06-17 19:00:00+00:00,78.88999938964844
2026-06-17 20:00:00+00:00,78.69000244140625
2026-06-17 22:00:00+00:00,79.0199966430664
2026-06-17 23:00:00+00:00,78.9800033569336
2026-06-18 00:00:00+00:00,78.87999725341797
2026-06-18 01:00:00+00:00,78.36000061035156
2026-06-18 02:00:00+00:00,78.56999969482422
2026-06-18 03:00:00+00:00,78.20999908447266
2026-06-18 04:00:00+00:00,77.77999877929688
2026-06-18 05:00:00+00:00,77.73999786376953
2026-06-18 06:00:00+00:00,77.8499984741211
2026-06-18 07:00:00+00:00,78.05000305175781
2026-06-18 08:00:00+00:00,77.70999908447266
2026-06-18 09:00:00+00:00,77.72000122070312
2026-06-18 10:00:00+00:00,78.51000213623047
2026-06-18 11:00:00+00:00,78.61000061035156
2026-06-18 12:00:00+00:00,78.44000244140625
2026-06-18 13:00:00+00:00,77.08000183105469
2026-06-18 14:00:00+00:00,77.08000183105469
2026-06-18 15:00:00+00:00,77.68000030517578
2026-06-18 16:00:00+00:00,78.12000274658203
2026-06-18 17:00:00+00:00,78.30999755859375
2026-06-18 18:00:00+00:00,79.47000122070312
2026-06-18 19:00:00+00:00,79.61000061035156
2026-06-18 20:00:00+00:00,79.44000244140625
2026-06-18 22:00:00+00:00,79.23999786376953
2026-06-18 23:00:00+00:00,79.11000061035156
2026-06-19 00:00:00+00:00,79.05000305175781
2026-06-19 01:00:00+00:00,79.54000091552734
2026-06-19 02:00:00+00:00,79.5199966430664
2026-06-19 03:00:00+00:00,79.16999816894531
2026-06-21 22:00:00+00:00,80.58999633789062
2026-06-21 23:00:00+00:00,81.5999984741211
2026-06-22 00:00:00+00:00,80.80000305175781
2026-06-22 01:00:00+00:00,79.4800033569336
2026-06-22 02:00:00+00:00,79.06999969482422
2026-06-22 03:00:00+00:00,79.4000015258789
2026-06-22 04:00:00+00:00,79.12999725341797
2026-06-22 05:00:00+00:00,79.01000213623047
2026-06-22 06:00:00+00:00,79.0999984741211
2026-06-22 07:00:00+00:00,79.55999755859375
2026-06-22 08:00:00+00:00,79.13999938964844
2026-06-22 09:00:00+00:00,79.30999755859375
2026-06-22 10:00:00+00:00,79.25
2026-06-22 11:00:00+00:00,78.95999908447266
2026-06-22 12:00:00+00:00,78.55999755859375
2026-06-22 13:00:00+00:00,77.87000274658203
2026-06-22 14:00:00+00:00,78.05999755859375
2026-06-22 15:00:00+00:00,77.47000122070312
2026-06-22 16:00:00+00:00,77.73999786376953
2026-06-22 17:00:00+00:00,77.41000366210938
2026-06-22 18:00:00+00:00,78.04000091552734
2026-06-22 19:00:00+00:00,78.2699966430664
2026-06-22 20:00:00+00:00,80.58999633789062
2026-06-22 22:00:00+00:00,78.25
2026-06-22 23:00:00+00:00,78.16999816894531
2026-06-23 00:00:00+00:00,78.16000366210938
2026-06-23 01:00:00+00:00,77.87000274658203
2026-06-23 02:00:00+00:00,77.87000274658203
2026-06-23 03:00:00+00:00,77.52999877929688
2026-06-23 04:00:00+00:00,77.54000091552734
2026-06-23 05:00:00+00:00,76.94999694824219
2026-06-23 06:00:00+00:00,76.83999633789062
2026-06-23 07:00:00+00:00,77.02999877929688
2026-06-23 08:00:00+00:00,77.41000366210938
2026-06-23 09:00:00+00:00,77.52999877929688
2026-06-23 10:00:00+00:00,77.9000015258789
2026-06-23 11:00:00+00:00,77.76000213623047
2026-06-23 12:00:00+00:00,77.19999694824219
2026-06-23 13:00:00+00:00,76.66999816894531
2026-06-23 14:00:00+00:00,76.80999755859375
2026-06-23 15:00:00+00:00,76.9000015258789
2026-06-23 16:00:00+00:00,76.83000183105469
2026-06-23 17:00:00+00:00,76.87000274658203
2026-06-23 18:00:00+00:00,77.23999786376953
2026-06-23 19:00:00+00:00,77.05000305175781
2026-06-23 20:00:00+00:00,76.87999725341797
2026-06-23 22:00:00+00:00,76.77999877929688
2026-06-23 23:00:00+00:00,76.54000091552734
2026-06-24 00:00:00+00:00,76.73999786376953
2026-06-24 01:00:00+00:00,76.4800033569336
2026-06-24 02:00:00+00:00,76.05999755859375
2026-06-24 03:00:00+00:00,76.33000183105469
2026-06-24 04:00:00+00:00,76.47000122070312
2026-06-24 05:00:00+00:00,76.33000183105469
2026-06-24 06:00:00+00:00,76.37999725341797
2026-06-24 07:00:00+00:00,75.7699966430664
2026-06-24 08:00:00+00:00,75.79000091552734
2026-06-24 09:00:00+00:00,75.79000091552734
2026-06-24 10:00:00+00:00,75.58999633789062
2026-06-24 11:00:00+00:00,74.66000366210938
2026-06-24 12:00:00+00:00,74.56999969482422
2026-06-24 13:00:00+00:00,73.37000274658203
2026-06-24 14:00:00+00:00,73.47000122070312
2026-06-24 15:00:00+00:00,74.04000091552734
2026-06-24 16:00:00+00:00,74.08999633789062
2026-06-24 17:00:00+00:00,73.95999908447266
2026-06-24 18:00:00+00:00,73.19000244140625
2026-06-24 19:00:00+00:00,73.33000183105469
2026-06-24 20:00:00+00:00,73.18000030517578
2026-06-24 22:00:00+00:00,73.11000061035156
2026-06-24 23:00:00+00:00,73.22000122070312
2026-06-25 00:00:00+00:00,73.33999633789062
2026-06-25 01:00:00+00:00,72.48999786376953
2026-06-25 02:00:00+00:00,72.62000274658203
2026-06-25 03:00:00+00:00,72.51000213623047
2026-06-25 04:00:00+00:00,72.70999908447266
2026-06-25 05:00:00+00:00,72.45999908447266
2026-06-25 06:00:00+00:00,72.62999725341797
2026-06-25 07:00:00+00:00,73.37000274658203
2026-06-25 08:00:00+00:00,72.70999908447266
2026-06-25 09:00:00+00:00,72.97000122070312
2026-06-25 10:00:00+00:00,72.94000244140625
2026-06-25 11:00:00+00:00,73.41999816894531
2026-06-25 12:00:00+00:00,73.18000030517578
2026-06-25 13:00:00+00:00,74.0
2026-06-25 14:00:00+00:00,74.2699966430664
2026-06-25 15:00:00+00:00,74.95999908447266
2026-06-25 16:00:00+00:00,75.02999877929688
2026-06-25 17:00:00+00:00,75.23999786376953
2026-06-25 18:00:00+00:00,75.7300033569336
2026-06-25 19:00:00+00:00,75.5999984741211
2026-06-25 20:00:00+00:00,75.0
2026-06-25 22:00:00+00:00,75.05999755859375
2026-06-25 23:00:00+00:00,75.16999816894531
2026-06-26 00:00:00+00:00,75.38999938964844
2026-06-26 01:00:00+00:00,74.83000183105469
2026-06-26 02:00:00+00:00,74.37999725341797
2026-06-26 03:00:00+00:00,74.22000122070312
2026-06-26 04:00:00+00:00,74.08000183105469
2026-06-26 05:00:00+00:00,74.55000305175781
2026-06-26 06:00:00+00:00,74.16000366210938
2026-06-26 07:00:00+00:00,73.45999908447266
2026-06-26 08:00:00+00:00,72.86000061035156
2026-06-26 09:00:00+00:00,72.6500015258789
2026-06-26 10:00:00+00:00,73.05000305175781
2026-06-26 11:00:00+00:00,73.47000122070312
2026-06-26 12:00:00+00:00,72.7300033569336
2026-06-26 13:00:00+00:00,72.80999755859375
2026-06-26 14:00:00+00:00,72.66999816894531
2026-06-26 15:00:00+00:00,72.4000015258789
2026-06-26 16:00:00+00:00,72.6500015258789
2026-06-26 17:00:00+00:00,72.63999938964844
2026-06-26 18:00:00+00:00,72.44000244140625
2026-06-26 19:00:00+00:00,72.80000305175781
2026-06-26 20:00:00+00:00,73.4000015258789
2026-06-26 21:00:00+00:00,72.5999984741211
2026-06-28 22:00:00+00:00,73.25
2026-06-28 23:00:00+00:00,73.02999877929688
2026-06-29 00:00:00+00:00,73.12000274658203
2026-06-29 01:00:00+00:00,73.19000244140625
2026-06-29 02:00:00+00:00,73.22000122070312
2026-06-29 03:00:00+00:00,73.29000091552734
2026-06-29 04:00:00+00:00,73.20999908447266
2026-06-29 05:00:00+00:00,72.72000122070312
2026-06-29 06:00:00+00:00,73.16000366210938
2026-06-29 07:00:00+00:00,72.7300033569336
2026-06-29 08:00:00+00:00,73.30000305175781
2026-06-29 09:00:00+00:00,73.72000122070312
2026-06-29 10:00:00+00:00,73.04000091552734
2026-06-29 11:00:00+00:00,73.1500015258789
2026-06-29 12:00:00+00:00,73.23999786376953
2026-06-29 13:00:00+00:00,73.29000091552734
2026-06-29 14:00:00+00:00,73.66000366210938
2026-06-29 15:00:00+00:00,73.80000305175781
2026-06-29 16:00:00+00:00,73.97000122070312
2026-06-29 17:00:00+00:00,74.04000091552734
2026-06-29 18:00:00+00:00,73.68000030517578
2026-06-29 19:00:00+00:00,73.75
2026-06-29 20:00:00+00:00,73.63999938964844
2026-06-29 22:00:00+00:00,73.55999755859375
2026-06-29 23:00:00+00:00,73.51000213623047
2026-06-30 00:00:00+00:00,73.51000213623047
2026-06-30 01:00:00+00:00,73.55999755859375
2026-06-30 02:00:00+00:00,73.88999938964844
2026-06-30 03:00:00+00:00,73.58999633789062
2026-06-30 04:00:00+00:00,73.48999786376953
2026-06-30 05:00:00+00:00,73.33000183105469
2026-06-30 06:00:00+00:00,73.41000366210938
2026-06-30 07:00:00+00:00,73.4800033569336
2026-06-30 08:00:00+00:00,73.69000244140625
2026-06-30 09:00:00+00:00,74.23999786376953
2026-06-30 10:00:00+00:00,73.94999694824219
2026-06-30 11:00:00+00:00,74.41999816894531
2026-06-30 12:00:00+00:00,74.22000122070312
2026-06-30 13:00:00+00:00,74.26000213623047
2026-06-30 14:00:00+00:00,73.94000244140625
2026-06-30 15:00:00+00:00,73.37000274658203
2026-06-30 16:00:00+00:00,73.3499984741211
2026-06-30 17:00:00+00:00,73.16000366210938
2026-06-30 18:00:00+00:00,73.36000061035156
2026-06-30 19:00:00+00:00,73.41999816894531
2026-06-30 20:00:00+00:00,73.37000274658203
2026-06-30 22:00:00+00:00,73.3499984741211
2026-06-30 23:00:00+00:00,73.4800033569336
2026-07-01 00:00:00+00:00,73.51000213623047
2026-07-01 01:00:00+00:00,73.19999694824219
2026-07-01 02:00:00+00:00,73.23999786376953
2026-07-01 03:00:00+00:00,73.23999786376953
2026-07-01 04:00:00+00:00,73.19000244140625
2026-07-01 05:00:00+00:00,73.04000091552734
2026-07-01 06:00:00+00:00,73.08999633789062
2026-07-01 07:00:00+00:00,72.91999816894531
2026-07-01 08:00:00+00:00,71.75
2026-07-01 09:00:00+00:00,72.18000030517578
2026-07-01 10:00:00+00:00,72.30999755859375
2026-07-01 11:00:00+00:00,72.30000305175781
2026-07-01 12:00:00+00:00,71.8499984741211
2026-07-01 13:00:00+00:00,72.16000366210938
2026-07-01 14:00:00+00:00,71.27999877929688
2026-07-01 15:00:00+00:00,71.19000244140625
2026-07-01 16:00:00+00:00,71.30999755859375
2026-07-01 17:00:00+00:00,71.37999725341797
2026-07-01 18:00:00+00:00,71.38999938964844
2026-07-01 19:00:00+00:00,71.1500015258789
2026-07-01 20:00:00+00:00,71.13999938964844
2026-07-01 22:00:00+00:00,71.18000030517578
2026-07-01 23:00:00+00:00,71.0999984741211
2026-07-02 00:00:00+00:00,71.02999877929688
2026-07-02 01:00:00+00:00,70.9000015258789
2026-07-02 02:00:00+00:00,70.7699966430664
2026-07-02 03:00:00+00:00,70.72000122070312
2026-07-02 04:00:00+00:00,70.9000015258789
2026-07-02 05:00:00+00:00,70.87999725341797
2026-07-02 06:00:00+00:00,70.5999984741211
2026-07-02 07:00:00+00:00,70.83999633789062
2026-07-02 08:00:00+00:00,70.8499984741211
2026-07-02 09:00:00+00:00,70.51000213623047
2026-07-02 10:00:00+00:00,70.54000091552734
2026-07-02 11:00:00+00:00,70.30000305175781
2026-07-02 12:00:00+00:00,70.5999984741211
2026-07-02 13:00:00+00:00,70.91999816894531
2026-07-02 14:00:00+00:00,70.86000061035156
2026-07-02 15:00:00+00:00,70.75
2026-07-02 16:00:00+00:00,71.18000030517578
2026-07-02 17:00:00+00:00,71.5199966430664
2026-07-02 18:00:00+00:00,71.55000305175781
2026-07-02 19:00:00+00:00,71.62999725341797
2026-07-02 20:00:00+00:00,71.54000091552734
2026-07-02 22:00:00+00:00,71.61000061035156
2026-07-02 23:00:00+00:00,71.56999969482422
2026-07-03 00:00:00+00:00,71.55000305175781
2026-07-03 01:00:00+00:00,72.05000305175781
2026-07-03 02:00:00+00:00,72.08999633789062
2026-07-03 03:00:00+00:00,72.20999908447266
