Datetime,Close
2024-02-08 05:00:00+00:00,104.02100372314453
2024-02-08 06:00:00+00:00,104.0199966430664
2024-02-08 07:00:00+00:00,104.05599975585938
2024-02-08 08:00:00+00:00,104.08699798583984
2024-02-08 09:00:00+00:00,104.03800201416016
2024-02-08 10:00:00+00:00,104.1520004272461
2024-02-08 11:00:00+00:00,104.23799896240234
2024-02-08 12:00:00+00:00,104.29399871826172
2024-02-08 13:00:00+00:00,104.4020004272461
2024-02-08 14:00:00+00:00,104.23400115966797
2024-02-08 15:00:00+00:00,104.27300262451172
2024-02-08 16:00:00+00:00,104.16300201416016
2024-02-08 17:00:00+00:00,104.1780014038086
2024-02-08 18:00:00+00:00,104.14700317382812
2024-02-08 19:00:00+00:00,104.16500091552734
2024-02-08 20:00:00+00:00,104.13500213623047
2024-02-08 21:00:00+00:00,104.13899993896484
2024-02-08 22:00:00+00:00,104.14600372314453
2024-02-08 23:00:00+00:00,104.14700317382812
2024-02-09 00:00:00+00:00,104.17900085449219
2024-02-09 01:00:00+00:00,104.15699768066406
2024-02-09 02:00:00+00:00,104.14099884033203
2024-02-09 03:00:00+00:00,104.19400024414062
2024-02-09 04:00:00+00:00,104.19300079345703
2024-02-09 05:00:00+00:00,104.19599914550781
2024-02-09 06:00:00+00:00,104.16000366210938
2024-02-09 07:00:00+00:00,104.125
2024-02-09 08:00:00+00:00,104.18099975585938
2024-02-09 09:00:00+00:00,104.22200012207031
2024-02-09 10:00:00+00:00,104.22899627685547
2024-02-09 11:00:00+00:00,104.19400024414062
2024-02-09 12:00:00+00:00,104.23600006103516
2024-02-09 13:00:00+00:00,104.08899688720703
2024-02-09 14:00:00+00:00,104.08499908447266
2024-02-09 15:00:00+00:00,104.072998046875
2024-02-09 16:00:00+00:00,104.13400268554688
2024-02-09 17:00:00+00:00,104.09400177001953
2024-02-09 18:00:00+00:00,104.0739974975586
2024-02-09 19:00:00+00:00,104.11100006103516
2024-02-09 20:00:00+00:00,104.0719985961914
2024-02-09 21:00:00+00:00,104.08000183105469
2024-02-11 22:00:00+00:00,104.08000183105469
2024-02-11 23:00:00+00:00,103.99199676513672
2024-02-12 00:00:00+00:00,103.97100067138672
2024-02-12 01:00:00+00:00,104.00199890136719
2024-02-12 02:00:00+00:00,104.01100158691406
2024-02-12 03:00:00+00:00,104.04199981689453
2024-02-12 04:00:00+00:00,104.0479965209961
2024-02-12 05:00:00+00:00,104.03900146484375
2024-02-12 06:00:00+00:00,104.03500366210938
2024-02-12 07:00:00+00:00,103.91999816894531
2024-02-12 08:00:00+00:00,104.13099670410156
2024-02-12 09:00:00+00:00,104.16600036621094
2024-02-12 10:00:00+00:00,104.10700225830078
2024-02-12 11:00:00+00:00,104.1510009765625
2024-02-12 12:00:00+00:00,104.14800262451172
2024-02-12 13:00:00+00:00,104.22100067138672
2024-02-12 14:00:00+00:00,104.14900207519531
2024-02-12 15:00:00+00:00,104.1969985961914
2024-02-12 16:00:00+00:00,104.13300323486328
2024-02-12 17:00:00+00:00,104.04900360107422
2024-02-12 18:00:00+00:00,104.05599975585938
2024-02-12 19:00:00+00:00,104.16999816894531
2024-02-12 20:00:00+00:00,104.11900329589844
2024-02-12 21:00:00+00:00,104.13600158691406
2024-02-12 22:00:00+00:00,104.13400268554688
2024-02-12 23:00:00+00:00,104.13200378417969
2024-02-13 00:00:00+00:00,104.13200378417969
2024-02-13 01:00:00+00:00,104.17900085449219
2024-02-13 02:00:00+00:00,104.21499633789062
2024-02-13 03:00:00+00:00,104.24199676513672
2024-02-13 04:00:00+00:00,104.23200225830078
2024-02-13 05:00:00+00:00,104.20999908447266
2024-02-13 06:00:00+00:00,104.16899871826172
2024-02-13 07:00:00+00:00,104.16600036621094
2024-02-13 08:00:00+00:00,104.21099853515625
2024-02-13 09:00:00+00:00,104.19499969482422
2024-02-13 10:00:00+00:00,104.14399719238281
2024-02-13 11:00:00+00:00,104.0999984741211
2024-02-13 12:00:00+00:00,104.03500366210938
2024-02-13 13:00:00+00:00,104.79199981689453
2024-02-13 14:00:00+00:00,104.78600311279297
2024-02-13 15:00:00+00:00,104.78299713134766
2024-02-13 16:00:00+00:00,104.78500366210938
2024-02-13 17:00:00+00:00,104.8239974975586
2024-02-13 18:00:00+00:00,104.88600158691406
2024-02-13 19:00:00+00:00,104.95999908447266
2024-02-13 20:00:00+00:00,104.88700103759766
2024-02-13 21:00:00+00:00,104.86699676513672
2024-02-13 22:00:00+00:00,104.83399963378906
2024-02-13 23:00:00+00:00,104.85199737548828
2024-02-14 00:00:00+00:00,104.86199951171875
2024-02-14 01:00:00+00:00,104.8219985961914
2024-02-14 02:00:00+00:00,104.84200286865234
2024-02-14 03:00:00+00:00,104.80400085449219
2024-02-14 04:00:00+00:00,104.77799987792969
2024-02-14 05:00:00+00:00,104.78600311279297
2024-02-14 06:00:00+00:00,104.76399993896484
2024-02-14 07:00:00+00:00,104.8550033569336
2024-02-14 08:00:00+00:00,104.91400146484375
2024-02-14 09:00:00+00:00,104.93599700927734
2024-02-14 10:00:00+00:00,104.89800262451172
2024-02-14 11:00:00+00:00,104.86499786376953
2024-02-14 12:00:00+00:00,104.88300323486328
2024-02-14 13:00:00+00:00,104.87799835205078
2024-02-14 14:00:00+00:00,104.83699798583984
2024-02-14 15:00:00+00:00,104.79299926757812
2024-02-14 16:00:00+00:00,104.68900299072266
2024-02-14 17:00:00+00:00,104.69100189208984
2024-02-14 18:00:00+00:00,104.7229995727539
2024-02-14 19:00:00+00:00,104.7229995727539
2024-02-14 20:00:00+00:00,104.72200012207031
2024-02-14 21:00:00+00:00,104.7229995727539
2024-02-14 22:00:00+00:00,104.71900177001953
2024-02-14 23:00:00+00:00,104.69100189208984
2024-02-15 00:00:00+00:00,104.64199829101562
2024-02-15 01:00:00+00:00,104.68399810791016
2024-02-15 02:00:00+00:00,104.67500305175781
2024-02-15 03:00:00+00:00,104.70500183105469
2024-02-15 04:00:00+00:00,104.69300079345703
2024-02-15 05:00:00+00:00,104.67400360107422
2024-02-15 06:00:00+00:00,104.64399719238281
2024-02-15 07:00:00+00:00,104.6729965209961
2024-02-15 08:00:00+00:00,104.64099884033203
2024-02-15 09:00:00+00:00,104.62200164794922
2024-02-15 10:00:00+00:00,104.61399841308594
2024-02-15 11:00:00+00:00,104.61599731445312
2024-02-15 12:00:00+00:00,104.5530014038086
2024-02-15 13:00:00+00:00,104.36000061035156
2024-02-15 14:00:00+00:00,104.2770004272461
2024-02-15 15:00:00+00:00,104.38400268554688
2024-02-15 16:00:00+00:00,104.41600036621094
2024-02-15 17:00:00+00:00,104.3759994506836
2024-02-15 18:00:00+00:00,104.31700134277344
2024-02-15 19:00:00+00:00,104.2959976196289
2024-02-15 20:00:00+00:00,104.27899932861328
2024-02-15 21:00:00+00:00,104.26699829101562
2024-02-15 22:00:00+00:00,104.26300048828125
2024-02-15 23:00:00+00:00,104.24700164794922
2024-02-16 00:00:00+00:00,104.37100219726562
2024-02-16 01:00:00+00:00,104.3550033569336
2024-02-16 02:00:00+00:00,104.41000366210938
2024-02-16 03:00:00+00:00,104.4209976196289
2024-02-16 04:00:00+00:00,104.41600036621094
2024-02-16 05:00:00+00:00,104.40299987792969
2024-02-16 06:00:00+00:00,104.38800048828125
2024-02-16 07:00:00+00:00,104.39299774169922
2024-02-16 08:00:00+00:00,104.35099792480469
2024-02-16 09:00:00+00:00,104.36699676513672
2024-02-16 10:00:00+00:00,104.34600067138672
2024-02-16 11:00:00+00:00,104.26499938964844
2024-02-16 12:00:00+00:00,104.36399841308594
2024-02-16 13:00:00+00:00,104.54900360107422
2024-02-16 14:00:00+00:00,104.51300048828125
2024-02-16 15:00:00+00:00,104.33699798583984
2024-02-16 16:00:00+00:00,104.35800170898438
2024-02-16 17:00:00+00:00,104.26000213623047
2024-02-16 18:00:00+00:00,104.19499969482422
2024-02-16 19:00:00+00:00,104.2770004272461
2024-02-16 20:00:00+00:00,104.28600311279297
2024-02-16 21:00:00+00:00,104.2770004272461
2024-02-18 22:00:00+00:00,104.2750015258789
2024-02-18 23:00:00+00:00,104.21700286865234
2024-02-19 00:00:00+00:00,104.15599822998047
2024-02-19 01:00:00+00:00,104.21600341796875
2024-02-19 02:00:00+00:00,104.21399688720703
2024-02-19 03:00:00+00:00,104.25199890136719
2024-02-19 04:00:00+00:00,104.24800109863281
2024-02-20 05:00:00+00:00,104.37999725341797
2024-02-20 06:00:00+00:00,104.35099792480469
2024-02-20 07:00:00+00:00,104.36299896240234
2024-02-20 08:00:00+00:00,104.30999755859375
2024-02-20 09:00:00+00:00,104.15299987792969
2024-02-20 10:00:00+00:00,104.08799743652344
2024-02-20 11:00:00+00:00,104.15699768066406
2024-02-20 12:00:00+00:00,104.14399719238281
2024-02-20 13:00:00+00:00,103.94200134277344
2024-02-20 14:00:00+00:00,103.88400268554688
2024-02-20 15:00:00+00:00,103.9020004272461
2024-02-20 16:00:00+00:00,103.99400329589844
2024-02-20 17:00:00+00:00,104.01499938964844
2024-02-20 18:00:00+00:00,104.0459976196289
2024-02-20 19:00:00+00:00,104.0790023803711
2024-02-20 20:00:00+00:00,104.04399871826172
2024-02-20 21:00:00+00:00,104.06600189208984
2024-02-20 22:00:00+00:00,104.0479965209961
2024-02-20 23:00:00+00:00,104.05799865722656
2024-02-21 00:00:00+00:00,104.0479965209961
2024-02-21 01:00:00+00:00,104.02899932861328
2024-02-21 02:00:00+00:00,103.99700164794922
2024-02-21 03:00:00+00:00,103.95899963378906
2024-02-21 04:00:00+00:00,103.99800109863281
2024-02-21 05:00:00+00:00,103.99199676513672
2024-02-21 06:00:00+00:00,104.03399658203125
2024-02-21 07:00:00+00:00,104.04299926757812
2024-02-21 08:00:00+00:00,104.16300201416016
2024-02-21 09:00:00+00:00,104.13500213623047
2024-02-21 10:00:00+00:00,104.10399627685547
2024-02-21 11:00:00+00:00,104.13600158691406
2024-02-21 12:00:00+00:00,104.0989990234375
2024-02-21 13:00:00+00:00,104.05599975585938
2024-02-21 14:00:00+00:00,104.03099822998047
2024-02-21 15:00:00+00:00,104.10900115966797
2024-02-21 16:00:00+00:00,104.0250015258789
2024-02-21 17:00:00+00:00,104.09400177001953
2024-02-21 18:00:00+00:00,104.05699920654297
2024-02-21 19:00:00+00:00,104.00599670410156
2024-02-21 20:00:00+00:00,104.0009994506836
2024-02-21 21:00:00+00:00,103.99199676513672
2024-02-21 22:00:00+00:00,103.98999786376953
2024-02-21 23:00:00+00:00,103.97000122070312
2024-02-22 00:00:00+00:00,103.90799713134766
2024-02-22 01:00:00+00:00,103.93199920654297
2024-02-22 02:00:00+00:00,103.94400024414062
2024-02-22 03:00:00+00:00,103.9520034790039
2024-02-22 04:00:00+00:00,103.9010009765625
2024-02-22 05:00:00+00:00,103.87200164794922
2024-02-22 06:00:00+00:00,103.822998046875
2024-02-22 07:00:00+00:00,103.68099975585938
2024-02-22 08:00:00+00:00,103.53099822998047
2024-02-22 09:00:00+00:00,103.677001953125
2024-02-22 10:00:00+00:00,103.65699768066406
2024-02-22 11:00:00+00:00,103.66600036621094
2024-02-22 12:00:00+00:00,103.79100036621094
2024-02-22 13:00:00+00:00,103.99299621582031
2024-02-22 14:00:00+00:00,103.98999786376953
2024-02-22 15:00:00+00:00,104.07599639892578
2024-02-22 16:00:00+00:00,104.03700256347656
2024-02-22 17:00:00+00:00,103.98500061035156
2024-02-22 18:00:00+00:00,103.94300079345703
2024-02-22 19:00:00+00:00,103.95700073242188
2024-02-22 20:00:00+00:00,103.9489974975586
2024-02-22 21:00:00+00:00,103.94200134277344
2024-02-22 22:00:00+00:00,103.9469985961914
2024-02-22 23:00:00+00:00,103.927001953125
2024-02-23 00:00:00+00:00,103.94999694824219
2024-02-23 01:00:00+00:00,103.90599822998047
2024-02-23 02:00:00+00:00,103.91699981689453
2024-02-23 03:00:00+00:00,103.91899871826172
2024-02-23 04:00:00+00:00,103.91799926757812
2024-02-23 05:00:00+00:00,103.947998046875
2024-02-23 06:00:00+00:00,103.91899871826172
2024-02-23 07:00:00+00:00,103.89199829101562
2024-02-23 08:00:00+00:00,103.94499969482422
2024-02-23 09:00:00+00:00,104.02300262451172
2024-02-23 10:00:00+00:00,103.947998046875
2024-02-23 11:00:00+00:00,103.90399932861328
2024-02-23 12:00:00+00:00,103.78700256347656
2024-02-23 13:00:00+00:00,103.83100128173828
2024-02-23 14:00:00+00:00,103.87699890136719
2024-02-23 15:00:00+00:00,103.9489974975586
2024-02-23 16:00:00+00:00,103.9000015258789
2024-02-23 17:00:00+00:00,103.91300201416016
2024-02-23 18:00:00+00:00,103.8949966430664
2024-02-23 19:00:00+00:00,103.93599700927734
2024-02-23 20:00:00+00:00,103.9489974975586
2024-02-23 21:00:00+00:00,103.96299743652344
2024-02-25 22:00:00+00:00,103.96099853515625
2024-02-25 23:00:00+00:00,103.97699737548828
2024-02-26 00:00:00+00:00,103.99099731445312
2024-02-26 01:00:00+00:00,103.99700164794922
2024-02-26 02:00:00+00:00,104.00399780273438
2024-02-26 03:00:00+00:00,103.99400329589844
2024-02-26 04:00:00+00:00,103.97000122070312
2024-02-26 05:00:00+00:00,103.9469985961914
2024-02-26 06:00:00+00:00,103.94200134277344
2024-02-26 07:00:00+00:00,103.88500213623047
2024-02-26 08:00:00+00:00,103.91200256347656
2024-02-26 09:00:00+00:00,103.85800170898438
2024-02-26 10:00:00+00:00,103.80799865722656
2024-02-26 11:00:00+00:00,103.76799774169922
2024-02-26 12:00:00+00:00,103.79199981689453
2024-02-26 13:00:00+00:00,103.71700286865234
2024-02-26 14:00:00+00:00,103.83100128173828
2024-02-26 15:00:00+00:00,103.7959976196289
2024-02-26 16:00:00+00:00,103.78199768066406
2024-02-26 17:00:00+00:00,103.83899688720703
2024-02-26 18:00:00+00:00,103.84300231933594
2024-02-26 19:00:00+00:00,103.8270034790039
2024-02-26 20:00:00+00:00,103.7770004272461
2024-02-26 21:00:00+00:00,103.7760009765625
2024-02-26 22:00:00+00:00,103.77999877929688
2024-02-26 23:00:00+00:00,103.77999877929688
2024-02-27 00:00:00+00:00,103.7979965209961
2024-02-27 01:00:00+00:00,103.77400207519531
2024-02-27 02:00:00+00:00,103.7699966430664
2024-02-27 03:00:00+00:00,103.74700164794922
2024-02-27 04:00:00+00:00,103.73600006103516
2024-02-27 05:00:00+00:00,103.75499725341797
2024-02-27 06:00:00+00:00,103.76200103759766
2024-02-27 07:00:00+00:00,103.697998046875
2024-02-27 08:00:00+00:00,103.6760025024414
2024-02-27 09:00:00+00:00,103.71299743652344
2024-02-27 10:00:00+00:00,103.73100280761719
2024-02-27 11:00:00+00:00,103.69599914550781
2024-02-27 12:00:00+00:00,103.69200134277344
2024-02-27 13:00:00+00:00,103.76200103759766
2024-02-27 14:00:00+00:00,103.84300231933594
2024-02-27 15:00:00+00:00,103.78900146484375
2024-02-27 16:00:00+00:00,103.73799896240234
2024-02-27 17:00:00+00:00,103.77400207519531
2024-02-27 18:00:00+00:00,103.78399658203125
2024-02-27 19:00:00+00:00,103.8290023803711
2024-02-27 20:00:00+00:00,103.8270034790039
2024-02-27 21:00:00+00:00,103.81700134277344
2024-02-27 22:00:00+00:00,103.80999755859375
2024-02-27 23:00:00+00:00,103.81400299072266
2024-02-28 00:00:00+00:00,103.81300354003906
2024-02-28 01:00:00+00:00,103.8499984741211
2024-02-28 02:00:00+00:00,103.87799835205078
2024-02-28 03:00:00+00:00,103.91100311279297
2024-02-28 04:00:00+00:00,103.93800354003906
2024-02-28 05:00:00+00:00,103.9800033569336
2024-02-28 06:00:00+00:00,104.02300262451172
2024-02-28 07:00:00+00:00,104.02200317382812
2024-02-28 08:00:00+00:00,104.15399932861328
2024-02-28 09:00:00+00:00,104.2239990234375
2024-02-28 10:00:00+00:00,104.08499908447266
2024-02-28 11:00:00+00:00,104.072998046875
2024-02-28 12:00:00+00:00,104.1709976196289
2024-02-28 13:00:00+00:00,104.02400207519531
2024-02-28 14:00:00+00:00,104.00900268554688
2024-02-28 15:00:00+00:00,103.9800033569336
2024-02-28 16:00:00+00:00,103.90699768066406
2024-02-28 17:00:00+00:00,103.93499755859375
2024-02-28 18:00:00+00:00,103.96600341796875
2024-02-28 19:00:00+00:00,103.9749984741211
2024-02-28 20:00:00+00:00,103.93499755859375
2024-02-28 21:00:00+00:00,103.93499755859375
2024-02-28 22:00:00+00:00,103.93599700927734
2024-02-28 23:00:00+00:00,103.91500091552734
2024-02-29 00:00:00+00:00,103.94200134277344
2024-02-29 01:00:00+00:00,103.95099639892578
2024-02-29 02:00:00+00:00,103.8499984741211
2024-02-29 03:00:00+00:00,103.84600067138672
2024-02-29 04:00:00+00:00,103.85099792480469
2024-02-29 05:00:00+00:00,103.86900329589844
2024-02-29 06:00:00+00:00,103.87100219726562
2024-02-29 07:00:00+00:00,103.9010009765625
2024-02-29 08:00:00+00:00,103.84100341796875
2024-02-29 09:00:00+00:00,103.77799987792969
2024-02-29 10:00:00+00:00,103.9020004272461
2024-02-29 11:00:00+00:00,103.91500091552734
2024-02-29 12:00:00+00:00,103.97899627685547
2024-02-29 13:00:00+00:00,103.85099792480469
2024-02-29 14:00:00+00:00,103.7490005493164
2024-02-29 15:00:00+00:00,103.94300079345703
2024-02-29 16:00:00+00:00,104.09400177001953
2024-02-29 17:00:00+00:00,104.16600036621094
2024-02-29 18:00:00+00:00,104.08799743652344
2024-02-29 19:00:00+00:00,104.15599822998047
2024-02-29 20:00:00+00:00,104.09600067138672
2024-02-29 21:00:00+00:00,104.13200378417969
2024-02-29 22:00:00+00:00,104.13200378417969
2024-02-29 23:00:00+00:00,104.14800262451172
2024-03-01 00:00:00+00:00,104.10900115966797
2024-03-01 01:00:00+00:00,104.05599975585938
2024-03-01 02:00:00+00:00,104.06600189208984
2024-03-01 03:00:00+00:00,104.072998046875
2024-03-01 04:00:00+00:00,104.11000061035156
2024-03-01 05:00:00+00:00,104.12799835205078
2024-03-01 06:00:00+00:00,104.13500213623047
2024-03-01 07:00:00+00:00,104.13500213623047
2024-03-01 08:00:00+00:00,104.16500091552734
2024-03-01 09:00:00+00:00,104.11399841308594
2024-03-01 10:00:00+00:00,104.1240005493164
2024-03-01 11:00:00+00:00,104.06199645996094
2024-03-01 12:00:00+00:00,104.13400268554688
2024-03-01 13:00:00+00:00,104.15799713134766
2024-03-01 14:00:00+00:00,104.27799987792969
2024-03-01 15:00:00+00:00,103.91000366210938
2024-03-01 16:00:00+00:00,103.94499969482422
2024-03-01 17:00:00+00:00,103.89399719238281
2024-03-01 18:00:00+00:00,103.87899780273438
2024-03-01 19:00:00+00:00,103.86100006103516
2024-03-01 20:00:00+00:00,103.89299774169922
2024-03-01 21:00:00+00:00,103.88500213623047
2024-03-03 22:00:00+00:00,103.88500213623047
2024-03-03 23:00:00+00:00,103.86900329589844
2024-03-04 00:00:00+00:00,103.81400299072266
2024-03-04 01:00:00+00:00,103.88099670410156
2024-03-04 02:00:00+00:00,103.84200286865234
2024-03-04 03:00:00+00:00,103.85099792480469
2024-03-04 04:00:00+00:00,103.86699676513672
2024-03-04 05:00:00+00:00,103.87000274658203
2024-03-04 06:00:00+00:00,103.85099792480469
2024-03-04 07:00:00+00:00,103.77899932861328
2024-03-04 08:00:00+00:00,103.875
2024-03-04 09:00:00+00:00,103.822998046875
2024-03-04 10:00:00+00:00,103.81999969482422
2024-03-04 11:00:00+00:00,103.81600189208984
2024-03-04 12:00:00+00:00,103.90799713134766
2024-03-04 13:00:00+00:00,103.86900329589844
2024-03-04 14:00:00+00:00,103.76899719238281
2024-03-04 15:00:00+00:00,103.76799774169922
2024-03-04 16:00:00+00:00,103.77200317382812
2024-03-04 17:00:00+00:00,103.80599975585938
2024-03-04 18:00:00+00:00,103.83100128173828
2024-03-04 19:00:00+00:00,103.83200073242188
2024-03-04 20:00:00+00:00,103.83599853515625
2024-03-04 21:00:00+00:00,103.83599853515625
2024-03-04 22:00:00+00:00,103.83200073242188
2024-03-04 23:00:00+00:00,103.8219985961914
2024-03-05 00:00:00+00:00,103.83899688720703
2024-03-05 01:00:00+00:00,103.86799621582031
2024-03-05 02:00:00+00:00,103.87699890136719
2024-03-05 03:00:00+00:00,103.8489990234375
2024-03-05 04:00:00+00:00,103.87799835205078
2024-03-05 05:00:00+00:00,103.87200164794922
2024-03-05 06:00:00+00:00,103.91699981689453
2024-03-05 07:00:00+00:00,103.9229965209961
2024-03-05 08:00:00+00:00,103.9209976196289
2024-03-05 09:00:00+00:00,103.8740005493164
2024-03-05 10:00:00+00:00,103.88200378417969
2024-03-05 11:00:00+00:00,103.89299774169922
2024-03-05 12:00:00+00:00,103.91300201416016
2024-03-05 13:00:00+00:00,103.86799621582031
2024-03-05 14:00:00+00:00,103.86100006103516
2024-03-05 15:00:00+00:00,103.64099884033203
2024-03-05 16:00:00+00:00,103.7509994506836
2024-03-05 17:00:00+00:00,103.7509994506836
2024-03-05 18:00:00+00:00,103.80000305175781
2024-03-05 19:00:00+00:00,103.7979965209961
2024-03-05 20:00:00+00:00,103.76399993896484
2024-03-05 21:00:00+00:00,103.77999877929688
2024-03-05 22:00:00+00:00,103.7760009765625
2024-03-05 23:00:00+00:00,103.76899719238281
2024-03-06 00:00:00+00:00,103.83399963378906
2024-03-06 01:00:00+00:00,103.87200164794922
2024-03-06 02:00:00+00:00,103.7969970703125
2024-03-06 03:00:00+00:00,103.81500244140625
2024-03-06 04:00:00+00:00,103.80000305175781
2024-03-06 05:00:00+00:00,103.7750015258789
2024-03-06 06:00:00+00:00,103.74099731445312
2024-03-06 07:00:00+00:00,103.6969985961914
2024-03-06 08:00:00+00:00,103.64199829101562
2024-03-06 09:00:00+00:00,103.5979995727539
2024-03-06 10:00:00+00:00,103.6240005493164
2024-03-06 11:00:00+00:00,103.61499786376953
2024-03-06 12:00:00+00:00,103.66799926757812
2024-03-06 13:00:00+00:00,103.50599670410156
2024-03-06 14:00:00+00:00,103.47100067138672
2024-03-06 15:00:00+00:00,103.31400299072266
2024-03-06 16:00:00+00:00,103.23400115966797
2024-03-06 17:00:00+00:00,103.3239974975586
2024-03-06 18:00:00+00:00,103.31300354003906
2024-03-06 19:00:00+00:00,103.36900329589844
2024-03-06 20:00:00+00:00,103.3550033569336
2024-03-06 21:00:00+00:00,103.36900329589844
2024-03-06 22:00:00+00:00,103.36699676513672
2024-03-06 23:00:00+00:00,103.35399627685547
2024-03-07 00:00:00+00:00,103.28800201416016
2024-03-07 01:00:00+00:00,103.29499816894531
2024-03-07 02:00:00+00:00,103.30999755859375
2024-03-07 03:00:00+00:00,103.27899932861328
2024-03-07 04:00:00+00:00,103.23600006103516
2024-03-07 05:00:00+00:00,103.2750015258789
2024-03-07 06:00:00+00:00,103.21800231933594
2024-03-07 07:00:00+00:00,103.24700164794922
2024-03-07 08:00:00+00:00,103.2229995727539
2024-03-07 09:00:00+00:00,103.18099975585938
2024-03-07 10:00:00+00:00,103.18800354003906
2024-03-07 11:00:00+00:00,103.1969985961914
2024-03-07 12:00:00+00:00,103.19200134277344
2024-03-07 13:00:00+00:00,103.28700256347656
2024-03-07 14:00:00+00:00,103.08399963378906
2024-03-07 15:00:00+00:00,102.98400115966797
2024-03-07 16:00:00+00:00,102.90299987792969
2024-03-07 17:00:00+00:00,102.9260025024414
2024-03-07 18:00:00+00:00,102.87300109863281
2024-03-07 19:00:00+00:00,102.822998046875
2024-03-07 20:00:00+00:00,102.8239974975586
2024-03-07 21:00:00+00:00,102.81099700927734
2024-03-07 22:00:00+00:00,102.80400085449219
2024-03-07 23:00:00+00:00,102.7979965209961
2024-03-08 00:00:00+00:00,102.75199890136719
2024-03-08 01:00:00+00:00,102.79299926757812
2024-03-08 02:00:00+00:00,102.81500244140625
2024-03-08 03:00:00+00:00,102.78700256347656
2024-03-08 04:00:00+00:00,102.80000305175781
2024-03-08 05:00:00+00:00,102.78199768066406
2024-03-08 06:00:00+00:00,102.78199768066406
2024-03-08 07:00:00+00:00,102.86599731445312
2024-03-08 08:00:00+00:00,102.8239974975586
2024-03-08 09:00:00+00:00,102.75399780273438
2024-03-08 10:00:00+00:00,102.75599670410156
2024-03-08 11:00:00+00:00,102.76599884033203
2024-03-08 12:00:00+00:00,102.77899932861328
2024-03-08 13:00:00+00:00,102.56800079345703
2024-03-08 14:00:00+00:00,102.56600189208984
2024-03-08 15:00:00+00:00,102.55799865722656
2024-03-08 16:00:00+00:00,102.72899627685547
2024-03-08 17:00:00+00:00,102.71900177001953
2024-03-08 18:00:00+00:00,102.76000213623047
2024-03-08 19:00:00+00:00,102.71199798583984
2024-03-08 20:00:00+00:00,102.76200103759766
2024-03-08 21:00:00+00:00,102.74099731445312
2024-03-10 21:00:00+00:00,102.74099731445312
2024-03-10 22:00:00+00:00,102.75499725341797
2024-03-10 23:00:00+00:00,102.68800354003906
2024-03-11 00:00:00+00:00,102.68000030517578
2024-03-11 01:00:00+00:00,102.69999694824219
2024-03-11 02:00:00+00:00,102.75
2024-03-11 03:00:00+00:00,102.71700286865234
2024-03-11 04:00:00+00:00,102.73100280761719
2024-03-11 05:00:00+00:00,102.71800231933594
2024-03-11 06:00:00+00:00,102.7040023803711
2024-03-11 07:00:00+00:00,102.68800354003906
2024-03-11 08:00:00+00:00,102.69300079345703
2024-03-11 09:00:00+00:00,102.7239990234375
2024-03-11 10:00:00+00:00,102.68800354003906
2024-03-11 11:00:00+00:00,102.67500305175781
2024-03-11 12:00:00+00:00,102.80699920654297
2024-03-11 13:00:00+00:00,102.88500213623047
2024-03-11 14:00:00+00:00,102.85900115966797
2024-03-11 15:00:00+00:00,102.83799743652344
2024-03-11 16:00:00+00:00,102.84200286865234
2024-03-11 17:00:00+00:00,102.86000061035156
2024-03-11 18:00:00+00:00,102.86900329589844
2024-03-11 19:00:00+00:00,102.8550033569336
2024-03-11 20:00:00+00:00,102.8479995727539
2024-03-11 21:00:00+00:00,102.8479995727539
2024-03-11 22:00:00+00:00,102.8499984741211
2024-03-11 23:00:00+00:00,102.79299926757812
2024-03-12 00:00:00+00:00,102.82099914550781
2024-03-12 01:00:00+00:00,102.78900146484375
2024-03-12 02:00:00+00:00,102.81600189208984
2024-03-12 03:00:00+00:00,102.81700134277344
2024-03-12 04:00:00+00:00,102.80999755859375
2024-03-12 05:00:00+00:00,102.81400299072266
2024-03-12 06:00:00+00:00,102.80899810791016
2024-03-12 07:00:00+00:00,102.85600280761719
2024-03-12 08:00:00+00:00,102.89299774169922
2024-03-12 09:00:00+00:00,102.86699676513672
2024-03-12 10:00:00+00:00,102.8219985961914
2024-03-12 11:00:00+00:00,102.8489990234375
2024-03-12 12:00:00+00:00,102.98100280761719
2024-03-12 13:00:00+00:00,103.09100341796875
2024-03-12 14:00:00+00:00,103.04499816894531
2024-03-12 15:00:00+00:00,103.00299835205078
2024-03-12 16:00:00+00:00,103.01000213623047
2024-03-12 17:00:00+00:00,103.00599670410156
2024-03-12 18:00:00+00:00,102.95700073242188
2024-03-12 19:00:00+00:00,102.93800354003906
2024-03-12 20:00:00+00:00,102.93299865722656
2024-03-12 21:00:00+00:00,102.93199920654297
2024-03-12 22:00:00+00:00,102.9260025024414
2024-03-12 23:00:00+00:00,102.9280014038086
2024-03-13 00:00:00+00:00,102.90499877929688
2024-03-13 01:00:00+00:00,102.93000030517578
2024-03-13 02:00:00+00:00,102.90299987792969
2024-03-13 03:00:00+00:00,102.8949966430664
2024-03-13 04:00:00+00:00,102.9469985961914
2024-03-13 05:00:00+00:00,102.91100311279297
2024-03-13 06:00:00+00:00,102.93499755859375
2024-03-13 07:00:00+00:00,102.94100189208984
2024-03-13 08:00:00+00:00,102.9530029296875
2024-03-13 09:00:00+00:00,103.01200103759766
2024-03-13 10:00:00+00:00,102.94599914550781
2024-03-13 11:00:00+00:00,102.8550033569336
2024-03-13 12:00:00+00:00,102.89900207519531
2024-03-13 13:00:00+00:00,102.88300323486328
2024-03-13 14:00:00+00:00,102.83100128173828
2024-03-13 15:00:00+00:00,102.83200073242188
2024-03-13 16:00:00+00:00,102.79299926757812
2024-03-13 17:00:00+00:00,102.72000122070312
2024-03-13 18:00:00+00:00,102.78900146484375
2024-03-13 19:00:00+00:00,102.822998046875
2024-03-13 20:00:00+00:00,102.80999755859375
2024-03-13 21:00:00+00:00,102.78800201416016
2024-03-13 22:00:00+00:00,102.78500366210938
2024-03-13 23:00:00+00:00,102.75700378417969
2024-03-14 00:00:00+00:00,102.78299713134766
2024-03-14 01:00:00+00:00,102.78600311279297
2024-03-14 02:00:00+00:00,102.8550033569336
2024-03-14 03:00:00+00:00,102.86799621582031
2024-03-14 04:00:00+00:00,102.86799621582031
2024-03-14 05:00:00+00:00,102.89299774169922
2024-03-14 06:00:00+00:00,102.88999938964844
2024-03-14 07:00:00+00:00,102.89900207519531
2024-03-14 08:00:00+00:00,102.87999725341797
2024-03-14 09:00:00+00:00,102.83599853515625
2024-03-14 10:00:00+00:00,102.85099792480469
2024-03-14 11:00:00+00:00,102.8270034790039
2024-03-14 12:00:00+00:00,102.9469985961914
2024-03-14 13:00:00+00:00,103.0999984741211
2024-03-14 14:00:00+00:00,103.23500061035156
2024-03-14 15:00:00+00:00,103.3219985961914
2024-03-14 16:00:00+00:00,103.3280029296875
2024-03-14 17:00:00+00:00,103.34400177001953
2024-03-14 18:00:00+00:00,103.36000061035156
2024-03-14 19:00:00+00:00,103.30899810791016
2024-03-14 20:00:00+00:00,103.36699676513672
2024-03-14 21:00:00+00:00,103.34700012207031
2024-03-14 22:00:00+00:00,103.3550033569336
2024-03-14 23:00:00+00:00,103.38800048828125
2024-03-15 00:00:00+00:00,103.44599914550781
2024-03-15 01:00:00+00:00,103.4520034790039
2024-03-15 02:00:00+00:00,103.4800033569336
2024-03-15 03:00:00+00:00,103.44000244140625
2024-03-15 04:00:00+00:00,103.43499755859375
2024-03-15 05:00:00+00:00,103.43099975585938
2024-03-15 06:00:00+00:00,103.40599822998047
2024-03-15 07:00:00+00:00,103.44599914550781
2024-03-15 08:00:00+00:00,103.44100189208984
2024-03-15 09:00:00+00:00,103.31800079345703
2024-03-15 10:00:00+00:00,103.36699676513672
2024-03-15 11:00:00+00:00,103.32599639892578
2024-03-15 12:00:00+00:00,103.39700317382812
2024-03-15 13:00:00+00:00,103.41699981689453
2024-03-15 14:00:00+00:00,103.41000366210938
2024-03-15 15:00:00+00:00,103.44499969482422
2024-03-15 16:00:00+00:00,103.4729995727539
2024-03-15 17:00:00+00:00,103.48400115966797
2024-03-15 18:00:00+00:00,103.43199920654297
2024-03-15 19:00:00+00:00,103.44100189208984
2024-03-15 20:00:00+00:00,103.44599914550781
2024-03-17 21:00:00+00:00,103.44599914550781
2024-03-17 22:00:00+00:00,103.44499969482422
2024-03-17 23:00:00+00:00,103.46399688720703
2024-03-18 00:00:00+00:00,103.48899841308594
2024-03-18 01:00:00+00:00,103.4489974975586
2024-03-18 02:00:00+00:00,103.4209976196289
2024-03-18 03:00:00+00:00,103.46800231933594
2024-03-18 04:00:00+00:00,103.4530029296875
2024-03-18 05:00:00+00:00,103.4530029296875
2024-03-18 06:00:00+00:00,103.4540023803711
2024-03-18 07:00:00+00:00,103.40699768066406
2024-03-18 08:00:00+00:00,103.4010009765625
2024-03-18 09:00:00+00:00,103.4020004272461
2024-03-18 10:00:00+00:00,103.39099884033203
2024-03-18 11:00:00+00:00,103.35700225830078
2024-03-18 12:00:00+00:00,103.44100189208984
2024-03-18 13:00:00+00:00,103.47899627685547
2024-03-18 14:00:00+00:00,103.5199966430664
2024-03-18 15:00:00+00:00,103.50700378417969
2024-03-18 16:00:00+00:00,103.59300231933594
2024-03-18 17:00:00+00:00,103.61900329589844
2024-03-18 18:00:00+00:00,103.59400177001953
2024-03-18 19:00:00+00:00,103.61799621582031
2024-03-18 20:00:00+00:00,103.58799743652344
2024-03-18 21:00:00+00:00,103.5790023803711
2024-03-18 22:00:00+00:00,103.58200073242188
2024-03-18 23:00:00+00:00,103.58499908447266
2024-03-19 00:00:00+00:00,103.62699890136719
2024-03-19 01:00:00+00:00,103.6520004272461
2024-03-19 02:00:00+00:00,103.61599731445312
2024-03-19 03:00:00+00:00,103.64099884033203
2024-03-19 04:00:00+00:00,103.6969985961914
2024-03-19 05:00:00+00:00,103.79100036621094
2024-03-19 06:00:00+00:00,103.78600311279297
2024-03-19 07:00:00+00:00,103.86299896240234
2024-03-19 08:00:00+00:00,103.9219970703125
2024-03-19 09:00:00+00:00,104.04199981689453
2024-03-19 10:00:00+00:00,103.96900177001953
2024-03-19 11:00:00+00:00,103.8949966430664
2024-03-19 12:00:00+00:00,103.91600036621094
2024-03-19 13:00:00+00:00,103.927001953125
2024-03-19 14:00:00+00:00,103.83699798583984
2024-03-19 15:00:00+00:00,103.86299896240234
2024-03-19 16:00:00+00:00,103.8280029296875
2024-03-19 17:00:00+00:00,103.81800079345703
2024-03-19 18:00:00+00:00,103.83899688720703
2024-03-19 19:00:00+00:00,103.82599639892578
2024-03-19 20:00:00+00:00,103.81400299072266
2024-03-19 21:00:00+00:00,103.80699920654297
2024-03-19 22:00:00+00:00,103.82099914550781
2024-03-19 23:00:00+00:00,103.86599731445312
2024-03-20 00:00:00+00:00,103.86399841308594
2024-03-20 01:00:00+00:00,103.86699676513672
2024-03-20 02:00:00+00:00,103.83999633789062
2024-03-20 03:00:00+00:00,103.83699798583984
2024-03-20 04:00:00+00:00,103.88700103759766
2024-03-20 05:00:00+00:00,103.89800262451172
2024-03-20 06:00:00+00:00,103.86900329589844
2024-03-20 07:00:00+00:00,103.90599822998047
2024-03-20 08:00:00+00:00,104.0009994506836
2024-03-20 09:00:00+00:00,104.13099670410156
2024-03-20 10:00:00+00:00,104.1259994506836
2024-03-20 11:00:00+00:00,104.10299682617188
2024-03-20 12:00:00+00:00,104.0979995727539
2024-03-20 13:00:00+00:00,104.08000183105469
2024-03-20 14:00:00+00:00,104.03900146484375
2024-03-20 15:00:00+00:00,103.99299621582031
2024-03-20 16:00:00+00:00,103.93499755859375
2024-03-20 17:00:00+00:00,103.90699768066406
2024-03-20 18:00:00+00:00,103.41400146484375
2024-03-20 19:00:00+00:00,103.40399932861328
2024-03-20 20:00:00+00:00,103.40299987792969
2024-03-20 21:00:00+00:00,103.41699981689453
2024-03-20 22:00:00+00:00,103.38200378417969
2024-03-20 23:00:00+00:00,103.23699951171875
2024-03-21 00:00:00+00:00,103.24600219726562
2024-03-21 01:00:00+00:00,103.21600341796875
2024-03-21 02:00:00+00:00,103.22200012207031
2024-03-21 03:00:00+00:00,103.21900177001953
2024-03-21 04:00:00+00:00,103.26300048828125
2024-03-21 05:00:00+00:00,103.29299926757812
2024-03-21 06:00:00+00:00,103.2490005493164
2024-03-21 07:00:00+00:00,103.33699798583984
2024-03-21 08:00:00+00:00,103.6259994506836
2024-03-21 09:00:00+00:00,103.48600006103516
2024-03-21 10:00:00+00:00,103.4540023803711
2024-03-21 11:00:00+00:00,103.55799865722656
2024-03-21 12:00:00+00:00,103.55999755859375
2024-03-21 13:00:00+00:00,103.76699829101562
2024-03-21 14:00:00+00:00,103.83699798583984
2024-03-21 15:00:00+00:00,104.00700378417969
2024-03-21 16:00:00+00:00,104.00199890136719
2024-03-21 17:00:00+00:00,104.04199981689453
2024-03-21 18:00:00+00:00,104.00399780273438
2024-03-21 19:00:00+00:00,104.0469970703125
2024-03-21 20:00:00+00:00,104.01000213623047
2024-03-21 21:00:00+00:00,103.99700164794922
2024-03-21 22:00:00+00:00,104.00499725341797
2024-03-21 23:00:00+00:00,103.99500274658203
2024-03-22 00:00:00+00:00,103.947998046875
2024-03-22 01:00:00+00:00,104.11100006103516
2024-03-22 02:00:00+00:00,104.19000244140625
2024-03-22 03:00:00+00:00,104.18800354003906
2024-03-22 04:00:00+00:00,104.21700286865234
2024-03-22 05:00:00+00:00,104.14900207519531
2024-03-22 06:00:00+00:00,104.22200012207031
2024-03-22 07:00:00+00:00,104.28500366210938
2024-03-22 08:00:00+00:00,104.39600372314453
2024-03-22 09:00:00+00:00,104.40299987792969
2024-03-22 10:00:00+00:00,104.40499877929688
2024-03-22 11:00:00+00:00,104.39800262451172
2024-03-22 12:00:00+00:00,104.24800109863281
2024-03-22 13:00:00+00:00,104.22799682617188
2024-03-22 14:00:00+00:00,104.33799743652344
2024-03-22 15:00:00+00:00,104.36900329589844
2024-03-22 16:00:00+00:00,104.44499969482422
2024-03-22 17:00:00+00:00,104.4540023803711
2024-03-22 18:00:00+00:00,104.4729995727539
2024-03-22 19:00:00+00:00,104.45500183105469
2024-03-22 20:00:00+00:00,104.43000030517578
2024-03-24 21:00:00+00:00,104.43000030517578
2024-03-24 22:00:00+00:00,104.39800262451172
2024-03-24 23:00:00+00:00,104.41400146484375
2024-03-25 00:00:00+00:00,104.46099853515625
2024-03-25 01:00:00+00:00,104.33899688720703
2024-03-25 02:00:00+00:00,104.28600311279297
2024-03-25 03:00:00+00:00,104.36499786376953
2024-03-25 04:00:00+00:00,104.38400268554688
2024-03-25 05:00:00+00:00,104.30400085449219
2024-03-25 06:00:00+00:00,104.35700225830078
2024-03-25 07:00:00+00:00,104.3740005493164
2024-03-25 08:00:00+00:00,104.37899780273438
2024-03-25 09:00:00+00:00,104.35900115966797
2024-03-25 10:00:00+00:00,104.33699798583984
2024-03-25 11:00:00+00:00,104.26300048828125
2024-03-25 12:00:00+00:00,104.24400329589844
2024-03-25 13:00:00+00:00,104.2020034790039
2024-03-25 14:00:00+00:00,104.18299865722656
2024-03-25 15:00:00+00:00,104.20899963378906
2024-03-25 16:00:00+00:00,104.2300033569336
2024-03-25 17:00:00+00:00,104.2300033569336
2024-03-25 18:00:00+00:00,104.23500061035156
2024-03-25 19:00:00+00:00,104.21600341796875
2024-03-25 20:00:00+00:00,104.22799682617188
2024-03-25 21:00:00+00:00,104.23300170898438
2024-03-25 22:00:00+00:00,104.22899627685547
2024-03-25 23:00:00+00:00,104.2300033569336
2024-03-26 00:00:00+00:00,104.17400360107422
2024-03-26 01:00:00+00:00,104.19100189208984
2024-03-26 02:00:00+00:00,104.17900085449219
2024-03-26 03:00:00+00:00,104.23799896240234
2024-03-26 04:00:00+00:00,104.19999694824219
2024-03-26 05:00:00+00:00,104.15699768066406
2024-03-26 06:00:00+00:00,104.11399841308594
2024-03-26 07:00:00+00:00,104.19000244140625
2024-03-26 08:00:00+00:00,104.13300323486328
2024-03-26 09:00:00+00:00,104.09200286865234
2024-03-26 10:00:00+00:00,104.072998046875
2024-03-26 11:00:00+00:00,104.08699798583984
2024-03-26 12:00:00+00:00,104.13200378417969
2024-03-26 13:00:00+00:00,104.12200164794922
2024-03-26 14:00:00+00:00,104.21199798583984
2024-03-26 15:00:00+00:00,104.30500030517578
2024-03-26 16:00:00+00:00,104.30799865722656
2024-03-26 17:00:00+00:00,104.30500030517578
2024-03-26 18:00:00+00:00,104.29299926757812
2024-03-26 19:00:00+00:00,104.33100128173828
2024-03-26 20:00:00+00:00,104.30599975585938
2024-03-26 21:00:00+00:00,104.29100036621094
2024-03-26 22:00:00+00:00,104.2979965209961
2024-03-26 23:00:00+00:00,104.2969970703125
2024-03-27 00:00:00+00:00,104.32099914550781
2024-03-27 01:00:00+00:00,104.39099884033203
2024-03-27 02:00:00+00:00,104.39700317382812
2024-03-27 03:00:00+00:00,104.375
2024-03-27 04:00:00+00:00,104.34200286865234
2024-03-27 05:00:00+00:00,104.3759994506836
2024-03-27 06:00:00+00:00,104.3290023803711
2024-03-27 07:00:00+00:00,104.36699676513672
2024-03-27 08:00:00+00:00,104.37100219726562
2024-03-27 09:00:00+00:00,104.3280029296875
2024-03-27 10:00:00+00:00,104.27400207519531
2024-03-27 11:00:00+00:00,104.38200378417969
2024-03-27 12:00:00+00:00,104.4000015258789
2024-03-27 13:00:00+00:00,104.39700317382812
2024-03-27 14:00:00+00:00,104.39299774169922
2024-03-27 15:00:00+00:00,104.36900329589844
2024-03-27 16:00:00+00:00,104.34200286865234
2024-03-27 17:00:00+00:00,104.38099670410156
2024-03-27 18:00:00+00:00,104.3479995727539
2024-03-27 19:00:00+00:00,104.30500030517578
2024-03-27 20:00:00+00:00,104.28900146484375
2024-03-27 21:00:00+00:00,104.29199981689453
2024-03-27 22:00:00+00:00,104.37200164794922
2024-03-27 23:00:00+00:00,104.427001953125
2024-03-28 00:00:00+00:00,104.39600372314453
2024-03-28 01:00:00+00:00,104.38700103759766
2024-03-28 02:00:00+00:00,104.3489990234375
2024-03-28 03:00:00+00:00,104.35900115966797
2024-03-28 04:00:00+00:00,104.33899688720703
2024-03-28 05:00:00+00:00,104.33899688720703
2024-03-28 06:00:00+00:00,104.37799835205078
2024-03-28 07:00:00+00:00,104.51799774169922
2024-03-28 08:00:00+00:00,104.5989990234375
2024-03-28 09:00:00+00:00,104.72100067138672
2024-03-28 10:00:00+00:00,104.59200286865234
2024-03-28 11:00:00+00:00,104.6259994506836
2024-03-28 12:00:00+00:00,104.40599822998047
2024-03-28 13:00:00+00:00,104.36000061035156
2024-03-28 14:00:00+00:00,104.43699645996094
2024-03-28 15:00:00+00:00,104.43699645996094
2024-03-28 16:00:00+00:00,104.45500183105469
2024-03-28 17:00:00+00:00,104.48799896240234
2024-03-28 18:00:00+00:00,104.5459976196289
2024-03-28 19:00:00+00:00,104.54900360107422
2024-03-28 20:00:00+00:00,104.53700256347656
2024-03-28 21:00:00+00:00,104.53600311279297
2024-03-28 22:00:00+00:00,104.53199768066406
2024-03-28 23:00:00+00:00,104.5250015258789
2024-03-29 00:00:00+00:00,104.55400085449219
2024-03-29 01:00:00+00:00,104.60900115966797
2024-03-29 02:00:00+00:00,104.59200286865234
2024-03-29 03:00:00+00:00,104.61599731445312
2024-03-31 21:00:00+00:00,104.48699951171875
2024-03-31 22:00:00+00:00,104.53299713134766
2024-03-31 23:00:00+00:00,104.48600006103516
2024-04-01 00:00:00+00:00,104.48999786376953
2024-04-01 01:00:00+00:00,104.5199966430664
2024-04-01 02:00:00+00:00,104.51200103759766
2024-04-01 03:00:00+00:00,104.49299621582031
2024-04-01 04:00:00+00:00,104.5250015258789
2024-04-01 05:00:00+00:00,104.53600311279297
2024-04-01 06:00:00+00:00,104.52899932861328
2024-04-01 07:00:00+00:00,104.53600311279297
2024-04-01 08:00:00+00:00,104.50599670410156
2024-04-01 09:00:00+00:00,104.53900146484375
2024-04-01 10:00:00+00:00,104.58999633789062
2024-04-01 11:00:00+00:00,104.58799743652344
2024-04-01 12:00:00+00:00,104.62200164794922
2024-04-01 13:00:00+00:00,104.69599914550781
2024-04-01 14:00:00+00:00,104.9530029296875
2024-04-01 15:00:00+00:00,105.05799865722656
2024-04-01 16:00:00+00:00,105.01699829101562
2024-04-01 17:00:00+00:00,104.97599792480469
2024-04-01 18:00:00+00:00,105.01899719238281
2024-04-01 19:00:00+00:00,104.97799682617188
2024-04-01 20:00:00+00:00,104.96199798583984
2024-04-01 21:00:00+00:00,104.95899963378906
2024-04-01 22:00:00+00:00,104.96499633789062
2024-04-01 23:00:00+00:00,105.00199890136719
2024-04-02 00:00:00+00:00,105.00900268554688
2024-04-02 01:00:00+00:00,105.03500366210938
2024-04-02 02:00:00+00:00,105.02200317382812
2024-04-02 03:00:00+00:00,105.0719985961914
2024-04-02 04:00:00+00:00,105.05000305175781
2024-04-02 05:00:00+00:00,105.09100341796875
2024-04-02 06:00:00+00:00,105.06400299072266
2024-04-02 07:00:00+00:00,104.9739990234375
2024-04-02 08:00:00+00:00,105.02100372314453
2024-04-02 09:00:00+00:00,104.95099639892578
2024-04-02 10:00:00+00:00,104.93499755859375
2024-04-02 11:00:00+00:00,104.87799835205078
2024-04-02 12:00:00+00:00,104.9280014038086
2024-04-02 13:00:00+00:00,104.80899810791016
2024-04-02 14:00:00+00:00,104.79199981689453
2024-04-02 15:00:00+00:00,104.76399993896484
2024-04-02 16:00:00+00:00,104.77799987792969
2024-04-02 17:00:00+00:00,104.78199768066406
2024-04-02 18:00:00+00:00,104.81600189208984
2024-04-02 19:00:00+00:00,104.77999877929688
2024-04-02 20:00:00+00:00,104.76599884033203
2024-04-02 21:00:00+00:00,104.73899841308594
2024-04-02 22:00:00+00:00,104.75299835205078
2024-04-02 23:00:00+00:00,104.7760009765625
2024-04-03 00:00:00+00:00,104.77999877929688
2024-04-03 01:00:00+00:00,104.76499938964844
2024-04-03 02:00:00+00:00,104.7509994506836
2024-04-03 03:00:00+00:00,104.71700286865234
2024-04-03 04:00:00+00:00,104.74199676513672
2024-04-03 05:00:00+00:00,104.74299621582031
2024-04-03 06:00:00+00:00,104.79199981689453
2024-04-03 07:00:00+00:00,104.7969970703125
2024-04-03 08:00:00+00:00,104.77200317382812
2024-04-03 09:00:00+00:00,104.81500244140625
2024-04-03 10:00:00+00:00,104.75499725341797
2024-04-03 11:00:00+00:00,104.7020034790039
2024-04-03 12:00:00+00:00,104.75700378417969
2024-04-03 13:00:00+00:00,104.67500305175781
2024-04-03 14:00:00+00:00,104.37100219726562
2024-04-03 15:00:00+00:00,104.31600189208984
2024-04-03 16:00:00+00:00,104.28099822998047
2024-04-03 17:00:00+00:00,104.27200317382812
2024-04-03 18:00:00+00:00,104.2490005493164
2024-04-03 19:00:00+00:00,104.26899719238281
2024-04-03 20:00:00+00:00,104.24600219726562
2024-04-03 21:00:00+00:00,104.26399993896484
2024-04-03 22:00:00+00:00,104.22699737548828
2024-04-03 23:00:00+00:00,104.2239990234375
2024-04-04 00:00:00+00:00,104.18499755859375
2024-04-04 01:00:00+00:00,104.20999908447266
2024-04-04 02:00:00+00:00,104.2030029296875
2024-04-04 03:00:00+00:00,104.197998046875
2024-04-04 04:00:00+00:00,104.197998046875
2024-04-04 05:00:00+00:00,104.19499969482422
2024-04-04 06:00:00+00:00,104.22100067138672
2024-04-04 07:00:00+00:00,104.11299896240234
2024-04-04 08:00:00+00:00,104.07599639892578
2024-04-04 09:00:00+00:00,104.08999633789062
2024-04-04 10:00:00+00:00,104.06999969482422
2024-04-04 11:00:00+00:00,104.14299774169922
2024-04-04 12:00:00+00:00,103.99199676513672
2024-04-04 13:00:00+00:00,103.97699737548828
2024-04-04 14:00:00+00:00,104.00299835205078
2024-04-04 15:00:00+00:00,104.02799987792969
2024-04-04 16:00:00+00:00,104.06700134277344
2024-04-04 17:00:00+00:00,104.07099914550781
2024-04-04 18:00:00+00:00,104.12100219726562
2024-04-04 19:00:00+00:00,104.24299621582031
2024-04-04 20:00:00+00:00,104.22200012207031
2024-04-04 21:00:00+00:00,104.21399688720703
2024-04-04 22:00:00+00:00,104.20700073242188
2024-04-04 23:00:00+00:00,104.22699737548828
2024-04-05 00:00:00+00:00,104.1520004272461
2024-04-05 01:00:00+00:00,104.3010025024414
2024-04-05 02:00:00+00:00,104.3280029296875
2024-04-05 03:00:00+00:00,104.32099914550781
2024-04-05 04:00:00+00:00,104.31999969482422
2024-04-05 05:00:00+00:00,104.30500030517578
2024-04-05 06:00:00+00:00,104.29399871826172
2024-04-05 07:00:00+00:00,104.25199890136719
2024-04-05 08:00:00+00:00,104.25599670410156
2024-04-05 09:00:00+00:00,104.24500274658203
2024-04-05 10:00:00+00:00,104.25599670410156
2024-04-05 11:00:00+00:00,104.26200103759766
2024-04-05 12:00:00+00:00,104.5459976196289
2024-04-05 13:00:00+00:00,104.58699798583984
2024-04-05 14:00:00+00:00,104.41500091552734
2024-04-05 15:00:00+00:00,104.25800323486328
2024-04-05 16:00:00+00:00,104.28700256347656
2024-04-05 17:00:00+00:00,104.30699920654297
2024-04-05 18:00:00+00:00,104.2979965209961
2024-04-05 19:00:00+00:00,104.30500030517578
2024-04-05 20:00:00+00:00,104.28700256347656
2024-04-07 22:00:00+00:00,104.3740005493164
2024-04-07 23:00:00+00:00,104.36599731445312
2024-04-08 00:00:00+00:00,104.40299987792969
2024-04-08 01:00:00+00:00,104.33499908447266
2024-04-08 02:00:00+00:00,104.2770004272461
2024-04-08 03:00:00+00:00,104.34700012207031
2024-04-08 04:00:00+00:00,104.35700225830078
2024-04-08 05:00:00+00:00,104.34200286865234
2024-04-08 06:00:00+00:00,104.33399963378906
2024-04-08 07:00:00+00:00,104.3499984741211
2024-04-08 08:00:00+00:00,104.41699981689453
2024-04-08 09:00:00+00:00,104.37699890136719
2024-04-08 10:00:00+00:00,104.33100128173828
2024-04-08 11:00:00+00:00,104.41300201416016
2024-04-08 12:00:00+00:00,104.31999969482422
2024-04-08 13:00:00+00:00,104.177001953125
2024-04-08 14:00:00+00:00,104.18099975585938
2024-04-08 15:00:00+00:00,104.17900085449219
2024-04-08 16:00:00+00:00,104.20800018310547
2024-04-08 17:00:00+00:00,104.13600158691406
2024-04-08 18:00:00+00:00,104.13999938964844
2024-04-08 19:00:00+00:00,104.15399932861328
2024-04-08 20:00:00+00:00,104.13800048828125
2024-04-08 21:00:00+00:00,104.13899993896484
2024-04-08 22:00:00+00:00,104.12100219726562
2024-04-08 23:00:00+00:00,104.11499786376953
2024-04-09 00:00:00+00:00,104.1500015258789
2024-04-09 01:00:00+00:00,104.14299774169922
2024-04-09 02:00:00+00:00,104.15799713134766
2024-04-09 03:00:00+00:00,104.16999816894531
2024-04-09 04:00:00+00:00,104.16000366210938
2024-04-09 05:00:00+00:00,104.14800262451172
2024-04-09 06:00:00+00:00,104.18699645996094
2024-04-09 07:00:00+00:00,104.17900085449219
2024-04-09 08:00:00+00:00,104.13500213623047
2024-04-09 09:00:00+00:00,104.05999755859375
2024-04-09 10:00:00+00:00,104.0270004272461
2024-04-09 11:00:00+00:00,104.09100341796875
2024-04-09 12:00:00+00:00,103.93499755859375
2024-04-09 13:00:00+00:00,103.94999694824219
2024-04-09 14:00:00+00:00,104.11699676513672
2024-04-09 15:00:00+00:00,104.13300323486328
2024-04-09 16:00:00+00:00,104.13500213623047
2024-04-09 17:00:00+00:00,104.16200256347656
2024-04-09 18:00:00+00:00,104.14800262451172
2024-04-09 19:00:00+00:00,104.11199951171875
2024-04-09 20:00:00+00:00,104.11199951171875
2024-04-09 21:00:00+00:00,104.10399627685547
2024-04-09 22:00:00+00:00,104.11100006103516
2024-04-09 23:00:00+00:00,104.10199737548828
2024-04-10 00:00:00+00:00,104.10299682617188
2024-04-10 01:00:00+00:00,104.11799621582031
2024-04-10 02:00:00+00:00,104.1259994506836
2024-04-10 03:00:00+00:00,104.13400268554688
2024-04-10 04:00:00+00:00,104.13700103759766
2024-04-10 05:00:00+00:00,104.14700317382812
2024-04-10 06:00:00+00:00,104.11000061035156
2024-04-10 07:00:00+00:00,104.10700225830078
2024-04-10 08:00:00+00:00,104.07099914550781
2024-04-10 09:00:00+00:00,104.06500244140625
2024-04-10 10:00:00+00:00,104.03800201416016
2024-04-10 11:00:00+00:00,104.0979995727539
2024-04-10 12:00:00+00:00,104.78199768066406
2024-04-10 13:00:00+00:00,105.05400085449219
2024-04-10 14:00:00+00:00,105.06199645996094
2024-04-10 15:00:00+00:00,105.21700286865234
2024-04-10 16:00:00+00:00,105.23600006103516
2024-04-10 17:00:00+00:00,105.0989990234375
2024-04-10 18:00:00+00:00,105.24500274658203
2024-04-10 19:00:00+00:00,105.16999816894531
2024-04-10 20:00:00+00:00,105.1989974975586
2024-04-10 21:00:00+00:00,105.18399810791016
2024-04-10 22:00:00+00:00,105.19100189208984
2024-04-10 23:00:00+00:00,105.1989974975586
2024-04-11 00:00:00+00:00,105.18000030517578
2024-04-11 01:00:00+00:00,105.1449966430664
2024-04-11 02:00:00+00:00,105.14700317382812
2024-04-11 03:00:00+00:00,105.15899658203125
2024-04-11 04:00:00+00:00,105.14099884033203
2024-04-11 05:00:00+00:00,105.16999816894531
2024-04-11 06:00:00+00:00,105.3030014038086
2024-04-11 07:00:00+00:00,105.1729965209961
2024-04-11 08:00:00+00:00,105.21499633789062
2024-04-11 09:00:00+00:00,105.27999877929688
2024-04-11 10:00:00+00:00,105.27100372314453
2024-04-11 11:00:00+00:00,105.29100036621094
2024-04-11 12:00:00+00:00,105.12799835205078
2024-04-11 13:00:00+00:00,105.23799896240234
2024-04-11 14:00:00+00:00,105.48899841308594
2024-04-11 15:00:00+00:00,105.35800170898438
2024-04-11 16:00:00+00:00,105.37200164794922
2024-04-11 17:00:00+00:00,105.26000213623047
2024-04-11 18:00:00+00:00,105.28199768066406
2024-04-11 19:00:00+00:00,105.2490005493164
2024-04-11 20:00:00+00:00,105.28399658203125
2024-04-11 21:00:00+00:00,105.27200317382812
2024-04-11 22:00:00+00:00,105.25900268554688
2024-04-11 23:00:00+00:00,105.2750015258789
2024-04-12 00:00:00+00:00,105.25299835205078
2024-04-12 01:00:00+00:00,105.2699966430664
2024-04-12 02:00:00+00:00,105.26499938964844
2024-04-12 03:00:00+00:00,105.35099792480469
2024-04-12 04:00:00+00:00,105.40299987792969
2024-04-12 05:00:00+00:00,105.4010009765625
2024-04-12 06:00:00+00:00,105.62899780273438
2024-04-12 07:00:00+00:00,105.61399841308594
2024-04-12 08:00:00+00:00,105.72000122070312
2024-04-12 09:00:00+00:00,105.8010025024414
2024-04-12 10:00:00+00:00,105.93099975585938
2024-04-12 11:00:00+00:00,105.89800262451172
2024-04-12 12:00:00+00:00,105.97000122070312
2024-04-12 13:00:00+00:00,105.9489974975586
2024-04-12 14:00:00+00:00,106.0459976196289
2024-04-12 15:00:00+00:00,105.94100189208984
2024-04-12 16:00:00+00:00,105.99099731445312
2024-04-12 17:00:00+00:00,105.9540023803711
2024-04-12 18:00:00+00:00,106.03800201416016
2024-04-12 19:00:00+00:00,106.04100036621094
2024-04-12 20:00:00+00:00,106.01300048828125
2024-04-14 21:00:00+00:00,106.01300048828125
2024-04-14 22:00:00+00:00,105.94100189208984
2024-04-14 23:00:00+00:00,105.96499633789062
2024-04-15 00:00:00+00:00,105.99400329589844
2024-04-15 01:00:00+00:00,105.96600341796875
2024-04-15 02:00:00+00:00,105.97100067138672
2024-04-15 03:00:00+00:00,105.95099639892578
2024-04-15 04:00:00+00:00,105.95999908447266
2024-04-15 05:00:00+00:00,105.91699981689453
2024-04-15 06:00:00+00:00,105.9489974975586
2024-04-15 07:00:00+00:00,105.91999816894531
2024-04-15 08:00:00+00:00,105.91300201416016
2024-04-15 09:00:00+00:00,105.91699981689453
2024-04-15 10:00:00+00:00,105.89299774169922
2024-04-15 11:00:00+00:00,105.92400360107422
2024-04-15 12:00:00+00:00,105.99299621582031
2024-04-15 13:00:00+00:00,106.09200286865234
2024-04-15 14:00:00+00:00,106.19599914550781
2024-04-15 15:00:00+00:00,106.06199645996094
2024-04-15 16:00:00+00:00,106.12000274658203
2024-04-15 17:00:00+00:00,106.17400360107422
2024-04-15 18:00:00+00:00,106.20800018310547
2024-04-15 19:00:00+00:00,106.18900299072266
2024-04-15 20:00:00+00:00,106.20700073242188
2024-04-15 21:00:00+00:00,106.2040023803711
2024-04-15 22:00:00+00:00,106.18199920654297
2024-04-15 23:00:00+00:00,106.2030029296875
2024-04-16 00:00:00+00:00,106.27100372314453
2024-04-16 01:00:00+00:00,106.3010025024414
2024-04-16 02:00:00+00:00,106.35099792480469
2024-04-16 03:00:00+00:00,106.34400177001953
2024-04-16 04:00:00+00:00,106.302001953125
2024-04-16 05:00:00+00:00,106.2750015258789
2024-04-16 06:00:00+00:00,106.36900329589844
2024-04-16 07:00:00+00:00,106.29299926757812
2024-04-16 08:00:00+00:00,106.3280029296875
2024-04-16 09:00:00+00:00,106.23600006103516
2024-04-16 10:00:00+00:00,106.26499938964844
2024-04-16 11:00:00+00:00,106.12899780273438
2024-04-16 12:00:00+00:00,106.18699645996094
2024-04-16 13:00:00+00:00,106.2699966430664
2024-04-16 14:00:00+00:00,106.25399780273438
2024-04-16 15:00:00+00:00,106.28099822998047
2024-04-16 16:00:00+00:00,106.302001953125
2024-04-16 17:00:00+00:00,106.34100341796875
2024-04-16 18:00:00+00:00,106.25700378417969
2024-04-16 19:00:00+00:00,106.3270034790039
2024-04-16 20:00:00+00:00,106.36900329589844
2024-04-16 21:00:00+00:00,106.37200164794922
2024-04-16 22:00:00+00:00,106.37200164794922
2024-04-16 23:00:00+00:00,106.33599853515625
2024-04-17 00:00:00+00:00,106.33200073242188
2024-04-17 01:00:00+00:00,106.28800201416016
2024-04-17 02:00:00+00:00,106.24299621582031
2024-04-17 03:00:00+00:00,106.29299926757812
2024-04-17 04:00:00+00:00,106.30899810791016
2024-04-17 05:00:00+00:00,106.40399932861328
2024-04-17 06:00:00+00:00,106.16200256347656
2024-04-17 07:00:00+00:00,106.26499938964844
2024-04-17 08:00:00+00:00,106.14299774169922
2024-04-17 09:00:00+00:00,106.15899658203125
2024-04-17 10:00:00+00:00,106.18900299072266
2024-04-17 11:00:00+00:00,106.21099853515625
2024-04-17 12:00:00+00:00,106.23100280761719
2024-04-17 13:00:00+00:00,106.14700317382812
2024-04-17 14:00:00+00:00,106.23899841308594
2024-04-17 15:00:00+00:00,106.1969985961914
2024-04-17 16:00:00+00:00,106.13099670410156
2024-04-17 17:00:00+00:00,105.9739990234375
2024-04-17 18:00:00+00:00,105.95099639892578
2024-04-17 19:00:00+00:00,105.94300079345703
2024-04-17 20:00:00+00:00,105.94200134277344
2024-04-17 21:00:00+00:00,105.94200134277344
2024-04-17 22:00:00+00:00,105.91899871826172
2024-04-17 23:00:00+00:00,105.96399688720703
2024-04-18 00:00:00+00:00,105.94400024414062
2024-04-18 01:00:00+00:00,105.93299865722656
2024-04-18 02:00:00+00:00,105.85299682617188
2024-04-18 03:00:00+00:00,105.84200286865234
2024-04-18 04:00:00+00:00,105.86399841308594
2024-04-18 05:00:00+00:00,105.83899688720703
2024-04-18 06:00:00+00:00,105.80400085449219
2024-04-18 07:00:00+00:00,105.82599639892578
2024-04-18 08:00:00+00:00,105.83999633789062
2024-04-18 09:00:00+00:00,105.90299987792969
2024-04-18 10:00:00+00:00,105.86599731445312
2024-04-18 11:00:00+00:00,105.85399627685547
2024-04-18 12:00:00+00:00,105.96499633789062
2024-04-18 13:00:00+00:00,106.08599853515625
2024-04-18 14:00:00+00:00,106.08000183105469
2024-04-18 15:00:00+00:00,106.01399993896484
2024-04-18 16:00:00+00:00,106.08300018310547
2024-04-18 17:00:00+00:00,106.12799835205078
2024-04-18 18:00:00+00:00,106.1510009765625
2024-04-18 19:00:00+00:00,106.16100311279297
2024-04-18 20:00:00+00:00,106.16600036621094
2024-04-18 21:00:00+00:00,106.15699768066406
2024-04-18 22:00:00+00:00,106.15699768066406
2024-04-18 23:00:00+00:00,106.17500305175781
2024-04-19 00:00:00+00:00,106.21099853515625
2024-04-19 01:00:00+00:00,106.31500244140625
2024-04-19 02:00:00+00:00,106.29499816894531
2024-04-19 03:00:00+00:00,106.19300079345703
2024-04-19 04:00:00+00:00,106.2040023803711
2024-04-19 05:00:00+00:00,106.24099731445312
2024-04-19 06:00:00+00:00,106.125
2024-04-19 07:00:00+00:00,106.03399658203125
2024-04-19 08:00:00+00:00,106.11100006103516
2024-04-19 09:00:00+00:00,106.01499938964844
2024-04-19 10:00:00+00:00,106.11799621582031
2024-04-19 11:00:00+00:00,106.08799743652344
2024-04-19 12:00:00+00:00,105.9739990234375
2024-04-19 13:00:00+00:00,105.96600341796875
2024-04-19 14:00:00+00:00,105.94400024414062
2024-04-19 15:00:00+00:00,106.08200073242188
2024-04-19 16:00:00+00:00,106.10199737548828
2024-04-19 17:00:00+00:00,106.10900115966797
2024-04-19 18:00:00+00:00,106.15399932861328
2024-04-19 19:00:00+00:00,106.1259994506836
2024-04-19 20:00:00+00:00,106.11799621582031
2024-04-21 21:00:00+00:00,106.11799621582031
2024-04-21 22:00:00+00:00,106.10199737548828
2024-04-21 23:00:00+00:00,106.10600280761719
2024-04-22 00:00:00+00:00,106.12899780273438
2024-04-22 01:00:00+00:00,106.0009994506836
2024-04-22 02:00:00+00:00,106.03900146484375
2024-04-22 03:00:00+00:00,106.06700134277344
2024-04-22 04:00:00+00:00,106.04499816894531
2024-04-22 05:00:00+00:00,106.05599975585938
2024-04-22 06:00:00+00:00,106.052001953125
2024-04-22 07:00:00+00:00,106.0979995727539
2024-04-22 08:00:00+00:00,106.11199951171875
2024-04-22 09:00:00+00:00,106.16799926757812
2024-04-22 10:00:00+00:00,106.18099975585938
2024-04-22 11:00:00+00:00,106.28600311279297
2024-04-22 12:00:00+00:00,106.26699829101562
2024-04-22 13:00:00+00:00,106.31400299072266
2024-04-22 14:00:00+00:00,106.21499633789062
2024-04-22 15:00:00+00:00,106.19999694824219
2024-04-22 16:00:00+00:00,106.17400360107422
2024-04-22 17:00:00+00:00,106.0989990234375
2024-04-22 18:00:00+00:00,106.0770034790039
2024-04-22 19:00:00+00:00,106.14099884033203
2024-04-22 20:00:00+00:00,106.13200378417969
2024-04-22 21:00:00+00:00,106.13600158691406
2024-04-22 22:00:00+00:00,106.12000274658203
2024-04-22 23:00:00+00:00,106.12799835205078
2024-04-23 00:00:00+00:00,106.0780029296875
2024-04-23 01:00:00+00:00,106.11900329589844
2024-04-23 02:00:00+00:00,106.08499908447266
2024-04-23 03:00:00+00:00,106.0989990234375
2024-04-23 04:00:00+00:00,106.10900115966797
2024-04-23 05:00:00+00:00,106.14700317382812
2024-04-23 06:00:00+00:00,106.18599700927734
2024-04-23 07:00:00+00:00,105.95099639892578
2024-04-23 08:00:00+00:00,106.01499938964844
2024-04-23 09:00:00+00:00,106.09500122070312
2024-04-23 10:00:00+00:00,106.12300109863281
2024-04-23 11:00:00+00:00,105.9489974975586
2024-04-23 12:00:00+00:00,105.96900177001953
2024-04-23 13:00:00+00:00,105.68599700927734
2024-04-23 14:00:00+00:00,105.73600006103516
2024-04-23 15:00:00+00:00,105.77899932861328
2024-04-23 16:00:00+00:00,105.71600341796875
2024-04-23 17:00:00+00:00,105.66400146484375
2024-04-23 18:00:00+00:00,105.67500305175781
2024-04-23 19:00:00+00:00,105.68699645996094
2024-04-23 20:00:00+00:00,105.69999694824219
2024-04-23 21:00:00+00:00,105.68399810791016
2024-04-23 22:00:00+00:00,105.68499755859375
2024-04-23 23:00:00+00:00,105.67900085449219
2024-04-24 00:00:00+00:00,105.62999725341797
2024-04-24 01:00:00+00:00,105.62300109863281
2024-04-24 02:00:00+00:00,105.62999725341797
2024-04-24 03:00:00+00:00,105.66500091552734
2024-04-24 04:00:00+00:00,105.6709976196289
2024-04-24 05:00:00+00:00,105.69999694824219
2024-04-24 06:00:00+00:00,105.7750015258789
2024-04-24 07:00:00+00:00,105.83899688720703
2024-04-24 08:00:00+00:00,105.8759994506836
2024-04-24 09:00:00+00:00,105.86699676513672
2024-04-24 10:00:00+00:00,105.84700012207031
2024-04-24 11:00:00+00:00,105.84500122070312
2024-04-24 12:00:00+00:00,105.87100219726562
2024-04-24 13:00:00+00:00,105.82599639892578
2024-04-24 14:00:00+00:00,105.88500213623047
2024-04-24 15:00:00+00:00,105.91000366210938
2024-04-24 16:00:00+00:00,105.87300109863281
2024-04-24 17:00:00+00:00,105.83100128173828
2024-04-24 18:00:00+00:00,105.85700225830078
2024-04-24 19:00:00+00:00,105.7979965209961
2024-04-24 20:00:00+00:00,105.81700134277344
2024-04-24 21:00:00+00:00,105.81600189208984
2024-04-24 22:00:00+00:00,105.822998046875
2024-04-24 23:00:00+00:00,105.80799865722656
2024-04-25 00:00:00+00:00,105.78900146484375
2024-04-25 01:00:00+00:00,105.76699829101562
2024-04-25 02:00:00+00:00,105.76000213623047
2024-04-25 03:00:00+00:00,105.77799987792969
2024-04-25 04:00:00+00:00,105.76200103759766
2024-04-25 05:00:00+00:00,105.74099731445312
2024-04-25 06:00:00+00:00,105.6500015258789
2024-04-25 07:00:00+00:00,105.63600158691406
2024-04-25 08:00:00+00:00,105.58799743652344
2024-04-25 09:00:00+00:00,105.59500122070312
2024-04-25 10:00:00+00:00,105.61199951171875
2024-04-25 11:00:00+00:00,105.63099670410156
2024-04-25 12:00:00+00:00,105.90699768066406
2024-04-25 13:00:00+00:00,105.86900329589844
2024-04-25 14:00:00+00:00,105.74500274658203
2024-04-25 15:00:00+00:00,105.67500305175781
2024-04-25 16:00:00+00:00,105.5780029296875
2024-04-25 17:00:00+00:00,105.57499694824219
2024-04-25 18:00:00+00:00,105.5979995727539
2024-04-25 19:00:00+00:00,105.58200073242188
2024-04-25 20:00:00+00:00,105.57499694824219
2024-04-25 21:00:00+00:00,105.57499694824219
2024-04-25 22:00:00+00:00,105.57099914550781
2024-04-25 23:00:00+00:00,105.60099792480469
2024-04-26 00:00:00+00:00,105.60099792480469
2024-04-26 01:00:00+00:00,105.59400177001953
2024-04-26 02:00:00+00:00,105.625
2024-04-26 03:00:00+00:00,105.66300201416016
2024-04-26 04:00:00+00:00,105.68299865722656
2024-04-26 05:00:00+00:00,105.64600372314453
2024-04-26 06:00:00+00:00,105.5979995727539
2024-04-26 07:00:00+00:00,105.66799926757812
2024-04-26 08:00:00+00:00,105.56300354003906
2024-04-26 09:00:00+00:00,105.62699890136719
2024-04-26 10:00:00+00:00,105.6989974975586
2024-04-26 11:00:00+00:00,105.77899932861328
2024-04-26 12:00:00+00:00,105.77400207519531
2024-04-26 13:00:00+00:00,105.85399627685547
2024-04-26 14:00:00+00:00,106.11699676513672
2024-04-26 15:00:00+00:00,106.0979995727539
2024-04-26 16:00:00+00:00,106.0270004272461
2024-04-26 17:00:00+00:00,106.02899932861328
2024-04-26 18:00:00+00:00,105.93800354003906
2024-04-26 19:00:00+00:00,106.00199890136719
2024-04-26 20:00:00+00:00,106.09300231933594
2024-04-28 21:00:00+00:00,106.09300231933594
2024-04-28 22:00:00+00:00,106.01100158691406
2024-04-28 23:00:00+00:00,105.9729995727539
2024-04-29 00:00:00+00:00,105.93800354003906
2024-04-29 01:00:00+00:00,105.98400115966797
2024-04-29 02:00:00+00:00,105.97699737548828
2024-04-29 03:00:00+00:00,106.00199890136719
2024-04-29 04:00:00+00:00,105.5999984741211
2024-04-29 05:00:00+00:00,105.6780014038086
2024-04-29 06:00:00+00:00,105.79499816894531
2024-04-29 07:00:00+00:00,105.63300323486328
2024-04-29 08:00:00+00:00,105.75
2024-04-29 09:00:00+00:00,105.66000366210938
2024-04-29 10:00:00+00:00,105.65899658203125
2024-04-29 11:00:00+00:00,105.7040023803711
2024-04-29 12:00:00+00:00,105.7969970703125
2024-04-29 13:00:00+00:00,105.87200164794922
2024-04-29 14:00:00+00:00,105.73799896240234
2024-04-29 15:00:00+00:00,105.71900177001953
2024-04-29 16:00:00+00:00,105.56800079345703
2024-04-29 17:00:00+00:00,105.62100219726562
2024-04-29 18:00:00+00:00,105.5790023803711
2024-04-29 19:00:00+00:00,105.6259994506836
2024-04-29 20:00:00+00:00,105.65499877929688
2024-04-29 21:00:00+00:00,105.6500015258789
2024-04-29 22:00:00+00:00,105.63400268554688
2024-04-29 23:00:00+00:00,105.7020034790039
2024-04-30 00:00:00+00:00,105.75
2024-04-30 01:00:00+00:00,105.81600189208984
2024-04-30 02:00:00+00:00,105.80599975585938
2024-04-30 03:00:00+00:00,105.8280029296875
2024-04-30 04:00:00+00:00,105.82599639892578
2024-04-30 05:00:00+00:00,105.89199829101562
2024-04-30 06:00:00+00:00,105.86100006103516
2024-04-30 07:00:00+00:00,105.86100006103516
2024-04-30 08:00:00+00:00,105.84300231933594
2024-04-30 09:00:00+00:00,105.7249984741211
2024-04-30 10:00:00+00:00,105.71600341796875
2024-04-30 11:00:00+00:00,105.77899932861328
2024-04-30 12:00:00+00:00,106.01899719238281
2024-04-30 13:00:00+00:00,105.99299621582031
2024-04-30 14:00:00+00:00,106.0719985961914
2024-04-30 15:00:00+00:00,106.13500213623047
2024-04-30 16:00:00+00:00,106.1760025024414
2024-04-30 17:00:00+00:00,106.1780014038086
2024-04-30 18:00:00+00:00,106.22100067138672
2024-04-30 19:00:00+00:00,106.26899719238281
2024-04-30 20:00:00+00:00,106.33200073242188
2024-04-30 21:00:00+00:00,106.2979965209961
2024-04-30 22:00:00+00:00,106.30500030517578
2024-04-30 23:00:00+00:00,106.3280029296875
2024-05-01 00:00:00+00:00,106.36000061035156
2024-05-01 01:00:00+00:00,106.37200164794922
2024-05-01 02:00:00+00:00,106.39099884033203
2024-05-01 03:00:00+00:00,106.41799926757812
2024-05-01 04:00:00+00:00,106.4209976196289
2024-05-01 05:00:00+00:00,106.4280014038086
2024-05-01 06:00:00+00:00,106.47699737548828
2024-05-01 07:00:00+00:00,106.38099670410156
2024-05-01 08:00:00+00:00,106.31600189208984
2024-05-01 09:00:00+00:00,106.31700134277344
2024-05-01 10:00:00+00:00,106.3219985961914
2024-05-01 11:00:00+00:00,106.29900360107422
2024-05-01 12:00:00+00:00,106.20700073242188
2024-05-01 13:00:00+00:00,106.20500183105469
2024-05-01 14:00:00+00:00,106.19400024414062
2024-05-01 15:00:00+00:00,106.21299743652344
2024-05-01 16:00:00+00:00,106.27300262451172
2024-05-01 17:00:00+00:00,106.24700164794922
2024-05-01 18:00:00+00:00,105.75499725341797
2024-05-01 19:00:00+00:00,106.12300109863281
2024-05-01 20:00:00+00:00,105.63800048828125
2024-05-01 21:00:00+00:00,105.63800048828125
2024-05-01 22:00:00+00:00,105.63099670410156
2024-05-01 23:00:00+00:00,105.71099853515625
2024-05-02 00:00:00+00:00,105.78700256347656
2024-05-02 01:00:00+00:00,105.76300048828125
2024-05-02 02:00:00+00:00,105.70099639892578
2024-05-02 03:00:00+00:00,105.75299835205078
2024-05-02 04:00:00+00:00,105.71399688720703
2024-05-02 05:00:00+00:00,105.7040023803711
2024-05-02 06:00:00+00:00,105.66999816894531
2024-05-02 07:00:00+00:00,105.6780014038086
2024-05-02 08:00:00+00:00,105.73200225830078
2024-05-02 09:00:00+00:00,105.7490005493164
2024-05-02 10:00:00+00:00,105.73400115966797
2024-05-02 11:00:00+00:00,105.7020034790039
2024-05-02 12:00:00+00:00,105.68900299072266
2024-05-02 13:00:00+00:00,105.78500366210938
2024-05-02 14:00:00+00:00,105.7490005493164
2024-05-02 15:00:00+00:00,105.58300018310547
2024-05-02 16:00:00+00:00,105.49700164794922
2024-05-02 17:00:00+00:00,105.427001953125
2024-05-02 18:00:00+00:00,105.29900360107422
2024-05-02 19:00:00+00:00,105.33599853515625
2024-05-02 20:00:00+00:00,105.39399719238281
2024-05-02 21:00:00+00:00,105.4020004272461
2024-05-02 22:00:00+00:00,105.34400177001953
2024-05-02 23:00:00+00:00,105.30400085449219
2024-05-03 00:00:00+00:00,105.28600311279297
2024-05-03 01:00:00+00:00,105.20800018310547
2024-05-03 02:00:00+00:00,105.26000213623047
2024-05-03 03:00:00+00:00,105.24299621582031
2024-05-03 04:00:00+00:00,105.25800323486328
2024-05-03 05:00:00+00:00,105.23699951171875
2024-05-03 06:00:00+00:00,105.30699920654297
2024-05-03 07:00:00+00:00,105.27400207519531
2024-05-03 08:00:00+00:00,105.2030029296875
2024-05-03 09:00:00+00:00,105.18199920654297
2024-05-03 10:00:00+00:00,105.18399810791016
2024-05-03 11:00:00+00:00,105.18099975585938
2024-05-03 12:00:00+00:00,104.69499969482422
2024-05-03 13:00:00+00:00,104.88999938964844
2024-05-03 14:00:00+00:00,105.03600311279297
2024-05-03 15:00:00+00:00,105.01599884033203
2024-05-03 16:00:00+00:00,105.06500244140625
2024-05-03 17:00:00+00:00,105.04900360107422
2024-05-03 18:00:00+00:00,105.02999877929688
2024-05-03 19:00:00+00:00,105.05000305175781
2024-05-03 20:00:00+00:00,105.07599639892578
2024-05-05 21:00:00+00:00,105.07599639892578
2024-05-05 22:00:00+00:00,105.09200286865234
2024-05-05 23:00:00+00:00,105.17400360107422
2024-05-06 00:00:00+00:00,105.08399963378906
2024-05-06 01:00:00+00:00,105.07499694824219
2024-05-06 02:00:00+00:00,105.13099670410156
2024-05-06 03:00:00+00:00,105.14800262451172
2024-05-06 04:00:00+00:00,105.16699981689453
2024-05-06 05:00:00+00:00,105.17900085449219
2024-05-06 06:00:00+00:00,105.125
2024-05-06 07:00:00+00:00,105.13999938964844
2024-05-06 08:00:00+00:00,105.07599639892578
2024-05-06 09:00:00+00:00,105.07599639892578
2024-05-06 10:00:00+00:00,105.05699920654297
2024-05-06 11:00:00+00:00,105.03600311279297
2024-05-06 12:00:00+00:00,104.89299774169922
2024-05-06 13:00:00+00:00,104.93399810791016
2024-05-06 14:00:00+00:00,104.99800109863281
2024-05-06 15:00:00+00:00,105.00900268554688
2024-05-06 16:00:00+00:00,105.06099700927734
2024-05-06 17:00:00+00:00,105.05799865722656
2024-05-06 18:00:00+00:00,105.0510025024414
2024-05-06 19:00:00+00:00,105.11599731445312
2024-05-06 20:00:00+00:00,105.09400177001953
2024-05-06 21:00:00+00:00,105.09400177001953
2024-05-06 22:00:00+00:00,105.08699798583984
2024-05-06 23:00:00+00:00,105.14900207519531
2024-05-07 00:00:00+00:00,105.052001953125
2024-05-07 01:00:00+00:00,105.17500305175781
2024-05-07 02:00:00+00:00,105.21199798583984
2024-05-07 03:00:00+00:00,105.1729965209961
2024-05-07 04:00:00+00:00,105.19599914550781
2024-05-07 05:00:00+00:00,105.26399993896484
2024-05-07 06:00:00+00:00,105.2040023803711
2024-05-07 07:00:00+00:00,105.18099975585938
2024-05-07 08:00:00+00:00,105.22100067138672
2024-05-07 09:00:00+00:00,105.2750015258789
2024-05-07 10:00:00+00:00,105.1989974975586
2024-05-07 11:00:00+00:00,105.21399688720703
2024-05-07 12:00:00+00:00,105.12799835205078
2024-05-07 13:00:00+00:00,105.09700012207031
2024-05-07 14:00:00+00:00,105.11799621582031
2024-05-07 15:00:00+00:00,105.24500274658203
2024-05-07 16:00:00+00:00,105.22899627685547
2024-05-07 17:00:00+00:00,105.36299896240234
2024-05-07 18:00:00+00:00,105.41200256347656
2024-05-07 19:00:00+00:00,105.35700225830078
2024-05-07 20:00:00+00:00,105.375
2024-05-07 21:00:00+00:00,105.35600280761719
2024-05-07 22:00:00+00:00,105.37899780273438
2024-05-07 23:00:00+00:00,105.42500305175781
2024-05-08 00:00:00+00:00,105.45999908447266
2024-05-08 01:00:00+00:00,105.5459976196289
2024-05-08 02:00:00+00:00,105.5479965209961
2024-05-08 03:00:00+00:00,105.55799865722656
2024-05-08 04:00:00+00:00,105.5510025024414
2024-05-08 05:00:00+00:00,105.54499816894531
2024-05-08 06:00:00+00:00,105.53700256347656
2024-05-08 07:00:00+00:00,105.61699676513672
2024-05-08 08:00:00+00:00,105.58100128173828
2024-05-08 09:00:00+00:00,105.50900268554688
2024-05-08 10:00:00+00:00,105.51100158691406
2024-05-08 11:00:00+00:00,105.56999969482422
2024-05-08 12:00:00+00:00,105.55400085449219
2024-05-08 13:00:00+00:00,105.54000091552734
2024-05-08 14:00:00+00:00,105.51100158691406
2024-05-08 15:00:00+00:00,105.4530029296875
2024-05-08 16:00:00+00:00,105.53299713134766
2024-05-08 17:00:00+00:00,105.5510025024414
2024-05-08 18:00:00+00:00,105.5459976196289
2024-05-08 19:00:00+00:00,105.5479965209961
2024-05-08 20:00:00+00:00,105.51499938964844
2024-05-08 21:00:00+00:00,105.50900268554688
2024-05-08 22:00:00+00:00,105.5
2024-05-08 23:00:00+00:00,105.51799774169922
2024-05-09 00:00:00+00:00,105.5739974975586
2024-05-09 01:00:00+00:00,105.52400207519531
2024-05-09 02:00:00+00:00,105.53600311279297
2024-05-09 03:00:00+00:00,105.52300262451172
2024-05-09 04:00:00+00:00,105.5479965209961
2024-05-09 05:00:00+00:00,105.56600189208984
2024-05-09 06:00:00+00:00,105.63500213623047
2024-05-09 07:00:00+00:00,105.65699768066406
2024-05-09 08:00:00+00:00,105.70500183105469
2024-05-09 09:00:00+00:00,105.68199920654297
2024-05-09 10:00:00+00:00,105.64800262451172
2024-05-09 11:00:00+00:00,105.70800018310547
2024-05-09 12:00:00+00:00,105.43599700927734
2024-05-09 13:00:00+00:00,105.39800262451172
2024-05-09 14:00:00+00:00,105.3010025024414
2024-05-09 15:00:00+00:00,105.36000061035156
2024-05-09 16:00:00+00:00,105.3030014038086
2024-05-09 17:00:00+00:00,105.28099822998047
2024-05-09 18:00:00+00:00,105.22699737548828
2024-05-09 19:00:00+00:00,105.2229995727539
2024-05-09 20:00:00+00:00,105.22799682617188
2024-05-09 21:00:00+00:00,105.23699951171875
2024-05-09 22:00:00+00:00,105.20099639892578
2024-05-09 23:00:00+00:00,105.22100067138672
2024-05-10 00:00:00+00:00,105.26000213623047
2024-05-10 01:00:00+00:00,105.2969970703125
2024-05-10 02:00:00+00:00,105.32099914550781
2024-05-10 03:00:00+00:00,105.30899810791016
2024-05-10 04:00:00+00:00,105.31600189208984
2024-05-10 05:00:00+00:00,105.29399871826172
2024-05-10 06:00:00+00:00,105.27400207519531
2024-05-10 07:00:00+00:00,105.25499725341797
2024-05-10 08:00:00+00:00,105.25199890136719
2024-05-10 09:00:00+00:00,105.25700378417969
2024-05-10 10:00:00+00:00,105.26899719238281
2024-05-10 11:00:00+00:00,105.26799774169922
2024-05-10 12:00:00+00:00,105.31400299072266
2024-05-10 13:00:00+00:00,105.16200256347656
2024-05-10 14:00:00+00:00,105.38500213623047
2024-05-10 15:00:00+00:00,105.302001953125
2024-05-10 16:00:00+00:00,105.27300262451172
2024-05-10 17:00:00+00:00,105.29399871826172
2024-05-10 18:00:00+00:00,105.3010025024414
2024-05-10 19:00:00+00:00,105.302001953125
2024-05-10 20:00:00+00:00,105.31400299072266
2024-05-12 22:00:00+00:00,105.30599975585938
2024-05-12 23:00:00+00:00,105.33000183105469
2024-05-13 00:00:00+00:00,105.34700012207031
2024-05-13 01:00:00+00:00,105.3499984741211
2024-05-13 02:00:00+00:00,105.31500244140625
2024-05-13 03:00:00+00:00,105.30999755859375
2024-05-13 04:00:00+00:00,105.33499908447266
2024-05-13 05:00:00+00:00,105.31500244140625
2024-05-13 06:00:00+00:00,105.33699798583984
2024-05-13 07:00:00+00:00,105.30899810791016
2024-05-13 08:00:00+00:00,105.24600219726562
2024-05-13 09:00:00+00:00,105.2699966430664
2024-05-13 10:00:00+00:00,105.26599884033203
2024-05-13 11:00:00+00:00,105.1989974975586
2024-05-13 12:00:00+00:00,105.1240005493164
2024-05-13 13:00:00+00:00,105.0770034790039
2024-05-13 14:00:00+00:00,105.09100341796875
2024-05-13 15:00:00+00:00,105.18299865722656
2024-05-13 16:00:00+00:00,105.19499969482422
2024-05-13 17:00:00+00:00,105.20999908447266
2024-05-13 18:00:00+00:00,105.21800231933594
2024-05-13 19:00:00+00:00,105.22899627685547
2024-05-13 20:00:00+00:00,105.21700286865234
2024-05-13 21:00:00+00:00,105.22200012207031
2024-05-13 22:00:00+00:00,105.21399688720703
2024-05-13 23:00:00+00:00,105.20099639892578
2024-05-14 00:00:00+00:00,105.24400329589844
2024-05-14 01:00:00+00:00,105.26300048828125
2024-05-14 02:00:00+00:00,105.2750015258789
2024-05-14 03:00:00+00:00,105.26399993896484
2024-05-14 04:00:00+00:00,105.27799987792969
2024-05-14 05:00:00+00:00,105.2750015258789
2024-05-14 06:00:00+00:00,105.26399993896484
2024-05-14 07:00:00+00:00,105.27100372314453
2024-05-14 08:00:00+00:00,105.31700134277344
2024-05-14 09:00:00+00:00,105.23999786376953
2024-05-14 10:00:00+00:00,105.20800018310547
2024-05-14 11:00:00+00:00,105.23799896240234
2024-05-14 12:00:00+00:00,105.16100311279297
2024-05-14 13:00:00+00:00,105.00299835205078
2024-05-14 14:00:00+00:00,104.9739990234375
2024-05-14 15:00:00+00:00,105.03199768066406
2024-05-14 16:00:00+00:00,105.0479965209961
2024-05-14 17:00:00+00:00,105.03700256347656
2024-05-14 18:00:00+00:00,105.01300048828125
2024-05-14 19:00:00+00:00,105.00299835205078
2024-05-14 20:00:00+00:00,105.00399780273438
2024-05-14 21:00:00+00:00,105.01200103759766
2024-05-14 22:00:00+00:00,105.02100372314453
2024-05-14 23:00:00+00:00,105.05699920654297
2024-05-15 00:00:00+00:00,105.01899719238281
2024-05-15 01:00:00+00:00,104.97699737548828
2024-05-15 02:00:00+00:00,104.95899963378906
2024-05-15 03:00:00+00:00,104.93900299072266
2024-05-15 04:00:00+00:00,104.97799682617188
2024-05-15 05:00:00+00:00,104.91799926757812
2024-05-15 06:00:00+00:00,104.91200256347656
2024-05-15 07:00:00+00:00,104.91100311279297
2024-05-15 08:00:00+00:00,104.8219985961914
2024-05-15 09:00:00+00:00,104.84400177001953
2024-05-15 10:00:00+00:00,104.87699890136719
2024-05-15 11:00:00+00:00,104.83300018310547
2024-05-15 12:00:00+00:00,104.53600311279297
2024-05-15 13:00:00+00:00,104.80599975585938
2024-05-15 14:00:00+00:00,104.5780029296875
2024-05-15 15:00:00+00:00,104.51200103759766
2024-05-15 16:00:00+00:00,104.39299774169922
2024-05-15 17:00:00+00:00,104.30899810791016
2024-05-15 18:00:00+00:00,104.34500122070312
2024-05-15 19:00:00+00:00,104.33200073242188
2024-05-15 20:00:00+00:00,104.302001953125
2024-05-15 21:00:00+00:00,104.2969970703125
2024-05-15 22:00:00+00:00,104.28299713134766
2024-05-15 23:00:00+00:00,104.20600128173828
2024-05-16 00:00:00+00:00,104.09200286865234
2024-05-16 01:00:00+00:00,104.2020034790039
2024-05-16 02:00:00+00:00,104.18599700927734
2024-05-16 03:00:00+00:00,104.1760025024414
2024-05-16 04:00:00+00:00,104.2030029296875
2024-05-16 05:00:00+00:00,104.26599884033203
2024-05-16 06:00:00+00:00,104.31999969482422
2024-05-16 07:00:00+00:00,104.3239974975586
2024-05-16 08:00:00+00:00,104.37899780273438
2024-05-16 09:00:00+00:00,104.39800262451172
2024-05-16 10:00:00+00:00,104.39299774169922
2024-05-16 11:00:00+00:00,104.46399688720703
2024-05-16 12:00:00+00:00,104.53299713134766
2024-05-16 13:00:00+00:00,104.61100006103516
2024-05-16 14:00:00+00:00,104.46900177001953
2024-05-16 15:00:00+00:00,104.41699981689453
2024-05-16 16:00:00+00:00,104.44300079345703
2024-05-16 17:00:00+00:00,104.45700073242188
2024-05-16 18:00:00+00:00,104.46199798583984
2024-05-16 19:00:00+00:00,104.50399780273438
2024-05-16 20:00:00+00:00,104.50599670410156
2024-05-16 21:00:00+00:00,104.50199890136719
2024-05-16 22:00:00+00:00,104.49199676513672
2024-05-16 23:00:00+00:00,104.5
2024-05-17 00:00:00+00:00,104.5479965209961
2024-05-17 01:00:00+00:00,104.61399841308594
2024-05-17 02:00:00+00:00,104.63800048828125
2024-05-17 03:00:00+00:00,104.62000274658203
2024-05-17 04:00:00+00:00,104.63700103759766
2024-05-17 05:00:00+00:00,104.59300231933594
2024-05-17 06:00:00+00:00,104.56900024414062
2024-05-17 07:00:00+00:00,104.62799835205078
2024-05-17 08:00:00+00:00,104.73500061035156
2024-05-17 09:00:00+00:00,104.7300033569336
2024-05-17 10:00:00+00:00,104.77799987792969
2024-05-17 11:00:00+00:00,104.73400115966797
2024-05-17 12:00:00+00:00,104.71700286865234
2024-05-17 13:00:00+00:00,104.61799621582031
2024-05-17 14:00:00+00:00,104.4209976196289
2024-05-17 15:00:00+00:00,104.49099731445312
2024-05-17 16:00:00+00:00,104.49199676513672
2024-05-17 17:00:00+00:00,104.46199798583984
2024-05-17 18:00:00+00:00,104.44499969482422
2024-05-17 19:00:00+00:00,104.46399688720703
2024-05-17 20:00:00+00:00,104.49700164794922
2024-05-19 21:00:00+00:00,104.49700164794922
2024-05-19 22:00:00+00:00,104.48699951171875
2024-05-19 23:00:00+00:00,104.47599792480469
2024-05-20 00:00:00+00:00,104.4729995727539
2024-05-20 01:00:00+00:00,104.46900177001953
2024-05-20 02:00:00+00:00,104.47699737548828
2024-05-20 03:00:00+00:00,104.4469985961914
2024-05-20 04:00:00+00:00,104.42400360107422
2024-05-20 05:00:00+00:00,104.42500305175781
2024-05-20 06:00:00+00:00,104.4520034790039
2024-05-20 07:00:00+00:00,104.48100280761719
2024-05-20 08:00:00+00:00,104.44999694824219
2024-05-20 09:00:00+00:00,104.48699951171875
2024-05-20 10:00:00+00:00,104.47899627685547
2024-05-20 11:00:00+00:00,104.55899810791016
2024-05-20 12:00:00+00:00,104.6259994506836
2024-05-20 13:00:00+00:00,104.53800201416016
2024-05-20 14:00:00+00:00,104.53399658203125
2024-05-20 15:00:00+00:00,104.5780029296875
2024-05-20 16:00:00+00:00,104.53299713134766
2024-05-20 17:00:00+00:00,104.55999755859375
2024-05-20 18:00:00+00:00,104.56500244140625
2024-05-20 19:00:00+00:00,104.6050033569336
2024-05-20 20:00:00+00:00,104.62000274658203
2024-05-20 21:00:00+00:00,104.59700012207031
2024-05-20 22:00:00+00:00,104.6240005493164
2024-05-20 23:00:00+00:00,104.60299682617188
2024-05-21 00:00:00+00:00,104.60600280761719
2024-05-21 01:00:00+00:00,104.66300201416016
2024-05-21 02:00:00+00:00,104.66100311279297
2024-05-21 03:00:00+00:00,104.65899658203125
2024-05-21 04:00:00+00:00,104.63200378417969
2024-05-21 05:00:00+00:00,104.6259994506836
2024-05-21 06:00:00+00:00,104.59300231933594
2024-05-21 07:00:00+00:00,104.5719985961914
2024-05-21 08:00:00+00:00,104.5469970703125
2024-05-21 09:00:00+00:00,104.49299621582031
2024-05-21 10:00:00+00:00,104.53600311279297
2024-05-21 11:00:00+00:00,104.51200103759766
2024-05-21 12:00:00+00:00,104.62899780273438
2024-05-21 13:00:00+00:00,104.66300201416016
2024-05-21 14:00:00+00:00,104.56500244140625
2024-05-21 15:00:00+00:00,104.63700103759766
2024-05-21 16:00:00+00:00,104.63999938964844
2024-05-21 17:00:00+00:00,104.6510009765625
2024-05-21 18:00:00+00:00,104.66100311279297
2024-05-21 19:00:00+00:00,104.6259994506836
2024-05-21 20:00:00+00:00,104.6500015258789
2024-05-21 21:00:00+00:00,104.62300109863281
2024-05-21 22:00:00+00:00,104.62200164794922
2024-05-21 23:00:00+00:00,104.64800262451172
2024-05-22 00:00:00+00:00,104.62100219726562
2024-05-22 01:00:00+00:00,104.59300231933594
2024-05-22 02:00:00+00:00,104.60600280761719
2024-05-22 03:00:00+00:00,104.63500213623047
2024-05-22 04:00:00+00:00,104.66100311279297
2024-05-22 05:00:00+00:00,104.63500213623047
2024-05-22 06:00:00+00:00,104.58000183105469
2024-05-22 07:00:00+00:00,104.62200164794922
2024-05-22 08:00:00+00:00,104.70899963378906
2024-05-22 09:00:00+00:00,104.73600006103516
2024-05-22 10:00:00+00:00,104.7750015258789
2024-05-22 11:00:00+00:00,104.88700103759766
2024-05-22 12:00:00+00:00,104.83000183105469
2024-05-22 13:00:00+00:00,104.77400207519531
2024-05-22 14:00:00+00:00,104.82499694824219
2024-05-22 15:00:00+00:00,104.78900146484375
2024-05-22 16:00:00+00:00,104.73400115966797
2024-05-22 17:00:00+00:00,104.78700256347656
2024-05-22 18:00:00+00:00,104.93299865722656
2024-05-22 19:00:00+00:00,104.93699645996094
2024-05-22 20:00:00+00:00,104.93900299072266
2024-05-22 21:00:00+00:00,104.91600036621094
2024-05-22 22:00:00+00:00,104.90899658203125
2024-05-22 23:00:00+00:00,104.90899658203125
2024-05-23 00:00:00+00:00,104.91100311279297
2024-05-23 01:00:00+00:00,104.88600158691406
2024-05-23 02:00:00+00:00,104.87799835205078
2024-05-23 03:00:00+00:00,104.85199737548828
2024-05-23 04:00:00+00:00,104.87799835205078
2024-05-23 05:00:00+00:00,104.90499877929688
2024-05-23 06:00:00+00:00,104.8759994506836
2024-05-23 07:00:00+00:00,104.86699676513672
2024-05-23 08:00:00+00:00,104.81199645996094
2024-05-23 09:00:00+00:00,104.74299621582031
2024-05-23 10:00:00+00:00,104.7490005493164
2024-05-23 11:00:00+00:00,104.68199920654297
2024-05-23 12:00:00+00:00,104.7040023803711
2024-05-23 13:00:00+00:00,104.87699890136719
2024-05-23 14:00:00+00:00,104.94000244140625
2024-05-23 15:00:00+00:00,104.93399810791016
2024-05-23 16:00:00+00:00,104.99700164794922
2024-05-23 17:00:00+00:00,105.05899810791016
2024-05-23 18:00:00+00:00,105.10800170898438
2024-05-23 19:00:00+00:00,105.05999755859375
2024-05-23 20:00:00+00:00,105.0270004272461
2024-05-23 21:00:00+00:00,105.03099822998047
2024-05-23 22:00:00+00:00,105.0469970703125
2024-05-23 23:00:00+00:00,105.05999755859375
2024-05-24 00:00:00+00:00,105.072998046875
2024-05-24 01:00:00+00:00,105.0770034790039
2024-05-24 02:00:00+00:00,105.09200286865234
2024-05-24 03:00:00+00:00,105.11499786376953
2024-05-24 04:00:00+00:00,105.09100341796875
2024-05-24 05:00:00+00:00,105.08799743652344
2024-05-24 06:00:00+00:00,105.06199645996094
2024-05-24 07:00:00+00:00,104.98500061035156
2024-05-24 08:00:00+00:00,104.97100067138672
2024-05-24 09:00:00+00:00,104.94300079345703
2024-05-24 10:00:00+00:00,104.8489990234375
2024-05-24 11:00:00+00:00,104.8479995727539
2024-05-24 12:00:00+00:00,104.78399658203125
2024-05-24 13:00:00+00:00,104.822998046875
2024-05-24 14:00:00+00:00,104.74800109863281
2024-05-24 15:00:00+00:00,104.7030029296875
2024-05-24 16:00:00+00:00,104.73400115966797
2024-05-24 17:00:00+00:00,104.69400024414062
2024-05-24 18:00:00+00:00,104.7239990234375
2024-05-24 19:00:00+00:00,104.72699737548828
2024-05-24 20:00:00+00:00,104.74800109863281
2024-05-26 21:00:00+00:00,104.74800109863281
2024-05-26 22:00:00+00:00,104.70500183105469
2024-05-26 23:00:00+00:00,104.74099731445312
2024-05-27 00:00:00+00:00,104.72000122070312
2024-05-27 01:00:00+00:00,104.70099639892578
2024-05-27 02:00:00+00:00,104.69400024414062
2024-05-27 03:00:00+00:00,104.6969985961914
2024-05-28 04:00:00+00:00,104.44599914550781
2024-05-28 05:00:00+00:00,104.46399688720703
2024-05-28 06:00:00+00:00,104.46399688720703
2024-05-28 07:00:00+00:00,104.44599914550781
2024-05-28 08:00:00+00:00,104.49700164794922
2024-05-28 09:00:00+00:00,104.44599914550781
2024-05-28 10:00:00+00:00,104.4229965209961
2024-05-28 11:00:00+00:00,104.3740005493164
2024-05-28 12:00:00+00:00,104.39199829101562
2024-05-28 13:00:00+00:00,104.51100158691406
2024-05-28 14:00:00+00:00,104.4520034790039
2024-05-28 15:00:00+00:00,104.4219970703125
2024-05-28 16:00:00+00:00,104.46600341796875
2024-05-28 17:00:00+00:00,104.55899810791016
2024-05-28 18:00:00+00:00,104.61399841308594
2024-05-28 19:00:00+00:00,104.58999633789062
2024-05-28 20:00:00+00:00,104.625
2024-05-28 21:00:00+00:00,104.61000061035156
2024-05-28 22:00:00+00:00,104.61100006103516
2024-05-28 23:00:00+00:00,104.66899871826172
2024-05-29 00:00:00+00:00,104.69300079345703
2024-05-29 01:00:00+00:00,104.6709976196289
2024-05-29 02:00:00+00:00,104.72000122070312
2024-05-29 03:00:00+00:00,104.71499633789062
2024-05-29 04:00:00+00:00,104.70999908447266
2024-05-29 05:00:00+00:00,104.73699951171875
2024-05-29 06:00:00+00:00,104.6510009765625
2024-05-29 07:00:00+00:00,104.66000366210938
2024-05-29 08:00:00+00:00,104.75399780273438
2024-05-29 09:00:00+00:00,104.6729965209961
2024-05-29 10:00:00+00:00,104.72699737548828
2024-05-29 11:00:00+00:00,104.71800231933594
2024-05-29 12:00:00+00:00,104.74299621582031
2024-05-29 13:00:00+00:00,104.81700134277344
2024-05-29 14:00:00+00:00,105.00900268554688
2024-05-29 15:00:00+00:00,105.0530014038086
2024-05-29 16:00:00+00:00,105.0250015258789
2024-05-29 17:00:00+00:00,105.03600311279297
2024-05-29 18:00:00+00:00,105.0989990234375
2024-05-29 19:00:00+00:00,105.12999725341797
2024-05-29 20:00:00+00:00,105.13200378417969
2024-05-29 21:00:00+00:00,105.10600280761719
2024-05-29 22:00:00+00:00,105.11799621582031
2024-05-29 23:00:00+00:00,105.12999725341797
2024-05-30 00:00:00+00:00,105.14399719238281
2024-05-30 01:00:00+00:00,105.13899993896484
2024-05-30 02:00:00+00:00,105.13800048828125
2024-05-30 03:00:00+00:00,105.13899993896484
2024-05-30 04:00:00+00:00,105.12999725341797
2024-05-30 05:00:00+00:00,105.16000366210938
2024-05-30 06:00:00+00:00,105.09700012207031
2024-05-30 07:00:00+00:00,105.00199890136719
2024-05-30 08:00:00+00:00,104.93299865722656
2024-05-30 09:00:00+00:00,104.94599914550781
2024-05-30 10:00:00+00:00,104.91300201416016
2024-05-30 11:00:00+00:00,104.88500213623047
2024-05-30 12:00:00+00:00,104.78800201416016
2024-05-30 13:00:00+00:00,104.78600311279297
2024-05-30 14:00:00+00:00,104.66899871826172
2024-05-30 15:00:00+00:00,104.70099639892578
2024-05-30 16:00:00+00:00,104.67400360107422
2024-05-30 17:00:00+00:00,104.69100189208984
2024-05-30 18:00:00+00:00,104.71600341796875
2024-05-30 19:00:00+00:00,104.76599884033203
2024-05-30 20:00:00+00:00,104.7490005493164
2024-05-30 21:00:00+00:00,104.73999786376953
2024-05-30 22:00:00+00:00,104.74199676513672
2024-05-30 23:00:00+00:00,104.7760009765625
2024-05-31 00:00:00+00:00,104.74400329589844
2024-05-31 01:00:00+00:00,104.81700134277344
2024-05-31 02:00:00+00:00,104.89399719238281
2024-05-31 03:00:00+00:00,104.83200073242188
2024-05-31 04:00:00+00:00,104.82499694824219
2024-05-31 05:00:00+00:00,104.8290023803711
2024-05-31 06:00:00+00:00,104.81300354003906
2024-05-31 07:00:00+00:00,104.85099792480469
2024-05-31 08:00:00+00:00,104.78099822998047
2024-05-31 09:00:00+00:00,104.69200134277344
2024-05-31 10:00:00+00:00,104.65399932861328
2024-05-31 11:00:00+00:00,104.63500213623047
2024-05-31 12:00:00+00:00,104.40399932861328
2024-05-31 13:00:00+00:00,104.44200134277344
2024-05-31 14:00:00+00:00,104.57099914550781
2024-05-31 15:00:00+00:00,104.65299987792969
2024-05-31 16:00:00+00:00,104.6510009765625
2024-05-31 17:00:00+00:00,104.6449966430664
2024-05-31 18:00:00+00:00,104.6709976196289
2024-05-31 19:00:00+00:00,104.60299682617188
2024-05-31 20:00:00+00:00,104.625
2024-06-02 21:00:00+00:00,104.625
2024-06-02 22:00:00+00:00,104.61000061035156
2024-06-02 23:00:00+00:00,104.58300018310547
2024-06-03 00:00:00+00:00,104.5250015258789
2024-06-03 01:00:00+00:00,104.52100372314453
2024-06-03 02:00:00+00:00,104.57099914550781
2024-06-03 03:00:00+00:00,104.62999725341797
2024-06-03 04:00:00+00:00,104.60700225830078
2024-06-03 05:00:00+00:00,104.61599731445312
2024-06-03 06:00:00+00:00,104.58999633789062
2024-06-03 07:00:00+00:00,104.69999694824219
2024-06-03 08:00:00+00:00,104.69999694824219
2024-06-03 09:00:00+00:00,104.73999786376953
2024-06-03 10:00:00+00:00,104.67900085449219
2024-06-03 11:00:00+00:00,104.6240005493164
2024-06-03 12:00:00+00:00,104.59200286865234
2024-06-03 13:00:00+00:00,104.5260009765625
2024-06-03 14:00:00+00:00,104.31600189208984
2024-06-03 15:00:00+00:00,104.15499877929688
2024-06-03 16:00:00+00:00,104.21199798583984
2024-06-03 17:00:00+00:00,104.20800018310547
2024-06-03 18:00:00+00:00,104.13999938964844
2024-06-03 19:00:00+00:00,104.12100219726562
2024-06-03 20:00:00+00:00,104.06600189208984
2024-06-03 21:00:00+00:00,104.08399963378906
2024-06-03 22:00:00+00:00,104.04399871826172
2024-06-03 23:00:00+00:00,104.0479965209961
2024-06-04 00:00:00+00:00,104.04100036621094
2024-06-04 01:00:00+00:00,104.09200286865234
2024-06-04 02:00:00+00:00,104.07599639892578
2024-06-04 03:00:00+00:00,104.08200073242188
2024-06-04 04:00:00+00:00,104.05699920654297
2024-06-04 05:00:00+00:00,104.10600280761719
2024-06-04 06:00:00+00:00,104.11599731445312
2024-06-04 07:00:00+00:00,104.1259994506836
2024-06-04 08:00:00+00:00,104.20500183105469
2024-06-04 09:00:00+00:00,104.26899719238281
2024-06-04 10:00:00+00:00,104.28099822998047
2024-06-04 11:00:00+00:00,104.29000091552734
2024-06-04 12:00:00+00:00,104.28700256347656
2024-06-04 13:00:00+00:00,104.24299621582031
2024-06-04 14:00:00+00:00,104.14700317382812
2024-06-04 15:00:00+00:00,104.16500091552734
2024-06-04 16:00:00+00:00,104.12799835205078
2024-06-04 17:00:00+00:00,104.08000183105469
2024-06-04 18:00:00+00:00,104.11000061035156
2024-06-04 19:00:00+00:00,104.13200378417969
2024-06-04 20:00:00+00:00,104.15499877929688
2024-06-04 21:00:00+00:00,104.14700317382812
2024-06-04 22:00:00+00:00,104.14700317382812
2024-06-04 23:00:00+00:00,104.1510009765625
2024-06-05 00:00:00+00:00,104.14299774169922
2024-06-05 01:00:00+00:00,104.1510009765625
2024-06-05 02:00:00+00:00,104.16500091552734
2024-06-05 03:00:00+00:00,104.2020034790039
2024-06-05 04:00:00+00:00,104.1989974975586
2024-06-05 05:00:00+00:00,104.21800231933594
2024-06-05 06:00:00+00:00,104.26100158691406
2024-06-05 07:00:00+00:00,104.31199645996094
2024-06-05 08:00:00+00:00,104.2969970703125
2024-06-05 09:00:00+00:00,104.29499816894531
2024-06-05 10:00:00+00:00,104.33000183105469
2024-06-05 11:00:00+00:00,104.3290023803711
2024-06-05 12:00:00+00:00,104.2020034790039
2024-06-05 13:00:00+00:00,104.18699645996094
2024-06-05 14:00:00+00:00,104.41300201416016
2024-06-05 15:00:00+00:00,104.38500213623047
2024-06-05 16:00:00+00:00,104.36499786376953
2024-06-05 17:00:00+00:00,104.33399963378906
2024-06-05 18:00:00+00:00,104.26799774169922
2024-06-05 19:00:00+00:00,104.27400207519531
2024-06-05 20:00:00+00:00,104.31500244140625
2024-06-05 21:00:00+00:00,104.2979965209961
2024-06-05 22:00:00+00:00,104.29100036621094
2024-06-05 23:00:00+00:00,104.25299835205078
2024-06-06 00:00:00+00:00,104.16100311279297
2024-06-06 01:00:00+00:00,104.072998046875
2024-06-06 02:00:00+00:00,104.09400177001953
2024-06-06 03:00:00+00:00,104.0979995727539
2024-06-06 04:00:00+00:00,104.14199829101562
2024-06-06 05:00:00+00:00,104.177001953125
2024-06-06 06:00:00+00:00,104.18199920654297
2024-06-06 07:00:00+00:00,104.25499725341797
2024-06-06 08:00:00+00:00,104.25599670410156
2024-06-06 09:00:00+00:00,104.2249984741211
2024-06-06 10:00:00+00:00,104.25499725341797
2024-06-06 11:00:00+00:00,104.33699798583984
2024-06-06 12:00:00+00:00,104.26499938964844
2024-06-06 13:00:00+00:00,104.21900177001953
2024-06-06 14:00:00+00:00,104.28399658203125
2024-06-06 15:00:00+00:00,104.22699737548828
2024-06-06 16:00:00+00:00,104.21399688720703
2024-06-06 17:00:00+00:00,104.12200164794922
2024-06-06 18:00:00+00:00,104.10199737548828
2024-06-06 19:00:00+00:00,104.12000274658203
2024-06-06 20:00:00+00:00,104.11699676513672
2024-06-06 21:00:00+00:00,104.11499786376953
2024-06-06 22:00:00+00:00,104.09200286865234
2024-06-06 23:00:00+00:00,104.10900115966797
2024-06-07 00:00:00+00:00,104.13300323486328
2024-06-07 01:00:00+00:00,104.08999633789062
2024-06-07 02:00:00+00:00,104.09600067138672
2024-06-07 03:00:00+00:00,104.10600280761719
2024-06-07 04:00:00+00:00,104.0780029296875
2024-06-07 05:00:00+00:00,104.10600280761719
2024-06-07 06:00:00+00:00,104.06600189208984
2024-06-07 07:00:00+00:00,104.06300354003906
2024-06-07 08:00:00+00:00,104.0989990234375
2024-06-07 09:00:00+00:00,104.08899688720703
2024-06-07 10:00:00+00:00,104.13099670410156
2024-06-07 11:00:00+00:00,104.0469970703125
2024-06-07 12:00:00+00:00,104.68000030517578
2024-06-07 13:00:00+00:00,104.81300354003906
2024-06-07 14:00:00+00:00,104.86100006103516
2024-06-07 15:00:00+00:00,104.8740005493164
2024-06-07 16:00:00+00:00,104.89099884033203
2024-06-07 17:00:00+00:00,104.88500213623047
2024-06-07 18:00:00+00:00,104.88500213623047
2024-06-07 19:00:00+00:00,104.93599700927734
2024-06-07 20:00:00+00:00,104.93499755859375
2024-06-09 21:00:00+00:00,104.93499755859375
2024-06-09 22:00:00+00:00,105.06700134277344
2024-06-09 23:00:00+00:00,105.05599975585938
2024-06-10 00:00:00+00:00,105.08200073242188
2024-06-10 01:00:00+00:00,105.10199737548828
2024-06-10 02:00:00+00:00,105.16100311279297
2024-06-10 03:00:00+00:00,105.25700378417969
2024-06-10 04:00:00+00:00,105.25299835205078
2024-06-10 05:00:00+00:00,105.2490005493164
2024-06-10 06:00:00+00:00,105.28099822998047
2024-06-10 07:00:00+00:00,105.1760025024414
2024-06-10 08:00:00+00:00,105.24099731445312
2024-06-10 09:00:00+00:00,105.322998046875
2024-06-10 10:00:00+00:00,105.34500122070312
2024-06-10 11:00:00+00:00,105.2229995727539
2024-06-10 12:00:00+00:00,105.31099700927734
2024-06-10 13:00:00+00:00,105.31400299072266
2024-06-10 14:00:00+00:00,105.33399963378906
2024-06-10 15:00:00+00:00,105.20800018310547
2024-06-10 16:00:00+00:00,105.1989974975586
2024-06-10 17:00:00+00:00,105.15299987792969
2024-06-10 18:00:00+00:00,105.1500015258789
2024-06-10 19:00:00+00:00,105.13899993896484
2024-06-10 20:00:00+00:00,105.1240005493164
2024-06-10 21:00:00+00:00,105.12200164794922
2024-06-10 22:00:00+00:00,105.10199737548828
2024-06-10 23:00:00+00:00,105.14199829101562
2024-06-11 00:00:00+00:00,105.15899658203125
2024-06-11 01:00:00+00:00,105.13800048828125
2024-06-11 02:00:00+00:00,105.13999938964844
2024-06-11 03:00:00+00:00,105.12200164794922
2024-06-11 04:00:00+00:00,105.12899780273438
2024-06-11 05:00:00+00:00,105.1449966430664
2024-06-11 06:00:00+00:00,105.13700103759766
2024-06-11 07:00:00+00:00,105.17500305175781
2024-06-11 08:00:00+00:00,105.27400207519531
2024-06-11 09:00:00+00:00,105.24400329589844
2024-06-11 10:00:00+00:00,105.27400207519531
2024-06-11 11:00:00+00:00,105.35299682617188
2024-06-11 12:00:00+00:00,105.2959976196289
2024-06-11 13:00:00+00:00,105.41500091552734
2024-06-11 14:00:00+00:00,105.4469985961914
2024-06-11 15:00:00+00:00,105.3740005493164
2024-06-11 16:00:00+00:00,105.33499908447266
2024-06-11 17:00:00+00:00,105.26499938964844
2024-06-11 18:00:00+00:00,105.2300033569336
2024-06-11 19:00:00+00:00,105.26399993896484
2024-06-11 20:00:00+00:00,105.2699966430664
2024-06-11 21:00:00+00:00,105.25700378417969
2024-06-11 22:00:00+00:00,105.25399780273438
2024-06-11 23:00:00+00:00,105.27100372314453
2024-06-12 00:00:00+00:00,105.31400299072266
2024-06-12 01:00:00+00:00,105.26799774169922
2024-06-12 02:00:00+00:00,105.25700378417969
2024-06-12 03:00:00+00:00,105.26699829101562
2024-06-12 04:00:00+00:00,105.3010025024414
2024-06-12 05:00:00+00:00,105.22899627685547
2024-06-12 06:00:00+00:00,105.27799987792969
2024-06-12 07:00:00+00:00,105.23500061035156
2024-06-12 08:00:00+00:00,105.21700286865234
2024-06-12 09:00:00+00:00,105.18299865722656
2024-06-12 10:00:00+00:00,105.13099670410156
2024-06-12 11:00:00+00:00,105.09500122070312
2024-06-12 12:00:00+00:00,104.43299865722656
2024-06-12 13:00:00+00:00,104.35900115966797
2024-06-12 14:00:00+00:00,104.29299926757812
2024-06-12 15:00:00+00:00,104.34300231933594
2024-06-12 16:00:00+00:00,104.31700134277344
2024-06-12 17:00:00+00:00,104.37300109863281
2024-06-12 18:00:00+00:00,104.6449966430664
2024-06-12 19:00:00+00:00,104.73999786376953
2024-06-12 20:00:00+00:00,104.71199798583984
2024-06-12 21:00:00+00:00,104.6520004272461
2024-06-12 22:00:00+00:00,104.68299865722656
2024-06-12 23:00:00+00:00,104.697998046875
2024-06-13 00:00:00+00:00,104.7020034790039
2024-06-13 01:00:00+00:00,104.77899932861328
2024-06-13 02:00:00+00:00,104.77200317382812
2024-06-13 03:00:00+00:00,104.78399658203125
2024-06-13 04:00:00+00:00,104.81300354003906
2024-06-13 05:00:00+00:00,104.81400299072266
2024-06-13 06:00:00+00:00,104.84100341796875
2024-06-13 07:00:00+00:00,104.75199890136719
2024-06-13 08:00:00+00:00,104.78399658203125
2024-06-13 09:00:00+00:00,104.81999969482422
2024-06-13 10:00:00+00:00,104.88999938964844
2024-06-13 11:00:00+00:00,104.97000122070312
2024-06-13 12:00:00+00:00,104.86000061035156
2024-06-13 13:00:00+00:00,104.93699645996094
2024-06-13 14:00:00+00:00,105.02999877929688
2024-06-13 15:00:00+00:00,105.10399627685547
2024-06-13 16:00:00+00:00,105.25599670410156
2024-06-13 17:00:00+00:00,105.19499969482422
2024-06-13 18:00:00+00:00,105.19599914550781
2024-06-13 19:00:00+00:00,105.2020034790039
2024-06-13 20:00:00+00:00,105.2249984741211
2024-06-13 21:00:00+00:00,105.21399688720703
2024-06-13 22:00:00+00:00,105.23899841308594
2024-06-13 23:00:00+00:00,105.24700164794922
2024-06-14 00:00:00+00:00,105.26799774169922
2024-06-14 01:00:00+00:00,105.2249984741211
2024-06-14 02:00:00+00:00,105.21299743652344
2024-06-14 03:00:00+00:00,105.29100036621094
2024-06-14 04:00:00+00:00,105.33200073242188
2024-06-14 05:00:00+00:00,105.39299774169922
2024-06-14 06:00:00+00:00,105.4209976196289
2024-06-14 07:00:00+00:00,105.51499938964844
2024-06-14 08:00:00+00:00,105.59200286865234
2024-06-14 09:00:00+00:00,105.60900115966797
2024-06-14 10:00:00+00:00,105.53299713134766
2024-06-14 11:00:00+00:00,105.56300354003906
2024-06-14 12:00:00+00:00,105.63300323486328
2024-06-14 13:00:00+00:00,105.79100036621094
2024-06-14 14:00:00+00:00,105.66300201416016
2024-06-14 15:00:00+00:00,105.55400085449219
2024-06-14 16:00:00+00:00,105.53600311279297
2024-06-14 17:00:00+00:00,105.55899810791016
2024-06-14 18:00:00+00:00,105.55000305175781
2024-06-14 19:00:00+00:00,105.49500274658203
2024-06-14 20:00:00+00:00,105.51799774169922
2024-06-16 22:00:00+00:00,105.51399993896484
2024-06-16 23:00:00+00:00,105.55000305175781
2024-06-17 00:00:00+00:00,105.52899932861328
2024-06-17 01:00:00+00:00,105.552001953125
2024-06-17 02:00:00+00:00,105.53299713134766
2024-06-17 03:00:00+00:00,105.52899932861328
2024-06-17 04:00:00+00:00,105.52799987792969
2024-06-17 05:00:00+00:00,105.5739974975586
2024-06-17 06:00:00+00:00,105.58300018310547
2024-06-17 07:00:00+00:00,105.59500122070312
2024-06-17 08:00:00+00:00,105.55699920654297
2024-06-17 09:00:00+00:00,105.5469970703125
2024-06-17 10:00:00+00:00,105.5469970703125
2024-06-17 11:00:00+00:00,105.58599853515625
2024-06-17 12:00:00+00:00,105.56500244140625
2024-06-17 13:00:00+00:00,105.53600311279297
2024-06-17 14:00:00+00:00,105.53299713134766
2024-06-17 15:00:00+00:00,105.47000122070312
2024-06-17 16:00:00+00:00,105.42400360107422
2024-06-17 17:00:00+00:00,105.4010009765625
2024-06-17 18:00:00+00:00,105.31999969482422
2024-06-17 19:00:00+00:00,105.3479995727539
2024-06-17 20:00:00+00:00,105.33399963378906
2024-06-17 21:00:00+00:00,105.35399627685547
2024-06-17 22:00:00+00:00,105.33000183105469
2024-06-17 23:00:00+00:00,105.27200317382812
2024-06-18 00:00:00+00:00,105.3030014038086
2024-06-18 01:00:00+00:00,105.36799621582031
2024-06-18 02:00:00+00:00,105.4000015258789
2024-06-18 03:00:00+00:00,105.40399932861328
2024-06-18 04:00:00+00:00,105.43399810791016
2024-06-18 05:00:00+00:00,105.42900085449219
2024-06-18 06:00:00+00:00,105.36699676513672
2024-06-18 07:00:00+00:00,105.47000122070312
2024-06-18 08:00:00+00:00,105.50399780273438
2024-06-18 09:00:00+00:00,105.47899627685547
2024-06-18 10:00:00+00:00,105.49299621582031
2024-06-18 11:00:00+00:00,105.52200317382812
2024-06-18 12:00:00+00:00,105.35299682617188
2024-06-18 13:00:00+00:00,105.2020034790039
2024-06-18 14:00:00+00:00,105.31900024414062
2024-06-18 15:00:00+00:00,105.28700256347656
2024-06-18 16:00:00+00:00,105.26699829101562
2024-06-18 17:00:00+00:00,105.30400085449219
2024-06-18 18:00:00+00:00,105.25599670410156
2024-06-18 19:00:00+00:00,105.27100372314453
2024-06-18 20:00:00+00:00,105.26599884033203
2024-06-18 21:00:00+00:00,105.25599670410156
2024-06-18 22:00:00+00:00,105.25299835205078
2024-06-18 23:00:00+00:00,105.27200317382812
2024-06-19 00:00:00+00:00,105.29100036621094
2024-06-19 01:00:00+00:00,105.24800109863281
2024-06-19 02:00:00+00:00,105.26300048828125
2024-06-19 03:00:00+00:00,105.2770004272461
2024-06-20 04:00:00+00:00,105.2699966430664
2024-06-20 05:00:00+00:00,105.2979965209961
2024-06-20 06:00:00+00:00,105.33699798583984
2024-06-20 07:00:00+00:00,105.41600036621094
2024-06-20 08:00:00+00:00,105.49199676513672
2024-06-20 09:00:00+00:00,105.43299865722656
2024-06-20 10:00:00+00:00,105.40699768066406
2024-06-20 11:00:00+00:00,105.51899719238281
2024-06-20 12:00:00+00:00,105.5
2024-06-20 13:00:00+00:00,105.48400115966797
2024-06-20 14:00:00+00:00,105.48400115966797
2024-06-20 15:00:00+00:00,105.60900115966797
2024-06-20 16:00:00+00:00,105.62799835205078
2024-06-20 17:00:00+00:00,105.63099670410156
2024-06-20 18:00:00+00:00,105.58799743652344
2024-06-20 19:00:00+00:00,105.62999725341797
2024-06-20 20:00:00+00:00,105.66500091552734
2024-06-20 21:00:00+00:00,105.64700317382812
2024-06-20 22:00:00+00:00,105.65599822998047
2024-06-20 23:00:00+00:00,105.63500213623047
2024-06-21 00:00:00+00:00,105.65799713134766
2024-06-21 01:00:00+00:00,105.61499786376953
2024-06-21 02:00:00+00:00,105.56900024414062
2024-06-21 03:00:00+00:00,105.56500244140625
2024-06-21 04:00:00+00:00,105.5510025024414
2024-06-21 05:00:00+00:00,105.55500030517578
2024-06-21 06:00:00+00:00,105.61900329589844
2024-06-21 07:00:00+00:00,105.80799865722656
2024-06-21 08:00:00+00:00,105.72200012207031
2024-06-21 09:00:00+00:00,105.6989974975586
2024-06-21 10:00:00+00:00,105.83699798583984
2024-06-21 11:00:00+00:00,105.76200103759766
2024-06-21 12:00:00+00:00,105.74099731445312
2024-06-21 13:00:00+00:00,105.85800170898438
2024-06-21 14:00:00+00:00,105.90399932861328
2024-06-21 15:00:00+00:00,105.8010025024414
2024-06-21 16:00:00+00:00,105.81700134277344
2024-06-21 17:00:00+00:00,105.81500244140625
2024-06-21 18:00:00+00:00,105.7959976196289
2024-06-21 19:00:00+00:00,105.81700134277344
2024-06-21 20:00:00+00:00,105.83200073242188
2024-06-23 21:00:00+00:00,105.83200073242188
2024-06-23 22:00:00+00:00,105.81300354003906
2024-06-23 23:00:00+00:00,105.87799835205078
2024-06-24 00:00:00+00:00,105.83899688720703
2024-06-24 01:00:00+00:00,105.84600067138672
2024-06-24 02:00:00+00:00,105.8499984741211
2024-06-24 03:00:00+00:00,105.8290023803711
2024-06-24 04:00:00+00:00,105.81400299072266
2024-06-24 05:00:00+00:00,105.77799987792969
2024-06-24 06:00:00+00:00,105.74400329589844
2024-06-24 07:00:00+00:00,105.68000030517578
2024-06-24 08:00:00+00:00,105.6719970703125
2024-06-24 09:00:00+00:00,105.59500122070312
2024-06-24 10:00:00+00:00,105.54399871826172
2024-06-24 11:00:00+00:00,105.50700378417969
2024-06-24 12:00:00+00:00,105.50599670410156
2024-06-24 13:00:00+00:00,105.41500091552734
2024-06-24 14:00:00+00:00,105.5250015258789
2024-06-24 15:00:00+00:00,105.54199981689453
2024-06-24 16:00:00+00:00,105.5459976196289
2024-06-24 17:00:00+00:00,105.56600189208984
2024-06-24 18:00:00+00:00,105.4729995727539
2024-06-24 19:00:00+00:00,105.47899627685547
2024-06-24 20:00:00+00:00,105.49299621582031
2024-06-24 21:00:00+00:00,105.49199676513672
2024-06-24 22:00:00+00:00,105.48500061035156
2024-06-24 23:00:00+00:00,105.51200103759766
2024-06-25 00:00:00+00:00,105.46399688720703
2024-06-25 01:00:00+00:00,105.46099853515625
2024-06-25 02:00:00+00:00,105.43399810791016
2024-06-25 03:00:00+00:00,105.42500305175781
2024-06-25 04:00:00+00:00,105.41999816894531
2024-06-25 05:00:00+00:00,105.40899658203125
2024-06-25 06:00:00+00:00,105.4749984741211
2024-06-25 07:00:00+00:00,105.50900268554688
2024-06-25 08:00:00+00:00,105.4540023803711
2024-06-25 09:00:00+00:00,105.52300262451172
2024-06-25 10:00:00+00:00,105.53099822998047
2024-06-25 11:00:00+00:00,105.63999938964844
2024-06-25 12:00:00+00:00,105.6780014038086
2024-06-25 13:00:00+00:00,105.7020034790039
2024-06-25 14:00:00+00:00,105.72599792480469
2024-06-25 15:00:00+00:00,105.7030029296875
2024-06-25 16:00:00+00:00,105.70500183105469
2024-06-25 17:00:00+00:00,105.63400268554688
2024-06-25 18:00:00+00:00,105.60700225830078
2024-06-25 19:00:00+00:00,105.60900115966797
2024-06-25 20:00:00+00:00,105.62999725341797
2024-06-25 21:00:00+00:00,105.62999725341797
2024-06-25 22:00:00+00:00,105.62000274658203
2024-06-25 23:00:00+00:00,105.66999816894531
2024-06-26 00:00:00+00:00,105.66000366210938
2024-06-26 01:00:00+00:00,105.625
2024-06-26 02:00:00+00:00,105.66999816894531
2024-06-26 03:00:00+00:00,105.66000366210938
2024-06-26 04:00:00+00:00,105.66300201416016
2024-06-26 05:00:00+00:00,105.70999908447266
2024-06-26 06:00:00+00:00,105.78099822998047
2024-06-26 07:00:00+00:00,105.79299926757812
2024-06-26 08:00:00+00:00,105.81600189208984
2024-06-26 09:00:00+00:00,105.85399627685547
2024-06-26 10:00:00+00:00,105.93399810791016
2024-06-26 11:00:00+00:00,105.88300323486328
2024-06-26 12:00:00+00:00,106.0009994506836
2024-06-26 13:00:00+00:00,106.04499816894531
2024-06-26 14:00:00+00:00,106.02799987792969
2024-06-26 15:00:00+00:00,106.03500366210938
2024-06-26 16:00:00+00:00,106.02799987792969
2024-06-26 17:00:00+00:00,105.98899841308594
2024-06-26 18:00:00+00:00,106.052001953125
2024-06-26 19:00:00+00:00,106.0479965209961
2024-06-26 20:00:00+00:00,106.05999755859375
2024-06-26 21:00:00+00:00,106.0530014038086
2024-06-26 22:00:00+00:00,106.05000305175781
2024-06-26 23:00:00+00:00,106.05000305175781
2024-06-27 00:00:00+00:00,106.07499694824219
2024-06-27 01:00:00+00:00,105.9739990234375
2024-06-27 02:00:00+00:00,105.96600341796875
2024-06-27 03:00:00+00:00,105.95099639892578
2024-06-27 04:00:00+00:00,105.90899658203125
2024-06-27 05:00:00+00:00,105.90699768066406
2024-06-27 06:00:00+00:00,105.9209976196289
2024-06-27 07:00:00+00:00,105.9729995727539
2024-06-27 08:00:00+00:00,105.97699737548828
2024-06-27 09:00:00+00:00,105.89900207519531
2024-06-27 10:00:00+00:00,105.8550033569336
2024-06-27 11:00:00+00:00,105.9540023803711
2024-06-27 12:00:00+00:00,105.75499725341797
2024-06-27 13:00:00+00:00,105.75199890136719
2024-06-27 14:00:00+00:00,105.83100128173828
2024-06-27 15:00:00+00:00,105.88500213623047
2024-06-27 16:00:00+00:00,105.88500213623047
2024-06-27 17:00:00+00:00,105.9000015258789
2024-06-27 18:00:00+00:00,105.90599822998047
2024-06-27 19:00:00+00:00,105.93900299072266
2024-06-27 20:00:00+00:00,105.93099975585938
2024-06-27 21:00:00+00:00,105.91400146484375
2024-06-27 22:00:00+00:00,105.927001953125
2024-06-27 23:00:00+00:00,105.89600372314453
2024-06-28 00:00:00+00:00,106.02999877929688
2024-06-28 01:00:00+00:00,106.07499694824219
2024-06-28 02:00:00+00:00,106.02799987792969
2024-06-28 03:00:00+00:00,106.05999755859375
2024-06-28 04:00:00+00:00,106.10600280761719
2024-06-28 05:00:00+00:00,106.05699920654297
2024-06-28 06:00:00+00:00,106.00299835205078
2024-06-28 07:00:00+00:00,105.99800109863281
2024-06-28 08:00:00+00:00,105.99299621582031
2024-06-28 09:00:00+00:00,105.87699890136719
2024-06-28 10:00:00+00:00,105.84300231933594
2024-06-28 11:00:00+00:00,105.96600341796875
2024-06-28 12:00:00+00:00,105.8759994506836
2024-06-28 13:00:00+00:00,105.927001953125
2024-06-28 14:00:00+00:00,105.82499694824219
2024-06-28 15:00:00+00:00,105.87899780273438
2024-06-28 16:00:00+00:00,105.83300018310547
2024-06-28 17:00:00+00:00,105.83899688720703
2024-06-28 18:00:00+00:00,105.86599731445312
2024-06-28 19:00:00+00:00,105.87100219726562
2024-06-28 20:00:00+00:00,105.8489990234375
2024-06-30 21:00:00+00:00,105.8489990234375
2024-06-30 22:00:00+00:00,105.70999908447266
2024-06-30 23:00:00+00:00,105.73300170898438
2024-07-01 00:00:00+00:00,105.66500091552734
2024-07-01 01:00:00+00:00,105.62799835205078
2024-07-01 02:00:00+00:00,105.58200073242188
2024-07-01 03:00:00+00:00,105.62100219726562
2024-07-01 04:00:00+00:00,105.60800170898438
2024-07-01 05:00:00+00:00,105.59300231933594
2024-07-01 06:00:00+00:00,105.4729995727539
2024-07-01 07:00:00+00:00,105.61100006103516
2024-07-01 08:00:00+00:00,105.50800323486328
2024-07-01 09:00:00+00:00,105.58799743652344
2024-07-01 10:00:00+00:00,105.65299987792969
2024-07-01 11:00:00+00:00,105.64399719238281
2024-07-01 12:00:00+00:00,105.70700073242188
2024-07-01 13:00:00+00:00,105.64099884033203
2024-07-01 14:00:00+00:00,105.89800262451172
2024-07-01 15:00:00+00:00,105.91600036621094
2024-07-01 16:00:00+00:00,105.87699890136719
2024-07-01 17:00:00+00:00,105.9010009765625
2024-07-01 18:00:00+00:00,105.9010009765625
2024-07-01 19:00:00+00:00,105.83000183105469
2024-07-01 20:00:00+00:00,105.80999755859375
2024-07-01 21:00:00+00:00,105.81800079345703
2024-07-01 22:00:00+00:00,105.8290023803711
2024-07-01 23:00:00+00:00,105.8479995727539
2024-07-02 00:00:00+00:00,105.86599731445312
2024-07-02 01:00:00+00:00,105.88200378417969
2024-07-02 02:00:00+00:00,105.88400268554688
2024-07-02 03:00:00+00:00,105.91600036621094
2024-07-02 04:00:00+00:00,105.93499755859375
2024-07-02 05:00:00+00:00,105.91400146484375
2024-07-02 06:00:00+00:00,105.9530029296875
2024-07-02 07:00:00+00:00,105.9990005493164
2024-07-02 08:00:00+00:00,105.96700286865234
2024-07-02 09:00:00+00:00,106.02899932861328
2024-07-02 10:00:00+00:00,105.9800033569336
2024-07-02 11:00:00+00:00,105.93499755859375
2024-07-02 12:00:00+00:00,105.85800170898438
2024-07-02 13:00:00+00:00,105.74700164794922
2024-07-02 14:00:00+00:00,105.73799896240234
2024-07-02 15:00:00+00:00,105.79299926757812
2024-07-02 16:00:00+00:00,105.82599639892578
2024-07-02 17:00:00+00:00,105.76300048828125
2024-07-02 18:00:00+00:00,105.72200012207031
2024-07-02 19:00:00+00:00,105.68299865722656
2024-07-02 20:00:00+00:00,105.69599914550781
2024-07-02 21:00:00+00:00,105.69599914550781
2024-07-02 22:00:00+00:00,105.6719970703125
2024-07-02 23:00:00+00:00,105.68000030517578
2024-07-03 00:00:00+00:00,105.68199920654297
2024-07-03 01:00:00+00:00,105.73500061035156
2024-07-03 02:00:00+00:00,105.7239990234375
2024-07-03 03:00:00+00:00,105.71800231933594
2024-07-03 13:30:00+00:00,105.36199951171875
2024-07-03 14:30:00+00:00,105.17900085449219
2024-07-03 15:30:00+00:00,105.22799682617188
2024-07-03 16:30:00+00:00,105.26300048828125
2024-07-05 04:00:00+00:00,104.99500274658203
2024-07-05 05:00:00+00:00,105.00199890136719
2024-07-05 06:00:00+00:00,105.02799987792969
2024-07-05 07:00:00+00:00,104.95800018310547
2024-07-05 08:00:00+00:00,104.95999908447266
2024-07-05 09:00:00+00:00,104.95999908447266
2024-07-05 10:00:00+00:00,104.98699951171875
2024-07-05 11:00:00+00:00,105.02899932861328
2024-07-05 12:00:00+00:00,104.947998046875
2024-07-05 13:00:00+00:00,105.06900024414062
2024-07-05 14:00:00+00:00,105.01100158691406
2024-07-05 15:00:00+00:00,104.95099639892578
2024-07-05 16:00:00+00:00,104.98699951171875
2024-07-05 17:00:00+00:00,104.96499633789062
2024-07-05 18:00:00+00:00,104.875
2024-07-05 19:00:00+00:00,104.85700225830078
2024-07-05 20:00:00+00:00,104.87899780273438
2024-07-07 21:00:00+00:00,104.875
2024-07-07 22:00:00+00:00,104.97000122070312
2024-07-07 23:00:00+00:00,104.94999694824219
2024-07-08 00:00:00+00:00,104.98500061035156
2024-07-08 01:00:00+00:00,104.90699768066406
2024-07-08 02:00:00+00:00,104.9260025024414
2024-07-08 03:00:00+00:00,104.89199829101562
2024-07-08 04:00:00+00:00,104.91799926757812
2024-07-08 05:00:00+00:00,104.98500061035156
2024-07-08 06:00:00+00:00,105.00399780273438
2024-07-08 07:00:00+00:00,104.89800262451172
2024-07-08 08:00:00+00:00,104.91100311279297
2024-07-08 09:00:00+00:00,104.90499877929688
2024-07-08 10:00:00+00:00,104.95800018310547
2024-07-08 11:00:00+00:00,104.91999816894531
2024-07-08 12:00:00+00:00,104.81400299072266
2024-07-08 13:00:00+00:00,104.83000183105469
2024-07-08 14:00:00+00:00,104.89700317382812
2024-07-08 15:00:00+00:00,104.9280014038086
2024-07-08 16:00:00+00:00,104.93800354003906
2024-07-08 17:00:00+00:00,104.94499969482422
2024-07-08 18:00:00+00:00,105.0
2024-07-08 19:00:00+00:00,105.01100158691406
2024-07-08 20:00:00+00:00,105.02200317382812
2024-07-08 21:00:00+00:00,105.00900268554688
2024-07-08 22:00:00+00:00,105.01300048828125
2024-07-08 23:00:00+00:00,104.97799682617188
2024-07-09 00:00:00+00:00,105.01699829101562
2024-07-09 01:00:00+00:00,105.05000305175781
2024-07-09 02:00:00+00:00,105.03700256347656
2024-07-09 03:00:00+00:00,105.02899932861328
2024-07-09 04:00:00+00:00,105.00299835205078
2024-07-09 05:00:00+00:00,104.9990005493164
2024-07-09 06:00:00+00:00,105.01499938964844
2024-07-09 07:00:00+00:00,105.0790023803711
2024-07-09 08:00:00+00:00,105.0530014038086
2024-07-09 09:00:00+00:00,105.04000091552734
2024-07-09 10:00:00+00:00,105.03600311279297
2024-07-09 11:00:00+00:00,105.11299896240234
2024-07-09 12:00:00+00:00,105.08899688720703
2024-07-09 13:00:00+00:00,105.0260009765625
2024-07-09 14:00:00+00:00,105.12100219726562
2024-07-09 15:00:00+00:00,105.1500015258789
2024-07-09 16:00:00+00:00,105.15899658203125
2024-07-09 17:00:00+00:00,105.15899658203125
2024-07-09 18:00:00+00:00,105.12899780273438
2024-07-09 19:00:00+00:00,105.11900329589844
2024-07-09 20:00:00+00:00,105.13300323486328
2024-07-09 21:00:00+00:00,105.125
2024-07-09 22:00:00+00:00,105.12300109863281
2024-07-09 23:00:00+00:00,105.125
2024-07-10 00:00:00+00:00,105.15599822998047
2024-07-10 01:00:00+00:00,105.14600372314453
2024-07-10 02:00:00+00:00,105.125
2024-07-10 03:00:00+00:00,105.09500122070312
2024-07-10 04:00:00+00:00,105.10399627685547
2024-07-10 05:00:00+00:00,105.11900329589844
2024-07-10 06:00:00+00:00,105.07599639892578
2024-07-10 07:00:00+00:00,105.13300323486328
2024-07-10 08:00:00+00:00,105.13300323486328
2024-07-10 09:00:00+00:00,105.10399627685547
2024-07-10 10:00:00+00:00,105.08000183105469
2024-07-10 11:00:00+00:00,105.0530014038086
2024-07-10 12:00:00+00:00,105.03299713134766
2024-07-10 13:00:00+00:00,105.06099700927734
2024-07-10 14:00:00+00:00,105.06199645996094
2024-07-10 15:00:00+00:00,105.05400085449219
2024-07-10 16:00:00+00:00,105.02100372314453
2024-07-10 17:00:00+00:00,105.06600189208984
2024-07-10 18:00:00+00:00,105.0479965209961
2024-07-10 19:00:00+00:00,105.01899719238281
2024-07-10 20:00:00+00:00,105.00700378417969
2024-07-10 21:00:00+00:00,104.99700164794922
2024-07-10 22:00:00+00:00,104.98400115966797
2024-07-10 23:00:00+00:00,104.9729995727539
2024-07-11 00:00:00+00:00,104.95899963378906
2024-07-11 01:00:00+00:00,104.927001953125
2024-07-11 02:00:00+00:00,104.9469985961914
2024-07-11 03:00:00+00:00,104.94000244140625
2024-07-11 04:00:00+00:00,104.95999908447266
2024-07-11 05:00:00+00:00,104.97000122070312
2024-07-11 06:00:00+00:00,104.98400115966797
2024-07-11 07:00:00+00:00,104.93399810791016
2024-07-11 08:00:00+00:00,104.86299896240234
2024-07-11 09:00:00+00:00,104.86900329589844
2024-07-11 10:00:00+00:00,104.86299896240234
2024-07-11 11:00:00+00:00,104.81800079345703
2024-07-11 12:00:00+00:00,104.25499725341797
2024-07-11 13:00:00+00:00,104.25800323486328
2024-07-11 14:00:00+00:00,104.3219985961914
2024-07-11 15:00:00+00:00,104.3949966430664
2024-07-11 16:00:00+00:00,104.4280014038086
2024-07-11 17:00:00+00:00,104.50700378417969
2024-07-11 18:00:00+00:00,104.44000244140625
2024-07-11 19:00:00+00:00,104.47200012207031
2024-07-11 20:00:00+00:00,104.45700073242188
2024-07-11 21:00:00+00:00,104.46900177001953
2024-07-11 22:00:00+00:00,104.50199890136719
2024-07-11 23:00:00+00:00,104.35600280761719
2024-07-12 00:00:00+00:00,104.4739990234375
2024-07-12 01:00:00+00:00,104.53900146484375
2024-07-12 02:00:00+00:00,104.52200317382812
2024-07-12 03:00:00+00:00,104.48799896240234
2024-07-12 04:00:00+00:00,104.47100067138672
2024-07-12 05:00:00+00:00,104.45999908447266
2024-07-12 06:00:00+00:00,104.51799774169922
2024-07-12 07:00:00+00:00,104.44400024414062
2024-07-12 08:00:00+00:00,104.34400177001953
2024-07-12 09:00:00+00:00,104.35900115966797
2024-07-12 10:00:00+00:00,104.31999969482422
2024-07-12 11:00:00+00:00,104.3280029296875
2024-07-12 12:00:00+00:00,104.29499816894531
2024-07-12 13:00:00+00:00,104.21399688720703
2024-07-12 14:00:00+00:00,104.0510025024414
2024-07-12 15:00:00+00:00,104.12100219726562
2024-07-12 16:00:00+00:00,104.0979995727539
2024-07-12 17:00:00+00:00,104.09500122070312
2024-07-12 18:00:00+00:00,104.09300231933594
2024-07-12 19:00:00+00:00,104.08999633789062
2024-07-12 20:00:00+00:00,104.08399963378906
2024-07-14 21:00:00+00:00,104.08399963378906
2024-07-14 22:00:00+00:00,104.26200103759766
2024-07-14 23:00:00+00:00,104.28500366210938
2024-07-15 00:00:00+00:00,104.26499938964844
2024-07-15 01:00:00+00:00,104.25
2024-07-15 02:00:00+00:00,104.23100280761719
2024-07-15 03:00:00+00:00,104.20899963378906
2024-07-15 04:00:00+00:00,104.21399688720703
2024-07-15 05:00:00+00:00,104.20800018310547
2024-07-15 06:00:00+00:00,104.26000213623047
2024-07-15 07:00:00+00:00,104.19400024414062
2024-07-15 08:00:00+00:00,104.08100128173828
2024-07-15 09:00:00+00:00,104.08599853515625
2024-07-15 10:00:00+00:00,104.11100006103516
2024-07-15 11:00:00+00:00,104.16100311279297
2024-07-15 12:00:00+00:00,104.13899993896484
2024-07-15 13:00:00+00:00,104.0770034790039
2024-07-15 14:00:00+00:00,104.0739974975586
2024-07-15 15:00:00+00:00,104.10900115966797
2024-07-15 16:00:00+00:00,104.13500213623047
2024-07-15 17:00:00+00:00,104.25
2024-07-15 18:00:00+00:00,104.18900299072266
2024-07-15 19:00:00+00:00,104.22100067138672
2024-07-15 20:00:00+00:00,104.26599884033203
2024-07-15 21:00:00+00:00,104.25599670410156
2024-07-15 22:00:00+00:00,104.25499725341797
2024-07-15 23:00:00+00:00,104.24600219726562
2024-07-16 00:00:00+00:00,104.31400299072266
2024-07-16 01:00:00+00:00,104.31700134277344
2024-07-16 02:00:00+00:00,104.34600067138672
2024-07-16 03:00:00+00:00,104.33100128173828
2024-07-16 04:00:00+00:00,104.33499908447266
2024-07-16 05:00:00+00:00,104.3740005493164
2024-07-16 06:00:00+00:00,104.36299896240234
2024-07-16 07:00:00+00:00,104.27899932861328
2024-07-16 08:00:00+00:00,104.27899932861328
2024-07-16 09:00:00+00:00,104.27400207519531
2024-07-16 10:00:00+00:00,104.2760009765625
2024-07-16 11:00:00+00:00,104.23600006103516
2024-07-16 12:00:00+00:00,104.4520034790039
2024-07-16 13:00:00+00:00,104.4010009765625
2024-07-16 14:00:00+00:00,104.43900299072266
2024-07-16 15:00:00+00:00,104.38400268554688
2024-07-16 16:00:00+00:00,104.35299682617188
2024-07-16 17:00:00+00:00,104.31700134277344
2024-07-16 18:00:00+00:00,104.2699966430664
2024-07-16 19:00:00+00:00,104.2229995727539
2024-07-16 20:00:00+00:00,104.23899841308594
2024-07-16 21:00:00+00:00,104.23699951171875
2024-07-16 22:00:00+00:00,104.24299621582031
2024-07-16 23:00:00+00:00,104.21499633789062
2024-07-17 00:00:00+00:00,104.2699966430664
2024-07-17 01:00:00+00:00,104.2300033569336
2024-07-17 02:00:00+00:00,104.21099853515625
2024-07-17 03:00:00+00:00,104.1989974975586
2024-07-17 04:00:00+00:00,104.21099853515625
2024-07-17 05:00:00+00:00,104.1729965209961
2024-07-17 06:00:00+00:00,104.19100189208984
2024-07-17 07:00:00+00:00,104.03600311279297
2024-07-17 08:00:00+00:00,103.70899963378906
2024-07-17 09:00:00+00:00,103.68900299072266
2024-07-17 10:00:00+00:00,103.80599975585938
2024-07-17 11:00:00+00:00,103.76000213623047
2024-07-17 12:00:00+00:00,103.73100280761719
2024-07-17 13:00:00+00:00,103.7020034790039
2024-07-17 14:00:00+00:00,103.81400299072266
2024-07-17 15:00:00+00:00,103.81999969482422
2024-07-17 16:00:00+00:00,103.81199645996094
2024-07-17 17:00:00+00:00,103.82499694824219
2024-07-17 18:00:00+00:00,103.74800109863281
2024-07-17 19:00:00+00:00,103.75399780273438
2024-07-17 20:00:00+00:00,103.73600006103516
2024-07-17 21:00:00+00:00,103.73600006103516
2024-07-17 22:00:00+00:00,103.74400329589844
2024-07-17 23:00:00+00:00,103.67500305175781
2024-07-18 00:00:00+00:00,103.71099853515625
2024-07-18 01:00:00+00:00,103.7760009765625
2024-07-18 02:00:00+00:00,103.77799987792969
2024-07-18 03:00:00+00:00,103.80599975585938
2024-07-18 04:00:00+00:00,103.79199981689453
2024-07-18 05:00:00+00:00,103.73400115966797
2024-07-18 06:00:00+00:00,103.78399658203125
2024-07-18 07:00:00+00:00,103.8010025024414
2024-07-18 08:00:00+00:00,103.83000183105469
2024-07-18 09:00:00+00:00,103.8270034790039
2024-07-18 10:00:00+00:00,103.80000305175781
2024-07-18 11:00:00+00:00,103.85700225830078
2024-07-18 12:00:00+00:00,103.84400177001953
2024-07-18 13:00:00+00:00,103.96099853515625
2024-07-18 14:00:00+00:00,103.95800018310547
2024-07-18 15:00:00+00:00,104.01699829101562
2024-07-18 16:00:00+00:00,104.01000213623047
2024-07-18 17:00:00+00:00,104.08399963378906
2024-07-18 18:00:00+00:00,104.1729965209961
2024-07-18 19:00:00+00:00,104.197998046875
2024-07-18 20:00:00+00:00,104.1969985961914
2024-07-18 21:00:00+00:00,104.1709976196289
2024-07-18 22:00:00+00:00,104.17900085449219
2024-07-18 23:00:00+00:00,104.1449966430664
2024-07-19 00:00:00+00:00,104.21099853515625
2024-07-19 01:00:00+00:00,104.27400207519531
2024-07-19 02:00:00+00:00,104.22799682617188
2024-07-19 03:00:00+00:00,104.25199890136719
2024-07-19 04:00:00+00:00,104.27799987792969
2024-07-19 05:00:00+00:00,104.29000091552734
2024-07-19 06:00:00+00:00,104.27300262451172
2024-07-19 07:00:00+00:00,104.27899932861328
2024-07-19 08:00:00+00:00,104.34600067138672
2024-07-19 09:00:00+00:00,104.36399841308594
2024-07-19 10:00:00+00:00,104.33399963378906
2024-07-19 11:00:00+00:00,104.27100372314453
2024-07-19 12:00:00+00:00,104.33399963378906
2024-07-19 13:00:00+00:00,104.36599731445312
2024-07-19 14:00:00+00:00,104.30000305175781
2024-07-19 15:00:00+00:00,104.31500244140625
2024-07-19 16:00:00+00:00,104.34700012207031
2024-07-19 17:00:00+00:00,104.3479995727539
2024-07-19 18:00:00+00:00,104.39600372314453
2024-07-19 19:00:00+00:00,104.38999938964844
2024-07-19 20:00:00+00:00,104.36499786376953
2024-07-21 21:00:00+00:00,104.36499786376953
2024-07-21 22:00:00+00:00,104.21199798583984
2024-07-21 23:00:00+00:00,104.22899627685547
2024-07-22 00:00:00+00:00,104.26000213623047
2024-07-22 01:00:00+00:00,104.33999633789062
2024-07-22 02:00:00+00:00,104.2969970703125
2024-07-22 03:00:00+00:00,104.3030014038086
2024-07-22 04:00:00+00:00,104.3270034790039
2024-07-22 05:00:00+00:00,104.3219985961914
2024-07-22 06:00:00+00:00,104.28099822998047
2024-07-22 07:00:00+00:00,104.26599884033203
2024-07-22 08:00:00+00:00,104.26000213623047
2024-07-22 09:00:00+00:00,104.22100067138672
2024-07-22 10:00:00+00:00,104.24299621582031
2024-07-22 11:00:00+00:00,104.29000091552734
2024-07-22 12:00:00+00:00,104.3499984741211
2024-07-22 13:00:00+00:00,104.36199951171875
2024-07-22 14:00:00+00:00,104.34300231933594
2024-07-22 15:00:00+00:00,104.39700317382812
2024-07-22 16:00:00+00:00,104.34100341796875
2024-07-22 17:00:00+00:00,104.31900024414062
2024-07-22 18:00:00+00:00,104.31400299072266
2024-07-22 19:00:00+00:00,104.322998046875
2024-07-22 20:00:00+00:00,104.30000305175781
2024-07-22 21:00:00+00:00,104.29499816894531
2024-07-22 22:00:00+00:00,104.28299713134766
2024-07-22 23:00:00+00:00,104.30599975585938
2024-07-23 00:00:00+00:00,104.28299713134766
2024-07-23 01:00:00+00:00,104.28800201416016
2024-07-23 02:00:00+00:00,104.26599884033203
2024-07-23 03:00:00+00:00,104.21199798583984
2024-07-23 04:00:00+00:00,104.23999786376953
2024-07-23 05:00:00+00:00,104.25199890136719
2024-07-23 06:00:00+00:00,104.32499694824219
2024-07-23 07:00:00+00:00,104.3280029296875
2024-07-23 08:00:00+00:00,104.3030014038086
2024-07-23 09:00:00+00:00,104.37000274658203
2024-07-23 10:00:00+00:00,104.41699981689453
2024-07-23 11:00:00+00:00,104.44599914550781
2024-07-23 12:00:00+00:00,104.4540023803711
2024-07-23 13:00:00+00:00,104.49400329589844
2024-07-23 14:00:00+00:00,104.52899932861328
2024-07-23 15:00:00+00:00,104.45700073242188
2024-07-23 16:00:00+00:00,104.4469985961914
2024-07-23 17:00:00+00:00,104.44200134277344
2024-07-23 18:00:00+00:00,104.44999694824219
2024-07-23 19:00:00+00:00,104.46499633789062
2024-07-23 20:00:00+00:00,104.44200134277344
2024-07-23 21:00:00+00:00,104.43299865722656
2024-07-23 22:00:00+00:00,104.46800231933594
2024-07-23 23:00:00+00:00,104.49099731445312
2024-07-24 00:00:00+00:00,104.51799774169922
2024-07-24 01:00:00+00:00,104.45600128173828
2024-07-24 02:00:00+00:00,104.4990005493164
2024-07-24 03:00:00+00:00,104.4749984741211
2024-07-24 04:00:00+00:00,104.4280014038086
2024-07-24 05:00:00+00:00,104.37999725341797
2024-07-24 06:00:00+00:00,104.44200134277344
2024-07-24 07:00:00+00:00,104.5270004272461
2024-07-24 08:00:00+00:00,104.50299835205078
2024-07-24 09:00:00+00:00,104.43599700927734
2024-07-24 10:00:00+00:00,104.39900207519531
2024-07-24 11:00:00+00:00,104.32499694824219
2024-07-24 12:00:00+00:00,104.19499969482422
2024-07-24 13:00:00+00:00,104.20700073242188
2024-07-24 14:00:00+00:00,104.19000244140625
2024-07-24 15:00:00+00:00,104.1969985961914
2024-07-24 16:00:00+00:00,104.21900177001953
2024-07-24 17:00:00+00:00,104.2969970703125
2024-07-24 18:00:00+00:00,104.39099884033203
2024-07-24 19:00:00+00:00,104.38200378417969
2024-07-24 20:00:00+00:00,104.35800170898438
2024-07-24 21:00:00+00:00,104.33799743652344
2024-07-24 22:00:00+00:00,104.3280029296875
2024-07-24 23:00:00+00:00,104.38500213623047
2024-07-25 00:00:00+00:00,104.31300354003906
2024-07-25 01:00:00+00:00,104.29900360107422
2024-07-25 02:00:00+00:00,104.26499938964844
2024-07-25 03:00:00+00:00,104.20800018310547
2024-07-25 04:00:00+00:00,104.26699829101562
2024-07-25 05:00:00+00:00,104.23400115966797
2024-07-25 06:00:00+00:00,104.33399963378906
2024-07-25 07:00:00+00:00,104.16600036621094
2024-07-25 08:00:00+00:00,104.26000213623047
2024-07-25 09:00:00+00:00,104.18299865722656
2024-07-25 10:00:00+00:00,104.18399810791016
2024-07-25 11:00:00+00:00,104.27400207519531
2024-07-25 12:00:00+00:00,104.31700134277344
2024-07-25 13:00:00+00:00,104.36499786376953
2024-07-25 14:00:00+00:00,104.2770004272461
2024-07-25 15:00:00+00:00,104.27200317382812
2024-07-25 16:00:00+00:00,104.25599670410156
2024-07-25 17:00:00+00:00,104.31700134277344
2024-07-25 18:00:00+00:00,104.3550033569336
2024-07-25 19:00:00+00:00,104.39700317382812
2024-07-25 20:00:00+00:00,104.40499877929688
2024-07-25 21:00:00+00:00,104.3949966430664
2024-07-25 22:00:00+00:00,104.4000015258789
2024-07-25 23:00:00+00:00,104.33499908447266
2024-07-26 00:00:00+00:00,104.33999633789062
2024-07-26 01:00:00+00:00,104.27200317382812
2024-07-26 02:00:00+00:00,104.3290023803711
2024-07-26 03:00:00+00:00,104.29299926757812
2024-07-26 04:00:00+00:00,104.28099822998047
2024-07-26 05:00:00+00:00,104.28299713134766
2024-07-26 06:00:00+00:00,104.31400299072266
2024-07-26 07:00:00+00:00,104.35800170898438
2024-07-26 08:00:00+00:00,104.37000274658203
2024-07-26 09:00:00+00:00,104.3550033569336
2024-07-26 10:00:00+00:00,104.36499786376953
2024-07-26 11:00:00+00:00,104.3479995727539
2024-07-26 12:00:00+00:00,104.322998046875
2024-07-26 13:00:00+00:00,104.24700164794922
2024-07-26 14:00:00+00:00,104.31099700927734
2024-07-26 15:00:00+00:00,104.31900024414062
2024-07-26 16:00:00+00:00,104.25
2024-07-26 17:00:00+00:00,104.28600311279297
2024-07-26 18:00:00+00:00,104.31600189208984
2024-07-26 19:00:00+00:00,104.30400085449219
2024-07-26 20:00:00+00:00,104.3280029296875
2024-07-28 21:00:00+00:00,104.3280029296875
2024-07-28 22:00:00+00:00,104.34400177001953
2024-07-28 23:00:00+00:00,104.3740005493164
2024-07-29 00:00:00+00:00,104.23500061035156
2024-07-29 01:00:00+00:00,104.2040023803711
2024-07-29 02:00:00+00:00,104.20999908447266
2024-07-29 03:00:00+00:00,104.23799896240234
2024-07-29 04:00:00+00:00,104.25599670410156
2024-07-29 05:00:00+00:00,104.25900268554688
2024-07-29 06:00:00+00:00,104.26499938964844
2024-07-29 07:00:00+00:00,104.41300201416016
2024-07-29 08:00:00+00:00,104.51899719238281
2024-07-29 09:00:00+00:00,104.45099639892578
2024-07-29 10:00:00+00:00,104.44599914550781
2024-07-29 11:00:00+00:00,104.60099792480469
2024-07-29 12:00:00+00:00,104.60600280761719
2024-07-29 13:00:00+00:00,104.66200256347656
2024-07-29 14:00:00+00:00,104.6240005493164
2024-07-29 15:00:00+00:00,104.59300231933594
2024-07-29 16:00:00+00:00,104.57499694824219
2024-07-29 17:00:00+00:00,104.5469970703125
2024-07-29 18:00:00+00:00,104.56400299072266
2024-07-29 19:00:00+00:00,104.55899810791016
2024-07-29 20:00:00+00:00,104.572998046875
2024-07-29 21:00:00+00:00,104.56300354003906
2024-07-29 22:00:00+00:00,104.56900024414062
2024-07-29 23:00:00+00:00,104.58100128173828
2024-07-30 00:00:00+00:00,104.6050033569336
2024-07-30 01:00:00+00:00,104.61799621582031
2024-07-30 02:00:00+00:00,104.60900115966797
2024-07-30 03:00:00+00:00,104.57499694824219
2024-07-30 04:00:00+00:00,104.59200286865234
2024-07-30 05:00:00+00:00,104.64399719238281
2024-07-30 06:00:00+00:00,104.66600036621094
2024-07-30 07:00:00+00:00,104.68000030517578
2024-07-30 08:00:00+00:00,104.58599853515625
2024-07-30 09:00:00+00:00,104.56700134277344
2024-07-30 10:00:00+00:00,104.552001953125
2024-07-30 11:00:00+00:00,104.63899993896484
2024-07-30 12:00:00+00:00,104.79900360107422
2024-07-30 13:00:00+00:00,104.6719970703125
2024-07-30 14:00:00+00:00,104.72899627685547
2024-07-30 15:00:00+00:00,104.6259994506836
2024-07-30 16:00:00+00:00,104.52999877929688
2024-07-30 17:00:00+00:00,104.53099822998047
2024-07-30 18:00:00+00:00,104.55400085449219
2024-07-30 19:00:00+00:00,104.56099700927734
2024-07-30 20:00:00+00:00,104.4749984741211
2024-07-30 21:00:00+00:00,104.46700286865234
2024-07-30 22:00:00+00:00,104.4520034790039
2024-07-30 23:00:00+00:00,104.45500183105469
2024-07-31 00:00:00+00:00,104.40299987792969
2024-07-31 01:00:00+00:00,104.3949966430664
2024-07-31 02:00:00+00:00,104.40299987792969
2024-07-31 03:00:00+00:00,104.45500183105469
2024-07-31 04:00:00+00:00,104.37200164794922
2024-07-31 05:00:00+00:00,104.4020004272461
2024-07-31 06:00:00+00:00,104.33999633789062
2024-07-31 07:00:00+00:00,104.25700378417969
2024-07-31 08:00:00+00:00,104.25499725341797
2024-07-31 09:00:00+00:00,104.18099975585938
2024-07-31 10:00:00+00:00,104.12100219726562
2024-07-31 11:00:00+00:00,104.11900329589844
2024-07-31 12:00:00+00:00,104.01899719238281
2024-07-31 13:00:00+00:00,103.96800231933594
2024-07-31 14:00:00+00:00,104.15599822998047
2024-07-31 15:00:00+00:00,104.13500213623047
2024-07-31 16:00:00+00:00,104.23899841308594
2024-07-31 17:00:00+00:00,104.22699737548828
2024-07-31 18:00:00+00:00,104.09600067138672
2024-07-31 19:00:00+00:00,104.06099700927734
2024-07-31 20:00:00+00:00,104.05599975585938
2024-07-31 21:00:00+00:00,104.03500366210938
2024-07-31 22:00:00+00:00,104.01599884033203
2024-07-31 23:00:00+00:00,104.05500030517578
2024-08-01 00:00:00+00:00,103.99199676513672
2024-08-01 01:00:00+00:00,103.96900177001953
2024-08-01 02:00:00+00:00,104.03399658203125
2024-08-01 03:00:00+00:00,103.97899627685547
2024-08-01 04:00:00+00:00,104.0270004272461
2024-08-01 05:00:00+00:00,104.03199768066406
2024-08-01 06:00:00+00:00,104.16699981689453
2024-08-01 07:00:00+00:00,104.25599670410156
2024-08-01 08:00:00+00:00,104.34400177001953
2024-08-01 09:00:00+00:00,104.4260025024414
2024-08-01 10:00:00+00:00,104.37100219726562
2024-08-01 11:00:00+00:00,104.35600280761719
2024-08-01 12:00:00+00:00,104.32499694824219
2024-08-01 13:00:00+00:00,104.20600128173828
2024-08-01 14:00:00+00:00,104.31099700927734
2024-08-01 15:00:00+00:00,104.36799621582031
2024-08-01 16:00:00+00:00,104.39099884033203
2024-08-01 17:00:00+00:00,104.36199951171875
2024-08-01 18:00:00+00:00,104.4209976196289
2024-08-01 19:00:00+00:00,104.38800048828125
2024-08-01 20:00:00+00:00,104.33999633789062
2024-08-01 21:00:00+00:00,104.33499908447266
2024-08-01 22:00:00+00:00,104.34200286865234
2024-08-01 23:00:00+00:00,104.36900329589844
2024-08-02 00:00:00+00:00,104.36299896240234
2024-08-02 01:00:00+00:00,104.36599731445312
2024-08-02 02:00:00+00:00,104.37300109863281
2024-08-02 03:00:00+00:00,104.3479995727539
2024-08-02 04:00:00+00:00,104.29100036621094
2024-08-02 05:00:00+00:00,104.21099853515625
2024-08-02 06:00:00+00:00,104.26100158691406
2024-08-02 07:00:00+00:00,104.2770004272461
2024-08-02 08:00:00+00:00,104.18399810791016
2024-08-02 09:00:00+00:00,104.1240005493164
2024-08-02 10:00:00+00:00,104.0999984741211
2024-08-02 11:00:00+00:00,104.06500244140625
2024-08-02 12:00:00+00:00,103.44999694824219
2024-08-02 13:00:00+00:00,103.27799987792969
2024-08-02 14:00:00+00:00,103.15799713134766
2024-08-02 15:00:00+00:00,103.24600219726562
2024-08-02 16:00:00+00:00,103.25599670410156
2024-08-02 17:00:00+00:00,103.26399993896484
2024-08-02 18:00:00+00:00,103.20800018310547
2024-08-02 19:00:00+00:00,103.20600128173828
2024-08-02 20:00:00+00:00,103.22100067138672
2024-08-04 21:00:00+00:00,103.22100067138672
2024-08-04 22:00:00+00:00,103.23699951171875
2024-08-04 23:00:00+00:00,103.15799713134766
2024-08-05 00:00:00+00:00,103.10600280761719
2024-08-05 01:00:00+00:00,103.04199981689453
2024-08-05 02:00:00+00:00,103.01200103759766
2024-08-05 03:00:00+00:00,102.87200164794922
2024-08-05 04:00:00+00:00,102.74800109863281
2024-08-05 05:00:00+00:00,102.89900207519531
2024-08-05 06:00:00+00:00,102.9530029296875
2024-08-05 07:00:00+00:00,102.7020034790039
2024-08-05 08:00:00+00:00,102.61000061035156
2024-08-05 09:00:00+00:00,102.61599731445312
2024-08-05 10:00:00+00:00,102.60199737548828
2024-08-05 11:00:00+00:00,102.47000122070312
2024-08-05 12:00:00+00:00,102.30799865722656
2024-08-05 13:00:00+00:00,102.39800262451172
2024-08-05 14:00:00+00:00,102.43499755859375
2024-08-05 15:00:00+00:00,102.6969985961914
2024-08-05 16:00:00+00:00,102.71499633789062
2024-08-05 17:00:00+00:00,102.73400115966797
2024-08-05 18:00:00+00:00,102.68900299072266
2024-08-05 19:00:00+00:00,102.6520004272461
2024-08-05 20:00:00+00:00,102.73600006103516
2024-08-05 21:00:00+00:00,102.71800231933594
2024-08-05 22:00:00+00:00,102.67400360107422
2024-08-05 23:00:00+00:00,102.87300109863281
2024-08-06 00:00:00+00:00,102.7020034790039
2024-08-06 01:00:00+00:00,102.76000213623047
2024-08-06 02:00:00+00:00,102.83200073242188
2024-08-06 03:00:00+00:00,102.83899688720703
2024-08-06 04:00:00+00:00,102.8740005493164
2024-08-06 05:00:00+00:00,102.93499755859375
2024-08-06 06:00:00+00:00,102.96600341796875
2024-08-06 07:00:00+00:00,103.0199966430664
2024-08-06 08:00:00+00:00,102.99099731445312
2024-08-06 09:00:00+00:00,103.0979995727539
2024-08-06 10:00:00+00:00,103.1510009765625
2024-08-06 11:00:00+00:00,103.13500213623047
2024-08-06 12:00:00+00:00,103.15299987792969
2024-08-06 13:00:00+00:00,103.01599884033203
2024-08-06 14:00:00+00:00,102.90799713134766
2024-08-06 15:00:00+00:00,103.01899719238281
2024-08-06 16:00:00+00:00,103.00900268554688
2024-08-06 17:00:00+00:00,103.02100372314453
2024-08-06 18:00:00+00:00,102.96900177001953
2024-08-06 19:00:00+00:00,102.94100189208984
2024-08-06 20:00:00+00:00,102.89900207519531
2024-08-06 21:00:00+00:00,102.93399810791016
2024-08-06 22:00:00+00:00,102.93000030517578
2024-08-06 23:00:00+00:00,102.98600006103516
2024-08-07 00:00:00+00:00,102.93499755859375
2024-08-07 01:00:00+00:00,103.20099639892578
2024-08-07 02:00:00+00:00,103.22200012207031
2024-08-07 03:00:00+00:00,103.25700378417969
2024-08-07 04:00:00+00:00,103.33000183105469
2024-08-07 05:00:00+00:00,103.2770004272461
2024-08-07 06:00:00+00:00,103.18800354003906
2024-08-07 07:00:00+00:00,103.1500015258789
2024-08-07 08:00:00+00:00,103.19999694824219
2024-08-07 09:00:00+00:00,103.28199768066406
2024-08-07 10:00:00+00:00,103.20600128173828
2024-08-07 11:00:00+00:00,103.16500091552734
2024-08-07 12:00:00+00:00,103.16000366210938
2024-08-07 13:00:00+00:00,103.22200012207031
2024-08-07 14:00:00+00:00,103.13700103759766
2024-08-07 15:00:00+00:00,103.197998046875
2024-08-07 16:00:00+00:00,103.19599914550781
2024-08-07 17:00:00+00:00,103.19400024414062
2024-08-07 18:00:00+00:00,103.1969985961914
2024-08-07 19:00:00+00:00,103.19100189208984
2024-08-07 20:00:00+00:00,103.18099975585938
2024-08-07 21:00:00+00:00,103.18099975585938
2024-08-07 22:00:00+00:00,103.18599700927734
2024-08-07 23:00:00+00:00,103.10600280761719
2024-08-08 00:00:00+00:00,103.06999969482422
2024-08-08 01:00:00+00:00,103.10199737548828
2024-08-08 02:00:00+00:00,103.072998046875
2024-08-08 03:00:00+00:00,103.03099822998047
2024-08-08 04:00:00+00:00,103.03299713134766
2024-08-08 05:00:00+00:00,102.99800109863281
2024-08-08 06:00:00+00:00,102.95600128173828
2024-08-08 07:00:00+00:00,102.96299743652344
2024-08-08 08:00:00+00:00,103.00900268554688
2024-08-08 09:00:00+00:00,103.09700012207031
2024-08-08 10:00:00+00:00,103.0979995727539
2024-08-08 11:00:00+00:00,103.06300354003906
2024-08-08 12:00:00+00:00,103.40399932861328
2024-08-08 13:00:00+00:00,103.41500091552734
2024-08-08 14:00:00+00:00,103.33100128173828
2024-08-08 15:00:00+00:00,103.24600219726562
2024-08-08 16:00:00+00:00,103.28700256347656
2024-08-08 17:00:00+00:00,103.27300262451172
2024-08-08 18:00:00+00:00,103.20899963378906
2024-08-08 19:00:00+00:00,103.22000122070312
2024-08-08 20:00:00+00:00,103.21600341796875
2024-08-08 21:00:00+00:00,103.22000122070312
2024-08-08 22:00:00+00:00,103.23500061035156
2024-08-08 23:00:00+00:00,103.28500366210938
2024-08-09 00:00:00+00:00,103.29000091552734
2024-08-09 01:00:00+00:00,103.2030029296875
2024-08-09 02:00:00+00:00,103.21499633789062
2024-08-09 03:00:00+00:00,103.16899871826172
2024-08-09 04:00:00+00:00,103.16799926757812
2024-08-09 05:00:00+00:00,103.18000030517578
2024-08-09 06:00:00+00:00,103.12300109863281
2024-08-09 07:00:00+00:00,103.1760025024414
2024-08-09 08:00:00+00:00,103.197998046875
2024-08-09 09:00:00+00:00,103.1989974975586
2024-08-09 10:00:00+00:00,103.22100067138672
2024-08-09 11:00:00+00:00,103.22100067138672
2024-08-09 12:00:00+00:00,103.21800231933594
2024-08-09 13:00:00+00:00,103.13700103759766
2024-08-09 14:00:00+00:00,103.09300231933594
2024-08-09 15:00:00+00:00,103.08100128173828
2024-08-09 16:00:00+00:00,103.13500213623047
2024-08-09 17:00:00+00:00,103.13200378417969
2024-08-09 18:00:00+00:00,103.13500213623047
2024-08-09 19:00:00+00:00,103.13700103759766
2024-08-09 20:00:00+00:00,103.15699768066406
2024-08-11 21:00:00+00:00,103.15399932861328
2024-08-11 22:00:00+00:00,103.21800231933594
2024-08-11 23:00:00+00:00,103.22599792480469
2024-08-12 00:00:00+00:00,103.16999816894531
2024-08-12 01:00:00+00:00,103.16400146484375
2024-08-12 02:00:00+00:00,103.1729965209961
2024-08-12 03:00:00+00:00,103.23300170898438
2024-08-12 04:00:00+00:00,103.18800354003906
2024-08-12 05:00:00+00:00,103.197998046875
2024-08-12 06:00:00+00:00,103.18099975585938
2024-08-12 07:00:00+00:00,103.16899871826172
2024-08-12 08:00:00+00:00,103.21099853515625
2024-08-12 09:00:00+00:00,103.1719970703125
2024-08-12 10:00:00+00:00,103.18499755859375
2024-08-12 11:00:00+00:00,103.19200134277344
2024-08-12 12:00:00+00:00,103.25800323486328
2024-08-12 13:00:00+00:00,103.22799682617188
2024-08-12 14:00:00+00:00,103.18299865722656
2024-08-12 15:00:00+00:00,103.18399810791016
2024-08-12 16:00:00+00:00,103.21199798583984
2024-08-12 17:00:00+00:00,103.11699676513672
2024-08-12 18:00:00+00:00,103.13899993896484
2024-08-12 19:00:00+00:00,103.12699890136719
2024-08-12 20:00:00+00:00,103.12999725341797
2024-08-12 21:00:00+00:00,103.12799835205078
2024-08-12 22:00:00+00:00,103.12799835205078
2024-08-12 23:00:00+00:00,103.08000183105469
2024-08-13 00:00:00+00:00,103.15599822998047
2024-08-13 01:00:00+00:00,103.12100219726562
2024-08-13 02:00:00+00:00,103.12200164794922
2024-08-13 03:00:00+00:00,103.12000274658203
2024-08-13 04:00:00+00:00,103.12699890136719
2024-08-13 05:00:00+00:00,103.11100006103516
2024-08-13 06:00:00+00:00,103.14900207519531
2024-08-13 07:00:00+00:00,103.15299987792969
2024-08-13 08:00:00+00:00,103.20899963378906
2024-08-13 09:00:00+00:00,103.24199676513672
2024-08-13 10:00:00+00:00,103.2020034790039
2024-08-13 11:00:00+00:00,103.13200378417969
2024-08-13 12:00:00+00:00,103.05000305175781
2024-08-13 13:00:00+00:00,102.90599822998047
2024-08-13 14:00:00+00:00,102.90299987792969
2024-08-13 15:00:00+00:00,102.90899658203125
2024-08-13 16:00:00+00:00,102.75399780273438
2024-08-13 17:00:00+00:00,102.73799896240234
2024-08-13 18:00:00+00:00,102.55899810791016
2024-08-13 19:00:00+00:00,102.5989990234375
2024-08-13 20:00:00+00:00,102.61399841308594
2024-08-13 21:00:00+00:00,102.6240005493164
2024-08-13 22:00:00+00:00,102.60299682617188
2024-08-13 23:00:00+00:00,102.61399841308594
2024-08-14 00:00:00+00:00,102.65499877929688
2024-08-14 01:00:00+00:00,102.63400268554688
2024-08-14 02:00:00+00:00,102.60600280761719
2024-08-14 03:00:00+00:00,102.65299987792969
2024-08-14 04:00:00+00:00,102.63999938964844
2024-08-14 05:00:00+00:00,102.67400360107422
2024-08-14 06:00:00+00:00,102.64099884033203
2024-08-14 07:00:00+00:00,102.61599731445312
2024-08-14 08:00:00+00:00,102.49800109863281
2024-08-14 09:00:00+00:00,102.44000244140625
2024-08-14 10:00:00+00:00,102.4489974975586
2024-08-14 11:00:00+00:00,102.45500183105469
2024-08-14 12:00:00+00:00,102.54000091552734
2024-08-14 13:00:00+00:00,102.37999725341797
2024-08-14 14:00:00+00:00,102.36199951171875
2024-08-14 15:00:00+00:00,102.45600128173828
2024-08-14 16:00:00+00:00,102.51499938964844
2024-08-14 17:00:00+00:00,102.58300018310547
2024-08-14 18:00:00+00:00,102.56800079345703
2024-08-14 19:00:00+00:00,102.60299682617188
2024-08-14 20:00:00+00:00,102.60399627685547
2024-08-14 21:00:00+00:00,102.59400177001953
2024-08-14 22:00:00+00:00,102.56900024414062
2024-08-14 23:00:00+00:00,102.60800170898438
2024-08-15 00:00:00+00:00,102.61100006103516
2024-08-15 01:00:00+00:00,102.65899658203125
2024-08-15 02:00:00+00:00,102.63999938964844
2024-08-15 03:00:00+00:00,102.63099670410156
2024-08-15 04:00:00+00:00,102.58499908447266
2024-08-15 05:00:00+00:00,102.58399963378906
2024-08-15 06:00:00+00:00,102.54499816894531
2024-08-15 07:00:00+00:00,102.55899810791016
2024-08-15 08:00:00+00:00,102.62799835205078
2024-08-15 09:00:00+00:00,102.58300018310547
2024-08-15 10:00:00+00:00,102.5790023803711
2024-08-15 11:00:00+00:00,102.54499816894531
2024-08-15 12:00:00+00:00,103.13500213623047
2024-08-15 13:00:00+00:00,103.04199981689453
2024-08-15 14:00:00+00:00,102.92900085449219
2024-08-15 15:00:00+00:00,102.9010009765625
2024-08-15 16:00:00+00:00,102.97899627685547
2024-08-15 17:00:00+00:00,103.01699829101562
2024-08-15 18:00:00+00:00,102.97699737548828
2024-08-15 19:00:00+00:00,103.01899719238281
2024-08-15 20:00:00+00:00,103.05500030517578
2024-08-15 21:00:00+00:00,103.05699920654297
2024-08-15 22:00:00+00:00,103.04199981689453
2024-08-15 23:00:00+00:00,103.04299926757812
2024-08-16 00:00:00+00:00,103.00800323486328
2024-08-16 01:00:00+00:00,102.94000244140625
2024-08-16 02:00:00+00:00,102.93000030517578
2024-08-16 03:00:00+00:00,102.97200012207031
2024-08-16 04:00:00+00:00,102.92400360107422
2024-08-16 05:00:00+00:00,102.9010009765625
2024-08-16 06:00:00+00:00,102.93900299072266
2024-08-16 07:00:00+00:00,102.90599822998047
2024-08-16 08:00:00+00:00,102.88700103759766
2024-08-16 09:00:00+00:00,102.81199645996094
2024-08-16 10:00:00+00:00,102.75499725341797
2024-08-16 11:00:00+00:00,102.73600006103516
2024-08-16 12:00:00+00:00,102.6989974975586
2024-08-16 13:00:00+00:00,102.64399719238281
2024-08-16 14:00:00+00:00,102.75399780273438
2024-08-16 15:00:00+00:00,102.71399688720703
2024-08-16 16:00:00+00:00,102.63300323486328
2024-08-16 17:00:00+00:00,102.53500366210938
2024-08-16 18:00:00+00:00,102.46299743652344
2024-08-16 19:00:00+00:00,102.43800354003906
2024-08-16 20:00:00+00:00,102.40299987792969
2024-08-18 21:00:00+00:00,102.40299987792969
2024-08-18 22:00:00+00:00,102.45500183105469
2024-08-18 23:00:00+00:00,102.46099853515625
2024-08-19 00:00:00+00:00,102.40799713134766
2024-08-19 01:00:00+00:00,102.35299682617188
2024-08-19 02:00:00+00:00,102.34700012207031
2024-08-19 03:00:00+00:00,102.20999908447266
2024-08-19 04:00:00+00:00,102.17400360107422
2024-08-19 05:00:00+00:00,102.04000091552734
2024-08-19 06:00:00+00:00,102.11900329589844
2024-08-19 07:00:00+00:00,102.14600372314453
2024-08-19 08:00:00+00:00,102.1709976196289
2024-08-19 09:00:00+00:00,102.21600341796875
2024-08-19 10:00:00+00:00,102.2239990234375
2024-08-19 11:00:00+00:00,102.13899993896484
2024-08-19 12:00:00+00:00,102.18299865722656
2024-08-19 13:00:00+00:00,102.1510009765625
2024-08-19 14:00:00+00:00,101.96800231933594
2024-08-19 15:00:00+00:00,101.96499633789062
2024-08-19 16:00:00+00:00,101.94100189208984
2024-08-19 17:00:00+00:00,101.90899658203125
2024-08-19 18:00:00+00:00,101.88600158691406
2024-08-19 19:00:00+00:00,101.87899780273438
2024-08-19 20:00:00+00:00,101.86299896240234
2024-08-19 21:00:00+00:00,101.875
2024-08-19 22:00:00+00:00,101.8499984741211
2024-08-19 23:00:00+00:00,101.87000274658203
2024-08-20 00:00:00+00:00,101.85900115966797
2024-08-20 01:00:00+00:00,101.83499908447266
2024-08-20 02:00:00+00:00,101.96399688720703
2024-08-20 03:00:00+00:00,101.97899627685547
2024-08-20 04:00:00+00:00,101.9520034790039
2024-08-20 05:00:00+00:00,101.98400115966797
2024-08-20 06:00:00+00:00,101.91200256347656
2024-08-20 07:00:00+00:00,101.80799865722656
2024-08-20 08:00:00+00:00,101.84100341796875
2024-08-20 09:00:00+00:00,101.8499984741211
2024-08-20 10:00:00+00:00,101.8030014038086
2024-08-20 11:00:00+00:00,101.80799865722656
2024-08-20 12:00:00+00:00,101.6719970703125
2024-08-20 13:00:00+00:00,101.6500015258789
2024-08-20 14:00:00+00:00,101.53399658203125
2024-08-20 15:00:00+00:00,101.58699798583984
2024-08-20 16:00:00+00:00,101.49199676513672
2024-08-20 17:00:00+00:00,101.49500274658203
2024-08-20 18:00:00+00:00,101.44100189208984
2024-08-20 19:00:00+00:00,101.41100311279297
2024-08-20 20:00:00+00:00,101.36699676513672
2024-08-20 21:00:00+00:00,101.36299896240234
2024-08-20 22:00:00+00:00,101.37999725341797
2024-08-20 23:00:00+00:00,101.38500213623047
2024-08-21 00:00:00+00:00,101.39199829101562
2024-08-21 01:00:00+00:00,101.43499755859375
2024-08-21 02:00:00+00:00,101.427001953125
2024-08-21 03:00:00+00:00,101.4520034790039
2024-08-21 04:00:00+00:00,101.47000122070312
2024-08-21 05:00:00+00:00,101.48899841308594
2024-08-21 06:00:00+00:00,101.5199966430664
2024-08-21 07:00:00+00:00,101.57099914550781
2024-08-21 08:00:00+00:00,101.52899932861328
2024-08-21 09:00:00+00:00,101.53700256347656
2024-08-21 10:00:00+00:00,101.48100280761719
2024-08-21 11:00:00+00:00,101.53199768066406
2024-08-21 12:00:00+00:00,101.4260025024414
2024-08-21 13:00:00+00:00,101.4749984741211
2024-08-21 14:00:00+00:00,101.39900207519531
2024-08-21 15:00:00+00:00,101.22200012207031
2024-08-21 16:00:00+00:00,101.19300079345703
2024-08-21 17:00:00+00:00,101.11799621582031
2024-08-21 18:00:00+00:00,101.03900146484375
2024-08-21 19:00:00+00:00,101.14399719238281
2024-08-21 20:00:00+00:00,101.17900085449219
2024-08-21 21:00:00+00:00,101.17400360107422
2024-08-21 22:00:00+00:00,101.13700103759766
2024-08-21 23:00:00+00:00,101.1259994506836
2024-08-22 00:00:00+00:00,101.1969985961914
2024-08-22 01:00:00+00:00,101.25599670410156
2024-08-22 02:00:00+00:00,101.23899841308594
2024-08-22 03:00:00+00:00,101.21399688720703
2024-08-22 04:00:00+00:00,101.20700073242188
2024-08-22 05:00:00+00:00,101.22200012207031
2024-08-22 06:00:00+00:00,101.18299865722656
2024-08-22 07:00:00+00:00,101.23200225830078
2024-08-22 08:00:00+00:00,101.22799682617188
2024-08-22 09:00:00+00:00,101.22699737548828
2024-08-22 10:00:00+00:00,101.2239990234375
2024-08-22 11:00:00+00:00,101.30599975585938
2024-08-22 12:00:00+00:00,101.27799987792969
2024-08-22 13:00:00+00:00,101.4530029296875
2024-08-22 14:00:00+00:00,101.46800231933594
2024-08-22 15:00:00+00:00,101.46600341796875
2024-08-22 16:00:00+00:00,101.52300262451172
2024-08-22 17:00:00+00:00,101.57599639892578
2024-08-22 18:00:00+00:00,101.50800323486328
2024-08-22 19:00:00+00:00,101.54000091552734
2024-08-22 20:00:00+00:00,101.51499938964844
2024-08-22 21:00:00+00:00,101.51499938964844
2024-08-22 22:00:00+00:00,101.51699829101562
2024-08-22 23:00:00+00:00,101.46800231933594
2024-08-23 00:00:00+00:00,101.43099975585938
2024-08-23 01:00:00+00:00,101.31999969482422
2024-08-23 02:00:00+00:00,101.3489990234375
2024-08-23 03:00:00+00:00,101.35299682617188
2024-08-23 04:00:00+00:00,101.34200286865234
2024-08-23 05:00:00+00:00,101.34100341796875
2024-08-23 06:00:00+00:00,101.28600311279297
2024-08-23 07:00:00+00:00,101.39299774169922
2024-08-23 08:00:00+00:00,101.37899780273438
2024-08-23 09:00:00+00:00,101.43299865722656
2024-08-23 10:00:00+00:00,101.41300201416016
2024-08-23 11:00:00+00:00,101.41200256347656
2024-08-23 12:00:00+00:00,101.43900299072266
2024-08-23 13:00:00+00:00,101.46199798583984
2024-08-23 14:00:00+00:00,100.88999938964844
2024-08-23 15:00:00+00:00,100.8479995727539
2024-08-23 16:00:00+00:00,100.86199951171875
2024-08-23 17:00:00+00:00,100.68000030517578
2024-08-23 18:00:00+00:00,100.71800231933594
2024-08-23 19:00:00+00:00,100.6780014038086
2024-08-23 20:00:00+00:00,100.68199920654297
2024-08-25 21:00:00+00:00,100.6780014038086
2024-08-25 22:00:00+00:00,100.65499877929688
2024-08-25 23:00:00+00:00,100.66300201416016
2024-08-26 00:00:00+00:00,100.60399627685547
2024-08-26 01:00:00+00:00,100.63800048828125
2024-08-26 02:00:00+00:00,100.677001953125
2024-08-26 03:00:00+00:00,100.71099853515625
2024-08-26 04:00:00+00:00,100.71299743652344
2024-08-26 05:00:00+00:00,100.74199676513672
2024-08-26 06:00:00+00:00,100.69400024414062
2024-08-26 07:00:00+00:00,100.71099853515625
2024-08-26 08:00:00+00:00,100.70899963378906
2024-08-26 09:00:00+00:00,100.77200317382812
2024-08-26 10:00:00+00:00,100.77300262451172
2024-08-26 11:00:00+00:00,100.83300018310547
2024-08-26 12:00:00+00:00,100.81500244140625
2024-08-26 13:00:00+00:00,100.8759994506836
2024-08-26 14:00:00+00:00,100.72699737548828
2024-08-26 15:00:00+00:00,100.86499786376953
2024-08-26 16:00:00+00:00,100.7959976196289
2024-08-26 17:00:00+00:00,100.81199645996094
2024-08-26 18:00:00+00:00,100.85099792480469
2024-08-26 19:00:00+00:00,100.9000015258789
2024-08-26 20:00:00+00:00,100.87999725341797
2024-08-26 21:00:00+00:00,100.88300323486328
2024-08-26 22:00:00+00:00,100.85900115966797
2024-08-26 23:00:00+00:00,100.85399627685547
2024-08-27 00:00:00+00:00,100.91899871826172
2024-08-27 01:00:00+00:00,100.83799743652344
2024-08-27 02:00:00+00:00,100.86900329589844
2024-08-27 03:00:00+00:00,100.8740005493164
2024-08-27 04:00:00+00:00,100.84200286865234
2024-08-27 05:00:00+00:00,100.86100006103516
2024-08-27 06:00:00+00:00,100.89299774169922
2024-08-27 07:00:00+00:00,100.88999938964844
2024-08-27 08:00:00+00:00,100.85900115966797
2024-08-27 09:00:00+00:00,100.80599975585938
2024-08-27 10:00:00+00:00,100.8270034790039
2024-08-27 11:00:00+00:00,100.83300018310547
2024-08-27 12:00:00+00:00,100.8280029296875
2024-08-27 13:00:00+00:00,100.74600219726562
2024-08-27 14:00:00+00:00,100.73200225830078
2024-08-27 15:00:00+00:00,100.77200317382812
2024-08-27 16:00:00+00:00,100.72799682617188
2024-08-27 17:00:00+00:00,100.61199951171875
2024-08-27 18:00:00+00:00,100.552001953125
2024-08-27 19:00:00+00:00,100.55799865722656
2024-08-27 20:00:00+00:00,100.55599975585938
2024-08-27 21:00:00+00:00,100.56300354003906
2024-08-27 22:00:00+00:00,100.552001953125
2024-08-27 23:00:00+00:00,100.60600280761719
2024-08-28 00:00:00+00:00,100.5989990234375
2024-08-28 01:00:00+00:00,100.66999816894531
2024-08-28 02:00:00+00:00,100.72699737548828
2024-08-28 03:00:00+00:00,100.72000122070312
2024-08-28 04:00:00+00:00,100.76200103759766
2024-08-28 05:00:00+00:00,100.87999725341797
2024-08-28 06:00:00+00:00,100.86599731445312
2024-08-28 07:00:00+00:00,100.80799865722656
2024-08-28 08:00:00+00:00,100.8740005493164
2024-08-28 09:00:00+00:00,100.9020004272461
2024-08-28 10:00:00+00:00,100.98500061035156
2024-08-28 11:00:00+00:00,101.02400207519531
2024-08-28 12:00:00+00:00,101.10700225830078
2024-08-28 13:00:00+00:00,101.14600372314453
2024-08-28 14:00:00+00:00,100.95500183105469
2024-08-28 15:00:00+00:00,100.99500274658203
2024-08-28 16:00:00+00:00,101.10900115966797
2024-08-28 17:00:00+00:00,101.16600036621094
2024-08-28 18:00:00+00:00,101.09400177001953
2024-08-28 19:00:00+00:00,101.11699676513672
2024-08-28 20:00:00+00:00,101.06400299072266
2024-08-28 21:00:00+00:00,101.04900360107422
2024-08-28 22:00:00+00:00,101.03700256347656
2024-08-28 23:00:00+00:00,101.02200317382812
2024-08-29 00:00:00+00:00,100.95899963378906
2024-08-29 01:00:00+00:00,100.99400329589844
2024-08-29 02:00:00+00:00,100.9739990234375
2024-08-29 03:00:00+00:00,100.94000244140625
2024-08-29 04:00:00+00:00,100.94300079345703
2024-08-29 05:00:00+00:00,100.92900085449219
2024-08-29 06:00:00+00:00,100.97000122070312
2024-08-29 07:00:00+00:00,100.97100067138672
2024-08-29 08:00:00+00:00,101.27100372314453
2024-08-29 09:00:00+00:00,101.18599700927734
2024-08-29 10:00:00+00:00,101.16000366210938
2024-08-29 11:00:00+00:00,101.19599914550781
2024-08-29 12:00:00+00:00,101.38899993896484
2024-08-29 13:00:00+00:00,101.4010009765625
2024-08-29 14:00:00+00:00,101.47799682617188
2024-08-29 15:00:00+00:00,101.31199645996094
2024-08-29 16:00:00+00:00,101.33999633789062
2024-08-29 17:00:00+00:00,101.30599975585938
2024-08-29 18:00:00+00:00,101.34300231933594
2024-08-29 19:00:00+00:00,101.38800048828125
2024-08-29 20:00:00+00:00,101.38200378417969
2024-08-29 21:00:00+00:00,101.38099670410156
2024-08-29 22:00:00+00:00,101.37200164794922
2024-08-29 23:00:00+00:00,101.36399841308594
2024-08-30 00:00:00+00:00,101.33999633789062
2024-08-30 01:00:00+00:00,101.39700317382812
2024-08-30 02:00:00+00:00,101.4000015258789
2024-08-30 03:00:00+00:00,101.38800048828125
2024-08-30 04:00:00+00:00,101.39600372314453
2024-08-30 05:00:00+00:00,101.3759994506836
2024-08-30 06:00:00+00:00,101.3290023803711
2024-08-30 07:00:00+00:00,101.31199645996094
2024-08-30 08:00:00+00:00,101.4020004272461
2024-08-30 09:00:00+00:00,101.36000061035156
2024-08-30 10:00:00+00:00,101.41000366210938
2024-08-30 11:00:00+00:00,101.40299987792969
2024-08-30 12:00:00+00:00,101.53399658203125
2024-08-30 13:00:00+00:00,101.51799774169922
2024-08-30 14:00:00+00:00,101.51599884033203
2024-08-30 15:00:00+00:00,101.63400268554688
2024-08-30 16:00:00+00:00,101.74400329589844
2024-08-30 17:00:00+00:00,101.71800231933594
2024-08-30 18:00:00+00:00,101.697998046875
2024-08-30 19:00:00+00:00,101.67900085449219
2024-08-30 20:00:00+00:00,101.73300170898438
2024-09-01 21:00:00+00:00,101.73300170898438
2024-09-01 22:00:00+00:00,101.75299835205078
2024-09-01 23:00:00+00:00,101.76100158691406
2024-09-02 00:00:00+00:00,101.69000244140625
2024-09-02 01:00:00+00:00,101.71099853515625
2024-09-02 02:00:00+00:00,101.68900299072266
2024-09-02 03:00:00+00:00,101.7020034790039
2024-09-03 04:00:00+00:00,101.7699966430664
2024-09-03 05:00:00+00:00,101.71499633789062
2024-09-03 06:00:00+00:00,101.6760025024414
2024-09-03 07:00:00+00:00,101.6989974975586
2024-09-03 08:00:00+00:00,101.7300033569336
2024-09-03 09:00:00+00:00,101.80899810791016
2024-09-03 10:00:00+00:00,101.84600067138672
2024-09-03 11:00:00+00:00,101.85099792480469
2024-09-03 12:00:00+00:00,101.74099731445312
2024-09-03 13:00:00+00:00,101.61399841308594
2024-09-03 14:00:00+00:00,101.78600311279297
2024-09-03 15:00:00+00:00,101.7959976196289
2024-09-03 16:00:00+00:00,101.81099700927734
2024-09-03 17:00:00+00:00,101.90799713134766
2024-09-03 18:00:00+00:00,101.82499694824219
2024-09-03 19:00:00+00:00,101.78399658203125
2024-09-03 20:00:00+00:00,101.7509994506836
2024-09-03 21:00:00+00:00,101.73999786376953
2024-09-03 22:00:00+00:00,101.77400207519531
2024-09-03 23:00:00+00:00,101.7020034790039
2024-09-04 00:00:00+00:00,101.7020034790039
2024-09-04 01:00:00+00:00,101.68800354003906
2024-09-04 02:00:00+00:00,101.68699645996094
2024-09-04 03:00:00+00:00,101.65899658203125
2024-09-04 04:00:00+00:00,101.63300323486328
2024-09-04 05:00:00+00:00,101.6240005493164
2024-09-04 06:00:00+00:00,101.62799835205078
2024-09-04 07:00:00+00:00,101.63300323486328
2024-09-04 08:00:00+00:00,101.68599700927734
2024-09-04 09:00:00+00:00,101.66400146484375
2024-09-04 10:00:00+00:00,101.66500091552734
2024-09-04 11:00:00+00:00,101.66000366210938
2024-09-04 12:00:00+00:00,101.66400146484375
2024-09-04 13:00:00+00:00,101.572998046875
2024-09-04 14:00:00+00:00,101.2760009765625
2024-09-04 15:00:00+00:00,101.37300109863281
2024-09-04 16:00:00+00:00,101.31300354003906
2024-09-04 17:00:00+00:00,101.44999694824219
2024-09-04 18:00:00+00:00,101.35800170898438
2024-09-04 19:00:00+00:00,101.33100128173828
2024-09-04 20:00:00+00:00,101.28800201416016
2024-09-04 21:00:00+00:00,101.27300262451172
2024-09-04 22:00:00+00:00,101.26799774169922
2024-09-04 23:00:00+00:00,101.26499938964844
2024-09-05 00:00:00+00:00,101.31300354003906
2024-09-05 01:00:00+00:00,101.30400085449219
2024-09-05 02:00:00+00:00,101.31199645996094
2024-09-05 03:00:00+00:00,101.3290023803711
2024-09-05 04:00:00+00:00,101.30899810791016
2024-09-05 05:00:00+00:00,101.26699829101562
2024-09-05 06:00:00+00:00,101.24400329589844
2024-09-05 07:00:00+00:00,101.26100158691406
2024-09-05 08:00:00+00:00,101.16000366210938
2024-09-05 09:00:00+00:00,101.2040023803711
2024-09-05 10:00:00+00:00,101.16100311279297
2024-09-05 11:00:00+00:00,101.18900299072266
2024-09-05 12:00:00+00:00,101.16200256347656
2024-09-05 13:00:00+00:00,101.08100128173828
2024-09-05 14:00:00+00:00,101.33599853515625
2024-09-05 15:00:00+00:00,101.16999816894531
2024-09-05 16:00:00+00:00,101.13300323486328
2024-09-05 17:00:00+00:00,101.08100128173828
2024-09-05 18:00:00+00:00,101.10700225830078
2024-09-05 19:00:00+00:00,101.11699676513672
2024-09-05 20:00:00+00:00,101.05999755859375
2024-09-05 21:00:00+00:00,101.06700134277344
2024-09-05 22:00:00+00:00,101.05599975585938
2024-09-05 23:00:00+00:00,101.05000305175781
2024-09-06 00:00:00+00:00,101.01599884033203
2024-09-06 01:00:00+00:00,101.04399871826172
2024-09-06 02:00:00+00:00,101.03199768066406
2024-09-06 03:00:00+00:00,100.98999786376953
2024-09-06 04:00:00+00:00,100.97599792480469
2024-09-06 05:00:00+00:00,100.93599700927734
2024-09-06 06:00:00+00:00,100.86599731445312
2024-09-06 07:00:00+00:00,100.91999816894531
2024-09-06 08:00:00+00:00,100.93000030517578
2024-09-06 09:00:00+00:00,100.95899963378906
2024-09-06 10:00:00+00:00,101.01100158691406
2024-09-06 11:00:00+00:00,101.02400207519531
2024-09-06 12:00:00+00:00,100.90899658203125
2024-09-06 13:00:00+00:00,101.24600219726562
2024-09-06 14:00:00+00:00,101.052001953125
2024-09-06 15:00:00+00:00,101.15799713134766
2024-09-06 16:00:00+00:00,101.25800323486328
2024-09-06 17:00:00+00:00,101.197998046875
2024-09-06 18:00:00+00:00,101.177001953125
2024-09-06 19:00:00+00:00,101.177001953125
2024-09-06 20:00:00+00:00,101.18699645996094
2024-09-08 21:00:00+00:00,101.18699645996094
2024-09-08 22:00:00+00:00,101.16699981689453
2024-09-08 23:00:00+00:00,101.2040023803711
2024-09-09 00:00:00+00:00,101.24600219726562
2024-09-09 01:00:00+00:00,101.26799774169922
2024-09-09 02:00:00+00:00,101.26599884033203
2024-09-09 03:00:00+00:00,101.27300262451172
2024-09-09 04:00:00+00:00,101.33100128173828
2024-09-09 05:00:00+00:00,101.37300109863281
2024-09-09 06:00:00+00:00,101.41300201416016
2024-09-09 07:00:00+00:00,101.46199798583984
2024-09-09 08:00:00+00:00,101.58399963378906
2024-09-09 09:00:00+00:00,101.52799987792969
2024-09-09 10:00:00+00:00,101.66300201416016
2024-09-09 11:00:00+00:00,101.61900329589844
2024-09-09 12:00:00+00:00,101.625
2024-09-09 13:00:00+00:00,101.52100372314453
2024-09-09 14:00:00+00:00,101.55699920654297
2024-09-09 15:00:00+00:00,101.56700134277344
2024-09-09 16:00:00+00:00,101.5009994506836
2024-09-09 17:00:00+00:00,101.54299926757812
2024-09-09 18:00:00+00:00,101.552001953125
2024-09-09 19:00:00+00:00,101.60800170898438
2024-09-09 20:00:00+00:00,101.64299774169922
2024-09-09 21:00:00+00:00,101.6259994506836
2024-09-09 22:00:00+00:00,101.6050033569336
2024-09-09 23:00:00+00:00,101.6510009765625
2024-09-10 00:00:00+00:00,101.71800231933594
2024-09-10 01:00:00+00:00,101.68199920654297
2024-09-10 02:00:00+00:00,101.68299865722656
2024-09-10 03:00:00+00:00,101.63300323486328
2024-09-10 04:00:00+00:00,101.60600280761719
2024-09-10 05:00:00+00:00,101.61799621582031
2024-09-10 06:00:00+00:00,101.56400299072266
2024-09-10 07:00:00+00:00,101.66600036621094
2024-09-10 08:00:00+00:00,101.65399932861328
2024-09-10 09:00:00+00:00,101.59700012207031
2024-09-10 10:00:00+00:00,101.56800079345703
2024-09-10 11:00:00+00:00,101.64299774169922
2024-09-10 12:00:00+00:00,101.63300323486328
2024-09-10 13:00:00+00:00,101.74600219726562
2024-09-10 14:00:00+00:00,101.73300170898438
2024-09-10 15:00:00+00:00,101.63999938964844
2024-09-10 16:00:00+00:00,101.64900207519531
2024-09-10 17:00:00+00:00,101.65599822998047
2024-09-10 18:00:00+00:00,101.62999725341797
2024-09-10 19:00:00+00:00,101.60299682617188
2024-09-10 20:00:00+00:00,101.6729965209961
2024-09-10 21:00:00+00:00,101.67500305175781
2024-09-10 22:00:00+00:00,101.65899658203125
2024-09-10 23:00:00+00:00,101.6449966430664
2024-09-11 00:00:00+00:00,101.66400146484375
2024-09-11 01:00:00+00:00,101.49400329589844
2024-09-11 02:00:00+00:00,101.51499938964844
2024-09-11 03:00:00+00:00,101.43900299072266
2024-09-11 04:00:00+00:00,101.34400177001953
2024-09-11 05:00:00+00:00,101.3740005493164
2024-09-11 06:00:00+00:00,101.39099884033203
2024-09-11 07:00:00+00:00,101.4229965209961
2024-09-11 08:00:00+00:00,101.41699981689453
2024-09-11 09:00:00+00:00,101.43499755859375
2024-09-11 10:00:00+00:00,101.39199829101562
2024-09-11 11:00:00+00:00,101.4260025024414
2024-09-11 12:00:00+00:00,101.6760025024414
2024-09-11 13:00:00+00:00,101.70800018310547
2024-09-11 14:00:00+00:00,101.6989974975586
2024-09-11 15:00:00+00:00,101.7030029296875
2024-09-11 16:00:00+00:00,101.68399810791016
2024-09-11 17:00:00+00:00,101.6780014038086
2024-09-11 18:00:00+00:00,101.68399810791016
2024-09-11 19:00:00+00:00,101.70800018310547
2024-09-11 20:00:00+00:00,101.74400329589844
2024-09-11 21:00:00+00:00,101.72699737548828
2024-09-11 22:00:00+00:00,101.72000122070312
2024-09-11 23:00:00+00:00,101.78800201416016
2024-09-12 00:00:00+00:00,101.81999969482422
2024-09-12 01:00:00+00:00,101.7750015258789
2024-09-12 02:00:00+00:00,101.78700256347656
2024-09-12 03:00:00+00:00,101.75800323486328
2024-09-12 04:00:00+00:00,101.75499725341797
2024-09-12 05:00:00+00:00,101.71800231933594
2024-09-12 06:00:00+00:00,101.78900146484375
2024-09-12 07:00:00+00:00,101.81700134277344
2024-09-12 08:00:00+00:00,101.7490005493164
2024-09-12 09:00:00+00:00,101.75
2024-09-12 10:00:00+00:00,101.70099639892578
2024-09-12 11:00:00+00:00,101.76200103759766
2024-09-12 12:00:00+00:00,101.62899780273438
2024-09-12 13:00:00+00:00,101.55999755859375
2024-09-12 14:00:00+00:00,101.56700134277344
2024-09-12 15:00:00+00:00,101.53399658203125
2024-09-12 16:00:00+00:00,101.51699829101562
2024-09-12 17:00:00+00:00,101.41899871826172
2024-09-12 18:00:00+00:00,101.36599731445312
2024-09-12 19:00:00+00:00,101.2760009765625
2024-09-12 20:00:00+00:00,101.24099731445312
2024-09-12 21:00:00+00:00,101.24800109863281
2024-09-12 22:00:00+00:00,101.23400115966797
2024-09-12 23:00:00+00:00,101.16999816894531
2024-09-13 00:00:00+00:00,101.06900024414062
2024-09-13 01:00:00+00:00,101.11100006103516
2024-09-13 02:00:00+00:00,101.05999755859375
2024-09-13 03:00:00+00:00,101.0479965209961
2024-09-13 04:00:00+00:00,101.06600189208984
2024-09-13 05:00:00+00:00,101.06700134277344
2024-09-13 06:00:00+00:00,101.11799621582031
2024-09-13 07:00:00+00:00,101.00599670410156
2024-09-13 08:00:00+00:00,100.98699951171875
2024-09-13 09:00:00+00:00,100.98300170898438
2024-09-13 10:00:00+00:00,101.0260009765625
2024-09-13 11:00:00+00:00,101.07099914550781
2024-09-13 12:00:00+00:00,100.97899627685547
2024-09-13 13:00:00+00:00,100.91100311279297
2024-09-13 14:00:00+00:00,100.9729995727539
2024-09-13 15:00:00+00:00,101.02200317382812
2024-09-13 16:00:00+00:00,101.05400085449219
2024-09-13 17:00:00+00:00,101.08399963378906
2024-09-13 18:00:00+00:00,101.11399841308594
2024-09-13 19:00:00+00:00,101.10700225830078
2024-09-13 20:00:00+00:00,101.11100006103516
2024-09-15 22:00:00+00:00,101.02999877929688
2024-09-15 23:00:00+00:00,101.03199768066406
2024-09-16 00:00:00+00:00,100.97200012207031
2024-09-16 01:00:00+00:00,100.98400115966797
2024-09-16 02:00:00+00:00,100.97000122070312
2024-09-16 03:00:00+00:00,100.81500244140625
2024-09-16 04:00:00+00:00,100.8740005493164
2024-09-16 05:00:00+00:00,100.86499786376953
2024-09-16 06:00:00+00:00,100.7249984741211
2024-09-16 07:00:00+00:00,100.72899627685547
2024-09-16 08:00:00+00:00,100.66000366210938
2024-09-16 09:00:00+00:00,100.71399688720703
2024-09-16 10:00:00+00:00,100.69000244140625
2024-09-16 11:00:00+00:00,100.6500015258789
2024-09-16 12:00:00+00:00,100.69000244140625
2024-09-16 13:00:00+00:00,100.68099975585938
2024-09-16 14:00:00+00:00,100.72599792480469
2024-09-16 15:00:00+00:00,100.77200317382812
2024-09-16 16:00:00+00:00,100.71199798583984
2024-09-16 17:00:00+00:00,100.74199676513672
2024-09-16 18:00:00+00:00,100.76300048828125
2024-09-16 19:00:00+00:00,100.7020034790039
2024-09-16 20:00:00+00:00,100.66500091552734
2024-09-16 21:00:00+00:00,100.6709976196289
2024-09-16 22:00:00+00:00,100.70800018310547
2024-09-16 23:00:00+00:00,100.70899963378906
2024-09-17 00:00:00+00:00,100.74400329589844
2024-09-17 01:00:00+00:00,100.67900085449219
2024-09-17 02:00:00+00:00,100.69999694824219
2024-09-17 03:00:00+00:00,100.7239990234375
2024-09-17 04:00:00+00:00,100.73699951171875
2024-09-17 05:00:00+00:00,100.71900177001953
2024-09-17 06:00:00+00:00,100.74099731445312
2024-09-17 07:00:00+00:00,100.62999725341797
2024-09-17 08:00:00+00:00,100.56999969482422
2024-09-17 09:00:00+00:00,100.62699890136719
2024-09-17 10:00:00+00:00,100.66799926757812
2024-09-17 11:00:00+00:00,100.6240005493164
2024-09-17 12:00:00+00:00,100.7699966430664
2024-09-17 13:00:00+00:00,100.9219970703125
2024-09-17 14:00:00+00:00,100.8550033569336
2024-09-17 15:00:00+00:00,100.93199920654297
2024-09-17 16:00:00+00:00,100.91600036621094
2024-09-17 17:00:00+00:00,100.95099639892578
2024-09-17 18:00:00+00:00,100.89399719238281
2024-09-17 19:00:00+00:00,100.98200225830078
2024-09-17 20:00:00+00:00,101.01699829101562
2024-09-17 21:00:00+00:00,101.00499725341797
2024-09-17 22:00:00+00:00,101.01000213623047
2024-09-17 23:00:00+00:00,100.91500091552734
2024-09-18 00:00:00+00:00,100.84600067138672
2024-09-18 01:00:00+00:00,100.8270034790039
2024-09-18 02:00:00+00:00,100.8270034790039
2024-09-18 03:00:00+00:00,100.8270034790039
2024-09-18 04:00:00+00:00,100.86499786376953
2024-09-18 05:00:00+00:00,100.87899780273438
2024-09-18 06:00:00+00:00,100.86900329589844
2024-09-18 07:00:00+00:00,100.8270034790039
2024-09-18 08:00:00+00:00,100.7969970703125
2024-09-18 09:00:00+00:00,100.71399688720703
2024-09-18 10:00:00+00:00,100.7750015258789
2024-09-18 11:00:00+00:00,100.83300018310547
2024-09-18 12:00:00+00:00,100.85299682617188
2024-09-18 13:00:00+00:00,100.7509994506836
2024-09-18 14:00:00+00:00,100.90299987792969
2024-09-18 15:00:00+00:00,100.93299865722656
2024-09-18 16:00:00+00:00,100.8550033569336
2024-09-18 17:00:00+00:00,100.86799621582031
2024-09-18 18:00:00+00:00,100.59600067138672
2024-09-18 19:00:00+00:00,101.06300354003906
2024-09-18 20:00:00+00:00,100.93800354003906
2024-09-18 21:00:00+00:00,100.93299865722656
2024-09-18 22:00:00+00:00,100.93099975585938
2024-09-18 23:00:00+00:00,101.02200317382812
2024-09-19 00:00:00+00:00,101.33599853515625
2024-09-19 01:00:00+00:00,101.34700012207031
2024-09-19 02:00:00+00:00,101.14800262451172
2024-09-19 03:00:00+00:00,101.03399658203125
2024-09-19 04:00:00+00:00,101.0199966430664
2024-09-19 05:00:00+00:00,100.8740005493164
2024-09-19 06:00:00+00:00,100.71800231933594
2024-09-19 07:00:00+00:00,100.7229995727539
2024-09-19 08:00:00+00:00,100.63899993896484
2024-09-19 09:00:00+00:00,100.52799987792969
2024-09-19 10:00:00+00:00,100.59400177001953
2024-09-19 11:00:00+00:00,100.67500305175781
2024-09-19 12:00:00+00:00,101.0009994506836
2024-09-19 13:00:00+00:00,101.00199890136719
2024-09-19 14:00:00+00:00,100.88700103759766
2024-09-19 15:00:00+00:00,100.75499725341797
2024-09-19 16:00:00+00:00,100.71299743652344
2024-09-19 17:00:00+00:00,100.66300201416016
2024-09-19 18:00:00+00:00,100.61399841308594
2024-09-19 19:00:00+00:00,100.63200378417969
2024-09-19 20:00:00+00:00,100.63700103759766
2024-09-19 21:00:00+00:00,100.63500213623047
2024-09-19 22:00:00+00:00,100.63400268554688
2024-09-19 23:00:00+00:00,100.67900085449219
2024-09-20 00:00:00+00:00,100.63500213623047
2024-09-20 01:00:00+00:00,100.63200378417969
2024-09-20 02:00:00+00:00,100.61699676513672
2024-09-20 03:00:00+00:00,100.56700134277344
2024-09-20 04:00:00+00:00,100.56199645996094
2024-09-20 05:00:00+00:00,100.5780029296875
2024-09-20 06:00:00+00:00,100.54900360107422
2024-09-20 07:00:00+00:00,100.71499633789062
2024-09-20 08:00:00+00:00,100.73400115966797
2024-09-20 09:00:00+00:00,100.78399658203125
2024-09-20 10:00:00+00:00,100.83699798583984
2024-09-20 11:00:00+00:00,100.80899810791016
2024-09-20 12:00:00+00:00,100.63400268554688
2024-09-20 13:00:00+00:00,100.8499984741211
2024-09-20 14:00:00+00:00,100.94599914550781
2024-09-20 15:00:00+00:00,100.78099822998047
2024-09-20 16:00:00+00:00,100.6500015258789
2024-09-20 17:00:00+00:00,100.7750015258789
2024-09-20 18:00:00+00:00,100.7229995727539
2024-09-20 19:00:00+00:00,100.75199890136719
2024-09-20 20:00:00+00:00,100.73799896240234
2024-09-22 21:00:00+00:00,100.73799896240234
2024-09-22 22:00:00+00:00,100.74600219726562
2024-09-22 23:00:00+00:00,100.77899932861328
2024-09-23 00:00:00+00:00,100.78900146484375
2024-09-23 01:00:00+00:00,100.81199645996094
2024-09-23 02:00:00+00:00,100.79100036621094
2024-09-23 03:00:00+00:00,100.7959976196289
2024-09-23 04:00:00+00:00,100.76799774169922
2024-09-23 05:00:00+00:00,100.75599670410156
2024-09-23 06:00:00+00:00,100.78299713134766
2024-09-23 07:00:00+00:00,101.12000274658203
2024-09-23 08:00:00+00:00,101.15899658203125
2024-09-23 09:00:00+00:00,101.06400299072266
2024-09-23 10:00:00+00:00,100.97799682617188
2024-09-23 11:00:00+00:00,100.9489974975586
2024-09-23 12:00:00+00:00,100.927001953125
2024-09-23 13:00:00+00:00,100.8949966430664
2024-09-23 14:00:00+00:00,100.83000183105469
2024-09-23 15:00:00+00:00,100.80599975585938
2024-09-23 16:00:00+00:00,100.80999755859375
2024-09-23 17:00:00+00:00,100.83100128173828
2024-09-23 18:00:00+00:00,100.85099792480469
2024-09-23 19:00:00+00:00,100.88200378417969
2024-09-23 20:00:00+00:00,100.93900299072266
2024-09-23 21:00:00+00:00,100.9209976196289
2024-09-23 22:00:00+00:00,100.90899658203125
2024-09-23 23:00:00+00:00,100.93399810791016
2024-09-24 00:00:00+00:00,100.95500183105469
2024-09-24 01:00:00+00:00,100.9469985961914
2024-09-24 02:00:00+00:00,100.96099853515625
2024-09-24 03:00:00+00:00,100.9219970703125
2024-09-24 04:00:00+00:00,100.89399719238281
2024-09-24 05:00:00+00:00,100.93299865722656
2024-09-24 06:00:00+00:00,100.9729995727539
2024-09-24 07:00:00+00:00,100.90699768066406
2024-09-24 08:00:00+00:00,100.78700256347656
2024-09-24 09:00:00+00:00,100.80799865722656
2024-09-24 10:00:00+00:00,100.822998046875
2024-09-24 11:00:00+00:00,100.82099914550781
2024-09-24 12:00:00+00:00,100.73200225830078
2024-09-24 13:00:00+00:00,100.75199890136719
2024-09-24 14:00:00+00:00,100.61900329589844
2024-09-24 15:00:00+00:00,100.6449966430664
2024-09-24 16:00:00+00:00,100.54199981689453
2024-09-24 17:00:00+00:00,100.50399780273438
2024-09-24 18:00:00+00:00,100.46600341796875
2024-09-24 19:00:00+00:00,100.3740005493164
2024-09-24 20:00:00+00:00,100.35399627685547
2024-09-24 21:00:00+00:00,100.36399841308594
2024-09-24 22:00:00+00:00,100.3499984741211
2024-09-24 23:00:00+00:00,100.23600006103516
2024-09-25 00:00:00+00:00,100.25299835205078
2024-09-25 01:00:00+00:00,100.3219985961914
2024-09-25 02:00:00+00:00,100.27200317382812
2024-09-25 03:00:00+00:00,100.24099731445312
2024-09-25 04:00:00+00:00,100.26000213623047
2024-09-25 05:00:00+00:00,100.2770004272461
2024-09-25 06:00:00+00:00,100.35900115966797
2024-09-25 07:00:00+00:00,100.38099670410156
2024-09-25 08:00:00+00:00,100.44499969482422
2024-09-25 09:00:00+00:00,100.49500274658203
2024-09-25 10:00:00+00:00,100.48699951171875
2024-09-25 11:00:00+00:00,100.43499755859375
2024-09-25 12:00:00+00:00,100.40599822998047
2024-09-25 13:00:00+00:00,100.39099884033203
2024-09-25 14:00:00+00:00,100.59500122070312
2024-09-25 15:00:00+00:00,100.80599975585938
2024-09-25 16:00:00+00:00,100.88200378417969
2024-09-25 17:00:00+00:00,100.86499786376953
2024-09-25 18:00:00+00:00,100.91200256347656
2024-09-25 19:00:00+00:00,100.9739990234375
2024-09-25 20:00:00+00:00,100.927001953125
2024-09-25 21:00:00+00:00,100.91699981689453
2024-09-25 22:00:00+00:00,100.91999816894531
2024-09-25 23:00:00+00:00,100.93499755859375
2024-09-26 00:00:00+00:00,100.9000015258789
2024-09-26 01:00:00+00:00,100.9280014038086
2024-09-26 02:00:00+00:00,100.92900085449219
2024-09-26 03:00:00+00:00,100.93800354003906
2024-09-26 04:00:00+00:00,100.91300201416016
2024-09-26 05:00:00+00:00,100.90599822998047
2024-09-26 06:00:00+00:00,100.9229965209961
2024-09-26 07:00:00+00:00,100.94000244140625
2024-09-26 08:00:00+00:00,100.9219970703125
2024-09-26 09:00:00+00:00,100.90299987792969
2024-09-26 10:00:00+00:00,100.85199737548828
2024-09-26 11:00:00+00:00,100.83499908447266
2024-09-26 12:00:00+00:00,100.87799835205078
2024-09-26 13:00:00+00:00,100.89099884033203
2024-09-26 14:00:00+00:00,100.89199829101562
2024-09-26 15:00:00+00:00,100.86599731445312
2024-09-26 16:00:00+00:00,100.90499877929688
2024-09-26 17:00:00+00:00,100.87799835205078
2024-09-26 18:00:00+00:00,100.52200317382812
2024-09-26 19:00:00+00:00,100.54000091552734
2024-09-26 20:00:00+00:00,100.55899810791016
2024-09-26 21:00:00+00:00,100.56700134277344
2024-09-26 22:00:00+00:00,100.56800079345703
2024-09-26 23:00:00+00:00,100.60099792480469
2024-09-27 00:00:00+00:00,100.7020034790039
2024-09-27 01:00:00+00:00,100.73100280761719
2024-09-27 02:00:00+00:00,100.67500305175781
2024-09-27 03:00:00+00:00,100.68699645996094
2024-09-27 04:00:00+00:00,100.77899932861328
2024-09-27 05:00:00+00:00,100.83000183105469
2024-09-27 06:00:00+00:00,100.59300231933594
2024-09-27 07:00:00+00:00,100.70800018310547
2024-09-27 08:00:00+00:00,100.61799621582031
2024-09-27 09:00:00+00:00,100.52100372314453
2024-09-27 10:00:00+00:00,100.50299835205078
2024-09-27 11:00:00+00:00,100.49600219726562
2024-09-27 12:00:00+00:00,100.1729965209961
2024-09-27 13:00:00+00:00,100.28299713134766
2024-09-27 14:00:00+00:00,100.3479995727539
2024-09-27 15:00:00+00:00,100.46900177001953
2024-09-27 16:00:00+00:00,100.51100158691406
2024-09-27 17:00:00+00:00,100.43399810791016
2024-09-27 18:00:00+00:00,100.38099670410156
2024-09-27 19:00:00+00:00,100.41600036621094
2024-09-27 20:00:00+00:00,100.41799926757812
2024-09-29 21:00:00+00:00,100.41799926757812
2024-09-29 22:00:00+00:00,100.41500091552734
2024-09-29 23:00:00+00:00,100.43800354003906
2024-09-30 00:00:00+00:00,100.41799926757812
2024-09-30 01:00:00+00:00,100.44999694824219
2024-09-30 02:00:00+00:00,100.46199798583984
2024-09-30 03:00:00+00:00,100.46600341796875
2024-09-30 04:00:00+00:00,100.40499877929688
2024-09-30 05:00:00+00:00,100.33200073242188
2024-09-30 06:00:00+00:00,100.3740005493164
2024-09-30 07:00:00+00:00,100.37999725341797
2024-09-30 08:00:00+00:00,100.20600128173828
2024-09-30 09:00:00+00:00,100.31600189208984
2024-09-30 10:00:00+00:00,100.31900024414062
2024-09-30 11:00:00+00:00,100.26100158691406
2024-09-30 12:00:00+00:00,100.3550033569336
2024-09-30 13:00:00+00:00,100.48400115966797
2024-09-30 14:00:00+00:00,100.51100158691406
2024-09-30 15:00:00+00:00,100.63700103759766
2024-09-30 16:00:00+00:00,100.58399963378906
2024-09-30 17:00:00+00:00,100.56900024414062
2024-09-30 18:00:00+00:00,100.77899932861328
2024-09-30 19:00:00+00:00,100.79100036621094
2024-09-30 20:00:00+00:00,100.75900268554688
2024-09-30 21:00:00+00:00,100.7509994506836
2024-09-30 22:00:00+00:00,100.75800323486328
2024-09-30 23:00:00+00:00,100.75599670410156
2024-10-01 00:00:00+00:00,100.80999755859375
2024-10-01 01:00:00+00:00,100.7020034790039
2024-10-01 02:00:00+00:00,100.76899719238281
2024-10-01 03:00:00+00:00,100.81099700927734
2024-10-01 04:00:00+00:00,100.78700256347656
2024-10-01 05:00:00+00:00,100.80799865722656
2024-10-01 06:00:00+00:00,100.83499908447266
2024-10-01 07:00:00+00:00,100.97100067138672
2024-10-01 08:00:00+00:00,101.01399993896484
2024-10-01 09:00:00+00:00,101.04299926757812
2024-10-01 10:00:00+00:00,101.09600067138672
2024-10-01 11:00:00+00:00,101.0989990234375
2024-10-01 12:00:00+00:00,101.21499633789062
2024-10-01 13:00:00+00:00,101.16100311279297
2024-10-01 14:00:00+00:00,101.16699981689453
2024-10-01 15:00:00+00:00,101.23799896240234
2024-10-01 16:00:00+00:00,101.3270034790039
2024-10-01 17:00:00+00:00,101.302001953125
2024-10-01 18:00:00+00:00,101.19400024414062
2024-10-01 19:00:00+00:00,101.21299743652344
2024-10-01 20:00:00+00:00,101.20800018310547
2024-10-01 21:00:00+00:00,101.20600128173828
2024-10-01 22:00:00+00:00,101.20999908447266
2024-10-01 23:00:00+00:00,101.26000213623047
2024-10-02 00:00:00+00:00,101.25499725341797
2024-10-02 01:00:00+00:00,101.20099639892578
2024-10-02 02:00:00+00:00,101.2490005493164
2024-10-02 03:00:00+00:00,101.24299621582031
2024-10-02 04:00:00+00:00,101.25900268554688
2024-10-02 05:00:00+00:00,101.26399993896484
2024-10-02 06:00:00+00:00,101.24700164794922
2024-10-02 07:00:00+00:00,101.25399780273438
2024-10-02 08:00:00+00:00,101.23699951171875
2024-10-02 09:00:00+00:00,101.24700164794922
2024-10-02 10:00:00+00:00,101.33399963378906
2024-10-02 11:00:00+00:00,101.26599884033203
2024-10-02 12:00:00+00:00,101.48600006103516
2024-10-02 13:00:00+00:00,101.53099822998047
2024-10-02 14:00:00+00:00,101.677001953125
2024-10-02 15:00:00+00:00,101.56400299072266
2024-10-02 16:00:00+00:00,101.58300018310547
2024-10-02 17:00:00+00:00,101.59100341796875
2024-10-02 18:00:00+00:00,101.677001953125
2024-10-02 19:00:00+00:00,101.60700225830078
2024-10-02 20:00:00+00:00,101.64299774169922
2024-10-02 21:00:00+00:00,101.61599731445312
2024-10-02 22:00:00+00:00,101.60199737548828
2024-10-02 23:00:00+00:00,101.65699768066406
2024-10-03 00:00:00+00:00,101.74199676513672
2024-10-03 01:00:00+00:00,101.73300170898438
2024-10-03 02:00:00+00:00,101.75800323486328
2024-10-03 03:00:00+00:00,101.76799774169922
2024-10-03 04:00:00+00:00,101.77999877929688
2024-10-03 05:00:00+00:00,101.84500122070312
2024-10-03 06:00:00+00:00,101.8280029296875
2024-10-03 07:00:00+00:00,101.85099792480469
2024-10-03 08:00:00+00:00,101.88300323486328
2024-10-03 09:00:00+00:00,101.91000366210938
2024-10-03 10:00:00+00:00,101.86000061035156
2024-10-03 11:00:00+00:00,101.84100341796875
2024-10-03 12:00:00+00:00,101.91600036621094
2024-10-03 13:00:00+00:00,101.87799835205078
2024-10-03 14:00:00+00:00,102.03500366210938
2024-10-03 15:00:00+00:00,102.04299926757812
2024-10-03 16:00:00+00:00,101.9219970703125
2024-10-03 17:00:00+00:00,101.91500091552734
2024-10-03 18:00:00+00:00,101.98899841308594
2024-10-03 19:00:00+00:00,101.97000122070312
2024-10-03 20:00:00+00:00,101.96399688720703
2024-10-03 21:00:00+00:00,101.94100189208984
2024-10-03 22:00:00+00:00,101.94200134277344
2024-10-03 23:00:00+00:00,101.91400146484375
2024-10-04 00:00:00+00:00,101.89700317382812
2024-10-04 01:00:00+00:00,101.91999816894531
2024-10-04 02:00:00+00:00,101.9000015258789
2024-10-04 03:00:00+00:00,101.91999816894531
2024-10-04 04:00:00+00:00,101.9010009765625
2024-10-04 05:00:00+00:00,101.83899688720703
2024-10-04 06:00:00+00:00,101.8550033569336
2024-10-04 07:00:00+00:00,101.88400268554688
2024-10-04 08:00:00+00:00,101.89600372314453
2024-10-04 09:00:00+00:00,101.89099884033203
2024-10-04 10:00:00+00:00,101.88099670410156
2024-10-04 11:00:00+00:00,101.85900115966797
2024-10-04 12:00:00+00:00,102.61699676513672
2024-10-04 13:00:00+00:00,102.5
2024-10-04 14:00:00+00:00,102.51200103759766
2024-10-04 15:00:00+00:00,102.5989990234375
2024-10-04 16:00:00+00:00,102.61900329589844
2024-10-04 17:00:00+00:00,102.54499816894531
2024-10-04 18:00:00+00:00,102.5199966430664
2024-10-04 19:00:00+00:00,102.48699951171875
2024-10-04 20:00:00+00:00,102.48699951171875
2024-10-06 21:00:00+00:00,102.48699951171875
2024-10-06 22:00:00+00:00,102.55799865722656
2024-10-06 23:00:00+00:00,102.53299713134766
2024-10-07 00:00:00+00:00,102.49700164794922
2024-10-07 01:00:00+00:00,102.46600341796875
2024-10-07 02:00:00+00:00,102.49299621582031
2024-10-07 03:00:00+00:00,102.4729995727539
2024-10-07 04:00:00+00:00,102.51899719238281
2024-10-07 05:00:00+00:00,102.51300048828125
2024-10-07 06:00:00+00:00,102.48999786376953
2024-10-07 07:00:00+00:00,102.49800109863281
2024-10-07 08:00:00+00:00,102.52400207519531
2024-10-07 09:00:00+00:00,102.5999984741211
2024-10-07 10:00:00+00:00,102.59600067138672
2024-10-07 11:00:00+00:00,102.46399688720703
2024-10-07 12:00:00+00:00,102.45700073242188
2024-10-07 13:00:00+00:00,102.43299865722656
2024-10-07 14:00:00+00:00,102.5009994506836
2024-10-07 15:00:00+00:00,102.47799682617188
2024-10-07 16:00:00+00:00,102.40599822998047
2024-10-07 17:00:00+00:00,102.4209976196289
2024-10-07 18:00:00+00:00,102.53700256347656
2024-10-07 19:00:00+00:00,102.49700164794922
2024-10-07 20:00:00+00:00,102.48999786376953
2024-10-07 21:00:00+00:00,102.48899841308594
2024-10-07 22:00:00+00:00,102.48500061035156
2024-10-07 23:00:00+00:00,102.48500061035156
2024-10-08 00:00:00+00:00,102.39099884033203
2024-10-08 01:00:00+00:00,102.38500213623047
2024-10-08 02:00:00+00:00,102.39600372314453
2024-10-08 03:00:00+00:00,102.41000366210938
2024-10-08 04:00:00+00:00,102.41000366210938
2024-10-08 05:00:00+00:00,102.41799926757812
2024-10-08 06:00:00+00:00,102.43800354003906
2024-10-08 07:00:00+00:00,102.30599975585938
2024-10-08 08:00:00+00:00,102.34600067138672
2024-10-08 09:00:00+00:00,102.38999938964844
2024-10-08 10:00:00+00:00,102.3949966430664
2024-10-08 11:00:00+00:00,102.375
2024-10-08 12:00:00+00:00,102.47699737548828
2024-10-08 13:00:00+00:00,102.48999786376953
2024-10-08 14:00:00+00:00,102.56500244140625
2024-10-08 15:00:00+00:00,102.55599975585938
2024-10-08 16:00:00+00:00,102.51499938964844
2024-10-08 17:00:00+00:00,102.5250015258789
2024-10-08 18:00:00+00:00,102.54900360107422
2024-10-08 19:00:00+00:00,102.49199676513672
2024-10-08 20:00:00+00:00,102.46099853515625
2024-10-08 21:00:00+00:00,102.4729995727539
2024-10-08 22:00:00+00:00,102.4739990234375
2024-10-08 23:00:00+00:00,102.49700164794922
2024-10-09 00:00:00+00:00,102.49700164794922
2024-10-09 01:00:00+00:00,102.50800323486328
2024-10-09 02:00:00+00:00,102.54299926757812
2024-10-09 03:00:00+00:00,102.5770034790039
2024-10-09 04:00:00+00:00,102.60700225830078
2024-10-09 05:00:00+00:00,102.55699920654297
2024-10-09 06:00:00+00:00,102.625
2024-10-09 07:00:00+00:00,102.6520004272461
2024-10-09 08:00:00+00:00,102.69300079345703
2024-10-09 09:00:00+00:00,102.61399841308594
2024-10-09 10:00:00+00:00,102.61699676513672
2024-10-09 11:00:00+00:00,102.71399688720703
2024-10-09 12:00:00+00:00,102.7249984741211
2024-10-09 13:00:00+00:00,102.7699966430664
2024-10-09 14:00:00+00:00,102.81600189208984
2024-10-09 15:00:00+00:00,102.7969970703125
2024-10-09 16:00:00+00:00,102.86900329589844
2024-10-09 17:00:00+00:00,102.88300323486328
2024-10-09 18:00:00+00:00,102.9280014038086
2024-10-09 19:00:00+00:00,102.91400146484375
2024-10-09 20:00:00+00:00,102.9010009765625
2024-10-09 21:00:00+00:00,102.87999725341797
2024-10-09 22:00:00+00:00,102.87799835205078
2024-10-09 23:00:00+00:00,102.87999725341797
2024-10-10 00:00:00+00:00,102.88899993896484
2024-10-10 01:00:00+00:00,102.86100006103516
2024-10-10 02:00:00+00:00,102.875
2024-10-10 03:00:00+00:00,102.86299896240234
2024-10-10 04:00:00+00:00,102.89800262451172
2024-10-10 05:00:00+00:00,102.89399719238281
2024-10-10 06:00:00+00:00,102.88899993896484
2024-10-10 07:00:00+00:00,102.87899780273438
2024-10-10 08:00:00+00:00,102.927001953125
2024-10-10 09:00:00+00:00,102.89900207519531
2024-10-10 10:00:00+00:00,102.85099792480469
2024-10-10 11:00:00+00:00,102.94000244140625
2024-10-10 12:00:00+00:00,102.80599975585938
2024-10-10 13:00:00+00:00,102.87699890136719
2024-10-10 14:00:00+00:00,102.98400115966797
2024-10-10 15:00:00+00:00,102.9469985961914
2024-10-10 16:00:00+00:00,103.11399841308594
2024-10-10 17:00:00+00:00,103.00499725341797
2024-10-10 18:00:00+00:00,102.98799896240234
2024-10-10 19:00:00+00:00,102.87699890136719
2024-10-10 20:00:00+00:00,102.85399627685547
2024-10-10 21:00:00+00:00,102.86000061035156
2024-10-10 22:00:00+00:00,102.87899780273438
2024-10-10 23:00:00+00:00,102.89299774169922
2024-10-11 00:00:00+00:00,102.84500122070312
2024-10-11 01:00:00+00:00,102.91699981689453
2024-10-11 02:00:00+00:00,102.875
2024-10-11 03:00:00+00:00,102.86499786376953
2024-10-11 04:00:00+00:00,102.89800262451172
2024-10-11 05:00:00+00:00,102.89800262451172
2024-10-11 06:00:00+00:00,102.88300323486328
2024-10-11 07:00:00+00:00,102.83599853515625
2024-10-11 08:00:00+00:00,102.80000305175781
2024-10-11 09:00:00+00:00,102.89299774169922
2024-10-11 10:00:00+00:00,102.93499755859375
2024-10-11 11:00:00+00:00,102.95600128173828
2024-10-11 12:00:00+00:00,102.92400360107422
2024-10-11 13:00:00+00:00,102.89099884033203
2024-10-11 14:00:00+00:00,102.89199829101562
2024-10-11 15:00:00+00:00,102.88899993896484
2024-10-11 16:00:00+00:00,102.83999633789062
2024-10-11 17:00:00+00:00,102.8479995727539
2024-10-11 18:00:00+00:00,102.88999938964844
2024-10-11 19:00:00+00:00,102.93499755859375
2024-10-11 20:00:00+00:00,102.91500091552734
2024-10-13 21:00:00+00:00,102.91500091552734
2024-10-13 22:00:00+00:00,103.01100158691406
2024-10-13 23:00:00+00:00,103.03500366210938
2024-10-14 00:00:00+00:00,103.04000091552734
2024-10-14 01:00:00+00:00,103.03700256347656
2024-10-14 02:00:00+00:00,103.03199768066406
2024-10-14 03:00:00+00:00,103.01399993896484
2024-10-14 04:00:00+00:00,103.0260009765625
2024-10-14 05:00:00+00:00,103.00399780273438
2024-10-14 06:00:00+00:00,103.01599884033203
2024-10-14 07:00:00+00:00,103.01799774169922
2024-10-14 08:00:00+00:00,103.03500366210938
2024-10-14 09:00:00+00:00,103.04100036621094
2024-10-14 10:00:00+00:00,103.09200286865234
2024-10-14 11:00:00+00:00,103.17500305175781
2024-10-14 12:00:00+00:00,103.22599792480469
2024-10-14 13:00:00+00:00,103.14099884033203
2024-10-14 14:00:00+00:00,103.1729965209961
2024-10-14 15:00:00+00:00,103.22799682617188
2024-10-14 16:00:00+00:00,103.26499938964844
2024-10-14 17:00:00+00:00,103.24199676513672
2024-10-14 18:00:00+00:00,103.2979965209961
2024-10-14 19:00:00+00:00,103.23300170898438
2024-10-14 20:00:00+00:00,103.1969985961914
2024-10-14 21:00:00+00:00,103.20099639892578
2024-10-14 22:00:00+00:00,103.21399688720703
2024-10-14 23:00:00+00:00,103.19100189208984
2024-10-15 00:00:00+00:00,103.18000030517578
2024-10-15 01:00:00+00:00,103.1760025024414
2024-10-15 02:00:00+00:00,103.2229995727539
2024-10-15 03:00:00+00:00,103.27799987792969
2024-10-15 04:00:00+00:00,103.3030014038086
2024-10-15 05:00:00+00:00,103.30899810791016
2024-10-15 06:00:00+00:00,103.26599884033203
2024-10-15 07:00:00+00:00,103.19999694824219
2024-10-15 08:00:00+00:00,103.10299682617188
2024-10-15 09:00:00+00:00,103.05699920654297
2024-10-15 10:00:00+00:00,103.13800048828125
2024-10-15 11:00:00+00:00,103.17900085449219
2024-10-15 12:00:00+00:00,103.09100341796875
2024-10-15 13:00:00+00:00,103.09400177001953
2024-10-15 14:00:00+00:00,103.12999725341797
2024-10-15 15:00:00+00:00,103.16999816894531
2024-10-15 16:00:00+00:00,103.26300048828125
2024-10-15 17:00:00+00:00,103.3010025024414
2024-10-15 18:00:00+00:00,103.26100158691406
2024-10-15 19:00:00+00:00,103.25499725341797
2024-10-15 20:00:00+00:00,103.20999908447266
2024-10-15 21:00:00+00:00,103.2020034790039
2024-10-15 22:00:00+00:00,103.22699737548828
2024-10-15 23:00:00+00:00,103.26000213623047
2024-10-16 00:00:00+00:00,103.26799774169922
2024-10-16 01:00:00+00:00,103.19300079345703
2024-10-16 02:00:00+00:00,103.18800354003906
2024-10-16 03:00:00+00:00,103.20899963378906
2024-10-16 04:00:00+00:00,103.22699737548828
2024-10-16 05:00:00+00:00,103.24800109863281
2024-10-16 06:00:00+00:00,103.37999725341797
2024-10-16 07:00:00+00:00,103.36299896240234
2024-10-16 08:00:00+00:00,103.35900115966797
2024-10-16 09:00:00+00:00,103.26300048828125
2024-10-16 10:00:00+00:00,103.3030014038086
2024-10-16 11:00:00+00:00,103.23500061035156
2024-10-16 12:00:00+00:00,103.31900024414062
2024-10-16 13:00:00+00:00,103.29100036621094
2024-10-16 14:00:00+00:00,103.41400146484375
2024-10-16 15:00:00+00:00,103.4739990234375
2024-10-16 16:00:00+00:00,103.49099731445312
2024-10-16 17:00:00+00:00,103.53700256347656
2024-10-16 18:00:00+00:00,103.58999633789062
2024-10-16 19:00:00+00:00,103.56300354003906
2024-10-16 20:00:00+00:00,103.52400207519531
2024-10-16 21:00:00+00:00,103.50599670410156
2024-10-16 22:00:00+00:00,103.52200317382812
2024-10-16 23:00:00+00:00,103.54000091552734
2024-10-17 00:00:00+00:00,103.51799774169922
2024-10-17 01:00:00+00:00,103.49400329589844
2024-10-17 02:00:00+00:00,103.50800323486328
2024-10-17 03:00:00+00:00,103.58499908447266
2024-10-17 04:00:00+00:00,103.58899688720703
2024-10-17 05:00:00+00:00,103.5770034790039
2024-10-17 06:00:00+00:00,103.625
2024-10-17 07:00:00+00:00,103.61399841308594
2024-10-17 08:00:00+00:00,103.63800048828125
2024-10-17 09:00:00+00:00,103.56700134277344
2024-10-17 10:00:00+00:00,103.50900268554688
2024-10-17 11:00:00+00:00,103.49099731445312
2024-10-17 12:00:00+00:00,103.65599822998047
2024-10-17 13:00:00+00:00,103.70999908447266
2024-10-17 14:00:00+00:00,103.7699966430664
2024-10-17 15:00:00+00:00,103.72899627685547
2024-10-17 16:00:00+00:00,103.80599975585938
2024-10-17 17:00:00+00:00,103.80799865722656
2024-10-17 18:00:00+00:00,103.82499694824219
2024-10-17 19:00:00+00:00,103.79900360107422
2024-10-17 20:00:00+00:00,103.7760009765625
2024-10-17 21:00:00+00:00,103.76599884033203
2024-10-17 22:00:00+00:00,103.76599884033203
2024-10-17 23:00:00+00:00,103.77899932861328
2024-10-18 00:00:00+00:00,103.7750015258789
2024-10-18 01:00:00+00:00,103.72899627685547
2024-10-18 02:00:00+00:00,103.69100189208984
2024-10-18 03:00:00+00:00,103.69100189208984
2024-10-18 04:00:00+00:00,103.68000030517578
2024-10-18 05:00:00+00:00,103.65399932861328
2024-10-18 06:00:00+00:00,103.625
2024-10-18 07:00:00+00:00,103.66000366210938
2024-10-18 08:00:00+00:00,103.6709976196289
2024-10-18 09:00:00+00:00,103.6449966430664
2024-10-18 10:00:00+00:00,103.63200378417969
2024-10-18 11:00:00+00:00,103.62300109863281
2024-10-18 12:00:00+00:00,103.54100036621094
2024-10-18 13:00:00+00:00,103.5479965209961
2024-10-18 14:00:00+00:00,103.552001953125
2024-10-18 15:00:00+00:00,103.58799743652344
2024-10-18 16:00:00+00:00,103.46600341796875
2024-10-18 17:00:00+00:00,103.5199966430664
2024-10-18 18:00:00+00:00,103.49299621582031
2024-10-18 19:00:00+00:00,103.5
2024-10-18 20:00:00+00:00,103.46399688720703
2024-10-20 21:00:00+00:00,103.46399688720703
2024-10-20 22:00:00+00:00,103.46299743652344
2024-10-20 23:00:00+00:00,103.46800231933594
2024-10-21 00:00:00+00:00,103.4800033569336
2024-10-21 01:00:00+00:00,103.45600128173828
2024-10-21 02:00:00+00:00,103.45899963378906
2024-10-21 03:00:00+00:00,103.4469985961914
2024-10-21 04:00:00+00:00,103.51499938964844
2024-10-21 05:00:00+00:00,103.51100158691406
2024-10-21 06:00:00+00:00,103.60600280761719
2024-10-21 07:00:00+00:00,103.64399719238281
2024-10-21 08:00:00+00:00,103.60800170898438
2024-10-21 09:00:00+00:00,103.67900085449219
2024-10-21 10:00:00+00:00,103.66300201416016
2024-10-21 11:00:00+00:00,103.6050033569336
2024-10-21 12:00:00+00:00,103.58200073242188
2024-10-21 13:00:00+00:00,103.6719970703125
2024-10-21 14:00:00+00:00,103.79100036621094
2024-10-21 15:00:00+00:00,103.93499755859375
2024-10-21 16:00:00+00:00,103.93399810791016
2024-10-21 17:00:00+00:00,103.96299743652344
2024-10-21 18:00:00+00:00,104.01200103759766
2024-10-21 19:00:00+00:00,103.97899627685547
2024-10-21 20:00:00+00:00,103.98600006103516
2024-10-21 21:00:00+00:00,103.96900177001953
2024-10-21 22:00:00+00:00,103.96299743652344
2024-10-21 23:00:00+00:00,103.96099853515625
2024-10-22 00:00:00+00:00,103.96099853515625
2024-10-22 01:00:00+00:00,103.93299865722656
2024-10-22 02:00:00+00:00,103.9749984741211
2024-10-22 03:00:00+00:00,103.9530029296875
2024-10-22 04:00:00+00:00,103.93399810791016
2024-10-22 05:00:00+00:00,103.93499755859375
2024-10-22 06:00:00+00:00,103.88999938964844
2024-10-22 07:00:00+00:00,103.83200073242188
2024-10-22 08:00:00+00:00,103.91600036621094
2024-10-22 09:00:00+00:00,103.99299621582031
2024-10-22 10:00:00+00:00,103.90499877929688
2024-10-22 11:00:00+00:00,103.96700286865234
2024-10-22 12:00:00+00:00,104.02300262451172
2024-10-22 13:00:00+00:00,104.04499816894531
2024-10-22 14:00:00+00:00,104.01599884033203
2024-10-22 15:00:00+00:00,104.0719985961914
2024-10-22 16:00:00+00:00,104.04199981689453
2024-10-22 17:00:00+00:00,104.0459976196289
2024-10-22 18:00:00+00:00,104.07499694824219
2024-10-22 19:00:00+00:00,104.10299682617188
2024-10-22 20:00:00+00:00,104.07599639892578
2024-10-22 21:00:00+00:00,104.07599639892578
2024-10-22 22:00:00+00:00,104.06500244140625
2024-10-22 23:00:00+00:00,104.10199737548828
2024-10-23 00:00:00+00:00,104.1520004272461
2024-10-23 01:00:00+00:00,104.16999816894531
2024-10-23 02:00:00+00:00,104.10399627685547
2024-10-23 03:00:00+00:00,104.125
2024-10-23 04:00:00+00:00,104.15499877929688
2024-10-23 05:00:00+00:00,104.13200378417969
2024-10-23 06:00:00+00:00,104.26000213623047
2024-10-23 07:00:00+00:00,104.33799743652344
2024-10-23 08:00:00+00:00,104.28399658203125
2024-10-23 09:00:00+00:00,104.35700225830078
2024-10-23 10:00:00+00:00,104.40299987792969
2024-10-23 11:00:00+00:00,104.53800201416016
2024-10-23 12:00:00+00:00,104.47799682617188
2024-10-23 13:00:00+00:00,104.47100067138672
2024-10-23 14:00:00+00:00,104.48100280761719
2024-10-23 15:00:00+00:00,104.42900085449219
2024-10-23 16:00:00+00:00,104.48699951171875
2024-10-23 17:00:00+00:00,104.52200317382812
2024-10-23 18:00:00+00:00,104.43099975585938
2024-10-23 19:00:00+00:00,104.3759994506836
2024-10-23 20:00:00+00:00,104.4229965209961
2024-10-23 21:00:00+00:00,104.41600036621094
2024-10-23 22:00:00+00:00,104.4229965209961
2024-10-23 23:00:00+00:00,104.44499969482422
2024-10-24 00:00:00+00:00,104.35900115966797
2024-10-24 01:00:00+00:00,104.40499877929688
2024-10-24 02:00:00+00:00,104.3489990234375
2024-10-24 03:00:00+00:00,104.35199737548828
2024-10-24 04:00:00+00:00,104.28700256347656
2024-10-24 05:00:00+00:00,104.3219985961914
2024-10-24 06:00:00+00:00,104.32099914550781
2024-10-24 07:00:00+00:00,104.23400115966797
2024-10-24 08:00:00+00:00,104.1719970703125
2024-10-24 09:00:00+00:00,104.2030029296875
2024-10-24 10:00:00+00:00,104.1729965209961
2024-10-24 11:00:00+00:00,104.21199798583984
2024-10-24 12:00:00+00:00,104.20800018310547
2024-10-24 13:00:00+00:00,104.20500183105469
2024-10-24 14:00:00+00:00,104.22000122070312
2024-10-24 15:00:00+00:00,104.18399810791016
2024-10-24 16:00:00+00:00,104.13700103759766
2024-10-24 17:00:00+00:00,104.05500030517578
2024-10-24 18:00:00+00:00,104.05799865722656
2024-10-24 19:00:00+00:00,104.0199966430664
2024-10-24 20:00:00+00:00,104.0250015258789
2024-10-24 21:00:00+00:00,104.01899719238281
2024-10-24 22:00:00+00:00,104.01799774169922
2024-10-24 23:00:00+00:00,104.06099700927734
2024-10-25 00:00:00+00:00,104.08899688720703
2024-10-25 01:00:00+00:00,104.06199645996094
2024-10-25 02:00:00+00:00,104.03900146484375
2024-10-25 03:00:00+00:00,104.08000183105469
2024-10-25 04:00:00+00:00,104.06199645996094
2024-10-25 05:00:00+00:00,104.06199645996094
2024-10-25 06:00:00+00:00,104.11799621582031
2024-10-25 07:00:00+00:00,104.06600189208984
2024-10-25 08:00:00+00:00,104.06800079345703
2024-10-25 09:00:00+00:00,104.07099914550781
2024-10-25 10:00:00+00:00,104.05000305175781
2024-10-25 11:00:00+00:00,104.05500030517578
2024-10-25 12:00:00+00:00,103.95099639892578
2024-10-25 13:00:00+00:00,104.00299835205078
2024-10-25 14:00:00+00:00,104.03099822998047
2024-10-25 15:00:00+00:00,104.1719970703125
2024-10-25 16:00:00+00:00,104.22899627685547
2024-10-25 17:00:00+00:00,104.2490005493164
2024-10-25 18:00:00+00:00,104.25700378417969
2024-10-25 19:00:00+00:00,104.31999969482422
2024-10-25 20:00:00+00:00,104.31900024414062
2024-10-27 21:00:00+00:00,104.31700134277344
2024-10-27 22:00:00+00:00,104.38899993896484
2024-10-27 23:00:00+00:00,104.38600158691406
2024-10-28 00:00:00+00:00,104.45700073242188
2024-10-28 01:00:00+00:00,104.51300048828125
2024-10-28 02:00:00+00:00,104.50900268554688
2024-10-28 03:00:00+00:00,104.55999755859375
2024-10-28 04:00:00+00:00,104.52300262451172
2024-10-28 05:00:00+00:00,104.50900268554688
2024-10-28 06:00:00+00:00,104.43800354003906
2024-10-28 07:00:00+00:00,104.35299682617188
2024-10-28 08:00:00+00:00,104.24500274658203
2024-10-28 09:00:00+00:00,104.26799774169922
2024-10-28 10:00:00+00:00,104.19499969482422
2024-10-28 11:00:00+00:00,104.18699645996094
2024-10-28 12:00:00+00:00,104.2040023803711
2024-10-28 13:00:00+00:00,104.18399810791016
2024-10-28 14:00:00+00:00,104.18000030517578
2024-10-28 15:00:00+00:00,104.26499938964844
2024-10-28 16:00:00+00:00,104.28600311279297
2024-10-28 17:00:00+00:00,104.2969970703125
2024-10-28 18:00:00+00:00,104.31600189208984
2024-10-28 19:00:00+00:00,104.28299713134766
2024-10-28 20:00:00+00:00,104.31199645996094
2024-10-28 21:00:00+00:00,104.29499816894531
2024-10-28 22:00:00+00:00,104.30400085449219
2024-10-28 23:00:00+00:00,104.26300048828125
2024-10-29 00:00:00+00:00,104.26499938964844
2024-10-29 01:00:00+00:00,104.25499725341797
2024-10-29 02:00:00+00:00,104.28399658203125
2024-10-29 03:00:00+00:00,104.3280029296875
2024-10-29 04:00:00+00:00,104.31400299072266
2024-10-29 05:00:00+00:00,104.28700256347656
2024-10-29 06:00:00+00:00,104.29000091552734
2024-10-29 07:00:00+00:00,104.31800079345703
2024-10-29 08:00:00+00:00,104.27400207519531
2024-10-29 09:00:00+00:00,104.27799987792969
2024-10-29 10:00:00+00:00,104.34500122070312
2024-10-29 11:00:00+00:00,104.4209976196289
2024-10-29 12:00:00+00:00,104.58699798583984
2024-10-29 13:00:00+00:00,104.51200103759766
2024-10-29 14:00:00+00:00,104.38600158691406
2024-10-29 15:00:00+00:00,104.41300201416016
2024-10-29 16:00:00+00:00,104.42900085449219
2024-10-29 17:00:00+00:00,104.37000274658203
2024-10-29 18:00:00+00:00,104.31600189208984
2024-10-29 19:00:00+00:00,104.30699920654297
2024-10-29 20:00:00+00:00,104.26499938964844
2024-10-29 21:00:00+00:00,104.27999877929688
2024-10-29 22:00:00+00:00,104.28299713134766
2024-10-29 23:00:00+00:00,104.25199890136719
2024-10-30 00:00:00+00:00,104.23300170898438
2024-10-30 01:00:00+00:00,104.23300170898438
2024-10-30 02:00:00+00:00,104.27100372314453
2024-10-30 03:00:00+00:00,104.30999755859375
2024-10-30 04:00:00+00:00,104.2969970703125
2024-10-30 05:00:00+00:00,104.28900146484375
2024-10-30 06:00:00+00:00,104.22899627685547
2024-10-30 07:00:00+00:00,104.2699966430664
2024-10-30 08:00:00+00:00,104.11399841308594
2024-10-30 09:00:00+00:00,104.12799835205078
2024-10-30 10:00:00+00:00,104.18299865722656
2024-10-30 11:00:00+00:00,104.26599884033203
2024-10-30 12:00:00+00:00,104.39199829101562
2024-10-30 13:00:00+00:00,104.11799621582031
2024-10-30 14:00:00+00:00,104.125
2024-10-30 15:00:00+00:00,104.00399780273438
2024-10-30 16:00:00+00:00,104.01899719238281
2024-10-30 17:00:00+00:00,104.01799774169922
2024-10-30 18:00:00+00:00,103.99400329589844
2024-10-30 19:00:00+00:00,104.06700134277344
2024-10-30 20:00:00+00:00,104.11900329589844
2024-10-30 21:00:00+00:00,104.0979995727539
2024-10-30 22:00:00+00:00,104.09700012207031
2024-10-30 23:00:00+00:00,104.09700012207031
2024-10-31 00:00:00+00:00,104.16400146484375
2024-10-31 01:00:00+00:00,104.21499633789062
2024-10-31 02:00:00+00:00,104.18199920654297
2024-10-31 03:00:00+00:00,104.1449966430664
2024-10-31 04:00:00+00:00,104.13800048828125
2024-10-31 05:00:00+00:00,104.10199737548828
2024-10-31 06:00:00+00:00,104.0199966430664
2024-10-31 07:00:00+00:00,103.96199798583984
2024-10-31 08:00:00+00:00,104.01100158691406
2024-10-31 09:00:00+00:00,103.96199798583984
2024-10-31 10:00:00+00:00,103.95999908447266
2024-10-31 11:00:00+00:00,103.98100280761719
2024-10-31 12:00:00+00:00,103.90399932861328
2024-10-31 13:00:00+00:00,104.08899688720703
2024-10-31 14:00:00+00:00,104.05899810791016
2024-10-31 15:00:00+00:00,104.14299774169922
2024-10-31 16:00:00+00:00,104.125
2024-10-31 17:00:00+00:00,104.0790023803711
2024-10-31 18:00:00+00:00,103.97599792480469
2024-10-31 19:00:00+00:00,103.91799926757812
2024-10-31 20:00:00+00:00,103.89199829101562
2024-10-31 21:00:00+00:00,103.9010009765625
2024-10-31 22:00:00+00:00,103.89099884033203
2024-10-31 23:00:00+00:00,103.88800048828125
2024-11-01 00:00:00+00:00,103.8740005493164
2024-11-01 01:00:00+00:00,103.9209976196289
2024-11-01 02:00:00+00:00,103.9520034790039
2024-11-01 03:00:00+00:00,103.97200012207031
2024-11-01 04:00:00+00:00,103.9729995727539
2024-11-01 05:00:00+00:00,104.0260009765625
2024-11-01 06:00:00+00:00,103.99800109863281
2024-11-01 07:00:00+00:00,104.06500244140625
2024-11-01 08:00:00+00:00,104.09700012207031
2024-11-01 09:00:00+00:00,104.12899780273438
2024-11-01 10:00:00+00:00,104.10600280761719
2024-11-01 11:00:00+00:00,104.0479965209961
2024-11-01 12:00:00+00:00,103.82499694824219
2024-11-01 13:00:00+00:00,103.95899963378906
2024-11-01 14:00:00+00:00,104.10600280761719
2024-11-01 15:00:00+00:00,104.16899871826172
2024-11-01 16:00:00+00:00,104.15399932861328
2024-11-01 17:00:00+00:00,104.29100036621094
2024-11-01 18:00:00+00:00,104.28199768066406
2024-11-01 19:00:00+00:00,104.30999755859375
2024-11-01 20:00:00+00:00,104.31700134277344
2024-11-03 22:00:00+00:00,104.31700134277344
2024-11-03 23:00:00+00:00,103.94999694824219
2024-11-04 00:00:00+00:00,103.88899993896484
2024-11-04 01:00:00+00:00,103.77200317382812
2024-11-04 02:00:00+00:00,103.73100280761719
2024-11-04 03:00:00+00:00,103.65799713134766
2024-11-04 04:00:00+00:00,103.70500183105469
2024-11-04 05:00:00+00:00,103.69400024414062
2024-11-04 06:00:00+00:00,103.7750015258789
2024-11-04 07:00:00+00:00,103.81600189208984
2024-11-04 08:00:00+00:00,103.78900146484375
2024-11-04 09:00:00+00:00,103.73699951171875
2024-11-04 10:00:00+00:00,103.70600128173828
2024-11-04 11:00:00+00:00,103.58000183105469
2024-11-04 12:00:00+00:00,103.67900085449219
2024-11-04 13:00:00+00:00,103.67500305175781
2024-11-04 14:00:00+00:00,103.69100189208984
2024-11-04 15:00:00+00:00,103.70700073242188
2024-11-04 16:00:00+00:00,103.84700012207031
2024-11-04 17:00:00+00:00,103.80000305175781
2024-11-04 18:00:00+00:00,103.83200073242188
2024-11-04 19:00:00+00:00,103.88500213623047
2024-11-04 20:00:00+00:00,103.90699768066406
2024-11-04 21:00:00+00:00,103.8949966430664
2024-11-04 22:00:00+00:00,103.87999725341797
2024-11-04 23:00:00+00:00,103.88099670410156
2024-11-05 00:00:00+00:00,103.91300201416016
2024-11-05 01:00:00+00:00,103.90399932861328
2024-11-05 02:00:00+00:00,103.90299987792969
2024-11-05 03:00:00+00:00,103.92900085449219
2024-11-05 04:00:00+00:00,103.94300079345703
2024-11-05 05:00:00+00:00,103.90699768066406
2024-11-05 06:00:00+00:00,103.875
2024-11-05 07:00:00+00:00,103.80699920654297
2024-11-05 08:00:00+00:00,103.76200103759766
2024-11-05 09:00:00+00:00,103.75900268554688
2024-11-05 10:00:00+00:00,103.75800323486328
2024-11-05 11:00:00+00:00,103.70500183105469
2024-11-05 12:00:00+00:00,103.7509994506836
2024-11-05 13:00:00+00:00,103.75199890136719
2024-11-05 14:00:00+00:00,103.62799835205078
2024-11-05 15:00:00+00:00,103.66799926757812
2024-11-05 16:00:00+00:00,103.5459976196289
2024-11-05 17:00:00+00:00,103.43900299072266
2024-11-05 18:00:00+00:00,103.43499755859375
2024-11-05 19:00:00+00:00,103.4229965209961
2024-11-05 20:00:00+00:00,103.45500183105469
2024-11-05 21:00:00+00:00,103.40799713134766
2024-11-05 22:00:00+00:00,103.44499969482422
2024-11-05 23:00:00+00:00,103.45099639892578
2024-11-06 00:00:00+00:00,104.21600341796875
2024-11-06 01:00:00+00:00,104.20700073242188
2024-11-06 02:00:00+00:00,104.8550033569336
2024-11-06 03:00:00+00:00,104.9739990234375
2024-11-06 04:00:00+00:00,104.74299621582031
2024-11-06 05:00:00+00:00,104.85399627685547
2024-11-06 06:00:00+00:00,105.12799835205078
2024-11-06 07:00:00+00:00,105.06700134277344
2024-11-06 08:00:00+00:00,104.74500274658203
2024-11-06 09:00:00+00:00,104.88999938964844
2024-11-06 10:00:00+00:00,104.94000244140625
2024-11-06 11:00:00+00:00,105.26399993896484
2024-11-06 12:00:00+00:00,105.39099884033203
2024-11-06 13:00:00+00:00,105.26399993896484
2024-11-06 14:00:00+00:00,105.23400115966797
2024-11-06 15:00:00+00:00,105.05500030517578
2024-11-06 16:00:00+00:00,105.11199951171875
2024-11-06 17:00:00+00:00,105.16000366210938
2024-11-06 18:00:00+00:00,104.95700073242188
2024-11-06 19:00:00+00:00,105.08799743652344
2024-11-06 20:00:00+00:00,105.10600280761719
2024-11-06 21:00:00+00:00,105.15699768066406
2024-11-06 22:00:00+00:00,105.14700317382812
2024-11-06 23:00:00+00:00,105.11900329589844
2024-11-07 00:00:00+00:00,105.19999694824219
2024-11-07 01:00:00+00:00,105.197998046875
2024-11-07 02:00:00+00:00,105.02899932861328
2024-11-07 03:00:00+00:00,104.98200225830078
2024-11-07 04:00:00+00:00,104.98300170898438
2024-11-07 05:00:00+00:00,104.91400146484375
2024-11-07 06:00:00+00:00,104.86699676513672
2024-11-07 07:00:00+00:00,104.86799621582031
2024-11-07 08:00:00+00:00,104.76599884033203
2024-11-07 09:00:00+00:00,104.91500091552734
2024-11-07 10:00:00+00:00,104.86199951171875
2024-11-07 11:00:00+00:00,104.86100006103516
2024-11-07 12:00:00+00:00,104.66999816894531
2024-11-07 13:00:00+00:00,104.51599884033203
2024-11-07 14:00:00+00:00,104.33699798583984
2024-11-07 15:00:00+00:00,104.28700256347656
2024-11-07 16:00:00+00:00,104.44000244140625
2024-11-07 17:00:00+00:00,104.3290023803711
2024-11-07 18:00:00+00:00,104.40299987792969
2024-11-07 19:00:00+00:00,104.50800323486328
2024-11-07 20:00:00+00:00,104.33499908447266
2024-11-07 21:00:00+00:00,104.33999633789062
2024-11-07 22:00:00+00:00,104.33399963378906
2024-11-07 23:00:00+00:00,104.36000061035156
2024-11-08 00:00:00+00:00,104.45700073242188
2024-11-08 01:00:00+00:00,104.47799682617188
2024-11-08 02:00:00+00:00,104.52999877929688
2024-11-08 03:00:00+00:00,104.52400207519531
2024-11-08 04:00:00+00:00,104.48400115966797
2024-11-08 05:00:00+00:00,104.49099731445312
2024-11-08 06:00:00+00:00,104.51499938964844
2024-11-08 07:00:00+00:00,104.49700164794922
2024-11-08 08:00:00+00:00,104.48500061035156
2024-11-08 09:00:00+00:00,104.4739990234375
2024-11-08 10:00:00+00:00,104.46299743652344
2024-11-08 11:00:00+00:00,104.45999908447266
2024-11-08 12:00:00+00:00,104.56199645996094
2024-11-08 13:00:00+00:00,104.7300033569336
2024-11-08 14:00:00+00:00,104.7229995727539
2024-11-08 15:00:00+00:00,104.72799682617188
2024-11-08 16:00:00+00:00,105.02999877929688
2024-11-08 17:00:00+00:00,105.05000305175781
2024-11-08 18:00:00+00:00,105.05599975585938
2024-11-08 19:00:00+00:00,104.99700164794922
2024-11-08 20:00:00+00:00,104.947998046875
2024-11-08 21:00:00+00:00,104.9540023803711
2024-11-10 22:00:00+00:00,104.95099639892578
2024-11-10 23:00:00+00:00,105.01599884033203
2024-11-11 00:00:00+00:00,105.02200317382812
2024-11-11 01:00:00+00:00,105.00900268554688
2024-11-11 02:00:00+00:00,105.01000213623047
2024-11-11 03:00:00+00:00,105.05899810791016
2024-11-11 04:00:00+00:00,105.0979995727539
2024-11-11 05:00:00+00:00,105.05999755859375
2024-11-11 06:00:00+00:00,105.0199966430664
2024-11-11 07:00:00+00:00,105.26699829101562
2024-11-11 08:00:00+00:00,105.2979965209961
2024-11-11 09:00:00+00:00,105.31300354003906
2024-11-11 10:00:00+00:00,105.4020004272461
2024-11-11 11:00:00+00:00,105.45700073242188
2024-11-11 12:00:00+00:00,105.53500366210938
2024-11-11 13:00:00+00:00,105.58200073242188
2024-11-11 14:00:00+00:00,105.60399627685547
2024-11-11 15:00:00+00:00,105.56900024414062
2024-11-11 16:00:00+00:00,105.52799987792969
2024-11-11 17:00:00+00:00,105.55999755859375
2024-11-11 18:00:00+00:00,105.5459976196289
2024-11-11 19:00:00+00:00,105.54299926757812
2024-11-11 20:00:00+00:00,105.49800109863281
2024-11-11 21:00:00+00:00,105.50299835205078
2024-11-11 22:00:00+00:00,105.49600219726562
2024-11-11 23:00:00+00:00,105.51899719238281
2024-11-12 00:00:00+00:00,105.49400329589844
2024-11-12 01:00:00+00:00,105.58599853515625
2024-11-12 02:00:00+00:00,105.61699676513672
2024-11-12 03:00:00+00:00,105.6510009765625
2024-11-12 04:00:00+00:00,105.59700012207031
2024-11-12 05:00:00+00:00,105.64600372314453
2024-11-12 06:00:00+00:00,105.7040023803711
2024-11-12 07:00:00+00:00,105.73500061035156
2024-11-12 08:00:00+00:00,105.74199676513672
2024-11-12 09:00:00+00:00,105.80000305175781
2024-11-12 10:00:00+00:00,105.8550033569336
2024-11-12 11:00:00+00:00,105.83499908447266
2024-11-12 12:00:00+00:00,105.80899810791016
2024-11-12 13:00:00+00:00,105.8219985961914
2024-11-12 14:00:00+00:00,105.90399932861328
2024-11-12 15:00:00+00:00,105.9990005493164
2024-11-12 16:00:00+00:00,106.13099670410156
2024-11-12 17:00:00+00:00,106.0770034790039
2024-11-12 18:00:00+00:00,105.99500274658203
2024-11-12 19:00:00+00:00,106.02400207519531
2024-11-12 20:00:00+00:00,105.92500305175781
2024-11-12 21:00:00+00:00,105.93000030517578
2024-11-12 22:00:00+00:00,105.93699645996094
2024-11-12 23:00:00+00:00,105.96299743652344
2024-11-13 00:00:00+00:00,106.04499816894531
2024-11-13 01:00:00+00:00,105.9010009765625
2024-11-13 02:00:00+00:00,105.9229965209961
2024-11-13 03:00:00+00:00,105.98600006103516
2024-11-13 04:00:00+00:00,105.99199676513672
2024-11-13 05:00:00+00:00,106.03800201416016
2024-11-13 06:00:00+00:00,106.05400085449219
2024-11-13 07:00:00+00:00,106.13600158691406
2024-11-13 08:00:00+00:00,106.052001953125
2024-11-13 09:00:00+00:00,105.93399810791016
2024-11-13 10:00:00+00:00,106.04100036621094
2024-11-13 11:00:00+00:00,105.86299896240234
2024-11-13 12:00:00+00:00,105.9229965209961
2024-11-13 13:00:00+00:00,105.83599853515625
2024-11-13 14:00:00+00:00,106.27100372314453
2024-11-13 15:00:00+00:00,106.23899841308594
2024-11-13 16:00:00+00:00,106.44000244140625
2024-11-13 17:00:00+00:00,106.43499755859375
2024-11-13 18:00:00+00:00,106.5199966430664
2024-11-13 19:00:00+00:00,106.48100280761719
2024-11-13 20:00:00+00:00,106.51399993896484
2024-11-13 21:00:00+00:00,106.48500061035156
2024-11-13 22:00:00+00:00,106.48100280761719
2024-11-13 23:00:00+00:00,106.48300170898438
2024-11-14 00:00:00+00:00,106.49400329589844
2024-11-14 01:00:00+00:00,106.58599853515625
2024-11-14 02:00:00+00:00,106.65799713134766
2024-11-14 03:00:00+00:00,106.66799926757812
2024-11-14 04:00:00+00:00,106.6719970703125
2024-11-14 05:00:00+00:00,106.67500305175781
2024-11-14 06:00:00+00:00,106.68399810791016
2024-11-14 07:00:00+00:00,106.62200164794922
2024-11-14 08:00:00+00:00,106.74600219726562
2024-11-14 09:00:00+00:00,106.88899993896484
2024-11-14 10:00:00+00:00,106.96099853515625
2024-11-14 11:00:00+00:00,106.81500244140625
2024-11-14 12:00:00+00:00,106.77100372314453
2024-11-14 13:00:00+00:00,106.8239974975586
2024-11-14 14:00:00+00:00,106.62899780273438
2024-11-14 15:00:00+00:00,106.46800231933594
2024-11-14 16:00:00+00:00,106.56400299072266
2024-11-14 17:00:00+00:00,106.55899810791016
2024-11-14 18:00:00+00:00,106.6760025024414
2024-11-14 19:00:00+00:00,106.6729965209961
2024-11-14 20:00:00+00:00,106.93499755859375
2024-11-14 21:00:00+00:00,106.86499786376953
2024-11-14 22:00:00+00:00,106.86100006103516
2024-11-14 23:00:00+00:00,106.86699676513672
2024-11-15 00:00:00+00:00,106.9000015258789
2024-11-15 01:00:00+00:00,106.88300323486328
2024-11-15 02:00:00+00:00,106.78900146484375
2024-11-15 03:00:00+00:00,106.80799865722656
2024-11-15 04:00:00+00:00,106.77799987792969
2024-11-15 05:00:00+00:00,106.80599975585938
2024-11-15 06:00:00+00:00,106.66699981689453
2024-11-15 07:00:00+00:00,106.64299774169922
2024-11-15 08:00:00+00:00,106.52899932861328
2024-11-15 09:00:00+00:00,106.58499908447266
2024-11-15 10:00:00+00:00,106.46700286865234
2024-11-15 11:00:00+00:00,106.4520034790039
2024-11-15 12:00:00+00:00,106.46199798583984
2024-11-15 13:00:00+00:00,106.61000061035156
2024-11-15 14:00:00+00:00,106.82599639892578
2024-11-15 15:00:00+00:00,106.75199890136719
2024-11-15 16:00:00+00:00,106.61599731445312
2024-11-15 17:00:00+00:00,106.59600067138672
2024-11-15 18:00:00+00:00,106.5469970703125
2024-11-15 19:00:00+00:00,106.68699645996094
2024-11-15 20:00:00+00:00,106.76300048828125
2024-11-15 21:00:00+00:00,106.6719970703125
2024-11-17 22:00:00+00:00,106.6719970703125
2024-11-17 23:00:00+00:00,106.73200225830078
2024-11-18 00:00:00+00:00,106.58000183105469
2024-11-18 01:00:00+00:00,106.65699768066406
2024-11-18 02:00:00+00:00,106.6760025024414
2024-11-18 03:00:00+00:00,106.73200225830078
2024-11-18 04:00:00+00:00,106.66500091552734
2024-11-18 05:00:00+00:00,106.6969985961914
2024-11-18 06:00:00+00:00,106.65799713134766
2024-11-18 07:00:00+00:00,106.64700317382812
2024-11-18 08:00:00+00:00,106.7030029296875
2024-11-18 09:00:00+00:00,106.54299926757812
2024-11-18 10:00:00+00:00,106.68399810791016
2024-11-18 11:00:00+00:00,106.74700164794922
2024-11-18 12:00:00+00:00,106.7239990234375
2024-11-18 13:00:00+00:00,106.55000305175781
2024-11-18 14:00:00+00:00,106.51300048828125
2024-11-18 15:00:00+00:00,106.47799682617188
2024-11-18 16:00:00+00:00,106.34200286865234
2024-11-18 17:00:00+00:00,106.2750015258789
2024-11-18 18:00:00+00:00,106.20700073242188
2024-11-18 19:00:00+00:00,106.2750015258789
2024-11-18 20:00:00+00:00,106.23699951171875
2024-11-18 21:00:00+00:00,106.20500183105469
2024-11-18 22:00:00+00:00,106.20999908447266
2024-11-18 23:00:00+00:00,106.23400115966797
2024-11-19 00:00:00+00:00,106.25399780273438
2024-11-19 01:00:00+00:00,106.19400024414062
2024-11-19 02:00:00+00:00,106.20800018310547
2024-11-19 03:00:00+00:00,106.16300201416016
2024-11-19 04:00:00+00:00,106.26899719238281
2024-11-19 05:00:00+00:00,106.29100036621094
2024-11-19 06:00:00+00:00,106.2249984741211
2024-11-19 07:00:00+00:00,106.33699798583984
2024-11-19 08:00:00+00:00,106.31600189208984
2024-11-19 09:00:00+00:00,106.49500274658203
2024-11-19 10:00:00+00:00,106.41300201416016
2024-11-19 11:00:00+00:00,106.44499969482422
2024-11-19 12:00:00+00:00,106.3499984741211
2024-11-19 13:00:00+00:00,106.26000213623047
2024-11-19 14:00:00+00:00,106.33999633789062
2024-11-19 15:00:00+00:00,106.2030029296875
2024-11-19 16:00:00+00:00,106.29499816894531
2024-11-19 17:00:00+00:00,106.302001953125
2024-11-19 18:00:00+00:00,106.22599792480469
2024-11-19 19:00:00+00:00,106.20600128173828
2024-11-19 20:00:00+00:00,106.2020034790039
2024-11-19 21:00:00+00:00,106.177001953125
2024-11-19 22:00:00+00:00,106.18299865722656
2024-11-19 23:00:00+00:00,106.1520004272461
2024-11-20 00:00:00+00:00,106.17900085449219
2024-11-20 01:00:00+00:00,106.16100311279297
2024-11-20 02:00:00+00:00,106.19599914550781
2024-11-20 03:00:00+00:00,106.25499725341797
2024-11-20 04:00:00+00:00,106.23200225830078
2024-11-20 05:00:00+00:00,106.28700256347656
2024-11-20 06:00:00+00:00,106.29499816894531
2024-11-20 07:00:00+00:00,106.38400268554688
2024-11-20 08:00:00+00:00,106.49400329589844
2024-11-20 09:00:00+00:00,106.5790023803711
2024-11-20 10:00:00+00:00,106.6449966430664
2024-11-20 11:00:00+00:00,106.61599731445312
2024-11-20 12:00:00+00:00,106.55999755859375
2024-11-20 13:00:00+00:00,106.5790023803711
2024-11-20 14:00:00+00:00,106.81300354003906
2024-11-20 15:00:00+00:00,106.81999969482422
2024-11-20 16:00:00+00:00,106.81900024414062
2024-11-20 17:00:00+00:00,106.70500183105469
2024-11-20 18:00:00+00:00,106.6989974975586
2024-11-20 19:00:00+00:00,106.68000030517578
2024-11-20 20:00:00+00:00,106.69100189208984
2024-11-20 21:00:00+00:00,106.64800262451172
2024-11-20 22:00:00+00:00,106.64600372314453
2024-11-20 23:00:00+00:00,106.63500213623047
2024-11-21 00:00:00+00:00,106.59100341796875
2024-11-21 01:00:00+00:00,106.58799743652344
2024-11-21 02:00:00+00:00,106.55500030517578
2024-11-21 03:00:00+00:00,106.52100372314453
2024-11-21 04:00:00+00:00,106.54499816894531
2024-11-21 05:00:00+00:00,106.59700012207031
2024-11-21 06:00:00+00:00,106.55899810791016
2024-11-21 07:00:00+00:00,106.63800048828125
2024-11-21 08:00:00+00:00,106.55400085449219
2024-11-21 09:00:00+00:00,106.72899627685547
2024-11-21 10:00:00+00:00,106.7040023803711
2024-11-21 11:00:00+00:00,106.70800018310547
2024-11-21 12:00:00+00:00,106.6500015258789
2024-11-21 13:00:00+00:00,106.58599853515625
2024-11-21 14:00:00+00:00,106.56199645996094
2024-11-21 15:00:00+00:00,106.75700378417969
2024-11-21 16:00:00+00:00,107.06900024414062
2024-11-21 17:00:00+00:00,106.94400024414062
2024-11-21 18:00:00+00:00,106.95999908447266
2024-11-21 19:00:00+00:00,106.97200012207031
2024-11-21 20:00:00+00:00,107.0199966430664
2024-11-21 21:00:00+00:00,107.05899810791016
2024-11-21 22:00:00+00:00,107.04499816894531
2024-11-21 23:00:00+00:00,107.03199768066406
2024-11-22 00:00:00+00:00,107.02799987792969
2024-11-22 01:00:00+00:00,107.05999755859375
2024-11-22 02:00:00+00:00,107.0510025024414
2024-11-22 03:00:00+00:00,107.02799987792969
2024-11-22 04:00:00+00:00,107.05000305175781
2024-11-22 05:00:00+00:00,107.16899871826172
2024-11-22 06:00:00+00:00,107.1500015258789
2024-11-22 07:00:00+00:00,107.01300048828125
2024-11-22 08:00:00+00:00,107.28299713134766
2024-11-22 09:00:00+00:00,107.61100006103516
2024-11-22 10:00:00+00:00,107.36900329589844
2024-11-22 11:00:00+00:00,107.49299621582031
2024-11-22 12:00:00+00:00,107.57099914550781
2024-11-22 13:00:00+00:00,107.39900207519531
2024-11-22 14:00:00+00:00,107.63800048828125
2024-11-22 15:00:00+00:00,107.56500244140625
2024-11-22 16:00:00+00:00,107.64700317382812
2024-11-22 17:00:00+00:00,107.48799896240234
2024-11-22 18:00:00+00:00,107.51100158691406
2024-11-22 19:00:00+00:00,107.55400085449219
2024-11-22 20:00:00+00:00,107.5270004272461
2024-11-22 21:00:00+00:00,107.48999786376953
2024-11-24 22:00:00+00:00,107.48999786376953
2024-11-24 23:00:00+00:00,106.98400115966797
2024-11-25 00:00:00+00:00,106.92400360107422
2024-11-25 01:00:00+00:00,106.91400146484375
2024-11-25 02:00:00+00:00,106.8479995727539
2024-11-25 03:00:00+00:00,106.93499755859375
2024-11-25 04:00:00+00:00,106.95500183105469
2024-11-25 05:00:00+00:00,106.96700286865234
2024-11-25 06:00:00+00:00,106.9219970703125
2024-11-25 07:00:00+00:00,107.20800018310547
2024-11-25 08:00:00+00:00,107.14199829101562
2024-11-25 09:00:00+00:00,106.93900299072266
2024-11-25 10:00:00+00:00,106.9540023803711
2024-11-25 11:00:00+00:00,107.03399658203125
2024-11-25 12:00:00+00:00,106.9229965209961
2024-11-25 13:00:00+00:00,106.59500122070312
2024-11-25 14:00:00+00:00,106.7490005493164
2024-11-25 15:00:00+00:00,106.98600006103516
2024-11-25 16:00:00+00:00,107.0479965209961
2024-11-25 17:00:00+00:00,106.98999786376953
2024-11-25 18:00:00+00:00,106.79900360107422
2024-11-25 19:00:00+00:00,106.81700134277344
2024-11-25 20:00:00+00:00,106.91100311279297
2024-11-25 21:00:00+00:00,106.89700317382812
2024-11-25 22:00:00+00:00,106.88899993896484
2024-11-25 23:00:00+00:00,106.83200073242188
2024-11-26 00:00:00+00:00,107.45899963378906
2024-11-26 01:00:00+00:00,107.31099700927734
2024-11-26 02:00:00+00:00,107.23100280761719
2024-11-26 03:00:00+00:00,107.06900024414062
2024-11-26 04:00:00+00:00,107.06999969482422
2024-11-26 05:00:00+00:00,107.09100341796875
2024-11-26 06:00:00+00:00,107.12100219726562
2024-11-26 07:00:00+00:00,107.15399932861328
2024-11-26 08:00:00+00:00,107.0199966430664
2024-11-26 09:00:00+00:00,106.87699890136719
2024-11-26 10:00:00+00:00,106.76699829101562
2024-11-26 11:00:00+00:00,106.7969970703125
2024-11-26 12:00:00+00:00,106.65899658203125
2024-11-26 13:00:00+00:00,106.86000061035156
2024-11-26 14:00:00+00:00,106.84600067138672
2024-11-26 15:00:00+00:00,106.99500274658203
2024-11-26 16:00:00+00:00,107.01000213623047
2024-11-26 17:00:00+00:00,107.0770034790039
2024-11-26 18:00:00+00:00,107.11499786376953
2024-11-26 19:00:00+00:00,107.01300048828125
2024-11-26 20:00:00+00:00,106.9489974975586
2024-11-26 21:00:00+00:00,106.88099670410156
2024-11-26 22:00:00+00:00,106.88999938964844
2024-11-26 23:00:00+00:00,106.875
2024-11-27 00:00:00+00:00,106.84600067138672
2024-11-27 01:00:00+00:00,106.83499908447266
2024-11-27 02:00:00+00:00,106.85199737548828
2024-11-27 03:00:00+00:00,106.85399627685547
2024-11-27 04:00:00+00:00,106.87000274658203
2024-11-27 05:00:00+00:00,106.90699768066406
2024-11-27 06:00:00+00:00,106.83499908447266
2024-11-27 07:00:00+00:00,106.67900085449219
2024-11-27 08:00:00+00:00,106.55699920654297
2024-11-27 09:00:00+00:00,106.49500274658203
2024-11-27 10:00:00+00:00,106.39700317382812
2024-11-27 11:00:00+00:00,106.4280014038086
2024-11-27 12:00:00+00:00,106.41200256347656
2024-11-27 13:00:00+00:00,106.06500244140625
2024-11-27 14:00:00+00:00,106.20600128173828
2024-11-27 15:00:00+00:00,106.02300262451172
2024-11-27 16:00:00+00:00,105.9729995727539
2024-11-27 17:00:00+00:00,105.96600341796875
2024-11-27 18:00:00+00:00,106.03900146484375
2024-11-27 19:00:00+00:00,106.08399963378906
2024-11-27 20:00:00+00:00,106.06400299072266
2024-11-27 21:00:00+00:00,106.06099700927734
2024-11-27 22:00:00+00:00,106.04199981689453
2024-11-27 23:00:00+00:00,106.02300262451172
2024-11-28 00:00:00+00:00,106.20800018310547
2024-11-28 01:00:00+00:00,106.14900207519531
2024-11-28 02:00:00+00:00,106.15299987792969
2024-11-28 03:00:00+00:00,106.21900177001953
2024-11-28 04:00:00+00:00,106.20899963378906
2024-11-29 14:30:00+00:00,106.0009994506836
2024-11-29 15:30:00+00:00,105.95999908447266
2024-11-29 16:30:00+00:00,106.08899688720703
2024-11-29 17:30:00+00:00,105.83499908447266
2024-12-01 22:00:00+00:00,105.78199768066406
2024-12-01 23:00:00+00:00,106.02300262451172
2024-12-02 00:00:00+00:00,106.1510009765625
2024-12-02 01:00:00+00:00,106.22599792480469
2024-12-02 02:00:00+00:00,106.27300262451172
2024-12-02 03:00:00+00:00,106.2750015258789
2024-12-02 04:00:00+00:00,106.27999877929688
2024-12-02 05:00:00+00:00,106.30799865722656
2024-12-02 06:00:00+00:00,106.16799926757812
2024-12-02 07:00:00+00:00,106.39099884033203
2024-12-02 08:00:00+00:00,106.38300323486328
2024-12-02 09:00:00+00:00,106.30899810791016
2024-12-02 10:00:00+00:00,106.24800109863281
2024-12-02 11:00:00+00:00,106.22699737548828
2024-12-02 12:00:00+00:00,106.41600036621094
2024-12-02 13:00:00+00:00,106.36199951171875
2024-12-02 14:00:00+00:00,106.62699890136719
2024-12-02 15:00:00+00:00,106.66999816894531
2024-12-02 16:00:00+00:00,106.5009994506836
2024-12-02 17:00:00+00:00,106.48999786376953
2024-12-02 18:00:00+00:00,106.47000122070312
2024-12-02 19:00:00+00:00,106.44599914550781
2024-12-02 20:00:00+00:00,106.38600158691406
2024-12-02 21:00:00+00:00,106.4000015258789
2024-12-02 22:00:00+00:00,106.40399932861328
2024-12-02 23:00:00+00:00,106.38200378417969
2024-12-03 00:00:00+00:00,106.4800033569336
2024-12-03 01:00:00+00:00,106.51599884033203
2024-12-03 02:00:00+00:00,106.51100158691406
2024-12-03 03:00:00+00:00,106.51899719238281
2024-12-03 04:00:00+00:00,106.56800079345703
2024-12-03 05:00:00+00:00,106.4990005493164
2024-12-03 06:00:00+00:00,106.5260009765625
2024-12-03 07:00:00+00:00,106.43800354003906
2024-12-03 08:00:00+00:00,106.20600128173828
2024-12-03 09:00:00+00:00,106.24500274658203
2024-12-03 10:00:00+00:00,106.33000183105469
2024-12-03 11:00:00+00:00,106.25199890136719
2024-12-03 12:00:00+00:00,106.37100219726562
2024-12-03 13:00:00+00:00,106.14900207519531
2024-12-03 14:00:00+00:00,106.18800354003906
2024-12-03 15:00:00+00:00,106.25599670410156
2024-12-03 16:00:00+00:00,106.23899841308594
2024-12-03 17:00:00+00:00,106.14299774169922
2024-12-03 18:00:00+00:00,106.12699890136719
2024-12-03 19:00:00+00:00,106.36499786376953
2024-12-03 20:00:00+00:00,106.33000183105469
2024-12-03 21:00:00+00:00,106.33999633789062
2024-12-03 22:00:00+00:00,106.34200286865234
2024-12-03 23:00:00+00:00,106.34200286865234
2024-12-04 00:00:00+00:00,106.4489974975586
2024-12-04 01:00:00+00:00,106.40399932861328
2024-12-04 02:00:00+00:00,106.43699645996094
2024-12-04 03:00:00+00:00,106.50199890136719
2024-12-04 04:00:00+00:00,106.3499984741211
2024-12-04 05:00:00+00:00,106.33000183105469
2024-12-04 06:00:00+00:00,106.26200103759766
2024-12-04 07:00:00+00:00,106.4020004272461
2024-12-04 08:00:00+00:00,106.54199981689453
2024-12-04 09:00:00+00:00,106.47899627685547
2024-12-04 10:00:00+00:00,106.52799987792969
2024-12-04 11:00:00+00:00,106.46499633789062
2024-12-04 12:00:00+00:00,106.60900115966797
2024-12-04 13:00:00+00:00,106.63099670410156
2024-12-04 14:00:00+00:00,106.54299926757812
2024-12-04 15:00:00+00:00,106.23100280761719
2024-12-04 16:00:00+00:00,106.21199798583984
2024-12-04 17:00:00+00:00,106.13200378417969
2024-12-04 18:00:00+00:00,106.26499938964844
2024-12-04 19:00:00+00:00,106.32099914550781
2024-12-04 20:00:00+00:00,106.3280029296875
2024-12-04 21:00:00+00:00,106.36599731445312
2024-12-04 22:00:00+00:00,106.3489990234375
2024-12-04 23:00:00+00:00,106.35399627685547
2024-12-05 00:00:00+00:00,106.30500030517578
2024-12-05 01:00:00+00:00,106.35099792480469
2024-12-05 02:00:00+00:00,106.2699966430664
2024-12-05 03:00:00+00:00,106.24500274658203
2024-12-05 04:00:00+00:00,106.30000305175781
2024-12-05 05:00:00+00:00,106.17900085449219
2024-12-05 06:00:00+00:00,106.16999816894531
2024-12-05 07:00:00+00:00,106.09700012207031
2024-12-05 08:00:00+00:00,106.16999816894531
2024-12-05 09:00:00+00:00,106.20700073242188
2024-12-05 10:00:00+00:00,106.19200134277344
2024-12-05 11:00:00+00:00,106.125
2024-12-05 12:00:00+00:00,106.14600372314453
2024-12-05 13:00:00+00:00,105.93399810791016
2024-12-05 14:00:00+00:00,105.84500122070312
2024-12-05 15:00:00+00:00,105.8489990234375
2024-12-05 16:00:00+00:00,105.85600280761719
2024-12-05 17:00:00+00:00,105.88400268554688
2024-12-05 18:00:00+00:00,105.88500213623047
2024-12-05 19:00:00+00:00,105.71399688720703
2024-12-05 20:00:00+00:00,105.74400329589844
2024-12-05 21:00:00+00:00,105.72000122070312
2024-12-05 22:00:00+00:00,105.72000122070312
2024-12-05 23:00:00+00:00,105.7249984741211
2024-12-06 00:00:00+00:00,105.8030014038086
2024-12-06 01:00:00+00:00,105.86299896240234
2024-12-06 02:00:00+00:00,105.77899932861328
2024-12-06 03:00:00+00:00,105.77899932861328
2024-12-06 04:00:00+00:00,105.80500030517578
2024-12-06 05:00:00+00:00,105.822998046875
2024-12-06 06:00:00+00:00,105.80699920654297
2024-12-06 07:00:00+00:00,105.74199676513672
2024-12-06 08:00:00+00:00,105.78500366210938
2024-12-06 09:00:00+00:00,105.83699798583984
2024-12-06 10:00:00+00:00,105.80999755859375
2024-12-06 11:00:00+00:00,105.76399993896484
2024-12-06 12:00:00+00:00,105.80699920654297
2024-12-06 13:00:00+00:00,105.5770034790039
2024-12-06 14:00:00+00:00,105.80699920654297
2024-12-06 15:00:00+00:00,105.9540023803711
2024-12-06 16:00:00+00:00,105.96700286865234
2024-12-06 17:00:00+00:00,106.08000183105469
2024-12-06 18:00:00+00:00,106.09400177001953
2024-12-06 19:00:00+00:00,106.05500030517578
2024-12-06 20:00:00+00:00,105.98600006103516
2024-12-06 21:00:00+00:00,105.97000122070312
2024-12-08 22:00:00+00:00,105.97000122070312
2024-12-08 23:00:00+00:00,105.95800018310547
2024-12-09 00:00:00+00:00,105.99800109863281
2024-12-09 01:00:00+00:00,106.05799865722656
2024-12-09 02:00:00+00:00,106.03600311279297
2024-12-09 03:00:00+00:00,106.18299865722656
2024-12-09 04:00:00+00:00,106.19200134277344
2024-12-09 05:00:00+00:00,106.19499969482422
2024-12-09 06:00:00+00:00,106.1510009765625
2024-12-09 07:00:00+00:00,105.99700164794922
2024-12-09 08:00:00+00:00,105.97699737548828
2024-12-09 09:00:00+00:00,105.9739990234375
2024-12-09 10:00:00+00:00,105.8759994506836
2024-12-09 11:00:00+00:00,105.96299743652344
2024-12-09 12:00:00+00:00,106.00399780273438
2024-12-09 13:00:00+00:00,105.91300201416016
2024-12-09 14:00:00+00:00,105.91400146484375
2024-12-09 15:00:00+00:00,105.81500244140625
2024-12-09 16:00:00+00:00,105.99099731445312
2024-12-09 17:00:00+00:00,106.04199981689453
2024-12-09 18:00:00+00:00,106.06500244140625
2024-12-09 19:00:00+00:00,106.1449966430664
2024-12-09 20:00:00+00:00,106.18199920654297
2024-12-09 21:00:00+00:00,106.15899658203125
2024-12-09 22:00:00+00:00,106.15399932861328
2024-12-09 23:00:00+00:00,106.1719970703125
2024-12-10 00:00:00+00:00,106.18900299072266
2024-12-10 01:00:00+00:00,106.177001953125
2024-12-10 02:00:00+00:00,106.1729965209961
2024-12-10 03:00:00+00:00,106.13899993896484
2024-12-10 04:00:00+00:00,106.13300323486328
2024-12-10 05:00:00+00:00,106.0739974975586
2024-12-10 06:00:00+00:00,106.06500244140625
2024-12-10 07:00:00+00:00,106.25700378417969
2024-12-10 08:00:00+00:00,106.32499694824219
2024-12-10 09:00:00+00:00,106.3479995727539
2024-12-10 10:00:00+00:00,106.3479995727539
2024-12-10 11:00:00+00:00,106.34200286865234
2024-12-10 12:00:00+00:00,106.3550033569336
2024-12-10 13:00:00+00:00,106.40399932861328
2024-12-10 14:00:00+00:00,106.45099639892578
2024-12-10 15:00:00+00:00,106.59200286865234
2024-12-10 16:00:00+00:00,106.51699829101562
2024-12-10 17:00:00+00:00,106.55000305175781
2024-12-10 18:00:00+00:00,106.40299987792969
2024-12-10 19:00:00+00:00,106.39900207519531
2024-12-10 20:00:00+00:00,106.40699768066406
2024-12-10 21:00:00+00:00,106.41000366210938
2024-12-10 22:00:00+00:00,106.39700317382812
2024-12-10 23:00:00+00:00,106.37899780273438
2024-12-11 00:00:00+00:00,106.36799621582031
2024-12-11 01:00:00+00:00,106.32099914550781
2024-12-11 02:00:00+00:00,106.27999877929688
2024-12-11 03:00:00+00:00,106.35099792480469
2024-12-11 04:00:00+00:00,106.37899780273438
2024-12-11 05:00:00+00:00,106.40699768066406
2024-12-11 06:00:00+00:00,106.39600372314453
2024-12-11 07:00:00+00:00,106.66799926757812
2024-12-11 08:00:00+00:00,106.54199981689453
2024-12-11 09:00:00+00:00,106.69400024414062
2024-12-11 10:00:00+00:00,106.73100280761719
2024-12-11 11:00:00+00:00,106.64600372314453
2024-12-11 12:00:00+00:00,106.6510009765625
2024-12-11 13:00:00+00:00,106.43099975585938
2024-12-11 14:00:00+00:00,106.56400299072266
2024-12-11 15:00:00+00:00,106.68199920654297
2024-12-11 16:00:00+00:00,106.52899932861328
2024-12-11 17:00:00+00:00,106.72200012207031
2024-12-11 18:00:00+00:00,106.7760009765625
2024-12-11 19:00:00+00:00,106.70999908447266
2024-12-11 20:00:00+00:00,106.69400024414062
2024-12-11 21:00:00+00:00,106.65399932861328
2024-12-11 22:00:00+00:00,106.63999938964844
2024-12-11 23:00:00+00:00,106.62000274658203
2024-12-12 00:00:00+00:00,106.53800201416016
2024-12-12 01:00:00+00:00,106.51300048828125
2024-12-12 02:00:00+00:00,106.56800079345703
2024-12-12 03:00:00+00:00,106.55500030517578
2024-12-12 04:00:00+00:00,106.51899719238281
2024-12-12 05:00:00+00:00,106.55899810791016
2024-12-12 06:00:00+00:00,106.50399780273438
2024-12-12 07:00:00+00:00,106.50399780273438
2024-12-12 08:00:00+00:00,106.55999755859375
2024-12-12 09:00:00+00:00,106.55799865722656
2024-12-12 10:00:00+00:00,106.64199829101562
2024-12-12 11:00:00+00:00,106.5999984741211
2024-12-12 12:00:00+00:00,106.71800231933594
2024-12-12 13:00:00+00:00,106.71800231933594
2024-12-12 14:00:00+00:00,106.5250015258789
2024-12-12 15:00:00+00:00,106.87699890136719
2024-12-12 16:00:00+00:00,106.58100128173828
2024-12-12 17:00:00+00:00,106.70600128173828
2024-12-12 18:00:00+00:00,106.86100006103516
2024-12-12 19:00:00+00:00,106.95600128173828
2024-12-12 20:00:00+00:00,107.02400207519531
2024-12-12 21:00:00+00:00,107.01200103759766
2024-12-12 22:00:00+00:00,106.98100280761719
2024-12-12 23:00:00+00:00,107.00599670410156
2024-12-13 00:00:00+00:00,106.94499969482422
2024-12-13 01:00:00+00:00,107.05699920654297
2024-12-13 02:00:00+00:00,107.10600280761719
2024-12-13 03:00:00+00:00,107.11199951171875
2024-12-13 04:00:00+00:00,107.09100341796875
2024-12-13 05:00:00+00:00,107.06900024414062
2024-12-13 06:00:00+00:00,107.04499816894531
2024-12-13 07:00:00+00:00,107.13200378417969
2024-12-13 08:00:00+00:00,107.10199737548828
2024-12-13 09:00:00+00:00,107.00599670410156
2024-12-13 10:00:00+00:00,106.99500274658203
2024-12-13 11:00:00+00:00,106.98999786376953
2024-12-13 12:00:00+00:00,106.78600311279297
2024-12-13 13:00:00+00:00,106.79299926757812
2024-12-13 14:00:00+00:00,106.99500274658203
2024-12-13 15:00:00+00:00,107.04100036621094
2024-12-13 16:00:00+00:00,106.98500061035156
2024-12-13 17:00:00+00:00,106.98500061035156
2024-12-13 18:00:00+00:00,106.98699951171875
2024-12-13 19:00:00+00:00,107.00299835205078
2024-12-13 20:00:00+00:00,106.98600006103516
2024-12-13 21:00:00+00:00,106.94499969482422
2024-12-15 22:00:00+00:00,106.94499969482422
2024-12-15 23:00:00+00:00,106.88300323486328
2024-12-16 00:00:00+00:00,106.87100219726562
2024-12-16 01:00:00+00:00,106.84100341796875
2024-12-16 02:00:00+00:00,106.88800048828125
2024-12-16 03:00:00+00:00,106.88500213623047
2024-12-16 04:00:00+00:00,106.84300231933594
2024-12-16 05:00:00+00:00,106.81199645996094
2024-12-16 06:00:00+00:00,106.8550033569336
2024-12-16 07:00:00+00:00,106.8949966430664
2024-12-16 08:00:00+00:00,106.88300323486328
2024-12-16 09:00:00+00:00,106.9010009765625
2024-12-16 10:00:00+00:00,107.02300262451172
2024-12-16 11:00:00+00:00,106.9990005493164
2024-12-16 12:00:00+00:00,107.00800323486328
2024-12-16 13:00:00+00:00,106.89399719238281
2024-12-16 14:00:00+00:00,107.0999984741211
2024-12-16 15:00:00+00:00,106.86599731445312
2024-12-16 16:00:00+00:00,106.84700012207031
2024-12-16 17:00:00+00:00,106.84500122070312
2024-12-16 18:00:00+00:00,106.76599884033203
2024-12-16 19:00:00+00:00,106.85800170898438
2024-12-16 20:00:00+00:00,106.875
2024-12-16 21:00:00+00:00,106.85299682617188
2024-12-16 22:00:00+00:00,106.86000061035156
2024-12-16 23:00:00+00:00,106.86100006103516
2024-12-17 00:00:00+00:00,106.72799682617188
2024-12-17 01:00:00+00:00,106.77400207519531
2024-12-17 02:00:00+00:00,106.80400085449219
2024-12-17 03:00:00+00:00,106.85199737548828
2024-12-17 04:00:00+00:00,106.88899993896484
2024-12-17 05:00:00+00:00,106.92500305175781
2024-12-17 06:00:00+00:00,106.94599914550781
2024-12-17 07:00:00+00:00,106.9520034790039
2024-12-17 08:00:00+00:00,106.99700164794922
2024-12-17 09:00:00+00:00,107.0250015258789
2024-12-17 10:00:00+00:00,107.00700378417969
2024-12-17 11:00:00+00:00,106.98699951171875
2024-12-17 12:00:00+00:00,106.91899871826172
2024-12-17 13:00:00+00:00,106.88200378417969
2024-12-17 14:00:00+00:00,106.89700317382812
2024-12-17 15:00:00+00:00,106.91100311279297
2024-12-17 16:00:00+00:00,106.8499984741211
2024-12-17 17:00:00+00:00,106.86000061035156
2024-12-17 18:00:00+00:00,106.91400146484375
2024-12-17 19:00:00+00:00,106.95600128173828
2024-12-17 20:00:00+00:00,106.97799682617188
2024-12-17 21:00:00+00:00,106.9540023803711
2024-12-17 22:00:00+00:00,106.93499755859375
2024-12-17 23:00:00+00:00,106.93900299072266
2024-12-18 00:00:00+00:00,106.91999816894531
2024-12-18 01:00:00+00:00,106.89299774169922
2024-12-18 02:00:00+00:00,106.9260025024414
2024-12-18 03:00:00+00:00,106.93900299072266
2024-12-18 04:00:00+00:00,106.89299774169922
2024-12-18 05:00:00+00:00,106.89099884033203
2024-12-18 06:00:00+00:00,106.8290023803711
2024-12-18 07:00:00+00:00,106.95600128173828
2024-12-18 08:00:00+00:00,106.97799682617188
2024-12-18 09:00:00+00:00,106.98699951171875
2024-12-18 10:00:00+00:00,106.91699981689453
2024-12-18 11:00:00+00:00,106.9540023803711
2024-12-18 12:00:00+00:00,106.99700164794922
2024-12-18 13:00:00+00:00,107.00199890136719
2024-12-18 14:00:00+00:00,106.9540023803711
2024-12-18 15:00:00+00:00,107.13700103759766
2024-12-18 16:00:00+00:00,107.1780014038086
2024-12-18 17:00:00+00:00,107.10299682617188
2024-12-18 18:00:00+00:00,107.00399780273438
2024-12-18 19:00:00+00:00,108.0270004272461
2024-12-18 20:00:00+00:00,108.13500213623047
2024-12-18 21:00:00+00:00,108.2490005493164
2024-12-18 22:00:00+00:00,108.25199890136719
2024-12-18 23:00:00+00:00,108.2020034790039
2024-12-19 00:00:00+00:00,108.10399627685547
2024-12-19 01:00:00+00:00,108.02799987792969
2024-12-19 02:00:00+00:00,107.99099731445312
2024-12-19 03:00:00+00:00,108.08799743652344
2024-12-19 04:00:00+00:00,108.09600067138672
2024-12-19 05:00:00+00:00,108.06400299072266
2024-12-19 06:00:00+00:00,108.10700225830078
2024-12-19 07:00:00+00:00,108.03800201416016
2024-12-19 08:00:00+00:00,107.94400024414062
2024-12-19 09:00:00+00:00,107.90399932861328
2024-12-19 10:00:00+00:00,107.95600128173828
2024-12-19 11:00:00+00:00,107.9469985961914
2024-12-19 12:00:00+00:00,108.04399871826172
2024-12-19 13:00:00+00:00,108.02799987792969
2024-12-19 14:00:00+00:00,108.07099914550781
2024-12-19 15:00:00+00:00,108.25499725341797
2024-12-19 16:00:00+00:00,108.43900299072266
2024-12-19 17:00:00+00:00,108.43499755859375
2024-12-19 18:00:00+00:00,108.3010025024414
2024-12-19 19:00:00+00:00,108.40799713134766
2024-12-19 20:00:00+00:00,108.36100006103516
2024-12-19 21:00:00+00:00,108.41200256347656
2024-12-19 22:00:00+00:00,108.39399719238281
2024-12-19 23:00:00+00:00,108.42500305175781
2024-12-20 00:00:00+00:00,108.45600128173828
2024-12-20 01:00:00+00:00,108.42400360107422
2024-12-20 02:00:00+00:00,108.4000015258789
2024-12-20 03:00:00+00:00,108.43699645996094
2024-12-20 04:00:00+00:00,108.47200012207031
2024-12-20 05:00:00+00:00,108.38300323486328
2024-12-20 06:00:00+00:00,108.29000091552734
2024-12-20 07:00:00+00:00,108.21800231933594
2024-12-20 08:00:00+00:00,108.16799926757812
2024-12-20 09:00:00+00:00,108.21099853515625
2024-12-20 10:00:00+00:00,108.14099884033203
2024-12-20 11:00:00+00:00,108.15499877929688
2024-12-20 12:00:00+00:00,108.15599822998047
2024-12-20 13:00:00+00:00,107.98600006103516
2024-12-20 14:00:00+00:00,108.07099914550781
2024-12-20 15:00:00+00:00,108.0469970703125
2024-12-20 16:00:00+00:00,107.74299621582031
2024-12-20 17:00:00+00:00,107.71499633789062
2024-12-20 18:00:00+00:00,107.68800354003906
2024-12-20 19:00:00+00:00,107.62100219726562
2024-12-20 20:00:00+00:00,107.7959976196289
2024-12-20 21:00:00+00:00,107.81500244140625
2024-12-22 22:00:00+00:00,107.81500244140625
2024-12-22 23:00:00+00:00,107.79299926757812
2024-12-23 00:00:00+00:00,107.8010025024414
2024-12-23 01:00:00+00:00,107.74700164794922
2024-12-23 02:00:00+00:00,107.71499633789062
2024-12-23 03:00:00+00:00,107.73600006103516
2024-12-23 04:00:00+00:00,107.70999908447266
2024-12-23 05:00:00+00:00,107.74600219726562
2024-12-23 06:00:00+00:00,107.7969970703125
2024-12-23 07:00:00+00:00,107.9800033569336
2024-12-23 08:00:00+00:00,107.89600372314453
2024-12-23 09:00:00+00:00,107.98300170898438
2024-12-23 10:00:00+00:00,108.14800262451172
2024-12-23 11:00:00+00:00,108.10299682617188
2024-12-23 12:00:00+00:00,108.1780014038086
2024-12-23 13:00:00+00:00,108.16699981689453
2024-12-23 14:00:00+00:00,108.21199798583984
2024-12-23 15:00:00+00:00,108.22599792480469
2024-12-23 16:00:00+00:00,108.0790023803711
2024-12-23 17:00:00+00:00,108.15599822998047
2024-12-23 18:00:00+00:00,108.06900024414062
2024-12-23 19:00:00+00:00,108.03700256347656
2024-12-23 20:00:00+00:00,108.08200073242188
2024-12-23 21:00:00+00:00,108.08300018310547
2024-12-23 22:00:00+00:00,108.08599853515625
2024-12-23 23:00:00+00:00,108.08100128173828
2024-12-24 00:00:00+00:00,108.14900207519531
2024-12-24 01:00:00+00:00,108.10900115966797
2024-12-24 02:00:00+00:00,108.12999725341797
2024-12-24 03:00:00+00:00,108.18900299072266
2024-12-24 04:00:00+00:00,108.13899993896484
2024-12-24 14:30:00+00:00,108.10299682617188
2024-12-24 15:30:00+00:00,108.22599792480469
2024-12-24 16:30:00+00:00,108.26799774169922
2024-12-24 17:30:00+00:00,108.25700378417969
2024-12-26 05:00:00+00:00,108.15899658203125
2024-12-26 06:00:00+00:00,108.1719970703125
2024-12-26 07:00:00+00:00,108.19300079345703
2024-12-26 08:00:00+00:00,108.21800231933594
2024-12-26 09:00:00+00:00,108.18599700927734
2024-12-26 10:00:00+00:00,108.15599822998047
2024-12-26 11:00:00+00:00,108.17500305175781
2024-12-26 12:00:00+00:00,108.22200012207031
2024-12-26 13:00:00+00:00,108.21399688720703
2024-12-26 14:00:00+00:00,108.2490005493164
2024-12-26 15:00:00+00:00,108.21499633789062
2024-12-26 16:00:00+00:00,108.10800170898438
2024-12-26 17:00:00+00:00,108.19200134277344
2024-12-26 18:00:00+00:00,108.10600280761719
2024-12-26 19:00:00+00:00,108.12899780273438
2024-12-26 20:00:00+00:00,108.11599731445312
2024-12-26 21:00:00+00:00,108.09700012207031
2024-12-26 22:00:00+00:00,108.07599639892578
2024-12-26 23:00:00+00:00,108.0790023803711
2024-12-27 00:00:00+00:00,108.11900329589844
2024-12-27 01:00:00+00:00,108.14399719238281
2024-12-27 02:00:00+00:00,108.15299987792969
2024-12-27 03:00:00+00:00,108.13300323486328
2024-12-27 04:00:00+00:00,108.15399932861328
2024-12-27 05:00:00+00:00,108.1719970703125
2024-12-27 06:00:00+00:00,108.1449966430664
2024-12-27 07:00:00+00:00,108.08499908447266
2024-12-27 08:00:00+00:00,108.14199829101562
2024-12-27 09:00:00+00:00,108.12799835205078
2024-12-27 10:00:00+00:00,108.07599639892578
2024-12-27 11:00:00+00:00,107.91000366210938
2024-12-27 12:00:00+00:00,107.9530029296875
2024-12-27 13:00:00+00:00,107.91699981689453
2024-12-27 14:00:00+00:00,108.01000213623047
2024-12-27 15:00:00+00:00,108.02300262451172
2024-12-27 16:00:00+00:00,108.04000091552734
2024-12-27 17:00:00+00:00,108.0780029296875
2024-12-27 18:00:00+00:00,108.02400207519531
2024-12-27 19:00:00+00:00,107.99800109863281
2024-12-27 20:00:00+00:00,108.01699829101562
2024-12-27 21:00:00+00:00,108.00599670410156
2024-12-29 22:00:00+00:00,108.00599670410156
2024-12-29 23:00:00+00:00,107.98699951171875
2024-12-30 00:00:00+00:00,107.99700164794922
2024-12-30 01:00:00+00:00,107.99400329589844
2024-12-30 02:00:00+00:00,107.99700164794922
2024-12-30 03:00:00+00:00,107.9990005493164
2024-12-30 04:00:00+00:00,107.98999786376953
2024-12-30 05:00:00+00:00,107.99600219726562
2024-12-30 06:00:00+00:00,107.96800231933594
2024-12-30 07:00:00+00:00,107.99099731445312
2024-12-30 08:00:00+00:00,108.11100006103516
2024-12-30 09:00:00+00:00,107.94300079345703
2024-12-30 10:00:00+00:00,107.89800262451172
2024-12-30 11:00:00+00:00,107.81099700927734
2024-12-30 12:00:00+00:00,107.81199645996094
2024-12-30 13:00:00+00:00,108.26899719238281
2024-12-30 14:00:00+00:00,108.10700225830078
2024-12-30 15:00:00+00:00,108.3030014038086
2024-12-30 16:00:00+00:00,108.26200103759766
2024-12-30 17:00:00+00:00,108.15699768066406
2024-12-30 18:00:00+00:00,108.05000305175781
2024-12-30 19:00:00+00:00,108.12999725341797
2024-12-30 20:00:00+00:00,108.08699798583984
2024-12-30 21:00:00+00:00,108.03500366210938
2024-12-30 22:00:00+00:00,108.05400085449219
2024-12-30 23:00:00+00:00,108.07599639892578
2024-12-31 00:00:00+00:00,108.0469970703125
2024-12-31 01:00:00+00:00,107.94400024414062
2024-12-31 02:00:00+00:00,107.93399810791016
2024-12-31 03:00:00+00:00,107.9749984741211
2024-12-31 04:00:00+00:00,107.99099731445312
2024-12-31 05:00:00+00:00,107.98799896240234
2024-12-31 06:00:00+00:00,108.00499725341797
2024-12-31 07:00:00+00:00,107.93199920654297
2024-12-31 08:00:00+00:00,107.88700103759766
2024-12-31 09:00:00+00:00,107.93800354003906
2024-12-31 10:00:00+00:00,108.00399780273438
2024-12-31 11:00:00+00:00,108.03700256347656
2024-12-31 12:00:00+00:00,108.1729965209961
2024-12-31 13:00:00+00:00,108.19000244140625
2024-12-31 14:00:00+00:00,108.26599884033203
2024-12-31 15:00:00+00:00,108.43800354003906
2024-12-31 16:00:00+00:00,108.52400207519531
2024-12-31 17:00:00+00:00,108.52200317382812
2024-12-31 18:00:00+00:00,108.4990005493164
2024-12-31 19:00:00+00:00,108.48699951171875
2024-12-31 20:00:00+00:00,108.4530029296875
2024-12-31 21:00:00+00:00,108.48100280761719
2024-12-31 22:00:00+00:00,108.48100280761719
2025-01-02 05:00:00+00:00,108.37300109863281
2025-01-02 06:00:00+00:00,108.33100128173828
2025-01-02 07:00:00+00:00,108.36799621582031
2025-01-02 08:00:00+00:00,108.40399932861328
2025-01-02 09:00:00+00:00,108.48600006103516
2025-01-02 10:00:00+00:00,108.8010025024414
2025-01-02 11:00:00+00:00,108.7030029296875
2025-01-02 12:00:00+00:00,108.81999969482422
2025-01-02 13:00:00+00:00,108.83599853515625
2025-01-02 14:00:00+00:00,108.9219970703125
2025-01-02 15:00:00+00:00,109.16699981689453
2025-01-02 16:00:00+00:00,109.30599975585938
2025-01-02 17:00:00+00:00,109.26699829101562
2025-01-02 18:00:00+00:00,109.3290023803711
2025-01-02 19:00:00+00:00,109.39399719238281
2025-01-02 20:00:00+00:00,109.28700256347656
2025-01-02 21:00:00+00:00,109.24299621582031
2025-01-02 22:00:00+00:00,109.24800109863281
2025-01-02 23:00:00+00:00,109.25399780273438
2025-01-03 00:00:00+00:00,109.15899658203125
2025-01-03 01:00:00+00:00,109.20099639892578
2025-01-03 02:00:00+00:00,109.15799713134766
2025-01-03 03:00:00+00:00,109.16899871826172
2025-01-03 04:00:00+00:00,109.1760025024414
2025-01-03 05:00:00+00:00,109.16300201416016
2025-01-03 06:00:00+00:00,109.08699798583984
2025-01-03 07:00:00+00:00,109.08100128173828
2025-01-03 08:00:00+00:00,109.11199951171875
2025-01-03 09:00:00+00:00,109.0250015258789
2025-01-03 10:00:00+00:00,109.11799621582031
2025-01-03 11:00:00+00:00,108.96800231933594
2025-01-03 12:00:00+00:00,108.97599792480469
2025-01-03 13:00:00+00:00,109.01300048828125
2025-01-03 14:00:00+00:00,108.93900299072266
2025-01-03 15:00:00+00:00,109.0770034790039
2025-01-03 16:00:00+00:00,109.0469970703125
2025-01-03 17:00:00+00:00,108.99099731445312
2025-01-03 18:00:00+00:00,108.99400329589844
2025-01-03 19:00:00+00:00,108.9520034790039
2025-01-03 20:00:00+00:00,108.93499755859375
2025-01-03 21:00:00+00:00,108.9219970703125
2025-01-05 22:00:00+00:00,108.9219970703125
2025-01-05 23:00:00+00:00,108.95899963378906
2025-01-06 00:00:00+00:00,108.96499633789062
2025-01-06 01:00:00+00:00,108.88400268554688
2025-01-06 02:00:00+00:00,108.86399841308594
2025-01-06 03:00:00+00:00,108.87000274658203
2025-01-06 04:00:00+00:00,108.8759994506836
2025-01-06 05:00:00+00:00,108.91300201416016
2025-01-06 06:00:00+00:00,108.875
2025-01-06 07:00:00+00:00,108.75599670410156
2025-01-06 08:00:00+00:00,108.55599975585938
2025-01-06 09:00:00+00:00,108.5459976196289
2025-01-06 10:00:00+00:00,108.70700073242188
2025-01-06 11:00:00+00:00,107.93800354003906
2025-01-06 12:00:00+00:00,107.97899627685547
2025-01-06 13:00:00+00:00,107.92500305175781
2025-01-06 14:00:00+00:00,108.19400024414062
2025-01-06 15:00:00+00:00,108.23300170898438
2025-01-06 16:00:00+00:00,108.197998046875
2025-01-06 17:00:00+00:00,108.26399993896484
2025-01-06 18:00:00+00:00,108.31999969482422
2025-01-06 19:00:00+00:00,108.25700378417969
2025-01-06 20:00:00+00:00,108.25599670410156
2025-01-06 21:00:00+00:00,108.23699951171875
2025-01-06 22:00:00+00:00,108.23999786376953
2025-01-06 23:00:00+00:00,108.27899932861328
2025-01-07 00:00:00+00:00,108.33300018310547
2025-01-07 01:00:00+00:00,108.36599731445312
2025-01-07 02:00:00+00:00,108.35099792480469
2025-01-07 03:00:00+00:00,108.24500274658203
2025-01-07 04:00:00+00:00,108.24600219726562
2025-01-07 05:00:00+00:00,108.18199920654297
2025-01-07 06:00:00+00:00,108.1709976196289
2025-01-07 07:00:00+00:00,108.01499938964844
2025-01-07 08:00:00+00:00,107.93299865722656
2025-01-07 09:00:00+00:00,107.91799926757812
2025-01-07 10:00:00+00:00,107.9489974975586
2025-01-07 11:00:00+00:00,108.06500244140625
2025-01-07 12:00:00+00:00,108.24600219726562
2025-01-07 13:00:00+00:00,108.1780014038086
2025-01-07 14:00:00+00:00,108.24099731445312
2025-01-07 15:00:00+00:00,108.43699645996094
2025-01-07 16:00:00+00:00,108.45099639892578
2025-01-07 17:00:00+00:00,108.43699645996094
2025-01-07 18:00:00+00:00,108.56099700927734
2025-01-07 19:00:00+00:00,108.54199981689453
2025-01-07 20:00:00+00:00,108.6449966430664
2025-01-07 21:00:00+00:00,108.69999694824219
2025-01-07 22:00:00+00:00,108.68199920654297
2025-01-07 23:00:00+00:00,108.68099975585938
2025-01-08 00:00:00+00:00,108.65799713134766
2025-01-08 01:00:00+00:00,108.58899688720703
2025-01-08 02:00:00+00:00,108.58899688720703
2025-01-08 03:00:00+00:00,108.6449966430664
2025-01-08 04:00:00+00:00,108.6259994506836
2025-01-08 05:00:00+00:00,108.58300018310547
2025-01-08 06:00:00+00:00,108.5979995727539
2025-01-08 07:00:00+00:00,108.7770004272461
2025-01-08 08:00:00+00:00,108.91200256347656
2025-01-08 09:00:00+00:00,108.88300323486328
2025-01-08 10:00:00+00:00,108.90799713134766
2025-01-08 11:00:00+00:00,109.14800262451172
2025-01-08 12:00:00+00:00,109.29499816894531
2025-01-08 13:00:00+00:00,109.10600280761719
2025-01-08 14:00:00+00:00,109.23600006103516
2025-01-08 15:00:00+00:00,109.14800262451172
2025-01-08 16:00:00+00:00,109.03500366210938
2025-01-08 17:00:00+00:00,109.12300109863281
2025-01-08 18:00:00+00:00,109.0719985961914
2025-01-08 19:00:00+00:00,109.08999633789062
2025-01-08 20:00:00+00:00,109.02300262451172
2025-01-08 21:00:00+00:00,109.0
2025-01-08 22:00:00+00:00,108.99400329589844
2025-01-08 23:00:00+00:00,109.00800323486328
2025-01-09 00:00:00+00:00,109.03700256347656
2025-01-09 01:00:00+00:00,109.01200103759766
2025-01-09 02:00:00+00:00,108.98999786376953
2025-01-09 03:00:00+00:00,109.03500366210938
2025-01-09 04:00:00+00:00,109.05899810791016
2025-01-09 05:00:00+00:00,109.08399963378906
2025-01-09 06:00:00+00:00,109.1760025024414
2025-01-09 07:00:00+00:00,109.30400085449219
2025-01-09 08:00:00+00:00,109.13700103759766
2025-01-09 09:00:00+00:00,109.14600372314453
2025-01-09 10:00:00+00:00,109.15699768066406
2025-01-09 11:00:00+00:00,109.16500091552734
2025-01-09 12:00:00+00:00,109.12799835205078
2025-01-09 13:00:00+00:00,109.08300018310547
2025-01-09 14:00:00+00:00,109.08899688720703
2025-01-09 15:00:00+00:00,109.16999816894531
2025-01-09 16:00:00+00:00,109.18599700927734
2025-01-09 17:00:00+00:00,109.19499969482422
2025-01-09 18:00:00+00:00,109.16300201416016
2025-01-09 19:00:00+00:00,109.17900085449219
2025-01-09 20:00:00+00:00,109.15399932861328
2025-01-09 21:00:00+00:00,109.1729965209961
2025-01-09 22:00:00+00:00,109.16899871826172
2025-01-09 23:00:00+00:00,109.16200256347656
2025-01-10 00:00:00+00:00,109.20600128173828
2025-01-10 01:00:00+00:00,109.16699981689453
2025-01-10 02:00:00+00:00,109.18399810791016
2025-01-10 03:00:00+00:00,109.20999908447266
2025-01-10 04:00:00+00:00,109.25800323486328
2025-01-10 05:00:00+00:00,109.34600067138672
2025-01-10 06:00:00+00:00,109.37300109863281
2025-01-10 07:00:00+00:00,109.23799896240234
2025-01-10 08:00:00+00:00,109.15299987792969
2025-01-10 09:00:00+00:00,109.1709976196289
2025-01-10 10:00:00+00:00,109.17900085449219
2025-01-10 11:00:00+00:00,109.1719970703125
2025-01-10 12:00:00+00:00,109.13099670410156
2025-01-10 13:00:00+00:00,109.59700012207031
2025-01-10 14:00:00+00:00,109.5530014038086
2025-01-10 15:00:00+00:00,109.56600189208984
2025-01-10 16:00:00+00:00,109.697998046875
2025-01-10 17:00:00+00:00,109.61299896240234
2025-01-10 18:00:00+00:00,109.6729965209961
2025-01-10 19:00:00+00:00,109.6500015258789
2025-01-10 20:00:00+00:00,109.65699768066406
2025-01-10 21:00:00+00:00,109.63999938964844
2025-01-12 22:00:00+00:00,109.63999938964844
2025-01-12 23:00:00+00:00,109.67400360107422
2025-01-13 00:00:00+00:00,109.66999816894531
2025-01-13 01:00:00+00:00,109.6510009765625
2025-01-13 02:00:00+00:00,109.68299865722656
2025-01-13 03:00:00+00:00,109.8949966430664
2025-01-13 04:00:00+00:00,109.93599700927734
2025-01-13 05:00:00+00:00,109.85800170898438
2025-01-13 06:00:00+00:00,109.87899780273438
2025-01-13 07:00:00+00:00,109.89700317382812
2025-01-13 08:00:00+00:00,109.86499786376953
2025-01-13 09:00:00+00:00,110.05400085449219
2025-01-13 10:00:00+00:00,109.99500274658203
2025-01-13 11:00:00+00:00,110.04100036621094
2025-01-13 12:00:00+00:00,109.94599914550781
2025-01-13 13:00:00+00:00,109.89900207519531
2025-01-13 14:00:00+00:00,109.91400146484375
2025-01-13 15:00:00+00:00,110.02400207519531
2025-01-13 16:00:00+00:00,109.93499755859375
2025-01-13 17:00:00+00:00,109.8290023803711
2025-01-13 18:00:00+00:00,109.8479995727539
2025-01-13 19:00:00+00:00,109.95600128173828
2025-01-13 20:00:00+00:00,109.85900115966797
2025-01-13 21:00:00+00:00,109.60600280761719
2025-01-13 22:00:00+00:00,109.43099975585938
2025-01-13 23:00:00+00:00,109.50399780273438
2025-01-14 00:00:00+00:00,109.58000183105469
2025-01-14 01:00:00+00:00,109.55899810791016
2025-01-14 02:00:00+00:00,109.62699890136719
2025-01-14 03:00:00+00:00,109.57599639892578
2025-01-14 04:00:00+00:00,109.552001953125
2025-01-14 05:00:00+00:00,109.61900329589844
2025-01-14 06:00:00+00:00,109.53600311279297
2025-01-14 07:00:00+00:00,109.52400207519531
2025-01-14 08:00:00+00:00,109.48799896240234
2025-01-14 09:00:00+00:00,109.56400299072266
2025-01-14 10:00:00+00:00,109.5469970703125
2025-01-14 11:00:00+00:00,109.61000061035156
2025-01-14 12:00:00+00:00,109.67400360107422
2025-01-14 13:00:00+00:00,109.64199829101562
2025-01-14 14:00:00+00:00,109.5270004272461
2025-01-14 15:00:00+00:00,109.29000091552734
2025-01-14 16:00:00+00:00,109.34200286865234
2025-01-14 17:00:00+00:00,109.37899780273438
2025-01-14 18:00:00+00:00,109.25700378417969
2025-01-14 19:00:00+00:00,109.27300262451172
2025-01-14 20:00:00+00:00,109.24099731445312
2025-01-14 21:00:00+00:00,109.18099975585938
2025-01-14 22:00:00+00:00,109.19300079345703
2025-01-14 23:00:00+00:00,109.19000244140625
2025-01-15 00:00:00+00:00,109.24500274658203
2025-01-15 01:00:00+00:00,109.24800109863281
2025-01-15 02:00:00+00:00,109.2770004272461
2025-01-15 03:00:00+00:00,109.22699737548828
2025-01-15 04:00:00+00:00,109.20099639892578
2025-01-15 05:00:00+00:00,109.24500274658203
2025-01-15 06:00:00+00:00,109.22599792480469
2025-01-15 07:00:00+00:00,109.06300354003906
2025-01-15 08:00:00+00:00,109.18299865722656
2025-01-15 09:00:00+00:00,109.04399871826172
2025-01-15 10:00:00+00:00,109.04900360107422
2025-01-15 11:00:00+00:00,109.11000061035156
2025-01-15 12:00:00+00:00,109.14199829101562
2025-01-15 13:00:00+00:00,108.64600372314453
2025-01-15 14:00:00+00:00,108.8010025024414
2025-01-15 15:00:00+00:00,108.96099853515625
2025-01-15 16:00:00+00:00,109.21499633789062
2025-01-15 17:00:00+00:00,109.18299865722656
2025-01-15 18:00:00+00:00,109.10700225830078
2025-01-15 19:00:00+00:00,109.08999633789062
2025-01-15 20:00:00+00:00,109.06400299072266
2025-01-15 21:00:00+00:00,109.10700225830078
2025-01-15 22:00:00+00:00,109.08200073242188
2025-01-15 23:00:00+00:00,109.08000183105469
2025-01-16 00:00:00+00:00,109.00599670410156
2025-01-16 01:00:00+00:00,109.04399871826172
2025-01-16 02:00:00+00:00,109.08899688720703
2025-01-16 03:00:00+00:00,109.07599639892578
2025-01-16 04:00:00+00:00,109.11799621582031
2025-01-16 05:00:00+00:00,109.18499755859375
2025-01-16 06:00:00+00:00,109.12100219726562
2025-01-16 07:00:00+00:00,109.06800079345703
2025-01-16 08:00:00+00:00,109.07599639892578
2025-01-16 09:00:00+00:00,109.1259994506836
2025-01-16 10:00:00+00:00,109.12699890136719
2025-01-16 11:00:00+00:00,109.0979995727539
2025-01-16 12:00:00+00:00,109.2750015258789
2025-01-16 13:00:00+00:00,109.197998046875
2025-01-16 14:00:00+00:00,109.23100280761719
2025-01-16 15:00:00+00:00,108.97699737548828
2025-01-16 16:00:00+00:00,108.9530029296875
2025-01-16 17:00:00+00:00,108.9800033569336
2025-01-16 18:00:00+00:00,108.97699737548828
2025-01-16 19:00:00+00:00,108.95700073242188
2025-01-16 20:00:00+00:00,108.9739990234375
2025-01-16 21:00:00+00:00,108.9469985961914
2025-01-16 22:00:00+00:00,108.9469985961914
2025-01-16 23:00:00+00:00,108.95600128173828
2025-01-17 00:00:00+00:00,108.92900085449219
2025-01-17 01:00:00+00:00,108.93599700927734
2025-01-17 02:00:00+00:00,108.96900177001953
2025-01-17 03:00:00+00:00,108.98100280761719
2025-01-17 04:00:00+00:00,109.03900146484375
2025-01-17 05:00:00+00:00,109.06800079345703
2025-01-17 06:00:00+00:00,109.0979995727539
2025-01-17 07:00:00+00:00,109.18499755859375
2025-01-17 08:00:00+00:00,109.08399963378906
2025-01-17 09:00:00+00:00,109.09600067138672
2025-01-17 10:00:00+00:00,109.0510025024414
2025-01-17 11:00:00+00:00,109.04199981689453
2025-01-17 12:00:00+00:00,109.1500015258789
2025-01-17 13:00:00+00:00,109.1780014038086
2025-01-17 14:00:00+00:00,109.11399841308594
2025-01-17 15:00:00+00:00,109.09600067138672
2025-01-17 16:00:00+00:00,109.25499725341797
2025-01-17 17:00:00+00:00,109.30400085449219
2025-01-17 18:00:00+00:00,109.30799865722656
2025-01-17 19:00:00+00:00,109.34700012207031
2025-01-17 20:00:00+00:00,109.35800170898438
2025-01-17 21:00:00+00:00,109.40499877929688
2025-01-19 22:00:00+00:00,109.40499877929688
2025-01-19 23:00:00+00:00,109.33599853515625
2025-01-20 00:00:00+00:00,109.24199676513672
2025-01-20 01:00:00+00:00,109.19599914550781
2025-01-20 02:00:00+00:00,109.19000244140625
2025-01-20 03:00:00+00:00,109.05000305175781
2025-01-20 04:00:00+00:00,109.09200286865234
2025-01-21 05:00:00+00:00,108.43000030517578
2025-01-21 06:00:00+00:00,108.53500366210938
2025-01-21 07:00:00+00:00,108.52400207519531
2025-01-21 08:00:00+00:00,108.61100006103516
2025-01-21 09:00:00+00:00,108.69100189208984
2025-01-21 10:00:00+00:00,108.70099639892578
2025-01-21 11:00:00+00:00,108.71499633789062
2025-01-21 12:00:00+00:00,108.69200134277344
2025-01-21 13:00:00+00:00,108.46800231933594
2025-01-21 14:00:00+00:00,108.38099670410156
2025-01-21 15:00:00+00:00,108.22899627685547
2025-01-21 16:00:00+00:00,108.02799987792969
2025-01-21 17:00:00+00:00,108.05000305175781
2025-01-21 18:00:00+00:00,107.97799682617188
2025-01-21 19:00:00+00:00,108.06199645996094
2025-01-21 20:00:00+00:00,108.03500366210938
2025-01-21 21:00:00+00:00,107.95999908447266
2025-01-21 22:00:00+00:00,107.95999908447266
2025-01-21 23:00:00+00:00,108.0770034790039
2025-01-22 00:00:00+00:00,107.97599792480469
2025-01-22 01:00:00+00:00,108.1240005493164
2025-01-22 02:00:00+00:00,108.09500122070312
2025-01-22 03:00:00+00:00,108.13500213623047
2025-01-22 04:00:00+00:00,108.07599639892578
2025-01-22 05:00:00+00:00,108.08899688720703
2025-01-22 06:00:00+00:00,108.2040023803711
2025-01-22 07:00:00+00:00,108.16200256347656
2025-01-22 08:00:00+00:00,108.02999877929688
2025-01-22 09:00:00+00:00,107.84300231933594
2025-01-22 10:00:00+00:00,107.82099914550781
2025-01-22 11:00:00+00:00,107.89900207519531
2025-01-22 12:00:00+00:00,107.92900085449219
2025-01-22 13:00:00+00:00,108.0
2025-01-22 14:00:00+00:00,108.10299682617188
2025-01-22 15:00:00+00:00,108.1780014038086
2025-01-22 16:00:00+00:00,108.18299865722656
2025-01-22 17:00:00+00:00,108.19999694824219
2025-01-22 18:00:00+00:00,108.19599914550781
2025-01-22 19:00:00+00:00,108.16699981689453
2025-01-22 20:00:00+00:00,108.24500274658203
2025-01-22 21:00:00+00:00,108.25299835205078
2025-01-22 22:00:00+00:00,108.25299835205078
2025-01-22 23:00:00+00:00,108.2770004272461
2025-01-23 00:00:00+00:00,108.23899841308594
2025-01-23 01:00:00+00:00,108.31199645996094
2025-01-23 02:00:00+00:00,108.30400085449219
2025-01-23 03:00:00+00:00,108.26399993896484
2025-01-23 04:00:00+00:00,108.25599670410156
2025-01-23 05:00:00+00:00,108.30999755859375
2025-01-23 06:00:00+00:00,108.31900024414062
2025-01-23 07:00:00+00:00,108.33999633789062
2025-01-23 08:00:00+00:00,108.39099884033203
2025-01-23 09:00:00+00:00,108.24500274658203
2025-01-23 10:00:00+00:00,108.24099731445312
2025-01-23 11:00:00+00:00,108.3270034790039
2025-01-23 12:00:00+00:00,108.30000305175781
2025-01-23 13:00:00+00:00,108.22799682617188
2025-01-23 14:00:00+00:00,108.22899627685547
2025-01-23 15:00:00+00:00,108.2979965209961
2025-01-23 16:00:00+00:00,108.1050033569336
2025-01-23 17:00:00+00:00,107.94300079345703
2025-01-23 18:00:00+00:00,108.05799865722656
2025-01-23 19:00:00+00:00,108.0469970703125
2025-01-23 20:00:00+00:00,108.11299896240234
2025-01-23 21:00:00+00:00,108.1449966430664
2025-01-23 22:00:00+00:00,108.13600158691406
2025-01-23 23:00:00+00:00,108.11499786376953
2025-01-24 00:00:00+00:00,108.12699890136719
2025-01-24 01:00:00+00:00,108.1520004272461
2025-01-24 02:00:00+00:00,107.83000183105469
2025-01-24 03:00:00+00:00,107.802001953125
2025-01-24 04:00:00+00:00,107.76899719238281
2025-01-24 05:00:00+00:00,107.75299835205078
2025-01-24 06:00:00+00:00,107.7040023803711
2025-01-24 07:00:00+00:00,107.72000122070312
2025-01-24 08:00:00+00:00,107.47000122070312
2025-01-24 09:00:00+00:00,107.45999908447266
2025-01-24 10:00:00+00:00,107.52899932861328
2025-01-24 11:00:00+00:00,107.58599853515625
2025-01-24 12:00:00+00:00,107.71299743652344
2025-01-24 13:00:00+00:00,107.71399688720703
2025-01-24 14:00:00+00:00,107.5479965209961
2025-01-24 15:00:00+00:00,107.27899932861328
2025-01-24 16:00:00+00:00,107.27799987792969
2025-01-24 17:00:00+00:00,107.3239974975586
2025-01-24 18:00:00+00:00,107.45899963378906
2025-01-24 19:00:00+00:00,107.44300079345703
2025-01-24 20:00:00+00:00,107.45500183105469
2025-01-24 21:00:00+00:00,107.46499633789062
2025-01-26 22:00:00+00:00,107.46499633789062
2025-01-26 23:00:00+00:00,107.64800262451172
2025-01-27 00:00:00+00:00,107.61100006103516
2025-01-27 01:00:00+00:00,107.68499755859375
2025-01-27 02:00:00+00:00,107.68099975585938
2025-01-27 03:00:00+00:00,107.66899871826172
2025-01-27 04:00:00+00:00,107.7249984741211
2025-01-27 05:00:00+00:00,107.74099731445312
2025-01-27 06:00:00+00:00,107.75399780273438
2025-01-27 07:00:00+00:00,107.79499816894531
2025-01-27 08:00:00+00:00,107.4729995727539
2025-01-27 09:00:00+00:00,107.38300323486328
2025-01-27 10:00:00+00:00,107.19000244140625
2025-01-27 11:00:00+00:00,107.14199829101562
2025-01-27 12:00:00+00:00,107.05799865722656
2025-01-27 13:00:00+00:00,107.10399627685547
2025-01-27 14:00:00+00:00,107.21600341796875
2025-01-27 15:00:00+00:00,107.3030014038086
2025-01-27 16:00:00+00:00,107.34400177001953
2025-01-27 17:00:00+00:00,107.37200164794922
2025-01-27 18:00:00+00:00,107.39800262451172
2025-01-27 19:00:00+00:00,107.34100341796875
2025-01-27 20:00:00+00:00,107.36900329589844
2025-01-27 21:00:00+00:00,107.33100128173828
2025-01-27 22:00:00+00:00,107.3550033569336
2025-01-27 23:00:00+00:00,107.427001953125
2025-01-28 00:00:00+00:00,107.75499725341797
2025-01-28 01:00:00+00:00,107.83300018310547
2025-01-28 02:00:00+00:00,107.87999725341797
2025-01-28 03:00:00+00:00,107.93800354003906
2025-01-28 04:00:00+00:00,107.90699768066406
2025-01-28 05:00:00+00:00,107.88400268554688
2025-01-28 06:00:00+00:00,107.88999938964844
2025-01-28 07:00:00+00:00,107.93499755859375
2025-01-28 08:00:00+00:00,107.98600006103516
2025-01-28 09:00:00+00:00,107.86499786376953
2025-01-28 10:00:00+00:00,107.95700073242188
2025-01-28 11:00:00+00:00,107.9800033569336
2025-01-28 12:00:00+00:00,107.98400115966797
2025-01-28 13:00:00+00:00,107.96299743652344
2025-01-28 14:00:00+00:00,107.88200378417969
2025-01-28 15:00:00+00:00,107.97699737548828
2025-01-28 16:00:00+00:00,107.95800018310547
2025-01-28 17:00:00+00:00,107.94100189208984
2025-01-28 18:00:00+00:00,107.95899963378906
2025-01-28 19:00:00+00:00,107.86599731445312
2025-01-28 20:00:00+00:00,107.89199829101562
2025-01-28 21:00:00+00:00,107.9020004272461
2025-01-28 22:00:00+00:00,107.91400146484375
2025-01-28 23:00:00+00:00,107.91500091552734
2025-01-29 00:00:00+00:00,107.92400360107422
2025-01-29 01:00:00+00:00,107.9489974975586
2025-01-29 02:00:00+00:00,107.88400268554688
2025-01-29 03:00:00+00:00,107.83699798583984
2025-01-29 04:00:00+00:00,107.81300354003906
2025-01-29 05:00:00+00:00,107.7750015258789
2025-01-29 06:00:00+00:00,107.81300354003906
2025-01-29 07:00:00+00:00,107.98999786376953
2025-01-29 08:00:00+00:00,107.93199920654297
2025-01-29 09:00:00+00:00,108.10700225830078
2025-01-29 10:00:00+00:00,108.11100006103516
2025-01-29 11:00:00+00:00,108.125
2025-01-29 12:00:00+00:00,108.0999984741211
2025-01-29 13:00:00+00:00,108.27200317382812
2025-01-29 14:00:00+00:00,108.13200378417969
2025-01-29 15:00:00+00:00,107.96700286865234
2025-01-29 16:00:00+00:00,108.01000213623047
2025-01-29 17:00:00+00:00,107.94100189208984
2025-01-29 18:00:00+00:00,107.9540023803711
2025-01-29 19:00:00+00:00,108.0
2025-01-29 20:00:00+00:00,108.0459976196289
2025-01-29 21:00:00+00:00,107.94999694824219
2025-01-29 22:00:00+00:00,107.94300079345703
2025-01-29 23:00:00+00:00,107.94300079345703
2025-01-30 00:00:00+00:00,107.85299682617188
2025-01-30 01:00:00+00:00,107.89299774169922
2025-01-30 02:00:00+00:00,107.85399627685547
2025-01-30 03:00:00+00:00,107.8499984741211
2025-01-30 04:00:00+00:00,107.90699768066406
2025-01-30 05:00:00+00:00,107.8740005493164
2025-01-30 06:00:00+00:00,107.93099975585938
2025-01-30 07:00:00+00:00,107.85800170898438
2025-01-30 08:00:00+00:00,107.8550033569336
2025-01-30 09:00:00+00:00,107.96600341796875
2025-01-30 10:00:00+00:00,108.03199768066406
2025-01-30 11:00:00+00:00,108.1050033569336
2025-01-30 12:00:00+00:00,107.97699737548828
2025-01-30 13:00:00+00:00,107.58100128173828
2025-01-30 14:00:00+00:00,107.7699966430664
2025-01-30 15:00:00+00:00,107.76599884033203
2025-01-30 16:00:00+00:00,107.89299774169922
2025-01-30 17:00:00+00:00,107.90499877929688
2025-01-30 18:00:00+00:00,107.83799743652344
2025-01-30 19:00:00+00:00,107.7969970703125
2025-01-30 20:00:00+00:00,108.0250015258789
2025-01-30 21:00:00+00:00,108.1500015258789
2025-01-30 22:00:00+00:00,108.1719970703125
2025-01-30 23:00:00+00:00,108.18399810791016
2025-01-31 00:00:00+00:00,108.19000244140625
2025-01-31 01:00:00+00:00,108.1449966430664
2025-01-31 02:00:00+00:00,108.13700103759766
2025-01-31 03:00:00+00:00,108.1969985961914
2025-01-31 04:00:00+00:00,108.1780014038086
2025-01-31 05:00:00+00:00,108.19999694824219
2025-01-31 06:00:00+00:00,108.13700103759766
2025-01-31 07:00:00+00:00,108.04499816894531
2025-01-31 08:00:00+00:00,108.22100067138672
2025-01-31 09:00:00+00:00,108.22899627685547
2025-01-31 10:00:00+00:00,108.28700256347656
2025-01-31 11:00:00+00:00,108.31400299072266
2025-01-31 12:00:00+00:00,108.24600219726562
2025-01-31 13:00:00+00:00,108.26300048828125
2025-01-31 14:00:00+00:00,108.3759994506836
2025-01-31 15:00:00+00:00,108.15799713134766
2025-01-31 16:00:00+00:00,108.11199951171875
2025-01-31 17:00:00+00:00,107.90899658203125
2025-01-31 18:00:00+00:00,108.41600036621094
2025-01-31 19:00:00+00:00,108.37000274658203
2025-01-31 20:00:00+00:00,108.4000015258789
2025-01-31 21:00:00+00:00,108.5009994506836
2025-02-02 22:00:00+00:00,108.5009994506836
2025-02-02 23:00:00+00:00,109.41600036621094
2025-02-03 00:00:00+00:00,109.68599700927734
2025-02-03 01:00:00+00:00,109.63500213623047
2025-02-03 02:00:00+00:00,109.76200103759766
2025-02-03 03:00:00+00:00,109.78900146484375
2025-02-03 04:00:00+00:00,109.74099731445312
2025-02-03 05:00:00+00:00,109.60299682617188
2025-02-03 06:00:00+00:00,109.5479965209961
2025-02-03 07:00:00+00:00,109.70899963378906
2025-02-03 08:00:00+00:00,109.5199966430664
2025-02-03 09:00:00+00:00,109.57599639892578
2025-02-03 10:00:00+00:00,109.44999694824219
2025-02-03 11:00:00+00:00,109.34700012207031
2025-02-03 12:00:00+00:00,109.28199768066406
2025-02-03 13:00:00+00:00,109.21399688720703
2025-02-03 14:00:00+00:00,109.2969970703125
2025-02-03 15:00:00+00:00,108.74199676513672
2025-02-03 16:00:00+00:00,109.05500030517578
2025-02-03 17:00:00+00:00,108.99500274658203
2025-02-03 18:00:00+00:00,109.03700256347656
2025-02-03 19:00:00+00:00,108.98999786376953
2025-02-03 20:00:00+00:00,108.88800048828125
2025-02-03 21:00:00+00:00,108.41699981689453
2025-02-03 22:00:00+00:00,108.42900085449219
2025-02-03 23:00:00+00:00,108.42500305175781
2025-02-04 00:00:00+00:00,108.68399810791016
2025-02-04 01:00:00+00:00,108.64399719238281
2025-02-04 02:00:00+00:00,108.64700317382812
2025-02-04 03:00:00+00:00,108.7249984741211
2025-02-04 04:00:00+00:00,108.79000091552734
2025-02-04 05:00:00+00:00,108.90399932861328
2025-02-04 06:00:00+00:00,108.77300262451172
2025-02-04 07:00:00+00:00,108.73200225830078
2025-02-04 08:00:00+00:00,108.56400299072266
2025-02-04 09:00:00+00:00,108.5199966430664
2025-02-04 10:00:00+00:00,108.51899719238281
2025-02-04 11:00:00+00:00,108.64299774169922
2025-02-04 12:00:00+00:00,108.59700012207031
2025-02-04 13:00:00+00:00,108.46499633789062
2025-02-04 14:00:00+00:00,108.2760009765625
2025-02-04 15:00:00+00:00,108.03299713134766
2025-02-04 16:00:00+00:00,108.0199966430664
2025-02-04 17:00:00+00:00,108.01799774169922
2025-02-04 18:00:00+00:00,107.98699951171875
2025-02-04 19:00:00+00:00,107.95999908447266
2025-02-04 20:00:00+00:00,107.93699645996094
2025-02-04 21:00:00+00:00,107.99800109863281
2025-02-04 22:00:00+00:00,108.00900268554688
2025-02-04 23:00:00+00:00,108.0009994506836
2025-02-05 00:00:00+00:00,107.95700073242188
2025-02-05 01:00:00+00:00,107.98699951171875
2025-02-05 02:00:00+00:00,107.8759994506836
2025-02-05 03:00:00+00:00,107.9000015258789
2025-02-05 04:00:00+00:00,107.93000030517578
2025-02-05 05:00:00+00:00,107.9469985961914
2025-02-05 06:00:00+00:00,107.85900115966797
2025-02-05 07:00:00+00:00,107.70899963378906
2025-02-05 08:00:00+00:00,107.63700103759766
2025-02-05 09:00:00+00:00,107.61100006103516
2025-02-05 10:00:00+00:00,107.4209976196289
2025-02-05 11:00:00+00:00,107.5260009765625
2025-02-05 12:00:00+00:00,107.48500061035156
2025-02-05 13:00:00+00:00,107.61299896240234
2025-02-05 14:00:00+00:00,107.48200225830078
2025-02-05 15:00:00+00:00,107.41100311279297
2025-02-05 16:00:00+00:00,107.46199798583984
2025-02-05 17:00:00+00:00,107.45600128173828
2025-02-05 18:00:00+00:00,107.49400329589844
2025-02-05 19:00:00+00:00,107.5790023803711
2025-02-05 20:00:00+00:00,107.61699676513672
2025-02-05 21:00:00+00:00,107.61799621582031
2025-02-05 22:00:00+00:00,107.60700225830078
2025-02-05 23:00:00+00:00,107.6240005493164
2025-02-06 00:00:00+00:00,107.63800048828125
2025-02-06 01:00:00+00:00,107.55000305175781
2025-02-06 02:00:00+00:00,107.65899658203125
2025-02-06 03:00:00+00:00,107.68000030517578
2025-02-06 04:00:00+00:00,107.74299621582031
2025-02-06 05:00:00+00:00,107.75700378417969
2025-02-06 06:00:00+00:00,107.7509994506836
2025-02-06 07:00:00+00:00,107.83100128173828
2025-02-06 08:00:00+00:00,107.9530029296875
2025-02-06 09:00:00+00:00,108.0250015258789
2025-02-06 10:00:00+00:00,107.99800109863281
2025-02-06 11:00:00+00:00,107.97599792480469
2025-02-06 12:00:00+00:00,108.0199966430664
2025-02-06 13:00:00+00:00,107.98699951171875
2025-02-06 14:00:00+00:00,107.97599792480469
2025-02-06 15:00:00+00:00,107.84400177001953
2025-02-06 16:00:00+00:00,107.875
2025-02-06 17:00:00+00:00,107.76100158691406
2025-02-06 18:00:00+00:00,107.63400268554688
2025-02-06 19:00:00+00:00,107.68900299072266
2025-02-06 20:00:00+00:00,107.66200256347656
2025-02-06 21:00:00+00:00,107.7040023803711
2025-02-06 22:00:00+00:00,107.70700073242188
2025-02-06 23:00:00+00:00,107.70500183105469
2025-02-07 00:00:00+00:00,107.73300170898438
2025-02-07 01:00:00+00:00,107.71499633789062
2025-02-07 02:00:00+00:00,107.71099853515625
2025-02-07 03:00:00+00:00,107.75700378417969
2025-02-07 04:00:00+00:00,107.76000213623047
2025-02-07 05:00:00+00:00,107.81199645996094
2025-02-07 06:00:00+00:00,107.80999755859375
2025-02-07 07:00:00+00:00,107.7030029296875
2025-02-07 08:00:00+00:00,107.60399627685547
2025-02-07 09:00:00+00:00,107.66000366210938
2025-02-07 10:00:00+00:00,107.77799987792969
2025-02-07 11:00:00+00:00,107.7699966430664
2025-02-07 12:00:00+00:00,107.81900024414062
2025-02-07 13:00:00+00:00,107.88300323486328
2025-02-07 14:00:00+00:00,107.65899658203125
2025-02-07 15:00:00+00:00,107.90299987792969
2025-02-07 16:00:00+00:00,108.10900115966797
2025-02-07 17:00:00+00:00,108.16500091552734
2025-02-07 18:00:00+00:00,108.11599731445312
2025-02-07 19:00:00+00:00,108.04000091552734
2025-02-07 20:00:00+00:00,108.072998046875
2025-02-07 21:00:00+00:00,108.09600067138672
2025-02-09 22:00:00+00:00,108.09600067138672
2025-02-09 23:00:00+00:00,108.29299926757812
2025-02-10 00:00:00+00:00,108.30400085449219
2025-02-10 01:00:00+00:00,108.38500213623047
2025-02-10 02:00:00+00:00,108.4260025024414
2025-02-10 03:00:00+00:00,108.30000305175781
2025-02-10 04:00:00+00:00,108.28299713134766
2025-02-10 05:00:00+00:00,108.2699966430664
2025-02-10 06:00:00+00:00,108.22699737548828
2025-02-10 07:00:00+00:00,108.29900360107422
2025-02-10 08:00:00+00:00,108.26200103759766
2025-02-10 09:00:00+00:00,108.1989974975586
2025-02-10 10:00:00+00:00,108.15299987792969
2025-02-10 11:00:00+00:00,108.23200225830078
2025-02-10 12:00:00+00:00,108.28600311279297
2025-02-10 13:00:00+00:00,108.21299743652344
2025-02-10 14:00:00+00:00,108.26899719238281
2025-02-10 15:00:00+00:00,108.21399688720703
2025-02-10 16:00:00+00:00,108.25599670410156
2025-02-10 17:00:00+00:00,108.26799774169922
2025-02-10 18:00:00+00:00,108.3239974975586
2025-02-10 19:00:00+00:00,108.31900024414062
2025-02-10 20:00:00+00:00,108.31600189208984
2025-02-10 21:00:00+00:00,108.33000183105469
2025-02-10 22:00:00+00:00,108.3290023803711
2025-02-10 23:00:00+00:00,108.33200073242188
2025-02-11 00:00:00+00:00,108.34400177001953
2025-02-11 01:00:00+00:00,108.38400268554688
2025-02-11 02:00:00+00:00,108.45600128173828
2025-02-11 03:00:00+00:00,108.41500091552734
2025-02-11 04:00:00+00:00,108.36799621582031
2025-02-11 05:00:00+00:00,108.35800170898438
2025-02-11 06:00:00+00:00,108.35299682617188
2025-02-11 07:00:00+00:00,108.38899993896484
2025-02-11 08:00:00+00:00,108.27200317382812
2025-02-11 09:00:00+00:00,108.27200317382812
2025-02-11 10:00:00+00:00,108.31500244140625
2025-02-11 11:00:00+00:00,108.27899932861328
2025-02-11 12:00:00+00:00,108.26699829101562
2025-02-11 13:00:00+00:00,108.22599792480469
2025-02-11 14:00:00+00:00,108.1500015258789
2025-02-11 15:00:00+00:00,108.12300109863281
2025-02-11 16:00:00+00:00,108.0510025024414
2025-02-11 17:00:00+00:00,108.0510025024414
2025-02-11 18:00:00+00:00,108.05899810791016
2025-02-11 19:00:00+00:00,107.96299743652344
2025-02-11 20:00:00+00:00,107.92400360107422
2025-02-11 21:00:00+00:00,107.9280014038086
2025-02-11 22:00:00+00:00,107.9219970703125
2025-02-11 23:00:00+00:00,107.9219970703125
2025-02-12 00:00:00+00:00,108.02200317382812
2025-02-12 01:00:00+00:00,108.02200317382812
2025-02-12 02:00:00+00:00,108.00399780273438
2025-02-12 03:00:00+00:00,108.03099822998047
2025-02-12 04:00:00+00:00,108.08200073242188
2025-02-12 05:00:00+00:00,108.052001953125
2025-02-12 06:00:00+00:00,108.05500030517578
2025-02-12 07:00:00+00:00,107.94200134277344
2025-02-12 08:00:00+00:00,107.98500061035156
2025-02-12 09:00:00+00:00,107.96700286865234
2025-02-12 10:00:00+00:00,107.96399688720703
2025-02-12 11:00:00+00:00,107.93599700927734
2025-02-12 12:00:00+00:00,107.96399688720703
2025-02-12 13:00:00+00:00,108.39800262451172
2025-02-12 14:00:00+00:00,108.27799987792969
2025-02-12 15:00:00+00:00,108.06400299072266
2025-02-12 16:00:00+00:00,107.9729995727539
2025-02-12 17:00:00+00:00,107.64800262451172
2025-02-12 18:00:00+00:00,107.95099639892578
2025-02-12 19:00:00+00:00,107.93800354003906
2025-02-12 20:00:00+00:00,107.93499755859375
2025-02-12 21:00:00+00:00,108.01200103759766
2025-02-12 22:00:00+00:00,107.99099731445312
2025-02-12 23:00:00+00:00,107.96700286865234
2025-02-13 00:00:00+00:00,107.97000122070312
2025-02-13 01:00:00+00:00,107.85700225830078
2025-02-13 02:00:00+00:00,107.81800079345703
2025-02-13 03:00:00+00:00,107.69000244140625
2025-02-13 04:00:00+00:00,107.58499908447266
2025-02-13 05:00:00+00:00,107.55599975585938
2025-02-13 06:00:00+00:00,107.5770034790039
2025-02-13 07:00:00+00:00,107.61000061035156
2025-02-13 08:00:00+00:00,107.71299743652344
2025-02-13 09:00:00+00:00,107.63099670410156
2025-02-13 10:00:00+00:00,107.64399719238281
2025-02-13 11:00:00+00:00,107.75199890136719
2025-02-13 12:00:00+00:00,107.84700012207031
2025-02-13 13:00:00+00:00,107.7760009765625
2025-02-13 14:00:00+00:00,107.70899963378906
2025-02-13 15:00:00+00:00,107.36900329589844
2025-02-13 16:00:00+00:00,107.40299987792969
2025-02-13 17:00:00+00:00,107.43299865722656
2025-02-13 18:00:00+00:00,107.55799865722656
2025-02-13 19:00:00+00:00,107.31300354003906
2025-02-13 20:00:00+00:00,107.072998046875
2025-02-13 21:00:00+00:00,107.05500030517578
2025-02-13 22:00:00+00:00,107.0469970703125
2025-02-13 23:00:00+00:00,107.06700134277344
2025-02-14 00:00:00+00:00,107.072998046875
2025-02-14 01:00:00+00:00,107.06999969482422
2025-02-14 02:00:00+00:00,107.11599731445312
2025-02-14 03:00:00+00:00,107.10099792480469
2025-02-14 04:00:00+00:00,107.10900115966797
2025-02-14 05:00:00+00:00,107.12899780273438
2025-02-14 06:00:00+00:00,107.06999969482422
2025-02-14 07:00:00+00:00,107.03600311279297
2025-02-14 08:00:00+00:00,106.94000244140625
2025-02-14 09:00:00+00:00,106.87999725341797
2025-02-14 10:00:00+00:00,106.99500274658203
2025-02-14 11:00:00+00:00,107.00399780273438
2025-02-14 12:00:00+00:00,106.9739990234375
2025-02-14 13:00:00+00:00,106.77400207519531
2025-02-14 14:00:00+00:00,106.61199951171875
2025-02-14 15:00:00+00:00,106.63200378417969
2025-02-14 16:00:00+00:00,106.7239990234375
2025-02-14 17:00:00+00:00,106.65599822998047
2025-02-14 18:00:00+00:00,106.68199920654297
2025-02-14 19:00:00+00:00,106.70999908447266
2025-02-14 20:00:00+00:00,106.78900146484375
2025-02-14 21:00:00+00:00,106.7959976196289
2025-02-16 22:00:00+00:00,106.79299926757812
2025-02-16 23:00:00+00:00,106.79199981689453
2025-02-17 00:00:00+00:00,106.74800109863281
2025-02-17 01:00:00+00:00,106.64099884033203
2025-02-17 02:00:00+00:00,106.64299774169922
2025-02-17 03:00:00+00:00,106.6989974975586
2025-02-17 04:00:00+00:00,106.68900299072266
2025-02-18 05:00:00+00:00,107.01300048828125
2025-02-18 06:00:00+00:00,106.95700073242188
2025-02-18 07:00:00+00:00,106.93299865722656
2025-02-18 08:00:00+00:00,106.96399688720703
2025-02-18 09:00:00+00:00,106.90699768066406
2025-02-18 10:00:00+00:00,106.93399810791016
2025-02-18 11:00:00+00:00,106.91999816894531
2025-02-18 12:00:00+00:00,106.98200225830078
2025-02-18 13:00:00+00:00,107.0469970703125
2025-02-18 14:00:00+00:00,106.99299621582031
2025-02-18 15:00:00+00:00,106.86399841308594
2025-02-18 16:00:00+00:00,106.95099639892578
2025-02-18 17:00:00+00:00,107.0510025024414
2025-02-18 18:00:00+00:00,107.06300354003906
2025-02-18 19:00:00+00:00,107.05400085449219
2025-02-18 20:00:00+00:00,107.03700256347656
2025-02-18 21:00:00+00:00,107.0469970703125
2025-02-18 22:00:00+00:00,106.99299621582031
2025-02-18 23:00:00+00:00,107.02200317382812
2025-02-19 00:00:00+00:00,107.05999755859375
2025-02-19 01:00:00+00:00,107.0530014038086
2025-02-19 02:00:00+00:00,106.99700164794922
2025-02-19 03:00:00+00:00,106.98600006103516
2025-02-19 04:00:00+00:00,106.96499633789062
2025-02-19 05:00:00+00:00,106.93099975585938
2025-02-19 06:00:00+00:00,106.93399810791016
2025-02-19 07:00:00+00:00,106.96399688720703
2025-02-19 08:00:00+00:00,107.05000305175781
2025-02-19 09:00:00+00:00,107.12699890136719
2025-02-19 10:00:00+00:00,107.18299865722656
2025-02-19 11:00:00+00:00,107.2020034790039
2025-02-19 12:00:00+00:00,107.19400024414062
2025-02-19 13:00:00+00:00,107.11699676513672
2025-02-19 14:00:00+00:00,107.08399963378906
2025-02-19 15:00:00+00:00,107.16200256347656
2025-02-19 16:00:00+00:00,107.35299682617188
2025-02-19 17:00:00+00:00,107.31900024414062
2025-02-19 18:00:00+00:00,107.24400329589844
2025-02-19 19:00:00+00:00,107.1729965209961
2025-02-19 20:00:00+00:00,107.16500091552734
2025-02-19 21:00:00+00:00,107.19200134277344
2025-02-19 22:00:00+00:00,107.17500305175781
2025-02-19 23:00:00+00:00,107.16200256347656
2025-02-20 00:00:00+00:00,107.08999633789062
2025-02-20 01:00:00+00:00,107.125
2025-02-20 02:00:00+00:00,107.01200103759766
2025-02-20 03:00:00+00:00,107.01399993896484
2025-02-20 04:00:00+00:00,107.0009994506836
2025-02-20 05:00:00+00:00,107.03299713134766
2025-02-20 06:00:00+00:00,107.01499938964844
2025-02-20 07:00:00+00:00,106.98300170898438
2025-02-20 08:00:00+00:00,106.96299743652344
2025-02-20 09:00:00+00:00,106.9260025024414
2025-02-20 10:00:00+00:00,106.86299896240234
2025-02-20 11:00:00+00:00,106.91999816894531
2025-02-20 12:00:00+00:00,106.93399810791016
2025-02-20 13:00:00+00:00,106.84200286865234
2025-02-20 14:00:00+00:00,106.81099700927734
2025-02-20 15:00:00+00:00,106.56600189208984
2025-02-20 16:00:00+00:00,106.57599639892578
2025-02-20 17:00:00+00:00,106.44000244140625
2025-02-20 18:00:00+00:00,106.38899993896484
2025-02-20 19:00:00+00:00,106.37200164794922
2025-02-20 20:00:00+00:00,106.3479995727539
2025-02-20 21:00:00+00:00,106.3550033569336
2025-02-20 22:00:00+00:00,106.38300323486328
2025-02-20 23:00:00+00:00,106.33399963378906
2025-02-21 00:00:00+00:00,106.46299743652344
2025-02-21 01:00:00+00:00,106.54399871826172
2025-02-21 02:00:00+00:00,106.427001953125
2025-02-21 03:00:00+00:00,106.41400146484375
2025-02-21 04:00:00+00:00,106.44100189208984
2025-02-21 05:00:00+00:00,106.49800109863281
2025-02-21 06:00:00+00:00,106.54399871826172
2025-02-21 07:00:00+00:00,106.51000213623047
2025-02-21 08:00:00+00:00,106.61199951171875
2025-02-21 09:00:00+00:00,106.6780014038086
2025-02-21 10:00:00+00:00,106.68900299072266
2025-02-21 11:00:00+00:00,106.65399932861328
2025-02-21 12:00:00+00:00,106.73200225830078
2025-02-21 13:00:00+00:00,106.625
2025-02-21 14:00:00+00:00,106.50399780273438
2025-02-21 15:00:00+00:00,106.68900299072266
2025-02-21 16:00:00+00:00,106.66799926757812
2025-02-21 17:00:00+00:00,106.60299682617188
2025-02-21 18:00:00+00:00,106.62899780273438
2025-02-21 19:00:00+00:00,106.61199951171875
2025-02-21 20:00:00+00:00,106.63099670410156
2025-02-21 21:00:00+00:00,106.64299774169922
2025-02-23 22:00:00+00:00,106.64099884033203
2025-02-23 23:00:00+00:00,106.5479965209961
2025-02-24 00:00:00+00:00,106.27999877929688
2025-02-24 01:00:00+00:00,106.2040023803711
2025-02-24 02:00:00+00:00,106.16200256347656
2025-02-24 03:00:00+00:00,106.18000030517578
2025-02-24 04:00:00+00:00,106.21900177001953
2025-02-24 05:00:00+00:00,106.23500061035156
2025-02-24 06:00:00+00:00,106.3010025024414
2025-02-24 07:00:00+00:00,106.42500305175781
2025-02-24 08:00:00+00:00,106.5009994506836
2025-02-24 09:00:00+00:00,106.59200286865234
2025-02-24 10:00:00+00:00,106.54199981689453
2025-02-24 11:00:00+00:00,106.62899780273438
2025-02-24 12:00:00+00:00,106.63400268554688
2025-02-24 13:00:00+00:00,106.63700103759766
2025-02-24 14:00:00+00:00,106.6760025024414
2025-02-24 15:00:00+00:00,106.61399841308594
2025-02-24 16:00:00+00:00,106.55899810791016
2025-02-24 17:00:00+00:00,106.59200286865234
2025-02-24 18:00:00+00:00,106.52999877929688
2025-02-24 19:00:00+00:00,106.59600067138672
2025-02-24 20:00:00+00:00,106.697998046875
2025-02-24 21:00:00+00:00,106.67400360107422
2025-02-24 22:00:00+00:00,106.66600036621094
2025-02-24 23:00:00+00:00,106.70099639892578
2025-02-25 00:00:00+00:00,106.76200103759766
2025-02-25 01:00:00+00:00,106.73300170898438
2025-02-25 02:00:00+00:00,106.6240005493164
2025-02-25 03:00:00+00:00,106.62300109863281
2025-02-25 04:00:00+00:00,106.61499786376953
2025-02-25 05:00:00+00:00,106.59300231933594
2025-02-25 06:00:00+00:00,106.61299896240234
2025-02-25 07:00:00+00:00,106.66899871826172
2025-02-25 08:00:00+00:00,106.62699890136719
2025-02-25 09:00:00+00:00,106.62799835205078
2025-02-25 10:00:00+00:00,106.6449966430664
2025-02-25 11:00:00+00:00,106.49400329589844
2025-02-25 12:00:00+00:00,106.46099853515625
2025-02-25 13:00:00+00:00,106.38200378417969
2025-02-25 14:00:00+00:00,106.3489990234375
2025-02-25 15:00:00+00:00,106.38999938964844
2025-02-25 16:00:00+00:00,106.40399932861328
2025-02-25 17:00:00+00:00,106.35299682617188
2025-02-25 18:00:00+00:00,106.3219985961914
2025-02-25 19:00:00+00:00,106.30799865722656
2025-02-25 20:00:00+00:00,106.26100158691406
2025-02-25 21:00:00+00:00,106.28700256347656
2025-02-25 22:00:00+00:00,106.29399871826172
2025-02-25 23:00:00+00:00,106.28399658203125
2025-02-26 00:00:00+00:00,106.20099639892578
2025-02-26 01:00:00+00:00,106.29399871826172
2025-02-26 02:00:00+00:00,106.39800262451172
2025-02-26 03:00:00+00:00,106.41300201416016
2025-02-26 04:00:00+00:00,106.4800033569336
2025-02-26 05:00:00+00:00,106.51699829101562
2025-02-26 06:00:00+00:00,106.50299835205078
2025-02-26 07:00:00+00:00,106.49600219726562
2025-02-26 08:00:00+00:00,106.41500091552734
2025-02-26 09:00:00+00:00,106.46099853515625
2025-02-26 10:00:00+00:00,106.48999786376953
2025-02-26 11:00:00+00:00,106.5250015258789
2025-02-26 12:00:00+00:00,106.64399719238281
2025-02-26 13:00:00+00:00,106.57099914550781
2025-02-26 14:00:00+00:00,106.52899932861328
2025-02-26 15:00:00+00:00,106.38999938964844
2025-02-26 16:00:00+00:00,106.30799865722656
2025-02-26 17:00:00+00:00,106.43399810791016
2025-02-26 18:00:00+00:00,106.45099639892578
2025-02-26 19:00:00+00:00,106.41600036621094
2025-02-26 20:00:00+00:00,106.48899841308594
2025-02-26 21:00:00+00:00,106.50299835205078
2025-02-26 22:00:00+00:00,106.47200012207031
2025-02-26 23:00:00+00:00,106.47100067138672
2025-02-27 00:00:00+00:00,106.572998046875
2025-02-27 01:00:00+00:00,106.58899688720703
2025-02-27 02:00:00+00:00,106.63600158691406
2025-02-27 03:00:00+00:00,106.62100219726562
2025-02-27 05:00:00+00:00,106.69400024414062
2025-02-27 06:00:00+00:00,106.62699890136719
2025-02-27 07:00:00+00:00,106.59100341796875
2025-02-27 08:00:00+00:00,106.61599731445312
2025-02-27 09:00:00+00:00,106.58499908447266
2025-02-27 10:00:00+00:00,106.61799621582031
2025-02-27 11:00:00+00:00,106.6520004272461
2025-02-27 12:00:00+00:00,106.64199829101562
2025-02-27 13:00:00+00:00,107.0739974975586
2025-02-27 14:00:00+00:00,107.11399841308594
2025-02-27 15:00:00+00:00,107.16200256347656
2025-02-27 16:00:00+00:00,107.14600372314453
2025-02-27 17:00:00+00:00,107.2239990234375
2025-02-27 18:00:00+00:00,107.15699768066406
2025-02-27 19:00:00+00:00,107.24400329589844
2025-02-27 20:00:00+00:00,107.22599792480469
2025-02-27 21:00:00+00:00,107.28900146484375
2025-02-27 22:00:00+00:00,107.30699920654297
2025-02-27 23:00:00+00:00,107.29299926757812
2025-02-28 00:00:00+00:00,107.20899963378906
2025-02-28 01:00:00+00:00,107.33200073242188
2025-02-28 02:00:00+00:00,107.38899993896484
2025-02-28 03:00:00+00:00,107.35600280761719
2025-02-28 04:00:00+00:00,107.37300109863281
2025-02-28 05:00:00+00:00,107.37300109863281
2025-02-28 06:00:00+00:00,107.40799713134766
2025-02-28 07:00:00+00:00,107.38800048828125
2025-02-28 08:00:00+00:00,107.3550033569336
2025-02-28 09:00:00+00:00,107.36100006103516
2025-02-28 10:00:00+00:00,107.36499786376953
2025-02-28 11:00:00+00:00,107.3550033569336
2025-02-28 12:00:00+00:00,107.3270034790039
2025-02-28 13:00:00+00:00,107.3010025024414
2025-02-28 14:00:00+00:00,107.30799865722656
2025-02-28 15:00:00+00:00,107.35199737548828
2025-02-28 16:00:00+00:00,107.35700225830078
2025-02-28 17:00:00+00:00,107.36900329589844
2025-02-28 18:00:00+00:00,107.63099670410156
2025-02-28 19:00:00+00:00,107.61399841308594
2025-02-28 20:00:00+00:00,107.56099700927734
2025-02-28 21:00:00+00:00,107.56400299072266
2025-03-02 22:00:00+00:00,107.56400299072266
2025-03-02 23:00:00+00:00,107.33200073242188
2025-03-03 00:00:00+00:00,107.29900360107422
2025-03-03 01:00:00+00:00,107.2040023803711
2025-03-03 02:00:00+00:00,107.20700073242188
2025-03-03 03:00:00+00:00,107.24099731445312
2025-03-03 04:00:00+00:00,107.21299743652344
2025-03-03 05:00:00+00:00,107.25499725341797
2025-03-03 06:00:00+00:00,107.3010025024414
2025-03-03 07:00:00+00:00,107.27300262451172
2025-03-03 08:00:00+00:00,107.29499816894531
2025-03-03 09:00:00+00:00,107.10700225830078
2025-03-03 10:00:00+00:00,107.052001953125
2025-03-03 11:00:00+00:00,107.01200103759766
2025-03-03 12:00:00+00:00,106.87000274658203
2025-03-03 13:00:00+00:00,106.81999969482422
2025-03-03 14:00:00+00:00,106.7040023803711
2025-03-03 15:00:00+00:00,106.61299896240234
2025-03-03 16:00:00+00:00,106.50399780273438
2025-03-03 17:00:00+00:00,106.54199981689453
2025-03-03 18:00:00+00:00,106.59700012207031
2025-03-03 19:00:00+00:00,106.74700164794922
2025-03-03 20:00:00+00:00,106.5989990234375
2025-03-03 21:00:00+00:00,106.54499816894531
2025-03-03 22:00:00+00:00,106.55899810791016
2025-03-03 23:00:00+00:00,106.55500030517578
2025-03-04 00:00:00+00:00,106.51200103759766
2025-03-04 01:00:00+00:00,106.49800109863281
2025-03-04 02:00:00+00:00,106.59700012207031
2025-03-04 03:00:00+00:00,106.61199951171875
2025-03-04 04:00:00+00:00,106.59500122070312
2025-03-04 05:00:00+00:00,106.5770034790039
2025-03-04 06:00:00+00:00,106.56199645996094
2025-03-04 07:00:00+00:00,106.50399780273438
2025-03-04 08:00:00+00:00,106.27100372314453
2025-03-04 09:00:00+00:00,106.28700256347656
2025-03-04 10:00:00+00:00,106.27999877929688
2025-03-04 11:00:00+00:00,105.99400329589844
2025-03-04 12:00:00+00:00,105.9219970703125
2025-03-04 13:00:00+00:00,106.0530014038086
2025-03-04 14:00:00+00:00,106.22699737548828
2025-03-04 15:00:00+00:00,106.1969985961914
2025-03-04 16:00:00+00:00,106.19300079345703
2025-03-04 17:00:00+00:00,106.12300109863281
2025-03-04 18:00:00+00:00,105.81400299072266
2025-03-04 19:00:00+00:00,105.74299621582031
2025-03-04 20:00:00+00:00,105.65299987792969
2025-03-04 21:00:00+00:00,105.55400085449219
2025-03-04 22:00:00+00:00,105.58899688720703
2025-03-04 23:00:00+00:00,105.53099822998047
2025-03-05 00:00:00+00:00,105.61000061035156
2025-03-05 01:00:00+00:00,105.69999694824219
2025-03-05 02:00:00+00:00,105.75499725341797
2025-03-05 03:00:00+00:00,105.65599822998047
2025-03-05 04:00:00+00:00,105.64399719238281
2025-03-05 05:00:00+00:00,105.52899932861328
2025-03-05 06:00:00+00:00,105.5199966430664
2025-03-05 07:00:00+00:00,105.20700073242188
2025-03-05 08:00:00+00:00,104.99700164794922
2025-03-05 09:00:00+00:00,104.91400146484375
2025-03-05 10:00:00+00:00,105.00499725341797
2025-03-05 11:00:00+00:00,105.14199829101562
2025-03-05 12:00:00+00:00,105.0739974975586
2025-03-05 13:00:00+00:00,104.86000061035156
2025-03-05 14:00:00+00:00,104.427001953125
2025-03-05 15:00:00+00:00,104.53700256347656
2025-03-05 16:00:00+00:00,104.52100372314453
2025-03-05 17:00:00+00:00,104.38300323486328
2025-03-05 18:00:00+00:00,104.44300079345703
2025-03-05 19:00:00+00:00,104.3030014038086
2025-03-05 20:00:00+00:00,104.2969970703125
2025-03-05 21:00:00+00:00,104.3219985961914
2025-03-05 22:00:00+00:00,104.30699920654297
2025-03-05 23:00:00+00:00,104.27200317382812
2025-03-06 00:00:00+00:00,104.3270034790039
2025-03-06 01:00:00+00:00,104.14399719238281
2025-03-06 02:00:00+00:00,104.24400329589844
2025-03-06 03:00:00+00:00,104.3550033569336
2025-03-06 04:00:00+00:00,104.24299621582031
2025-03-06 05:00:00+00:00,104.18599700927734
2025-03-06 06:00:00+00:00,104.21499633789062
2025-03-06 07:00:00+00:00,104.18299865722656
2025-03-06 08:00:00+00:00,104.14700317382812
2025-03-06 09:00:00+00:00,104.1240005493164
2025-03-06 10:00:00+00:00,104.18099975585938
2025-03-06 11:00:00+00:00,104.12699890136719
2025-03-06 12:00:00+00:00,104.13200378417969
2025-03-06 13:00:00+00:00,103.95700073242188
2025-03-06 14:00:00+00:00,103.86599731445312
2025-03-06 15:00:00+00:00,104.02799987792969
2025-03-06 16:00:00+00:00,103.98500061035156
2025-03-06 17:00:00+00:00,104.12899780273438
2025-03-06 18:00:00+00:00,104.2040023803711
2025-03-06 19:00:00+00:00,104.06199645996094
2025-03-06 20:00:00+00:00,104.18699645996094
2025-03-06 21:00:00+00:00,104.20600128173828
2025-03-06 22:00:00+00:00,104.16600036621094
2025-03-06 23:00:00+00:00,104.13600158691406
2025-03-07 00:00:00+00:00,104.1780014038086
2025-03-07 01:00:00+00:00,104.16400146484375
2025-03-07 02:00:00+00:00,104.0739974975586
2025-03-07 03:00:00+00:00,104.04199981689453
2025-03-07 04:00:00+00:00,104.01100158691406
2025-03-07 05:00:00+00:00,103.98300170898438
2025-03-07 06:00:00+00:00,103.90799713134766
2025-03-07 07:00:00+00:00,103.87100219726562
2025-03-07 08:00:00+00:00,103.68099975585938
2025-03-07 09:00:00+00:00,103.61699676513672
2025-03-07 10:00:00+00:00,103.66300201416016
2025-03-07 11:00:00+00:00,103.7509994506836
2025-03-07 12:00:00+00:00,103.73999786376953
2025-03-07 13:00:00+00:00,103.77200317382812
2025-03-07 14:00:00+00:00,103.71099853515625
2025-03-07 15:00:00+00:00,103.61399841308594
2025-03-07 16:00:00+00:00,103.66400146484375
2025-03-07 17:00:00+00:00,103.81800079345703
2025-03-07 18:00:00+00:00,103.8759994506836
2025-03-07 19:00:00+00:00,103.83799743652344
2025-03-07 20:00:00+00:00,103.80899810791016
2025-03-07 21:00:00+00:00,103.90499877929688
2025-03-09 21:00:00+00:00,103.90499877929688
2025-03-09 22:00:00+00:00,103.75399780273438
2025-03-09 23:00:00+00:00,103.697998046875
2025-03-10 00:00:00+00:00,103.61499786376953
2025-03-10 01:00:00+00:00,103.7020034790039
2025-03-10 02:00:00+00:00,103.83899688720703
2025-03-10 03:00:00+00:00,103.88400268554688
2025-03-10 04:00:00+00:00,103.88300323486328
2025-03-10 05:00:00+00:00,103.84200286865234
2025-03-10 06:00:00+00:00,103.84100341796875
2025-03-10 07:00:00+00:00,103.93000030517578
2025-03-10 08:00:00+00:00,104.00299835205078
2025-03-10 09:00:00+00:00,103.72599792480469
2025-03-10 10:00:00+00:00,103.64600372314453
2025-03-10 11:00:00+00:00,103.72200012207031
2025-03-10 12:00:00+00:00,103.76000213623047
2025-03-10 13:00:00+00:00,103.8239974975586
2025-03-10 14:00:00+00:00,103.74500274658203
2025-03-10 15:00:00+00:00,103.86699676513672
2025-03-10 16:00:00+00:00,103.93399810791016
2025-03-10 17:00:00+00:00,103.947998046875
2025-03-10 18:00:00+00:00,103.9749984741211
2025-03-10 19:00:00+00:00,103.94000244140625
2025-03-10 20:00:00+00:00,103.92400360107422
2025-03-10 21:00:00+00:00,103.91000366210938
2025-03-10 22:00:00+00:00,103.90299987792969
2025-03-10 23:00:00+00:00,103.86799621582031
2025-03-11 00:00:00+00:00,103.74800109863281
2025-03-11 01:00:00+00:00,103.70700073242188
2025-03-11 02:00:00+00:00,103.72899627685547
2025-03-11 03:00:00+00:00,103.77400207519531
2025-03-11 04:00:00+00:00,103.74600219726562
2025-03-11 05:00:00+00:00,103.89800262451172
2025-03-11 06:00:00+00:00,103.76399993896484
2025-03-11 07:00:00+00:00,103.49299621582031
2025-03-11 08:00:00+00:00,103.35900115966797
2025-03-11 09:00:00+00:00,103.41100311279297
2025-03-11 10:00:00+00:00,103.56400299072266
2025-03-11 11:00:00+00:00,103.47899627685547
2025-03-11 12:00:00+00:00,103.40499877929688
2025-03-11 13:00:00+00:00,103.39900207519531
2025-03-11 14:00:00+00:00,103.427001953125
2025-03-11 15:00:00+00:00,103.34700012207031
2025-03-11 16:00:00+00:00,103.36299896240234
2025-03-11 17:00:00+00:00,103.28199768066406
2025-03-11 18:00:00+00:00,103.28900146484375
2025-03-11 19:00:00+00:00,103.36799621582031
2025-03-11 20:00:00+00:00,103.39900207519531
2025-03-11 21:00:00+00:00,103.43800354003906
2025-03-11 22:00:00+00:00,103.41699981689453
2025-03-11 23:00:00+00:00,103.45500183105469
2025-03-12 00:00:00+00:00,103.5009994506836
2025-03-12 01:00:00+00:00,103.51000213623047
2025-03-12 02:00:00+00:00,103.53299713134766
2025-03-12 03:00:00+00:00,103.59200286865234
2025-03-12 04:00:00+00:00,103.59100341796875
2025-03-12 05:00:00+00:00,103.53800201416016
2025-03-12 06:00:00+00:00,103.65899658203125
2025-03-12 07:00:00+00:00,103.60600280761719
2025-03-12 08:00:00+00:00,103.45700073242188
2025-03-12 09:00:00+00:00,103.54100036621094
2025-03-12 10:00:00+00:00,103.58799743652344
2025-03-12 11:00:00+00:00,103.61499786376953
2025-03-12 12:00:00+00:00,103.77400207519531
2025-03-12 13:00:00+00:00,103.73899841308594
2025-03-12 14:00:00+00:00,103.48799896240234
2025-03-12 15:00:00+00:00,103.4020004272461
2025-03-12 16:00:00+00:00,103.48600006103516
2025-03-12 17:00:00+00:00,103.47000122070312
2025-03-12 18:00:00+00:00,103.61199951171875
2025-03-12 19:00:00+00:00,103.57599639892578
2025-03-12 20:00:00+00:00,103.58799743652344
2025-03-12 21:00:00+00:00,103.58999633789062
2025-03-12 22:00:00+00:00,103.56999969482422
2025-03-12 23:00:00+00:00,103.5979995727539
2025-03-13 00:00:00+00:00,103.53900146484375
2025-03-13 01:00:00+00:00,103.56199645996094
2025-03-13 02:00:00+00:00,103.52799987792969
2025-03-13 03:00:00+00:00,103.59300231933594
2025-03-13 04:00:00+00:00,103.5270004272461
2025-03-13 05:00:00+00:00,103.56999969482422
2025-03-13 06:00:00+00:00,103.65499877929688
2025-03-13 07:00:00+00:00,103.7030029296875
2025-03-13 08:00:00+00:00,103.68000030517578
2025-03-13 09:00:00+00:00,103.6500015258789
2025-03-13 10:00:00+00:00,103.7229995727539
2025-03-13 11:00:00+00:00,103.80699920654297
2025-03-13 12:00:00+00:00,103.98500061035156
2025-03-13 13:00:00+00:00,103.86900329589844
2025-03-13 14:00:00+00:00,103.72899627685547
2025-03-13 15:00:00+00:00,103.79100036621094
2025-03-13 16:00:00+00:00,103.70999908447266
2025-03-13 17:00:00+00:00,103.84300231933594
2025-03-13 18:00:00+00:00,103.8280029296875
2025-03-13 19:00:00+00:00,103.86599731445312
2025-03-13 20:00:00+00:00,103.84200286865234
2025-03-13 21:00:00+00:00,103.83499908447266
2025-03-13 22:00:00+00:00,103.83399963378906
2025-03-13 23:00:00+00:00,103.83100128173828
2025-03-14 00:00:00+00:00,103.91300201416016
2025-03-14 01:00:00+00:00,103.96099853515625
2025-03-14 02:00:00+00:00,103.97799682617188
2025-03-14 03:00:00+00:00,103.9469985961914
2025-03-14 04:00:00+00:00,103.98899841308594
2025-03-14 05:00:00+00:00,103.91799926757812
2025-03-14 06:00:00+00:00,104.02400207519531
2025-03-14 07:00:00+00:00,104.03700256347656
2025-03-14 08:00:00+00:00,103.94100189208984
2025-03-14 09:00:00+00:00,103.97200012207031
2025-03-14 10:00:00+00:00,103.68000030517578
2025-03-14 11:00:00+00:00,103.66999816894531
2025-03-14 12:00:00+00:00,103.66899871826172
2025-03-14 13:00:00+00:00,103.7979965209961
2025-03-14 14:00:00+00:00,103.74500274658203
2025-03-14 15:00:00+00:00,103.78700256347656
2025-03-14 16:00:00+00:00,103.69200134277344
2025-03-14 17:00:00+00:00,103.70800018310547
2025-03-14 18:00:00+00:00,103.71800231933594
2025-03-14 19:00:00+00:00,103.7020034790039
2025-03-14 20:00:00+00:00,103.73500061035156
2025-03-16 21:00:00+00:00,103.73500061035156
2025-03-16 22:00:00+00:00,103.7040023803711
2025-03-16 23:00:00+00:00,103.7239990234375
2025-03-17 00:00:00+00:00,103.74299621582031
2025-03-17 01:00:00+00:00,103.70099639892578
2025-03-17 02:00:00+00:00,103.71199798583984
2025-03-17 03:00:00+00:00,103.71499633789062
2025-03-17 04:00:00+00:00,103.75
2025-03-17 05:00:00+00:00,103.77799987792969
2025-03-17 06:00:00+00:00,103.7770004272461
2025-03-17 07:00:00+00:00,103.75299835205078
2025-03-17 08:00:00+00:00,103.70899963378906
2025-03-17 09:00:00+00:00,103.57599639892578
2025-03-17 10:00:00+00:00,103.49199676513672
2025-03-17 11:00:00+00:00,103.5199966430664
2025-03-17 12:00:00+00:00,103.5479965209961
2025-03-17 13:00:00+00:00,103.51100158691406
2025-03-17 14:00:00+00:00,103.40499877929688
2025-03-17 15:00:00+00:00,103.35600280761719
2025-03-17 16:00:00+00:00,103.36199951171875
2025-03-17 17:00:00+00:00,103.42900085449219
2025-03-17 18:00:00+00:00,103.37000274658203
2025-03-17 19:00:00+00:00,103.39700317382812
2025-03-17 20:00:00+00:00,103.40499877929688
2025-03-17 21:00:00+00:00,103.4000015258789
2025-03-17 22:00:00+00:00,103.40699768066406
2025-03-17 23:00:00+00:00,103.46199798583984
2025-03-18 00:00:00+00:00,103.4800033569336
2025-03-18 01:00:00+00:00,103.49700164794922
2025-03-18 02:00:00+00:00,103.55899810791016
2025-03-18 03:00:00+00:00,103.56600189208984
2025-03-18 04:00:00+00:00,103.53199768066406
2025-03-18 05:00:00+00:00,103.57099914550781
2025-03-18 06:00:00+00:00,103.48200225830078
2025-03-18 07:00:00+00:00,103.39700317382812
2025-03-18 08:00:00+00:00,103.25800323486328
2025-03-18 09:00:00+00:00,103.26399993896484
2025-03-18 10:00:00+00:00,103.37100219726562
2025-03-18 11:00:00+00:00,103.50800323486328
2025-03-18 12:00:00+00:00,103.53600311279297
2025-03-18 13:00:00+00:00,103.50800323486328
2025-03-18 14:00:00+00:00,103.49500274658203
2025-03-18 15:00:00+00:00,103.38999938964844
2025-03-18 16:00:00+00:00,103.30599975585938
2025-03-18 17:00:00+00:00,103.20700073242188
2025-03-18 18:00:00+00:00,103.24400329589844
2025-03-18 19:00:00+00:00,103.22799682617188
2025-03-18 20:00:00+00:00,103.2509994506836
2025-03-18 21:00:00+00:00,103.24700164794922
2025-03-18 22:00:00+00:00,103.24400329589844
2025-03-18 23:00:00+00:00,103.3030014038086
2025-03-19 00:00:00+00:00,103.3489990234375
2025-03-19 01:00:00+00:00,103.32599639892578
2025-03-19 02:00:00+00:00,103.2959976196289
2025-03-19 03:00:00+00:00,103.3010025024414
2025-03-19 04:00:00+00:00,103.38500213623047
2025-03-19 05:00:00+00:00,103.40299987792969
2025-03-19 06:00:00+00:00,103.46099853515625
2025-03-19 07:00:00+00:00,103.61299896240234
2025-03-19 08:00:00+00:00,103.55500030517578
2025-03-19 09:00:00+00:00,103.60600280761719
2025-03-19 10:00:00+00:00,103.6259994506836
2025-03-19 11:00:00+00:00,103.55999755859375
2025-03-19 12:00:00+00:00,103.62300109863281
2025-03-19 13:00:00+00:00,103.68599700927734
2025-03-19 14:00:00+00:00,103.73600006103516
2025-03-19 15:00:00+00:00,103.79499816894531
2025-03-19 16:00:00+00:00,103.72799682617188
2025-03-19 17:00:00+00:00,103.82599639892578
2025-03-19 18:00:00+00:00,103.4280014038086
2025-03-19 19:00:00+00:00,103.51000213623047
2025-03-19 20:00:00+00:00,103.46800231933594
2025-03-19 21:00:00+00:00,103.46199798583984
2025-03-19 22:00:00+00:00,103.46099853515625
2025-03-19 23:00:00+00:00,103.38300323486328
2025-03-20 00:00:00+00:00,103.36399841308594
2025-03-20 01:00:00+00:00,103.41300201416016
2025-03-20 02:00:00+00:00,103.39700317382812
2025-03-20 03:00:00+00:00,103.38999938964844
2025-03-20 04:00:00+00:00,103.43599700927734
2025-03-20 05:00:00+00:00,103.48600006103516
2025-03-20 06:00:00+00:00,103.50299835205078
2025-03-20 07:00:00+00:00,103.63600158691406
2025-03-20 08:00:00+00:00,103.73200225830078
2025-03-20 09:00:00+00:00,103.88300323486328
2025-03-20 10:00:00+00:00,103.90899658203125
2025-03-20 11:00:00+00:00,103.86499786376953
2025-03-20 12:00:00+00:00,103.97799682617188
2025-03-20 13:00:00+00:00,104.04399871826172
2025-03-20 14:00:00+00:00,103.9749984741211
2025-03-20 15:00:00+00:00,103.85700225830078
2025-03-20 16:00:00+00:00,103.8479995727539
2025-03-20 17:00:00+00:00,103.87100219726562
2025-03-20 18:00:00+00:00,103.85099792480469
2025-03-20 19:00:00+00:00,103.80400085449219
2025-03-20 20:00:00+00:00,103.81199645996094
2025-03-20 21:00:00+00:00,103.80000305175781
2025-03-20 22:00:00+00:00,103.7979965209961
2025-03-20 23:00:00+00:00,103.7959976196289
2025-03-21 00:00:00+00:00,103.83300018310547
2025-03-21 01:00:00+00:00,103.84600067138672
2025-03-21 02:00:00+00:00,103.9010009765625
2025-03-21 03:00:00+00:00,103.98699951171875
2025-03-21 04:00:00+00:00,104.0469970703125
2025-03-21 05:00:00+00:00,104.08200073242188
2025-03-21 06:00:00+00:00,104.03700256347656
2025-03-21 07:00:00+00:00,103.96800231933594
2025-03-21 08:00:00+00:00,104.0009994506836
2025-03-21 09:00:00+00:00,104.06099700927734
2025-03-21 10:00:00+00:00,103.947998046875
2025-03-21 11:00:00+00:00,103.83899688720703
2025-03-21 12:00:00+00:00,103.9469985961914
2025-03-21 13:00:00+00:00,103.97699737548828
2025-03-21 14:00:00+00:00,104.0199966430664
2025-03-21 15:00:00+00:00,104.18399810791016
2025-03-21 16:00:00+00:00,104.10600280761719
2025-03-21 17:00:00+00:00,104.07499694824219
2025-03-21 18:00:00+00:00,104.08799743652344
2025-03-21 19:00:00+00:00,104.1259994506836
2025-03-21 20:00:00+00:00,104.14700317382812
2025-03-23 21:00:00+00:00,104.14700317382812
2025-03-23 22:00:00+00:00,104.12799835205078
2025-03-23 23:00:00+00:00,104.02899932861328
2025-03-24 00:00:00+00:00,104.02200317382812
2025-03-24 01:00:00+00:00,104.11299896240234
2025-03-24 02:00:00+00:00,104.12699890136719
2025-03-24 03:00:00+00:00,104.15499877929688
2025-03-24 04:00:00+00:00,104.14299774169922
2025-03-24 05:00:00+00:00,104.08399963378906
2025-03-24 06:00:00+00:00,103.99600219726562
2025-03-24 07:00:00+00:00,103.98899841308594
2025-03-24 08:00:00+00:00,103.9530029296875
2025-03-24 09:00:00+00:00,103.95600128173828
2025-03-24 10:00:00+00:00,103.9000015258789
2025-03-24 11:00:00+00:00,104.03299713134766
2025-03-24 12:00:00+00:00,104.06900024414062
2025-03-24 13:00:00+00:00,104.33899688720703
2025-03-24 14:00:00+00:00,104.30899810791016
2025-03-24 15:00:00+00:00,104.35800170898438
2025-03-24 16:00:00+00:00,104.3740005493164
2025-03-24 17:00:00+00:00,104.3949966430664
2025-03-24 18:00:00+00:00,104.26200103759766
2025-03-24 19:00:00+00:00,104.3010025024414
2025-03-24 20:00:00+00:00,104.31300354003906
2025-03-24 21:00:00+00:00,104.31600189208984
2025-03-24 22:00:00+00:00,104.31099700927734
2025-03-24 23:00:00+00:00,104.30699920654297
2025-03-25 00:00:00+00:00,104.34400177001953
2025-03-25 01:00:00+00:00,104.29900360107422
2025-03-25 02:00:00+00:00,104.35399627685547
2025-03-25 03:00:00+00:00,104.28600311279297
2025-03-25 04:00:00+00:00,104.28299713134766
2025-03-25 05:00:00+00:00,104.2699966430664
2025-03-25 06:00:00+00:00,104.3489990234375
2025-03-25 07:00:00+00:00,104.4010009765625
2025-03-25 08:00:00+00:00,104.37000274658203
2025-03-25 09:00:00+00:00,104.26599884033203
2025-03-25 10:00:00+00:00,104.0739974975586
2025-03-25 11:00:00+00:00,104.08399963378906
2025-03-25 12:00:00+00:00,103.98999786376953
2025-03-25 13:00:00+00:00,104.03299713134766
2025-03-25 14:00:00+00:00,104.06700134277344
2025-03-25 15:00:00+00:00,104.14900207519531
2025-03-25 16:00:00+00:00,104.10299682617188
2025-03-25 17:00:00+00:00,104.08300018310547
2025-03-25 18:00:00+00:00,104.18399810791016
2025-03-25 19:00:00+00:00,104.19000244140625
2025-03-25 20:00:00+00:00,104.21099853515625
2025-03-25 21:00:00+00:00,104.2040023803711
2025-03-25 22:00:00+00:00,104.21299743652344
2025-03-25 23:00:00+00:00,104.23300170898438
2025-03-26 00:00:00+00:00,104.29900360107422
2025-03-26 01:00:00+00:00,104.21299743652344
2025-03-26 02:00:00+00:00,104.22200012207031
2025-03-26 03:00:00+00:00,104.322998046875
2025-03-26 04:00:00+00:00,104.33000183105469
2025-03-26 05:00:00+00:00,104.32499694824219
2025-03-26 06:00:00+00:00,104.29299926757812
2025-03-26 07:00:00+00:00,104.31700134277344
2025-03-26 08:00:00+00:00,104.21399688720703
2025-03-26 09:00:00+00:00,104.2300033569336
2025-03-26 10:00:00+00:00,104.26200103759766
2025-03-26 11:00:00+00:00,104.27899932861328
2025-03-26 12:00:00+00:00,104.35900115966797
2025-03-26 13:00:00+00:00,104.39900207519531
2025-03-26 14:00:00+00:00,104.30699920654297
2025-03-26 15:00:00+00:00,104.39299774169922
2025-03-26 16:00:00+00:00,104.33799743652344
2025-03-26 17:00:00+00:00,104.53700256347656
2025-03-26 18:00:00+00:00,104.5469970703125
2025-03-26 19:00:00+00:00,104.5780029296875
2025-03-26 20:00:00+00:00,104.54299926757812
2025-03-26 21:00:00+00:00,104.6760025024414
2025-03-26 22:00:00+00:00,104.66600036621094
2025-03-26 23:00:00+00:00,104.64900207519531
2025-03-27 00:00:00+00:00,104.54199981689453
2025-03-27 01:00:00+00:00,104.43199920654297
2025-03-27 02:00:00+00:00,104.34700012207031
2025-03-27 03:00:00+00:00,104.33100128173828
2025-03-27 04:00:00+00:00,104.30999755859375
2025-03-27 05:00:00+00:00,104.40299987792969
2025-03-27 06:00:00+00:00,104.37999725341797
2025-03-27 07:00:00+00:00,104.4749984741211
2025-03-27 08:00:00+00:00,104.40499877929688
2025-03-27 09:00:00+00:00,104.4749984741211
2025-03-27 10:00:00+00:00,104.3949966430664
2025-03-27 11:00:00+00:00,104.36000061035156
2025-03-27 12:00:00+00:00,104.3290023803711
2025-03-27 13:00:00+00:00,104.41000366210938
2025-03-27 14:00:00+00:00,104.35900115966797
2025-03-27 15:00:00+00:00,104.26699829101562
2025-03-27 16:00:00+00:00,104.27799987792969
2025-03-27 17:00:00+00:00,104.33499908447266
2025-03-27 18:00:00+00:00,104.33499908447266
2025-03-27 19:00:00+00:00,104.2979965209961
2025-03-27 20:00:00+00:00,104.25599670410156
2025-03-27 21:00:00+00:00,104.2750015258789
2025-03-27 22:00:00+00:00,104.27999877929688
2025-03-27 23:00:00+00:00,104.23999786376953
2025-03-28 00:00:00+00:00,104.29299926757812
2025-03-28 01:00:00+00:00,104.28500366210938
2025-03-28 02:00:00+00:00,104.28399658203125
2025-03-28 03:00:00+00:00,104.31099700927734
2025-03-28 04:00:00+00:00,104.33399963378906
2025-03-28 05:00:00+00:00,104.30400085449219
2025-03-28 06:00:00+00:00,104.33300018310547
2025-03-28 07:00:00+00:00,104.29499816894531
2025-03-28 08:00:00+00:00,104.3740005493164
2025-03-28 09:00:00+00:00,104.40799713134766
2025-03-28 10:00:00+00:00,104.46900177001953
2025-03-28 11:00:00+00:00,104.45999908447266
2025-03-28 12:00:00+00:00,104.322998046875
2025-03-28 13:00:00+00:00,104.1510009765625
2025-03-28 14:00:00+00:00,104.05999755859375
2025-03-28 15:00:00+00:00,104.0479965209961
2025-03-28 16:00:00+00:00,104.04900360107422
2025-03-28 17:00:00+00:00,104.06500244140625
2025-03-28 18:00:00+00:00,104.04399871826172
2025-03-28 19:00:00+00:00,104.01399993896484
2025-03-28 20:00:00+00:00,104.01100158691406
2025-03-30 21:00:00+00:00,104.01100158691406
2025-03-30 22:00:00+00:00,104.00800323486328
2025-03-30 23:00:00+00:00,104.0
2025-03-31 00:00:00+00:00,103.85299682617188
2025-03-31 01:00:00+00:00,103.89299774169922
2025-03-31 02:00:00+00:00,103.81099700927734
2025-03-31 03:00:00+00:00,103.86900329589844
2025-03-31 04:00:00+00:00,103.87699890136719
2025-03-31 05:00:00+00:00,103.87300109863281
2025-03-31 06:00:00+00:00,103.85099792480469
2025-03-31 07:00:00+00:00,103.91899871826172
2025-03-31 08:00:00+00:00,103.95500183105469
2025-03-31 09:00:00+00:00,104.06300354003906
2025-03-31 10:00:00+00:00,104.05899810791016
2025-03-31 11:00:00+00:00,104.03500366210938
2025-03-31 12:00:00+00:00,104.1969985961914
2025-03-31 13:00:00+00:00,104.18499755859375
2025-03-31 14:00:00+00:00,104.24299621582031
2025-03-31 15:00:00+00:00,104.33200073242188
2025-03-31 16:00:00+00:00,104.21299743652344
2025-03-31 17:00:00+00:00,104.21299743652344
2025-03-31 18:00:00+00:00,104.20999908447266
2025-03-31 19:00:00+00:00,104.2020034790039
2025-03-31 20:00:00+00:00,104.19499969482422
2025-03-31 21:00:00+00:00,104.16000366210938
2025-03-31 22:00:00+00:00,104.18299865722656
2025-03-31 23:00:00+00:00,104.17900085449219
2025-04-01 00:00:00+00:00,104.10299682617188
2025-04-01 01:00:00+00:00,104.14700317382812
2025-04-01 02:00:00+00:00,104.10800170898438
2025-04-01 03:00:00+00:00,104.0770034790039
2025-04-01 04:00:00+00:00,104.06199645996094
2025-04-01 05:00:00+00:00,104.22699737548828
2025-04-01 06:00:00+00:00,104.21600341796875
2025-04-01 07:00:00+00:00,104.23999786376953
2025-04-01 08:00:00+00:00,104.11699676513672
2025-04-01 09:00:00+00:00,104.09400177001953
2025-04-01 10:00:00+00:00,104.22100067138672
2025-04-01 11:00:00+00:00,104.32499694824219
2025-04-01 12:00:00+00:00,104.31199645996094
2025-04-01 13:00:00+00:00,104.34100341796875
2025-04-01 14:00:00+00:00,104.09300231933594
2025-04-01 15:00:00+00:00,104.1510009765625
2025-04-01 16:00:00+00:00,104.16300201416016
2025-04-01 17:00:00+00:00,104.21199798583984
2025-04-01 18:00:00+00:00,104.26000213623047
2025-04-01 19:00:00+00:00,104.23600006103516
2025-04-01 20:00:00+00:00,104.21900177001953
2025-04-01 21:00:00+00:00,104.2030029296875
2025-04-01 22:00:00+00:00,104.19999694824219
2025-04-01 23:00:00+00:00,104.20899963378906
2025-04-02 00:00:00+00:00,104.25599670410156
2025-04-02 01:00:00+00:00,104.2249984741211
2025-04-02 02:00:00+00:00,104.21299743652344
2025-04-02 03:00:00+00:00,104.2030029296875
2025-04-02 04:00:00+00:00,104.24099731445312
2025-04-02 05:00:00+00:00,104.26699829101562
2025-04-02 06:00:00+00:00,104.23100280761719
2025-04-02 07:00:00+00:00,104.23200225830078
2025-04-02 08:00:00+00:00,104.18399810791016
2025-04-02 09:00:00+00:00,104.08499908447266
2025-04-02 10:00:00+00:00,104.16300201416016
2025-04-02 11:00:00+00:00,104.08100128173828
2025-04-02 12:00:00+00:00,103.97699737548828
2025-04-02 13:00:00+00:00,103.9729995727539
2025-04-02 14:00:00+00:00,103.75800323486328
2025-04-02 15:00:00+00:00,103.73100280761719
2025-04-02 16:00:00+00:00,103.85900115966797
2025-04-02 17:00:00+00:00,103.85399627685547
2025-04-02 18:00:00+00:00,103.80699920654297
2025-04-02 19:00:00+00:00,103.83899688720703
2025-04-02 20:00:00+00:00,103.65599822998047
2025-04-02 21:00:00+00:00,103.78500366210938
2025-04-02 22:00:00+00:00,103.68900299072266
2025-04-02 23:00:00+00:00,103.15599822998047
2025-04-03 00:00:00+00:00,103.27200317382812
2025-04-03 01:00:00+00:00,103.11000061035156
2025-04-03 02:00:00+00:00,103.09700012207031
2025-04-03 03:00:00+00:00,103.0479965209961
2025-04-03 04:00:00+00:00,103.12200164794922
2025-04-03 05:00:00+00:00,102.7770004272461
2025-04-03 06:00:00+00:00,102.40399932861328
2025-04-03 07:00:00+00:00,102.54399871826172
2025-04-03 08:00:00+00:00,102.21900177001953
2025-04-03 09:00:00+00:00,102.06800079345703
2025-04-03 10:00:00+00:00,101.98899841308594
2025-04-03 11:00:00+00:00,101.6520004272461
2025-04-03 12:00:00+00:00,101.65299987792969
2025-04-03 13:00:00+00:00,101.61299896240234
2025-04-03 14:00:00+00:00,101.39900207519531
2025-04-03 15:00:00+00:00,101.91400146484375
2025-04-03 16:00:00+00:00,101.99500274658203
2025-04-03 17:00:00+00:00,102.10299682617188
2025-04-03 18:00:00+00:00,102.0719985961914
2025-04-03 19:00:00+00:00,102.12300109863281
2025-04-03 20:00:00+00:00,101.9489974975586
2025-04-03 21:00:00+00:00,101.93000030517578
2025-04-03 22:00:00+00:00,101.93900299072266
2025-04-03 23:00:00+00:00,102.01399993896484
2025-04-04 00:00:00+00:00,101.86399841308594
2025-04-04 01:00:00+00:00,101.83000183105469
2025-04-04 02:00:00+00:00,101.89399719238281
2025-04-04 03:00:00+00:00,101.66799926757812
2025-04-04 04:00:00+00:00,101.68099975585938
2025-04-04 05:00:00+00:00,101.7300033569336
2025-04-04 06:00:00+00:00,102.0250015258789
2025-04-04 07:00:00+00:00,102.40699768066406
2025-04-04 08:00:00+00:00,102.46299743652344
2025-04-04 09:00:00+00:00,102.54199981689453
2025-04-04 10:00:00+00:00,102.12999725341797
2025-04-04 11:00:00+00:00,102.01499938964844
2025-04-04 12:00:00+00:00,102.29499816894531
2025-04-04 13:00:00+00:00,102.40399932861328
2025-04-04 14:00:00+00:00,102.59300231933594
2025-04-04 15:00:00+00:00,102.43399810791016
2025-04-04 16:00:00+00:00,102.81900024414062
2025-04-04 17:00:00+00:00,103.00800323486328
2025-04-04 18:00:00+00:00,103.02300262451172
2025-04-04 19:00:00+00:00,103.04000091552734
2025-04-04 20:00:00+00:00,102.89299774169922
2025-04-06 22:00:00+00:00,102.61900329589844
2025-04-06 23:00:00+00:00,102.6050033569336
2025-04-07 00:00:00+00:00,102.77899932861328
2025-04-07 01:00:00+00:00,102.8270034790039
2025-04-07 02:00:00+00:00,103.09600067138672
2025-04-07 03:00:00+00:00,102.94100189208984
2025-04-07 04:00:00+00:00,102.65299987792969
2025-04-07 05:00:00+00:00,102.41200256347656
2025-04-07 06:00:00+00:00,102.51300048828125
2025-04-07 07:00:00+00:00,102.54299926757812
2025-04-07 08:00:00+00:00,102.69300079345703
2025-04-07 09:00:00+00:00,102.90499877929688
2025-04-07 10:00:00+00:00,102.9520034790039
2025-04-07 11:00:00+00:00,102.9209976196289
2025-04-07 12:00:00+00:00,102.91899871826172
2025-04-07 13:00:00+00:00,103.13800048828125
2025-04-07 14:00:00+00:00,103.33100128173828
2025-04-07 15:00:00+00:00,103.46499633789062
2025-04-07 16:00:00+00:00,103.35299682617188
2025-04-07 17:00:00+00:00,103.23200225830078
2025-04-07 18:00:00+00:00,103.25599670410156
2025-04-07 19:00:00+00:00,103.46900177001953
2025-04-07 20:00:00+00:00,103.49500274658203
2025-04-07 21:00:00+00:00,103.44000244140625
2025-04-07 22:00:00+00:00,103.46800231933594
2025-04-07 23:00:00+00:00,103.43000030517578
2025-04-08 00:00:00+00:00,103.21499633789062
2025-04-08 01:00:00+00:00,103.04299926757812
2025-04-08 02:00:00+00:00,102.93599700927734
2025-04-08 03:00:00+00:00,103.01000213623047
2025-04-08 04:00:00+00:00,102.94100189208984
2025-04-08 05:00:00+00:00,102.9739990234375
2025-04-08 06:00:00+00:00,102.86499786376953
2025-04-08 07:00:00+00:00,103.27400207519531
2025-04-08 08:00:00+00:00,103.18900299072266
2025-04-08 09:00:00+00:00,103.2770004272461
2025-04-08 10:00:00+00:00,103.19999694824219
2025-04-08 11:00:00+00:00,103.11499786376953
2025-04-08 12:00:00+00:00,103.01100158691406
2025-04-08 13:00:00+00:00,103.13099670410156
2025-04-08 14:00:00+00:00,103.33000183105469
2025-04-08 15:00:00+00:00,103.27200317382812
2025-04-08 16:00:00+00:00,103.11499786376953
2025-04-08 17:00:00+00:00,103.10199737548828
2025-04-08 18:00:00+00:00,102.95500183105469
2025-04-08 19:00:00+00:00,102.9530029296875
2025-04-08 20:00:00+00:00,102.96600341796875
2025-04-08 21:00:00+00:00,102.9540023803711
2025-04-08 22:00:00+00:00,102.90899658203125
2025-04-08 23:00:00+00:00,102.7770004272461
2025-04-09 00:00:00+00:00,102.48300170898438
2025-04-09 01:00:00+00:00,102.4280014038086
2025-04-09 02:00:00+00:00,102.45800018310547
2025-04-09 03:00:00+00:00,102.44400024414062
2025-04-09 04:00:00+00:00,102.08399963378906
2025-04-09 05:00:00+00:00,102.13899993896484
2025-04-09 06:00:00+00:00,102.0530014038086
2025-04-09 07:00:00+00:00,102.47000122070312
2025-04-09 08:00:00+00:00,102.36799621582031
2025-04-09 09:00:00+00:00,102.28399658203125
2025-04-09 10:00:00+00:00,102.3010025024414
2025-04-09 11:00:00+00:00,102.31900024414062
2025-04-09 12:00:00+00:00,101.99600219726562
2025-04-09 13:00:00+00:00,102.2040023803711
2025-04-09 14:00:00+00:00,102.31500244140625
2025-04-09 15:00:00+00:00,102.33200073242188
2025-04-09 16:00:00+00:00,102.43800354003906
2025-04-09 17:00:00+00:00,102.79399871826172
2025-04-09 18:00:00+00:00,102.9000015258789
2025-04-09 19:00:00+00:00,103.12200164794922
2025-04-09 20:00:00+00:00,103.0
2025-04-09 21:00:00+00:00,102.9520034790039
2025-04-09 22:00:00+00:00,102.90699768066406
2025-04-09 23:00:00+00:00,102.95500183105469
2025-04-10 00:00:00+00:00,102.66500091552734
2025-04-10 01:00:00+00:00,102.78700256347656
2025-04-10 02:00:00+00:00,102.74800109863281
2025-04-10 03:00:00+00:00,102.65899658203125
2025-04-10 04:00:00+00:00,102.63600158691406
2025-04-10 05:00:00+00:00,102.61699676513672
2025-04-10 06:00:00+00:00,102.68199920654297
2025-04-10 07:00:00+00:00,102.3219985961914
2025-04-10 08:00:00+00:00,102.28299713134766
2025-04-10 09:00:00+00:00,102.11000061035156
2025-04-10 10:00:00+00:00,101.91200256347656
2025-04-10 11:00:00+00:00,101.93299865722656
2025-04-10 12:00:00+00:00,101.76799774169922
2025-04-10 13:00:00+00:00,101.51300048828125
2025-04-10 14:00:00+00:00,101.09300231933594
2025-04-10 15:00:00+00:00,101.0469970703125
2025-04-10 16:00:00+00:00,101.00399780273438
2025-04-10 17:00:00+00:00,100.90799713134766
2025-04-10 18:00:00+00:00,100.86699676513672
2025-04-10 19:00:00+00:00,100.9209976196289
2025-04-10 20:00:00+00:00,100.93599700927734
2025-04-10 21:00:00+00:00,100.99099731445312
2025-04-10 22:00:00+00:00,100.91300201416016
2025-04-10 23:00:00+00:00,100.51899719238281
2025-04-11 00:00:00+00:00,100.16000366210938
2025-04-11 01:00:00+00:00,100.2030029296875
2025-04-11 02:00:00+00:00,100.22100067138672
2025-04-11 03:00:00+00:00,99.96199798583984
2025-04-11 04:00:00+00:00,100.05400085449219
2025-04-11 05:00:00+00:00,100.36499786376953
2025-04-11 06:00:00+00:00,100.37300109863281
2025-04-11 07:00:00+00:00,99.74800109863281
2025-04-11 08:00:00+00:00,99.31300354003906
2025-04-11 09:00:00+00:00,99.53900146484375
2025-04-11 10:00:00+00:00,99.91400146484375
2025-04-11 11:00:00+00:00,99.89900207519531
2025-04-11 12:00:00+00:00,99.44499969482422
2025-04-11 13:00:00+00:00,99.73100280761719
2025-04-11 14:00:00+00:00,99.9800033569336
2025-04-11 15:00:00+00:00,100.0469970703125
2025-04-11 16:00:00+00:00,100.177001953125
2025-04-11 17:00:00+00:00,100.33499908447266
2025-04-11 18:00:00+00:00,100.10199737548828
2025-04-11 19:00:00+00:00,99.91600036621094
2025-04-11 20:00:00+00:00,99.78299713134766
2025-04-13 22:00:00+00:00,99.95600128173828
2025-04-13 23:00:00+00:00,99.91000366210938
2025-04-14 00:00:00+00:00,99.69999694824219
2025-04-14 01:00:00+00:00,99.552001953125
2025-04-14 02:00:00+00:00,99.64099884033203
2025-04-14 03:00:00+00:00,99.66600036621094
2025-04-14 04:00:00+00:00,99.68399810791016
2025-04-14 05:00:00+00:00,99.54100036621094
2025-04-14 06:00:00+00:00,99.26499938964844
2025-04-14 07:00:00+00:00,99.4729995727539
2025-04-14 08:00:00+00:00,99.46199798583984
2025-04-14 09:00:00+00:00,99.47200012207031
2025-04-14 10:00:00+00:00,99.46900177001953
2025-04-14 11:00:00+00:00,99.53600311279297
2025-04-14 12:00:00+00:00,99.86499786376953
2025-04-14 13:00:00+00:00,99.93900299072266
2025-04-14 14:00:00+00:00,99.60600280761719
2025-04-14 15:00:00+00:00,99.68099975585938
2025-04-14 16:00:00+00:00,99.86699676513672
2025-04-14 17:00:00+00:00,99.77799987792969
2025-04-14 18:00:00+00:00,99.63999938964844
2025-04-14 19:00:00+00:00,99.66899871826172
2025-04-14 20:00:00+00:00,99.69599914550781
2025-04-14 21:00:00+00:00,99.677001953125
2025-04-14 22:00:00+00:00,99.63999938964844
2025-04-14 23:00:00+00:00,99.8270034790039
2025-04-15 00:00:00+00:00,99.9010009765625
2025-04-15 01:00:00+00:00,99.89800262451172
2025-04-15 02:00:00+00:00,99.71099853515625
2025-04-15 03:00:00+00:00,99.71800231933594
2025-04-15 04:00:00+00:00,99.62899780273438
2025-04-15 05:00:00+00:00,99.68800354003906
2025-04-15 06:00:00+00:00,99.81999969482422
2025-04-15 07:00:00+00:00,99.63800048828125
2025-04-15 08:00:00+00:00,99.64199829101562
2025-04-15 09:00:00+00:00,99.69300079345703
2025-04-15 10:00:00+00:00,99.65499877929688
2025-04-15 11:00:00+00:00,99.76699829101562
2025-04-15 12:00:00+00:00,99.88099670410156
2025-04-15 13:00:00+00:00,99.86499786376953
2025-04-15 14:00:00+00:00,99.77799987792969
2025-04-15 15:00:00+00:00,100.10399627685547
2025-04-15 16:00:00+00:00,100.21299743652344
2025-04-15 17:00:00+00:00,100.23200225830078
2025-04-15 18:00:00+00:00,100.21499633789062
2025-04-15 19:00:00+00:00,100.16500091552734
2025-04-15 20:00:00+00:00,100.16600036621094
2025-04-15 21:00:00+00:00,100.16300201416016
2025-04-15 22:00:00+00:00,100.10099792480469
2025-04-15 23:00:00+00:00,100.08599853515625
2025-04-16 00:00:00+00:00,99.9010009765625
2025-04-16 01:00:00+00:00,99.86299896240234
2025-04-16 02:00:00+00:00,99.8239974975586
2025-04-16 03:00:00+00:00,99.70800018310547
2025-04-16 04:00:00+00:00,99.69000244140625
2025-04-16 05:00:00+00:00,99.4260025024414
2025-04-16 06:00:00+00:00,99.58699798583984
2025-04-16 07:00:00+00:00,99.38400268554688
2025-04-16 08:00:00+00:00,99.51699829101562
2025-04-16 09:00:00+00:00,99.62699890136719
2025-04-16 10:00:00+00:00,99.61399841308594
2025-04-16 11:00:00+00:00,99.58200073242188
2025-04-16 12:00:00+00:00,99.64900207519531
2025-04-16 13:00:00+00:00,99.49400329589844
2025-04-16 14:00:00+00:00,99.43099975585938
2025-04-16 15:00:00+00:00,99.43900299072266
2025-04-16 16:00:00+00:00,99.48799896240234
2025-04-16 17:00:00+00:00,99.5009994506836
2025-04-16 18:00:00+00:00,99.37999725341797
2025-04-16 19:00:00+00:00,99.35900115966797
2025-04-16 20:00:00+00:00,99.27200317382812
2025-04-16 21:00:00+00:00,99.26499938964844
2025-04-16 22:00:00+00:00,99.27899932861328
2025-04-16 23:00:00+00:00,99.3030014038086
2025-04-17 00:00:00+00:00,99.5469970703125
2025-04-17 01:00:00+00:00,99.58899688720703
2025-04-17 02:00:00+00:00,99.48300170898438
2025-04-17 03:00:00+00:00,99.58599853515625
2025-04-17 04:00:00+00:00,99.61799621582031
2025-04-17 05:00:00+00:00,99.68399810791016
2025-04-17 06:00:00+00:00,99.61699676513672
2025-04-17 07:00:00+00:00,99.50199890136719
2025-04-17 08:00:00+00:00,99.47200012207031
2025-04-17 09:00:00+00:00,99.51699829101562
2025-04-17 10:00:00+00:00,99.572998046875
2025-04-17 11:00:00+00:00,99.58999633789062
2025-04-17 12:00:00+00:00,99.52200317382812
2025-04-17 13:00:00+00:00,99.447998046875
2025-04-17 14:00:00+00:00,99.55400085449219
2025-04-17 15:00:00+00:00,99.46399688720703
2025-04-17 16:00:00+00:00,99.5270004272461
2025-04-17 17:00:00+00:00,99.52999877929688
2025-04-17 18:00:00+00:00,99.3759994506836
2025-04-17 19:00:00+00:00,99.38800048828125
2025-04-17 20:00:00+00:00,99.43399810791016
2025-04-17 21:00:00+00:00,99.41500091552734
2025-04-17 22:00:00+00:00,99.40399932861328
2025-04-17 23:00:00+00:00,99.38500213623047
2025-04-18 00:00:00+00:00,99.36499786376953
2025-04-18 01:00:00+00:00,99.38600158691406
2025-04-18 02:00:00+00:00,99.37699890136719
2025-04-18 03:00:00+00:00,99.41999816894531
2025-04-20 22:00:00+00:00,98.94400024414062
2025-04-20 23:00:00+00:00,98.8219985961914
2025-04-21 00:00:00+00:00,98.66100311279297
2025-04-21 01:00:00+00:00,98.58200073242188
2025-04-21 02:00:00+00:00,98.38500213623047
2025-04-21 03:00:00+00:00,98.2979965209961
2025-04-21 04:00:00+00:00,98.29000091552734
2025-04-21 05:00:00+00:00,98.18800354003906
2025-04-21 06:00:00+00:00,98.30400085449219
2025-04-21 07:00:00+00:00,98.03099822998047
2025-04-21 08:00:00+00:00,98.01200103759766
2025-04-21 09:00:00+00:00,98.0989990234375
2025-04-21 10:00:00+00:00,98.2770004272461
2025-04-21 11:00:00+00:00,98.13800048828125
2025-04-21 12:00:00+00:00,98.11499786376953
2025-04-21 13:00:00+00:00,98.23899841308594
2025-04-21 14:00:00+00:00,98.40899658203125
2025-04-21 15:00:00+00:00,98.36399841308594
2025-04-21 16:00:00+00:00,98.36799621582031
2025-04-21 17:00:00+00:00,98.33599853515625
2025-04-21 18:00:00+00:00,98.27799987792969
2025-04-21 19:00:00+00:00,98.35800170898438
2025-04-21 20:00:00+00:00,98.35600280761719
2025-04-21 21:00:00+00:00,98.35900115966797
2025-04-21 22:00:00+00:00,98.32099914550781
2025-04-21 23:00:00+00:00,98.35099792480469
2025-04-22 00:00:00+00:00,98.48500061035156
2025-04-22 01:00:00+00:00,98.45899963378906
2025-04-22 02:00:00+00:00,98.27200317382812
2025-04-22 03:00:00+00:00,98.12300109863281
2025-04-22 04:00:00+00:00,98.15299987792969
2025-04-22 05:00:00+00:00,98.04100036621094
2025-04-22 06:00:00+00:00,98.36799621582031
2025-04-22 07:00:00+00:00,98.34700012207031
2025-04-22 08:00:00+00:00,98.38500213623047
2025-04-22 09:00:00+00:00,98.4260025024414
2025-04-22 10:00:00+00:00,98.44200134277344
2025-04-22 11:00:00+00:00,98.43699645996094
2025-04-22 12:00:00+00:00,98.56300354003906
2025-04-22 13:00:00+00:00,98.5530014038086
2025-04-22 14:00:00+00:00,98.5260009765625
2025-04-22 15:00:00+00:00,98.59100341796875
2025-04-22 16:00:00+00:00,98.84200286865234
2025-04-22 17:00:00+00:00,98.73899841308594
2025-04-22 18:00:00+00:00,98.91799926757812
2025-04-22 19:00:00+00:00,98.98100280761719
2025-04-22 20:00:00+00:00,98.97200012207031
2025-04-22 21:00:00+00:00,99.43699645996094
2025-04-22 22:00:00+00:00,99.64199829101562
2025-04-22 23:00:00+00:00,99.56300354003906
2025-04-23 00:00:00+00:00,99.19200134277344
2025-04-23 01:00:00+00:00,99.09600067138672
2025-04-23 02:00:00+00:00,99.13300323486328
2025-04-23 03:00:00+00:00,99.30599975585938
2025-04-23 04:00:00+00:00,99.21099853515625
2025-04-23 05:00:00+00:00,99.30400085449219
2025-04-23 06:00:00+00:00,99.18099975585938
2025-04-23 07:00:00+00:00,99.2300033569336
2025-04-23 08:00:00+00:00,99.03500366210938
2025-04-23 09:00:00+00:00,99.02200317382812
2025-04-23 10:00:00+00:00,99.16200256347656
2025-04-23 11:00:00+00:00,99.08399963378906
2025-04-23 12:00:00+00:00,99.13500213623047
2025-04-23 13:00:00+00:00,99.62200164794922
2025-04-23 14:00:00+00:00,99.54499816894531
2025-04-23 15:00:00+00:00,99.63200378417969
2025-04-23 16:00:00+00:00,99.72899627685547
2025-04-23 17:00:00+00:00,99.79100036621094
2025-04-23 18:00:00+00:00,99.84400177001953
2025-04-23 19:00:00+00:00,99.81900024414062
2025-04-23 20:00:00+00:00,99.9000015258789
2025-04-23 21:00:00+00:00,99.80899810791016
2025-04-23 22:00:00+00:00,99.78099822998047
2025-04-23 23:00:00+00:00,99.78199768066406
2025-04-24 00:00:00+00:00,99.65299987792969
2025-04-24 01:00:00+00:00,99.5989990234375
2025-04-24 02:00:00+00:00,99.56500244140625
2025-04-24 03:00:00+00:00,99.66600036621094
2025-04-24 04:00:00+00:00,99.66899871826172
2025-04-24 05:00:00+00:00,99.6969985961914
2025-04-24 06:00:00+00:00,99.57099914550781
2025-04-24 07:00:00+00:00,99.39099884033203
2025-04-24 08:00:00+00:00,99.38099670410156
2025-04-24 09:00:00+00:00,99.3290023803711
2025-04-24 10:00:00+00:00,99.35399627685547
2025-04-24 11:00:00+00:00,99.40399932861328
2025-04-24 12:00:00+00:00,99.36799621582031
2025-04-24 13:00:00+00:00,99.36399841308594
2025-04-24 14:00:00+00:00,99.4010009765625
2025-04-24 15:00:00+00:00,99.49700164794922
2025-04-24 16:00:00+00:00,99.36799621582031
2025-04-24 17:00:00+00:00,99.4469985961914
2025-04-24 18:00:00+00:00,99.37699890136719
2025-04-24 19:00:00+00:00,99.32499694824219
2025-04-24 20:00:00+00:00,99.29199981689453
2025-04-24 21:00:00+00:00,99.30400085449219
2025-04-24 22:00:00+00:00,99.28600311279297
2025-04-24 23:00:00+00:00,99.42500305175781
2025-04-25 00:00:00+00:00,99.60800170898438
2025-04-25 01:00:00+00:00,99.62899780273438
2025-04-25 02:00:00+00:00,99.60199737548828
2025-04-25 03:00:00+00:00,99.79299926757812
2025-04-25 04:00:00+00:00,99.75499725341797
2025-04-25 05:00:00+00:00,99.78900146484375
2025-04-25 06:00:00+00:00,99.68599700927734
2025-04-25 07:00:00+00:00,99.5989990234375
2025-04-25 08:00:00+00:00,99.65799713134766
2025-04-25 09:00:00+00:00,99.7249984741211
2025-04-25 10:00:00+00:00,99.62100219726562
2025-04-25 11:00:00+00:00,99.65699768066406
2025-04-25 12:00:00+00:00,99.64399719238281
2025-04-25 13:00:00+00:00,99.66999816894531
2025-04-25 14:00:00+00:00,99.60800170898438
2025-04-25 15:00:00+00:00,99.49700164794922
2025-04-25 16:00:00+00:00,99.57499694824219
2025-04-25 17:00:00+00:00,99.49800109863281
2025-04-25 18:00:00+00:00,99.47100067138672
2025-04-25 19:00:00+00:00,99.60199737548828
2025-04-25 20:00:00+00:00,99.58699798583984
2025-04-27 22:00:00+00:00,99.69400024414062
2025-04-27 23:00:00+00:00,99.73400115966797
2025-04-28 00:00:00+00:00,99.5989990234375
2025-04-28 01:00:00+00:00,99.6989974975586
2025-04-28 02:00:00+00:00,99.68699645996094
2025-04-28 03:00:00+00:00,99.6449966430664
2025-04-28 04:00:00+00:00,99.50700378417969
2025-04-28 05:00:00+00:00,99.51200103759766
2025-04-28 06:00:00+00:00,99.81800079345703
2025-04-28 07:00:00+00:00,99.70500183105469
2025-04-28 08:00:00+00:00,99.6989974975586
2025-04-28 09:00:00+00:00,99.61599731445312
2025-04-28 10:00:00+00:00,99.63099670410156
2025-04-28 11:00:00+00:00,99.61499786376953
2025-04-28 12:00:00+00:00,99.60299682617188
2025-04-28 13:00:00+00:00,99.45700073242188
2025-04-28 14:00:00+00:00,99.30799865722656
2025-04-28 15:00:00+00:00,99.27999877929688
2025-04-28 16:00:00+00:00,99.05799865722656
2025-04-28 17:00:00+00:00,99.1259994506836
2025-04-28 18:00:00+00:00,99.01000213623047
2025-04-28 19:00:00+00:00,98.927001953125
2025-04-28 20:00:00+00:00,98.92900085449219
2025-04-28 21:00:00+00:00,98.94200134277344
2025-04-28 22:00:00+00:00,98.94200134277344
2025-04-28 23:00:00+00:00,99.03399658203125
2025-04-29 00:00:00+00:00,99.09700012207031
2025-04-29 01:00:00+00:00,99.16000366210938
2025-04-29 02:00:00+00:00,99.12200164794922
2025-04-29 03:00:00+00:00,99.2020034790039
2025-04-29 04:00:00+00:00,99.2959976196289
2025-04-29 05:00:00+00:00,99.23600006103516
2025-04-29 06:00:00+00:00,99.2020034790039
2025-04-29 07:00:00+00:00,99.08499908447266
2025-04-29 08:00:00+00:00,99.2229995727539
2025-04-29 09:00:00+00:00,99.3030014038086
2025-04-29 10:00:00+00:00,99.33000183105469
2025-04-29 11:00:00+00:00,99.35299682617188
2025-04-29 12:00:00+00:00,99.06400299072266
2025-04-29 13:00:00+00:00,99.13200378417969
2025-04-29 14:00:00+00:00,99.26899719238281
2025-04-29 15:00:00+00:00,99.1729965209961
2025-04-29 16:00:00+00:00,99.10600280761719
2025-04-29 17:00:00+00:00,99.21600341796875
2025-04-29 18:00:00+00:00,99.23699951171875
2025-04-29 19:00:00+00:00,99.23999786376953
2025-04-29 20:00:00+00:00,99.20999908447266
2025-04-29 21:00:00+00:00,99.19400024414062
2025-04-29 22:00:00+00:00,99.18699645996094
2025-04-29 23:00:00+00:00,99.1760025024414
2025-04-30 00:00:00+00:00,99.24099731445312
2025-04-30 01:00:00+00:00,99.39199829101562
2025-04-30 02:00:00+00:00,99.3290023803711
2025-04-30 03:00:00+00:00,99.3550033569336
2025-04-30 04:00:00+00:00,99.31400299072266
2025-04-30 05:00:00+00:00,99.24299621582031
2025-04-30 06:00:00+00:00,99.20999908447266
2025-04-30 07:00:00+00:00,99.30899810791016
2025-04-30 08:00:00+00:00,99.38800048828125
2025-04-30 09:00:00+00:00,99.45999908447266
2025-04-30 10:00:00+00:00,99.45700073242188
2025-04-30 11:00:00+00:00,99.39099884033203
2025-04-30 12:00:00+00:00,99.38999938964844
2025-04-30 13:00:00+00:00,99.4229965209961
2025-04-30 14:00:00+00:00,99.36499786376953
2025-04-30 15:00:00+00:00,99.47899627685547
2025-04-30 16:00:00+00:00,99.44000244140625
2025-04-30 17:00:00+00:00,99.50599670410156
2025-04-30 18:00:00+00:00,99.46800231933594
2025-04-30 19:00:00+00:00,99.61199951171875
2025-04-30 20:00:00+00:00,99.63800048828125
2025-04-30 21:00:00+00:00,99.62899780273438
2025-04-30 22:00:00+00:00,99.63899993896484
2025-04-30 23:00:00+00:00,99.6719970703125
2025-05-01 00:00:00+00:00,99.66500091552734
2025-05-01 01:00:00+00:00,99.7770004272461
2025-05-01 02:00:00+00:00,99.71600341796875
2025-05-01 03:00:00+00:00,99.822998046875
2025-05-01 04:00:00+00:00,99.89099884033203
2025-05-01 05:00:00+00:00,99.93099975585938
2025-05-01 06:00:00+00:00,99.96700286865234
2025-05-01 07:00:00+00:00,99.90499877929688
2025-05-01 08:00:00+00:00,99.822998046875
2025-05-01 09:00:00+00:00,99.88999938964844
2025-05-01 10:00:00+00:00,99.75700378417969
2025-05-01 11:00:00+00:00,99.86199951171875
2025-05-01 12:00:00+00:00,99.92500305175781
2025-05-01 13:00:00+00:00,99.86399841308594
2025-05-01 14:00:00+00:00,100.22000122070312
2025-05-01 15:00:00+00:00,100.27200317382812
2025-05-01 16:00:00+00:00,100.19100189208984
2025-05-01 17:00:00+00:00,100.26399993896484
2025-05-01 18:00:00+00:00,100.24800109863281
2025-05-01 19:00:00+00:00,100.2030029296875
2025-05-01 20:00:00+00:00,100.18399810791016
2025-05-01 21:00:00+00:00,100.19599914550781
2025-05-01 22:00:00+00:00,100.177001953125
2025-05-01 23:00:00+00:00,100.1500015258789
2025-05-02 00:00:00+00:00,100.2699966430664
2025-05-02 01:00:00+00:00,100.13700103759766
2025-05-02 02:00:00+00:00,100.14099884033203
2025-05-02 03:00:00+00:00,99.97699737548828
2025-05-02 04:00:00+00:00,100.06400299072266
2025-05-02 05:00:00+00:00,100.00900268554688
2025-05-02 06:00:00+00:00,99.9010009765625
2025-05-02 07:00:00+00:00,99.88300323486328
2025-05-02 08:00:00+00:00,99.84400177001953
2025-05-02 09:00:00+00:00,99.67400360107422
2025-05-02 10:00:00+00:00,99.83300018310547
2025-05-02 11:00:00+00:00,99.71499633789062
2025-05-02 12:00:00+00:00,99.88200378417969
2025-05-02 13:00:00+00:00,99.46399688720703
2025-05-02 14:00:00+00:00,99.47000122070312
2025-05-02 15:00:00+00:00,99.7969970703125
2025-05-02 16:00:00+00:00,99.86599731445312
2025-05-02 17:00:00+00:00,99.97100067138672
2025-05-02 18:00:00+00:00,100.02999877929688
2025-05-02 19:00:00+00:00,99.98999786376953
2025-05-02 20:00:00+00:00,100.03700256347656
2025-05-04 22:00:00+00:00,99.97599792480469
2025-05-04 23:00:00+00:00,99.88200378417969
2025-05-05 00:00:00+00:00,99.86399841308594
2025-05-05 01:00:00+00:00,99.7229995727539
2025-05-05 02:00:00+00:00,99.66400146484375
2025-05-05 03:00:00+00:00,99.74700164794922
2025-05-05 04:00:00+00:00,99.68900299072266
2025-05-05 05:00:00+00:00,99.7239990234375
2025-05-05 06:00:00+00:00,99.80500030517578
2025-05-05 07:00:00+00:00,99.88800048828125
2025-05-05 08:00:00+00:00,99.79399871826172
2025-05-05 09:00:00+00:00,99.64600372314453
2025-05-05 10:00:00+00:00,99.62799835205078
2025-05-05 11:00:00+00:00,99.63099670410156
2025-05-05 12:00:00+00:00,99.50399780273438
2025-05-05 13:00:00+00:00,99.55000305175781
2025-05-05 14:00:00+00:00,99.6510009765625
2025-05-05 15:00:00+00:00,99.83899688720703
2025-05-05 16:00:00+00:00,99.93199920654297
2025-05-05 17:00:00+00:00,99.93800354003906
2025-05-05 18:00:00+00:00,99.83100128173828
2025-05-05 19:00:00+00:00,99.79499816894531
2025-05-05 20:00:00+00:00,99.7959976196289
2025-05-05 21:00:00+00:00,99.79299926757812
2025-05-05 22:00:00+00:00,99.77999877929688
2025-05-05 23:00:00+00:00,99.81600189208984
2025-05-06 00:00:00+00:00,100.02999877929688
2025-05-06 01:00:00+00:00,99.99199676513672
2025-05-06 02:00:00+00:00,99.86799621582031
2025-05-06 03:00:00+00:00,99.7959976196289
2025-05-06 04:00:00+00:00,99.73500061035156
2025-05-06 05:00:00+00:00,99.7969970703125
2025-05-06 06:00:00+00:00,99.74199676513672
2025-05-06 07:00:00+00:00,99.62000274658203
2025-05-06 08:00:00+00:00,99.66600036621094
2025-05-06 09:00:00+00:00,99.77100372314453
2025-05-06 10:00:00+00:00,99.6240005493164
2025-05-06 11:00:00+00:00,99.55799865722656
2025-05-06 12:00:00+00:00,99.4229965209961
2025-05-06 13:00:00+00:00,99.34700012207031
2025-05-06 14:00:00+00:00,99.46299743652344
2025-05-06 15:00:00+00:00,99.43699645996094
2025-05-06 16:00:00+00:00,99.41200256347656
2025-05-06 17:00:00+00:00,99.2979965209961
2025-05-06 18:00:00+00:00,99.23799896240234
2025-05-06 19:00:00+00:00,99.2249984741211
2025-05-06 20:00:00+00:00,99.26499938964844
2025-05-06 21:00:00+00:00,99.23400115966797
2025-05-06 22:00:00+00:00,99.39600372314453
2025-05-06 23:00:00+00:00,99.50599670410156
2025-05-07 00:00:00+00:00,99.48899841308594
2025-05-07 01:00:00+00:00,99.48400115966797
2025-05-07 02:00:00+00:00,99.53199768066406
2025-05-07 03:00:00+00:00,99.49800109863281
2025-05-07 04:00:00+00:00,99.53500366210938
2025-05-07 05:00:00+00:00,99.36799621582031
2025-05-07 06:00:00+00:00,99.2979965209961
2025-05-07 07:00:00+00:00,99.41600036621094
2025-05-07 08:00:00+00:00,99.46700286865234
2025-05-07 09:00:00+00:00,99.48699951171875
2025-05-07 10:00:00+00:00,99.4000015258789
2025-05-07 11:00:00+00:00,99.4729995727539
2025-05-07 12:00:00+00:00,99.43399810791016
2025-05-07 13:00:00+00:00,99.37000274658203
2025-05-07 14:00:00+00:00,99.36799621582031
2025-05-07 15:00:00+00:00,99.50800323486328
2025-05-07 16:00:00+00:00,99.48799896240234
2025-05-07 17:00:00+00:00,99.552001953125
2025-05-07 18:00:00+00:00,99.61399841308594
2025-05-07 19:00:00+00:00,99.86299896240234
2025-05-07 20:00:00+00:00,99.89800262451172
2025-05-07 21:00:00+00:00,99.82599639892578
2025-05-07 22:00:00+00:00,99.87000274658203
2025-05-07 23:00:00+00:00,99.8949966430664
2025-05-08 00:00:00+00:00,99.83799743652344
2025-05-08 01:00:00+00:00,99.63099670410156
2025-05-08 02:00:00+00:00,99.70800018310547
2025-05-08 03:00:00+00:00,99.6709976196289
2025-05-08 04:00:00+00:00,99.75199890136719
2025-05-08 05:00:00+00:00,99.86799621582031
2025-05-08 06:00:00+00:00,100.10800170898438
2025-05-08 07:00:00+00:00,100.00299835205078
2025-05-08 08:00:00+00:00,100.12899780273438
2025-05-08 09:00:00+00:00,100.13600158691406
2025-05-08 10:00:00+00:00,100.11900329589844
2025-05-08 11:00:00+00:00,100.00700378417969
2025-05-08 12:00:00+00:00,99.98999786376953
2025-05-08 13:00:00+00:00,99.91200256347656
2025-05-08 14:00:00+00:00,100.177001953125
2025-05-08 15:00:00+00:00,100.42500305175781
2025-05-08 16:00:00+00:00,100.59100341796875
2025-05-08 17:00:00+00:00,100.60199737548828
2025-05-08 18:00:00+00:00,100.63999938964844
2025-05-08 19:00:00+00:00,100.63300323486328
2025-05-08 20:00:00+00:00,100.62899780273438
2025-05-08 21:00:00+00:00,100.62999725341797
2025-05-08 22:00:00+00:00,100.63400268554688
2025-05-08 23:00:00+00:00,100.65299987792969
2025-05-09 00:00:00+00:00,100.62999725341797
2025-05-09 01:00:00+00:00,100.73500061035156
2025-05-09 02:00:00+00:00,100.67900085449219
2025-05-09 03:00:00+00:00,100.66300201416016
2025-05-09 04:00:00+00:00,100.59200286865234
2025-05-09 05:00:00+00:00,100.53600311279297
2025-05-09 06:00:00+00:00,100.49500274658203
2025-05-09 07:00:00+00:00,100.40499877929688
2025-05-09 08:00:00+00:00,100.35700225830078
2025-05-09 09:00:00+00:00,100.44599914550781
2025-05-09 10:00:00+00:00,100.44599914550781
2025-05-09 11:00:00+00:00,100.37100219726562
2025-05-09 12:00:00+00:00,100.36900329589844
2025-05-09 13:00:00+00:00,100.33699798583984
2025-05-09 14:00:00+00:00,100.26100158691406
2025-05-09 15:00:00+00:00,100.26399993896484
2025-05-09 16:00:00+00:00,100.36100006103516
2025-05-09 17:00:00+00:00,100.31700134277344
2025-05-09 18:00:00+00:00,100.33899688720703
2025-05-09 19:00:00+00:00,100.35900115966797
2025-05-09 20:00:00+00:00,100.42400360107422
2025-05-11 22:00:00+00:00,100.61100006103516
2025-05-11 23:00:00+00:00,100.59200286865234
2025-05-12 00:00:00+00:00,100.5469970703125
2025-05-12 01:00:00+00:00,100.64600372314453
2025-05-12 02:00:00+00:00,100.60199737548828
2025-05-12 03:00:00+00:00,100.5459976196289
2025-05-12 04:00:00+00:00,100.60700225830078
2025-05-12 05:00:00+00:00,100.6500015258789
2025-05-12 06:00:00+00:00,100.68399810791016
2025-05-12 07:00:00+00:00,101.66600036621094
2025-05-12 08:00:00+00:00,101.40399932861328
2025-05-12 09:00:00+00:00,101.55699920654297
2025-05-12 10:00:00+00:00,101.88500213623047
2025-05-12 11:00:00+00:00,101.59700012207031
2025-05-12 12:00:00+00:00,101.59700012207031
2025-05-12 13:00:00+00:00,101.55899810791016
2025-05-12 14:00:00+00:00,101.61599731445312
2025-05-12 15:00:00+00:00,101.66400146484375
2025-05-12 16:00:00+00:00,101.83699798583984
2025-05-12 17:00:00+00:00,101.88200378417969
2025-05-12 18:00:00+00:00,101.78800201416016
2025-05-12 19:00:00+00:00,101.7699966430664
2025-05-12 20:00:00+00:00,101.80599975585938
2025-05-12 21:00:00+00:00,101.78700256347656
2025-05-12 22:00:00+00:00,101.77899932861328
2025-05-12 23:00:00+00:00,101.73300170898438
2025-05-13 00:00:00+00:00,101.63899993896484
2025-05-13 01:00:00+00:00,101.62100219726562
2025-05-13 02:00:00+00:00,101.65499877929688
2025-05-13 03:00:00+00:00,101.52899932861328
2025-05-13 04:00:00+00:00,101.52400207519531
2025-05-13 05:00:00+00:00,101.56900024414062
2025-05-13 06:00:00+00:00,101.5739974975586
2025-05-13 07:00:00+00:00,101.5260009765625
2025-05-13 08:00:00+00:00,101.53700256347656
2025-05-13 09:00:00+00:00,101.5770034790039
2025-05-13 10:00:00+00:00,101.6050033569336
2025-05-13 11:00:00+00:00,101.59100341796875
2025-05-13 12:00:00+00:00,101.41500091552734
2025-05-13 13:00:00+00:00,101.42500305175781
2025-05-13 14:00:00+00:00,101.22100067138672
2025-05-13 15:00:00+00:00,101.11499786376953
2025-05-13 16:00:00+00:00,101.08399963378906
2025-05-13 17:00:00+00:00,101.05799865722656
2025-05-13 18:00:00+00:00,101.00299835205078
2025-05-13 19:00:00+00:00,100.947998046875
2025-05-13 20:00:00+00:00,100.98100280761719
2025-05-13 21:00:00+00:00,100.9749984741211
2025-05-13 22:00:00+00:00,100.93000030517578
2025-05-13 23:00:00+00:00,100.9800033569336
2025-05-14 00:00:00+00:00,100.92400360107422
2025-05-14 01:00:00+00:00,100.93599700927734
2025-05-14 02:00:00+00:00,100.93099975585938
2025-05-14 03:00:00+00:00,100.90399932861328
2025-05-14 04:00:00+00:00,100.90899658203125
2025-05-14 05:00:00+00:00,100.94000244140625
2025-05-14 06:00:00+00:00,100.94100189208984
2025-05-14 07:00:00+00:00,100.73699951171875
2025-05-14 08:00:00+00:00,100.49400329589844
2025-05-14 09:00:00+00:00,100.38099670410156
2025-05-14 10:00:00+00:00,100.51399993896484
2025-05-14 11:00:00+00:00,100.64199829101562
2025-05-14 12:00:00+00:00,100.61199951171875
2025-05-14 13:00:00+00:00,100.62799835205078
2025-05-14 14:00:00+00:00,100.74400329589844
2025-05-14 15:00:00+00:00,100.8219985961914
2025-05-14 16:00:00+00:00,100.94499969482422
2025-05-14 17:00:00+00:00,100.94300079345703
2025-05-14 18:00:00+00:00,101.03900146484375
2025-05-14 19:00:00+00:00,101.11299896240234
2025-05-14 20:00:00+00:00,101.06900024414062
2025-05-14 21:00:00+00:00,101.03800201416016
2025-05-14 22:00:00+00:00,101.01699829101562
2025-05-14 23:00:00+00:00,101.00599670410156
2025-05-15 00:00:00+00:00,100.8949966430664
2025-05-15 01:00:00+00:00,100.88400268554688
2025-05-15 02:00:00+00:00,100.86399841308594
2025-05-15 03:00:00+00:00,100.83899688720703
2025-05-15 04:00:00+00:00,100.87300109863281
2025-05-15 05:00:00+00:00,100.86499786376953
2025-05-15 06:00:00+00:00,100.59700012207031
2025-05-15 07:00:00+00:00,100.83999633789062
2025-05-15 08:00:00+00:00,100.71499633789062
2025-05-15 09:00:00+00:00,100.79399871826172
2025-05-15 10:00:00+00:00,100.81300354003906
2025-05-15 11:00:00+00:00,100.94000244140625
2025-05-15 12:00:00+00:00,100.70099639892578
2025-05-15 13:00:00+00:00,100.7770004272461
2025-05-15 14:00:00+00:00,100.88099670410156
2025-05-15 15:00:00+00:00,100.83699798583984
2025-05-15 16:00:00+00:00,100.87200164794922
2025-05-15 17:00:00+00:00,100.93099975585938
2025-05-15 18:00:00+00:00,100.87899780273438
2025-05-15 19:00:00+00:00,100.81400299072266
2025-05-15 20:00:00+00:00,100.82099914550781
2025-05-15 21:00:00+00:00,100.78900146484375
2025-05-15 22:00:00+00:00,100.80899810791016
2025-05-15 23:00:00+00:00,100.77100372314453
2025-05-16 00:00:00+00:00,100.63099670410156
2025-05-16 01:00:00+00:00,100.6500015258789
2025-05-16 02:00:00+00:00,100.6780014038086
2025-05-16 03:00:00+00:00,100.66000366210938
2025-05-16 04:00:00+00:00,100.6520004272461
2025-05-16 05:00:00+00:00,100.55799865722656
2025-05-16 06:00:00+00:00,100.5780029296875
2025-05-16 07:00:00+00:00,100.61900329589844
2025-05-16 08:00:00+00:00,100.71399688720703
2025-05-16 09:00:00+00:00,100.78399658203125
2025-05-16 10:00:00+00:00,100.76499938964844
2025-05-16 11:00:00+00:00,100.81300354003906
2025-05-16 12:00:00+00:00,100.7770004272461
2025-05-16 13:00:00+00:00,100.74400329589844
2025-05-16 14:00:00+00:00,101.09300231933594
2025-05-16 15:00:00+00:00,101.1969985961914
2025-05-16 16:00:00+00:00,101.1449966430664
2025-05-16 17:00:00+00:00,101.13999938964844
2025-05-16 18:00:00+00:00,101.09200286865234
2025-05-16 19:00:00+00:00,101.11399841308594
2025-05-16 20:00:00+00:00,100.98600006103516
2025-05-18 22:00:00+00:00,100.7490005493164
2025-05-18 23:00:00+00:00,100.76300048828125
2025-05-19 00:00:00+00:00,100.68099975585938
2025-05-19 01:00:00+00:00,100.85299682617188
2025-05-19 02:00:00+00:00,100.81999969482422
2025-05-19 03:00:00+00:00,100.83100128173828
2025-05-19 04:00:00+00:00,100.82499694824219
2025-05-19 05:00:00+00:00,100.7969970703125
2025-05-19 06:00:00+00:00,100.6240005493164
2025-05-19 07:00:00+00:00,100.39399719238281
2025-05-19 08:00:00+00:00,100.29499816894531
2025-05-19 09:00:00+00:00,100.13500213623047
2025-05-19 10:00:00+00:00,100.13500213623047
2025-05-19 11:00:00+00:00,100.177001953125
2025-05-19 12:00:00+00:00,100.28700256347656
2025-05-19 13:00:00+00:00,100.32499694824219
2025-05-19 14:00:00+00:00,100.28399658203125
2025-05-19 15:00:00+00:00,100.42400360107422
2025-05-19 16:00:00+00:00,100.4219970703125
2025-05-19 17:00:00+00:00,100.46900177001953
2025-05-19 18:00:00+00:00,100.4260025024414
2025-05-19 19:00:00+00:00,100.37799835205078
2025-05-19 20:00:00+00:00,100.36599731445312
2025-05-19 21:00:00+00:00,100.3550033569336
2025-05-19 22:00:00+00:00,100.38200378417969
2025-05-19 23:00:00+00:00,100.44000244140625
2025-05-20 00:00:00+00:00,100.49600219726562
2025-05-20 01:00:00+00:00,100.40399932861328
2025-05-20 02:00:00+00:00,100.46499633789062
2025-05-20 03:00:00+00:00,100.33200073242188
2025-05-20 04:00:00+00:00,100.36100006103516
2025-05-20 05:00:00+00:00,100.23300170898438
2025-05-20 06:00:00+00:00,100.2249984741211
2025-05-20 07:00:00+00:00,100.0510025024414
2025-05-20 08:00:00+00:00,100.20800018310547
2025-05-20 09:00:00+00:00,100.22799682617188
2025-05-20 10:00:00+00:00,100.322998046875
2025-05-20 11:00:00+00:00,100.30400085449219
2025-05-20 12:00:00+00:00,100.40299987792969
2025-05-20 13:00:00+00:00,100.3270034790039
2025-05-20 14:00:00+00:00,100.16300201416016
2025-05-20 15:00:00+00:00,100.26000213623047
2025-05-20 16:00:00+00:00,100.24299621582031
2025-05-20 17:00:00+00:00,100.11100006103516
2025-05-20 18:00:00+00:00,100.11799621582031
2025-05-20 19:00:00+00:00,100.0510025024414
2025-05-20 20:00:00+00:00,100.02300262451172
2025-05-20 21:00:00+00:00,100.03299713134766
2025-05-20 22:00:00+00:00,100.01100158691406
2025-05-20 23:00:00+00:00,99.96299743652344
2025-05-21 00:00:00+00:00,99.89099884033203
2025-05-21 01:00:00+00:00,99.87899780273438
2025-05-21 02:00:00+00:00,99.68599700927734
2025-05-21 03:00:00+00:00,99.58899688720703
2025-05-21 04:00:00+00:00,99.625
2025-05-21 05:00:00+00:00,99.59300231933594
2025-05-21 06:00:00+00:00,99.58100128173828
2025-05-21 07:00:00+00:00,99.69599914550781
2025-05-21 08:00:00+00:00,99.73100280761719
2025-05-21 09:00:00+00:00,99.62899780273438
2025-05-21 10:00:00+00:00,99.56999969482422
2025-05-21 11:00:00+00:00,99.67900085449219
2025-05-21 12:00:00+00:00,99.58399963378906
2025-05-21 13:00:00+00:00,99.55500030517578
2025-05-21 14:00:00+00:00,99.51499938964844
2025-05-21 15:00:00+00:00,99.48400115966797
2025-05-21 16:00:00+00:00,99.48699951171875
2025-05-21 17:00:00+00:00,99.44400024414062
2025-05-21 18:00:00+00:00,99.55899810791016
2025-05-21 19:00:00+00:00,99.6729965209961
2025-05-21 20:00:00+00:00,99.60600280761719
2025-05-21 21:00:00+00:00,99.60900115966797
2025-05-21 22:00:00+00:00,99.68699645996094
2025-05-21 23:00:00+00:00,99.59700012207031
2025-05-22 00:00:00+00:00,99.59200286865234
2025-05-22 01:00:00+00:00,99.51799774169922
2025-05-22 02:00:00+00:00,99.48899841308594
2025-05-22 03:00:00+00:00,99.53099822998047
2025-05-22 04:00:00+00:00,99.53199768066406
2025-05-22 05:00:00+00:00,99.53700256347656
2025-05-22 06:00:00+00:00,99.61299896240234
2025-05-22 07:00:00+00:00,99.58300018310547
2025-05-22 08:00:00+00:00,99.75
2025-05-22 09:00:00+00:00,99.81800079345703
2025-05-22 10:00:00+00:00,99.85299682617188
2025-05-22 11:00:00+00:00,99.697998046875
2025-05-22 12:00:00+00:00,99.81900024414062
2025-05-22 13:00:00+00:00,99.91899871826172
2025-05-22 14:00:00+00:00,99.92400360107422
2025-05-22 15:00:00+00:00,99.90899658203125
2025-05-22 16:00:00+00:00,100.0009994506836
2025-05-22 17:00:00+00:00,100.0260009765625
2025-05-22 18:00:00+00:00,99.95999908447266
2025-05-22 19:00:00+00:00,99.94599914550781
2025-05-22 20:00:00+00:00,99.93299865722656
2025-05-22 21:00:00+00:00,99.93199920654297
2025-05-22 22:00:00+00:00,99.89700317382812
2025-05-22 23:00:00+00:00,99.90899658203125
2025-05-23 00:00:00+00:00,99.80899810791016
2025-05-23 01:00:00+00:00,99.66600036621094
2025-05-23 02:00:00+00:00,99.65699768066406
2025-05-23 03:00:00+00:00,99.6520004272461
2025-05-23 04:00:00+00:00,99.61799621582031
2025-05-23 05:00:00+00:00,99.5780029296875
2025-05-23 06:00:00+00:00,99.6449966430664
2025-05-23 07:00:00+00:00,99.43699645996094
2025-05-23 08:00:00+00:00,99.41600036621094
2025-05-23 09:00:00+00:00,99.35700225830078
2025-05-23 10:00:00+00:00,99.37100219726562
2025-05-23 11:00:00+00:00,99.43599700927734
2025-05-23 12:00:00+00:00,99.33999633789062
2025-05-23 13:00:00+00:00,99.48400115966797
2025-05-23 14:00:00+00:00,99.26000213623047
2025-05-23 15:00:00+00:00,99.23200225830078
2025-05-23 16:00:00+00:00,99.15599822998047
2025-05-23 17:00:00+00:00,99.11799621582031
2025-05-23 18:00:00+00:00,99.11199951171875
2025-05-23 19:00:00+00:00,99.09600067138672
2025-05-23 20:00:00+00:00,99.10199737548828
2025-05-25 22:00:00+00:00,99.06900024414062
2025-05-25 23:00:00+00:00,99.0780029296875
2025-05-26 00:00:00+00:00,98.90299987792969
2025-05-26 01:00:00+00:00,98.74800109863281
2025-05-26 02:00:00+00:00,98.77100372314453
2025-05-26 03:00:00+00:00,98.7770004272461
2025-05-26 04:00:00+00:00,98.7979965209961
2025-05-26 05:00:00+00:00,98.74600219726562
2025-05-26 06:00:00+00:00,98.81500244140625
2025-05-26 07:00:00+00:00,98.9489974975586
2025-05-26 08:00:00+00:00,98.98999786376953
2025-05-26 09:00:00+00:00,99.02200317382812
2025-05-26 10:00:00+00:00,98.99299621582031
2025-05-26 11:00:00+00:00,99.04499816894531
2025-05-26 12:00:00+00:00,99.06800079345703
2025-05-26 13:00:00+00:00,99.00800323486328
2025-05-26 14:00:00+00:00,98.99199676513672
2025-05-26 15:00:00+00:00,99.01200103759766
2025-05-26 16:00:00+00:00,98.99299621582031
2025-05-26 17:00:00+00:00,99.01499938964844
2025-05-26 18:00:00+00:00,99.01200103759766
2025-05-26 19:00:00+00:00,98.98899841308594
2025-05-26 20:00:00+00:00,98.98699951171875
2025-05-26 21:00:00+00:00,98.98200225830078
2025-05-26 22:00:00+00:00,98.93099975585938
2025-05-26 23:00:00+00:00,98.95500183105469
2025-05-27 00:00:00+00:00,98.83399963378906
2025-05-27 01:00:00+00:00,98.87699890136719
2025-05-27 02:00:00+00:00,98.91000366210938
2025-05-27 03:00:00+00:00,98.90799713134766
2025-05-27 04:00:00+00:00,99.0530014038086
2025-05-27 05:00:00+00:00,99.08999633789062
2025-05-27 06:00:00+00:00,99.19599914550781
2025-05-27 07:00:00+00:00,99.39800262451172
2025-05-27 08:00:00+00:00,99.35600280761719
2025-05-27 09:00:00+00:00,99.36000061035156
2025-05-27 10:00:00+00:00,99.41799926757812
2025-05-27 11:00:00+00:00,99.37300109863281
2025-05-27 12:00:00+00:00,99.26799774169922
2025-05-27 13:00:00+00:00,99.36000061035156
2025-05-27 14:00:00+00:00,99.48699951171875
2025-05-27 15:00:00+00:00,99.60399627685547
2025-05-27 16:00:00+00:00,99.55799865722656
2025-05-27 17:00:00+00:00,99.55000305175781
2025-05-27 18:00:00+00:00,99.52100372314453
2025-05-27 19:00:00+00:00,99.59400177001953
2025-05-27 20:00:00+00:00,99.5989990234375
2025-05-27 21:00:00+00:00,99.56600189208984
2025-05-27 22:00:00+00:00,99.55899810791016
2025-05-27 23:00:00+00:00,99.52799987792969
2025-05-28 00:00:00+00:00,99.53299713134766
2025-05-28 01:00:00+00:00,99.68099975585938
2025-05-28 02:00:00+00:00,99.78800201416016
2025-05-28 03:00:00+00:00,99.73100280761719
2025-05-28 04:00:00+00:00,99.77899932861328
2025-05-28 05:00:00+00:00,99.70500183105469
2025-05-28 06:00:00+00:00,99.78199768066406
2025-05-28 07:00:00+00:00,99.59500122070312
2025-05-28 08:00:00+00:00,99.54499816894531
2025-05-28 09:00:00+00:00,99.55799865722656
2025-05-28 10:00:00+00:00,99.61599731445312
2025-05-28 11:00:00+00:00,99.68699645996094
2025-05-28 12:00:00+00:00,99.75199890136719
2025-05-28 13:00:00+00:00,99.81800079345703
2025-05-28 14:00:00+00:00,99.81099700927734
2025-05-28 15:00:00+00:00,99.94999694824219
2025-05-28 16:00:00+00:00,99.87000274658203
2025-05-28 17:00:00+00:00,99.87799835205078
2025-05-28 18:00:00+00:00,99.875
2025-05-28 19:00:00+00:00,99.90899658203125
2025-05-28 20:00:00+00:00,99.89199829101562
2025-05-28 21:00:00+00:00,99.86799621582031
2025-05-28 22:00:00+00:00,99.875
2025-05-28 23:00:00+00:00,100.39700317382812
2025-05-29 00:00:00+00:00,100.39600372314453
2025-05-29 01:00:00+00:00,100.25
2025-05-29 02:00:00+00:00,100.29900360107422
2025-05-29 03:00:00+00:00,100.27799987792969
2025-05-29 04:00:00+00:00,100.26499938964844
2025-05-29 05:00:00+00:00,100.31900024414062
2025-05-29 06:00:00+00:00,100.09600067138672
2025-05-29 07:00:00+00:00,100.00299835205078
2025-05-29 08:00:00+00:00,100.0510025024414
2025-05-29 09:00:00+00:00,99.99600219726562
2025-05-29 10:00:00+00:00,99.91899871826172
2025-05-29 11:00:00+00:00,100.03199768066406
2025-05-29 12:00:00+00:00,99.46399688720703
2025-05-29 13:00:00+00:00,99.47000122070312
2025-05-29 14:00:00+00:00,99.47699737548828
2025-05-29 15:00:00+00:00,99.33799743652344
2025-05-29 16:00:00+00:00,99.32099914550781
2025-05-29 17:00:00+00:00,99.2760009765625
2025-05-29 18:00:00+00:00,99.27799987792969
2025-05-29 19:00:00+00:00,99.34300231933594
2025-05-29 20:00:00+00:00,99.35299682617188
2025-05-29 21:00:00+00:00,99.33300018310547
2025-05-29 22:00:00+00:00,99.33300018310547
2025-05-29 23:00:00+00:00,99.2509994506836
2025-05-30 00:00:00+00:00,99.27799987792969
2025-05-30 01:00:00+00:00,99.41200256347656
2025-05-30 02:00:00+00:00,99.45800018310547
2025-05-30 03:00:00+00:00,99.45500183105469
2025-05-30 04:00:00+00:00,99.45600128173828
2025-05-30 05:00:00+00:00,99.41600036621094
2025-05-30 06:00:00+00:00,99.45899963378906
2025-05-30 07:00:00+00:00,99.52200317382812
2025-05-30 08:00:00+00:00,99.61100006103516
2025-05-30 09:00:00+00:00,99.59600067138672
2025-05-30 10:00:00+00:00,99.572998046875
2025-05-30 11:00:00+00:00,99.49600219726562
2025-05-30 12:00:00+00:00,99.40699768066406
2025-05-30 13:00:00+00:00,99.64299774169922
2025-05-30 14:00:00+00:00,99.43099975585938
2025-05-30 15:00:00+00:00,99.46099853515625
2025-05-30 16:00:00+00:00,99.41799926757812
2025-05-30 17:00:00+00:00,99.35700225830078
2025-05-30 18:00:00+00:00,99.3290023803711
2025-05-30 19:00:00+00:00,99.3499984741211
2025-05-30 20:00:00+00:00,99.44100189208984
2025-06-01 22:00:00+00:00,99.36199951171875
2025-06-01 23:00:00+00:00,99.36399841308594
2025-06-02 00:00:00+00:00,99.2239990234375
2025-06-02 01:00:00+00:00,99.20700073242188
2025-06-02 02:00:00+00:00,99.24700164794922
2025-06-02 03:00:00+00:00,99.28099822998047
2025-06-02 04:00:00+00:00,99.24600219726562
2025-06-02 05:00:00+00:00,99.13999938964844
2025-06-02 06:00:00+00:00,98.96399688720703
2025-06-02 07:00:00+00:00,98.76499938964844
2025-06-02 08:00:00+00:00,98.80699920654297
2025-06-02 09:00:00+00:00,98.78800201416016
2025-06-02 10:00:00+00:00,98.83999633789062
2025-06-02 11:00:00+00:00,98.83399963378906
2025-06-02 12:00:00+00:00,98.80899810791016
2025-06-02 13:00:00+00:00,98.78600311279297
2025-06-02 14:00:00+00:00,98.70700073242188
2025-06-02 15:00:00+00:00,98.74800109863281
2025-06-02 16:00:00+00:00,98.85700225830078
2025-06-02 17:00:00+00:00,98.83999633789062
2025-06-02 18:00:00+00:00,98.70600128173828
2025-06-02 19:00:00+00:00,98.66100311279297
2025-06-02 20:00:00+00:00,98.68599700927734
2025-06-02 21:00:00+00:00,98.6989974975586
2025-06-02 22:00:00+00:00,98.70899963378906
2025-06-02 23:00:00+00:00,98.58799743652344
2025-06-03 00:00:00+00:00,98.68900299072266
2025-06-03 01:00:00+00:00,98.8290023803711
2025-06-03 02:00:00+00:00,98.85299682617188
2025-06-03 03:00:00+00:00,98.90399932861328
2025-06-03 04:00:00+00:00,98.83899688720703
2025-06-03 05:00:00+00:00,98.85700225830078
2025-06-03 06:00:00+00:00,98.80500030517578
2025-06-03 07:00:00+00:00,98.89099884033203
2025-06-03 08:00:00+00:00,98.91500091552734
2025-06-03 09:00:00+00:00,98.91200256347656
2025-06-03 10:00:00+00:00,99.03399658203125
2025-06-03 11:00:00+00:00,99.08300018310547
2025-06-03 12:00:00+00:00,99.16300201416016
2025-06-03 13:00:00+00:00,99.14600372314453
2025-06-03 14:00:00+00:00,99.11199951171875
2025-06-03 15:00:00+00:00,99.25599670410156
2025-06-03 16:00:00+00:00,99.25700378417969
2025-06-03 17:00:00+00:00,99.1989974975586
2025-06-03 18:00:00+00:00,99.22699737548828
2025-06-03 19:00:00+00:00,99.29000091552734
2025-06-03 20:00:00+00:00,99.27300262451172
2025-06-03 21:00:00+00:00,99.23300170898438
2025-06-03 22:00:00+00:00,99.25
2025-06-03 23:00:00+00:00,99.16400146484375
2025-06-04 00:00:00+00:00,99.18900299072266
2025-06-04 01:00:00+00:00,99.13800048828125
2025-06-04 02:00:00+00:00,99.2239990234375
2025-06-04 03:00:00+00:00,99.28800201416016
2025-06-04 04:00:00+00:00,99.31999969482422
2025-06-04 05:00:00+00:00,99.33899688720703
2025-06-04 06:00:00+00:00,99.21199798583984
2025-06-04 07:00:00+00:00,99.16899871826172
2025-06-04 08:00:00+00:00,99.06300354003906
2025-06-04 09:00:00+00:00,99.19000244140625
2025-06-04 10:00:00+00:00,99.21900177001953
2025-06-04 11:00:00+00:00,99.23699951171875
2025-06-04 12:00:00+00:00,98.96499633789062
2025-06-04 13:00:00+00:00,99.04900360107422
2025-06-04 14:00:00+00:00,98.74500274658203
2025-06-04 15:00:00+00:00,98.78299713134766
2025-06-04 16:00:00+00:00,98.6760025024414
2025-06-04 17:00:00+00:00,98.75499725341797
2025-06-04 18:00:00+00:00,98.78700256347656
2025-06-04 19:00:00+00:00,98.86399841308594
2025-06-04 20:00:00+00:00,98.81099700927734
2025-06-04 21:00:00+00:00,98.81400299072266
2025-06-04 22:00:00+00:00,98.81900024414062
2025-06-04 23:00:00+00:00,98.7979965209961
2025-06-05 00:00:00+00:00,98.73400115966797
2025-06-05 01:00:00+00:00,98.84400177001953
2025-06-05 02:00:00+00:00,98.83200073242188
2025-06-05 03:00:00+00:00,98.88899993896484
2025-06-05 04:00:00+00:00,98.88999938964844
2025-06-05 05:00:00+00:00,98.93000030517578
2025-06-05 06:00:00+00:00,98.9209976196289
2025-06-05 07:00:00+00:00,98.9020004272461
2025-06-05 08:00:00+00:00,98.88899993896484
2025-06-05 09:00:00+00:00,98.83599853515625
2025-06-05 10:00:00+00:00,98.78800201416016
2025-06-05 11:00:00+00:00,98.7979965209961
2025-06-05 12:00:00+00:00,98.77799987792969
2025-06-05 13:00:00+00:00,98.44499969482422
2025-06-05 14:00:00+00:00,98.62899780273438
2025-06-05 15:00:00+00:00,98.78900146484375
2025-06-05 16:00:00+00:00,98.7030029296875
2025-06-05 17:00:00+00:00,98.73100280761719
2025-06-05 18:00:00+00:00,98.74099731445312
2025-06-05 19:00:00+00:00,98.77899932861328
2025-06-05 20:00:00+00:00,98.73999786376953
2025-06-05 21:00:00+00:00,98.73999786376953
2025-06-05 22:00:00+00:00,98.71199798583984
2025-06-05 23:00:00+00:00,98.67900085449219
2025-06-06 00:00:00+00:00,98.71800231933594
2025-06-06 01:00:00+00:00,98.75700378417969
2025-06-06 02:00:00+00:00,98.80500030517578
2025-06-06 03:00:00+00:00,98.7760009765625
2025-06-06 04:00:00+00:00,98.78600311279297
2025-06-06 05:00:00+00:00,98.8219985961914
2025-06-06 06:00:00+00:00,98.85900115966797
2025-06-06 07:00:00+00:00,98.88999938964844
2025-06-06 08:00:00+00:00,98.99199676513672
2025-06-06 09:00:00+00:00,98.97699737548828
2025-06-06 10:00:00+00:00,98.94100189208984
2025-06-06 11:00:00+00:00,98.97799682617188
2025-06-06 12:00:00+00:00,99.14800262451172
2025-06-06 13:00:00+00:00,99.22200012207031
2025-06-06 14:00:00+00:00,99.24099731445312
2025-06-06 15:00:00+00:00,99.18699645996094
2025-06-06 16:00:00+00:00,99.2699966430664
2025-06-06 17:00:00+00:00,99.21099853515625
2025-06-06 18:00:00+00:00,99.19000244140625
2025-06-06 19:00:00+00:00,99.18299865722656
2025-06-06 20:00:00+00:00,99.2020034790039
2025-06-08 22:00:00+00:00,99.10700225830078
2025-06-08 23:00:00+00:00,99.11399841308594
2025-06-09 00:00:00+00:00,99.21399688720703
2025-06-09 01:00:00+00:00,99.0270004272461
2025-06-09 02:00:00+00:00,99.01399993896484
2025-06-09 03:00:00+00:00,99.04299926757812
2025-06-09 04:00:00+00:00,98.99800109863281
2025-06-09 05:00:00+00:00,98.97699737548828
2025-06-09 06:00:00+00:00,98.90699768066406
2025-06-09 07:00:00+00:00,98.93599700927734
2025-06-09 08:00:00+00:00,98.89299774169922
2025-06-09 09:00:00+00:00,98.9000015258789
2025-06-09 10:00:00+00:00,98.95500183105469
2025-06-09 11:00:00+00:00,98.99700164794922
2025-06-09 12:00:00+00:00,99.13200378417969
2025-06-09 13:00:00+00:00,99.14099884033203
2025-06-09 14:00:00+00:00,99.0719985961914
2025-06-09 15:00:00+00:00,98.94000244140625
2025-06-09 16:00:00+00:00,98.94400024414062
2025-06-09 17:00:00+00:00,98.9729995727539
2025-06-09 18:00:00+00:00,98.93900299072266
2025-06-09 19:00:00+00:00,98.9739990234375
2025-06-09 20:00:00+00:00,99.01200103759766
2025-06-09 21:00:00+00:00,99.0009994506836
2025-06-09 22:00:00+00:00,99.00299835205078
2025-06-09 23:00:00+00:00,98.97100067138672
2025-06-10 00:00:00+00:00,98.97699737548828
2025-06-10 01:00:00+00:00,99.20600128173828
2025-06-10 02:00:00+00:00,99.17400360107422
2025-06-10 03:00:00+00:00,99.13899993896484
2025-06-10 04:00:00+00:00,99.177001953125
2025-06-10 05:00:00+00:00,99.11299896240234
2025-06-10 06:00:00+00:00,99.21700286865234
2025-06-10 07:00:00+00:00,99.26799774169922
2025-06-10 08:00:00+00:00,99.13700103759766
2025-06-10 09:00:00+00:00,99.08300018310547
2025-06-10 10:00:00+00:00,99.02999877929688
2025-06-10 11:00:00+00:00,98.99299621582031
2025-06-10 12:00:00+00:00,98.97699737548828
2025-06-10 13:00:00+00:00,98.8740005493164
2025-06-10 14:00:00+00:00,99.02999877929688
2025-06-10 15:00:00+00:00,99.06199645996094
2025-06-10 16:00:00+00:00,99.07099914550781
2025-06-10 17:00:00+00:00,99.072998046875
2025-06-10 18:00:00+00:00,99.0979995727539
2025-06-10 19:00:00+00:00,99.0479965209961
2025-06-10 20:00:00+00:00,99.0469970703125
2025-06-10 21:00:00+00:00,99.0479965209961
2025-06-10 22:00:00+00:00,99.04499816894531
2025-06-10 23:00:00+00:00,98.96499633789062
2025-06-11 00:00:00+00:00,99.0770034790039
2025-06-11 01:00:00+00:00,99.16999816894531
2025-06-11 02:00:00+00:00,99.12699890136719
2025-06-11 03:00:00+00:00,99.12699890136719
2025-06-11 04:00:00+00:00,99.13099670410156
2025-06-11 05:00:00+00:00,99.08100128173828
2025-06-11 06:00:00+00:00,99.19100189208984
2025-06-11 07:00:00+00:00,99.11599731445312
2025-06-11 08:00:00+00:00,99.0459976196289
2025-06-11 09:00:00+00:00,99.02799987792969
2025-06-11 10:00:00+00:00,99.01499938964844
2025-06-11 11:00:00+00:00,99.0530014038086
2025-06-11 12:00:00+00:00,98.81300354003906
2025-06-11 13:00:00+00:00,98.7959976196289
2025-06-11 14:00:00+00:00,98.67500305175781
2025-06-11 15:00:00+00:00,98.60199737548828
2025-06-11 16:00:00+00:00,98.61499786376953
2025-06-11 17:00:00+00:00,98.55999755859375
2025-06-11 18:00:00+00:00,98.63099670410156
2025-06-11 19:00:00+00:00,98.68099975585938
2025-06-11 20:00:00+00:00,98.64299774169922
2025-06-11 21:00:00+00:00,98.63099670410156
2025-06-11 22:00:00+00:00,98.58399963378906
2025-06-11 23:00:00+00:00,98.4540023803711
2025-06-12 00:00:00+00:00,98.36299896240234
2025-06-12 01:00:00+00:00,98.36799621582031
2025-06-12 02:00:00+00:00,98.41600036621094
2025-06-12 03:00:00+00:00,98.34100341796875
2025-06-12 04:00:00+00:00,98.375
2025-06-12 05:00:00+00:00,98.26899719238281
2025-06-12 06:00:00+00:00,98.32499694824219
2025-06-12 07:00:00+00:00,98.3479995727539
2025-06-12 08:00:00+00:00,98.20800018310547
2025-06-12 09:00:00+00:00,98.02999877929688
2025-06-12 10:00:00+00:00,97.88300323486328
2025-06-12 11:00:00+00:00,97.89800262451172
2025-06-12 12:00:00+00:00,97.72100067138672
2025-06-12 13:00:00+00:00,97.89299774169922
2025-06-12 14:00:00+00:00,97.93800354003906
2025-06-12 15:00:00+00:00,97.96199798583984
2025-06-12 16:00:00+00:00,97.94999694824219
2025-06-12 17:00:00+00:00,97.94000244140625
2025-06-12 18:00:00+00:00,97.9209976196289
2025-06-12 19:00:00+00:00,97.92900085449219
2025-06-12 20:00:00+00:00,97.86699676513672
2025-06-12 21:00:00+00:00,97.8479995727539
2025-06-12 22:00:00+00:00,97.83599853515625
2025-06-12 23:00:00+00:00,97.677001953125
2025-06-13 00:00:00+00:00,98.01300048828125
2025-06-13 01:00:00+00:00,98.08200073242188
2025-06-13 02:00:00+00:00,98.08799743652344
2025-06-13 03:00:00+00:00,98.19999694824219
2025-06-13 04:00:00+00:00,98.3010025024414
2025-06-13 05:00:00+00:00,98.25199890136719
2025-06-13 06:00:00+00:00,98.20700073242188
2025-06-13 07:00:00+00:00,98.21900177001953
2025-06-13 08:00:00+00:00,98.25299835205078
2025-06-13 09:00:00+00:00,98.34500122070312
2025-06-13 10:00:00+00:00,98.48600006103516
2025-06-13 11:00:00+00:00,98.4209976196289
2025-06-13 12:00:00+00:00,98.4010009765625
2025-06-13 13:00:00+00:00,98.34400177001953
2025-06-13 14:00:00+00:00,98.18199920654297
2025-06-13 15:00:00+00:00,98.08399963378906
2025-06-13 16:00:00+00:00,98.08899688720703
2025-06-13 17:00:00+00:00,98.14099884033203
2025-06-13 18:00:00+00:00,98.18399810791016
2025-06-13 19:00:00+00:00,98.125
2025-06-13 20:00:00+00:00,98.13800048828125
2025-06-15 22:00:00+00:00,98.2300033569336
2025-06-15 23:00:00+00:00,98.27200317382812
2025-06-16 00:00:00+00:00,98.27200317382812
2025-06-16 01:00:00+00:00,98.29100036621094
2025-06-16 02:00:00+00:00,98.31600189208984
2025-06-16 03:00:00+00:00,98.35299682617188
2025-06-16 04:00:00+00:00,98.27999877929688
2025-06-16 05:00:00+00:00,98.0989990234375
2025-06-16 06:00:00+00:00,98.02100372314453
2025-06-16 07:00:00+00:00,97.98600006103516
2025-06-16 08:00:00+00:00,97.99500274658203
2025-06-16 09:00:00+00:00,97.93399810791016
2025-06-16 10:00:00+00:00,97.98100280761719
2025-06-16 11:00:00+00:00,98.00299835205078
2025-06-16 12:00:00+00:00,97.93499755859375
2025-06-16 13:00:00+00:00,97.77799987792969
2025-06-16 14:00:00+00:00,97.8759994506836
2025-06-16 15:00:00+00:00,97.94599914550781
2025-06-16 16:00:00+00:00,97.91899871826172
2025-06-16 17:00:00+00:00,97.98100280761719
2025-06-16 18:00:00+00:00,97.99800109863281
2025-06-16 19:00:00+00:00,98.19400024414062
2025-06-16 20:00:00+00:00,98.14299774169922
2025-06-16 21:00:00+00:00,98.12899780273438
2025-06-16 22:00:00+00:00,98.13999938964844
2025-06-16 23:00:00+00:00,98.18199920654297
2025-06-17 00:00:00+00:00,98.24400329589844
2025-06-17 01:00:00+00:00,98.1989974975586
2025-06-17 02:00:00+00:00,98.18000030517578
2025-06-17 03:00:00+00:00,98.13899993896484
2025-06-17 04:00:00+00:00,98.12799835205078
2025-06-17 05:00:00+00:00,98.15799713134766
2025-06-17 06:00:00+00:00,98.15499877929688
2025-06-17 07:00:00+00:00,98.13800048828125
2025-06-17 08:00:00+00:00,98.21800231933594
2025-06-17 09:00:00+00:00,98.19300079345703
2025-06-17 10:00:00+00:00,98.09600067138672
2025-06-17 11:00:00+00:00,98.12300109863281
2025-06-17 12:00:00+00:00,98.24299621582031
2025-06-17 13:00:00+00:00,98.2030029296875
2025-06-17 14:00:00+00:00,98.43499755859375
2025-06-17 15:00:00+00:00,98.3740005493164
2025-06-17 16:00:00+00:00,98.61599731445312
2025-06-17 17:00:00+00:00,98.73899841308594
2025-06-17 18:00:00+00:00,98.81999969482422
2025-06-17 19:00:00+00:00,98.78099822998047
2025-06-17 20:00:00+00:00,98.83000183105469
2025-06-17 21:00:00+00:00,98.81400299072266
2025-06-17 22:00:00+00:00,98.81999969482422
2025-06-17 23:00:00+00:00,98.83399963378906
2025-06-18 00:00:00+00:00,98.76699829101562
2025-06-18 01:00:00+00:00,98.72100067138672
2025-06-18 02:00:00+00:00,98.70999908447266
2025-06-18 03:00:00+00:00,98.68800354003906
2025-06-18 04:00:00+00:00,98.64099884033203
2025-06-18 05:00:00+00:00,98.64600372314453
2025-06-18 06:00:00+00:00,98.58799743652344
2025-06-18 07:00:00+00:00,98.5989990234375
2025-06-18 08:00:00+00:00,98.6719970703125
2025-06-18 09:00:00+00:00,98.65899658203125
2025-06-18 10:00:00+00:00,98.71800231933594
2025-06-18 11:00:00+00:00,98.63600158691406
2025-06-18 12:00:00+00:00,98.6449966430664
2025-06-18 13:00:00+00:00,98.76000213623047
2025-06-18 14:00:00+00:00,98.66100311279297
2025-06-18 15:00:00+00:00,98.55699920654297
2025-06-18 16:00:00+00:00,98.66999816894531
2025-06-18 17:00:00+00:00,98.70600128173828
2025-06-18 18:00:00+00:00,98.90499877929688
2025-06-18 19:00:00+00:00,98.92400360107422
2025-06-18 20:00:00+00:00,98.8759994506836
2025-06-18 21:00:00+00:00,98.8550033569336
2025-06-18 22:00:00+00:00,98.8499984741211
2025-06-18 23:00:00+00:00,98.89399719238281
2025-06-19 00:00:00+00:00,98.86499786376953
2025-06-19 01:00:00+00:00,99.0719985961914
2025-06-19 02:00:00+00:00,99.06400299072266
2025-06-19 03:00:00+00:00,98.97599792480469
2025-06-19 04:00:00+00:00,98.95500183105469
2025-06-19 05:00:00+00:00,99.05599975585938
2025-06-19 06:00:00+00:00,99.00700378417969
2025-06-19 07:00:00+00:00,99.04299926757812
2025-06-19 08:00:00+00:00,98.89900207519531
2025-06-19 09:00:00+00:00,98.93800354003906
2025-06-19 10:00:00+00:00,98.9729995727539
2025-06-19 11:00:00+00:00,98.90499877929688
2025-06-19 12:00:00+00:00,98.93099975585938
2025-06-19 13:00:00+00:00,98.95099639892578
2025-06-19 14:00:00+00:00,99.02100372314453
2025-06-19 15:00:00+00:00,99.05899810791016
2025-06-19 16:00:00+00:00,99.08699798583984
2025-06-19 17:00:00+00:00,98.90899658203125
2025-06-19 18:00:00+00:00,98.86299896240234
2025-06-19 19:00:00+00:00,98.76599884033203
2025-06-19 20:00:00+00:00,98.78299713134766
2025-06-19 21:00:00+00:00,98.79199981689453
2025-06-19 22:00:00+00:00,98.78399658203125
2025-06-19 23:00:00+00:00,98.66999816894531
2025-06-20 00:00:00+00:00,98.5979995727539
2025-06-20 01:00:00+00:00,98.6709976196289
2025-06-20 02:00:00+00:00,98.63099670410156
2025-06-20 03:00:00+00:00,98.55500030517578
2025-06-20 04:00:00+00:00,98.58300018310547
2025-06-20 05:00:00+00:00,98.5790023803711
2025-06-20 06:00:00+00:00,98.66500091552734
2025-06-20 07:00:00+00:00,98.66699981689453
2025-06-20 08:00:00+00:00,98.6050033569336
2025-06-20 09:00:00+00:00,98.58999633789062
2025-06-20 10:00:00+00:00,98.625
2025-06-20 11:00:00+00:00,98.65699768066406
2025-06-20 12:00:00+00:00,98.71600341796875
2025-06-20 13:00:00+00:00,98.71399688720703
2025-06-20 14:00:00+00:00,98.78900146484375
2025-06-20 15:00:00+00:00,98.76000213623047
2025-06-20 16:00:00+00:00,98.6449966430664
2025-06-20 17:00:00+00:00,98.6729965209961
2025-06-20 18:00:00+00:00,98.70700073242188
2025-06-20 19:00:00+00:00,98.81999969482422
2025-06-20 20:00:00+00:00,98.77400207519531
2025-06-22 22:00:00+00:00,98.99700164794922
2025-06-22 23:00:00+00:00,98.91699981689453
2025-06-23 00:00:00+00:00,99.02300262451172
2025-06-23 01:00:00+00:00,99.02999877929688
2025-06-23 02:00:00+00:00,98.9739990234375
2025-06-23 03:00:00+00:00,99.03299713134766
2025-06-23 04:00:00+00:00,99.0780029296875
2025-06-23 05:00:00+00:00,98.947998046875
2025-06-23 06:00:00+00:00,98.96800231933594
2025-06-23 07:00:00+00:00,99.0270004272461
2025-06-23 08:00:00+00:00,99.18900299072266
2025-06-23 09:00:00+00:00,99.3010025024414
2025-06-23 10:00:00+00:00,99.36900329589844
2025-06-23 11:00:00+00:00,99.25399780273438
2025-06-23 12:00:00+00:00,99.2750015258789
2025-06-23 13:00:00+00:00,99.09100341796875
2025-06-23 14:00:00+00:00,98.71900177001953
2025-06-23 15:00:00+00:00,98.69499969482422
2025-06-23 16:00:00+00:00,98.63600158691406
2025-06-23 17:00:00+00:00,98.44499969482422
2025-06-23 18:00:00+00:00,98.41600036621094
2025-06-23 19:00:00+00:00,98.37899780273438
2025-06-23 20:00:00+00:00,98.38400268554688
2025-06-23 21:00:00+00:00,98.38600158691406
2025-06-23 22:00:00+00:00,98.3499984741211
2025-06-23 23:00:00+00:00,98.23600006103516
2025-06-24 00:00:00+00:00,98.19400024414062
2025-06-24 01:00:00+00:00,98.25299835205078
2025-06-24 02:00:00+00:00,98.16999816894531
2025-06-24 03:00:00+00:00,98.10700225830078
2025-06-24 04:00:00+00:00,98.11299896240234
2025-06-24 05:00:00+00:00,98.0780029296875
2025-06-24 06:00:00+00:00,98.0790023803711
2025-06-24 07:00:00+00:00,98.16400146484375
2025-06-24 08:00:00+00:00,98.11299896240234
2025-06-24 09:00:00+00:00,97.99099731445312
2025-06-24 10:00:00+00:00,98.0790023803711
2025-06-24 11:00:00+00:00,97.98699951171875
2025-06-24 12:00:00+00:00,98.03700256347656
2025-06-24 13:00:00+00:00,98.10099792480469
2025-06-24 14:00:00+00:00,97.89600372314453
2025-06-24 15:00:00+00:00,97.97599792480469
2025-06-24 16:00:00+00:00,97.8499984741211
2025-06-24 17:00:00+00:00,97.83899688720703
2025-06-24 18:00:00+00:00,97.85800170898438
2025-06-24 19:00:00+00:00,97.93599700927734
2025-06-24 20:00:00+00:00,97.97100067138672
2025-06-24 21:00:00+00:00,97.95899963378906
2025-06-24 22:00:00+00:00,97.97000122070312
2025-06-24 23:00:00+00:00,97.9530029296875
2025-06-25 00:00:00+00:00,97.87699890136719
2025-06-25 01:00:00+00:00,97.8290023803711
2025-06-25 02:00:00+00:00,97.89700317382812
2025-06-25 03:00:00+00:00,97.97200012207031
2025-06-25 04:00:00+00:00,97.95099639892578
2025-06-25 05:00:00+00:00,97.9209976196289
2025-06-25 06:00:00+00:00,98.01499938964844
2025-06-25 07:00:00+00:00,98.05999755859375
2025-06-25 08:00:00+00:00,98.01000213623047
2025-06-25 09:00:00+00:00,98.08699798583984
2025-06-25 10:00:00+00:00,98.08799743652344
2025-06-25 11:00:00+00:00,98.10900115966797
2025-06-25 12:00:00+00:00,98.18000030517578
2025-06-25 13:00:00+00:00,98.12000274658203
2025-06-25 14:00:00+00:00,97.97899627685547
2025-06-25 15:00:00+00:00,97.98500061035156
2025-06-25 16:00:00+00:00,97.89099884033203
2025-06-25 17:00:00+00:00,97.81600189208984
2025-06-25 18:00:00+00:00,97.67900085449219
2025-06-25 19:00:00+00:00,97.6989974975586
2025-06-25 20:00:00+00:00,97.6969985961914
2025-06-25 21:00:00+00:00,97.70899963378906
2025-06-25 22:00:00+00:00,97.70899963378906
2025-06-25 23:00:00+00:00,97.50399780273438
2025-06-26 00:00:00+00:00,97.48899841308594
2025-06-26 01:00:00+00:00,97.46900177001953
2025-06-26 02:00:00+00:00,97.43399810791016
2025-06-26 03:00:00+00:00,97.41699981689453
2025-06-26 04:00:00+00:00,97.50599670410156
2025-06-26 05:00:00+00:00,97.45800018310547
2025-06-26 06:00:00+00:00,97.3290023803711
2025-06-26 07:00:00+00:00,97.23699951171875
2025-06-26 08:00:00+00:00,97.0999984741211
2025-06-26 09:00:00+00:00,97.14900207519531
2025-06-26 10:00:00+00:00,97.22000122070312
2025-06-26 11:00:00+00:00,97.36799621582031
2025-06-26 12:00:00+00:00,97.26200103759766
2025-06-26 13:00:00+00:00,97.16899871826172
2025-06-26 14:00:00+00:00,97.2490005493164
2025-06-26 15:00:00+00:00,97.1780014038086
2025-06-26 16:00:00+00:00,97.09500122070312
2025-06-26 17:00:00+00:00,97.11699676513672
2025-06-26 18:00:00+00:00,97.14700317382812
2025-06-26 19:00:00+00:00,97.26499938964844
2025-06-26 20:00:00+00:00,97.2969970703125
2025-06-26 21:00:00+00:00,97.30500030517578
2025-06-26 22:00:00+00:00,97.3499984741211
2025-06-26 23:00:00+00:00,97.37100219726562
2025-06-27 00:00:00+00:00,97.38400268554688
2025-06-27 01:00:00+00:00,97.28700256347656
2025-06-27 02:00:00+00:00,97.28700256347656
2025-06-27 03:00:00+00:00,97.3290023803711
2025-06-27 04:00:00+00:00,97.41500091552734
2025-06-27 05:00:00+00:00,97.37799835205078
2025-06-27 06:00:00+00:00,97.16999816894531
2025-06-27 07:00:00+00:00,97.21399688720703
2025-06-27 08:00:00+00:00,97.21700286865234
2025-06-27 09:00:00+00:00,97.23999786376953
2025-06-27 10:00:00+00:00,97.24400329589844
2025-06-27 11:00:00+00:00,97.2249984741211
2025-06-27 12:00:00+00:00,97.04100036621094
2025-06-27 13:00:00+00:00,97.18900299072266
2025-06-27 14:00:00+00:00,97.27100372314453
2025-06-27 15:00:00+00:00,97.22899627685547
2025-06-27 16:00:00+00:00,97.24199676513672
2025-06-27 17:00:00+00:00,97.41200256347656
2025-06-27 18:00:00+00:00,97.4010009765625
2025-06-27 19:00:00+00:00,97.35099792480469
2025-06-27 20:00:00+00:00,97.25399780273438
2025-06-29 22:00:00+00:00,97.1760025024414
2025-06-29 23:00:00+00:00,97.19599914550781
2025-06-30 00:00:00+00:00,97.2699966430664
2025-06-30 01:00:00+00:00,97.22699737548828
2025-06-30 02:00:00+00:00,97.21299743652344
2025-06-30 03:00:00+00:00,97.24500274658203
2025-06-30 04:00:00+00:00,97.11000061035156
2025-06-30 05:00:00+00:00,97.12300109863281
2025-06-30 06:00:00+00:00,97.01599884033203
2025-06-30 07:00:00+00:00,97.18299865722656
2025-06-30 08:00:00+00:00,97.16400146484375
2025-06-30 09:00:00+00:00,97.23699951171875
2025-06-30 10:00:00+00:00,97.19100189208984
2025-06-30 11:00:00+00:00,97.20899963378906
2025-06-30 12:00:00+00:00,97.28500366210938
2025-06-30 13:00:00+00:00,97.24500274658203
2025-06-30 14:00:00+00:00,97.13500213623047
2025-06-30 15:00:00+00:00,96.90599822998047
2025-06-30 16:00:00+00:00,96.9530029296875
2025-06-30 17:00:00+00:00,96.95099639892578
2025-06-30 18:00:00+00:00,96.875
2025-06-30 19:00:00+00:00,96.8270034790039
2025-06-30 20:00:00+00:00,96.7750015258789
2025-06-30 21:00:00+00:00,96.80500030517578
2025-06-30 22:00:00+00:00,96.78500366210938
2025-06-30 23:00:00+00:00,96.75800323486328
2025-07-01 00:00:00+00:00,96.66699981689453
2025-07-01 01:00:00+00:00,96.80000305175781
2025-07-01 02:00:00+00:00,96.73999786376953
2025-07-01 03:00:00+00:00,96.7490005493164
2025-07-01 04:00:00+00:00,96.74500274658203
2025-07-01 05:00:00+00:00,96.72200012207031
2025-07-01 06:00:00+00:00,96.76899719238281
2025-07-01 07:00:00+00:00,96.64299774169922
2025-07-01 08:00:00+00:00,96.53199768066406
2025-07-01 09:00:00+00:00,96.4729995727539
2025-07-01 10:00:00+00:00,96.49400329589844
2025-07-01 11:00:00+00:00,96.48500061035156
2025-07-01 12:00:00+00:00,96.60600280761719
2025-07-01 13:00:00+00:00,96.61199951171875
2025-07-01 14:00:00+00:00,96.80799865722656
2025-07-01 15:00:00+00:00,96.8479995727539
2025-07-01 16:00:00+00:00,96.9209976196289
2025-07-01 17:00:00+00:00,96.7979965209961
2025-07-01 18:00:00+00:00,96.81900024414062
2025-07-01 19:00:00+00:00,96.76399993896484
2025-07-01 20:00:00+00:00,96.64299774169922
2025-07-01 21:00:00+00:00,96.65499877929688
2025-07-01 22:00:00+00:00,96.6520004272461
2025-07-01 23:00:00+00:00,96.64099884033203
2025-07-02 00:00:00+00:00,96.63400268554688
2025-07-02 01:00:00+00:00,96.73899841308594
2025-07-02 02:00:00+00:00,96.68399810791016
2025-07-02 03:00:00+00:00,96.68299865722656
2025-07-02 04:00:00+00:00,96.70700073242188
2025-07-02 05:00:00+00:00,96.78700256347656
2025-07-02 06:00:00+00:00,96.83399963378906
2025-07-02 07:00:00+00:00,96.89800262451172
2025-07-02 08:00:00+00:00,96.9010009765625
2025-07-02 09:00:00+00:00,96.95700073242188
2025-07-02 10:00:00+00:00,96.93199920654297
2025-07-02 11:00:00+00:00,97.08799743652344
2025-07-02 12:00:00+00:00,97.0770034790039
2025-07-02 13:00:00+00:00,97.0979995727539
2025-07-02 14:00:00+00:00,97.052001953125
2025-07-02 15:00:00+00:00,96.87899780273438
2025-07-02 16:00:00+00:00,96.85600280761719
2025-07-02 17:00:00+00:00,96.80699920654297
2025-07-02 18:00:00+00:00,96.7760009765625
2025-07-02 19:00:00+00:00,96.7509994506836
2025-07-02 20:00:00+00:00,96.77899932861328
2025-07-02 21:00:00+00:00,96.77100372314453
2025-07-02 22:00:00+00:00,96.77300262451172
2025-07-02 23:00:00+00:00,96.7509994506836
2025-07-03 00:00:00+00:00,96.71700286865234
2025-07-03 01:00:00+00:00,96.72599792480469
2025-07-03 02:00:00+00:00,96.78900146484375
2025-07-03 03:00:00+00:00,96.83999633789062
2025-07-03 13:30:00+00:00,96.98200225830078
2025-07-03 14:30:00+00:00,97.14800262451172
2025-07-03 15:30:00+00:00,97.10099792480469
2025-07-03 16:30:00+00:00,97.13600158691406
2025-07-04 04:00:00+00:00,96.91400146484375
2025-07-04 05:00:00+00:00,96.88500213623047
2025-07-04 06:00:00+00:00,96.88400268554688
2025-07-04 07:00:00+00:00,96.99800109863281
2025-07-04 08:00:00+00:00,96.95800018310547
2025-07-04 09:00:00+00:00,96.93699645996094
2025-07-04 10:00:00+00:00,96.95600128173828
2025-07-04 11:00:00+00:00,97.00499725341797
2025-07-04 12:00:00+00:00,97.04100036621094
2025-07-04 13:00:00+00:00,96.95999908447266
2025-07-04 14:00:00+00:00,96.98699951171875
2025-07-04 15:00:00+00:00,96.97899627685547
2025-07-04 16:00:00+00:00,96.9990005493164
2025-07-04 17:00:00+00:00,96.99099731445312
2025-07-04 18:00:00+00:00,96.96499633789062
2025-07-04 19:00:00+00:00,97.00700378417969
2025-07-04 20:00:00+00:00,96.98600006103516
2025-07-06 22:00:00+00:00,96.96700286865234
2025-07-06 23:00:00+00:00,96.96800231933594
2025-07-07 00:00:00+00:00,96.96099853515625
2025-07-07 01:00:00+00:00,97.03700256347656
2025-07-07 02:00:00+00:00,97.09600067138672
2025-07-07 03:00:00+00:00,97.09200286865234
2025-07-07 04:00:00+00:00,97.13800048828125
2025-07-07 05:00:00+00:00,97.10700225830078
2025-07-07 06:00:00+00:00,97.19300079345703
2025-07-07 07:00:00+00:00,97.26000213623047
2025-07-07 08:00:00+00:00,97.41999816894531
2025-07-07 09:00:00+00:00,97.3550033569336
2025-07-07 10:00:00+00:00,97.38099670410156
2025-07-07 11:00:00+00:00,97.36100006103516
2025-07-07 12:00:00+00:00,97.40899658203125
2025-07-07 13:00:00+00:00,97.3280029296875
2025-07-07 14:00:00+00:00,97.31099700927734
2025-07-07 15:00:00+00:00,97.34500122070312
2025-07-07 16:00:00+00:00,97.62899780273438
2025-07-07 17:00:00+00:00,97.5510025024414
2025-07-07 18:00:00+00:00,97.4800033569336
2025-07-07 19:00:00+00:00,97.47200012207031
2025-07-07 20:00:00+00:00,97.5530014038086
2025-07-07 21:00:00+00:00,97.53900146484375
2025-07-07 22:00:00+00:00,97.51699829101562
2025-07-07 23:00:00+00:00,97.35199737548828
2025-07-08 00:00:00+00:00,97.33399963378906
2025-07-08 01:00:00+00:00,97.375
2025-07-08 02:00:00+00:00,97.3499984741211
2025-07-08 03:00:00+00:00,97.29900360107422
2025-07-08 04:00:00+00:00,97.3219985961914
2025-07-08 05:00:00+00:00,97.37200164794922
2025-07-08 06:00:00+00:00,97.34600067138672
2025-07-08 07:00:00+00:00,97.21099853515625
2025-07-08 08:00:00+00:00,97.30799865722656
2025-07-08 09:00:00+00:00,97.36900329589844
2025-07-08 10:00:00+00:00,97.4800033569336
2025-07-08 11:00:00+00:00,97.53399658203125
2025-07-08 12:00:00+00:00,97.54399871826172
2025-07-08 13:00:00+00:00,97.66500091552734
2025-07-08 14:00:00+00:00,97.76699829101562
2025-07-08 15:00:00+00:00,97.6520004272461
2025-07-08 16:00:00+00:00,97.63099670410156
2025-07-08 17:00:00+00:00,97.52899932861328
2025-07-08 18:00:00+00:00,97.51599884033203
2025-07-08 19:00:00+00:00,97.5270004272461
2025-07-08 20:00:00+00:00,97.49500274658203
2025-07-08 21:00:00+00:00,97.51499938964844
2025-07-08 22:00:00+00:00,97.51000213623047
2025-07-08 23:00:00+00:00,97.5469970703125
2025-07-09 00:00:00+00:00,97.53299713134766
2025-07-09 01:00:00+00:00,97.56300354003906
2025-07-09 02:00:00+00:00,97.64600372314453
2025-07-09 03:00:00+00:00,97.69200134277344
2025-07-09 04:00:00+00:00,97.62899780273438
2025-07-09 05:00:00+00:00,97.59600067138672
2025-07-09 06:00:00+00:00,97.51300048828125
2025-07-09 07:00:00+00:00,97.63099670410156
2025-07-09 08:00:00+00:00,97.57499694824219
2025-07-09 09:00:00+00:00,97.56600189208984
2025-07-09 10:00:00+00:00,97.6500015258789
2025-07-09 11:00:00+00:00,97.74299621582031
2025-07-09 12:00:00+00:00,97.54199981689453
2025-07-09 13:00:00+00:00,97.61499786376953
2025-07-09 14:00:00+00:00,97.55899810791016
2025-07-09 15:00:00+00:00,97.61599731445312
2025-07-09 16:00:00+00:00,97.60600280761719
2025-07-09 17:00:00+00:00,97.5790023803711
2025-07-09 18:00:00+00:00,97.55500030517578
2025-07-09 19:00:00+00:00,97.50700378417969
2025-07-09 20:00:00+00:00,97.5
2025-07-09 21:00:00+00:00,97.49099731445312
2025-07-09 22:00:00+00:00,97.47000122070312
2025-07-09 23:00:00+00:00,97.37999725341797
2025-07-10 00:00:00+00:00,97.30699920654297
2025-07-10 01:00:00+00:00,97.33499908447266
2025-07-10 02:00:00+00:00,97.36199951171875
2025-07-10 03:00:00+00:00,97.40699768066406
2025-07-10 04:00:00+00:00,97.4020004272461
2025-07-10 05:00:00+00:00,97.38300323486328
2025-07-10 06:00:00+00:00,97.39700317382812
2025-07-10 07:00:00+00:00,97.40799713134766
2025-07-10 08:00:00+00:00,97.44999694824219
2025-07-10 09:00:00+00:00,97.41600036621094
2025-07-10 10:00:00+00:00,97.42500305175781
2025-07-10 11:00:00+00:00,97.55500030517578
2025-07-10 12:00:00+00:00,97.625
2025-07-10 13:00:00+00:00,97.72799682617188
2025-07-10 14:00:00+00:00,97.7750015258789
2025-07-10 15:00:00+00:00,97.71199798583984
2025-07-10 16:00:00+00:00,97.72899627685547
2025-07-10 17:00:00+00:00,97.68299865722656
2025-07-10 18:00:00+00:00,97.6520004272461
2025-07-10 19:00:00+00:00,97.62100219726562
2025-07-10 20:00:00+00:00,97.58799743652344
2025-07-10 21:00:00+00:00,97.5780029296875
2025-07-10 22:00:00+00:00,97.5790023803711
2025-07-10 23:00:00+00:00,97.58399963378906
2025-07-11 00:00:00+00:00,97.79399871826172
2025-07-11 01:00:00+00:00,97.81099700927734
2025-07-11 02:00:00+00:00,97.86699676513672
2025-07-11 03:00:00+00:00,97.78700256347656
2025-07-11 04:00:00+00:00,97.83799743652344
2025-07-11 05:00:00+00:00,97.802001953125
2025-07-11 06:00:00+00:00,97.86000061035156
2025-07-11 07:00:00+00:00,97.76399993896484
2025-07-11 08:00:00+00:00,97.8280029296875
2025-07-11 09:00:00+00:00,97.7509994506836
2025-07-11 10:00:00+00:00,97.75
2025-07-11 11:00:00+00:00,97.8239974975586
2025-07-11 12:00:00+00:00,97.80400085449219
2025-07-11 13:00:00+00:00,97.85199737548828
2025-07-11 14:00:00+00:00,97.83100128173828
2025-07-11 15:00:00+00:00,97.8030014038086
2025-07-11 16:00:00+00:00,97.8290023803711
2025-07-11 17:00:00+00:00,97.81700134277344
2025-07-11 18:00:00+00:00,97.85299682617188
2025-07-11 19:00:00+00:00,97.86499786376953
2025-07-11 20:00:00+00:00,97.86900329589844
2025-07-13 22:00:00+00:00,98.01799774169922
2025-07-13 23:00:00+00:00,97.89299774169922
2025-07-14 00:00:00+00:00,97.7969970703125
2025-07-14 01:00:00+00:00,97.87999725341797
2025-07-14 02:00:00+00:00,97.96700286865234
2025-07-14 03:00:00+00:00,97.9209976196289
2025-07-14 04:00:00+00:00,97.96900177001953
2025-07-14 05:00:00+00:00,98.00599670410156
2025-07-14 06:00:00+00:00,98.03700256347656
2025-07-14 07:00:00+00:00,97.89700317382812
2025-07-14 08:00:00+00:00,97.9219970703125
2025-07-14 09:00:00+00:00,97.86699676513672
2025-07-14 10:00:00+00:00,97.8280029296875
2025-07-14 11:00:00+00:00,97.87999725341797
2025-07-14 12:00:00+00:00,97.91500091552734
2025-07-14 13:00:00+00:00,97.92400360107422
2025-07-14 14:00:00+00:00,97.96099853515625
2025-07-14 15:00:00+00:00,98.06500244140625
2025-07-14 16:00:00+00:00,98.10700225830078
2025-07-14 17:00:00+00:00,98.11799621582031
2025-07-14 18:00:00+00:00,98.08100128173828
2025-07-14 19:00:00+00:00,98.08999633789062
2025-07-14 20:00:00+00:00,98.11399841308594
2025-07-14 21:00:00+00:00,98.11000061035156
2025-07-14 22:00:00+00:00,98.10199737548828
2025-07-14 23:00:00+00:00,98.11799621582031
2025-07-15 00:00:00+00:00,98.0469970703125
2025-07-15 01:00:00+00:00,98.08599853515625
2025-07-15 02:00:00+00:00,98.04100036621094
2025-07-15 03:00:00+00:00,98.04100036621094
2025-07-15 04:00:00+00:00,98.03800201416016
2025-07-15 05:00:00+00:00,97.96800231933594
2025-07-15 06:00:00+00:00,98.02999877929688
2025-07-15 07:00:00+00:00,97.9520034790039
2025-07-15 08:00:00+00:00,97.96099853515625
2025-07-15 09:00:00+00:00,97.97100067138672
2025-07-15 10:00:00+00:00,97.98100280761719
2025-07-15 11:00:00+00:00,98.09200286865234
2025-07-15 12:00:00+00:00,98.0270004272461
2025-07-15 13:00:00+00:00,98.34500122070312
2025-07-15 14:00:00+00:00,98.51799774169922
2025-07-15 15:00:00+00:00,98.51799774169922
2025-07-15 16:00:00+00:00,98.66999816894531
2025-07-15 17:00:00+00:00,98.66600036621094
2025-07-15 18:00:00+00:00,98.61599731445312
2025-07-15 19:00:00+00:00,98.64099884033203
2025-07-15 20:00:00+00:00,98.63500213623047
2025-07-15 21:00:00+00:00,98.63400268554688
2025-07-15 22:00:00+00:00,98.63500213623047
2025-07-15 23:00:00+00:00,98.58300018310547
2025-07-16 00:00:00+00:00,98.59200286865234
2025-07-16 01:00:00+00:00,98.5510025024414
2025-07-16 02:00:00+00:00,98.59200286865234
2025-07-16 03:00:00+00:00,98.6050033569336
2025-07-16 04:00:00+00:00,98.53099822998047
2025-07-16 05:00:00+00:00,98.51000213623047
2025-07-16 06:00:00+00:00,98.44499969482422
2025-07-16 07:00:00+00:00,98.54000091552734
2025-07-16 08:00:00+00:00,98.50800323486328
2025-07-16 09:00:00+00:00,98.55799865722656
2025-07-16 10:00:00+00:00,98.53299713134766
2025-07-16 11:00:00+00:00,98.63700103759766
2025-07-16 12:00:00+00:00,98.6520004272461
2025-07-16 13:00:00+00:00,98.83599853515625
2025-07-16 14:00:00+00:00,98.6780014038086
2025-07-16 15:00:00+00:00,98.38700103759766
2025-07-16 16:00:00+00:00,98.31400299072266
2025-07-16 17:00:00+00:00,98.2770004272461
2025-07-16 18:00:00+00:00,98.39199829101562
2025-07-16 19:00:00+00:00,98.31600189208984
2025-07-16 20:00:00+00:00,98.29100036621094
2025-07-16 21:00:00+00:00,98.30699920654297
2025-07-16 22:00:00+00:00,98.27999877929688
2025-07-16 23:00:00+00:00,98.34300231933594
2025-07-17 00:00:00+00:00,98.45899963378906
2025-07-17 01:00:00+00:00,98.42500305175781
2025-07-17 02:00:00+00:00,98.5199966430664
2025-07-17 03:00:00+00:00,98.52100372314453
2025-07-17 04:00:00+00:00,98.47699737548828
2025-07-17 05:00:00+00:00,98.5250015258789
2025-07-17 06:00:00+00:00,98.73999786376953
2025-07-17 07:00:00+00:00,98.71299743652344
2025-07-17 08:00:00+00:00,98.62000274658203
2025-07-17 09:00:00+00:00,98.70800018310547
2025-07-17 10:00:00+00:00,98.73100280761719
2025-07-17 11:00:00+00:00,98.81099700927734
2025-07-17 12:00:00+00:00,98.7249984741211
2025-07-17 13:00:00+00:00,98.72000122070312
2025-07-17 14:00:00+00:00,98.6989974975586
2025-07-17 15:00:00+00:00,98.64399719238281
2025-07-17 16:00:00+00:00,98.7229995727539
2025-07-17 17:00:00+00:00,98.73100280761719
2025-07-17 18:00:00+00:00,98.73400115966797
2025-07-17 19:00:00+00:00,98.63200378417969
2025-07-17 20:00:00+00:00,98.6500015258789
2025-07-17 21:00:00+00:00,98.63300323486328
2025-07-17 22:00:00+00:00,98.61599731445312
2025-07-17 23:00:00+00:00,98.50599670410156
2025-07-18 00:00:00+00:00,98.46900177001953
2025-07-18 01:00:00+00:00,98.43699645996094
2025-07-18 02:00:00+00:00,98.43199920654297
2025-07-18 03:00:00+00:00,98.48400115966797
2025-07-18 04:00:00+00:00,98.51399993896484
2025-07-18 05:00:00+00:00,98.53900146484375
2025-07-18 06:00:00+00:00,98.50299835205078
2025-07-18 07:00:00+00:00,98.447998046875
2025-07-18 08:00:00+00:00,98.38500213623047
2025-07-18 09:00:00+00:00,98.4010009765625
2025-07-18 10:00:00+00:00,98.3280029296875
2025-07-18 11:00:00+00:00,98.3010025024414
2025-07-18 12:00:00+00:00,98.20700073242188
2025-07-18 13:00:00+00:00,98.13200378417969
2025-07-18 14:00:00+00:00,98.28600311279297
2025-07-18 15:00:00+00:00,98.30999755859375
2025-07-18 16:00:00+00:00,98.43199920654297
2025-07-18 17:00:00+00:00,98.44400024414062
2025-07-18 18:00:00+00:00,98.48200225830078
2025-07-18 19:00:00+00:00,98.47699737548828
2025-07-18 20:00:00+00:00,98.46399688720703
2025-07-20 22:00:00+00:00,98.44200134277344
2025-07-20 23:00:00+00:00,98.40599822998047
2025-07-21 00:00:00+00:00,98.4729995727539
2025-07-21 01:00:00+00:00,98.48600006103516
2025-07-21 02:00:00+00:00,98.46099853515625
2025-07-21 03:00:00+00:00,98.44000244140625
2025-07-21 04:00:00+00:00,98.40499877929688
2025-07-21 05:00:00+00:00,98.36100006103516
2025-07-21 06:00:00+00:00,98.26699829101562
2025-07-21 07:00:00+00:00,98.27400207519531
2025-07-21 08:00:00+00:00,98.2509994506836
2025-07-21 09:00:00+00:00,98.23899841308594
2025-07-21 10:00:00+00:00,98.20899963378906
2025-07-21 11:00:00+00:00,98.04100036621094
2025-07-21 12:00:00+00:00,98.04499816894531
2025-07-21 13:00:00+00:00,98.0739974975586
2025-07-21 14:00:00+00:00,97.83999633789062
2025-07-21 15:00:00+00:00,97.78399658203125
2025-07-21 16:00:00+00:00,97.8010025024414
2025-07-21 17:00:00+00:00,97.87200164794922
2025-07-21 18:00:00+00:00,97.85299682617188
2025-07-21 19:00:00+00:00,97.88500213623047
2025-07-21 20:00:00+00:00,97.84700012207031
2025-07-21 21:00:00+00:00,97.85399627685547
2025-07-21 22:00:00+00:00,97.8489990234375
2025-07-21 23:00:00+00:00,97.84700012207031
2025-07-22 00:00:00+00:00,97.9010009765625
2025-07-22 01:00:00+00:00,97.91500091552734
2025-07-22 02:00:00+00:00,97.88600158691406
2025-07-22 03:00:00+00:00,97.91999816894531
2025-07-22 04:00:00+00:00,97.91999816894531
2025-07-22 05:00:00+00:00,97.94599914550781
2025-07-22 06:00:00+00:00,97.93699645996094
2025-07-22 07:00:00+00:00,97.95500183105469
2025-07-22 08:00:00+00:00,97.85299682617188
2025-07-22 09:00:00+00:00,97.79499816894531
2025-07-22 10:00:00+00:00,97.84100341796875
2025-07-22 11:00:00+00:00,97.7979965209961
2025-07-22 12:00:00+00:00,97.83000183105469
2025-07-22 13:00:00+00:00,97.71399688720703
2025-07-22 14:00:00+00:00,97.56500244140625
2025-07-22 15:00:00+00:00,97.38899993896484
2025-07-22 16:00:00+00:00,97.34400177001953
2025-07-22 17:00:00+00:00,97.41300201416016
2025-07-22 18:00:00+00:00,97.39199829101562
2025-07-22 19:00:00+00:00,97.36499786376953
2025-07-22 20:00:00+00:00,97.35900115966797
2025-07-22 21:00:00+00:00,97.38700103759766
2025-07-22 22:00:00+00:00,97.39900207519531
2025-07-22 23:00:00+00:00,97.46399688720703
2025-07-23 00:00:00+00:00,97.37000274658203
2025-07-23 01:00:00+00:00,97.4489974975586
2025-07-23 02:00:00+00:00,97.49500274658203
2025-07-23 03:00:00+00:00,97.45999908447266
2025-07-23 04:00:00+00:00,97.48699951171875
2025-07-23 05:00:00+00:00,97.54299926757812
2025-07-23 06:00:00+00:00,97.43199920654297
2025-07-23 07:00:00+00:00,97.39299774169922
2025-07-23 08:00:00+00:00,97.44599914550781
2025-07-23 09:00:00+00:00,97.4000015258789
2025-07-23 10:00:00+00:00,97.45800018310547
2025-07-23 11:00:00+00:00,97.43699645996094
2025-07-23 12:00:00+00:00,97.4749984741211
2025-07-23 13:00:00+00:00,97.48799896240234
2025-07-23 14:00:00+00:00,97.42900085449219
2025-07-23 15:00:00+00:00,97.36199951171875
2025-07-23 16:00:00+00:00,97.36599731445312
2025-07-23 17:00:00+00:00,97.30599975585938
2025-07-23 18:00:00+00:00,97.21399688720703
2025-07-23 19:00:00+00:00,97.20500183105469
2025-07-23 20:00:00+00:00,97.21499633789062
2025-07-23 21:00:00+00:00,97.22699737548828
2025-07-23 22:00:00+00:00,97.20700073242188
2025-07-23 23:00:00+00:00,97.19599914550781
2025-07-24 00:00:00+00:00,97.24299621582031
2025-07-24 01:00:00+00:00,97.1449966430664
2025-07-24 02:00:00+00:00,97.1500015258789
2025-07-24 03:00:00+00:00,97.1510009765625
2025-07-24 04:00:00+00:00,97.16400146484375
2025-07-24 05:00:00+00:00,97.18000030517578
2025-07-24 06:00:00+00:00,97.29199981689453
2025-07-24 07:00:00+00:00,97.29000091552734
2025-07-24 08:00:00+00:00,97.3280029296875
2025-07-24 09:00:00+00:00,97.36900329589844
2025-07-24 10:00:00+00:00,97.39700317382812
2025-07-24 11:00:00+00:00,97.33200073242188
2025-07-24 12:00:00+00:00,97.48999786376953
2025-07-24 13:00:00+00:00,97.26699829101562
2025-07-24 14:00:00+00:00,97.3219985961914
2025-07-24 15:00:00+00:00,97.38700103759766
2025-07-24 16:00:00+00:00,97.39900207519531
2025-07-24 17:00:00+00:00,97.34200286865234
2025-07-24 18:00:00+00:00,97.37699890136719
2025-07-24 19:00:00+00:00,97.43199920654297
2025-07-24 20:00:00+00:00,97.49299621582031
2025-07-24 21:00:00+00:00,97.50299835205078
2025-07-24 22:00:00+00:00,97.51799774169922
2025-07-24 23:00:00+00:00,97.4520034790039
2025-07-25 00:00:00+00:00,97.47599792480469
2025-07-25 01:00:00+00:00,97.56600189208984
2025-07-25 02:00:00+00:00,97.60199737548828
2025-07-25 03:00:00+00:00,97.55500030517578
2025-07-25 04:00:00+00:00,97.5719985961914
2025-07-25 05:00:00+00:00,97.50299835205078
2025-07-25 06:00:00+00:00,97.52300262451172
2025-07-25 07:00:00+00:00,97.55000305175781
2025-07-25 08:00:00+00:00,97.64199829101562
2025-07-25 09:00:00+00:00,97.69499969482422
2025-07-25 10:00:00+00:00,97.72200012207031
2025-07-25 11:00:00+00:00,97.75199890136719
2025-07-25 12:00:00+00:00,97.81099700927734
2025-07-25 13:00:00+00:00,97.78299713134766
2025-07-25 14:00:00+00:00,97.7490005493164
2025-07-25 15:00:00+00:00,97.77300262451172
2025-07-25 16:00:00+00:00,97.7699966430664
2025-07-25 17:00:00+00:00,97.71199798583984
2025-07-25 18:00:00+00:00,97.6449966430664
2025-07-25 19:00:00+00:00,97.65499877929688
2025-07-25 20:00:00+00:00,97.67400360107422
2025-07-27 22:00:00+00:00,97.62100219726562
2025-07-27 23:00:00+00:00,97.61299896240234
2025-07-28 00:00:00+00:00,97.54100036621094
2025-07-28 01:00:00+00:00,97.63899993896484
2025-07-28 02:00:00+00:00,97.61299896240234
2025-07-28 03:00:00+00:00,97.59100341796875
2025-07-28 04:00:00+00:00,97.64600372314453
2025-07-28 05:00:00+00:00,97.70600128173828
2025-07-28 06:00:00+00:00,97.82599639892578
2025-07-28 07:00:00+00:00,98.13400268554688
2025-07-28 08:00:00+00:00,98.09200286865234
2025-07-28 09:00:00+00:00,98.1709976196289
2025-07-28 10:00:00+00:00,98.2229995727539
2025-07-28 11:00:00+00:00,98.22200012207031
2025-07-28 12:00:00+00:00,98.16200256347656
2025-07-28 13:00:00+00:00,98.33399963378906
2025-07-28 14:00:00+00:00,98.31300354003906
2025-07-28 15:00:00+00:00,98.50399780273438
2025-07-28 16:00:00+00:00,98.56700134277344
2025-07-28 17:00:00+00:00,98.63200378417969
2025-07-28 18:00:00+00:00,98.63400268554688
2025-07-28 19:00:00+00:00,98.64800262451172
2025-07-28 20:00:00+00:00,98.66400146484375
2025-07-28 21:00:00+00:00,98.6510009765625
2025-07-28 22:00:00+00:00,98.66400146484375
2025-07-28 23:00:00+00:00,98.61199951171875
2025-07-29 00:00:00+00:00,98.70800018310547
2025-07-29 01:00:00+00:00,98.66500091552734
2025-07-29 02:00:00+00:00,98.59700012207031
2025-07-29 03:00:00+00:00,98.68499755859375
2025-07-29 04:00:00+00:00,98.6510009765625
2025-07-29 05:00:00+00:00,98.697998046875
2025-07-29 06:00:00+00:00,99.00800323486328
2025-07-29 07:00:00+00:00,98.89800262451172
2025-07-29 08:00:00+00:00,98.80000305175781
2025-07-29 09:00:00+00:00,98.75499725341797
2025-07-29 10:00:00+00:00,98.76399993896484
2025-07-29 11:00:00+00:00,98.99400329589844
2025-07-29 12:00:00+00:00,99.08200073242188
2025-07-29 13:00:00+00:00,98.94999694824219
2025-07-29 14:00:00+00:00,99.0739974975586
2025-07-29 15:00:00+00:00,99.0199966430664
2025-07-29 16:00:00+00:00,98.96399688720703
2025-07-29 17:00:00+00:00,98.95500183105469
2025-07-29 18:00:00+00:00,98.88600158691406
2025-07-29 19:00:00+00:00,98.89600372314453
2025-07-29 20:00:00+00:00,98.91899871826172
2025-07-29 21:00:00+00:00,98.90499877929688
2025-07-29 22:00:00+00:00,98.89800262451172
2025-07-29 23:00:00+00:00,98.88899993896484
2025-07-30 00:00:00+00:00,98.74299621582031
2025-07-30 01:00:00+00:00,98.77999877929688
2025-07-30 02:00:00+00:00,98.77100372314453
2025-07-30 03:00:00+00:00,98.7699966430664
2025-07-30 04:00:00+00:00,98.85900115966797
2025-07-30 05:00:00+00:00,98.85700225830078
2025-07-30 06:00:00+00:00,98.7979965209961
2025-07-30 07:00:00+00:00,98.83799743652344
2025-07-30 08:00:00+00:00,98.80000305175781
2025-07-30 09:00:00+00:00,98.8239974975586
2025-07-30 10:00:00+00:00,98.92500305175781
2025-07-30 11:00:00+00:00,98.97699737548828
2025-07-30 12:00:00+00:00,99.43199920654297
2025-07-30 13:00:00+00:00,99.5009994506836
2025-07-30 14:00:00+00:00,99.41899871826172
2025-07-30 15:00:00+00:00,99.52100372314453
2025-07-30 16:00:00+00:00,99.46199798583984
2025-07-30 17:00:00+00:00,99.39099884033203
2025-07-30 18:00:00+00:00,99.81500244140625
2025-07-30 19:00:00+00:00,99.8489990234375
2025-07-30 20:00:00+00:00,99.96399688720703
2025-07-30 21:00:00+00:00,99.93900299072266
2025-07-30 22:00:00+00:00,99.88700103759766
2025-07-30 23:00:00+00:00,99.78600311279297
2025-07-31 00:00:00+00:00,99.76599884033203
2025-07-31 01:00:00+00:00,99.75
2025-07-31 02:00:00+00:00,99.73799896240234
2025-07-31 03:00:00+00:00,99.76300048828125
2025-07-31 04:00:00+00:00,99.68800354003906
2025-07-31 05:00:00+00:00,99.67900085449219
2025-07-31 06:00:00+00:00,99.54399871826172
2025-07-31 07:00:00+00:00,99.67400360107422
2025-07-31 08:00:00+00:00,99.70700073242188
2025-07-31 09:00:00+00:00,99.85600280761719
2025-07-31 10:00:00+00:00,99.82099914550781
2025-07-31 11:00:00+00:00,99.73699951171875
2025-07-31 12:00:00+00:00,99.90699768066406
2025-07-31 13:00:00+00:00,100.08399963378906
2025-07-31 14:00:00+00:00,99.82099914550781
2025-07-31 15:00:00+00:00,99.93699645996094
2025-07-31 16:00:00+00:00,99.98400115966797
2025-07-31 17:00:00+00:00,100.0199966430664
2025-07-31 18:00:00+00:00,99.96800231933594
2025-07-31 19:00:00+00:00,100.06800079345703
2025-07-31 20:00:00+00:00,100.05400085449219
2025-07-31 21:00:00+00:00,100.04100036621094
2025-07-31 22:00:00+00:00,100.0510025024414
2025-07-31 23:00:00+00:00,100.03099822998047
2025-08-01 00:00:00+00:00,99.99400329589844
2025-08-01 01:00:00+00:00,100.13400268554688
2025-08-01 02:00:00+00:00,100.0999984741211
2025-08-01 03:00:00+00:00,100.04000091552734
2025-08-01 04:00:00+00:00,100.03399658203125
2025-08-01 05:00:00+00:00,99.95500183105469
2025-08-01 06:00:00+00:00,99.97899627685547
2025-08-01 07:00:00+00:00,100.052001953125
2025-08-01 08:00:00+00:00,100.16799926757812
2025-08-01 09:00:00+00:00,100.20700073242188
2025-08-01 10:00:00+00:00,100.11299896240234
2025-08-01 11:00:00+00:00,100.16699981689453
2025-08-01 12:00:00+00:00,99.02400207519531
2025-08-01 13:00:00+00:00,98.88700103759766
2025-08-01 14:00:00+00:00,98.94499969482422
2025-08-01 15:00:00+00:00,98.94200134277344
2025-08-01 16:00:00+00:00,99.02100372314453
2025-08-01 17:00:00+00:00,99.125
2025-08-01 18:00:00+00:00,99.14099884033203
2025-08-01 19:00:00+00:00,98.81600189208984
2025-08-01 20:00:00+00:00,98.68499755859375
2025-08-03 22:00:00+00:00,98.68299865722656
2025-08-03 23:00:00+00:00,98.66100311279297
2025-08-04 00:00:00+00:00,98.88999938964844
2025-08-04 01:00:00+00:00,98.80799865722656
2025-08-04 02:00:00+00:00,98.77799987792969
2025-08-04 03:00:00+00:00,98.74800109863281
2025-08-04 04:00:00+00:00,98.7770004272461
2025-08-04 05:00:00+00:00,98.81600189208984
2025-08-04 06:00:00+00:00,98.7959976196289
2025-08-04 07:00:00+00:00,98.8759994506836
2025-08-04 08:00:00+00:00,98.91100311279297
2025-08-04 09:00:00+00:00,98.86000061035156
2025-08-04 10:00:00+00:00,98.77100372314453
2025-08-04 11:00:00+00:00,98.78099822998047
2025-08-04 12:00:00+00:00,98.71800231933594
2025-08-04 13:00:00+00:00,98.70099639892578
2025-08-04 14:00:00+00:00,98.79299926757812
2025-08-04 15:00:00+00:00,98.76899719238281
2025-08-04 16:00:00+00:00,98.73600006103516
2025-08-04 17:00:00+00:00,98.73300170898438
2025-08-04 18:00:00+00:00,98.78399658203125
2025-08-04 19:00:00+00:00,98.76799774169922
2025-08-04 20:00:00+00:00,98.74299621582031
2025-08-04 21:00:00+00:00,98.75900268554688
2025-08-04 22:00:00+00:00,98.7300033569336
2025-08-04 23:00:00+00:00,98.62999725341797
2025-08-05 00:00:00+00:00,98.70700073242188
2025-08-05 01:00:00+00:00,98.7770004272461
2025-08-05 02:00:00+00:00,98.8239974975586
2025-08-05 03:00:00+00:00,98.86100006103516
2025-08-05 04:00:00+00:00,98.82599639892578
2025-08-05 05:00:00+00:00,98.9010009765625
2025-08-05 06:00:00+00:00,98.89199829101562
2025-08-05 07:00:00+00:00,98.9209976196289
2025-08-05 08:00:00+00:00,99.00800323486328
2025-08-05 09:00:00+00:00,98.96700286865234
2025-08-05 10:00:00+00:00,98.96099853515625
2025-08-05 11:00:00+00:00,98.98899841308594
2025-08-05 12:00:00+00:00,98.99800109863281
2025-08-05 13:00:00+00:00,99.01699829101562
2025-08-05 14:00:00+00:00,98.80799865722656
2025-08-05 15:00:00+00:00,98.72200012207031
2025-08-05 16:00:00+00:00,98.7040023803711
2025-08-05 17:00:00+00:00,98.74299621582031
2025-08-05 18:00:00+00:00,98.78199768066406
2025-08-05 19:00:00+00:00,98.7750015258789
2025-08-05 20:00:00+00:00,98.75599670410156
2025-08-05 21:00:00+00:00,98.76399993896484
2025-08-05 22:00:00+00:00,98.75700378417969
2025-08-05 23:00:00+00:00,98.73699951171875
2025-08-06 00:00:00+00:00,98.76599884033203
2025-08-06 01:00:00+00:00,98.81700134277344
2025-08-06 02:00:00+00:00,98.78800201416016
2025-08-06 03:00:00+00:00,98.7020034790039
2025-08-06 04:00:00+00:00,98.68000030517578
2025-08-06 05:00:00+00:00,98.72100067138672
2025-08-06 06:00:00+00:00,98.7300033569336
2025-08-06 07:00:00+00:00,98.71499633789062
2025-08-06 08:00:00+00:00,98.7969970703125
2025-08-06 09:00:00+00:00,98.7239990234375
2025-08-06 10:00:00+00:00,98.55799865722656
2025-08-06 11:00:00+00:00,98.5739974975586
2025-08-06 12:00:00+00:00,98.45600128173828
2025-08-06 13:00:00+00:00,98.36699676513672
2025-08-06 14:00:00+00:00,98.42900085449219
2025-08-06 15:00:00+00:00,98.2770004272461
2025-08-06 16:00:00+00:00,98.36599731445312
2025-08-06 17:00:00+00:00,98.27100372314453
2025-08-06 18:00:00+00:00,98.177001953125
2025-08-06 19:00:00+00:00,98.22699737548828
2025-08-06 20:00:00+00:00,98.22000122070312
2025-08-06 21:00:00+00:00,98.23100280761719
2025-08-06 22:00:00+00:00,98.19100189208984
2025-08-06 23:00:00+00:00,98.18599700927734
2025-08-07 00:00:00+00:00,98.28900146484375
2025-08-07 01:00:00+00:00,98.24199676513672
2025-08-07 02:00:00+00:00,98.25299835205078
2025-08-07 03:00:00+00:00,98.2030029296875
2025-08-07 04:00:00+00:00,98.13600158691406
2025-08-07 05:00:00+00:00,98.11399841308594
2025-08-07 06:00:00+00:00,98.06199645996094
2025-08-07 07:00:00+00:00,97.98500061035156
2025-08-07 08:00:00+00:00,98.06700134277344
2025-08-07 09:00:00+00:00,98.14900207519531
2025-08-07 10:00:00+00:00,98.13400268554688
2025-08-07 11:00:00+00:00,98.25399780273438
2025-08-07 12:00:00+00:00,98.20999908447266
2025-08-07 13:00:00+00:00,98.24199676513672
2025-08-07 14:00:00+00:00,98.38500213623047
2025-08-07 15:00:00+00:00,98.25700378417969
2025-08-07 16:00:00+00:00,98.26599884033203
2025-08-07 17:00:00+00:00,98.30799865722656
2025-08-07 18:00:00+00:00,98.4000015258789
2025-08-07 19:00:00+00:00,98.13600158691406
2025-08-07 20:00:00+00:00,98.0790023803711
2025-08-07 21:00:00+00:00,98.0770034790039
2025-08-07 22:00:00+00:00,98.05000305175781
2025-08-07 23:00:00+00:00,97.97699737548828
2025-08-08 00:00:00+00:00,98.03600311279297
2025-08-08 01:00:00+00:00,98.14099884033203
2025-08-08 02:00:00+00:00,98.11199951171875
2025-08-08 03:00:00+00:00,98.1240005493164
2025-08-08 04:00:00+00:00,98.12799835205078
2025-08-08 05:00:00+00:00,98.26100158691406
2025-08-08 06:00:00+00:00,98.1969985961914
2025-08-08 07:00:00+00:00,98.13200378417969
2025-08-08 08:00:00+00:00,98.29399871826172
2025-08-08 09:00:00+00:00,98.25700378417969
2025-08-08 10:00:00+00:00,98.30400085449219
2025-08-08 11:00:00+00:00,98.27300262451172
2025-08-08 12:00:00+00:00,98.30599975585938
2025-08-08 13:00:00+00:00,98.26100158691406
2025-08-08 14:00:00+00:00,98.21099853515625
2025-08-08 15:00:00+00:00,98.1760025024414
2025-08-08 16:00:00+00:00,98.19200134277344
2025-08-08 17:00:00+00:00,98.15899658203125
2025-08-08 18:00:00+00:00,98.18000030517578
2025-08-08 19:00:00+00:00,98.26399993896484
2025-08-08 20:00:00+00:00,98.26499938964844
2025-08-10 22:00:00+00:00,98.25
2025-08-10 23:00:00+00:00,98.2300033569336
2025-08-11 00:00:00+00:00,98.23600006103516
2025-08-11 01:00:00+00:00,98.16100311279297
2025-08-11 02:00:00+00:00,98.10800170898438
2025-08-11 03:00:00+00:00,98.05400085449219
2025-08-11 04:00:00+00:00,98.05999755859375
2025-08-11 05:00:00+00:00,98.0780029296875
2025-08-11 06:00:00+00:00,98.11900329589844
2025-08-11 07:00:00+00:00,98.21499633789062
2025-08-11 08:00:00+00:00,98.17500305175781
2025-08-11 09:00:00+00:00,98.28700256347656
2025-08-11 10:00:00+00:00,98.26599884033203
2025-08-11 11:00:00+00:00,98.40399932861328
2025-08-11 12:00:00+00:00,98.46099853515625
2025-08-11 13:00:00+00:00,98.4739990234375
2025-08-11 14:00:00+00:00,98.63300323486328
2025-08-11 15:00:00+00:00,98.56099700927734
2025-08-11 16:00:00+00:00,98.54399871826172
2025-08-11 17:00:00+00:00,98.51499938964844
2025-08-11 18:00:00+00:00,98.5199966430664
2025-08-11 19:00:00+00:00,98.5770034790039
2025-08-11 20:00:00+00:00,98.50499725341797
2025-08-11 21:00:00+00:00,98.49800109863281
2025-08-11 22:00:00+00:00,98.49800109863281
2025-08-11 23:00:00+00:00,98.49600219726562
2025-08-12 00:00:00+00:00,98.52999877929688
2025-08-12 01:00:00+00:00,98.49500274658203
2025-08-12 02:00:00+00:00,98.46700286865234
2025-08-12 03:00:00+00:00,98.4990005493164
2025-08-12 04:00:00+00:00,98.4489974975586
2025-08-12 05:00:00+00:00,98.53299713134766
2025-08-12 06:00:00+00:00,98.5530014038086
2025-08-12 07:00:00+00:00,98.45999908447266
2025-08-12 08:00:00+00:00,98.5009994506836
2025-08-12 09:00:00+00:00,98.56199645996094
2025-08-12 10:00:00+00:00,98.5459976196289
2025-08-12 11:00:00+00:00,98.57499694824219
2025-08-12 12:00:00+00:00,98.28900146484375
2025-08-12 13:00:00+00:00,98.25299835205078
2025-08-12 14:00:00+00:00,98.20099639892578
2025-08-12 15:00:00+00:00,98.06900024414062
2025-08-12 16:00:00+00:00,98.00599670410156
2025-08-12 17:00:00+00:00,98.05899810791016
2025-08-12 18:00:00+00:00,98.09700012207031
2025-08-12 19:00:00+00:00,98.06300354003906
2025-08-12 20:00:00+00:00,98.06500244140625
2025-08-12 21:00:00+00:00,98.06500244140625
2025-08-12 22:00:00+00:00,98.0530014038086
2025-08-12 23:00:00+00:00,98.03600311279297
2025-08-13 00:00:00+00:00,98.03600311279297
2025-08-13 01:00:00+00:00,98.08100128173828
2025-08-13 02:00:00+00:00,98.0469970703125
2025-08-13 03:00:00+00:00,98.02999877929688
2025-08-13 04:00:00+00:00,98.02300262451172
2025-08-13 05:00:00+00:00,98.052001953125
2025-08-13 06:00:00+00:00,97.9489974975586
2025-08-13 07:00:00+00:00,97.8010025024414
2025-08-13 08:00:00+00:00,97.73899841308594
2025-08-13 09:00:00+00:00,97.62799835205078
2025-08-13 10:00:00+00:00,97.72699737548828
2025-08-13 11:00:00+00:00,97.69599914550781
2025-08-13 12:00:00+00:00,97.84300231933594
2025-08-13 13:00:00+00:00,97.77300262451172
2025-08-13 14:00:00+00:00,97.69499969482422
2025-08-13 15:00:00+00:00,97.74700164794922
2025-08-13 16:00:00+00:00,97.79000091552734
2025-08-13 17:00:00+00:00,97.81199645996094
2025-08-13 18:00:00+00:00,97.83999633789062
2025-08-13 19:00:00+00:00,97.83399963378906
2025-08-13 20:00:00+00:00,97.7969970703125
2025-08-13 21:00:00+00:00,97.78500366210938
2025-08-13 22:00:00+00:00,97.78600311279297
2025-08-13 23:00:00+00:00,97.71900177001953
2025-08-14 00:00:00+00:00,97.68699645996094
2025-08-14 01:00:00+00:00,97.65899658203125
2025-08-14 02:00:00+00:00,97.73300170898438
2025-08-14 03:00:00+00:00,97.73600006103516
2025-08-14 04:00:00+00:00,97.70899963378906
2025-08-14 05:00:00+00:00,97.73999786376953
2025-08-14 06:00:00+00:00,97.8270034790039
2025-08-14 07:00:00+00:00,97.87100219726562
2025-08-14 08:00:00+00:00,97.93599700927734
2025-08-14 09:00:00+00:00,97.86399841308594
2025-08-14 10:00:00+00:00,97.78099822998047
2025-08-14 11:00:00+00:00,97.8280029296875
2025-08-14 12:00:00+00:00,98.02400207519531
2025-08-14 13:00:00+00:00,98.16600036621094
2025-08-14 14:00:00+00:00,98.0780029296875
2025-08-14 15:00:00+00:00,98.2249984741211
2025-08-14 16:00:00+00:00,98.30400085449219
2025-08-14 17:00:00+00:00,98.2760009765625
2025-08-14 18:00:00+00:00,98.25399780273438
2025-08-14 19:00:00+00:00,98.19999694824219
2025-08-14 20:00:00+00:00,98.21099853515625
2025-08-14 21:00:00+00:00,98.19400024414062
2025-08-14 22:00:00+00:00,98.19599914550781
2025-08-14 23:00:00+00:00,98.18699645996094
2025-08-15 00:00:00+00:00,98.15499877929688
2025-08-15 01:00:00+00:00,98.1259994506836
2025-08-15 02:00:00+00:00,98.09500122070312
2025-08-15 03:00:00+00:00,98.07099914550781
2025-08-15 04:00:00+00:00,98.04399871826172
2025-08-15 05:00:00+00:00,97.9990005493164
2025-08-15 06:00:00+00:00,97.98600006103516
2025-08-15 07:00:00+00:00,97.90799713134766
2025-08-15 08:00:00+00:00,97.90899658203125
2025-08-15 09:00:00+00:00,97.87799835205078
2025-08-15 10:00:00+00:00,97.88800048828125
2025-08-15 11:00:00+00:00,97.88800048828125
2025-08-15 12:00:00+00:00,97.84600067138672
2025-08-15 13:00:00+00:00,97.81199645996094
2025-08-15 14:00:00+00:00,97.76200103759766
2025-08-15 15:00:00+00:00,97.80400085449219
2025-08-15 16:00:00+00:00,97.84300231933594
2025-08-15 17:00:00+00:00,97.84300231933594
2025-08-15 18:00:00+00:00,97.85199737548828
2025-08-15 19:00:00+00:00,97.86399841308594
2025-08-15 20:00:00+00:00,97.83899688720703
2025-08-17 22:00:00+00:00,97.78600311279297
2025-08-17 23:00:00+00:00,97.83699798583984
2025-08-18 00:00:00+00:00,97.8740005493164
2025-08-18 01:00:00+00:00,97.85099792480469
2025-08-18 02:00:00+00:00,97.88600158691406
2025-08-18 03:00:00+00:00,97.86399841308594
2025-08-18 04:00:00+00:00,97.82099914550781
2025-08-18 05:00:00+00:00,97.83100128173828
2025-08-18 06:00:00+00:00,97.9020004272461
2025-08-18 07:00:00+00:00,97.99600219726562
2025-08-18 08:00:00+00:00,97.97100067138672
2025-08-18 09:00:00+00:00,97.99600219726562
2025-08-18 10:00:00+00:00,97.98699951171875
2025-08-18 11:00:00+00:00,98.0260009765625
2025-08-18 12:00:00+00:00,98.02999877929688
2025-08-18 13:00:00+00:00,98.0459976196289
2025-08-18 14:00:00+00:00,98.15499877929688
2025-08-18 15:00:00+00:00,98.11100006103516
2025-08-18 16:00:00+00:00,98.16799926757812
2025-08-18 17:00:00+00:00,98.14199829101562
2025-08-18 18:00:00+00:00,98.16699981689453
2025-08-18 19:00:00+00:00,98.12300109863281
2025-08-18 20:00:00+00:00,98.16100311279297
2025-08-18 21:00:00+00:00,98.14900207519531
2025-08-18 22:00:00+00:00,98.13400268554688
2025-08-18 23:00:00+00:00,98.1259994506836
2025-08-19 00:00:00+00:00,98.1719970703125
2025-08-19 01:00:00+00:00,98.22000122070312
2025-08-19 02:00:00+00:00,98.21299743652344
2025-08-19 03:00:00+00:00,98.19599914550781
2025-08-19 04:00:00+00:00,98.15599822998047
2025-08-19 05:00:00+00:00,98.18099975585938
2025-08-19 06:00:00+00:00,98.0479965209961
2025-08-19 07:00:00+00:00,98.00599670410156
2025-08-19 08:00:00+00:00,98.05500030517578
2025-08-19 09:00:00+00:00,98.03700256347656
2025-08-19 10:00:00+00:00,97.97799682617188
2025-08-19 11:00:00+00:00,97.99700164794922
2025-08-19 12:00:00+00:00,98.08200073242188
2025-08-19 13:00:00+00:00,98.0770034790039
2025-08-19 14:00:00+00:00,98.12999725341797
2025-08-19 15:00:00+00:00,98.21600341796875
2025-08-19 16:00:00+00:00,98.22000122070312
2025-08-19 17:00:00+00:00,98.20899963378906
2025-08-19 18:00:00+00:00,98.26499938964844
2025-08-19 19:00:00+00:00,98.2699966430664
2025-08-19 20:00:00+00:00,98.27799987792969
2025-08-19 21:00:00+00:00,98.27300262451172
2025-08-19 22:00:00+00:00,98.27999877929688
2025-08-19 23:00:00+00:00,98.31999969482422
2025-08-20 00:00:00+00:00,98.3270034790039
2025-08-20 01:00:00+00:00,98.38899993896484
2025-08-20 02:00:00+00:00,98.41400146484375
2025-08-20 03:00:00+00:00,98.35700225830078
2025-08-20 04:00:00+00:00,98.35700225830078
2025-08-20 05:00:00+00:00,98.30999755859375
2025-08-20 06:00:00+00:00,98.3270034790039
2025-08-20 07:00:00+00:00,98.2750015258789
2025-08-20 08:00:00+00:00,98.31500244140625
2025-08-20 09:00:00+00:00,98.26100158691406
2025-08-20 10:00:00+00:00,98.25599670410156
2025-08-20 11:00:00+00:00,98.30999755859375
2025-08-20 12:00:00+00:00,98.10800170898438
2025-08-20 13:00:00+00:00,98.1760025024414
2025-08-20 14:00:00+00:00,98.12799835205078
2025-08-20 15:00:00+00:00,98.25599670410156
2025-08-20 16:00:00+00:00,98.1719970703125
2025-08-20 17:00:00+00:00,98.08599853515625
2025-08-20 18:00:00+00:00,98.21800231933594
2025-08-20 19:00:00+00:00,98.23899841308594
2025-08-20 20:00:00+00:00,98.24299621582031
2025-08-20 21:00:00+00:00,98.23500061035156
2025-08-20 22:00:00+00:00,98.21700286865234
2025-08-20 23:00:00+00:00,98.23200225830078
2025-08-21 00:00:00+00:00,98.27200317382812
2025-08-21 01:00:00+00:00,98.27999877929688
2025-08-21 02:00:00+00:00,98.27999877929688
2025-08-21 03:00:00+00:00,98.28500366210938
2025-08-21 04:00:00+00:00,98.29100036621094
2025-08-21 05:00:00+00:00,98.26499938964844
2025-08-21 06:00:00+00:00,98.3949966430664
2025-08-21 07:00:00+00:00,98.23999786376953
2025-08-21 08:00:00+00:00,98.24400329589844
2025-08-21 09:00:00+00:00,98.24099731445312
2025-08-21 10:00:00+00:00,98.2959976196289
2025-08-21 11:00:00+00:00,98.37000274658203
2025-08-21 12:00:00+00:00,98.33499908447266
2025-08-21 13:00:00+00:00,98.49800109863281
2025-08-21 14:00:00+00:00,98.56199645996094
2025-08-21 15:00:00+00:00,98.65599822998047
2025-08-21 16:00:00+00:00,98.60099792480469
2025-08-21 17:00:00+00:00,98.57599639892578
2025-08-21 18:00:00+00:00,98.61900329589844
2025-08-21 19:00:00+00:00,98.65499877929688
2025-08-21 20:00:00+00:00,98.65299987792969
2025-08-21 21:00:00+00:00,98.63999938964844
2025-08-21 22:00:00+00:00,98.62200164794922
2025-08-21 23:00:00+00:00,98.61000061035156
2025-08-22 00:00:00+00:00,98.60800170898438
2025-08-22 01:00:00+00:00,98.66699981689453
2025-08-22 02:00:00+00:00,98.6520004272461
2025-08-22 03:00:00+00:00,98.78600311279297
2025-08-22 04:00:00+00:00,98.82599639892578
2025-08-22 05:00:00+00:00,98.80400085449219
2025-08-22 06:00:00+00:00,98.77899932861328
2025-08-22 07:00:00+00:00,98.74700164794922
2025-08-22 08:00:00+00:00,98.71700286865234
2025-08-22 09:00:00+00:00,98.74500274658203
2025-08-22 10:00:00+00:00,98.73999786376953
2025-08-22 11:00:00+00:00,98.69000244140625
2025-08-22 12:00:00+00:00,98.6719970703125
2025-08-22 13:00:00+00:00,98.70600128173828
2025-08-22 14:00:00+00:00,97.74600219726562
2025-08-22 15:00:00+00:00,97.76799774169922
2025-08-22 16:00:00+00:00,97.70600128173828
2025-08-22 17:00:00+00:00,97.6050033569336
2025-08-22 18:00:00+00:00,97.71600341796875
2025-08-22 19:00:00+00:00,97.74299621582031
2025-08-22 20:00:00+00:00,97.73200225830078
2025-08-24 22:00:00+00:00,97.7959976196289
2025-08-24 23:00:00+00:00,97.84500122070312
2025-08-25 00:00:00+00:00,97.927001953125
2025-08-25 01:00:00+00:00,97.94400024414062
2025-08-25 02:00:00+00:00,97.93499755859375
2025-08-25 03:00:00+00:00,97.86000061035156
2025-08-25 04:00:00+00:00,97.8550033569336
2025-08-25 05:00:00+00:00,97.89600372314453
2025-08-25 06:00:00+00:00,97.79100036621094
2025-08-25 07:00:00+00:00,97.91799926757812
2025-08-25 08:00:00+00:00,97.87000274658203
2025-08-25 09:00:00+00:00,97.947998046875
2025-08-25 10:00:00+00:00,97.98799896240234
2025-08-25 11:00:00+00:00,97.86399841308594
2025-08-25 12:00:00+00:00,97.89900207519531
2025-08-25 13:00:00+00:00,97.87000274658203
2025-08-25 14:00:00+00:00,97.96600341796875
2025-08-25 15:00:00+00:00,98.10199737548828
2025-08-25 16:00:00+00:00,98.17500305175781
2025-08-25 17:00:00+00:00,98.23999786376953
2025-08-25 18:00:00+00:00,98.43000030517578
2025-08-25 19:00:00+00:00,98.49800109863281
2025-08-25 20:00:00+00:00,98.44000244140625
2025-08-25 21:00:00+00:00,98.4260025024414
2025-08-25 22:00:00+00:00,98.43299865722656
2025-08-25 23:00:00+00:00,98.47000122070312
2025-08-26 00:00:00+00:00,98.18699645996094
2025-08-26 01:00:00+00:00,98.25599670410156
2025-08-26 02:00:00+00:00,98.3030014038086
2025-08-26 03:00:00+00:00,98.40399932861328
2025-08-26 04:00:00+00:00,98.36399841308594
2025-08-26 05:00:00+00:00,98.29100036621094
2025-08-26 06:00:00+00:00,98.41799926757812
2025-08-26 07:00:00+00:00,98.4209976196289
2025-08-26 08:00:00+00:00,98.43099975585938
2025-08-26 09:00:00+00:00,98.2750015258789
2025-08-26 10:00:00+00:00,98.26699829101562
2025-08-26 11:00:00+00:00,98.18800354003906
2025-08-26 12:00:00+00:00,98.24400329589844
2025-08-26 13:00:00+00:00,98.21700286865234
2025-08-26 14:00:00+00:00,98.17900085449219
2025-08-26 15:00:00+00:00,98.14600372314453
2025-08-26 16:00:00+00:00,98.18599700927734
2025-08-26 17:00:00+00:00,98.26100158691406
2025-08-26 18:00:00+00:00,98.2249984741211
2025-08-26 19:00:00+00:00,98.24099731445312
2025-08-26 20:00:00+00:00,98.23699951171875
2025-08-26 21:00:00+00:00,98.21900177001953
2025-08-26 22:00:00+00:00,98.20999908447266
2025-08-26 23:00:00+00:00,98.26599884033203
2025-08-27 00:00:00+00:00,98.28299713134766
2025-08-27 01:00:00+00:00,98.302001953125
2025-08-27 02:00:00+00:00,98.33999633789062
2025-08-27 03:00:00+00:00,98.38600158691406
2025-08-27 04:00:00+00:00,98.46700286865234
2025-08-27 05:00:00+00:00,98.41400146484375
2025-08-27 06:00:00+00:00,98.39600372314453
2025-08-27 07:00:00+00:00,98.50700378417969
2025-08-27 08:00:00+00:00,98.61000061035156
2025-08-27 09:00:00+00:00,98.61399841308594
2025-08-27 10:00:00+00:00,98.69499969482422
2025-08-27 11:00:00+00:00,98.65599822998047
2025-08-27 12:00:00+00:00,98.62899780273438
2025-08-27 13:00:00+00:00,98.56199645996094
2025-08-27 14:00:00+00:00,98.53900146484375
2025-08-27 15:00:00+00:00,98.4209976196289
2025-08-27 16:00:00+00:00,98.19300079345703
2025-08-27 17:00:00+00:00,98.1780014038086
2025-08-27 18:00:00+00:00,98.23200225830078
2025-08-27 19:00:00+00:00,98.21700286865234
2025-08-27 20:00:00+00:00,98.19000244140625
2025-08-27 21:00:00+00:00,98.197998046875
2025-08-27 22:00:00+00:00,98.18399810791016
2025-08-27 23:00:00+00:00,98.12300109863281
2025-08-28 00:00:00+00:00,98.12799835205078
2025-08-28 01:00:00+00:00,98.13300323486328
2025-08-28 02:00:00+00:00,98.06300354003906
2025-08-28 03:00:00+00:00,98.1050033569336
2025-08-28 04:00:00+00:00,98.14299774169922
2025-08-28 05:00:00+00:00,98.1510009765625
2025-08-28 06:00:00+00:00,98.13700103759766
2025-08-28 07:00:00+00:00,98.11499786376953
2025-08-28 08:00:00+00:00,98.12300109863281
2025-08-28 09:00:00+00:00,98.0780029296875
2025-08-28 10:00:00+00:00,97.91899871826172
2025-08-28 11:00:00+00:00,97.95500183105469
2025-08-28 12:00:00+00:00,97.96499633789062
2025-08-28 13:00:00+00:00,97.93900299072266
2025-08-28 14:00:00+00:00,97.94200134277344
2025-08-28 15:00:00+00:00,97.9260025024414
2025-08-28 16:00:00+00:00,97.80899810791016
2025-08-28 17:00:00+00:00,97.81199645996094
2025-08-28 18:00:00+00:00,97.81300354003906
2025-08-28 19:00:00+00:00,97.86599731445312
2025-08-28 20:00:00+00:00,97.86699676513672
2025-08-28 21:00:00+00:00,97.88400268554688
2025-08-28 22:00:00+00:00,97.89700317382812
2025-08-28 23:00:00+00:00,97.88200378417969
2025-08-29 00:00:00+00:00,97.89900207519531
2025-08-29 01:00:00+00:00,98.01599884033203
2025-08-29 02:00:00+00:00,97.98799896240234
2025-08-29 03:00:00+00:00,97.98100280761719
2025-08-29 04:00:00+00:00,97.96900177001953
2025-08-29 05:00:00+00:00,97.9530029296875
2025-08-29 06:00:00+00:00,97.98400115966797
2025-08-29 07:00:00+00:00,97.90899658203125
2025-08-29 08:00:00+00:00,97.91999816894531
2025-08-29 09:00:00+00:00,97.9739990234375
2025-08-29 10:00:00+00:00,98.00700378417969
2025-08-29 11:00:00+00:00,98.0469970703125
2025-08-29 12:00:00+00:00,98.08300018310547
2025-08-29 13:00:00+00:00,97.99099731445312
2025-08-29 14:00:00+00:00,97.7249984741211
2025-08-29 15:00:00+00:00,97.78299713134766
2025-08-29 16:00:00+00:00,97.7490005493164
2025-08-29 17:00:00+00:00,97.79000091552734
2025-08-29 18:00:00+00:00,97.77100372314453
2025-08-29 19:00:00+00:00,97.76699829101562
2025-08-29 20:00:00+00:00,97.8550033569336
2025-08-31 22:00:00+00:00,97.8479995727539
2025-08-31 23:00:00+00:00,97.83399963378906
2025-09-01 00:00:00+00:00,97.79199981689453
2025-09-01 01:00:00+00:00,97.82099914550781
2025-09-01 02:00:00+00:00,97.67500305175781
2025-09-01 03:00:00+00:00,97.6989974975586
2025-09-02 04:00:00+00:00,97.8489990234375
2025-09-02 05:00:00+00:00,97.86499786376953
2025-09-02 06:00:00+00:00,97.80799865722656
2025-09-02 07:00:00+00:00,98.30000305175781
2025-09-02 08:00:00+00:00,98.27899932861328
2025-09-02 09:00:00+00:00,98.34500122070312
2025-09-02 10:00:00+00:00,98.39800262451172
2025-09-02 11:00:00+00:00,98.3280029296875
2025-09-02 12:00:00+00:00,98.5469970703125
2025-09-02 13:00:00+00:00,98.29299926757812
2025-09-02 14:00:00+00:00,98.18000030517578
2025-09-02 15:00:00+00:00,98.25399780273438
2025-09-02 16:00:00+00:00,98.29499816894531
2025-09-02 17:00:00+00:00,98.3239974975586
2025-09-02 18:00:00+00:00,98.39700317382812
2025-09-02 19:00:00+00:00,98.3280029296875
2025-09-02 20:00:00+00:00,98.322998046875
2025-09-02 21:00:00+00:00,98.31999969482422
2025-09-02 22:00:00+00:00,98.30400085449219
2025-09-02 23:00:00+00:00,98.4010009765625
2025-09-03 00:00:00+00:00,98.427001953125
2025-09-03 01:00:00+00:00,98.45500183105469
2025-09-03 02:00:00+00:00,98.47200012207031
2025-09-03 03:00:00+00:00,98.50199890136719
2025-09-03 04:00:00+00:00,98.4229965209961
2025-09-03 05:00:00+00:00,98.44400024414062
2025-09-03 06:00:00+00:00,98.41300201416016
2025-09-03 07:00:00+00:00,98.41899871826172
2025-09-03 08:00:00+00:00,98.26100158691406
2025-09-03 09:00:00+00:00,98.25299835205078
2025-09-03 10:00:00+00:00,98.33599853515625
2025-09-03 11:00:00+00:00,98.28299713134766
2025-09-03 12:00:00+00:00,98.30799865722656
2025-09-03 13:00:00+00:00,98.2969970703125
2025-09-03 14:00:00+00:00,98.1520004272461
2025-09-03 15:00:00+00:00,98.06300354003906
2025-09-03 16:00:00+00:00,98.052001953125
2025-09-03 17:00:00+00:00,98.15299987792969
2025-09-03 18:00:00+00:00,98.14199829101562
2025-09-03 19:00:00+00:00,98.18000030517578
2025-09-03 20:00:00+00:00,98.1520004272461
2025-09-03 21:00:00+00:00,98.15299987792969
2025-09-03 22:00:00+00:00,98.14399719238281
2025-09-03 23:00:00+00:00,98.13999938964844
2025-09-04 00:00:00+00:00,98.16000366210938
2025-09-04 01:00:00+00:00,98.16500091552734
2025-09-04 02:00:00+00:00,98.21800231933594
2025-09-04 03:00:00+00:00,98.23100280761719
2025-09-04 04:00:00+00:00,98.23799896240234
2025-09-04 05:00:00+00:00,98.21900177001953
2025-09-04 06:00:00+00:00,98.24099731445312
2025-09-04 07:00:00+00:00,98.26599884033203
2025-09-04 08:00:00+00:00,98.19100189208984
2025-09-04 09:00:00+00:00,98.29900360107422
2025-09-04 10:00:00+00:00,98.23500061035156
2025-09-04 11:00:00+00:00,98.31099700927734
2025-09-04 12:00:00+00:00,98.2969970703125
2025-09-04 13:00:00+00:00,98.28299713134766
2025-09-04 14:00:00+00:00,98.4209976196289
2025-09-04 15:00:00+00:00,98.3239974975586
2025-09-04 16:00:00+00:00,98.38099670410156
2025-09-04 17:00:00+00:00,98.39399719238281
2025-09-04 18:00:00+00:00,98.34700012207031
2025-09-04 19:00:00+00:00,98.28500366210938
2025-09-04 20:00:00+00:00,98.28700256347656
2025-09-04 21:00:00+00:00,98.28700256347656
2025-09-04 22:00:00+00:00,98.26300048828125
2025-09-04 23:00:00+00:00,98.23400115966797
2025-09-05 00:00:00+00:00,98.18599700927734
2025-09-05 01:00:00+00:00,98.12000274658203
2025-09-05 02:00:00+00:00,98.13700103759766
2025-09-05 03:00:00+00:00,98.11499786376953
2025-09-05 04:00:00+00:00,98.15299987792969
2025-09-05 05:00:00+00:00,98.0770034790039
2025-09-05 06:00:00+00:00,98.12300109863281
2025-09-05 07:00:00+00:00,98.05999755859375
2025-09-05 08:00:00+00:00,98.01699829101562
2025-09-05 09:00:00+00:00,97.98600006103516
2025-09-05 10:00:00+00:00,97.96399688720703
2025-09-05 11:00:00+00:00,98.01499938964844
2025-09-05 12:00:00+00:00,97.62799835205078
2025-09-05 13:00:00+00:00,97.48100280761719
2025-09-05 14:00:00+00:00,97.5999984741211
2025-09-05 15:00:00+00:00,97.43599700927734
2025-09-05 16:00:00+00:00,97.58799743652344
2025-09-05 17:00:00+00:00,97.69000244140625
2025-09-05 18:00:00+00:00,97.76799774169922
2025-09-05 19:00:00+00:00,97.76399993896484
2025-09-05 20:00:00+00:00,97.73500061035156
2025-09-07 22:00:00+00:00,97.90899658203125
2025-09-07 23:00:00+00:00,97.86199951171875
2025-09-08 00:00:00+00:00,97.86399841308594
2025-09-08 01:00:00+00:00,97.83999633789062
2025-09-08 02:00:00+00:00,97.81800079345703
2025-09-08 03:00:00+00:00,97.86499786376953
2025-09-08 04:00:00+00:00,97.83999633789062
2025-09-08 05:00:00+00:00,97.8239974975586
2025-09-08 06:00:00+00:00,97.70999908447266
2025-09-08 07:00:00+00:00,97.6449966430664
2025-09-08 08:00:00+00:00,97.6780014038086
2025-09-08 09:00:00+00:00,97.72899627685547
2025-09-08 10:00:00+00:00,97.68399810791016
2025-09-08 11:00:00+00:00,97.66600036621094
2025-09-08 12:00:00+00:00,97.59500122070312
2025-09-08 13:00:00+00:00,97.53600311279297
2025-09-08 14:00:00+00:00,97.58399963378906
2025-09-08 15:00:00+00:00,97.53099822998047
2025-09-08 16:00:00+00:00,97.60399627685547
2025-09-08 17:00:00+00:00,97.6259994506836
2025-09-08 18:00:00+00:00,97.4540023803711
2025-09-08 19:00:00+00:00,97.44100189208984
2025-09-08 20:00:00+00:00,97.447998046875
2025-09-08 21:00:00+00:00,97.45500183105469
2025-09-08 22:00:00+00:00,97.44100189208984
2025-09-08 23:00:00+00:00,97.39600372314453
2025-09-09 00:00:00+00:00,97.37899780273438
2025-09-09 01:00:00+00:00,97.34100341796875
2025-09-09 02:00:00+00:00,97.38700103759766
2025-09-09 03:00:00+00:00,97.4280014038086
2025-09-09 04:00:00+00:00,97.33300018310547
2025-09-09 05:00:00+00:00,97.26799774169922
2025-09-09 06:00:00+00:00,97.3740005493164
2025-09-09 07:00:00+00:00,97.46099853515625
2025-09-09 08:00:00+00:00,97.35800170898438
2025-09-09 09:00:00+00:00,97.27999877929688
2025-09-09 10:00:00+00:00,97.38300323486328
2025-09-09 11:00:00+00:00,97.48799896240234
2025-09-09 12:00:00+00:00,97.53800201416016
2025-09-09 13:00:00+00:00,97.4990005493164
2025-09-09 14:00:00+00:00,97.5999984741211
2025-09-09 15:00:00+00:00,97.6760025024414
2025-09-09 16:00:00+00:00,97.68900299072266
2025-09-09 17:00:00+00:00,97.76399993896484
2025-09-09 18:00:00+00:00,97.78800201416016
2025-09-09 19:00:00+00:00,97.80000305175781
2025-09-09 20:00:00+00:00,97.7699966430664
2025-09-09 21:00:00+00:00,97.75399780273438
2025-09-09 22:00:00+00:00,97.74500274658203
2025-09-09 23:00:00+00:00,97.80899810791016
2025-09-10 00:00:00+00:00,97.84500122070312
2025-09-10 01:00:00+00:00,97.8280029296875
2025-09-10 02:00:00+00:00,97.7699966430664
2025-09-10 03:00:00+00:00,97.76799774169922
2025-09-10 04:00:00+00:00,97.70999908447266
2025-09-10 05:00:00+00:00,97.75900268554688
2025-09-10 06:00:00+00:00,97.86499786376953
2025-09-10 07:00:00+00:00,97.8010025024414
2025-09-10 08:00:00+00:00,97.81300354003906
2025-09-10 09:00:00+00:00,97.71800231933594
2025-09-10 10:00:00+00:00,97.80699920654297
2025-09-10 11:00:00+00:00,97.79000091552734
2025-09-10 12:00:00+00:00,97.81700134277344
2025-09-10 13:00:00+00:00,97.65899658203125
2025-09-10 14:00:00+00:00,97.6259994506836
2025-09-10 15:00:00+00:00,97.70600128173828
2025-09-10 16:00:00+00:00,97.7760009765625
2025-09-10 17:00:00+00:00,97.77899932861328
2025-09-10 18:00:00+00:00,97.77999877929688
2025-09-10 19:00:00+00:00,97.81400299072266
2025-09-10 20:00:00+00:00,97.85299682617188
2025-09-10 21:00:00+00:00,97.80999755859375
2025-09-10 22:00:00+00:00,97.80599975585938
2025-09-10 23:00:00+00:00,97.78800201416016
2025-09-11 00:00:00+00:00,97.85700225830078
2025-09-11 01:00:00+00:00,97.8290023803711
2025-09-11 02:00:00+00:00,97.84600067138672
2025-09-11 03:00:00+00:00,97.8479995727539
2025-09-11 04:00:00+00:00,97.8280029296875
2025-09-11 05:00:00+00:00,97.90899658203125
2025-09-11 06:00:00+00:00,97.91699981689453
2025-09-11 07:00:00+00:00,97.91500091552734
2025-09-11 08:00:00+00:00,97.92500305175781
2025-09-11 09:00:00+00:00,97.98100280761719
2025-09-11 10:00:00+00:00,97.98999786376953
2025-09-11 11:00:00+00:00,97.99700164794922
2025-09-11 12:00:00+00:00,97.73400115966797
2025-09-11 13:00:00+00:00,97.56800079345703
2025-09-11 14:00:00+00:00,97.5999984741211
2025-09-11 15:00:00+00:00,97.56400299072266
2025-09-11 16:00:00+00:00,97.51699829101562
2025-09-11 17:00:00+00:00,97.57499694824219
2025-09-11 18:00:00+00:00,97.53099822998047
2025-09-11 19:00:00+00:00,97.52100372314453
2025-09-11 20:00:00+00:00,97.54199981689453
2025-09-11 21:00:00+00:00,97.54499816894531
2025-09-11 22:00:00+00:00,97.5
2025-09-11 23:00:00+00:00,97.5530014038086
2025-09-12 00:00:00+00:00,97.55899810791016
2025-09-12 01:00:00+00:00,97.63600158691406
2025-09-12 02:00:00+00:00,97.625
2025-09-12 03:00:00+00:00,97.63899993896484
2025-09-12 04:00:00+00:00,97.64199829101562
2025-09-12 05:00:00+00:00,97.59300231933594
2025-09-12 06:00:00+00:00,97.55400085449219
2025-09-12 07:00:00+00:00,97.552001953125
2025-09-12 08:00:00+00:00,97.75700378417969
2025-09-12 09:00:00+00:00,97.71399688720703
2025-09-12 10:00:00+00:00,97.62200164794922
2025-09-12 11:00:00+00:00,97.71099853515625
2025-09-12 12:00:00+00:00,97.76599884033203
2025-09-12 13:00:00+00:00,97.73799896240234
2025-09-12 14:00:00+00:00,97.66400146484375
2025-09-12 15:00:00+00:00,97.76699829101562
2025-09-12 16:00:00+00:00,97.66000366210938
2025-09-12 17:00:00+00:00,97.61900329589844
2025-09-12 18:00:00+00:00,97.55000305175781
2025-09-12 19:00:00+00:00,97.59400177001953
2025-09-12 20:00:00+00:00,97.61499786376953
2025-09-14 22:00:00+00:00,97.64600372314453
2025-09-14 23:00:00+00:00,97.66200256347656
2025-09-15 00:00:00+00:00,97.64399719238281
2025-09-15 01:00:00+00:00,97.63800048828125
2025-09-15 02:00:00+00:00,97.63600158691406
2025-09-15 03:00:00+00:00,97.5989990234375
2025-09-15 04:00:00+00:00,97.58000183105469
2025-09-15 05:00:00+00:00,97.6240005493164
2025-09-15 06:00:00+00:00,97.63800048828125
2025-09-15 07:00:00+00:00,97.57099914550781
2025-09-15 08:00:00+00:00,97.5469970703125
2025-09-15 09:00:00+00:00,97.48300170898438
2025-09-15 10:00:00+00:00,97.4260025024414
2025-09-15 11:00:00+00:00,97.3759994506836
2025-09-15 12:00:00+00:00,97.3219985961914
2025-09-15 13:00:00+00:00,97.40499877929688
2025-09-15 14:00:00+00:00,97.40699768066406
2025-09-15 15:00:00+00:00,97.2969970703125
2025-09-15 16:00:00+00:00,97.37999725341797
2025-09-15 17:00:00+00:00,97.28500366210938
2025-09-15 18:00:00+00:00,97.302001953125
2025-09-15 19:00:00+00:00,97.3219985961914
2025-09-15 20:00:00+00:00,97.35700225830078
2025-09-15 21:00:00+00:00,97.322998046875
2025-09-15 22:00:00+00:00,97.34400177001953
2025-09-16 00:00:00+00:00,97.35299682617188
2025-09-16 01:00:00+00:00,97.31500244140625
2025-09-16 02:00:00+00:00,97.24099731445312
2025-09-16 03:00:00+00:00,97.22599792480469
2025-09-16 04:00:00+00:00,97.22899627685547
2025-09-16 05:00:00+00:00,97.20999908447266
2025-09-16 06:00:00+00:00,97.13600158691406
2025-09-16 07:00:00+00:00,97.10199737548828
2025-09-16 08:00:00+00:00,97.12000274658203
2025-09-16 09:00:00+00:00,96.9990005493164
2025-09-16 10:00:00+00:00,97.0459976196289
2025-09-16 11:00:00+00:00,96.9800033569336
2025-09-16 12:00:00+00:00,97.05400085449219
2025-09-16 13:00:00+00:00,96.89600372314453
2025-09-16 14:00:00+00:00,96.73200225830078
2025-09-16 15:00:00+00:00,96.76100158691406
2025-09-16 16:00:00+00:00,96.64399719238281
2025-09-16 17:00:00+00:00,96.63600158691406
2025-09-16 18:00:00+00:00,96.63300323486328
2025-09-16 19:00:00+00:00,96.69000244140625
2025-09-16 20:00:00+00:00,96.6449966430664
2025-09-16 21:00:00+00:00,96.66600036621094
2025-09-16 22:00:00+00:00,96.65599822998047
2025-09-16 23:00:00+00:00,96.61799621582031
2025-09-17 00:00:00+00:00,96.70600128173828
2025-09-17 01:00:00+00:00,96.71800231933594
2025-09-17 02:00:00+00:00,96.72599792480469
2025-09-17 03:00:00+00:00,96.7509994506836
2025-09-17 04:00:00+00:00,96.72799682617188
2025-09-17 05:00:00+00:00,96.71600341796875
2025-09-17 06:00:00+00:00,96.71900177001953
2025-09-17 07:00:00+00:00,96.83100128173828
2025-09-17 08:00:00+00:00,96.76399993896484
2025-09-17 09:00:00+00:00,96.75599670410156
2025-09-17 10:00:00+00:00,96.80500030517578
2025-09-17 11:00:00+00:00,96.7959976196289
2025-09-17 12:00:00+00:00,96.77100372314453
2025-09-17 13:00:00+00:00,96.72699737548828
2025-09-17 14:00:00+00:00,96.74199676513672
2025-09-17 15:00:00+00:00,96.7699966430664
2025-09-17 16:00:00+00:00,96.71800231933594
2025-09-17 17:00:00+00:00,96.68499755859375
2025-09-17 18:00:00+00:00,96.87300109863281
2025-09-17 19:00:00+00:00,96.94300079345703
2025-09-17 20:00:00+00:00,97.03099822998047
2025-09-17 21:00:00+00:00,97.01300048828125
2025-09-17 22:00:00+00:00,97.01499938964844
2025-09-17 23:00:00+00:00,96.9520034790039
2025-09-18 00:00:00+00:00,96.95999908447266
2025-09-18 01:00:00+00:00,97.04900360107422
2025-09-18 02:00:00+00:00,96.99400329589844
2025-09-18 03:00:00+00:00,97.04900360107422
2025-09-18 04:00:00+00:00,97.177001953125
2025-09-18 05:00:00+00:00,97.2300033569336
2025-09-18 06:00:00+00:00,97.21900177001953
2025-09-18 07:00:00+00:00,96.947998046875
2025-09-18 08:00:00+00:00,96.98500061035156
2025-09-18 09:00:00+00:00,96.90799713134766
2025-09-18 10:00:00+00:00,96.90899658203125
2025-09-18 11:00:00+00:00,97.01399993896484
2025-09-18 12:00:00+00:00,97.24199676513672
2025-09-18 13:00:00+00:00,97.47899627685547
2025-09-18 14:00:00+00:00,97.4260025024414
2025-09-18 15:00:00+00:00,97.41000366210938
2025-09-18 16:00:00+00:00,97.35600280761719
2025-09-18 17:00:00+00:00,97.3499984741211
2025-09-18 18:00:00+00:00,97.3479995727539
2025-09-18 19:00:00+00:00,97.3740005493164
2025-09-18 20:00:00+00:00,97.36399841308594
2025-09-18 21:00:00+00:00,97.35700225830078
2025-09-18 22:00:00+00:00,97.36299896240234
2025-09-18 23:00:00+00:00,97.34300231933594
2025-09-19 00:00:00+00:00,97.36799621582031
2025-09-19 01:00:00+00:00,97.44300079345703
2025-09-19 02:00:00+00:00,97.41699981689453
2025-09-19 03:00:00+00:00,97.35600280761719
2025-09-19 04:00:00+00:00,97.39800262451172
2025-09-19 05:00:00+00:00,97.40899658203125
2025-09-19 06:00:00+00:00,97.51200103759766
2025-09-19 07:00:00+00:00,97.51899719238281
2025-09-19 08:00:00+00:00,97.55400085449219
2025-09-19 09:00:00+00:00,97.57099914550781
2025-09-19 10:00:00+00:00,97.56300354003906
2025-09-19 11:00:00+00:00,97.74400329589844
2025-09-19 12:00:00+00:00,97.76000213623047
2025-09-19 13:00:00+00:00,97.58000183105469
2025-09-19 14:00:00+00:00,97.5739974975586
2025-09-19 15:00:00+00:00,97.59300231933594
2025-09-19 16:00:00+00:00,97.59200286865234
2025-09-19 17:00:00+00:00,97.61799621582031
2025-09-19 18:00:00+00:00,97.64399719238281
2025-09-19 19:00:00+00:00,97.64700317382812
2025-09-19 20:00:00+00:00,97.64700317382812
2025-09-21 22:00:00+00:00,97.68499755859375
2025-09-21 23:00:00+00:00,97.72899627685547
2025-09-22 00:00:00+00:00,97.74600219726562
2025-09-22 01:00:00+00:00,97.76399993896484
2025-09-22 02:00:00+00:00,97.80500030517578
2025-09-22 03:00:00+00:00,97.78199768066406
2025-09-22 04:00:00+00:00,97.79000091552734
2025-09-22 05:00:00+00:00,97.73400115966797
2025-09-22 06:00:00+00:00,97.69000244140625
2025-09-22 07:00:00+00:00,97.66500091552734
2025-09-22 08:00:00+00:00,97.5479965209961
2025-09-22 09:00:00+00:00,97.4800033569336
2025-09-22 10:00:00+00:00,97.48200225830078
2025-09-22 11:00:00+00:00,97.45700073242188
2025-09-22 12:00:00+00:00,97.4219970703125
2025-09-22 13:00:00+00:00,97.45800018310547
2025-09-22 14:00:00+00:00,97.50800323486328
2025-09-22 15:00:00+00:00,97.48600006103516
2025-09-22 16:00:00+00:00,97.4010009765625
2025-09-22 17:00:00+00:00,97.33799743652344
2025-09-22 18:00:00+00:00,97.34100341796875
2025-09-22 19:00:00+00:00,97.3270034790039
2025-09-22 20:00:00+00:00,97.30599975585938
2025-09-22 21:00:00+00:00,97.33300018310547
2025-09-22 22:00:00+00:00,97.3010025024414
2025-09-22 23:00:00+00:00,97.3280029296875
2025-09-23 00:00:00+00:00,97.28500366210938
2025-09-23 01:00:00+00:00,97.22899627685547
2025-09-23 02:00:00+00:00,97.31900024414062
2025-09-23 03:00:00+00:00,97.3030014038086
2025-09-23 04:00:00+00:00,97.3550033569336
2025-09-23 05:00:00+00:00,97.35099792480469
2025-09-23 06:00:00+00:00,97.35399627685547
2025-09-23 07:00:00+00:00,97.38400268554688
2025-09-23 08:00:00+00:00,97.2969970703125
2025-09-23 09:00:00+00:00,97.29900360107422
2025-09-23 10:00:00+00:00,97.32599639892578
2025-09-23 11:00:00+00:00,97.35299682617188
2025-09-23 12:00:00+00:00,97.31700134277344
2025-09-23 13:00:00+00:00,97.31300354003906
2025-09-23 14:00:00+00:00,97.34100341796875
2025-09-23 15:00:00+00:00,97.35199737548828
2025-09-23 16:00:00+00:00,97.2979965209961
2025-09-23 17:00:00+00:00,97.25299835205078
2025-09-23 18:00:00+00:00,97.26399993896484
2025-09-23 19:00:00+00:00,97.2229995727539
2025-09-23 20:00:00+00:00,97.23500061035156
2025-09-23 21:00:00+00:00,97.23400115966797
2025-09-23 22:00:00+00:00,97.21600341796875
2025-09-23 23:00:00+00:00,97.23300170898438
2025-09-24 00:00:00+00:00,97.31999969482422
2025-09-24 01:00:00+00:00,97.33899688720703
2025-09-24 02:00:00+00:00,97.35600280761719
2025-09-24 03:00:00+00:00,97.37000274658203
2025-09-24 04:00:00+00:00,97.34100341796875
2025-09-24 05:00:00+00:00,97.36699676513672
2025-09-24 06:00:00+00:00,97.4520034790039
2025-09-24 07:00:00+00:00,97.4540023803711
2025-09-24 08:00:00+00:00,97.5719985961914
2025-09-24 09:00:00+00:00,97.60399627685547
2025-09-24 10:00:00+00:00,97.71399688720703
2025-09-24 11:00:00+00:00,97.73899841308594
2025-09-24 12:00:00+00:00,97.80699920654297
2025-09-24 13:00:00+00:00,97.83899688720703
2025-09-24 14:00:00+00:00,97.81400299072266
2025-09-24 15:00:00+00:00,97.83200073242188
2025-09-24 16:00:00+00:00,97.89600372314453
2025-09-24 17:00:00+00:00,97.85399627685547
2025-09-24 18:00:00+00:00,97.87300109863281
2025-09-24 19:00:00+00:00,97.86900329589844
2025-09-24 20:00:00+00:00,97.86599731445312
2025-09-24 21:00:00+00:00,97.85199737548828
2025-09-24 22:00:00+00:00,97.83899688720703
2025-09-24 23:00:00+00:00,97.83200073242188
2025-09-25 00:00:00+00:00,97.77200317382812
2025-09-25 01:00:00+00:00,97.81099700927734
2025-09-25 02:00:00+00:00,97.77400207519531
2025-09-25 03:00:00+00:00,97.74199676513672
2025-09-25 04:00:00+00:00,97.74299621582031
2025-09-25 05:00:00+00:00,97.8270034790039
2025-09-25 06:00:00+00:00,97.79399871826172
2025-09-25 07:00:00+00:00,97.9010009765625
2025-09-25 08:00:00+00:00,97.8219985961914
2025-09-25 09:00:00+00:00,97.81300354003906
2025-09-25 10:00:00+00:00,97.80999755859375
2025-09-25 11:00:00+00:00,97.875
2025-09-25 12:00:00+00:00,98.19100189208984
2025-09-25 13:00:00+00:00,98.28299713134766
2025-09-25 14:00:00+00:00,98.38500213623047
2025-09-25 15:00:00+00:00,98.41600036621094
2025-09-25 16:00:00+00:00,98.43900299072266
2025-09-25 17:00:00+00:00,98.51599884033203
2025-09-25 18:00:00+00:00,98.5530014038086
2025-09-25 19:00:00+00:00,98.49299621582031
2025-09-25 20:00:00+00:00,98.45999908447266
2025-09-25 21:00:00+00:00,98.48200225830078
2025-09-25 22:00:00+00:00,98.4489974975586
2025-09-25 23:00:00+00:00,98.49700164794922
2025-09-26 00:00:00+00:00,98.41899871826172
2025-09-26 01:00:00+00:00,98.45899963378906
2025-09-26 02:00:00+00:00,98.38800048828125
2025-09-26 03:00:00+00:00,98.37200164794922
2025-09-26 04:00:00+00:00,98.35900115966797
2025-09-26 05:00:00+00:00,98.38200378417969
2025-09-26 06:00:00+00:00,98.35700225830078
2025-09-26 07:00:00+00:00,98.4219970703125
2025-09-26 08:00:00+00:00,98.36499786376953
2025-09-26 09:00:00+00:00,98.4010009765625
2025-09-26 10:00:00+00:00,98.49600219726562
2025-09-26 11:00:00+00:00,98.4489974975586
2025-09-26 12:00:00+00:00,98.3219985961914
2025-09-26 13:00:00+00:00,98.31300354003906
2025-09-26 14:00:00+00:00,98.23799896240234
2025-09-26 15:00:00+00:00,98.24400329589844
2025-09-26 16:00:00+00:00,98.23100280761719
2025-09-26 17:00:00+00:00,98.18299865722656
2025-09-26 18:00:00+00:00,98.1520004272461
2025-09-26 19:00:00+00:00,98.1449966430664
2025-09-26 20:00:00+00:00,98.18199920654297
2025-09-28 22:00:00+00:00,98.16600036621094
2025-09-28 23:00:00+00:00,98.14800262451172
2025-09-29 00:00:00+00:00,98.01300048828125
2025-09-29 01:00:00+00:00,97.99400329589844
2025-09-29 02:00:00+00:00,97.95500183105469
2025-09-29 03:00:00+00:00,97.95500183105469
2025-09-29 04:00:00+00:00,97.94200134277344
2025-09-29 05:00:00+00:00,97.91799926757812
2025-09-29 06:00:00+00:00,97.9739990234375
2025-09-29 07:00:00+00:00,97.9010009765625
2025-09-29 08:00:00+00:00,97.9219970703125
2025-09-29 09:00:00+00:00,97.97100067138672
2025-09-29 10:00:00+00:00,97.98400115966797
2025-09-29 11:00:00+00:00,97.91699981689453
2025-09-29 12:00:00+00:00,97.802001953125
2025-09-29 13:00:00+00:00,97.86900329589844
2025-09-29 14:00:00+00:00,97.94000244140625
2025-09-29 15:00:00+00:00,97.91200256347656
2025-09-29 16:00:00+00:00,97.91999816894531
2025-09-29 17:00:00+00:00,97.96800231933594
2025-09-29 18:00:00+00:00,97.90599822998047
2025-09-29 19:00:00+00:00,97.93499755859375
2025-09-29 20:00:00+00:00,97.93900299072266
2025-09-29 21:00:00+00:00,97.94100189208984
2025-09-29 22:00:00+00:00,97.93599700927734
2025-09-29 23:00:00+00:00,97.91799926757812
2025-09-30 00:00:00+00:00,97.9990005493164
2025-09-30 01:00:00+00:00,98.0260009765625
2025-09-30 02:00:00+00:00,97.97100067138672
2025-09-30 03:00:00+00:00,97.93599700927734
2025-09-30 04:00:00+00:00,97.90299987792969
2025-09-30 05:00:00+00:00,97.8759994506836
2025-09-30 06:00:00+00:00,97.80899810791016
2025-09-30 07:00:00+00:00,97.79399871826172
2025-09-30 08:00:00+00:00,97.70800018310547
2025-09-30 09:00:00+00:00,97.76599884033203
2025-09-30 10:00:00+00:00,97.79399871826172
2025-09-30 11:00:00+00:00,97.79900360107422
2025-09-30 12:00:00+00:00,97.81600189208984
2025-09-30 13:00:00+00:00,97.83799743652344
2025-09-30 14:00:00+00:00,97.7040023803711
2025-09-30 15:00:00+00:00,97.83999633789062
2025-09-30 16:00:00+00:00,97.6709976196289
2025-09-30 17:00:00+00:00,97.71900177001953
2025-09-30 18:00:00+00:00,97.7750015258789
2025-09-30 19:00:00+00:00,97.78800201416016
2025-09-30 20:00:00+00:00,97.8290023803711
2025-09-30 21:00:00+00:00,97.80699920654297
2025-09-30 22:00:00+00:00,97.79199981689453
2025-09-30 23:00:00+00:00,97.83599853515625
2025-10-01 00:00:00+00:00,97.84100341796875
2025-10-01 01:00:00+00:00,97.81199645996094
2025-10-01 02:00:00+00:00,97.81600189208984
2025-10-01 03:00:00+00:00,97.81400299072266
2025-10-01 04:00:00+00:00,97.64399719238281
2025-10-01 05:00:00+00:00,97.67900085449219
2025-10-01 06:00:00+00:00,97.5530014038086
2025-10-01 07:00:00+00:00,97.63700103759766
2025-10-01 08:00:00+00:00,97.64600372314453
2025-10-01 09:00:00+00:00,97.75
2025-10-01 10:00:00+00:00,97.78099822998047
2025-10-01 11:00:00+00:00,97.71800231933594
2025-10-01 12:00:00+00:00,97.5999984741211
2025-10-01 13:00:00+00:00,97.54000091552734
2025-10-01 14:00:00+00:00,97.61799621582031
2025-10-01 15:00:00+00:00,97.8030014038086
2025-10-01 16:00:00+00:00,97.7959976196289
2025-10-01 17:00:00+00:00,97.78900146484375
2025-10-01 18:00:00+00:00,97.70600128173828
2025-10-01 19:00:00+00:00,97.73699951171875
2025-10-01 20:00:00+00:00,97.73600006103516
2025-10-01 21:00:00+00:00,97.71800231933594
2025-10-01 22:00:00+00:00,97.7040023803711
2025-10-01 23:00:00+00:00,97.72699737548828
2025-10-02 00:00:00+00:00,97.76300048828125
2025-10-02 01:00:00+00:00,97.67400360107422
2025-10-02 02:00:00+00:00,97.7030029296875
2025-10-02 03:00:00+00:00,97.70899963378906
2025-10-02 04:00:00+00:00,97.72899627685547
2025-10-02 05:00:00+00:00,97.71800231933594
2025-10-02 06:00:00+00:00,97.66699981689453
2025-10-02 07:00:00+00:00,97.61299896240234
2025-10-02 08:00:00+00:00,97.56099700927734
2025-10-02 09:00:00+00:00,97.54100036621094
2025-10-02 10:00:00+00:00,97.57099914550781
2025-10-02 11:00:00+00:00,97.60600280761719
2025-10-02 12:00:00+00:00,97.72799682617188
2025-10-02 13:00:00+00:00,97.85099792480469
2025-10-02 14:00:00+00:00,97.93599700927734
2025-10-02 15:00:00+00:00,98.02899932861328
2025-10-02 16:00:00+00:00,97.89199829101562
2025-10-02 17:00:00+00:00,97.9010009765625
2025-10-02 18:00:00+00:00,97.84600067138672
2025-10-02 19:00:00+00:00,97.86799621582031
2025-10-02 20:00:00+00:00,97.89199829101562
2025-10-02 21:00:00+00:00,97.8740005493164
2025-10-02 22:00:00+00:00,97.8550033569336
2025-10-02 23:00:00+00:00,97.8219985961914
2025-10-03 00:00:00+00:00,97.8479995727539
2025-10-03 01:00:00+00:00,97.84700012207031
2025-10-03 02:00:00+00:00,97.88099670410156
2025-10-03 03:00:00+00:00,97.86299896240234
2025-10-03 04:00:00+00:00,97.9260025024414
2025-10-03 05:00:00+00:00,97.94200134277344
2025-10-03 06:00:00+00:00,97.90599822998047
2025-10-03 07:00:00+00:00,97.79199981689453
2025-10-03 08:00:00+00:00,97.74099731445312
2025-10-03 09:00:00+00:00,97.76699829101562
2025-10-03 10:00:00+00:00,97.77100372314453
2025-10-03 11:00:00+00:00,97.7750015258789
2025-10-03 12:00:00+00:00,97.72699737548828
2025-10-03 13:00:00+00:00,97.73799896240234
2025-10-03 14:00:00+00:00,97.71800231933594
2025-10-03 15:00:00+00:00,97.66600036621094
2025-10-03 16:00:00+00:00,97.72200012207031
2025-10-03 17:00:00+00:00,97.76699829101562
2025-10-03 18:00:00+00:00,97.7229995727539
2025-10-03 19:00:00+00:00,97.71299743652344
2025-10-03 20:00:00+00:00,97.71199798583984
2025-10-05 22:00:00+00:00,98.06400299072266
2025-10-05 23:00:00+00:00,98.11000061035156
2025-10-06 00:00:00+00:00,98.08799743652344
2025-10-06 01:00:00+00:00,98.03900146484375
2025-10-06 02:00:00+00:00,98.02400207519531
2025-10-06 03:00:00+00:00,98.06500244140625
2025-10-06 04:00:00+00:00,98.11199951171875
2025-10-06 05:00:00+00:00,98.1259994506836
2025-10-06 06:00:00+00:00,98.2239990234375
2025-10-06 07:00:00+00:00,98.38500213623047
2025-10-06 08:00:00+00:00,98.39900207519531
2025-10-06 09:00:00+00:00,98.41100311279297
2025-10-06 10:00:00+00:00,98.43199920654297
2025-10-06 11:00:00+00:00,98.3759994506836
2025-10-06 12:00:00+00:00,98.24199676513672
2025-10-06 13:00:00+00:00,98.1780014038086
2025-10-06 14:00:00+00:00,98.06199645996094
2025-10-06 15:00:00+00:00,98.11900329589844
2025-10-06 16:00:00+00:00,98.10399627685547
2025-10-06 17:00:00+00:00,98.11000061035156
2025-10-06 18:00:00+00:00,98.10800170898438
2025-10-06 19:00:00+00:00,98.12100219726562
2025-10-06 20:00:00+00:00,98.10399627685547
2025-10-06 21:00:00+00:00,98.10800170898438
2025-10-06 22:00:00+00:00,98.11499786376953
2025-10-06 23:00:00+00:00,98.12300109863281
2025-10-07 00:00:00+00:00,98.14399719238281
2025-10-07 01:00:00+00:00,98.21600341796875
2025-10-07 02:00:00+00:00,98.19000244140625
2025-10-07 03:00:00+00:00,98.16200256347656
2025-10-07 04:00:00+00:00,98.19999694824219
2025-10-07 05:00:00+00:00,98.25599670410156
2025-10-07 06:00:00+00:00,98.2979965209961
2025-10-07 07:00:00+00:00,98.37200164794922
2025-10-07 08:00:00+00:00,98.43299865722656
2025-10-07 09:00:00+00:00,98.42500305175781
2025-10-07 10:00:00+00:00,98.39399719238281
2025-10-07 11:00:00+00:00,98.4990005493164
2025-10-07 12:00:00+00:00,98.4520034790039
2025-10-07 13:00:00+00:00,98.49099731445312
2025-10-07 14:00:00+00:00,98.48999786376953
2025-10-07 15:00:00+00:00,98.42500305175781
2025-10-07 16:00:00+00:00,98.4540023803711
2025-10-07 17:00:00+00:00,98.49099731445312
2025-10-07 18:00:00+00:00,98.5780029296875
2025-10-07 19:00:00+00:00,98.63800048828125
2025-10-07 20:00:00+00:00,98.58899688720703
2025-10-07 21:00:00+00:00,98.58200073242188
2025-10-07 22:00:00+00:00,98.5739974975586
2025-10-07 23:00:00+00:00,98.63500213623047
2025-10-08 00:00:00+00:00,98.69599914550781
2025-10-08 01:00:00+00:00,98.85700225830078
2025-10-08 02:00:00+00:00,98.86599731445312
2025-10-08 03:00:00+00:00,98.85600280761719
2025-10-08 04:00:00+00:00,98.88300323486328
2025-10-08 05:00:00+00:00,98.90299987792969
2025-10-08 06:00:00+00:00,98.8949966430664
2025-10-08 07:00:00+00:00,98.80999755859375
2025-10-08 08:00:00+00:00,98.91699981689453
2025-10-08 09:00:00+00:00,98.95700073242188
2025-10-08 10:00:00+00:00,98.79900360107422
2025-10-08 11:00:00+00:00,98.8499984741211
2025-10-08 12:00:00+00:00,98.78099822998047
2025-10-08 13:00:00+00:00,98.79100036621094
2025-10-08 14:00:00+00:00,98.83999633789062
2025-10-08 15:00:00+00:00,98.98300170898438
2025-10-08 16:00:00+00:00,98.9990005493164
2025-10-08 17:00:00+00:00,99.01499938964844
2025-10-08 18:00:00+00:00,98.91500091552734
2025-10-08 19:00:00+00:00,98.86199951171875
2025-10-08 20:00:00+00:00,98.85099792480469
2025-10-08 21:00:00+00:00,98.84500122070312
2025-10-08 22:00:00+00:00,98.8219985961914
2025-10-08 23:00:00+00:00,98.8499984741211
2025-10-09 00:00:00+00:00,98.79199981689453
2025-10-09 01:00:00+00:00,98.75800323486328
2025-10-09 02:00:00+00:00,98.7239990234375
2025-10-09 03:00:00+00:00,98.72799682617188
2025-10-09 04:00:00+00:00,98.71499633789062
2025-10-09 05:00:00+00:00,98.78099822998047
2025-10-09 06:00:00+00:00,98.9990005493164
2025-10-09 07:00:00+00:00,99.0459976196289
2025-10-09 08:00:00+00:00,98.9990005493164
2025-10-09 09:00:00+00:00,98.87000274658203
2025-10-09 10:00:00+00:00,98.9280014038086
2025-10-09 11:00:00+00:00,98.9739990234375
2025-10-09 12:00:00+00:00,98.9469985961914
2025-10-09 13:00:00+00:00,99.06600189208984
2025-10-09 14:00:00+00:00,99.25900268554688
2025-10-09 15:00:00+00:00,99.41799926757812
2025-10-09 16:00:00+00:00,99.43900299072266
2025-10-09 17:00:00+00:00,99.4229965209961
2025-10-09 18:00:00+00:00,99.53800201416016
2025-10-09 19:00:00+00:00,99.43599700927734
2025-10-09 20:00:00+00:00,99.39800262451172
2025-10-09 21:00:00+00:00,99.38600158691406
2025-10-09 22:00:00+00:00,99.39900207519531
2025-10-09 23:00:00+00:00,99.38700103759766
2025-10-10 00:00:00+00:00,99.36599731445312
2025-10-10 01:00:00+00:00,99.4000015258789
2025-10-10 02:00:00+00:00,99.3479995727539
2025-10-10 03:00:00+00:00,99.30699920654297
2025-10-10 04:00:00+00:00,99.31400299072266
2025-10-10 05:00:00+00:00,99.33699798583984
2025-10-10 06:00:00+00:00,99.3219985961914
2025-10-10 07:00:00+00:00,99.30400085449219
2025-10-10 08:00:00+00:00,99.26499938964844
2025-10-10 09:00:00+00:00,99.32499694824219
2025-10-10 10:00:00+00:00,99.36100006103516
2025-10-10 11:00:00+00:00,99.39900207519531
2025-10-10 12:00:00+00:00,99.2969970703125
2025-10-10 13:00:00+00:00,99.33799743652344
2025-10-10 14:00:00+00:00,99.24299621582031
2025-10-10 15:00:00+00:00,98.98200225830078
2025-10-10 16:00:00+00:00,99.01699829101562
2025-10-10 17:00:00+00:00,99.03800201416016
2025-10-10 18:00:00+00:00,98.97799682617188
2025-10-10 19:00:00+00:00,98.94400024414062
2025-10-10 20:00:00+00:00,98.85399627685547
2025-10-12 22:00:00+00:00,99.0270004272461
2025-10-12 23:00:00+00:00,99.0510025024414
2025-10-13 00:00:00+00:00,98.93800354003906
2025-10-13 01:00:00+00:00,98.91999816894531
2025-10-13 02:00:00+00:00,98.9229965209961
2025-10-13 03:00:00+00:00,98.91600036621094
2025-10-13 04:00:00+00:00,98.91400146484375
2025-10-13 05:00:00+00:00,98.9520034790039
2025-10-13 06:00:00+00:00,98.96499633789062
2025-10-13 07:00:00+00:00,99.08899688720703
2025-10-13 08:00:00+00:00,99.18000030517578
2025-10-13 09:00:00+00:00,99.0999984741211
2025-10-13 10:00:00+00:00,99.16100311279297
2025-10-13 11:00:00+00:00,99.24700164794922
2025-10-13 12:00:00+00:00,99.25
2025-10-13 13:00:00+00:00,99.20899963378906
2025-10-13 14:00:00+00:00,99.322998046875
2025-10-13 15:00:00+00:00,99.23699951171875
2025-10-13 16:00:00+00:00,99.22699737548828
2025-10-13 17:00:00+00:00,99.23899841308594
2025-10-13 18:00:00+00:00,99.26899719238281
2025-10-13 19:00:00+00:00,99.28800201416016
2025-10-13 20:00:00+00:00,99.25800323486328
2025-10-13 21:00:00+00:00,99.24500274658203
2025-10-13 22:00:00+00:00,99.24700164794922
2025-10-13 23:00:00+00:00,99.302001953125
2025-10-14 00:00:00+00:00,99.31999969482422
2025-10-14 01:00:00+00:00,99.26599884033203
2025-10-14 02:00:00+00:00,99.24600219726562
2025-10-14 03:00:00+00:00,99.19100189208984
2025-10-14 04:00:00+00:00,99.09300231933594
2025-10-14 05:00:00+00:00,99.12999725341797
2025-10-14 06:00:00+00:00,99.28700256347656
2025-10-14 07:00:00+00:00,99.43599700927734
2025-10-14 08:00:00+00:00,99.3479995727539
2025-10-14 09:00:00+00:00,99.40699768066406
2025-10-14 10:00:00+00:00,99.41999816894531
2025-10-14 11:00:00+00:00,99.43000030517578
2025-10-14 12:00:00+00:00,99.41300201416016
2025-10-14 13:00:00+00:00,99.27999877929688
2025-10-14 14:00:00+00:00,99.14600372314453
2025-10-14 15:00:00+00:00,99.0510025024414
2025-10-14 16:00:00+00:00,99.03299713134766
2025-10-14 17:00:00+00:00,99.01899719238281
2025-10-14 18:00:00+00:00,99.0469970703125
2025-10-14 19:00:00+00:00,99.04299926757812
2025-10-14 20:00:00+00:00,99.05400085449219
2025-10-14 21:00:00+00:00,99.04199981689453
2025-10-14 22:00:00+00:00,99.03299713134766
2025-10-14 23:00:00+00:00,99.06700134277344
2025-10-15 00:00:00+00:00,99.00599670410156
2025-10-15 01:00:00+00:00,98.91899871826172
2025-10-15 02:00:00+00:00,98.85800170898438
2025-10-15 03:00:00+00:00,98.8740005493164
2025-10-15 04:00:00+00:00,98.9020004272461
2025-10-15 05:00:00+00:00,98.88899993896484
2025-10-15 06:00:00+00:00,98.77799987792969
2025-10-15 07:00:00+00:00,98.80400085449219
2025-10-15 08:00:00+00:00,98.822998046875
2025-10-15 09:00:00+00:00,98.81700134277344
2025-10-15 10:00:00+00:00,98.85900115966797
2025-10-15 11:00:00+00:00,98.90799713134766
2025-10-15 12:00:00+00:00,98.94100189208984
2025-10-15 13:00:00+00:00,98.85199737548828
2025-10-15 14:00:00+00:00,98.85199737548828
2025-10-15 15:00:00+00:00,98.74099731445312
2025-10-15 16:00:00+00:00,98.72100067138672
2025-10-15 17:00:00+00:00,98.81600189208984
2025-10-15 18:00:00+00:00,98.79299926757812
2025-10-15 19:00:00+00:00,98.71299743652344
2025-10-15 20:00:00+00:00,98.66799926757812
2025-10-15 21:00:00+00:00,98.6989974975586
2025-10-15 22:00:00+00:00,98.66600036621094
2025-10-15 23:00:00+00:00,98.66999816894531
2025-10-16 00:00:00+00:00,98.52999877929688
2025-10-16 01:00:00+00:00,98.46299743652344
2025-10-16 02:00:00+00:00,98.50299835205078
2025-10-16 03:00:00+00:00,98.54199981689453
2025-10-16 04:00:00+00:00,98.60600280761719
2025-10-16 05:00:00+00:00,98.58200073242188
2025-10-16 06:00:00+00:00,98.62999725341797
2025-10-16 07:00:00+00:00,98.63600158691406
2025-10-16 08:00:00+00:00,98.58799743652344
2025-10-16 09:00:00+00:00,98.59500122070312
2025-10-16 10:00:00+00:00,98.5989990234375
2025-10-16 11:00:00+00:00,98.62000274658203
2025-10-16 12:00:00+00:00,98.56199645996094
2025-10-16 13:00:00+00:00,98.5989990234375
2025-10-16 14:00:00+00:00,98.43599700927734
2025-10-16 15:00:00+00:00,98.51799774169922
2025-10-16 16:00:00+00:00,98.41600036621094
2025-10-16 17:00:00+00:00,98.33699798583984
2025-10-16 18:00:00+00:00,98.33599853515625
2025-10-16 19:00:00+00:00,98.34500122070312
2025-10-16 20:00:00+00:00,98.35800170898438
2025-10-16 21:00:00+00:00,98.3489990234375
2025-10-16 22:00:00+00:00,98.33799743652344
2025-10-16 23:00:00+00:00,98.25599670410156
2025-10-17 00:00:00+00:00,98.21399688720703
2025-10-17 01:00:00+00:00,98.26799774169922
2025-10-17 02:00:00+00:00,98.22000122070312
2025-10-17 03:00:00+00:00,98.18399810791016
2025-10-17 04:00:00+00:00,98.16699981689453
2025-10-17 05:00:00+00:00,98.05899810791016
2025-10-17 06:00:00+00:00,98.13800048828125
2025-10-17 07:00:00+00:00,98.17400360107422
2025-10-17 08:00:00+00:00,98.26499938964844
2025-10-17 09:00:00+00:00,98.20800018310547
2025-10-17 10:00:00+00:00,98.29299926757812
2025-10-17 11:00:00+00:00,98.33899688720703
2025-10-17 12:00:00+00:00,98.427001953125
2025-10-17 13:00:00+00:00,98.46299743652344
2025-10-17 14:00:00+00:00,98.49800109863281
2025-10-17 15:00:00+00:00,98.4280014038086
2025-10-17 16:00:00+00:00,98.44200134277344
2025-10-17 17:00:00+00:00,98.46199798583984
2025-10-17 18:00:00+00:00,98.43299865722656
2025-10-17 19:00:00+00:00,98.41000366210938
2025-10-17 20:00:00+00:00,98.54900360107422
2025-10-19 22:00:00+00:00,98.5270004272461
2025-10-19 23:00:00+00:00,98.53399658203125
2025-10-20 00:00:00+00:00,98.4749984741211
2025-10-20 01:00:00+00:00,98.51599884033203
2025-10-20 02:00:00+00:00,98.47000122070312
2025-10-20 03:00:00+00:00,98.43800354003906
2025-10-20 04:00:00+00:00,98.41600036621094
2025-10-20 05:00:00+00:00,98.41300201416016
2025-10-20 06:00:00+00:00,98.52300262451172
2025-10-20 07:00:00+00:00,98.51000213623047
2025-10-20 08:00:00+00:00,98.4800033569336
2025-10-20 09:00:00+00:00,98.50199890136719
2025-10-20 10:00:00+00:00,98.55699920654297
2025-10-20 11:00:00+00:00,98.54299926757812
2025-10-20 12:00:00+00:00,98.54499816894531
2025-10-20 13:00:00+00:00,98.58799743652344
2025-10-20 14:00:00+00:00,98.52400207519531
2025-10-20 15:00:00+00:00,98.51399993896484
2025-10-20 16:00:00+00:00,98.5530014038086
2025-10-20 17:00:00+00:00,98.61399841308594
2025-10-20 18:00:00+00:00,98.58599853515625
2025-10-20 19:00:00+00:00,98.61599731445312
2025-10-20 20:00:00+00:00,98.625
2025-10-20 21:00:00+00:00,98.59600067138672
2025-10-20 22:00:00+00:00,98.59300231933594
2025-10-20 23:00:00+00:00,98.61000061035156
2025-10-21 00:00:00+00:00,98.53600311279297
2025-10-21 01:00:00+00:00,98.63099670410156
2025-10-21 02:00:00+00:00,98.71700286865234
2025-10-21 03:00:00+00:00,98.70999908447266
2025-10-21 04:00:00+00:00,98.70700073242188
2025-10-21 05:00:00+00:00,98.81600189208984
2025-10-21 06:00:00+00:00,98.73699951171875
2025-10-21 07:00:00+00:00,98.76100158691406
2025-10-21 08:00:00+00:00,98.83999633789062
2025-10-21 09:00:00+00:00,98.85600280761719
2025-10-21 10:00:00+00:00,98.875
2025-10-21 11:00:00+00:00,98.9020004272461
2025-10-21 12:00:00+00:00,98.90599822998047
2025-10-21 13:00:00+00:00,98.8759994506836
2025-10-21 14:00:00+00:00,98.93800354003906
2025-10-21 15:00:00+00:00,98.84500122070312
2025-10-21 16:00:00+00:00,98.90399932861328
2025-10-21 17:00:00+00:00,98.93699645996094
2025-10-21 18:00:00+00:00,98.93399810791016
2025-10-21 19:00:00+00:00,98.95600128173828
2025-10-21 20:00:00+00:00,98.9729995727539
2025-10-21 21:00:00+00:00,98.94300079345703
2025-10-21 22:00:00+00:00,98.96399688720703
2025-10-21 23:00:00+00:00,98.9749984741211
2025-10-22 00:00:00+00:00,98.91400146484375
2025-10-22 01:00:00+00:00,98.91600036621094
2025-10-22 02:00:00+00:00,98.87899780273438
2025-10-22 03:00:00+00:00,98.89800262451172
2025-10-22 04:00:00+00:00,98.88400268554688
2025-10-22 05:00:00+00:00,98.85800170898438
2025-10-22 06:00:00+00:00,98.91699981689453
2025-10-22 07:00:00+00:00,98.98600006103516
2025-10-22 08:00:00+00:00,99.0009994506836
2025-10-22 09:00:00+00:00,99.02899932861328
2025-10-22 10:00:00+00:00,99.08699798583984
2025-10-22 11:00:00+00:00,99.08399963378906
2025-10-22 12:00:00+00:00,99.09100341796875
2025-10-22 13:00:00+00:00,99.00700378417969
2025-10-22 14:00:00+00:00,98.88800048828125
2025-10-22 15:00:00+00:00,98.86000061035156
2025-10-22 16:00:00+00:00,98.81099700927734
2025-10-22 17:00:00+00:00,98.8489990234375
2025-10-22 18:00:00+00:00,98.89700317382812
2025-10-22 19:00:00+00:00,98.9260025024414
2025-10-22 20:00:00+00:00,98.90699768066406
2025-10-22 21:00:00+00:00,98.88999938964844
2025-10-22 22:00:00+00:00,98.88099670410156
2025-10-22 23:00:00+00:00,98.92900085449219
2025-10-23 00:00:00+00:00,98.96499633789062
2025-10-23 01:00:00+00:00,99.03600311279297
2025-10-23 02:00:00+00:00,99.05400085449219
2025-10-23 03:00:00+00:00,99.08200073242188
2025-10-23 04:00:00+00:00,99.03299713134766
2025-10-23 05:00:00+00:00,99.00700378417969
2025-10-23 06:00:00+00:00,99.06099700927734
2025-10-23 07:00:00+00:00,99.01100158691406
2025-10-23 08:00:00+00:00,99.04299926757812
2025-10-23 09:00:00+00:00,99.06300354003906
2025-10-23 10:00:00+00:00,99.12300109863281
2025-10-23 11:00:00+00:00,99.11699676513672
2025-10-23 12:00:00+00:00,99.02100372314453
2025-10-23 13:00:00+00:00,99.00299835205078
2025-10-23 14:00:00+00:00,98.96700286865234
2025-10-23 15:00:00+00:00,98.99099731445312
2025-10-23 16:00:00+00:00,99.02999877929688
2025-10-23 17:00:00+00:00,98.98500061035156
2025-10-23 18:00:00+00:00,98.93599700927734
2025-10-23 19:00:00+00:00,98.94100189208984
2025-10-23 20:00:00+00:00,98.93599700927734
2025-10-23 21:00:00+00:00,98.947998046875
2025-10-23 22:00:00+00:00,98.91500091552734
2025-10-23 23:00:00+00:00,98.93499755859375
2025-10-24 00:00:00+00:00,98.93099975585938
2025-10-24 01:00:00+00:00,99.01300048828125
2025-10-24 02:00:00+00:00,99.04000091552734
2025-10-24 03:00:00+00:00,99.00700378417969
2025-10-24 04:00:00+00:00,99.03900146484375
2025-10-24 05:00:00+00:00,99.05999755859375
2025-10-24 06:00:00+00:00,99.00199890136719
2025-10-24 07:00:00+00:00,98.9749984741211
2025-10-24 08:00:00+00:00,99.02899932861328
2025-10-24 09:00:00+00:00,99.0260009765625
2025-10-24 10:00:00+00:00,99.03099822998047
2025-10-24 11:00:00+00:00,99.02999877929688
2025-10-24 12:00:00+00:00,98.85600280761719
2025-10-24 13:00:00+00:00,98.9229965209961
2025-10-24 14:00:00+00:00,98.96499633789062
2025-10-24 15:00:00+00:00,98.96600341796875
2025-10-24 16:00:00+00:00,98.96800231933594
2025-10-24 17:00:00+00:00,98.9469985961914
2025-10-24 18:00:00+00:00,98.9520034790039
2025-10-24 19:00:00+00:00,98.90899658203125
2025-10-24 20:00:00+00:00,98.93800354003906
2025-10-27 00:00:00+00:00,98.77999877929688
2025-10-27 02:00:00+00:00,98.90499877929688
2025-10-27 03:00:00+00:00,98.93399810791016
2025-10-27 04:00:00+00:00,98.96700286865234
2025-10-27 05:00:00+00:00,98.947998046875
2025-10-27 06:00:00+00:00,98.9260025024414
2025-10-27 07:00:00+00:00,98.97200012207031
2025-10-27 08:00:00+00:00,98.90699768066406
2025-10-27 09:00:00+00:00,98.82099914550781
2025-10-27 10:00:00+00:00,98.81500244140625
2025-10-27 11:00:00+00:00,98.76799774169922
2025-10-27 12:00:00+00:00,98.81900024414062
2025-10-27 13:00:00+00:00,98.89299774169922
2025-10-27 14:00:00+00:00,98.86499786376953
2025-10-27 15:00:00+00:00,98.90499877929688
2025-10-27 16:00:00+00:00,98.87000274658203
2025-10-27 17:00:00+00:00,98.87899780273438
2025-10-27 18:00:00+00:00,98.78299713134766
2025-10-27 19:00:00+00:00,98.81099700927734
2025-10-27 20:00:00+00:00,98.81900024414062
2025-10-27 21:00:00+00:00,98.81199645996094
2025-10-27 22:00:00+00:00,98.79900360107422
2025-10-27 23:00:00+00:00,98.76599884033203
2025-10-28 00:00:00+00:00,98.70700073242188
2025-10-28 01:00:00+00:00,98.68800354003906
2025-10-28 02:00:00+00:00,98.71600341796875
2025-10-28 03:00:00+00:00,98.65399932861328
2025-10-28 04:00:00+00:00,98.5770034790039
2025-10-28 05:00:00+00:00,98.60399627685547
2025-10-28 06:00:00+00:00,98.67400360107422
2025-10-28 07:00:00+00:00,98.7020034790039
2025-10-28 08:00:00+00:00,98.73400115966797
2025-10-28 09:00:00+00:00,98.68499755859375
2025-10-28 10:00:00+00:00,98.63700103759766
2025-10-28 11:00:00+00:00,98.697998046875
2025-10-28 12:00:00+00:00,98.83100128173828
2025-10-28 13:00:00+00:00,98.85199737548828
2025-10-28 14:00:00+00:00,98.68000030517578
2025-10-28 15:00:00+00:00,98.68299865722656
2025-10-28 16:00:00+00:00,98.62999725341797
2025-10-28 17:00:00+00:00,98.66999816894531
2025-10-28 18:00:00+00:00,98.66699981689453
2025-10-28 19:00:00+00:00,98.72100067138672
2025-10-28 20:00:00+00:00,98.73400115966797
2025-10-28 21:00:00+00:00,98.72899627685547
2025-10-28 22:00:00+00:00,98.73100280761719
2025-10-28 23:00:00+00:00,98.66300201416016
2025-10-29 00:00:00+00:00,98.67400360107422
2025-10-29 01:00:00+00:00,98.73999786376953
2025-10-29 02:00:00+00:00,98.75399780273438
2025-10-29 03:00:00+00:00,98.82099914550781
2025-10-29 04:00:00+00:00,98.8479995727539
2025-10-29 05:00:00+00:00,98.89900207519531
2025-10-29 06:00:00+00:00,98.88700103759766
2025-10-29 07:00:00+00:00,98.85800170898438
2025-10-29 08:00:00+00:00,98.96700286865234
2025-10-29 09:00:00+00:00,98.8479995727539
2025-10-29 10:00:00+00:00,98.81300354003906
2025-10-29 11:00:00+00:00,98.86199951171875
2025-10-29 12:00:00+00:00,98.89800262451172
2025-10-29 13:00:00+00:00,98.85399627685547
2025-10-29 14:00:00+00:00,98.75299835205078
2025-10-29 15:00:00+00:00,98.65499877929688
2025-10-29 16:00:00+00:00,98.7249984741211
2025-10-29 17:00:00+00:00,98.78500366210938
2025-10-29 18:00:00+00:00,99.22000122070312
2025-10-29 19:00:00+00:00,99.17400360107422
2025-10-29 20:00:00+00:00,99.1510009765625
2025-10-29 21:00:00+00:00,99.13400268554688
2025-10-29 22:00:00+00:00,99.13800048828125
2025-10-29 23:00:00+00:00,99.13800048828125
2025-10-30 00:00:00+00:00,99.06900024414062
2025-10-30 01:00:00+00:00,99.0479965209961
2025-10-30 02:00:00+00:00,99.01200103759766
2025-10-30 03:00:00+00:00,99.08100128173828
2025-10-30 04:00:00+00:00,98.9489974975586
2025-10-30 05:00:00+00:00,99.02899932861328
2025-10-30 06:00:00+00:00,99.09200286865234
2025-10-30 07:00:00+00:00,99.11000061035156
2025-10-30 08:00:00+00:00,99.13999938964844
2025-10-30 09:00:00+00:00,99.1719970703125
2025-10-30 10:00:00+00:00,99.25900268554688
2025-10-30 11:00:00+00:00,99.33899688720703
2025-10-30 12:00:00+00:00,99.64099884033203
2025-10-30 13:00:00+00:00,99.48699951171875
2025-10-30 14:00:00+00:00,99.50900268554688
2025-10-30 15:00:00+00:00,99.5479965209961
2025-10-30 16:00:00+00:00,99.50399780273438
2025-10-30 17:00:00+00:00,99.5270004272461
2025-10-30 18:00:00+00:00,99.5260009765625
2025-10-30 19:00:00+00:00,99.5479965209961
2025-10-30 20:00:00+00:00,99.54199981689453
2025-10-30 21:00:00+00:00,99.51399993896484
2025-10-30 22:00:00+00:00,99.52300262451172
2025-10-30 23:00:00+00:00,99.4729995727539
2025-10-31 00:00:00+00:00,99.46099853515625
2025-10-31 01:00:00+00:00,99.49800109863281
2025-10-31 02:00:00+00:00,99.50199890136719
2025-10-31 03:00:00+00:00,99.5270004272461
2025-10-31 04:00:00+00:00,99.47899627685547
2025-10-31 05:00:00+00:00,99.51000213623047
2025-10-31 06:00:00+00:00,99.59500122070312
2025-10-31 07:00:00+00:00,99.5739974975586
2025-10-31 08:00:00+00:00,99.53900146484375
2025-10-31 09:00:00+00:00,99.50399780273438
2025-10-31 10:00:00+00:00,99.54900360107422
2025-10-31 11:00:00+00:00,99.57099914550781
2025-10-31 12:00:00+00:00,99.66600036621094
2025-10-31 13:00:00+00:00,99.72699737548828
2025-10-31 14:00:00+00:00,99.74199676513672
2025-10-31 15:00:00+00:00,99.70800018310547
2025-10-31 16:00:00+00:00,99.78500366210938
2025-10-31 17:00:00+00:00,99.81500244140625
2025-10-31 18:00:00+00:00,99.80400085449219
2025-10-31 19:00:00+00:00,99.81400299072266
2025-10-31 20:00:00+00:00,99.71800231933594
2025-11-02 23:00:00+00:00,99.80599975585938
2025-11-03 00:00:00+00:00,99.79199981689453
2025-11-03 01:00:00+00:00,99.80500030517578
2025-11-03 02:00:00+00:00,99.7699966430664
2025-11-03 03:00:00+00:00,99.75
2025-11-03 04:00:00+00:00,99.75
2025-11-03 05:00:00+00:00,99.74299621582031
2025-11-03 06:00:00+00:00,99.72699737548828
2025-11-03 07:00:00+00:00,99.72599792480469
2025-11-03 08:00:00+00:00,99.89299774169922
2025-11-03 09:00:00+00:00,99.90399932861328
2025-11-03 10:00:00+00:00,99.9010009765625
2025-11-03 11:00:00+00:00,99.89600372314453
2025-11-03 12:00:00+00:00,99.87100219726562
2025-11-03 13:00:00+00:00,99.94400024414062
2025-11-03 14:00:00+00:00,99.94499969482422
2025-11-03 15:00:00+00:00,99.83699798583984
2025-11-03 16:00:00+00:00,99.79499816894531
2025-11-03 17:00:00+00:00,99.81999969482422
2025-11-03 18:00:00+00:00,99.85299682617188
2025-11-03 19:00:00+00:00,99.87300109863281
2025-11-03 20:00:00+00:00,99.87200164794922
2025-11-03 21:00:00+00:00,99.875
2025-11-03 22:00:00+00:00,99.87000274658203
2025-11-03 23:00:00+00:00,99.88099670410156
2025-11-04 00:00:00+00:00,99.97000122070312
2025-11-04 01:00:00+00:00,99.96600341796875
2025-11-04 02:00:00+00:00,99.94200134277344
2025-11-04 03:00:00+00:00,99.91799926757812
2025-11-04 04:00:00+00:00,99.94100189208984
2025-11-04 05:00:00+00:00,99.90399932861328
2025-11-04 06:00:00+00:00,99.8280029296875
2025-11-04 07:00:00+00:00,99.80599975585938
2025-11-04 08:00:00+00:00,99.91799926757812
2025-11-04 09:00:00+00:00,100.00900268554688
2025-11-04 10:00:00+00:00,99.99299621582031
2025-11-04 11:00:00+00:00,100.10099792480469
2025-11-04 12:00:00+00:00,100.08699798583984
2025-11-04 13:00:00+00:00,100.06400299072266
2025-11-04 14:00:00+00:00,100.1500015258789
2025-11-04 15:00:00+00:00,100.08100128173828
2025-11-04 16:00:00+00:00,100.11199951171875
2025-11-04 17:00:00+00:00,100.1719970703125
2025-11-04 18:00:00+00:00,100.1780014038086
2025-11-04 19:00:00+00:00,100.2239990234375
2025-11-04 20:00:00+00:00,100.21199798583984
2025-11-04 21:00:00+00:00,100.20700073242188
2025-11-04 22:00:00+00:00,100.18900299072266
2025-11-04 23:00:00+00:00,100.197998046875
2025-11-05 00:00:00+00:00,100.16100311279297
2025-11-05 01:00:00+00:00,100.13300323486328
2025-11-05 02:00:00+00:00,100.15299987792969
2025-11-05 03:00:00+00:00,100.15699768066406
2025-11-05 04:00:00+00:00,100.13999938964844
2025-11-05 05:00:00+00:00,100.13899993896484
2025-11-05 06:00:00+00:00,100.1709976196289
2025-11-05 07:00:00+00:00,100.1719970703125
2025-11-05 08:00:00+00:00,100.13300323486328
2025-11-05 09:00:00+00:00,100.19499969482422
2025-11-05 10:00:00+00:00,100.21900177001953
2025-11-05 11:00:00+00:00,100.18099975585938
2025-11-05 12:00:00+00:00,100.16500091552734
2025-11-05 13:00:00+00:00,100.29900360107422
2025-11-05 14:00:00+00:00,100.2040023803711
2025-11-05 15:00:00+00:00,100.27300262451172
2025-11-05 16:00:00+00:00,100.21099853515625
2025-11-05 17:00:00+00:00,100.23899841308594
2025-11-05 18:00:00+00:00,100.23300170898438
2025-11-05 19:00:00+00:00,100.2040023803711
2025-11-05 20:00:00+00:00,100.18699645996094
2025-11-05 21:00:00+00:00,100.16000366210938
2025-11-05 22:00:00+00:00,100.16000366210938
2025-11-05 23:00:00+00:00,100.16300201416016
2025-11-06 00:00:00+00:00,100.08100128173828
2025-11-06 01:00:00+00:00,100.04199981689453
2025-11-06 02:00:00+00:00,100.06400299072266
2025-11-06 03:00:00+00:00,100.04499816894531
2025-11-06 04:00:00+00:00,100.05400085449219
2025-11-06 05:00:00+00:00,100.02899932861328
2025-11-06 06:00:00+00:00,100.06700134277344
2025-11-06 07:00:00+00:00,100.02799987792969
2025-11-06 08:00:00+00:00,99.9000015258789
2025-11-06 09:00:00+00:00,99.97000122070312
2025-11-06 10:00:00+00:00,99.99400329589844
2025-11-06 11:00:00+00:00,99.91899871826172
2025-11-06 12:00:00+00:00,99.8489990234375
2025-11-06 13:00:00+00:00,99.80999755859375
2025-11-06 14:00:00+00:00,99.94000244140625
2025-11-06 15:00:00+00:00,99.7969970703125
2025-11-06 16:00:00+00:00,99.79199981689453
2025-11-06 17:00:00+00:00,99.75399780273438
2025-11-06 18:00:00+00:00,99.70099639892578
2025-11-06 19:00:00+00:00,99.73300170898438
2025-11-06 20:00:00+00:00,99.697998046875
2025-11-06 21:00:00+00:00,99.70600128173828
2025-11-06 22:00:00+00:00,99.7229995727539
2025-11-06 23:00:00+00:00,99.69499969482422
2025-11-07 00:00:00+00:00,99.77100372314453
2025-11-07 01:00:00+00:00,99.78099822998047
2025-11-07 02:00:00+00:00,99.7760009765625
2025-11-07 03:00:00+00:00,99.78399658203125
2025-11-07 04:00:00+00:00,99.7969970703125
2025-11-07 05:00:00+00:00,99.83000183105469
2025-11-07 06:00:00+00:00,99.86299896240234
2025-11-07 07:00:00+00:00,99.83100128173828
2025-11-07 08:00:00+00:00,99.8499984741211
2025-11-07 09:00:00+00:00,99.83499908447266
2025-11-07 10:00:00+00:00,99.73600006103516
2025-11-07 11:00:00+00:00,99.66200256347656
2025-11-07 12:00:00+00:00,99.67900085449219
2025-11-07 13:00:00+00:00,99.58999633789062
2025-11-07 14:00:00+00:00,99.53700256347656
2025-11-07 15:00:00+00:00,99.53500366210938
2025-11-07 16:00:00+00:00,99.4800033569336
2025-11-07 17:00:00+00:00,99.44000244140625
2025-11-07 18:00:00+00:00,99.52100372314453
2025-11-07 19:00:00+00:00,99.60299682617188
2025-11-07 20:00:00+00:00,99.5530014038086
2025-11-07 21:00:00+00:00,99.55599975585938
2025-11-09 23:00:00+00:00,99.73400115966797
2025-11-10 00:00:00+00:00,99.6709976196289
2025-11-10 01:00:00+00:00,99.63899993896484
2025-11-10 02:00:00+00:00,99.64299774169922
2025-11-10 03:00:00+00:00,99.6709976196289
2025-11-10 04:00:00+00:00,99.61599731445312
2025-11-10 05:00:00+00:00,99.61499786376953
2025-11-10 06:00:00+00:00,99.68399810791016
2025-11-10 07:00:00+00:00,99.5780029296875
2025-11-10 08:00:00+00:00,99.54499816894531
2025-11-10 09:00:00+00:00,99.56800079345703
2025-11-10 10:00:00+00:00,99.61499786376953
2025-11-10 11:00:00+00:00,99.59200286865234
2025-11-10 12:00:00+00:00,99.5530014038086
2025-11-10 13:00:00+00:00,99.54900360107422
2025-11-10 14:00:00+00:00,99.58999633789062
2025-11-10 15:00:00+00:00,99.71800231933594
2025-11-10 16:00:00+00:00,99.70899963378906
2025-11-10 17:00:00+00:00,99.58499908447266
2025-11-10 18:00:00+00:00,99.5979995727539
2025-11-10 19:00:00+00:00,99.58899688720703
2025-11-10 20:00:00+00:00,99.56999969482422
2025-11-10 21:00:00+00:00,99.625
2025-11-10 22:00:00+00:00,99.61900329589844
2025-11-10 23:00:00+00:00,99.62200164794922
2025-11-11 00:00:00+00:00,99.68199920654297
2025-11-11 01:00:00+00:00,99.67400360107422
2025-11-11 02:00:00+00:00,99.69000244140625
2025-11-11 03:00:00+00:00,99.65899658203125
2025-11-11 04:00:00+00:00,99.65899658203125
2025-11-11 05:00:00+00:00,99.61799621582031
2025-11-11 06:00:00+00:00,99.6969985961914
2025-11-11 07:00:00+00:00,99.66300201416016
2025-11-11 08:00:00+00:00,99.70500183105469
2025-11-11 09:00:00+00:00,99.63200378417969
2025-11-11 10:00:00+00:00,99.572998046875
2025-11-11 11:00:00+00:00,99.56300354003906
2025-11-11 12:00:00+00:00,99.572998046875
2025-11-11 13:00:00+00:00,99.31999969482422
2025-11-11 14:00:00+00:00,99.33100128173828
2025-11-11 15:00:00+00:00,99.36900329589844
2025-11-11 16:00:00+00:00,99.37999725341797
2025-11-11 17:00:00+00:00,99.36900329589844
2025-11-11 18:00:00+00:00,99.38899993896484
2025-11-11 19:00:00+00:00,99.44300079345703
2025-11-11 20:00:00+00:00,99.4530029296875
2025-11-11 21:00:00+00:00,99.48300170898438
2025-11-11 22:00:00+00:00,99.4520034790039
2025-11-11 23:00:00+00:00,99.46399688720703
2025-11-12 00:00:00+00:00,99.51899719238281
2025-11-12 01:00:00+00:00,99.54199981689453
2025-11-12 02:00:00+00:00,99.5260009765625
2025-11-12 03:00:00+00:00,99.52999877929688
2025-11-12 04:00:00+00:00,99.60900115966797
2025-11-12 05:00:00+00:00,99.56400299072266
2025-11-12 06:00:00+00:00,99.5199966430664
2025-11-12 07:00:00+00:00,99.51000213623047
2025-11-12 08:00:00+00:00,99.572998046875
2025-11-12 09:00:00+00:00,99.6259994506836
2025-11-12 10:00:00+00:00,99.61399841308594
2025-11-12 11:00:00+00:00,99.55500030517578
2025-11-12 12:00:00+00:00,99.58000183105469
2025-11-12 13:00:00+00:00,99.62899780273438
2025-11-12 14:00:00+00:00,99.61100006103516
2025-11-12 15:00:00+00:00,99.44999694824219
2025-11-12 16:00:00+00:00,99.46800231933594
2025-11-12 17:00:00+00:00,99.44200134277344
2025-11-12 18:00:00+00:00,99.46700286865234
2025-11-12 19:00:00+00:00,99.49500274658203
2025-11-12 20:00:00+00:00,99.48799896240234
2025-11-12 21:00:00+00:00,99.4739990234375
2025-11-12 22:00:00+00:00,99.48600006103516
2025-11-12 23:00:00+00:00,99.47000122070312
2025-11-13 00:00:00+00:00,99.57099914550781
2025-11-13 01:00:00+00:00,99.5
2025-11-13 02:00:00+00:00,99.48999786376953
2025-11-13 03:00:00+00:00,99.49400329589844
2025-11-13 04:00:00+00:00,99.50299835205078
2025-11-13 05:00:00+00:00,99.57099914550781
2025-11-13 06:00:00+00:00,99.54000091552734
2025-11-13 07:00:00+00:00,99.34400177001953
2025-11-13 08:00:00+00:00,99.1969985961914
2025-11-13 09:00:00+00:00,99.27300262451172
2025-11-13 10:00:00+00:00,99.29199981689453
2025-11-13 11:00:00+00:00,99.35900115966797
2025-11-13 12:00:00+00:00,99.23400115966797
2025-11-13 13:00:00+00:00,99.27300262451172
2025-11-13 14:00:00+00:00,99.1969985961914
2025-11-13 15:00:00+00:00,99.09300231933594
2025-11-13 16:00:00+00:00,99.04000091552734
2025-11-13 17:00:00+00:00,99.0270004272461
2025-11-13 18:00:00+00:00,99.12899780273438
2025-11-13 19:00:00+00:00,99.15599822998047
2025-11-13 20:00:00+00:00,99.18099975585938
2025-11-13 21:00:00+00:00,99.1729965209961
2025-11-13 22:00:00+00:00,99.18099975585938
2025-11-13 23:00:00+00:00,99.22799682617188
2025-11-14 00:00:00+00:00,99.22200012207031
2025-11-14 01:00:00+00:00,99.2030029296875
2025-11-14 02:00:00+00:00,99.18299865722656
2025-11-14 03:00:00+00:00,99.18199920654297
2025-11-14 04:00:00+00:00,99.15599822998047
2025-11-14 05:00:00+00:00,99.125
2025-11-14 06:00:00+00:00,99.1969985961914
2025-11-14 07:00:00+00:00,99.24199676513672
2025-11-14 08:00:00+00:00,99.2249984741211
2025-11-14 09:00:00+00:00,99.2979965209961
2025-11-14 10:00:00+00:00,99.36799621582031
2025-11-14 11:00:00+00:00,99.3280029296875
2025-11-14 12:00:00+00:00,99.01599884033203
2025-11-14 13:00:00+00:00,99.12699890136719
2025-11-14 14:00:00+00:00,99.24099731445312
2025-11-14 15:00:00+00:00,99.33100128173828
2025-11-14 16:00:00+00:00,99.31400299072266
2025-11-14 17:00:00+00:00,99.33100128173828
2025-11-14 18:00:00+00:00,99.31400299072266
2025-11-14 19:00:00+00:00,99.29900360107422
2025-11-14 20:00:00+00:00,99.28099822998047
2025-11-14 21:00:00+00:00,99.27300262451172
2025-11-16 23:00:00+00:00,99.31900024414062
2025-11-17 00:00:00+00:00,99.37999725341797
2025-11-17 01:00:00+00:00,99.37899780273438
2025-11-17 02:00:00+00:00,99.41799926757812
2025-11-17 03:00:00+00:00,99.447998046875
2025-11-17 04:00:00+00:00,99.41000366210938
2025-11-17 05:00:00+00:00,99.43399810791016
2025-11-17 06:00:00+00:00,99.38099670410156
2025-11-17 07:00:00+00:00,99.31400299072266
2025-11-17 08:00:00+00:00,99.38300323486328
2025-11-17 09:00:00+00:00,99.3949966430664
2025-11-17 10:00:00+00:00,99.44499969482422
2025-11-17 11:00:00+00:00,99.38700103759766
2025-11-17 12:00:00+00:00,99.41300201416016
2025-11-17 13:00:00+00:00,99.47200012207031
2025-11-17 14:00:00+00:00,99.52100372314453
2025-11-17 15:00:00+00:00,99.45800018310547
2025-11-17 16:00:00+00:00,99.4530029296875
2025-11-17 17:00:00+00:00,99.47799682617188
2025-11-17 18:00:00+00:00,99.51200103759766
2025-11-17 19:00:00+00:00,99.58799743652344
2025-11-17 20:00:00+00:00,99.5530014038086
2025-11-17 21:00:00+00:00,99.53600311279297
2025-11-17 22:00:00+00:00,99.54199981689453
2025-11-17 23:00:00+00:00,99.53099822998047
2025-11-18 00:00:00+00:00,99.56600189208984
2025-11-18 01:00:00+00:00,99.53500366210938
2025-11-18 02:00:00+00:00,99.52200317382812
2025-11-18 03:00:00+00:00,99.52999877929688
2025-11-18 04:00:00+00:00,99.47000122070312
2025-11-18 05:00:00+00:00,99.47699737548828
2025-11-18 06:00:00+00:00,99.51799774169922
2025-11-18 07:00:00+00:00,99.51799774169922
2025-11-18 08:00:00+00:00,99.51200103759766
2025-11-18 09:00:00+00:00,99.5459976196289
2025-11-18 10:00:00+00:00,99.6050033569336
2025-11-18 11:00:00+00:00,99.59300231933594
2025-11-18 12:00:00+00:00,99.51699829101562
2025-11-18 13:00:00+00:00,99.47699737548828
2025-11-18 14:00:00+00:00,99.47000122070312
2025-11-18 15:00:00+00:00,99.58899688720703
2025-11-18 16:00:00+00:00,99.5999984741211
2025-11-18 17:00:00+00:00,99.63400268554688
2025-11-18 18:00:00+00:00,99.5790023803711
2025-11-18 19:00:00+00:00,99.55000305175781
2025-11-18 20:00:00+00:00,99.58799743652344
2025-11-18 21:00:00+00:00,99.59400177001953
2025-11-18 22:00:00+00:00,99.6050033569336
2025-11-18 23:00:00+00:00,99.59600067138672
2025-11-19 00:00:00+00:00,99.58699798583984
2025-11-19 01:00:00+00:00,99.63800048828125
2025-11-19 02:00:00+00:00,99.60700225830078
2025-11-19 03:00:00+00:00,99.57599639892578
2025-11-19 04:00:00+00:00,99.58000183105469
2025-11-19 05:00:00+00:00,99.54399871826172
2025-11-19 06:00:00+00:00,99.55799865722656
2025-11-19 07:00:00+00:00,99.60600280761719
2025-11-19 08:00:00+00:00,99.67400360107422
2025-11-19 09:00:00+00:00,99.7030029296875
2025-11-19 10:00:00+00:00,99.78700256347656
2025-11-19 11:00:00+00:00,99.66000366210938
2025-11-19 12:00:00+00:00,99.72799682617188
2025-11-19 13:00:00+00:00,99.76499938964844
2025-11-19 14:00:00+00:00,99.89600372314453
2025-11-19 15:00:00+00:00,99.98799896240234
2025-11-19 16:00:00+00:00,100.05400085449219
2025-11-19 17:00:00+00:00,100.11299896240234
2025-11-19 18:00:00+00:00,100.12799835205078
2025-11-19 19:00:00+00:00,100.22799682617188
2025-11-19 20:00:00+00:00,100.18699645996094
2025-11-19 21:00:00+00:00,100.125
2025-11-19 22:00:00+00:00,100.11699676513672
2025-11-19 23:00:00+00:00,100.11499786376953
2025-11-20 00:00:00+00:00,100.13899993896484
2025-11-20 01:00:00+00:00,100.24700164794922
2025-11-20 02:00:00+00:00,100.24800109863281
2025-11-20 03:00:00+00:00,100.2979965209961
2025-11-20 04:00:00+00:00,100.25199890136719
2025-11-20 05:00:00+00:00,100.29399871826172
2025-11-20 06:00:00+00:00,100.27300262451172
2025-11-20 07:00:00+00:00,100.24099731445312
2025-11-20 08:00:00+00:00,100.21700286865234
2025-11-20 09:00:00+00:00,100.16100311279297
2025-11-20 10:00:00+00:00,100.18599700927734
2025-11-20 11:00:00+00:00,100.28500366210938
2025-11-20 12:00:00+00:00,100.33399963378906
2025-11-20 13:00:00+00:00,100.1719970703125
2025-11-20 14:00:00+00:00,100.12899780273438
2025-11-20 15:00:00+00:00,100.2020034790039
2025-11-20 16:00:00+00:00,100.18199920654297
2025-11-20 17:00:00+00:00,100.23200225830078
2025-11-20 18:00:00+00:00,100.177001953125
2025-11-20 19:00:00+00:00,100.15799713134766
2025-11-20 20:00:00+00:00,100.25199890136719
2025-11-20 21:00:00+00:00,100.2229995727539
2025-11-20 22:00:00+00:00,100.21800231933594
2025-11-20 23:00:00+00:00,100.21399688720703
2025-11-21 00:00:00+00:00,100.14700317382812
2025-11-21 01:00:00+00:00,100.18499755859375
2025-11-21 02:00:00+00:00,100.15699768066406
2025-11-21 03:00:00+00:00,100.14399719238281
2025-11-21 04:00:00+00:00,100.12699890136719
2025-11-21 05:00:00+00:00,100.14099884033203
2025-11-21 06:00:00+00:00,100.09700012207031
2025-11-21 07:00:00+00:00,100.08699798583984
2025-11-21 08:00:00+00:00,100.08100128173828
2025-11-21 09:00:00+00:00,100.19400024414062
2025-11-21 10:00:00+00:00,100.22200012207031
2025-11-21 11:00:00+00:00,100.33300018310547
2025-11-21 12:00:00+00:00,100.16600036621094
2025-11-21 13:00:00+00:00,100.2030029296875
2025-11-21 14:00:00+00:00,100.23699951171875
2025-11-21 15:00:00+00:00,100.30400085449219
2025-11-21 16:00:00+00:00,100.25800323486328
2025-11-21 17:00:00+00:00,100.24199676513672
2025-11-21 18:00:00+00:00,100.26100158691406
2025-11-21 19:00:00+00:00,100.18000030517578
2025-11-21 20:00:00+00:00,100.15799713134766
2025-11-21 21:00:00+00:00,100.19599914550781
2025-11-23 23:00:00+00:00,100.2490005493164
2025-11-24 00:00:00+00:00,100.26599884033203
2025-11-24 01:00:00+00:00,100.24700164794922
2025-11-24 02:00:00+00:00,100.20800018310547
2025-11-24 03:00:00+00:00,100.19999694824219
2025-11-24 04:00:00+00:00,100.15799713134766
2025-11-24 05:00:00+00:00,100.1500015258789
2025-11-24 06:00:00+00:00,100.18399810791016
2025-11-24 07:00:00+00:00,100.25700378417969
2025-11-24 08:00:00+00:00,100.15899658203125
2025-11-24 09:00:00+00:00,100.1520004272461
2025-11-24 10:00:00+00:00,100.08200073242188
2025-11-24 11:00:00+00:00,100.0739974975586
2025-11-24 12:00:00+00:00,100.04399871826172
2025-11-24 13:00:00+00:00,100.0979995727539
2025-11-24 14:00:00+00:00,100.18599700927734
2025-11-24 15:00:00+00:00,100.15599822998047
2025-11-24 16:00:00+00:00,100.23500061035156
2025-11-24 17:00:00+00:00,100.2239990234375
2025-11-24 18:00:00+00:00,100.13999938964844
2025-11-24 19:00:00+00:00,100.14199829101562
2025-11-24 20:00:00+00:00,100.18299865722656
2025-11-24 21:00:00+00:00,100.2030029296875
2025-11-24 22:00:00+00:00,100.16600036621094
2025-11-24 23:00:00+00:00,100.18299865722656
2025-11-25 00:00:00+00:00,100.16699981689453
2025-11-25 01:00:00+00:00,100.1510009765625
2025-11-25 02:00:00+00:00,100.13500213623047
2025-11-25 03:00:00+00:00,100.22000122070312
2025-11-25 04:00:00+00:00,100.24199676513672
2025-11-25 05:00:00+00:00,100.22000122070312
2025-11-25 06:00:00+00:00,100.20700073242188
2025-11-25 07:00:00+00:00,100.1729965209961
2025-11-25 08:00:00+00:00,100.13999938964844
2025-11-25 09:00:00+00:00,100.06600189208984
2025-11-25 10:00:00+00:00,100.0530014038086
2025-11-25 11:00:00+00:00,100.15599822998047
2025-11-25 12:00:00+00:00,100.02100372314453
2025-11-25 13:00:00+00:00,99.90399932861328
2025-11-25 14:00:00+00:00,99.83200073242188
2025-11-25 15:00:00+00:00,99.86199951171875
2025-11-25 16:00:00+00:00,99.93800354003906
2025-11-25 17:00:00+00:00,99.68800354003906
2025-11-25 18:00:00+00:00,99.7040023803711
2025-11-25 19:00:00+00:00,99.66400146484375
2025-11-25 20:00:00+00:00,99.84200286865234
2025-11-25 21:00:00+00:00,99.80999755859375
2025-11-25 22:00:00+00:00,99.80599975585938
2025-11-25 23:00:00+00:00,99.79199981689453
2025-11-26 00:00:00+00:00,99.83399963378906
2025-11-26 01:00:00+00:00,99.73699951171875
2025-11-26 02:00:00+00:00,99.69000244140625
2025-11-26 03:00:00+00:00,99.6240005493164
2025-11-26 04:00:00+00:00,99.69499969482422
2025-11-26 05:00:00+00:00,99.64099884033203
2025-11-26 06:00:00+00:00,99.68199920654297
2025-11-26 07:00:00+00:00,99.75
2025-11-26 08:00:00+00:00,99.8030014038086
2025-11-26 09:00:00+00:00,99.80599975585938
2025-11-26 10:00:00+00:00,99.81900024414062
2025-11-26 11:00:00+00:00,99.802001953125
2025-11-26 12:00:00+00:00,99.81400299072266
2025-11-26 13:00:00+00:00,99.9280014038086
2025-11-26 14:00:00+00:00,99.76799774169922
2025-11-26 15:00:00+00:00,99.64299774169922
2025-11-26 16:00:00+00:00,99.625
2025-11-26 17:00:00+00:00,99.60800170898438
2025-11-26 18:00:00+00:00,99.5979995727539
2025-11-26 19:00:00+00:00,99.59500122070312
2025-11-26 20:00:00+00:00,99.59600067138672
2025-11-26 21:00:00+00:00,99.58300018310547
2025-11-26 22:00:00+00:00,99.58100128173828
2025-11-26 23:00:00+00:00,99.55999755859375
2025-11-27 00:00:00+00:00,99.49199676513672
2025-11-27 01:00:00+00:00,99.4469985961914
2025-11-27 02:00:00+00:00,99.48699951171875
2025-11-27 03:00:00+00:00,99.49099731445312
2025-11-27 04:00:00+00:00,99.49099731445312
2025-11-28 14:30:00+00:00,99.5780029296875
2025-11-28 15:30:00+00:00,99.37699890136719
2025-11-28 16:30:00+00:00,99.4739990234375
2025-11-28 17:30:00+00:00,99.45899963378906
2025-11-30 23:00:00+00:00,99.43900299072266
2025-12-01 00:00:00+00:00,99.42500305175781
2025-12-01 01:00:00+00:00,99.39399719238281
2025-12-01 02:00:00+00:00,99.4540023803711
2025-12-01 03:00:00+00:00,99.43900299072266
2025-12-01 04:00:00+00:00,99.43599700927734
2025-12-01 05:00:00+00:00,99.46299743652344
2025-12-01 06:00:00+00:00,99.4729995727539
2025-12-01 07:00:00+00:00,99.3759994506836
2025-12-01 08:00:00+00:00,99.36699676513672
2025-12-01 09:00:00+00:00,99.28600311279297
2025-12-01 10:00:00+00:00,99.26000213623047
2025-12-01 11:00:00+00:00,99.23200225830078
2025-12-01 12:00:00+00:00,99.04299926757812
2025-12-01 13:00:00+00:00,99.07499694824219
2025-12-01 14:00:00+00:00,99.15799713134766
2025-12-01 15:00:00+00:00,99.19999694824219
2025-12-01 16:00:00+00:00,99.29000091552734
2025-12-01 17:00:00+00:00,99.31099700927734
2025-12-01 18:00:00+00:00,99.38800048828125
2025-12-01 19:00:00+00:00,99.41400146484375
2025-12-01 20:00:00+00:00,99.40699768066406
2025-12-01 21:00:00+00:00,99.40799713134766
2025-12-01 22:00:00+00:00,99.40899658203125
2025-12-01 23:00:00+00:00,99.40699768066406
2025-12-02 00:00:00+00:00,99.4489974975586
2025-12-02 01:00:00+00:00,99.4229965209961
2025-12-02 02:00:00+00:00,99.41000366210938
2025-12-02 03:00:00+00:00,99.4000015258789
2025-12-02 04:00:00+00:00,99.41600036621094
2025-12-02 05:00:00+00:00,99.41699981689453
2025-12-02 06:00:00+00:00,99.43299865722656
2025-12-02 07:00:00+00:00,99.41300201416016
2025-12-02 08:00:00+00:00,99.44499969482422
2025-12-02 09:00:00+00:00,99.4540023803711
2025-12-02 10:00:00+00:00,99.49500274658203
2025-12-02 11:00:00+00:00,99.45999908447266
2025-12-02 12:00:00+00:00,99.41999816894531
2025-12-02 13:00:00+00:00,99.41699981689453
2025-12-02 14:00:00+00:00,99.39700317382812
2025-12-02 15:00:00+00:00,99.44999694824219
2025-12-02 16:00:00+00:00,99.54299926757812
2025-12-02 17:00:00+00:00,99.46099853515625
2025-12-02 18:00:00+00:00,99.4530029296875
2025-12-02 19:00:00+00:00,99.35700225830078
2025-12-02 20:00:00+00:00,99.33399963378906
2025-12-02 21:00:00+00:00,99.3270034790039
2025-12-02 22:00:00+00:00,99.33999633789062
2025-12-02 23:00:00+00:00,99.31900024414062
2025-12-03 00:00:00+00:00,99.2760009765625
2025-12-03 01:00:00+00:00,99.22699737548828
2025-12-03 02:00:00+00:00,99.2229995727539
2025-12-03 03:00:00+00:00,99.22200012207031
2025-12-03 04:00:00+00:00,99.20700073242188
2025-12-03 05:00:00+00:00,99.19300079345703
2025-12-03 06:00:00+00:00,99.17500305175781
2025-12-03 07:00:00+00:00,99.19499969482422
2025-12-03 08:00:00+00:00,99.1510009765625
2025-12-03 09:00:00+00:00,99.11399841308594
2025-12-03 10:00:00+00:00,99.01699829101562
2025-12-03 11:00:00+00:00,98.96900177001953
2025-12-03 12:00:00+00:00,98.98400115966797
2025-12-03 13:00:00+00:00,98.9729995727539
2025-12-03 14:00:00+00:00,98.96099853515625
2025-12-03 15:00:00+00:00,98.9489974975586
2025-12-03 16:00:00+00:00,98.9469985961914
2025-12-03 17:00:00+00:00,98.875
2025-12-03 18:00:00+00:00,98.86000061035156
2025-12-03 19:00:00+00:00,98.85399627685547
2025-12-03 20:00:00+00:00,98.90499877929688
2025-12-03 21:00:00+00:00,98.86900329589844
2025-12-03 22:00:00+00:00,98.87300109863281
2025-12-03 23:00:00+00:00,98.86799621582031
2025-12-04 00:00:00+00:00,98.9219970703125
2025-12-04 01:00:00+00:00,98.93399810791016
2025-12-04 02:00:00+00:00,98.96900177001953
2025-12-04 03:00:00+00:00,98.99600219726562
2025-12-04 04:00:00+00:00,98.99299621582031
2025-12-04 05:00:00+00:00,98.95800018310547
2025-12-04 06:00:00+00:00,98.97599792480469
2025-12-04 07:00:00+00:00,98.94000244140625
2025-12-04 08:00:00+00:00,98.84600067138672
2025-12-04 09:00:00+00:00,98.81999969482422
2025-12-04 10:00:00+00:00,98.88300323486328
2025-12-04 11:00:00+00:00,98.7770004272461
2025-12-04 12:00:00+00:00,98.86000061035156
2025-12-04 13:00:00+00:00,98.9010009765625
2025-12-04 14:00:00+00:00,98.83599853515625
2025-12-04 15:00:00+00:00,98.79499816894531
2025-12-04 16:00:00+00:00,98.9229965209961
2025-12-04 17:00:00+00:00,98.95500183105469
2025-12-04 18:00:00+00:00,98.97200012207031
2025-12-04 19:00:00+00:00,98.98899841308594
2025-12-04 20:00:00+00:00,99.05599975585938
2025-12-04 21:00:00+00:00,99.05999755859375
2025-12-04 22:00:00+00:00,99.0510025024414
2025-12-04 23:00:00+00:00,99.06900024414062
2025-12-05 00:00:00+00:00,99.01200103759766
2025-12-05 01:00:00+00:00,98.99199676513672
2025-12-05 02:00:00+00:00,99.00199890136719
2025-12-05 03:00:00+00:00,99.03299713134766
2025-12-05 04:00:00+00:00,98.98200225830078
2025-12-05 05:00:00+00:00,98.91300201416016
2025-12-05 06:00:00+00:00,98.9010009765625
2025-12-05 07:00:00+00:00,98.88899993896484
2025-12-05 08:00:00+00:00,98.9540023803711
2025-12-05 09:00:00+00:00,98.95500183105469
2025-12-05 10:00:00+00:00,99.0009994506836
2025-12-05 11:00:00+00:00,99.0260009765625
2025-12-05 12:00:00+00:00,98.98400115966797
2025-12-05 13:00:00+00:00,98.95600128173828
2025-12-05 14:00:00+00:00,98.95600128173828
2025-12-05 15:00:00+00:00,98.96700286865234
2025-12-05 16:00:00+00:00,99.06700134277344
2025-12-05 17:00:00+00:00,98.99199676513672
2025-12-05 18:00:00+00:00,98.99600219726562
2025-12-05 19:00:00+00:00,98.99199676513672
2025-12-05 20:00:00+00:00,98.97899627685547
2025-12-05 21:00:00+00:00,98.98600006103516
2025-12-07 23:00:00+00:00,99.01200103759766
2025-12-08 00:00:00+00:00,98.91899871826172
2025-12-08 01:00:00+00:00,98.89600372314453
2025-12-08 02:00:00+00:00,98.88700103759766
2025-12-08 03:00:00+00:00,98.9219970703125
2025-12-08 04:00:00+00:00,98.8949966430664
2025-12-08 05:00:00+00:00,98.89600372314453
2025-12-08 06:00:00+00:00,98.88300323486328
2025-12-08 07:00:00+00:00,98.91699981689453
2025-12-08 08:00:00+00:00,98.9229965209961
2025-12-08 09:00:00+00:00,98.98400115966797
2025-12-08 10:00:00+00:00,98.9749984741211
2025-12-08 11:00:00+00:00,98.98799896240234
2025-12-08 12:00:00+00:00,98.95800018310547
2025-12-08 13:00:00+00:00,98.99500274658203
2025-12-08 14:00:00+00:00,99.06099700927734
2025-12-08 15:00:00+00:00,99.17900085449219
2025-12-08 16:00:00+00:00,99.1719970703125
2025-12-08 17:00:00+00:00,99.06900024414062
2025-12-08 18:00:00+00:00,99.09200286865234
2025-12-08 19:00:00+00:00,99.08699798583984
2025-12-08 20:00:00+00:00,99.10099792480469
2025-12-08 21:00:00+00:00,99.10700225830078
2025-12-08 22:00:00+00:00,99.11299896240234
2025-12-08 23:00:00+00:00,99.09700012207031
2025-12-09 00:00:00+00:00,99.10600280761719
2025-12-09 01:00:00+00:00,99.0260009765625
2025-12-09 02:00:00+00:00,99.04499816894531
2025-12-09 03:00:00+00:00,99.04000091552734
2025-12-09 04:00:00+00:00,99.04100036621094
2025-12-09 05:00:00+00:00,99.02799987792969
2025-12-09 06:00:00+00:00,99.06300354003906
2025-12-09 07:00:00+00:00,99.10600280761719
2025-12-09 08:00:00+00:00,99.06999969482422
2025-12-09 09:00:00+00:00,98.9800033569336
2025-12-09 10:00:00+00:00,99.04100036621094
2025-12-09 11:00:00+00:00,99.06400299072266
2025-12-09 12:00:00+00:00,99.11900329589844
2025-12-09 13:00:00+00:00,99.13300323486328
2025-12-09 14:00:00+00:00,99.0999984741211
2025-12-09 15:00:00+00:00,99.22799682617188
2025-12-09 16:00:00+00:00,99.1449966430664
2025-12-09 17:00:00+00:00,99.26000213623047
2025-12-09 18:00:00+00:00,99.25199890136719
2025-12-09 19:00:00+00:00,99.22000122070312
2025-12-09 20:00:00+00:00,99.23899841308594
2025-12-09 21:00:00+00:00,99.24099731445312
2025-12-09 22:00:00+00:00,99.23100280761719
2025-12-09 23:00:00+00:00,99.24299621582031
2025-12-10 00:00:00+00:00,99.22100067138672
2025-12-10 01:00:00+00:00,99.24400329589844
2025-12-10 02:00:00+00:00,99.23999786376953
2025-12-10 03:00:00+00:00,99.21700286865234
2025-12-10 04:00:00+00:00,99.20800018310547
2025-12-10 05:00:00+00:00,99.2040023803711
2025-12-10 06:00:00+00:00,99.16100311279297
2025-12-10 07:00:00+00:00,99.08200073242188
2025-12-10 08:00:00+00:00,99.05500030517578
2025-12-10 09:00:00+00:00,99.16400146484375
2025-12-10 10:00:00+00:00,99.16699981689453
2025-12-10 11:00:00+00:00,99.15299987792969
2025-12-10 12:00:00+00:00,99.11699676513672
2025-12-10 13:00:00+00:00,99.08599853515625
2025-12-10 14:00:00+00:00,99.0770034790039
2025-12-10 15:00:00+00:00,99.0719985961914
2025-12-10 16:00:00+00:00,98.99500274658203
2025-12-10 17:00:00+00:00,98.93399810791016
2025-12-10 18:00:00+00:00,98.97200012207031
2025-12-10 19:00:00+00:00,98.78600311279297
2025-12-10 20:00:00+00:00,98.64399719238281
2025-12-10 21:00:00+00:00,98.6449966430664
2025-12-10 22:00:00+00:00,98.6510009765625
2025-12-10 23:00:00+00:00,98.63600158691406
2025-12-11 00:00:00+00:00,98.59100341796875
2025-12-11 01:00:00+00:00,98.5790023803711
2025-12-11 02:00:00+00:00,98.64900207519531
2025-12-11 03:00:00+00:00,98.66699981689453
2025-12-11 04:00:00+00:00,98.68199920654297
2025-12-11 05:00:00+00:00,98.73500061035156
2025-12-11 06:00:00+00:00,98.70500183105469
2025-12-11 07:00:00+00:00,98.68900299072266
2025-12-11 08:00:00+00:00,98.64299774169922
2025-12-11 09:00:00+00:00,98.60900115966797
2025-12-11 10:00:00+00:00,98.56999969482422
2025-12-11 11:00:00+00:00,98.51300048828125
2025-12-11 12:00:00+00:00,98.47599792480469
2025-12-11 13:00:00+00:00,98.36000061035156
2025-12-11 14:00:00+00:00,98.2750015258789
2025-12-11 15:00:00+00:00,98.1709976196289
2025-12-11 16:00:00+00:00,98.18599700927734
2025-12-11 17:00:00+00:00,98.2030029296875
2025-12-11 18:00:00+00:00,98.22599792480469
2025-12-11 19:00:00+00:00,98.34600067138672
2025-12-11 20:00:00+00:00,98.33100128173828
2025-12-11 21:00:00+00:00,98.35900115966797
2025-12-11 22:00:00+00:00,98.34600067138672
2025-12-11 23:00:00+00:00,98.33399963378906
2025-12-12 00:00:00+00:00,98.34400177001953
2025-12-12 01:00:00+00:00,98.37300109863281
2025-12-12 02:00:00+00:00,98.36799621582031
2025-12-12 03:00:00+00:00,98.38099670410156
2025-12-12 04:00:00+00:00,98.39900207519531
2025-12-12 05:00:00+00:00,98.35900115966797
2025-12-12 06:00:00+00:00,98.35399627685547
2025-12-12 07:00:00+00:00,98.36000061035156
2025-12-12 08:00:00+00:00,98.43000030517578
2025-12-12 09:00:00+00:00,98.41500091552734
2025-12-12 10:00:00+00:00,98.45500183105469
2025-12-12 11:00:00+00:00,98.45700073242188
2025-12-12 12:00:00+00:00,98.48300170898438
2025-12-12 13:00:00+00:00,98.4739990234375
2025-12-12 14:00:00+00:00,98.37200164794922
2025-12-12 15:00:00+00:00,98.43699645996094
2025-12-12 16:00:00+00:00,98.47599792480469
2025-12-12 17:00:00+00:00,98.34500122070312
2025-12-12 18:00:00+00:00,98.38899993896484
2025-12-12 19:00:00+00:00,98.39900207519531
2025-12-12 20:00:00+00:00,98.40499877929688
2025-12-12 21:00:00+00:00,98.39199829101562
2025-12-14 23:00:00+00:00,98.41100311279297
2025-12-15 00:00:00+00:00,98.43299865722656
2025-12-15 01:00:00+00:00,98.3550033569336
2025-12-15 02:00:00+00:00,98.34700012207031
2025-12-15 03:00:00+00:00,98.39700317382812
2025-12-15 04:00:00+00:00,98.38700103759766
2025-12-15 05:00:00+00:00,98.35399627685547
2025-12-15 06:00:00+00:00,98.35399627685547
2025-12-15 07:00:00+00:00,98.40499877929688
2025-12-15 08:00:00+00:00,98.38999938964844
2025-12-15 09:00:00+00:00,98.29399871826172
2025-12-15 10:00:00+00:00,98.3239974975586
2025-12-15 11:00:00+00:00,98.26699829101562
2025-12-15 12:00:00+00:00,98.24199676513672
2025-12-15 13:00:00+00:00,98.29900360107422
2025-12-15 14:00:00+00:00,98.16699981689453
2025-12-15 15:00:00+00:00,98.1969985961914
2025-12-15 16:00:00+00:00,98.26899719238281
2025-12-15 17:00:00+00:00,98.34400177001953
2025-12-15 18:00:00+00:00,98.36599731445312
2025-12-15 19:00:00+00:00,98.30899810791016
2025-12-15 20:00:00+00:00,98.2979965209961
2025-12-15 21:00:00+00:00,98.2770004272461
2025-12-15 22:00:00+00:00,98.29199981689453
2025-12-15 23:00:00+00:00,98.25299835205078
2025-12-16 00:00:00+00:00,98.29399871826172
2025-12-16 01:00:00+00:00,98.27100372314453
2025-12-16 02:00:00+00:00,98.23600006103516
2025-12-16 03:00:00+00:00,98.26899719238281
2025-12-16 04:00:00+00:00,98.26499938964844
2025-12-16 05:00:00+00:00,98.27899932861328
2025-12-16 06:00:00+00:00,98.26599884033203
2025-12-16 07:00:00+00:00,98.26899719238281
2025-12-16 08:00:00+00:00,98.23799896240234
2025-12-16 09:00:00+00:00,98.21299743652344
2025-12-16 10:00:00+00:00,98.20500183105469
2025-12-16 11:00:00+00:00,98.16000366210938
2025-12-16 12:00:00+00:00,98.04399871826172
2025-12-16 13:00:00+00:00,98.06999969482422
2025-12-16 14:00:00+00:00,97.90299987792969
2025-12-16 15:00:00+00:00,98.10700225830078
2025-12-16 16:00:00+00:00,98.10800170898438
2025-12-16 17:00:00+00:00,98.11900329589844
2025-12-16 18:00:00+00:00,98.17900085449219
2025-12-16 19:00:00+00:00,98.14600372314453
2025-12-16 20:00:00+00:00,98.22200012207031
2025-12-16 21:00:00+00:00,98.21900177001953
2025-12-16 22:00:00+00:00,98.22000122070312
2025-12-16 23:00:00+00:00,98.21099853515625
2025-12-17 00:00:00+00:00,98.20099639892578
2025-12-17 01:00:00+00:00,98.21299743652344
2025-12-17 02:00:00+00:00,98.30400085449219
2025-12-17 03:00:00+00:00,98.29499816894531
2025-12-17 04:00:00+00:00,98.38200378417969
2025-12-17 05:00:00+00:00,98.4000015258789
2025-12-17 06:00:00+00:00,98.54000091552734
2025-12-17 07:00:00+00:00,98.58499908447266
2025-12-17 08:00:00+00:00,98.5469970703125
2025-12-17 09:00:00+00:00,98.56600189208984
2025-12-17 10:00:00+00:00,98.50700378417969
2025-12-17 11:00:00+00:00,98.60800170898438
2025-12-17 12:00:00+00:00,98.48400115966797
2025-12-17 13:00:00+00:00,98.43599700927734
2025-12-17 14:00:00+00:00,98.3759994506836
2025-12-17 15:00:00+00:00,98.27899932861328
2025-12-17 16:00:00+00:00,98.34700012207031
2025-12-17 17:00:00+00:00,98.3239974975586
2025-12-17 18:00:00+00:00,98.375
2025-12-17 19:00:00+00:00,98.36799621582031
2025-12-17 20:00:00+00:00,98.4020004272461
2025-12-17 21:00:00+00:00,98.39900207519531
2025-12-17 22:00:00+00:00,98.39299774169922
2025-12-17 23:00:00+00:00,98.39399719238281
2025-12-18 00:00:00+00:00,98.35399627685547
2025-12-18 01:00:00+00:00,98.4229965209961
2025-12-18 02:00:00+00:00,98.40799713134766
2025-12-18 03:00:00+00:00,98.41999816894531
2025-12-18 04:00:00+00:00,98.39700317382812
2025-12-18 05:00:00+00:00,98.37699890136719
2025-12-18 06:00:00+00:00,98.38999938964844
2025-12-18 07:00:00+00:00,98.43800354003906
2025-12-18 08:00:00+00:00,98.45700073242188
2025-12-18 09:00:00+00:00,98.53800201416016
2025-12-18 10:00:00+00:00,98.50599670410156
2025-12-18 11:00:00+00:00,98.51899719238281
2025-12-18 12:00:00+00:00,98.5260009765625
2025-12-18 13:00:00+00:00,98.28500366210938
2025-12-18 14:00:00+00:00,98.36000061035156
2025-12-18 15:00:00+00:00,98.40399932861328
2025-12-18 16:00:00+00:00,98.40699768066406
2025-12-18 17:00:00+00:00,98.47899627685547
2025-12-18 18:00:00+00:00,98.47200012207031
2025-12-18 19:00:00+00:00,98.427001953125
2025-12-18 20:00:00+00:00,98.45800018310547
2025-12-18 21:00:00+00:00,98.43800354003906
2025-12-18 22:00:00+00:00,98.43900299072266
2025-12-18 23:00:00+00:00,98.41799926757812
2025-12-19 00:00:00+00:00,98.43599700927734
2025-12-19 01:00:00+00:00,98.45600128173828
2025-12-19 02:00:00+00:00,98.48300170898438
2025-12-19 03:00:00+00:00,98.49400329589844
2025-12-19 04:00:00+00:00,98.53900146484375
2025-12-19 05:00:00+00:00,98.51499938964844
2025-12-19 06:00:00+00:00,98.51699829101562
2025-12-19 07:00:00+00:00,98.66799926757812
2025-12-19 08:00:00+00:00,98.64099884033203
2025-12-19 09:00:00+00:00,98.66400146484375
2025-12-19 10:00:00+00:00,98.65599822998047
2025-12-19 11:00:00+00:00,98.69499969482422
2025-12-19 12:00:00+00:00,98.68900299072266
2025-12-19 13:00:00+00:00,98.63999938964844
2025-12-19 14:00:00+00:00,98.58799743652344
2025-12-19 15:00:00+00:00,98.70600128173828
2025-12-19 16:00:00+00:00,98.62000274658203
2025-12-19 17:00:00+00:00,98.62699890136719
2025-12-19 18:00:00+00:00,98.62100219726562
2025-12-19 19:00:00+00:00,98.5989990234375
2025-12-19 20:00:00+00:00,98.71499633789062
2025-12-19 21:00:00+00:00,98.7239990234375
2025-12-21 23:00:00+00:00,98.6969985961914
2025-12-22 00:00:00+00:00,98.64900207519531
2025-12-22 01:00:00+00:00,98.61799621582031
2025-12-22 02:00:00+00:00,98.63600158691406
2025-12-22 03:00:00+00:00,98.62100219726562
2025-12-22 04:00:00+00:00,98.5979995727539
2025-12-22 05:00:00+00:00,98.62000274658203
2025-12-22 06:00:00+00:00,98.62899780273438
2025-12-22 07:00:00+00:00,98.54299926757812
2025-12-22 08:00:00+00:00,98.50499725341797
2025-12-22 09:00:00+00:00,98.51799774169922
2025-12-22 10:00:00+00:00,98.48899841308594
2025-12-22 11:00:00+00:00,98.47799682617188
2025-12-22 12:00:00+00:00,98.43599700927734
2025-12-22 13:00:00+00:00,98.36000061035156
2025-12-22 14:00:00+00:00,98.27200317382812
2025-12-22 15:00:00+00:00,98.24800109863281
2025-12-22 16:00:00+00:00,98.32099914550781
2025-12-22 17:00:00+00:00,98.24600219726562
2025-12-22 18:00:00+00:00,98.29499816894531
2025-12-22 19:00:00+00:00,98.28600311279297
2025-12-22 20:00:00+00:00,98.3010025024414
2025-12-22 21:00:00+00:00,98.26200103759766
2025-12-22 22:00:00+00:00,98.2760009765625
2025-12-22 23:00:00+00:00,98.23999786376953
2025-12-23 00:00:00+00:00,98.17500305175781
2025-12-23 01:00:00+00:00,98.13200378417969
2025-12-23 02:00:00+00:00,98.08799743652344
2025-12-23 03:00:00+00:00,98.07099914550781
2025-12-23 04:00:00+00:00,98.06400299072266
2025-12-23 05:00:00+00:00,98.06800079345703
2025-12-23 06:00:00+00:00,98.10900115966797
2025-12-23 07:00:00+00:00,98.0459976196289
2025-12-23 08:00:00+00:00,97.9800033569336
2025-12-23 09:00:00+00:00,97.91999816894531
2025-12-23 10:00:00+00:00,97.86699676513672
2025-12-23 11:00:00+00:00,97.90499877929688
2025-12-23 12:00:00+00:00,97.93199920654297
2025-12-23 13:00:00+00:00,98.05699920654297
2025-12-23 14:00:00+00:00,98.11399841308594
2025-12-23 15:00:00+00:00,98.06999969482422
2025-12-23 16:00:00+00:00,98.06199645996094
2025-12-23 17:00:00+00:00,98.08799743652344
2025-12-23 18:00:00+00:00,97.99500274658203
2025-12-23 19:00:00+00:00,97.94200134277344
2025-12-23 20:00:00+00:00,97.9530029296875
2025-12-23 21:00:00+00:00,97.90299987792969
2025-12-23 22:00:00+00:00,97.90499877929688
2025-12-23 23:00:00+00:00,97.88400268554688
2025-12-24 00:00:00+00:00,97.85600280761719
2025-12-24 01:00:00+00:00,97.7750015258789
2025-12-24 02:00:00+00:00,97.8219985961914
2025-12-24 03:00:00+00:00,97.91100311279297
2025-12-24 04:00:00+00:00,97.87999725341797
2025-12-24 14:30:00+00:00,97.93699645996094
2025-12-24 15:30:00+00:00,97.94499969482422
2025-12-24 16:30:00+00:00,97.95099639892578
2025-12-24 17:30:00+00:00,97.97599792480469
2025-12-26 05:00:00+00:00,97.95600128173828
2025-12-26 06:00:00+00:00,98.01499938964844
2025-12-26 07:00:00+00:00,98.05400085449219
2025-12-26 08:00:00+00:00,98.01499938964844
2025-12-26 09:00:00+00:00,98.08100128173828
2025-12-26 10:00:00+00:00,98.05400085449219
2025-12-26 11:00:00+00:00,98.02300262451172
2025-12-26 12:00:00+00:00,98.00900268554688
2025-12-26 13:00:00+00:00,97.90499877929688
2025-12-26 14:00:00+00:00,97.94999694824219
2025-12-26 15:00:00+00:00,97.99099731445312
2025-12-26 16:00:00+00:00,98.0999984741211
2025-12-26 17:00:00+00:00,98.06600189208984
2025-12-26 18:00:00+00:00,98.05500030517578
2025-12-26 19:00:00+00:00,98.02200317382812
2025-12-26 20:00:00+00:00,98.01699829101562
2025-12-26 21:00:00+00:00,98.05400085449219
2025-12-28 23:00:00+00:00,98.03399658203125
2025-12-29 00:00:00+00:00,97.97100067138672
2025-12-29 01:00:00+00:00,97.94499969482422
2025-12-29 02:00:00+00:00,98.00299835205078
2025-12-29 03:00:00+00:00,98.01100158691406
2025-12-29 04:00:00+00:00,98.06900024414062
2025-12-29 05:00:00+00:00,98.12100219726562
2025-12-29 06:00:00+00:00,98.03700256347656
2025-12-29 07:00:00+00:00,98.00399780273438
2025-12-29 08:00:00+00:00,97.98400115966797
2025-12-29 09:00:00+00:00,98.01899719238281
2025-12-29 10:00:00+00:00,98.0780029296875
2025-12-29 11:00:00+00:00,98.0979995727539
2025-12-29 12:00:00+00:00,98.1259994506836
2025-12-29 13:00:00+00:00,98.05999755859375
2025-12-29 14:00:00+00:00,97.96800231933594
2025-12-29 15:00:00+00:00,98.02899932861328
2025-12-29 16:00:00+00:00,98.11599731445312
2025-12-29 17:00:00+00:00,98.15799713134766
2025-12-29 18:00:00+00:00,98.12799835205078
2025-12-29 19:00:00+00:00,98.03700256347656
2025-12-29 20:00:00+00:00,98.03500366210938
2025-12-29 21:00:00+00:00,98.00700378417969
2025-12-29 22:00:00+00:00,98.04000091552734
2025-12-29 23:00:00+00:00,98.01399993896484
2025-12-30 00:00:00+00:00,98.03199768066406
2025-12-30 01:00:00+00:00,98.00800323486328
2025-12-30 02:00:00+00:00,98.03199768066406
2025-12-30 03:00:00+00:00,98.02899932861328
2025-12-30 04:00:00+00:00,97.98200225830078
2025-12-30 05:00:00+00:00,97.98600006103516
2025-12-30 06:00:00+00:00,97.96600341796875
2025-12-30 07:00:00+00:00,98.01499938964844
2025-12-30 08:00:00+00:00,98.03299713134766
2025-12-30 09:00:00+00:00,98.00800323486328
2025-12-30 10:00:00+00:00,97.9749984741211
2025-12-30 11:00:00+00:00,98.04199981689453
2025-12-30 12:00:00+00:00,98.08799743652344
2025-12-30 13:00:00+00:00,98.10800170898438
2025-12-30 14:00:00+00:00,98.12799835205078
2025-12-30 15:00:00+00:00,98.13999938964844
2025-12-30 16:00:00+00:00,98.0999984741211
2025-12-30 17:00:00+00:00,98.16400146484375
2025-12-30 18:00:00+00:00,98.20500183105469
2025-12-30 19:00:00+00:00,98.23799896240234
2025-12-30 20:00:00+00:00,98.25299835205078
2025-12-30 21:00:00+00:00,98.22000122070312
2025-12-30 22:00:00+00:00,98.22899627685547
2025-12-30 23:00:00+00:00,98.21700286865234
2025-12-31 00:00:00+00:00,98.22699737548828
2025-12-31 01:00:00+00:00,98.25700378417969
2025-12-31 02:00:00+00:00,98.2770004272461
2025-12-31 03:00:00+00:00,98.26100158691406
2025-12-31 04:00:00+00:00,98.3290023803711
2025-12-31 05:00:00+00:00,98.302001953125
2025-12-31 06:00:00+00:00,98.31199645996094
2025-12-31 07:00:00+00:00,98.31700134277344
2025-12-31 08:00:00+00:00,98.41799926757812
2025-12-31 09:00:00+00:00,98.3499984741211
2025-12-31 10:00:00+00:00,98.33100128173828
2025-12-31 11:00:00+00:00,98.25900268554688
2025-12-31 12:00:00+00:00,98.2020034790039
2025-12-31 13:00:00+00:00,98.30699920654297
2025-12-31 14:00:00+00:00,98.4000015258789
2025-12-31 15:00:00+00:00,98.29900360107422
2025-12-31 16:00:00+00:00,98.37100219726562
2025-12-31 17:00:00+00:00,98.36299896240234
2025-12-31 18:00:00+00:00,98.37100219726562
2025-12-31 19:00:00+00:00,98.3219985961914
2025-12-31 20:00:00+00:00,98.23699951171875
2025-12-31 21:00:00+00:00,98.2750015258789
2025-12-31 22:00:00+00:00,98.27899932861328
2025-12-31 23:00:00+00:00,98.28199768066406
2026-01-02 05:00:00+00:00,98.25900268554688
2026-01-02 06:00:00+00:00,98.30899810791016
2026-01-02 07:00:00+00:00,98.34500122070312
2026-01-02 08:00:00+00:00,98.38800048828125
2026-01-02 09:00:00+00:00,98.44400024414062
2026-01-02 10:00:00+00:00,98.44000244140625
2026-01-02 11:00:00+00:00,98.45500183105469
2026-01-02 12:00:00+00:00,98.44599914550781
2026-01-02 13:00:00+00:00,98.44300079345703
2026-01-02 14:00:00+00:00,98.39299774169922
2026-01-02 15:00:00+00:00,98.20899963378906
2026-01-02 16:00:00+00:00,98.3239974975586
2026-01-02 17:00:00+00:00,98.37699890136719
2026-01-02 18:00:00+00:00,98.46499633789062
2026-01-02 19:00:00+00:00,98.42400360107422
2026-01-02 20:00:00+00:00,98.4530029296875
2026-01-02 21:00:00+00:00,98.43299865722656
2026-01-04 23:00:00+00:00,98.55699920654297
2026-01-05 00:00:00+00:00,98.56600189208984
2026-01-05 01:00:00+00:00,98.58100128173828
2026-01-05 02:00:00+00:00,98.66799926757812
2026-01-05 03:00:00+00:00,98.7750015258789
2026-01-05 04:00:00+00:00,98.73500061035156
2026-01-05 05:00:00+00:00,98.7030029296875
2026-01-05 06:00:00+00:00,98.6510009765625
2026-01-05 07:00:00+00:00,98.69000244140625
2026-01-05 08:00:00+00:00,98.69200134277344
2026-01-05 09:00:00+00:00,98.69200134277344
2026-01-05 10:00:00+00:00,98.59100341796875
2026-01-05 11:00:00+00:00,98.63899993896484
2026-01-05 12:00:00+00:00,98.71399688720703
2026-01-05 13:00:00+00:00,98.72899627685547
2026-01-05 14:00:00+00:00,98.63200378417969
2026-01-05 15:00:00+00:00,98.46099853515625
2026-01-05 16:00:00+00:00,98.36299896240234
2026-01-05 17:00:00+00:00,98.36000061035156
2026-01-05 18:00:00+00:00,98.28399658203125
2026-01-05 19:00:00+00:00,98.2699966430664
2026-01-05 20:00:00+00:00,98.29100036621094
2026-01-05 21:00:00+00:00,98.3219985961914
2026-01-05 22:00:00+00:00,98.34600067138672
2026-01-05 23:00:00+00:00,98.35800170898438
2026-01-06 00:00:00+00:00,98.36399841308594
2026-01-06 01:00:00+00:00,98.2959976196289
2026-01-06 02:00:00+00:00,98.20600128173828
2026-01-06 03:00:00+00:00,98.22699737548828
2026-01-06 04:00:00+00:00,98.23400115966797
2026-01-06 05:00:00+00:00,98.27200317382812
2026-01-06 06:00:00+00:00,98.21700286865234
2026-01-06 07:00:00+00:00,98.26200103759766
2026-01-06 08:00:00+00:00,98.26499938964844
2026-01-06 09:00:00+00:00,98.37300109863281
2026-01-06 10:00:00+00:00,98.38099670410156
2026-01-06 11:00:00+00:00,98.43599700927734
2026-01-06 12:00:00+00:00,98.48300170898438
2026-01-06 13:00:00+00:00,98.4000015258789
2026-01-06 14:00:00+00:00,98.4020004272461
2026-01-06 15:00:00+00:00,98.53700256347656
2026-01-06 16:00:00+00:00,98.59700012207031
2026-01-06 17:00:00+00:00,98.51100158691406
2026-01-06 18:00:00+00:00,98.58499908447266
2026-01-06 19:00:00+00:00,98.58000183105469
2026-01-06 20:00:00+00:00,98.58300018310547
2026-01-06 21:00:00+00:00,98.5979995727539
2026-01-06 22:00:00+00:00,98.59300231933594
2026-01-06 23:00:00+00:00,98.59500122070312
2026-01-07 00:00:00+00:00,98.58200073242188
2026-01-07 01:00:00+00:00,98.55999755859375
2026-01-07 02:00:00+00:00,98.5469970703125
2026-01-07 03:00:00+00:00,98.52200317382812
2026-01-07 04:00:00+00:00,98.56600189208984
2026-01-07 05:00:00+00:00,98.54199981689453
2026-01-07 06:00:00+00:00,98.50900268554688
2026-01-07 07:00:00+00:00,98.63500213623047
2026-01-07 08:00:00+00:00,98.60600280761719
2026-01-07 09:00:00+00:00,98.61000061035156
2026-01-07 10:00:00+00:00,98.58399963378906
2026-01-07 11:00:00+00:00,98.5790023803711
2026-01-07 12:00:00+00:00,98.58499908447266
2026-01-07 13:00:00+00:00,98.54399871826172
2026-01-07 14:00:00+00:00,98.52300262451172
2026-01-07 15:00:00+00:00,98.63200378417969
2026-01-07 16:00:00+00:00,98.63099670410156
2026-01-07 17:00:00+00:00,98.62799835205078
2026-01-07 18:00:00+00:00,98.6709976196289
2026-01-07 19:00:00+00:00,98.68399810791016
2026-01-07 20:00:00+00:00,98.71099853515625
2026-01-07 21:00:00+00:00,98.73999786376953
2026-01-07 22:00:00+00:00,98.72000122070312
2026-01-07 23:00:00+00:00,98.7300033569336
2026-01-08 00:00:00+00:00,98.73699951171875
2026-01-08 01:00:00+00:00,98.75800323486328
2026-01-08 02:00:00+00:00,98.7229995727539
2026-01-08 03:00:00+00:00,98.70600128173828
2026-01-08 04:00:00+00:00,98.70999908447266
2026-01-08 05:00:00+00:00,98.6969985961914
2026-01-08 06:00:00+00:00,98.6969985961914
2026-01-08 07:00:00+00:00,98.73300170898438
2026-01-08 08:00:00+00:00,98.80799865722656
2026-01-08 09:00:00+00:00,98.7760009765625
2026-01-08 10:00:00+00:00,98.73200225830078
2026-01-08 11:00:00+00:00,98.75299835205078
2026-01-08 12:00:00+00:00,98.78099822998047
2026-01-08 13:00:00+00:00,98.87000274658203
2026-01-08 14:00:00+00:00,98.84600067138672
2026-01-08 15:00:00+00:00,98.8239974975586
2026-01-08 16:00:00+00:00,98.90299987792969
2026-01-08 17:00:00+00:00,98.91600036621094
2026-01-08 18:00:00+00:00,98.96600341796875
2026-01-08 19:00:00+00:00,98.93399810791016
2026-01-08 20:00:00+00:00,98.91899871826172
2026-01-08 21:00:00+00:00,98.86299896240234
2026-01-08 22:00:00+00:00,98.86699676513672
2026-01-08 23:00:00+00:00,98.84500122070312
2026-01-09 00:00:00+00:00,98.91799926757812
2026-01-09 01:00:00+00:00,98.96600341796875
2026-01-09 02:00:00+00:00,98.93499755859375
2026-01-09 03:00:00+00:00,98.927001953125
2026-01-09 04:00:00+00:00,98.93299865722656
2026-01-09 05:00:00+00:00,98.97200012207031
2026-01-09 06:00:00+00:00,98.98699951171875
2026-01-09 07:00:00+00:00,98.98100280761719
2026-01-09 08:00:00+00:00,99.01699829101562
2026-01-09 09:00:00+00:00,99.06300354003906
2026-01-09 10:00:00+00:00,99.03099822998047
2026-01-09 11:00:00+00:00,99.02300262451172
2026-01-09 12:00:00+00:00,99.05999755859375
2026-01-09 13:00:00+00:00,99.00900268554688
2026-01-09 14:00:00+00:00,99.11199951171875
2026-01-09 15:00:00+00:00,99.08499908447266
2026-01-09 16:00:00+00:00,99.14600372314453
2026-01-09 17:00:00+00:00,99.16600036621094
2026-01-09 18:00:00+00:00,99.14099884033203
2026-01-09 19:00:00+00:00,99.13300323486328
2026-01-09 20:00:00+00:00,99.13600158691406
2026-01-09 21:00:00+00:00,99.13800048828125
2026-01-11 23:00:00+00:00,99.23200225830078
2026-01-12 00:00:00+00:00,98.89700317382812
2026-01-12 01:00:00+00:00,98.97000122070312
2026-01-12 02:00:00+00:00,99.01300048828125
2026-01-12 03:00:00+00:00,99.01699829101562
2026-01-12 04:00:00+00:00,99.0199966430664
2026-01-12 05:00:00+00:00,98.91600036621094
2026-01-12 06:00:00+00:00,98.91300201416016
2026-01-12 07:00:00+00:00,98.7959976196289
2026-01-12 08:00:00+00:00,98.75900268554688
2026-01-12 09:00:00+00:00,98.81199645996094
2026-01-12 10:00:00+00:00,98.7750015258789
2026-01-12 11:00:00+00:00,98.8239974975586
2026-01-12 12:00:00+00:00,98.7969970703125
2026-01-12 13:00:00+00:00,98.71499633789062
2026-01-12 14:00:00+00:00,98.8239974975586
2026-01-12 15:00:00+00:00,98.79000091552734
2026-01-12 16:00:00+00:00,98.87699890136719
2026-01-12 17:00:00+00:00,98.87999725341797
2026-01-12 18:00:00+00:00,98.88999938964844
2026-01-12 19:00:00+00:00,98.86199951171875
2026-01-12 20:00:00+00:00,98.91400146484375
2026-01-12 21:00:00+00:00,98.9010009765625
2026-01-12 22:00:00+00:00,98.87899780273438
2026-01-12 23:00:00+00:00,98.89199829101562
2026-01-13 00:00:00+00:00,98.90499877929688
2026-01-13 01:00:00+00:00,98.96800231933594
2026-01-13 02:00:00+00:00,98.97200012207031
2026-01-13 03:00:00+00:00,98.98799896240234
2026-01-13 04:00:00+00:00,98.94300079345703
2026-01-13 05:00:00+00:00,98.95700073242188
2026-01-13 06:00:00+00:00,98.9800033569336
2026-01-13 07:00:00+00:00,98.9800033569336
2026-01-13 08:00:00+00:00,98.947998046875
2026-01-13 09:00:00+00:00,98.9219970703125
2026-01-13 10:00:00+00:00,98.95899963378906
2026-01-13 11:00:00+00:00,98.94599914550781
2026-01-13 12:00:00+00:00,99.03600311279297
2026-01-13 13:00:00+00:00,98.95099639892578
2026-01-13 14:00:00+00:00,98.99199676513672
2026-01-13 15:00:00+00:00,99.08300018310547
2026-01-13 16:00:00+00:00,99.14199829101562
2026-01-13 17:00:00+00:00,99.14800262451172
2026-01-13 18:00:00+00:00,99.0989990234375
2026-01-13 19:00:00+00:00,99.13400268554688
2026-01-13 20:00:00+00:00,99.1510009765625
2026-01-13 21:00:00+00:00,99.18699645996094
2026-01-13 22:00:00+00:00,99.16899871826172
2026-01-13 23:00:00+00:00,99.17400360107422
2026-01-14 00:00:00+00:00,99.18699645996094
2026-01-14 01:00:00+00:00,99.2300033569336
2026-01-14 02:00:00+00:00,99.17500305175781
2026-01-14 03:00:00+00:00,99.13600158691406
2026-01-14 04:00:00+00:00,99.16300201416016
2026-01-14 05:00:00+00:00,99.18800354003906
2026-01-14 06:00:00+00:00,99.11900329589844
2026-01-14 07:00:00+00:00,99.1449966430664
2026-01-14 08:00:00+00:00,99.12000274658203
2026-01-14 09:00:00+00:00,99.07499694824219
2026-01-14 10:00:00+00:00,99.02200317382812
2026-01-14 14:00:00+00:00,98.97599792480469
2026-01-14 15:00:00+00:00,98.94499969482422
2026-01-14 16:00:00+00:00,98.98500061035156
2026-01-14 17:00:00+00:00,99.05899810791016
2026-01-14 18:00:00+00:00,99.12200164794922
2026-01-14 19:00:00+00:00,99.13300323486328
2026-01-14 20:00:00+00:00,99.11199951171875
2026-01-14 21:00:00+00:00,99.07599639892578
2026-01-14 22:00:00+00:00,99.06500244140625
2026-01-14 23:00:00+00:00,99.05799865722656
2026-01-15 00:00:00+00:00,99.11599731445312
2026-01-15 01:00:00+00:00,99.10700225830078
2026-01-15 02:00:00+00:00,99.11900329589844
2026-01-15 03:00:00+00:00,99.13600158691406
2026-01-15 04:00:00+00:00,99.17400360107422
2026-01-15 05:00:00+00:00,99.15499877929688
2026-01-15 06:00:00+00:00,99.18299865722656
2026-01-15 07:00:00+00:00,99.19200134277344
2026-01-15 08:00:00+00:00,99.19200134277344
2026-01-15 09:00:00+00:00,99.10299682617188
2026-01-15 14:00:00+00:00,99.4280014038086
2026-01-15 15:00:00+00:00,99.37799835205078
2026-01-15 16:00:00+00:00,99.36599731445312
2026-01-15 17:00:00+00:00,99.34700012207031
2026-01-15 18:00:00+00:00,99.3030014038086
2026-01-15 19:00:00+00:00,99.32099914550781
2026-01-15 20:00:00+00:00,99.38999938964844
2026-01-15 21:00:00+00:00,99.35299682617188
2026-01-15 22:00:00+00:00,99.35700225830078
2026-01-15 23:00:00+00:00,99.3550033569336
2026-01-16 00:00:00+00:00,99.38700103759766
2026-01-16 01:00:00+00:00,99.36299896240234
2026-01-16 02:00:00+00:00,99.31600189208984
2026-01-16 03:00:00+00:00,99.2750015258789
2026-01-16 04:00:00+00:00,99.2969970703125
2026-01-16 05:00:00+00:00,99.33999633789062
2026-01-16 06:00:00+00:00,99.33000183105469
2026-01-16 07:00:00+00:00,99.29399871826172
2026-01-16 08:00:00+00:00,99.30999755859375
2026-01-16 09:00:00+00:00,99.30799865722656
2026-01-16 10:00:00+00:00,99.24700164794922
2026-01-16 14:00:00+00:00,99.23400115966797
2026-01-16 15:00:00+00:00,99.40599822998047
2026-01-16 16:00:00+00:00,99.375
2026-01-16 17:00:00+00:00,99.4020004272461
2026-01-16 18:00:00+00:00,99.40499877929688
2026-01-16 19:00:00+00:00,99.39299774169922
2026-01-16 20:00:00+00:00,99.37100219726562
2026-01-16 21:00:00+00:00,99.375
2026-01-18 23:00:00+00:00,99.14800262451172
2026-01-19 00:00:00+00:00,99.08999633789062
2026-01-19 01:00:00+00:00,99.177001953125
2026-01-19 02:00:00+00:00,99.2249984741211
2026-01-19 03:00:00+00:00,99.18599700927734
2026-01-19 04:00:00+00:00,99.13099670410156
2026-01-20 05:00:00+00:00,98.91899871826172
2026-01-20 06:00:00+00:00,98.9260025024414
2026-01-20 07:00:00+00:00,98.7509994506836
2026-01-20 08:00:00+00:00,98.5530014038086
2026-01-20 09:00:00+00:00,98.49400329589844
2026-01-20 10:00:00+00:00,98.45500183105469
2026-01-20 11:00:00+00:00,98.44100189208984
2026-01-20 12:00:00+00:00,98.52300262451172
2026-01-20 13:00:00+00:00,98.46900177001953
2026-01-20 14:00:00+00:00,98.572998046875
2026-01-20 15:00:00+00:00,98.50900268554688
2026-01-20 16:00:00+00:00,98.41799926757812
2026-01-20 17:00:00+00:00,98.48300170898438
2026-01-20 18:00:00+00:00,98.52999877929688
2026-01-20 19:00:00+00:00,98.64099884033203
2026-01-20 20:00:00+00:00,98.59400177001953
2026-01-20 21:00:00+00:00,98.552001953125
2026-01-20 22:00:00+00:00,98.56999969482422
2026-01-20 23:00:00+00:00,98.55799865722656
2026-01-21 00:00:00+00:00,98.55999755859375
2026-01-21 01:00:00+00:00,98.49500274658203
2026-01-21 02:00:00+00:00,98.51799774169922
2026-01-21 03:00:00+00:00,98.58200073242188
2026-01-21 04:00:00+00:00,98.58799743652344
2026-01-21 05:00:00+00:00,98.60299682617188
2026-01-21 06:00:00+00:00,98.55400085449219
2026-01-21 07:00:00+00:00,98.56900024414062
2026-01-21 08:00:00+00:00,98.61100006103516
2026-01-21 09:00:00+00:00,98.69400024414062
2026-01-21 10:00:00+00:00,98.66999816894531
2026-01-21 11:00:00+00:00,98.61199951171875
2026-01-21 12:00:00+00:00,98.44599914550781
2026-01-21 13:00:00+00:00,98.41100311279297
2026-01-21 14:00:00+00:00,98.50700378417969
2026-01-21 15:00:00+00:00,98.66699981689453
2026-01-21 16:00:00+00:00,98.66200256347656
2026-01-21 17:00:00+00:00,98.66100311279297
2026-01-21 18:00:00+00:00,98.71099853515625
2026-01-21 19:00:00+00:00,98.76100158691406
2026-01-21 20:00:00+00:00,98.78600311279297
2026-01-21 21:00:00+00:00,98.78099822998047
2026-01-21 22:00:00+00:00,98.78700256347656
2026-01-21 23:00:00+00:00,98.78900146484375
2026-01-22 00:00:00+00:00,98.76399993896484
2026-01-22 01:00:00+00:00,98.75900268554688
2026-01-22 02:00:00+00:00,98.79199981689453
2026-01-22 03:00:00+00:00,98.77200317382812
2026-01-22 04:00:00+00:00,98.76100158691406
2026-01-22 05:00:00+00:00,98.78700256347656
2026-01-22 06:00:00+00:00,98.79499816894531
2026-01-22 07:00:00+00:00,98.76799774169922
2026-01-22 08:00:00+00:00,98.78500366210938
2026-01-22 09:00:00+00:00,98.73300170898438
2026-01-22 10:00:00+00:00,98.71099853515625
2026-01-22 11:00:00+00:00,98.69300079345703
2026-01-22 12:00:00+00:00,98.69499969482422
2026-01-22 13:00:00+00:00,98.62200164794922
2026-01-22 14:00:00+00:00,98.5739974975586
2026-01-22 15:00:00+00:00,98.43900299072266
2026-01-22 16:00:00+00:00,98.39199829101562
2026-01-22 17:00:00+00:00,98.33300018310547
2026-01-22 18:00:00+00:00,98.31999969482422
2026-01-22 19:00:00+00:00,98.35900115966797
2026-01-22 20:00:00+00:00,98.3290023803711
2026-01-22 21:00:00+00:00,98.28700256347656
2026-01-22 22:00:00+00:00,98.28299713134766
2026-01-22 23:00:00+00:00,98.26599884033203
2026-01-23 00:00:00+00:00,98.33799743652344
2026-01-23 01:00:00+00:00,98.34200286865234
2026-01-23 02:00:00+00:00,98.37000274658203
2026-01-23 03:00:00+00:00,98.38400268554688
2026-01-23 04:00:00+00:00,98.33200073242188
2026-01-23 05:00:00+00:00,98.33300018310547
2026-01-23 06:00:00+00:00,98.41699981689453
2026-01-23 07:00:00+00:00,98.40699768066406
2026-01-23 08:00:00+00:00,98.35099792480469
2026-01-23 09:00:00+00:00,98.3479995727539
2026-01-23 10:00:00+00:00,98.36699676513672
2026-01-23 11:00:00+00:00,98.34200286865234
2026-01-23 12:00:00+00:00,98.2969970703125
2026-01-23 13:00:00+00:00,98.35399627685547
2026-01-23 14:00:00+00:00,98.27799987792969
2026-01-23 15:00:00+00:00,98.15899658203125
2026-01-23 16:00:00+00:00,98.0199966430664
2026-01-23 17:00:00+00:00,97.76499938964844
2026-01-23 18:00:00+00:00,97.75299835205078
2026-01-23 19:00:00+00:00,97.5989990234375
2026-01-23 20:00:00+00:00,97.51399993896484
2026-01-23 21:00:00+00:00,97.45600128173828
2026-01-25 23:00:00+00:00,97.2300033569336
2026-01-26 00:00:00+00:00,97.1729965209961
2026-01-26 01:00:00+00:00,97.16000366210938
2026-01-26 02:00:00+00:00,97.06600189208984
2026-01-26 03:00:00+00:00,97.11799621582031
2026-01-26 04:00:00+00:00,97.10700225830078
2026-01-26 05:00:00+00:00,97.08499908447266
2026-01-26 06:00:00+00:00,97.17900085449219
2026-01-26 07:00:00+00:00,97.2699966430664
2026-01-26 08:00:00+00:00,97.14199829101562
2026-01-26 09:00:00+00:00,97.05599975585938
2026-01-26 10:00:00+00:00,97.07499694824219
2026-01-26 11:00:00+00:00,97.12000274658203
2026-01-26 12:00:00+00:00,97.25900268554688
2026-01-26 13:00:00+00:00,97.17500305175781
2026-01-26 14:00:00+00:00,96.97699737548828
2026-01-26 15:00:00+00:00,96.875
2026-01-26 16:00:00+00:00,96.9540023803711
2026-01-26 17:00:00+00:00,97.01499938964844
2026-01-26 18:00:00+00:00,97.02999877929688
2026-01-26 19:00:00+00:00,97.04000091552734
2026-01-26 20:00:00+00:00,97.02200317382812
2026-01-26 21:00:00+00:00,97.04399871826172
2026-01-26 22:00:00+00:00,97.05699920654297
2026-01-26 23:00:00+00:00,97.05699920654297
2026-01-27 00:00:00+00:00,97.0790023803711
2026-01-27 01:00:00+00:00,97.0739974975586
2026-01-27 02:00:00+00:00,96.96399688720703
2026-01-27 03:00:00+00:00,97.07499694824219
2026-01-27 04:00:00+00:00,97.14099884033203
2026-01-27 05:00:00+00:00,97.10700225830078
2026-01-27 06:00:00+00:00,97.13300323486328
2026-01-27 07:00:00+00:00,97.19200134277344
2026-01-27 08:00:00+00:00,97.20500183105469
2026-01-27 09:00:00+00:00,96.92900085449219
2026-01-27 10:00:00+00:00,96.92900085449219
2026-01-27 11:00:00+00:00,96.88200378417969
2026-01-27 12:00:00+00:00,96.62100219726562
2026-01-27 13:00:00+00:00,96.63700103759766
2026-01-27 14:00:00+00:00,96.47000122070312
2026-01-27 15:00:00+00:00,96.4229965209961
2026-01-27 16:00:00+00:00,96.22799682617188
2026-01-27 17:00:00+00:00,96.19000244140625
2026-01-27 18:00:00+00:00,96.21399688720703
2026-01-27 19:00:00+00:00,96.21700286865234
2026-01-27 20:00:00+00:00,95.84200286865234
2026-01-27 21:00:00+00:00,95.75399780273438
2026-01-27 22:00:00+00:00,95.76100158691406
2026-01-27 23:00:00+00:00,95.81600189208984
2026-01-28 00:00:00+00:00,95.97599792480469
2026-01-28 01:00:00+00:00,96.14700317382812
2026-01-28 02:00:00+00:00,96.10299682617188
2026-01-28 03:00:00+00:00,96.09500122070312
2026-01-28 04:00:00+00:00,96.0479965209961
2026-01-28 05:00:00+00:00,96.06500244140625
2026-01-28 06:00:00+00:00,96.0790023803711
2026-01-28 07:00:00+00:00,96.10600280761719
2026-01-28 08:00:00+00:00,96.177001953125
2026-01-28 09:00:00+00:00,96.13300323486328
2026-01-28 10:00:00+00:00,96.10600280761719
2026-01-28 11:00:00+00:00,96.25
2026-01-28 12:00:00+00:00,96.15399932861328
2026-01-28 13:00:00+00:00,96.3239974975586
2026-01-28 14:00:00+00:00,96.27100372314453
2026-01-28 15:00:00+00:00,96.4260025024414
2026-01-28 16:00:00+00:00,96.47799682617188
2026-01-28 17:00:00+00:00,96.45700073242188
2026-01-28 18:00:00+00:00,96.6050033569336
2026-01-28 19:00:00+00:00,96.44599914550781
2026-01-28 20:00:00+00:00,96.39399719238281
2026-01-28 21:00:00+00:00,96.34600067138672
2026-01-28 22:00:00+00:00,96.34200286865234
2026-01-28 23:00:00+00:00,96.33599853515625
2026-01-29 00:00:00+00:00,96.18199920654297
2026-01-29 01:00:00+00:00,96.29000091552734
2026-01-29 02:00:00+00:00,96.1969985961914
2026-01-29 03:00:00+00:00,96.07599639892578
2026-01-29 04:00:00+00:00,96.05699920654297
2026-01-29 05:00:00+00:00,96.10800170898438
2026-01-29 06:00:00+00:00,96.08399963378906
2026-01-29 07:00:00+00:00,96.18399810791016
2026-01-29 08:00:00+00:00,96.23799896240234
2026-01-29 09:00:00+00:00,96.31999969482422
2026-01-29 10:00:00+00:00,96.43199920654297
2026-01-29 11:00:00+00:00,96.38800048828125
2026-01-29 12:00:00+00:00,96.26200103759766
2026-01-29 13:00:00+00:00,96.3030014038086
2026-01-29 14:00:00+00:00,96.17500305175781
2026-01-29 15:00:00+00:00,96.4530029296875
2026-01-29 16:00:00+00:00,96.33499908447266
2026-01-29 17:00:00+00:00,96.25900268554688
2026-01-29 18:00:00+00:00,96.23999786376953
2026-01-29 19:00:00+00:00,96.28299713134766
2026-01-29 20:00:00+00:00,96.2020034790039
2026-01-29 21:00:00+00:00,96.15799713134766
2026-01-29 22:00:00+00:00,96.16000366210938
2026-01-29 23:00:00+00:00,96.16400146484375
2026-01-30 00:00:00+00:00,96.44300079345703
2026-01-30 01:00:00+00:00,96.5719985961914
2026-01-30 02:00:00+00:00,96.56800079345703
2026-01-30 03:00:00+00:00,96.572998046875
2026-01-30 04:00:00+00:00,96.5530014038086
2026-01-30 05:00:00+00:00,96.55000305175781
2026-01-30 06:00:00+00:00,96.59200286865234
2026-01-30 07:00:00+00:00,96.46299743652344
2026-01-30 08:00:00+00:00,96.49299621582031
2026-01-30 09:00:00+00:00,96.6969985961914
2026-01-30 10:00:00+00:00,96.61199951171875
2026-01-30 11:00:00+00:00,96.37300109863281
2026-01-30 12:00:00+00:00,96.58000183105469
2026-01-30 13:00:00+00:00,96.677001953125
2026-01-30 14:00:00+00:00,96.7020034790039
2026-01-30 15:00:00+00:00,96.79100036621094
2026-02-02 18:00:00+00:00,97.69999694824219
2026-02-02 19:00:00+00:00,97.63200378417969
2026-02-02 20:00:00+00:00,97.59700012207031
2026-02-02 21:00:00+00:00,97.60800170898438
2026-02-02 22:00:00+00:00,97.61000061035156
2026-02-02 23:00:00+00:00,97.60399627685547
2026-02-03 00:00:00+00:00,97.48400115966797
2026-02-03 01:00:00+00:00,97.43900299072266
2026-02-03 02:00:00+00:00,97.53199768066406
2026-02-03 03:00:00+00:00,97.45600128173828
2026-02-03 04:00:00+00:00,97.45600128173828
2026-02-03 05:00:00+00:00,97.45700073242188
2026-02-03 06:00:00+00:00,97.42500305175781
2026-02-03 07:00:00+00:00,97.39800262451172
2026-02-03 08:00:00+00:00,97.44300079345703
2026-02-03 09:00:00+00:00,97.61299896240234
2026-02-03 10:00:00+00:00,97.65499877929688
2026-02-03 11:00:00+00:00,97.6520004272461
2026-02-03 12:00:00+00:00,97.552001953125
2026-02-03 13:00:00+00:00,97.56900024414062
2026-02-03 14:00:00+00:00,97.58799743652344
2026-02-03 15:00:00+00:00,97.40799713134766
2026-02-03 16:00:00+00:00,97.38400268554688
2026-02-03 17:00:00+00:00,97.40599822998047
2026-02-03 18:00:00+00:00,97.4520034790039
2026-02-03 19:00:00+00:00,97.43699645996094
2026-02-03 20:00:00+00:00,97.37100219726562
2026-02-03 21:00:00+00:00,97.38800048828125
2026-02-03 22:00:00+00:00,97.39199829101562
2026-02-03 23:00:00+00:00,97.38099670410156
2026-02-04 00:00:00+00:00,97.44200134277344
2026-02-04 01:00:00+00:00,97.37000274658203
2026-02-04 02:00:00+00:00,97.41500091552734
2026-02-04 03:00:00+00:00,97.38800048828125
2026-02-04 04:00:00+00:00,97.322998046875
2026-02-04 05:00:00+00:00,97.33699798583984
2026-02-04 06:00:00+00:00,97.36199951171875
2026-02-04 07:00:00+00:00,97.36299896240234
2026-02-04 08:00:00+00:00,97.37300109863281
2026-02-04 09:00:00+00:00,97.50199890136719
2026-02-04 10:00:00+00:00,97.5250015258789
2026-02-04 11:00:00+00:00,97.54499816894531
2026-02-04 12:00:00+00:00,97.45800018310547
2026-02-04 13:00:00+00:00,97.447998046875
2026-02-04 14:00:00+00:00,97.50900268554688
2026-02-04 15:00:00+00:00,97.6729965209961
2026-02-04 16:00:00+00:00,97.62899780273438
2026-02-04 17:00:00+00:00,97.68000030517578
2026-02-04 18:00:00+00:00,97.66899871826172
2026-02-04 19:00:00+00:00,97.61599731445312
2026-02-04 20:00:00+00:00,97.66400146484375
2026-02-04 21:00:00+00:00,97.63800048828125
2026-02-04 22:00:00+00:00,97.63800048828125
2026-02-04 23:00:00+00:00,97.64299774169922
2026-02-05 00:00:00+00:00,97.63899993896484
2026-02-05 01:00:00+00:00,97.65499877929688
2026-02-05 02:00:00+00:00,97.79499816894531
2026-02-05 03:00:00+00:00,97.76699829101562
2026-02-05 04:00:00+00:00,97.76799774169922
2026-02-05 05:00:00+00:00,97.78199768066406
2026-02-05 06:00:00+00:00,97.78199768066406
2026-02-05 07:00:00+00:00,97.74199676513672
2026-02-05 08:00:00+00:00,97.7300033569336
2026-02-05 09:00:00+00:00,97.91100311279297
2026-02-05 10:00:00+00:00,97.84600067138672
2026-02-05 11:00:00+00:00,97.77999877929688
2026-02-05 12:00:00+00:00,97.76200103759766
2026-02-05 13:00:00+00:00,97.6500015258789
2026-02-05 14:00:00+00:00,97.79299926757812
2026-02-05 15:00:00+00:00,97.8479995727539
2026-02-05 16:00:00+00:00,97.7699966430664
2026-02-05 17:00:00+00:00,97.76499938964844
2026-02-05 18:00:00+00:00,97.81999969482422
2026-02-05 19:00:00+00:00,97.8239974975586
2026-02-05 20:00:00+00:00,97.93099975585938
2026-02-05 21:00:00+00:00,97.96499633789062
2026-02-05 22:00:00+00:00,97.93699645996094
2026-02-05 23:00:00+00:00,97.94599914550781
2026-02-06 00:00:00+00:00,97.9010009765625
2026-02-06 01:00:00+00:00,97.87799835205078
2026-02-06 02:00:00+00:00,97.86100006103516
2026-02-06 03:00:00+00:00,97.86299896240234
2026-02-06 04:00:00+00:00,97.8010025024414
2026-02-06 05:00:00+00:00,97.7760009765625
2026-02-06 06:00:00+00:00,97.77799987792969
2026-02-06 07:00:00+00:00,97.84100341796875
2026-02-06 08:00:00+00:00,97.8489990234375
2026-02-06 09:00:00+00:00,97.83599853515625
2026-02-06 10:00:00+00:00,97.822998046875
2026-02-06 11:00:00+00:00,97.83300018310547
2026-02-06 12:00:00+00:00,97.81199645996094
2026-02-06 13:00:00+00:00,97.6989974975586
2026-02-06 14:00:00+00:00,97.59300231933594
2026-02-06 15:00:00+00:00,97.61199951171875
2026-02-06 16:00:00+00:00,97.66999816894531
2026-02-06 17:00:00+00:00,97.60600280761719
2026-02-06 18:00:00+00:00,97.62799835205078
2026-02-06 19:00:00+00:00,97.63300323486328
2026-02-06 20:00:00+00:00,97.61199951171875
2026-02-06 21:00:00+00:00,97.68099975585938
2026-02-08 23:00:00+00:00,97.61299896240234
2026-02-09 00:00:00+00:00,97.55599975585938
2026-02-09 01:00:00+00:00,97.5719985961914
2026-02-09 02:00:00+00:00,97.61599731445312
2026-02-09 03:00:00+00:00,97.62999725341797
2026-02-09 04:00:00+00:00,97.56600189208984
2026-02-09 05:00:00+00:00,97.51399993896484
2026-02-09 06:00:00+00:00,97.3949966430664
2026-02-09 07:00:00+00:00,97.38500213623047
2026-02-09 08:00:00+00:00,97.35099792480469
2026-02-09 09:00:00+00:00,97.36799621582031
2026-02-09 10:00:00+00:00,97.375
2026-02-09 11:00:00+00:00,97.28099822998047
2026-02-09 12:00:00+00:00,97.16000366210938
2026-02-09 13:00:00+00:00,97.00399780273438
2026-02-09 14:00:00+00:00,96.89199829101562
2026-02-09 15:00:00+00:00,96.8949966430664
2026-02-09 16:00:00+00:00,97.00700378417969
2026-02-09 17:00:00+00:00,96.93000030517578
2026-02-09 18:00:00+00:00,96.86399841308594
2026-02-09 19:00:00+00:00,96.81600189208984
2026-02-09 20:00:00+00:00,96.86100006103516
2026-02-09 21:00:00+00:00,96.85399627685547
2026-02-09 22:00:00+00:00,96.87200164794922
2026-02-09 23:00:00+00:00,96.87000274658203
2026-02-10 00:00:00+00:00,96.9530029296875
2026-02-10 01:00:00+00:00,96.90599822998047
2026-02-10 02:00:00+00:00,96.8219985961914
2026-02-10 03:00:00+00:00,96.83899688720703
2026-02-10 04:00:00+00:00,96.8499984741211
2026-02-10 05:00:00+00:00,96.86799621582031
2026-02-10 06:00:00+00:00,96.91000366210938
2026-02-10 07:00:00+00:00,96.89700317382812
2026-02-10 08:00:00+00:00,96.88999938964844
2026-02-10 09:00:00+00:00,96.83799743652344
2026-02-10 10:00:00+00:00,96.8479995727539
2026-02-10 11:00:00+00:00,96.89299774169922
2026-02-10 12:00:00+00:00,96.92500305175781
2026-02-10 13:00:00+00:00,96.80599975585938
2026-02-10 14:00:00+00:00,96.7020034790039
2026-02-10 15:00:00+00:00,96.69400024414062
2026-02-10 16:00:00+00:00,96.80599975585938
2026-02-10 17:00:00+00:00,96.84100341796875
2026-02-10 18:00:00+00:00,96.88600158691406
2026-02-10 19:00:00+00:00,96.79900360107422
2026-02-10 20:00:00+00:00,96.85800170898438
2026-02-10 21:00:00+00:00,96.86199951171875
2026-02-10 22:00:00+00:00,96.87799835205078
2026-02-10 23:00:00+00:00,96.89299774169922
2026-02-11 00:00:00+00:00,96.81900024414062
2026-02-11 01:00:00+00:00,96.80000305175781
2026-02-11 02:00:00+00:00,96.68299865722656
2026-02-11 03:00:00+00:00,96.6500015258789
2026-02-11 04:00:00+00:00,96.65399932861328
2026-02-11 05:00:00+00:00,96.56300354003906
2026-02-11 06:00:00+00:00,96.58999633789062
2026-02-11 07:00:00+00:00,96.57499694824219
2026-02-11 08:00:00+00:00,96.55999755859375
2026-02-11 09:00:00+00:00,96.5530014038086
2026-02-11 10:00:00+00:00,96.53099822998047
2026-02-11 11:00:00+00:00,96.6520004272461
2026-02-11 12:00:00+00:00,96.72899627685547
2026-02-11 13:00:00+00:00,97.00499725341797
2026-02-11 14:00:00+00:00,96.9739990234375
2026-02-11 15:00:00+00:00,97.03700256347656
2026-02-11 16:00:00+00:00,96.80699920654297
2026-02-11 17:00:00+00:00,96.76499938964844
2026-02-11 18:00:00+00:00,96.78299713134766
2026-02-11 19:00:00+00:00,96.83399963378906
2026-02-11 20:00:00+00:00,96.92500305175781
2026-02-11 21:00:00+00:00,96.9209976196289
2026-02-11 22:00:00+00:00,96.89299774169922
2026-02-11 23:00:00+00:00,96.90799713134766
2026-02-12 00:00:00+00:00,96.87300109863281
2026-02-12 01:00:00+00:00,96.81999969482422
2026-02-12 02:00:00+00:00,96.802001953125
2026-02-12 03:00:00+00:00,96.85600280761719
2026-02-12 04:00:00+00:00,96.93699645996094
2026-02-12 05:00:00+00:00,96.9489974975586
2026-02-12 06:00:00+00:00,96.9990005493164
2026-02-12 07:00:00+00:00,96.88200378417969
2026-02-12 08:00:00+00:00,96.83699798583984
2026-02-12 09:00:00+00:00,96.77200317382812
2026-02-12 10:00:00+00:00,96.84600067138672
2026-02-12 11:00:00+00:00,96.80000305175781
2026-02-12 12:00:00+00:00,96.93800354003906
2026-02-12 13:00:00+00:00,96.81199645996094
2026-02-12 14:00:00+00:00,96.80400085449219
2026-02-12 15:00:00+00:00,96.77400207519531
2026-02-12 16:00:00+00:00,96.9010009765625
2026-02-12 17:00:00+00:00,96.96199798583984
2026-02-12 18:00:00+00:00,96.97599792480469
2026-02-12 19:00:00+00:00,96.92500305175781
2026-02-12 20:00:00+00:00,96.91300201416016
2026-02-12 21:00:00+00:00,96.90699768066406
2026-02-12 22:00:00+00:00,96.89600372314453
2026-02-12 23:00:00+00:00,96.9209976196289
2026-02-13 00:00:00+00:00,96.90399932861328
2026-02-13 01:00:00+00:00,96.98100280761719
2026-02-13 02:00:00+00:00,96.95700073242188
2026-02-13 03:00:00+00:00,96.95999908447266
2026-02-13 04:00:00+00:00,97.01899719238281
2026-02-13 05:00:00+00:00,97.0479965209961
2026-02-13 06:00:00+00:00,97.0790023803711
2026-02-13 07:00:00+00:00,97.0530014038086
2026-02-13 08:00:00+00:00,97.01899719238281
2026-02-13 09:00:00+00:00,97.0250015258789
2026-02-13 10:00:00+00:00,97.06300354003906
2026-02-13 11:00:00+00:00,97.06099700927734
2026-02-13 12:00:00+00:00,97.02899932861328
2026-02-13 13:00:00+00:00,96.89399719238281
2026-02-13 14:00:00+00:00,96.99299621582031
2026-02-13 15:00:00+00:00,97.08699798583984
2026-02-13 16:00:00+00:00,96.91400146484375
2026-02-13 17:00:00+00:00,96.86299896240234
2026-02-13 18:00:00+00:00,96.86499786376953
2026-02-13 19:00:00+00:00,96.91500091552734
2026-02-13 20:00:00+00:00,96.86000061035156
2026-02-13 21:00:00+00:00,96.88200378417969
2026-02-15 23:00:00+00:00,96.91400146484375
2026-02-16 00:00:00+00:00,96.9729995727539
2026-02-16 01:00:00+00:00,96.93599700927734
2026-02-16 02:00:00+00:00,96.93900299072266
2026-02-16 03:00:00+00:00,96.93299865722656
2026-02-16 04:00:00+00:00,96.9800033569336
2026-02-17 05:00:00+00:00,97.11199951171875
2026-02-17 06:00:00+00:00,97.09500122070312
2026-02-17 07:00:00+00:00,97.22100067138672
2026-02-17 08:00:00+00:00,97.11900329589844
2026-02-17 09:00:00+00:00,97.10199737548828
2026-02-17 10:00:00+00:00,97.12899780273438
2026-02-17 11:00:00+00:00,97.23500061035156
2026-02-17 12:00:00+00:00,97.2699966430664
2026-02-17 13:00:00+00:00,97.35399627685547
2026-02-17 14:00:00+00:00,97.37899780273438
2026-02-17 15:00:00+00:00,97.49700164794922
2026-02-17 16:00:00+00:00,97.31500244140625
2026-02-17 17:00:00+00:00,97.24700164794922
2026-02-17 18:00:00+00:00,97.16600036621094
2026-02-17 19:00:00+00:00,97.15499877929688
2026-02-17 20:00:00+00:00,97.14199829101562
2026-02-17 21:00:00+00:00,97.11499786376953
2026-02-17 22:00:00+00:00,97.12999725341797
2026-02-17 23:00:00+00:00,97.10700225830078
2026-02-18 00:00:00+00:00,97.15699768066406
2026-02-18 01:00:00+00:00,97.18900299072266
2026-02-18 02:00:00+00:00,97.20899963378906
2026-02-18 03:00:00+00:00,97.24400329589844
2026-02-18 04:00:00+00:00,97.23799896240234
2026-02-18 05:00:00+00:00,97.2020034790039
2026-02-18 06:00:00+00:00,97.19400024414062
2026-02-18 07:00:00+00:00,97.28299713134766
2026-02-18 08:00:00+00:00,97.302001953125
2026-02-18 09:00:00+00:00,97.26100158691406
2026-02-18 10:00:00+00:00,97.302001953125
2026-02-18 11:00:00+00:00,97.25800323486328
2026-02-18 12:00:00+00:00,97.22899627685547
2026-02-18 13:00:00+00:00,97.37000274658203
2026-02-18 14:00:00+00:00,97.46499633789062
2026-02-18 15:00:00+00:00,97.41000366210938
2026-02-18 16:00:00+00:00,97.51300048828125
2026-02-18 17:00:00+00:00,97.55699920654297
2026-02-18 18:00:00+00:00,97.66699981689453
2026-02-18 19:00:00+00:00,97.7030029296875
2026-02-18 20:00:00+00:00,97.73200225830078
2026-02-18 21:00:00+00:00,97.73999786376953
2026-02-18 22:00:00+00:00,97.71199798583984
2026-02-18 23:00:00+00:00,97.69599914550781
2026-02-19 00:00:00+00:00,97.7020034790039
2026-02-19 01:00:00+00:00,97.68299865722656
2026-02-19 02:00:00+00:00,97.70500183105469
2026-02-19 03:00:00+00:00,97.72799682617188
2026-02-19 04:00:00+00:00,97.73899841308594
2026-02-19 05:00:00+00:00,97.74700164794922
2026-02-19 06:00:00+00:00,97.66400146484375
2026-02-19 07:00:00+00:00,97.63099670410156
2026-02-19 08:00:00+00:00,97.61799621582031
2026-02-19 09:00:00+00:00,97.63200378417969
2026-02-19 10:00:00+00:00,97.7040023803711
2026-02-19 11:00:00+00:00,97.76699829101562
2026-02-19 12:00:00+00:00,97.85299682617188
2026-02-19 13:00:00+00:00,97.87300109863281
2026-02-19 14:00:00+00:00,98.00199890136719
2026-02-19 15:00:00+00:00,97.9020004272461
2026-02-19 16:00:00+00:00,97.9280014038086
2026-02-19 17:00:00+00:00,97.9020004272461
2026-02-19 18:00:00+00:00,97.86599731445312
2026-02-19 19:00:00+00:00,97.92500305175781
2026-02-19 20:00:00+00:00,97.88200378417969
2026-02-19 21:00:00+00:00,97.83399963378906
2026-02-19 22:00:00+00:00,97.83999633789062
2026-02-19 23:00:00+00:00,97.81900024414062
2026-02-20 00:00:00+00:00,97.86799621582031
2026-02-20 01:00:00+00:00,97.95700073242188
2026-02-20 02:00:00+00:00,97.99099731445312
2026-02-20 03:00:00+00:00,97.96499633789062
2026-02-20 04:00:00+00:00,97.99299621582031
2026-02-20 05:00:00+00:00,97.97699737548828
2026-02-20 06:00:00+00:00,97.95899963378906
2026-02-20 07:00:00+00:00,98.01799774169922
2026-02-20 08:00:00+00:00,97.96199798583984
2026-02-20 09:00:00+00:00,97.9020004272461
2026-02-20 10:00:00+00:00,97.89900207519531
2026-02-20 11:00:00+00:00,97.88600158691406
2026-02-20 12:00:00+00:00,97.9010009765625
2026-02-20 13:00:00+00:00,97.88899993896484
2026-02-20 14:00:00+00:00,97.90699768066406
2026-02-20 15:00:00+00:00,97.71199798583984
2026-02-20 16:00:00+00:00,97.77999877929688
2026-02-20 17:00:00+00:00,97.7770004272461
2026-02-20 18:00:00+00:00,97.74199676513672
2026-02-20 19:00:00+00:00,97.7959976196289
2026-02-20 20:00:00+00:00,97.75800323486328
2026-02-20 21:00:00+00:00,97.78900146484375
2026-02-22 23:00:00+00:00,97.38400268554688
2026-02-23 00:00:00+00:00,97.37699890136719
2026-02-23 01:00:00+00:00,97.4260025024414
2026-02-23 02:00:00+00:00,97.41400146484375
2026-02-23 03:00:00+00:00,97.44999694824219
2026-02-23 04:00:00+00:00,97.4749984741211
2026-02-23 05:00:00+00:00,97.48799896240234
2026-02-23 06:00:00+00:00,97.4520034790039
2026-02-23 07:00:00+00:00,97.46099853515625
2026-02-23 08:00:00+00:00,97.56099700927734
2026-02-23 09:00:00+00:00,97.63400268554688
2026-02-23 10:00:00+00:00,97.65299987792969
2026-02-23 11:00:00+00:00,97.75900268554688
2026-02-23 12:00:00+00:00,97.79100036621094
2026-02-23 13:00:00+00:00,97.65899658203125
2026-02-23 14:00:00+00:00,97.58000183105469
2026-02-23 15:00:00+00:00,97.65299987792969
2026-02-23 16:00:00+00:00,97.58599853515625
2026-02-23 17:00:00+00:00,97.63400268554688
2026-02-23 18:00:00+00:00,97.64299774169922
2026-02-23 19:00:00+00:00,97.70600128173828
2026-02-23 20:00:00+00:00,97.7249984741211
2026-02-23 21:00:00+00:00,97.73699951171875
2026-02-23 22:00:00+00:00,97.72200012207031
2026-02-23 23:00:00+00:00,97.69599914550781
2026-02-24 00:00:00+00:00,97.74099731445312
2026-02-24 01:00:00+00:00,97.79900360107422
2026-02-24 02:00:00+00:00,97.76200103759766
2026-02-24 03:00:00+00:00,97.84300231933594
2026-02-24 04:00:00+00:00,97.89299774169922
2026-02-24 05:00:00+00:00,97.81600189208984
2026-02-24 06:00:00+00:00,97.7969970703125
2026-02-24 07:00:00+00:00,97.91600036621094
2026-02-24 08:00:00+00:00,97.8550033569336
2026-02-24 09:00:00+00:00,97.81099700927734
2026-02-24 10:00:00+00:00,97.83799743652344
2026-02-24 11:00:00+00:00,97.87300109863281
2026-02-24 12:00:00+00:00,97.87200164794922
2026-02-24 13:00:00+00:00,97.93800354003906
2026-02-24 14:00:00+00:00,97.91200256347656
2026-02-24 15:00:00+00:00,97.89199829101562
2026-02-24 16:00:00+00:00,97.76200103759766
2026-02-24 17:00:00+00:00,97.79299926757812
2026-02-24 18:00:00+00:00,97.84100341796875
2026-02-24 19:00:00+00:00,97.84300231933594
2026-02-24 20:00:00+00:00,97.8759994506836
2026-02-24 21:00:00+00:00,97.89900207519531
2026-02-24 22:00:00+00:00,97.8759994506836
2026-02-24 23:00:00+00:00,97.88200378417969
2026-02-25 00:00:00+00:00,97.83200073242188
2026-02-25 01:00:00+00:00,97.83799743652344
2026-02-25 02:00:00+00:00,97.71199798583984
2026-02-25 03:00:00+00:00,97.76699829101562
2026-02-25 04:00:00+00:00,97.72599792480469
2026-02-25 05:00:00+00:00,97.6729965209961
2026-02-25 06:00:00+00:00,97.65599822998047
2026-02-25 07:00:00+00:00,97.7249984741211
2026-02-25 08:00:00+00:00,97.81300354003906
2026-02-25 09:00:00+00:00,97.84100341796875
2026-02-25 10:00:00+00:00,97.91799926757812
2026-02-25 11:00:00+00:00,97.96600341796875
2026-02-25 12:00:00+00:00,97.86900329589844
2026-02-25 13:00:00+00:00,97.96399688720703
2026-02-25 14:00:00+00:00,97.86900329589844
2026-02-25 15:00:00+00:00,97.73899841308594
2026-02-25 16:00:00+00:00,97.7040023803711
2026-02-25 17:00:00+00:00,97.68000030517578
2026-02-25 18:00:00+00:00,97.7030029296875
2026-02-25 19:00:00+00:00,97.69999694824219
2026-02-25 20:00:00+00:00,97.69599914550781
2026-02-25 21:00:00+00:00,97.66300201416016
2026-02-25 22:00:00+00:00,97.65299987792969
2026-02-25 23:00:00+00:00,97.64299774169922
2026-02-26 00:00:00+00:00,97.5739974975586
2026-02-26 01:00:00+00:00,97.50299835205078
2026-02-26 02:00:00+00:00,97.5790023803711
2026-02-26 03:00:00+00:00,97.59200286865234
2026-02-26 04:00:00+00:00,97.58300018310547
2026-02-26 05:00:00+00:00,97.56999969482422
2026-02-26 06:00:00+00:00,97.5770034790039
2026-02-26 07:00:00+00:00,97.60199737548828
2026-02-26 08:00:00+00:00,97.7030029296875
2026-02-26 09:00:00+00:00,97.73999786376953
2026-02-26 10:00:00+00:00,97.7249984741211
2026-02-26 11:00:00+00:00,97.73899841308594
2026-02-26 12:00:00+00:00,97.66799926757812
2026-02-26 13:00:00+00:00,97.7030029296875
2026-02-26 14:00:00+00:00,97.64199829101562
2026-02-26 15:00:00+00:00,97.75199890136719
2026-02-26 16:00:00+00:00,97.80500030517578
2026-02-26 17:00:00+00:00,97.97000122070312
2026-02-26 18:00:00+00:00,97.90699768066406
2026-02-26 19:00:00+00:00,97.79100036621094
2026-02-26 20:00:00+00:00,97.76300048828125
2026-02-26 21:00:00+00:00,97.79399871826172
2026-02-26 22:00:00+00:00,97.78800201416016
2026-02-26 23:00:00+00:00,97.78099822998047
2026-02-27 00:00:00+00:00,97.76899719238281
2026-02-27 01:00:00+00:00,97.81999969482422
2026-02-27 02:00:00+00:00,97.73200225830078
2026-02-27 03:00:00+00:00,97.71099853515625
2026-02-27 04:00:00+00:00,97.6520004272461
2026-02-27 05:00:00+00:00,97.68900299072266
2026-02-27 06:00:00+00:00,97.73300170898438
2026-02-27 07:00:00+00:00,97.6760025024414
2026-02-27 08:00:00+00:00,97.70500183105469
2026-02-27 09:00:00+00:00,97.7750015258789
2026-02-27 10:00:00+00:00,97.76799774169922
2026-02-27 11:00:00+00:00,97.75800323486328
2026-02-27 12:00:00+00:00,97.73200225830078
2026-02-27 13:00:00+00:00,97.83399963378906
2026-02-27 14:00:00+00:00,97.78900146484375
2026-02-27 15:00:00+00:00,97.70999908447266
2026-02-27 16:00:00+00:00,97.62300109863281
2026-02-27 17:00:00+00:00,97.64399719238281
2026-02-27 18:00:00+00:00,97.61699676513672
2026-02-27 19:00:00+00:00,97.60800170898438
2026-02-27 20:00:00+00:00,97.6510009765625
2026-02-27 21:00:00+00:00,97.63099670410156
2026-03-01 23:00:00+00:00,98.02200317382812
2026-03-02 00:00:00+00:00,97.9219970703125
2026-03-02 01:00:00+00:00,97.80599975585938
2026-03-02 02:00:00+00:00,97.83100128173828
2026-03-02 03:00:00+00:00,97.8290023803711
2026-03-02 04:00:00+00:00,97.87999725341797
2026-03-02 05:00:00+00:00,98.03299713134766
2026-03-02 06:00:00+00:00,98.25700378417969
2026-03-02 07:00:00+00:00,98.38400268554688
2026-03-02 08:00:00+00:00,98.37000274658203
2026-03-02 09:00:00+00:00,98.27400207519531
2026-03-02 10:00:00+00:00,98.21299743652344
2026-03-02 11:00:00+00:00,98.24199676513672
2026-03-02 12:00:00+00:00,98.47699737548828
2026-03-02 13:00:00+00:00,98.53399658203125
2026-03-02 14:00:00+00:00,98.40499877929688
2026-03-02 15:00:00+00:00,98.68299865722656
2026-03-02 16:00:00+00:00,98.59700012207031
2026-03-02 17:00:00+00:00,98.45800018310547
2026-03-02 18:00:00+00:00,98.53299713134766
2026-03-02 19:00:00+00:00,98.38099670410156
2026-03-02 20:00:00+00:00,98.5510025024414
2026-03-02 21:00:00+00:00,98.5510025024414
2026-03-02 22:00:00+00:00,98.56999969482422
2026-03-02 23:00:00+00:00,98.5479965209961
2026-03-03 00:00:00+00:00,98.52300262451172
2026-03-03 01:00:00+00:00,98.4990005493164
2026-03-03 02:00:00+00:00,98.51599884033203
2026-03-03 03:00:00+00:00,98.5459976196289
2026-03-03 04:00:00+00:00,98.63700103759766
2026-03-03 05:00:00+00:00,98.72599792480469
2026-03-03 06:00:00+00:00,98.6969985961914
2026-03-03 07:00:00+00:00,98.87999725341797
2026-03-03 08:00:00+00:00,99.04000091552734
2026-03-03 09:00:00+00:00,99.16000366210938
2026-03-03 10:00:00+00:00,99.28900146484375
2026-03-03 11:00:00+00:00,99.22799682617188
2026-03-03 12:00:00+00:00,99.08699798583984
2026-03-03 13:00:00+00:00,99.25900268554688
2026-03-03 14:00:00+00:00,99.4209976196289
2026-03-03 15:00:00+00:00,99.36599731445312
2026-03-03 16:00:00+00:00,99.13700103759766
2026-03-03 17:00:00+00:00,99.22799682617188
2026-03-03 18:00:00+00:00,99.04000091552734
2026-03-03 19:00:00+00:00,99.052001953125
2026-03-03 20:00:00+00:00,99.01599884033203
2026-03-03 21:00:00+00:00,99.06099700927734
2026-03-03 22:00:00+00:00,99.052001953125
2026-03-03 23:00:00+00:00,99.072998046875
2026-03-04 00:00:00+00:00,99.18199920654297
2026-03-04 01:00:00+00:00,99.19100189208984
2026-03-04 02:00:00+00:00,99.16000366210938
2026-03-04 03:00:00+00:00,99.0739974975586
2026-03-04 04:00:00+00:00,99.17900085449219
2026-03-04 05:00:00+00:00,99.18800354003906
2026-03-04 06:00:00+00:00,99.05899810791016
2026-03-04 07:00:00+00:00,98.99299621582031
2026-03-04 08:00:00+00:00,99.11100006103516
2026-03-04 09:00:00+00:00,99.0250015258789
2026-03-04 10:00:00+00:00,98.86499786376953
2026-03-04 11:00:00+00:00,98.84600067138672
2026-03-04 12:00:00+00:00,98.89600372314453
2026-03-04 13:00:00+00:00,98.88700103759766
2026-03-04 14:00:00+00:00,98.9280014038086
2026-03-04 15:00:00+00:00,98.80699920654297
2026-03-04 16:00:00+00:00,98.80000305175781
2026-03-04 17:00:00+00:00,98.83100128173828
2026-03-04 18:00:00+00:00,98.90699768066406
2026-03-04 19:00:00+00:00,98.76899719238281
2026-03-04 20:00:00+00:00,98.7760009765625
2026-03-04 21:00:00+00:00,98.80500030517578
2026-03-04 22:00:00+00:00,98.81099700927734
2026-03-04 23:00:00+00:00,98.7750015258789
2026-03-05 00:00:00+00:00,98.69100189208984
2026-03-05 01:00:00+00:00,98.8239974975586
2026-03-05 02:00:00+00:00,98.85800170898438
2026-03-05 03:00:00+00:00,98.95700073242188
2026-03-05 04:00:00+00:00,99.0
2026-03-05 05:00:00+00:00,99.11399841308594
2026-03-05 06:00:00+00:00,99.00800323486328
2026-03-05 07:00:00+00:00,99.0260009765625
2026-03-05 08:00:00+00:00,99.08000183105469
2026-03-05 09:00:00+00:00,98.9000015258789
2026-03-05 10:00:00+00:00,98.98200225830078
2026-03-05 11:00:00+00:00,98.97000122070312
2026-03-05 12:00:00+00:00,98.91300201416016
2026-03-05 13:00:00+00:00,99.11599731445312
2026-03-05 14:00:00+00:00,99.05500030517578
2026-03-05 15:00:00+00:00,99.21399688720703
2026-03-05 16:00:00+00:00,99.2300033569336
2026-03-05 17:00:00+00:00,99.21900177001953
2026-03-05 18:00:00+00:00,99.2249984741211
2026-03-05 19:00:00+00:00,99.31700134277344
2026-03-05 20:00:00+00:00,99.06600189208984
2026-03-05 21:00:00+00:00,99.04000091552734
2026-03-05 22:00:00+00:00,99.0510025024414
2026-03-05 23:00:00+00:00,99.06099700927734
2026-03-06 00:00:00+00:00,99.01100158691406
2026-03-06 01:00:00+00:00,98.9800033569336
2026-03-06 02:00:00+00:00,98.97799682617188
2026-03-06 03:00:00+00:00,98.9489974975586
2026-03-06 04:00:00+00:00,99.00499725341797
2026-03-06 05:00:00+00:00,99.0739974975586
2026-03-06 06:00:00+00:00,99.01499938964844
2026-03-06 07:00:00+00:00,98.97100067138672
2026-03-06 08:00:00+00:00,99.04299926757812
2026-03-06 09:00:00+00:00,99.27400207519531
2026-03-06 10:00:00+00:00,99.22699737548828
2026-03-06 11:00:00+00:00,99.35399627685547
2026-03-06 12:00:00+00:00,99.38600158691406
2026-03-06 13:00:00+00:00,99.35099792480469
2026-03-06 14:00:00+00:00,99.23200225830078
2026-03-06 15:00:00+00:00,99.14700317382812
2026-03-06 16:00:00+00:00,98.94999694824219
2026-03-06 17:00:00+00:00,99.02100372314453
2026-03-06 18:00:00+00:00,98.99800109863281
2026-03-06 19:00:00+00:00,98.98600006103516
2026-03-06 20:00:00+00:00,98.96199798583984
2026-03-06 21:00:00+00:00,98.8550033569336
2026-03-08 21:00:00+00:00,98.8550033569336
2026-03-08 22:00:00+00:00,99.42400360107422
2026-03-08 23:00:00+00:00,99.54900360107422
2026-03-09 00:00:00+00:00,99.61799621582031
2026-03-09 01:00:00+00:00,99.68099975585938
2026-03-09 02:00:00+00:00,99.55699920654297
2026-03-09 03:00:00+00:00,99.61499786376953
2026-03-09 04:00:00+00:00,99.54399871826172
2026-03-09 05:00:00+00:00,99.24700164794922
2026-03-09 06:00:00+00:00,99.41600036621094
2026-03-09 07:00:00+00:00,99.26899719238281
2026-03-09 08:00:00+00:00,99.48799896240234
2026-03-09 09:00:00+00:00,99.31999969482422
2026-03-09 10:00:00+00:00,99.27200317382812
2026-03-09 11:00:00+00:00,99.28099822998047
2026-03-09 12:00:00+00:00,99.34600067138672
2026-03-09 13:00:00+00:00,99.18699645996094
2026-03-09 14:00:00+00:00,99.20600128173828
2026-03-09 15:00:00+00:00,99.05500030517578
2026-03-09 16:00:00+00:00,99.06999969482422
2026-03-09 17:00:00+00:00,99.16100311279297
2026-03-09 18:00:00+00:00,99.17500305175781
2026-03-09 19:00:00+00:00,98.90399932861328
2026-03-09 20:00:00+00:00,98.72899627685547
2026-03-09 21:00:00+00:00,98.71700286865234
2026-03-09 22:00:00+00:00,98.72599792480469
2026-03-09 23:00:00+00:00,98.86599731445312
2026-03-10 00:00:00+00:00,98.7770004272461
2026-03-10 01:00:00+00:00,98.8219985961914
2026-03-10 02:00:00+00:00,98.88899993896484
2026-03-10 03:00:00+00:00,98.91699981689453
2026-03-10 04:00:00+00:00,98.88600158691406
2026-03-10 05:00:00+00:00,98.81400299072266
2026-03-10 06:00:00+00:00,98.71600341796875
2026-03-10 07:00:00+00:00,98.51799774169922
2026-03-10 08:00:00+00:00,98.65799713134766
2026-03-10 09:00:00+00:00,98.62000274658203
2026-03-10 10:00:00+00:00,98.68800354003906
2026-03-10 11:00:00+00:00,98.69400024414062
2026-03-10 12:00:00+00:00,98.71199798583984
2026-03-10 13:00:00+00:00,98.73500061035156
2026-03-10 14:00:00+00:00,98.60399627685547
2026-03-10 15:00:00+00:00,98.6240005493164
2026-03-10 16:00:00+00:00,98.60700225830078
2026-03-10 17:00:00+00:00,98.64800262451172
2026-03-10 18:00:00+00:00,98.82599639892578
2026-03-10 19:00:00+00:00,98.91000366210938
2026-03-10 20:00:00+00:00,98.93299865722656
2026-03-10 21:00:00+00:00,98.92900085449219
2026-03-10 22:00:00+00:00,98.91400146484375
2026-03-10 23:00:00+00:00,98.927001953125
2026-03-11 00:00:00+00:00,98.88800048828125
2026-03-11 01:00:00+00:00,98.82599639892578
2026-03-11 02:00:00+00:00,98.82099914550781
2026-03-11 03:00:00+00:00,98.78099822998047
2026-03-11 04:00:00+00:00,98.7509994506836
2026-03-11 05:00:00+00:00,98.76899719238281
2026-03-11 06:00:00+00:00,98.7509994506836
2026-03-11 07:00:00+00:00,98.87799835205078
2026-03-11 08:00:00+00:00,98.927001953125
2026-03-11 09:00:00+00:00,99.05899810791016
2026-03-11 10:00:00+00:00,98.93399810791016
2026-03-11 11:00:00+00:00,99.0270004272461
2026-03-11 12:00:00+00:00,99.15399932861328
2026-03-11 13:00:00+00:00,99.06999969482422
2026-03-11 14:00:00+00:00,99.13099670410156
2026-03-11 15:00:00+00:00,99.27400207519531
2026-03-11 16:00:00+00:00,99.2239990234375
2026-03-11 17:00:00+00:00,99.2249984741211
2026-03-11 18:00:00+00:00,99.23100280761719
2026-03-11 19:00:00+00:00,99.21600341796875
2026-03-11 20:00:00+00:00,99.26599884033203
2026-03-11 21:00:00+00:00,99.21099853515625
2026-03-11 22:00:00+00:00,99.2509994506836
2026-03-11 23:00:00+00:00,99.44599914550781
2026-03-12 00:00:00+00:00,99.40599822998047
2026-03-12 01:00:00+00:00,99.36499786376953
2026-03-12 02:00:00+00:00,99.47100067138672
2026-03-12 03:00:00+00:00,99.4739990234375
2026-03-12 04:00:00+00:00,99.51799774169922
2026-03-12 05:00:00+00:00,99.47699737548828
2026-03-12 06:00:00+00:00,99.39700317382812
2026-03-12 07:00:00+00:00,99.36199951171875
2026-03-12 08:00:00+00:00,99.40699768066406
2026-03-12 09:00:00+00:00,99.30400085449219
2026-03-12 10:00:00+00:00,99.3219985961914
2026-03-12 11:00:00+00:00,99.32499694824219
2026-03-12 12:00:00+00:00,99.46399688720703
2026-03-12 13:00:00+00:00,99.56700134277344
2026-03-12 14:00:00+00:00,99.62999725341797
2026-03-12 15:00:00+00:00,99.64600372314453
2026-03-12 16:00:00+00:00,99.65499877929688
2026-03-12 17:00:00+00:00,99.66100311279297
2026-03-12 18:00:00+00:00,99.73899841308594
2026-03-12 19:00:00+00:00,99.71900177001953
2026-03-12 20:00:00+00:00,99.74800109863281
2026-03-12 21:00:00+00:00,99.73699951171875
2026-03-12 22:00:00+00:00,99.74400329589844
2026-03-12 23:00:00+00:00,99.66899871826172
2026-03-13 00:00:00+00:00,99.62799835205078
2026-03-13 01:00:00+00:00,99.6969985961914
2026-03-13 02:00:00+00:00,99.72000122070312
2026-03-13 03:00:00+00:00,99.76000213623047
2026-03-13 04:00:00+00:00,99.8219985961914
2026-03-13 05:00:00+00:00,99.83399963378906
2026-03-13 06:00:00+00:00,99.95500183105469
2026-03-13 07:00:00+00:00,100.13500213623047
2026-03-13 08:00:00+00:00,100.2030029296875
2026-03-13 09:00:00+00:00,100.1780014038086
2026-03-13 10:00:00+00:00,100.14800262451172
2026-03-13 11:00:00+00:00,100.06999969482422
2026-03-13 12:00:00+00:00,100.02899932861328
2026-03-13 13:00:00+00:00,99.98300170898438
2026-03-13 14:00:00+00:00,100.1760025024414
2026-03-13 15:00:00+00:00,100.31199645996094
2026-03-13 16:00:00+00:00,100.3219985961914
2026-03-13 17:00:00+00:00,100.32099914550781
2026-03-13 18:00:00+00:00,100.36199951171875
2026-03-13 19:00:00+00:00,100.45999908447266
2026-03-13 20:00:00+00:00,100.49500274658203
2026-03-15 22:00:00+00:00,100.39399719238281
2026-03-15 23:00:00+00:00,100.3499984741211
2026-03-16 00:00:00+00:00,100.19200134277344
2026-03-16 01:00:00+00:00,100.23799896240234
2026-03-16 02:00:00+00:00,100.26499938964844
2026-03-16 03:00:00+00:00,100.23400115966797
2026-03-16 04:00:00+00:00,100.30799865722656
2026-03-16 05:00:00+00:00,100.3239974975586
2026-03-16 06:00:00+00:00,100.33999633789062
2026-03-16 07:00:00+00:00,100.375
2026-03-16 08:00:00+00:00,100.2509994506836
2026-03-16 09:00:00+00:00,100.21900177001953
2026-03-16 10:00:00+00:00,100.04100036621094
2026-03-16 11:00:00+00:00,99.99299621582031
2026-03-16 12:00:00+00:00,100.03800201416016
2026-03-16 13:00:00+00:00,99.822998046875
2026-03-16 14:00:00+00:00,99.91699981689453
2026-03-16 15:00:00+00:00,99.94499969482422
2026-03-16 16:00:00+00:00,99.9020004272461
2026-03-16 17:00:00+00:00,99.91100311279297
2026-03-16 18:00:00+00:00,99.71199798583984
2026-03-16 19:00:00+00:00,99.7969970703125
2026-03-16 20:00:00+00:00,99.80999755859375
2026-03-16 21:00:00+00:00,99.802001953125
2026-03-16 22:00:00+00:00,99.822998046875
2026-03-16 23:00:00+00:00,99.85800170898438
2026-03-17 00:00:00+00:00,99.91999816894531
2026-03-17 01:00:00+00:00,99.91899871826172
2026-03-17 02:00:00+00:00,99.90799713134766
2026-03-17 03:00:00+00:00,99.9260025024414
2026-03-17 04:00:00+00:00,99.87699890136719
2026-03-17 05:00:00+00:00,100.0270004272461
2026-03-17 06:00:00+00:00,100.00199890136719
2026-03-17 07:00:00+00:00,99.8949966430664
2026-03-17 08:00:00+00:00,99.77100372314453
2026-03-17 09:00:00+00:00,99.72899627685547
2026-03-17 10:00:00+00:00,99.8010025024414
2026-03-17 11:00:00+00:00,99.7959976196289
2026-03-17 12:00:00+00:00,99.68199920654297
2026-03-17 13:00:00+00:00,99.60800170898438
2026-03-17 14:00:00+00:00,99.60099792480469
2026-03-17 15:00:00+00:00,99.66600036621094
2026-03-17 16:00:00+00:00,99.63400268554688
2026-03-17 17:00:00+00:00,99.55400085449219
2026-03-17 18:00:00+00:00,99.57499694824219
2026-03-17 19:00:00+00:00,99.59400177001953
2026-03-17 20:00:00+00:00,99.55599975585938
2026-03-17 21:00:00+00:00,99.56999969482422
2026-03-17 22:00:00+00:00,99.56300354003906
2026-03-17 23:00:00+00:00,99.552001953125
2026-03-18 00:00:00+00:00,99.60900115966797
2026-03-18 01:00:00+00:00,99.5979995727539
2026-03-18 02:00:00+00:00,99.5979995727539
2026-03-18 03:00:00+00:00,99.5780029296875
2026-03-18 04:00:00+00:00,99.53299713134766
2026-03-18 05:00:00+00:00,99.49099731445312
2026-03-18 06:00:00+00:00,99.52400207519531
2026-03-18 07:00:00+00:00,99.63099670410156
2026-03-18 08:00:00+00:00,99.61000061035156
2026-03-18 09:00:00+00:00,99.56700134277344
2026-03-18 10:00:00+00:00,99.58200073242188
2026-03-18 11:00:00+00:00,99.53099822998047
2026-03-18 12:00:00+00:00,99.85299682617188
2026-03-18 13:00:00+00:00,99.81199645996094
2026-03-18 14:00:00+00:00,99.78700256347656
2026-03-18 15:00:00+00:00,99.81999969482422
2026-03-18 16:00:00+00:00,99.81400299072266
2026-03-18 17:00:00+00:00,99.77799987792969
2026-03-18 18:00:00+00:00,100.08599853515625
2026-03-18 19:00:00+00:00,100.16500091552734
2026-03-18 20:00:00+00:00,100.29299926757812
2026-03-18 21:00:00+00:00,100.1780014038086
2026-03-18 22:00:00+00:00,100.23400115966797
2026-03-18 23:00:00+00:00,100.21099853515625
2026-03-19 00:00:00+00:00,100.12699890136719
2026-03-19 01:00:00+00:00,100.1050033569336
2026-03-19 02:00:00+00:00,100.06999969482422
2026-03-19 03:00:00+00:00,100.1050033569336
2026-03-19 04:00:00+00:00,100.16200256347656
2026-03-19 05:00:00+00:00,100.19400024414062
2026-03-19 06:00:00+00:00,100.18800354003906
2026-03-19 07:00:00+00:00,100.2249984741211
2026-03-19 08:00:00+00:00,100.24500274658203
2026-03-19 09:00:00+00:00,100.0530014038086
2026-03-19 10:00:00+00:00,100.0979995727539
2026-03-19 11:00:00+00:00,100.04900360107422
2026-03-19 12:00:00+00:00,99.98699951171875
2026-03-19 13:00:00+00:00,99.70999908447266
2026-03-19 14:00:00+00:00,99.69999694824219
2026-03-19 15:00:00+00:00,99.70899963378906
2026-03-19 16:00:00+00:00,99.56900024414062
2026-03-19 17:00:00+00:00,99.38400268554688
2026-03-19 18:00:00+00:00,99.23200225830078
2026-03-19 19:00:00+00:00,99.20500183105469
2026-03-19 20:00:00+00:00,99.19300079345703
2026-03-19 21:00:00+00:00,99.23300170898438
2026-03-19 22:00:00+00:00,99.16000366210938
2026-03-19 23:00:00+00:00,99.28399658203125
2026-03-20 00:00:00+00:00,99.28900146484375
2026-03-20 01:00:00+00:00,99.35800170898438
2026-03-20 02:00:00+00:00,99.38200378417969
2026-03-20 03:00:00+00:00,99.44000244140625
2026-03-20 04:00:00+00:00,99.4469985961914
2026-03-20 05:00:00+00:00,99.4749984741211
2026-03-20 06:00:00+00:00,99.43900299072266
2026-03-20 07:00:00+00:00,99.31300354003906
2026-03-20 08:00:00+00:00,99.35700225830078
2026-03-20 09:00:00+00:00,99.53399658203125
2026-03-20 10:00:00+00:00,99.4729995727539
2026-03-20 11:00:00+00:00,99.36799621582031
2026-03-20 12:00:00+00:00,99.43199920654297
2026-03-20 13:00:00+00:00,99.62999725341797
2026-03-20 14:00:00+00:00,99.72699737548828
2026-03-20 15:00:00+00:00,99.6989974975586
2026-03-20 16:00:00+00:00,99.5780029296875
2026-03-20 17:00:00+00:00,99.57099914550781
2026-03-20 18:00:00+00:00,99.64700317382812
2026-03-20 19:00:00+00:00,99.58699798583984
2026-03-20 20:00:00+00:00,99.50299835205078
2026-03-22 22:00:00+00:00,99.58599853515625
2026-03-22 23:00:00+00:00,99.54399871826172
2026-03-23 00:00:00+00:00,99.68099975585938
2026-03-23 01:00:00+00:00,99.61399841308594
2026-03-23 02:00:00+00:00,99.677001953125
2026-03-23 03:00:00+00:00,99.67400360107422
2026-03-23 04:00:00+00:00,99.64600372314453
2026-03-23 05:00:00+00:00,99.78299713134766
2026-03-23 06:00:00+00:00,99.81199645996094
2026-03-23 07:00:00+00:00,99.83899688720703
2026-03-23 08:00:00+00:00,99.80999755859375
2026-03-23 09:00:00+00:00,100.06300354003906
2026-03-23 10:00:00+00:00,100.14800262451172
2026-03-23 11:00:00+00:00,99.58300018310547
2026-03-23 12:00:00+00:00,99.12999725341797
2026-03-23 13:00:00+00:00,99.21600341796875
2026-03-23 14:00:00+00:00,99.06999969482422
2026-03-23 15:00:00+00:00,99.33799743652344
2026-03-23 16:00:00+00:00,99.2979965209961
2026-03-23 17:00:00+00:00,99.197998046875
2026-03-23 18:00:00+00:00,98.94999694824219
2026-03-23 19:00:00+00:00,99.12100219726562
2026-03-23 20:00:00+00:00,99.13700103759766
2026-03-23 21:00:00+00:00,99.11599731445312
2026-03-23 22:00:00+00:00,99.14700317382812
2026-03-23 23:00:00+00:00,99.177001953125
2026-03-24 00:00:00+00:00,99.322998046875
2026-03-24 01:00:00+00:00,99.36599731445312
2026-03-24 02:00:00+00:00,99.36199951171875
2026-03-24 03:00:00+00:00,99.38899993896484
2026-03-24 04:00:00+00:00,99.41200256347656
2026-03-24 05:00:00+00:00,99.37300109863281
2026-03-24 06:00:00+00:00,99.30699920654297
2026-03-24 07:00:00+00:00,99.16799926757812
2026-03-24 08:00:00+00:00,99.33899688720703
2026-03-24 09:00:00+00:00,99.27999877929688
2026-03-24 10:00:00+00:00,99.29299926757812
2026-03-24 11:00:00+00:00,99.3280029296875
2026-03-24 12:00:00+00:00,99.37100219726562
2026-03-24 13:00:00+00:00,99.427001953125
2026-03-24 14:00:00+00:00,99.34500122070312
2026-03-24 15:00:00+00:00,99.44000244140625
2026-03-24 16:00:00+00:00,99.42400360107422
2026-03-24 17:00:00+00:00,99.49500274658203
2026-03-24 18:00:00+00:00,99.43399810791016
2026-03-24 19:00:00+00:00,99.40899658203125
2026-03-24 20:00:00+00:00,99.22599792480469
2026-03-24 21:00:00+00:00,99.19400024414062
2026-03-24 22:00:00+00:00,99.18299865722656
2026-03-24 23:00:00+00:00,99.19000244140625
2026-03-25 00:00:00+00:00,99.11699676513672
2026-03-25 01:00:00+00:00,99.20600128173828
2026-03-25 02:00:00+00:00,99.27999877929688
2026-03-25 03:00:00+00:00,99.28500366210938
2026-03-25 04:00:00+00:00,99.3280029296875
2026-03-25 05:00:00+00:00,99.38999938964844
2026-03-25 06:00:00+00:00,99.35700225830078
2026-03-25 07:00:00+00:00,99.35800170898438
2026-03-25 08:00:00+00:00,99.2750015258789
2026-03-25 09:00:00+00:00,99.32599639892578
2026-03-25 10:00:00+00:00,99.28099822998047
2026-03-25 11:00:00+00:00,99.25800323486328
2026-03-25 12:00:00+00:00,99.36599731445312
2026-03-25 13:00:00+00:00,99.50599670410156
2026-03-25 14:00:00+00:00,99.41899871826172
2026-03-25 15:00:00+00:00,99.54499816894531
2026-03-25 16:00:00+00:00,99.55899810791016
2026-03-25 17:00:00+00:00,99.49500274658203
2026-03-25 18:00:00+00:00,99.5989990234375
2026-03-25 19:00:00+00:00,99.62200164794922
2026-03-25 20:00:00+00:00,99.63899993896484
2026-03-25 21:00:00+00:00,99.62699890136719
2026-03-25 22:00:00+00:00,99.63800048828125
2026-03-25 23:00:00+00:00,99.625
2026-03-26 00:00:00+00:00,99.65599822998047
2026-03-26 01:00:00+00:00,99.625
2026-03-26 02:00:00+00:00,99.67400360107422
2026-03-26 03:00:00+00:00,99.59600067138672
2026-03-26 04:00:00+00:00,99.58699798583984
2026-03-26 05:00:00+00:00,99.66799926757812
2026-03-26 06:00:00+00:00,99.59100341796875
2026-03-26 07:00:00+00:00,99.7040023803711
2026-03-26 08:00:00+00:00,99.66999816894531
2026-03-26 09:00:00+00:00,99.6719970703125
2026-03-26 10:00:00+00:00,99.68199920654297
2026-03-26 11:00:00+00:00,99.91799926757812
2026-03-26 12:00:00+00:00,99.84500122070312
2026-03-26 13:00:00+00:00,99.7760009765625
2026-03-26 14:00:00+00:00,99.75
2026-03-26 15:00:00+00:00,99.81700134277344
2026-03-26 16:00:00+00:00,99.86599731445312
2026-03-26 17:00:00+00:00,99.95700073242188
2026-03-26 18:00:00+00:00,99.9000015258789
2026-03-26 19:00:00+00:00,99.99299621582031
2026-03-26 20:00:00+00:00,99.94100189208984
2026-03-26 21:00:00+00:00,99.89399719238281
2026-03-26 22:00:00+00:00,99.86499786376953
2026-03-26 23:00:00+00:00,99.88500213623047
2026-03-27 00:00:00+00:00,99.9010009765625
2026-03-27 01:00:00+00:00,99.8280029296875
2026-03-27 02:00:00+00:00,99.84500122070312
2026-03-27 03:00:00+00:00,99.85800170898438
2026-03-27 04:00:00+00:00,99.8219985961914
2026-03-27 05:00:00+00:00,99.84400177001953
2026-03-27 06:00:00+00:00,99.89299774169922
2026-03-27 07:00:00+00:00,100.01399993896484
2026-03-27 08:00:00+00:00,99.98400115966797
2026-03-27 09:00:00+00:00,100.01200103759766
2026-03-27 10:00:00+00:00,100.06500244140625
2026-03-27 11:00:00+00:00,100.10299682617188
2026-03-27 12:00:00+00:00,100.06600189208984
2026-03-27 13:00:00+00:00,100.00499725341797
2026-03-27 14:00:00+00:00,99.96499633789062
2026-03-27 15:00:00+00:00,100.06999969482422
2026-03-27 16:00:00+00:00,100.08899688720703
2026-03-27 17:00:00+00:00,100.16400146484375
2026-03-27 18:00:00+00:00,100.1510009765625
2026-03-27 19:00:00+00:00,100.11699676513672
2026-03-27 20:00:00+00:00,100.18399810791016
2026-03-29 22:00:00+00:00,100.33599853515625
2026-03-29 23:00:00+00:00,100.30999755859375
2026-03-30 00:00:00+00:00,100.1719970703125
2026-03-30 01:00:00+00:00,100.19000244140625
2026-03-30 02:00:00+00:00,100.14299774169922
2026-03-30 03:00:00+00:00,100.0979995727539
2026-03-30 04:00:00+00:00,100.10900115966797
2026-03-30 05:00:00+00:00,100.08599853515625
2026-03-30 06:00:00+00:00,100.125
2026-03-30 07:00:00+00:00,100.24099731445312
2026-03-30 08:00:00+00:00,100.26599884033203
2026-03-30 09:00:00+00:00,100.25299835205078
2026-03-30 10:00:00+00:00,100.28600311279297
2026-03-30 11:00:00+00:00,100.31099700927734
2026-03-30 12:00:00+00:00,100.31600189208984
2026-03-30 13:00:00+00:00,100.48300170898438
2026-03-30 14:00:00+00:00,100.46199798583984
2026-03-30 15:00:00+00:00,100.5260009765625
2026-03-30 16:00:00+00:00,100.49299621582031
2026-03-30 17:00:00+00:00,100.52300262451172
2026-03-30 18:00:00+00:00,100.50900268554688
2026-03-30 19:00:00+00:00,100.52300262451172
2026-03-30 20:00:00+00:00,100.51000213623047
2026-03-30 21:00:00+00:00,100.50900268554688
2026-03-30 22:00:00+00:00,100.49099731445312
2026-03-30 23:00:00+00:00,100.56800079345703
2026-03-31 00:00:00+00:00,100.43499755859375
2026-03-31 01:00:00+00:00,100.40499877929688
2026-03-31 02:00:00+00:00,100.3949966430664
2026-03-31 03:00:00+00:00,100.45500183105469
2026-03-31 04:00:00+00:00,100.4520034790039
2026-03-31 05:00:00+00:00,100.4739990234375
2026-03-31 06:00:00+00:00,100.4520034790039
2026-03-31 07:00:00+00:00,100.44100189208984
2026-03-31 08:00:00+00:00,100.4530029296875
2026-03-31 09:00:00+00:00,100.46099853515625
2026-03-31 10:00:00+00:00,100.53900146484375
2026-03-31 11:00:00+00:00,100.29000091552734
2026-03-31 12:00:00+00:00,100.21600341796875
2026-03-31 13:00:00+00:00,100.01100158691406
2026-03-31 14:00:00+00:00,100.18099975585938
2026-03-31 15:00:00+00:00,100.20700073242188
2026-03-31 16:00:00+00:00,100.00399780273438
2026-03-31 17:00:00+00:00,99.99600219726562
2026-03-31 18:00:00+00:00,99.96099853515625
2026-03-31 19:00:00+00:00,99.84700012207031
2026-03-31 20:00:00+00:00,99.88500213623047
2026-03-31 21:00:00+00:00,99.86499786376953
2026-03-31 22:00:00+00:00,99.85700225830078
2026-03-31 23:00:00+00:00,99.7300033569336
2026-04-01 00:00:00+00:00,99.73100280761719
2026-04-01 01:00:00+00:00,99.82499694824219
2026-04-01 02:00:00+00:00,99.7699966430664
2026-04-01 03:00:00+00:00,99.83899688720703
2026-04-01 04:00:00+00:00,99.7959976196289
2026-04-01 05:00:00+00:00,99.74800109863281
2026-04-01 06:00:00+00:00,99.53399658203125
2026-04-01 07:00:00+00:00,99.6510009765625
2026-04-01 08:00:00+00:00,99.51599884033203
2026-04-01 09:00:00+00:00,99.53600311279297
2026-04-01 10:00:00+00:00,99.48799896240234
2026-04-01 11:00:00+00:00,99.40799713134766
2026-04-01 12:00:00+00:00,99.46299743652344
2026-04-01 13:00:00+00:00,99.42400360107422
2026-04-01 14:00:00+00:00,99.33499908447266
2026-04-01 15:00:00+00:00,99.39299774169922
2026-04-01 16:00:00+00:00,99.34200286865234
2026-04-01 17:00:00+00:00,99.52200317382812
2026-04-01 18:00:00+00:00,99.6510009765625
2026-04-01 19:00:00+00:00,99.62000274658203
2026-04-01 20:00:00+00:00,99.56400299072266
2026-04-01 21:00:00+00:00,99.5530014038086
2026-04-01 22:00:00+00:00,99.552001953125
2026-04-01 23:00:00+00:00,99.56099700927734
2026-04-02 00:00:00+00:00,99.50299835205078
2026-04-02 01:00:00+00:00,99.88400268554688
2026-04-02 02:00:00+00:00,99.93800354003906
2026-04-02 03:00:00+00:00,100.00399780273438
2026-04-02 04:00:00+00:00,100.01499938964844
2026-04-02 05:00:00+00:00,100.11299896240234
2026-04-02 06:00:00+00:00,100.04000091552734
2026-04-02 07:00:00+00:00,100.0739974975586
2026-04-02 08:00:00+00:00,100.14600372314453
2026-04-02 09:00:00+00:00,100.12799835205078
2026-04-02 10:00:00+00:00,100.23500061035156
2026-04-02 11:00:00+00:00,100.18499755859375
2026-04-02 12:00:00+00:00,100.12999725341797
2026-04-02 13:00:00+00:00,100.07099914550781
2026-04-02 14:00:00+00:00,99.91699981689453
2026-04-02 15:00:00+00:00,99.94100189208984
2026-04-02 16:00:00+00:00,99.98400115966797
2026-04-02 17:00:00+00:00,100.01399993896484
2026-04-02 18:00:00+00:00,100.02799987792969
2026-04-02 19:00:00+00:00,100.0510025024414
2026-04-02 20:00:00+00:00,100.01599884033203
2026-04-02 21:00:00+00:00,99.99199676513672
2026-04-02 22:00:00+00:00,100.01699829101562
2026-04-02 23:00:00+00:00,99.98500061035156
2026-04-03 00:00:00+00:00,100.00900268554688
2026-04-03 01:00:00+00:00,100.04100036621094
2026-04-03 02:00:00+00:00,100.03700256347656
2026-04-03 03:00:00+00:00,100.03099822998047
2026-04-05 22:00:00+00:00,100.21600341796875
2026-04-05 23:00:00+00:00,100.02799987792969
2026-04-06 00:00:00+00:00,100.02799987792969
2026-04-06 01:00:00+00:00,100.02799987792969
2026-04-06 02:00:00+00:00,100.02799987792969
2026-04-06 03:00:00+00:00,100.02799987792969
2026-04-06 04:00:00+00:00,100.1259994506836
2026-04-06 05:00:00+00:00,100.11699676513672
2026-04-06 06:00:00+00:00,100.07099914550781
2026-04-06 07:00:00+00:00,99.8280029296875
2026-04-06 08:00:00+00:00,99.88099670410156
2026-04-06 09:00:00+00:00,99.91500091552734
2026-04-06 10:00:00+00:00,99.9280014038086
2026-04-06 11:00:00+00:00,99.95500183105469
2026-04-06 12:00:00+00:00,99.88500213623047
2026-04-06 13:00:00+00:00,99.84700012207031
2026-04-06 14:00:00+00:00,99.97599792480469
2026-04-06 15:00:00+00:00,99.98200225830078
2026-04-06 16:00:00+00:00,99.97799682617188
2026-04-06 17:00:00+00:00,100.01399993896484
2026-04-06 18:00:00+00:00,99.98100280761719
2026-04-06 19:00:00+00:00,99.9990005493164
2026-04-06 20:00:00+00:00,99.99800109863281
2026-04-06 21:00:00+00:00,99.99500274658203
2026-04-06 22:00:00+00:00,99.98999786376953
2026-04-06 23:00:00+00:00,100.00599670410156
2026-04-07 00:00:00+00:00,100.04399871826172
2026-04-07 01:00:00+00:00,100.11799621582031
2026-04-07 02:00:00+00:00,100.11499786376953
2026-04-07 03:00:00+00:00,100.0739974975586
2026-04-07 04:00:00+00:00,100.03500366210938
2026-04-07 05:00:00+00:00,100.05599975585938
2026-04-07 06:00:00+00:00,99.99800109863281
2026-04-07 07:00:00+00:00,100.03800201416016
2026-04-07 08:00:00+00:00,99.78199768066406
2026-04-07 09:00:00+00:00,99.88300323486328
2026-04-07 10:00:00+00:00,99.98500061035156
2026-04-07 11:00:00+00:00,99.94000244140625
2026-04-07 12:00:00+00:00,99.93599700927734
2026-04-07 13:00:00+00:00,99.9530029296875
2026-04-07 14:00:00+00:00,99.9020004272461
2026-04-07 15:00:00+00:00,99.9020004272461
2026-04-07 16:00:00+00:00,99.88500213623047
2026-04-07 17:00:00+00:00,99.8290023803711
2026-04-07 18:00:00+00:00,99.85800170898438
2026-04-07 19:00:00+00:00,99.6780014038086
2026-04-07 20:00:00+00:00,99.66500091552734
2026-04-07 21:00:00+00:00,99.63999938964844
2026-04-07 22:00:00+00:00,99.51699829101562
2026-04-07 23:00:00+00:00,98.9260025024414
2026-04-08 00:00:00+00:00,99.00599670410156
2026-04-08 01:00:00+00:00,98.94400024414062
2026-04-08 02:00:00+00:00,98.96099853515625
2026-04-08 03:00:00+00:00,98.96900177001953
2026-04-08 04:00:00+00:00,98.91600036621094
2026-04-08 05:00:00+00:00,98.8010025024414
2026-04-08 06:00:00+00:00,98.7770004272461
2026-04-08 07:00:00+00:00,98.77400207519531
2026-04-08 08:00:00+00:00,98.88099670410156
2026-04-08 09:00:00+00:00,98.90299987792969
2026-04-08 10:00:00+00:00,98.822998046875
2026-04-08 11:00:00+00:00,98.71600341796875
2026-04-08 12:00:00+00:00,98.58699798583984
2026-04-08 13:00:00+00:00,98.76300048828125
2026-04-08 14:00:00+00:00,98.77100372314453
2026-04-08 15:00:00+00:00,98.85800170898438
2026-04-08 16:00:00+00:00,98.88099670410156
2026-04-08 17:00:00+00:00,98.93000030517578
2026-04-08 18:00:00+00:00,99.13300323486328
2026-04-08 19:00:00+00:00,98.98500061035156
2026-04-08 20:00:00+00:00,99.03800201416016
2026-04-08 21:00:00+00:00,99.0009994506836
2026-04-08 22:00:00+00:00,98.99800109863281
2026-04-08 23:00:00+00:00,99.06400299072266
2026-04-09 00:00:00+00:00,99.0989990234375
2026-04-09 01:00:00+00:00,99.06999969482422
2026-04-09 02:00:00+00:00,99.03600311279297
2026-04-09 03:00:00+00:00,99.052001953125
2026-04-09 04:00:00+00:00,99.02899932861328
2026-04-09 05:00:00+00:00,99.0790023803711
2026-04-09 06:00:00+00:00,99.0510025024414
2026-04-09 07:00:00+00:00,99.06500244140625
2026-04-09 08:00:00+00:00,99.01300048828125
2026-04-09 09:00:00+00:00,99.00499725341797
2026-04-09 10:00:00+00:00,99.03800201416016
2026-04-09 11:00:00+00:00,98.88400268554688
2026-04-09 12:00:00+00:00,98.91899871826172
2026-04-09 13:00:00+00:00,98.93399810791016
2026-04-09 14:00:00+00:00,98.94599914550781
2026-04-09 15:00:00+00:00,98.75499725341797
2026-04-09 16:00:00+00:00,98.71499633789062
2026-04-09 17:00:00+00:00,98.68800354003906
2026-04-09 18:00:00+00:00,98.81900024414062
2026-04-09 19:00:00+00:00,98.81099700927734
2026-04-09 20:00:00+00:00,98.80799865722656
2026-04-09 21:00:00+00:00,98.7959976196289
2026-04-09 22:00:00+00:00,98.79399871826172
2026-04-09 23:00:00+00:00,98.8759994506836
2026-04-10 00:00:00+00:00,98.91400146484375
2026-04-10 01:00:00+00:00,98.86499786376953
2026-04-10 02:00:00+00:00,98.88899993896484
2026-04-10 03:00:00+00:00,98.86299896240234
2026-04-10 04:00:00+00:00,98.88899993896484
2026-04-10 05:00:00+00:00,98.90899658203125
2026-04-10 06:00:00+00:00,98.9469985961914
2026-04-10 07:00:00+00:00,98.99400329589844
2026-04-10 08:00:00+00:00,98.94400024414062
2026-04-10 09:00:00+00:00,98.78299713134766
2026-04-10 10:00:00+00:00,98.76499938964844
2026-04-10 11:00:00+00:00,98.73500061035156
2026-04-10 12:00:00+00:00,98.6780014038086
2026-04-10 13:00:00+00:00,98.63200378417969
2026-04-10 14:00:00+00:00,98.65299987792969
2026-04-10 15:00:00+00:00,98.6989974975586
2026-04-10 16:00:00+00:00,98.72000122070312
2026-04-10 17:00:00+00:00,98.70800018310547
2026-04-10 18:00:00+00:00,98.6500015258789
2026-04-10 19:00:00+00:00,98.68000030517578
2026-04-10 20:00:00+00:00,98.69999694824219
2026-04-12 22:00:00+00:00,99.12000274658203
2026-04-12 23:00:00+00:00,99.09600067138672
2026-04-13 00:00:00+00:00,99.01899719238281
2026-04-13 01:00:00+00:00,99.0270004272461
2026-04-13 02:00:00+00:00,99.01399993896484
2026-04-13 03:00:00+00:00,99.01100158691406
2026-04-13 04:00:00+00:00,99.0250015258789
2026-04-13 05:00:00+00:00,99.01200103759766
2026-04-13 06:00:00+00:00,99.01000213623047
2026-04-13 07:00:00+00:00,98.90799713134766
2026-04-13 08:00:00+00:00,98.97599792480469
2026-04-13 09:00:00+00:00,98.97799682617188
2026-04-13 10:00:00+00:00,98.93299865722656
2026-04-13 11:00:00+00:00,99.0250015258789
2026-04-13 12:00:00+00:00,98.90799713134766
2026-04-13 13:00:00+00:00,98.80899810791016
2026-04-13 14:00:00+00:00,98.74299621582031
2026-04-13 15:00:00+00:00,98.7699966430664
2026-04-13 16:00:00+00:00,98.60199737548828
2026-04-13 17:00:00+00:00,98.56199645996094
2026-04-13 18:00:00+00:00,98.36599731445312
2026-04-13 19:00:00+00:00,98.39900207519531
2026-04-13 20:00:00+00:00,98.41500091552734
2026-04-13 21:00:00+00:00,98.41600036621094
2026-04-13 22:00:00+00:00,98.3740005493164
2026-04-13 23:00:00+00:00,98.34200286865234
2026-04-14 00:00:00+00:00,98.33599853515625
2026-04-14 01:00:00+00:00,98.38500213623047
2026-04-14 02:00:00+00:00,98.375
2026-04-14 03:00:00+00:00,98.31999969482422
2026-04-14 04:00:00+00:00,98.31800079345703
2026-04-14 05:00:00+00:00,98.34300231933594
2026-04-14 06:00:00+00:00,98.25299835205078
2026-04-14 07:00:00+00:00,98.22000122070312
2026-04-14 08:00:00+00:00,98.19999694824219
2026-04-14 09:00:00+00:00,98.15399932861328
2026-04-14 10:00:00+00:00,98.08599853515625
2026-04-14 11:00:00+00:00,98.05400085449219
2026-04-14 12:00:00+00:00,97.99600219726562
2026-04-14 13:00:00+00:00,98.052001953125
2026-04-14 14:00:00+00:00,97.98999786376953
2026-04-14 15:00:00+00:00,98.13700103759766
2026-04-14 16:00:00+00:00,98.10800170898438
2026-04-14 17:00:00+00:00,98.08599853515625
2026-04-14 18:00:00+00:00,98.1240005493164
2026-04-14 19:00:00+00:00,98.13099670410156
2026-04-14 20:00:00+00:00,98.0999984741211
2026-04-14 21:00:00+00:00,98.12300109863281
2026-04-14 22:00:00+00:00,98.10600280761719
2026-04-14 23:00:00+00:00,98.0770034790039
2026-04-15 00:00:00+00:00,98.10299682617188
2026-04-15 01:00:00+00:00,98.13500213623047
2026-04-15 02:00:00+00:00,98.19999694824219
2026-04-15 03:00:00+00:00,98.16500091552734
2026-04-15 04:00:00+00:00,98.15899658203125
2026-04-15 05:00:00+00:00,98.13800048828125
2026-04-15 06:00:00+00:00,98.19200134277344
2026-04-15 07:00:00+00:00,98.16799926757812
2026-04-15 08:00:00+00:00,98.12999725341797
2026-04-15 09:00:00+00:00,98.20099639892578
2026-04-15 10:00:00+00:00,98.24500274658203
2026-04-15 11:00:00+00:00,98.21600341796875
2026-04-15 12:00:00+00:00,98.1969985961914
2026-04-15 13:00:00+00:00,98.1719970703125
2026-04-15 14:00:00+00:00,98.09200286865234
2026-04-15 15:00:00+00:00,98.08000183105469
2026-04-15 16:00:00+00:00,98.04900360107422
2026-04-15 17:00:00+00:00,98.10299682617188
2026-04-15 18:00:00+00:00,98.05500030517578
2026-04-15 19:00:00+00:00,98.05999755859375
2026-04-15 20:00:00+00:00,98.08200073242188
2026-04-15 21:00:00+00:00,98.08399963378906
2026-04-15 22:00:00+00:00,98.0510025024414
2026-04-15 23:00:00+00:00,98.00900268554688
2026-04-16 00:00:00+00:00,97.99299621582031
2026-04-16 01:00:00+00:00,98.02400207519531
2026-04-16 02:00:00+00:00,97.9010009765625
2026-04-16 03:00:00+00:00,97.93000030517578
2026-04-16 04:00:00+00:00,97.96499633789062
2026-04-16 05:00:00+00:00,98.01399993896484
2026-04-16 06:00:00+00:00,98.00499725341797
2026-04-16 07:00:00+00:00,98.0989990234375
2026-04-16 08:00:00+00:00,98.15599822998047
2026-04-16 09:00:00+00:00,98.20800018310547
2026-04-16 10:00:00+00:00,98.20899963378906
2026-04-16 11:00:00+00:00,98.16300201416016
2026-04-16 12:00:00+00:00,98.19000244140625
2026-04-16 13:00:00+00:00,98.24500274658203
2026-04-16 14:00:00+00:00,98.26899719238281
2026-04-16 15:00:00+00:00,98.18699645996094
2026-04-16 16:00:00+00:00,98.24400329589844
2026-04-16 17:00:00+00:00,98.26399993896484
2026-04-16 18:00:00+00:00,98.21499633789062
2026-04-16 19:00:00+00:00,98.20600128173828
2026-04-16 20:00:00+00:00,98.2030029296875
2026-04-16 21:00:00+00:00,98.20600128173828
2026-04-16 22:00:00+00:00,98.18000030517578
2026-04-16 23:00:00+00:00,98.21199798583984
2026-04-17 00:00:00+00:00,98.23500061035156
2026-04-17 01:00:00+00:00,98.25499725341797
2026-04-17 02:00:00+00:00,98.24700164794922
2026-04-17 03:00:00+00:00,98.20500183105469
2026-04-17 04:00:00+00:00,98.21700286865234
2026-04-17 05:00:00+00:00,98.22599792480469
2026-04-17 06:00:00+00:00,98.27300262451172
2026-04-17 07:00:00+00:00,98.197998046875
2026-04-17 08:00:00+00:00,98.1050033569336
2026-04-17 09:00:00+00:00,98.10299682617188
2026-04-17 10:00:00+00:00,98.11799621582031
2026-04-17 11:00:00+00:00,98.10900115966797
2026-04-17 12:00:00+00:00,97.76399993896484
2026-04-17 13:00:00+00:00,97.75
2026-04-17 14:00:00+00:00,97.8239974975586
2026-04-17 15:00:00+00:00,97.93599700927734
2026-04-17 16:00:00+00:00,97.93800354003906
2026-04-17 17:00:00+00:00,97.97000122070312
2026-04-17 18:00:00+00:00,98.0979995727539
2026-04-17 19:00:00+00:00,98.19400024414062
2026-04-17 20:00:00+00:00,98.22200012207031
2026-04-19 22:00:00+00:00,98.28299713134766
2026-04-19 23:00:00+00:00,98.30000305175781
2026-04-20 00:00:00+00:00,98.2760009765625
2026-04-20 01:00:00+00:00,98.31199645996094
2026-04-20 02:00:00+00:00,98.30699920654297
2026-04-20 03:00:00+00:00,98.28399658203125
2026-04-20 04:00:00+00:00,98.3030014038086
2026-04-20 09:00:00+00:00,98.23899841308594
2026-04-20 10:00:00+00:00,98.21099853515625
2026-04-20 11:00:00+00:00,98.21299743652344
2026-04-20 12:00:00+00:00,98.2300033569336
2026-04-20 13:00:00+00:00,98.12899780273438
2026-04-20 14:00:00+00:00,98.14900207519531
2026-04-20 15:00:00+00:00,98.04900360107422
2026-04-20 16:00:00+00:00,98.04399871826172
2026-04-20 17:00:00+00:00,98.06400299072266
2026-04-20 18:00:00+00:00,98.09700012207031
2026-04-20 19:00:00+00:00,98.06300354003906
2026-04-20 20:00:00+00:00,98.0510025024414
2026-04-20 21:00:00+00:00,98.05599975585938
2026-04-20 22:00:00+00:00,98.05400085449219
2026-04-20 23:00:00+00:00,98.0739974975586
2026-04-21 00:00:00+00:00,98.09500122070312
2026-04-21 01:00:00+00:00,98.10900115966797
2026-04-21 02:00:00+00:00,98.12000274658203
2026-04-21 03:00:00+00:00,98.14900207519531
2026-04-21 04:00:00+00:00,98.14700317382812
2026-04-21 05:00:00+00:00,98.1240005493164
2026-04-21 06:00:00+00:00,98.13200378417969
2026-04-21 07:00:00+00:00,98.2239990234375
2026-04-21 08:00:00+00:00,98.24600219726562
2026-04-21 09:00:00+00:00,98.2750015258789
2026-04-21 10:00:00+00:00,98.25700378417969
2026-04-21 11:00:00+00:00,98.19599914550781
2026-04-21 12:00:00+00:00,98.25700378417969
2026-04-21 13:00:00+00:00,98.197998046875
2026-04-21 14:00:00+00:00,98.30999755859375
2026-04-21 15:00:00+00:00,98.31600189208984
2026-04-21 16:00:00+00:00,98.40299987792969
2026-04-21 17:00:00+00:00,98.375
2026-04-21 18:00:00+00:00,98.39399719238281
2026-04-21 19:00:00+00:00,98.53500366210938
2026-04-21 20:00:00+00:00,98.38300323486328
2026-04-21 21:00:00+00:00,98.41000366210938
2026-04-21 22:00:00+00:00,98.40799713134766
2026-04-21 23:00:00+00:00,98.375
2026-04-22 00:00:00+00:00,98.36299896240234
2026-04-22 01:00:00+00:00,98.3550033569336
2026-04-22 02:00:00+00:00,98.38899993896484
2026-04-22 03:00:00+00:00,98.39900207519531
2026-04-22 04:00:00+00:00,98.39199829101562
2026-04-22 05:00:00+00:00,98.2969970703125
2026-04-22 06:00:00+00:00,98.30500030517578
2026-04-22 07:00:00+00:00,98.27200317382812
2026-04-22 08:00:00+00:00,98.28700256347656
2026-04-22 09:00:00+00:00,98.33399963378906
2026-04-22 10:00:00+00:00,98.3010025024414
2026-04-22 11:00:00+00:00,98.41999816894531
2026-04-22 12:00:00+00:00,98.48600006103516
2026-04-22 13:00:00+00:00,98.36399841308594
2026-04-22 14:00:00+00:00,98.5250015258789
2026-04-22 15:00:00+00:00,98.55999755859375
2026-04-22 16:00:00+00:00,98.56600189208984
2026-04-22 17:00:00+00:00,98.56900024414062
2026-04-22 18:00:00+00:00,98.58999633789062
2026-04-22 19:00:00+00:00,98.62100219726562
2026-04-22 20:00:00+00:00,98.61499786376953
2026-04-22 21:00:00+00:00,98.5989990234375
2026-04-22 22:00:00+00:00,98.6050033569336
2026-04-22 23:00:00+00:00,98.61599731445312
2026-04-23 00:00:00+00:00,98.56199645996094
2026-04-23 01:00:00+00:00,98.59400177001953
2026-04-23 02:00:00+00:00,98.68900299072266
2026-04-23 03:00:00+00:00,98.70999908447266
2026-04-23 04:00:00+00:00,98.6709976196289
2026-04-23 05:00:00+00:00,98.62899780273438
2026-04-23 06:00:00+00:00,98.65399932861328
2026-04-23 07:00:00+00:00,98.64900207519531
2026-04-23 08:00:00+00:00,98.64600372314453
2026-04-23 09:00:00+00:00,98.7040023803711
2026-04-23 10:00:00+00:00,98.78800201416016
2026-04-23 11:00:00+00:00,98.68900299072266
2026-04-23 12:00:00+00:00,98.71499633789062
2026-04-23 13:00:00+00:00,98.72000122070312
2026-04-23 14:00:00+00:00,98.572998046875
2026-04-23 15:00:00+00:00,98.63400268554688
2026-04-23 16:00:00+00:00,98.65899658203125
2026-04-23 17:00:00+00:00,98.73999786376953
2026-04-23 18:00:00+00:00,98.7699966430664
2026-04-23 19:00:00+00:00,98.79499816894531
2026-04-23 20:00:00+00:00,98.82599639892578
2026-04-23 21:00:00+00:00,98.7959976196289
2026-04-23 22:00:00+00:00,98.79900360107422
2026-04-23 23:00:00+00:00,98.82599639892578
2026-04-24 00:00:00+00:00,98.81300354003906
2026-04-24 01:00:00+00:00,98.78800201416016
2026-04-24 02:00:00+00:00,98.86399841308594
2026-04-24 03:00:00+00:00,98.87200164794922
2026-04-24 04:00:00+00:00,98.86299896240234
2026-04-24 05:00:00+00:00,98.83599853515625
2026-04-24 06:00:00+00:00,98.85900115966797
2026-04-24 07:00:00+00:00,98.77400207519531
2026-04-24 08:00:00+00:00,98.7750015258789
2026-04-24 09:00:00+00:00,98.79499816894531
2026-04-24 10:00:00+00:00,98.68000030517578
2026-04-24 11:00:00+00:00,98.59100341796875
2026-04-24 12:00:00+00:00,98.63700103759766
2026-04-24 13:00:00+00:00,98.66400146484375
2026-04-24 14:00:00+00:00,98.64700317382812
2026-04-24 15:00:00+00:00,98.54499816894531
2026-04-24 16:00:00+00:00,98.5270004272461
2026-04-24 17:00:00+00:00,98.56600189208984
2026-04-24 18:00:00+00:00,98.53299713134766
2026-04-24 19:00:00+00:00,98.52200317382812
2026-04-24 20:00:00+00:00,98.51000213623047
2026-04-26 22:00:00+00:00,98.625
2026-04-26 23:00:00+00:00,98.64199829101562
2026-04-27 00:00:00+00:00,98.55899810791016
2026-04-27 01:00:00+00:00,98.48100280761719
2026-04-27 02:00:00+00:00,98.46199798583984
2026-04-27 03:00:00+00:00,98.43099975585938
2026-04-27 04:00:00+00:00,98.45600128173828
2026-04-27 05:00:00+00:00,98.5
2026-04-27 06:00:00+00:00,98.44300079345703
2026-04-27 07:00:00+00:00,98.34600067138672
2026-04-27 08:00:00+00:00,98.28600311279297
2026-04-27 09:00:00+00:00,98.322998046875
2026-04-27 10:00:00+00:00,98.28500366210938
2026-04-27 11:00:00+00:00,98.31900024414062
2026-04-27 12:00:00+00:00,98.30799865722656
2026-04-27 13:00:00+00:00,98.34400177001953
2026-04-27 14:00:00+00:00,98.35299682617188
2026-04-27 15:00:00+00:00,98.3949966430664
2026-04-27 16:00:00+00:00,98.44499969482422
2026-04-27 17:00:00+00:00,98.46399688720703
2026-04-27 18:00:00+00:00,98.49600219726562
2026-04-27 19:00:00+00:00,98.49600219726562
2026-04-27 20:00:00+00:00,98.48400115966797
2026-04-27 21:00:00+00:00,98.47599792480469
2026-04-27 22:00:00+00:00,98.49600219726562
2026-04-27 23:00:00+00:00,98.46299743652344
2026-04-28 00:00:00+00:00,98.50299835205078
2026-04-28 01:00:00+00:00,98.56300354003906
2026-04-28 02:00:00+00:00,98.59100341796875
2026-04-28 03:00:00+00:00,98.50599670410156
2026-04-28 04:00:00+00:00,98.52200317382812
2026-04-28 05:00:00+00:00,98.58300018310547
2026-04-28 06:00:00+00:00,98.71700286865234
2026-04-28 07:00:00+00:00,98.6760025024414
2026-04-28 08:00:00+00:00,98.64900207519531
2026-04-28 09:00:00+00:00,98.72899627685547
2026-04-28 10:00:00+00:00,98.74299621582031
2026-04-28 11:00:00+00:00,98.83899688720703
2026-04-28 12:00:00+00:00,98.71099853515625
2026-04-28 13:00:00+00:00,98.70600128173828
2026-04-28 14:00:00+00:00,98.73300170898438
2026-04-28 15:00:00+00:00,98.61599731445312
2026-04-28 16:00:00+00:00,98.64199829101562
2026-04-28 17:00:00+00:00,98.61900329589844
2026-04-28 18:00:00+00:00,98.63999938964844
2026-04-28 19:00:00+00:00,98.65499877929688
2026-04-28 20:00:00+00:00,98.63300323486328
2026-04-28 21:00:00+00:00,98.625
2026-04-28 22:00:00+00:00,98.59500122070312
2026-04-28 23:00:00+00:00,98.59300231933594
2026-04-29 00:00:00+00:00,98.5979995727539
2026-04-29 01:00:00+00:00,98.63400268554688
2026-04-29 02:00:00+00:00,98.66300201416016
2026-04-29 03:00:00+00:00,98.6719970703125
2026-04-29 04:00:00+00:00,98.677001953125
2026-04-29 05:00:00+00:00,98.71900177001953
2026-04-29 06:00:00+00:00,98.72200012207031
2026-04-29 07:00:00+00:00,98.6780014038086
2026-04-29 08:00:00+00:00,98.7239990234375
2026-04-29 09:00:00+00:00,98.75299835205078
2026-04-29 10:00:00+00:00,98.67500305175781
2026-04-29 11:00:00+00:00,98.71199798583984
2026-04-29 12:00:00+00:00,98.7490005493164
2026-04-29 13:00:00+00:00,98.86199951171875
2026-04-29 14:00:00+00:00,98.75
2026-04-29 15:00:00+00:00,98.80699920654297
2026-04-29 16:00:00+00:00,98.8759994506836
2026-04-29 17:00:00+00:00,98.81800079345703
2026-04-29 18:00:00+00:00,98.96099853515625
2026-04-29 19:00:00+00:00,98.94000244140625
2026-04-29 20:00:00+00:00,98.9489974975586
2026-04-29 21:00:00+00:00,98.9520034790039
2026-04-29 22:00:00+00:00,98.9749984741211
2026-04-29 23:00:00+00:00,98.85800170898438
2026-04-30 00:00:00+00:00,98.9000015258789
2026-04-30 01:00:00+00:00,98.91999816894531
2026-04-30 02:00:00+00:00,98.98500061035156
2026-04-30 03:00:00+00:00,98.99299621582031
2026-04-30 04:00:00+00:00,99.05799865722656
2026-04-30 05:00:00+00:00,99.07099914550781
2026-04-30 06:00:00+00:00,98.98500061035156
2026-04-30 07:00:00+00:00,98.8759994506836
2026-04-30 08:00:00+00:00,98.8219985961914
2026-04-30 09:00:00+00:00,98.69100189208984
2026-04-30 10:00:00+00:00,98.35800170898438
2026-04-30 11:00:00+00:00,98.35800170898438
2026-04-30 12:00:00+00:00,98.4739990234375
2026-04-30 13:00:00+00:00,98.48400115966797
2026-04-30 14:00:00+00:00,98.16400146484375
2026-04-30 15:00:00+00:00,98.16300201416016
2026-04-30 16:00:00+00:00,98.17400360107422
2026-04-30 17:00:00+00:00,98.16100311279297
2026-04-30 18:00:00+00:00,98.05599975585938
2026-04-30 19:00:00+00:00,98.072998046875
2026-04-30 20:00:00+00:00,98.0979995727539
2026-04-30 21:00:00+00:00,98.08000183105469
2026-04-30 22:00:00+00:00,98.09100341796875
2026-04-30 23:00:00+00:00,98.14399719238281
2026-05-01 00:00:00+00:00,98.15599822998047
2026-05-01 01:00:00+00:00,98.14399719238281
2026-05-01 02:00:00+00:00,98.13300323486328
2026-05-01 03:00:00+00:00,98.14900207519531
2026-05-01 04:00:00+00:00,98.18699645996094
2026-05-01 05:00:00+00:00,98.2239990234375
2026-05-01 06:00:00+00:00,98.0
2026-05-01 07:00:00+00:00,98.08100128173828
2026-05-01 08:00:00+00:00,98.01599884033203
2026-05-01 09:00:00+00:00,98.10600280761719
2026-05-01 10:00:00+00:00,98.0199966430664
2026-05-01 11:00:00+00:00,97.96800231933594
2026-05-01 12:00:00+00:00,97.9229965209961
2026-05-01 13:00:00+00:00,97.88600158691406
2026-05-01 14:00:00+00:00,97.86299896240234
2026-05-01 15:00:00+00:00,97.95099639892578
2026-05-01 16:00:00+00:00,98.08000183105469
2026-05-01 17:00:00+00:00,98.11399841308594
2026-05-01 18:00:00+00:00,98.15599822998047
2026-05-01 19:00:00+00:00,98.22200012207031
2026-05-01 20:00:00+00:00,98.21099853515625
2026-05-03 22:00:00+00:00,98.1050033569336
2026-05-03 23:00:00+00:00,98.16200256347656
2026-05-04 00:00:00+00:00,98.1510009765625
2026-05-04 01:00:00+00:00,98.177001953125
2026-05-04 02:00:00+00:00,98.16899871826172
2026-05-04 03:00:00+00:00,98.01000213623047
2026-05-04 04:00:00+00:00,98.12699890136719
2026-05-04 05:00:00+00:00,98.11599731445312
2026-05-04 06:00:00+00:00,98.16000366210938
2026-05-04 07:00:00+00:00,98.24400329589844
2026-05-04 08:00:00+00:00,98.24600219726562
2026-05-04 09:00:00+00:00,98.26200103759766
2026-05-04 10:00:00+00:00,98.35399627685547
2026-05-04 11:00:00+00:00,98.43299865722656
2026-05-04 12:00:00+00:00,98.32599639892578
2026-05-04 13:00:00+00:00,98.2760009765625
2026-05-04 14:00:00+00:00,98.32099914550781
2026-05-04 15:00:00+00:00,98.41999816894531
2026-05-04 16:00:00+00:00,98.5270004272461
2026-05-04 17:00:00+00:00,98.44400024414062
2026-05-04 18:00:00+00:00,98.3740005493164
2026-05-04 19:00:00+00:00,98.4260025024414
2026-05-04 20:00:00+00:00,98.47200012207031
2026-05-04 21:00:00+00:00,98.46299743652344
2026-05-04 22:00:00+00:00,98.47899627685547
2026-05-04 23:00:00+00:00,98.46499633789062
2026-05-05 00:00:00+00:00,98.50599670410156
2026-05-05 01:00:00+00:00,98.4990005493164
2026-05-05 02:00:00+00:00,98.49700164794922
2026-05-05 03:00:00+00:00,98.52200317382812
2026-05-05 04:00:00+00:00,98.56900024414062
2026-05-05 05:00:00+00:00,98.53099822998047
2026-05-05 06:00:00+00:00,98.49500274658203
2026-05-05 07:00:00+00:00,98.46299743652344
2026-05-05 08:00:00+00:00,98.46199798583984
2026-05-05 09:00:00+00:00,98.47000122070312
2026-05-05 10:00:00+00:00,98.48100280761719
2026-05-05 11:00:00+00:00,98.49800109863281
2026-05-05 12:00:00+00:00,98.48500061035156
2026-05-05 13:00:00+00:00,98.43299865722656
2026-05-05 14:00:00+00:00,98.375
2026-05-05 15:00:00+00:00,98.35900115966797
2026-05-05 16:00:00+00:00,98.43800354003906
2026-05-05 17:00:00+00:00,98.447998046875
2026-05-05 18:00:00+00:00,98.44400024414062
2026-05-05 19:00:00+00:00,98.4800033569336
2026-05-05 20:00:00+00:00,98.49299621582031
2026-05-05 21:00:00+00:00,98.48699951171875
2026-05-05 22:00:00+00:00,98.48600006103516
2026-05-05 23:00:00+00:00,98.31600189208984
2026-05-06 00:00:00+00:00,98.26799774169922
2026-05-06 01:00:00+00:00,98.26799774169922
2026-05-06 02:00:00+00:00,98.30899810791016
2026-05-06 03:00:00+00:00,98.30400085449219
2026-05-06 04:00:00+00:00,97.99800109863281
2026-05-06 05:00:00+00:00,98.06900024414062
2026-05-06 06:00:00+00:00,98.0790023803711
2026-05-06 07:00:00+00:00,98.00199890136719
2026-05-06 08:00:00+00:00,97.8489990234375
2026-05-06 09:00:00+00:00,97.78399658203125
2026-05-06 10:00:00+00:00,97.6780014038086
2026-05-06 11:00:00+00:00,97.83000183105469
2026-05-06 12:00:00+00:00,97.95700073242188
2026-05-06 13:00:00+00:00,97.96299743652344
2026-05-06 14:00:00+00:00,97.95700073242188
2026-05-06 15:00:00+00:00,98.00399780273438
2026-05-06 16:00:00+00:00,98.06500244140625
2026-05-06 17:00:00+00:00,98.04399871826172
2026-05-06 18:00:00+00:00,98.02300262451172
2026-05-06 19:00:00+00:00,98.03500366210938
2026-05-06 20:00:00+00:00,98.02799987792969
2026-05-06 21:00:00+00:00,98.00800323486328
2026-05-06 22:00:00+00:00,98.01499938964844
2026-05-06 23:00:00+00:00,98.04900360107422
2026-05-07 00:00:00+00:00,98.02999877929688
2026-05-07 01:00:00+00:00,97.94499969482422
2026-05-07 02:00:00+00:00,97.97599792480469
2026-05-07 03:00:00+00:00,98.03399658203125
2026-05-07 04:00:00+00:00,98.01399993896484
2026-05-07 05:00:00+00:00,98.01200103759766
2026-05-07 06:00:00+00:00,98.02100372314453
2026-05-07 07:00:00+00:00,97.88500213623047
2026-05-07 08:00:00+00:00,97.86399841308594
2026-05-07 09:00:00+00:00,97.87300109863281
2026-05-07 10:00:00+00:00,97.88999938964844
2026-05-07 11:00:00+00:00,97.87699890136719
2026-05-07 12:00:00+00:00,97.85099792480469
2026-05-07 13:00:00+00:00,97.88700103759766
2026-05-07 14:00:00+00:00,97.8270034790039
2026-05-07 15:00:00+00:00,97.94599914550781
2026-05-07 16:00:00+00:00,97.98500061035156
2026-05-07 17:00:00+00:00,98.06199645996094
2026-05-07 18:00:00+00:00,98.06700134277344
2026-05-07 19:00:00+00:00,98.20099639892578
2026-05-07 20:00:00+00:00,98.27400207519531
2026-05-07 21:00:00+00:00,98.24199676513672
2026-05-07 22:00:00+00:00,98.25700378417969
2026-05-07 23:00:00+00:00,98.22799682617188
2026-05-08 00:00:00+00:00,98.26200103759766
2026-05-08 01:00:00+00:00,98.21700286865234
2026-05-08 02:00:00+00:00,98.24800109863281
2026-05-08 03:00:00+00:00,98.23500061035156
2026-05-08 04:00:00+00:00,98.19100189208984
2026-05-08 05:00:00+00:00,98.16600036621094
2026-05-08 06:00:00+00:00,98.10900115966797
2026-05-08 07:00:00+00:00,98.12300109863281
2026-05-08 08:00:00+00:00,97.96499633789062
2026-05-08 09:00:00+00:00,97.9280014038086
2026-05-08 10:00:00+00:00,97.9749984741211
2026-05-08 11:00:00+00:00,97.94999694824219
2026-05-08 12:00:00+00:00,97.93000030517578
2026-05-08 13:00:00+00:00,97.89399719238281
2026-05-08 14:00:00+00:00,97.91600036621094
2026-05-08 15:00:00+00:00,97.92500305175781
2026-05-08 16:00:00+00:00,97.9489974975586
2026-05-08 17:00:00+00:00,97.94100189208984
2026-05-08 18:00:00+00:00,97.9000015258789
2026-05-08 19:00:00+00:00,97.89199829101562
2026-05-08 20:00:00+00:00,97.84300231933594
2026-05-10 22:00:00+00:00,98.03199768066406
2026-05-10 23:00:00+00:00,98.00800323486328
2026-05-11 00:00:00+00:00,97.99500274658203
2026-05-11 01:00:00+00:00,98.05500030517578
2026-05-11 02:00:00+00:00,98.08300018310547
2026-05-11 03:00:00+00:00,98.10199737548828
2026-05-11 04:00:00+00:00,98.1449966430664
2026-05-11 05:00:00+00:00,98.14299774169922
2026-05-11 06:00:00+00:00,98.00800323486328
2026-05-11 07:00:00+00:00,97.99299621582031
2026-05-11 08:00:00+00:00,97.98600006103516
2026-05-11 09:00:00+00:00,98.01899719238281
2026-05-11 10:00:00+00:00,98.01499938964844
2026-05-11 11:00:00+00:00,98.00399780273438
2026-05-11 12:00:00+00:00,97.97200012207031
2026-05-11 13:00:00+00:00,97.88099670410156
2026-05-11 14:00:00+00:00,97.8949966430664
2026-05-11 15:00:00+00:00,97.88899993896484
2026-05-11 16:00:00+00:00,97.93900299072266
2026-05-11 17:00:00+00:00,97.91100311279297
2026-05-11 18:00:00+00:00,97.95500183105469
2026-05-11 19:00:00+00:00,97.96099853515625
2026-05-11 20:00:00+00:00,97.93599700927734
2026-05-11 21:00:00+00:00,97.9229965209961
2026-05-11 22:00:00+00:00,97.90499877929688
2026-05-11 23:00:00+00:00,97.96600341796875
2026-05-12 00:00:00+00:00,98.06199645996094
2026-05-12 01:00:00+00:00,98.11000061035156
2026-05-12 02:00:00+00:00,98.10199737548828
2026-05-12 03:00:00+00:00,98.15699768066406
2026-05-12 04:00:00+00:00,98.13899993896484
2026-05-12 05:00:00+00:00,98.09500122070312
2026-05-12 06:00:00+00:00,98.20899963378906
2026-05-12 07:00:00+00:00,98.25700378417969
2026-05-12 08:00:00+00:00,98.2699966430664
2026-05-12 09:00:00+00:00,98.25
2026-05-12 10:00:00+00:00,98.29199981689453
2026-05-12 11:00:00+00:00,98.2699966430664
2026-05-12 12:00:00+00:00,98.24500274658203
2026-05-12 13:00:00+00:00,98.39299774169922
2026-05-12 14:00:00+00:00,98.33799743652344
2026-05-12 15:00:00+00:00,98.36799621582031
2026-05-12 16:00:00+00:00,98.40499877929688
2026-05-12 17:00:00+00:00,98.36100006103516
2026-05-12 18:00:00+00:00,98.2979965209961
2026-05-12 19:00:00+00:00,98.29299926757812
2026-05-12 20:00:00+00:00,98.29100036621094
2026-05-12 21:00:00+00:00,98.2959976196289
2026-05-12 22:00:00+00:00,98.28900146484375
2026-05-12 23:00:00+00:00,98.32599639892578
2026-05-13 00:00:00+00:00,98.30899810791016
2026-05-13 01:00:00+00:00,98.29299926757812
2026-05-13 02:00:00+00:00,98.3010025024414
2026-05-13 03:00:00+00:00,98.31900024414062
2026-05-13 04:00:00+00:00,98.33100128173828
2026-05-13 05:00:00+00:00,98.31700134277344
2026-05-13 06:00:00+00:00,98.4229965209961
2026-05-13 07:00:00+00:00,98.5009994506836
2026-05-13 08:00:00+00:00,98.51799774169922
2026-05-13 09:00:00+00:00,98.51300048828125
2026-05-13 10:00:00+00:00,98.48200225830078
2026-05-13 11:00:00+00:00,98.48300170898438
2026-05-13 12:00:00+00:00,98.56600189208984
2026-05-13 13:00:00+00:00,98.5009994506836
2026-05-13 14:00:00+00:00,98.51799774169922
2026-05-13 15:00:00+00:00,98.49199676513672
2026-05-13 16:00:00+00:00,98.51100158691406
2026-05-13 17:00:00+00:00,98.5459976196289
2026-05-13 18:00:00+00:00,98.52400207519531
2026-05-13 19:00:00+00:00,98.4990005493164
2026-05-13 20:00:00+00:00,98.48200225830078
2026-05-13 21:00:00+00:00,98.47000122070312
2026-05-13 22:00:00+00:00,98.4530029296875
2026-05-13 23:00:00+00:00,98.46499633789062
2026-05-14 00:00:00+00:00,98.4520034790039
2026-05-14 01:00:00+00:00,98.48500061035156
2026-05-14 02:00:00+00:00,98.49400329589844
2026-05-14 03:00:00+00:00,98.49299621582031
2026-05-14 04:00:00+00:00,98.46900177001953
2026-05-14 05:00:00+00:00,98.50900268554688
2026-05-14 06:00:00+00:00,98.44499969482422
2026-05-14 07:00:00+00:00,98.53900146484375
2026-05-14 08:00:00+00:00,98.49400329589844
2026-05-14 09:00:00+00:00,98.5270004272461
2026-05-14 10:00:00+00:00,98.52799987792969
2026-05-14 11:00:00+00:00,98.58899688720703
2026-05-14 12:00:00+00:00,98.5999984741211
2026-05-14 13:00:00+00:00,98.64399719238281
2026-05-14 14:00:00+00:00,98.73799896240234
2026-05-14 15:00:00+00:00,98.73999786376953
2026-05-14 16:00:00+00:00,98.78399658203125
2026-05-14 17:00:00+00:00,98.80899810791016
2026-05-14 18:00:00+00:00,98.81900024414062
2026-05-14 19:00:00+00:00,98.87300109863281
2026-05-14 20:00:00+00:00,98.87699890136719
2026-05-14 21:00:00+00:00,98.86799621582031
2026-05-14 22:00:00+00:00,98.87000274658203
2026-05-14 23:00:00+00:00,98.95099639892578
2026-05-15 00:00:00+00:00,99.00700378417969
2026-05-15 01:00:00+00:00,99.08200073242188
2026-05-15 02:00:00+00:00,99.03500366210938
2026-05-15 03:00:00+00:00,99.04199981689453
2026-05-15 04:00:00+00:00,99.08799743652344
2026-05-15 05:00:00+00:00,99.1989974975586
2026-05-15 06:00:00+00:00,99.16200256347656
2026-05-15 07:00:00+00:00,99.13099670410156
2026-05-15 08:00:00+00:00,99.1780014038086
2026-05-15 09:00:00+00:00,99.21199798583984
2026-05-15 10:00:00+00:00,99.03099822998047
2026-05-15 11:00:00+00:00,99.18299865722656
2026-05-15 12:00:00+00:00,99.2229995727539
2026-05-15 13:00:00+00:00,99.26899719238281
2026-05-15 14:00:00+00:00,99.21299743652344
2026-05-15 15:00:00+00:00,99.25599670410156
2026-05-15 16:00:00+00:00,99.21800231933594
2026-05-15 17:00:00+00:00,99.24299621582031
2026-05-15 18:00:00+00:00,99.28399658203125
2026-05-15 19:00:00+00:00,99.29399871826172
2026-05-15 20:00:00+00:00,99.2699966430664
2026-05-17 22:00:00+00:00,99.28299713134766
2026-05-17 23:00:00+00:00,99.36199951171875
2026-05-18 00:00:00+00:00,99.38300323486328
2026-05-18 01:00:00+00:00,99.34500122070312
2026-05-18 02:00:00+00:00,99.35700225830078
2026-05-18 03:00:00+00:00,99.3219985961914
2026-05-18 04:00:00+00:00,99.32499694824219
2026-05-18 05:00:00+00:00,99.3010025024414
2026-05-18 06:00:00+00:00,99.18099975585938
2026-05-18 07:00:00+00:00,99.20899963378906
2026-05-18 08:00:00+00:00,99.11799621582031
2026-05-18 09:00:00+00:00,99.17900085449219
2026-05-18 10:00:00+00:00,99.24600219726562
2026-05-18 11:00:00+00:00,99.12300109863281
2026-05-18 12:00:00+00:00,99.02899932861328
2026-05-18 13:00:00+00:00,99.04900360107422
2026-05-18 14:00:00+00:00,99.0999984741211
2026-05-18 15:00:00+00:00,99.04499816894531
2026-05-18 16:00:00+00:00,99.0270004272461
2026-05-18 17:00:00+00:00,99.04000091552734
2026-05-18 18:00:00+00:00,99.19300079345703
2026-05-18 19:00:00+00:00,99.01699829101562
2026-05-18 20:00:00+00:00,98.98300170898438
2026-05-18 21:00:00+00:00,98.96099853515625
2026-05-18 22:00:00+00:00,98.9540023803711
2026-05-18 23:00:00+00:00,98.99099731445312
2026-05-19 00:00:00+00:00,99.08100128173828
2026-05-19 01:00:00+00:00,99.072998046875
2026-05-19 02:00:00+00:00,99.08999633789062
2026-05-19 03:00:00+00:00,99.09500122070312
2026-05-19 04:00:00+00:00,99.14099884033203
2026-05-19 05:00:00+00:00,99.09700012207031
2026-05-19 06:00:00+00:00,99.14900207519531
2026-05-19 07:00:00+00:00,99.14299774169922
2026-05-19 08:00:00+00:00,99.23600006103516
2026-05-19 09:00:00+00:00,99.24099731445312
2026-05-19 10:00:00+00:00,99.2239990234375
2026-05-19 11:00:00+00:00,99.25599670410156
2026-05-19 12:00:00+00:00,99.25
2026-05-19 13:00:00+00:00,99.28299713134766
2026-05-19 14:00:00+00:00,99.39900207519531
2026-05-19 15:00:00+00:00,99.34400177001953
2026-05-19 16:00:00+00:00,99.28299713134766
2026-05-19 17:00:00+00:00,99.26000213623047
2026-05-19 18:00:00+00:00,99.3270034790039
2026-05-19 19:00:00+00:00,99.30999755859375
2026-05-19 20:00:00+00:00,99.31500244140625
2026-05-19 21:00:00+00:00,99.29900360107422
2026-05-19 22:00:00+00:00,99.30799865722656
2026-05-19 23:00:00+00:00,99.30799865722656
2026-05-20 00:00:00+00:00,99.3499984741211
2026-05-20 01:00:00+00:00,99.37799835205078
2026-05-20 02:00:00+00:00,99.36199951171875
2026-05-20 03:00:00+00:00,99.3239974975586
2026-05-20 04:00:00+00:00,99.37100219726562
2026-05-20 05:00:00+00:00,99.38200378417969
2026-05-20 06:00:00+00:00,99.38200378417969
2026-05-20 07:00:00+00:00,99.41400146484375
2026-05-20 08:00:00+00:00,99.41999816894531
2026-05-20 09:00:00+00:00,99.44300079345703
2026-05-20 10:00:00+00:00,99.34400177001953
2026-05-20 11:00:00+00:00,99.33300018310547
2026-05-20 12:00:00+00:00,99.36900329589844
2026-05-20 13:00:00+00:00,99.41500091552734
2026-05-20 14:00:00+00:00,99.16500091552734
2026-05-20 15:00:00+00:00,99.15799713134766
2026-05-20 16:00:00+00:00,99.11900329589844
2026-05-20 17:00:00+00:00,99.1729965209961
2026-05-20 18:00:00+00:00,99.09200286865234
2026-05-20 19:00:00+00:00,99.10900115966797
2026-05-20 20:00:00+00:00,99.13600158691406
2026-05-20 21:00:00+00:00,99.125
2026-05-20 22:00:00+00:00,99.1259994506836
2026-05-20 23:00:00+00:00,99.13899993896484
2026-05-21 00:00:00+00:00,99.11199951171875
2026-05-21 01:00:00+00:00,99.13500213623047
2026-05-21 02:00:00+00:00,99.20600128173828
2026-05-21 03:00:00+00:00,99.19100189208984
2026-05-21 04:00:00+00:00,99.16799926757812
2026-05-21 05:00:00+00:00,99.17400360107422
2026-05-21 06:00:00+00:00,99.18900299072266
2026-05-21 07:00:00+00:00,99.27200317382812
2026-05-21 08:00:00+00:00,99.16899871826172
2026-05-21 09:00:00+00:00,99.13400268554688
2026-05-21 10:00:00+00:00,99.28099822998047
2026-05-21 11:00:00+00:00,99.3280029296875
2026-05-21 12:00:00+00:00,99.35399627685547
2026-05-21 13:00:00+00:00,99.38600158691406
2026-05-21 14:00:00+00:00,99.38800048828125
2026-05-21 15:00:00+00:00,99.41999816894531
2026-05-21 16:00:00+00:00,99.37200164794922
2026-05-21 17:00:00+00:00,99.13800048828125
2026-05-21 18:00:00+00:00,99.25700378417969
2026-05-21 19:00:00+00:00,99.16699981689453
2026-05-21 20:00:00+00:00,99.2040023803711
2026-05-21 21:00:00+00:00,99.18800354003906
2026-05-21 22:00:00+00:00,99.19100189208984
2026-05-21 23:00:00+00:00,99.20099639892578
2026-05-22 00:00:00+00:00,99.23699951171875
2026-05-22 01:00:00+00:00,99.26799774169922
2026-05-22 02:00:00+00:00,99.24600219726562
2026-05-22 03:00:00+00:00,99.25
2026-05-22 04:00:00+00:00,99.2239990234375
2026-05-22 05:00:00+00:00,99.27400207519531
2026-05-22 06:00:00+00:00,99.26899719238281
2026-05-22 07:00:00+00:00,99.2760009765625
2026-05-22 08:00:00+00:00,99.2699966430664
2026-05-22 09:00:00+00:00,99.29499816894531
2026-05-22 10:00:00+00:00,99.34600067138672
2026-05-22 11:00:00+00:00,99.35299682617188
2026-05-22 12:00:00+00:00,99.29100036621094
2026-05-22 13:00:00+00:00,99.29199981689453
2026-05-22 14:00:00+00:00,99.34300231933594
2026-05-22 15:00:00+00:00,99.31600189208984
2026-05-22 16:00:00+00:00,99.2490005493164
2026-05-22 17:00:00+00:00,99.2300033569336
2026-05-22 18:00:00+00:00,99.23899841308594
2026-05-22 19:00:00+00:00,99.29000091552734
2026-05-22 20:00:00+00:00,99.31900024414062
2026-05-24 22:00:00+00:00,99.00499725341797
2026-05-24 23:00:00+00:00,99.02400207519531
2026-05-25 00:00:00+00:00,99.03900146484375
2026-05-25 01:00:00+00:00,99.01599884033203
2026-05-25 02:00:00+00:00,99.0270004272461
2026-05-25 03:00:00+00:00,99.04199981689453
2026-05-26 04:00:00+00:00,99.09100341796875
2026-05-26 05:00:00+00:00,99.11299896240234
2026-05-26 06:00:00+00:00,99.08999633789062
2026-05-26 07:00:00+00:00,99.07599639892578
2026-05-26 08:00:00+00:00,99.08100128173828
2026-05-26 09:00:00+00:00,99.03099822998047
2026-05-26 10:00:00+00:00,99.03500366210938
2026-05-26 11:00:00+00:00,99.0999984741211
2026-05-26 12:00:00+00:00,99.12200164794922
2026-05-26 13:00:00+00:00,99.16000366210938
2026-05-26 14:00:00+00:00,99.17900085449219
2026-05-26 15:00:00+00:00,99.2300033569336
2026-05-26 16:00:00+00:00,99.19599914550781
2026-05-26 17:00:00+00:00,99.20700073242188
2026-05-26 18:00:00+00:00,99.16899871826172
2026-05-26 19:00:00+00:00,99.1449966430664
2026-05-26 20:00:00+00:00,99.1449966430664
2026-05-26 21:00:00+00:00,99.14600372314453
2026-05-26 22:00:00+00:00,99.14099884033203
2026-05-26 23:00:00+00:00,99.10199737548828
2026-05-27 00:00:00+00:00,99.09700012207031
2026-05-27 01:00:00+00:00,99.13500213623047
2026-05-27 02:00:00+00:00,99.09600067138672
2026-05-27 03:00:00+00:00,99.09500122070312
2026-05-27 04:00:00+00:00,99.08100128173828
2026-05-27 05:00:00+00:00,99.10600280761719
2026-05-27 06:00:00+00:00,99.06600189208984
2026-05-27 07:00:00+00:00,99.11100006103516
2026-05-27 08:00:00+00:00,99.08499908447266
2026-05-27 09:00:00+00:00,99.0719985961914
2026-05-27 10:00:00+00:00,99.11499786376953
2026-05-27 11:00:00+00:00,99.1449966430664
2026-05-27 12:00:00+00:00,99.09200286865234
2026-05-27 13:00:00+00:00,99.09200286865234
2026-05-27 14:00:00+00:00,99.24199676513672
2026-05-27 15:00:00+00:00,99.2030029296875
2026-05-27 16:00:00+00:00,99.18099975585938
2026-05-27 17:00:00+00:00,99.21900177001953
2026-05-27 18:00:00+00:00,99.20600128173828
2026-05-27 19:00:00+00:00,99.20899963378906
2026-05-27 20:00:00+00:00,99.23100280761719
2026-05-27 21:00:00+00:00,99.21199798583984
2026-05-27 22:00:00+00:00,99.21900177001953
2026-05-27 23:00:00+00:00,99.2979965209961
2026-05-28 00:00:00+00:00,99.28199768066406
2026-05-28 01:00:00+00:00,99.36499786376953
2026-05-28 02:00:00+00:00,99.34400177001953
2026-05-28 03:00:00+00:00,99.53299713134766
2026-05-28 04:00:00+00:00,99.49600219726562
2026-05-28 05:00:00+00:00,99.43000030517578
2026-05-28 06:00:00+00:00,99.34400177001953
2026-05-28 07:00:00+00:00,99.33699798583984
2026-05-28 08:00:00+00:00,99.3270034790039
2026-05-28 09:00:00+00:00,99.34400177001953
2026-05-28 10:00:00+00:00,99.40799713134766
2026-05-28 11:00:00+00:00,99.31300354003906
2026-05-28 12:00:00+00:00,99.1729965209961
2026-05-28 13:00:00+00:00,99.2229995727539
2026-05-28 14:00:00+00:00,99.06099700927734
2026-05-28 15:00:00+00:00,99.04100036621094
2026-05-28 16:00:00+00:00,98.96199798583984
2026-05-28 17:00:00+00:00,98.98100280761719
2026-05-28 18:00:00+00:00,99.0199966430664
2026-05-28 19:00:00+00:00,99.0199966430664
2026-05-28 20:00:00+00:00,99.00499725341797
2026-05-28 21:00:00+00:00,98.99700164794922
2026-05-28 22:00:00+00:00,98.99299621582031
2026-05-28 23:00:00+00:00,98.99299621582031
2026-05-29 00:00:00+00:00,99.01599884033203
2026-05-29 01:00:00+00:00,99.03900146484375
2026-05-29 02:00:00+00:00,99.04000091552734
2026-05-29 03:00:00+00:00,99.09600067138672
2026-05-29 04:00:00+00:00,99.07099914550781
2026-05-29 05:00:00+00:00,99.05500030517578
2026-05-29 06:00:00+00:00,98.9800033569336
2026-05-29 07:00:00+00:00,99.072998046875
2026-05-29 08:00:00+00:00,99.16699981689453
2026-05-29 09:00:00+00:00,99.09100341796875
2026-05-29 10:00:00+00:00,99.07599639892578
2026-05-29 11:00:00+00:00,99.02999877929688
2026-05-29 12:00:00+00:00,99.02999877929688
2026-05-29 13:00:00+00:00,99.03500366210938
2026-05-29 14:00:00+00:00,98.85199737548828
2026-05-29 15:00:00+00:00,98.81300354003906
2026-05-29 16:00:00+00:00,98.85399627685547
2026-05-29 17:00:00+00:00,98.93000030517578
2026-05-29 18:00:00+00:00,98.90799713134766
2026-05-29 19:00:00+00:00,98.89299774169922
2026-05-29 20:00:00+00:00,98.94200134277344
2026-05-31 22:00:00+00:00,98.99199676513672
2026-05-31 23:00:00+00:00,99.01300048828125
2026-06-01 00:00:00+00:00,99.03700256347656
2026-06-01 01:00:00+00:00,99.05500030517578
2026-06-01 02:00:00+00:00,99.04399871826172
2026-06-01 03:00:00+00:00,99.06700134277344
2026-06-01 04:00:00+00:00,99.02899932861328
2026-06-01 05:00:00+00:00,99.01000213623047
2026-06-01 06:00:00+00:00,98.9219970703125
2026-06-01 07:00:00+00:00,98.98899841308594
2026-06-01 08:00:00+00:00,98.9749984741211
2026-06-01 09:00:00+00:00,99.03700256347656
2026-06-01 10:00:00+00:00,99.05000305175781
2026-06-01 11:00:00+00:00,99.06099700927734
2026-06-01 12:00:00+00:00,99.05400085449219
2026-06-01 13:00:00+00:00,99.35299682617188
2026-06-01 14:00:00+00:00,99.30000305175781
2026-06-01 15:00:00+00:00,99.24299621582031
2026-06-01 16:00:00+00:00,99.18399810791016
2026-06-01 17:00:00+00:00,99.15399932861328
2026-06-01 18:00:00+00:00,99.20099639892578
2026-06-01 19:00:00+00:00,99.19000244140625
2026-06-01 20:00:00+00:00,99.19599914550781
2026-06-01 21:00:00+00:00,99.16799926757812
2026-06-01 22:00:00+00:00,99.18099975585938
2026-06-01 23:00:00+00:00,99.1719970703125
2026-06-02 00:00:00+00:00,99.20500183105469
2026-06-02 01:00:00+00:00,99.21299743652344
2026-06-02 02:00:00+00:00,99.20999908447266
2026-06-02 03:00:00+00:00,99.18199920654297
2026-06-02 04:00:00+00:00,99.15699768066406
2026-06-02 05:00:00+00:00,99.16400146484375
2026-06-02 06:00:00+00:00,99.06099700927734
2026-06-02 07:00:00+00:00,99.0780029296875
2026-06-02 08:00:00+00:00,99.13200378417969
2026-06-02 09:00:00+00:00,99.12799835205078
2026-06-02 10:00:00+00:00,99.125
2026-06-02 11:00:00+00:00,99.08100128173828
2026-06-02 12:00:00+00:00,99.08499908447266
2026-06-02 13:00:00+00:00,99.12200164794922
2026-06-02 14:00:00+00:00,99.12699890136719
2026-06-02 15:00:00+00:00,99.12999725341797
2026-06-02 16:00:00+00:00,99.22200012207031
2026-06-02 17:00:00+00:00,99.27799987792969
2026-06-02 18:00:00+00:00,99.21900177001953
2026-06-02 19:00:00+00:00,99.2030029296875
2026-06-02 20:00:00+00:00,99.21299743652344
2026-06-02 21:00:00+00:00,99.22000122070312
2026-06-02 22:00:00+00:00,99.2239990234375
2026-06-02 23:00:00+00:00,99.2959976196289
2026-06-03 00:00:00+00:00,99.23500061035156
2026-06-03 01:00:00+00:00,99.22200012207031
2026-06-03 02:00:00+00:00,99.23699951171875
2026-06-03 03:00:00+00:00,99.24600219726562
2026-06-03 04:00:00+00:00,99.26100158691406
2026-06-03 05:00:00+00:00,99.31600189208984
2026-06-03 06:00:00+00:00,99.33699798583984
2026-06-03 07:00:00+00:00,99.31099700927734
2026-06-03 08:00:00+00:00,99.37999725341797
2026-06-03 09:00:00+00:00,99.3499984741211
2026-06-03 10:00:00+00:00,99.33100128173828
2026-06-03 11:00:00+00:00,99.3239974975586
2026-06-03 12:00:00+00:00,99.46099853515625
2026-06-03 13:00:00+00:00,99.46199798583984
2026-06-03 14:00:00+00:00,99.40599822998047
2026-06-03 15:00:00+00:00,99.46800231933594
2026-06-03 16:00:00+00:00,99.50800323486328
2026-06-03 17:00:00+00:00,99.53299713134766
2026-06-03 18:00:00+00:00,99.52899932861328
2026-06-03 19:00:00+00:00,99.52999877929688
2026-06-03 20:00:00+00:00,99.53800201416016
2026-06-03 21:00:00+00:00,99.52200317382812
2026-06-03 22:00:00+00:00,99.55000305175781
2026-06-03 23:00:00+00:00,99.447998046875
2026-06-04 00:00:00+00:00,99.45800018310547
2026-06-04 01:00:00+00:00,99.43900299072266
2026-06-04 02:00:00+00:00,99.43900299072266
2026-06-04 03:00:00+00:00,99.47200012207031
2026-06-04 04:00:00+00:00,99.43699645996094
2026-06-04 05:00:00+00:00,99.44499969482422
2026-06-04 06:00:00+00:00,99.44400024414062
2026-06-04 07:00:00+00:00,99.48799896240234
2026-06-04 08:00:00+00:00,99.4219970703125
2026-06-04 09:00:00+00:00,99.3290023803711
2026-06-04 10:00:00+00:00,99.302001953125
2026-06-04 11:00:00+00:00,99.2020034790039
2026-06-04 12:00:00+00:00,99.23799896240234
2026-06-04 13:00:00+00:00,99.24600219726562
2026-06-04 14:00:00+00:00,99.3010025024414
2026-06-04 15:00:00+00:00,99.31800079345703
2026-06-04 16:00:00+00:00,99.3479995727539
2026-06-04 17:00:00+00:00,99.3740005493164
2026-06-04 18:00:00+00:00,99.41300201416016
2026-06-04 19:00:00+00:00,99.43299865722656
2026-06-04 20:00:00+00:00,99.44599914550781
2026-06-04 21:00:00+00:00,99.4229965209961
2026-06-04 22:00:00+00:00,99.43199920654297
2026-06-04 23:00:00+00:00,99.43299865722656
2026-06-05 00:00:00+00:00,99.4280014038086
2026-06-05 01:00:00+00:00,99.4280014038086
2026-06-05 02:00:00+00:00,99.41899871826172
2026-06-05 03:00:00+00:00,99.41500091552734
2026-06-05 04:00:00+00:00,99.40399932861328
2026-06-05 05:00:00+00:00,99.41000366210938
2026-06-05 06:00:00+00:00,99.3489990234375
2026-06-05 07:00:00+00:00,99.2770004272461
2026-06-05 08:00:00+00:00,99.2490005493164
2026-06-05 09:00:00+00:00,99.21800231933594
2026-06-05 10:00:00+00:00,99.1969985961914
2026-06-05 11:00:00+00:00,99.19499969482422
2026-06-05 12:00:00+00:00,99.61499786376953
2026-06-05 13:00:00+00:00,99.69999694824219
2026-06-05 14:00:00+00:00,99.80500030517578
2026-06-05 15:00:00+00:00,99.99099731445312
2026-06-05 16:00:00+00:00,99.99700164794922
2026-06-05 17:00:00+00:00,100.06999969482422
2026-06-05 18:00:00+00:00,100.06900024414062
2026-06-05 19:00:00+00:00,100.0530014038086
2026-06-05 20:00:00+00:00,100.07099914550781
2026-06-07 22:00:00+00:00,100.15399932861328
2026-06-07 23:00:00+00:00,100.08599853515625
2026-06-08 00:00:00+00:00,100.0
2026-06-08 01:00:00+00:00,100.06800079345703
2026-06-08 02:00:00+00:00,100.05599975585938
2026-06-08 03:00:00+00:00,100.02899932861328
2026-06-08 04:00:00+00:00,100.03600311279297
2026-06-08 05:00:00+00:00,100.11100006103516
2026-06-08 06:00:00+00:00,100.13400268554688
2026-06-08 07:00:00+00:00,100.11699676513672
2026-06-08 08:00:00+00:00,100.1510009765625
2026-06-08 09:00:00+00:00,100.11299896240234
2026-06-08 10:00:00+00:00,100.03299713134766
2026-06-08 11:00:00+00:00,99.93800354003906
2026-06-08 12:00:00+00:00,99.90499877929688
2026-06-08 13:00:00+00:00,99.91899871826172
2026-06-08 14:00:00+00:00,99.93199920654297
2026-06-08 15:00:00+00:00,99.93499755859375
2026-06-08 16:00:00+00:00,99.96900177001953
2026-06-08 17:00:00+00:00,99.9749984741211
2026-06-08 18:00:00+00:00,100.04499816894531
2026-06-08 19:00:00+00:00,100.02400207519531
2026-06-08 20:00:00+00:00,100.01300048828125
2026-06-08 21:00:00+00:00,99.97899627685547
2026-06-08 22:00:00+00:00,100.0
2026-06-08 23:00:00+00:00,100.0479965209961
2026-06-09 00:00:00+00:00,100.0270004272461
2026-06-09 01:00:00+00:00,99.95500183105469
2026-06-09 02:00:00+00:00,99.9739990234375
2026-06-09 03:00:00+00:00,99.97799682617188
2026-06-09 04:00:00+00:00,99.90899658203125
2026-06-09 05:00:00+00:00,99.9010009765625
2026-06-09 06:00:00+00:00,99.90799713134766
2026-06-09 07:00:00+00:00,99.94400024414062
2026-06-09 08:00:00+00:00,99.86499786376953
2026-06-09 09:00:00+00:00,99.80599975585938
2026-06-09 10:00:00+00:00,99.7699966430664
2026-06-09 11:00:00+00:00,99.71199798583984
2026-06-09 12:00:00+00:00,99.70899963378906
2026-06-09 13:00:00+00:00,99.76899719238281
2026-06-09 14:00:00+00:00,99.81700134277344
2026-06-09 15:00:00+00:00,99.86199951171875
2026-06-09 16:00:00+00:00,99.98899841308594
2026-06-09 17:00:00+00:00,99.9229965209961
2026-06-09 18:00:00+00:00,99.90899658203125
2026-06-09 19:00:00+00:00,99.96800231933594
2026-06-09 20:00:00+00:00,99.95500183105469
2026-06-09 21:00:00+00:00,99.98500061035156
2026-06-09 22:00:00+00:00,99.99500274658203
2026-06-09 23:00:00+00:00,100.01699829101562
2026-06-10 00:00:00+00:00,99.96600341796875
2026-06-10 01:00:00+00:00,99.99600219726562
2026-06-10 02:00:00+00:00,99.97000122070312
2026-06-10 03:00:00+00:00,99.91200256347656
2026-06-10 04:00:00+00:00,99.94200134277344
2026-06-10 05:00:00+00:00,99.87899780273438
2026-06-10 06:00:00+00:00,99.9229965209961
2026-06-10 07:00:00+00:00,99.88800048828125
2026-06-10 08:00:00+00:00,99.90299987792969
2026-06-10 09:00:00+00:00,99.86399841308594
2026-06-10 10:00:00+00:00,99.90899658203125
2026-06-10 11:00:00+00:00,100.00800323486328
2026-06-10 12:00:00+00:00,99.9229965209961
2026-06-10 13:00:00+00:00,99.8030014038086
2026-06-10 14:00:00+00:00,99.89199829101562
2026-06-10 15:00:00+00:00,99.91899871826172
2026-06-10 16:00:00+00:00,99.89700317382812
2026-06-10 17:00:00+00:00,99.90799713134766
2026-06-10 18:00:00+00:00,99.9469985961914
2026-06-10 19:00:00+00:00,100.00299835205078
2026-06-10 20:00:00+00:00,100.04499816894531
2026-06-10 21:00:00+00:00,100.03700256347656
2026-06-10 22:00:00+00:00,100.08200073242188
2026-06-10 23:00:00+00:00,100.0530014038086
2026-06-11 00:00:00+00:00,99.99299621582031
2026-06-11 01:00:00+00:00,99.90499877929688
2026-06-11 02:00:00+00:00,99.95099639892578
2026-06-11 03:00:00+00:00,99.96800231933594
2026-06-11 04:00:00+00:00,99.94000244140625
2026-06-11 05:00:00+00:00,99.9520034790039
2026-06-11 06:00:00+00:00,100.00299835205078
2026-06-11 07:00:00+00:00,99.99199676513672
2026-06-11 08:00:00+00:00,100.08999633789062
2026-06-11 09:00:00+00:00,100.07599639892578
2026-06-11 10:00:00+00:00,100.10099792480469
2026-06-11 11:00:00+00:00,100.05400085449219
2026-06-11 12:00:00+00:00,100.05799865722656
2026-06-11 13:00:00+00:00,100.1240005493164
2026-06-11 14:00:00+00:00,100.2249984741211
2026-06-11 15:00:00+00:00,100.23200225830078
2026-06-11 16:00:00+00:00,100.26799774169922
2026-06-11 17:00:00+00:00,99.91100311279297
2026-06-11 18:00:00+00:00,99.85800170898438
2026-06-11 19:00:00+00:00,99.67400360107422
2026-06-11 20:00:00+00:00,99.69499969482422
2026-06-11 21:00:00+00:00,99.69999694824219
2026-06-11 22:00:00+00:00,99.67500305175781
2026-06-11 23:00:00+00:00,99.73500061035156
2026-06-12 00:00:00+00:00,99.78500366210938
2026-06-12 01:00:00+00:00,99.83100128173828
2026-06-12 02:00:00+00:00,99.80999755859375
2026-06-12 03:00:00+00:00,99.76300048828125
2026-06-12 04:00:00+00:00,99.77100372314453
2026-06-12 05:00:00+00:00,99.87999725341797
2026-06-12 06:00:00+00:00,99.78399658203125
2026-06-12 07:00:00+00:00,99.82599639892578
2026-06-12 08:00:00+00:00,99.7300033569336
2026-06-12 09:00:00+00:00,99.66799926757812
2026-06-12 10:00:00+00:00,99.7490005493164
2026-06-12 11:00:00+00:00,99.7760009765625
2026-06-12 12:00:00+00:00,99.83999633789062
2026-06-12 13:00:00+00:00,99.8010025024414
2026-06-12 14:00:00+00:00,99.74500274658203
2026-06-12 15:00:00+00:00,99.74700164794922
2026-06-12 16:00:00+00:00,99.73899841308594
2026-06-12 17:00:00+00:00,99.73999786376953
2026-06-12 18:00:00+00:00,99.74700164794922
2026-06-12 19:00:00+00:00,99.76599884033203
2026-06-12 20:00:00+00:00,99.80699920654297
2026-06-14 22:00:00+00:00,99.47699737548828
2026-06-14 23:00:00+00:00,99.51499938964844
2026-06-15 00:00:00+00:00,99.55500030517578
2026-06-15 01:00:00+00:00,99.5780029296875
2026-06-15 02:00:00+00:00,99.55599975585938
2026-06-15 03:00:00+00:00,99.51100158691406
2026-06-15 04:00:00+00:00,99.4540023803711
2026-06-15 05:00:00+00:00,99.42500305175781
2026-06-15 06:00:00+00:00,99.51799774169922
2026-06-15 07:00:00+00:00,99.5260009765625
2026-06-15 08:00:00+00:00,99.56400299072266
2026-06-15 09:00:00+00:00,99.52799987792969
2026-06-15 10:00:00+00:00,99.50900268554688
2026-06-15 11:00:00+00:00,99.53700256347656
2026-06-15 12:00:00+00:00,99.4800033569336
2026-06-15 13:00:00+00:00,99.46199798583984
2026-06-15 14:00:00+00:00,99.50399780273438
2026-06-15 15:00:00+00:00,99.58799743652344
2026-06-15 16:00:00+00:00,99.55699920654297
2026-06-15 17:00:00+00:00,99.58699798583984
2026-06-15 18:00:00+00:00,99.63099670410156
2026-06-15 19:00:00+00:00,99.70700073242188
2026-06-15 20:00:00+00:00,99.6729965209961
2026-06-15 21:00:00+00:00,99.66999816894531
2026-06-15 22:00:00+00:00,99.66200256347656
2026-06-15 23:00:00+00:00,99.65399932861328
2026-06-16 00:00:00+00:00,99.63700103759766
2026-06-16 01:00:00+00:00,99.677001953125
2026-06-16 02:00:00+00:00,99.67900085449219
2026-06-16 03:00:00+00:00,99.697998046875
2026-06-16 04:00:00+00:00,99.75700378417969
2026-06-16 05:00:00+00:00,99.78399658203125
2026-06-16 06:00:00+00:00,99.69400024414062
2026-06-16 07:00:00+00:00,99.63700103759766
2026-06-16 08:00:00+00:00,99.58499908447266
2026-06-16 09:00:00+00:00,99.61699676513672
2026-06-16 10:00:00+00:00,99.53299713134766
2026-06-16 11:00:00+00:00,99.63899993896484
2026-06-16 12:00:00+00:00,99.62799835205078
2026-06-16 13:00:00+00:00,99.66400146484375
2026-06-16 14:00:00+00:00,99.55599975585938
2026-06-16 15:00:00+00:00,99.50199890136719
2026-06-16 16:00:00+00:00,99.51200103759766
2026-06-16 17:00:00+00:00,99.53700256347656
2026-06-16 18:00:00+00:00,99.54000091552734
2026-06-16 19:00:00+00:00,99.56600189208984
2026-06-16 20:00:00+00:00,99.55899810791016
2026-06-16 21:00:00+00:00,99.54900360107422
2026-06-16 22:00:00+00:00,99.54000091552734
2026-06-16 23:00:00+00:00,99.5510025024414
2026-06-17 00:00:00+00:00,99.50499725341797
2026-06-17 01:00:00+00:00,99.52200317382812
2026-06-17 02:00:00+00:00,99.53900146484375
2026-06-17 03:00:00+00:00,99.52999877929688
2026-06-17 04:00:00+00:00,99.50900268554688
2026-06-17 05:00:00+00:00,99.51699829101562
2026-06-17 06:00:00+00:00,99.54900360107422
2026-06-17 07:00:00+00:00,99.53299713134766
2026-06-17 08:00:00+00:00,99.5790023803711
2026-06-17 09:00:00+00:00,99.56600189208984
2026-06-17 10:00:00+00:00,99.6240005493164
2026-06-17 11:00:00+00:00,99.6709976196289
2026-06-17 12:00:00+00:00,99.59600067138672
2026-06-17 13:00:00+00:00,99.625
2026-06-17 14:00:00+00:00,99.69999694824219
2026-06-17 15:00:00+00:00,99.67900085449219
2026-06-17 16:00:00+00:00,99.68399810791016
2026-06-17 17:00:00+00:00,99.63700103759766
2026-06-17 18:00:00+00:00,100.08899688720703
2026-06-17 19:00:00+00:00,100.46099853515625
2026-06-17 20:00:00+00:00,100.38600158691406
2026-06-17 21:00:00+00:00,100.37300109863281
2026-06-17 22:00:00+00:00,100.38800048828125
2026-06-17 23:00:00+00:00,100.35099792480469
2026-06-18 00:00:00+00:00,100.29199981689453
2026-06-18 01:00:00+00:00,100.28299713134766
2026-06-18 02:00:00+00:00,100.26499938964844
2026-06-18 03:00:00+00:00,100.2300033569336
2026-06-18 04:00:00+00:00,100.23600006103516
2026-06-18 05:00:00+00:00,100.33399963378906
2026-06-18 06:00:00+00:00,100.26499938964844
2026-06-18 07:00:00+00:00,100.31700134277344
2026-06-18 08:00:00+00:00,100.5780029296875
2026-06-18 09:00:00+00:00,100.61299896240234
2026-06-18 10:00:00+00:00,100.73999786376953
2026-06-18 11:00:00+00:00,100.78399658203125
2026-06-18 12:00:00+00:00,100.6729965209961
2026-06-18 13:00:00+00:00,100.65299987792969
2026-06-18 14:00:00+00:00,100.55799865722656
2026-06-18 15:00:00+00:00,100.74400329589844
2026-06-18 16:00:00+00:00,100.77799987792969
2026-06-18 17:00:00+00:00,100.81099700927734
2026-06-18 18:00:00+00:00,100.8489990234375
2026-06-18 19:00:00+00:00,100.83899688720703
2026-06-18 20:00:00+00:00,100.83100128173828
2026-06-18 21:00:00+00:00,100.79100036621094
2026-06-18 22:00:00+00:00,100.81400299072266
2026-06-18 23:00:00+00:00,100.8290023803711
2026-06-19 00:00:00+00:00,100.77799987792969
2026-06-19 01:00:00+00:00,100.86199951171875
2026-06-19 02:00:00+00:00,100.8489990234375
2026-06-19 03:00:00+00:00,100.9489974975586
2026-06-21 22:00:00+00:00,100.8499984741211
2026-06-21 23:00:00+00:00,100.85199737548828
2026-06-22 00:00:00+00:00,100.81600189208984
2026-06-22 01:00:00+00:00,100.84300231933594
2026-06-22 02:00:00+00:00,100.82499694824219
2026-06-22 03:00:00+00:00,100.90499877929688
2026-06-22 04:00:00+00:00,100.91500091552734
2026-06-22 05:00:00+00:00,100.9229965209961
2026-06-22 06:00:00+00:00,100.88200378417969
2026-06-22 07:00:00+00:00,100.97799682617188
2026-06-22 08:00:00+00:00,100.94400024414062
2026-06-22 09:00:00+00:00,100.87699890136719
2026-06-22 10:00:00+00:00,100.87999725341797
2026-06-22 11:00:00+00:00,100.93199920654297
2026-06-22 12:00:00+00:00,100.86100006103516
2026-06-22 13:00:00+00:00,101.04100036621094
2026-06-22 14:00:00+00:00,100.87000274658203
2026-06-22 15:00:00+00:00,100.98799896240234
2026-06-22 16:00:00+00:00,100.99199676513672
2026-06-22 17:00:00+00:00,100.9990005493164
2026-06-22 18:00:00+00:00,101.0199966430664
2026-06-22 19:00:00+00:00,101.02400207519531
2026-06-22 20:00:00+00:00,101.00199890136719
2026-06-22 21:00:00+00:00,100.99600219726562
2026-06-22 22:00:00+00:00,100.99600219726562
2026-06-22 23:00:00+00:00,101.01300048828125
2026-06-23 00:00:00+00:00,101.01499938964844
2026-06-23 01:00:00+00:00,101.02200317382812
2026-06-23 02:00:00+00:00,101.03399658203125
2026-06-23 03:00:00+00:00,101.00199890136719
2026-06-23 04:00:00+00:00,101.0770034790039
2026-06-23 05:00:00+00:00,101.06199645996094
2026-06-23 06:00:00+00:00,101.07599639892578
2026-06-23 07:00:00+00:00,101.13099670410156
2026-06-23 08:00:00+00:00,101.16400146484375
2026-06-23 09:00:00+00:00,101.13200378417969
2026-06-23 10:00:00+00:00,101.21399688720703
2026-06-23 11:00:00+00:00,101.3270034790039
2026-06-23 12:00:00+00:00,101.29399871826172
2026-06-23 13:00:00+00:00,101.28099822998047
2026-06-23 14:00:00+00:00,101.35099792480469
2026-06-23 15:00:00+00:00,101.36900329589844
2026-06-23 16:00:00+00:00,101.4000015258789
2026-06-23 17:00:00+00:00,101.4010009765625
2026-06-23 18:00:00+00:00,101.40799713134766
2026-06-23 19:00:00+00:00,101.39299774169922
2026-06-23 20:00:00+00:00,101.37699890136719
2026-06-23 21:00:00+00:00,101.36000061035156
2026-06-23 22:00:00+00:00,101.38999938964844
2026-06-23 23:00:00+00:00,101.39199829101562
2026-06-24 00:00:00+00:00,101.41100311279297
2026-06-24 01:00:00+00:00,101.4000015258789
2026-06-24 02:00:00+00:00,101.46800231933594
2026-06-24 03:00:00+00:00,101.45800018310547
2026-06-24 04:00:00+00:00,101.48899841308594
2026-06-24 05:00:00+00:00,101.46499633789062
2026-06-24 06:00:00+00:00,101.54199981689453
2026-06-24 07:00:00+00:00,101.58899688720703
2026-06-24 08:00:00+00:00,101.5780029296875
2026-06-24 09:00:00+00:00,101.63500213623047
2026-06-24 10:00:00+00:00,101.68099975585938
2026-06-24 11:00:00+00:00,101.6729965209961
2026-06-24 12:00:00+00:00,101.76599884033203
2026-06-24 13:00:00+00:00,101.65699768066406
2026-06-24 14:00:00+00:00,101.70099639892578
2026-06-24 15:00:00+00:00,101.6449966430664
2026-06-24 16:00:00+00:00,101.55699920654297
2026-06-24 17:00:00+00:00,101.64800262451172
2026-06-24 18:00:00+00:00,101.60900115966797
2026-06-24 19:00:00+00:00,101.62100219726562
2026-06-24 20:00:00+00:00,101.57499694824219
2026-06-24 21:00:00+00:00,101.56800079345703
2026-06-24 22:00:00+00:00,101.58399963378906
2026-06-24 23:00:00+00:00,101.60600280761719
2026-06-25 00:00:00+00:00,101.60600280761719
2026-06-25 01:00:00+00:00,101.56999969482422
2026-06-25 02:00:00+00:00,101.5270004272461
2026-06-25 03:00:00+00:00,101.49199676513672
2026-06-25 04:00:00+00:00,101.5009994506836
2026-06-25 05:00:00+00:00,101.55000305175781
2026-06-25 06:00:00+00:00,101.6050033569336
2026-06-25 07:00:00+00:00,101.54100036621094
2026-06-25 08:00:00+00:00,101.48300170898438
2026-06-25 09:00:00+00:00,101.53399658203125
2026-06-25 10:00:00+00:00,101.66000366210938
2026-06-25 11:00:00+00:00,101.71800231933594
2026-06-25 12:00:00+00:00,101.59500122070312
2026-06-25 13:00:00+00:00,101.50900268554688
2026-06-25 14:00:00+00:00,101.40299987792969
2026-06-25 15:00:00+00:00,101.33000183105469
2026-06-25 16:00:00+00:00,101.41000366210938
2026-06-25 17:00:00+00:00,101.41600036621094
2026-06-25 18:00:00+00:00,101.43099975585938
2026-06-25 19:00:00+00:00,101.4229965209961
2026-06-25 20:00:00+00:00,101.45700073242188
2026-06-25 21:00:00+00:00,101.42500305175781
2026-06-25 22:00:00+00:00,101.44100189208984
2026-06-25 23:00:00+00:00,101.51000213623047
2026-06-26 00:00:00+00:00,101.48500061035156
2026-06-26 01:00:00+00:00,101.51799774169922
2026-06-26 02:00:00+00:00,101.53299713134766
2026-06-26 03:00:00+00:00,101.43099975585938
2026-06-26 04:00:00+00:00,101.38400268554688
2026-06-26 05:00:00+00:00,101.36100006103516
2026-06-26 06:00:00+00:00,101.4020004272461
2026-06-26 07:00:00+00:00,101.33000183105469
2026-06-26 08:00:00+00:00,101.22899627685547
2026-06-26 09:00:00+00:00,101.18900299072266
2026-06-26 10:00:00+00:00,101.19999694824219
2026-06-26 11:00:00+00:00,101.2509994506836
2026-06-26 12:00:00+00:00,101.08999633789062
2026-06-26 13:00:00+00:00,101.08300018310547
2026-06-26 14:00:00+00:00,101.30999755859375
2026-06-26 15:00:00+00:00,101.22000122070312
2026-06-26 16:00:00+00:00,101.3270034790039
2026-06-26 17:00:00+00:00,101.3550033569336
2026-06-26 18:00:00+00:00,101.35700225830078
2026-06-26 19:00:00+00:00,101.33699798583984
2026-06-26 20:00:00+00:00,101.36599731445312
2026-06-28 22:00:00+00:00,101.36699676513672
2026-06-28 23:00:00+00:00,101.36599731445312
2026-06-29 00:00:00+00:00,101.3479995727539
2026-06-29 01:00:00+00:00,101.36799621582031
2026-06-29 02:00:00+00:00,101.34500122070312
2026-06-29 03:00:00+00:00,101.36900329589844
2026-06-29 04:00:00+00:00,101.38099670410156
2026-06-29 05:00:00+00:00,101.29299926757812
2026-06-29 06:00:00+00:00,101.16300201416016
2026-06-29 07:00:00+00:00,101.2490005493164
2026-06-29 08:00:00+00:00,101.30899810791016
2026-06-29 09:00:00+00:00,101.2490005493164
2026-06-29 10:00:00+00:00,101.23699951171875
2026-06-29 11:00:00+00:00,101.2020034790039
2026-06-29 12:00:00+00:00,101.25499725341797
2026-06-29 13:00:00+00:00,101.21299743652344
2026-06-29 14:00:00+00:00,101.14600372314453
2026-06-29 15:00:00+00:00,101.12899780273438
2026-06-29 16:00:00+00:00,101.10700225830078
2026-06-29 17:00:00+00:00,101.09200286865234
2026-06-29 18:00:00+00:00,101.1050033569336
2026-06-29 19:00:00+00:00,101.09500122070312
2026-06-29 20:00:00+00:00,101.12100219726562
2026-06-29 21:00:00+00:00,101.10700225830078
2026-06-29 22:00:00+00:00,101.11100006103516
2026-06-29 23:00:00+00:00,101.14600372314453
2026-06-30 00:00:00+00:00,101.19300079345703
2026-06-30 01:00:00+00:00,101.28800201416016
2026-06-30 02:00:00+00:00,101.28299713134766
2026-06-30 03:00:00+00:00,101.31700134277344
2026-06-30 04:00:00+00:00,101.37899780273438
2026-06-30 05:00:00+00:00,101.41400146484375
2026-06-30 06:00:00+00:00,101.2760009765625
2026-06-30 07:00:00+00:00,101.31500244140625
2026-06-30 08:00:00+00:00,101.36199951171875
2026-06-30 09:00:00+00:00,101.33999633789062
2026-06-30 10:00:00+00:00,101.302001953125
2026-06-30 11:00:00+00:00,101.3759994506836
2026-06-30 12:00:00+00:00,101.36000061035156
2026-06-30 13:00:00+00:00,101.34600067138672
2026-06-30 14:00:00+00:00,101.07099914550781
2026-06-30 15:00:00+00:00,101.20600128173828
2026-06-30 16:00:00+00:00,101.23600006103516
2026-06-30 17:00:00+00:00,101.177001953125
2026-06-30 18:00:00+00:00,101.18699645996094
2026-06-30 19:00:00+00:00,101.13300323486328
2026-06-30 20:00:00+00:00,101.16899871826172
2026-06-30 21:00:00+00:00,101.16000366210938
2026-06-30 22:00:00+00:00,101.1719970703125
2026-06-30 23:00:00+00:00,101.24199676513672
2026-07-01 00:00:00+00:00,101.27300262451172
2026-07-01 01:00:00+00:00,101.31800079345703
2026-07-01 02:00:00+00:00,101.31999969482422
2026-07-01 03:00:00+00:00,101.33300018310547
2026-07-01 04:00:00+00:00,101.28900146484375
2026-07-01 05:00:00+00:00,101.302001953125
2026-07-01 06:00:00+00:00,101.31700134277344
2026-07-01 07:00:00+00:00,101.32499694824219
2026-07-01 08:00:00+00:00,101.35900115966797
2026-07-01 09:00:00+00:00,101.41699981689453
2026-07-01 10:00:00+00:00,101.33699798583984
2026-07-01 11:00:00+00:00,101.43000030517578
2026-07-01 12:00:00+00:00,101.52200317382812
2026-07-01 13:00:00+00:00,101.31400299072266
2026-07-01 14:00:00+00:00,101.29000091552734
2026-07-01 15:00:00+00:00,101.35199737548828
2026-07-01 16:00:00+00:00,101.35900115966797
2026-07-01 17:00:00+00:00,101.37999725341797
2026-07-01 18:00:00+00:00,101.39199829101562
2026-07-01 19:00:00+00:00,101.4010009765625
2026-07-01 20:00:00+00:00,101.41600036621094
2026-07-01 21:00:00+00:00,101.40599822998047
2026-07-01 22:00:00+00:00,101.41300201416016
2026-07-01 23:00:00+00:00,101.40599822998047
2026-07-02 00:00:00+00:00,101.41500091552734
2026-07-02 01:00:00+00:00,101.37200164794922
2026-07-02 02:00:00+00:00,101.36699676513672
2026-07-02 03:00:00+00:00,101.36499786376953
2026-07-02 04:00:00+00:00,101.3280029296875
2026-07-02 05:00:00+00:00,101.32599639892578
2026-07-02 06:00:00+00:00,101.20899963378906
2026-07-02 07:00:00+00:00,101.0780029296875
2026-07-02 08:00:00+00:00,100.93199920654297
2026-07-02 09:00:00+00:00,101.0270004272461
2026-07-02 10:00:00+00:00,101.052001953125
2026-07-02 11:00:00+00:00,101.12999725341797
2026-07-02 12:00:00+00:00,100.73200225830078
2026-07-02 13:00:00+00:00,100.70700073242188
2026-07-02 14:00:00+00:00,100.76399993896484
2026-07-02 15:00:00+00:00,100.7509994506836
2026-07-02 16:00:00+00:00,100.81999969482422
2026-07-02 17:00:00+00:00,100.87899780273438
2026-07-02 18:00:00+00:00,100.85700225830078
2026-07-02 19:00:00+00:00,100.88300323486328
2026-07-02 20:00:00+00:00,100.86900329589844
2026-07-02 21:00:00+00:00,100.8550033569336
2026-07-02 22:00:00+00:00,100.8479995727539
2026-07-02 23:00:00+00:00,100.9739990234375
2026-07-03 00:00:00+00:00,100.88999938964844
2026-07-03 01:00:00+00:00,100.83899688720703
2026-07-03 02:00:00+00:00,100.80699920654297
2026-07-03 03:00:00+00:00,100.80000305175781
