Datetime,Close
2024-02-08 05:00:00+00:00,2.28410005569458
2024-02-08 06:00:00+00:00,2.2829999923706055
2024-02-08 07:00:00+00:00,2.2797999382019043
2024-02-08 08:00:00+00:00,2.2727999687194824
2024-02-08 09:00:00+00:00,2.2753000259399414
2024-02-08 10:00:00+00:00,2.2887001037597656
2024-02-08 11:00:00+00:00,2.29229998588562
2024-02-08 12:00:00+00:00,2.308300018310547
2024-02-08 13:00:00+00:00,2.305999994277954
2024-02-08 14:00:00+00:00,2.328200101852417
2024-02-08 15:00:00+00:00,2.3134000301361084
2024-02-08 16:00:00+00:00,2.316800117492676
2024-02-08 17:00:00+00:00,2.319999933242798
2024-02-08 18:00:00+00:00,2.321199893951416
2024-02-08 19:00:00+00:00,2.339600086212158
2024-02-08 20:00:00+00:00,2.3410000801086426
2024-02-08 21:00:00+00:00,2.3380000591278076
2024-02-08 23:00:00+00:00,2.3477001190185547
2024-02-09 00:00:00+00:00,2.345400094985962
2024-02-09 01:00:00+00:00,2.3441998958587646
2024-02-09 02:00:00+00:00,2.3466999530792236
2024-02-09 03:00:00+00:00,2.3473000526428223
2024-02-09 04:00:00+00:00,2.3422999382019043
2024-02-09 05:00:00+00:00,2.340100049972534
2024-02-09 06:00:00+00:00,2.338399887084961
2024-02-09 07:00:00+00:00,2.3413000106811523
2024-02-09 08:00:00+00:00,2.34689998626709
2024-02-09 09:00:00+00:00,2.34089994430542
2024-02-09 10:00:00+00:00,2.341599941253662
2024-02-09 11:00:00+00:00,2.3368000984191895
2024-02-09 12:00:00+00:00,2.333400011062622
2024-02-09 13:00:00+00:00,2.3459999561309814
2024-02-09 14:00:00+00:00,2.355799913406372
2024-02-09 15:00:00+00:00,2.33489990234375
2024-02-09 16:00:00+00:00,2.3434998989105225
2024-02-09 17:00:00+00:00,2.3387999534606934
2024-02-09 18:00:00+00:00,2.336699962615967
2024-02-09 19:00:00+00:00,2.333400011062622
2024-02-09 20:00:00+00:00,2.332900047302246
2024-02-09 21:00:00+00:00,2.3338000774383545
2024-02-11 23:00:00+00:00,2.3315999507904053
2024-02-12 00:00:00+00:00,2.3310999870300293
2024-02-12 01:00:00+00:00,2.3303000926971436
2024-02-12 02:00:00+00:00,2.329699993133545
2024-02-12 04:00:00+00:00,2.3296000957489014
2024-02-12 05:00:00+00:00,2.3287999629974365
2024-02-12 06:00:00+00:00,2.328200101852417
2024-02-12 07:00:00+00:00,2.3266000747680664
2024-02-12 08:00:00+00:00,2.3317999839782715
2024-02-12 09:00:00+00:00,2.338200092315674
2024-02-12 10:00:00+00:00,2.3359999656677246
2024-02-12 11:00:00+00:00,2.333400011062622
2024-02-12 12:00:00+00:00,2.3457000255584717
2024-02-12 13:00:00+00:00,2.3368000984191895
2024-02-12 14:00:00+00:00,2.3631999492645264
2024-02-12 15:00:00+00:00,2.34879994392395
2024-02-12 16:00:00+00:00,2.3441998958587646
2024-02-12 17:00:00+00:00,2.337599992752075
2024-02-12 18:00:00+00:00,2.3508999347686768
2024-02-12 19:00:00+00:00,2.3701000213623047
2024-02-12 20:00:00+00:00,2.3682000637054443
2024-02-12 21:00:00+00:00,2.3666000366210938
2024-02-12 23:00:00+00:00,2.3687000274658203
2024-02-13 00:00:00+00:00,2.367799997329712
2024-02-13 01:00:00+00:00,2.367300033569336
2024-02-13 02:00:00+00:00,2.3694000244140625
2024-02-13 03:00:00+00:00,2.36899995803833
2024-02-13 04:00:00+00:00,2.3698999881744385
2024-02-13 05:00:00+00:00,2.3710999488830566
2024-02-13 06:00:00+00:00,2.375
2024-02-13 07:00:00+00:00,2.3680999279022217
2024-02-13 08:00:00+00:00,2.358099937438965
2024-02-13 09:00:00+00:00,2.374300003051758
2024-02-13 10:00:00+00:00,2.380000114440918
2024-02-13 11:00:00+00:00,2.3763999938964844
2024-02-13 12:00:00+00:00,2.381200075149536
2024-02-13 13:00:00+00:00,2.371000051498413
2024-02-13 14:00:00+00:00,2.374799966812134
2024-02-13 15:00:00+00:00,2.380000114440918
2024-02-13 16:00:00+00:00,2.399600028991699
2024-02-13 17:00:00+00:00,2.404099941253662
2024-02-13 18:00:00+00:00,2.4000000953674316
2024-02-13 19:00:00+00:00,2.3898000717163086
2024-02-13 20:00:00+00:00,2.3863000869750977
2024-02-13 21:00:00+00:00,2.398900032043457
2024-02-13 23:00:00+00:00,2.398400068283081
2024-02-14 00:00:00+00:00,2.397599935531616
2024-02-14 01:00:00+00:00,2.393399953842163
2024-02-14 02:00:00+00:00,2.3986001014709473
2024-02-14 03:00:00+00:00,2.3959999084472656
2024-02-14 04:00:00+00:00,2.393899917602539
2024-02-14 05:00:00+00:00,2.3931000232696533
2024-02-14 06:00:00+00:00,2.3961000442504883
2024-02-14 07:00:00+00:00,2.397900104522705
2024-02-14 08:00:00+00:00,2.3947999477386475
2024-02-14 09:00:00+00:00,2.3880999088287354
2024-02-14 10:00:00+00:00,2.3945000171661377
2024-02-14 11:00:00+00:00,2.38919997215271
2024-02-14 12:00:00+00:00,2.3952999114990234
2024-02-14 13:00:00+00:00,2.3898000717163086
2024-02-14 14:00:00+00:00,2.390500068664551
2024-02-14 15:00:00+00:00,2.376300096511841
2024-02-14 16:00:00+00:00,2.345599889755249
2024-02-14 17:00:00+00:00,2.3227999210357666
2024-02-14 18:00:00+00:00,2.3364999294281006
2024-02-14 19:00:00+00:00,2.3108999729156494
2024-02-14 20:00:00+00:00,2.3150999546051025
2024-02-14 21:00:00+00:00,2.310800075531006
2024-02-14 23:00:00+00:00,2.301100015640259
2024-02-15 00:00:00+00:00,2.2983999252319336
2024-02-15 01:00:00+00:00,2.2960000038146973
2024-02-15 02:00:00+00:00,2.297100067138672
2024-02-15 03:00:00+00:00,2.2945001125335693
2024-02-15 04:00:00+00:00,2.2955000400543213
2024-02-15 05:00:00+00:00,2.296999931335449
2024-02-15 06:00:00+00:00,2.2980000972747803
2024-02-15 07:00:00+00:00,2.287400007247925
2024-02-15 08:00:00+00:00,2.3034000396728516
2024-02-15 09:00:00+00:00,2.2874999046325684
2024-02-15 10:00:00+00:00,2.2755000591278076
2024-02-15 11:00:00+00:00,2.277100086212158
2024-02-15 12:00:00+00:00,2.2969000339508057
2024-02-15 13:00:00+00:00,2.3062000274658203
2024-02-15 14:00:00+00:00,2.319200038909912
2024-02-15 15:00:00+00:00,2.338900089263916
2024-02-15 16:00:00+00:00,2.345900058746338
2024-02-15 17:00:00+00:00,2.3132998943328857
2024-02-15 18:00:00+00:00,2.3199000358581543
2024-02-15 19:00:00+00:00,2.3173999786376953
2024-02-15 20:00:00+00:00,2.3129000663757324
2024-02-15 21:00:00+00:00,2.3131000995635986
2024-02-15 23:00:00+00:00,2.3122000694274902
2024-02-16 00:00:00+00:00,2.3125
2024-02-16 01:00:00+00:00,2.3052000999450684
2024-02-16 02:00:00+00:00,2.308500051498413
2024-02-16 03:00:00+00:00,2.304800033569336
2024-02-16 04:00:00+00:00,2.309000015258789
2024-02-16 05:00:00+00:00,2.309799909591675
2024-02-16 06:00:00+00:00,2.310699939727783
2024-02-16 07:00:00+00:00,2.3076999187469482
2024-02-16 08:00:00+00:00,2.2906999588012695
2024-02-16 09:00:00+00:00,2.2785000801086426
2024-02-16 10:00:00+00:00,2.2808001041412354
2024-02-16 11:00:00+00:00,2.282900094985962
2024-02-16 12:00:00+00:00,2.2843000888824463
2024-02-16 13:00:00+00:00,2.301100015640259
2024-02-16 14:00:00+00:00,2.280100107192993
2024-02-16 15:00:00+00:00,2.3085999488830566
2024-02-16 16:00:00+00:00,2.3143999576568604
2024-02-16 17:00:00+00:00,2.3148000240325928
2024-02-16 18:00:00+00:00,2.3196001052856445
2024-02-16 19:00:00+00:00,2.3336000442504883
2024-02-16 20:00:00+00:00,2.3290998935699463
2024-02-16 21:00:00+00:00,2.3261001110076904
2024-02-18 23:00:00+00:00,2.3215999603271484
2024-02-19 00:00:00+00:00,2.32450008392334
2024-02-19 01:00:00+00:00,2.325000047683716
2024-02-19 02:00:00+00:00,2.322999954223633
2024-02-19 03:00:00+00:00,2.324899911880493
2024-02-19 04:00:00+00:00,2.322700023651123
2024-02-20 05:00:00+00:00,2.3187999725341797
2024-02-20 06:00:00+00:00,2.3143999576568604
2024-02-20 07:00:00+00:00,2.3153998851776123
2024-02-20 08:00:00+00:00,2.2955000400543213
2024-02-20 09:00:00+00:00,2.289799928665161
2024-02-20 10:00:00+00:00,2.29259991645813
2024-02-20 11:00:00+00:00,2.2948999404907227
2024-02-20 12:00:00+00:00,2.2880001068115234
2024-02-20 13:00:00+00:00,2.3032000064849854
2024-02-20 14:00:00+00:00,2.293800115585327
2024-02-20 15:00:00+00:00,2.2825000286102295
2024-02-20 16:00:00+00:00,2.297600030899048
2024-02-20 17:00:00+00:00,2.297800064086914
2024-02-20 18:00:00+00:00,2.2776999473571777
2024-02-20 19:00:00+00:00,2.2913999557495117
2024-02-20 20:00:00+00:00,2.29229998588562
2024-02-20 21:00:00+00:00,2.294300079345703
2024-02-20 23:00:00+00:00,2.299799919128418
2024-02-21 00:00:00+00:00,2.297800064086914
2024-02-21 01:00:00+00:00,2.2992000579833984
2024-02-21 02:00:00+00:00,2.2969000339508057
2024-02-21 03:00:00+00:00,2.2980000972747803
2024-02-21 04:00:00+00:00,2.297300100326538
2024-02-21 05:00:00+00:00,2.299099922180176
2024-02-21 06:00:00+00:00,2.2960000038146973
2024-02-21 07:00:00+00:00,2.2925000190734863
2024-02-21 08:00:00+00:00,2.2709999084472656
2024-02-21 09:00:00+00:00,2.286600112915039
2024-02-21 10:00:00+00:00,2.27839994430542
2024-02-21 11:00:00+00:00,2.286400079727173
2024-02-21 12:00:00+00:00,2.2894999980926514
2024-02-21 13:00:00+00:00,2.2883999347686768
2024-02-21 14:00:00+00:00,2.294100046157837
2024-02-21 15:00:00+00:00,2.2939000129699707
2024-02-21 16:00:00+00:00,2.292799949645996
2024-02-21 17:00:00+00:00,2.293299913406372
2024-02-21 18:00:00+00:00,2.2913999557495117
2024-02-21 19:00:00+00:00,2.2804999351501465
2024-02-21 20:00:00+00:00,2.2948999404907227
2024-02-21 21:00:00+00:00,2.287600040435791
2024-02-21 23:00:00+00:00,2.291100025177002
2024-02-22 00:00:00+00:00,2.2899999618530273
2024-02-22 01:00:00+00:00,2.290299892425537
2024-02-22 02:00:00+00:00,2.2901999950408936
2024-02-22 03:00:00+00:00,2.2904000282287598
2024-02-22 05:00:00+00:00,2.2957000732421875
2024-02-22 06:00:00+00:00,2.2971999645233154
2024-02-22 07:00:00+00:00,2.2999000549316406
2024-02-22 08:00:00+00:00,2.296099901199341
2024-02-22 09:00:00+00:00,2.288800001144409
2024-02-22 10:00:00+00:00,2.28410005569458
2024-02-22 11:00:00+00:00,2.2750000953674316
2024-02-22 12:00:00+00:00,2.271399974822998
2024-02-22 13:00:00+00:00,2.255199909210205
2024-02-22 14:00:00+00:00,2.27839994430542
2024-02-22 15:00:00+00:00,2.2832000255584717
2024-02-22 16:00:00+00:00,2.296600103378296
2024-02-22 17:00:00+00:00,2.306999921798706
2024-02-22 18:00:00+00:00,2.313999891281128
2024-02-22 19:00:00+00:00,2.324399948120117
2024-02-22 20:00:00+00:00,2.3201000690460205
2024-02-22 21:00:00+00:00,2.317699909210205
2024-02-22 23:00:00+00:00,2.317500114440918
2024-02-23 00:00:00+00:00,2.3143999576568604
2024-02-23 01:00:00+00:00,2.3145999908447266
2024-02-23 02:00:00+00:00,2.317699909210205
2024-02-23 03:00:00+00:00,2.3141000270843506
2024-02-23 04:00:00+00:00,2.313999891281128
2024-02-23 05:00:00+00:00,2.315999984741211
2024-02-23 06:00:00+00:00,2.310800075531006
2024-02-23 07:00:00+00:00,2.308500051498413
2024-02-23 08:00:00+00:00,2.3090999126434326
2024-02-23 09:00:00+00:00,2.317699909210205
2024-02-23 10:00:00+00:00,2.3169000148773193
2024-02-23 11:00:00+00:00,2.3115999698638916
2024-02-23 12:00:00+00:00,2.312999963760376
2024-02-23 13:00:00+00:00,2.302799940109253
2024-02-23 14:00:00+00:00,2.287899971008301
2024-02-23 15:00:00+00:00,2.2916998863220215
2024-02-23 16:00:00+00:00,2.285599946975708
2024-02-23 17:00:00+00:00,2.2685000896453857
2024-02-23 18:00:00+00:00,2.277400016784668
2024-02-23 19:00:00+00:00,2.2792999744415283
2024-02-23 20:00:00+00:00,2.2755000591278076
2024-02-23 21:00:00+00:00,2.2744998931884766
2024-02-25 23:00:00+00:00,2.2695999145507812
2024-02-26 00:00:00+00:00,2.265399932861328
2024-02-26 01:00:00+00:00,2.2574000358581543
2024-02-26 02:00:00+00:00,2.2637999057769775
2024-02-26 03:00:00+00:00,2.261199951171875
2024-02-26 07:00:00+00:00,2.261699914932251
2024-02-26 08:00:00+00:00,2.2648000717163086
2024-02-26 09:00:00+00:00,2.265899896621704
2024-02-26 10:00:00+00:00,2.2843000888824463
2024-02-26 11:00:00+00:00,2.279400110244751
2024-02-26 12:00:00+00:00,2.281599998474121
2024-02-26 13:00:00+00:00,2.2925000190734863
2024-02-26 14:00:00+00:00,2.3118999004364014
2024-02-26 15:00:00+00:00,2.307300090789795
2024-02-26 16:00:00+00:00,2.309999942779541
2024-02-26 17:00:00+00:00,2.3368000984191895
2024-02-26 18:00:00+00:00,2.3315999507904053
2024-02-26 19:00:00+00:00,2.309999942779541
2024-02-26 20:00:00+00:00,2.3015999794006348
2024-02-26 21:00:00+00:00,2.31030011177063
2024-02-26 23:00:00+00:00,2.3096001148223877
2024-02-27 00:00:00+00:00,2.3085999488830566
2024-02-27 01:00:00+00:00,2.3085999488830566
2024-02-27 02:00:00+00:00,2.305999994277954
2024-02-27 03:00:00+00:00,2.31030011177063
2024-02-27 05:00:00+00:00,2.313999891281128
2024-02-27 06:00:00+00:00,2.315700054168701
2024-02-27 07:00:00+00:00,2.324199914932251
2024-02-27 08:00:00+00:00,2.31469988822937
2024-02-27 09:00:00+00:00,2.319000005722046
2024-02-27 10:00:00+00:00,2.311800003051758
2024-02-27 11:00:00+00:00,2.309499979019165
2024-02-27 12:00:00+00:00,2.3166000843048096
2024-02-27 13:00:00+00:00,2.3180999755859375
2024-02-27 14:00:00+00:00,2.3477001190185547
2024-02-27 15:00:00+00:00,2.332200050354004
2024-02-27 16:00:00+00:00,2.3285999298095703
2024-02-27 17:00:00+00:00,2.3178000450134277
2024-02-27 18:00:00+00:00,2.3282999992370605
2024-02-27 19:00:00+00:00,2.3387999534606934
2024-02-27 20:00:00+00:00,2.3375000953674316
2024-02-27 21:00:00+00:00,2.3362998962402344
2024-02-27 23:00:00+00:00,2.337599992752075
2024-02-28 00:00:00+00:00,2.3401999473571777
2024-02-28 01:00:00+00:00,2.353300094604492
2024-02-28 02:00:00+00:00,2.350399971008301
2024-02-28 06:00:00+00:00,2.3464999198913574
2024-02-28 07:00:00+00:00,2.34660005569458
2024-02-28 08:00:00+00:00,2.3264999389648438
2024-02-28 09:00:00+00:00,2.3197999000549316
2024-02-28 10:00:00+00:00,2.3224000930786133
2024-02-28 11:00:00+00:00,2.3134000301361084
2024-02-28 12:00:00+00:00,2.3194000720977783
2024-02-28 13:00:00+00:00,2.323199987411499
2024-02-28 14:00:00+00:00,2.3387999534606934
2024-02-28 15:00:00+00:00,2.3227999210357666
2024-02-28 16:00:00+00:00,2.290800094604492
2024-02-28 17:00:00+00:00,2.2915000915527344
2024-02-28 18:00:00+00:00,2.265399932861328
2024-02-28 19:00:00+00:00,2.273200035095215
2024-02-28 20:00:00+00:00,2.266400098800659
2024-02-28 21:00:00+00:00,2.259500026702881
2024-02-29 08:00:00+00:00,2.259999990463257
2024-02-29 13:00:00+00:00,2.2720000743865967
2024-02-29 14:00:00+00:00,2.2699999809265137
2024-02-29 15:00:00+00:00,2.2899999618530273
2024-02-29 16:00:00+00:00,2.301800012588501
2024-02-29 17:00:00+00:00,2.2950000762939453
2024-02-29 18:00:00+00:00,2.305000066757202
2024-02-29 19:00:00+00:00,2.309999942779541
2024-03-01 08:00:00+00:00,2.5845999717712402
2024-03-01 09:00:00+00:00,2.6077001094818115
2024-03-01 10:00:00+00:00,2.6034998893737793
2024-03-01 11:00:00+00:00,2.607800006866455
2024-03-01 12:00:00+00:00,2.6059999465942383
2024-03-01 13:00:00+00:00,2.6078999042510986
2024-03-01 14:00:00+00:00,2.6173999309539795
2024-03-01 15:00:00+00:00,2.628499984741211
2024-03-01 16:00:00+00:00,2.634200096130371
2024-03-01 17:00:00+00:00,2.619999885559082
2024-03-01 18:00:00+00:00,2.6166000366210938
2024-03-01 19:00:00+00:00,2.614000082015991
2024-03-01 20:00:00+00:00,2.612499952316284
2024-03-01 21:00:00+00:00,2.6108999252319336
2024-03-03 23:00:00+00:00,2.614799976348877
2024-03-04 00:00:00+00:00,2.61929988861084
2024-03-04 01:00:00+00:00,2.6208999156951904
2024-03-04 02:00:00+00:00,2.6184000968933105
2024-03-04 03:00:00+00:00,2.6194000244140625
2024-03-04 04:00:00+00:00,2.617500066757202
2024-03-04 05:00:00+00:00,2.6152000427246094
2024-03-04 06:00:00+00:00,2.6196999549865723
2024-03-04 07:00:00+00:00,2.6180999279022217
2024-03-04 08:00:00+00:00,2.615999937057495
2024-03-04 09:00:00+00:00,2.6064999103546143
2024-03-04 10:00:00+00:00,2.6029999256134033
2024-03-04 11:00:00+00:00,2.5922000408172607
2024-03-04 12:00:00+00:00,2.599100112915039
2024-03-04 13:00:00+00:00,2.6080000400543213
2024-03-04 14:00:00+00:00,2.607100009918213
2024-03-04 15:00:00+00:00,2.5961999893188477
2024-03-04 16:00:00+00:00,2.5957999229431152
2024-03-04 17:00:00+00:00,2.5833001136779785
2024-03-04 18:00:00+00:00,2.5815000534057617
2024-03-04 19:00:00+00:00,2.588099956512451
2024-03-04 20:00:00+00:00,2.585900068283081
2024-03-04 21:00:00+00:00,2.587399959564209
2024-03-04 23:00:00+00:00,2.586899995803833
2024-03-05 00:00:00+00:00,2.588399887084961
2024-03-05 01:00:00+00:00,2.58870005607605
2024-03-05 02:00:00+00:00,2.5841000080108643
2024-03-05 03:00:00+00:00,2.581899881362915
2024-03-05 04:00:00+00:00,2.5813000202178955
2024-03-05 05:00:00+00:00,2.577399969100952
2024-03-05 06:00:00+00:00,2.5717999935150146
2024-03-05 07:00:00+00:00,2.573499917984009
2024-03-05 08:00:00+00:00,2.5894999504089355
2024-03-05 09:00:00+00:00,2.580399990081787
2024-03-05 10:00:00+00:00,2.581899881362915
2024-03-05 11:00:00+00:00,2.574199914932251
2024-03-05 12:00:00+00:00,2.5513999462127686
2024-03-05 13:00:00+00:00,2.559000015258789
2024-03-05 14:00:00+00:00,2.5552000999450684
2024-03-05 15:00:00+00:00,2.5604000091552734
2024-03-05 16:00:00+00:00,2.536400079727173
2024-03-05 17:00:00+00:00,2.533400058746338
2024-03-05 18:00:00+00:00,2.521899938583374
2024-03-05 19:00:00+00:00,2.5302999019622803
2024-03-05 20:00:00+00:00,2.5292999744415283
2024-03-05 21:00:00+00:00,2.5343000888824463
2024-03-05 23:00:00+00:00,2.536400079727173
2024-03-06 00:00:00+00:00,2.5336999893188477
2024-03-06 01:00:00+00:00,2.5322999954223633
2024-03-06 02:00:00+00:00,2.5374999046325684
2024-03-06 03:00:00+00:00,2.5392000675201416
2024-03-06 04:00:00+00:00,2.539799928665161
2024-03-06 05:00:00+00:00,2.541599988937378
2024-03-06 06:00:00+00:00,2.5411999225616455
2024-03-06 07:00:00+00:00,2.5406999588012695
2024-03-06 08:00:00+00:00,2.545799970626831
2024-03-06 09:00:00+00:00,2.5520999431610107
2024-03-06 10:00:00+00:00,2.539900064468384
2024-03-06 11:00:00+00:00,2.5439999103546143
2024-03-06 12:00:00+00:00,2.541100025177002
2024-03-06 13:00:00+00:00,2.545799970626831
2024-03-06 14:00:00+00:00,2.5513999462127686
2024-03-06 15:00:00+00:00,2.581899881362915
2024-03-06 16:00:00+00:00,2.5678000450134277
2024-03-06 17:00:00+00:00,2.5773000717163086
2024-03-06 18:00:00+00:00,2.5669000148773193
2024-03-06 19:00:00+00:00,2.5452001094818115
2024-03-06 20:00:00+00:00,2.5455000400543213
2024-03-06 21:00:00+00:00,2.546999931335449
2024-03-06 23:00:00+00:00,2.5445001125335693
2024-03-07 00:00:00+00:00,2.546099901199341
2024-03-07 01:00:00+00:00,2.547800064086914
2024-03-07 02:00:00+00:00,2.549299955368042
2024-03-07 03:00:00+00:00,2.5492000579833984
2024-03-07 04:00:00+00:00,2.5494000911712646
2024-03-07 05:00:00+00:00,2.5499000549316406
2024-03-07 06:00:00+00:00,2.551300048828125
2024-03-07 07:00:00+00:00,2.5464999675750732
2024-03-07 08:00:00+00:00,2.536600112915039
2024-03-07 09:00:00+00:00,2.533099889755249
2024-03-07 10:00:00+00:00,2.54229998588562
2024-03-07 11:00:00+00:00,2.54229998588562
2024-03-07 12:00:00+00:00,2.549799919128418
2024-03-07 13:00:00+00:00,2.5510001182556152
2024-03-07 14:00:00+00:00,2.535099983215332
2024-03-07 15:00:00+00:00,2.544800043106079
2024-03-07 16:00:00+00:00,2.5583999156951904
2024-03-07 17:00:00+00:00,2.5803000926971436
2024-03-07 18:00:00+00:00,2.570499897003174
2024-03-07 19:00:00+00:00,2.5513999462127686
2024-03-07 20:00:00+00:00,2.5552000999450684
2024-03-07 21:00:00+00:00,2.5601000785827637
2024-03-07 23:00:00+00:00,2.553499937057495
2024-03-08 00:00:00+00:00,2.5555999279022217
2024-03-08 01:00:00+00:00,2.557300090789795
2024-03-08 03:00:00+00:00,2.5601000785827637
2024-03-08 04:00:00+00:00,2.5617001056671143
2024-03-08 05:00:00+00:00,2.5678000450134277
2024-03-08 06:00:00+00:00,2.566200017929077
2024-03-08 07:00:00+00:00,2.5618999004364014
2024-03-08 08:00:00+00:00,2.5720999240875244
2024-03-08 09:00:00+00:00,2.561000108718872
2024-03-08 10:00:00+00:00,2.552299976348877
2024-03-08 11:00:00+00:00,2.5418999195098877
2024-03-08 12:00:00+00:00,2.5411999225616455
2024-03-08 13:00:00+00:00,2.537100076675415
2024-03-08 14:00:00+00:00,2.535099983215332
2024-03-08 15:00:00+00:00,2.5392000675201416
2024-03-08 16:00:00+00:00,2.5315001010894775
2024-03-08 17:00:00+00:00,2.5364999771118164
2024-03-08 18:00:00+00:00,2.5246999263763428
2024-03-08 19:00:00+00:00,2.5304999351501465
2024-03-08 20:00:00+00:00,2.5272998809814453
2024-03-08 21:00:00+00:00,2.523099899291992
2024-03-10 22:00:00+00:00,2.522700071334839
2024-03-10 23:00:00+00:00,2.520400047302246
2024-03-11 00:00:00+00:00,2.5192999839782715
2024-03-11 01:00:00+00:00,2.5146000385284424
2024-03-11 02:00:00+00:00,2.51200008392334
2024-03-11 03:00:00+00:00,2.515899896621704
2024-03-11 04:00:00+00:00,2.515000104904175
2024-03-11 05:00:00+00:00,2.5148000717163086
2024-03-11 06:00:00+00:00,2.5236001014709473
2024-03-11 07:00:00+00:00,2.5373001098632812
2024-03-11 08:00:00+00:00,2.5332999229431152
2024-03-11 09:00:00+00:00,2.543600082397461
2024-03-11 10:00:00+00:00,2.5392000675201416
2024-03-11 11:00:00+00:00,2.5357000827789307
2024-03-11 12:00:00+00:00,2.5362000465393066
2024-03-11 13:00:00+00:00,2.5322999954223633
2024-03-11 14:00:00+00:00,2.536600112915039
2024-03-11 15:00:00+00:00,2.5669000148773193
2024-03-11 16:00:00+00:00,2.5725998878479004
2024-03-11 17:00:00+00:00,2.573499917984009
2024-03-11 18:00:00+00:00,2.5892999172210693
2024-03-11 19:00:00+00:00,2.579400062561035
2024-03-11 20:00:00+00:00,2.5810999870300293
2024-03-11 22:00:00+00:00,2.580899953842163
2024-03-11 23:00:00+00:00,2.5803000926971436
2024-03-12 00:00:00+00:00,2.5785999298095703
2024-03-12 01:00:00+00:00,2.5815000534057617
2024-03-12 02:00:00+00:00,2.5790998935699463
2024-03-12 03:00:00+00:00,2.5797998905181885
2024-03-12 04:00:00+00:00,2.578700065612793
2024-03-12 05:00:00+00:00,2.5824999809265137
2024-03-12 06:00:00+00:00,2.58489990234375
2024-03-12 07:00:00+00:00,2.591200113296509
2024-03-12 08:00:00+00:00,2.581700086593628
2024-03-12 09:00:00+00:00,2.5889999866485596
2024-03-12 10:00:00+00:00,2.5882999897003174
2024-03-12 11:00:00+00:00,2.571899890899658
2024-03-12 12:00:00+00:00,2.555000066757202
2024-03-12 13:00:00+00:00,2.58489990234375
2024-03-12 14:00:00+00:00,2.5982000827789307
2024-03-12 15:00:00+00:00,2.5933001041412354
2024-03-12 16:00:00+00:00,2.5936999320983887
2024-03-12 17:00:00+00:00,2.5889999866485596
2024-03-12 18:00:00+00:00,2.5868000984191895
2024-03-12 19:00:00+00:00,2.5922000408172607
2024-03-12 20:00:00+00:00,2.6005001068115234
2024-03-12 22:00:00+00:00,2.5980000495910645
2024-03-12 23:00:00+00:00,2.599299907684326
2024-03-13 00:00:00+00:00,2.598599910736084
2024-03-13 01:00:00+00:00,2.6048998832702637
2024-03-13 02:00:00+00:00,2.6019999980926514
2024-03-13 03:00:00+00:00,2.6024999618530273
2024-03-13 04:00:00+00:00,2.6019999980926514
2024-03-13 05:00:00+00:00,2.6064000129699707
2024-03-13 06:00:00+00:00,2.603800058364868
2024-03-13 07:00:00+00:00,2.5964999198913574
2024-03-13 08:00:00+00:00,2.6089000701904297
2024-03-13 09:00:00+00:00,2.6226999759674072
2024-03-13 10:00:00+00:00,2.6226999759674072
2024-03-13 11:00:00+00:00,2.6226000785827637
2024-03-13 12:00:00+00:00,2.6357998847961426
2024-03-13 13:00:00+00:00,2.6451001167297363
2024-03-13 14:00:00+00:00,2.651700019836426
2024-03-13 15:00:00+00:00,2.650700092315674
2024-03-13 16:00:00+00:00,2.658900022506714
2024-03-13 17:00:00+00:00,2.6638998985290527
2024-03-13 18:00:00+00:00,2.6621999740600586
2024-03-13 19:00:00+00:00,2.662100076675415
2024-03-13 20:00:00+00:00,2.6545000076293945
2024-03-13 22:00:00+00:00,2.6572999954223633
2024-03-13 23:00:00+00:00,2.661799907684326
2024-03-14 00:00:00+00:00,2.6649999618530273
2024-03-14 01:00:00+00:00,2.6642000675201416
2024-03-14 02:00:00+00:00,2.65910005569458
2024-03-14 03:00:00+00:00,2.6624999046325684
2024-03-14 04:00:00+00:00,2.6594998836517334
2024-03-14 05:00:00+00:00,2.657099962234497
2024-03-14 06:00:00+00:00,2.6591999530792236
2024-03-14 07:00:00+00:00,2.6619999408721924
2024-03-14 08:00:00+00:00,2.6640000343322754
2024-03-14 09:00:00+00:00,2.6637001037597656
2024-03-14 10:00:00+00:00,2.667099952697754
2024-03-14 11:00:00+00:00,2.671600103378296
2024-03-14 12:00:00+00:00,2.6670000553131104
2024-03-14 13:00:00+00:00,2.6796998977661133
2024-03-14 14:00:00+00:00,2.6826999187469482
2024-03-14 15:00:00+00:00,2.6791999340057373
2024-03-14 16:00:00+00:00,2.684799909591675
2024-03-14 17:00:00+00:00,2.6861000061035156
2024-03-14 18:00:00+00:00,2.6974000930786133
2024-03-14 19:00:00+00:00,2.6956000328063965
2024-03-14 20:00:00+00:00,2.696500062942505
2024-03-14 22:00:00+00:00,2.696700096130371
2024-03-14 23:00:00+00:00,2.6958000659942627
2024-03-15 00:00:00+00:00,2.692699909210205
2024-03-15 01:00:00+00:00,2.696199893951416
2024-03-15 02:00:00+00:00,2.6958999633789062
2024-03-15 03:00:00+00:00,2.6947999000549316
2024-03-15 04:00:00+00:00,2.694200038909912
2024-03-15 05:00:00+00:00,2.6963999271392822
2024-03-15 06:00:00+00:00,2.6967999935150146
2024-03-15 07:00:00+00:00,2.692199945449829
2024-03-15 08:00:00+00:00,2.693700075149536
2024-03-15 09:00:00+00:00,2.6972999572753906
2024-03-15 10:00:00+00:00,2.6986000537872314
2024-03-15 11:00:00+00:00,2.6982998847961426
2024-03-15 12:00:00+00:00,2.6910998821258545
2024-03-15 13:00:00+00:00,2.6830999851226807
2024-03-15 14:00:00+00:00,2.701900005340576
2024-03-15 15:00:00+00:00,2.70770001411438
2024-03-15 16:00:00+00:00,2.7119998931884766
2024-03-15 17:00:00+00:00,2.7191998958587646
2024-03-15 18:00:00+00:00,2.71560001373291
2024-03-15 19:00:00+00:00,2.713399887084961
2024-03-15 20:00:00+00:00,2.709199905395508
2024-03-17 22:00:00+00:00,2.7137999534606934
2024-03-17 23:00:00+00:00,2.711899995803833
2024-03-18 00:00:00+00:00,2.712399959564209
2024-03-18 01:00:00+00:00,2.717900037765503
2024-03-18 02:00:00+00:00,2.720599889755249
2024-03-18 03:00:00+00:00,2.7221999168395996
2024-03-18 04:00:00+00:00,2.722399950027466
2024-03-18 05:00:00+00:00,2.7228000164031982
2024-03-18 06:00:00+00:00,2.7228000164031982
2024-03-18 07:00:00+00:00,2.7286999225616455
2024-03-18 08:00:00+00:00,2.7311999797821045
2024-03-18 09:00:00+00:00,2.7437000274658203
2024-03-18 10:00:00+00:00,2.746999979019165
2024-03-18 11:00:00+00:00,2.742500066757202
2024-03-18 12:00:00+00:00,2.743299961090088
2024-03-18 13:00:00+00:00,2.7527999877929688
2024-03-18 14:00:00+00:00,2.7520999908447266
2024-03-18 15:00:00+00:00,2.7588999271392822
2024-03-18 16:00:00+00:00,2.7562999725341797
2024-03-18 17:00:00+00:00,2.7588000297546387
2024-03-18 18:00:00+00:00,2.751300096511841
2024-03-18 19:00:00+00:00,2.7472000122070312
2024-03-18 20:00:00+00:00,2.74180006980896
2024-03-18 22:00:00+00:00,2.7421998977661133
2024-03-18 23:00:00+00:00,2.7428998947143555
2024-03-19 00:00:00+00:00,2.740600109100342
2024-03-19 01:00:00+00:00,2.7386999130249023
2024-03-19 02:00:00+00:00,2.7411000728607178
2024-03-19 03:00:00+00:00,2.737499952316284
2024-03-19 04:00:00+00:00,2.7392001152038574
2024-03-19 05:00:00+00:00,2.737499952316284
2024-03-19 06:00:00+00:00,2.7365000247955322
2024-03-19 07:00:00+00:00,2.735100030899048
2024-03-19 08:00:00+00:00,2.739500045776367
2024-03-19 09:00:00+00:00,2.7358999252319336
2024-03-19 10:00:00+00:00,2.735300064086914
2024-03-19 11:00:00+00:00,2.736599922180176
2024-03-19 12:00:00+00:00,2.7376999855041504
2024-03-19 13:00:00+00:00,2.757999897003174
2024-03-19 14:00:00+00:00,2.753700017929077
2024-03-19 15:00:00+00:00,2.75219988822937
2024-03-19 16:00:00+00:00,2.7578999996185303
2024-03-19 17:00:00+00:00,2.7639999389648438
2024-03-19 18:00:00+00:00,2.763200044631958
2024-03-19 19:00:00+00:00,2.7646000385284424
2024-03-19 20:00:00+00:00,2.746000051498413
2024-03-19 22:00:00+00:00,2.7460999488830566
2024-03-19 23:00:00+00:00,2.744800090789795
2024-03-20 00:00:00+00:00,2.7444000244140625
2024-03-20 01:00:00+00:00,2.742799997329712
2024-03-20 02:00:00+00:00,2.7404000759124756
2024-03-20 03:00:00+00:00,2.7421998977661133
2024-03-20 05:00:00+00:00,2.7418999671936035
2024-03-20 06:00:00+00:00,2.7455999851226807
2024-03-20 07:00:00+00:00,2.745800018310547
2024-03-20 08:00:00+00:00,2.738300085067749
2024-03-20 09:00:00+00:00,2.7279000282287598
2024-03-20 10:00:00+00:00,2.7200000286102295
2024-03-20 11:00:00+00:00,2.730799913406372
2024-03-20 12:00:00+00:00,2.724400043487549
2024-03-20 13:00:00+00:00,2.7218000888824463
2024-03-20 14:00:00+00:00,2.728100061416626
2024-03-20 15:00:00+00:00,2.7314999103546143
2024-03-20 16:00:00+00:00,2.725800037384033
2024-03-20 17:00:00+00:00,2.730799913406372
2024-03-20 18:00:00+00:00,2.7339999675750732
2024-03-20 19:00:00+00:00,2.735300064086914
2024-03-20 20:00:00+00:00,2.734600067138672
2024-03-20 22:00:00+00:00,2.732800006866455
2024-03-20 23:00:00+00:00,2.7376999855041504
2024-03-21 00:00:00+00:00,2.740499973297119
2024-03-21 01:00:00+00:00,2.740000009536743
2024-03-21 02:00:00+00:00,2.7418999671936035
2024-03-21 06:00:00+00:00,2.7411999702453613
2024-03-21 07:00:00+00:00,2.7388999462127686
2024-03-21 08:00:00+00:00,2.7269999980926514
2024-03-21 09:00:00+00:00,2.7237000465393066
2024-03-21 10:00:00+00:00,2.722599983215332
2024-03-21 11:00:00+00:00,2.7100000381469727
2024-03-21 12:00:00+00:00,2.7263998985290527
2024-03-21 13:00:00+00:00,2.72379994392395
2024-03-21 14:00:00+00:00,2.703000068664551
2024-03-21 15:00:00+00:00,2.71560001373291
2024-03-21 16:00:00+00:00,2.716200113296509
2024-03-21 17:00:00+00:00,2.7265000343322754
2024-03-21 18:00:00+00:00,2.723400115966797
2024-03-21 19:00:00+00:00,2.7255001068115234
2024-03-21 20:00:00+00:00,2.72160005569458
2024-03-21 22:00:00+00:00,2.7214999198913574
2024-03-21 23:00:00+00:00,2.7218000888824463
2024-03-22 00:00:00+00:00,2.722599983215332
2024-03-22 01:00:00+00:00,2.7137999534606934
2024-03-22 02:00:00+00:00,2.709199905395508
2024-03-22 03:00:00+00:00,2.705199956893921
2024-03-22 04:00:00+00:00,2.7079999446868896
2024-03-22 05:00:00+00:00,2.7090001106262207
2024-03-22 06:00:00+00:00,2.7128000259399414
2024-03-22 07:00:00+00:00,2.7197999954223633
2024-03-22 08:00:00+00:00,2.7314000129699707
2024-03-22 09:00:00+00:00,2.7311999797821045
2024-03-22 10:00:00+00:00,2.734600067138672
2024-03-22 11:00:00+00:00,2.729599952697754
2024-03-22 12:00:00+00:00,2.743000030517578
2024-03-22 13:00:00+00:00,2.7383999824523926
2024-03-22 14:00:00+00:00,2.733799934387207
2024-03-22 15:00:00+00:00,2.7346999645233154
2024-03-22 16:00:00+00:00,2.7263998985290527
2024-03-22 17:00:00+00:00,2.734600067138672
2024-03-22 18:00:00+00:00,2.737799882888794
2024-03-22 19:00:00+00:00,2.7358999252319336
2024-03-22 20:00:00+00:00,2.7344000339508057
2024-03-24 22:00:00+00:00,2.737299919128418
2024-03-24 23:00:00+00:00,2.738100051879883
2024-03-25 00:00:00+00:00,2.7395999431610107
2024-03-25 01:00:00+00:00,2.745500087738037
2024-03-25 02:00:00+00:00,2.7493999004364014
2024-03-25 03:00:00+00:00,2.750200033187866
2024-03-25 04:00:00+00:00,2.7479000091552734
2024-03-25 05:00:00+00:00,2.746500015258789
2024-03-25 07:00:00+00:00,2.740999937057495
2024-03-25 08:00:00+00:00,2.737499952316284
2024-03-25 09:00:00+00:00,2.735599994659424
2024-03-25 10:00:00+00:00,2.734800100326538
2024-03-25 11:00:00+00:00,2.7316999435424805
2024-03-25 12:00:00+00:00,2.735599994659424
2024-03-25 13:00:00+00:00,2.7572999000549316
2024-03-25 14:00:00+00:00,2.7646000385284424
2024-03-25 15:00:00+00:00,2.758699893951416
2024-03-25 16:00:00+00:00,2.752500057220459
2024-03-25 17:00:00+00:00,2.742500066757202
2024-03-25 18:00:00+00:00,2.7532999515533447
2024-03-25 19:00:00+00:00,2.7486000061035156
2024-03-25 20:00:00+00:00,2.745699882507324
2024-03-25 22:00:00+00:00,2.7479000091552734
2024-03-25 23:00:00+00:00,2.747499942779541
2024-03-26 00:00:00+00:00,2.7497000694274902
2024-03-26 01:00:00+00:00,2.7490999698638916
2024-03-26 02:00:00+00:00,2.7528998851776123
2024-03-26 03:00:00+00:00,2.746000051498413
2024-03-26 05:00:00+00:00,2.748699903488159
2024-03-26 06:00:00+00:00,2.7444000244140625
2024-03-26 07:00:00+00:00,2.735100030899048
2024-03-26 08:00:00+00:00,2.7411000728607178
2024-03-26 09:00:00+00:00,2.7404000759124756
2024-03-26 10:00:00+00:00,2.7423999309539795
2024-03-26 11:00:00+00:00,2.7471001148223877
2024-03-26 12:00:00+00:00,2.740600109100342
2024-03-26 13:00:00+00:00,2.728100061416626
2024-03-26 14:00:00+00:00,2.711199998855591
2024-03-26 15:00:00+00:00,2.716200113296509
2024-03-26 16:00:00+00:00,2.718400001525879
2024-03-26 17:00:00+00:00,2.7126998901367188
2024-03-26 18:00:00+00:00,2.6977999210357666
2024-03-26 19:00:00+00:00,2.697200059890747
2024-03-26 20:00:00+00:00,2.695499897003174
2024-03-26 22:00:00+00:00,2.697999954223633
2024-03-26 23:00:00+00:00,2.699199914932251
2024-03-27 00:00:00+00:00,2.6946001052856445
2024-03-27 01:00:00+00:00,2.6867001056671143
2024-03-27 02:00:00+00:00,2.680500030517578
2024-03-27 03:00:00+00:00,2.6865999698638916
2024-03-27 04:00:00+00:00,2.6879000663757324
2024-03-27 05:00:00+00:00,2.685699939727783
2024-03-27 06:00:00+00:00,2.685499906539917
2024-03-27 07:00:00+00:00,2.68969988822937
2024-03-27 08:00:00+00:00,2.690200090408325
2024-03-27 09:00:00+00:00,2.694200038909912
2024-03-27 10:00:00+00:00,2.6963999271392822
2024-03-27 11:00:00+00:00,2.699199914932251
2024-03-27 12:00:00+00:00,2.6935999393463135
2024-03-27 13:00:00+00:00,2.6926000118255615
2024-03-27 14:00:00+00:00,2.6765999794006348
2024-03-27 15:00:00+00:00,2.6851000785827637
2024-03-27 16:00:00+00:00,2.686800003051758
2024-03-27 17:00:00+00:00,2.6944000720977783
2024-03-27 18:00:00+00:00,2.689500093460083
2024-03-27 19:00:00+00:00,2.690999984741211
2024-03-27 20:00:00+00:00,2.697499990463257
2024-03-27 22:00:00+00:00,2.6928999423980713
2024-03-28 01:00:00+00:00,2.698199987411499
2024-03-28 07:00:00+00:00,2.696899890899658
2024-03-28 11:00:00+00:00,2.70740008354187
2024-03-28 12:00:00+00:00,2.7100000381469727
2024-03-28 13:00:00+00:00,2.7014999389648438
2024-03-28 14:00:00+00:00,2.7325000762939453
2024-03-28 15:00:00+00:00,2.7200000286102295
2024-03-28 16:00:00+00:00,2.740000009536743
2024-03-28 17:00:00+00:00,2.7611000537872314
2024-03-28 18:00:00+00:00,2.757699966430664
2024-03-28 20:00:00+00:00,2.7207000255584717
2024-03-31 22:00:00+00:00,2.7214999198913574
2024-03-31 23:00:00+00:00,2.722599983215332
2024-04-01 00:00:00+00:00,2.709700107574463
2024-04-01 01:00:00+00:00,2.7223000526428223
2024-04-01 02:00:00+00:00,2.7216999530792236
2024-04-01 03:00:00+00:00,2.7219998836517334
2024-04-01 04:00:00+00:00,2.719599962234497
2024-04-01 05:00:00+00:00,2.722399950027466
2024-04-01 06:00:00+00:00,2.7244999408721924
2024-04-01 07:00:00+00:00,2.7248001098632812
2024-04-01 08:00:00+00:00,2.7163000106811523
2024-04-01 09:00:00+00:00,2.710200071334839
2024-04-01 10:00:00+00:00,2.706700086593628
2024-04-01 11:00:00+00:00,2.69569993019104
2024-04-01 12:00:00+00:00,2.703900098800659
2024-04-01 13:00:00+00:00,2.6940999031066895
2024-04-01 14:00:00+00:00,2.7125000953674316
2024-04-01 15:00:00+00:00,2.7128000259399414
2024-04-01 16:00:00+00:00,2.7179999351501465
2024-04-01 17:00:00+00:00,2.7079999446868896
2024-04-01 18:00:00+00:00,2.7118000984191895
2024-04-01 19:00:00+00:00,2.7109999656677246
2024-04-01 20:00:00+00:00,2.718600034713745
2024-04-01 22:00:00+00:00,2.7160000801086426
2024-04-01 23:00:00+00:00,2.7158000469207764
2024-04-02 00:00:00+00:00,2.7123000621795654
2024-04-02 01:00:00+00:00,2.7118000984191895
2024-04-02 02:00:00+00:00,2.715399980545044
2024-04-02 03:00:00+00:00,2.716599941253662
2024-04-02 04:00:00+00:00,2.716399908065796
2024-04-02 05:00:00+00:00,2.7165000438690186
2024-04-02 06:00:00+00:00,2.722599983215332
2024-04-02 07:00:00+00:00,2.73580002784729
2024-04-02 08:00:00+00:00,2.7430999279022217
2024-04-02 09:00:00+00:00,2.743799924850464
2024-04-02 10:00:00+00:00,2.7393999099731445
2024-04-02 11:00:00+00:00,2.733099937438965
2024-04-02 12:00:00+00:00,2.734100103378296
2024-04-02 13:00:00+00:00,2.717900037765503
2024-04-02 14:00:00+00:00,2.7328999042510986
2024-04-02 15:00:00+00:00,2.7293999195098877
2024-04-02 16:00:00+00:00,2.727799892425537
2024-04-02 17:00:00+00:00,2.7432000637054443
2024-04-02 18:00:00+00:00,2.7634999752044678
2024-04-02 19:00:00+00:00,2.763000011444092
2024-04-02 20:00:00+00:00,2.7711000442504883
2024-04-02 22:00:00+00:00,2.773900032043457
2024-04-02 23:00:00+00:00,2.774600028991699
2024-04-03 00:00:00+00:00,2.765899896621704
2024-04-03 01:00:00+00:00,2.7678000926971436
2024-04-03 02:00:00+00:00,2.772599935531616
2024-04-03 03:00:00+00:00,2.774899959564209
2024-04-03 04:00:00+00:00,2.7699999809265137
2024-04-03 05:00:00+00:00,2.770699977874756
2024-04-03 06:00:00+00:00,2.771399974822998
2024-04-03 07:00:00+00:00,2.7653000354766846
2024-04-03 08:00:00+00:00,2.765399932861328
2024-04-03 09:00:00+00:00,2.7671000957489014
2024-04-03 10:00:00+00:00,2.7750000953674316
2024-04-03 11:00:00+00:00,2.7809998989105225
2024-04-03 12:00:00+00:00,2.7829999923706055
2024-04-03 13:00:00+00:00,2.769200086593628
2024-04-03 14:00:00+00:00,2.7790000438690186
2024-04-03 15:00:00+00:00,2.7718000411987305
2024-04-03 16:00:00+00:00,2.773699998855591
2024-04-03 17:00:00+00:00,2.773099899291992
2024-04-03 18:00:00+00:00,2.763000011444092
2024-04-03 19:00:00+00:00,2.763000011444092
2024-04-03 20:00:00+00:00,2.763400077819824
2024-04-03 22:00:00+00:00,2.761699914932251
2024-04-03 23:00:00+00:00,2.7623000144958496
2024-04-04 00:00:00+00:00,2.766900062561035
2024-04-04 01:00:00+00:00,2.7606000900268555
2024-04-04 02:00:00+00:00,2.7623000144958496
2024-04-04 03:00:00+00:00,2.7595999240875244
2024-04-04 04:00:00+00:00,2.7595999240875244
2024-04-04 05:00:00+00:00,2.7567999362945557
2024-04-04 06:00:00+00:00,2.7553000450134277
2024-04-04 07:00:00+00:00,2.751699924468994
2024-04-04 08:00:00+00:00,2.7516000270843506
2024-04-04 09:00:00+00:00,2.756200075149536
2024-04-04 10:00:00+00:00,2.7567999362945557
2024-04-04 11:00:00+00:00,2.760999917984009
2024-04-04 12:00:00+00:00,2.7548999786376953
2024-04-04 13:00:00+00:00,2.7532999515533447
2024-04-04 14:00:00+00:00,2.7476000785827637
2024-04-04 15:00:00+00:00,2.7472000122070312
2024-04-04 16:00:00+00:00,2.7520999908447266
2024-04-04 17:00:00+00:00,2.780600070953369
2024-04-04 18:00:00+00:00,2.7967000007629395
2024-04-04 19:00:00+00:00,2.7873001098632812
2024-04-04 20:00:00+00:00,2.8010001182556152
2024-04-04 22:00:00+00:00,2.799799919128418
2024-04-04 23:00:00+00:00,2.803299903869629
2024-04-05 00:00:00+00:00,2.805000066757202
2024-04-05 01:00:00+00:00,2.7945001125335693
2024-04-05 02:00:00+00:00,2.795099973678589
2024-04-05 03:00:00+00:00,2.7934000492095947
2024-04-05 04:00:00+00:00,2.7929999828338623
2024-04-05 05:00:00+00:00,2.79830002784729
2024-04-05 06:00:00+00:00,2.8013999462127686
2024-04-05 07:00:00+00:00,2.794300079345703
2024-04-05 08:00:00+00:00,2.7985000610351562
2024-04-05 09:00:00+00:00,2.8018999099731445
2024-04-05 10:00:00+00:00,2.8027000427246094
2024-04-05 11:00:00+00:00,2.7952001094818115
2024-04-05 12:00:00+00:00,2.798799991607666
2024-04-05 13:00:00+00:00,2.7827000617980957
2024-04-05 14:00:00+00:00,2.798799991607666
2024-04-05 15:00:00+00:00,2.809299945831299
2024-04-05 16:00:00+00:00,2.805799961090088
2024-04-05 17:00:00+00:00,2.8090999126434326
2024-04-05 18:00:00+00:00,2.7799999713897705
2024-04-05 19:00:00+00:00,2.777600049972534
2024-04-05 20:00:00+00:00,2.7720000743865967
2024-04-07 22:00:00+00:00,2.759999990463257
2024-04-07 23:00:00+00:00,2.757499933242798
2024-04-08 00:00:00+00:00,2.742000102996826
2024-04-08 01:00:00+00:00,2.7460999488830566
2024-04-08 02:00:00+00:00,2.753200054168701
2024-04-08 03:00:00+00:00,2.747999906539917
2024-04-08 04:00:00+00:00,2.753999948501587
2024-04-08 05:00:00+00:00,2.746299982070923
2024-04-08 06:00:00+00:00,2.750699996948242
2024-04-08 07:00:00+00:00,2.756700038909912
2024-04-08 08:00:00+00:00,2.768199920654297
2024-04-08 09:00:00+00:00,2.7669999599456787
2024-04-08 10:00:00+00:00,2.7704999446868896
2024-04-08 11:00:00+00:00,2.774899959564209
2024-04-08 12:00:00+00:00,2.7558999061584473
2024-04-08 13:00:00+00:00,2.765199899673462
2024-04-08 14:00:00+00:00,2.754300117492676
2024-04-08 15:00:00+00:00,2.7325000762939453
2024-04-08 16:00:00+00:00,2.7386999130249023
2024-04-08 17:00:00+00:00,2.741300106048584
2024-04-08 18:00:00+00:00,2.7551000118255615
2024-04-08 19:00:00+00:00,2.751699924468994
2024-04-08 20:00:00+00:00,2.752000093460083
2024-04-08 22:00:00+00:00,2.7513999938964844
2024-04-08 23:00:00+00:00,2.750200033187866
2024-04-09 00:00:00+00:00,2.75600004196167
2024-04-09 01:00:00+00:00,2.7488999366760254
2024-04-09 02:00:00+00:00,2.749500036239624
2024-04-09 03:00:00+00:00,2.7493999004364014
2024-04-09 04:00:00+00:00,2.7502999305725098
2024-04-09 05:00:00+00:00,2.7453999519348145
2024-04-09 06:00:00+00:00,2.7451000213623047
2024-04-09 07:00:00+00:00,2.7528998851776123
2024-04-09 08:00:00+00:00,2.7583999633789062
2024-04-09 09:00:00+00:00,2.7565999031066895
2024-04-09 10:00:00+00:00,2.757499933242798
2024-04-09 11:00:00+00:00,2.7599000930786133
2024-04-09 12:00:00+00:00,2.756999969482422
2024-04-09 13:00:00+00:00,2.7627999782562256
2024-04-09 14:00:00+00:00,2.7490999698638916
2024-04-09 15:00:00+00:00,2.753000020980835
2024-04-09 16:00:00+00:00,2.743000030517578
2024-04-09 17:00:00+00:00,2.7455999851226807
2024-04-09 18:00:00+00:00,2.756999969482422
2024-04-09 19:00:00+00:00,2.762700080871582
2024-04-09 20:00:00+00:00,2.750499963760376
2024-04-09 22:00:00+00:00,2.751699924468994
2024-04-09 23:00:00+00:00,2.7499001026153564
2024-04-10 00:00:00+00:00,2.7465999126434326
2024-04-10 01:00:00+00:00,2.74780011177063
2024-04-10 02:00:00+00:00,2.7469000816345215
2024-04-10 03:00:00+00:00,2.7488999366760254
2024-04-10 04:00:00+00:00,2.7495999336242676
2024-04-10 05:00:00+00:00,2.7499001026153564
2024-04-10 06:00:00+00:00,2.7525999546051025
2024-04-10 07:00:00+00:00,2.7567999362945557
2024-04-10 08:00:00+00:00,2.7541000843048096
2024-04-10 09:00:00+00:00,2.7595999240875244
2024-04-10 10:00:00+00:00,2.765500068664551
2024-04-10 11:00:00+00:00,2.7592999935150146
2024-04-10 12:00:00+00:00,2.7606000900268555
2024-04-10 13:00:00+00:00,2.745500087738037
2024-04-10 14:00:00+00:00,2.7437000274658203
2024-04-10 15:00:00+00:00,2.765199899673462
2024-04-10 16:00:00+00:00,2.764400005340576
2024-04-10 17:00:00+00:00,2.785599946975708
2024-04-10 18:00:00+00:00,2.7802999019622803
2024-04-10 19:00:00+00:00,2.7850000858306885
2024-04-10 20:00:00+00:00,2.7832000255584717
2024-04-10 22:00:00+00:00,2.7860000133514404
2024-04-10 23:00:00+00:00,2.7816998958587646
2024-04-11 00:00:00+00:00,2.786900043487549
2024-04-11 01:00:00+00:00,2.7888998985290527
2024-04-11 02:00:00+00:00,2.794100046157837
2024-04-11 03:00:00+00:00,2.793600082397461
2024-04-11 04:00:00+00:00,2.7904999256134033
2024-04-11 05:00:00+00:00,2.785799980163574
2024-04-11 06:00:00+00:00,2.7797000408172607
2024-04-11 07:00:00+00:00,2.7934000492095947
2024-04-11 08:00:00+00:00,2.8052000999450684
2024-04-11 09:00:00+00:00,2.7918999195098877
2024-04-11 10:00:00+00:00,2.786799907684326
2024-04-11 11:00:00+00:00,2.7850000858306885
2024-04-11 12:00:00+00:00,2.7771999835968018
2024-04-11 13:00:00+00:00,2.771699905395508
2024-04-11 14:00:00+00:00,2.761899948120117
2024-04-11 15:00:00+00:00,2.7706000804901123
2024-04-11 16:00:00+00:00,2.7639999389648438
2024-04-11 17:00:00+00:00,2.7683000564575195
2024-04-11 18:00:00+00:00,2.7795000076293945
2024-04-11 19:00:00+00:00,2.7836999893188477
2024-04-11 20:00:00+00:00,2.7867000102996826
2024-04-11 22:00:00+00:00,2.7836999893188477
2024-04-11 23:00:00+00:00,2.7844998836517334
2024-04-12 00:00:00+00:00,2.7878000736236572
2024-04-12 01:00:00+00:00,2.7950000762939453
2024-04-12 02:00:00+00:00,2.7948999404907227
2024-04-12 03:00:00+00:00,2.7899999618530273
2024-04-12 04:00:00+00:00,2.7887001037597656
2024-04-12 05:00:00+00:00,2.795599937438965
2024-04-12 06:00:00+00:00,2.7943999767303467
2024-04-12 07:00:00+00:00,2.793600082397461
2024-04-12 08:00:00+00:00,2.8029000759124756
2024-04-12 09:00:00+00:00,2.80679988861084
2024-04-12 10:00:00+00:00,2.8129000663757324
2024-04-12 11:00:00+00:00,2.8173999786376953
2024-04-12 12:00:00+00:00,2.8213999271392822
2024-04-12 13:00:00+00:00,2.833899974822998
2024-04-12 14:00:00+00:00,2.8357999324798584
2024-04-12 15:00:00+00:00,2.8280999660491943
2024-04-12 16:00:00+00:00,2.817699909210205
2024-04-12 17:00:00+00:00,2.816699981689453
2024-04-12 18:00:00+00:00,2.797300100326538
2024-04-12 19:00:00+00:00,2.797300100326538
2024-04-12 20:00:00+00:00,2.796299934387207
2024-04-14 22:00:00+00:00,2.8041000366210938
2024-04-14 23:00:00+00:00,2.809799909591675
2024-04-15 00:00:00+00:00,2.805999994277954
2024-04-15 01:00:00+00:00,2.8115999698638916
2024-04-15 02:00:00+00:00,2.8039000034332275
2024-04-15 03:00:00+00:00,2.8101999759674072
2024-04-15 04:00:00+00:00,2.8064000606536865
2024-04-15 05:00:00+00:00,2.8059000968933105
2024-04-15 06:00:00+00:00,2.7959001064300537
2024-04-15 07:00:00+00:00,2.7820000648498535
2024-04-15 08:00:00+00:00,2.7797999382019043
2024-04-15 09:00:00+00:00,2.7815001010894775
2024-04-15 10:00:00+00:00,2.7855000495910645
2024-04-15 11:00:00+00:00,2.7941999435424805
2024-04-15 12:00:00+00:00,2.7795000076293945
2024-04-15 13:00:00+00:00,2.7685999870300293
2024-04-15 14:00:00+00:00,2.768199920654297
2024-04-15 15:00:00+00:00,2.7639999389648438
2024-04-15 16:00:00+00:00,2.763200044631958
2024-04-15 17:00:00+00:00,2.7780001163482666
2024-04-15 18:00:00+00:00,2.7922000885009766
2024-04-15 19:00:00+00:00,2.789099931716919
2024-04-15 20:00:00+00:00,2.790299892425537
2024-04-15 22:00:00+00:00,2.7941999435424805
2024-04-15 23:00:00+00:00,2.7932000160217285
2024-04-16 00:00:00+00:00,2.7990000247955322
2024-04-16 01:00:00+00:00,2.8025999069213867
2024-04-16 02:00:00+00:00,2.803499937057495
2024-04-16 03:00:00+00:00,2.8025999069213867
2024-04-16 04:00:00+00:00,2.7964000701904297
2024-04-16 05:00:00+00:00,2.7999000549316406
2024-04-16 06:00:00+00:00,2.7880001068115234
2024-04-16 07:00:00+00:00,2.786099910736084
2024-04-16 08:00:00+00:00,2.7894999980926514
2024-04-16 09:00:00+00:00,2.789299964904785
2024-04-16 10:00:00+00:00,2.7815001010894775
2024-04-16 11:00:00+00:00,2.78629994392395
2024-04-16 12:00:00+00:00,2.779900074005127
2024-04-16 13:00:00+00:00,2.7916998863220215
2024-04-16 14:00:00+00:00,2.8041000366210938
2024-04-16 15:00:00+00:00,2.8011999130249023
2024-04-16 16:00:00+00:00,2.8108999729156494
2024-04-16 17:00:00+00:00,2.811199903488159
2024-04-16 18:00:00+00:00,2.819000005722046
2024-04-16 19:00:00+00:00,2.8178000450134277
2024-04-16 20:00:00+00:00,2.816699981689453
2024-04-16 22:00:00+00:00,2.816499948501587
2024-04-16 23:00:00+00:00,2.8217999935150146
2024-04-17 00:00:00+00:00,2.8138999938964844
2024-04-17 01:00:00+00:00,2.8050999641418457
2024-04-17 02:00:00+00:00,2.8046000003814697
2024-04-17 03:00:00+00:00,2.8057000637054443
2024-04-17 04:00:00+00:00,2.8076000213623047
2024-04-17 05:00:00+00:00,2.8096001148223877
2024-04-17 06:00:00+00:00,2.8097000122070312
2024-04-17 07:00:00+00:00,2.8050999641418457
2024-04-17 08:00:00+00:00,2.801500082015991
2024-04-17 09:00:00+00:00,2.7929000854492188
2024-04-17 10:00:00+00:00,2.8027000427246094
2024-04-17 11:00:00+00:00,2.800299882888794
2024-04-17 12:00:00+00:00,2.7795000076293945
2024-04-17 13:00:00+00:00,2.788800001144409
2024-04-17 14:00:00+00:00,2.777100086212158
2024-04-17 15:00:00+00:00,2.7425999641418457
2024-04-17 16:00:00+00:00,2.734499931335449
2024-04-17 17:00:00+00:00,2.726599931716919
2024-04-17 18:00:00+00:00,2.7309000492095947
2024-04-17 19:00:00+00:00,2.7309999465942383
2024-04-17 20:00:00+00:00,2.7325000762939453
2024-04-17 22:00:00+00:00,2.729599952697754
2024-04-17 23:00:00+00:00,2.730299949645996
2024-04-18 00:00:00+00:00,2.7298998832702637
2024-04-18 01:00:00+00:00,2.729099988937378
2024-04-18 02:00:00+00:00,2.7328999042510986
2024-04-18 03:00:00+00:00,2.7327001094818115
2024-04-18 04:00:00+00:00,2.7286999225616455
2024-04-18 05:00:00+00:00,2.7302000522613525
2024-04-18 06:00:00+00:00,2.7256999015808105
2024-04-18 07:00:00+00:00,2.710900068283081
2024-04-18 08:00:00+00:00,2.7039999961853027
2024-04-18 09:00:00+00:00,2.7037999629974365
2024-04-18 10:00:00+00:00,2.698499917984009
2024-04-18 11:00:00+00:00,2.696199893951416
2024-04-18 12:00:00+00:00,2.713399887084961
2024-04-18 13:00:00+00:00,2.7172999382019043
2024-04-18 14:00:00+00:00,2.7074999809265137
2024-04-18 15:00:00+00:00,2.7195000648498535
2024-04-18 16:00:00+00:00,2.7342000007629395
2024-04-18 17:00:00+00:00,2.7177999019622803
2024-04-18 18:00:00+00:00,2.7135000228881836
2024-04-18 19:00:00+00:00,2.7076001167297363
2024-04-18 20:00:00+00:00,2.704699993133545
2024-04-18 22:00:00+00:00,2.7056000232696533
2024-04-18 23:00:00+00:00,2.7091000080108643
2024-04-19 00:00:00+00:00,2.714900016784668
2024-04-19 01:00:00+00:00,2.7753000259399414
2024-04-19 02:00:00+00:00,2.7644999027252197
2024-04-19 03:00:00+00:00,2.7544000148773193
2024-04-19 04:00:00+00:00,2.7411000728607178
2024-04-19 05:00:00+00:00,2.7455999851226807
2024-04-19 06:00:00+00:00,2.7332000732421875
2024-04-19 07:00:00+00:00,2.7207999229431152
2024-04-19 08:00:00+00:00,2.709700107574463
2024-04-19 09:00:00+00:00,2.6991000175476074
2024-04-19 10:00:00+00:00,2.693700075149536
2024-04-19 11:00:00+00:00,2.694000005722046
2024-04-19 12:00:00+00:00,2.6944000720977783
2024-04-19 13:00:00+00:00,2.7012999057769775
2024-04-19 14:00:00+00:00,2.7265000343322754
2024-04-19 15:00:00+00:00,2.713200092315674
2024-04-19 16:00:00+00:00,2.720099925994873
2024-04-19 17:00:00+00:00,2.714099884033203
2024-04-19 18:00:00+00:00,2.7146999835968018
2024-04-19 19:00:00+00:00,2.7100000381469727
2024-04-19 20:00:00+00:00,2.710099935531616
2024-04-21 22:00:00+00:00,2.708199977874756
2024-04-21 23:00:00+00:00,2.70740008354187
2024-04-22 00:00:00+00:00,2.6981000900268555
2024-04-22 01:00:00+00:00,2.694200038909912
2024-04-22 02:00:00+00:00,2.696899890899658
2024-04-22 03:00:00+00:00,2.6958999633789062
2024-04-22 04:00:00+00:00,2.6928000450134277
2024-04-22 05:00:00+00:00,2.688499927520752
2024-04-22 06:00:00+00:00,2.685499906539917
2024-04-22 07:00:00+00:00,2.677999973297119
2024-04-22 08:00:00+00:00,2.688499927520752
2024-04-22 09:00:00+00:00,2.697999954223633
2024-04-22 10:00:00+00:00,2.6960999965667725
2024-04-22 11:00:00+00:00,2.687999963760376
2024-04-22 12:00:00+00:00,2.679500102996826
2024-04-22 13:00:00+00:00,2.681299924850464
2024-04-22 14:00:00+00:00,2.684999942779541
2024-04-22 15:00:00+00:00,2.6893999576568604
2024-04-22 16:00:00+00:00,2.68969988822937
2024-04-22 17:00:00+00:00,2.686500072479248
2024-04-22 18:00:00+00:00,2.6875
2024-04-22 19:00:00+00:00,2.689300060272217
2024-04-22 20:00:00+00:00,2.690000057220459
2024-04-22 22:00:00+00:00,2.6930999755859375
2024-04-22 23:00:00+00:00,2.6942999362945557
2024-04-23 00:00:00+00:00,2.700000047683716
2024-04-23 01:00:00+00:00,2.6875
2024-04-23 02:00:00+00:00,2.695499897003174
2024-04-23 05:00:00+00:00,2.6907999515533447
2024-04-23 06:00:00+00:00,2.6881000995635986
2024-04-23 07:00:00+00:00,2.6933999061584473
2024-04-23 08:00:00+00:00,2.6919000148773193
2024-04-23 09:00:00+00:00,2.680000066757202
2024-04-23 10:00:00+00:00,2.66729998588562
2024-04-23 11:00:00+00:00,2.661900043487549
2024-04-23 12:00:00+00:00,2.6526999473571777
2024-04-23 13:00:00+00:00,2.673799991607666
2024-04-23 14:00:00+00:00,2.6951000690460205
2024-04-23 15:00:00+00:00,2.7142999172210693
2024-04-23 16:00:00+00:00,2.7204999923706055
2024-04-23 17:00:00+00:00,2.727299928665161
2024-04-23 18:00:00+00:00,2.722100019454956
2024-04-23 19:00:00+00:00,2.722599983215332
2024-04-23 20:00:00+00:00,2.7269999980926514
2024-04-23 22:00:00+00:00,2.7251999378204346
2024-04-23 23:00:00+00:00,2.7263998985290527
2024-04-24 00:00:00+00:00,2.724900007247925
2024-04-24 01:00:00+00:00,2.719899892807007
2024-04-24 02:00:00+00:00,2.7232000827789307
2024-04-24 03:00:00+00:00,2.7207000255584717
2024-04-24 05:00:00+00:00,2.7320001125335693
2024-04-24 06:00:00+00:00,2.7346999645233154
2024-04-24 07:00:00+00:00,2.7300000190734863
2024-04-24 08:00:00+00:00,2.7253000736236572
2024-04-24 09:00:00+00:00,2.724299907684326
2024-04-24 10:00:00+00:00,2.719899892807007
2024-04-24 11:00:00+00:00,2.726099967956543
2024-04-24 12:00:00+00:00,2.724100112915039
2024-04-24 13:00:00+00:00,2.7177000045776367
2024-04-24 14:00:00+00:00,2.716200113296509
2024-04-24 15:00:00+00:00,2.7276999950408936
2024-04-24 16:00:00+00:00,2.7249999046325684
2024-04-24 17:00:00+00:00,2.7239999771118164
2024-04-24 18:00:00+00:00,2.7328999042510986
2024-04-24 19:00:00+00:00,2.73580002784729
2024-04-24 20:00:00+00:00,2.7339999675750732
2024-04-24 22:00:00+00:00,2.73580002784729
2024-04-24 23:00:00+00:00,2.734999895095825
2024-04-25 00:00:00+00:00,2.731600046157837
2024-04-25 01:00:00+00:00,2.729099988937378
2024-04-25 02:00:00+00:00,2.7374000549316406
2024-04-25 03:00:00+00:00,2.740999937057495
2024-04-25 04:00:00+00:00,2.744999885559082
2024-04-25 06:00:00+00:00,2.7446999549865723
2024-04-25 07:00:00+00:00,2.745699882507324
2024-04-25 08:00:00+00:00,2.741499900817871
2024-04-25 09:00:00+00:00,2.740600109100342
2024-04-25 10:00:00+00:00,2.747999906539917
2024-04-25 11:00:00+00:00,2.7513999938964844
2024-04-25 12:00:00+00:00,2.750200033187866
2024-04-25 13:00:00+00:00,2.7272000312805176
2024-04-25 14:00:00+00:00,2.7165000438690186
2024-04-25 15:00:00+00:00,2.7255001068115234
2024-04-25 16:00:00+00:00,2.7251999378204346
2024-04-25 17:00:00+00:00,2.7400999069213867
2024-04-25 18:00:00+00:00,2.7639999389648438
2024-04-25 19:00:00+00:00,2.7639000415802
2024-04-25 20:00:00+00:00,2.7681000232696533
2024-04-25 22:00:00+00:00,2.7671000957489014
2024-04-25 23:00:00+00:00,2.7679998874664307
2024-04-26 00:00:00+00:00,2.7730000019073486
2024-04-26 01:00:00+00:00,2.7683000564575195
2024-04-26 02:00:00+00:00,2.770699977874756
2024-04-26 03:00:00+00:00,2.769399881362915
2024-04-26 04:00:00+00:00,2.772200107574463
2024-04-26 05:00:00+00:00,2.779099941253662
2024-04-26 06:00:00+00:00,2.774899959564209
2024-04-26 07:00:00+00:00,2.777100086212158
2024-04-26 08:00:00+00:00,2.7637999057769775
2024-04-26 09:00:00+00:00,2.7672998905181885
2024-04-26 10:00:00+00:00,2.7744998931884766
2024-04-26 11:00:00+00:00,2.7725000381469727
2024-04-26 12:00:00+00:00,2.7716000080108643
2024-04-26 13:00:00+00:00,2.765500068664551
2024-04-26 14:00:00+00:00,2.751499891281128
2024-04-26 15:00:00+00:00,2.7660000324249268
2024-04-26 16:00:00+00:00,2.766400098800659
2024-04-26 17:00:00+00:00,2.7627999782562256
2024-04-26 18:00:00+00:00,2.7613000869750977
2024-04-26 19:00:00+00:00,2.760699987411499
2024-04-26 20:00:00+00:00,2.7625999450683594
2024-04-28 22:00:00+00:00,2.7571001052856445
2024-04-28 23:00:00+00:00,2.753700017929077
2024-04-29 00:00:00+00:00,2.7588999271392822
2024-04-29 01:00:00+00:00,2.7558999061584473
2024-04-29 02:00:00+00:00,2.753700017929077
2024-04-29 03:00:00+00:00,2.756500005722046
2024-04-29 04:00:00+00:00,2.757999897003174
2024-04-29 05:00:00+00:00,2.7578999996185303
2024-04-29 06:00:00+00:00,2.756700038909912
2024-04-29 07:00:00+00:00,2.75570011138916
2024-04-29 08:00:00+00:00,2.76419997215271
2024-04-29 09:00:00+00:00,2.7695000171661377
2024-04-29 10:00:00+00:00,2.772700071334839
2024-04-29 11:00:00+00:00,2.7769999504089355
2024-04-29 12:00:00+00:00,2.7644999027252197
2024-04-29 13:00:00+00:00,2.77239990234375
2024-04-29 14:00:00+00:00,2.753200054168701
2024-04-29 15:00:00+00:00,2.7704999446868896
2024-04-29 16:00:00+00:00,2.7655999660491943
2024-04-29 17:00:00+00:00,2.746999979019165
2024-04-29 18:00:00+00:00,2.750699996948242
2024-04-29 19:00:00+00:00,2.75219988822937
2024-04-29 20:00:00+00:00,2.7558000087738037
2024-04-30 00:00:00+00:00,2.755000114440918
2024-04-30 08:00:00+00:00,2.75
2024-04-30 09:00:00+00:00,2.7455999851226807
2024-04-30 12:00:00+00:00,2.7381999492645264
2024-04-30 13:00:00+00:00,2.69569993019104
2024-04-30 14:00:00+00:00,2.699899911880493
2024-04-30 15:00:00+00:00,2.6965999603271484
2024-04-30 16:00:00+00:00,2.692500114440918
2024-04-30 17:00:00+00:00,2.706399917602539
2024-04-30 18:00:00+00:00,2.705199956893921
2024-05-01 07:00:00+00:00,2.6475000381469727
2024-05-01 08:00:00+00:00,2.6522998809814453
2024-05-01 09:00:00+00:00,2.648099899291992
2024-05-01 10:00:00+00:00,2.6547999382019043
2024-05-01 11:00:00+00:00,2.6549999713897705
2024-05-01 12:00:00+00:00,2.6591999530792236
2024-05-01 13:00:00+00:00,2.6738998889923096
2024-05-01 14:00:00+00:00,2.6317999362945557
2024-05-01 15:00:00+00:00,2.5968000888824463
2024-05-01 16:00:00+00:00,2.593100070953369
2024-05-01 17:00:00+00:00,2.5861001014709473
2024-05-01 18:00:00+00:00,2.5873000621795654
2024-05-01 19:00:00+00:00,2.578900098800659
2024-05-01 20:00:00+00:00,2.5752999782562256
2024-05-01 22:00:00+00:00,2.5743000507354736
2024-05-01 23:00:00+00:00,2.573899984359741
2024-05-02 00:00:00+00:00,2.573899984359741
2024-05-02 01:00:00+00:00,2.5764999389648438
2024-05-02 02:00:00+00:00,2.577199935913086
2024-05-02 03:00:00+00:00,2.5787999629974365
2024-05-02 04:00:00+00:00,2.5790998935699463
2024-05-02 05:00:00+00:00,2.580699920654297
2024-05-02 06:00:00+00:00,2.5831000804901123
2024-05-02 07:00:00+00:00,2.597100019454956
2024-05-02 08:00:00+00:00,2.594599962234497
2024-05-02 09:00:00+00:00,2.599900007247925
2024-05-02 10:00:00+00:00,2.5905001163482666
2024-05-02 11:00:00+00:00,2.596400022506714
2024-05-02 12:00:00+00:00,2.5755999088287354
2024-05-02 13:00:00+00:00,2.5785000324249268
2024-05-02 14:00:00+00:00,2.5759999752044678
2024-05-02 15:00:00+00:00,2.5787999629974365
2024-05-02 16:00:00+00:00,2.59089994430542
2024-05-02 17:00:00+00:00,2.5855000019073486
2024-05-02 18:00:00+00:00,2.601599931716919
2024-05-02 19:00:00+00:00,2.593600034713745
2024-05-02 20:00:00+00:00,2.5966999530792236
2024-05-02 22:00:00+00:00,2.600600004196167
2024-05-02 23:00:00+00:00,2.6015000343322754
2024-05-03 00:00:00+00:00,2.6059999465942383
2024-05-03 01:00:00+00:00,2.6043999195098877
2024-05-03 02:00:00+00:00,2.6008999347686768
2024-05-03 03:00:00+00:00,2.605600118637085
2024-05-03 04:00:00+00:00,2.6019999980926514
2024-05-03 05:00:00+00:00,2.6059999465942383
2024-05-03 06:00:00+00:00,2.6041998863220215
2024-05-03 07:00:00+00:00,2.6108999252319336
2024-05-03 08:00:00+00:00,2.608099937438965
2024-05-03 09:00:00+00:00,2.603300094604492
2024-05-03 10:00:00+00:00,2.6119000911712646
2024-05-03 11:00:00+00:00,2.613100051879883
2024-05-03 12:00:00+00:00,2.600399971008301
2024-05-03 13:00:00+00:00,2.585700035095215
2024-05-03 14:00:00+00:00,2.5631000995635986
2024-05-03 15:00:00+00:00,2.5594000816345215
2024-05-03 16:00:00+00:00,2.560800075531006
2024-05-03 17:00:00+00:00,2.5601999759674072
2024-05-03 18:00:00+00:00,2.5488998889923096
2024-05-03 19:00:00+00:00,2.552999973297119
2024-05-03 20:00:00+00:00,2.549999952316284
2024-05-05 22:00:00+00:00,2.560699939727783
2024-05-05 23:00:00+00:00,2.5569000244140625
2024-05-06 00:00:00+00:00,2.551300048828125
2024-05-06 01:00:00+00:00,2.552999973297119
2024-05-06 02:00:00+00:00,2.551500082015991
2024-05-06 03:00:00+00:00,2.5518999099731445
2024-05-06 04:00:00+00:00,2.551800012588501
2024-05-06 05:00:00+00:00,2.5580999851226807
2024-05-06 06:00:00+00:00,2.567699909210205
2024-05-06 07:00:00+00:00,2.563699960708618
2024-05-06 08:00:00+00:00,2.5669000148773193
2024-05-06 09:00:00+00:00,2.5632998943328857
2024-05-06 10:00:00+00:00,2.561300039291382
2024-05-06 11:00:00+00:00,2.565500020980835
2024-05-06 12:00:00+00:00,2.5655999183654785
2024-05-06 13:00:00+00:00,2.5745999813079834
2024-05-06 14:00:00+00:00,2.573499917984009
2024-05-06 15:00:00+00:00,2.5820000171661377
2024-05-06 16:00:00+00:00,2.574700117111206
2024-05-06 17:00:00+00:00,2.580899953842163
2024-05-06 18:00:00+00:00,2.588900089263916
2024-05-06 19:00:00+00:00,2.5845999717712402
2024-05-06 20:00:00+00:00,2.5857999324798584
2024-05-06 22:00:00+00:00,2.586199998855591
2024-05-06 23:00:00+00:00,2.58870005607605
2024-05-07 00:00:00+00:00,2.5927000045776367
2024-05-07 01:00:00+00:00,2.586400032043457
2024-05-07 02:00:00+00:00,2.585099935531616
2024-05-07 03:00:00+00:00,2.5864999294281006
2024-05-07 04:00:00+00:00,2.5843000411987305
2024-05-07 05:00:00+00:00,2.585200071334839
2024-05-07 06:00:00+00:00,2.5803000926971436
2024-05-07 07:00:00+00:00,2.5745999813079834
2024-05-07 08:00:00+00:00,2.5752999782562256
2024-05-07 09:00:00+00:00,2.565999984741211
2024-05-07 10:00:00+00:00,2.5664000511169434
2024-05-07 11:00:00+00:00,2.5659000873565674
2024-05-07 12:00:00+00:00,2.5571999549865723
2024-05-07 13:00:00+00:00,2.5517001152038574
2024-05-07 14:00:00+00:00,2.536400079727173
2024-05-07 15:00:00+00:00,2.5488998889923096
2024-05-07 16:00:00+00:00,2.5527000427246094
2024-05-07 17:00:00+00:00,2.550800085067749
2024-05-07 18:00:00+00:00,2.5460000038146973
2024-05-07 19:00:00+00:00,2.5462000370025635
2024-05-07 20:00:00+00:00,2.5385000705718994
2024-05-07 22:00:00+00:00,2.539599895477295
2024-05-07 23:00:00+00:00,2.5369999408721924
2024-05-08 00:00:00+00:00,2.5325000286102295
2024-05-08 01:00:00+00:00,2.5260000228881836
2024-05-08 02:00:00+00:00,2.526400089263916
2024-05-08 03:00:00+00:00,2.526400089263916
2024-05-08 04:00:00+00:00,2.521899938583374
2024-05-08 05:00:00+00:00,2.5223000049591064
2024-05-08 06:00:00+00:00,2.5137999057769775
2024-05-08 07:00:00+00:00,2.5006000995635986
2024-05-08 08:00:00+00:00,2.492799997329712
2024-05-08 09:00:00+00:00,2.4925999641418457
2024-05-08 10:00:00+00:00,2.499799966812134
2024-05-08 11:00:00+00:00,2.498500108718872
2024-05-08 12:00:00+00:00,2.5109000205993652
2024-05-08 13:00:00+00:00,2.512200117111206
2024-05-08 14:00:00+00:00,2.518699884414673
2024-05-08 15:00:00+00:00,2.5262999534606934
2024-05-08 16:00:00+00:00,2.5248000621795654
2024-05-08 17:00:00+00:00,2.526099920272827
2024-05-08 18:00:00+00:00,2.5341999530792236
2024-05-08 19:00:00+00:00,2.5399999618530273
2024-05-08 20:00:00+00:00,2.539099931716919
2024-05-08 22:00:00+00:00,2.537899971008301
2024-05-08 23:00:00+00:00,2.5408999919891357
2024-05-09 00:00:00+00:00,2.541300058364868
2024-05-09 01:00:00+00:00,2.538800001144409
2024-05-09 02:00:00+00:00,2.5392000675201416
2024-05-09 03:00:00+00:00,2.539299964904785
2024-05-09 04:00:00+00:00,2.540800094604492
2024-05-09 05:00:00+00:00,2.5390000343322754
2024-05-09 06:00:00+00:00,2.53439998626709
2024-05-09 07:00:00+00:00,2.544100046157837
2024-05-09 08:00:00+00:00,2.5422000885009766
2024-05-09 09:00:00+00:00,2.5434000492095947
2024-05-09 10:00:00+00:00,2.559299945831299
2024-05-09 11:00:00+00:00,2.558799982070923
2024-05-09 12:00:00+00:00,2.560499906539917
2024-05-09 13:00:00+00:00,2.554500102996826
2024-05-09 14:00:00+00:00,2.5467000007629395
2024-05-09 15:00:00+00:00,2.5362000465393066
2024-05-09 16:00:00+00:00,2.539900064468384
2024-05-09 17:00:00+00:00,2.5332999229431152
2024-05-09 18:00:00+00:00,2.5448999404907227
2024-05-09 19:00:00+00:00,2.550100088119507
2024-05-09 20:00:00+00:00,2.5478999614715576
2024-05-09 22:00:00+00:00,2.5497000217437744
2024-05-09 23:00:00+00:00,2.5478999614715576
2024-05-10 00:00:00+00:00,2.5504000186920166
2024-05-10 01:00:00+00:00,2.5529000759124756
2024-05-10 02:00:00+00:00,2.5511999130249023
2024-05-10 03:00:00+00:00,2.5536000728607178
2024-05-10 04:00:00+00:00,2.5532000064849854
2024-05-10 05:00:00+00:00,2.5589001178741455
2024-05-10 06:00:00+00:00,2.566999912261963
2024-05-10 07:00:00+00:00,2.5652999877929688
2024-05-10 08:00:00+00:00,2.5510001182556152
2024-05-10 09:00:00+00:00,2.5604000091552734
2024-05-10 10:00:00+00:00,2.5655999183654785
2024-05-10 11:00:00+00:00,2.559799909591675
2024-05-10 12:00:00+00:00,2.545300006866455
2024-05-10 13:00:00+00:00,2.5452001094818115
2024-05-10 14:00:00+00:00,2.5322999954223633
2024-05-10 15:00:00+00:00,2.5201001167297363
2024-05-10 16:00:00+00:00,2.506500005722046
2024-05-10 17:00:00+00:00,2.5013999938964844
2024-05-10 18:00:00+00:00,2.499799966812134
2024-05-10 19:00:00+00:00,2.5039000511169434
2024-05-10 20:00:00+00:00,2.500999927520752
2024-05-12 22:00:00+00:00,2.500499963760376
2024-05-12 23:00:00+00:00,2.5018999576568604
2024-05-13 00:00:00+00:00,2.5007998943328857
2024-05-13 01:00:00+00:00,2.4932000637054443
2024-05-13 02:00:00+00:00,2.4997000694274902
2024-05-13 03:00:00+00:00,2.4997000694274902
2024-05-13 04:00:00+00:00,2.500699996948242
2024-05-13 05:00:00+00:00,2.500999927520752
2024-05-13 06:00:00+00:00,2.50570011138916
2024-05-13 07:00:00+00:00,2.5153000354766846
2024-05-13 08:00:00+00:00,2.518199920654297
2024-05-13 09:00:00+00:00,2.5134999752044678
2024-05-13 10:00:00+00:00,2.5183000564575195
2024-05-13 11:00:00+00:00,2.5201001167297363
2024-05-13 12:00:00+00:00,2.5125999450683594
2024-05-13 13:00:00+00:00,2.5274999141693115
2024-05-13 14:00:00+00:00,2.5197999477386475
2024-05-13 15:00:00+00:00,2.509700059890747
2024-05-13 16:00:00+00:00,2.4965999126434326
2024-05-13 17:00:00+00:00,2.5074000358581543
2024-05-13 18:00:00+00:00,2.515199899673462
2024-05-13 19:00:00+00:00,2.515700101852417
2024-05-13 20:00:00+00:00,2.514400005340576
2024-05-13 22:00:00+00:00,2.516400098800659
2024-05-13 23:00:00+00:00,2.513200044631958
2024-05-14 00:00:00+00:00,2.518199920654297
2024-05-14 01:00:00+00:00,2.514400005340576
2024-05-14 02:00:00+00:00,2.5125999450683594
2024-05-14 03:00:00+00:00,2.5144999027252197
2024-05-14 04:00:00+00:00,2.515700101852417
2024-05-14 05:00:00+00:00,2.5162999629974365
2024-05-14 06:00:00+00:00,2.5141000747680664
2024-05-14 07:00:00+00:00,2.503000020980835
2024-05-14 08:00:00+00:00,2.5009000301361084
2024-05-14 09:00:00+00:00,2.504699945449829
2024-05-14 10:00:00+00:00,2.4946999549865723
2024-05-14 11:00:00+00:00,2.4860000610351562
2024-05-14 12:00:00+00:00,2.4735000133514404
2024-05-14 13:00:00+00:00,2.486599922180176
2024-05-14 14:00:00+00:00,2.4651999473571777
2024-05-14 15:00:00+00:00,2.4558000564575195
2024-05-14 16:00:00+00:00,2.4623000621795654
2024-05-14 17:00:00+00:00,2.4588000774383545
2024-05-14 18:00:00+00:00,2.462899923324585
2024-05-14 19:00:00+00:00,2.464600086212158
2024-05-14 20:00:00+00:00,2.471299886703491
2024-05-14 22:00:00+00:00,2.47189998626709
2024-05-14 23:00:00+00:00,2.470900058746338
2024-05-15 00:00:00+00:00,2.4707000255584717
2024-05-15 01:00:00+00:00,2.4765000343322754
2024-05-15 02:00:00+00:00,2.4763998985290527
2024-05-15 03:00:00+00:00,2.4776999950408936
2024-05-15 04:00:00+00:00,2.475800037384033
2024-05-15 05:00:00+00:00,2.478300094604492
2024-05-15 06:00:00+00:00,2.474600076675415
2024-05-15 07:00:00+00:00,2.477099895477295
2024-05-15 08:00:00+00:00,2.4839000701904297
2024-05-15 09:00:00+00:00,2.4756999015808105
2024-05-15 10:00:00+00:00,2.4691998958587646
2024-05-15 11:00:00+00:00,2.466900110244751
2024-05-15 12:00:00+00:00,2.463599920272827
2024-05-15 13:00:00+00:00,2.450200080871582
2024-05-15 14:00:00+00:00,2.468899965286255
2024-05-15 15:00:00+00:00,2.483299970626831
2024-05-15 16:00:00+00:00,2.48799991607666
2024-05-15 17:00:00+00:00,2.495500087738037
2024-05-15 18:00:00+00:00,2.4974000453948975
2024-05-15 19:00:00+00:00,2.503499984741211
2024-05-15 20:00:00+00:00,2.502700090408325
2024-05-15 22:00:00+00:00,2.503000020980835
2024-05-15 23:00:00+00:00,2.5072999000549316
2024-05-16 00:00:00+00:00,2.5183000564575195
2024-05-16 01:00:00+00:00,2.5165998935699463
2024-05-16 02:00:00+00:00,2.516700029373169
2024-05-16 03:00:00+00:00,2.5178000926971436
2024-05-16 04:00:00+00:00,2.5199999809265137
2024-05-16 05:00:00+00:00,2.5179998874664307
2024-05-16 06:00:00+00:00,2.515000104904175
2024-05-16 07:00:00+00:00,2.5190999507904053
2024-05-16 08:00:00+00:00,2.515000104904175
2024-05-16 09:00:00+00:00,2.503700017929077
2024-05-16 10:00:00+00:00,2.5109000205993652
2024-05-16 11:00:00+00:00,2.5153000354766846
2024-05-16 12:00:00+00:00,2.507699966430664
2024-05-16 13:00:00+00:00,2.523699998855591
2024-05-16 14:00:00+00:00,2.5292999744415283
2024-05-16 15:00:00+00:00,2.54259991645813
2024-05-16 16:00:00+00:00,2.52810001373291
2024-05-16 17:00:00+00:00,2.5348000526428223
2024-05-16 18:00:00+00:00,2.542099952697754
2024-05-16 19:00:00+00:00,2.5399999618530273
2024-05-16 20:00:00+00:00,2.5416998863220215
2024-05-16 22:00:00+00:00,2.5439000129699707
2024-05-16 23:00:00+00:00,2.542099952697754
2024-05-17 00:00:00+00:00,2.5485000610351562
2024-05-17 01:00:00+00:00,2.560699939727783
2024-05-17 02:00:00+00:00,2.561300039291382
2024-05-17 03:00:00+00:00,2.5601000785827637
2024-05-17 04:00:00+00:00,2.5606000423431396
2024-05-17 05:00:00+00:00,2.563699960708618
2024-05-17 06:00:00+00:00,2.5655999183654785
2024-05-17 07:00:00+00:00,2.5580999851226807
2024-05-17 08:00:00+00:00,2.557300090789795
2024-05-17 09:00:00+00:00,2.563999891281128
2024-05-17 10:00:00+00:00,2.5696001052856445
2024-05-17 11:00:00+00:00,2.561000108718872
2024-05-17 12:00:00+00:00,2.5757999420166016
2024-05-17 13:00:00+00:00,2.5553998947143555
2024-05-17 14:00:00+00:00,2.5469000339508057
2024-05-17 15:00:00+00:00,2.5611000061035156
2024-05-17 16:00:00+00:00,2.569499969482422
2024-05-17 17:00:00+00:00,2.5690999031066895
2024-05-17 18:00:00+00:00,2.574700117111206
2024-05-17 19:00:00+00:00,2.574700117111206
2024-05-17 20:00:00+00:00,2.578000068664551
2024-05-19 22:00:00+00:00,2.575000047683716
2024-05-19 23:00:00+00:00,2.568000078201294
2024-05-20 00:00:00+00:00,2.575000047683716
2024-05-20 01:00:00+00:00,2.5787999629974365
2024-05-20 02:00:00+00:00,2.5754001140594482
2024-05-20 03:00:00+00:00,2.571700096130371
2024-05-20 04:00:00+00:00,2.5725998878479004
2024-05-20 05:00:00+00:00,2.578000068664551
2024-05-20 06:00:00+00:00,2.5773000717163086
2024-05-20 07:00:00+00:00,2.5820999145507812
2024-05-20 08:00:00+00:00,2.5678000450134277
2024-05-20 09:00:00+00:00,2.5587000846862793
2024-05-20 10:00:00+00:00,2.5608999729156494
2024-05-20 11:00:00+00:00,2.5599000453948975
2024-05-20 12:00:00+00:00,2.5413999557495117
2024-05-20 13:00:00+00:00,2.558199882507324
2024-05-20 14:00:00+00:00,2.5592000484466553
2024-05-20 15:00:00+00:00,2.5453999042510986
2024-05-20 16:00:00+00:00,2.5374999046325684
2024-05-20 17:00:00+00:00,2.5322000980377197
2024-05-20 18:00:00+00:00,2.5413999557495117
2024-05-20 19:00:00+00:00,2.5401999950408936
2024-05-20 20:00:00+00:00,2.54259991645813
2024-05-20 22:00:00+00:00,2.5453999042510986
2024-05-20 23:00:00+00:00,2.5439999103546143
2024-05-21 00:00:00+00:00,2.5436999797821045
2024-05-21 01:00:00+00:00,2.5383999347686768
2024-05-21 02:00:00+00:00,2.534600019454956
2024-05-21 03:00:00+00:00,2.5302000045776367
2024-05-21 04:00:00+00:00,2.5209999084472656
2024-05-21 05:00:00+00:00,2.529900074005127
2024-05-21 06:00:00+00:00,2.5302000045776367
2024-05-21 07:00:00+00:00,2.5199999809265137
2024-05-21 08:00:00+00:00,2.51990008354187
2024-05-21 09:00:00+00:00,2.5116000175476074
2024-05-21 10:00:00+00:00,2.50600004196167
2024-05-21 11:00:00+00:00,2.499000072479248
2024-05-21 12:00:00+00:00,2.5058000087738037
2024-05-21 13:00:00+00:00,2.5118000507354736
2024-05-21 14:00:00+00:00,2.5243000984191895
2024-05-21 15:00:00+00:00,2.5028998851776123
2024-05-21 16:00:00+00:00,2.5083999633789062
2024-05-21 17:00:00+00:00,2.5076000690460205
2024-05-21 18:00:00+00:00,2.5132999420166016
2024-05-21 19:00:00+00:00,2.5136001110076904
2024-05-21 20:00:00+00:00,2.5051000118255615
2024-05-21 22:00:00+00:00,2.503200054168701
2024-05-21 23:00:00+00:00,2.5072999000549316
2024-05-22 00:00:00+00:00,2.496500015258789
2024-05-22 01:00:00+00:00,2.4941000938415527
2024-05-22 02:00:00+00:00,2.4979000091552734
2024-05-22 03:00:00+00:00,2.4948999881744385
2024-05-22 04:00:00+00:00,2.493799924850464
2024-05-22 05:00:00+00:00,2.492500066757202
2024-05-22 06:00:00+00:00,2.4825000762939453
2024-05-22 07:00:00+00:00,2.4751999378204346
2024-05-22 08:00:00+00:00,2.477099895477295
2024-05-22 09:00:00+00:00,2.4784998893737793
2024-05-22 10:00:00+00:00,2.4848999977111816
2024-05-22 11:00:00+00:00,2.4721999168395996
2024-05-22 12:00:00+00:00,2.4765000343322754
2024-05-22 13:00:00+00:00,2.472399950027466
2024-05-22 14:00:00+00:00,2.4869000911712646
2024-05-22 15:00:00+00:00,2.48799991607666
2024-05-22 16:00:00+00:00,2.5013999938964844
2024-05-22 17:00:00+00:00,2.475800037384033
2024-05-22 18:00:00+00:00,2.462899923324585
2024-05-22 19:00:00+00:00,2.4688000679016113
2024-05-22 20:00:00+00:00,2.468600034713745
2024-05-22 22:00:00+00:00,2.4644999504089355
2024-05-22 23:00:00+00:00,2.4691998958587646
2024-05-23 00:00:00+00:00,2.4697999954223633
2024-05-23 01:00:00+00:00,2.4544999599456787
2024-05-23 02:00:00+00:00,2.4602999687194824
2024-05-23 03:00:00+00:00,2.4663000106811523
2024-05-23 05:00:00+00:00,2.4614999294281006
2024-05-23 06:00:00+00:00,2.4790000915527344
2024-05-23 07:00:00+00:00,2.4730000495910645
2024-05-23 08:00:00+00:00,2.478600025177002
2024-05-23 09:00:00+00:00,2.491499900817871
2024-05-23 10:00:00+00:00,2.5004000663757324
2024-05-23 11:00:00+00:00,2.494999885559082
2024-05-23 12:00:00+00:00,2.5034000873565674
2024-05-23 13:00:00+00:00,2.4934000968933105
2024-05-23 14:00:00+00:00,2.4767000675201416
2024-05-23 15:00:00+00:00,2.4630000591278076
2024-05-23 16:00:00+00:00,2.4660000801086426
2024-05-23 17:00:00+00:00,2.4605000019073486
2024-05-23 18:00:00+00:00,2.4697000980377197
2024-05-23 19:00:00+00:00,2.4730000495910645
2024-05-23 20:00:00+00:00,2.474900007247925
2024-05-23 22:00:00+00:00,2.481100082397461
2024-05-23 23:00:00+00:00,2.4730000495910645
2024-05-24 00:00:00+00:00,2.4735000133514404
2024-05-24 01:00:00+00:00,2.476599931716919
2024-05-24 02:00:00+00:00,2.4798998832702637
2024-05-24 03:00:00+00:00,2.4797000885009766
2024-05-24 05:00:00+00:00,2.477400064468384
2024-05-24 06:00:00+00:00,2.4791998863220215
2024-05-24 07:00:00+00:00,2.4626998901367188
2024-05-24 08:00:00+00:00,2.469099998474121
2024-05-24 09:00:00+00:00,2.4560999870300293
2024-05-24 10:00:00+00:00,2.451200008392334
2024-05-24 11:00:00+00:00,2.45770001411438
2024-05-24 12:00:00+00:00,2.4584999084472656
2024-05-24 13:00:00+00:00,2.47760009765625
2024-05-24 14:00:00+00:00,2.4820001125335693
2024-05-24 15:00:00+00:00,2.491499900817871
2024-05-24 16:00:00+00:00,2.4930999279022217
2024-05-24 17:00:00+00:00,2.492300033569336
2024-05-24 18:00:00+00:00,2.488100051879883
2024-05-24 19:00:00+00:00,2.4911000728607178
2024-05-24 20:00:00+00:00,2.4916999340057373
2024-05-26 22:00:00+00:00,2.489300012588501
2024-05-26 23:00:00+00:00,2.4895999431610107
2024-05-27 01:00:00+00:00,2.4916000366210938
2024-05-27 02:00:00+00:00,2.498199939727783
2024-05-27 03:00:00+00:00,2.501699924468994
2024-05-28 05:00:00+00:00,2.5206000804901123
2024-05-28 06:00:00+00:00,2.511699914932251
2024-05-28 07:00:00+00:00,2.5100998878479004
2024-05-28 08:00:00+00:00,2.505500078201294
2024-05-28 09:00:00+00:00,2.5053000450134277
2024-05-28 10:00:00+00:00,2.5095999240875244
2024-05-28 11:00:00+00:00,2.504199981689453
2024-05-28 12:00:00+00:00,2.5044000148773193
2024-05-28 13:00:00+00:00,2.511399984359741
2024-05-28 14:00:00+00:00,2.511699914932251
2024-05-28 15:00:00+00:00,2.5179998874664307
2024-05-28 16:00:00+00:00,2.515899896621704
2024-05-28 17:00:00+00:00,2.5053999423980713
2024-05-28 18:00:00+00:00,2.517699956893921
2024-05-28 19:00:00+00:00,2.5179998874664307
2024-05-28 20:00:00+00:00,2.521899938583374
2024-05-28 22:00:00+00:00,2.521899938583374
2024-05-28 23:00:00+00:00,2.5211000442504883
2024-05-29 00:00:00+00:00,2.520699977874756
2024-05-29 01:00:00+00:00,2.5160000324249268
2024-05-29 02:00:00+00:00,2.514400005340576
2024-05-29 04:00:00+00:00,2.5169999599456787
2024-05-29 05:00:00+00:00,2.515700101852417
2024-05-29 06:00:00+00:00,2.524600028991699
2024-05-29 07:00:00+00:00,2.5260000228881836
2024-05-29 08:00:00+00:00,2.5220999717712402
2024-05-29 09:00:00+00:00,2.532099962234497
2024-05-29 10:00:00+00:00,2.521199941635132
2024-05-29 11:00:00+00:00,2.5141000747680664
2024-05-29 12:00:00+00:00,2.503000020980835
2024-05-29 13:00:00+00:00,2.4934000968933105
2024-05-29 14:00:00+00:00,2.4762001037597656
2024-05-29 15:00:00+00:00,2.472599983215332
2024-05-29 16:00:00+00:00,2.4737000465393066
2024-05-29 17:00:00+00:00,2.470599889755249
2024-05-29 18:00:00+00:00,2.460400104522705
2024-05-29 19:00:00+00:00,2.460900068283081
2024-05-29 20:00:00+00:00,2.464200019836426
2024-05-29 22:00:00+00:00,2.460700035095215
2024-05-30 00:00:00+00:00,2.4554998874664307
2024-05-30 01:00:00+00:00,2.4595000743865967
2024-05-30 06:00:00+00:00,2.4516000747680664
2024-05-30 07:00:00+00:00,2.436800003051758
2024-05-30 08:00:00+00:00,2.4474000930786133
2024-05-30 09:00:00+00:00,2.4482998847961426
2024-05-30 10:00:00+00:00,2.4430999755859375
2024-05-30 11:00:00+00:00,2.4553000926971436
2024-05-30 12:00:00+00:00,2.4477999210357666
2024-05-30 13:00:00+00:00,2.4612998962402344
2024-05-30 14:00:00+00:00,2.448699951171875
2024-05-30 15:00:00+00:00,2.4302000999450684
2024-05-30 16:00:00+00:00,2.4135000705718994
2024-05-30 17:00:00+00:00,2.4045000076293945
2024-05-30 18:00:00+00:00,2.4066998958587646
2024-05-30 19:00:00+00:00,2.401900053024292
2024-05-30 20:00:00+00:00,2.399199962615967
2024-05-30 23:00:00+00:00,2.398699998855591
2024-05-31 07:00:00+00:00,2.398400068283081
2024-05-31 08:00:00+00:00,2.400599956512451
2024-05-31 10:00:00+00:00,2.4217000007629395
2024-05-31 11:00:00+00:00,2.4184000492095947
2024-05-31 12:00:00+00:00,2.4365999698638916
2024-05-31 13:00:00+00:00,2.420099973678589
2024-05-31 14:00:00+00:00,2.4159998893737793
2024-05-31 15:00:00+00:00,2.409600019454956
2024-05-31 16:00:00+00:00,2.427999973297119
2024-05-31 17:00:00+00:00,2.4233999252319336
2024-05-31 18:00:00+00:00,2.427500009536743
2024-05-31 20:00:00+00:00,2.421299934387207
2024-06-02 22:00:00+00:00,2.413300037384033
2024-06-02 23:00:00+00:00,2.4151999950408936
2024-06-03 00:00:00+00:00,2.4189999103546143
2024-06-03 01:00:00+00:00,2.432300090789795
2024-06-03 02:00:00+00:00,2.4342000484466553
2024-06-03 03:00:00+00:00,2.4193999767303467
2024-06-03 04:00:00+00:00,2.4202001094818115
2024-06-03 05:00:00+00:00,2.4210000038146973
2024-06-03 06:00:00+00:00,2.420599937438965
2024-06-03 07:00:00+00:00,2.433799982070923
2024-06-03 08:00:00+00:00,2.427299976348877
2024-06-03 09:00:00+00:00,2.4203999042510986
2024-06-03 10:00:00+00:00,2.421999931335449
2024-06-03 11:00:00+00:00,2.422499895095825
2024-06-03 12:00:00+00:00,2.4161999225616455
2024-06-03 13:00:00+00:00,2.3626999855041504
2024-06-03 14:00:00+00:00,2.3559999465942383
2024-06-03 15:00:00+00:00,2.3433001041412354
2024-06-03 16:00:00+00:00,2.3396999835968018
2024-06-03 17:00:00+00:00,2.3334999084472656
2024-06-03 18:00:00+00:00,2.3378000259399414
2024-06-03 19:00:00+00:00,2.3340001106262207
2024-06-03 20:00:00+00:00,2.330399990081787
2024-06-03 22:00:00+00:00,2.3296000957489014
2024-06-03 23:00:00+00:00,2.328700065612793
2024-06-04 00:00:00+00:00,2.3296000957489014
2024-06-04 01:00:00+00:00,2.323499917984009
2024-06-04 02:00:00+00:00,2.324199914932251
2024-06-04 03:00:00+00:00,2.323899984359741
2024-06-04 04:00:00+00:00,2.321000099182129
2024-06-04 05:00:00+00:00,2.315999984741211
2024-06-04 06:00:00+00:00,2.316999912261963
2024-06-04 07:00:00+00:00,2.309000015258789
2024-06-04 08:00:00+00:00,2.3071000576019287
2024-06-04 09:00:00+00:00,2.3052000999450684
2024-06-04 10:00:00+00:00,2.3092000484466553
2024-06-04 11:00:00+00:00,2.319200038909912
2024-06-04 12:00:00+00:00,2.3113999366760254
2024-06-04 13:00:00+00:00,2.3155999183654785
2024-06-04 14:00:00+00:00,2.3257999420166016
2024-06-04 15:00:00+00:00,2.3333001136779785
2024-06-04 16:00:00+00:00,2.332900047302246
2024-06-04 17:00:00+00:00,2.3508999347686768
2024-06-04 18:00:00+00:00,2.3496999740600586
2024-06-04 19:00:00+00:00,2.345099925994873
2024-06-04 20:00:00+00:00,2.3303000926971436
2024-06-04 22:00:00+00:00,2.3299999237060547
2024-06-04 23:00:00+00:00,2.33270001411438
2024-06-05 00:00:00+00:00,2.3357999324798584
2024-06-05 01:00:00+00:00,2.337599992752075
2024-06-05 02:00:00+00:00,2.3452000617980957
2024-06-05 03:00:00+00:00,2.3436999320983887
2024-06-05 04:00:00+00:00,2.346100091934204
2024-06-05 05:00:00+00:00,2.3457999229431152
2024-06-05 06:00:00+00:00,2.3475000858306885
2024-06-05 07:00:00+00:00,2.3485000133514404
2024-06-05 08:00:00+00:00,2.33240008354187
2024-06-05 09:00:00+00:00,2.3334999084472656
2024-06-05 10:00:00+00:00,2.3408000469207764
2024-06-05 11:00:00+00:00,2.337899923324585
2024-06-05 12:00:00+00:00,2.3394999504089355
2024-06-05 13:00:00+00:00,2.345400094985962
2024-06-05 14:00:00+00:00,2.3477001190185547
2024-06-05 15:00:00+00:00,2.353100061416626
2024-06-05 16:00:00+00:00,2.3506999015808105
2024-06-05 17:00:00+00:00,2.3624000549316406
2024-06-05 18:00:00+00:00,2.357800006866455
2024-06-05 19:00:00+00:00,2.358299970626831
2024-06-05 20:00:00+00:00,2.3629000186920166
2024-06-05 22:00:00+00:00,2.3645999431610107
2024-06-05 23:00:00+00:00,2.364500045776367
2024-06-06 00:00:00+00:00,2.3689000606536865
2024-06-06 01:00:00+00:00,2.3684000968933105
2024-06-06 02:00:00+00:00,2.3687000274658203
2024-06-06 03:00:00+00:00,2.3673999309539795
2024-06-06 04:00:00+00:00,2.3696000576019287
2024-06-06 05:00:00+00:00,2.3664000034332275
2024-06-06 06:00:00+00:00,2.3691999912261963
2024-06-06 07:00:00+00:00,2.3712000846862793
2024-06-06 08:00:00+00:00,2.3643999099731445
2024-06-06 09:00:00+00:00,2.3643999099731445
2024-06-06 10:00:00+00:00,2.3619000911712646
2024-06-06 11:00:00+00:00,2.3689000606536865
2024-06-06 12:00:00+00:00,2.3629000186920166
2024-06-06 13:00:00+00:00,2.361999988555908
2024-06-06 14:00:00+00:00,2.3671998977661133
2024-06-06 15:00:00+00:00,2.398099899291992
2024-06-06 16:00:00+00:00,2.392400026321411
2024-06-06 17:00:00+00:00,2.4000000953674316
2024-06-06 18:00:00+00:00,2.3987998962402344
2024-06-06 19:00:00+00:00,2.3977999687194824
2024-06-06 20:00:00+00:00,2.40310001373291
2024-06-06 22:00:00+00:00,2.3989999294281006
2024-06-06 23:00:00+00:00,2.402100086212158
2024-06-07 00:00:00+00:00,2.408400058746338
2024-06-07 01:00:00+00:00,2.3940000534057617
2024-06-07 02:00:00+00:00,2.4003000259399414
2024-06-07 03:00:00+00:00,2.4066998958587646
2024-06-07 04:00:00+00:00,2.4068000316619873
2024-06-07 05:00:00+00:00,2.403700113296509
2024-06-07 06:00:00+00:00,2.405900001525879
2024-06-07 07:00:00+00:00,2.4007999897003174
2024-06-07 08:00:00+00:00,2.39490008354187
2024-06-07 09:00:00+00:00,2.400399923324585
2024-06-07 10:00:00+00:00,2.4066998958587646
2024-06-07 11:00:00+00:00,2.4140000343322754
2024-06-07 12:00:00+00:00,2.393899917602539
2024-06-07 13:00:00+00:00,2.394200086593628
2024-06-07 14:00:00+00:00,2.3870999813079834
2024-06-07 15:00:00+00:00,2.3773999214172363
2024-06-07 16:00:00+00:00,2.3828999996185303
2024-06-07 17:00:00+00:00,2.384000062942505
2024-06-07 18:00:00+00:00,2.3789000511169434
2024-06-07 19:00:00+00:00,2.378999948501587
2024-06-07 20:00:00+00:00,2.3803000450134277
2024-06-09 22:00:00+00:00,2.3828001022338867
2024-06-09 23:00:00+00:00,2.384200096130371
2024-06-10 00:00:00+00:00,2.393199920654297
2024-06-10 01:00:00+00:00,2.3949999809265137
2024-06-10 02:00:00+00:00,2.39490008354187
2024-06-10 03:00:00+00:00,2.396399974822998
2024-06-10 04:00:00+00:00,2.395900011062622
2024-06-10 05:00:00+00:00,2.3973000049591064
2024-06-10 06:00:00+00:00,2.392899990081787
2024-06-10 07:00:00+00:00,2.3970999717712402
2024-06-10 08:00:00+00:00,2.378999948501587
2024-06-10 09:00:00+00:00,2.3803000450134277
2024-06-10 10:00:00+00:00,2.382999897003174
2024-06-10 11:00:00+00:00,2.396899938583374
2024-06-10 12:00:00+00:00,2.3870999813079834
2024-06-10 13:00:00+00:00,2.391900062561035
2024-06-10 14:00:00+00:00,2.391400098800659
2024-06-10 15:00:00+00:00,2.4133999347686768
2024-06-10 16:00:00+00:00,2.4110000133514404
2024-06-10 17:00:00+00:00,2.407399892807007
2024-06-10 18:00:00+00:00,2.4135000705718994
2024-06-10 19:00:00+00:00,2.4123001098632812
2024-06-10 20:00:00+00:00,2.4258999824523926
2024-06-10 22:00:00+00:00,2.4242000579833984
2024-06-10 23:00:00+00:00,2.422600030899048
2024-06-11 00:00:00+00:00,2.4193999767303467
2024-06-11 01:00:00+00:00,2.4158999919891357
2024-06-11 02:00:00+00:00,2.4128000736236572
2024-06-11 03:00:00+00:00,2.412400007247925
2024-06-11 04:00:00+00:00,2.413599967956543
2024-06-11 05:00:00+00:00,2.4107000827789307
2024-06-11 06:00:00+00:00,2.416800022125244
2024-06-11 07:00:00+00:00,2.4137001037597656
2024-06-11 08:00:00+00:00,2.3986001014709473
2024-06-11 09:00:00+00:00,2.3945000171661377
2024-06-11 10:00:00+00:00,2.3922998905181885
2024-06-11 11:00:00+00:00,2.394700050354004
2024-06-11 12:00:00+00:00,2.4052999019622803
2024-06-11 13:00:00+00:00,2.40310001373291
2024-06-11 14:00:00+00:00,2.4001998901367188
2024-06-11 15:00:00+00:00,2.418299913406372
2024-06-11 16:00:00+00:00,2.418600082397461
2024-06-11 17:00:00+00:00,2.4117000102996826
2024-06-11 18:00:00+00:00,2.41510009765625
2024-06-11 19:00:00+00:00,2.4135000705718994
2024-06-11 20:00:00+00:00,2.4268999099731445
2024-06-11 22:00:00+00:00,2.429500102996826
2024-06-11 23:00:00+00:00,2.427000045776367
2024-06-12 00:00:00+00:00,2.4247000217437744
2024-06-12 01:00:00+00:00,2.428299903869629
2024-06-12 02:00:00+00:00,2.433300018310547
2024-06-12 03:00:00+00:00,2.4319000244140625
2024-06-12 04:00:00+00:00,2.4314000606536865
2024-06-12 05:00:00+00:00,2.4356000423431396
2024-06-12 06:00:00+00:00,2.430799961090088
2024-06-12 07:00:00+00:00,2.4265999794006348
2024-06-12 08:00:00+00:00,2.4296998977661133
2024-06-12 09:00:00+00:00,2.434000015258789
2024-06-12 10:00:00+00:00,2.4312000274658203
2024-06-12 11:00:00+00:00,2.43530011177063
2024-06-12 12:00:00+00:00,2.445499897003174
2024-06-12 13:00:00+00:00,2.4495999813079834
2024-06-12 14:00:00+00:00,2.401599884033203
2024-06-12 15:00:00+00:00,2.4003000259399414
2024-06-12 16:00:00+00:00,2.4056999683380127
2024-06-12 17:00:00+00:00,2.4075000286102295
2024-06-12 18:00:00+00:00,2.3926000595092773
2024-06-12 19:00:00+00:00,2.3921000957489014
2024-06-12 20:00:00+00:00,2.392699956893921
2024-06-12 22:00:00+00:00,2.3933000564575195
2024-06-12 23:00:00+00:00,2.3928000926971436
2024-06-13 00:00:00+00:00,2.3945999145507812
2024-06-13 01:00:00+00:00,2.3828001022338867
2024-06-13 02:00:00+00:00,2.382999897003174
2024-06-13 03:00:00+00:00,2.382699966430664
2024-06-13 04:00:00+00:00,2.382699966430664
2024-06-13 05:00:00+00:00,2.3787999153137207
2024-06-13 06:00:00+00:00,2.3780999183654785
2024-06-13 07:00:00+00:00,2.385200023651123
2024-06-13 08:00:00+00:00,2.3752999305725098
2024-06-13 09:00:00+00:00,2.371000051498413
2024-06-13 10:00:00+00:00,2.379199981689453
2024-06-13 11:00:00+00:00,2.380000114440918
2024-06-13 12:00:00+00:00,2.397700071334839
2024-06-13 13:00:00+00:00,2.411900043487549
2024-06-13 14:00:00+00:00,2.413599967956543
2024-06-13 15:00:00+00:00,2.3963000774383545
2024-06-13 16:00:00+00:00,2.4117000102996826
2024-06-13 17:00:00+00:00,2.4112000465393066
2024-06-13 18:00:00+00:00,2.4128000736236572
2024-06-13 19:00:00+00:00,2.412600040435791
2024-06-13 20:00:00+00:00,2.4084999561309814
2024-06-13 22:00:00+00:00,2.4105000495910645
2024-06-13 23:00:00+00:00,2.410599946975708
2024-06-14 00:00:00+00:00,2.4086999893188477
2024-06-14 01:00:00+00:00,2.4198999404907227
2024-06-14 02:00:00+00:00,2.419300079345703
2024-06-14 03:00:00+00:00,2.4202001094818115
2024-06-14 04:00:00+00:00,2.4179999828338623
2024-06-14 05:00:00+00:00,2.4184000492095947
2024-06-14 06:00:00+00:00,2.4179000854492188
2024-06-14 07:00:00+00:00,2.4144999980926514
2024-06-14 08:00:00+00:00,2.4235000610351562
2024-06-14 09:00:00+00:00,2.425299882888794
2024-06-14 10:00:00+00:00,2.4367001056671143
2024-06-14 11:00:00+00:00,2.4433999061584473
2024-06-14 12:00:00+00:00,2.441499948501587
2024-06-14 13:00:00+00:00,2.436199903488159
2024-06-14 14:00:00+00:00,2.4179000854492188
2024-06-14 15:00:00+00:00,2.4179000854492188
2024-06-14 16:00:00+00:00,2.41759991645813
2024-06-14 17:00:00+00:00,2.4096999168395996
2024-06-14 18:00:00+00:00,2.405100107192993
2024-06-14 19:00:00+00:00,2.403599977493286
2024-06-14 20:00:00+00:00,2.4045000076293945
2024-06-16 22:00:00+00:00,2.4010000228881836
2024-06-16 23:00:00+00:00,2.3973000049591064
2024-06-17 00:00:00+00:00,2.398099899291992
2024-06-17 01:00:00+00:00,2.395699977874756
2024-06-17 02:00:00+00:00,2.392199993133545
2024-06-17 03:00:00+00:00,2.3891000747680664
2024-06-17 04:00:00+00:00,2.3894999027252197
2024-06-17 05:00:00+00:00,2.384999990463257
2024-06-17 06:00:00+00:00,2.381999969482422
2024-06-17 07:00:00+00:00,2.3956000804901123
2024-06-17 08:00:00+00:00,2.4103000164031982
2024-06-17 09:00:00+00:00,2.4054999351501465
2024-06-17 10:00:00+00:00,2.403599977493286
2024-06-17 11:00:00+00:00,2.4168999195098877
2024-06-17 12:00:00+00:00,2.4061999320983887
2024-06-17 13:00:00+00:00,2.422499895095825
2024-06-17 14:00:00+00:00,2.422499895095825
2024-06-17 15:00:00+00:00,2.4254000186920166
2024-06-17 16:00:00+00:00,2.4346001148223877
2024-06-17 17:00:00+00:00,2.4370999336242676
2024-06-17 18:00:00+00:00,2.44569993019104
2024-06-17 19:00:00+00:00,2.4463999271392822
2024-06-17 20:00:00+00:00,2.448699951171875
2024-06-17 22:00:00+00:00,2.4542999267578125
2024-06-17 23:00:00+00:00,2.4526000022888184
2024-06-18 00:00:00+00:00,2.447700023651123
2024-06-18 01:00:00+00:00,2.4467999935150146
2024-06-18 02:00:00+00:00,2.4451000690460205
2024-06-18 03:00:00+00:00,2.44320011138916
2024-06-18 04:00:00+00:00,2.446199893951416
2024-06-18 05:00:00+00:00,2.4479000568389893
2024-06-18 06:00:00+00:00,2.4407999515533447
2024-06-18 07:00:00+00:00,2.4393999576568604
2024-06-18 08:00:00+00:00,2.4375
2024-06-18 09:00:00+00:00,2.4440999031066895
2024-06-18 10:00:00+00:00,2.4456000328063965
2024-06-18 11:00:00+00:00,2.4570999145507812
2024-06-18 12:00:00+00:00,2.4549999237060547
2024-06-18 13:00:00+00:00,2.4704999923706055
2024-06-18 14:00:00+00:00,2.478300094604492
2024-06-18 15:00:00+00:00,2.4690001010894775
2024-06-18 16:00:00+00:00,2.4702999591827393
2024-06-18 17:00:00+00:00,2.4704999923706055
2024-06-18 18:00:00+00:00,2.4825000762939453
2024-06-18 19:00:00+00:00,2.4811999797821045
2024-06-18 20:00:00+00:00,2.492000102996826
2024-06-18 22:00:00+00:00,2.4955999851226807
2024-06-18 23:00:00+00:00,2.492799997329712
2024-06-19 00:00:00+00:00,2.4972000122070312
2024-06-19 01:00:00+00:00,2.4911000728607178
2024-06-19 02:00:00+00:00,2.5
2024-06-19 03:00:00+00:00,2.4992001056671143
2024-06-20 04:00:00+00:00,2.4986000061035156
2024-06-20 05:00:00+00:00,2.4955999851226807
2024-06-20 06:00:00+00:00,2.4992001056671143
2024-06-20 07:00:00+00:00,2.4944000244140625
2024-06-20 08:00:00+00:00,2.4999001026153564
2024-06-20 09:00:00+00:00,2.5
2024-06-20 10:00:00+00:00,2.4988999366760254
2024-06-20 11:00:00+00:00,2.502000093460083
2024-06-20 12:00:00+00:00,2.4995999336242676
2024-06-20 13:00:00+00:00,2.503999948501587
2024-06-20 14:00:00+00:00,2.498199939727783
2024-06-20 15:00:00+00:00,2.4964001178741455
2024-06-20 16:00:00+00:00,2.4946000576019287
2024-06-20 17:00:00+00:00,2.489000082015991
2024-06-20 18:00:00+00:00,2.503499984741211
2024-06-20 19:00:00+00:00,2.4993999004364014
2024-06-20 20:00:00+00:00,2.5000998973846436
2024-06-20 22:00:00+00:00,2.5023999214172363
2024-06-20 23:00:00+00:00,2.4986000061035156
2024-06-21 00:00:00+00:00,2.4960999488830566
2024-06-21 01:00:00+00:00,2.498699903488159
2024-06-21 02:00:00+00:00,2.496000051498413
2024-06-21 03:00:00+00:00,2.493000030517578
2024-06-21 04:00:00+00:00,2.494800090789795
2024-06-21 06:00:00+00:00,2.4992001056671143
2024-06-21 07:00:00+00:00,2.5020999908447266
2024-06-21 08:00:00+00:00,2.5030999183654785
2024-06-21 09:00:00+00:00,2.5092999935150146
2024-06-21 10:00:00+00:00,2.5114998817443848
2024-06-21 11:00:00+00:00,2.511199951171875
2024-06-21 12:00:00+00:00,2.514400005340576
2024-06-21 13:00:00+00:00,2.51990008354187
2024-06-21 14:00:00+00:00,2.533099889755249
2024-06-21 15:00:00+00:00,2.5143001079559326
2024-06-21 16:00:00+00:00,2.501499891281128
2024-06-21 17:00:00+00:00,2.5069000720977783
2024-06-21 18:00:00+00:00,2.5067999362945557
2024-06-21 19:00:00+00:00,2.51200008392334
2024-06-21 20:00:00+00:00,2.5099000930786133
2024-06-23 22:00:00+00:00,2.503700017929077
2024-06-23 23:00:00+00:00,2.4976000785827637
2024-06-24 00:00:00+00:00,2.499300003051758
2024-06-24 01:00:00+00:00,2.501800060272217
2024-06-24 03:00:00+00:00,2.508500099182129
2024-06-24 04:00:00+00:00,2.5097999572753906
2024-06-24 05:00:00+00:00,2.5092999935150146
2024-06-24 06:00:00+00:00,2.5053999423980713
2024-06-24 07:00:00+00:00,2.5058000087738037
2024-06-24 08:00:00+00:00,2.5097999572753906
2024-06-24 09:00:00+00:00,2.510699987411499
2024-06-24 10:00:00+00:00,2.50819993019104
2024-06-24 11:00:00+00:00,2.5114998817443848
2024-06-24 12:00:00+00:00,2.504699945449829
2024-06-24 13:00:00+00:00,2.5088999271392822
2024-06-24 14:00:00+00:00,2.5023999214172363
2024-06-24 15:00:00+00:00,2.516700029373169
2024-06-24 16:00:00+00:00,2.5118000507354736
2024-06-24 17:00:00+00:00,2.5146000385284424
2024-06-24 18:00:00+00:00,2.512200117111206
2024-06-24 19:00:00+00:00,2.5132999420166016
2024-06-24 20:00:00+00:00,2.5129001140594482
2024-06-24 22:00:00+00:00,2.5125999450683594
2024-06-24 23:00:00+00:00,2.5141000747680664
2024-06-25 00:00:00+00:00,2.5155999660491943
2024-06-25 01:00:00+00:00,2.5160999298095703
2024-06-25 02:00:00+00:00,2.511899948120117
2024-06-25 03:00:00+00:00,2.5125999450683594
2024-06-25 04:00:00+00:00,2.514400005340576
2024-06-25 05:00:00+00:00,2.5137999057769775
2024-06-25 06:00:00+00:00,2.505199909210205
2024-06-25 07:00:00+00:00,2.505000114440918
2024-06-25 08:00:00+00:00,2.499300003051758
2024-06-25 09:00:00+00:00,2.5002999305725098
2024-06-25 10:00:00+00:00,2.5039000511169434
2024-06-25 11:00:00+00:00,2.4983999729156494
2024-06-25 12:00:00+00:00,2.511899948120117
2024-06-25 13:00:00+00:00,2.51419997215271
2024-06-25 14:00:00+00:00,2.526900053024292
2024-06-25 15:00:00+00:00,2.5153000354766846
2024-06-25 16:00:00+00:00,2.513700008392334
2024-06-25 17:00:00+00:00,2.519200086593628
2024-06-25 18:00:00+00:00,2.512399911880493
2024-06-25 19:00:00+00:00,2.5125999450683594
2024-06-25 20:00:00+00:00,2.5004000663757324
2024-06-25 22:00:00+00:00,2.503999948501587
2024-06-25 23:00:00+00:00,2.503000020980835
2024-06-26 00:00:00+00:00,2.4986000061035156
2024-06-26 01:00:00+00:00,2.510999917984009
2024-06-26 03:00:00+00:00,2.516400098800659
2024-06-26 04:00:00+00:00,2.516700029373169
2024-06-26 05:00:00+00:00,2.517699956893921
2024-06-26 06:00:00+00:00,2.520699977874756
2024-06-26 07:00:00+00:00,2.5185000896453857
2024-06-26 08:00:00+00:00,2.518399953842163
2024-06-26 09:00:00+00:00,2.535099983215332
2024-06-26 10:00:00+00:00,2.5299999713897705
2024-06-26 11:00:00+00:00,2.5239999294281006
2024-06-26 12:00:00+00:00,2.5315001010894775
2024-06-26 13:00:00+00:00,2.533900022506714
2024-06-26 14:00:00+00:00,2.5178000926971436
2024-06-26 15:00:00+00:00,2.526400089263916
2024-06-26 16:00:00+00:00,2.539900064468384
2024-06-26 17:00:00+00:00,2.551800012588501
2024-06-26 18:00:00+00:00,2.540800094604492
2024-06-26 19:00:00+00:00,2.5367000102996826
2024-06-26 20:00:00+00:00,2.5404000282287598
2024-06-26 22:00:00+00:00,2.536600112915039
2024-06-26 23:00:00+00:00,2.5362000465393066
2024-06-27 00:00:00+00:00,2.539400100708008
2024-06-27 01:00:00+00:00,2.539599895477295
2024-06-27 02:00:00+00:00,2.5404999256134033
2024-06-27 03:00:00+00:00,2.5460000038146973
2024-06-27 05:00:00+00:00,2.546799898147583
2024-06-27 06:00:00+00:00,2.5429999828338623
2024-06-27 07:00:00+00:00,2.5534000396728516
2024-06-27 08:00:00+00:00,2.5669000148773193
2024-06-27 09:00:00+00:00,2.572700023651123
2024-06-27 10:00:00+00:00,2.5492000579833984
2024-06-27 11:00:00+00:00,2.5513999462127686
2024-06-27 12:00:00+00:00,2.5622000694274902
2024-06-27 13:00:00+00:00,2.567699909210205
2024-06-27 14:00:00+00:00,2.563999891281128
2024-06-27 15:00:00+00:00,2.5446999073028564
2024-06-27 16:00:00+00:00,2.5369999408721924
2024-06-27 17:00:00+00:00,2.546099901199341
2024-06-27 18:00:00+00:00,2.544100046157837
2024-06-27 19:00:00+00:00,2.545099973678589
2024-06-27 20:00:00+00:00,2.546799898147583
2024-06-27 22:00:00+00:00,2.552999973297119
2024-06-28 08:00:00+00:00,2.5620999336242676
2024-06-28 09:00:00+00:00,2.5636000633239746
2024-06-28 10:00:00+00:00,2.555999994277954
2024-06-28 11:00:00+00:00,2.550800085067749
2024-06-28 12:00:00+00:00,2.55649995803833
2024-06-28 13:00:00+00:00,2.5401999950408936
2024-06-28 14:00:00+00:00,2.529900074005127
2024-06-28 15:00:00+00:00,2.526700019836426
2024-06-28 16:00:00+00:00,2.5239999294281006
2024-06-28 17:00:00+00:00,2.527100086212158
2024-06-28 18:00:00+00:00,2.526700019836426
2024-06-28 20:00:00+00:00,2.5099000930786133
2024-06-30 22:00:00+00:00,2.515700101852417
2024-06-30 23:00:00+00:00,2.52239990234375
2024-07-01 00:00:00+00:00,2.522599935531616
2024-07-01 01:00:00+00:00,2.5255000591278076
2024-07-01 02:00:00+00:00,2.5271999835968018
2024-07-01 03:00:00+00:00,2.5281999111175537
2024-07-01 04:00:00+00:00,2.526599884033203
2024-07-01 05:00:00+00:00,2.5283000469207764
2024-07-01 06:00:00+00:00,2.5381999015808105
2024-07-01 07:00:00+00:00,2.5380001068115234
2024-07-01 08:00:00+00:00,2.521899938583374
2024-07-01 09:00:00+00:00,2.518399953842163
2024-07-01 10:00:00+00:00,2.524199962615967
2024-07-01 11:00:00+00:00,2.5364999771118164
2024-07-01 12:00:00+00:00,2.537400007247925
2024-07-01 13:00:00+00:00,2.5378000736236572
2024-07-01 14:00:00+00:00,2.55049991607666
2024-07-01 15:00:00+00:00,2.566999912261963
2024-07-01 16:00:00+00:00,2.571199893951416
2024-07-01 17:00:00+00:00,2.5710999965667725
2024-07-01 18:00:00+00:00,2.575200080871582
2024-07-01 19:00:00+00:00,2.5778000354766846
2024-07-01 20:00:00+00:00,2.5731000900268555
2024-07-01 22:00:00+00:00,2.572000026702881
2024-07-01 23:00:00+00:00,2.5727999210357666
2024-07-02 00:00:00+00:00,2.5755999088287354
2024-07-02 01:00:00+00:00,2.579400062561035
2024-07-02 02:00:00+00:00,2.5761001110076904
2024-07-02 03:00:00+00:00,2.5771000385284424
2024-07-02 04:00:00+00:00,2.579200029373169
2024-07-02 05:00:00+00:00,2.578700065612793
2024-07-02 06:00:00+00:00,2.579699993133545
2024-07-02 07:00:00+00:00,2.5901999473571777
2024-07-02 08:00:00+00:00,2.5966999530792236
2024-07-02 09:00:00+00:00,2.6041998863220215
2024-07-02 10:00:00+00:00,2.6077001094818115
2024-07-02 11:00:00+00:00,2.6092000007629395
2024-07-02 12:00:00+00:00,2.6113998889923096
2024-07-02 13:00:00+00:00,2.5973000526428223
2024-07-02 14:00:00+00:00,2.586699962615967
2024-07-02 15:00:00+00:00,2.572200059890747
2024-07-02 16:00:00+00:00,2.5840001106262207
2024-07-02 17:00:00+00:00,2.588900089263916
2024-07-02 18:00:00+00:00,2.572999954223633
2024-07-02 19:00:00+00:00,2.5736000537872314
2024-07-02 20:00:00+00:00,2.575900077819824
2024-07-02 22:00:00+00:00,2.5748000144958496
2024-07-02 23:00:00+00:00,2.573499917984009
2024-07-03 00:00:00+00:00,2.572499990463257
2024-07-03 01:00:00+00:00,2.57669997215271
2024-07-03 02:00:00+00:00,2.5738000869750977
2024-07-03 03:00:00+00:00,2.5769999027252197
2024-07-03 13:30:00+00:00,2.561000108718872
2024-07-03 14:30:00+00:00,2.549799919128418
2024-07-03 15:30:00+00:00,2.5560998916625977
2024-07-03 16:30:00+00:00,2.570199966430664
2024-07-05 04:00:00+00:00,2.577500104904175
2024-07-05 05:00:00+00:00,2.575000047683716
2024-07-05 06:00:00+00:00,2.5792999267578125
2024-07-05 07:00:00+00:00,2.585400104522705
2024-07-05 08:00:00+00:00,2.5789999961853027
2024-07-05 09:00:00+00:00,2.577399969100952
2024-07-05 10:00:00+00:00,2.5785999298095703
2024-07-05 11:00:00+00:00,2.586400032043457
2024-07-05 12:00:00+00:00,2.599900007247925
2024-07-05 13:00:00+00:00,2.606600046157837
2024-07-05 14:00:00+00:00,2.6136999130249023
2024-07-05 15:00:00+00:00,2.615799903869629
2024-07-05 16:00:00+00:00,2.5969998836517334
2024-07-05 17:00:00+00:00,2.568700075149536
2024-07-05 18:00:00+00:00,2.5694000720977783
2024-07-05 19:00:00+00:00,2.5701000690460205
2024-07-05 20:00:00+00:00,2.575500011444092
2024-07-07 22:00:00+00:00,2.5624001026153564
2024-07-07 23:00:00+00:00,2.557499885559082
2024-07-08 00:00:00+00:00,2.5510001182556152
2024-07-08 01:00:00+00:00,2.5480000972747803
2024-07-08 02:00:00+00:00,2.549499988555908
2024-07-08 03:00:00+00:00,2.5525999069213867
2024-07-08 04:00:00+00:00,2.5520999431610107
2024-07-08 05:00:00+00:00,2.5460000038146973
2024-07-08 06:00:00+00:00,2.546600103378296
2024-07-08 07:00:00+00:00,2.5527000427246094
2024-07-08 08:00:00+00:00,2.5409998893737793
2024-07-08 09:00:00+00:00,2.530900001525879
2024-07-08 10:00:00+00:00,2.535399913787842
2024-07-08 11:00:00+00:00,2.5452001094818115
2024-07-08 12:00:00+00:00,2.5518999099731445
2024-07-08 13:00:00+00:00,2.558300018310547
2024-07-08 14:00:00+00:00,2.5618999004364014
2024-07-08 15:00:00+00:00,2.5429999828338623
2024-07-08 16:00:00+00:00,2.5446999073028564
2024-07-08 17:00:00+00:00,2.5478999614715576
2024-07-08 18:00:00+00:00,2.5332000255584717
2024-07-08 19:00:00+00:00,2.5352001190185547
2024-07-08 20:00:00+00:00,2.5344998836517334
2024-07-08 22:00:00+00:00,2.5332999229431152
2024-07-08 23:00:00+00:00,2.53439998626709
2024-07-09 00:00:00+00:00,2.5371999740600586
2024-07-09 01:00:00+00:00,2.533099889755249
2024-07-09 02:00:00+00:00,2.5304999351501465
2024-07-09 03:00:00+00:00,2.5316998958587646
2024-07-09 04:00:00+00:00,2.5315001010894775
2024-07-09 05:00:00+00:00,2.551500082015991
2024-07-09 06:00:00+00:00,2.5429999828338623
2024-07-09 07:00:00+00:00,2.530400037765503
2024-07-09 08:00:00+00:00,2.530400037765503
2024-07-09 09:00:00+00:00,2.534600019454956
2024-07-09 10:00:00+00:00,2.531599998474121
2024-07-09 11:00:00+00:00,2.536900043487549
2024-07-09 12:00:00+00:00,2.5311999320983887
2024-07-09 13:00:00+00:00,2.536799907684326
2024-07-09 14:00:00+00:00,2.5541999340057373
2024-07-09 15:00:00+00:00,2.5343000888824463
2024-07-09 16:00:00+00:00,2.5332000255584717
2024-07-09 17:00:00+00:00,2.539099931716919
2024-07-09 18:00:00+00:00,2.5295000076293945
2024-07-09 19:00:00+00:00,2.5234999656677246
2024-07-09 20:00:00+00:00,2.5341999530792236
2024-07-09 22:00:00+00:00,2.526900053024292
2024-07-09 23:00:00+00:00,2.5274999141693115
2024-07-10 00:00:00+00:00,2.5283000469207764
2024-07-10 01:00:00+00:00,2.523099899291992
2024-07-10 02:00:00+00:00,2.516400098800659
2024-07-10 03:00:00+00:00,2.515899896621704
2024-07-10 04:00:00+00:00,2.514899969100952
2024-07-10 05:00:00+00:00,2.512399911880493
2024-07-10 06:00:00+00:00,2.506700038909912
2024-07-10 07:00:00+00:00,2.5071001052856445
2024-07-10 08:00:00+00:00,2.5216000080108643
2024-07-10 09:00:00+00:00,2.521899938583374
2024-07-10 10:00:00+00:00,2.51200008392334
2024-07-10 11:00:00+00:00,2.5111000537872314
2024-07-10 12:00:00+00:00,2.5051000118255615
2024-07-10 13:00:00+00:00,2.5058999061584473
2024-07-10 14:00:00+00:00,2.5109000205993652
2024-07-10 15:00:00+00:00,2.5276999473571777
2024-07-10 16:00:00+00:00,2.5172998905181885
2024-07-10 17:00:00+00:00,2.5137999057769775
2024-07-10 18:00:00+00:00,2.5078999996185303
2024-07-10 19:00:00+00:00,2.5100998878479004
2024-07-10 20:00:00+00:00,2.509999990463257
2024-07-10 22:00:00+00:00,2.509999990463257
2024-07-10 23:00:00+00:00,2.510200023651123
2024-07-11 00:00:00+00:00,2.5134999752044678
2024-07-11 01:00:00+00:00,2.520900011062622
2024-07-11 02:00:00+00:00,2.5208001136779785
2024-07-11 03:00:00+00:00,2.517400026321411
2024-07-11 04:00:00+00:00,2.518899917602539
2024-07-11 05:00:00+00:00,2.518899917602539
2024-07-11 06:00:00+00:00,2.516900062561035
2024-07-11 07:00:00+00:00,2.511699914932251
2024-07-11 08:00:00+00:00,2.5099000930786133
2024-07-11 09:00:00+00:00,2.5129001140594482
2024-07-11 10:00:00+00:00,2.514699935913086
2024-07-11 11:00:00+00:00,2.5053999423980713
2024-07-11 12:00:00+00:00,2.511199951171875
2024-07-11 13:00:00+00:00,2.5085999965667725
2024-07-11 14:00:00+00:00,2.521699905395508
2024-07-11 15:00:00+00:00,2.516200065612793
2024-07-11 16:00:00+00:00,2.502700090408325
2024-07-11 17:00:00+00:00,2.519700050354004
2024-07-11 18:00:00+00:00,2.5241000652313232
2024-07-11 19:00:00+00:00,2.527600049972534
2024-07-11 20:00:00+00:00,2.5239999294281006
2024-07-11 22:00:00+00:00,2.5253000259399414
2024-07-11 23:00:00+00:00,2.526400089263916
2024-07-12 00:00:00+00:00,2.5269999504089355
2024-07-12 01:00:00+00:00,2.5208001136779785
2024-07-12 02:00:00+00:00,2.5253000259399414
2024-07-12 03:00:00+00:00,2.5176000595092773
2024-07-12 04:00:00+00:00,2.515700101852417
2024-07-12 05:00:00+00:00,2.5178000926971436
2024-07-12 06:00:00+00:00,2.527100086212158
2024-07-12 07:00:00+00:00,2.529400110244751
2024-07-12 08:00:00+00:00,2.5383999347686768
2024-07-12 09:00:00+00:00,2.535399913787842
2024-07-12 10:00:00+00:00,2.527400016784668
2024-07-12 11:00:00+00:00,2.5334999561309814
2024-07-12 12:00:00+00:00,2.5316998958587646
2024-07-12 13:00:00+00:00,2.519200086593628
2024-07-12 14:00:00+00:00,2.5190999507904053
2024-07-12 15:00:00+00:00,2.522200107574463
2024-07-12 16:00:00+00:00,2.528700113296509
2024-07-12 17:00:00+00:00,2.534600019454956
2024-07-12 18:00:00+00:00,2.5160999298095703
2024-07-12 19:00:00+00:00,2.5139000415802
2024-07-12 20:00:00+00:00,2.510999917984009
2024-07-14 22:00:00+00:00,2.509500026702881
2024-07-14 23:00:00+00:00,2.505199909210205
2024-07-15 00:00:00+00:00,2.4907000064849854
2024-07-15 01:00:00+00:00,2.507999897003174
2024-07-15 02:00:00+00:00,2.502700090408325
2024-07-15 03:00:00+00:00,2.50600004196167
2024-07-15 04:00:00+00:00,2.504199981689453
2024-07-15 05:00:00+00:00,2.5007998943328857
2024-07-15 06:00:00+00:00,2.4979000091552734
2024-07-15 07:00:00+00:00,2.5
2024-07-15 08:00:00+00:00,2.509500026702881
2024-07-15 09:00:00+00:00,2.5106000900268555
2024-07-15 10:00:00+00:00,2.5069000720977783
2024-07-15 11:00:00+00:00,2.5023999214172363
2024-07-15 12:00:00+00:00,2.504300117492676
2024-07-15 13:00:00+00:00,2.489300012588501
2024-07-15 14:00:00+00:00,2.4897000789642334
2024-07-15 15:00:00+00:00,2.4932000637054443
2024-07-15 16:00:00+00:00,2.4965999126434326
2024-07-15 17:00:00+00:00,2.489799976348877
2024-07-15 18:00:00+00:00,2.4937000274658203
2024-07-15 19:00:00+00:00,2.494800090789795
2024-07-15 20:00:00+00:00,2.4916000366210938
2024-07-15 22:00:00+00:00,2.4934000968933105
2024-07-15 23:00:00+00:00,2.4927000999450684
2024-07-16 00:00:00+00:00,2.4930999279022217
2024-07-16 01:00:00+00:00,2.489000082015991
2024-07-16 02:00:00+00:00,2.488300085067749
2024-07-16 03:00:00+00:00,2.4883999824523926
2024-07-16 04:00:00+00:00,2.488300085067749
2024-07-16 05:00:00+00:00,2.484800100326538
2024-07-16 06:00:00+00:00,2.4802000522613525
2024-07-16 07:00:00+00:00,2.4769999980926514
2024-07-16 08:00:00+00:00,2.473099946975708
2024-07-16 09:00:00+00:00,2.473299980163574
2024-07-16 10:00:00+00:00,2.4677000045776367
2024-07-16 11:00:00+00:00,2.4491000175476074
2024-07-16 12:00:00+00:00,2.4514999389648438
2024-07-16 13:00:00+00:00,2.459700107574463
2024-07-16 14:00:00+00:00,2.4746999740600586
2024-07-16 15:00:00+00:00,2.4702999591827393
2024-07-16 16:00:00+00:00,2.4728000164031982
2024-07-16 17:00:00+00:00,2.4886999130249023
2024-07-16 18:00:00+00:00,2.478600025177002
2024-07-16 19:00:00+00:00,2.4772000312805176
2024-07-16 20:00:00+00:00,2.4686999320983887
2024-07-16 22:00:00+00:00,2.4684998989105225
2024-07-16 23:00:00+00:00,2.468100070953369
2024-07-17 00:00:00+00:00,2.4674999713897705
2024-07-17 01:00:00+00:00,2.4672999382019043
2024-07-17 02:00:00+00:00,2.4683001041412354
2024-07-17 03:00:00+00:00,2.4653000831604004
2024-07-17 04:00:00+00:00,2.46560001373291
2024-07-17 05:00:00+00:00,2.464900016784668
2024-07-17 06:00:00+00:00,2.466599941253662
2024-07-17 07:00:00+00:00,2.475399971008301
2024-07-17 08:00:00+00:00,2.4691998958587646
2024-07-17 09:00:00+00:00,2.468400001525879
2024-07-17 10:00:00+00:00,2.4776999950408936
2024-07-17 11:00:00+00:00,2.479300022125244
2024-07-17 12:00:00+00:00,2.485599994659424
2024-07-17 13:00:00+00:00,2.4932000637054443
2024-07-17 14:00:00+00:00,2.495300054550171
2024-07-17 15:00:00+00:00,2.4999001026153564
2024-07-17 16:00:00+00:00,2.5013999938964844
2024-07-17 17:00:00+00:00,2.498300075531006
2024-07-17 18:00:00+00:00,2.4992001056671143
2024-07-17 19:00:00+00:00,2.5009000301361084
2024-07-17 20:00:00+00:00,2.5088000297546387
2024-07-17 22:00:00+00:00,2.5113000869750977
2024-07-17 23:00:00+00:00,2.509999990463257
2024-07-18 00:00:00+00:00,2.509999990463257
2024-07-18 01:00:00+00:00,2.513200044631958
2024-07-18 02:00:00+00:00,2.5081000328063965
2024-07-18 04:00:00+00:00,2.511899948120117
2024-07-18 05:00:00+00:00,2.511899948120117
2024-07-18 06:00:00+00:00,2.5195000171661377
2024-07-18 07:00:00+00:00,2.51200008392334
2024-07-18 08:00:00+00:00,2.5064001083374023
2024-07-18 09:00:00+00:00,2.5020999908447266
2024-07-18 10:00:00+00:00,2.50219988822937
2024-07-18 11:00:00+00:00,2.498800039291382
2024-07-18 12:00:00+00:00,2.4946999549865723
2024-07-18 13:00:00+00:00,2.4893999099731445
2024-07-18 14:00:00+00:00,2.4914000034332275
2024-07-18 15:00:00+00:00,2.5083999633789062
2024-07-18 16:00:00+00:00,2.515000104904175
2024-07-18 17:00:00+00:00,2.5160000324249268
2024-07-18 18:00:00+00:00,2.5088000297546387
2024-07-18 19:00:00+00:00,2.503000020980835
2024-07-18 20:00:00+00:00,2.5099000930786133
2024-07-18 22:00:00+00:00,2.506700038909912
2024-07-18 23:00:00+00:00,2.5071001052856445
2024-07-19 00:00:00+00:00,2.5044000148773193
2024-07-19 01:00:00+00:00,2.5025999546051025
2024-07-19 02:00:00+00:00,2.5071001052856445
2024-07-19 03:00:00+00:00,2.5102999210357666
2024-07-19 04:00:00+00:00,2.508699893951416
2024-07-19 05:00:00+00:00,2.5053000450134277
2024-07-19 06:00:00+00:00,2.5053999423980713
2024-07-19 07:00:00+00:00,2.506999969482422
2024-07-19 08:00:00+00:00,2.5236001014709473
2024-07-19 09:00:00+00:00,2.5164999961853027
2024-07-19 10:00:00+00:00,2.512200117111206
2024-07-19 11:00:00+00:00,2.516900062561035
2024-07-19 12:00:00+00:00,2.515899896621704
2024-07-19 13:00:00+00:00,2.51200008392334
2024-07-19 14:00:00+00:00,2.5016000270843506
2024-07-19 15:00:00+00:00,2.488600015640259
2024-07-19 16:00:00+00:00,2.470099925994873
2024-07-19 17:00:00+00:00,2.4630000591278076
2024-07-19 18:00:00+00:00,2.4558000564575195
2024-07-19 19:00:00+00:00,2.4565999507904053
2024-07-19 20:00:00+00:00,2.45169997215271
2024-07-21 22:00:00+00:00,2.4581000804901123
2024-07-21 23:00:00+00:00,2.4607999324798584
2024-07-22 00:00:00+00:00,2.458400011062622
2024-07-22 01:00:00+00:00,2.454400062561035
2024-07-22 02:00:00+00:00,2.4535999298095703
2024-07-22 03:00:00+00:00,2.462100028991699
2024-07-22 05:00:00+00:00,2.4605000019073486
2024-07-22 06:00:00+00:00,2.4554998874664307
2024-07-22 07:00:00+00:00,2.455699920654297
2024-07-22 08:00:00+00:00,2.453200101852417
2024-07-22 09:00:00+00:00,2.446000099182129
2024-07-22 10:00:00+00:00,2.4433999061584473
2024-07-22 11:00:00+00:00,2.440200090408325
2024-07-22 12:00:00+00:00,2.430999994277954
2024-07-22 13:00:00+00:00,2.420300006866455
2024-07-22 14:00:00+00:00,2.4393999576568604
2024-07-22 15:00:00+00:00,2.4472999572753906
2024-07-22 16:00:00+00:00,2.453399896621704
2024-07-22 17:00:00+00:00,2.4565999507904053
2024-07-22 18:00:00+00:00,2.4690001010894775
2024-07-22 19:00:00+00:00,2.4656999111175537
2024-07-22 20:00:00+00:00,2.463399887084961
2024-07-22 22:00:00+00:00,2.463200092315674
2024-07-22 23:00:00+00:00,2.4635000228881836
2024-07-23 00:00:00+00:00,2.4611001014709473
2024-07-23 01:00:00+00:00,2.470099925994873
2024-07-23 02:00:00+00:00,2.4702000617980957
2024-07-23 04:00:00+00:00,2.4665000438690186
2024-07-23 05:00:00+00:00,2.464099884033203
2024-07-23 06:00:00+00:00,2.463599920272827
2024-07-23 07:00:00+00:00,2.4619998931884766
2024-07-23 08:00:00+00:00,2.46370005607605
2024-07-23 09:00:00+00:00,2.4707000255584717
2024-07-23 10:00:00+00:00,2.460599899291992
2024-07-23 11:00:00+00:00,2.463399887084961
2024-07-23 12:00:00+00:00,2.4607999324798584
2024-07-23 13:00:00+00:00,2.447999954223633
2024-07-23 14:00:00+00:00,2.4351000785827637
2024-07-23 15:00:00+00:00,2.4214999675750732
2024-07-23 16:00:00+00:00,2.429500102996826
2024-07-23 17:00:00+00:00,2.4205000400543213
2024-07-23 18:00:00+00:00,2.4237000942230225
2024-07-23 19:00:00+00:00,2.424299955368042
2024-07-23 20:00:00+00:00,2.4382998943328857
2024-07-23 22:00:00+00:00,2.4335999488830566
2024-07-23 23:00:00+00:00,2.4326999187469482
2024-07-24 00:00:00+00:00,2.433799982070923
2024-07-24 01:00:00+00:00,2.433000087738037
2024-07-24 03:00:00+00:00,2.4305999279022217
2024-07-24 04:00:00+00:00,2.428800106048584
2024-07-24 05:00:00+00:00,2.4284000396728516
2024-07-24 06:00:00+00:00,2.4296000003814697
2024-07-24 07:00:00+00:00,2.431999921798706
2024-07-24 08:00:00+00:00,2.4314000606536865
2024-07-24 09:00:00+00:00,2.436500072479248
2024-07-24 10:00:00+00:00,2.44569993019104
2024-07-24 11:00:00+00:00,2.4458000659942627
2024-07-24 12:00:00+00:00,2.4416000843048096
2024-07-24 13:00:00+00:00,2.432300090789795
2024-07-24 14:00:00+00:00,2.437999963760376
2024-07-24 15:00:00+00:00,2.4530999660491943
2024-07-24 16:00:00+00:00,2.450000047683716
2024-07-24 17:00:00+00:00,2.443700075149536
2024-07-24 18:00:00+00:00,2.4486000537872314
2024-07-24 19:00:00+00:00,2.4470999240875244
2024-07-24 20:00:00+00:00,2.4451000690460205
2024-07-24 22:00:00+00:00,2.4444000720977783
2024-07-25 00:00:00+00:00,2.4440999031066895
2024-07-25 01:00:00+00:00,2.44350004196167
2024-07-25 02:00:00+00:00,2.430000066757202
2024-07-25 04:00:00+00:00,2.429500102996826
2024-07-25 05:00:00+00:00,2.4309000968933105
2024-07-25 06:00:00+00:00,2.4342000484466553
2024-07-25 07:00:00+00:00,2.434499979019165
2024-07-25 08:00:00+00:00,2.424799919128418
2024-07-25 09:00:00+00:00,2.407099962234497
2024-07-25 10:00:00+00:00,2.418299913406372
2024-07-25 11:00:00+00:00,2.406599998474121
2024-07-25 12:00:00+00:00,2.4214999675750732
2024-07-25 13:00:00+00:00,2.4142000675201416
2024-07-25 14:00:00+00:00,2.4319000244140625
2024-07-25 15:00:00+00:00,2.449199914932251
2024-07-25 16:00:00+00:00,2.4579999446868896
2024-07-25 17:00:00+00:00,2.4667999744415283
2024-07-25 18:00:00+00:00,2.4639999866485596
2024-07-25 19:00:00+00:00,2.4649999141693115
2024-07-25 20:00:00+00:00,2.4730000495910645
2024-07-25 22:00:00+00:00,2.4693000316619873
2024-07-25 23:00:00+00:00,2.4697000980377197
2024-07-26 00:00:00+00:00,2.473099946975708
2024-07-26 01:00:00+00:00,2.481600046157837
2024-07-26 02:00:00+00:00,2.4791998863220215
2024-07-26 03:00:00+00:00,2.47760009765625
2024-07-26 04:00:00+00:00,2.478100061416626
2024-07-26 05:00:00+00:00,2.477299928665161
2024-07-26 06:00:00+00:00,2.4802000522613525
2024-07-26 07:00:00+00:00,2.474100112915039
2024-07-26 08:00:00+00:00,2.4723000526428223
2024-07-26 09:00:00+00:00,2.4672999382019043
2024-07-26 10:00:00+00:00,2.4667000770568848
2024-07-26 11:00:00+00:00,2.463599920272827
2024-07-26 12:00:00+00:00,2.4605000019073486
2024-07-26 13:00:00+00:00,2.4602999687194824
2024-07-26 14:00:00+00:00,2.431999921798706
2024-07-26 15:00:00+00:00,2.449899911880493
2024-07-26 16:00:00+00:00,2.4670000076293945
2024-07-26 17:00:00+00:00,2.462599992752075
2024-07-26 18:00:00+00:00,2.4488000869750977
2024-07-26 19:00:00+00:00,2.452500104904175
2024-07-26 20:00:00+00:00,2.4484000205993652
2024-07-28 22:00:00+00:00,2.464200019836426
2024-07-29 00:00:00+00:00,2.466200113296509
2024-07-29 01:00:00+00:00,2.4600000381469727
2024-07-29 02:00:00+00:00,2.461400032043457
2024-07-29 03:00:00+00:00,2.462399959564209
2024-07-29 04:00:00+00:00,2.4653000831604004
2024-07-29 05:00:00+00:00,2.467600107192993
2024-07-29 06:00:00+00:00,2.4672000408172607
2024-07-29 07:00:00+00:00,2.464600086212158
2024-07-29 08:00:00+00:00,2.456199884414673
2024-07-29 09:00:00+00:00,2.45770001411438
2024-07-29 10:00:00+00:00,2.4470999240875244
2024-07-29 11:00:00+00:00,2.4447999000549316
2024-07-29 12:00:00+00:00,2.4512999057769775
2024-07-29 13:00:00+00:00,2.463200092315674
2024-07-29 14:00:00+00:00,2.4272000789642334
2024-07-29 15:00:00+00:00,2.422600030899048
2024-07-29 16:00:00+00:00,2.4207000732421875
2024-07-29 17:00:00+00:00,2.422100067138672
2024-07-29 18:00:00+00:00,2.4156999588012695
2024-07-29 19:00:00+00:00,2.414900064468384
2024-07-29 20:00:00+00:00,2.414299964904785
2024-07-29 22:00:00+00:00,2.414400100708008
2024-07-29 23:00:00+00:00,2.409899950027466
2024-07-30 00:00:00+00:00,2.4110000133514404
2024-07-30 01:00:00+00:00,2.405900001525879
2024-07-30 02:00:00+00:00,2.4052999019622803
2024-07-30 03:00:00+00:00,2.405600070953369
2024-07-30 04:00:00+00:00,2.4077000617980957
2024-07-30 05:00:00+00:00,2.4079999923706055
2024-07-30 06:00:00+00:00,2.407900094985962
2024-07-30 07:00:00+00:00,2.41729998588562
2024-07-30 08:00:00+00:00,2.407599925994873
2024-07-30 09:00:00+00:00,2.403899908065796
2024-07-30 10:00:00+00:00,2.4033000469207764
2024-07-30 11:00:00+00:00,2.3949999809265137
2024-07-30 12:00:00+00:00,2.3822999000549316
2024-07-30 13:00:00+00:00,2.388700008392334
2024-07-30 14:00:00+00:00,2.393699884414673
2024-07-30 15:00:00+00:00,2.3759000301361084
2024-07-30 16:00:00+00:00,2.3833999633789062
2024-07-30 17:00:00+00:00,2.381200075149536
2024-07-30 18:00:00+00:00,2.3912999629974365
2024-07-30 19:00:00+00:00,2.393899917602539
2024-07-30 20:00:00+00:00,2.397700071334839
2024-07-31 01:00:00+00:00,2.3945000171661377
2024-07-31 08:00:00+00:00,2.4179999828338623
2024-07-31 11:00:00+00:00,2.4426000118255615
2024-07-31 12:00:00+00:00,2.4507999420166016
2024-07-31 13:00:00+00:00,2.4453999996185303
2024-07-31 14:00:00+00:00,2.4516000747680664
2024-07-31 15:00:00+00:00,2.470599889755249
2024-07-31 16:00:00+00:00,2.4700000286102295
2024-07-31 17:00:00+00:00,2.4811999797821045
2024-07-31 18:00:00+00:00,2.4867000579833984
2024-08-01 07:00:00+00:00,2.448699951171875
2024-08-01 08:00:00+00:00,2.446500062942505
2024-08-01 09:00:00+00:00,2.449899911880493
2024-08-01 10:00:00+00:00,2.4546000957489014
2024-08-01 11:00:00+00:00,2.4488000869750977
2024-08-01 12:00:00+00:00,2.4612998962402344
2024-08-01 13:00:00+00:00,2.4535999298095703
2024-08-01 14:00:00+00:00,2.420099973678589
2024-08-01 15:00:00+00:00,2.4124999046325684
2024-08-01 16:00:00+00:00,2.4130001068115234
2024-08-01 17:00:00+00:00,2.4024999141693115
2024-08-01 18:00:00+00:00,2.4038000106811523
2024-08-01 19:00:00+00:00,2.4114999771118164
2024-08-01 20:00:00+00:00,2.4124999046325684
2024-08-01 22:00:00+00:00,2.406599998474121
2024-08-01 23:00:00+00:00,2.4068000316619873
2024-08-02 00:00:00+00:00,2.4049999713897705
2024-08-02 01:00:00+00:00,2.410599946975708
2024-08-02 02:00:00+00:00,2.4082000255584717
2024-08-02 03:00:00+00:00,2.4124999046325684
2024-08-02 04:00:00+00:00,2.407599925994873
2024-08-02 05:00:00+00:00,2.411799907684326
2024-08-02 06:00:00+00:00,2.411799907684326
2024-08-02 07:00:00+00:00,2.420599937438965
2024-08-02 08:00:00+00:00,2.4045000076293945
2024-08-02 09:00:00+00:00,2.4033000469207764
2024-08-02 10:00:00+00:00,2.400899887084961
2024-08-02 11:00:00+00:00,2.384999990463257
2024-08-02 12:00:00+00:00,2.3559000492095947
2024-08-02 13:00:00+00:00,2.3308000564575195
2024-08-02 14:00:00+00:00,2.323899984359741
2024-08-02 15:00:00+00:00,2.319000005722046
2024-08-02 16:00:00+00:00,2.305299997329712
2024-08-02 17:00:00+00:00,2.3083999156951904
2024-08-02 18:00:00+00:00,2.317500114440918
2024-08-02 19:00:00+00:00,2.325200080871582
2024-08-02 20:00:00+00:00,2.330699920654297
2024-08-04 22:00:00+00:00,2.325900077819824
2024-08-04 23:00:00+00:00,2.325900077819824
2024-08-05 00:00:00+00:00,2.3057000637054443
2024-08-05 01:00:00+00:00,2.315500020980835
2024-08-05 02:00:00+00:00,2.3245999813079834
2024-08-05 03:00:00+00:00,2.3196001052856445
2024-08-05 04:00:00+00:00,2.307300090789795
2024-08-05 05:00:00+00:00,2.2923998832702637
2024-08-05 06:00:00+00:00,2.287400007247925
2024-08-05 07:00:00+00:00,2.2899999618530273
2024-08-05 08:00:00+00:00,2.2678000926971436
2024-08-05 09:00:00+00:00,2.2664999961853027
2024-08-05 10:00:00+00:00,2.272900104522705
2024-08-05 11:00:00+00:00,2.262399911880493
2024-08-05 12:00:00+00:00,2.2822000980377197
2024-08-05 13:00:00+00:00,2.290299892425537
2024-08-05 14:00:00+00:00,2.2978999614715576
2024-08-05 15:00:00+00:00,2.321899890899658
2024-08-05 16:00:00+00:00,2.31820011138916
2024-08-05 17:00:00+00:00,2.3227999210357666
2024-08-05 18:00:00+00:00,2.3408000469207764
2024-08-05 19:00:00+00:00,2.3529999256134033
2024-08-05 20:00:00+00:00,2.355299949645996
2024-08-05 22:00:00+00:00,2.3610999584198
2024-08-05 23:00:00+00:00,2.3638999462127686
2024-08-06 00:00:00+00:00,2.370300054550171
2024-08-06 01:00:00+00:00,2.3671998977661133
2024-08-06 02:00:00+00:00,2.363800048828125
2024-08-06 03:00:00+00:00,2.3626999855041504
2024-08-06 04:00:00+00:00,2.3650999069213867
2024-08-06 05:00:00+00:00,2.3564999103546143
2024-08-06 06:00:00+00:00,2.3526999950408936
2024-08-06 07:00:00+00:00,2.3352999687194824
2024-08-06 08:00:00+00:00,2.327500104904175
2024-08-06 09:00:00+00:00,2.3373000621795654
2024-08-06 10:00:00+00:00,2.342600107192993
2024-08-06 11:00:00+00:00,2.324899911880493
2024-08-06 12:00:00+00:00,2.313999891281128
2024-08-06 13:00:00+00:00,2.3315000534057617
2024-08-06 14:00:00+00:00,2.3452999591827393
2024-08-06 15:00:00+00:00,2.3369998931884766
2024-08-06 16:00:00+00:00,2.3245999813079834
2024-08-06 17:00:00+00:00,2.3334999084472656
2024-08-06 18:00:00+00:00,2.3285999298095703
2024-08-06 19:00:00+00:00,2.31820011138916
2024-08-06 20:00:00+00:00,2.310499906539917
2024-08-06 22:00:00+00:00,2.3036999702453613
2024-08-06 23:00:00+00:00,2.302299976348877
2024-08-07 00:00:00+00:00,2.3046000003814697
2024-08-07 01:00:00+00:00,2.304800033569336
2024-08-07 02:00:00+00:00,2.3124001026153564
2024-08-07 03:00:00+00:00,2.315000057220459
2024-08-07 04:00:00+00:00,2.319000005722046
2024-08-07 05:00:00+00:00,2.3136000633239746
2024-08-07 06:00:00+00:00,2.310800075531006
2024-08-07 07:00:00+00:00,2.309499979019165
2024-08-07 08:00:00+00:00,2.314199924468994
2024-08-07 09:00:00+00:00,2.327500104904175
2024-08-07 10:00:00+00:00,2.3371999263763428
2024-08-07 11:00:00+00:00,2.3480000495910645
2024-08-07 12:00:00+00:00,2.3494999408721924
2024-08-07 13:00:00+00:00,2.346299886703491
2024-08-07 14:00:00+00:00,2.3529999256134033
2024-08-07 15:00:00+00:00,2.375200033187866
2024-08-07 16:00:00+00:00,2.359800100326538
2024-08-07 17:00:00+00:00,2.3570001125335693
2024-08-07 18:00:00+00:00,2.357800006866455
2024-08-07 19:00:00+00:00,2.365299940109253
2024-08-07 20:00:00+00:00,2.3666999340057373
2024-08-07 22:00:00+00:00,2.36680006980896
2024-08-07 23:00:00+00:00,2.364500045776367
2024-08-08 00:00:00+00:00,2.3647000789642334
2024-08-08 01:00:00+00:00,2.363800048828125
2024-08-08 02:00:00+00:00,2.368499994277954
2024-08-08 03:00:00+00:00,2.3671998977661133
2024-08-08 04:00:00+00:00,2.362499952316284
2024-08-08 05:00:00+00:00,2.360100030899048
2024-08-08 06:00:00+00:00,2.357100009918213
2024-08-08 07:00:00+00:00,2.357300043106079
2024-08-08 08:00:00+00:00,2.3589000701904297
2024-08-08 09:00:00+00:00,2.347100019454956
2024-08-08 10:00:00+00:00,2.360100030899048
2024-08-08 11:00:00+00:00,2.371299982070923
2024-08-08 12:00:00+00:00,2.376199960708618
2024-08-08 13:00:00+00:00,2.3759000301361084
2024-08-08 14:00:00+00:00,2.3866000175476074
2024-08-08 15:00:00+00:00,2.382999897003174
2024-08-08 16:00:00+00:00,2.395400047302246
2024-08-08 17:00:00+00:00,2.4089999198913574
2024-08-08 18:00:00+00:00,2.39520001411438
2024-08-08 19:00:00+00:00,2.3949999809265137
2024-08-08 20:00:00+00:00,2.3945999145507812
2024-08-08 22:00:00+00:00,2.396399974822998
2024-08-08 23:00:00+00:00,2.395900011062622
2024-08-09 00:00:00+00:00,2.394700050354004
2024-08-09 01:00:00+00:00,2.404099941253662
2024-08-09 02:00:00+00:00,2.4033000469207764
2024-08-09 03:00:00+00:00,2.40310001373291
2024-08-09 04:00:00+00:00,2.4045000076293945
2024-08-09 05:00:00+00:00,2.399399995803833
2024-08-09 06:00:00+00:00,2.40120005607605
2024-08-09 07:00:00+00:00,2.400399923324585
2024-08-09 08:00:00+00:00,2.396899938583374
2024-08-09 09:00:00+00:00,2.400399923324585
2024-08-09 10:00:00+00:00,2.3991000652313232
2024-08-09 11:00:00+00:00,2.4012999534606934
2024-08-09 12:00:00+00:00,2.3956000804901123
2024-08-09 13:00:00+00:00,2.3726999759674072
2024-08-09 14:00:00+00:00,2.40310001373291
2024-08-09 15:00:00+00:00,2.3919999599456787
2024-08-09 16:00:00+00:00,2.399600028991699
2024-08-09 17:00:00+00:00,2.3917999267578125
2024-08-09 18:00:00+00:00,2.3863000869750977
2024-08-09 19:00:00+00:00,2.3947999477386475
2024-08-09 20:00:00+00:00,2.3970000743865967
2024-08-11 22:00:00+00:00,2.393899917602539
2024-08-11 23:00:00+00:00,2.3924999237060547
2024-08-12 00:00:00+00:00,2.39490008354187
2024-08-12 01:00:00+00:00,2.3961000442504883
2024-08-12 02:00:00+00:00,2.398099899291992
2024-08-12 03:00:00+00:00,2.396199941635132
2024-08-12 04:00:00+00:00,2.399199962615967
2024-08-12 05:00:00+00:00,2.399899959564209
2024-08-12 06:00:00+00:00,2.403700113296509
2024-08-12 07:00:00+00:00,2.408400058746338
2024-08-12 08:00:00+00:00,2.40939998626709
2024-08-12 09:00:00+00:00,2.413800001144409
2024-08-12 10:00:00+00:00,2.4156999588012695
2024-08-12 11:00:00+00:00,2.418600082397461
2024-08-12 12:00:00+00:00,2.4279000759124756
2024-08-12 13:00:00+00:00,2.4237000942230225
2024-08-12 14:00:00+00:00,2.421099901199341
2024-08-12 15:00:00+00:00,2.4168999195098877
2024-08-12 16:00:00+00:00,2.4235999584198
2024-08-12 17:00:00+00:00,2.4321999549865723
2024-08-12 18:00:00+00:00,2.438199996948242
2024-08-12 19:00:00+00:00,2.4363999366760254
2024-08-12 20:00:00+00:00,2.4382998943328857
2024-08-12 22:00:00+00:00,2.4395999908447266
2024-08-12 23:00:00+00:00,2.4375
2024-08-13 00:00:00+00:00,2.4351999759674072
2024-08-13 01:00:00+00:00,2.4375998973846436
2024-08-13 02:00:00+00:00,2.435499906539917
2024-08-13 03:00:00+00:00,2.430999994277954
2024-08-13 04:00:00+00:00,2.4330999851226807
2024-08-13 05:00:00+00:00,2.430000066757202
2024-08-13 06:00:00+00:00,2.437299966812134
2024-08-13 07:00:00+00:00,2.4340999126434326
2024-08-13 08:00:00+00:00,2.428100109100342
2024-08-13 09:00:00+00:00,2.4298999309539795
2024-08-13 10:00:00+00:00,2.4254000186920166
2024-08-13 11:00:00+00:00,2.4230000972747803
2024-08-13 12:00:00+00:00,2.4212000370025635
2024-08-13 13:00:00+00:00,2.411099910736084
2024-08-13 14:00:00+00:00,2.399600028991699
2024-08-13 15:00:00+00:00,2.384000062942505
2024-08-13 16:00:00+00:00,2.3875999450683594
2024-08-13 17:00:00+00:00,2.379499912261963
2024-08-13 18:00:00+00:00,2.3710999488830566
2024-08-13 19:00:00+00:00,2.376199960708618
2024-08-13 20:00:00+00:00,2.3845999240875244
2024-08-13 22:00:00+00:00,2.3852999210357666
2024-08-13 23:00:00+00:00,2.383699893951416
2024-08-14 00:00:00+00:00,2.387500047683716
2024-08-14 01:00:00+00:00,2.3929998874664307
2024-08-14 02:00:00+00:00,2.385499954223633
2024-08-14 03:00:00+00:00,2.385699987411499
2024-08-14 04:00:00+00:00,2.3838000297546387
2024-08-14 05:00:00+00:00,2.3868000507354736
2024-08-14 06:00:00+00:00,2.3854000568389893
2024-08-14 07:00:00+00:00,2.385200023651123
2024-08-14 08:00:00+00:00,2.3828001022338867
2024-08-14 09:00:00+00:00,2.3708999156951904
2024-08-14 10:00:00+00:00,2.356100082397461
2024-08-14 11:00:00+00:00,2.361599922180176
2024-08-14 12:00:00+00:00,2.3710999488830566
2024-08-14 13:00:00+00:00,2.364300012588501
2024-08-14 14:00:00+00:00,2.3519999980926514
2024-08-14 15:00:00+00:00,2.346299886703491
2024-08-14 16:00:00+00:00,2.337399959564209
2024-08-14 17:00:00+00:00,2.3268001079559326
2024-08-14 18:00:00+00:00,2.3294999599456787
2024-08-14 19:00:00+00:00,2.3271000385284424
2024-08-14 20:00:00+00:00,2.3266000747680664
2024-08-14 22:00:00+00:00,2.3310000896453857
2024-08-14 23:00:00+00:00,2.328399896621704
2024-08-15 00:00:00+00:00,2.3206000328063965
2024-08-15 01:00:00+00:00,2.3208999633789062
2024-08-15 02:00:00+00:00,2.325500011444092
2024-08-15 03:00:00+00:00,2.322499990463257
2024-08-15 04:00:00+00:00,2.322200059890747
2024-08-15 05:00:00+00:00,2.3194000720977783
2024-08-15 06:00:00+00:00,2.3234000205993652
2024-08-15 07:00:00+00:00,2.3225998878479004
2024-08-15 08:00:00+00:00,2.3208999633789062
2024-08-15 09:00:00+00:00,2.337100028991699
2024-08-15 10:00:00+00:00,2.3345000743865967
2024-08-15 11:00:00+00:00,2.3445000648498535
2024-08-15 12:00:00+00:00,2.335900068283081
2024-08-15 13:00:00+00:00,2.3557000160217285
2024-08-15 14:00:00+00:00,2.3661999702453613
2024-08-15 15:00:00+00:00,2.369499921798706
2024-08-15 16:00:00+00:00,2.363800048828125
2024-08-15 17:00:00+00:00,2.349299907684326
2024-08-15 18:00:00+00:00,2.3564000129699707
2024-08-15 19:00:00+00:00,2.3554999828338623
2024-08-15 20:00:00+00:00,2.356800079345703
2024-08-15 22:00:00+00:00,2.35260009765625
2024-08-15 23:00:00+00:00,2.3517000675201416
2024-08-16 00:00:00+00:00,2.353600025177002
2024-08-16 01:00:00+00:00,2.353600025177002
2024-08-16 02:00:00+00:00,2.3534998893737793
2024-08-16 03:00:00+00:00,2.351300001144409
2024-08-16 04:00:00+00:00,2.3494999408721924
2024-08-16 05:00:00+00:00,2.3503000736236572
2024-08-16 06:00:00+00:00,2.3557000160217285
2024-08-16 07:00:00+00:00,2.3622000217437744
2024-08-16 08:00:00+00:00,2.3515000343322754
2024-08-16 09:00:00+00:00,2.3392999172210693
2024-08-16 10:00:00+00:00,2.3222999572753906
2024-08-16 11:00:00+00:00,2.3171000480651855
2024-08-16 12:00:00+00:00,2.3229000568389893
2024-08-16 13:00:00+00:00,2.331899881362915
2024-08-16 14:00:00+00:00,2.324199914932251
2024-08-16 15:00:00+00:00,2.319000005722046
2024-08-16 16:00:00+00:00,2.31850004196167
2024-08-16 17:00:00+00:00,2.3210999965667725
2024-08-16 18:00:00+00:00,2.309299945831299
2024-08-16 19:00:00+00:00,2.315200090408325
2024-08-16 20:00:00+00:00,2.3113999366760254
2024-08-18 22:00:00+00:00,2.3025999069213867
2024-08-18 23:00:00+00:00,2.305299997329712
2024-08-19 00:00:00+00:00,2.3048999309539795
2024-08-19 01:00:00+00:00,2.315700054168701
2024-08-19 02:00:00+00:00,2.308799982070923
2024-08-19 03:00:00+00:00,2.3080999851226807
2024-08-19 04:00:00+00:00,2.3060998916625977
2024-08-19 05:00:00+00:00,2.3032000064849854
2024-08-19 06:00:00+00:00,2.304800033569336
2024-08-19 07:00:00+00:00,2.299799919128418
2024-08-19 08:00:00+00:00,2.3085999488830566
2024-08-19 09:00:00+00:00,2.2967000007629395
2024-08-19 10:00:00+00:00,2.296999931335449
2024-08-19 11:00:00+00:00,2.299999952316284
2024-08-19 12:00:00+00:00,2.306299924850464
2024-08-19 13:00:00+00:00,2.303800106048584
2024-08-19 14:00:00+00:00,2.3013999462127686
2024-08-19 15:00:00+00:00,2.2862000465393066
2024-08-19 16:00:00+00:00,2.270699977874756
2024-08-19 17:00:00+00:00,2.262500047683716
2024-08-19 18:00:00+00:00,2.267199993133545
2024-08-19 19:00:00+00:00,2.265700101852417
2024-08-19 20:00:00+00:00,2.265899896621704
2024-08-19 22:00:00+00:00,2.2625999450683594
2024-08-19 23:00:00+00:00,2.2665998935699463
2024-08-20 00:00:00+00:00,2.25819993019104
2024-08-20 01:00:00+00:00,2.2597999572753906
2024-08-20 02:00:00+00:00,2.254199981689453
2024-08-20 03:00:00+00:00,2.2448999881744385
2024-08-20 04:00:00+00:00,2.247999906539917
2024-08-20 05:00:00+00:00,2.249000072479248
2024-08-20 06:00:00+00:00,2.2555999755859375
2024-08-20 07:00:00+00:00,2.246299982070923
2024-08-20 08:00:00+00:00,2.2469000816345215
2024-08-20 09:00:00+00:00,2.256500005722046
2024-08-20 10:00:00+00:00,2.263400077819824
2024-08-20 11:00:00+00:00,2.2634999752044678
2024-08-20 12:00:00+00:00,2.2572999000549316
2024-08-20 13:00:00+00:00,2.280100107192993
2024-08-20 14:00:00+00:00,2.2583999633789062
2024-08-20 15:00:00+00:00,2.2528998851776123
2024-08-20 16:00:00+00:00,2.2509000301361084
2024-08-20 17:00:00+00:00,2.2523000240325928
2024-08-20 18:00:00+00:00,2.260200023651123
2024-08-20 19:00:00+00:00,2.2546000480651855
2024-08-20 20:00:00+00:00,2.2502999305725098
2024-08-20 22:00:00+00:00,2.250499963760376
2024-08-20 23:00:00+00:00,2.2462000846862793
2024-08-21 00:00:00+00:00,2.248699903488159
2024-08-21 01:00:00+00:00,2.2493999004364014
2024-08-21 02:00:00+00:00,2.2439000606536865
2024-08-21 03:00:00+00:00,2.24780011177063
2024-08-21 04:00:00+00:00,2.2467000484466553
2024-08-21 05:00:00+00:00,2.2430999279022217
2024-08-21 06:00:00+00:00,2.250499963760376
2024-08-21 07:00:00+00:00,2.2465999126434326
2024-08-21 08:00:00+00:00,2.2548000812530518
2024-08-21 09:00:00+00:00,2.2530999183654785
2024-08-21 10:00:00+00:00,2.2548999786376953
2024-08-21 11:00:00+00:00,2.252500057220459
2024-08-21 12:00:00+00:00,2.2476000785827637
2024-08-21 13:00:00+00:00,2.2407000064849854
2024-08-21 14:00:00+00:00,2.222899913787842
2024-08-21 15:00:00+00:00,2.1946001052856445
2024-08-21 16:00:00+00:00,2.192199945449829
2024-08-21 17:00:00+00:00,2.18969988822937
2024-08-21 18:00:00+00:00,2.203700065612793
2024-08-21 19:00:00+00:00,2.203200101852417
2024-08-21 20:00:00+00:00,2.2040998935699463
2024-08-21 22:00:00+00:00,2.20169997215271
2024-08-21 23:00:00+00:00,2.2002999782562256
2024-08-22 00:00:00+00:00,2.1975998878479004
2024-08-22 01:00:00+00:00,2.192699909210205
2024-08-22 02:00:00+00:00,2.198499917984009
2024-08-22 03:00:00+00:00,2.2011001110076904
2024-08-22 04:00:00+00:00,2.196500062942505
2024-08-22 05:00:00+00:00,2.197999954223633
2024-08-22 06:00:00+00:00,2.192500114440918
2024-08-22 07:00:00+00:00,2.19950008392334
2024-08-22 08:00:00+00:00,2.2007999420166016
2024-08-22 09:00:00+00:00,2.2121999263763428
2024-08-22 10:00:00+00:00,2.21589994430542
2024-08-22 11:00:00+00:00,2.215399980545044
2024-08-22 12:00:00+00:00,2.2195000648498535
2024-08-22 13:00:00+00:00,2.2165000438690186
2024-08-22 14:00:00+00:00,2.2276999950408936
2024-08-22 15:00:00+00:00,2.2320001125335693
2024-08-22 16:00:00+00:00,2.246000051498413
2024-08-22 17:00:00+00:00,2.2367000579833984
2024-08-22 18:00:00+00:00,2.2356998920440674
2024-08-22 19:00:00+00:00,2.2381999492645264
2024-08-22 20:00:00+00:00,2.239500045776367
2024-08-22 22:00:00+00:00,2.2392001152038574
2024-08-22 23:00:00+00:00,2.243000030517578
2024-08-23 00:00:00+00:00,2.246000051498413
2024-08-23 01:00:00+00:00,2.2437000274658203
2024-08-23 02:00:00+00:00,2.243000030517578
2024-08-23 03:00:00+00:00,2.2432000637054443
2024-08-23 04:00:00+00:00,2.24780011177063
2024-08-23 05:00:00+00:00,2.248800039291382
2024-08-23 06:00:00+00:00,2.252700090408325
2024-08-23 07:00:00+00:00,2.2576000690460205
2024-08-23 08:00:00+00:00,2.264400005340576
2024-08-23 09:00:00+00:00,2.2551000118255615
2024-08-23 10:00:00+00:00,2.2588999271392822
2024-08-23 11:00:00+00:00,2.270900011062622
2024-08-23 12:00:00+00:00,2.2664999961853027
2024-08-23 13:00:00+00:00,2.2639999389648438
2024-08-23 14:00:00+00:00,2.264899969100952
2024-08-23 15:00:00+00:00,2.272700071334839
2024-08-23 16:00:00+00:00,2.2780001163482666
2024-08-23 17:00:00+00:00,2.2867000102996826
2024-08-23 18:00:00+00:00,2.283099889755249
2024-08-23 19:00:00+00:00,2.2850000858306885
2024-08-23 20:00:00+00:00,2.286799907684326
2024-08-25 22:00:00+00:00,2.29010009765625
2024-08-25 23:00:00+00:00,2.2887001037597656
2024-08-26 00:00:00+00:00,2.2939000129699707
2024-08-26 01:00:00+00:00,2.289799928665161
2024-08-26 02:00:00+00:00,2.2920000553131104
2024-08-26 03:00:00+00:00,2.2925000190734863
2024-08-26 04:00:00+00:00,2.2887001037597656
2024-08-26 05:00:00+00:00,2.2844998836517334
2024-08-26 06:00:00+00:00,2.291100025177002
2024-08-26 07:00:00+00:00,2.293800115585327
2024-08-26 08:00:00+00:00,2.291599988937378
2024-08-26 09:00:00+00:00,2.2855000495910645
2024-08-26 10:00:00+00:00,2.3136000633239746
2024-08-26 11:00:00+00:00,2.322499990463257
2024-08-26 12:00:00+00:00,2.3164000511169434
2024-08-26 13:00:00+00:00,2.3294999599456787
2024-08-26 14:00:00+00:00,2.3138999938964844
2024-08-26 15:00:00+00:00,2.2983999252319336
2024-08-26 16:00:00+00:00,2.295599937438965
2024-08-26 17:00:00+00:00,2.287100076675415
2024-08-26 18:00:00+00:00,2.2844998836517334
2024-08-26 19:00:00+00:00,2.2806999683380127
2024-08-26 20:00:00+00:00,2.2874999046325684
2024-08-26 22:00:00+00:00,2.2843000888824463
2024-08-26 23:00:00+00:00,2.286400079727173
2024-08-27 00:00:00+00:00,2.2880001068115234
2024-08-27 01:00:00+00:00,2.2869999408721924
2024-08-27 02:00:00+00:00,2.290299892425537
2024-08-27 03:00:00+00:00,2.2887001037597656
2024-08-27 05:00:00+00:00,2.2920000553131104
2024-08-27 06:00:00+00:00,2.2952001094818115
2024-08-27 07:00:00+00:00,2.2894999980926514
2024-08-27 08:00:00+00:00,2.290800094604492
2024-08-27 09:00:00+00:00,2.274899959564209
2024-08-27 10:00:00+00:00,2.274399995803833
2024-08-27 11:00:00+00:00,2.2816998958587646
2024-08-27 12:00:00+00:00,2.2706000804901123
2024-08-27 13:00:00+00:00,2.2639000415802
2024-08-27 14:00:00+00:00,2.2386999130249023
2024-08-27 15:00:00+00:00,2.245500087738037
2024-08-27 16:00:00+00:00,2.2360000610351562
2024-08-27 17:00:00+00:00,2.24780011177063
2024-08-27 18:00:00+00:00,2.2458999156951904
2024-08-27 19:00:00+00:00,2.246000051498413
2024-08-27 20:00:00+00:00,2.2441999912261963
2024-08-27 22:00:00+00:00,2.2465999126434326
2024-08-27 23:00:00+00:00,2.2390999794006348
2024-08-28 00:00:00+00:00,2.243000030517578
2024-08-28 01:00:00+00:00,2.237799882888794
2024-08-28 02:00:00+00:00,2.2339000701904297
2024-08-28 03:00:00+00:00,2.2337000370025635
2024-08-28 04:00:00+00:00,2.233799934387207
2024-08-28 05:00:00+00:00,2.2288999557495117
2024-08-28 06:00:00+00:00,2.2284998893737793
2024-08-28 07:00:00+00:00,2.2195000648498535
2024-08-28 08:00:00+00:00,2.2125000953674316
2024-08-28 09:00:00+00:00,2.209700107574463
2024-08-28 10:00:00+00:00,2.1993000507354736
2024-08-28 11:00:00+00:00,2.2135000228881836
2024-08-28 12:00:00+00:00,2.218400001525879
2024-08-28 13:00:00+00:00,2.223900079727173
2024-08-28 14:00:00+00:00,2.237799882888794
2024-08-28 15:00:00+00:00,2.2197000980377197
2024-08-28 16:00:00+00:00,2.22160005569458
2024-08-28 17:00:00+00:00,2.2207000255584717
2024-08-28 18:00:00+00:00,2.214900016784668
2024-08-28 19:00:00+00:00,2.2151999473571777
2024-08-28 20:00:00+00:00,2.2093000411987305
2024-08-28 22:00:00+00:00,2.209199905395508
2024-08-28 23:00:00+00:00,2.2155001163482666
2024-08-29 00:00:00+00:00,2.2158000469207764
2024-08-29 01:00:00+00:00,2.2230000495910645
2024-08-29 02:00:00+00:00,2.217099905014038
2024-08-29 03:00:00+00:00,2.217600107192993
2024-08-29 04:00:00+00:00,2.2125000953674316
2024-08-29 05:00:00+00:00,2.2156999111175537
2024-08-29 06:00:00+00:00,2.2144999504089355
2024-08-29 07:00:00+00:00,2.2151999473571777
2024-08-29 08:00:00+00:00,2.2056000232696533
2024-08-29 09:00:00+00:00,2.205199956893921
2024-08-29 10:00:00+00:00,2.2147998809814453
2024-08-29 11:00:00+00:00,2.2225000858306885
2024-08-29 12:00:00+00:00,2.23580002784729
2024-08-29 13:00:00+00:00,2.2588999271392822
2024-08-29 14:00:00+00:00,2.246999979019165
2024-08-29 15:00:00+00:00,2.232100009918213
2024-08-29 16:00:00+00:00,2.2339999675750732
2024-08-29 17:00:00+00:00,2.245500087738037
2024-08-29 18:00:00+00:00,2.2479000091552734
2024-08-29 19:00:00+00:00,2.25219988822937
2024-08-29 20:00:00+00:00,2.248199939727783
2024-08-29 22:00:00+00:00,2.2455999851226807
2024-08-29 23:00:00+00:00,2.243799924850464
2024-08-30 00:00:00+00:00,2.2469000816345215
2024-08-30 01:00:00+00:00,2.250699996948242
2024-08-30 02:00:00+00:00,2.2571001052856445
2024-08-30 03:00:00+00:00,2.2576000690460205
2024-08-30 04:00:00+00:00,2.2583999633789062
2024-08-30 05:00:00+00:00,2.260999917984009
2024-08-30 06:00:00+00:00,2.2602999210357666
2024-08-30 07:00:00+00:00,2.265199899673462
2024-08-30 08:00:00+00:00,2.2604000568389893
2024-08-30 09:00:00+00:00,2.2551000118255615
2024-08-30 10:00:00+00:00,2.259500026702881
2024-08-30 11:00:00+00:00,2.262200117111206
2024-08-30 12:00:00+00:00,2.2664999961853027
2024-08-30 13:00:00+00:00,2.2200000286102295
2024-08-30 14:00:00+00:00,2.2269999980926514
2024-08-30 15:00:00+00:00,2.2155001163482666
2024-08-30 16:00:00+00:00,2.2172000408172607
2024-08-30 17:00:00+00:00,2.2181999683380127
2024-08-30 18:00:00+00:00,2.205199956893921
2024-08-30 20:00:00+00:00,2.0968000888824463
2024-09-01 22:00:00+00:00,2.078700065612793
2024-09-01 23:00:00+00:00,2.0722999572753906
2024-09-02 00:00:00+00:00,2.0741000175476074
2024-09-02 01:00:00+00:00,2.0673999786376953
2024-09-02 02:00:00+00:00,2.061500072479248
2024-09-02 03:00:00+00:00,2.0566000938415527
2024-09-03 04:00:00+00:00,2.0636000633239746
2024-09-03 05:00:00+00:00,2.0708999633789062
2024-09-03 06:00:00+00:00,2.071700096130371
2024-09-03 07:00:00+00:00,2.06820011138916
2024-09-03 08:00:00+00:00,2.0761001110076904
2024-09-03 09:00:00+00:00,2.052000045776367
2024-09-03 10:00:00+00:00,2.0373001098632812
2024-09-03 11:00:00+00:00,2.044800043106079
2024-09-03 12:00:00+00:00,2.033900022506714
2024-09-03 13:00:00+00:00,2.001699924468994
2024-09-03 14:00:00+00:00,1.9952000379562378
2024-09-03 15:00:00+00:00,1.9867000579833984
2024-09-03 16:00:00+00:00,1.9716999530792236
2024-09-03 17:00:00+00:00,1.9687000513076782
2024-09-03 18:00:00+00:00,1.9772000312805176
2024-09-03 19:00:00+00:00,1.9818999767303467
2024-09-03 20:00:00+00:00,1.9780000448226929
2024-09-03 22:00:00+00:00,1.981600046157837
2024-09-03 23:00:00+00:00,1.9810999631881714
2024-09-04 00:00:00+00:00,1.971500039100647
2024-09-04 01:00:00+00:00,1.9729000329971313
2024-09-04 02:00:00+00:00,1.9709999561309814
2024-09-04 03:00:00+00:00,1.9686000347137451
2024-09-04 04:00:00+00:00,1.972000002861023
2024-09-04 05:00:00+00:00,1.9749000072479248
2024-09-04 06:00:00+00:00,1.967900037765503
2024-09-04 07:00:00+00:00,1.9570000171661377
2024-09-04 08:00:00+00:00,1.969599962234497
2024-09-04 09:00:00+00:00,1.9726999998092651
2024-09-04 10:00:00+00:00,1.9947999715805054
2024-09-04 11:00:00+00:00,1.9757000207901
2024-09-04 12:00:00+00:00,1.9666999578475952
2024-09-04 13:00:00+00:00,1.9630999565124512
2024-09-04 14:00:00+00:00,1.9616999626159668
2024-09-04 15:00:00+00:00,1.972000002861023
2024-09-04 16:00:00+00:00,1.960800051689148
2024-09-04 17:00:00+00:00,1.954699993133545
2024-09-04 18:00:00+00:00,1.9579999446868896
2024-09-04 19:00:00+00:00,1.9544999599456787
2024-09-04 20:00:00+00:00,1.9550000429153442
2024-09-04 22:00:00+00:00,1.9505000114440918
2024-09-04 23:00:00+00:00,1.948699951171875
2024-09-05 00:00:00+00:00,1.9523999691009521
2024-09-05 01:00:00+00:00,1.9563000202178955
2024-09-05 02:00:00+00:00,1.9544999599456787
2024-09-05 03:00:00+00:00,1.9509999752044678
2024-09-05 04:00:00+00:00,1.9536999464035034
2024-09-05 05:00:00+00:00,1.9558000564575195
2024-09-05 06:00:00+00:00,1.9572999477386475
2024-09-05 07:00:00+00:00,1.9622999429702759
2024-09-05 08:00:00+00:00,1.9652999639511108
2024-09-05 09:00:00+00:00,1.9610999822616577
2024-09-05 10:00:00+00:00,1.9621000289916992
2024-09-05 11:00:00+00:00,1.954699993133545
2024-09-05 12:00:00+00:00,1.955399990081787
2024-09-05 13:00:00+00:00,1.9444999694824219
2024-09-05 14:00:00+00:00,1.9608999490737915
2024-09-05 15:00:00+00:00,1.9218000173568726
2024-09-05 16:00:00+00:00,1.9264999628067017
2024-09-05 17:00:00+00:00,1.9182000160217285
2024-09-05 18:00:00+00:00,1.930799961090088
2024-09-05 19:00:00+00:00,1.9289000034332275
2024-09-05 20:00:00+00:00,1.9349000453948975
2024-09-05 22:00:00+00:00,1.9316999912261963
2024-09-05 23:00:00+00:00,1.934999942779541
2024-09-06 00:00:00+00:00,1.9345999956130981
2024-09-06 01:00:00+00:00,1.9393999576568604
2024-09-06 02:00:00+00:00,1.9352999925613403
2024-09-06 03:00:00+00:00,1.9320000410079956
2024-09-06 04:00:00+00:00,1.9357999563217163
2024-09-06 05:00:00+00:00,1.936400055885315
2024-09-06 06:00:00+00:00,1.944100022315979
2024-09-06 07:00:00+00:00,1.9424999952316284
2024-09-06 08:00:00+00:00,1.9335999488830566
2024-09-06 09:00:00+00:00,1.9455000162124634
2024-09-06 10:00:00+00:00,1.9348000288009644
2024-09-06 11:00:00+00:00,1.9464000463485718
2024-09-06 12:00:00+00:00,1.9428999423980713
2024-09-06 13:00:00+00:00,1.9493000507354736
2024-09-06 14:00:00+00:00,1.8974000215530396
2024-09-06 15:00:00+00:00,1.8835999965667725
2024-09-06 16:00:00+00:00,1.8952000141143799
2024-09-06 17:00:00+00:00,1.8973000049591064
2024-09-06 18:00:00+00:00,1.903499960899353
2024-09-06 19:00:00+00:00,1.90339994430542
2024-09-06 20:00:00+00:00,1.9002000093460083
2024-09-08 22:00:00+00:00,1.9284000396728516
2024-09-08 23:00:00+00:00,1.933500051498413
2024-09-09 00:00:00+00:00,1.9371999502182007
2024-09-09 01:00:00+00:00,1.937999963760376
2024-09-09 02:00:00+00:00,1.940500020980835
2024-09-09 03:00:00+00:00,1.9404000043869019
2024-09-09 04:00:00+00:00,1.94159996509552
2024-09-09 05:00:00+00:00,1.9347000122070312
2024-09-09 06:00:00+00:00,1.9388999938964844
2024-09-09 07:00:00+00:00,1.9426000118255615
2024-09-09 08:00:00+00:00,1.9357999563217163
2024-09-09 09:00:00+00:00,1.9395999908447266
2024-09-09 10:00:00+00:00,1.9330999851226807
2024-09-09 11:00:00+00:00,1.9366999864578247
2024-09-09 12:00:00+00:00,1.916200041770935
2024-09-09 13:00:00+00:00,1.9048999547958374
2024-09-09 14:00:00+00:00,1.923200011253357
2024-09-09 15:00:00+00:00,1.9189000129699707
2024-09-09 16:00:00+00:00,1.9283000230789185
2024-09-09 17:00:00+00:00,1.9155000448226929
2024-09-09 18:00:00+00:00,1.9265999794006348
2024-09-09 19:00:00+00:00,1.9227999448776245
2024-09-09 20:00:00+00:00,1.9329999685287476
2024-09-09 22:00:00+00:00,1.9375
2024-09-09 23:00:00+00:00,1.9413000345230103
2024-09-10 00:00:00+00:00,1.9420000314712524
2024-09-10 01:00:00+00:00,1.9366999864578247
2024-09-10 02:00:00+00:00,1.9372999668121338
2024-09-10 03:00:00+00:00,1.9335999488830566
2024-09-10 04:00:00+00:00,1.934000015258789
2024-09-10 05:00:00+00:00,1.930299997329712
2024-09-10 06:00:00+00:00,1.92330002784729
2024-09-10 07:00:00+00:00,1.926900029182434
2024-09-10 08:00:00+00:00,1.9156999588012695
2024-09-10 09:00:00+00:00,1.904099941253662
2024-09-10 10:00:00+00:00,1.9147000312805176
2024-09-10 11:00:00+00:00,1.908400058746338
2024-09-10 12:00:00+00:00,1.919800043106079
2024-09-10 13:00:00+00:00,1.9050999879837036
2024-09-10 14:00:00+00:00,1.8726999759674072
2024-09-10 15:00:00+00:00,1.868899941444397
2024-09-10 16:00:00+00:00,1.8722000122070312
2024-09-10 17:00:00+00:00,1.8641999959945679
2024-09-10 18:00:00+00:00,1.8783999681472778
2024-09-10 19:00:00+00:00,1.8849999904632568
2024-09-10 20:00:00+00:00,1.8859000205993652
2024-09-10 22:00:00+00:00,1.8871999979019165
2024-09-10 23:00:00+00:00,1.8848999738693237
2024-09-11 00:00:00+00:00,1.8770999908447266
2024-09-11 01:00:00+00:00,1.879699945449829
2024-09-11 02:00:00+00:00,1.8803999423980713
2024-09-11 03:00:00+00:00,1.8762999773025513
2024-09-11 04:00:00+00:00,1.878000020980835
2024-09-11 05:00:00+00:00,1.8860000371932983
2024-09-11 06:00:00+00:00,1.8971999883651733
2024-09-11 07:00:00+00:00,1.8961000442504883
2024-09-11 08:00:00+00:00,1.9079999923706055
2024-09-11 09:00:00+00:00,1.9110000133514404
2024-09-11 10:00:00+00:00,1.9092999696731567
2024-09-11 11:00:00+00:00,1.9133000373840332
2024-09-11 12:00:00+00:00,1.909999966621399
2024-09-11 13:00:00+00:00,1.8942999839782715
2024-09-11 14:00:00+00:00,1.8695000410079956
2024-09-11 15:00:00+00:00,1.88510000705719
2024-09-11 16:00:00+00:00,1.8955999612808228
2024-09-11 17:00:00+00:00,1.8967000246047974
2024-09-11 18:00:00+00:00,1.8950999975204468
2024-09-11 19:00:00+00:00,1.8961999416351318
2024-09-11 20:00:00+00:00,1.9000999927520752
2024-09-11 22:00:00+00:00,1.9013999700546265
2024-09-11 23:00:00+00:00,1.8997000455856323
2024-09-12 00:00:00+00:00,1.9052000045776367
2024-09-12 01:00:00+00:00,1.9026000499725342
2024-09-12 02:00:00+00:00,1.9043999910354614
2024-09-12 03:00:00+00:00,1.90910005569458
2024-09-12 04:00:00+00:00,1.9110000133514404
2024-09-12 05:00:00+00:00,1.9146000146865845
2024-09-12 06:00:00+00:00,1.9132000207901
2024-09-12 07:00:00+00:00,1.9217000007629395
2024-09-12 08:00:00+00:00,1.9113999605178833
2024-09-12 09:00:00+00:00,1.9251999855041504
2024-09-12 10:00:00+00:00,1.9186999797821045
2024-09-12 11:00:00+00:00,1.9106999635696411
2024-09-12 12:00:00+00:00,1.9093999862670898
2024-09-12 13:00:00+00:00,1.9003000259399414
2024-09-12 14:00:00+00:00,1.9249999523162842
2024-09-12 15:00:00+00:00,1.9319000244140625
2024-09-12 16:00:00+00:00,1.9351999759674072
2024-09-12 17:00:00+00:00,1.9270999431610107
2024-09-12 18:00:00+00:00,1.937000036239624
2024-09-12 19:00:00+00:00,1.9399000406265259
2024-09-12 20:00:00+00:00,1.9368000030517578
2024-09-12 22:00:00+00:00,1.937999963760376
2024-09-12 23:00:00+00:00,1.9375
2024-09-13 00:00:00+00:00,1.9400999546051025
2024-09-13 01:00:00+00:00,1.940600037574768
2024-09-13 02:00:00+00:00,1.9333000183105469
2024-09-13 03:00:00+00:00,1.9357000589370728
2024-09-13 04:00:00+00:00,1.9398000240325928
2024-09-13 05:00:00+00:00,1.9407999515533447
2024-09-13 06:00:00+00:00,1.9408999681472778
2024-09-13 07:00:00+00:00,1.9342999458312988
2024-09-13 08:00:00+00:00,1.947100043296814
2024-09-13 09:00:00+00:00,1.9560999870300293
2024-09-13 10:00:00+00:00,1.9515999555587769
2024-09-13 11:00:00+00:00,1.9577000141143799
2024-09-13 12:00:00+00:00,1.9535000324249268
2024-09-13 13:00:00+00:00,1.9596999883651733
2024-09-13 14:00:00+00:00,1.9610999822616577
2024-09-13 15:00:00+00:00,1.948699951171875
2024-09-13 16:00:00+00:00,1.9402999877929688
2024-09-13 17:00:00+00:00,1.940600037574768
2024-09-13 18:00:00+00:00,1.9371999502182007
2024-09-13 19:00:00+00:00,1.9416999816894531
2024-09-13 20:00:00+00:00,1.9392999410629272
2024-09-15 22:00:00+00:00,1.9328999519348145
2024-09-15 23:00:00+00:00,1.9315999746322632
2024-09-16 00:00:00+00:00,1.9305000305175781
2024-09-16 01:00:00+00:00,1.9283000230789185
2024-09-16 02:00:00+00:00,1.9284000396728516
2024-09-16 03:00:00+00:00,1.9239000082015991
2024-09-16 04:00:00+00:00,1.9223999977111816
2024-09-16 05:00:00+00:00,1.9270999431610107
2024-09-16 06:00:00+00:00,1.9329999685287476
2024-09-16 07:00:00+00:00,1.944100022315979
2024-09-16 08:00:00+00:00,1.9498000144958496
2024-09-16 09:00:00+00:00,1.9431999921798706
2024-09-16 10:00:00+00:00,1.9384000301361084
2024-09-16 11:00:00+00:00,1.9528000354766846
2024-09-16 12:00:00+00:00,1.9621000289916992
2024-09-16 13:00:00+00:00,1.976699948310852
2024-09-16 14:00:00+00:00,1.975000023841858
2024-09-16 15:00:00+00:00,1.972000002861023
2024-09-16 16:00:00+00:00,1.968500018119812
2024-09-16 17:00:00+00:00,1.9775999784469604
2024-09-16 18:00:00+00:00,1.970900058746338
2024-09-16 19:00:00+00:00,1.9767999649047852
2024-09-16 20:00:00+00:00,1.9749000072479248
2024-09-16 22:00:00+00:00,1.976099967956543
2024-09-16 23:00:00+00:00,1.9771000146865845
2024-09-17 00:00:00+00:00,1.9767999649047852
2024-09-17 01:00:00+00:00,1.9829000234603882
2024-09-17 02:00:00+00:00,1.9838000535964966
2024-09-17 03:00:00+00:00,1.98580002784729
2024-09-17 04:00:00+00:00,1.9843000173568726
2024-09-17 05:00:00+00:00,1.9860999584197998
2024-09-17 06:00:00+00:00,1.986199975013733
2024-09-17 07:00:00+00:00,1.9723000526428223
2024-09-17 08:00:00+00:00,1.9824999570846558
2024-09-17 09:00:00+00:00,1.9707000255584717
2024-09-17 10:00:00+00:00,1.9759999513626099
2024-09-17 11:00:00+00:00,1.976699948310852
2024-09-17 12:00:00+00:00,1.9680999517440796
2024-09-17 13:00:00+00:00,1.982100009918213
2024-09-17 14:00:00+00:00,1.9865000247955322
2024-09-17 15:00:00+00:00,1.9954999685287476
2024-09-17 16:00:00+00:00,2.001300096511841
2024-09-17 17:00:00+00:00,1.9982999563217163
2024-09-17 18:00:00+00:00,2.0020999908447266
2024-09-17 19:00:00+00:00,2.001300096511841
2024-09-17 20:00:00+00:00,1.992799997329712
2024-09-17 22:00:00+00:00,1.9916000366210938
2024-09-17 23:00:00+00:00,1.989300012588501
2024-09-18 00:00:00+00:00,1.9930000305175781
2024-09-18 01:00:00+00:00,1.9844000339508057
2024-09-18 02:00:00+00:00,1.982100009918213
2024-09-18 03:00:00+00:00,1.9840999841690063
2024-09-18 04:00:00+00:00,1.9837000370025635
2024-09-18 05:00:00+00:00,1.9838000535964966
2024-09-18 06:00:00+00:00,1.980299949645996
2024-09-18 07:00:00+00:00,1.9837000370025635
2024-09-18 08:00:00+00:00,1.976699948310852
2024-09-18 09:00:00+00:00,1.9651999473571777
2024-09-18 10:00:00+00:00,1.9732999801635742
2024-09-18 11:00:00+00:00,1.982800006866455
2024-09-18 12:00:00+00:00,1.9911999702453613
2024-09-18 13:00:00+00:00,1.9983999729156494
2024-09-18 14:00:00+00:00,1.9989999532699585
2024-09-18 15:00:00+00:00,1.992799997329712
2024-09-18 16:00:00+00:00,2.004699945449829
2024-09-18 17:00:00+00:00,2.003000020980835
2024-09-18 18:00:00+00:00,2.0
2024-09-18 19:00:00+00:00,1.9908000230789185
2024-09-18 20:00:00+00:00,1.9931000471115112
2024-09-18 22:00:00+00:00,1.9961999654769897
2024-09-18 23:00:00+00:00,2.0023000240325928
2024-09-19 00:00:00+00:00,2.0113000869750977
2024-09-19 01:00:00+00:00,2.0053000450134277
2024-09-19 02:00:00+00:00,2.0148000717163086
2024-09-19 03:00:00+00:00,2.0199999809265137
2024-09-19 04:00:00+00:00,2.0213000774383545
2024-09-19 05:00:00+00:00,2.025899887084961
2024-09-19 06:00:00+00:00,2.0297000408172607
2024-09-19 07:00:00+00:00,2.040600061416626
2024-09-19 08:00:00+00:00,2.037899971008301
2024-09-19 09:00:00+00:00,2.0401999950408936
2024-09-19 10:00:00+00:00,2.030900001525879
2024-09-19 11:00:00+00:00,2.035799980163574
2024-09-19 12:00:00+00:00,2.0443999767303467
2024-09-19 13:00:00+00:00,2.040800094604492
2024-09-19 14:00:00+00:00,2.0457000732421875
2024-09-19 15:00:00+00:00,2.0589001178741455
2024-09-19 16:00:00+00:00,2.0604000091552734
2024-09-19 17:00:00+00:00,2.061800003051758
2024-09-19 18:00:00+00:00,2.0539000034332275
2024-09-19 19:00:00+00:00,2.0576999187469482
2024-09-19 20:00:00+00:00,2.06030011177063
2024-09-19 22:00:00+00:00,2.0589001178741455
2024-09-19 23:00:00+00:00,2.055299997329712
2024-09-20 00:00:00+00:00,2.052999973297119
2024-09-20 01:00:00+00:00,2.0522000789642334
2024-09-20 02:00:00+00:00,2.0492000579833984
2024-09-20 03:00:00+00:00,2.052000045776367
2024-09-20 04:00:00+00:00,2.049299955368042
2024-09-20 05:00:00+00:00,2.046299934387207
2024-09-20 06:00:00+00:00,2.049499988555908
2024-09-20 07:00:00+00:00,2.041100025177002
2024-09-20 08:00:00+00:00,2.0506999492645264
2024-09-20 09:00:00+00:00,2.046600103378296
2024-09-20 10:00:00+00:00,2.046099901199341
2024-09-20 11:00:00+00:00,2.050800085067749
2024-09-20 12:00:00+00:00,2.0460000038146973
2024-09-20 13:00:00+00:00,2.035599946975708
2024-09-20 14:00:00+00:00,2.0408999919891357
2024-09-20 15:00:00+00:00,2.0364999771118164
2024-09-20 16:00:00+00:00,2.0434999465942383
2024-09-20 17:00:00+00:00,2.043600082397461
2024-09-20 18:00:00+00:00,2.0453999042510986
2024-09-20 19:00:00+00:00,2.045099973678589
2024-09-20 20:00:00+00:00,2.0464999675750732
2024-09-22 22:00:00+00:00,2.0376999378204346
2024-09-22 23:00:00+00:00,2.040299892425537
2024-09-23 00:00:00+00:00,2.044100046157837
2024-09-23 01:00:00+00:00,2.053299903869629
2024-09-23 02:00:00+00:00,2.048799991607666
2024-09-23 03:00:00+00:00,2.052299976348877
2024-09-23 04:00:00+00:00,2.0548999309539795
2024-09-23 05:00:00+00:00,2.0522000789642334
2024-09-23 06:00:00+00:00,2.044800043106079
2024-09-23 07:00:00+00:00,2.037600040435791
2024-09-23 08:00:00+00:00,2.031899929046631
2024-09-23 09:00:00+00:00,2.036600112915039
2024-09-23 10:00:00+00:00,2.0302000045776367
2024-09-23 11:00:00+00:00,2.035599946975708
2024-09-23 12:00:00+00:00,2.024399995803833
2024-09-23 13:00:00+00:00,2.0364999771118164
2024-09-23 14:00:00+00:00,2.0225000381469727
2024-09-23 15:00:00+00:00,1.9811999797821045
2024-09-23 16:00:00+00:00,1.9843000173568726
2024-09-23 17:00:00+00:00,1.9911999702453613
2024-09-23 18:00:00+00:00,1.992400050163269
2024-09-23 19:00:00+00:00,1.9982000589370728
2024-09-23 20:00:00+00:00,2.0023999214172363
2024-09-23 22:00:00+00:00,2.001800060272217
2024-09-23 23:00:00+00:00,2.0
2024-09-24 00:00:00+00:00,1.996899962425232
2024-09-24 01:00:00+00:00,2.005000114440918
2024-09-24 02:00:00+00:00,2.0118000507354736
2024-09-24 03:00:00+00:00,2.0195000171661377
2024-09-24 04:00:00+00:00,2.0223000049591064
2024-09-24 05:00:00+00:00,2.02239990234375
2024-09-24 06:00:00+00:00,2.0232999324798584
2024-09-24 07:00:00+00:00,2.02020001411438
2024-09-24 08:00:00+00:00,2.0236001014709473
2024-09-24 09:00:00+00:00,2.032900094985962
2024-09-24 10:00:00+00:00,2.029400110244751
2024-09-24 11:00:00+00:00,2.030400037765503
2024-09-24 12:00:00+00:00,2.0302999019622803
2024-09-24 13:00:00+00:00,2.035599946975708
2024-09-24 14:00:00+00:00,2.034600019454956
2024-09-24 15:00:00+00:00,2.0348000526428223
2024-09-24 16:00:00+00:00,2.027899980545044
2024-09-24 17:00:00+00:00,2.0308001041412354
2024-09-24 18:00:00+00:00,2.0280001163482666
2024-09-24 19:00:00+00:00,2.026400089263916
2024-09-24 20:00:00+00:00,2.0302000045776367
2024-09-24 22:00:00+00:00,2.030600070953369
2024-09-24 23:00:00+00:00,2.032399892807007
2024-09-25 00:00:00+00:00,2.0295000076293945
2024-09-25 01:00:00+00:00,2.023400068283081
2024-09-25 02:00:00+00:00,2.0239999294281006
2024-09-25 03:00:00+00:00,2.0236001014709473
2024-09-25 04:00:00+00:00,2.0243000984191895
2024-09-25 05:00:00+00:00,2.0185999870300293
2024-09-25 06:00:00+00:00,2.0209999084472656
2024-09-25 07:00:00+00:00,2.0144999027252197
2024-09-25 08:00:00+00:00,2.0232999324798584
2024-09-25 09:00:00+00:00,2.0130999088287354
2024-09-25 10:00:00+00:00,2.0123000144958496
2024-09-25 11:00:00+00:00,2.0009000301361084
2024-09-25 12:00:00+00:00,2.005000114440918
2024-09-25 13:00:00+00:00,2.0232999324798584
2024-09-25 14:00:00+00:00,2.0141000747680664
2024-09-25 15:00:00+00:00,1.9988000392913818
2024-09-25 16:00:00+00:00,1.9940999746322632
2024-09-25 17:00:00+00:00,1.9931999444961548
2024-09-25 18:00:00+00:00,1.9996999502182007
2024-09-25 19:00:00+00:00,2.0023000240325928
2024-09-25 20:00:00+00:00,2.005000114440918
2024-09-25 22:00:00+00:00,2.001300096511841
2024-09-25 23:00:00+00:00,2.0058999061584473
2024-09-26 00:00:00+00:00,2.0058999061584473
2024-09-26 01:00:00+00:00,2.0095999240875244
2024-09-26 02:00:00+00:00,2.004699945449829
2024-09-26 03:00:00+00:00,2.0058000087738037
2024-09-26 04:00:00+00:00,1.98989999294281
2024-09-26 05:00:00+00:00,1.9664000272750854
2024-09-26 06:00:00+00:00,1.9634000062942505
2024-09-26 07:00:00+00:00,1.9688999652862549
2024-09-26 08:00:00+00:00,1.9726999998092651
2024-09-26 09:00:00+00:00,1.9769999980926514
2024-09-26 10:00:00+00:00,1.9728000164031982
2024-09-26 11:00:00+00:00,1.9620000123977661
2024-09-26 12:00:00+00:00,1.9800000190734863
2024-09-26 13:00:00+00:00,1.9632999897003174
2024-09-26 14:00:00+00:00,1.9779000282287598
2024-09-26 15:00:00+00:00,1.982300043106079
2024-09-26 16:00:00+00:00,1.969499945640564
2024-09-26 17:00:00+00:00,1.9523999691009521
2024-09-26 18:00:00+00:00,1.9537999629974365
2024-09-26 19:00:00+00:00,1.9470000267028809
2024-09-26 20:00:00+00:00,1.9485000371932983
2024-09-26 22:00:00+00:00,1.9470000267028809
2024-09-26 23:00:00+00:00,1.9361000061035156
2024-09-27 00:00:00+00:00,1.934499979019165
2024-09-27 01:00:00+00:00,1.9385000467300415
2024-09-27 02:00:00+00:00,1.9438999891281128
2024-09-27 03:00:00+00:00,1.9478000402450562
2024-09-27 04:00:00+00:00,1.9478000402450562
2024-09-27 05:00:00+00:00,1.9456000328063965
2024-09-27 06:00:00+00:00,1.9564000368118286
2024-09-27 07:00:00+00:00,1.9453999996185303
2024-09-27 08:00:00+00:00,1.9527000188827515
2024-09-27 09:00:00+00:00,1.952299952507019
2024-09-27 10:00:00+00:00,1.9595999717712402
2024-09-27 11:00:00+00:00,1.9592000246047974
2024-09-27 12:00:00+00:00,1.9501999616622925
2024-09-27 13:00:00+00:00,1.9434000253677368
2024-09-27 14:00:00+00:00,1.964400053024292
2024-09-27 15:00:00+00:00,1.9677000045776367
2024-09-27 16:00:00+00:00,1.9637999534606934
2024-09-27 17:00:00+00:00,1.9399000406265259
2024-09-27 18:00:00+00:00,1.9527000188827515
2024-09-27 19:00:00+00:00,1.9529999494552612
2024-09-27 20:00:00+00:00,1.9564000368118286
2024-09-30 00:00:00+00:00,1.9529999494552612
2024-09-30 01:00:00+00:00,1.9529999494552612
2024-09-30 06:00:00+00:00,1.9723000526428223
2024-09-30 09:00:00+00:00,1.9539999961853027
2024-09-30 12:00:00+00:00,1.962399959564209
2024-09-30 13:00:00+00:00,1.9639999866485596
2024-09-30 14:00:00+00:00,1.9831000566482544
2024-09-30 15:00:00+00:00,1.985700011253357
2024-09-30 16:00:00+00:00,1.9735000133514404
2024-09-30 17:00:00+00:00,1.9728000164031982
2024-09-30 18:00:00+00:00,1.9701000452041626
2024-10-01 07:00:00+00:00,1.906000018119812
2024-10-01 08:00:00+00:00,1.8895000219345093
2024-10-01 09:00:00+00:00,1.8977999687194824
2024-10-01 10:00:00+00:00,1.9149999618530273
2024-10-01 11:00:00+00:00,1.9103000164031982
2024-10-01 12:00:00+00:00,1.8948999643325806
2024-10-01 13:00:00+00:00,1.9637000560760498
2024-10-01 14:00:00+00:00,1.9708000421524048
2024-10-01 15:00:00+00:00,1.9830000400543213
2024-10-01 16:00:00+00:00,1.9948999881744385
2024-10-01 17:00:00+00:00,1.968999981880188
2024-10-01 18:00:00+00:00,1.9709999561309814
2024-10-01 19:00:00+00:00,1.9780000448226929
2024-10-01 20:00:00+00:00,1.9859999418258667
2024-10-01 22:00:00+00:00,1.9853999614715576
2024-10-01 23:00:00+00:00,1.9853999614715576
2024-10-02 00:00:00+00:00,1.9848999977111816
2024-10-02 01:00:00+00:00,1.9925999641418457
2024-10-02 02:00:00+00:00,1.986799955368042
2024-10-02 03:00:00+00:00,1.9880000352859497
2024-10-02 04:00:00+00:00,1.9900000095367432
2024-10-02 05:00:00+00:00,1.99399995803833
2024-10-02 06:00:00+00:00,1.9884999990463257
2024-10-02 07:00:00+00:00,2.001499891281128
2024-10-02 08:00:00+00:00,1.9975999593734741
2024-10-02 09:00:00+00:00,2.0037999153137207
2024-10-02 10:00:00+00:00,2.0127999782562256
2024-10-02 11:00:00+00:00,2.003200054168701
2024-10-02 12:00:00+00:00,2.009399890899658
2024-10-02 13:00:00+00:00,2.023200035095215
2024-10-02 14:00:00+00:00,1.988700032234192
2024-10-02 15:00:00+00:00,1.9637999534606934
2024-10-02 16:00:00+00:00,1.9759999513626099
2024-10-02 17:00:00+00:00,1.9881000518798828
2024-10-02 18:00:00+00:00,1.9922000169754028
2024-10-02 19:00:00+00:00,2.0046000480651855
2024-10-02 20:00:00+00:00,2.0132999420166016
2024-10-02 22:00:00+00:00,2.0141000747680664
2024-10-02 23:00:00+00:00,2.0157999992370605
2024-10-03 00:00:00+00:00,2.0109000205993652
2024-10-03 01:00:00+00:00,2.0132999420166016
2024-10-03 02:00:00+00:00,2.0109000205993652
2024-10-03 03:00:00+00:00,2.018699884414673
2024-10-03 04:00:00+00:00,2.0151000022888184
2024-10-03 05:00:00+00:00,2.0160000324249268
2024-10-03 06:00:00+00:00,2.0183000564575195
2024-10-03 07:00:00+00:00,2.007499933242798
2024-10-03 08:00:00+00:00,2.0039000511169434
2024-10-03 09:00:00+00:00,2.0216000080108643
2024-10-03 10:00:00+00:00,2.026700019836426
2024-10-03 11:00:00+00:00,2.0192999839782715
2024-10-03 12:00:00+00:00,2.026900053024292
2024-10-03 13:00:00+00:00,2.0215001106262207
2024-10-03 14:00:00+00:00,2.058799982070923
2024-10-03 15:00:00+00:00,2.0645999908447266
2024-10-03 16:00:00+00:00,2.084700107574463
2024-10-03 17:00:00+00:00,2.0829999446868896
2024-10-03 18:00:00+00:00,2.095400094985962
2024-10-03 19:00:00+00:00,2.099400043487549
2024-10-03 20:00:00+00:00,2.0933001041412354
2024-10-03 22:00:00+00:00,2.09689998626709
2024-10-03 23:00:00+00:00,2.100600004196167
2024-10-04 00:00:00+00:00,2.099600076675415
2024-10-04 01:00:00+00:00,2.094899892807007
2024-10-04 02:00:00+00:00,2.09660005569458
2024-10-04 03:00:00+00:00,2.091900110244751
2024-10-04 04:00:00+00:00,2.091599941253662
2024-10-04 05:00:00+00:00,2.0882999897003174
2024-10-04 06:00:00+00:00,2.0887999534606934
2024-10-04 07:00:00+00:00,2.1066999435424805
2024-10-04 08:00:00+00:00,2.115000009536743
2024-10-04 09:00:00+00:00,2.108099937438965
2024-10-04 10:00:00+00:00,2.1171998977661133
2024-10-04 11:00:00+00:00,2.117799997329712
2024-10-04 12:00:00+00:00,2.1034998893737793
2024-10-04 13:00:00+00:00,2.1001999378204346
2024-10-04 14:00:00+00:00,2.0929999351501465
2024-10-04 15:00:00+00:00,2.1013998985290527
2024-10-04 16:00:00+00:00,2.1064999103546143
2024-10-04 17:00:00+00:00,2.1185998916625977
2024-10-04 18:00:00+00:00,2.0894999504089355
2024-10-04 19:00:00+00:00,2.09089994430542
2024-10-04 20:00:00+00:00,2.0938000679016113
2024-10-06 22:00:00+00:00,2.0838000774383545
2024-10-06 23:00:00+00:00,2.0782999992370605
2024-10-07 00:00:00+00:00,2.0794999599456787
2024-10-07 01:00:00+00:00,2.077899932861328
2024-10-07 02:00:00+00:00,2.081700086593628
2024-10-07 03:00:00+00:00,2.0827999114990234
2024-10-07 04:00:00+00:00,2.0804998874664307
2024-10-07 05:00:00+00:00,2.0820000171661377
2024-10-07 06:00:00+00:00,2.0827999114990234
2024-10-07 07:00:00+00:00,2.0952999591827393
2024-10-07 08:00:00+00:00,2.11299991607666
2024-10-07 09:00:00+00:00,2.1177000999450684
2024-10-07 10:00:00+00:00,2.118000030517578
2024-10-07 11:00:00+00:00,2.1196999549865723
2024-10-07 12:00:00+00:00,2.106100082397461
2024-10-07 13:00:00+00:00,2.1185998916625977
2024-10-07 14:00:00+00:00,2.134999990463257
2024-10-07 15:00:00+00:00,2.164799928665161
2024-10-07 16:00:00+00:00,2.160099983215332
2024-10-07 17:00:00+00:00,2.1535000801086426
2024-10-07 18:00:00+00:00,2.1591999530792236
2024-10-07 19:00:00+00:00,2.1584999561309814
2024-10-07 20:00:00+00:00,2.1549999713897705
2024-10-07 22:00:00+00:00,2.157599925994873
2024-10-07 23:00:00+00:00,2.152899980545044
2024-10-08 00:00:00+00:00,2.139899969100952
2024-10-08 01:00:00+00:00,2.1338000297546387
2024-10-08 02:00:00+00:00,2.11680006980896
2024-10-08 03:00:00+00:00,2.114300012588501
2024-10-08 04:00:00+00:00,2.1157000064849854
2024-10-08 05:00:00+00:00,2.1135001182556152
2024-10-08 06:00:00+00:00,2.1196999549865723
2024-10-08 07:00:00+00:00,2.116499900817871
2024-10-08 08:00:00+00:00,2.1110000610351562
2024-10-08 09:00:00+00:00,2.1149001121520996
2024-10-08 10:00:00+00:00,2.1189000606536865
2024-10-08 11:00:00+00:00,2.114000082015991
2024-10-08 12:00:00+00:00,2.113300085067749
2024-10-08 13:00:00+00:00,2.078399896621704
2024-10-08 14:00:00+00:00,2.06030011177063
2024-10-08 15:00:00+00:00,2.063699960708618
2024-10-08 16:00:00+00:00,2.0513999462127686
2024-10-08 17:00:00+00:00,2.0754001140594482
2024-10-08 18:00:00+00:00,2.073499917984009
2024-10-08 19:00:00+00:00,2.078000068664551
2024-10-08 20:00:00+00:00,2.0734000205993652
2024-10-08 22:00:00+00:00,2.0734000205993652
2024-10-08 23:00:00+00:00,2.07450008392334
2024-10-09 00:00:00+00:00,2.0764000415802
2024-10-09 01:00:00+00:00,2.072700023651123
2024-10-09 02:00:00+00:00,2.0713999271392822
2024-10-09 03:00:00+00:00,2.0725998878479004
2024-10-09 04:00:00+00:00,2.0727999210357666
2024-10-09 05:00:00+00:00,2.082900047302246
2024-10-09 06:00:00+00:00,2.077199935913086
2024-10-09 07:00:00+00:00,2.0796000957489014
2024-10-09 08:00:00+00:00,2.0796000957489014
2024-10-09 09:00:00+00:00,2.0824999809265137
2024-10-09 10:00:00+00:00,2.058799982070923
2024-10-09 11:00:00+00:00,2.059499979019165
2024-10-09 12:00:00+00:00,2.0520999431610107
2024-10-09 13:00:00+00:00,2.030900001525879
2024-10-09 14:00:00+00:00,2.0485000610351562
2024-10-09 15:00:00+00:00,2.0683000087738037
2024-10-09 16:00:00+00:00,2.061800003051758
2024-10-09 17:00:00+00:00,2.0664000511169434
2024-10-09 18:00:00+00:00,2.06850004196167
2024-10-09 19:00:00+00:00,2.0731000900268555
2024-10-09 20:00:00+00:00,2.0659000873565674
2024-10-09 22:00:00+00:00,2.067500114440918
2024-10-09 23:00:00+00:00,2.0669000148773193
2024-10-10 00:00:00+00:00,2.071899890899658
2024-10-10 01:00:00+00:00,2.0687999725341797
2024-10-10 02:00:00+00:00,2.0785999298095703
2024-10-10 03:00:00+00:00,2.078700065612793
2024-10-10 04:00:00+00:00,2.0801000595092773
2024-10-10 05:00:00+00:00,2.081399917602539
2024-10-10 06:00:00+00:00,2.079200029373169
2024-10-10 07:00:00+00:00,2.084700107574463
2024-10-10 08:00:00+00:00,2.0845999717712402
2024-10-10 09:00:00+00:00,2.0945000648498535
2024-10-10 10:00:00+00:00,2.0917999744415283
2024-10-10 11:00:00+00:00,2.0820000171661377
2024-10-10 12:00:00+00:00,2.1026999950408936
2024-10-10 13:00:00+00:00,2.1052000522613525
2024-10-10 14:00:00+00:00,2.1247000694274902
2024-10-10 15:00:00+00:00,2.136899948120117
2024-10-10 16:00:00+00:00,2.1459999084472656
2024-10-10 17:00:00+00:00,2.152600049972534
2024-10-10 18:00:00+00:00,2.151599884033203
2024-10-10 19:00:00+00:00,2.153899908065796
2024-10-10 20:00:00+00:00,2.1487998962402344
2024-10-10 22:00:00+00:00,2.145900011062622
2024-10-10 23:00:00+00:00,2.1454999446868896
2024-10-11 00:00:00+00:00,2.144700050354004
2024-10-11 01:00:00+00:00,2.145400047302246
2024-10-11 02:00:00+00:00,2.1487998962402344
2024-10-11 03:00:00+00:00,2.147900104522705
2024-10-11 04:00:00+00:00,2.146899938583374
2024-10-11 05:00:00+00:00,2.143399953842163
2024-10-11 06:00:00+00:00,2.126699924468994
2024-10-11 07:00:00+00:00,2.1303000450134277
2024-10-11 08:00:00+00:00,2.132999897003174
2024-10-11 09:00:00+00:00,2.136699914932251
2024-10-11 10:00:00+00:00,2.1361000537872314
2024-10-11 11:00:00+00:00,2.139899969100952
2024-10-11 12:00:00+00:00,2.132200002670288
2024-10-11 13:00:00+00:00,2.1333999633789062
2024-10-11 14:00:00+00:00,2.1638998985290527
2024-10-11 15:00:00+00:00,2.1566998958587646
2024-10-11 16:00:00+00:00,2.1542000770568848
2024-10-11 17:00:00+00:00,2.160599946975708
2024-10-11 18:00:00+00:00,2.1503000259399414
2024-10-11 19:00:00+00:00,2.1500000953674316
2024-10-11 20:00:00+00:00,2.149600028991699
2024-10-13 22:00:00+00:00,2.125699996948242
2024-10-13 23:00:00+00:00,2.1180999279022217
2024-10-14 00:00:00+00:00,2.1243999004364014
2024-10-14 01:00:00+00:00,2.1201000213623047
2024-10-14 02:00:00+00:00,2.1243999004364014
2024-10-14 03:00:00+00:00,2.128700017929077
2024-10-14 04:00:00+00:00,2.128499984741211
2024-10-14 05:00:00+00:00,2.130000114440918
2024-10-14 06:00:00+00:00,2.1254000663757324
2024-10-14 07:00:00+00:00,2.11680006980896
2024-10-14 08:00:00+00:00,2.1171998977661133
2024-10-14 09:00:00+00:00,2.094099998474121
2024-10-14 10:00:00+00:00,2.0987000465393066
2024-10-14 11:00:00+00:00,2.101300001144409
2024-10-14 12:00:00+00:00,2.1010000705718994
2024-10-14 13:00:00+00:00,2.1143999099731445
2024-10-14 14:00:00+00:00,2.112299919128418
2024-10-14 15:00:00+00:00,2.106800079345703
2024-10-14 16:00:00+00:00,2.113100051879883
2024-10-14 17:00:00+00:00,2.114500045776367
2024-10-14 18:00:00+00:00,2.1120998859405518
2024-10-14 19:00:00+00:00,2.11299991607666
2024-10-14 20:00:00+00:00,2.061000108718872
2024-10-14 22:00:00+00:00,2.0669000148773193
2024-10-14 23:00:00+00:00,2.0615999698638916
2024-10-15 00:00:00+00:00,2.0580999851226807
2024-10-15 01:00:00+00:00,2.052799940109253
2024-10-15 02:00:00+00:00,2.053800106048584
2024-10-15 03:00:00+00:00,2.052799940109253
2024-10-15 04:00:00+00:00,2.048799991607666
2024-10-15 05:00:00+00:00,2.036400079727173
2024-10-15 06:00:00+00:00,2.0404999256134033
2024-10-15 07:00:00+00:00,2.030900001525879
2024-10-15 08:00:00+00:00,2.0250000953674316
2024-10-15 09:00:00+00:00,2.0123000144958496
2024-10-15 10:00:00+00:00,2.019399881362915
2024-10-15 11:00:00+00:00,2.032599925994873
2024-10-15 12:00:00+00:00,2.028599977493286
2024-10-15 13:00:00+00:00,2.020900011062622
2024-10-15 14:00:00+00:00,2.0137999057769775
2024-10-15 15:00:00+00:00,2.0125999450683594
2024-10-15 16:00:00+00:00,2.0348000526428223
2024-10-15 17:00:00+00:00,2.031399965286255
2024-10-15 18:00:00+00:00,2.046600103378296
2024-10-15 19:00:00+00:00,2.04259991645813
2024-10-15 20:00:00+00:00,2.0448999404907227
2024-10-15 22:00:00+00:00,2.0439000129699707
2024-10-15 23:00:00+00:00,2.0441999435424805
2024-10-16 00:00:00+00:00,2.040600061416626
2024-10-16 01:00:00+00:00,2.041300058364868
2024-10-16 02:00:00+00:00,2.038300037384033
2024-10-16 03:00:00+00:00,2.0392000675201416
2024-10-16 04:00:00+00:00,2.0399999618530273
2024-10-16 05:00:00+00:00,2.0378000736236572
2024-10-16 06:00:00+00:00,2.0408999919891357
2024-10-16 07:00:00+00:00,2.0390000343322754
2024-10-16 08:00:00+00:00,2.039900064468384
2024-10-16 09:00:00+00:00,2.0401999950408936
2024-10-16 10:00:00+00:00,2.031899929046631
2024-10-16 11:00:00+00:00,2.038599967956543
2024-10-16 12:00:00+00:00,2.0441999435424805
2024-10-16 13:00:00+00:00,2.0309998989105225
2024-10-16 14:00:00+00:00,2.0376999378204346
2024-10-16 15:00:00+00:00,2.040299892425537
2024-10-16 16:00:00+00:00,2.039299964904785
2024-10-16 17:00:00+00:00,2.040600061416626
2024-10-16 18:00:00+00:00,2.0406999588012695
2024-10-16 19:00:00+00:00,2.043800115585327
2024-10-16 20:00:00+00:00,2.050299882888794
2024-10-16 22:00:00+00:00,2.051100015640259
2024-10-16 23:00:00+00:00,2.050800085067749
2024-10-17 00:00:00+00:00,2.0541999340057373
2024-10-17 01:00:00+00:00,2.0580999851226807
2024-10-17 02:00:00+00:00,2.0513999462127686
2024-10-17 03:00:00+00:00,2.0485000610351562
2024-10-17 04:00:00+00:00,2.0536000728607178
2024-10-17 05:00:00+00:00,2.0534000396728516
2024-10-17 06:00:00+00:00,2.039799928665161
2024-10-17 07:00:00+00:00,2.039099931716919
2024-10-17 08:00:00+00:00,2.0434000492095947
2024-10-17 09:00:00+00:00,2.0450000762939453
2024-10-17 10:00:00+00:00,2.03629994392395
2024-10-17 11:00:00+00:00,2.036600112915039
2024-10-17 12:00:00+00:00,2.0436999797821045
2024-10-17 13:00:00+00:00,2.04259991645813
2024-10-17 14:00:00+00:00,2.0357000827789307
2024-10-17 15:00:00+00:00,2.0378000736236572
2024-10-17 16:00:00+00:00,2.0304999351501465
2024-10-17 17:00:00+00:00,2.0364999771118164
2024-10-17 18:00:00+00:00,2.0453999042510986
2024-10-17 19:00:00+00:00,2.0448999404907227
2024-10-17 20:00:00+00:00,2.043600082397461
2024-10-17 22:00:00+00:00,2.0425000190734863
2024-10-17 23:00:00+00:00,2.04259991645813
2024-10-18 00:00:00+00:00,2.0478999614715576
2024-10-18 01:00:00+00:00,2.0439000129699707
2024-10-18 02:00:00+00:00,2.048799991607666
2024-10-18 03:00:00+00:00,2.0441999435424805
2024-10-18 04:00:00+00:00,2.0495998859405518
2024-10-18 05:00:00+00:00,2.0527000427246094
2024-10-18 06:00:00+00:00,2.0543999671936035
2024-10-18 07:00:00+00:00,2.043100118637085
2024-10-18 08:00:00+00:00,2.0399999618530273
2024-10-18 09:00:00+00:00,2.045300006866455
2024-10-18 10:00:00+00:00,2.0376999378204346
2024-10-18 11:00:00+00:00,2.0450000762939453
2024-10-18 12:00:00+00:00,2.0367000102996826
2024-10-18 13:00:00+00:00,2.015500068664551
2024-10-18 14:00:00+00:00,2.001199960708618
2024-10-18 15:00:00+00:00,2.0007998943328857
2024-10-18 16:00:00+00:00,2.017400026321411
2024-10-18 17:00:00+00:00,2.0181000232696533
2024-10-18 18:00:00+00:00,2.001699924468994
2024-10-18 19:00:00+00:00,2.0058000087738037
2024-10-18 20:00:00+00:00,2.0037999153137207
2024-10-20 22:00:00+00:00,2.002000093460083
2024-10-20 23:00:00+00:00,2.00570011138916
2024-10-21 00:00:00+00:00,2.004300117492676
2024-10-21 01:00:00+00:00,1.9982999563217163
2024-10-21 02:00:00+00:00,2.0051000118255615
2024-10-21 03:00:00+00:00,2.0099000930786133
2024-10-21 04:00:00+00:00,2.0116000175476074
2024-10-21 05:00:00+00:00,2.007499933242798
2024-10-21 06:00:00+00:00,2.0118000507354736
2024-10-21 07:00:00+00:00,2.017199993133545
2024-10-21 08:00:00+00:00,2.021699905395508
2024-10-21 09:00:00+00:00,2.0320000648498535
2024-10-21 10:00:00+00:00,2.0371999740600586
2024-10-21 11:00:00+00:00,2.0399999618530273
2024-10-21 12:00:00+00:00,2.0304999351501465
2024-10-21 13:00:00+00:00,2.0185000896453857
2024-10-21 14:00:00+00:00,2.0035998821258545
2024-10-21 15:00:00+00:00,2.009999990463257
2024-10-21 16:00:00+00:00,2.012700080871582
2024-10-21 17:00:00+00:00,2.0167999267578125
2024-10-21 18:00:00+00:00,2.016200065612793
2024-10-21 19:00:00+00:00,2.0102999210357666
2024-10-21 20:00:00+00:00,2.0111000537872314
2024-10-21 22:00:00+00:00,2.0118000507354736
2024-10-21 23:00:00+00:00,2.0178000926971436
2024-10-22 00:00:00+00:00,2.009999990463257
2024-10-22 01:00:00+00:00,2.007999897003174
2024-10-22 02:00:00+00:00,2.0107998847961426
2024-10-22 03:00:00+00:00,2.012399911880493
2024-10-22 04:00:00+00:00,2.011199951171875
2024-10-22 05:00:00+00:00,2.006999969482422
2024-10-22 06:00:00+00:00,2.00570011138916
2024-10-22 07:00:00+00:00,2.0027999877929688
2024-10-22 08:00:00+00:00,2.0048999786376953
2024-10-22 09:00:00+00:00,2.0297000408172607
2024-10-22 10:00:00+00:00,2.0352001190185547
2024-10-22 11:00:00+00:00,2.035399913787842
2024-10-22 12:00:00+00:00,2.03410005569458
2024-10-22 13:00:00+00:00,2.052299976348877
2024-10-22 14:00:00+00:00,2.053100109100342
2024-10-22 15:00:00+00:00,2.06469988822937
2024-10-22 16:00:00+00:00,2.0648000240325928
2024-10-22 17:00:00+00:00,2.0638999938964844
2024-10-22 18:00:00+00:00,2.073899984359741
2024-10-22 19:00:00+00:00,2.0678000450134277
2024-10-22 20:00:00+00:00,2.063499927520752
2024-10-22 22:00:00+00:00,2.0660998821258545
2024-10-22 23:00:00+00:00,2.06850004196167
2024-10-23 00:00:00+00:00,2.06850004196167
2024-10-23 01:00:00+00:00,2.0678000450134277
2024-10-23 02:00:00+00:00,2.0724000930786133
2024-10-23 03:00:00+00:00,2.071899890899658
2024-10-23 04:00:00+00:00,2.0724000930786133
2024-10-23 05:00:00+00:00,2.0729000568389893
2024-10-23 06:00:00+00:00,2.062000036239624
2024-10-23 07:00:00+00:00,2.0589001178741455
2024-10-23 08:00:00+00:00,2.053800106048584
2024-10-23 09:00:00+00:00,2.0469000339508057
2024-10-23 10:00:00+00:00,2.034899950027466
2024-10-23 11:00:00+00:00,2.037400007247925
2024-10-23 12:00:00+00:00,2.039099931716919
2024-10-23 13:00:00+00:00,2.055500030517578
2024-10-23 14:00:00+00:00,2.0383999347686768
2024-10-23 15:00:00+00:00,2.0346999168395996
2024-10-23 16:00:00+00:00,2.0329999923706055
2024-10-23 17:00:00+00:00,2.037899971008301
2024-10-23 18:00:00+00:00,2.0401999950408936
2024-10-23 19:00:00+00:00,2.0443999767303467
2024-10-23 20:00:00+00:00,2.047100067138672
2024-10-23 22:00:00+00:00,2.046799898147583
2024-10-23 23:00:00+00:00,2.0495998859405518
2024-10-24 00:00:00+00:00,2.062999963760376
2024-10-24 01:00:00+00:00,2.061000108718872
2024-10-24 02:00:00+00:00,2.0676000118255615
2024-10-24 03:00:00+00:00,2.0664000511169434
2024-10-24 04:00:00+00:00,2.068000078201294
2024-10-24 05:00:00+00:00,2.064500093460083
2024-10-24 06:00:00+00:00,2.062299966812134
2024-10-24 07:00:00+00:00,2.0708000659942627
2024-10-24 08:00:00+00:00,2.0678000450134277
2024-10-24 09:00:00+00:00,2.0717999935150146
2024-10-24 10:00:00+00:00,2.062700033187866
2024-10-24 11:00:00+00:00,2.0450000762939453
2024-10-24 12:00:00+00:00,2.0513999462127686
2024-10-24 13:00:00+00:00,2.0517001152038574
2024-10-24 14:00:00+00:00,2.0248000621795654
2024-10-24 15:00:00+00:00,2.019200086593628
2024-10-24 16:00:00+00:00,2.0223000049591064
2024-10-24 17:00:00+00:00,2.0250000953674316
2024-10-24 18:00:00+00:00,2.029900074005127
2024-10-24 19:00:00+00:00,2.035900115966797
2024-10-24 20:00:00+00:00,2.0318000316619873
2024-10-24 22:00:00+00:00,2.032399892807007
2024-10-24 23:00:00+00:00,2.030900001525879
2024-10-25 00:00:00+00:00,2.0373001098632812
2024-10-25 01:00:00+00:00,2.0374999046325684
2024-10-25 02:00:00+00:00,2.035399913787842
2024-10-25 03:00:00+00:00,2.033099889755249
2024-10-25 04:00:00+00:00,2.0327000617980957
2024-10-25 06:00:00+00:00,2.03410005569458
2024-10-25 07:00:00+00:00,2.0274999141693115
2024-10-25 08:00:00+00:00,2.0306999683380127
2024-10-25 09:00:00+00:00,2.0332999229431152
2024-10-25 10:00:00+00:00,2.0388998985290527
2024-10-25 11:00:00+00:00,2.039900064468384
2024-10-25 12:00:00+00:00,2.0546998977661133
2024-10-25 13:00:00+00:00,2.0569000244140625
2024-10-25 14:00:00+00:00,2.0520999431610107
2024-10-25 15:00:00+00:00,2.070499897003174
2024-10-25 16:00:00+00:00,2.074700117111206
2024-10-25 17:00:00+00:00,2.0720999240875244
2024-10-25 18:00:00+00:00,2.078200101852417
2024-10-25 19:00:00+00:00,2.078900098800659
2024-10-25 20:00:00+00:00,2.0808000564575195
2024-10-27 22:00:00+00:00,2.0102999210357666
2024-10-27 23:00:00+00:00,2.0146000385284424
2024-10-28 00:00:00+00:00,2.0151000022888184
2024-10-28 01:00:00+00:00,2.0104000568389893
2024-10-28 02:00:00+00:00,2.009399890899658
2024-10-28 03:00:00+00:00,2.0074000358581543
2024-10-28 04:00:00+00:00,2.0062999725341797
2024-10-28 05:00:00+00:00,2.0035998821258545
2024-10-28 06:00:00+00:00,2.010200023651123
2024-10-28 07:00:00+00:00,2.0055999755859375
2024-10-28 08:00:00+00:00,1.9974000453948975
2024-10-28 09:00:00+00:00,1.9648000001907349
2024-10-28 10:00:00+00:00,1.972499966621399
2024-10-28 11:00:00+00:00,1.9709999561309814
2024-10-28 12:00:00+00:00,1.968000054359436
2024-10-28 13:00:00+00:00,1.98989999294281
2024-10-28 14:00:00+00:00,1.9886000156402588
2024-10-28 15:00:00+00:00,1.9804999828338623
2024-10-28 16:00:00+00:00,1.9795000553131104
2024-10-28 17:00:00+00:00,1.9744999408721924
2024-10-28 18:00:00+00:00,1.972499966621399
2024-10-28 19:00:00+00:00,1.9774999618530273
2024-10-28 20:00:00+00:00,1.9778000116348267
2024-10-28 22:00:00+00:00,1.9744000434875488
2024-10-28 23:00:00+00:00,1.9737000465393066
2024-10-29 00:00:00+00:00,1.9723000526428223
2024-10-29 02:00:00+00:00,1.9700000286102295
2024-10-29 03:00:00+00:00,1.9658000469207764
2024-10-29 04:00:00+00:00,1.962399959564209
2024-10-29 05:00:00+00:00,1.9594000577926636
2024-10-29 06:00:00+00:00,1.9602999687194824
2024-10-29 07:00:00+00:00,1.9731999635696411
2024-10-29 08:00:00+00:00,1.9788999557495117
2024-10-29 09:00:00+00:00,1.9819999933242798
2024-10-29 10:00:00+00:00,1.9817999601364136
2024-10-29 11:00:00+00:00,1.9855999946594238
2024-10-29 12:00:00+00:00,1.9804999828338623
2024-10-29 13:00:00+00:00,1.9571000337600708
2024-10-29 14:00:00+00:00,1.957200050354004
2024-10-29 15:00:00+00:00,1.9455000162124634
2024-10-29 16:00:00+00:00,1.9464000463485718
2024-10-29 17:00:00+00:00,1.9488999843597412
2024-10-29 18:00:00+00:00,1.9498000144958496
2024-10-29 19:00:00+00:00,1.951799988746643
2024-10-29 20:00:00+00:00,1.9611999988555908
2024-10-29 22:00:00+00:00,1.9586999416351318
2024-10-29 23:00:00+00:00,1.9589999914169312
2024-10-30 00:00:00+00:00,1.9586999416351318
2024-10-30 01:00:00+00:00,1.9628000259399414
2024-10-30 02:00:00+00:00,1.9585000276565552
2024-10-30 03:00:00+00:00,1.9625999927520752
2024-10-30 04:00:00+00:00,1.9645999670028687
2024-10-30 05:00:00+00:00,1.965000033378601
2024-10-30 06:00:00+00:00,1.9651999473571777
2024-10-30 07:00:00+00:00,1.9611999988555908
2024-10-30 08:00:00+00:00,1.9617999792099
2024-10-30 09:00:00+00:00,1.9607000350952148
2024-10-30 10:00:00+00:00,1.9600000381469727
2024-10-30 11:00:00+00:00,1.9661999940872192
2024-10-30 12:00:00+00:00,1.972599983215332
2024-10-30 13:00:00+00:00,1.9661999940872192
2024-10-30 14:00:00+00:00,1.9809999465942383
2024-10-30 15:00:00+00:00,1.996000051498413
2024-10-30 16:00:00+00:00,1.9819999933242798
2024-10-30 17:00:00+00:00,1.98580002784729
2024-10-30 18:00:00+00:00,1.9960999488830566
2024-10-30 19:00:00+00:00,2.005000114440918
2024-10-30 20:00:00+00:00,2.0055999755859375
2024-10-31 08:00:00+00:00,1.9940999746322632
2024-10-31 12:00:00+00:00,2.004499912261963
2024-10-31 13:00:00+00:00,2.009000062942505
2024-10-31 14:00:00+00:00,2.006999969482422
2024-10-31 15:00:00+00:00,2.013200044631958
2024-10-31 16:00:00+00:00,2.00570011138916
2024-10-31 17:00:00+00:00,2.0023999214172363
2024-10-31 18:00:00+00:00,2.002700090408325
2024-11-01 07:00:00+00:00,2.0048000812530518
2024-11-01 08:00:00+00:00,2.0141000747680664
2024-11-01 09:00:00+00:00,2.017199993133545
2024-11-01 10:00:00+00:00,2.0039000511169434
2024-11-01 11:00:00+00:00,2.007499933242798
2024-11-01 12:00:00+00:00,2.015000104904175
2024-11-01 13:00:00+00:00,2.0125999450683594
2024-11-01 14:00:00+00:00,1.992300033569336
2024-11-01 15:00:00+00:00,1.993299961090088
2024-11-01 16:00:00+00:00,1.9874000549316406
2024-11-01 17:00:00+00:00,1.9732999801635742
2024-11-01 18:00:00+00:00,1.9660999774932861
2024-11-01 19:00:00+00:00,1.9664000272750854
2024-11-01 20:00:00+00:00,1.9634000062942505
2024-11-03 23:00:00+00:00,1.9945000410079956
2024-11-04 00:00:00+00:00,2.0006000995635986
2024-11-04 01:00:00+00:00,1.9947999715805054
2024-11-04 02:00:00+00:00,1.996999979019165
2024-11-04 03:00:00+00:00,2.0083999633789062
2024-11-04 04:00:00+00:00,2.005199909210205
2024-11-04 05:00:00+00:00,2.007999897003174
2024-11-04 06:00:00+00:00,2.0064001083374023
2024-11-04 07:00:00+00:00,2.0058000087738037
2024-11-04 08:00:00+00:00,2.019700050354004
2024-11-04 09:00:00+00:00,2.0204999446868896
2024-11-04 10:00:00+00:00,2.0199999809265137
2024-11-04 11:00:00+00:00,2.0325000286102295
2024-11-04 12:00:00+00:00,2.0251998901367188
2024-11-04 13:00:00+00:00,2.024899959564209
2024-11-04 14:00:00+00:00,2.0234999656677246
2024-11-04 15:00:00+00:00,2.012200117111206
2024-11-04 16:00:00+00:00,2.0169999599456787
2024-11-04 17:00:00+00:00,2.0248000621795654
2024-11-04 18:00:00+00:00,2.02239990234375
2024-11-04 19:00:00+00:00,2.0213000774383545
2024-11-04 20:00:00+00:00,2.022700071334839
2024-11-04 21:00:00+00:00,2.0257999897003174
2024-11-04 23:00:00+00:00,2.0225000381469727
2024-11-05 00:00:00+00:00,2.021399974822998
2024-11-05 01:00:00+00:00,2.0190999507904053
2024-11-05 02:00:00+00:00,2.021399974822998
2024-11-05 03:00:00+00:00,2.025700092315674
2024-11-05 04:00:00+00:00,2.022599935531616
2024-11-05 05:00:00+00:00,2.02020001411438
2024-11-05 06:00:00+00:00,2.0192999839782715
2024-11-05 07:00:00+00:00,2.025899887084961
2024-11-05 08:00:00+00:00,2.0297999382019043
2024-11-05 09:00:00+00:00,2.0353000164031982
2024-11-05 10:00:00+00:00,2.036600112915039
2024-11-05 11:00:00+00:00,2.0346999168395996
2024-11-05 12:00:00+00:00,2.040600061416626
2024-11-05 13:00:00+00:00,2.0394999980926514
2024-11-05 14:00:00+00:00,2.048099994659424
2024-11-05 15:00:00+00:00,2.05430006980896
2024-11-05 16:00:00+00:00,2.0571999549865723
2024-11-05 17:00:00+00:00,2.0441999435424805
2024-11-05 18:00:00+00:00,2.0371999740600586
2024-11-05 19:00:00+00:00,2.0459001064300537
2024-11-05 20:00:00+00:00,2.0450000762939453
2024-11-05 21:00:00+00:00,2.0422000885009766
2024-11-05 23:00:00+00:00,2.0436999797821045
2024-11-06 00:00:00+00:00,2.0336999893188477
2024-11-06 01:00:00+00:00,2.031899929046631
2024-11-06 02:00:00+00:00,2.0339999198913574
2024-11-06 03:00:00+00:00,2.019200086593628
2024-11-06 04:00:00+00:00,2.0162999629974365
2024-11-06 05:00:00+00:00,2.0067999362945557
2024-11-06 06:00:00+00:00,2.0092999935150146
2024-11-06 07:00:00+00:00,2.021199941635132
2024-11-06 08:00:00+00:00,2.0092999935150146
2024-11-06 09:00:00+00:00,2.0153000354766846
2024-11-06 10:00:00+00:00,2.0109000205993652
2024-11-06 11:00:00+00:00,2.0160999298095703
2024-11-06 12:00:00+00:00,2.001699924468994
2024-11-06 13:00:00+00:00,1.9903000593185425
2024-11-06 14:00:00+00:00,2.021199941635132
2024-11-06 15:00:00+00:00,2.052299976348877
2024-11-06 16:00:00+00:00,2.04229998588562
2024-11-06 17:00:00+00:00,2.04259991645813
2024-11-06 18:00:00+00:00,2.033900022506714
2024-11-06 19:00:00+00:00,2.038100004196167
2024-11-06 20:00:00+00:00,2.041100025177002
2024-11-06 21:00:00+00:00,2.040800094604492
2024-11-06 23:00:00+00:00,2.0374999046325684
2024-11-07 00:00:00+00:00,2.0362000465393066
2024-11-07 01:00:00+00:00,2.0427000522613525
2024-11-07 02:00:00+00:00,2.047499895095825
2024-11-07 03:00:00+00:00,2.0471999645233154
2024-11-07 04:00:00+00:00,2.0409998893737793
2024-11-07 05:00:00+00:00,2.041800022125244
2024-11-07 06:00:00+00:00,2.035900115966797
2024-11-07 07:00:00+00:00,2.030100107192993
2024-11-07 08:00:00+00:00,2.025599956512451
2024-11-07 09:00:00+00:00,2.0269999504089355
2024-11-07 10:00:00+00:00,2.0237998962402344
2024-11-07 11:00:00+00:00,2.0164999961853027
2024-11-07 12:00:00+00:00,2.0201001167297363
2024-11-07 13:00:00+00:00,2.0216000080108643
2024-11-07 14:00:00+00:00,2.0260000228881836
2024-11-07 15:00:00+00:00,2.028899908065796
2024-11-07 16:00:00+00:00,2.0364999771118164
2024-11-07 17:00:00+00:00,2.058199882507324
2024-11-07 18:00:00+00:00,2.0576999187469482
2024-11-07 19:00:00+00:00,2.0520999431610107
2024-11-07 20:00:00+00:00,2.0476999282836914
2024-11-07 21:00:00+00:00,2.0508999824523926
2024-11-07 23:00:00+00:00,2.0478999614715576
2024-11-08 00:00:00+00:00,2.0478999614715576
2024-11-08 01:00:00+00:00,2.047100067138672
2024-11-08 02:00:00+00:00,2.0432000160217285
2024-11-08 03:00:00+00:00,2.038599967956543
2024-11-08 04:00:00+00:00,2.0397000312805176
2024-11-08 05:00:00+00:00,2.0434999465942383
2024-11-08 06:00:00+00:00,2.038599967956543
2024-11-08 07:00:00+00:00,2.037400007247925
2024-11-08 08:00:00+00:00,2.0297000408172607
2024-11-08 09:00:00+00:00,2.032399892807007
2024-11-08 10:00:00+00:00,2.026400089263916
2024-11-08 11:00:00+00:00,2.035399913787842
2024-11-08 12:00:00+00:00,2.029599905014038
2024-11-08 13:00:00+00:00,2.03410005569458
2024-11-08 14:00:00+00:00,2.0162999629974365
2024-11-08 15:00:00+00:00,2.008699893951416
2024-11-08 16:00:00+00:00,2.0048999786376953
2024-11-08 17:00:00+00:00,2.023400068283081
2024-11-08 18:00:00+00:00,2.013400077819824
2024-11-08 19:00:00+00:00,2.017199993133545
2024-11-08 20:00:00+00:00,2.0148000717163086
2024-11-08 21:00:00+00:00,2.013000011444092
2024-11-10 23:00:00+00:00,2.0076000690460205
2024-11-11 00:00:00+00:00,2.0114998817443848
2024-11-11 01:00:00+00:00,2.0134999752044678
2024-11-11 02:00:00+00:00,2.0116000175476074
2024-11-11 03:00:00+00:00,2.009700059890747
2024-11-11 04:00:00+00:00,2.0071001052856445
2024-11-11 05:00:00+00:00,2.0111000537872314
2024-11-11 06:00:00+00:00,2.0211000442504883
2024-11-11 07:00:00+00:00,2.0151000022888184
2024-11-11 08:00:00+00:00,2.0192999839782715
2024-11-11 09:00:00+00:00,1.9955999851226807
2024-11-11 10:00:00+00:00,1.9901000261306763
2024-11-11 11:00:00+00:00,1.9873000383377075
2024-11-11 12:00:00+00:00,1.9764000177383423
2024-11-11 13:00:00+00:00,1.972100019454956
2024-11-11 14:00:00+00:00,1.9752000570297241
2024-11-11 15:00:00+00:00,1.9687000513076782
2024-11-11 16:00:00+00:00,1.9634000062942505
2024-11-11 17:00:00+00:00,1.9646999835968018
2024-11-11 18:00:00+00:00,1.9636000394821167
2024-11-11 19:00:00+00:00,1.9610999822616577
2024-11-11 20:00:00+00:00,1.961400032043457
2024-11-11 21:00:00+00:00,1.9608999490737915
2024-11-11 23:00:00+00:00,1.9594000577926636
2024-11-12 00:00:00+00:00,1.9596999883651733
2024-11-12 01:00:00+00:00,1.9573999643325806
2024-11-12 02:00:00+00:00,1.954300045967102
2024-11-12 03:00:00+00:00,1.9544999599456787
2024-11-12 04:00:00+00:00,1.9558000564575195
2024-11-12 05:00:00+00:00,1.950700044631958
2024-11-12 06:00:00+00:00,1.9534000158309937
2024-11-12 07:00:00+00:00,1.957800030708313
2024-11-12 08:00:00+00:00,1.960800051689148
2024-11-12 09:00:00+00:00,1.9703999757766724
2024-11-12 10:00:00+00:00,1.9686000347137451
2024-11-12 11:00:00+00:00,1.9732999801635742
2024-11-12 12:00:00+00:00,1.9730000495910645
2024-11-12 13:00:00+00:00,1.981600046157837
2024-11-12 14:00:00+00:00,1.9859000444412231
2024-11-12 15:00:00+00:00,1.965499997138977
2024-11-12 16:00:00+00:00,1.9742000102996826
2024-11-12 17:00:00+00:00,1.9744999408721924
2024-11-12 18:00:00+00:00,1.9703999757766724
2024-11-12 19:00:00+00:00,1.967900037765503
2024-11-12 20:00:00+00:00,1.961899995803833
2024-11-12 21:00:00+00:00,1.960800051689148
2024-11-12 23:00:00+00:00,1.9629000425338745
2024-11-13 00:00:00+00:00,1.9625999927520752
2024-11-13 01:00:00+00:00,1.9675999879837036
2024-11-13 02:00:00+00:00,1.971500039100647
2024-11-13 03:00:00+00:00,1.9678000211715698
2024-11-13 04:00:00+00:00,1.969099998474121
2024-11-13 05:00:00+00:00,1.9668999910354614
2024-11-13 06:00:00+00:00,1.9658000469207764
2024-11-13 07:00:00+00:00,1.965399980545044
2024-11-13 08:00:00+00:00,1.9673000574111938
2024-11-13 09:00:00+00:00,1.9768999814987183
2024-11-13 10:00:00+00:00,1.983299970626831
2024-11-13 11:00:00+00:00,1.9753999710083008
2024-11-13 12:00:00+00:00,1.9746999740600586
2024-11-13 13:00:00+00:00,1.9627000093460083
2024-11-13 14:00:00+00:00,1.9321999549865723
2024-11-13 15:00:00+00:00,1.9545999765396118
2024-11-13 16:00:00+00:00,1.9591000080108643
2024-11-13 17:00:00+00:00,1.9677000045776367
2024-11-13 18:00:00+00:00,1.970900058746338
2024-11-13 19:00:00+00:00,1.9600000381469727
2024-11-13 20:00:00+00:00,1.955899953842163
2024-11-13 21:00:00+00:00,1.9535000324249268
2024-11-13 23:00:00+00:00,1.9536999464035034
2024-11-14 00:00:00+00:00,1.9566999673843384
2024-11-14 01:00:00+00:00,1.9586999416351318
2024-11-14 02:00:00+00:00,1.9558000564575195
2024-11-14 03:00:00+00:00,1.9509999752044678
2024-11-14 04:00:00+00:00,1.9544999599456787
2024-11-14 05:00:00+00:00,1.9494999647140503
2024-11-14 06:00:00+00:00,1.9495999813079834
2024-11-14 07:00:00+00:00,1.9529000520706177
2024-11-14 08:00:00+00:00,1.9621000289916992
2024-11-14 09:00:00+00:00,1.9589999914169312
2024-11-14 10:00:00+00:00,1.965399980545044
2024-11-14 11:00:00+00:00,1.9641000032424927
2024-11-14 12:00:00+00:00,1.966599941253662
2024-11-14 13:00:00+00:00,1.9809000492095947
2024-11-14 14:00:00+00:00,1.9836000204086304
2024-11-14 15:00:00+00:00,1.9726999998092651
2024-11-14 16:00:00+00:00,1.9845999479293823
2024-11-14 17:00:00+00:00,1.9700000286102295
2024-11-14 18:00:00+00:00,1.9763000011444092
2024-11-14 19:00:00+00:00,1.9797999858856201
2024-11-14 20:00:00+00:00,1.9759999513626099
2024-11-14 21:00:00+00:00,1.9767999649047852
2024-11-14 23:00:00+00:00,1.975100040435791
2024-11-15 00:00:00+00:00,1.972599983215332
2024-11-15 01:00:00+00:00,1.9708000421524048
2024-11-15 02:00:00+00:00,1.9677000045776367
2024-11-15 03:00:00+00:00,1.968400001525879
2024-11-15 04:00:00+00:00,1.964900016784668
2024-11-15 05:00:00+00:00,1.9594000577926636
2024-11-15 06:00:00+00:00,1.9566999673843384
2024-11-15 07:00:00+00:00,1.9505000114440918
2024-11-15 08:00:00+00:00,1.9589999914169312
2024-11-15 09:00:00+00:00,1.9611999988555908
2024-11-15 10:00:00+00:00,1.9628000259399414
2024-11-15 11:00:00+00:00,1.9803999662399292
2024-11-15 12:00:00+00:00,1.9917999505996704
2024-11-15 13:00:00+00:00,1.9731999635696411
2024-11-15 14:00:00+00:00,1.979699969291687
2024-11-15 15:00:00+00:00,1.9871000051498413
2024-11-15 16:00:00+00:00,1.9639999866485596
2024-11-15 17:00:00+00:00,1.9496999979019165
2024-11-15 18:00:00+00:00,1.9493000507354736
2024-11-15 19:00:00+00:00,1.9508999586105347
2024-11-15 20:00:00+00:00,1.9491000175476074
2024-11-15 21:00:00+00:00,1.9474999904632568
2024-11-17 23:00:00+00:00,1.9456000328063965
2024-11-18 00:00:00+00:00,1.9541000127792358
2024-11-18 01:00:00+00:00,1.950600028038025
2024-11-18 02:00:00+00:00,1.951799988746643
2024-11-18 03:00:00+00:00,1.9589999914169312
2024-11-18 04:00:00+00:00,1.958400011062622
2024-11-18 05:00:00+00:00,1.9521000385284424
2024-11-18 06:00:00+00:00,1.9522000551223755
2024-11-18 07:00:00+00:00,1.9609999656677246
2024-11-18 08:00:00+00:00,1.955199956893921
2024-11-18 09:00:00+00:00,1.9693000316619873
2024-11-18 10:00:00+00:00,1.968000054359436
2024-11-18 11:00:00+00:00,1.9615000486373901
2024-11-18 12:00:00+00:00,1.961300015449524
2024-11-18 13:00:00+00:00,1.9628000259399414
2024-11-18 14:00:00+00:00,1.9852999448776245
2024-11-18 15:00:00+00:00,2.0071001052856445
2024-11-18 16:00:00+00:00,2.00600004196167
2024-11-18 17:00:00+00:00,2.0083999633789062
2024-11-18 18:00:00+00:00,2.019200086593628
2024-11-18 19:00:00+00:00,2.0162999629974365
2024-11-18 20:00:00+00:00,2.016200065612793
2024-11-18 21:00:00+00:00,2.0176000595092773
2024-11-18 23:00:00+00:00,2.0162999629974365
2024-11-19 00:00:00+00:00,2.0179998874664307
2024-11-19 01:00:00+00:00,2.022900104522705
2024-11-19 02:00:00+00:00,2.021699905395508
2024-11-19 03:00:00+00:00,2.0251998901367188
2024-11-19 04:00:00+00:00,2.0250000953674316
2024-11-19 05:00:00+00:00,2.0208001136779785
2024-11-19 06:00:00+00:00,2.021399974822998
2024-11-19 07:00:00+00:00,2.0120999813079834
2024-11-19 08:00:00+00:00,2.002000093460083
2024-11-19 09:00:00+00:00,2.009000062942505
2024-11-19 10:00:00+00:00,2.009200096130371
2024-11-19 11:00:00+00:00,2.00570011138916
2024-11-19 12:00:00+00:00,2.0172998905181885
2024-11-19 13:00:00+00:00,2.032599925994873
2024-11-19 14:00:00+00:00,2.043800115585327
2024-11-19 15:00:00+00:00,2.0408999919891357
2024-11-19 16:00:00+00:00,2.0367000102996826
2024-11-19 17:00:00+00:00,2.0387001037597656
2024-11-19 18:00:00+00:00,2.0373001098632812
2024-11-19 19:00:00+00:00,2.0397000312805176
2024-11-19 20:00:00+00:00,2.0388998985290527
2024-11-19 21:00:00+00:00,2.035900115966797
2024-11-19 23:00:00+00:00,2.0357000827789307
2024-11-20 00:00:00+00:00,2.0380001068115234
2024-11-20 01:00:00+00:00,2.0374999046325684
2024-11-20 02:00:00+00:00,2.0381999015808105
2024-11-20 03:00:00+00:00,2.034899950027466
2024-11-20 04:00:00+00:00,2.0344998836517334
2024-11-20 05:00:00+00:00,2.035599946975708
2024-11-20 06:00:00+00:00,2.038100004196167
2024-11-20 07:00:00+00:00,2.04830002784729
2024-11-20 08:00:00+00:00,2.058500051498413
2024-11-20 09:00:00+00:00,2.057499885559082
2024-11-20 10:00:00+00:00,2.0625998973846436
2024-11-20 11:00:00+00:00,2.0604000091552734
2024-11-20 12:00:00+00:00,2.0583999156951904
2024-11-20 13:00:00+00:00,2.062000036239624
2024-11-20 14:00:00+00:00,2.0618999004364014
2024-11-20 15:00:00+00:00,2.057800054550171
2024-11-20 16:00:00+00:00,2.0520999431610107
2024-11-20 17:00:00+00:00,2.045099973678589
2024-11-20 18:00:00+00:00,2.0485999584198
2024-11-20 19:00:00+00:00,2.0464000701904297
2024-11-20 20:00:00+00:00,2.04830002784729
2024-11-20 21:00:00+00:00,2.047499895095825
2024-11-20 23:00:00+00:00,2.0448999404907227
2024-11-21 00:00:00+00:00,2.042799949645996
2024-11-21 01:00:00+00:00,2.0385000705718994
2024-11-21 02:00:00+00:00,2.038300037384033
2024-11-21 03:00:00+00:00,2.0322000980377197
2024-11-21 04:00:00+00:00,2.0329999923706055
2024-11-21 05:00:00+00:00,2.0320000648498535
2024-11-21 06:00:00+00:00,2.0380001068115234
2024-11-21 07:00:00+00:00,2.0445001125335693
2024-11-21 08:00:00+00:00,2.049299955368042
2024-11-21 09:00:00+00:00,2.053100109100342
2024-11-21 10:00:00+00:00,2.065000057220459
2024-11-21 11:00:00+00:00,2.0778000354766846
2024-11-21 12:00:00+00:00,2.085599899291992
2024-11-21 13:00:00+00:00,2.077199935913086
2024-11-21 14:00:00+00:00,2.052500009536743
2024-11-21 15:00:00+00:00,2.0539000034332275
2024-11-21 16:00:00+00:00,2.0371999740600586
2024-11-21 17:00:00+00:00,2.035900115966797
2024-11-21 18:00:00+00:00,2.0494000911712646
2024-11-21 19:00:00+00:00,2.055299997329712
2024-11-21 20:00:00+00:00,2.056299924850464
2024-11-21 21:00:00+00:00,2.0532000064849854
2024-11-21 23:00:00+00:00,2.0471999645233154
2024-11-22 00:00:00+00:00,2.0495998859405518
2024-11-22 01:00:00+00:00,2.0632998943328857
2024-11-22 02:00:00+00:00,2.0664000511169434
2024-11-22 03:00:00+00:00,2.0615999698638916
2024-11-22 04:00:00+00:00,2.0583999156951904
2024-11-22 05:00:00+00:00,2.0541999340057373
2024-11-22 06:00:00+00:00,2.0557000637054443
2024-11-22 07:00:00+00:00,2.06850004196167
2024-11-22 08:00:00+00:00,2.0655999183654785
2024-11-22 09:00:00+00:00,2.059499979019165
2024-11-22 10:00:00+00:00,2.056999921798706
2024-11-22 11:00:00+00:00,2.0452001094818115
2024-11-22 12:00:00+00:00,2.0423998832702637
2024-11-22 13:00:00+00:00,2.036799907684326
2024-11-22 14:00:00+00:00,2.0511999130249023
2024-11-22 15:00:00+00:00,2.061300039291382
2024-11-22 16:00:00+00:00,2.059999942779541
2024-11-22 17:00:00+00:00,2.075000047683716
2024-11-22 18:00:00+00:00,2.0710999965667725
2024-11-22 19:00:00+00:00,2.062299966812134
2024-11-22 20:00:00+00:00,2.0562000274658203
2024-11-22 21:00:00+00:00,2.057800054550171
2024-11-24 23:00:00+00:00,2.062000036239624
2024-11-25 01:00:00+00:00,2.0566999912261963
2024-11-25 02:00:00+00:00,2.0497000217437744
2024-11-25 03:00:00+00:00,2.0495998859405518
2024-11-25 04:00:00+00:00,2.049299955368042
2024-11-25 05:00:00+00:00,2.0471999645233154
2024-11-25 06:00:00+00:00,2.045599937438965
2024-11-25 07:00:00+00:00,2.04010009765625
2024-11-25 08:00:00+00:00,2.045099973678589
2024-11-25 09:00:00+00:00,2.0413999557495117
2024-11-25 10:00:00+00:00,2.046600103378296
2024-11-25 11:00:00+00:00,2.051300048828125
2024-11-25 12:00:00+00:00,2.053299903869629
2024-11-25 13:00:00+00:00,2.048799991607666
2024-11-25 14:00:00+00:00,2.0172998905181885
2024-11-25 15:00:00+00:00,1.99399995803833
2024-11-25 16:00:00+00:00,1.997499942779541
2024-11-25 17:00:00+00:00,1.9980000257492065
2024-11-25 18:00:00+00:00,1.999500036239624
2024-11-25 19:00:00+00:00,1.9989999532699585
2024-11-25 20:00:00+00:00,2.0037999153137207
2024-11-25 21:00:00+00:00,2.0028998851776123
2024-11-25 23:00:00+00:00,1.9903000593185425
2024-11-26 00:00:00+00:00,1.992900013923645
2024-11-26 01:00:00+00:00,1.995300054550171
2024-11-26 02:00:00+00:00,1.9991999864578247
2024-11-26 03:00:00+00:00,2.0004000663757324
2024-11-26 04:00:00+00:00,2.001199960708618
2024-11-26 05:00:00+00:00,1.9996000528335571
2024-11-26 06:00:00+00:00,2.0002999305725098
2024-11-26 07:00:00+00:00,1.9997999668121338
2024-11-26 08:00:00+00:00,2.007200002670288
2024-11-26 09:00:00+00:00,2.012200117111206
2024-11-26 10:00:00+00:00,2.0148000717163086
2024-11-26 11:00:00+00:00,2.0113000869750977
2024-11-26 12:00:00+00:00,2.0032999515533447
2024-11-26 13:00:00+00:00,2.0139999389648438
2024-11-26 14:00:00+00:00,2.015899896621704
2024-11-26 15:00:00+00:00,2.019700050354004
2024-11-26 16:00:00+00:00,2.0062999725341797
2024-11-26 17:00:00+00:00,1.9818999767303467
2024-11-26 18:00:00+00:00,1.9853999614715576
2024-11-26 19:00:00+00:00,1.9911999702453613
2024-11-26 20:00:00+00:00,1.9890999794006348
2024-11-26 21:00:00+00:00,1.9943000078201294
2024-11-26 23:00:00+00:00,1.9918999671936035
2024-11-27 00:00:00+00:00,1.988700032234192
2024-11-27 01:00:00+00:00,1.9847999811172485
2024-11-27 02:00:00+00:00,1.9873000383377075
2024-11-27 03:00:00+00:00,1.9842000007629395
2024-11-27 04:00:00+00:00,1.9876999855041504
2024-11-27 06:00:00+00:00,1.98989999294281
2024-11-27 07:00:00+00:00,1.9937000274658203
2024-11-27 08:00:00+00:00,1.9951000213623047
2024-11-27 09:00:00+00:00,1.9979000091552734
2024-11-27 10:00:00+00:00,1.9950000047683716
2024-11-27 11:00:00+00:00,1.9967999458312988
2024-11-27 12:00:00+00:00,2.00219988822937
2024-11-27 13:00:00+00:00,1.9996999502182007
2024-11-27 14:00:00+00:00,1.997499942779541
2024-11-27 15:00:00+00:00,1.975000023841858
2024-11-27 16:00:00+00:00,1.9632999897003174
2024-11-27 17:00:00+00:00,1.9596999883651733
2024-11-27 18:00:00+00:00,1.9701000452041626
2024-11-27 19:00:00+00:00,1.9753999710083008
2024-11-27 20:00:00+00:00,1.9731999635696411
2024-11-27 21:00:00+00:00,1.9743000268936157
2024-11-29 14:30:00+00:00,1.985700011253357
2024-11-29 15:30:00+00:00,1.988800048828125
2024-11-29 17:30:00+00:00,1.9609999656677246
2024-12-01 23:00:00+00:00,1.9061000347137451
2024-12-02 00:00:00+00:00,1.9019999504089355
2024-12-02 01:00:00+00:00,1.901900053024292
2024-12-02 02:00:00+00:00,1.9062999486923218
2024-12-02 03:00:00+00:00,1.904099941253662
2024-12-02 04:00:00+00:00,1.9042999744415283
2024-12-02 05:00:00+00:00,1.9047000408172607
2024-12-02 06:00:00+00:00,1.9084999561309814
2024-12-02 07:00:00+00:00,1.9088000059127808
2024-12-02 08:00:00+00:00,1.9149999618530273
2024-12-02 09:00:00+00:00,1.9213000535964966
2024-12-02 10:00:00+00:00,1.9187999963760376
2024-12-02 11:00:00+00:00,1.9248000383377075
2024-12-02 12:00:00+00:00,1.9246000051498413
2024-12-02 13:00:00+00:00,1.9250999689102173
2024-12-02 14:00:00+00:00,1.9124000072479248
2024-12-02 15:00:00+00:00,1.923699975013733
2024-12-02 16:00:00+00:00,1.9055999517440796
2024-12-02 17:00:00+00:00,1.9133000373840332
2024-12-02 18:00:00+00:00,1.9134999513626099
2024-12-02 19:00:00+00:00,1.9176000356674194
2024-12-02 20:00:00+00:00,1.917199969291687
2024-12-02 21:00:00+00:00,1.9190000295639038
2024-12-02 23:00:00+00:00,1.919600009918213
2024-12-03 00:00:00+00:00,1.9210000038146973
2024-12-03 01:00:00+00:00,1.9172999858856201
2024-12-03 02:00:00+00:00,1.9155000448226929
2024-12-03 03:00:00+00:00,1.9220000505447388
2024-12-03 04:00:00+00:00,1.9228999614715576
2024-12-03 05:00:00+00:00,1.9230999946594238
2024-12-03 06:00:00+00:00,1.9249000549316406
2024-12-03 07:00:00+00:00,1.924399971961975
2024-12-03 08:00:00+00:00,1.933899998664856
2024-12-03 09:00:00+00:00,1.934999942779541
2024-12-03 10:00:00+00:00,1.9282000064849854
2024-12-03 11:00:00+00:00,1.9326000213623047
2024-12-03 12:00:00+00:00,1.9423999786376953
2024-12-03 13:00:00+00:00,1.944700002670288
2024-12-03 14:00:00+00:00,1.9429999589920044
2024-12-03 15:00:00+00:00,1.9592000246047974
2024-12-03 16:00:00+00:00,1.9632999897003174
2024-12-03 17:00:00+00:00,1.9596999883651733
2024-12-03 18:00:00+00:00,1.9687000513076782
2024-12-03 19:00:00+00:00,1.9665000438690186
2024-12-03 20:00:00+00:00,1.9641000032424927
2024-12-03 21:00:00+00:00,1.961899995803833
2024-12-03 23:00:00+00:00,1.961300015449524
2024-12-04 00:00:00+00:00,1.9620000123977661
2024-12-04 01:00:00+00:00,1.9564000368118286
2024-12-04 02:00:00+00:00,1.9610999822616577
2024-12-04 03:00:00+00:00,1.9605000019073486
2024-12-04 04:00:00+00:00,1.9642000198364258
2024-12-04 05:00:00+00:00,1.965000033378601
2024-12-04 06:00:00+00:00,1.9660999774932861
2024-12-04 07:00:00+00:00,1.965000033378601
2024-12-04 08:00:00+00:00,1.9620000123977661
2024-12-04 09:00:00+00:00,1.9723000526428223
2024-12-04 10:00:00+00:00,1.971500039100647
2024-12-04 11:00:00+00:00,1.9687000513076782
2024-12-04 12:00:00+00:00,1.9660999774932861
2024-12-04 13:00:00+00:00,1.972000002861023
2024-12-04 14:00:00+00:00,1.9702999591827393
2024-12-04 15:00:00+00:00,1.9687999486923218
2024-12-04 16:00:00+00:00,1.9648000001907349
2024-12-04 17:00:00+00:00,1.9466999769210815
2024-12-04 18:00:00+00:00,1.9414000511169434
2024-12-04 19:00:00+00:00,1.9428000450134277
2024-12-04 20:00:00+00:00,1.9431999921798706
2024-12-04 21:00:00+00:00,1.9408999681472778
2024-12-04 23:00:00+00:00,1.9385000467300415
2024-12-05 00:00:00+00:00,1.938599944114685
2024-12-05 01:00:00+00:00,1.9357000589370728
2024-12-05 02:00:00+00:00,1.934000015258789
2024-12-05 03:00:00+00:00,1.9364999532699585
2024-12-05 04:00:00+00:00,1.9354000091552734
2024-12-05 05:00:00+00:00,1.933899998664856
2024-12-05 06:00:00+00:00,1.9347000122070312
2024-12-05 07:00:00+00:00,1.9350999593734741
2024-12-05 08:00:00+00:00,1.9378000497817993
2024-12-05 09:00:00+00:00,1.9383000135421753
2024-12-05 10:00:00+00:00,1.9392000436782837
2024-12-05 11:00:00+00:00,1.9229999780654907
2024-12-05 12:00:00+00:00,1.9333000183105469
2024-12-05 13:00:00+00:00,1.944599986076355
2024-12-05 14:00:00+00:00,1.9500999450683594
2024-12-05 15:00:00+00:00,1.9469000101089478
2024-12-05 16:00:00+00:00,1.9357999563217163
2024-12-05 17:00:00+00:00,1.927299976348877
2024-12-05 18:00:00+00:00,1.937399983406067
2024-12-05 19:00:00+00:00,1.938599944114685
2024-12-05 20:00:00+00:00,1.9377000331878662
2024-12-05 21:00:00+00:00,1.9372999668121338
2024-12-05 23:00:00+00:00,1.933899998664856
2024-12-06 00:00:00+00:00,1.9358999729156494
2024-12-06 01:00:00+00:00,1.9258999824523926
2024-12-06 02:00:00+00:00,1.9312000274658203
2024-12-06 03:00:00+00:00,1.9352999925613403
2024-12-06 04:00:00+00:00,1.9355000257492065
2024-12-06 05:00:00+00:00,1.9359999895095825
2024-12-06 06:00:00+00:00,1.933899998664856
2024-12-06 07:00:00+00:00,1.929900050163269
2024-12-06 08:00:00+00:00,1.9271999597549438
2024-12-06 09:00:00+00:00,1.9270000457763672
2024-12-06 10:00:00+00:00,1.9183000326156616
2024-12-06 11:00:00+00:00,1.9157999753952026
2024-12-06 12:00:00+00:00,1.9124000072479248
2024-12-06 13:00:00+00:00,1.909000039100647
2024-12-06 14:00:00+00:00,1.9081000089645386
2024-12-06 15:00:00+00:00,1.9020999670028687
2024-12-06 16:00:00+00:00,1.909500002861023
2024-12-06 17:00:00+00:00,1.9134000539779663
2024-12-06 18:00:00+00:00,1.916700005531311
2024-12-06 19:00:00+00:00,1.9057999849319458
2024-12-06 20:00:00+00:00,1.904099941253662
2024-12-06 21:00:00+00:00,1.9042999744415283
2024-12-08 23:00:00+00:00,1.9088000059127808
2024-12-09 00:00:00+00:00,1.9074000120162964
2024-12-09 01:00:00+00:00,1.9157999753952026
2024-12-09 02:00:00+00:00,1.9157999753952026
2024-12-09 03:00:00+00:00,1.9157999753952026
2024-12-09 04:00:00+00:00,1.9153000116348267
2024-12-09 05:00:00+00:00,1.9187999963760376
2024-12-09 06:00:00+00:00,1.9176000356674194
2024-12-09 07:00:00+00:00,1.9257999658584595
2024-12-09 08:00:00+00:00,1.9352999925613403
2024-12-09 09:00:00+00:00,1.9284000396728516
2024-12-09 10:00:00+00:00,1.930999994277954
2024-12-09 11:00:00+00:00,1.934499979019165
2024-12-09 12:00:00+00:00,1.9323999881744385
2024-12-09 13:00:00+00:00,1.9388999938964844
2024-12-09 14:00:00+00:00,1.9498000144958496
2024-12-09 15:00:00+00:00,1.9532999992370605
2024-12-09 16:00:00+00:00,1.9551000595092773
2024-12-09 17:00:00+00:00,1.9562000036239624
2024-12-09 18:00:00+00:00,1.9529999494552612
2024-12-09 19:00:00+00:00,1.9493999481201172
2024-12-09 20:00:00+00:00,1.9444999694824219
2024-12-09 21:00:00+00:00,1.944000005722046
2024-12-09 23:00:00+00:00,1.9429999589920044
2024-12-10 00:00:00+00:00,1.9433000087738037
2024-12-10 01:00:00+00:00,1.9433000087738037
2024-12-10 02:00:00+00:00,1.9422999620437622
2024-12-10 03:00:00+00:00,1.9420000314712524
2024-12-10 04:00:00+00:00,1.9401999711990356
2024-12-10 05:00:00+00:00,1.9371000528335571
2024-12-10 06:00:00+00:00,1.9399000406265259
2024-12-10 07:00:00+00:00,1.942199945449829
2024-12-10 08:00:00+00:00,1.950700044631958
2024-12-10 09:00:00+00:00,1.9514000415802002
2024-12-10 10:00:00+00:00,1.9452999830245972
2024-12-10 11:00:00+00:00,1.9492000341415405
2024-12-10 12:00:00+00:00,1.955199956893921
2024-12-10 13:00:00+00:00,1.9566999673843384
2024-12-10 14:00:00+00:00,1.9563000202178955
2024-12-10 15:00:00+00:00,1.9681999683380127
2024-12-10 16:00:00+00:00,1.97160005569458
2024-12-10 17:00:00+00:00,1.9674999713897705
2024-12-10 18:00:00+00:00,1.962499976158142
2024-12-10 19:00:00+00:00,1.9495999813079834
2024-12-10 20:00:00+00:00,1.948699951171875
2024-12-10 21:00:00+00:00,1.9515000581741333
2024-12-10 23:00:00+00:00,1.9507999420166016
2024-12-11 00:00:00+00:00,1.9529999494552612
2024-12-11 01:00:00+00:00,1.9610999822616577
2024-12-11 02:00:00+00:00,1.965000033378601
2024-12-11 03:00:00+00:00,1.9657000303268433
2024-12-11 04:00:00+00:00,1.9658000469207764
2024-12-11 05:00:00+00:00,1.967900037765503
2024-12-11 06:00:00+00:00,1.9694000482559204
2024-12-11 07:00:00+00:00,1.9592000246047974
2024-12-11 08:00:00+00:00,1.9652999639511108
2024-12-11 09:00:00+00:00,1.9730000495910645
2024-12-11 10:00:00+00:00,1.9749000072479248
2024-12-11 11:00:00+00:00,1.9793000221252441
2024-12-11 12:00:00+00:00,1.9794000387191772
2024-12-11 13:00:00+00:00,1.9774999618530273
2024-12-11 14:00:00+00:00,1.9723999500274658
2024-12-11 15:00:00+00:00,1.9710999727249146
2024-12-11 16:00:00+00:00,1.979099988937378
2024-12-11 17:00:00+00:00,1.9811999797821045
2024-12-11 18:00:00+00:00,1.9830000400543213
2024-12-11 19:00:00+00:00,1.9910000562667847
2024-12-11 20:00:00+00:00,1.989400029182434
2024-12-11 21:00:00+00:00,1.9918999671936035
2024-12-11 23:00:00+00:00,1.9924999475479126
2024-12-12 00:00:00+00:00,1.9946999549865723
2024-12-12 01:00:00+00:00,1.9912999868392944
2024-12-12 02:00:00+00:00,1.9919999837875366
2024-12-12 03:00:00+00:00,1.9941999912261963
2024-12-12 04:00:00+00:00,1.9951000213623047
2024-12-12 05:00:00+00:00,1.996999979019165
2024-12-12 06:00:00+00:00,1.99399995803833
2024-12-12 07:00:00+00:00,1.9989999532699585
2024-12-12 08:00:00+00:00,1.9948999881744385
2024-12-12 09:00:00+00:00,1.992300033569336
2024-12-12 10:00:00+00:00,1.988700032234192
2024-12-12 11:00:00+00:00,1.9908000230789185
2024-12-12 12:00:00+00:00,1.9884999990463257
2024-12-12 13:00:00+00:00,1.9837000370025635
2024-12-12 14:00:00+00:00,1.972599983215332
2024-12-12 15:00:00+00:00,1.961899995803833
2024-12-12 16:00:00+00:00,1.9658000469207764
2024-12-12 17:00:00+00:00,1.9838999509811401
2024-12-12 18:00:00+00:00,1.9842000007629395
2024-12-12 19:00:00+00:00,1.99590003490448
2024-12-12 20:00:00+00:00,1.9947999715805054
2024-12-12 21:00:00+00:00,1.9907000064849854
2024-12-12 23:00:00+00:00,1.9930000305175781
2024-12-13 00:00:00+00:00,1.9936000108718872
2024-12-13 01:00:00+00:00,1.9905999898910522
2024-12-13 02:00:00+00:00,1.9904999732971191
2024-12-13 03:00:00+00:00,1.9896999597549438
2024-12-13 04:00:00+00:00,1.9925999641418457
2024-12-13 05:00:00+00:00,1.9903000593185425
2024-12-13 06:00:00+00:00,1.9931000471115112
2024-12-13 07:00:00+00:00,1.9972000122070312
2024-12-13 08:00:00+00:00,1.9874000549316406
2024-12-13 09:00:00+00:00,1.9974000453948975
2024-12-13 10:00:00+00:00,2.0076000690460205
2024-12-13 11:00:00+00:00,2.0074000358581543
2024-12-13 12:00:00+00:00,2.000499963760376
2024-12-13 13:00:00+00:00,1.992300033569336
2024-12-13 14:00:00+00:00,1.999400019645691
2024-12-13 15:00:00+00:00,2.0013999938964844
2024-12-13 16:00:00+00:00,2.004499912261963
2024-12-13 17:00:00+00:00,2.005199909210205
2024-12-13 18:00:00+00:00,2.0030999183654785
2024-12-13 19:00:00+00:00,2.0002999305725098
2024-12-13 20:00:00+00:00,1.9981000423431396
2024-12-13 21:00:00+00:00,1.9960999488830566
2024-12-15 23:00:00+00:00,2.0004000663757324
2024-12-16 00:00:00+00:00,1.9982000589370728
2024-12-16 01:00:00+00:00,2.0000998973846436
2024-12-16 02:00:00+00:00,1.9960999488830566
2024-12-16 03:00:00+00:00,1.9970999956130981
2024-12-16 04:00:00+00:00,1.996999979019165
2024-12-16 05:00:00+00:00,1.995300054550171
2024-12-16 06:00:00+00:00,1.996000051498413
2024-12-16 07:00:00+00:00,1.9951000213623047
2024-12-16 08:00:00+00:00,1.9896999597549438
2024-12-16 09:00:00+00:00,1.9874999523162842
2024-12-16 10:00:00+00:00,1.9845000505447388
2024-12-16 11:00:00+00:00,1.985700011253357
2024-12-16 12:00:00+00:00,1.9889999628067017
2024-12-16 13:00:00+00:00,1.989300012588501
2024-12-16 14:00:00+00:00,1.9850000143051147
2024-12-16 15:00:00+00:00,1.9866000413894653
2024-12-16 16:00:00+00:00,1.9757000207901
2024-12-16 17:00:00+00:00,1.9847999811172485
2024-12-16 18:00:00+00:00,1.9746999740600586
2024-12-16 19:00:00+00:00,1.9737999439239502
2024-12-16 20:00:00+00:00,1.9740999937057495
2024-12-16 21:00:00+00:00,1.9753999710083008
2024-12-16 23:00:00+00:00,1.9742000102996826
2024-12-17 00:00:00+00:00,1.9759000539779663
2024-12-17 01:00:00+00:00,1.976099967956543
2024-12-17 02:00:00+00:00,1.9744000434875488
2024-12-17 03:00:00+00:00,1.9735000133514404
2024-12-17 04:00:00+00:00,1.9736000299453735
2024-12-17 05:00:00+00:00,1.9788000583648682
2024-12-17 06:00:00+00:00,1.9797999858856201
2024-12-17 07:00:00+00:00,1.9772000312805176
2024-12-17 08:00:00+00:00,1.9636000394821167
2024-12-17 09:00:00+00:00,1.9706000089645386
2024-12-17 10:00:00+00:00,1.9636000394821167
2024-12-17 11:00:00+00:00,1.9550000429153442
2024-12-17 12:00:00+00:00,1.9551000595092773
2024-12-17 13:00:00+00:00,1.951799988746643
2024-12-17 14:00:00+00:00,1.94159996509552
2024-12-17 15:00:00+00:00,1.9325000047683716
2024-12-17 16:00:00+00:00,1.941100001335144
2024-12-17 17:00:00+00:00,1.9457999467849731
2024-12-17 18:00:00+00:00,1.9467999935150146
2024-12-17 19:00:00+00:00,1.9460999965667725
2024-12-17 20:00:00+00:00,1.9464000463485718
2024-12-17 21:00:00+00:00,1.9502999782562256
2024-12-17 23:00:00+00:00,1.9471999406814575
2024-12-18 00:00:00+00:00,1.9471999406814575
2024-12-18 01:00:00+00:00,1.948099970817566
2024-12-18 02:00:00+00:00,1.9463000297546387
2024-12-18 03:00:00+00:00,1.9450000524520874
2024-12-18 04:00:00+00:00,1.9463000297546387
2024-12-18 05:00:00+00:00,1.9457000494003296
2024-12-18 06:00:00+00:00,1.9464000463485718
2024-12-18 07:00:00+00:00,1.9556000232696533
2024-12-18 08:00:00+00:00,1.9572999477386475
2024-12-18 09:00:00+00:00,1.9622999429702759
2024-12-18 10:00:00+00:00,1.9573999643325806
2024-12-18 11:00:00+00:00,1.9601999521255493
2024-12-18 12:00:00+00:00,1.9678000211715698
2024-12-18 13:00:00+00:00,1.9682999849319458
2024-12-18 14:00:00+00:00,1.9625999927520752
2024-12-18 15:00:00+00:00,1.972499966621399
2024-12-18 16:00:00+00:00,1.9687000513076782
2024-12-18 17:00:00+00:00,1.9536000490188599
2024-12-18 18:00:00+00:00,1.950700044631958
2024-12-18 19:00:00+00:00,1.9384000301361084
2024-12-18 20:00:00+00:00,1.93149995803833
2024-12-18 21:00:00+00:00,1.9320000410079956
2024-12-18 23:00:00+00:00,1.9301999807357788
2024-12-19 00:00:00+00:00,1.9332000017166138
2024-12-19 01:00:00+00:00,1.9364999532699585
2024-12-19 02:00:00+00:00,1.9351999759674072
2024-12-19 04:00:00+00:00,1.929900050163269
2024-12-19 05:00:00+00:00,1.9283000230789185
2024-12-19 06:00:00+00:00,1.934999942779541
2024-12-19 07:00:00+00:00,1.9289000034332275
2024-12-19 08:00:00+00:00,1.9313000440597534
2024-12-19 09:00:00+00:00,1.94350004196167
2024-12-19 10:00:00+00:00,1.9426000118255615
2024-12-19 11:00:00+00:00,1.9395999908447266
2024-12-19 12:00:00+00:00,1.937600016593933
2024-12-19 13:00:00+00:00,1.9444999694824219
2024-12-19 14:00:00+00:00,1.9433000087738037
2024-12-19 15:00:00+00:00,1.9222999811172485
2024-12-19 16:00:00+00:00,1.9190000295639038
2024-12-19 17:00:00+00:00,1.920699954032898
2024-12-19 18:00:00+00:00,1.9200999736785889
2024-12-19 19:00:00+00:00,1.9180999994277954
2024-12-19 20:00:00+00:00,1.912500023841858
2024-12-19 21:00:00+00:00,1.9163000583648682
2024-12-19 23:00:00+00:00,1.9144999980926514
2024-12-20 00:00:00+00:00,1.9117000102996826
2024-12-20 01:00:00+00:00,1.9114999771118164
2024-12-20 02:00:00+00:00,1.9112999439239502
2024-12-20 03:00:00+00:00,1.909000039100647
2024-12-20 04:00:00+00:00,1.9108999967575073
2024-12-20 05:00:00+00:00,1.9107999801635742
2024-12-20 06:00:00+00:00,1.9121999740600586
2024-12-20 07:00:00+00:00,1.9085999727249146
2024-12-20 08:00:00+00:00,1.9083000421524048
2024-12-20 09:00:00+00:00,1.9052000045776367
2024-12-20 10:00:00+00:00,1.9067000150680542
2024-12-20 11:00:00+00:00,1.905500054359436
2024-12-20 12:00:00+00:00,1.9242000579833984
2024-12-20 13:00:00+00:00,1.9115999937057495
2024-12-20 14:00:00+00:00,1.9143999814987183
2024-12-20 15:00:00+00:00,1.93340003490448
2024-12-20 16:00:00+00:00,1.937399983406067
2024-12-20 17:00:00+00:00,1.9438999891281128
2024-12-20 18:00:00+00:00,1.9469000101089478
2024-12-20 19:00:00+00:00,1.9400999546051025
2024-12-20 20:00:00+00:00,1.9417999982833862
2024-12-20 21:00:00+00:00,1.942199945449829
2024-12-22 23:00:00+00:00,1.94350004196167
2024-12-23 00:00:00+00:00,1.9479999542236328
2024-12-23 01:00:00+00:00,1.9515999555587769
2024-12-23 02:00:00+00:00,1.9524999856948853
2024-12-23 03:00:00+00:00,1.9524999856948853
2024-12-23 05:00:00+00:00,1.9523999691009521
2024-12-23 06:00:00+00:00,1.9526000022888184
2024-12-23 07:00:00+00:00,1.951200008392334
2024-12-23 08:00:00+00:00,1.9560999870300293
2024-12-23 09:00:00+00:00,1.9515999555587769
2024-12-23 10:00:00+00:00,1.9448000192642212
2024-12-23 11:00:00+00:00,1.9423999786376953
2024-12-23 12:00:00+00:00,1.9383000135421753
2024-12-23 13:00:00+00:00,1.937399983406067
2024-12-23 14:00:00+00:00,1.9276000261306763
2024-12-23 15:00:00+00:00,1.9192999601364136
2024-12-23 16:00:00+00:00,1.9214999675750732
2024-12-23 17:00:00+00:00,1.9319000244140625
2024-12-23 18:00:00+00:00,1.9390000104904175
2024-12-23 19:00:00+00:00,1.944100022315979
2024-12-23 20:00:00+00:00,1.947700023651123
2024-12-23 21:00:00+00:00,1.9464000463485718
2024-12-23 23:00:00+00:00,1.944200038909912
2024-12-24 00:00:00+00:00,1.9459999799728394
2024-12-24 01:00:00+00:00,1.9469000101089478
2024-12-24 02:00:00+00:00,1.952299952507019
2024-12-24 03:00:00+00:00,1.9474999904632568
2024-12-24 04:00:00+00:00,1.9484000205993652
2024-12-24 14:30:00+00:00,1.9630999565124512
2024-12-24 15:30:00+00:00,1.9732999801635742
2024-12-24 16:30:00+00:00,1.9746999740600586
2024-12-24 17:30:00+00:00,1.96589994430542
2024-12-26 05:00:00+00:00,1.961300015449524
2024-12-26 06:00:00+00:00,1.9609999656677246
2024-12-26 07:00:00+00:00,1.9601999521255493
2024-12-26 08:00:00+00:00,1.9651000499725342
2024-12-26 09:00:00+00:00,1.9668999910354614
2024-12-26 10:00:00+00:00,1.968400001525879
2024-12-26 11:00:00+00:00,1.9674999713897705
2024-12-26 12:00:00+00:00,1.967900037765503
2024-12-26 13:00:00+00:00,1.9703999757766724
2024-12-26 14:00:00+00:00,1.9630999565124512
2024-12-26 15:00:00+00:00,1.9495999813079834
2024-12-26 16:00:00+00:00,1.9502999782562256
2024-12-26 17:00:00+00:00,1.9474999904632568
2024-12-26 18:00:00+00:00,1.9520000219345093
2024-12-26 19:00:00+00:00,1.9463000297546387
2024-12-26 20:00:00+00:00,1.94350004196167
2024-12-26 21:00:00+00:00,1.94760000705719
2024-12-26 23:00:00+00:00,1.9466999769210815
2024-12-27 00:00:00+00:00,1.9434000253677368
2024-12-27 01:00:00+00:00,1.9466999769210815
2024-12-27 02:00:00+00:00,1.9456000328063965
2024-12-27 03:00:00+00:00,1.9463000297546387
2024-12-27 04:00:00+00:00,1.9458999633789062
2024-12-27 05:00:00+00:00,1.9452999830245972
2024-12-27 07:00:00+00:00,1.9523999691009521
2024-12-27 08:00:00+00:00,1.9528000354766846
2024-12-27 09:00:00+00:00,1.9515999555587769
2024-12-27 10:00:00+00:00,1.958799958229065
2024-12-27 11:00:00+00:00,1.9601000547409058
2024-12-27 12:00:00+00:00,1.958799958229065
2024-12-27 13:00:00+00:00,1.958899974822998
2024-12-27 14:00:00+00:00,1.9575999975204468
2024-12-27 15:00:00+00:00,1.9535000324249268
2024-12-27 16:00:00+00:00,1.9530999660491943
2024-12-27 17:00:00+00:00,1.9501999616622925
2024-12-27 18:00:00+00:00,1.9622999429702759
2024-12-27 19:00:00+00:00,1.955299973487854
2024-12-27 20:00:00+00:00,1.9470000267028809
2024-12-27 21:00:00+00:00,1.948099970817566
2024-12-29 23:00:00+00:00,1.958400011062622
2024-12-30 00:00:00+00:00,1.9566999673843384
2024-12-30 01:00:00+00:00,1.9666999578475952
2024-12-30 02:00:00+00:00,1.9638999700546265
2024-12-30 03:00:00+00:00,1.9648000001907349
2024-12-30 04:00:00+00:00,1.9645999670028687
2024-12-30 06:00:00+00:00,1.9617999792099
2024-12-30 07:00:00+00:00,1.9605000019073486
2024-12-30 08:00:00+00:00,1.948799967765808
2024-12-30 09:00:00+00:00,1.9596999883651733
2024-12-30 10:00:00+00:00,1.9557000398635864
2024-12-30 11:00:00+00:00,1.964900016784668
2024-12-30 12:00:00+00:00,1.9668999910354614
2024-12-30 13:00:00+00:00,1.9709999561309814
2024-12-30 14:00:00+00:00,1.9830000400543213
2024-12-30 15:00:00+00:00,1.9839999675750732
2024-12-30 16:00:00+00:00,1.9847999811172485
2024-12-30 17:00:00+00:00,1.9850000143051147
2024-12-30 18:00:00+00:00,1.9795000553131104
2024-12-30 19:00:00+00:00,1.9758000373840332
2024-12-30 20:00:00+00:00,1.9780000448226929
2024-12-31 10:00:00+00:00,1.9835000038146973
2024-12-31 11:00:00+00:00,1.9838999509811401
2024-12-31 12:00:00+00:00,1.9779000282287598
2024-12-31 13:00:00+00:00,1.971500039100647
2024-12-31 14:00:00+00:00,1.9793000221252441
2024-12-31 15:00:00+00:00,1.9807000160217285
2024-12-31 16:00:00+00:00,1.986199975013733
2024-12-31 17:00:00+00:00,1.9895999431610107
2024-12-31 18:00:00+00:00,2.0
2024-12-31 19:00:00+00:00,1.999899983406067
2024-12-31 21:00:00+00:00,2.0139000415802
2025-01-02 05:00:00+00:00,2.018199920654297
2025-01-02 06:00:00+00:00,2.0181000232696533
2025-01-02 07:00:00+00:00,2.0179998874664307
2025-01-02 08:00:00+00:00,2.0172998905181885
2025-01-02 09:00:00+00:00,2.0288000106811523
2025-01-02 10:00:00+00:00,2.0376999378204346
2025-01-02 11:00:00+00:00,2.040299892425537
2025-01-02 12:00:00+00:00,2.0439000129699707
2025-01-02 13:00:00+00:00,2.0460000038146973
2025-01-02 14:00:00+00:00,2.0643999576568604
2025-01-02 15:00:00+00:00,2.065700054168701
2025-01-02 16:00:00+00:00,2.069499969482422
2025-01-02 17:00:00+00:00,2.0625
2025-01-02 18:00:00+00:00,2.055000066757202
2025-01-02 19:00:00+00:00,2.053299903869629
2025-01-02 20:00:00+00:00,2.05049991607666
2025-01-02 21:00:00+00:00,2.0527000427246094
2025-01-02 23:00:00+00:00,2.053999900817871
2025-01-03 00:00:00+00:00,2.0564000606536865
2025-01-03 01:00:00+00:00,2.0576999187469482
2025-01-03 02:00:00+00:00,2.0566999912261963
2025-01-03 03:00:00+00:00,2.0592000484466553
2025-01-03 04:00:00+00:00,2.058799982070923
2025-01-03 05:00:00+00:00,2.0550999641418457
2025-01-03 06:00:00+00:00,2.052999973297119
2025-01-03 07:00:00+00:00,2.051300048828125
2025-01-03 08:00:00+00:00,2.0499000549316406
2025-01-03 09:00:00+00:00,2.044600009918213
2025-01-03 10:00:00+00:00,2.046799898147583
2025-01-03 11:00:00+00:00,2.052999973297119
2025-01-03 12:00:00+00:00,2.05430006980896
2025-01-03 13:00:00+00:00,2.0573999881744385
2025-01-03 14:00:00+00:00,2.0597000122070312
2025-01-03 15:00:00+00:00,2.0625998973846436
2025-01-03 16:00:00+00:00,2.0596001148223877
2025-01-03 17:00:00+00:00,2.0641000270843506
2025-01-03 18:00:00+00:00,2.05649995803833
2025-01-03 19:00:00+00:00,2.0566000938415527
2025-01-03 20:00:00+00:00,2.0559000968933105
2025-01-03 21:00:00+00:00,2.0569000244140625
2025-01-05 23:00:00+00:00,2.0583999156951904
2025-01-06 00:00:00+00:00,2.0497000217437744
2025-01-06 01:00:00+00:00,2.0559000968933105
2025-01-06 02:00:00+00:00,2.0520999431610107
2025-01-06 03:00:00+00:00,2.0469000339508057
2025-01-06 04:00:00+00:00,2.0434999465942383
2025-01-06 05:00:00+00:00,2.0436999797821045
2025-01-06 06:00:00+00:00,2.0459001064300537
2025-01-06 07:00:00+00:00,2.043800115585327
2025-01-06 08:00:00+00:00,2.0446999073028564
2025-01-06 09:00:00+00:00,2.048799991607666
2025-01-06 10:00:00+00:00,2.052799940109253
2025-01-06 11:00:00+00:00,2.06030011177063
2025-01-06 12:00:00+00:00,2.065500020980835
2025-01-06 13:00:00+00:00,2.0587000846862793
2025-01-06 14:00:00+00:00,2.078000068664551
2025-01-06 15:00:00+00:00,2.056299924850464
2025-01-06 16:00:00+00:00,2.055799961090088
2025-01-06 17:00:00+00:00,2.0360000133514404
2025-01-06 18:00:00+00:00,2.0308001041412354
2025-01-06 19:00:00+00:00,2.034600019454956
2025-01-06 20:00:00+00:00,2.0315001010894775
2025-01-06 21:00:00+00:00,2.0316998958587646
2025-01-06 23:00:00+00:00,2.0288000106811523
2025-01-07 00:00:00+00:00,2.029900074005127
2025-01-07 01:00:00+00:00,2.028599977493286
2025-01-07 02:00:00+00:00,2.0308001041412354
2025-01-07 03:00:00+00:00,2.0308001041412354
2025-01-07 04:00:00+00:00,2.031100034713745
2025-01-07 05:00:00+00:00,2.0329999923706055
2025-01-07 06:00:00+00:00,2.0311999320983887
2025-01-07 07:00:00+00:00,2.0274999141693115
2025-01-07 08:00:00+00:00,2.024399995803833
2025-01-07 09:00:00+00:00,2.0311999320983887
2025-01-07 10:00:00+00:00,2.0374999046325684
2025-01-07 11:00:00+00:00,2.0485999584198
2025-01-07 12:00:00+00:00,2.039400100708008
2025-01-07 13:00:00+00:00,2.032599925994873
2025-01-07 14:00:00+00:00,2.0388998985290527
2025-01-07 15:00:00+00:00,2.037100076675415
2025-01-07 16:00:00+00:00,2.0292000770568848
2025-01-07 17:00:00+00:00,2.02810001373291
2025-01-07 18:00:00+00:00,2.0288000106811523
2025-01-07 19:00:00+00:00,2.032599925994873
2025-01-07 20:00:00+00:00,2.0297999382019043
2025-01-07 21:00:00+00:00,2.0306999683380127
2025-01-07 23:00:00+00:00,2.0360000133514404
2025-01-08 00:00:00+00:00,2.0352001190185547
2025-01-08 01:00:00+00:00,2.0378000736236572
2025-01-08 02:00:00+00:00,2.03410005569458
2025-01-08 03:00:00+00:00,2.031599998474121
2025-01-08 04:00:00+00:00,2.032599925994873
2025-01-08 05:00:00+00:00,2.0383999347686768
2025-01-08 06:00:00+00:00,2.030400037765503
2025-01-08 07:00:00+00:00,2.0292000770568848
2025-01-08 08:00:00+00:00,2.0348000526428223
2025-01-08 09:00:00+00:00,2.0325000286102295
2025-01-08 10:00:00+00:00,2.017199993133545
2025-01-08 11:00:00+00:00,2.0248000621795654
2025-01-08 12:00:00+00:00,2.0281999111175537
2025-01-08 13:00:00+00:00,2.0315001010894775
2025-01-08 14:00:00+00:00,2.0367000102996826
2025-01-08 15:00:00+00:00,2.0274999141693115
2025-01-08 16:00:00+00:00,2.008500099182129
2025-01-08 17:00:00+00:00,2.0114998817443848
2025-01-08 18:00:00+00:00,2.009500026702881
2025-01-08 19:00:00+00:00,2.0134999752044678
2025-01-08 20:00:00+00:00,2.0132999420166016
2025-01-08 21:00:00+00:00,2.0143001079559326
2025-01-08 23:00:00+00:00,2.0114998817443848
2025-01-09 00:00:00+00:00,2.0113000869750977
2025-01-09 01:00:00+00:00,2.0032999515533447
2025-01-09 02:00:00+00:00,2.0081000328063965
2025-01-09 03:00:00+00:00,2.0114998817443848
2025-01-09 04:00:00+00:00,2.0106000900268555
2025-01-09 05:00:00+00:00,2.0146000385284424
2025-01-09 06:00:00+00:00,2.018199920654297
2025-01-09 07:00:00+00:00,2.0085999965667725
2025-01-09 08:00:00+00:00,2.0099000930786133
2025-01-09 09:00:00+00:00,2.0139000415802
2025-01-09 10:00:00+00:00,2.0130999088287354
2025-01-09 11:00:00+00:00,2.0130999088287354
2025-01-09 12:00:00+00:00,2.0167999267578125
2025-01-09 13:00:00+00:00,2.011399984359741
2025-01-09 14:00:00+00:00,2.015399932861328
2025-01-09 15:00:00+00:00,2.033900022506714
2025-01-09 16:00:00+00:00,2.0329999923706055
2025-01-09 17:00:00+00:00,2.0355000495910645
2025-01-09 18:00:00+00:00,2.030400037765503
2025-01-09 19:00:00+00:00,2.037600040435791
2025-01-09 20:00:00+00:00,2.035900115966797
2025-01-09 21:00:00+00:00,2.038100004196167
2025-01-09 23:00:00+00:00,2.036900043487549
2025-01-10 00:00:00+00:00,2.0387001037597656
2025-01-10 01:00:00+00:00,2.034899950027466
2025-01-10 02:00:00+00:00,2.0355000495910645
2025-01-10 03:00:00+00:00,2.034600019454956
2025-01-10 04:00:00+00:00,2.0401999950408936
2025-01-10 05:00:00+00:00,2.0422000885009766
2025-01-10 06:00:00+00:00,2.0439000129699707
2025-01-10 07:00:00+00:00,2.04830002784729
2025-01-10 08:00:00+00:00,2.0522000789642334
2025-01-10 09:00:00+00:00,2.069200038909912
2025-01-10 10:00:00+00:00,2.0727999210357666
2025-01-10 11:00:00+00:00,2.087399959564209
2025-01-10 12:00:00+00:00,2.0913000106811523
2025-01-10 13:00:00+00:00,2.091200113296509
2025-01-10 14:00:00+00:00,2.0892999172210693
2025-01-10 15:00:00+00:00,2.0611000061035156
2025-01-10 16:00:00+00:00,2.0713000297546387
2025-01-10 17:00:00+00:00,2.0738000869750977
2025-01-10 18:00:00+00:00,2.072700023651123
2025-01-10 19:00:00+00:00,2.073899984359741
2025-01-10 20:00:00+00:00,2.073699951171875
2025-01-10 21:00:00+00:00,2.0738000869750977
2025-01-12 23:00:00+00:00,2.101900100708008
2025-01-13 00:00:00+00:00,2.106100082397461
2025-01-13 01:00:00+00:00,2.101799964904785
2025-01-13 02:00:00+00:00,2.0977001190185547
2025-01-13 03:00:00+00:00,2.0964999198913574
2025-01-13 04:00:00+00:00,2.10260009765625
2025-01-13 05:00:00+00:00,2.10509991645813
2025-01-13 06:00:00+00:00,2.105799913406372
2025-01-13 07:00:00+00:00,2.1001999378204346
2025-01-13 08:00:00+00:00,2.1084001064300537
2025-01-13 09:00:00+00:00,2.084199905395508
2025-01-13 10:00:00+00:00,2.092600107192993
2025-01-13 11:00:00+00:00,2.098900079727173
2025-01-13 12:00:00+00:00,2.1017000675201416
2025-01-13 13:00:00+00:00,2.1003000736236572
2025-01-13 14:00:00+00:00,2.1047000885009766
2025-01-13 15:00:00+00:00,2.1150999069213867
2025-01-13 16:00:00+00:00,2.1178998947143555
2025-01-13 17:00:00+00:00,2.1078999042510986
2025-01-13 18:00:00+00:00,2.101300001144409
2025-01-13 19:00:00+00:00,2.104099988937378
2025-01-13 20:00:00+00:00,2.09879994392395
2025-01-13 21:00:00+00:00,2.1017000675201416
2025-01-13 23:00:00+00:00,2.103600025177002
2025-01-14 00:00:00+00:00,2.100800037384033
2025-01-14 01:00:00+00:00,2.1003000736236572
2025-01-14 02:00:00+00:00,2.0938000679016113
2025-01-14 03:00:00+00:00,2.099900007247925
2025-01-14 04:00:00+00:00,2.0952000617980957
2025-01-14 05:00:00+00:00,2.095400094985962
2025-01-14 06:00:00+00:00,2.093600034713745
2025-01-14 07:00:00+00:00,2.088099956512451
2025-01-14 08:00:00+00:00,2.101099967956543
2025-01-14 09:00:00+00:00,2.1085000038146973
2025-01-14 10:00:00+00:00,2.094899892807007
2025-01-14 11:00:00+00:00,2.1047000885009766
2025-01-14 12:00:00+00:00,2.0950000286102295
2025-01-14 13:00:00+00:00,2.0996999740600586
2025-01-14 14:00:00+00:00,2.093600034713745
2025-01-14 15:00:00+00:00,2.1061999797821045
2025-01-14 16:00:00+00:00,2.1171000003814697
2025-01-14 17:00:00+00:00,2.111999988555908
2025-01-14 18:00:00+00:00,2.106800079345703
2025-01-14 19:00:00+00:00,2.10479998588562
2025-01-14 20:00:00+00:00,2.113300085067749
2025-01-14 21:00:00+00:00,2.117500066757202
2025-01-14 23:00:00+00:00,2.1196000576019287
2025-01-15 00:00:00+00:00,2.118799924850464
2025-01-15 01:00:00+00:00,2.1168999671936035
2025-01-15 02:00:00+00:00,2.1159000396728516
2025-01-15 03:00:00+00:00,2.1196000576019287
2025-01-15 04:00:00+00:00,2.1233999729156494
2025-01-15 05:00:00+00:00,2.1282999515533447
2025-01-15 06:00:00+00:00,2.131500005722046
2025-01-15 07:00:00+00:00,2.1289000511169434
2025-01-15 08:00:00+00:00,2.1175999641418457
2025-01-15 09:00:00+00:00,2.119999885559082
2025-01-15 10:00:00+00:00,2.121799945831299
2025-01-15 11:00:00+00:00,2.1222000122070312
2025-01-15 12:00:00+00:00,2.1263999938964844
2025-01-15 13:00:00+00:00,2.1280999183654785
2025-01-15 14:00:00+00:00,2.1407999992370605
2025-01-15 15:00:00+00:00,2.1370999813079834
2025-01-15 16:00:00+00:00,2.155600070953369
2025-01-15 17:00:00+00:00,2.156399965286255
2025-01-15 18:00:00+00:00,2.158400058746338
2025-01-15 19:00:00+00:00,2.1659998893737793
2025-01-15 20:00:00+00:00,2.172300100326538
2025-01-15 21:00:00+00:00,2.173799991607666
2025-01-15 23:00:00+00:00,2.1710000038146973
2025-01-16 00:00:00+00:00,2.1705000400543213
2025-01-16 01:00:00+00:00,2.163100004196167
2025-01-16 02:00:00+00:00,2.16510009765625
2025-01-16 03:00:00+00:00,2.16759991645813
2025-01-16 04:00:00+00:00,2.164299964904785
2025-01-16 05:00:00+00:00,2.161099910736084
2025-01-16 06:00:00+00:00,2.163800001144409
2025-01-16 07:00:00+00:00,2.1607000827789307
2025-01-16 08:00:00+00:00,2.1561999320983887
2025-01-16 09:00:00+00:00,2.1584999561309814
2025-01-16 10:00:00+00:00,2.151599884033203
2025-01-16 11:00:00+00:00,2.137500047683716
2025-01-16 12:00:00+00:00,2.138000011444092
2025-01-16 13:00:00+00:00,2.1447999477386475
2025-01-16 14:00:00+00:00,2.133500099182129
2025-01-16 15:00:00+00:00,2.11299991607666
2025-01-16 16:00:00+00:00,2.119800090789795
2025-01-16 17:00:00+00:00,2.128999948501587
2025-01-16 18:00:00+00:00,2.1201999187469482
2025-01-16 19:00:00+00:00,2.1242001056671143
2025-01-16 20:00:00+00:00,2.1198999881744385
2025-01-16 21:00:00+00:00,2.117500066757202
2025-01-16 23:00:00+00:00,2.1173999309539795
2025-01-17 00:00:00+00:00,2.118299961090088
2025-01-17 01:00:00+00:00,2.123300075531006
2025-01-17 02:00:00+00:00,2.1268999576568604
2025-01-17 03:00:00+00:00,2.1268999576568604
2025-01-17 04:00:00+00:00,2.1298000812530518
2025-01-17 05:00:00+00:00,2.126199960708618
2025-01-17 06:00:00+00:00,2.124500036239624
2025-01-17 07:00:00+00:00,2.127000093460083
2025-01-17 08:00:00+00:00,2.121000051498413
2025-01-17 09:00:00+00:00,2.1247000694274902
2025-01-17 10:00:00+00:00,2.126800060272217
2025-01-17 11:00:00+00:00,2.1217000484466553
2025-01-17 12:00:00+00:00,2.1221001148223877
2025-01-17 13:00:00+00:00,2.1187000274658203
2025-01-17 14:00:00+00:00,2.1198999881744385
2025-01-17 15:00:00+00:00,2.1122000217437744
2025-01-17 16:00:00+00:00,2.126300096511841
2025-01-17 17:00:00+00:00,2.118499994277954
2025-01-17 18:00:00+00:00,2.1098999977111816
2025-01-17 19:00:00+00:00,2.110599994659424
2025-01-17 20:00:00+00:00,2.11080002784729
2025-01-17 21:00:00+00:00,2.110300064086914
2025-01-19 23:00:00+00:00,2.1217000484466553
2025-01-20 00:00:00+00:00,2.123500108718872
2025-01-20 01:00:00+00:00,2.119499921798706
2025-01-20 02:00:00+00:00,2.1185998916625977
2025-01-20 03:00:00+00:00,2.115299940109253
2025-01-20 04:00:00+00:00,2.1168999671936035
2025-01-21 05:00:00+00:00,2.109600067138672
2025-01-21 06:00:00+00:00,2.1033999919891357
2025-01-21 07:00:00+00:00,2.097899913787842
2025-01-21 08:00:00+00:00,2.094399929046631
2025-01-21 09:00:00+00:00,2.096100091934204
2025-01-21 10:00:00+00:00,2.0841000080108643
2025-01-21 11:00:00+00:00,2.0824999809265137
2025-01-21 12:00:00+00:00,2.0901999473571777
2025-01-21 13:00:00+00:00,2.0833001136779785
2025-01-21 14:00:00+00:00,2.0922000408172607
2025-01-21 15:00:00+00:00,2.1015000343322754
2025-01-21 16:00:00+00:00,2.0978000164031982
2025-01-21 17:00:00+00:00,2.083699941635132
2025-01-21 18:00:00+00:00,2.080699920654297
2025-01-21 19:00:00+00:00,2.089900016784668
2025-01-21 20:00:00+00:00,2.08870005607605
2025-01-21 21:00:00+00:00,2.0871999263763428
2025-01-21 23:00:00+00:00,2.0838000774383545
2025-01-22 00:00:00+00:00,2.0873000621795654
2025-01-22 01:00:00+00:00,2.085200071334839
2025-01-22 02:00:00+00:00,2.082200050354004
2025-01-22 03:00:00+00:00,2.0824999809265137
2025-01-22 04:00:00+00:00,2.0859999656677246
2025-01-22 05:00:00+00:00,2.081199884414673
2025-01-22 06:00:00+00:00,2.0743000507354736
2025-01-22 07:00:00+00:00,2.0715999603271484
2025-01-22 08:00:00+00:00,2.0773000717163086
2025-01-22 09:00:00+00:00,2.088099956512451
2025-01-22 10:00:00+00:00,2.09660005569458
2025-01-22 11:00:00+00:00,2.0899999141693115
2025-01-22 12:00:00+00:00,2.085700035095215
2025-01-22 13:00:00+00:00,2.0785000324249268
2025-01-22 14:00:00+00:00,2.0613999366760254
2025-01-22 15:00:00+00:00,2.063999891281128
2025-01-22 16:00:00+00:00,2.066200017929077
2025-01-22 17:00:00+00:00,2.066699981689453
2025-01-22 18:00:00+00:00,2.0636000633239746
2025-01-22 19:00:00+00:00,2.058199882507324
2025-01-22 20:00:00+00:00,2.056299924850464
2025-01-22 21:00:00+00:00,2.0569000244140625
2025-01-22 23:00:00+00:00,2.0550999641418457
2025-01-23 00:00:00+00:00,2.05679988861084
2025-01-23 01:00:00+00:00,2.055799961090088
2025-01-23 02:00:00+00:00,2.0532000064849854
2025-01-23 03:00:00+00:00,2.0539000034332275
2025-01-23 04:00:00+00:00,2.0541999340057373
2025-01-23 05:00:00+00:00,2.0539000034332275
2025-01-23 06:00:00+00:00,2.0525999069213867
2025-01-23 07:00:00+00:00,2.0587000846862793
2025-01-23 08:00:00+00:00,2.069499969482422
2025-01-23 09:00:00+00:00,2.063199996948242
2025-01-23 10:00:00+00:00,2.0703001022338867
2025-01-23 11:00:00+00:00,2.0785000324249268
2025-01-23 12:00:00+00:00,2.0773000717163086
2025-01-23 13:00:00+00:00,2.0685999393463135
2025-01-23 14:00:00+00:00,2.08270001411438
2025-01-23 15:00:00+00:00,2.077199935913086
2025-01-23 16:00:00+00:00,2.058199882507324
2025-01-23 17:00:00+00:00,2.0717999935150146
2025-01-23 18:00:00+00:00,2.061800003051758
2025-01-23 19:00:00+00:00,2.0608999729156494
2025-01-23 20:00:00+00:00,2.0562000274658203
2025-01-23 21:00:00+00:00,2.0569000244140625
2025-01-23 23:00:00+00:00,2.0548999309539795
2025-01-24 00:00:00+00:00,2.055000066757202
2025-01-24 01:00:00+00:00,2.0569000244140625
2025-01-24 02:00:00+00:00,2.062999963760376
2025-01-24 03:00:00+00:00,2.0604000091552734
2025-01-24 04:00:00+00:00,2.063800096511841
2025-01-24 05:00:00+00:00,2.063699960708618
2025-01-24 06:00:00+00:00,2.0636000633239746
2025-01-24 07:00:00+00:00,2.063199996948242
2025-01-24 08:00:00+00:00,2.057499885559082
2025-01-24 09:00:00+00:00,2.062700033187866
2025-01-24 10:00:00+00:00,2.066499948501587
2025-01-24 11:00:00+00:00,2.0606000423431396
2025-01-24 12:00:00+00:00,2.0664000511169434
2025-01-24 13:00:00+00:00,2.0534000396728516
2025-01-24 14:00:00+00:00,2.0423998832702637
2025-01-24 15:00:00+00:00,2.0392000675201416
2025-01-24 16:00:00+00:00,2.0325000286102295
2025-01-24 17:00:00+00:00,2.0387001037597656
2025-01-24 18:00:00+00:00,2.0550999641418457
2025-01-24 19:00:00+00:00,2.050100088119507
2025-01-24 20:00:00+00:00,2.051500082015991
2025-01-24 21:00:00+00:00,2.0481998920440674
2025-01-26 23:00:00+00:00,2.039400100708008
2025-01-27 00:00:00+00:00,2.0302000045776367
2025-01-27 01:00:00+00:00,2.0257999897003174
2025-01-27 02:00:00+00:00,2.0290000438690186
2025-01-27 03:00:00+00:00,2.035399913787842
2025-01-27 04:00:00+00:00,2.031899929046631
2025-01-27 05:00:00+00:00,2.0292000770568848
2025-01-27 06:00:00+00:00,2.037899971008301
2025-01-27 07:00:00+00:00,2.040600061416626
2025-01-27 08:00:00+00:00,2.047800064086914
2025-01-27 09:00:00+00:00,2.0495998859405518
2025-01-27 10:00:00+00:00,2.0566000938415527
2025-01-27 11:00:00+00:00,2.0436999797821045
2025-01-27 12:00:00+00:00,2.0388998985290527
2025-01-27 13:00:00+00:00,2.0483999252319336
2025-01-27 14:00:00+00:00,2.0511999130249023
2025-01-27 15:00:00+00:00,2.0355000495910645
2025-01-27 16:00:00+00:00,2.0157999992370605
2025-01-27 17:00:00+00:00,2.0114998817443848
2025-01-27 18:00:00+00:00,2.025700092315674
2025-01-27 19:00:00+00:00,2.0292999744415283
2025-01-27 20:00:00+00:00,2.026900053024292
2025-01-27 21:00:00+00:00,2.0281999111175537
2025-01-27 23:00:00+00:00,2.0264999866485596
2025-01-28 00:00:00+00:00,2.0280001163482666
2025-01-28 01:00:00+00:00,2.0325000286102295
2025-01-28 03:00:00+00:00,2.0304999351501465
2025-01-28 04:00:00+00:00,2.039599895477295
2025-01-28 06:00:00+00:00,2.0420000553131104
2025-01-28 07:00:00+00:00,2.046600103378296
2025-01-28 08:00:00+00:00,2.0409998893737793
2025-01-28 09:00:00+00:00,2.0381999015808105
2025-01-28 10:00:00+00:00,2.043100118637085
2025-01-28 11:00:00+00:00,2.043600082397461
2025-01-28 12:00:00+00:00,2.043299913406372
2025-01-28 13:00:00+00:00,2.047499895095825
2025-01-28 14:00:00+00:00,2.040299892425537
2025-01-28 15:00:00+00:00,2.038100004196167
2025-01-28 16:00:00+00:00,2.0327000617980957
2025-01-28 17:00:00+00:00,2.0329999923706055
2025-01-28 18:00:00+00:00,2.046999931335449
2025-01-28 19:00:00+00:00,2.0508999824523926
2025-01-28 20:00:00+00:00,2.0536000728607178
2025-01-28 21:00:00+00:00,2.0559000968933105
2025-01-28 23:00:00+00:00,2.053800106048584
2025-01-29 00:00:00+00:00,2.0546998977661133
2025-01-29 01:00:00+00:00,2.055000066757202
2025-01-29 02:00:00+00:00,2.049799919128418
2025-01-29 03:00:00+00:00,2.048799991607666
2025-01-29 04:00:00+00:00,2.0480000972747803
2025-01-29 05:00:00+00:00,2.047600030899048
2025-01-29 06:00:00+00:00,2.051300048828125
2025-01-29 07:00:00+00:00,2.0548999309539795
2025-01-29 08:00:00+00:00,2.049499988555908
2025-01-29 09:00:00+00:00,2.035900115966797
2025-01-29 10:00:00+00:00,2.0292999744415283
2025-01-29 11:00:00+00:00,2.035900115966797
2025-01-29 12:00:00+00:00,2.049999952316284
2025-01-29 13:00:00+00:00,2.0416998863220215
2025-01-29 14:00:00+00:00,2.046600103378296
2025-01-29 15:00:00+00:00,2.055999994277954
2025-01-29 16:00:00+00:00,2.0571000576019287
2025-01-29 17:00:00+00:00,2.03439998626709
2025-01-29 18:00:00+00:00,2.0401999950408936
2025-01-29 19:00:00+00:00,2.0369999408721924
2025-01-29 20:00:00+00:00,2.040600061416626
2025-01-29 21:00:00+00:00,2.0404000282287598
2025-01-29 23:00:00+00:00,2.0380001068115234
2025-01-30 00:00:00+00:00,2.0380001068115234
2025-01-30 01:00:00+00:00,2.0350000858306885
2025-01-30 02:00:00+00:00,2.0302999019622803
2025-01-30 03:00:00+00:00,2.0283000469207764
2025-01-30 04:00:00+00:00,2.02239990234375
2025-01-30 05:00:00+00:00,2.0244998931884766
2025-01-30 07:00:00+00:00,2.0227999687194824
2025-01-30 08:00:00+00:00,2.021399974822998
2025-01-30 09:00:00+00:00,2.013000011444092
2025-01-30 10:00:00+00:00,2.024399995803833
2025-01-30 11:00:00+00:00,2.0285000801086426
2025-01-30 12:00:00+00:00,2.033400058746338
2025-01-30 13:00:00+00:00,2.02620005607605
2025-01-30 14:00:00+00:00,2.047600030899048
2025-01-30 15:00:00+00:00,2.0597000122070312
2025-01-30 16:00:00+00:00,2.044600009918213
2025-01-30 17:00:00+00:00,2.0387001037597656
2025-01-30 18:00:00+00:00,2.043299913406372
2025-01-30 19:00:00+00:00,2.0392000675201416
2025-01-30 20:00:00+00:00,2.044600009918213
2025-01-30 21:00:00+00:00,2.0467000007629395
2025-01-31 05:00:00+00:00,2.056999921798706
2025-01-31 08:00:00+00:00,2.0464999675750732
2025-01-31 09:00:00+00:00,2.0380001068115234
2025-01-31 13:00:00+00:00,2.0455000400543213
2025-01-31 14:00:00+00:00,2.0109000205993652
2025-01-31 15:00:00+00:00,2.0218000411987305
2025-01-31 17:00:00+00:00,2.0134999752044678
2025-01-31 18:00:00+00:00,2.0457000732421875
2025-01-31 19:00:00+00:00,2.0269999504089355
2025-02-02 23:00:00+00:00,2.123699903488159
2025-02-03 00:00:00+00:00,2.1096999645233154
2025-02-03 01:00:00+00:00,2.1085000038146973
2025-02-03 02:00:00+00:00,2.106100082397461
2025-02-03 03:00:00+00:00,2.114799976348877
2025-02-03 04:00:00+00:00,2.1185998916625977
2025-02-03 05:00:00+00:00,2.1171998977661133
2025-02-03 06:00:00+00:00,2.1136999130249023
2025-02-03 07:00:00+00:00,2.119999885559082
2025-02-03 08:00:00+00:00,2.1120998859405518
2025-02-03 09:00:00+00:00,2.121500015258789
2025-02-03 10:00:00+00:00,2.1245999336242676
2025-02-03 11:00:00+00:00,2.144399881362915
2025-02-03 12:00:00+00:00,2.1435999870300293
2025-02-03 13:00:00+00:00,2.162899971008301
2025-02-03 14:00:00+00:00,2.1187000274658203
2025-02-03 15:00:00+00:00,2.0866000652313232
2025-02-03 16:00:00+00:00,2.0989999771118164
2025-02-03 17:00:00+00:00,2.0998001098632812
2025-02-03 18:00:00+00:00,2.108599901199341
2025-02-03 19:00:00+00:00,2.115000009536743
2025-02-03 20:00:00+00:00,2.112299919128418
2025-02-03 21:00:00+00:00,2.07450008392334
2025-02-03 23:00:00+00:00,2.074700117111206
2025-02-04 00:00:00+00:00,2.0699000358581543
2025-02-04 01:00:00+00:00,2.0708000659942627
2025-02-04 02:00:00+00:00,2.0706000328063965
2025-02-04 03:00:00+00:00,2.0743000507354736
2025-02-04 04:00:00+00:00,2.07069993019104
2025-02-04 05:00:00+00:00,2.0599000453948975
2025-02-04 06:00:00+00:00,2.0655999183654785
2025-02-04 07:00:00+00:00,2.064199924468994
2025-02-04 08:00:00+00:00,2.058500051498413
2025-02-04 09:00:00+00:00,2.0694000720977783
2025-02-04 10:00:00+00:00,2.0689001083374023
2025-02-04 11:00:00+00:00,2.065700054168701
2025-02-04 12:00:00+00:00,2.0613999366760254
2025-02-04 13:00:00+00:00,2.0527000427246094
2025-02-04 14:00:00+00:00,2.089900016784668
2025-02-04 15:00:00+00:00,2.0924999713897705
2025-02-04 16:00:00+00:00,2.1029999256134033
2025-02-04 17:00:00+00:00,2.096400022506714
2025-02-04 18:00:00+00:00,2.1003000736236572
2025-02-04 19:00:00+00:00,2.092600107192993
2025-02-04 20:00:00+00:00,2.0945000648498535
2025-02-04 21:00:00+00:00,2.099400043487549
2025-02-04 23:00:00+00:00,2.0964999198913574
2025-02-05 00:00:00+00:00,2.0989999771118164
2025-02-05 01:00:00+00:00,2.097599983215332
2025-02-05 02:00:00+00:00,2.09060001373291
2025-02-05 03:00:00+00:00,2.0913000106811523
2025-02-05 04:00:00+00:00,2.08870005607605
2025-02-05 05:00:00+00:00,2.0952999591827393
2025-02-05 06:00:00+00:00,2.0957999229431152
2025-02-05 07:00:00+00:00,2.0924999713897705
2025-02-05 08:00:00+00:00,2.0831000804901123
2025-02-05 09:00:00+00:00,2.0822999477386475
2025-02-05 10:00:00+00:00,2.0785999298095703
2025-02-05 11:00:00+00:00,2.0713999271392822
2025-02-05 12:00:00+00:00,2.0669000148773193
2025-02-05 13:00:00+00:00,2.070199966430664
2025-02-05 14:00:00+00:00,2.062999963760376
2025-02-05 15:00:00+00:00,2.0578999519348145
2025-02-05 16:00:00+00:00,2.0425000190734863
2025-02-05 17:00:00+00:00,2.0441999435424805
2025-02-05 18:00:00+00:00,2.0480000972747803
2025-02-05 19:00:00+00:00,2.0522000789642334
2025-02-05 20:00:00+00:00,2.052500009536743
2025-02-05 21:00:00+00:00,2.050299882888794
2025-02-05 23:00:00+00:00,2.0504000186920166
2025-02-06 00:00:00+00:00,2.049799919128418
2025-02-06 01:00:00+00:00,2.053100109100342
2025-02-06 02:00:00+00:00,2.0546998977661133
2025-02-06 03:00:00+00:00,2.050299882888794
2025-02-06 04:00:00+00:00,2.0504000186920166
2025-02-06 05:00:00+00:00,2.0550999641418457
2025-02-06 06:00:00+00:00,2.055000066757202
2025-02-06 07:00:00+00:00,2.05430006980896
2025-02-06 08:00:00+00:00,2.056999921798706
2025-02-06 09:00:00+00:00,2.063999891281128
2025-02-06 10:00:00+00:00,2.0697999000549316
2025-02-06 11:00:00+00:00,2.065200090408325
2025-02-06 12:00:00+00:00,2.0648000240325928
2025-02-06 13:00:00+00:00,2.0648999214172363
2025-02-06 14:00:00+00:00,2.0452001094818115
2025-02-06 15:00:00+00:00,2.0725998878479004
2025-02-06 16:00:00+00:00,2.075200080871582
2025-02-06 17:00:00+00:00,2.068700075149536
2025-02-06 18:00:00+00:00,2.065999984741211
2025-02-06 19:00:00+00:00,2.0734000205993652
2025-02-06 20:00:00+00:00,2.074899911880493
2025-02-06 21:00:00+00:00,2.0729000568389893
2025-02-06 23:00:00+00:00,2.0766000747680664
2025-02-07 00:00:00+00:00,2.0778000354766846
2025-02-07 01:00:00+00:00,2.082200050354004
2025-02-07 02:00:00+00:00,2.088900089263916
2025-02-07 03:00:00+00:00,2.091599941253662
2025-02-07 04:00:00+00:00,2.0892999172210693
2025-02-07 05:00:00+00:00,2.092099905014038
2025-02-07 06:00:00+00:00,2.0934998989105225
2025-02-07 07:00:00+00:00,2.0869998931884766
2025-02-07 08:00:00+00:00,2.0966999530792236
2025-02-07 09:00:00+00:00,2.0927000045776367
2025-02-07 10:00:00+00:00,2.0929999351501465
2025-02-07 11:00:00+00:00,2.0864999294281006
2025-02-07 12:00:00+00:00,2.08270001411438
2025-02-07 13:00:00+00:00,2.0790998935699463
2025-02-07 14:00:00+00:00,2.085599899291992
2025-02-07 15:00:00+00:00,2.093600034713745
2025-02-07 16:00:00+00:00,2.0959999561309814
2025-02-07 17:00:00+00:00,2.102400064468384
2025-02-07 18:00:00+00:00,2.0982000827789307
2025-02-07 19:00:00+00:00,2.1059000492095947
2025-02-07 20:00:00+00:00,2.1052000522613525
2025-02-07 21:00:00+00:00,2.107599973678589
2025-02-09 23:00:00+00:00,2.109600067138672
2025-02-10 00:00:00+00:00,2.1164000034332275
2025-02-10 01:00:00+00:00,2.117799997329712
2025-02-10 02:00:00+00:00,2.11929988861084
2025-02-10 03:00:00+00:00,2.1168999671936035
2025-02-10 04:00:00+00:00,2.118499994277954
2025-02-10 05:00:00+00:00,2.1180999279022217
2025-02-10 06:00:00+00:00,2.1185998916625977
2025-02-10 07:00:00+00:00,2.1154000759124756
2025-02-10 08:00:00+00:00,2.117799997329712
2025-02-10 09:00:00+00:00,2.118299961090088
2025-02-10 10:00:00+00:00,2.1226000785827637
2025-02-10 11:00:00+00:00,2.1191999912261963
2025-02-10 12:00:00+00:00,2.123800039291382
2025-02-10 13:00:00+00:00,2.1098999977111816
2025-02-10 14:00:00+00:00,2.107300043106079
2025-02-10 15:00:00+00:00,2.111799955368042
2025-02-10 16:00:00+00:00,2.1115000247955322
2025-02-10 17:00:00+00:00,2.108099937438965
2025-02-10 18:00:00+00:00,2.10260009765625
2025-02-10 19:00:00+00:00,2.106100082397461
2025-02-10 20:00:00+00:00,2.10479998588562
2025-02-10 21:00:00+00:00,2.1068999767303467
2025-02-10 23:00:00+00:00,2.1019999980926514
2025-02-11 00:00:00+00:00,2.101599931716919
2025-02-11 01:00:00+00:00,2.102799892425537
2025-02-11 02:00:00+00:00,2.1054999828338623
2025-02-11 03:00:00+00:00,2.1054000854492188
2025-02-11 04:00:00+00:00,2.1054000854492188
2025-02-11 05:00:00+00:00,2.109100103378296
2025-02-11 06:00:00+00:00,2.109999895095825
2025-02-11 07:00:00+00:00,2.120500087738037
2025-02-11 08:00:00+00:00,2.1268999576568604
2025-02-11 09:00:00+00:00,2.1296000480651855
2025-02-11 10:00:00+00:00,2.1319000720977783
2025-02-11 11:00:00+00:00,2.1289000511169434
2025-02-11 12:00:00+00:00,2.1357998847961426
2025-02-11 13:00:00+00:00,2.1379001140594482
2025-02-11 14:00:00+00:00,2.1452999114990234
2025-02-11 15:00:00+00:00,2.143199920654297
2025-02-11 16:00:00+00:00,2.1484999656677246
2025-02-11 17:00:00+00:00,2.15310001373291
2025-02-11 18:00:00+00:00,2.154400110244751
2025-02-11 19:00:00+00:00,2.150599956512451
2025-02-11 20:00:00+00:00,2.146199941635132
2025-02-11 21:00:00+00:00,2.1501998901367188
2025-02-11 23:00:00+00:00,2.1496999263763428
2025-02-12 00:00:00+00:00,2.1498000621795654
2025-02-12 01:00:00+00:00,2.1487998962402344
2025-02-12 02:00:00+00:00,2.1494998931884766
2025-02-12 03:00:00+00:00,2.146699905395508
2025-02-12 04:00:00+00:00,2.148699998855591
2025-02-12 05:00:00+00:00,2.1449999809265137
2025-02-12 06:00:00+00:00,2.1465001106262207
2025-02-12 07:00:00+00:00,2.1377999782562256
2025-02-12 08:00:00+00:00,2.1324000358581543
2025-02-12 09:00:00+00:00,2.131999969482422
2025-02-12 10:00:00+00:00,2.124300003051758
2025-02-12 11:00:00+00:00,2.135999917984009
2025-02-12 12:00:00+00:00,2.1428000926971436
2025-02-12 13:00:00+00:00,2.1380999088287354
2025-02-12 14:00:00+00:00,2.120800018310547
2025-02-12 15:00:00+00:00,2.1180999279022217
2025-02-12 16:00:00+00:00,2.109299898147583
2025-02-12 17:00:00+00:00,2.0999999046325684
2025-02-12 18:00:00+00:00,2.095099925994873
2025-02-12 19:00:00+00:00,2.086699962615967
2025-02-12 20:00:00+00:00,2.081399917602539
2025-02-12 21:00:00+00:00,2.0771000385284424
2025-02-12 23:00:00+00:00,2.073199987411499
2025-02-13 00:00:00+00:00,2.073199987411499
2025-02-13 01:00:00+00:00,2.06469988822937
2025-02-13 02:00:00+00:00,2.0618999004364014
2025-02-13 03:00:00+00:00,2.0638999938964844
2025-02-13 04:00:00+00:00,2.0618999004364014
2025-02-13 05:00:00+00:00,2.0625
2025-02-13 06:00:00+00:00,2.0652999877929688
2025-02-13 07:00:00+00:00,2.0678000450134277
2025-02-13 08:00:00+00:00,2.069200038909912
2025-02-13 09:00:00+00:00,2.0573999881744385
2025-02-13 10:00:00+00:00,2.0632998943328857
2025-02-13 11:00:00+00:00,2.0710999965667725
2025-02-13 12:00:00+00:00,2.068700075149536
2025-02-13 13:00:00+00:00,2.069000005722046
2025-02-13 14:00:00+00:00,2.0892999172210693
2025-02-13 15:00:00+00:00,2.0903000831604004
2025-02-13 16:00:00+00:00,2.1013998985290527
2025-02-13 17:00:00+00:00,2.101099967956543
2025-02-13 18:00:00+00:00,2.1094000339508057
2025-02-13 19:00:00+00:00,2.1126999855041504
2025-02-13 20:00:00+00:00,2.111999988555908
2025-02-13 21:00:00+00:00,2.113800048828125
2025-02-13 23:00:00+00:00,2.110599994659424
2025-02-14 00:00:00+00:00,2.107100009918213
2025-02-14 01:00:00+00:00,2.109299898147583
2025-02-14 02:00:00+00:00,2.109999895095825
2025-02-14 03:00:00+00:00,2.109299898147583
2025-02-14 04:00:00+00:00,2.112499952316284
2025-02-14 05:00:00+00:00,2.11080002784729
2025-02-14 06:00:00+00:00,2.11080002784729
2025-02-14 07:00:00+00:00,2.1122000217437744
2025-02-14 08:00:00+00:00,2.1129000186920166
2025-02-14 09:00:00+00:00,2.1108999252319336
2025-02-14 10:00:00+00:00,2.1073999404907227
2025-02-14 11:00:00+00:00,2.1191000938415527
2025-02-14 12:00:00+00:00,2.1221001148223877
2025-02-14 13:00:00+00:00,2.11299991607666
2025-02-14 14:00:00+00:00,2.11299991607666
2025-02-14 15:00:00+00:00,2.095599889755249
2025-02-14 16:00:00+00:00,2.092900037765503
2025-02-14 17:00:00+00:00,2.0933001041412354
2025-02-14 18:00:00+00:00,2.089099884033203
2025-02-14 19:00:00+00:00,2.0868000984191895
2025-02-14 20:00:00+00:00,2.0869998931884766
2025-02-14 21:00:00+00:00,2.0826001167297363
2025-02-16 23:00:00+00:00,2.0764000415802
2025-02-17 00:00:00+00:00,2.0785999298095703
2025-02-17 01:00:00+00:00,2.0815000534057617
2025-02-17 02:00:00+00:00,2.087100028991699
2025-02-17 03:00:00+00:00,2.0868000984191895
2025-02-17 04:00:00+00:00,2.085400104522705
2025-02-18 05:00:00+00:00,2.1017000675201416
2025-02-18 06:00:00+00:00,2.102400064468384
2025-02-18 07:00:00+00:00,2.101599931716919
2025-02-18 08:00:00+00:00,2.107599973678589
2025-02-18 09:00:00+00:00,2.1085000038146973
2025-02-18 10:00:00+00:00,2.109999895095825
2025-02-18 11:00:00+00:00,2.092600107192993
2025-02-18 12:00:00+00:00,2.091200113296509
2025-02-18 13:00:00+00:00,2.0880000591278076
2025-02-18 14:00:00+00:00,2.0887999534606934
2025-02-18 15:00:00+00:00,2.0887999534606934
2025-02-18 16:00:00+00:00,2.0894999504089355
2025-02-18 17:00:00+00:00,2.083899974822998
2025-02-18 18:00:00+00:00,2.0859999656677246
2025-02-18 19:00:00+00:00,2.0880000591278076
2025-02-18 20:00:00+00:00,2.08870005607605
2025-02-18 21:00:00+00:00,2.089099884033203
2025-02-18 23:00:00+00:00,2.0905001163482666
2025-02-19 00:00:00+00:00,2.09089994430542
2025-02-19 01:00:00+00:00,2.0947000980377197
2025-02-19 02:00:00+00:00,2.0901999473571777
2025-02-19 03:00:00+00:00,2.0885000228881836
2025-02-19 04:00:00+00:00,2.0927000045776367
2025-02-19 05:00:00+00:00,2.096400022506714
2025-02-19 06:00:00+00:00,2.09879994392395
2025-02-19 07:00:00+00:00,2.106300115585327
2025-02-19 08:00:00+00:00,2.1089999675750732
2025-02-19 09:00:00+00:00,2.1050000190734863
2025-02-19 10:00:00+00:00,2.0947999954223633
2025-02-19 11:00:00+00:00,2.1048998832702637
2025-02-19 12:00:00+00:00,2.0992000102996826
2025-02-19 13:00:00+00:00,2.1019999980926514
2025-02-19 14:00:00+00:00,2.107100009918213
2025-02-19 15:00:00+00:00,2.085400104522705
2025-02-19 16:00:00+00:00,2.0822999477386475
2025-02-19 17:00:00+00:00,2.0768001079559326
2025-02-19 18:00:00+00:00,2.0727999210357666
2025-02-19 19:00:00+00:00,2.0845999717712402
2025-02-19 20:00:00+00:00,2.0876998901367188
2025-02-19 21:00:00+00:00,2.0845000743865967
2025-02-19 23:00:00+00:00,2.081700086593628
2025-02-20 00:00:00+00:00,2.0838000774383545
2025-02-20 01:00:00+00:00,2.0741000175476074
2025-02-20 02:00:00+00:00,2.0764999389648438
2025-02-20 03:00:00+00:00,2.0743000507354736
2025-02-20 04:00:00+00:00,2.07450008392334
2025-02-20 05:00:00+00:00,2.0773000717163086
2025-02-20 06:00:00+00:00,2.0824999809265137
2025-02-20 07:00:00+00:00,2.089600086212158
2025-02-20 08:00:00+00:00,2.0768001079559326
2025-02-20 09:00:00+00:00,2.0829999446868896
2025-02-20 10:00:00+00:00,2.085200071334839
2025-02-20 11:00:00+00:00,2.087899923324585
2025-02-20 12:00:00+00:00,2.0947000980377197
2025-02-20 13:00:00+00:00,2.087100028991699
2025-02-20 14:00:00+00:00,2.086699962615967
2025-02-20 15:00:00+00:00,2.0838000774383545
2025-02-20 16:00:00+00:00,2.0864999294281006
2025-02-20 17:00:00+00:00,2.0959999561309814
2025-02-20 18:00:00+00:00,2.0968000888824463
2025-02-20 19:00:00+00:00,2.0826001167297363
2025-02-20 20:00:00+00:00,2.0841000080108643
2025-02-20 21:00:00+00:00,2.0855000019073486
2025-02-20 23:00:00+00:00,2.0875000953674316
2025-02-21 00:00:00+00:00,2.0880000591278076
2025-02-21 01:00:00+00:00,2.0815000534057617
2025-02-21 02:00:00+00:00,2.079400062561035
2025-02-21 03:00:00+00:00,2.0796000957489014
2025-02-21 04:00:00+00:00,2.079400062561035
2025-02-21 05:00:00+00:00,2.075900077819824
2025-02-21 06:00:00+00:00,2.0743000507354736
2025-02-21 07:00:00+00:00,2.071700096130371
2025-02-21 08:00:00+00:00,2.062999963760376
2025-02-21 09:00:00+00:00,2.071899890899658
2025-02-21 10:00:00+00:00,2.062000036239624
2025-02-21 11:00:00+00:00,2.0731000900268555
2025-02-21 12:00:00+00:00,2.067500114440918
2025-02-21 13:00:00+00:00,2.0815999507904053
2025-02-21 14:00:00+00:00,2.0625998973846436
2025-02-21 15:00:00+00:00,2.046999931335449
2025-02-21 16:00:00+00:00,2.0525999069213867
2025-02-21 17:00:00+00:00,2.054500102996826
2025-02-21 18:00:00+00:00,2.037100076675415
2025-02-21 19:00:00+00:00,2.028700113296509
2025-02-21 20:00:00+00:00,2.02839994430542
2025-02-21 21:00:00+00:00,2.0329999923706055
2025-02-23 23:00:00+00:00,2.0352001190185547
2025-02-24 00:00:00+00:00,2.0327000617980957
2025-02-24 01:00:00+00:00,2.025599956512451
2025-02-24 02:00:00+00:00,2.0315001010894775
2025-02-24 03:00:00+00:00,2.0299999713897705
2025-02-24 04:00:00+00:00,2.0269999504089355
2025-02-24 06:00:00+00:00,2.0320000648498535
2025-02-24 07:00:00+00:00,2.029599905014038
2025-02-24 08:00:00+00:00,2.0299999713897705
2025-02-24 09:00:00+00:00,2.029400110244751
2025-02-24 10:00:00+00:00,2.036900043487549
2025-02-24 11:00:00+00:00,2.0320000648498535
2025-02-24 12:00:00+00:00,2.028599977493286
2025-02-24 13:00:00+00:00,2.0281999111175537
2025-02-24 14:00:00+00:00,2.0223000049591064
2025-02-24 15:00:00+00:00,2.0176000595092773
2025-02-24 16:00:00+00:00,2.0209999084472656
2025-02-24 17:00:00+00:00,2.015500068664551
2025-02-24 18:00:00+00:00,2.010999917984009
2025-02-24 19:00:00+00:00,2.010499954223633
2025-02-24 20:00:00+00:00,2.0195000171661377
2025-02-24 21:00:00+00:00,2.026400089263916
2025-02-24 23:00:00+00:00,2.020400047302246
2025-02-25 00:00:00+00:00,2.0146000385284424
2025-02-25 01:00:00+00:00,2.0290000438690186
2025-02-25 02:00:00+00:00,2.0327999591827393
2025-02-25 03:00:00+00:00,2.0327000617980957
2025-02-25 04:00:00+00:00,2.0343000888824463
2025-02-25 05:00:00+00:00,2.033400058746338
2025-02-25 06:00:00+00:00,2.030600070953369
2025-02-25 07:00:00+00:00,2.0262999534606934
2025-02-25 08:00:00+00:00,2.0172998905181885
2025-02-25 09:00:00+00:00,2.023200035095215
2025-02-25 10:00:00+00:00,2.0220999717712402
2025-02-25 11:00:00+00:00,2.017899990081787
2025-02-25 12:00:00+00:00,2.0044000148773193
2025-02-25 13:00:00+00:00,2.0085999965667725
2025-02-25 14:00:00+00:00,2.0083000659942627
2025-02-25 15:00:00+00:00,1.9703999757766724
2025-02-25 16:00:00+00:00,1.9757000207901
2025-02-25 17:00:00+00:00,1.9670000076293945
2025-02-25 18:00:00+00:00,1.9678000211715698
2025-02-25 19:00:00+00:00,1.9699000120162964
2025-02-25 20:00:00+00:00,1.970900058746338
2025-02-25 21:00:00+00:00,1.9657000303268433
2025-02-25 23:00:00+00:00,1.966599941253662
2025-02-26 01:00:00+00:00,1.9680999517440796
2025-02-26 02:00:00+00:00,1.9696999788284302
2025-02-26 03:00:00+00:00,1.9668999910354614
2025-02-26 05:00:00+00:00,1.9671000242233276
2025-02-26 06:00:00+00:00,1.9688999652862549
2025-02-26 07:00:00+00:00,1.9665000438690186
2025-02-26 08:00:00+00:00,1.9622000455856323
2025-02-26 09:00:00+00:00,1.9637000560760498
2025-02-26 10:00:00+00:00,1.9652999639511108
2025-02-26 11:00:00+00:00,1.9605000019073486
2025-02-26 12:00:00+00:00,1.9538999795913696
2025-02-26 13:00:00+00:00,1.9498000144958496
2025-02-26 14:00:00+00:00,1.9500999450683594
2025-02-26 15:00:00+00:00,1.9337999820709229
2025-02-26 16:00:00+00:00,1.9364999532699585
2025-02-26 17:00:00+00:00,1.9519000053405762
2025-02-26 18:00:00+00:00,1.9399000406265259
2025-02-26 19:00:00+00:00,1.9526000022888184
2025-02-26 20:00:00+00:00,1.9493999481201172
2025-02-26 21:00:00+00:00,1.9491000175476074
2025-02-26 23:00:00+00:00,1.9433000087738037
2025-02-27 00:00:00+00:00,1.944599986076355
2025-02-27 01:00:00+00:00,1.945199966430664
2025-02-27 03:00:00+00:00,1.9422999620437622
2025-02-27 04:00:00+00:00,1.9408999681472778
2025-02-27 05:00:00+00:00,1.9414000511169434
2025-02-27 06:00:00+00:00,1.9444999694824219
2025-02-27 07:00:00+00:00,1.9407000541687012
2025-02-27 08:00:00+00:00,1.9471999406814575
2025-02-27 09:00:00+00:00,1.948799967765808
2025-02-27 10:00:00+00:00,1.950700044631958
2025-02-27 11:00:00+00:00,1.9494999647140503
2025-02-27 12:00:00+00:00,1.954300045967102
2025-02-27 13:00:00+00:00,1.9609999656677246
2025-02-27 14:00:00+00:00,1.9616999626159668
2025-02-27 15:00:00+00:00,1.9809999465942383
2025-02-27 16:00:00+00:00,1.9807000160217285
2025-02-27 17:00:00+00:00,1.9846999645233154
2025-02-27 18:00:00+00:00,1.997499942779541
2025-02-27 19:00:00+00:00,1.9973000288009644
2025-02-27 20:00:00+00:00,1.993499994277954
2025-02-27 21:00:00+00:00,1.993499994277954
2025-02-28 12:00:00+00:00,1.9838999509811401
2025-02-28 13:00:00+00:00,1.9810999631881714
2025-02-28 14:00:00+00:00,1.9744999408721924
2025-02-28 15:00:00+00:00,1.979099988937378
2025-02-28 16:00:00+00:00,1.9744000434875488
2025-02-28 17:00:00+00:00,1.9733999967575073
2025-02-28 18:00:00+00:00,1.9810999631881714
2025-02-28 19:00:00+00:00,1.969499945640564
2025-03-02 23:00:00+00:00,2.2356998920440674
2025-03-03 00:00:00+00:00,2.2400999069213867
2025-03-03 01:00:00+00:00,2.2448999881744385
2025-03-03 02:00:00+00:00,2.2381999492645264
2025-03-03 03:00:00+00:00,2.233099937438965
2025-03-03 04:00:00+00:00,2.2323999404907227
2025-03-03 05:00:00+00:00,2.2279000282287598
2025-03-03 06:00:00+00:00,2.226099967956543
2025-03-03 07:00:00+00:00,2.2253000736236572
2025-03-03 08:00:00+00:00,2.21589994430542
2025-03-03 09:00:00+00:00,2.2167000770568848
2025-03-03 10:00:00+00:00,2.224400043487549
2025-03-03 11:00:00+00:00,2.226599931716919
2025-03-03 12:00:00+00:00,2.2309000492095947
2025-03-03 13:00:00+00:00,2.230799913406372
2025-03-03 14:00:00+00:00,2.2253000736236572
2025-03-03 15:00:00+00:00,2.220599889755249
2025-03-03 16:00:00+00:00,2.214200019836426
2025-03-03 17:00:00+00:00,2.21560001373291
2025-03-03 18:00:00+00:00,2.1849000453948975
2025-03-03 19:00:00+00:00,2.1875998973846436
2025-03-03 20:00:00+00:00,2.1935999393463135
2025-03-03 21:00:00+00:00,2.1988000869750977
2025-03-03 23:00:00+00:00,2.1982998847961426
2025-03-04 00:00:00+00:00,2.1981000900268555
2025-03-04 01:00:00+00:00,2.1898000240325928
2025-03-04 02:00:00+00:00,2.1930999755859375
2025-03-04 03:00:00+00:00,2.192199945449829
2025-03-04 04:00:00+00:00,2.190999984741211
2025-03-04 05:00:00+00:00,2.187999963760376
2025-03-04 06:00:00+00:00,2.1903998851776123
2025-03-04 07:00:00+00:00,2.184299945831299
2025-03-04 08:00:00+00:00,2.1774001121520996
2025-03-04 09:00:00+00:00,2.1758999824523926
2025-03-04 10:00:00+00:00,2.184299945831299
2025-03-04 11:00:00+00:00,2.178299903869629
2025-03-04 12:00:00+00:00,2.1735000610351562
2025-03-04 13:00:00+00:00,2.1810998916625977
2025-03-04 14:00:00+00:00,2.152600049972534
2025-03-04 15:00:00+00:00,2.1677000522613525
2025-03-04 16:00:00+00:00,2.1802000999450684
2025-03-04 17:00:00+00:00,2.1823999881744385
2025-03-04 18:00:00+00:00,2.1953999996185303
2025-03-04 19:00:00+00:00,2.196199893951416
2025-03-04 20:00:00+00:00,2.1916000843048096
2025-03-04 21:00:00+00:00,2.1770999431610107
2025-03-04 23:00:00+00:00,2.177500009536743
2025-03-05 00:00:00+00:00,2.1756999492645264
2025-03-05 01:00:00+00:00,2.1756999492645264
2025-03-05 02:00:00+00:00,2.166599988937378
2025-03-05 03:00:00+00:00,2.1705000400543213
2025-03-05 04:00:00+00:00,2.171299934387207
2025-03-05 05:00:00+00:00,2.173099994659424
2025-03-05 06:00:00+00:00,2.1796000003814697
2025-03-05 07:00:00+00:00,2.177000045776367
2025-03-05 08:00:00+00:00,2.1712000370025635
2025-03-05 09:00:00+00:00,2.1663999557495117
2025-03-05 10:00:00+00:00,2.1535000801086426
2025-03-05 11:00:00+00:00,2.148099899291992
2025-03-05 12:00:00+00:00,2.148699998855591
2025-03-05 13:00:00+00:00,2.132699966430664
2025-03-05 14:00:00+00:00,2.1187000274658203
2025-03-05 15:00:00+00:00,2.1064000129699707
2025-03-05 16:00:00+00:00,2.1048998832702637
2025-03-05 17:00:00+00:00,2.1222000122070312
2025-03-05 18:00:00+00:00,2.137399911880493
2025-03-05 19:00:00+00:00,2.134000062942505
2025-03-05 20:00:00+00:00,2.13700008392334
2025-03-05 21:00:00+00:00,2.134700059890747
2025-03-05 23:00:00+00:00,2.131500005722046
2025-03-06 00:00:00+00:00,2.132999897003174
2025-03-06 01:00:00+00:00,2.139699935913086
2025-03-06 02:00:00+00:00,2.1428000926971436
2025-03-06 03:00:00+00:00,2.140000104904175
2025-03-06 04:00:00+00:00,2.1422998905181885
2025-03-06 05:00:00+00:00,2.1350998878479004
2025-03-06 06:00:00+00:00,2.1414999961853027
2025-03-06 07:00:00+00:00,2.1405999660491943
2025-03-06 08:00:00+00:00,2.13070011138916
2025-03-06 09:00:00+00:00,2.1352999210357666
2025-03-06 10:00:00+00:00,2.128999948501587
2025-03-06 11:00:00+00:00,2.140899896621704
2025-03-06 12:00:00+00:00,2.1407999992370605
2025-03-06 13:00:00+00:00,2.1277999877929688
2025-03-06 14:00:00+00:00,2.1289000511169434
2025-03-06 15:00:00+00:00,2.1010000705718994
2025-03-06 16:00:00+00:00,2.0906999111175537
2025-03-06 17:00:00+00:00,2.1070001125335693
2025-03-06 18:00:00+00:00,2.1059999465942383
2025-03-06 19:00:00+00:00,2.10509991645813
2025-03-06 20:00:00+00:00,2.095099925994873
2025-03-06 21:00:00+00:00,2.0952000617980957
2025-03-06 23:00:00+00:00,2.102099895477295
2025-03-07 00:00:00+00:00,2.099900007247925
2025-03-07 01:00:00+00:00,2.102400064468384
2025-03-07 02:00:00+00:00,2.1052000522613525
2025-03-07 03:00:00+00:00,2.0992000102996826
2025-03-07 04:00:00+00:00,2.0959999561309814
2025-03-07 05:00:00+00:00,2.097399950027466
2025-03-07 06:00:00+00:00,2.0978000164031982
2025-03-07 07:00:00+00:00,2.1103999614715576
2025-03-07 08:00:00+00:00,2.1224000453948975
2025-03-07 09:00:00+00:00,2.1259000301361084
2025-03-07 10:00:00+00:00,2.1354000568389893
2025-03-07 11:00:00+00:00,2.128200054168701
2025-03-07 12:00:00+00:00,2.1294000148773193
2025-03-07 13:00:00+00:00,2.1243999004364014
2025-03-07 14:00:00+00:00,2.1414999961853027
2025-03-07 15:00:00+00:00,2.123500108718872
2025-03-07 16:00:00+00:00,2.101300001144409
2025-03-07 17:00:00+00:00,2.1029999256134033
2025-03-07 18:00:00+00:00,2.1080000400543213
2025-03-07 19:00:00+00:00,2.1068999767303467
2025-03-07 20:00:00+00:00,2.1047000885009766
2025-03-07 21:00:00+00:00,2.108099937438965
2025-03-09 22:00:00+00:00,2.1015000343322754
2025-03-09 23:00:00+00:00,2.0971999168395996
2025-03-10 00:00:00+00:00,2.103600025177002
2025-03-10 01:00:00+00:00,2.0998001098632812
2025-03-10 02:00:00+00:00,2.098400115966797
2025-03-10 03:00:00+00:00,2.0969998836517334
2025-03-10 04:00:00+00:00,2.098900079727173
2025-03-10 05:00:00+00:00,2.0957000255584717
2025-03-10 06:00:00+00:00,2.0994999408721924
2025-03-10 07:00:00+00:00,2.1089000701904297
2025-03-10 08:00:00+00:00,2.1084001064300537
2025-03-10 09:00:00+00:00,2.1180999279022217
2025-03-10 10:00:00+00:00,2.118499994277954
2025-03-10 11:00:00+00:00,2.1289000511169434
2025-03-10 12:00:00+00:00,2.1289000511169434
2025-03-10 13:00:00+00:00,2.1041998863220215
2025-03-10 14:00:00+00:00,2.099900007247925
2025-03-10 15:00:00+00:00,2.1064000129699707
2025-03-10 16:00:00+00:00,2.103300094604492
2025-03-10 17:00:00+00:00,2.0910000801086426
2025-03-10 18:00:00+00:00,2.0869998931884766
2025-03-10 19:00:00+00:00,2.089600086212158
2025-03-10 20:00:00+00:00,2.086400032043457
2025-03-10 22:00:00+00:00,2.0833001136779785
2025-03-10 23:00:00+00:00,2.0831000804901123
2025-03-11 00:00:00+00:00,2.0773000717163086
2025-03-11 01:00:00+00:00,2.0841000080108643
2025-03-11 02:00:00+00:00,2.086899995803833
2025-03-11 03:00:00+00:00,2.0871999263763428
2025-03-11 04:00:00+00:00,2.086899995803833
2025-03-11 05:00:00+00:00,2.0869998931884766
2025-03-11 06:00:00+00:00,2.092099905014038
2025-03-11 07:00:00+00:00,2.0989999771118164
2025-03-11 08:00:00+00:00,2.104599952697754
2025-03-11 09:00:00+00:00,2.1045000553131104
2025-03-11 10:00:00+00:00,2.113100051879883
2025-03-11 11:00:00+00:00,2.115799903869629
2025-03-11 12:00:00+00:00,2.1131999492645264
2025-03-11 13:00:00+00:00,2.1219000816345215
2025-03-11 14:00:00+00:00,2.115299940109253
2025-03-11 15:00:00+00:00,2.1215999126434326
2025-03-11 16:00:00+00:00,2.106800079345703
2025-03-11 17:00:00+00:00,2.1052000522613525
2025-03-11 18:00:00+00:00,2.1087000370025635
2025-03-11 19:00:00+00:00,2.109299898147583
2025-03-11 20:00:00+00:00,2.1164000034332275
2025-03-11 22:00:00+00:00,2.1171998977661133
2025-03-11 23:00:00+00:00,2.118799924850464
2025-03-12 00:00:00+00:00,2.1166999340057373
2025-03-12 01:00:00+00:00,2.119999885559082
2025-03-12 02:00:00+00:00,2.119999885559082
2025-03-12 03:00:00+00:00,2.1208999156951904
2025-03-12 04:00:00+00:00,2.1215999126434326
2025-03-12 05:00:00+00:00,2.117799997329712
2025-03-12 06:00:00+00:00,2.113300085067749
2025-03-12 07:00:00+00:00,2.1191000938415527
2025-03-12 08:00:00+00:00,2.118299961090088
2025-03-12 09:00:00+00:00,2.1231000423431396
2025-03-12 10:00:00+00:00,2.125499963760376
2025-03-12 11:00:00+00:00,2.129199981689453
2025-03-12 12:00:00+00:00,2.128499984741211
2025-03-12 13:00:00+00:00,2.1324000358581543
2025-03-12 14:00:00+00:00,2.1489999294281006
2025-03-12 15:00:00+00:00,2.1473000049591064
2025-03-12 16:00:00+00:00,2.150399923324585
2025-03-12 17:00:00+00:00,2.150700092315674
2025-03-12 18:00:00+00:00,2.151700019836426
2025-03-12 19:00:00+00:00,2.150599956512451
2025-03-12 20:00:00+00:00,2.1498000621795654
2025-03-12 22:00:00+00:00,2.1505000591278076
2025-03-12 23:00:00+00:00,2.1494998931884766
2025-03-13 00:00:00+00:00,2.1475000381469727
2025-03-13 01:00:00+00:00,2.150099992752075
2025-03-13 02:00:00+00:00,2.154099941253662
2025-03-13 03:00:00+00:00,2.1528000831604004
2025-03-13 04:00:00+00:00,2.1512999534606934
2025-03-13 05:00:00+00:00,2.1507999897003174
2025-03-13 06:00:00+00:00,2.146899938583374
2025-03-13 07:00:00+00:00,2.15310001373291
2025-03-13 08:00:00+00:00,2.1526999473571777
2025-03-13 09:00:00+00:00,2.1458001136779785
2025-03-13 10:00:00+00:00,2.151400089263916
2025-03-13 11:00:00+00:00,2.1470000743865967
2025-03-13 12:00:00+00:00,2.1477999687194824
2025-03-13 13:00:00+00:00,2.1459999084472656
2025-03-13 14:00:00+00:00,2.151400089263916
2025-03-13 15:00:00+00:00,2.140899896621704
2025-03-13 16:00:00+00:00,2.132499933242798
2025-03-13 17:00:00+00:00,2.128700017929077
2025-03-13 18:00:00+00:00,2.132999897003174
2025-03-13 19:00:00+00:00,2.130199909210205
2025-03-13 20:00:00+00:00,2.1349000930786133
2025-03-13 22:00:00+00:00,2.1359000205993652
2025-03-13 23:00:00+00:00,2.136199951171875
2025-03-14 00:00:00+00:00,2.137700080871582
2025-03-14 01:00:00+00:00,2.1379001140594482
2025-03-14 02:00:00+00:00,2.140700101852417
2025-03-14 03:00:00+00:00,2.1407999992370605
2025-03-14 04:00:00+00:00,2.1403000354766846
2025-03-14 05:00:00+00:00,2.1428000926971436
2025-03-14 06:00:00+00:00,2.1500000953674316
2025-03-14 07:00:00+00:00,2.1458001136779785
2025-03-14 08:00:00+00:00,2.1526999473571777
2025-03-14 09:00:00+00:00,2.1461000442504883
2025-03-14 10:00:00+00:00,2.1417999267578125
2025-03-14 11:00:00+00:00,2.1389000415802
2025-03-14 12:00:00+00:00,2.140700101852417
2025-03-14 13:00:00+00:00,2.141200065612793
2025-03-14 14:00:00+00:00,2.13700008392334
2025-03-14 15:00:00+00:00,2.1361000537872314
2025-03-14 16:00:00+00:00,2.137399911880493
2025-03-14 17:00:00+00:00,2.1428000926971436
2025-03-14 18:00:00+00:00,2.14739990234375
2025-03-14 19:00:00+00:00,2.147700071334839
2025-03-14 20:00:00+00:00,2.1487998962402344
2025-03-16 22:00:00+00:00,2.1640000343322754
2025-03-16 23:00:00+00:00,2.164599895477295
2025-03-17 00:00:00+00:00,2.170799970626831
2025-03-17 01:00:00+00:00,2.1702001094818115
2025-03-17 02:00:00+00:00,2.1651999950408936
2025-03-17 03:00:00+00:00,2.1637001037597656
2025-03-17 04:00:00+00:00,2.1665000915527344
2025-03-17 05:00:00+00:00,2.165299892425537
2025-03-17 06:00:00+00:00,2.1673998832702637
2025-03-17 07:00:00+00:00,2.169800043106079
2025-03-17 08:00:00+00:00,2.1712000370025635
2025-03-17 09:00:00+00:00,2.1723999977111816
2025-03-17 10:00:00+00:00,2.177500009536743
2025-03-17 11:00:00+00:00,2.178499937057495
2025-03-17 12:00:00+00:00,2.1807000637054443
2025-03-17 13:00:00+00:00,2.1798999309539795
2025-03-17 14:00:00+00:00,2.1714000701904297
2025-03-17 15:00:00+00:00,2.1763999462127686
2025-03-17 16:00:00+00:00,2.1761999130249023
2025-03-17 17:00:00+00:00,2.1830999851226807
2025-03-17 18:00:00+00:00,2.17930006980896
2025-03-17 19:00:00+00:00,2.180000066757202
2025-03-17 20:00:00+00:00,2.1784000396728516
2025-03-17 22:00:00+00:00,2.1774001121520996
2025-03-17 23:00:00+00:00,2.177500009536743
2025-03-18 00:00:00+00:00,2.1796998977661133
2025-03-18 01:00:00+00:00,2.186300039291382
2025-03-18 02:00:00+00:00,2.1884000301361084
2025-03-18 03:00:00+00:00,2.1847000122070312
2025-03-18 04:00:00+00:00,2.186300039291382
2025-03-18 05:00:00+00:00,2.1903998851776123
2025-03-18 06:00:00+00:00,2.1898000240325928
2025-03-18 07:00:00+00:00,2.1928000450134277
2025-03-18 08:00:00+00:00,2.195499897003174
2025-03-18 09:00:00+00:00,2.203700065612793
2025-03-18 10:00:00+00:00,2.2019999027252197
2025-03-18 11:00:00+00:00,2.2044999599456787
2025-03-18 12:00:00+00:00,2.1998000144958496
2025-03-18 13:00:00+00:00,2.194200038909912
2025-03-18 14:00:00+00:00,2.1828999519348145
2025-03-18 15:00:00+00:00,2.1689000129699707
2025-03-18 16:00:00+00:00,2.157900094985962
2025-03-18 17:00:00+00:00,2.16759991645813
2025-03-18 18:00:00+00:00,2.165600061416626
2025-03-18 19:00:00+00:00,2.1677000522613525
2025-03-18 20:00:00+00:00,2.161099910736084
2025-03-18 22:00:00+00:00,2.164400100708008
2025-03-18 23:00:00+00:00,2.16510009765625
2025-03-19 00:00:00+00:00,2.1649999618530273
2025-03-19 01:00:00+00:00,2.1579999923706055
2025-03-19 02:00:00+00:00,2.1623001098632812
2025-03-19 03:00:00+00:00,2.162100076675415
2025-03-19 04:00:00+00:00,2.1612000465393066
2025-03-19 05:00:00+00:00,2.157099962234497
2025-03-19 06:00:00+00:00,2.1528000831604004
2025-03-19 07:00:00+00:00,2.1579999923706055
2025-03-19 08:00:00+00:00,2.1487998962402344
2025-03-19 09:00:00+00:00,2.158400058746338
2025-03-19 10:00:00+00:00,2.164299964904785
2025-03-19 11:00:00+00:00,2.1705000400543213
2025-03-19 12:00:00+00:00,2.1731998920440674
2025-03-19 13:00:00+00:00,2.1710000038146973
2025-03-19 14:00:00+00:00,2.1726999282836914
2025-03-19 15:00:00+00:00,2.176300048828125
2025-03-19 16:00:00+00:00,2.182300090789795
2025-03-19 17:00:00+00:00,2.173799991607666
2025-03-19 18:00:00+00:00,2.1689000129699707
2025-03-19 19:00:00+00:00,2.16759991645813
2025-03-19 20:00:00+00:00,2.1696999073028564
2025-03-19 22:00:00+00:00,2.1710000038146973
2025-03-19 23:00:00+00:00,2.170599937438965
2025-03-20 00:00:00+00:00,2.1696999073028564
2025-03-20 01:00:00+00:00,2.173799991607666
2025-03-20 02:00:00+00:00,2.1726999282836914
2025-03-20 03:00:00+00:00,2.175299882888794
2025-03-20 05:00:00+00:00,2.1726999282836914
2025-03-20 06:00:00+00:00,2.1760001182556152
2025-03-20 07:00:00+00:00,2.1709001064300537
2025-03-20 08:00:00+00:00,2.1747000217437744
2025-03-20 09:00:00+00:00,2.1689000129699707
2025-03-20 10:00:00+00:00,2.164400100708008
2025-03-20 11:00:00+00:00,2.1686999797821045
2025-03-20 12:00:00+00:00,2.1577000617980957
2025-03-20 13:00:00+00:00,2.1545000076293945
2025-03-20 14:00:00+00:00,2.1800999641418457
2025-03-20 15:00:00+00:00,2.1809000968933105
2025-03-20 16:00:00+00:00,2.183300018310547
2025-03-20 17:00:00+00:00,2.188499927520752
2025-03-20 18:00:00+00:00,2.1919000148773193
2025-03-20 19:00:00+00:00,2.191999912261963
2025-03-20 20:00:00+00:00,2.1958000659942627
2025-03-20 22:00:00+00:00,2.1986000537872314
2025-03-20 23:00:00+00:00,2.1993000507354736
2025-03-21 00:00:00+00:00,2.201200008392334
2025-03-21 01:00:00+00:00,2.1956000328063965
2025-03-21 02:00:00+00:00,2.1960999965667725
2025-03-21 03:00:00+00:00,2.1963999271392822
2025-03-21 04:00:00+00:00,2.193000078201294
2025-03-21 05:00:00+00:00,2.1939001083374023
2025-03-21 06:00:00+00:00,2.190000057220459
2025-03-21 07:00:00+00:00,2.189300060272217
2025-03-21 08:00:00+00:00,2.1886000633239746
2025-03-21 09:00:00+00:00,2.1810998916625977
2025-03-21 10:00:00+00:00,2.1786000728607178
2025-03-21 11:00:00+00:00,2.1735999584198
2025-03-21 12:00:00+00:00,2.177799940109253
2025-03-21 13:00:00+00:00,2.18149995803833
2025-03-21 14:00:00+00:00,2.1898000240325928
2025-03-21 15:00:00+00:00,2.1802000999450684
2025-03-21 16:00:00+00:00,2.1933999061584473
2025-03-21 17:00:00+00:00,2.1933999061584473
2025-03-21 18:00:00+00:00,2.1972999572753906
2025-03-21 19:00:00+00:00,2.191699981689453
2025-03-21 20:00:00+00:00,2.192500114440918
2025-03-23 22:00:00+00:00,2.1933999061584473
2025-03-23 23:00:00+00:00,2.1942999362945557
2025-03-24 00:00:00+00:00,2.190700054168701
2025-03-24 01:00:00+00:00,2.1809000968933105
2025-03-24 02:00:00+00:00,2.183300018310547
2025-03-24 03:00:00+00:00,2.1819000244140625
2025-03-24 04:00:00+00:00,2.1821000576019287
2025-03-24 05:00:00+00:00,2.185499906539917
2025-03-24 06:00:00+00:00,2.1881000995635986
2025-03-24 07:00:00+00:00,2.194700002670288
2025-03-24 08:00:00+00:00,2.1865999698638916
2025-03-24 09:00:00+00:00,2.195199966430664
2025-03-24 10:00:00+00:00,2.2021000385284424
2025-03-24 11:00:00+00:00,2.19950008392334
2025-03-24 12:00:00+00:00,2.190999984741211
2025-03-24 13:00:00+00:00,2.19569993019104
2025-03-24 14:00:00+00:00,2.202500104904175
2025-03-24 15:00:00+00:00,2.208199977874756
2025-03-24 16:00:00+00:00,2.200900077819824
2025-03-24 17:00:00+00:00,2.19950008392334
2025-03-24 18:00:00+00:00,2.20770001411438
2025-03-24 19:00:00+00:00,2.20770001411438
2025-03-24 20:00:00+00:00,2.2063000202178955
2025-03-24 22:00:00+00:00,2.2076001167297363
2025-03-24 23:00:00+00:00,2.2070999145507812
2025-03-25 00:00:00+00:00,2.206199884414673
2025-03-25 01:00:00+00:00,2.204699993133545
2025-03-25 02:00:00+00:00,2.2054998874664307
2025-03-25 03:00:00+00:00,2.2063000202178955
2025-03-25 04:00:00+00:00,2.2051000595092773
2025-03-25 05:00:00+00:00,2.206700086593628
2025-03-25 06:00:00+00:00,2.205199956893921
2025-03-25 07:00:00+00:00,2.2118000984191895
2025-03-25 08:00:00+00:00,2.211199998855591
2025-03-25 09:00:00+00:00,2.2160000801086426
2025-03-25 10:00:00+00:00,2.2153000831604004
2025-03-25 11:00:00+00:00,2.217900037765503
2025-03-25 12:00:00+00:00,2.2177999019622803
2025-03-25 13:00:00+00:00,2.2223000526428223
2025-03-25 14:00:00+00:00,2.209399938583374
2025-03-25 15:00:00+00:00,2.2076001167297363
2025-03-25 16:00:00+00:00,2.2021000385284424
2025-03-25 17:00:00+00:00,2.2012999057769775
2025-03-25 18:00:00+00:00,2.2058000564575195
2025-03-25 19:00:00+00:00,2.210200071334839
2025-03-25 20:00:00+00:00,2.213399887084961
2025-03-25 22:00:00+00:00,2.2174999713897705
2025-03-25 23:00:00+00:00,2.2146999835968018
2025-03-26 01:00:00+00:00,2.2186999320983887
2025-03-26 02:00:00+00:00,2.2181999683380127
2025-03-26 03:00:00+00:00,2.2153000831604004
2025-03-26 04:00:00+00:00,2.2135000228881836
2025-03-26 05:00:00+00:00,2.2177000045776367
2025-03-26 06:00:00+00:00,2.2195000648498535
2025-03-26 07:00:00+00:00,2.2123000621795654
2025-03-26 08:00:00+00:00,2.2181999683380127
2025-03-26 09:00:00+00:00,2.2186999320983887
2025-03-26 10:00:00+00:00,2.222100019454956
2025-03-26 11:00:00+00:00,2.2214999198913574
2025-03-26 12:00:00+00:00,2.226300001144409
2025-03-26 13:00:00+00:00,2.2321999073028564
2025-03-26 14:00:00+00:00,2.236599922180176
2025-03-26 15:00:00+00:00,2.239000082015991
2025-03-26 16:00:00+00:00,2.235300064086914
2025-03-26 17:00:00+00:00,2.2279999256134033
2025-03-26 18:00:00+00:00,2.230299949645996
2025-03-26 19:00:00+00:00,2.2323999404907227
2025-03-26 20:00:00+00:00,2.237499952316284
2025-03-26 22:00:00+00:00,2.231600046157837
2025-03-26 23:00:00+00:00,2.2323999404907227
2025-03-27 01:00:00+00:00,2.232300043106079
2025-03-27 04:00:00+00:00,2.233799934387207
2025-03-27 05:00:00+00:00,2.234100103378296
2025-03-27 06:00:00+00:00,2.2291998863220215
2025-03-27 07:00:00+00:00,2.227299928665161
2025-03-27 08:00:00+00:00,2.2232000827789307
2025-03-27 09:00:00+00:00,2.2265000343322754
2025-03-27 10:00:00+00:00,2.2276999950408936
2025-03-27 11:00:00+00:00,2.2304000854492188
2025-03-27 12:00:00+00:00,2.2374000549316406
2025-03-27 13:00:00+00:00,2.2311999797821045
2025-03-27 14:00:00+00:00,2.2379000186920166
2025-03-27 15:00:00+00:00,2.23009991645813
2025-03-27 16:00:00+00:00,2.2330000400543213
2025-03-27 17:00:00+00:00,2.2365000247955322
2025-03-27 18:00:00+00:00,2.2448999881744385
2025-03-27 19:00:00+00:00,2.2409000396728516
2025-03-27 20:00:00+00:00,2.245300054550171
2025-03-27 22:00:00+00:00,2.2418999671936035
2025-03-27 23:00:00+00:00,2.241499900817871
2025-03-28 00:00:00+00:00,2.2414000034332275
2025-03-28 01:00:00+00:00,2.2425999641418457
2025-03-28 02:00:00+00:00,2.248699903488159
2025-03-28 03:00:00+00:00,2.2471001148223877
2025-03-28 04:00:00+00:00,2.243499994277954
2025-03-28 05:00:00+00:00,2.240299940109253
2025-03-28 06:00:00+00:00,2.2455999851226807
2025-03-28 07:00:00+00:00,2.2385001182556152
2025-03-28 08:00:00+00:00,2.2448999881744385
2025-03-28 09:00:00+00:00,2.2497000694274902
2025-03-28 10:00:00+00:00,2.245500087738037
2025-03-28 11:00:00+00:00,2.2520999908447266
2025-03-28 12:00:00+00:00,2.2555999755859375
2025-03-28 13:00:00+00:00,2.245699882507324
2025-03-28 14:00:00+00:00,2.240499973297119
2025-03-28 15:00:00+00:00,2.2302000522613525
2025-03-28 16:00:00+00:00,2.232800006866455
2025-03-28 17:00:00+00:00,2.2304999828338623
2025-03-28 18:00:00+00:00,2.2320001125335693
2025-03-28 19:00:00+00:00,2.2304999828338623
2025-03-28 20:00:00+00:00,2.2281999588012695
2025-03-30 22:00:00+00:00,2.2346999645233154
2025-03-31 07:00:00+00:00,2.2397000789642334
2025-03-31 08:00:00+00:00,2.2490999698638916
2025-03-31 10:00:00+00:00,2.244800090789795
2025-03-31 12:00:00+00:00,2.2453999519348145
2025-03-31 13:00:00+00:00,2.240600109100342
2025-03-31 14:00:00+00:00,2.2671000957489014
2025-03-31 15:00:00+00:00,2.271399974822998
2025-03-31 16:00:00+00:00,2.2827000617980957
2025-03-31 18:00:00+00:00,2.285900115966797
2025-04-01 07:00:00+00:00,2.2852001190185547
2025-04-01 08:00:00+00:00,2.2853000164031982
2025-04-01 09:00:00+00:00,2.2957000732421875
2025-04-01 10:00:00+00:00,2.2950000762939453
2025-04-01 11:00:00+00:00,2.286600112915039
2025-04-01 12:00:00+00:00,2.2946999073028564
2025-04-01 13:00:00+00:00,2.303499937057495
2025-04-01 14:00:00+00:00,2.3043999671936035
2025-04-01 15:00:00+00:00,2.3015999794006348
2025-04-01 16:00:00+00:00,2.296600103378296
2025-04-01 17:00:00+00:00,2.2992000579833984
2025-04-01 18:00:00+00:00,2.299499988555908
2025-04-01 19:00:00+00:00,2.3029000759124756
2025-04-01 20:00:00+00:00,2.304800033569336
2025-04-01 22:00:00+00:00,2.3078999519348145
2025-04-01 23:00:00+00:00,2.308199882507324
2025-04-02 00:00:00+00:00,2.305799961090088
2025-04-02 01:00:00+00:00,2.305799961090088
2025-04-02 02:00:00+00:00,2.3078999519348145
2025-04-02 03:00:00+00:00,2.306299924850464
2025-04-02 04:00:00+00:00,2.305999994277954
2025-04-02 05:00:00+00:00,2.303299903869629
2025-04-02 06:00:00+00:00,2.3022000789642334
2025-04-02 07:00:00+00:00,2.295300006866455
2025-04-02 08:00:00+00:00,2.3078999519348145
2025-04-02 09:00:00+00:00,2.3053998947143555
2025-04-02 10:00:00+00:00,2.2950000762939453
2025-04-02 11:00:00+00:00,2.297800064086914
2025-04-02 12:00:00+00:00,2.2999000549316406
2025-04-02 13:00:00+00:00,2.310699939727783
2025-04-02 14:00:00+00:00,2.309999942779541
2025-04-02 15:00:00+00:00,2.3180999755859375
2025-04-02 16:00:00+00:00,2.3220999240875244
2025-04-02 17:00:00+00:00,2.333199977874756
2025-04-02 18:00:00+00:00,2.328900098800659
2025-04-02 19:00:00+00:00,2.3334999084472656
2025-04-02 20:00:00+00:00,2.3210999965667725
2025-04-02 22:00:00+00:00,2.25600004196167
2025-04-02 23:00:00+00:00,2.239300012588501
2025-04-03 00:00:00+00:00,2.2483999729156494
2025-04-03 01:00:00+00:00,2.246000051498413
2025-04-03 02:00:00+00:00,2.2537999153137207
2025-04-03 03:00:00+00:00,2.256200075149536
2025-04-03 04:00:00+00:00,2.251499891281128
2025-04-03 05:00:00+00:00,2.2407000064849854
2025-04-03 06:00:00+00:00,2.236799955368042
2025-04-03 07:00:00+00:00,2.2320001125335693
2025-04-03 08:00:00+00:00,2.217400074005127
2025-04-03 09:00:00+00:00,2.2040998935699463
2025-04-03 10:00:00+00:00,2.2007999420166016
2025-04-03 11:00:00+00:00,2.1768999099731445
2025-04-03 12:00:00+00:00,2.1745998859405518
2025-04-03 13:00:00+00:00,2.158099889755249
2025-04-03 14:00:00+00:00,2.142400026321411
2025-04-03 15:00:00+00:00,2.1586999893188477
2025-04-03 16:00:00+00:00,2.1624999046325684
2025-04-03 17:00:00+00:00,2.1665000915527344
2025-04-03 18:00:00+00:00,2.159600019454956
2025-04-03 19:00:00+00:00,2.1566998958587646
2025-04-03 20:00:00+00:00,2.1528000831604004
2025-04-03 22:00:00+00:00,2.152400016784668
2025-04-03 23:00:00+00:00,2.1559998989105225
2025-04-04 00:00:00+00:00,2.1514999866485596
2025-04-04 01:00:00+00:00,2.1507999897003174
2025-04-04 02:00:00+00:00,2.146899938583374
2025-04-04 03:00:00+00:00,2.143399953842163
2025-04-04 04:00:00+00:00,2.135999917984009
2025-04-04 05:00:00+00:00,2.1422998905181885
2025-04-04 06:00:00+00:00,2.131700038909912
2025-04-04 07:00:00+00:00,2.1166999340057373
2025-04-04 08:00:00+00:00,2.098299980163574
2025-04-04 09:00:00+00:00,2.10509991645813
2025-04-04 10:00:00+00:00,2.0571999549865723
2025-04-04 11:00:00+00:00,2.042099952697754
2025-04-04 12:00:00+00:00,2.0441999435424805
2025-04-04 13:00:00+00:00,2.0367000102996826
2025-04-04 14:00:00+00:00,2.024899959564209
2025-04-04 15:00:00+00:00,2.046999931335449
2025-04-04 16:00:00+00:00,2.051300048828125
2025-04-04 17:00:00+00:00,2.0585999488830566
2025-04-04 18:00:00+00:00,2.0638999938964844
2025-04-04 19:00:00+00:00,2.0729000568389893
2025-04-04 20:00:00+00:00,2.0653998851776123
2025-04-06 22:00:00+00:00,2.003000020980835
2025-04-06 23:00:00+00:00,2.005000114440918
2025-04-07 00:00:00+00:00,2.011899948120117
2025-04-07 01:00:00+00:00,2.0201001167297363
2025-04-07 02:00:00+00:00,2.0160000324249268
2025-04-07 03:00:00+00:00,2.013400077819824
2025-04-07 04:00:00+00:00,2.0171000957489014
2025-04-07 05:00:00+00:00,2.0104000568389893
2025-04-07 06:00:00+00:00,2.002700090408325
2025-04-07 07:00:00+00:00,1.9925999641418457
2025-04-07 08:00:00+00:00,1.99399995803833
2025-04-07 09:00:00+00:00,1.9979000091552734
2025-04-07 10:00:00+00:00,2.017899990081787
2025-04-07 11:00:00+00:00,2.020400047302246
2025-04-07 12:00:00+00:00,2.0357000827789307
2025-04-07 13:00:00+00:00,2.046299934387207
2025-04-07 14:00:00+00:00,2.039599895477295
2025-04-07 15:00:00+00:00,2.0302999019622803
2025-04-07 16:00:00+00:00,2.026099920272827
2025-04-07 17:00:00+00:00,2.0360000133514404
2025-04-07 18:00:00+00:00,2.0197999477386475
2025-04-07 19:00:00+00:00,2.0234999656677246
2025-04-07 20:00:00+00:00,2.0253000259399414
2025-04-07 22:00:00+00:00,2.0348000526428223
2025-04-07 23:00:00+00:00,2.0309998989105225
2025-04-08 00:00:00+00:00,2.0348000526428223
2025-04-08 01:00:00+00:00,2.040299892425537
2025-04-08 02:00:00+00:00,2.0485000610351562
2025-04-08 03:00:00+00:00,2.0494000911712646
2025-04-08 04:00:00+00:00,2.0548999309539795
2025-04-08 05:00:00+00:00,2.0480000972747803
2025-04-08 06:00:00+00:00,2.0478999614715576
2025-04-08 07:00:00+00:00,2.0241000652313232
2025-04-08 08:00:00+00:00,2.038100004196167
2025-04-08 09:00:00+00:00,2.0299999713897705
2025-04-08 10:00:00+00:00,2.0295000076293945
2025-04-08 11:00:00+00:00,2.0408999919891357
2025-04-08 12:00:00+00:00,2.035599946975708
2025-04-08 13:00:00+00:00,2.03439998626709
2025-04-08 14:00:00+00:00,2.02620005607605
2025-04-08 15:00:00+00:00,2.0364999771118164
2025-04-08 16:00:00+00:00,1.9986000061035156
2025-04-08 17:00:00+00:00,2.00219988822937
2025-04-08 18:00:00+00:00,1.9823999404907227
2025-04-08 19:00:00+00:00,1.9693000316619873
2025-04-08 20:00:00+00:00,1.961899995803833
2025-04-08 22:00:00+00:00,1.9573999643325806
2025-04-08 23:00:00+00:00,1.9508999586105347
2025-04-09 00:00:00+00:00,1.9244999885559082
2025-04-09 01:00:00+00:00,1.9361000061035156
2025-04-09 02:00:00+00:00,1.9448000192642212
2025-04-09 03:00:00+00:00,1.934999942779541
2025-04-09 04:00:00+00:00,1.9301999807357788
2025-04-09 05:00:00+00:00,1.943600058555603
2025-04-09 06:00:00+00:00,1.958299994468689
2025-04-09 07:00:00+00:00,1.9537999629974365
2025-04-09 08:00:00+00:00,1.9484000205993652
2025-04-09 09:00:00+00:00,1.9330999851226807
2025-04-09 10:00:00+00:00,1.9388999938964844
2025-04-09 11:00:00+00:00,1.8913999795913696
2025-04-09 12:00:00+00:00,1.9047000408172607
2025-04-09 13:00:00+00:00,1.9244999885559082
2025-04-09 14:00:00+00:00,1.8873000144958496
2025-04-09 15:00:00+00:00,1.8967000246047974
2025-04-09 16:00:00+00:00,1.898300051689148
2025-04-09 17:00:00+00:00,2.0190999507904053
2025-04-09 18:00:00+00:00,2.015199899673462
2025-04-09 19:00:00+00:00,2.0369999408721924
2025-04-09 20:00:00+00:00,2.0415000915527344
2025-04-09 22:00:00+00:00,2.0464999675750732
2025-04-09 23:00:00+00:00,2.0425000190734863
2025-04-10 00:00:00+00:00,2.033400058746338
2025-04-10 01:00:00+00:00,2.024199962615967
2025-04-10 02:00:00+00:00,2.0255000591278076
2025-04-10 03:00:00+00:00,2.023099899291992
2025-04-10 04:00:00+00:00,2.0244998931884766
2025-04-10 05:00:00+00:00,2.027600049972534
2025-04-10 06:00:00+00:00,2.0325000286102295
2025-04-10 07:00:00+00:00,1.9941999912261963
2025-04-10 08:00:00+00:00,1.9801000356674194
2025-04-10 09:00:00+00:00,1.9952000379562378
2025-04-10 10:00:00+00:00,1.9924999475479126
2025-04-10 11:00:00+00:00,1.9895999431610107
2025-04-10 12:00:00+00:00,1.9701000452041626
2025-04-10 13:00:00+00:00,1.951200008392334
2025-04-10 14:00:00+00:00,1.948699951171875
2025-04-10 15:00:00+00:00,1.9536000490188599
2025-04-10 16:00:00+00:00,1.9503999948501587
2025-04-10 17:00:00+00:00,1.9621000289916992
2025-04-10 18:00:00+00:00,1.9686000347137451
2025-04-10 19:00:00+00:00,1.9704999923706055
2025-04-10 20:00:00+00:00,1.9673000574111938
2025-04-10 22:00:00+00:00,1.9661999940872192
2025-04-10 23:00:00+00:00,1.9575999975204468
2025-04-11 00:00:00+00:00,1.9570000171661377
2025-04-11 01:00:00+00:00,1.9529000520706177
2025-04-11 02:00:00+00:00,1.948099970817566
2025-04-11 03:00:00+00:00,1.9519000053405762
2025-04-11 04:00:00+00:00,1.9520000219345093
2025-04-11 05:00:00+00:00,1.9694000482559204
2025-04-11 06:00:00+00:00,1.9794000387191772
2025-04-11 07:00:00+00:00,1.985200047492981
2025-04-11 08:00:00+00:00,1.9743000268936157
2025-04-11 09:00:00+00:00,1.9853999614715576
2025-04-11 10:00:00+00:00,1.975600004196167
2025-04-11 11:00:00+00:00,1.9736000299453735
2025-04-11 12:00:00+00:00,1.970900058746338
2025-04-11 13:00:00+00:00,1.9706000089645386
2025-04-11 14:00:00+00:00,1.955299973487854
2025-04-11 15:00:00+00:00,1.9716999530792236
2025-04-11 16:00:00+00:00,1.9837000370025635
2025-04-11 17:00:00+00:00,1.9996000528335571
2025-04-11 18:00:00+00:00,2.002000093460083
2025-04-11 19:00:00+00:00,2.0058000087738037
2025-04-11 20:00:00+00:00,2.007200002670288
2025-04-13 22:00:00+00:00,2.0092999935150146
2025-04-13 23:00:00+00:00,2.0137999057769775
2025-04-14 00:00:00+00:00,2.018399953842163
2025-04-14 01:00:00+00:00,2.0160000324249268
2025-04-14 02:00:00+00:00,2.0136001110076904
2025-04-14 03:00:00+00:00,2.0134999752044678
2025-04-14 04:00:00+00:00,2.01419997215271
2025-04-14 05:00:00+00:00,2.020699977874756
2025-04-14 06:00:00+00:00,2.014699935913086
2025-04-14 07:00:00+00:00,2.0190999507904053
2025-04-14 08:00:00+00:00,2.0306999683380127
2025-04-14 09:00:00+00:00,2.034899950027466
2025-04-14 10:00:00+00:00,2.0427000522613525
2025-04-14 11:00:00+00:00,2.033600091934204
2025-04-14 12:00:00+00:00,2.0411999225616455
2025-04-14 13:00:00+00:00,2.022599935531616
2025-04-14 14:00:00+00:00,2.0215001106262207
2025-04-14 15:00:00+00:00,2.0104000568389893
2025-04-14 16:00:00+00:00,2.006700038909912
2025-04-14 17:00:00+00:00,2.012399911880493
2025-04-14 18:00:00+00:00,2.023200035095215
2025-04-14 19:00:00+00:00,2.0244998931884766
2025-04-14 20:00:00+00:00,2.0223000049591064
2025-04-14 22:00:00+00:00,2.022599935531616
2025-04-14 23:00:00+00:00,2.024399995803833
2025-04-15 00:00:00+00:00,2.0278000831604004
2025-04-15 01:00:00+00:00,2.024899959564209
2025-04-15 02:00:00+00:00,2.0243000984191895
2025-04-15 03:00:00+00:00,2.027100086212158
2025-04-15 04:00:00+00:00,2.029599905014038
2025-04-15 05:00:00+00:00,2.0297999382019043
2025-04-15 06:00:00+00:00,2.032900094985962
2025-04-15 07:00:00+00:00,2.0306999683380127
2025-04-15 08:00:00+00:00,2.022599935531616
2025-04-15 09:00:00+00:00,2.0134999752044678
2025-04-15 10:00:00+00:00,2.018899917602539
2025-04-15 11:00:00+00:00,2.0153000354766846
2025-04-15 12:00:00+00:00,2.0174999237060547
2025-04-15 13:00:00+00:00,2.034600019454956
2025-04-15 14:00:00+00:00,2.0297999382019043
2025-04-15 15:00:00+00:00,2.0206000804901123
2025-04-15 16:00:00+00:00,2.0260000228881836
2025-04-15 17:00:00+00:00,2.026400089263916
2025-04-15 18:00:00+00:00,2.0297000408172607
2025-04-15 19:00:00+00:00,2.030100107192993
2025-04-15 20:00:00+00:00,2.0348000526428223
2025-04-15 22:00:00+00:00,2.0327000617980957
2025-04-15 23:00:00+00:00,2.0320000648498535
2025-04-16 00:00:00+00:00,2.0299999713897705
2025-04-16 01:00:00+00:00,2.0297000408172607
2025-04-16 02:00:00+00:00,2.0283000469207764
2025-04-16 03:00:00+00:00,2.025599956512451
2025-04-16 04:00:00+00:00,2.027100086212158
2025-04-16 05:00:00+00:00,2.0048999786376953
2025-04-16 06:00:00+00:00,2.015000104904175
2025-04-16 07:00:00+00:00,2.0215001106262207
2025-04-16 08:00:00+00:00,2.0448999404907227
2025-04-16 09:00:00+00:00,2.044800043106079
2025-04-16 10:00:00+00:00,2.0445001125335693
2025-04-16 11:00:00+00:00,2.0452001094818115
2025-04-16 12:00:00+00:00,2.047100067138672
2025-04-16 13:00:00+00:00,2.045099973678589
2025-04-16 14:00:00+00:00,2.037100076675415
2025-04-16 15:00:00+00:00,2.037899971008301
2025-04-16 16:00:00+00:00,2.043100118637085
2025-04-16 17:00:00+00:00,2.0352001190185547
2025-04-16 18:00:00+00:00,2.047499895095825
2025-04-16 19:00:00+00:00,2.0485000610351562
2025-04-16 20:00:00+00:00,2.046999931335449
2025-04-16 22:00:00+00:00,2.0511999130249023
2025-04-16 23:00:00+00:00,2.051300048828125
2025-04-17 00:00:00+00:00,2.0494000911712646
2025-04-17 01:00:00+00:00,2.053499937057495
2025-04-17 02:00:00+00:00,2.055299997329712
2025-04-17 03:00:00+00:00,2.06030011177063
2025-04-17 04:00:00+00:00,2.065500020980835
2025-04-17 05:00:00+00:00,2.06850004196167
2025-04-17 06:00:00+00:00,2.0548999309539795
2025-04-17 07:00:00+00:00,2.055000066757202
2025-04-17 08:00:00+00:00,2.055000066757202
2025-04-17 09:00:00+00:00,2.0546998977661133
2025-04-17 10:00:00+00:00,2.056299924850464
2025-04-17 11:00:00+00:00,2.0636000633239746
2025-04-17 12:00:00+00:00,2.0673000812530518
2025-04-17 13:00:00+00:00,2.0652999877929688
2025-04-17 14:00:00+00:00,2.075500011444092
2025-04-17 15:00:00+00:00,2.0910000801086426
2025-04-17 16:00:00+00:00,2.100100040435791
2025-04-17 17:00:00+00:00,2.0969998836517334
2025-04-17 18:00:00+00:00,2.0922000408172607
2025-04-17 19:00:00+00:00,2.09089994430542
2025-04-17 20:00:00+00:00,2.092099905014038
2025-04-20 22:00:00+00:00,2.080899953842163
2025-04-20 23:00:00+00:00,2.0804998874664307
2025-04-21 00:00:00+00:00,2.079900026321411
2025-04-21 01:00:00+00:00,2.07450008392334
2025-04-21 02:00:00+00:00,2.0736000537872314
2025-04-21 03:00:00+00:00,2.0762999057769775
2025-04-21 05:00:00+00:00,2.078399896621704
2025-04-21 06:00:00+00:00,2.0752999782562256
2025-04-21 07:00:00+00:00,2.072200059890747
2025-04-21 08:00:00+00:00,2.063800096511841
2025-04-21 09:00:00+00:00,2.0559000968933105
2025-04-21 10:00:00+00:00,2.0571999549865723
2025-04-21 11:00:00+00:00,2.0611000061035156
2025-04-21 12:00:00+00:00,2.058799982070923
2025-04-21 13:00:00+00:00,2.047800064086914
2025-04-21 14:00:00+00:00,2.0580999851226807
2025-04-21 15:00:00+00:00,2.0534000396728516
2025-04-21 16:00:00+00:00,2.0580999851226807
2025-04-21 17:00:00+00:00,2.059499979019165
2025-04-21 18:00:00+00:00,2.070199966430664
2025-04-21 19:00:00+00:00,2.0759999752044678
2025-04-21 20:00:00+00:00,2.0727999210357666
2025-04-21 22:00:00+00:00,2.077500104904175
2025-04-21 23:00:00+00:00,2.081399917602539
2025-04-22 00:00:00+00:00,2.080199956893921
2025-04-22 01:00:00+00:00,2.0840001106262207
2025-04-22 02:00:00+00:00,2.0762999057769775
2025-04-22 03:00:00+00:00,2.074899911880493
2025-04-22 04:00:00+00:00,2.0782999992370605
2025-04-22 05:00:00+00:00,2.076900005340576
2025-04-22 06:00:00+00:00,2.085700035095215
2025-04-22 07:00:00+00:00,2.0924999713897705
2025-04-22 08:00:00+00:00,2.090100049972534
2025-04-22 09:00:00+00:00,2.0964999198913574
2025-04-22 10:00:00+00:00,2.0917999744415283
2025-04-22 11:00:00+00:00,2.09660005569458
2025-04-22 12:00:00+00:00,2.098099946975708
2025-04-22 13:00:00+00:00,2.0915000438690186
2025-04-22 14:00:00+00:00,2.0924999713897705
2025-04-22 15:00:00+00:00,2.1152000427246094
2025-04-22 16:00:00+00:00,2.1154000759124756
2025-04-22 17:00:00+00:00,2.102799892425537
2025-04-22 18:00:00+00:00,2.09660005569458
2025-04-22 19:00:00+00:00,2.09689998626709
2025-04-22 20:00:00+00:00,2.099400043487549
2025-04-22 22:00:00+00:00,2.118499994277954
2025-04-22 23:00:00+00:00,2.1166000366210938
2025-04-23 00:00:00+00:00,2.119499921798706
2025-04-23 01:00:00+00:00,2.112499952316284
2025-04-23 02:00:00+00:00,2.113800048828125
2025-04-23 03:00:00+00:00,2.1147000789642334
2025-04-23 04:00:00+00:00,2.1150999069213867
2025-04-23 05:00:00+00:00,2.1191999912261963
2025-04-23 06:00:00+00:00,2.13070011138916
2025-04-23 07:00:00+00:00,2.126300096511841
2025-04-23 08:00:00+00:00,2.1298999786376953
2025-04-23 09:00:00+00:00,2.1212000846862793
2025-04-23 10:00:00+00:00,2.12280011177063
2025-04-23 11:00:00+00:00,2.105299949645996
2025-04-23 12:00:00+00:00,2.0950000286102295
2025-04-23 13:00:00+00:00,2.099600076675415
2025-04-23 14:00:00+00:00,2.0866000652313232
2025-04-23 15:00:00+00:00,2.0731000900268555
2025-04-23 16:00:00+00:00,2.078399896621704
2025-04-23 17:00:00+00:00,2.0797998905181885
2025-04-23 18:00:00+00:00,2.0815000534057617
2025-04-23 19:00:00+00:00,2.0803000926971436
2025-04-23 20:00:00+00:00,2.080899953842163
2025-04-23 22:00:00+00:00,2.080899953842163
2025-04-24 00:00:00+00:00,2.081399917602539
2025-04-24 01:00:00+00:00,2.0850000381469727
2025-04-24 02:00:00+00:00,2.0820999145507812
2025-04-24 04:00:00+00:00,2.082200050354004
2025-04-24 05:00:00+00:00,2.0778000354766846
2025-04-24 06:00:00+00:00,2.0876998901367188
2025-04-24 07:00:00+00:00,2.0945000648498535
2025-04-24 08:00:00+00:00,2.0882999897003174
2025-04-24 09:00:00+00:00,2.091200113296509
2025-04-24 10:00:00+00:00,2.0999999046325684
2025-04-24 11:00:00+00:00,2.09879994392395
2025-04-24 12:00:00+00:00,2.096400022506714
2025-04-24 13:00:00+00:00,2.0936999320983887
2025-04-24 14:00:00+00:00,2.094099998474121
2025-04-24 15:00:00+00:00,2.087399959564209
2025-04-24 16:00:00+00:00,2.102799892425537
2025-04-24 17:00:00+00:00,2.107300043106079
2025-04-24 18:00:00+00:00,2.1033999919891357
2025-04-24 19:00:00+00:00,2.1047000885009766
2025-04-24 20:00:00+00:00,2.108599901199341
2025-04-24 22:00:00+00:00,2.111999988555908
2025-04-24 23:00:00+00:00,2.1126999855041504
2025-04-25 00:00:00+00:00,2.11899995803833
2025-04-25 01:00:00+00:00,2.111799955368042
2025-04-25 02:00:00+00:00,2.1110000610351562
2025-04-25 03:00:00+00:00,2.1203999519348145
2025-04-25 04:00:00+00:00,2.120699882507324
2025-04-25 05:00:00+00:00,2.1196000576019287
2025-04-25 06:00:00+00:00,2.118499994277954
2025-04-25 07:00:00+00:00,2.1098999977111816
2025-04-25 08:00:00+00:00,2.1080000400543213
2025-04-25 09:00:00+00:00,2.1029999256134033
2025-04-25 10:00:00+00:00,2.088900089263916
2025-04-25 11:00:00+00:00,2.0906999111175537
2025-04-25 12:00:00+00:00,2.095400094985962
2025-04-25 13:00:00+00:00,2.108299970626831
2025-04-25 14:00:00+00:00,2.1071999073028564
2025-04-25 15:00:00+00:00,2.118000030517578
2025-04-25 16:00:00+00:00,2.1143999099731445
2025-04-25 17:00:00+00:00,2.109800100326538
2025-04-25 18:00:00+00:00,2.119800090789795
2025-04-25 19:00:00+00:00,2.1243999004364014
2025-04-25 20:00:00+00:00,2.121299982070923
2025-04-27 22:00:00+00:00,2.1328001022338867
2025-04-27 23:00:00+00:00,2.1177000999450684
2025-04-28 00:00:00+00:00,2.119999885559082
2025-04-28 01:00:00+00:00,2.1154000759124756
2025-04-28 02:00:00+00:00,2.1147000789642334
2025-04-28 03:00:00+00:00,2.1203999519348145
2025-04-28 05:00:00+00:00,2.122999906539917
2025-04-28 06:00:00+00:00,2.122299909591675
2025-04-28 07:00:00+00:00,2.118000030517578
2025-04-28 08:00:00+00:00,2.114300012588501
2025-04-28 09:00:00+00:00,2.112499952316284
2025-04-28 10:00:00+00:00,2.1092000007629395
2025-04-28 11:00:00+00:00,2.1143999099731445
2025-04-28 12:00:00+00:00,2.123699903488159
2025-04-28 13:00:00+00:00,2.113100051879883
2025-04-28 14:00:00+00:00,2.103300094604492
2025-04-28 15:00:00+00:00,2.0999999046325684
2025-04-28 16:00:00+00:00,2.0969998836517334
2025-04-28 17:00:00+00:00,2.0999999046325684
2025-04-28 18:00:00+00:00,2.10479998588562
2025-04-28 19:00:00+00:00,2.1054999828338623
2025-04-28 20:00:00+00:00,2.1017000675201416
2025-04-28 22:00:00+00:00,2.105299949645996
2025-04-28 23:00:00+00:00,2.106600046157837
2025-04-29 00:00:00+00:00,2.1029000282287598
2025-04-29 01:00:00+00:00,2.107100009918213
2025-04-29 02:00:00+00:00,2.1005001068115234
2025-04-29 03:00:00+00:00,2.0982000827789307
2025-04-29 04:00:00+00:00,2.0980000495910645
2025-04-29 05:00:00+00:00,2.092099905014038
2025-04-29 06:00:00+00:00,2.0922999382019043
2025-04-29 07:00:00+00:00,2.088099956512451
2025-04-29 08:00:00+00:00,2.0799999237060547
2025-04-29 09:00:00+00:00,2.087899923324585
2025-04-29 10:00:00+00:00,2.0845999717712402
2025-04-29 11:00:00+00:00,2.085200071334839
2025-04-29 12:00:00+00:00,2.073499917984009
2025-04-29 13:00:00+00:00,2.0776000022888184
2025-04-29 14:00:00+00:00,2.075000047683716
2025-04-29 15:00:00+00:00,2.0683999061584473
2025-04-29 16:00:00+00:00,2.063699960708618
2025-04-29 17:00:00+00:00,2.0713999271392822
2025-04-29 18:00:00+00:00,2.066499948501587
2025-04-29 19:00:00+00:00,2.063699960708618
2025-04-29 20:00:00+00:00,2.0648000240325928
2025-04-29 22:00:00+00:00,2.0653998851776123
2025-04-30 03:00:00+00:00,2.0497000217437744
2025-04-30 08:00:00+00:00,2.049299955368042
2025-04-30 09:00:00+00:00,2.0539000034332275
2025-04-30 11:00:00+00:00,2.0594000816345215
2025-04-30 12:00:00+00:00,2.0541999340057373
2025-04-30 13:00:00+00:00,2.055999994277954
2025-04-30 14:00:00+00:00,2.0592000484466553
2025-04-30 15:00:00+00:00,2.0376999378204346
2025-04-30 16:00:00+00:00,2.0320000648498535
2025-04-30 17:00:00+00:00,2.0394999980926514
2025-04-30 18:00:00+00:00,2.0357000827789307
2025-05-01 07:00:00+00:00,2.0053000450134277
2025-05-01 08:00:00+00:00,1.9980000257492065
2025-05-01 09:00:00+00:00,1.989300012588501
2025-05-01 10:00:00+00:00,1.9886000156402588
2025-05-01 11:00:00+00:00,1.9981000423431396
2025-05-01 12:00:00+00:00,2.011899948120117
2025-05-01 13:00:00+00:00,2.0343000888824463
2025-05-01 14:00:00+00:00,2.0325000286102295
2025-05-01 15:00:00+00:00,2.0271999835968018
2025-05-01 16:00:00+00:00,2.0251998901367188
2025-05-01 17:00:00+00:00,2.0325000286102295
2025-05-01 18:00:00+00:00,2.0457000732421875
2025-05-01 19:00:00+00:00,2.0459001064300537
2025-05-01 20:00:00+00:00,2.042799949645996
2025-05-01 22:00:00+00:00,2.039599895477295
2025-05-01 23:00:00+00:00,2.04229998588562
2025-05-02 00:00:00+00:00,2.0524001121520996
2025-05-02 01:00:00+00:00,2.0587000846862793
2025-05-02 02:00:00+00:00,2.061300039291382
2025-05-02 03:00:00+00:00,2.0592000484466553
2025-05-02 04:00:00+00:00,2.0583999156951904
2025-05-02 05:00:00+00:00,2.0553998947143555
2025-05-02 06:00:00+00:00,2.0497000217437744
2025-05-02 07:00:00+00:00,2.049799919128418
2025-05-02 08:00:00+00:00,2.0390000343322754
2025-05-02 09:00:00+00:00,2.037400007247925
2025-05-02 10:00:00+00:00,2.0350000858306885
2025-05-02 11:00:00+00:00,2.0280001163482666
2025-05-02 12:00:00+00:00,2.038800001144409
2025-05-02 13:00:00+00:00,2.0181000232696533
2025-05-02 14:00:00+00:00,2.015399932861328
2025-05-02 15:00:00+00:00,2.024899959564209
2025-05-02 16:00:00+00:00,2.012200117111206
2025-05-02 17:00:00+00:00,2.0216000080108643
2025-05-02 18:00:00+00:00,2.015199899673462
2025-05-02 19:00:00+00:00,2.0253000259399414
2025-05-02 20:00:00+00:00,2.0234999656677246
2025-05-04 22:00:00+00:00,1.9781999588012695
2025-05-04 23:00:00+00:00,1.9704999923706055
2025-05-05 00:00:00+00:00,1.9730000495910645
2025-05-05 01:00:00+00:00,1.9736000299453735
2025-05-05 02:00:00+00:00,1.9700000286102295
2025-05-05 03:00:00+00:00,1.968400001525879
2025-05-05 04:00:00+00:00,1.9682999849319458
2025-05-05 05:00:00+00:00,1.9768999814987183
2025-05-05 06:00:00+00:00,1.9838000535964966
2025-05-05 07:00:00+00:00,1.990399956703186
2025-05-05 08:00:00+00:00,1.9946999549865723
2025-05-05 09:00:00+00:00,2.0053000450134277
2025-05-05 10:00:00+00:00,2.00600004196167
2025-05-05 11:00:00+00:00,2.005500078201294
2025-05-05 12:00:00+00:00,2.007699966430664
2025-05-05 13:00:00+00:00,2.0100998878479004
2025-05-05 14:00:00+00:00,1.9948999881744385
2025-05-05 15:00:00+00:00,1.9987000226974487
2025-05-05 16:00:00+00:00,2.0202999114990234
2025-05-05 17:00:00+00:00,2.030600070953369
2025-05-05 18:00:00+00:00,2.0246999263763428
2025-05-05 19:00:00+00:00,2.023400068283081
2025-05-05 20:00:00+00:00,2.02810001373291
2025-05-05 22:00:00+00:00,2.026700019836426
2025-05-05 23:00:00+00:00,2.025700092315674
2025-05-06 00:00:00+00:00,2.028599977493286
2025-05-06 01:00:00+00:00,2.049499988555908
2025-05-06 02:00:00+00:00,2.048099994659424
2025-05-06 03:00:00+00:00,2.0483999252319336
2025-05-06 04:00:00+00:00,2.0504000186920166
2025-05-06 05:00:00+00:00,2.0450000762939453
2025-05-06 06:00:00+00:00,2.0543999671936035
2025-05-06 07:00:00+00:00,2.05679988861084
2025-05-06 08:00:00+00:00,2.0576999187469482
2025-05-06 09:00:00+00:00,2.0597000122070312
2025-05-06 10:00:00+00:00,2.047100067138672
2025-05-06 11:00:00+00:00,2.0536000728607178
2025-05-06 12:00:00+00:00,2.05430006980896
2025-05-06 13:00:00+00:00,2.0687999725341797
2025-05-06 14:00:00+00:00,2.0678999423980713
2025-05-06 15:00:00+00:00,2.076900005340576
2025-05-06 16:00:00+00:00,2.0601999759674072
2025-05-06 17:00:00+00:00,2.068700075149536
2025-05-06 18:00:00+00:00,2.0620999336242676
2025-05-06 19:00:00+00:00,2.065200090408325
2025-05-06 20:00:00+00:00,2.058500051498413
2025-05-06 22:00:00+00:00,2.069999933242798
2025-05-06 23:00:00+00:00,2.0710999965667725
2025-05-07 00:00:00+00:00,2.076200008392334
2025-05-07 01:00:00+00:00,2.0731000900268555
2025-05-07 02:00:00+00:00,2.069499969482422
2025-05-07 03:00:00+00:00,2.069499969482422
2025-05-07 04:00:00+00:00,2.075900077819824
2025-05-07 05:00:00+00:00,2.0736000537872314
2025-05-07 06:00:00+00:00,2.0768001079559326
2025-05-07 07:00:00+00:00,2.079699993133545
2025-05-07 08:00:00+00:00,2.0692999362945557
2025-05-07 09:00:00+00:00,2.0611000061035156
2025-05-07 10:00:00+00:00,2.0655999183654785
2025-05-07 11:00:00+00:00,2.065999984741211
2025-05-07 12:00:00+00:00,2.0534000396728516
2025-05-07 13:00:00+00:00,2.0527000427246094
2025-05-07 14:00:00+00:00,2.0302000045776367
2025-05-07 15:00:00+00:00,2.027100086212158
2025-05-07 16:00:00+00:00,2.0292000770568848
2025-05-07 17:00:00+00:00,2.029400110244751
2025-05-07 18:00:00+00:00,2.025700092315674
2025-05-07 19:00:00+00:00,2.024899959564209
2025-05-07 20:00:00+00:00,2.022900104522705
2025-05-07 22:00:00+00:00,2.02020001411438
2025-05-07 23:00:00+00:00,2.027100086212158
2025-05-08 00:00:00+00:00,2.0292999744415283
2025-05-08 01:00:00+00:00,2.0355000495910645
2025-05-08 02:00:00+00:00,2.0352001190185547
2025-05-08 03:00:00+00:00,2.0392000675201416
2025-05-08 04:00:00+00:00,2.0364999771118164
2025-05-08 05:00:00+00:00,2.0411999225616455
2025-05-08 06:00:00+00:00,2.0325000286102295
2025-05-08 07:00:00+00:00,2.033799886703491
2025-05-08 08:00:00+00:00,2.0397000312805176
2025-05-08 09:00:00+00:00,2.039299964904785
2025-05-08 10:00:00+00:00,2.0495998859405518
2025-05-08 11:00:00+00:00,2.0494000911712646
2025-05-08 12:00:00+00:00,2.0488998889923096
2025-05-08 13:00:00+00:00,2.063499927520752
2025-05-08 14:00:00+00:00,2.0729000568389893
2025-05-08 15:00:00+00:00,2.088599920272827
2025-05-08 16:00:00+00:00,2.085900068283081
2025-05-08 17:00:00+00:00,2.082900047302246
2025-05-08 18:00:00+00:00,2.0861001014709473
2025-05-08 19:00:00+00:00,2.0889999866485596
2025-05-08 20:00:00+00:00,2.096400022506714
2025-05-08 22:00:00+00:00,2.094899892807007
2025-05-08 23:00:00+00:00,2.0940001010894775
2025-05-09 00:00:00+00:00,2.091099977493286
2025-05-09 01:00:00+00:00,2.0894999504089355
2025-05-09 02:00:00+00:00,2.0917999744415283
2025-05-09 03:00:00+00:00,2.089200019836426
2025-05-09 04:00:00+00:00,2.0901999473571777
2025-05-09 05:00:00+00:00,2.0894999504089355
2025-05-09 06:00:00+00:00,2.091099977493286
2025-05-09 07:00:00+00:00,2.0957000255584717
2025-05-09 08:00:00+00:00,2.1019999980926514
2025-05-09 09:00:00+00:00,2.1105000972747803
2025-05-09 10:00:00+00:00,2.11299991607666
2025-05-09 11:00:00+00:00,2.114000082015991
2025-05-09 12:00:00+00:00,2.1122000217437744
2025-05-09 13:00:00+00:00,2.0994999408721924
2025-05-09 14:00:00+00:00,2.095900058746338
2025-05-09 15:00:00+00:00,2.0985000133514404
2025-05-09 16:00:00+00:00,2.1059000492095947
2025-05-09 17:00:00+00:00,2.1077001094818115
2025-05-09 18:00:00+00:00,2.110300064086914
2025-05-09 19:00:00+00:00,2.110599994659424
2025-05-09 20:00:00+00:00,2.1112000942230225
2025-05-11 22:00:00+00:00,2.123800039291382
2025-05-11 23:00:00+00:00,2.123800039291382
2025-05-12 00:00:00+00:00,2.117799997329712
2025-05-12 01:00:00+00:00,2.1157000064849854
2025-05-12 02:00:00+00:00,2.1245999336242676
2025-05-12 03:00:00+00:00,2.123500108718872
2025-05-12 04:00:00+00:00,2.1252999305725098
2025-05-12 05:00:00+00:00,2.1338000297546387
2025-05-12 06:00:00+00:00,2.1342999935150146
2025-05-12 07:00:00+00:00,2.1498000621795654
2025-05-12 08:00:00+00:00,2.142899990081787
2025-05-12 09:00:00+00:00,2.148400068283081
2025-05-12 10:00:00+00:00,2.157099962234497
2025-05-12 11:00:00+00:00,2.161900043487549
2025-05-12 12:00:00+00:00,2.1630001068115234
2025-05-12 13:00:00+00:00,2.148200035095215
2025-05-12 14:00:00+00:00,2.140199899673462
2025-05-12 15:00:00+00:00,2.135200023651123
2025-05-12 16:00:00+00:00,2.137200117111206
2025-05-12 17:00:00+00:00,2.1338000297546387
2025-05-12 18:00:00+00:00,2.134500026702881
2025-05-12 19:00:00+00:00,2.1310999393463135
2025-05-12 20:00:00+00:00,2.1340999603271484
2025-05-12 22:00:00+00:00,2.132699966430664
2025-05-12 23:00:00+00:00,2.1342999935150146
2025-05-13 00:00:00+00:00,2.128000020980835
2025-05-13 01:00:00+00:00,2.128200054168701
2025-05-13 02:00:00+00:00,2.1282999515533447
2025-05-13 03:00:00+00:00,2.129199981689453
2025-05-13 04:00:00+00:00,2.130000114440918
2025-05-13 05:00:00+00:00,2.132200002670288
2025-05-13 06:00:00+00:00,2.1315999031066895
2025-05-13 07:00:00+00:00,2.1273000240325928
2025-05-13 08:00:00+00:00,2.135499954223633
2025-05-13 09:00:00+00:00,2.1328001022338867
2025-05-13 10:00:00+00:00,2.137200117111206
2025-05-13 11:00:00+00:00,2.1386001110076904
2025-05-13 12:00:00+00:00,2.1394999027252197
2025-05-13 13:00:00+00:00,2.1370999813079834
2025-05-13 14:00:00+00:00,2.148400068283081
2025-05-13 15:00:00+00:00,2.1605000495910645
2025-05-13 16:00:00+00:00,2.169800043106079
2025-05-13 17:00:00+00:00,2.167799949645996
2025-05-13 18:00:00+00:00,2.1666998863220215
2025-05-13 19:00:00+00:00,2.1661999225616455
2025-05-13 20:00:00+00:00,2.166800022125244
2025-05-13 22:00:00+00:00,2.1675000190734863
2025-05-13 23:00:00+00:00,2.168299913406372
2025-05-14 00:00:00+00:00,2.162600040435791
2025-05-14 01:00:00+00:00,2.164099931716919
2025-05-14 02:00:00+00:00,2.161400079727173
2025-05-14 03:00:00+00:00,2.16129994392395
2025-05-14 04:00:00+00:00,2.1598000526428223
2025-05-14 05:00:00+00:00,2.162100076675415
2025-05-14 06:00:00+00:00,2.161099910736084
2025-05-14 07:00:00+00:00,2.163599967956543
2025-05-14 08:00:00+00:00,2.1584999561309814
2025-05-14 09:00:00+00:00,2.1424999237060547
2025-05-14 10:00:00+00:00,2.1452999114990234
2025-05-14 11:00:00+00:00,2.150599956512451
2025-05-14 12:00:00+00:00,2.1552999019622803
2025-05-14 13:00:00+00:00,2.172499895095825
2025-05-14 14:00:00+00:00,2.1740000247955322
2025-05-14 15:00:00+00:00,2.1684000492095947
2025-05-14 16:00:00+00:00,2.174099922180176
2025-05-14 17:00:00+00:00,2.1761999130249023
2025-05-14 18:00:00+00:00,2.1649999618530273
2025-05-14 19:00:00+00:00,2.1589999198913574
2025-05-14 20:00:00+00:00,2.1517999172210693
2025-05-14 22:00:00+00:00,2.1396000385284424
2025-05-14 23:00:00+00:00,2.141700029373169
2025-05-15 00:00:00+00:00,2.1380999088287354
2025-05-15 01:00:00+00:00,2.13100004196167
2025-05-15 02:00:00+00:00,2.121799945831299
2025-05-15 03:00:00+00:00,2.1254000663757324
2025-05-15 04:00:00+00:00,2.125499963760376
2025-05-15 05:00:00+00:00,2.1198999881744385
2025-05-15 06:00:00+00:00,2.1054000854492188
2025-05-15 07:00:00+00:00,2.108799934387207
2025-05-15 08:00:00+00:00,2.099600076675415
2025-05-15 09:00:00+00:00,2.103100061416626
2025-05-15 10:00:00+00:00,2.1105000972747803
2025-05-15 11:00:00+00:00,2.1110999584198
2025-05-15 12:00:00+00:00,2.1185998916625977
2025-05-15 13:00:00+00:00,2.125499963760376
2025-05-15 14:00:00+00:00,2.120300054550171
2025-05-15 15:00:00+00:00,2.128200054168701
2025-05-15 16:00:00+00:00,2.1319000720977783
2025-05-15 17:00:00+00:00,2.1338999271392822
2025-05-15 18:00:00+00:00,2.135699987411499
2025-05-15 19:00:00+00:00,2.1363000869750977
2025-05-15 20:00:00+00:00,2.134399890899658
2025-05-15 22:00:00+00:00,2.1364998817443848
2025-05-15 23:00:00+00:00,2.136399984359741
2025-05-16 00:00:00+00:00,2.1326000690460205
2025-05-16 01:00:00+00:00,2.134399890899658
2025-05-16 02:00:00+00:00,2.1356000900268555
2025-05-16 03:00:00+00:00,2.1364998817443848
2025-05-16 04:00:00+00:00,2.1394999027252197
2025-05-16 05:00:00+00:00,2.1303000450134277
2025-05-16 06:00:00+00:00,2.123699903488159
2025-05-16 07:00:00+00:00,2.129499912261963
2025-05-16 08:00:00+00:00,2.121999979019165
2025-05-16 09:00:00+00:00,2.1263999938964844
2025-05-16 10:00:00+00:00,2.137500047683716
2025-05-16 11:00:00+00:00,2.1280999183654785
2025-05-16 12:00:00+00:00,2.142400026321411
2025-05-16 13:00:00+00:00,2.136899948120117
2025-05-16 14:00:00+00:00,2.1359000205993652
2025-05-16 15:00:00+00:00,2.1461000442504883
2025-05-16 16:00:00+00:00,2.143399953842163
2025-05-16 17:00:00+00:00,2.146699905395508
2025-05-16 18:00:00+00:00,2.143199920654297
2025-05-16 19:00:00+00:00,2.135499954223633
2025-05-16 20:00:00+00:00,2.140500068664551
2025-05-18 22:00:00+00:00,2.142899990081787
2025-05-18 23:00:00+00:00,2.1438000202178955
2025-05-19 00:00:00+00:00,2.1422998905181885
2025-05-19 01:00:00+00:00,2.136199951171875
2025-05-19 02:00:00+00:00,2.1410000324249268
2025-05-19 03:00:00+00:00,2.1354000568389893
2025-05-19 04:00:00+00:00,2.132699966430664
2025-05-19 05:00:00+00:00,2.1328999996185303
2025-05-19 06:00:00+00:00,2.128999948501587
2025-05-19 07:00:00+00:00,2.132999897003174
2025-05-19 08:00:00+00:00,2.1256000995635986
2025-05-19 09:00:00+00:00,2.121799945831299
2025-05-19 10:00:00+00:00,2.1117000579833984
2025-05-19 11:00:00+00:00,2.1131999492645264
2025-05-19 12:00:00+00:00,2.1266000270843506
2025-05-19 13:00:00+00:00,2.1194000244140625
2025-05-19 14:00:00+00:00,2.128200054168701
2025-05-19 15:00:00+00:00,2.1421000957489014
2025-05-19 16:00:00+00:00,2.131700038909912
2025-05-19 17:00:00+00:00,2.1261000633239746
2025-05-19 18:00:00+00:00,2.1308999061584473
2025-05-19 19:00:00+00:00,2.1382999420166016
2025-05-19 20:00:00+00:00,2.1401000022888184
2025-05-19 22:00:00+00:00,2.140700101852417
2025-05-20 00:00:00+00:00,2.1412999629974365
2025-05-20 01:00:00+00:00,2.1403000354766846
2025-05-20 02:00:00+00:00,2.140000104904175
2025-05-20 03:00:00+00:00,2.1403000354766846
2025-05-20 04:00:00+00:00,2.1359000205993652
2025-05-20 05:00:00+00:00,2.134999990463257
2025-05-20 06:00:00+00:00,2.1428000926971436
2025-05-20 07:00:00+00:00,2.130199909210205
2025-05-20 08:00:00+00:00,2.140000104904175
2025-05-20 09:00:00+00:00,2.1410999298095703
2025-05-20 10:00:00+00:00,2.1384999752044678
2025-05-20 11:00:00+00:00,2.134000062942505
2025-05-20 12:00:00+00:00,2.140199899673462
2025-05-20 13:00:00+00:00,2.1349000930786133
2025-05-20 14:00:00+00:00,2.137700080871582
2025-05-20 15:00:00+00:00,2.138700008392334
2025-05-20 16:00:00+00:00,2.1563000679016113
2025-05-20 17:00:00+00:00,2.154099941253662
2025-05-20 18:00:00+00:00,2.1549999713897705
2025-05-20 19:00:00+00:00,2.1563000679016113
2025-05-20 20:00:00+00:00,2.1582999229431152
2025-05-20 22:00:00+00:00,2.183000087738037
2025-05-20 23:00:00+00:00,2.1719000339508057
2025-05-21 00:00:00+00:00,2.1735999584198
2025-05-21 01:00:00+00:00,2.178999900817871
2025-05-21 02:00:00+00:00,2.17330002784729
2025-05-21 04:00:00+00:00,2.1809000968933105
2025-05-21 05:00:00+00:00,2.178100109100342
2025-05-21 06:00:00+00:00,2.1705000400543213
2025-05-21 07:00:00+00:00,2.171600103378296
2025-05-21 08:00:00+00:00,2.17330002784729
2025-05-21 09:00:00+00:00,2.1726999282836914
2025-05-21 10:00:00+00:00,2.166300058364868
2025-05-21 11:00:00+00:00,2.168800115585327
2025-05-21 12:00:00+00:00,2.173799991607666
2025-05-21 13:00:00+00:00,2.163800001144409
2025-05-21 14:00:00+00:00,2.1363000869750977
2025-05-21 15:00:00+00:00,2.1375999450683594
2025-05-21 16:00:00+00:00,2.146199941635132
2025-05-21 17:00:00+00:00,2.1468000411987305
2025-05-21 18:00:00+00:00,2.1456000804901123
2025-05-21 19:00:00+00:00,2.1407999992370605
2025-05-21 20:00:00+00:00,2.1431000232696533
2025-05-21 22:00:00+00:00,2.1349000930786133
2025-05-21 23:00:00+00:00,2.1335999965667725
2025-05-22 00:00:00+00:00,2.133500099182129
2025-05-22 01:00:00+00:00,2.130199909210205
2025-05-22 02:00:00+00:00,2.134500026702881
2025-05-22 03:00:00+00:00,2.1396000385284424
2025-05-22 04:00:00+00:00,2.139400005340576
2025-05-22 05:00:00+00:00,2.140000104904175
2025-05-22 06:00:00+00:00,2.11299991607666
2025-05-22 07:00:00+00:00,2.1222000122070312
2025-05-22 08:00:00+00:00,2.1182000637054443
2025-05-22 09:00:00+00:00,2.1166000366210938
2025-05-22 10:00:00+00:00,2.109299898147583
2025-05-22 11:00:00+00:00,2.115000009536743
2025-05-22 12:00:00+00:00,2.1110000610351562
2025-05-22 13:00:00+00:00,2.1173999309539795
2025-05-22 14:00:00+00:00,2.1240999698638916
2025-05-22 15:00:00+00:00,2.1177000999450684
2025-05-22 16:00:00+00:00,2.128999948501587
2025-05-22 17:00:00+00:00,2.1301000118255615
2025-05-22 18:00:00+00:00,2.1340999603271484
2025-05-22 19:00:00+00:00,2.1229000091552734
2025-05-22 20:00:00+00:00,2.126800060272217
2025-05-22 22:00:00+00:00,2.1266000270843506
2025-05-22 23:00:00+00:00,2.125699996948242
2025-05-23 00:00:00+00:00,2.1277999877929688
2025-05-23 01:00:00+00:00,2.127000093460083
2025-05-23 02:00:00+00:00,2.1222000122070312
2025-05-23 03:00:00+00:00,2.1236000061035156
2025-05-23 04:00:00+00:00,2.1198999881744385
2025-05-23 05:00:00+00:00,2.123300075531006
2025-05-23 06:00:00+00:00,2.124300003051758
2025-05-23 07:00:00+00:00,2.1240999698638916
2025-05-23 08:00:00+00:00,2.121999979019165
2025-05-23 09:00:00+00:00,2.134500026702881
2025-05-23 10:00:00+00:00,2.139699935913086
2025-05-23 11:00:00+00:00,2.1112000942230225
2025-05-23 12:00:00+00:00,2.1103999614715576
2025-05-23 13:00:00+00:00,2.1191000938415527
2025-05-23 14:00:00+00:00,2.120300054550171
2025-05-23 15:00:00+00:00,2.122999906539917
2025-05-23 16:00:00+00:00,2.11299991607666
2025-05-23 17:00:00+00:00,2.1110000610351562
2025-05-23 18:00:00+00:00,2.1126999855041504
2025-05-23 19:00:00+00:00,2.1105000972747803
2025-05-23 20:00:00+00:00,2.112299919128418
2025-05-25 22:00:00+00:00,2.1196999549865723
2025-05-25 23:00:00+00:00,2.122299909591675
2025-05-26 00:00:00+00:00,2.1177000999450684
2025-05-26 01:00:00+00:00,2.1142001152038574
2025-05-26 02:00:00+00:00,2.109800100326538
2025-05-26 03:00:00+00:00,2.1154000759124756
2025-05-26 05:00:00+00:00,2.1168999671936035
2025-05-26 06:00:00+00:00,2.11680006980896
2025-05-26 07:00:00+00:00,2.114799976348877
2025-05-26 08:00:00+00:00,2.1194000244140625
2025-05-26 09:00:00+00:00,2.1106998920440674
2025-05-26 10:00:00+00:00,2.1050000190734863
2025-05-26 11:00:00+00:00,2.1059999465942383
2025-05-26 12:00:00+00:00,2.108299970626831
2025-05-26 13:00:00+00:00,2.1048998832702637
2025-05-26 14:00:00+00:00,2.1050000190734863
2025-05-26 15:00:00+00:00,2.1124000549316406
2025-05-26 16:00:00+00:00,2.111599922180176
2025-05-26 17:00:00+00:00,2.1136999130249023
2025-05-26 18:00:00+00:00,2.1143999099731445
2025-05-26 22:00:00+00:00,2.1110000610351562
2025-05-26 23:00:00+00:00,2.1110000610351562
2025-05-27 00:00:00+00:00,2.1168999671936035
2025-05-27 01:00:00+00:00,2.1073999404907227
2025-05-27 02:00:00+00:00,2.1064000129699707
2025-05-27 04:00:00+00:00,2.1054999828338623
2025-05-27 05:00:00+00:00,2.10479998588562
2025-05-27 06:00:00+00:00,2.1157000064849854
2025-05-27 07:00:00+00:00,2.1075000762939453
2025-05-27 08:00:00+00:00,2.1152000427246094
2025-05-27 09:00:00+00:00,2.1161999702453613
2025-05-27 10:00:00+00:00,2.114500045776367
2025-05-27 11:00:00+00:00,2.1105000972747803
2025-05-27 12:00:00+00:00,2.1061999797821045
2025-05-27 13:00:00+00:00,2.0971999168395996
2025-05-27 14:00:00+00:00,2.077500104904175
2025-05-27 15:00:00+00:00,2.072999954223633
2025-05-27 16:00:00+00:00,2.0766000747680664
2025-05-27 17:00:00+00:00,2.0701000690460205
2025-05-27 18:00:00+00:00,2.073499917984009
2025-05-27 19:00:00+00:00,2.0725998878479004
2025-05-27 20:00:00+00:00,2.075000047683716
2025-05-27 22:00:00+00:00,2.0739998817443848
2025-05-27 23:00:00+00:00,2.075500011444092
2025-05-28 00:00:00+00:00,2.081199884414673
2025-05-28 01:00:00+00:00,2.0771000385284424
2025-05-28 02:00:00+00:00,2.077399969100952
2025-05-28 03:00:00+00:00,2.0738000869750977
2025-05-28 06:00:00+00:00,2.0727999210357666
2025-05-28 07:00:00+00:00,2.087899923324585
2025-05-28 08:00:00+00:00,2.077699899673462
2025-05-28 09:00:00+00:00,2.0871999263763428
2025-05-28 10:00:00+00:00,2.0887999534606934
2025-05-28 11:00:00+00:00,2.0875000953674316
2025-05-28 12:00:00+00:00,2.088099956512451
2025-05-28 13:00:00+00:00,2.0827999114990234
2025-05-28 14:00:00+00:00,2.0796000957489014
2025-05-28 15:00:00+00:00,2.0920000076293945
2025-05-28 16:00:00+00:00,2.0878000259399414
2025-05-28 17:00:00+00:00,2.1019999980926514
2025-05-28 18:00:00+00:00,2.0789999961853027
2025-05-28 19:00:00+00:00,2.077500104904175
2025-05-28 20:00:00+00:00,2.0861001014709473
2025-05-28 22:00:00+00:00,2.091200113296509
2025-05-28 23:00:00+00:00,2.097399950027466
2025-05-29 00:00:00+00:00,2.1043999195098877
2025-05-29 01:00:00+00:00,2.107599973678589
2025-05-29 02:00:00+00:00,2.1084001064300537
2025-05-29 03:00:00+00:00,2.1098999977111816
2025-05-29 04:00:00+00:00,2.1115000247955322
2025-05-29 05:00:00+00:00,2.1154000759124756
2025-05-29 06:00:00+00:00,2.1164000034332275
2025-05-29 07:00:00+00:00,2.122999906539917
2025-05-29 08:00:00+00:00,2.111299991607666
2025-05-29 10:00:00+00:00,2.1078999042510986
2025-05-29 11:00:00+00:00,2.0966999530792236
2025-05-29 12:00:00+00:00,2.078000068664551
2025-05-29 13:00:00+00:00,2.062000036239624
2025-05-29 14:00:00+00:00,2.064300060272217
2025-05-29 15:00:00+00:00,2.0592000484466553
2025-05-29 16:00:00+00:00,2.066999912261963
2025-05-29 17:00:00+00:00,2.0580999851226807
2025-05-29 18:00:00+00:00,2.059499979019165
2025-05-29 19:00:00+00:00,2.059999942779541
2025-05-29 20:00:00+00:00,2.0550999641418457
2025-05-29 22:00:00+00:00,2.0481998920440674
2025-05-30 01:00:00+00:00,2.039400100708008
2025-05-30 07:00:00+00:00,2.052999973297119
2025-05-30 08:00:00+00:00,2.061300039291382
2025-05-30 10:00:00+00:00,2.072000026702881
2025-05-30 11:00:00+00:00,2.072000026702881
2025-05-30 12:00:00+00:00,2.0394999980926514
2025-05-30 13:00:00+00:00,2.045599937438965
2025-05-30 14:00:00+00:00,2.037600040435791
2025-05-30 15:00:00+00:00,2.0329999923706055
2025-05-30 16:00:00+00:00,2.0215001106262207
2025-05-30 17:00:00+00:00,2.0409998893737793
2025-05-30 18:00:00+00:00,2.039099931716919
2025-05-30 20:00:00+00:00,2.013200044631958
2025-06-01 22:00:00+00:00,2.0369999408721924
2025-06-01 23:00:00+00:00,2.037400007247925
2025-06-02 00:00:00+00:00,2.041300058364868
2025-06-02 01:00:00+00:00,2.043100118637085
2025-06-02 02:00:00+00:00,2.046999931335449
2025-06-02 03:00:00+00:00,2.0439000129699707
2025-06-02 04:00:00+00:00,2.044800043106079
2025-06-02 05:00:00+00:00,2.0457000732421875
2025-06-02 06:00:00+00:00,2.0481998920440674
2025-06-02 07:00:00+00:00,2.052500009536743
2025-06-02 08:00:00+00:00,2.0625
2025-06-02 09:00:00+00:00,2.0708999633789062
2025-06-02 10:00:00+00:00,2.0776000022888184
2025-06-02 11:00:00+00:00,2.0750999450683594
2025-06-02 12:00:00+00:00,2.08489990234375
2025-06-02 13:00:00+00:00,2.0648999214172363
2025-06-02 14:00:00+00:00,2.0638999938964844
2025-06-02 15:00:00+00:00,2.0648999214172363
2025-06-02 16:00:00+00:00,2.066499948501587
2025-06-02 17:00:00+00:00,2.0620999336242676
2025-06-02 18:00:00+00:00,2.0590999126434326
2025-06-02 19:00:00+00:00,2.065999984741211
2025-06-02 20:00:00+00:00,2.063499927520752
2025-06-02 22:00:00+00:00,2.066499948501587
2025-06-02 23:00:00+00:00,2.066499948501587
2025-06-03 00:00:00+00:00,2.062999963760376
2025-06-03 01:00:00+00:00,2.063499927520752
2025-06-03 02:00:00+00:00,2.06469988822937
2025-06-03 03:00:00+00:00,2.063800096511841
2025-06-03 04:00:00+00:00,2.0631000995635986
2025-06-03 05:00:00+00:00,2.060499906539917
2025-06-03 06:00:00+00:00,2.061000108718872
2025-06-03 07:00:00+00:00,2.0648000240325928
2025-06-03 08:00:00+00:00,2.0587000846862793
2025-06-03 09:00:00+00:00,2.053800106048584
2025-06-03 10:00:00+00:00,2.0587000846862793
2025-06-03 11:00:00+00:00,2.0601000785827637
2025-06-03 12:00:00+00:00,2.0657999515533447
2025-06-03 13:00:00+00:00,2.0580999851226807
2025-06-03 14:00:00+00:00,2.073699951171875
2025-06-03 15:00:00+00:00,2.079200029373169
2025-06-03 16:00:00+00:00,2.082200050354004
2025-06-03 17:00:00+00:00,2.0808000564575195
2025-06-03 18:00:00+00:00,2.0785000324249268
2025-06-03 19:00:00+00:00,2.0764000415802
2025-06-03 20:00:00+00:00,2.070499897003174
2025-06-03 22:00:00+00:00,2.074199914932251
2025-06-03 23:00:00+00:00,2.0725998878479004
2025-06-04 00:00:00+00:00,2.0687999725341797
2025-06-04 01:00:00+00:00,2.07069993019104
2025-06-04 02:00:00+00:00,2.0673999786376953
2025-06-04 03:00:00+00:00,2.0664000511169434
2025-06-04 04:00:00+00:00,2.0648000240325928
2025-06-04 05:00:00+00:00,2.06469988822937
2025-06-04 06:00:00+00:00,2.066699981689453
2025-06-04 07:00:00+00:00,2.068700075149536
2025-06-04 08:00:00+00:00,2.0673000812530518
2025-06-04 09:00:00+00:00,2.0771000385284424
2025-06-04 10:00:00+00:00,2.072700023651123
2025-06-04 11:00:00+00:00,2.07069993019104
2025-06-04 12:00:00+00:00,2.058300018310547
2025-06-04 13:00:00+00:00,2.0652999877929688
2025-06-04 14:00:00+00:00,2.0467000007629395
2025-06-04 15:00:00+00:00,2.0295000076293945
2025-06-04 16:00:00+00:00,2.0285000801086426
2025-06-04 17:00:00+00:00,2.0313000679016113
2025-06-04 18:00:00+00:00,2.035599946975708
2025-06-04 19:00:00+00:00,2.03439998626709
2025-06-04 20:00:00+00:00,2.033900022506714
2025-06-04 22:00:00+00:00,2.0327000617980957
2025-06-04 23:00:00+00:00,2.032399892807007
2025-06-05 00:00:00+00:00,2.0302000045776367
2025-06-05 01:00:00+00:00,2.033600091934204
2025-06-05 02:00:00+00:00,2.0316998958587646
2025-06-05 03:00:00+00:00,2.0318000316619873
2025-06-05 04:00:00+00:00,2.029599905014038
2025-06-05 05:00:00+00:00,2.0344998836517334
2025-06-05 06:00:00+00:00,2.038599967956543
2025-06-05 07:00:00+00:00,2.0478999614715576
2025-06-05 08:00:00+00:00,2.0487000942230225
2025-06-05 09:00:00+00:00,2.050100088119507
2025-06-05 10:00:00+00:00,2.0497000217437744
2025-06-05 11:00:00+00:00,2.049299955368042
2025-06-05 12:00:00+00:00,2.0634000301361084
2025-06-05 13:00:00+00:00,2.066200017929077
2025-06-05 14:00:00+00:00,2.06850004196167
2025-06-05 15:00:00+00:00,2.062700033187866
2025-06-05 16:00:00+00:00,2.0553998947143555
2025-06-05 17:00:00+00:00,2.061500072479248
2025-06-05 18:00:00+00:00,2.0624001026153564
2025-06-05 19:00:00+00:00,2.061500072479248
2025-06-05 20:00:00+00:00,2.0604000091552734
2025-06-05 22:00:00+00:00,2.058799982070923
2025-06-05 23:00:00+00:00,2.0611000061035156
2025-06-06 00:00:00+00:00,2.062700033187866
2025-06-06 01:00:00+00:00,2.0622000694274902
2025-06-06 02:00:00+00:00,2.057800054550171
2025-06-06 03:00:00+00:00,2.059000015258789
2025-06-06 04:00:00+00:00,2.0578999519348145
2025-06-06 05:00:00+00:00,2.055299997329712
2025-06-06 06:00:00+00:00,2.06030011177063
2025-06-06 07:00:00+00:00,2.0525999069213867
2025-06-06 08:00:00+00:00,2.0578999519348145
2025-06-06 09:00:00+00:00,2.058199882507324
2025-06-06 10:00:00+00:00,2.0620999336242676
2025-06-06 11:00:00+00:00,2.059000015258789
2025-06-06 12:00:00+00:00,2.062999963760376
2025-06-06 13:00:00+00:00,2.0780999660491943
2025-06-06 14:00:00+00:00,2.071700096130371
2025-06-06 15:00:00+00:00,2.0785999298095703
2025-06-06 16:00:00+00:00,2.0797998905181885
2025-06-06 17:00:00+00:00,2.0759999752044678
2025-06-06 18:00:00+00:00,2.0801000595092773
2025-06-06 19:00:00+00:00,2.0787999629974365
2025-06-06 20:00:00+00:00,2.0803000926971436
2025-06-08 22:00:00+00:00,2.077899932861328
2025-06-08 23:00:00+00:00,2.077199935913086
2025-06-09 00:00:00+00:00,2.0754001140594482
2025-06-09 01:00:00+00:00,2.0769999027252197
2025-06-09 02:00:00+00:00,2.075900077819824
2025-06-09 03:00:00+00:00,2.0761001110076904
2025-06-09 04:00:00+00:00,2.076200008392334
2025-06-09 05:00:00+00:00,2.076200008392334
2025-06-09 06:00:00+00:00,2.0720999240875244
2025-06-09 07:00:00+00:00,2.075500011444092
2025-06-09 08:00:00+00:00,2.076900005340576
2025-06-09 09:00:00+00:00,2.0797998905181885
2025-06-09 10:00:00+00:00,2.082200050354004
2025-06-09 11:00:00+00:00,2.0859999656677246
2025-06-09 12:00:00+00:00,2.0894999504089355
2025-06-09 13:00:00+00:00,2.0797998905181885
2025-06-09 14:00:00+00:00,2.0920000076293945
2025-06-09 15:00:00+00:00,2.0871999263763428
2025-06-09 16:00:00+00:00,2.084399938583374
2025-06-09 17:00:00+00:00,2.0850000381469727
2025-06-09 18:00:00+00:00,2.097899913787842
2025-06-09 19:00:00+00:00,2.0950000286102295
2025-06-09 20:00:00+00:00,2.0952000617980957
2025-06-09 22:00:00+00:00,2.0952000617980957
2025-06-09 23:00:00+00:00,2.0968000888824463
2025-06-10 00:00:00+00:00,2.097100019454956
2025-06-10 01:00:00+00:00,2.1024999618530273
2025-06-10 02:00:00+00:00,2.1045000553131104
2025-06-10 03:00:00+00:00,2.1012001037597656
2025-06-10 04:00:00+00:00,2.0999999046325684
2025-06-10 05:00:00+00:00,2.100100040435791
2025-06-10 06:00:00+00:00,2.09879994392395
2025-06-10 07:00:00+00:00,2.0952999591827393
2025-06-10 08:00:00+00:00,2.0966999530792236
2025-06-10 09:00:00+00:00,2.0975000858306885
2025-06-10 10:00:00+00:00,2.102400064468384
2025-06-10 11:00:00+00:00,2.1059999465942383
2025-06-10 12:00:00+00:00,2.102299928665161
2025-06-10 13:00:00+00:00,2.106100082397461
2025-06-10 14:00:00+00:00,2.1038999557495117
2025-06-10 15:00:00+00:00,2.0999999046325684
2025-06-10 16:00:00+00:00,2.096299886703491
2025-06-10 17:00:00+00:00,2.0941998958587646
2025-06-10 18:00:00+00:00,2.0813000202178955
2025-06-10 19:00:00+00:00,2.087399959564209
2025-06-10 20:00:00+00:00,2.0804998874664307
2025-06-10 22:00:00+00:00,2.08240008354187
2025-06-10 23:00:00+00:00,2.0826001167297363
2025-06-11 00:00:00+00:00,2.0815000534057617
2025-06-11 01:00:00+00:00,2.0848000049591064
2025-06-11 02:00:00+00:00,2.0826001167297363
2025-06-11 03:00:00+00:00,2.0852999687194824
2025-06-11 04:00:00+00:00,2.085700035095215
2025-06-11 05:00:00+00:00,2.089400053024292
2025-06-11 06:00:00+00:00,2.0850000381469727
2025-06-11 07:00:00+00:00,2.0894999504089355
2025-06-11 08:00:00+00:00,2.0882999897003174
2025-06-11 09:00:00+00:00,2.100399971008301
2025-06-11 10:00:00+00:00,2.1075000762939453
2025-06-11 11:00:00+00:00,2.109499931335449
2025-06-11 12:00:00+00:00,2.1119000911712646
2025-06-11 13:00:00+00:00,2.1187000274658203
2025-06-11 14:00:00+00:00,2.1259000301361084
2025-06-11 15:00:00+00:00,2.1389999389648438
2025-06-11 16:00:00+00:00,2.1377999782562256
2025-06-11 17:00:00+00:00,2.1503000259399414
2025-06-11 18:00:00+00:00,2.162600040435791
2025-06-11 19:00:00+00:00,2.156599998474121
2025-06-11 20:00:00+00:00,2.166599988937378
2025-06-11 22:00:00+00:00,2.1775999069213867
2025-06-11 23:00:00+00:00,2.1695001125335693
2025-06-12 00:00:00+00:00,2.163599967956543
2025-06-12 01:00:00+00:00,2.157099962234497
2025-06-12 02:00:00+00:00,2.155900001525879
2025-06-12 03:00:00+00:00,2.1570000648498535
2025-06-12 04:00:00+00:00,2.158099889755249
2025-06-12 05:00:00+00:00,2.152100086212158
2025-06-12 06:00:00+00:00,2.1531999111175537
2025-06-12 07:00:00+00:00,2.143399953842163
2025-06-12 08:00:00+00:00,2.147200107574463
2025-06-12 09:00:00+00:00,2.140000104904175
2025-06-12 10:00:00+00:00,2.1364998817443848
2025-06-12 11:00:00+00:00,2.127000093460083
2025-06-12 12:00:00+00:00,2.1361000537872314
2025-06-12 13:00:00+00:00,2.1398000717163086
2025-06-12 14:00:00+00:00,2.142699956893921
2025-06-12 15:00:00+00:00,2.1565001010894775
2025-06-12 16:00:00+00:00,2.150099992752075
2025-06-12 17:00:00+00:00,2.149199962615967
2025-06-12 18:00:00+00:00,2.1440999507904053
2025-06-12 19:00:00+00:00,2.149199962615967
2025-06-12 20:00:00+00:00,2.161400079727173
2025-06-12 22:00:00+00:00,2.1552000045776367
2025-06-12 23:00:00+00:00,2.1702001094818115
2025-06-13 00:00:00+00:00,2.249300003051758
2025-06-13 01:00:00+00:00,2.249000072479248
2025-06-13 02:00:00+00:00,2.282099962234497
2025-06-13 03:00:00+00:00,2.2565999031066895
2025-06-13 04:00:00+00:00,2.2527999877929688
2025-06-13 05:00:00+00:00,2.2488999366760254
2025-06-13 06:00:00+00:00,2.2235000133514404
2025-06-13 07:00:00+00:00,2.218600034713745
2025-06-13 08:00:00+00:00,2.2393999099731445
2025-06-13 09:00:00+00:00,2.2479000091552734
2025-06-13 10:00:00+00:00,2.231300115585327
2025-06-13 11:00:00+00:00,2.2284998893737793
2025-06-13 12:00:00+00:00,2.2414000034332275
2025-06-13 13:00:00+00:00,2.237299919128418
2025-06-13 14:00:00+00:00,2.217900037765503
2025-06-13 15:00:00+00:00,2.221299886703491
2025-06-13 16:00:00+00:00,2.2188000679016113
2025-06-13 17:00:00+00:00,2.2304000854492188
2025-06-13 18:00:00+00:00,2.246999979019165
2025-06-13 19:00:00+00:00,2.222100019454956
2025-06-13 20:00:00+00:00,2.2365000247955322
2025-06-15 22:00:00+00:00,2.263000011444092
2025-06-15 23:00:00+00:00,2.2620999813079834
2025-06-16 00:00:00+00:00,2.248500108718872
2025-06-16 01:00:00+00:00,2.255500078201294
2025-06-16 02:00:00+00:00,2.25
2025-06-16 03:00:00+00:00,2.244999885559082
2025-06-16 04:00:00+00:00,2.2476999759674072
2025-06-16 05:00:00+00:00,2.242000102996826
2025-06-16 06:00:00+00:00,2.248699903488159
2025-06-16 07:00:00+00:00,2.2327001094818115
2025-06-16 08:00:00+00:00,2.234499931335449
2025-06-16 09:00:00+00:00,2.231600046157837
2025-06-16 10:00:00+00:00,2.2186999320983887
2025-06-16 11:00:00+00:00,2.214600086212158
2025-06-16 12:00:00+00:00,2.2098000049591064
2025-06-16 13:00:00+00:00,2.190700054168701
2025-06-16 14:00:00+00:00,2.1982998847961426
2025-06-16 15:00:00+00:00,2.2116000652313232
2025-06-16 16:00:00+00:00,2.221400022506714
2025-06-16 17:00:00+00:00,2.224600076675415
2025-06-16 18:00:00+00:00,2.2109999656677246
2025-06-16 19:00:00+00:00,2.213599920272827
2025-06-16 20:00:00+00:00,2.214900016784668
2025-06-16 22:00:00+00:00,2.2302000522613525
2025-06-16 23:00:00+00:00,2.242300033569336
2025-06-17 00:00:00+00:00,2.2184998989105225
2025-06-17 01:00:00+00:00,2.227799892425537
2025-06-17 02:00:00+00:00,2.2272000312805176
2025-06-17 03:00:00+00:00,2.222100019454956
2025-06-17 04:00:00+00:00,2.228100061416626
2025-06-17 05:00:00+00:00,2.2249999046325684
2025-06-17 06:00:00+00:00,2.2116000652313232
2025-06-17 07:00:00+00:00,2.2464001178741455
2025-06-17 08:00:00+00:00,2.2441999912261963
2025-06-17 09:00:00+00:00,2.243499994277954
2025-06-17 10:00:00+00:00,2.255199909210205
2025-06-17 11:00:00+00:00,2.2637999057769775
2025-06-17 12:00:00+00:00,2.2553000450134277
2025-06-17 13:00:00+00:00,2.2657999992370605
2025-06-17 14:00:00+00:00,2.2495999336242676
2025-06-17 15:00:00+00:00,2.2427000999450684
2025-06-17 16:00:00+00:00,2.2499001026153564
2025-06-17 17:00:00+00:00,2.257999897003174
2025-06-17 18:00:00+00:00,2.2737998962402344
2025-06-17 19:00:00+00:00,2.270400047302246
2025-06-17 20:00:00+00:00,2.2809998989105225
2025-06-17 22:00:00+00:00,2.2844998836517334
2025-06-17 23:00:00+00:00,2.286900043487549
2025-06-18 00:00:00+00:00,2.284899950027466
2025-06-18 01:00:00+00:00,2.279099941253662
2025-06-18 02:00:00+00:00,2.2839999198913574
2025-06-18 03:00:00+00:00,2.2860000133514404
2025-06-18 04:00:00+00:00,2.28410005569458
2025-06-18 05:00:00+00:00,2.275099992752075
2025-06-18 06:00:00+00:00,2.2783000469207764
2025-06-18 07:00:00+00:00,2.270900011062622
2025-06-18 08:00:00+00:00,2.2597999572753906
2025-06-18 09:00:00+00:00,2.2664999961853027
2025-06-18 10:00:00+00:00,2.2750000953674316
2025-06-18 11:00:00+00:00,2.2904000282287598
2025-06-18 12:00:00+00:00,2.2971999645233154
2025-06-18 13:00:00+00:00,2.3090999126434326
2025-06-18 14:00:00+00:00,2.270699977874756
2025-06-18 15:00:00+00:00,2.2790000438690186
2025-06-18 16:00:00+00:00,2.2874999046325684
2025-06-18 17:00:00+00:00,2.291599988937378
2025-06-18 18:00:00+00:00,2.313199996948242
2025-06-18 19:00:00+00:00,2.3034000396728516
2025-06-18 20:00:00+00:00,2.2990000247955322
2025-06-18 22:00:00+00:00,2.3055999279022217
2025-06-18 23:00:00+00:00,2.305000066757202
2025-06-19 00:00:00+00:00,2.289799928665161
2025-06-19 01:00:00+00:00,2.2997000217437744
2025-06-19 02:00:00+00:00,2.299799919128418
2025-06-19 04:00:00+00:00,2.2992000579833984
2025-06-19 05:00:00+00:00,2.309000015258789
2025-06-19 06:00:00+00:00,2.319999933242798
2025-06-19 07:00:00+00:00,2.317199945449829
2025-06-19 08:00:00+00:00,2.316800117492676
2025-06-19 09:00:00+00:00,2.318700075149536
2025-06-19 10:00:00+00:00,2.332200050354004
2025-06-19 11:00:00+00:00,2.3431999683380127
2025-06-19 12:00:00+00:00,2.339600086212158
2025-06-19 13:00:00+00:00,2.344899892807007
2025-06-19 14:00:00+00:00,2.348599910736084
2025-06-19 15:00:00+00:00,2.3494999408721924
2025-06-19 16:00:00+00:00,2.367300033569336
2025-06-19 17:00:00+00:00,2.309999942779541
2025-06-19 18:00:00+00:00,2.3217999935150146
2025-06-19 22:00:00+00:00,2.315700054168701
2025-06-19 23:00:00+00:00,2.316800117492676
2025-06-20 00:00:00+00:00,2.3299999237060547
2025-06-20 01:00:00+00:00,2.324700117111206
2025-06-20 02:00:00+00:00,2.3187999725341797
2025-06-20 03:00:00+00:00,2.321199893951416
2025-06-20 04:00:00+00:00,2.32669997215271
2025-06-20 05:00:00+00:00,2.311300039291382
2025-06-20 06:00:00+00:00,2.3210999965667725
2025-06-20 07:00:00+00:00,2.3326001167297363
2025-06-20 08:00:00+00:00,2.3369998931884766
2025-06-20 09:00:00+00:00,2.3408000469207764
2025-06-20 10:00:00+00:00,2.3333001136779785
2025-06-20 11:00:00+00:00,2.311199903488159
2025-06-20 12:00:00+00:00,2.3183999061584473
2025-06-20 13:00:00+00:00,2.308300018310547
2025-06-20 14:00:00+00:00,2.315000057220459
2025-06-20 15:00:00+00:00,2.31850004196167
2025-06-20 16:00:00+00:00,2.3208999633789062
2025-06-20 17:00:00+00:00,2.328200101852417
2025-06-20 18:00:00+00:00,2.3297998905181885
2025-06-20 19:00:00+00:00,2.333400011062622
2025-06-20 20:00:00+00:00,2.3359999656677246
2025-06-22 22:00:00+00:00,2.3708999156951904
2025-06-22 23:00:00+00:00,2.3775999546051025
2025-06-23 00:00:00+00:00,2.3833000659942627
2025-06-23 01:00:00+00:00,2.3650999069213867
2025-06-23 02:00:00+00:00,2.368299961090088
2025-06-23 03:00:00+00:00,2.3650999069213867
2025-06-23 04:00:00+00:00,2.357800006866455
2025-06-23 05:00:00+00:00,2.3613998889923096
2025-06-23 06:00:00+00:00,2.354099988937378
2025-06-23 07:00:00+00:00,2.3394999504089355
2025-06-23 08:00:00+00:00,2.3299999237060547
2025-06-23 09:00:00+00:00,2.345900058746338
2025-06-23 10:00:00+00:00,2.3522000312805176
2025-06-23 11:00:00+00:00,2.345599889755249
2025-06-23 12:00:00+00:00,2.3254001140594482
2025-06-23 13:00:00+00:00,2.33270001411438
2025-06-23 14:00:00+00:00,2.3101999759674072
2025-06-23 15:00:00+00:00,2.3264000415802
2025-06-23 16:00:00+00:00,2.2939999103546143
2025-06-23 17:00:00+00:00,2.2284998893737793
2025-06-23 18:00:00+00:00,2.215399980545044
2025-06-23 19:00:00+00:00,2.1993000507354736
2025-06-23 20:00:00+00:00,2.184299945831299
2025-06-23 22:00:00+00:00,2.1582000255584717
2025-06-23 23:00:00+00:00,2.151700019836426
2025-06-24 00:00:00+00:00,2.1556999683380127
2025-06-24 01:00:00+00:00,2.1695001125335693
2025-06-24 02:00:00+00:00,2.186800003051758
2025-06-24 03:00:00+00:00,2.1779000759124756
2025-06-24 04:00:00+00:00,2.177999973297119
2025-06-24 05:00:00+00:00,2.157099962234497
2025-06-24 06:00:00+00:00,2.1447999477386475
2025-06-24 07:00:00+00:00,2.162400007247925
2025-06-24 08:00:00+00:00,2.157399892807007
2025-06-24 09:00:00+00:00,2.155600070953369
2025-06-24 10:00:00+00:00,2.1644999980926514
2025-06-24 11:00:00+00:00,2.1498000621795654
2025-06-24 12:00:00+00:00,2.1475000381469727
2025-06-24 13:00:00+00:00,2.132699966430664
2025-06-24 14:00:00+00:00,2.1231000423431396
2025-06-24 15:00:00+00:00,2.107599973678589
2025-06-24 16:00:00+00:00,2.0998001098632812
2025-06-24 17:00:00+00:00,2.109499931335449
2025-06-24 18:00:00+00:00,2.0940001010894775
2025-06-24 19:00:00+00:00,2.099400043487549
2025-06-24 20:00:00+00:00,2.105799913406372
2025-06-24 22:00:00+00:00,2.1068999767303467
2025-06-24 23:00:00+00:00,2.1054000854492188
2025-06-25 00:00:00+00:00,2.106100082397461
2025-06-25 01:00:00+00:00,2.1119000911712646
2025-06-25 02:00:00+00:00,2.111299991607666
2025-06-25 03:00:00+00:00,2.1129000186920166
2025-06-25 04:00:00+00:00,2.1129000186920166
2025-06-25 05:00:00+00:00,2.1196000576019287
2025-06-25 06:00:00+00:00,2.1191999912261963
2025-06-25 07:00:00+00:00,2.1159000396728516
2025-06-25 08:00:00+00:00,2.1071999073028564
2025-06-25 09:00:00+00:00,2.1052000522613525
2025-06-25 10:00:00+00:00,2.1008999347686768
2025-06-25 11:00:00+00:00,2.095900058746338
2025-06-25 12:00:00+00:00,2.0927000045776367
2025-06-25 13:00:00+00:00,2.086199998855591
2025-06-25 14:00:00+00:00,2.090399980545044
2025-06-25 15:00:00+00:00,2.091900110244751
2025-06-25 16:00:00+00:00,2.098299980163574
2025-06-25 17:00:00+00:00,2.092099905014038
2025-06-25 18:00:00+00:00,2.089600086212158
2025-06-25 19:00:00+00:00,2.0885000228881836
2025-06-25 20:00:00+00:00,2.08270001411438
2025-06-25 23:00:00+00:00,2.084399938583374
2025-06-26 01:00:00+00:00,2.0899999141693115
2025-06-26 02:00:00+00:00,2.088399887084961
2025-06-26 03:00:00+00:00,2.08870005607605
2025-06-26 04:00:00+00:00,2.089400053024292
2025-06-26 05:00:00+00:00,2.088399887084961
2025-06-26 06:00:00+00:00,2.0945000648498535
2025-06-26 07:00:00+00:00,2.0887999534606934
2025-06-26 08:00:00+00:00,2.0845000743865967
2025-06-26 09:00:00+00:00,2.0808000564575195
2025-06-26 10:00:00+00:00,2.1036999225616455
2025-06-26 11:00:00+00:00,2.0992000102996826
2025-06-26 12:00:00+00:00,2.0866000652313232
2025-06-26 13:00:00+00:00,2.0989999771118164
2025-06-26 14:00:00+00:00,2.112499952316284
2025-06-26 15:00:00+00:00,2.110100030899048
2025-06-26 16:00:00+00:00,2.117000102996826
2025-06-26 17:00:00+00:00,2.1073999404907227
2025-06-26 18:00:00+00:00,2.095400094985962
2025-06-26 19:00:00+00:00,2.0980000495910645
2025-06-26 20:00:00+00:00,2.093100070953369
2025-06-26 22:00:00+00:00,2.108099937438965
2025-06-27 00:00:00+00:00,2.10479998588562
2025-06-27 01:00:00+00:00,2.1077001094818115
2025-06-27 02:00:00+00:00,2.1113998889923096
2025-06-27 04:00:00+00:00,2.1054000854492188
2025-06-27 05:00:00+00:00,2.1068999767303467
2025-06-27 06:00:00+00:00,2.101900100708008
2025-06-27 07:00:00+00:00,2.0999999046325684
2025-06-27 08:00:00+00:00,2.1024999618530273
2025-06-27 09:00:00+00:00,2.098900079727173
2025-06-27 10:00:00+00:00,2.0855000019073486
2025-06-27 11:00:00+00:00,2.0927999019622803
2025-06-27 12:00:00+00:00,2.082200050354004
2025-06-27 13:00:00+00:00,2.0920000076293945
2025-06-27 14:00:00+00:00,2.084199905395508
2025-06-27 15:00:00+00:00,2.0727999210357666
2025-06-27 16:00:00+00:00,2.075000047683716
2025-06-27 17:00:00+00:00,2.0889999866485596
2025-06-27 18:00:00+00:00,2.0864999294281006
2025-06-27 19:00:00+00:00,2.0840001106262207
2025-06-27 20:00:00+00:00,2.0799999237060547
2025-06-30 06:00:00+00:00,2.087399959564209
2025-06-30 07:00:00+00:00,2.084700107574463
2025-06-30 08:00:00+00:00,2.089099884033203
2025-06-30 09:00:00+00:00,2.083400011062622
2025-06-30 10:00:00+00:00,2.0892999172210693
2025-06-30 11:00:00+00:00,2.0868000984191895
2025-06-30 12:00:00+00:00,2.0906999111175537
2025-06-30 13:00:00+00:00,2.102099895477295
2025-06-30 14:00:00+00:00,2.0897998809814453
2025-06-30 15:00:00+00:00,2.0850000381469727
2025-06-30 16:00:00+00:00,2.08489990234375
2025-06-30 17:00:00+00:00,2.0799999237060547
2025-06-30 18:00:00+00:00,2.0845999717712402
2025-07-01 07:00:00+00:00,2.069000005722046
2025-07-01 08:00:00+00:00,2.0680999755859375
2025-07-01 09:00:00+00:00,2.0620999336242676
2025-07-01 10:00:00+00:00,2.08240008354187
2025-07-01 11:00:00+00:00,2.080699920654297
2025-07-01 12:00:00+00:00,2.0822999477386475
2025-07-01 13:00:00+00:00,2.0782999992370605
2025-07-01 14:00:00+00:00,2.0803000926971436
2025-07-01 15:00:00+00:00,2.0941998958587646
2025-07-01 16:00:00+00:00,2.097599983215332
2025-07-01 17:00:00+00:00,2.100600004196167
2025-07-01 18:00:00+00:00,2.1019999980926514
2025-07-01 19:00:00+00:00,2.104300022125244
2025-07-01 20:00:00+00:00,2.098299980163574
2025-07-01 22:00:00+00:00,2.0959999561309814
2025-07-01 23:00:00+00:00,2.091399908065796
2025-07-02 00:00:00+00:00,2.0922000408172607
2025-07-02 01:00:00+00:00,2.0943000316619873
2025-07-02 02:00:00+00:00,2.0941998958587646
2025-07-02 03:00:00+00:00,2.0936999320983887
2025-07-02 04:00:00+00:00,2.094599962234497
2025-07-02 05:00:00+00:00,2.0964999198913574
2025-07-02 06:00:00+00:00,2.093899965286255
2025-07-02 07:00:00+00:00,2.103300094604492
2025-07-02 08:00:00+00:00,2.10479998588562
2025-07-02 09:00:00+00:00,2.1070001125335693
2025-07-02 10:00:00+00:00,2.1142001152038574
2025-07-02 11:00:00+00:00,2.1171000003814697
2025-07-02 12:00:00+00:00,2.1103999614715576
2025-07-02 13:00:00+00:00,2.0989999771118164
2025-07-02 14:00:00+00:00,2.0862998962402344
2025-07-02 15:00:00+00:00,2.105799913406372
2025-07-02 16:00:00+00:00,2.1117000579833984
2025-07-02 17:00:00+00:00,2.122499942779541
2025-07-02 18:00:00+00:00,2.1196000576019287
2025-07-02 19:00:00+00:00,2.1187000274658203
2025-07-02 20:00:00+00:00,2.124000072479248
2025-07-02 22:00:00+00:00,2.118799924850464
2025-07-02 23:00:00+00:00,2.116499900817871
2025-07-03 00:00:00+00:00,2.114500045776367
2025-07-03 01:00:00+00:00,2.108099937438965
2025-07-03 02:00:00+00:00,2.1087000370025635
2025-07-03 03:00:00+00:00,2.110599994659424
2025-07-03 13:30:00+00:00,2.112799882888794
2025-07-03 14:30:00+00:00,2.1084001064300537
2025-07-03 15:30:00+00:00,2.11899995803833
2025-07-03 16:30:00+00:00,2.118799924850464
2025-07-04 04:00:00+00:00,2.11299991607666
2025-07-04 05:00:00+00:00,2.11299991607666
2025-07-04 06:00:00+00:00,2.1108999252319336
2025-07-04 07:00:00+00:00,2.1224000453948975
2025-07-04 08:00:00+00:00,2.1129000186920166
2025-07-04 09:00:00+00:00,2.108599901199341
2025-07-04 10:00:00+00:00,2.115299940109253
2025-07-04 11:00:00+00:00,2.1166000366210938
2025-07-04 12:00:00+00:00,2.1191000938415527
2025-07-04 13:00:00+00:00,2.1178998947143555
2025-07-04 14:00:00+00:00,2.121999979019165
2025-07-04 15:00:00+00:00,2.11680006980896
2025-07-04 16:00:00+00:00,2.1171000003814697
2025-07-06 22:00:00+00:00,2.106600046157837
2025-07-06 23:00:00+00:00,2.102299928665161
2025-07-07 00:00:00+00:00,2.0989999771118164
2025-07-07 01:00:00+00:00,2.1003000736236572
2025-07-07 02:00:00+00:00,2.1031999588012695
2025-07-07 03:00:00+00:00,2.107599973678589
2025-07-07 04:00:00+00:00,2.1101999282836914
2025-07-07 05:00:00+00:00,2.1136999130249023
2025-07-07 06:00:00+00:00,2.1157000064849854
2025-07-07 07:00:00+00:00,2.12280011177063
2025-07-07 08:00:00+00:00,2.128999948501587
2025-07-07 09:00:00+00:00,2.1333999633789062
2025-07-07 10:00:00+00:00,2.1333999633789062
2025-07-07 11:00:00+00:00,2.1333000659942627
2025-07-07 12:00:00+00:00,2.1328001022338867
2025-07-07 13:00:00+00:00,2.1315999031066895
2025-07-07 14:00:00+00:00,2.135699987411499
2025-07-07 15:00:00+00:00,2.1435999870300293
2025-07-07 16:00:00+00:00,2.147599935531616
2025-07-07 17:00:00+00:00,2.1470000743865967
2025-07-07 18:00:00+00:00,2.1559998989105225
2025-07-07 19:00:00+00:00,2.155600070953369
2025-07-07 20:00:00+00:00,2.1533000469207764
2025-07-07 22:00:00+00:00,2.1510000228881836
2025-07-07 23:00:00+00:00,2.1510000228881836
2025-07-08 00:00:00+00:00,2.147700071334839
2025-07-08 01:00:00+00:00,2.1491000652313232
2025-07-08 02:00:00+00:00,2.1507999897003174
2025-07-08 03:00:00+00:00,2.151099920272827
2025-07-08 04:00:00+00:00,2.1494998931884766
2025-07-08 05:00:00+00:00,2.15310001373291
2025-07-08 06:00:00+00:00,2.1482999324798584
2025-07-08 07:00:00+00:00,2.148099899291992
2025-07-08 08:00:00+00:00,2.1459999084472656
2025-07-08 09:00:00+00:00,2.1498000621795654
2025-07-08 10:00:00+00:00,2.162400007247925
2025-07-08 11:00:00+00:00,2.166800022125244
2025-07-08 12:00:00+00:00,2.1703999042510986
2025-07-08 13:00:00+00:00,2.1751999855041504
2025-07-08 14:00:00+00:00,2.183000087738037
2025-07-08 15:00:00+00:00,2.189500093460083
2025-07-08 16:00:00+00:00,2.196500062942505
2025-07-08 17:00:00+00:00,2.187999963760376
2025-07-08 18:00:00+00:00,2.187000036239624
2025-07-08 19:00:00+00:00,2.185800075531006
2025-07-08 20:00:00+00:00,2.1858999729156494
2025-07-08 22:00:00+00:00,2.1851999759674072
2025-07-08 23:00:00+00:00,2.184299945831299
2025-07-09 00:00:00+00:00,2.187999963760376
2025-07-09 01:00:00+00:00,2.1877999305725098
2025-07-09 02:00:00+00:00,2.186500072479248
2025-07-09 03:00:00+00:00,2.187999963760376
2025-07-09 04:00:00+00:00,2.1882998943328857
2025-07-09 05:00:00+00:00,2.187999963760376
2025-07-09 06:00:00+00:00,2.1926000118255615
2025-07-09 07:00:00+00:00,2.19950008392334
2025-07-09 08:00:00+00:00,2.2026000022888184
2025-07-09 09:00:00+00:00,2.196000099182129
2025-07-09 10:00:00+00:00,2.191200017929077
2025-07-09 11:00:00+00:00,2.18969988822937
2025-07-09 12:00:00+00:00,2.18179988861084
2025-07-09 13:00:00+00:00,2.177500009536743
2025-07-09 14:00:00+00:00,2.1812000274658203
2025-07-09 15:00:00+00:00,2.1953999996185303
2025-07-09 16:00:00+00:00,2.1988000869750977
2025-07-09 17:00:00+00:00,2.196199893951416
2025-07-09 18:00:00+00:00,2.189500093460083
2025-07-09 19:00:00+00:00,2.1907999515533447
2025-07-09 20:00:00+00:00,2.191800117492676
2025-07-09 22:00:00+00:00,2.191200017929077
2025-07-09 23:00:00+00:00,2.1903998851776123
2025-07-10 00:00:00+00:00,2.189300060272217
2025-07-10 01:00:00+00:00,2.1914000511169434
2025-07-10 02:00:00+00:00,2.1928000450134277
2025-07-10 03:00:00+00:00,2.1933000087738037
2025-07-10 04:00:00+00:00,2.1963999271392822
2025-07-10 05:00:00+00:00,2.1944000720977783
2025-07-10 06:00:00+00:00,2.1940999031066895
2025-07-10 07:00:00+00:00,2.19350004196167
2025-07-10 08:00:00+00:00,2.180999994277954
2025-07-10 09:00:00+00:00,2.181299924850464
2025-07-10 10:00:00+00:00,2.1826999187469482
2025-07-10 11:00:00+00:00,2.1684000492095947
2025-07-10 12:00:00+00:00,2.1707000732421875
2025-07-10 13:00:00+00:00,2.148900032043457
2025-07-10 14:00:00+00:00,2.1566998958587646
2025-07-10 15:00:00+00:00,2.1470999717712402
2025-07-10 16:00:00+00:00,2.152400016784668
2025-07-10 17:00:00+00:00,2.152899980545044
2025-07-10 18:00:00+00:00,2.1577999591827393
2025-07-10 19:00:00+00:00,2.156100034713745
2025-07-10 20:00:00+00:00,2.157900094985962
2025-07-10 22:00:00+00:00,2.157099962234497
2025-07-10 23:00:00+00:00,2.1563000679016113
2025-07-11 00:00:00+00:00,2.1524999141693115
2025-07-11 01:00:00+00:00,2.1623001098632812
2025-07-11 02:00:00+00:00,2.1556999683380127
2025-07-11 03:00:00+00:00,2.1549999713897705
2025-07-11 04:00:00+00:00,2.14739990234375
2025-07-11 05:00:00+00:00,2.151700019836426
2025-07-11 06:00:00+00:00,2.1572999954223633
2025-07-11 07:00:00+00:00,2.147599935531616
2025-07-11 08:00:00+00:00,2.143399953842163
2025-07-11 09:00:00+00:00,2.1403000354766846
2025-07-11 10:00:00+00:00,2.147200107574463
2025-07-11 11:00:00+00:00,2.161400079727173
2025-07-11 12:00:00+00:00,2.159899950027466
2025-07-11 13:00:00+00:00,2.166300058364868
2025-07-11 14:00:00+00:00,2.1765999794006348
2025-07-11 15:00:00+00:00,2.1910998821258545
2025-07-11 16:00:00+00:00,2.187700033187866
2025-07-11 17:00:00+00:00,2.189300060272217
2025-07-11 18:00:00+00:00,2.192500114440918
2025-07-11 19:00:00+00:00,2.191499948501587
2025-07-11 20:00:00+00:00,2.1926000118255615
2025-07-14 04:00:00+00:00,2.1910998821258545
2025-07-14 05:00:00+00:00,2.1903998851776123
2025-07-14 06:00:00+00:00,2.1898999214172363
2025-07-14 07:00:00+00:00,2.2026000022888184
2025-07-14 08:00:00+00:00,2.192500114440918
2025-07-14 09:00:00+00:00,2.2011001110076904
2025-07-14 10:00:00+00:00,2.2054998874664307
2025-07-14 11:00:00+00:00,2.206700086593628
2025-07-14 12:00:00+00:00,2.1965999603271484
2025-07-14 13:00:00+00:00,2.17549991607666
2025-07-14 14:00:00+00:00,2.171099901199341
2025-07-14 15:00:00+00:00,2.1638998985290527
2025-07-14 16:00:00+00:00,2.166599988937378
2025-07-14 17:00:00+00:00,2.1631999015808105
2025-07-14 18:00:00+00:00,2.165800094604492
2025-07-14 19:00:00+00:00,2.165800094604492
2025-07-14 20:00:00+00:00,2.1619999408721924
2025-07-14 22:00:00+00:00,2.163800001144409
2025-07-14 23:00:00+00:00,2.163599967956543
2025-07-15 00:00:00+00:00,2.158600091934204
2025-07-15 01:00:00+00:00,2.160399913787842
2025-07-15 02:00:00+00:00,2.156399965286255
2025-07-15 03:00:00+00:00,2.155400037765503
2025-07-15 04:00:00+00:00,2.1556999683380127
2025-07-15 05:00:00+00:00,2.1600000858306885
2025-07-15 06:00:00+00:00,2.15120005607605
2025-07-15 07:00:00+00:00,2.148400068283081
2025-07-15 08:00:00+00:00,2.1554999351501465
2025-07-15 09:00:00+00:00,2.158900022506714
2025-07-15 10:00:00+00:00,2.164599895477295
2025-07-15 11:00:00+00:00,2.174999952316284
2025-07-15 12:00:00+00:00,2.180500030517578
2025-07-15 13:00:00+00:00,2.1823999881744385
2025-07-15 14:00:00+00:00,2.185499906539917
2025-07-15 15:00:00+00:00,2.18179988861084
2025-07-15 16:00:00+00:00,2.1654999256134033
2025-07-15 17:00:00+00:00,2.1689000129699707
2025-07-15 18:00:00+00:00,2.171600103378296
2025-07-15 19:00:00+00:00,2.1728999614715576
2025-07-15 20:00:00+00:00,2.17330002784729
2025-07-15 22:00:00+00:00,2.175600051879883
2025-07-15 23:00:00+00:00,2.177299976348877
2025-07-16 00:00:00+00:00,2.174999952316284
2025-07-16 01:00:00+00:00,2.175800085067749
2025-07-16 02:00:00+00:00,2.1696999073028564
2025-07-16 03:00:00+00:00,2.168600082397461
2025-07-16 04:00:00+00:00,2.1679999828338623
2025-07-16 05:00:00+00:00,2.1679999828338623
2025-07-16 06:00:00+00:00,2.1691999435424805
2025-07-16 07:00:00+00:00,2.1647000312805176
2025-07-16 08:00:00+00:00,2.161600112915039
2025-07-16 09:00:00+00:00,2.159899950027466
2025-07-16 10:00:00+00:00,2.157399892807007
2025-07-16 11:00:00+00:00,2.150099992752075
2025-07-16 12:00:00+00:00,2.154099941253662
2025-07-16 13:00:00+00:00,2.1470999717712402
2025-07-16 14:00:00+00:00,2.1393001079559326
2025-07-16 15:00:00+00:00,2.1340999603271484
2025-07-16 16:00:00+00:00,2.142400026321411
2025-07-16 17:00:00+00:00,2.1482999324798584
2025-07-16 18:00:00+00:00,2.1552999019622803
2025-07-16 19:00:00+00:00,2.155100107192993
2025-07-16 20:00:00+00:00,2.1519999504089355
2025-07-16 22:00:00+00:00,2.155400037765503
2025-07-16 23:00:00+00:00,2.156599998474121
2025-07-17 00:00:00+00:00,2.15910005569458
2025-07-17 01:00:00+00:00,2.1596999168395996
2025-07-17 02:00:00+00:00,2.156399965286255
2025-07-17 03:00:00+00:00,2.1582000255584717
2025-07-17 04:00:00+00:00,2.1547999382019043
2025-07-17 05:00:00+00:00,2.155400037765503
2025-07-17 06:00:00+00:00,2.150099992752075
2025-07-17 07:00:00+00:00,2.1484999656677246
2025-07-17 08:00:00+00:00,2.152400016784668
2025-07-17 09:00:00+00:00,2.146699905395508
2025-07-17 10:00:00+00:00,2.1561999320983887
2025-07-17 11:00:00+00:00,2.1519999504089355
2025-07-17 12:00:00+00:00,2.1521999835968018
2025-07-17 13:00:00+00:00,2.147900104522705
2025-07-17 14:00:00+00:00,2.1577000617980957
2025-07-17 15:00:00+00:00,2.1522998809814453
2025-07-17 16:00:00+00:00,2.158600091934204
2025-07-17 17:00:00+00:00,2.1607000827789307
2025-07-17 18:00:00+00:00,2.1719000339508057
2025-07-17 19:00:00+00:00,2.1709001064300537
2025-07-17 20:00:00+00:00,2.172600030899048
2025-07-17 22:00:00+00:00,2.170599937438965
2025-07-17 23:00:00+00:00,2.1684999465942383
2025-07-18 00:00:00+00:00,2.1737000942230225
2025-07-18 01:00:00+00:00,2.1689999103546143
2025-07-18 02:00:00+00:00,2.169800043106079
2025-07-18 03:00:00+00:00,2.169300079345703
2025-07-18 04:00:00+00:00,2.184000015258789
2025-07-18 05:00:00+00:00,2.1810998916625977
2025-07-18 06:00:00+00:00,2.187299966812134
2025-07-18 07:00:00+00:00,2.172499895095825
2025-07-18 08:00:00+00:00,2.1756999492645264
2025-07-18 09:00:00+00:00,2.183300018310547
2025-07-18 10:00:00+00:00,2.1761999130249023
2025-07-18 11:00:00+00:00,2.1844000816345215
2025-07-18 12:00:00+00:00,2.18149995803833
2025-07-18 13:00:00+00:00,2.1738998889923096
2025-07-18 14:00:00+00:00,2.1786999702453613
2025-07-18 15:00:00+00:00,2.158400058746338
2025-07-18 16:00:00+00:00,2.1582000255584717
2025-07-18 17:00:00+00:00,2.1517999172210693
2025-07-18 18:00:00+00:00,2.152899980545044
2025-07-18 19:00:00+00:00,2.148699998855591
2025-07-18 20:00:00+00:00,2.15339994430542
2025-07-20 22:00:00+00:00,2.1494998931884766
2025-07-20 23:00:00+00:00,2.14739990234375
2025-07-21 00:00:00+00:00,2.146699905395508
2025-07-21 01:00:00+00:00,2.1470999717712402
2025-07-21 02:00:00+00:00,2.143699884414673
2025-07-21 04:00:00+00:00,2.143899917602539
2025-07-21 05:00:00+00:00,2.148200035095215
2025-07-21 06:00:00+00:00,2.140399932861328
2025-07-21 07:00:00+00:00,2.1389999389648438
2025-07-21 08:00:00+00:00,2.134200096130371
2025-07-21 09:00:00+00:00,2.136199951171875
2025-07-21 10:00:00+00:00,2.1407999992370605
2025-07-21 11:00:00+00:00,2.141200065612793
2025-07-21 12:00:00+00:00,2.1391000747680664
2025-07-21 13:00:00+00:00,2.124300003051758
2025-07-21 14:00:00+00:00,2.129199981689453
2025-07-21 15:00:00+00:00,2.12719988822937
2025-07-21 16:00:00+00:00,2.1275999546051025
2025-07-21 17:00:00+00:00,2.1315999031066895
2025-07-21 18:00:00+00:00,2.125999927520752
2025-07-21 19:00:00+00:00,2.1229000091552734
2025-07-21 20:00:00+00:00,2.1254000663757324
2025-07-21 22:00:00+00:00,2.1266000270843506
2025-07-22 00:00:00+00:00,2.1226999759674072
2025-07-22 01:00:00+00:00,2.114799976348877
2025-07-22 02:00:00+00:00,2.112600088119507
2025-07-22 03:00:00+00:00,2.109600067138672
2025-07-22 04:00:00+00:00,2.1077001094818115
2025-07-22 05:00:00+00:00,2.1171000003814697
2025-07-22 06:00:00+00:00,2.1245999336242676
2025-07-22 07:00:00+00:00,2.112499952316284
2025-07-22 08:00:00+00:00,2.1142001152038574
2025-07-22 09:00:00+00:00,2.111999988555908
2025-07-22 10:00:00+00:00,2.1122000217437744
2025-07-22 11:00:00+00:00,2.1085000038146973
2025-07-22 12:00:00+00:00,2.1096999645233154
2025-07-22 13:00:00+00:00,2.1073999404907227
2025-07-22 14:00:00+00:00,2.0969998836517334
2025-07-22 15:00:00+00:00,2.103800058364868
2025-07-22 16:00:00+00:00,2.098400115966797
2025-07-22 17:00:00+00:00,2.0975000858306885
2025-07-22 18:00:00+00:00,2.1054000854492188
2025-07-22 19:00:00+00:00,2.104599952697754
2025-07-22 20:00:00+00:00,2.1026999950408936
2025-07-22 22:00:00+00:00,2.1045000553131104
2025-07-22 23:00:00+00:00,2.1085000038146973
2025-07-23 00:00:00+00:00,2.1089000701904297
2025-07-23 01:00:00+00:00,2.103100061416626
2025-07-23 02:00:00+00:00,2.1013998985290527
2025-07-23 03:00:00+00:00,2.1001999378204346
2025-07-23 05:00:00+00:00,2.102799892425537
2025-07-23 06:00:00+00:00,2.098299980163574
2025-07-23 07:00:00+00:00,2.101799964904785
2025-07-23 08:00:00+00:00,2.0992000102996826
2025-07-23 09:00:00+00:00,2.098299980163574
2025-07-23 10:00:00+00:00,2.0985000133514404
2025-07-23 11:00:00+00:00,2.098299980163574
2025-07-23 12:00:00+00:00,2.1073999404907227
2025-07-23 13:00:00+00:00,2.107300043106079
2025-07-23 14:00:00+00:00,2.1077001094818115
2025-07-23 15:00:00+00:00,2.1175999641418457
2025-07-23 16:00:00+00:00,2.1178998947143555
2025-07-23 17:00:00+00:00,2.1221001148223877
2025-07-23 18:00:00+00:00,2.123300075531006
2025-07-23 19:00:00+00:00,2.120699882507324
2025-07-23 20:00:00+00:00,2.117799997329712
2025-07-23 22:00:00+00:00,2.119999885559082
2025-07-23 23:00:00+00:00,2.119999885559082
2025-07-24 00:00:00+00:00,2.120300054550171
2025-07-24 02:00:00+00:00,2.1147000789642334
2025-07-24 06:00:00+00:00,2.134700059890747
2025-07-24 07:00:00+00:00,2.1166999340057373
2025-07-24 08:00:00+00:00,2.1273000240325928
2025-07-24 09:00:00+00:00,2.1335999965667725
2025-07-24 10:00:00+00:00,2.125
2025-07-24 11:00:00+00:00,2.118299961090088
2025-07-24 12:00:00+00:00,2.120699882507324
2025-07-24 13:00:00+00:00,2.104099988937378
2025-07-24 14:00:00+00:00,2.1117000579833984
2025-07-24 15:00:00+00:00,2.103800058364868
2025-07-24 16:00:00+00:00,2.0875000953674316
2025-07-24 17:00:00+00:00,2.087599992752075
2025-07-24 18:00:00+00:00,2.1057000160217285
2025-07-24 19:00:00+00:00,2.1061999797821045
2025-07-24 20:00:00+00:00,2.1078999042510986
2025-07-24 22:00:00+00:00,2.1078999042510986
2025-07-24 23:00:00+00:00,2.1092000007629395
2025-07-25 00:00:00+00:00,2.1094000339508057
2025-07-25 01:00:00+00:00,2.114799976348877
2025-07-25 02:00:00+00:00,2.115299940109253
2025-07-25 03:00:00+00:00,2.1110000610351562
2025-07-25 04:00:00+00:00,2.107100009918213
2025-07-25 05:00:00+00:00,2.1187000274658203
2025-07-25 06:00:00+00:00,2.1154000759124756
2025-07-25 07:00:00+00:00,2.11299991607666
2025-07-25 08:00:00+00:00,2.1089999675750732
2025-07-25 09:00:00+00:00,2.1122000217437744
2025-07-25 10:00:00+00:00,2.114799976348877
2025-07-25 11:00:00+00:00,2.1140999794006348
2025-07-25 12:00:00+00:00,2.1122000217437744
2025-07-25 13:00:00+00:00,2.0959999561309814
2025-07-25 14:00:00+00:00,2.1015000343322754
2025-07-25 15:00:00+00:00,2.0897998809814453
2025-07-25 16:00:00+00:00,2.0943000316619873
2025-07-25 17:00:00+00:00,2.091900110244751
2025-07-25 18:00:00+00:00,2.0969998836517334
2025-07-25 19:00:00+00:00,2.0922000408172607
2025-07-25 20:00:00+00:00,2.0969998836517334
2025-07-28 00:00:00+00:00,2.1015000343322754
2025-07-28 01:00:00+00:00,2.1029000282287598
2025-07-28 02:00:00+00:00,2.1040000915527344
2025-07-28 03:00:00+00:00,2.102400064468384
2025-07-28 04:00:00+00:00,2.10260009765625
2025-07-28 05:00:00+00:00,2.1040000915527344
2025-07-28 06:00:00+00:00,2.1101999282836914
2025-07-28 07:00:00+00:00,2.108099937438965
2025-07-28 08:00:00+00:00,2.109100103378296
2025-07-28 09:00:00+00:00,2.109299898147583
2025-07-28 10:00:00+00:00,2.1171998977661133
2025-07-28 11:00:00+00:00,2.125499963760376
2025-07-28 12:00:00+00:00,2.131500005722046
2025-07-28 13:00:00+00:00,2.134399890899658
2025-07-28 14:00:00+00:00,2.1278998851776123
2025-07-28 15:00:00+00:00,2.1303999423980713
2025-07-28 16:00:00+00:00,2.1303000450134277
2025-07-28 17:00:00+00:00,2.1317999362945557
2025-07-28 18:00:00+00:00,2.1366000175476074
2025-07-28 19:00:00+00:00,2.148200035095215
2025-07-28 20:00:00+00:00,2.14520001411438
2025-07-28 22:00:00+00:00,2.1466000080108643
2025-07-28 23:00:00+00:00,2.1470000743865967
2025-07-29 00:00:00+00:00,2.1415998935699463
2025-07-29 01:00:00+00:00,2.1415998935699463
2025-07-29 02:00:00+00:00,2.1375999450683594
2025-07-29 05:00:00+00:00,2.136399984359741
2025-07-29 06:00:00+00:00,2.140899896621704
2025-07-29 07:00:00+00:00,2.138000011444092
2025-07-29 08:00:00+00:00,2.150599956512451
2025-07-29 09:00:00+00:00,2.1538000106811523
2025-07-29 10:00:00+00:00,2.143399953842163
2025-07-29 11:00:00+00:00,2.14490008354187
2025-07-29 12:00:00+00:00,2.1617000102996826
2025-07-29 13:00:00+00:00,2.1749000549316406
2025-07-29 14:00:00+00:00,2.179800033569336
2025-07-29 15:00:00+00:00,2.183300018310547
2025-07-29 16:00:00+00:00,2.1858999729156494
2025-07-29 17:00:00+00:00,2.212899923324585
2025-07-29 18:00:00+00:00,2.2291998863220215
2025-07-29 19:00:00+00:00,2.22189998626709
2025-07-29 20:00:00+00:00,2.2202000617980957
2025-07-29 22:00:00+00:00,2.2228000164031982
2025-07-29 23:00:00+00:00,2.2209999561309814
2025-07-30 00:00:00+00:00,2.2253000736236572
2025-07-30 01:00:00+00:00,2.2248001098632812
2025-07-30 02:00:00+00:00,2.2258999347686768
2025-07-30 03:00:00+00:00,2.2256999015808105
2025-07-30 04:00:00+00:00,2.225399971008301
2025-07-30 06:00:00+00:00,2.221400022506714
2025-07-30 07:00:00+00:00,2.2274999618530273
2025-07-30 08:00:00+00:00,2.2074999809265137
2025-07-30 09:00:00+00:00,2.2049999237060547
2025-07-30 10:00:00+00:00,2.2056000232696533
2025-07-30 11:00:00+00:00,2.206899881362915
2025-07-30 12:00:00+00:00,2.2165000438690186
2025-07-30 13:00:00+00:00,2.23009991645813
2025-07-30 14:00:00+00:00,2.2407000064849854
2025-07-30 15:00:00+00:00,2.2428998947143555
2025-07-30 16:00:00+00:00,2.251199960708618
2025-07-30 17:00:00+00:00,2.265000104904175
2025-07-30 18:00:00+00:00,2.2699999809265137
2025-07-30 19:00:00+00:00,2.2790000438690186
2025-07-30 20:00:00+00:00,2.2820000648498535
2025-07-31 01:00:00+00:00,2.276099920272827
2025-07-31 02:00:00+00:00,2.276099920272827
2025-07-31 11:00:00+00:00,2.253999948501587
2025-07-31 12:00:00+00:00,2.249000072479248
2025-07-31 13:00:00+00:00,2.2416000366210938
2025-07-31 14:00:00+00:00,2.24399995803833
2025-07-31 15:00:00+00:00,2.2225000858306885
2025-07-31 16:00:00+00:00,2.2295000553131104
2025-07-31 17:00:00+00:00,2.211699962615967
2025-07-31 18:00:00+00:00,2.2284998893737793
2025-08-01 07:00:00+00:00,2.1689000129699707
2025-08-01 08:00:00+00:00,2.1561999320983887
2025-08-01 09:00:00+00:00,2.1591999530792236
2025-08-01 10:00:00+00:00,2.146699905395508
2025-08-01 11:00:00+00:00,2.1454999446868896
2025-08-01 12:00:00+00:00,2.1568000316619873
2025-08-01 13:00:00+00:00,2.1340999603271484
2025-08-01 14:00:00+00:00,2.1077001094818115
2025-08-01 15:00:00+00:00,2.1078999042510986
2025-08-01 16:00:00+00:00,2.1152000427246094
2025-08-01 17:00:00+00:00,2.1173999309539795
2025-08-01 18:00:00+00:00,2.1138999462127686
2025-08-01 19:00:00+00:00,2.1101999282836914
2025-08-01 20:00:00+00:00,2.107599973678589
2025-08-03 22:00:00+00:00,2.0968000888824463
2025-08-03 23:00:00+00:00,2.102299928665161
2025-08-04 00:00:00+00:00,2.1057000160217285
2025-08-04 01:00:00+00:00,2.109299898147583
2025-08-04 02:00:00+00:00,2.1113998889923096
2025-08-04 03:00:00+00:00,2.111799955368042
2025-08-04 04:00:00+00:00,2.1092000007629395
2025-08-04 05:00:00+00:00,2.1166000366210938
2025-08-04 06:00:00+00:00,2.119999885559082
2025-08-04 07:00:00+00:00,2.121999979019165
2025-08-04 08:00:00+00:00,2.098400115966797
2025-08-04 09:00:00+00:00,2.0980000495910645
2025-08-04 10:00:00+00:00,2.098400115966797
2025-08-04 11:00:00+00:00,2.0952000617980957
2025-08-04 12:00:00+00:00,2.0817999839782715
2025-08-04 13:00:00+00:00,2.0855000019073486
2025-08-04 14:00:00+00:00,2.1173999309539795
2025-08-04 15:00:00+00:00,2.117300033569336
2025-08-04 16:00:00+00:00,2.098900079727173
2025-08-04 17:00:00+00:00,2.1010000705718994
2025-08-04 18:00:00+00:00,2.1001999378204346
2025-08-04 19:00:00+00:00,2.0978000164031982
2025-08-04 20:00:00+00:00,2.1017000675201416
2025-08-04 22:00:00+00:00,2.100600004196167
2025-08-04 23:00:00+00:00,2.101300001144409
2025-08-05 00:00:00+00:00,2.0989999771118164
2025-08-05 01:00:00+00:00,2.100800037384033
2025-08-05 02:00:00+00:00,2.0966999530792236
2025-08-05 03:00:00+00:00,2.0977001190185547
2025-08-05 04:00:00+00:00,2.0994999408721924
2025-08-05 05:00:00+00:00,2.1024999618530273
2025-08-05 06:00:00+00:00,2.098599910736084
2025-08-05 07:00:00+00:00,2.097599983215332
2025-08-05 08:00:00+00:00,2.0978000164031982
2025-08-05 09:00:00+00:00,2.0885000228881836
2025-08-05 10:00:00+00:00,2.0889999866485596
2025-08-05 11:00:00+00:00,2.0952999591827393
2025-08-05 12:00:00+00:00,2.0894999504089355
2025-08-05 13:00:00+00:00,2.098099946975708
2025-08-05 14:00:00+00:00,2.09689998626709
2025-08-05 15:00:00+00:00,2.0996999740600586
2025-08-05 16:00:00+00:00,2.0968000888824463
2025-08-05 17:00:00+00:00,2.097599983215332
2025-08-05 18:00:00+00:00,2.089900016784668
2025-08-05 19:00:00+00:00,2.0892999172210693
2025-08-05 20:00:00+00:00,2.0878000259399414
2025-08-05 22:00:00+00:00,2.087399959564209
2025-08-05 23:00:00+00:00,2.089400053024292
2025-08-06 00:00:00+00:00,2.091099977493286
2025-08-06 01:00:00+00:00,2.0971999168395996
2025-08-06 02:00:00+00:00,2.0966999530792236
2025-08-06 03:00:00+00:00,2.099900007247925
2025-08-06 04:00:00+00:00,2.101099967956543
2025-08-06 05:00:00+00:00,2.097599983215332
2025-08-06 06:00:00+00:00,2.1043999195098877
2025-08-06 07:00:00+00:00,2.105600118637085
2025-08-06 08:00:00+00:00,2.115000009536743
2025-08-06 09:00:00+00:00,2.1191999912261963
2025-08-06 10:00:00+00:00,2.121299982070923
2025-08-06 11:00:00+00:00,2.117799997329712
2025-08-06 12:00:00+00:00,2.121299982070923
2025-08-06 13:00:00+00:00,2.1321001052856445
2025-08-06 14:00:00+00:00,2.1256000995635986
2025-08-06 15:00:00+00:00,2.1047000885009766
2025-08-06 16:00:00+00:00,2.114300012588501
2025-08-06 17:00:00+00:00,2.104599952697754
2025-08-06 18:00:00+00:00,2.0833001136779785
2025-08-06 19:00:00+00:00,2.0810999870300293
2025-08-06 20:00:00+00:00,2.085400104522705
2025-08-06 22:00:00+00:00,2.0859999656677246
2025-08-06 23:00:00+00:00,2.0864999294281006
2025-08-07 00:00:00+00:00,2.096299886703491
2025-08-07 01:00:00+00:00,2.103800058364868
2025-08-07 02:00:00+00:00,2.103600025177002
2025-08-07 03:00:00+00:00,2.102799892425537
2025-08-07 04:00:00+00:00,2.0998001098632812
2025-08-07 05:00:00+00:00,2.0973000526428223
2025-08-07 06:00:00+00:00,2.1015000343322754
2025-08-07 07:00:00+00:00,2.1054999828338623
2025-08-07 08:00:00+00:00,2.0985000133514404
2025-08-07 09:00:00+00:00,2.1066999435424805
2025-08-07 10:00:00+00:00,2.1112000942230225
2025-08-07 11:00:00+00:00,2.102400064468384
2025-08-07 12:00:00+00:00,2.1048998832702637
2025-08-07 13:00:00+00:00,2.0950000286102295
2025-08-07 14:00:00+00:00,2.0734000205993652
2025-08-07 15:00:00+00:00,2.0813000202178955
2025-08-07 16:00:00+00:00,2.0861001014709473
2025-08-07 17:00:00+00:00,2.082900047302246
2025-08-07 18:00:00+00:00,2.0752999782562256
2025-08-07 19:00:00+00:00,2.0713999271392822
2025-08-07 20:00:00+00:00,2.071899890899658
2025-08-07 22:00:00+00:00,2.073199987411499
2025-08-07 23:00:00+00:00,2.0720999240875244
2025-08-08 00:00:00+00:00,2.074199914932251
2025-08-08 01:00:00+00:00,2.0734000205993652
2025-08-08 02:00:00+00:00,2.0743000507354736
2025-08-08 03:00:00+00:00,2.073899984359741
2025-08-08 04:00:00+00:00,2.0715999603271484
2025-08-08 05:00:00+00:00,2.0671000480651855
2025-08-08 06:00:00+00:00,2.0617001056671143
2025-08-08 07:00:00+00:00,2.075200080871582
2025-08-08 08:00:00+00:00,2.085700035095215
2025-08-08 09:00:00+00:00,2.0894999504089355
2025-08-08 10:00:00+00:00,2.089400053024292
2025-08-08 11:00:00+00:00,2.085599899291992
2025-08-08 12:00:00+00:00,2.0840001106262207
2025-08-08 13:00:00+00:00,2.0910000801086426
2025-08-08 14:00:00+00:00,2.072000026702881
2025-08-08 15:00:00+00:00,2.094399929046631
2025-08-08 16:00:00+00:00,2.0905001163482666
2025-08-08 17:00:00+00:00,2.089099884033203
2025-08-08 18:00:00+00:00,2.0804998874664307
2025-08-08 19:00:00+00:00,2.078900098800659
2025-08-08 20:00:00+00:00,2.0861001014709473
2025-08-10 22:00:00+00:00,2.0750999450683594
2025-08-10 23:00:00+00:00,2.0729000568389893
2025-08-11 00:00:00+00:00,2.0643999576568604
2025-08-11 01:00:00+00:00,2.0745999813079834
2025-08-11 02:00:00+00:00,2.0768001079559326
2025-08-11 03:00:00+00:00,2.072700023651123
2025-08-11 04:00:00+00:00,2.0706000328063965
2025-08-11 05:00:00+00:00,2.071899890899658
2025-08-11 06:00:00+00:00,2.063199996948242
2025-08-11 07:00:00+00:00,2.059799909591675
2025-08-11 08:00:00+00:00,2.0732998847961426
2025-08-11 09:00:00+00:00,2.085900068283081
2025-08-11 10:00:00+00:00,2.087399959564209
2025-08-11 11:00:00+00:00,2.09660005569458
2025-08-11 12:00:00+00:00,2.0933001041412354
2025-08-11 13:00:00+00:00,2.0804998874664307
2025-08-11 14:00:00+00:00,2.0653998851776123
2025-08-11 15:00:00+00:00,2.073199987411499
2025-08-11 16:00:00+00:00,2.077500104904175
2025-08-11 17:00:00+00:00,2.07450008392334
2025-08-11 18:00:00+00:00,2.077899932861328
2025-08-11 19:00:00+00:00,2.0787999629974365
2025-08-11 20:00:00+00:00,2.077500104904175
2025-08-11 22:00:00+00:00,2.0822999477386475
2025-08-11 23:00:00+00:00,2.08270001411438
2025-08-12 00:00:00+00:00,2.083699941635132
2025-08-12 01:00:00+00:00,2.0804998874664307
2025-08-12 02:00:00+00:00,2.08270001411438
2025-08-12 03:00:00+00:00,2.0873000621795654
2025-08-12 04:00:00+00:00,2.091399908065796
2025-08-12 05:00:00+00:00,2.085599899291992
2025-08-12 06:00:00+00:00,2.0848000049591064
2025-08-12 07:00:00+00:00,2.0810999870300293
2025-08-12 08:00:00+00:00,2.0806000232696533
2025-08-12 09:00:00+00:00,2.083400011062622
2025-08-12 10:00:00+00:00,2.0808000564575195
2025-08-12 11:00:00+00:00,2.070199966430664
2025-08-12 12:00:00+00:00,2.068700075149536
2025-08-12 13:00:00+00:00,2.0736000537872314
2025-08-12 14:00:00+00:00,2.0762999057769775
2025-08-12 15:00:00+00:00,2.0717999935150146
2025-08-12 16:00:00+00:00,2.0703999996185303
2025-08-12 17:00:00+00:00,2.072999954223633
2025-08-12 18:00:00+00:00,2.0734000205993652
2025-08-12 19:00:00+00:00,2.0724000930786133
2025-08-12 20:00:00+00:00,2.071199893951416
2025-08-12 22:00:00+00:00,2.0708999633789062
2025-08-12 23:00:00+00:00,2.0727999210357666
2025-08-13 00:00:00+00:00,2.072000026702881
2025-08-13 01:00:00+00:00,2.0696001052856445
2025-08-13 02:00:00+00:00,2.065999984741211
2025-08-13 03:00:00+00:00,2.0713999271392822
2025-08-13 04:00:00+00:00,2.0724000930786133
2025-08-13 05:00:00+00:00,2.069200038909912
2025-08-13 06:00:00+00:00,2.0736000537872314
2025-08-13 07:00:00+00:00,2.066699981689453
2025-08-13 08:00:00+00:00,2.0645999908447266
2025-08-13 09:00:00+00:00,2.0624001026153564
2025-08-13 10:00:00+00:00,2.058500051498413
2025-08-13 11:00:00+00:00,2.071500062942505
2025-08-13 12:00:00+00:00,2.0804998874664307
2025-08-13 13:00:00+00:00,2.07669997215271
2025-08-13 14:00:00+00:00,2.0555999279022217
2025-08-13 15:00:00+00:00,2.048099994659424
2025-08-13 16:00:00+00:00,2.058500051498413
2025-08-13 17:00:00+00:00,2.0697999000549316
2025-08-13 18:00:00+00:00,2.0631000995635986
2025-08-13 19:00:00+00:00,2.0722999572753906
2025-08-13 20:00:00+00:00,2.077500104904175
2025-08-13 22:00:00+00:00,2.077199935913086
2025-08-13 23:00:00+00:00,2.077199935913086
2025-08-14 00:00:00+00:00,2.0796000957489014
2025-08-14 01:00:00+00:00,2.08489990234375
2025-08-14 02:00:00+00:00,2.0840001106262207
2025-08-14 03:00:00+00:00,2.0840001106262207
2025-08-14 04:00:00+00:00,2.0859999656677246
2025-08-14 05:00:00+00:00,2.087599992752075
2025-08-14 06:00:00+00:00,2.0861001014709473
2025-08-14 07:00:00+00:00,2.080699920654297
2025-08-14 08:00:00+00:00,2.0831000804901123
2025-08-14 09:00:00+00:00,2.091599941253662
2025-08-14 10:00:00+00:00,2.081700086593628
2025-08-14 11:00:00+00:00,2.0903000831604004
2025-08-14 12:00:00+00:00,2.091099977493286
2025-08-14 13:00:00+00:00,2.1031999588012695
2025-08-14 14:00:00+00:00,2.099600076675415
2025-08-14 15:00:00+00:00,2.1068999767303467
2025-08-14 16:00:00+00:00,2.1050000190734863
2025-08-14 17:00:00+00:00,2.107100009918213
2025-08-14 18:00:00+00:00,2.1089000701904297
2025-08-14 19:00:00+00:00,2.1098999977111816
2025-08-14 20:00:00+00:00,2.1110000610351562
2025-08-14 22:00:00+00:00,2.108099937438965
2025-08-14 23:00:00+00:00,2.1078999042510986
2025-08-15 00:00:00+00:00,2.1059000492095947
2025-08-15 01:00:00+00:00,2.1089000701904297
2025-08-15 02:00:00+00:00,2.1078999042510986
2025-08-15 03:00:00+00:00,2.105799913406372
2025-08-15 04:00:00+00:00,2.106100082397461
2025-08-15 05:00:00+00:00,2.1070001125335693
2025-08-15 06:00:00+00:00,2.101099967956543
2025-08-15 07:00:00+00:00,2.098400115966797
2025-08-15 08:00:00+00:00,2.091200113296509
2025-08-15 09:00:00+00:00,2.099600076675415
2025-08-15 10:00:00+00:00,2.1013998985290527
2025-08-15 11:00:00+00:00,2.09879994392395
2025-08-15 12:00:00+00:00,2.0938000679016113
2025-08-15 13:00:00+00:00,2.0840001106262207
2025-08-15 14:00:00+00:00,2.089400053024292
2025-08-15 15:00:00+00:00,2.0836000442504883
2025-08-15 16:00:00+00:00,2.0826001167297363
2025-08-15 17:00:00+00:00,2.0799999237060547
2025-08-15 18:00:00+00:00,2.0780999660491943
2025-08-15 19:00:00+00:00,2.078900098800659
2025-08-15 20:00:00+00:00,2.072499990463257
2025-08-17 22:00:00+00:00,2.0687999725341797
2025-08-17 23:00:00+00:00,2.0689001083374023
2025-08-18 00:00:00+00:00,2.073199987411499
2025-08-18 01:00:00+00:00,2.073899984359741
2025-08-18 02:00:00+00:00,2.075000047683716
2025-08-18 03:00:00+00:00,2.0771000385284424
2025-08-18 04:00:00+00:00,2.075700044631958
2025-08-18 05:00:00+00:00,2.075900077819824
2025-08-18 06:00:00+00:00,2.0801000595092773
2025-08-18 07:00:00+00:00,2.0689001083374023
2025-08-18 08:00:00+00:00,2.0713999271392822
2025-08-18 09:00:00+00:00,2.0794999599456787
2025-08-18 10:00:00+00:00,2.0797998905181885
2025-08-18 11:00:00+00:00,2.0804998874664307
2025-08-18 12:00:00+00:00,2.0804998874664307
2025-08-18 13:00:00+00:00,2.0638999938964844
2025-08-18 14:00:00+00:00,2.0738000869750977
2025-08-18 15:00:00+00:00,2.0820000171661377
2025-08-18 16:00:00+00:00,2.0829999446868896
2025-08-18 17:00:00+00:00,2.094099998474121
2025-08-18 18:00:00+00:00,2.0982000827789307
2025-08-18 19:00:00+00:00,2.09689998626709
2025-08-18 20:00:00+00:00,2.098099946975708
2025-08-18 22:00:00+00:00,2.099100112915039
2025-08-18 23:00:00+00:00,2.0994999408721924
2025-08-19 00:00:00+00:00,2.0977001190185547
2025-08-19 01:00:00+00:00,2.093600034713745
2025-08-19 02:00:00+00:00,2.0913000106811523
2025-08-19 03:00:00+00:00,2.091099977493286
2025-08-19 04:00:00+00:00,2.0906999111175537
2025-08-19 05:00:00+00:00,2.088200092315674
2025-08-19 06:00:00+00:00,2.089099884033203
2025-08-19 07:00:00+00:00,2.082200050354004
2025-08-19 08:00:00+00:00,2.0780999660491943
2025-08-19 09:00:00+00:00,2.0794999599456787
2025-08-19 10:00:00+00:00,2.0752999782562256
2025-08-19 11:00:00+00:00,2.0855000019073486
2025-08-19 12:00:00+00:00,2.086899995803833
2025-08-19 13:00:00+00:00,2.0938000679016113
2025-08-19 14:00:00+00:00,2.095400094985962
2025-08-19 15:00:00+00:00,2.0840001106262207
2025-08-19 16:00:00+00:00,2.087899923324585
2025-08-19 17:00:00+00:00,2.0859999656677246
2025-08-19 18:00:00+00:00,2.0917000770568848
2025-08-19 19:00:00+00:00,2.0896999835968018
2025-08-19 20:00:00+00:00,2.0910000801086426
2025-08-19 22:00:00+00:00,2.0940001010894775
2025-08-19 23:00:00+00:00,2.093899965286255
2025-08-20 00:00:00+00:00,2.0917999744415283
2025-08-20 01:00:00+00:00,2.089600086212158
2025-08-20 02:00:00+00:00,2.0875000953674316
2025-08-20 03:00:00+00:00,2.0862998962402344
2025-08-20 04:00:00+00:00,2.0882999897003174
2025-08-20 05:00:00+00:00,2.0924999713897705
2025-08-20 06:00:00+00:00,2.0985000133514404
2025-08-20 07:00:00+00:00,2.1008999347686768
2025-08-20 08:00:00+00:00,2.105600118637085
2025-08-20 09:00:00+00:00,2.097100019454956
2025-08-20 10:00:00+00:00,2.104599952697754
2025-08-20 11:00:00+00:00,2.1038999557495117
2025-08-20 12:00:00+00:00,2.099900007247925
2025-08-20 13:00:00+00:00,2.1124000549316406
2025-08-20 14:00:00+00:00,2.108299970626831
2025-08-20 15:00:00+00:00,2.127700090408325
2025-08-20 16:00:00+00:00,2.1243999004364014
2025-08-20 17:00:00+00:00,2.124000072479248
2025-08-20 18:00:00+00:00,2.1321001052856445
2025-08-20 19:00:00+00:00,2.130000114440918
2025-08-20 20:00:00+00:00,2.128000020980835
2025-08-20 22:00:00+00:00,2.130000114440918
2025-08-20 23:00:00+00:00,2.1291000843048096
2025-08-21 00:00:00+00:00,2.128200054168701
2025-08-21 01:00:00+00:00,2.1322999000549316
2025-08-21 02:00:00+00:00,2.133500099182129
2025-08-21 03:00:00+00:00,2.132499933242798
2025-08-21 04:00:00+00:00,2.1322999000549316
2025-08-21 05:00:00+00:00,2.13319993019104
2025-08-21 06:00:00+00:00,2.1389000415802
2025-08-21 07:00:00+00:00,2.132499933242798
2025-08-21 08:00:00+00:00,2.1398000717163086
2025-08-21 09:00:00+00:00,2.146899938583374
2025-08-21 10:00:00+00:00,2.1424999237060547
2025-08-21 11:00:00+00:00,2.140199899673462
2025-08-21 12:00:00+00:00,2.134500026702881
2025-08-21 13:00:00+00:00,2.1347999572753906
2025-08-21 14:00:00+00:00,2.147700071334839
2025-08-21 15:00:00+00:00,2.15120005607605
2025-08-21 16:00:00+00:00,2.1542000770568848
2025-08-21 17:00:00+00:00,2.15310001373291
2025-08-21 18:00:00+00:00,2.158900022506714
2025-08-21 19:00:00+00:00,2.1593000888824463
2025-08-21 20:00:00+00:00,2.1638998985290527
2025-08-21 22:00:00+00:00,2.164599895477295
2025-08-21 23:00:00+00:00,2.164599895477295
2025-08-22 00:00:00+00:00,2.1649999618530273
2025-08-22 01:00:00+00:00,2.1628000736236572
2025-08-22 02:00:00+00:00,2.1630001068115234
2025-08-22 03:00:00+00:00,2.1628000736236572
2025-08-22 04:00:00+00:00,2.1624999046325684
2025-08-22 05:00:00+00:00,2.16510009765625
2025-08-22 06:00:00+00:00,2.164400100708008
2025-08-22 07:00:00+00:00,2.164299964904785
2025-08-22 08:00:00+00:00,2.1568000316619873
2025-08-22 09:00:00+00:00,2.1554999351501465
2025-08-22 10:00:00+00:00,2.156599998474121
2025-08-22 11:00:00+00:00,2.1596999168395996
2025-08-22 12:00:00+00:00,2.160399913787842
2025-08-22 13:00:00+00:00,2.166100025177002
2025-08-22 14:00:00+00:00,2.1623001098632812
2025-08-22 15:00:00+00:00,2.166599988937378
2025-08-22 16:00:00+00:00,2.1686999797821045
2025-08-22 17:00:00+00:00,2.1661999225616455
2025-08-22 18:00:00+00:00,2.160099983215332
2025-08-22 19:00:00+00:00,2.1603000164031982
2025-08-22 20:00:00+00:00,2.1584999561309814
2025-08-24 22:00:00+00:00,2.1530001163482666
2025-08-24 23:00:00+00:00,2.1526999473571777
2025-08-25 00:00:00+00:00,2.1517999172210693
2025-08-25 01:00:00+00:00,2.147599935531616
2025-08-25 02:00:00+00:00,2.1528000831604004
2025-08-25 04:00:00+00:00,2.15120005607605
2025-08-25 05:00:00+00:00,2.149600028991699
2025-08-25 06:00:00+00:00,2.154400110244751
2025-08-25 07:00:00+00:00,2.14739990234375
2025-08-25 08:00:00+00:00,2.1463000774383545
2025-08-25 09:00:00+00:00,2.1496999263763428
2025-08-25 10:00:00+00:00,2.1528000831604004
2025-08-25 11:00:00+00:00,2.1542000770568848
2025-08-25 12:00:00+00:00,2.1528000831604004
2025-08-25 13:00:00+00:00,2.1575000286102295
2025-08-25 14:00:00+00:00,2.160900115966797
2025-08-25 15:00:00+00:00,2.164099931716919
2025-08-25 16:00:00+00:00,2.162600040435791
2025-08-25 17:00:00+00:00,2.158400058746338
2025-08-25 18:00:00+00:00,2.1507999897003174
2025-08-25 19:00:00+00:00,2.152600049972534
2025-08-25 20:00:00+00:00,2.152600049972534
2025-08-25 22:00:00+00:00,2.1552999019622803
2025-08-25 23:00:00+00:00,2.1522998809814453
2025-08-26 00:00:00+00:00,2.138000011444092
2025-08-26 01:00:00+00:00,2.139400005340576
2025-08-26 02:00:00+00:00,2.1377999782562256
2025-08-26 03:00:00+00:00,2.138400077819824
2025-08-26 04:00:00+00:00,2.139400005340576
2025-08-26 05:00:00+00:00,2.137399911880493
2025-08-26 06:00:00+00:00,2.1357998847961426
2025-08-26 07:00:00+00:00,2.130000114440918
2025-08-26 08:00:00+00:00,2.12719988822937
2025-08-26 09:00:00+00:00,2.1177000999450684
2025-08-26 10:00:00+00:00,2.1243999004364014
2025-08-26 11:00:00+00:00,2.126300096511841
2025-08-26 12:00:00+00:00,2.126800060272217
2025-08-26 13:00:00+00:00,2.128000020980835
2025-08-26 14:00:00+00:00,2.125699996948242
2025-08-26 15:00:00+00:00,2.1115000247955322
2025-08-26 16:00:00+00:00,2.113300085067749
2025-08-26 17:00:00+00:00,2.122499942779541
2025-08-26 18:00:00+00:00,2.1273999214172363
2025-08-26 19:00:00+00:00,2.133500099182129
2025-08-26 20:00:00+00:00,2.134999990463257
2025-08-26 22:00:00+00:00,2.137700080871582
2025-08-27 00:00:00+00:00,2.136199951171875
2025-08-27 01:00:00+00:00,2.126199960708618
2025-08-27 02:00:00+00:00,2.1275999546051025
2025-08-27 04:00:00+00:00,2.128000020980835
2025-08-27 05:00:00+00:00,2.130199909210205
2025-08-27 06:00:00+00:00,2.1314001083374023
2025-08-27 07:00:00+00:00,2.128499984741211
2025-08-27 08:00:00+00:00,2.1201000213623047
2025-08-27 09:00:00+00:00,2.1256000995635986
2025-08-27 10:00:00+00:00,2.1259000301361084
2025-08-27 11:00:00+00:00,2.1354000568389893
2025-08-27 12:00:00+00:00,2.141200065612793
2025-08-27 13:00:00+00:00,2.144700050354004
2025-08-27 14:00:00+00:00,2.1424999237060547
2025-08-27 15:00:00+00:00,2.1454999446868896
2025-08-27 16:00:00+00:00,2.1449999809265137
2025-08-27 17:00:00+00:00,2.1398000717163086
2025-08-27 18:00:00+00:00,2.1458001136779785
2025-08-27 19:00:00+00:00,2.1442999839782715
2025-08-27 20:00:00+00:00,2.1428000926971436
2025-08-27 22:00:00+00:00,2.1394999027252197
2025-08-27 23:00:00+00:00,2.1394999027252197
2025-08-28 01:00:00+00:00,2.1396000385284424
2025-08-28 03:00:00+00:00,2.134500026702881
2025-08-28 04:00:00+00:00,2.1328001022338867
2025-08-28 05:00:00+00:00,2.1322999000549316
2025-08-28 06:00:00+00:00,2.1331000328063965
2025-08-28 07:00:00+00:00,2.1414999961853027
2025-08-28 08:00:00+00:00,2.1380999088287354
2025-08-28 09:00:00+00:00,2.1410999298095703
2025-08-28 10:00:00+00:00,2.1431000232696533
2025-08-28 11:00:00+00:00,2.142199993133545
2025-08-28 12:00:00+00:00,2.146399974822998
2025-08-28 13:00:00+00:00,2.1222000122070312
2025-08-28 14:00:00+00:00,2.1294000148773193
2025-08-28 15:00:00+00:00,2.135999917984009
2025-08-28 16:00:00+00:00,2.129499912261963
2025-08-28 17:00:00+00:00,2.153700113296509
2025-08-28 18:00:00+00:00,2.233299970626831
2025-08-28 19:00:00+00:00,2.2223000526428223
2025-08-28 20:00:00+00:00,2.2200000286102295
2025-08-29 11:00:00+00:00,2.2300000190734863
2025-08-29 12:00:00+00:00,2.252500057220459
2025-08-29 13:00:00+00:00,2.253499984741211
2025-08-29 14:00:00+00:00,2.2207999229431152
2025-08-29 15:00:00+00:00,2.202199935913086
2025-08-29 16:00:00+00:00,2.1649999618530273
2025-08-29 17:00:00+00:00,2.1370999813079834
2025-08-29 18:00:00+00:00,2.1875998973846436
2025-09-02 04:00:00+00:00,2.0004000663757324
2025-09-02 05:00:00+00:00,2.004300117492676
2025-09-02 06:00:00+00:00,2.006500005722046
2025-09-02 07:00:00+00:00,2.0139999389648438
2025-09-02 08:00:00+00:00,2.0327000617980957
2025-09-02 09:00:00+00:00,2.035599946975708
2025-09-02 10:00:00+00:00,2.035399913787842
2025-09-02 11:00:00+00:00,2.0280001163482666
2025-09-02 12:00:00+00:00,2.0041000843048096
2025-09-02 13:00:00+00:00,2.0181000232696533
2025-09-02 14:00:00+00:00,2.030900001525879
2025-09-02 15:00:00+00:00,2.030900001525879
2025-09-02 16:00:00+00:00,2.039400100708008
2025-09-02 17:00:00+00:00,2.038300037384033
2025-09-02 18:00:00+00:00,2.0413999557495117
2025-09-02 19:00:00+00:00,2.041800022125244
2025-09-02 20:00:00+00:00,2.0418999195098877
2025-09-02 22:00:00+00:00,2.043299913406372
2025-09-02 23:00:00+00:00,2.0429999828338623
2025-09-03 00:00:00+00:00,2.0443999767303467
2025-09-03 01:00:00+00:00,2.0422000885009766
2025-09-03 02:00:00+00:00,2.041100025177002
2025-09-03 03:00:00+00:00,2.037600040435791
2025-09-03 04:00:00+00:00,2.0383999347686768
2025-09-03 05:00:00+00:00,2.037100076675415
2025-09-03 06:00:00+00:00,2.033900022506714
2025-09-03 07:00:00+00:00,2.030600070953369
2025-09-03 08:00:00+00:00,2.0346999168395996
2025-09-03 09:00:00+00:00,2.010999917984009
2025-09-03 10:00:00+00:00,2.006700038909912
2025-09-03 11:00:00+00:00,2.0028998851776123
2025-09-03 12:00:00+00:00,2.0160000324249268
2025-09-03 13:00:00+00:00,2.0195999145507812
2025-09-03 14:00:00+00:00,2.0176000595092773
2025-09-03 15:00:00+00:00,2.0322000980377197
2025-09-03 16:00:00+00:00,2.015399932861328
2025-09-03 17:00:00+00:00,2.011199951171875
2025-09-03 18:00:00+00:00,2.0048000812530518
2025-09-03 19:00:00+00:00,2.007499933242798
2025-09-03 20:00:00+00:00,2.0081000328063965
2025-09-03 22:00:00+00:00,2.009200096130371
2025-09-03 23:00:00+00:00,2.010200023651123
2025-09-04 00:00:00+00:00,2.0104000568389893
2025-09-04 01:00:00+00:00,2.0074000358581543
2025-09-04 02:00:00+00:00,2.0072999000549316
2025-09-04 03:00:00+00:00,2.003200054168701
2025-09-04 04:00:00+00:00,2.003999948501587
2025-09-04 05:00:00+00:00,2.003999948501587
2025-09-04 06:00:00+00:00,1.996000051498413
2025-09-04 07:00:00+00:00,1.998900055885315
2025-09-04 08:00:00+00:00,2.003499984741211
2025-09-04 09:00:00+00:00,2.0113000869750977
2025-09-04 10:00:00+00:00,2.0048999786376953
2025-09-04 11:00:00+00:00,2.011699914932251
2025-09-04 12:00:00+00:00,2.015399932861328
2025-09-04 13:00:00+00:00,2.008500099182129
2025-09-04 14:00:00+00:00,2.023400068283081
2025-09-04 15:00:00+00:00,2.0227999687194824
2025-09-04 16:00:00+00:00,2.013700008392334
2025-09-04 17:00:00+00:00,2.0132999420166016
2025-09-04 18:00:00+00:00,2.0048999786376953
2025-09-04 19:00:00+00:00,2.003200054168701
2025-09-04 20:00:00+00:00,2.004199981689453
2025-09-04 22:00:00+00:00,2.002000093460083
2025-09-04 23:00:00+00:00,2.002700090408325
2025-09-05 00:00:00+00:00,2.0027999877929688
2025-09-05 01:00:00+00:00,1.9989999532699585
2025-09-05 02:00:00+00:00,2.0032999515533447
2025-09-05 03:00:00+00:00,2.002500057220459
2025-09-05 04:00:00+00:00,2.0037999153137207
2025-09-05 05:00:00+00:00,2.0044000148773193
2025-09-05 06:00:00+00:00,2.001499891281128
2025-09-05 07:00:00+00:00,2.0032999515533447
2025-09-05 08:00:00+00:00,2.0032999515533447
2025-09-05 09:00:00+00:00,2.0046000480651855
2025-09-05 10:00:00+00:00,1.9921000003814697
2025-09-05 11:00:00+00:00,1.9947999715805054
2025-09-05 12:00:00+00:00,1.9658000469207764
2025-09-05 13:00:00+00:00,1.9667999744415283
2025-09-05 14:00:00+00:00,1.9575999975204468
2025-09-05 15:00:00+00:00,1.950700044631958
2025-09-05 16:00:00+00:00,1.957800030708313
2025-09-05 17:00:00+00:00,1.9611999988555908
2025-09-05 18:00:00+00:00,1.9697999954223633
2025-09-05 19:00:00+00:00,1.969099998474121
2025-09-05 20:00:00+00:00,1.9642000198364258
2025-09-07 22:00:00+00:00,1.966599941253662
2025-09-07 23:00:00+00:00,1.9710999727249146
2025-09-08 00:00:00+00:00,1.9710999727249146
2025-09-08 01:00:00+00:00,1.9794000387191772
2025-09-08 02:00:00+00:00,1.9808000326156616
2025-09-08 03:00:00+00:00,1.9805999994277954
2025-09-08 04:00:00+00:00,1.9803999662399292
2025-09-08 05:00:00+00:00,1.9838000535964966
2025-09-08 06:00:00+00:00,1.9890999794006348
2025-09-08 07:00:00+00:00,1.9871000051498413
2025-09-08 08:00:00+00:00,1.9905999898910522
2025-09-08 09:00:00+00:00,1.992900013923645
2025-09-08 10:00:00+00:00,1.9950000047683716
2025-09-08 11:00:00+00:00,1.999899983406067
2025-09-08 12:00:00+00:00,1.9946999549865723
2025-09-08 13:00:00+00:00,1.961300015449524
2025-09-08 14:00:00+00:00,1.961300015449524
2025-09-08 15:00:00+00:00,1.958799958229065
2025-09-08 16:00:00+00:00,1.9550000429153442
2025-09-08 17:00:00+00:00,1.958400011062622
2025-09-08 18:00:00+00:00,1.9589999914169312
2025-09-08 19:00:00+00:00,1.9606000185012817
2025-09-08 20:00:00+00:00,1.9610999822616577
2025-09-08 22:00:00+00:00,1.9611999988555908
2025-09-08 23:00:00+00:00,1.961300015449524
2025-09-09 00:00:00+00:00,1.9596999883651733
2025-09-09 01:00:00+00:00,1.9629000425338745
2025-09-09 02:00:00+00:00,1.9646999835968018
2025-09-09 03:00:00+00:00,1.9652999639511108
2025-09-09 04:00:00+00:00,1.9687999486923218
2025-09-09 05:00:00+00:00,1.9667999744415283
2025-09-09 06:00:00+00:00,1.9746999740600586
2025-09-09 07:00:00+00:00,1.9781999588012695
2025-09-09 08:00:00+00:00,1.983199954032898
2025-09-09 09:00:00+00:00,1.9807000160217285
2025-09-09 10:00:00+00:00,1.982300043106079
2025-09-09 11:00:00+00:00,1.986299991607666
2025-09-09 12:00:00+00:00,1.9922000169754028
2025-09-09 13:00:00+00:00,2.000499963760376
2025-09-09 14:00:00+00:00,2.002500057220459
2025-09-09 15:00:00+00:00,1.9921000003814697
2025-09-09 16:00:00+00:00,1.9958000183105469
2025-09-09 17:00:00+00:00,1.9915000200271606
2025-09-09 18:00:00+00:00,1.99590003490448
2025-09-09 19:00:00+00:00,1.9922000169754028
2025-09-09 20:00:00+00:00,1.9943000078201294
2025-09-09 22:00:00+00:00,1.9988000392913818
2025-09-09 23:00:00+00:00,1.9988000392913818
2025-09-10 00:00:00+00:00,2.001199960708618
2025-09-10 01:00:00+00:00,2.0016000270843506
2025-09-10 02:00:00+00:00,2.002000093460083
2025-09-10 03:00:00+00:00,2.0048000812530518
2025-09-10 04:00:00+00:00,2.0064001083374023
2025-09-10 05:00:00+00:00,2.0053000450134277
2025-09-10 06:00:00+00:00,2.0025999546051025
2025-09-10 07:00:00+00:00,1.9937000274658203
2025-09-10 08:00:00+00:00,2.000999927520752
2025-09-10 09:00:00+00:00,1.992900013923645
2025-09-10 10:00:00+00:00,1.9976999759674072
2025-09-10 11:00:00+00:00,1.993299961090088
2025-09-10 12:00:00+00:00,1.9967000484466553
2025-09-10 13:00:00+00:00,2.0060999393463135
2025-09-10 14:00:00+00:00,2.003499984741211
2025-09-10 15:00:00+00:00,2.014400005340576
2025-09-10 16:00:00+00:00,2.0144999027252197
2025-09-10 17:00:00+00:00,2.0137999057769775
2025-09-10 18:00:00+00:00,2.0106000900268555
2025-09-10 19:00:00+00:00,2.009000062942505
2025-09-10 20:00:00+00:00,2.0083999633789062
2025-09-10 22:00:00+00:00,2.009500026702881
2025-09-10 23:00:00+00:00,2.008500099182129
2025-09-11 00:00:00+00:00,2.007999897003174
2025-09-11 01:00:00+00:00,2.007200002670288
2025-09-11 02:00:00+00:00,2.0065999031066895
2025-09-11 03:00:00+00:00,2.0060999393463135
2025-09-11 04:00:00+00:00,2.0041000843048096
2025-09-11 05:00:00+00:00,2.001499891281128
2025-09-11 06:00:00+00:00,2.00219988822937
2025-09-11 07:00:00+00:00,2.001199960708618
2025-09-11 08:00:00+00:00,1.9945000410079956
2025-09-11 09:00:00+00:00,1.989799976348877
2025-09-11 10:00:00+00:00,1.9867000579833984
2025-09-11 11:00:00+00:00,1.9829000234603882
2025-09-11 12:00:00+00:00,1.9763000011444092
2025-09-11 13:00:00+00:00,1.9743000268936157
2025-09-11 14:00:00+00:00,1.9688999652862549
2025-09-11 15:00:00+00:00,1.9757000207901
2025-09-11 16:00:00+00:00,1.9809999465942383
2025-09-11 17:00:00+00:00,1.9831000566482544
2025-09-11 18:00:00+00:00,1.9722000360488892
2025-09-11 19:00:00+00:00,1.9697999954223633
2025-09-11 20:00:00+00:00,1.9722000360488892
2025-09-11 22:00:00+00:00,1.9700000286102295
2025-09-11 23:00:00+00:00,1.9693000316619873
2025-09-12 00:00:00+00:00,1.9635000228881836
2025-09-12 01:00:00+00:00,1.9586000442504883
2025-09-12 02:00:00+00:00,1.9570000171661377
2025-09-12 03:00:00+00:00,1.9572999477386475
2025-09-12 04:00:00+00:00,1.9571000337600708
2025-09-12 05:00:00+00:00,1.9592000246047974
2025-09-12 06:00:00+00:00,1.9575999975204468
2025-09-12 07:00:00+00:00,1.9663000106811523
2025-09-12 08:00:00+00:00,1.9803999662399292
2025-09-12 09:00:00+00:00,1.9854999780654907
2025-09-12 10:00:00+00:00,1.996899962425232
2025-09-12 11:00:00+00:00,2.0065999031066895
2025-09-12 12:00:00+00:00,2.0058999061584473
2025-09-12 13:00:00+00:00,1.9975999593734741
2025-09-12 14:00:00+00:00,1.9981000423431396
2025-09-12 15:00:00+00:00,2.0030999183654785
2025-09-12 16:00:00+00:00,1.9882999658584595
2025-09-12 17:00:00+00:00,1.9874999523162842
2025-09-12 18:00:00+00:00,1.9833999872207642
2025-09-12 19:00:00+00:00,1.98580002784729
2025-09-12 20:00:00+00:00,1.9853999614715576
2025-09-14 22:00:00+00:00,1.9911999702453613
2025-09-14 23:00:00+00:00,1.9903000593185425
2025-09-15 00:00:00+00:00,1.9960999488830566
2025-09-15 01:00:00+00:00,1.9982999563217163
2025-09-15 02:00:00+00:00,1.9982000589370728
2025-09-15 03:00:00+00:00,1.9983999729156494
2025-09-15 04:00:00+00:00,1.9967000484466553
2025-09-15 05:00:00+00:00,1.9974000453948975
2025-09-15 06:00:00+00:00,1.9954999685287476
2025-09-15 07:00:00+00:00,1.9948999881744385
2025-09-15 08:00:00+00:00,1.99399995803833
2025-09-15 09:00:00+00:00,1.9957000017166138
2025-09-15 10:00:00+00:00,1.9910999536514282
2025-09-15 11:00:00+00:00,1.992400050163269
2025-09-15 12:00:00+00:00,1.9940999746322632
2025-09-15 13:00:00+00:00,2.01200008392334
2025-09-15 14:00:00+00:00,2.0155999660491943
2025-09-15 15:00:00+00:00,2.009399890899658
2025-09-15 16:00:00+00:00,2.009000062942505
2025-09-15 17:00:00+00:00,2.01200008392334
2025-09-15 18:00:00+00:00,2.0123000144958496
2025-09-15 19:00:00+00:00,2.0129001140594482
2025-09-15 20:00:00+00:00,2.012200117111206
2025-09-15 22:00:00+00:00,2.0143001079559326
2025-09-16 00:00:00+00:00,2.0139000415802
2025-09-16 01:00:00+00:00,2.0153000354766846
2025-09-16 02:00:00+00:00,2.015500068664551
2025-09-16 03:00:00+00:00,2.0160000324249268
2025-09-16 04:00:00+00:00,2.0160000324249268
2025-09-16 05:00:00+00:00,2.0151000022888184
2025-09-16 06:00:00+00:00,2.013000011444092
2025-09-16 07:00:00+00:00,2.006200075149536
2025-09-16 08:00:00+00:00,2.0048999786376953
2025-09-16 09:00:00+00:00,2.0092999935150146
2025-09-16 10:00:00+00:00,2.016400098800659
2025-09-16 11:00:00+00:00,2.022900104522705
2025-09-16 12:00:00+00:00,2.0346999168395996
2025-09-16 13:00:00+00:00,2.0237998962402344
2025-09-16 14:00:00+00:00,2.0315001010894775
2025-09-16 15:00:00+00:00,2.040800094604492
2025-09-16 16:00:00+00:00,2.037400007247925
2025-09-16 17:00:00+00:00,2.046999931335449
2025-09-16 18:00:00+00:00,2.039400100708008
2025-09-16 19:00:00+00:00,2.04229998588562
2025-09-16 20:00:00+00:00,2.0432000160217285
2025-09-16 22:00:00+00:00,2.047600030899048
2025-09-16 23:00:00+00:00,2.0453999042510986
2025-09-17 00:00:00+00:00,2.0436999797821045
2025-09-17 01:00:00+00:00,2.0436999797821045
2025-09-17 02:00:00+00:00,2.0420000553131104
2025-09-17 03:00:00+00:00,2.0401999950408936
2025-09-17 04:00:00+00:00,2.041599988937378
2025-09-17 05:00:00+00:00,2.0401999950408936
2025-09-17 06:00:00+00:00,2.0411999225616455
2025-09-17 07:00:00+00:00,2.0318000316619873
2025-09-17 08:00:00+00:00,2.0320000648498535
2025-09-17 09:00:00+00:00,2.030900001525879
2025-09-17 10:00:00+00:00,2.029599905014038
2025-09-17 11:00:00+00:00,2.0327999591827393
2025-09-17 12:00:00+00:00,2.035399913787842
2025-09-17 13:00:00+00:00,2.0378000736236572
2025-09-17 14:00:00+00:00,2.038100004196167
2025-09-17 15:00:00+00:00,2.0380001068115234
2025-09-17 16:00:00+00:00,2.031100034713745
2025-09-17 17:00:00+00:00,2.0362000465393066
2025-09-17 18:00:00+00:00,2.02239990234375
2025-09-17 19:00:00+00:00,2.023900032043457
2025-09-17 20:00:00+00:00,2.023900032043457
2025-09-17 22:00:00+00:00,2.0250000953674316
2025-09-17 23:00:00+00:00,2.02620005607605
2025-09-18 00:00:00+00:00,2.0211000442504883
2025-09-18 01:00:00+00:00,2.015199899673462
2025-09-18 02:00:00+00:00,2.019700050354004
2025-09-18 03:00:00+00:00,2.0220999717712402
2025-09-18 04:00:00+00:00,2.0190999507904053
2025-09-18 05:00:00+00:00,2.015899896621704
2025-09-18 06:00:00+00:00,2.0171000957489014
2025-09-18 07:00:00+00:00,2.0081000328063965
2025-09-18 08:00:00+00:00,2.019200086593628
2025-09-18 09:00:00+00:00,2.001699924468994
2025-09-18 10:00:00+00:00,2.0125999450683594
2025-09-18 11:00:00+00:00,2.024899959564209
2025-09-18 12:00:00+00:00,2.021699905395508
2025-09-18 13:00:00+00:00,2.017199993133545
2025-09-18 14:00:00+00:00,2.019700050354004
2025-09-18 15:00:00+00:00,2.012200117111206
2025-09-18 16:00:00+00:00,2.0069000720977783
2025-09-18 17:00:00+00:00,2.0046000480651855
2025-09-18 18:00:00+00:00,2.0172998905181885
2025-09-18 19:00:00+00:00,2.016900062561035
2025-09-18 20:00:00+00:00,2.014400005340576
2025-09-18 22:00:00+00:00,2.0148000717163086
2025-09-18 23:00:00+00:00,2.0139999389648438
2025-09-19 00:00:00+00:00,2.0139999389648438
2025-09-19 01:00:00+00:00,2.015000104904175
2025-09-19 02:00:00+00:00,2.010499954223633
2025-09-19 03:00:00+00:00,2.0118000507354736
2025-09-19 04:00:00+00:00,2.009200096130371
2025-09-19 05:00:00+00:00,2.0067999362945557
2025-09-19 06:00:00+00:00,2.009000062942505
2025-09-19 07:00:00+00:00,2.0
2025-09-19 08:00:00+00:00,1.9918999671936035
2025-09-19 09:00:00+00:00,1.9886000156402588
2025-09-19 10:00:00+00:00,1.9918999671936035
2025-09-19 11:00:00+00:00,1.9914000034332275
2025-09-19 12:00:00+00:00,1.9940999746322632
2025-09-19 13:00:00+00:00,1.986799955368042
2025-09-19 14:00:00+00:00,1.9852999448776245
2025-09-19 15:00:00+00:00,1.9764000177383423
2025-09-19 16:00:00+00:00,1.972499966621399
2025-09-19 17:00:00+00:00,1.972599983215332
2025-09-19 18:00:00+00:00,1.9713000059127808
2025-09-19 19:00:00+00:00,1.9699000120162964
2025-09-19 20:00:00+00:00,1.9707000255584717
2025-09-21 22:00:00+00:00,1.9735000133514404
2025-09-21 23:00:00+00:00,1.9763000011444092
2025-09-22 00:00:00+00:00,1.978700041770935
2025-09-22 01:00:00+00:00,1.9812999963760376
2025-09-22 02:00:00+00:00,1.9845999479293823
2025-09-22 03:00:00+00:00,1.985700011253357
2025-09-22 04:00:00+00:00,1.9843000173568726
2025-09-22 05:00:00+00:00,1.9881999492645264
2025-09-22 06:00:00+00:00,1.9850000143051147
2025-09-22 07:00:00+00:00,1.9797999858856201
2025-09-22 08:00:00+00:00,1.9713000059127808
2025-09-22 09:00:00+00:00,1.9644999504089355
2025-09-22 10:00:00+00:00,1.957900047302246
2025-09-22 11:00:00+00:00,1.954800009727478
2025-09-22 12:00:00+00:00,1.9523999691009521
2025-09-22 13:00:00+00:00,1.958299994468689
2025-09-22 14:00:00+00:00,1.9740999937057495
2025-09-22 15:00:00+00:00,1.9759000539779663
2025-09-22 16:00:00+00:00,1.9749000072479248
2025-09-22 17:00:00+00:00,1.9757000207901
2025-09-22 18:00:00+00:00,1.9797999858856201
2025-09-22 19:00:00+00:00,1.978600025177002
2025-09-22 20:00:00+00:00,1.9788000583648682
2025-09-22 22:00:00+00:00,1.9765000343322754
2025-09-22 23:00:00+00:00,1.9179999828338623
2025-09-23 00:00:00+00:00,1.917799949645996
2025-09-23 01:00:00+00:00,1.9120999574661255
2025-09-23 02:00:00+00:00,1.9108999967575073
2025-09-23 03:00:00+00:00,1.9091999530792236
2025-09-23 04:00:00+00:00,1.9098999500274658
2025-09-23 05:00:00+00:00,1.9086999893188477
2025-09-23 06:00:00+00:00,1.9115999937057495
2025-09-23 07:00:00+00:00,1.917799949645996
2025-09-23 08:00:00+00:00,1.916599988937378
2025-09-23 09:00:00+00:00,1.9244999885559082
2025-09-23 10:00:00+00:00,1.9352999925613403
2025-09-23 11:00:00+00:00,1.9333000183105469
2025-09-23 12:00:00+00:00,1.931399941444397
2025-09-23 13:00:00+00:00,1.9366999864578247
2025-09-23 14:00:00+00:00,1.941499948501587
2025-09-23 15:00:00+00:00,1.9407999515533447
2025-09-23 16:00:00+00:00,1.9364999532699585
2025-09-23 17:00:00+00:00,1.9356000423431396
2025-09-23 18:00:00+00:00,1.94350004196167
2025-09-23 19:00:00+00:00,1.9478000402450562
2025-09-23 20:00:00+00:00,1.9464999437332153
2025-09-23 22:00:00+00:00,1.9505000114440918
2025-09-23 23:00:00+00:00,2.00819993019104
2025-09-24 00:00:00+00:00,1.947700023651123
2025-09-24 01:00:00+00:00,1.9455000162124634
2025-09-24 02:00:00+00:00,1.9431999921798706
2025-09-24 03:00:00+00:00,1.9437999725341797
2025-09-24 04:00:00+00:00,1.940999984741211
2025-09-24 05:00:00+00:00,1.9416999816894531
2025-09-24 06:00:00+00:00,1.9423999786376953
2025-09-24 07:00:00+00:00,1.9488999843597412
2025-09-24 08:00:00+00:00,1.9401999711990356
2025-09-24 09:00:00+00:00,1.9483000040054321
2025-09-24 10:00:00+00:00,2.010999917984009
2025-09-24 11:00:00+00:00,1.9543999433517456
2025-09-24 12:00:00+00:00,1.957200050354004
2025-09-24 13:00:00+00:00,1.9536999464035034
2025-09-24 14:00:00+00:00,1.954300045967102
2025-09-24 15:00:00+00:00,1.9560999870300293
2025-09-24 16:00:00+00:00,1.957900047302246
2025-09-24 17:00:00+00:00,1.9605000019073486
2025-09-24 18:00:00+00:00,1.958400011062622
2025-09-24 19:00:00+00:00,1.9570000171661377
2025-09-24 20:00:00+00:00,1.9581999778747559
2025-09-24 22:00:00+00:00,1.9577000141143799
2025-09-24 23:00:00+00:00,1.9563000202178955
2025-09-25 00:00:00+00:00,1.9637999534606934
2025-09-25 01:00:00+00:00,1.9586999416351318
2025-09-25 02:00:00+00:00,1.9600000381469727
2025-09-25 03:00:00+00:00,1.9580999612808228
2025-09-25 04:00:00+00:00,1.9571000337600708
2025-09-25 05:00:00+00:00,1.9595999717712402
2025-09-25 06:00:00+00:00,1.961899995803833
2025-09-25 07:00:00+00:00,1.9580999612808228
2025-09-25 08:00:00+00:00,1.947100043296814
2025-09-25 09:00:00+00:00,1.9498000144958496
2025-09-25 10:00:00+00:00,1.9555000066757202
2025-09-25 11:00:00+00:00,1.952299952507019
2025-09-25 12:00:00+00:00,1.9465999603271484
2025-09-25 13:00:00+00:00,1.936900019645691
2025-09-25 14:00:00+00:00,1.99590003490448
2025-09-25 15:00:00+00:00,1.9545999765396118
2025-09-25 16:00:00+00:00,1.9491000175476074
2025-09-25 17:00:00+00:00,1.9510999917984009
2025-09-25 18:00:00+00:00,1.9609999656677246
2025-09-25 19:00:00+00:00,1.960800051689148
2025-09-25 20:00:00+00:00,1.9594999551773071
2025-09-25 22:00:00+00:00,1.9609999656677246
2025-09-25 23:00:00+00:00,1.958799958229065
2025-09-26 00:00:00+00:00,1.9581999778747559
2025-09-26 01:00:00+00:00,1.958799958229065
2025-09-26 02:00:00+00:00,1.957200050354004
2025-09-26 03:00:00+00:00,1.9557000398635864
2025-09-26 04:00:00+00:00,1.954200029373169
2025-09-26 05:00:00+00:00,1.9560999870300293
2025-09-26 06:00:00+00:00,1.9556000232696533
2025-09-26 07:00:00+00:00,1.9560999870300293
2025-09-26 08:00:00+00:00,1.9555000066757202
2025-09-26 09:00:00+00:00,1.9464999437332153
2025-09-26 10:00:00+00:00,1.9560999870300293
2025-09-26 11:00:00+00:00,1.958799958229065
2025-09-26 12:00:00+00:00,1.9703999757766724
2025-09-26 13:00:00+00:00,1.9809999465942383
2025-09-26 14:00:00+00:00,1.9970999956130981
2025-09-26 15:00:00+00:00,1.996999979019165
2025-09-26 16:00:00+00:00,1.988700032234192
2025-09-26 17:00:00+00:00,2.033799886703491
2025-09-26 18:00:00+00:00,1.9852999448776245
2025-09-26 19:00:00+00:00,1.9805999994277954
2025-09-26 20:00:00+00:00,1.978700041770935
2025-09-28 22:00:00+00:00,1.9793000221252441
2025-09-28 23:00:00+00:00,1.9809000492095947
2025-09-29 00:00:00+00:00,1.983199954032898
2025-09-29 01:00:00+00:00,1.982100009918213
2025-09-29 02:00:00+00:00,1.986899971961975
2025-09-29 03:00:00+00:00,1.985200047492981
2025-09-29 04:00:00+00:00,2.0371999740600586
2025-09-29 05:00:00+00:00,1.9871000051498413
2025-09-29 06:00:00+00:00,1.9911999702453613
2025-09-29 07:00:00+00:00,1.983199954032898
2025-09-29 08:00:00+00:00,1.98580002784729
2025-09-29 09:00:00+00:00,1.9736000299453735
2025-09-29 10:00:00+00:00,1.9700000286102295
2025-09-29 11:00:00+00:00,1.9703999757766724
2025-09-29 12:00:00+00:00,1.9707000255584717
2025-09-29 13:00:00+00:00,1.94760000705719
2025-09-29 14:00:00+00:00,1.9479000568389893
2025-09-29 15:00:00+00:00,1.940500020980835
2025-09-29 16:00:00+00:00,1.938099980354309
2025-09-29 17:00:00+00:00,1.9315999746322632
2025-09-29 18:00:00+00:00,1.9329999685287476
2025-09-29 19:00:00+00:00,1.932800054550171
2025-09-29 20:00:00+00:00,1.9342999458312988
2025-09-29 22:00:00+00:00,1.9321999549865723
2025-09-29 23:00:00+00:00,1.9315999746322632
2025-09-30 00:00:00+00:00,1.930899977684021
2025-09-30 01:00:00+00:00,1.933500051498413
2025-09-30 02:00:00+00:00,1.9306000471115112
2025-09-30 03:00:00+00:00,1.9320000410079956
2025-09-30 04:00:00+00:00,1.93149995803833
2025-09-30 05:00:00+00:00,1.9341000318527222
2025-09-30 06:00:00+00:00,1.9347000122070312
2025-09-30 07:00:00+00:00,1.919100046157837
2025-09-30 08:00:00+00:00,1.9208999872207642
2025-09-30 09:00:00+00:00,1.9184999465942383
2025-09-30 10:00:00+00:00,1.9241000413894653
2025-09-30 11:00:00+00:00,1.9057999849319458
2025-09-30 12:00:00+00:00,1.909600019454956
2025-09-30 13:00:00+00:00,1.9189000129699707
2025-09-30 14:00:00+00:00,1.9115999937057495
2025-09-30 15:00:00+00:00,1.9290000200271606
2025-09-30 16:00:00+00:00,1.9300999641418457
2025-09-30 17:00:00+00:00,1.9241000413894653
2025-09-30 18:00:00+00:00,1.9270999431610107
2025-09-30 19:00:00+00:00,1.926900029182434
2025-09-30 20:00:00+00:00,1.9184000492095947
2025-09-30 22:00:00+00:00,1.9168000221252441
2025-09-30 23:00:00+00:00,1.9170000553131104
2025-10-01 00:00:00+00:00,1.9110000133514404
2025-10-01 01:00:00+00:00,1.9178999662399292
2025-10-01 02:00:00+00:00,1.9163999557495117
2025-10-01 03:00:00+00:00,1.919600009918213
2025-10-01 04:00:00+00:00,1.9214999675750732
2025-10-01 05:00:00+00:00,1.917199969291687
2025-10-01 06:00:00+00:00,1.9249000549316406
2025-10-01 07:00:00+00:00,1.9285999536514282
2025-10-01 08:00:00+00:00,1.9124000072479248
2025-10-01 09:00:00+00:00,1.9026000499725342
2025-10-01 10:00:00+00:00,1.9113999605178833
2025-10-01 11:00:00+00:00,1.905900001525879
2025-10-01 12:00:00+00:00,1.8971999883651733
2025-10-01 13:00:00+00:00,1.8903000354766846
2025-10-01 14:00:00+00:00,1.8885999917984009
2025-10-01 15:00:00+00:00,1.8834999799728394
2025-10-01 16:00:00+00:00,1.888800024986267
2025-10-01 17:00:00+00:00,1.8874000310897827
2025-10-01 18:00:00+00:00,1.8913999795913696
2025-10-01 19:00:00+00:00,1.8913999795913696
2025-10-01 20:00:00+00:00,1.8884999752044678
2025-10-01 22:00:00+00:00,1.882200002670288
2025-10-01 23:00:00+00:00,1.8880000114440918
2025-10-02 00:00:00+00:00,1.8920999765396118
2025-10-02 01:00:00+00:00,1.8967000246047974
2025-10-02 02:00:00+00:00,1.898300051689148
2025-10-02 03:00:00+00:00,1.8968000411987305
2025-10-02 04:00:00+00:00,1.8940000534057617
2025-10-02 05:00:00+00:00,1.8919999599456787
2025-10-02 06:00:00+00:00,1.8865000009536743
2025-10-02 07:00:00+00:00,1.885599970817566
2025-10-02 08:00:00+00:00,1.8899999856948853
2025-10-02 09:00:00+00:00,1.8766000270843506
2025-10-02 10:00:00+00:00,1.8777999877929688
2025-10-02 11:00:00+00:00,1.875
2025-10-02 12:00:00+00:00,1.8766000270843506
2025-10-02 13:00:00+00:00,1.8779000043869019
2025-10-02 14:00:00+00:00,1.8598999977111816
2025-10-02 15:00:00+00:00,1.8552000522613525
2025-10-02 16:00:00+00:00,1.8481999635696411
2025-10-02 17:00:00+00:00,1.8457000255584717
2025-10-02 18:00:00+00:00,1.8488999605178833
2025-10-02 19:00:00+00:00,1.8519999980926514
2025-10-02 20:00:00+00:00,1.8516000509262085
2025-10-02 22:00:00+00:00,1.8507000207901
2025-10-02 23:00:00+00:00,1.8504999876022339
2025-10-03 00:00:00+00:00,1.8503999710083008
2025-10-03 01:00:00+00:00,1.8530000448226929
2025-10-03 02:00:00+00:00,1.8528000116348267
2025-10-03 03:00:00+00:00,1.8543000221252441
2025-10-03 04:00:00+00:00,1.8573999404907227
2025-10-03 05:00:00+00:00,1.8641999959945679
2025-10-03 06:00:00+00:00,1.8736000061035156
2025-10-03 07:00:00+00:00,1.8690999746322632
2025-10-03 08:00:00+00:00,1.8811999559402466
2025-10-03 09:00:00+00:00,1.867300033569336
2025-10-03 10:00:00+00:00,1.8655999898910522
2025-10-03 11:00:00+00:00,1.8672000169754028
2025-10-03 12:00:00+00:00,1.8665000200271606
2025-10-03 13:00:00+00:00,1.8573999404907227
2025-10-03 14:00:00+00:00,1.8594000339508057
2025-10-03 15:00:00+00:00,1.858199954032898
2025-10-03 16:00:00+00:00,1.8645999431610107
2025-10-03 17:00:00+00:00,1.8660000562667847
2025-10-03 18:00:00+00:00,1.8575999736785889
2025-10-03 19:00:00+00:00,1.8598999977111816
2025-10-03 20:00:00+00:00,1.8604999780654907
2025-10-05 22:00:00+00:00,1.8739999532699585
2025-10-05 23:00:00+00:00,1.8794000148773193
2025-10-06 00:00:00+00:00,1.8876999616622925
2025-10-06 01:00:00+00:00,1.8885999917984009
2025-10-06 02:00:00+00:00,1.8884999752044678
2025-10-06 03:00:00+00:00,1.8877999782562256
2025-10-06 04:00:00+00:00,1.8909000158309937
2025-10-06 05:00:00+00:00,1.888800024986267
2025-10-06 06:00:00+00:00,1.8871999979019165
2025-10-06 07:00:00+00:00,1.8830000162124634
2025-10-06 08:00:00+00:00,1.8890000581741333
2025-10-06 09:00:00+00:00,1.8907999992370605
2025-10-06 10:00:00+00:00,1.8853000402450562
2025-10-06 11:00:00+00:00,1.8761999607086182
2025-10-06 12:00:00+00:00,1.8799999952316284
2025-10-06 13:00:00+00:00,1.9039000272750854
2025-10-06 14:00:00+00:00,1.892199993133545
2025-10-06 15:00:00+00:00,1.899399995803833
2025-10-06 16:00:00+00:00,1.8985999822616577
2025-10-06 17:00:00+00:00,1.9011000394821167
2025-10-06 18:00:00+00:00,1.8997999429702759
2025-10-06 19:00:00+00:00,1.9016000032424927
2025-10-06 20:00:00+00:00,1.8990000486373901
2025-10-07 07:00:00+00:00,1.899999976158142
2025-10-07 08:00:00+00:00,1.896299958229065
2025-10-07 09:00:00+00:00,1.8985999822616577
2025-10-07 10:00:00+00:00,1.9000999927520752
2025-10-07 11:00:00+00:00,1.902400016784668
2025-10-07 12:00:00+00:00,1.8847999572753906
2025-10-07 13:00:00+00:00,1.8960000276565552
2025-10-07 14:00:00+00:00,1.8955999612808228
2025-10-07 15:00:00+00:00,1.8941999673843384
2025-10-07 16:00:00+00:00,1.8878999948501587
2025-10-07 17:00:00+00:00,1.8906999826431274
2025-10-07 18:00:00+00:00,1.902400016784668
2025-10-07 19:00:00+00:00,1.9048999547958374
2025-10-07 20:00:00+00:00,1.9067000150680542
2025-10-07 22:00:00+00:00,1.910099983215332
2025-10-07 23:00:00+00:00,1.9093999862670898
2025-10-08 00:00:00+00:00,1.909500002861023
2025-10-08 01:00:00+00:00,1.9103000164031982
2025-10-08 02:00:00+00:00,1.9114999771118164
2025-10-08 03:00:00+00:00,1.912500023841858
2025-10-08 04:00:00+00:00,1.9119999408721924
2025-10-08 05:00:00+00:00,1.9118000268936157
2025-10-08 06:00:00+00:00,1.9154000282287598
2025-10-08 07:00:00+00:00,1.9138000011444092
2025-10-08 08:00:00+00:00,1.909000039100647
2025-10-08 09:00:00+00:00,1.9144999980926514
2025-10-08 10:00:00+00:00,1.912500023841858
2025-10-08 11:00:00+00:00,1.9199999570846558
2025-10-08 12:00:00+00:00,1.9170000553131104
2025-10-08 13:00:00+00:00,1.9012000560760498
2025-10-08 14:00:00+00:00,1.905400037765503
2025-10-08 15:00:00+00:00,1.9163000583648682
2025-10-08 16:00:00+00:00,1.9113999605178833
2025-10-08 17:00:00+00:00,1.913699984550476
2025-10-08 18:00:00+00:00,1.906000018119812
2025-10-08 19:00:00+00:00,1.907099962234497
2025-10-08 20:00:00+00:00,1.903499960899353
2025-10-08 22:00:00+00:00,1.9040000438690186
2025-10-08 23:00:00+00:00,1.9004000425338745
2025-10-09 00:00:00+00:00,1.8961999416351318
2025-10-09 01:00:00+00:00,1.8996000289916992
2025-10-09 02:00:00+00:00,1.8992999792099
2025-10-09 03:00:00+00:00,1.9010000228881836
2025-10-09 04:00:00+00:00,1.9023000001907349
2025-10-09 05:00:00+00:00,1.9144999980926514
2025-10-09 06:00:00+00:00,1.9134999513626099
2025-10-09 07:00:00+00:00,1.9157999753952026
2025-10-09 08:00:00+00:00,1.9157999753952026
2025-10-09 09:00:00+00:00,1.9105000495910645
2025-10-09 10:00:00+00:00,1.9043999910354614
2025-10-09 11:00:00+00:00,1.9063999652862549
2025-10-09 12:00:00+00:00,1.9132000207901
2025-10-09 13:00:00+00:00,1.9031000137329102
2025-10-09 14:00:00+00:00,1.901900053024292
2025-10-09 15:00:00+00:00,1.895900011062622
2025-10-09 16:00:00+00:00,1.8802000284194946
2025-10-09 17:00:00+00:00,1.8801000118255615
2025-10-09 18:00:00+00:00,1.878000020980835
2025-10-09 19:00:00+00:00,1.878100037574768
2025-10-09 20:00:00+00:00,1.878600001335144
2025-10-09 22:00:00+00:00,1.8766000270843506
2025-10-09 23:00:00+00:00,1.8791999816894531
2025-10-10 00:00:00+00:00,1.8827999830245972
2025-10-10 01:00:00+00:00,1.88100004196167
2025-10-10 02:00:00+00:00,1.8788000345230103
2025-10-10 03:00:00+00:00,1.8759000301361084
2025-10-10 04:00:00+00:00,1.871999979019165
2025-10-10 05:00:00+00:00,1.8753999471664429
2025-10-10 06:00:00+00:00,1.8729000091552734
2025-10-10 07:00:00+00:00,1.875100016593933
2025-10-10 08:00:00+00:00,1.8787000179290771
2025-10-10 09:00:00+00:00,1.8763999938964844
2025-10-10 10:00:00+00:00,1.867400050163269
2025-10-10 11:00:00+00:00,1.8708000183105469
2025-10-10 12:00:00+00:00,1.8514000177383423
2025-10-10 13:00:00+00:00,1.8504999876022339
2025-10-10 14:00:00+00:00,1.8513000011444092
2025-10-10 15:00:00+00:00,1.819599986076355
2025-10-10 16:00:00+00:00,1.820099949836731
2025-10-10 17:00:00+00:00,1.8214999437332153
2025-10-10 18:00:00+00:00,1.81850004196167
2025-10-10 19:00:00+00:00,1.819000005722046
2025-10-10 20:00:00+00:00,1.8203999996185303
2025-10-12 22:00:00+00:00,1.829800009727478
2025-10-12 23:00:00+00:00,1.8365999460220337
2025-10-13 00:00:00+00:00,1.839400053024292
2025-10-13 01:00:00+00:00,1.844499945640564
2025-10-13 02:00:00+00:00,1.841599941253662
2025-10-13 03:00:00+00:00,1.8393000364303589
2025-10-13 04:00:00+00:00,1.8380000591278076
2025-10-13 05:00:00+00:00,1.8417999744415283
2025-10-13 06:00:00+00:00,1.843999981880188
2025-10-13 07:00:00+00:00,1.8386000394821167
2025-10-13 08:00:00+00:00,1.8454999923706055
2025-10-13 09:00:00+00:00,1.846500039100647
2025-10-13 10:00:00+00:00,1.844099998474121
2025-10-13 11:00:00+00:00,1.8422000408172607
2025-10-13 12:00:00+00:00,1.830899953842163
2025-10-13 13:00:00+00:00,1.8436000347137451
2025-10-13 14:00:00+00:00,1.8519999980926514
2025-10-13 15:00:00+00:00,1.8396999835968018
2025-10-13 16:00:00+00:00,1.8443000316619873
2025-10-13 17:00:00+00:00,1.8481999635696411
2025-10-13 18:00:00+00:00,1.843400001525879
2025-10-13 19:00:00+00:00,1.8492000102996826
2025-10-13 20:00:00+00:00,1.8473999500274658
2025-10-13 22:00:00+00:00,1.8508000373840332
2025-10-13 23:00:00+00:00,1.8504999876022339
2025-10-14 00:00:00+00:00,1.8530000448226929
2025-10-14 01:00:00+00:00,1.8525999784469604
2025-10-14 02:00:00+00:00,1.8513000011444092
2025-10-14 03:00:00+00:00,1.853700041770935
2025-10-14 04:00:00+00:00,1.8496999740600586
2025-10-14 05:00:00+00:00,1.8391000032424927
2025-10-14 06:00:00+00:00,1.8372999429702759
2025-10-14 07:00:00+00:00,1.8286999464035034
2025-10-14 08:00:00+00:00,1.820099949836731
2025-10-14 09:00:00+00:00,1.8278000354766846
2025-10-14 10:00:00+00:00,1.8122999668121338
2025-10-14 11:00:00+00:00,1.8288999795913696
2025-10-14 12:00:00+00:00,1.819599986076355
2025-10-14 13:00:00+00:00,1.816499948501587
2025-10-14 14:00:00+00:00,1.8128999471664429
2025-10-14 15:00:00+00:00,1.823699951171875
2025-10-14 16:00:00+00:00,1.825700044631958
2025-10-14 17:00:00+00:00,1.830199956893921
2025-10-14 18:00:00+00:00,1.8323999643325806
2025-10-14 19:00:00+00:00,1.8236000537872314
2025-10-14 20:00:00+00:00,1.8255000114440918
2025-10-14 22:00:00+00:00,1.8293999433517456
2025-10-14 23:00:00+00:00,1.8265000581741333
2025-10-15 00:00:00+00:00,1.8273999691009521
2025-10-15 01:00:00+00:00,1.8274999856948853
2025-10-15 02:00:00+00:00,1.8240000009536743
2025-10-15 03:00:00+00:00,1.825600028038025
2025-10-15 04:00:00+00:00,1.825600028038025
2025-10-15 05:00:00+00:00,1.8276000022888184
2025-10-15 06:00:00+00:00,1.8321000337600708
2025-10-15 07:00:00+00:00,1.8307000398635864
2025-10-15 08:00:00+00:00,1.825600028038025
2025-10-15 09:00:00+00:00,1.8284000158309937
2025-10-15 10:00:00+00:00,1.8277000188827515
2025-10-15 11:00:00+00:00,1.8313000202178955
2025-10-15 12:00:00+00:00,1.8416999578475952
2025-10-15 13:00:00+00:00,1.8371000289916992
2025-10-15 14:00:00+00:00,1.8351999521255493
2025-10-15 15:00:00+00:00,1.8317999839782715
2025-10-15 16:00:00+00:00,1.8365999460220337
2025-10-15 17:00:00+00:00,1.836300015449524
2025-10-15 18:00:00+00:00,1.8417999744415283
2025-10-15 19:00:00+00:00,1.8401999473571777
2025-10-15 20:00:00+00:00,1.840499997138977
2025-10-15 22:00:00+00:00,1.839400053024292
2025-10-15 23:00:00+00:00,1.8387000560760498
2025-10-16 00:00:00+00:00,1.8417999744415283
2025-10-16 01:00:00+00:00,1.8380999565124512
2025-10-16 02:00:00+00:00,1.8372000455856323
2025-10-16 03:00:00+00:00,1.84089994430542
2025-10-16 04:00:00+00:00,1.8401000499725342
2025-10-16 05:00:00+00:00,1.8395999670028687
2025-10-16 06:00:00+00:00,1.8438999652862549
2025-10-16 07:00:00+00:00,1.8483999967575073
2025-10-16 08:00:00+00:00,1.8379000425338745
2025-10-16 09:00:00+00:00,1.8336000442504883
2025-10-16 10:00:00+00:00,1.8370000123977661
2025-10-16 11:00:00+00:00,1.839900016784668
2025-10-16 12:00:00+00:00,1.830399990081787
2025-10-16 13:00:00+00:00,1.8341000080108643
2025-10-16 14:00:00+00:00,1.8370000123977661
2025-10-16 15:00:00+00:00,1.8294999599456787
2025-10-16 16:00:00+00:00,1.8158999681472778
2025-10-16 17:00:00+00:00,1.811400055885315
2025-10-16 18:00:00+00:00,1.815000057220459
2025-10-16 19:00:00+00:00,1.8176000118255615
2025-10-16 20:00:00+00:00,1.8118000030517578
2025-10-16 22:00:00+00:00,1.812000036239624
2025-10-16 23:00:00+00:00,1.8100999593734741
2025-10-17 00:00:00+00:00,1.8107999563217163
2025-10-17 01:00:00+00:00,1.8036999702453613
2025-10-17 02:00:00+00:00,1.808500051498413
2025-10-17 03:00:00+00:00,1.8083000183105469
2025-10-17 04:00:00+00:00,1.8076000213623047
2025-10-17 05:00:00+00:00,1.8075000047683716
2025-10-17 06:00:00+00:00,1.8032000064849854
2025-10-17 07:00:00+00:00,1.8086999654769897
2025-10-17 08:00:00+00:00,1.7997000217437744
2025-10-17 09:00:00+00:00,1.7984000444412231
2025-10-17 10:00:00+00:00,1.8078999519348145
2025-10-17 11:00:00+00:00,1.822700023651123
2025-10-17 12:00:00+00:00,1.826200008392334
2025-10-17 13:00:00+00:00,1.8255000114440918
2025-10-17 14:00:00+00:00,1.827299952507019
2025-10-17 15:00:00+00:00,1.830299973487854
2025-10-17 16:00:00+00:00,1.8276000022888184
2025-10-17 17:00:00+00:00,1.8325999975204468
2025-10-17 18:00:00+00:00,1.8322999477386475
2025-10-17 19:00:00+00:00,1.833299994468689
2025-10-17 20:00:00+00:00,1.833299994468689
2025-10-19 22:00:00+00:00,1.8284000158309937
2025-10-19 23:00:00+00:00,1.8255000114440918
2025-10-20 00:00:00+00:00,1.8282999992370605
2025-10-20 01:00:00+00:00,1.8265999555587769
2025-10-20 02:00:00+00:00,1.8282999992370605
2025-10-20 03:00:00+00:00,1.830399990081787
2025-10-20 04:00:00+00:00,1.8312000036239624
2025-10-20 05:00:00+00:00,1.8257999420166016
2025-10-20 06:00:00+00:00,1.8235000371932983
2025-10-20 07:00:00+00:00,1.8193999528884888
2025-10-20 08:00:00+00:00,1.8277000188827515
2025-10-20 09:00:00+00:00,1.8260999917984009
2025-10-20 10:00:00+00:00,1.823199987411499
2025-10-20 11:00:00+00:00,1.8252999782562256
2025-10-20 12:00:00+00:00,1.8222999572753906
2025-10-20 13:00:00+00:00,1.8234000205993652
2025-10-20 14:00:00+00:00,1.8222999572753906
2025-10-20 15:00:00+00:00,1.8214999437332153
2025-10-20 16:00:00+00:00,1.819700002670288
2025-10-20 17:00:00+00:00,1.8265000581741333
2025-10-20 18:00:00+00:00,1.8265000581741333
2025-10-20 19:00:00+00:00,1.830299973487854
2025-10-20 20:00:00+00:00,1.8273999691009521
2025-10-20 22:00:00+00:00,1.8265000581741333
2025-10-20 23:00:00+00:00,1.8272000551223755
2025-10-21 00:00:00+00:00,1.8276000022888184
2025-10-21 01:00:00+00:00,1.8224999904632568
2025-10-21 02:00:00+00:00,1.8228000402450562
2025-10-21 03:00:00+00:00,1.82260000705719
2025-10-21 04:00:00+00:00,1.8238999843597412
2025-10-21 05:00:00+00:00,1.8284000158309937
2025-10-21 06:00:00+00:00,1.8210999965667725
2025-10-21 07:00:00+00:00,1.8178000450134277
2025-10-21 08:00:00+00:00,1.8270000219345093
2025-10-21 09:00:00+00:00,1.8316999673843384
2025-10-21 10:00:00+00:00,1.8345999717712402
2025-10-21 11:00:00+00:00,1.8335000276565552
2025-10-21 12:00:00+00:00,1.833299994468689
2025-10-21 13:00:00+00:00,1.7991000413894653
2025-10-21 14:00:00+00:00,1.8072999715805054
2025-10-21 15:00:00+00:00,1.822700023651123
2025-10-21 16:00:00+00:00,1.8207999467849731
2025-10-21 17:00:00+00:00,1.822700023651123
2025-10-21 18:00:00+00:00,1.8265000581741333
2025-10-21 19:00:00+00:00,1.8287999629974365
2025-10-21 20:00:00+00:00,1.8276000022888184
2025-10-21 22:00:00+00:00,1.829200029373169
2025-10-21 23:00:00+00:00,1.8285000324249268
2025-10-22 00:00:00+00:00,1.82669997215271
2025-10-22 01:00:00+00:00,1.826799988746643
2025-10-22 02:00:00+00:00,1.8324999809265137
2025-10-22 03:00:00+00:00,1.8428000211715698
2025-10-22 04:00:00+00:00,1.8458000421524048
2025-10-22 05:00:00+00:00,1.8459999561309814
2025-10-22 06:00:00+00:00,1.8493000268936157
2025-10-22 07:00:00+00:00,1.8402999639511108
2025-10-22 08:00:00+00:00,1.8449000120162964
2025-10-22 09:00:00+00:00,1.8457000255584717
2025-10-22 10:00:00+00:00,1.851199984550476
2025-10-22 11:00:00+00:00,1.8530999422073364
2025-10-22 12:00:00+00:00,1.8523999452590942
2025-10-22 13:00:00+00:00,1.8641999959945679
2025-10-22 14:00:00+00:00,1.8629000186920166
2025-10-22 15:00:00+00:00,1.867300033569336
2025-10-22 16:00:00+00:00,1.8651000261306763
2025-10-22 17:00:00+00:00,1.8639999628067017
2025-10-22 18:00:00+00:00,1.8645000457763672
2025-10-22 19:00:00+00:00,1.8848999738693237
2025-10-22 20:00:00+00:00,1.8831000328063965
2025-10-22 22:00:00+00:00,1.8925000429153442
2025-10-22 23:00:00+00:00,1.8935999870300293
2025-10-23 00:00:00+00:00,1.8986999988555908
2025-10-23 01:00:00+00:00,1.8882999420166016
2025-10-23 02:00:00+00:00,1.8940999507904053
2025-10-23 03:00:00+00:00,1.895799994468689
2025-10-23 04:00:00+00:00,1.9014999866485596
2025-10-23 05:00:00+00:00,1.9139000177383423
2025-10-23 06:00:00+00:00,1.902500033378601
2025-10-23 07:00:00+00:00,1.9043999910354614
2025-10-23 08:00:00+00:00,1.9244999885559082
2025-10-23 09:00:00+00:00,1.9271999597549438
2025-10-23 10:00:00+00:00,1.923699975013733
2025-10-23 11:00:00+00:00,1.9255000352859497
2025-10-23 12:00:00+00:00,1.9249999523162842
2025-10-23 13:00:00+00:00,1.9342000484466553
2025-10-23 14:00:00+00:00,1.9329999685287476
2025-10-23 15:00:00+00:00,1.9342000484466553
2025-10-23 16:00:00+00:00,1.9285000562667847
2025-10-23 17:00:00+00:00,1.9184999465942383
2025-10-23 18:00:00+00:00,1.9263999462127686
2025-10-23 19:00:00+00:00,1.9228999614715576
2025-10-23 20:00:00+00:00,1.9264999628067017
2025-10-23 22:00:00+00:00,1.9261000156402588
2025-10-23 23:00:00+00:00,1.9270000457763672
2025-10-24 00:00:00+00:00,1.9249000549316406
2025-10-24 01:00:00+00:00,1.9210000038146973
2025-10-24 02:00:00+00:00,1.9214999675750732
2025-10-24 03:00:00+00:00,1.9241000413894653
2025-10-24 04:00:00+00:00,1.926300048828125
2025-10-24 05:00:00+00:00,1.9234999418258667
2025-10-24 06:00:00+00:00,1.9234999418258667
2025-10-24 07:00:00+00:00,1.9332000017166138
2025-10-24 08:00:00+00:00,1.9261000156402588
2025-10-24 09:00:00+00:00,1.9256000518798828
2025-10-24 10:00:00+00:00,1.9306000471115112
2025-10-24 11:00:00+00:00,1.9391000270843506
2025-10-24 12:00:00+00:00,1.9229999780654907
2025-10-24 13:00:00+00:00,1.9321000576019287
2025-10-24 14:00:00+00:00,1.9357000589370728
2025-10-24 15:00:00+00:00,1.9437999725341797
2025-10-24 16:00:00+00:00,1.937600016593933
2025-10-24 17:00:00+00:00,1.9305000305175781
2025-10-24 18:00:00+00:00,1.9228999614715576
2025-10-24 19:00:00+00:00,1.919700026512146
2025-10-24 20:00:00+00:00,1.922700047492981
2025-10-26 22:00:00+00:00,1.934399962425232
2025-10-26 23:00:00+00:00,1.9311000108718872
2025-10-27 00:00:00+00:00,1.9266999959945679
2025-10-27 01:00:00+00:00,1.9191999435424805
2025-10-27 02:00:00+00:00,1.923799991607666
2025-10-27 03:00:00+00:00,1.9175000190734863
2025-10-27 05:00:00+00:00,1.9234000444412231
2025-10-27 06:00:00+00:00,1.9234999418258667
2025-10-27 07:00:00+00:00,1.9163000583648682
2025-10-27 08:00:00+00:00,1.9012999534606934
2025-10-27 09:00:00+00:00,1.9039000272750854
2025-10-27 10:00:00+00:00,1.9091999530792236
2025-10-27 11:00:00+00:00,1.9194999933242798
2025-10-27 12:00:00+00:00,1.922700047492981
2025-10-27 13:00:00+00:00,1.9250999689102173
2025-10-27 14:00:00+00:00,1.929800033569336
2025-10-27 15:00:00+00:00,1.9270999431610107
2025-10-27 16:00:00+00:00,1.926200032234192
2025-10-27 17:00:00+00:00,1.9244999885559082
2025-10-27 18:00:00+00:00,1.9254000186920166
2025-10-27 19:00:00+00:00,1.9256000518798828
2025-10-27 20:00:00+00:00,1.9285999536514282
2025-10-27 22:00:00+00:00,1.9250999689102173
2025-10-27 23:00:00+00:00,1.9250999689102173
2025-10-28 00:00:00+00:00,1.9187999963760376
2025-10-28 01:00:00+00:00,1.9234999418258667
2025-10-28 02:00:00+00:00,1.919600009918213
2025-10-28 05:00:00+00:00,1.9139000177383423
2025-10-28 06:00:00+00:00,1.9180999994277954
2025-10-28 07:00:00+00:00,1.909999966621399
2025-10-28 08:00:00+00:00,1.9009000062942505
2025-10-28 09:00:00+00:00,1.9045000076293945
2025-10-28 10:00:00+00:00,1.9056999683380127
2025-10-28 11:00:00+00:00,1.9075000286102295
2025-10-28 12:00:00+00:00,1.905500054359436
2025-10-28 13:00:00+00:00,1.9140000343322754
2025-10-28 14:00:00+00:00,1.899899959564209
2025-10-28 15:00:00+00:00,1.905900001525879
2025-10-28 16:00:00+00:00,1.9138000011444092
2025-10-28 17:00:00+00:00,1.9205000400543213
2025-10-28 18:00:00+00:00,1.9172999858856201
2025-10-28 19:00:00+00:00,1.9174000024795532
2025-10-28 20:00:00+00:00,1.9316999912261963
2025-10-28 22:00:00+00:00,1.9366999864578247
2025-10-28 23:00:00+00:00,1.937000036239624
2025-10-29 00:00:00+00:00,1.934499979019165
2025-10-29 01:00:00+00:00,1.940999984741211
2025-10-29 02:00:00+00:00,1.9296000003814697
2025-10-29 03:00:00+00:00,1.9323999881744385
2025-10-29 04:00:00+00:00,1.9292999505996704
2025-10-29 05:00:00+00:00,1.9306999444961548
2025-10-29 06:00:00+00:00,1.9383000135421753
2025-10-29 07:00:00+00:00,1.9393999576568604
2025-10-29 08:00:00+00:00,1.9258999824523926
2025-10-29 09:00:00+00:00,1.9372999668121338
2025-10-29 10:00:00+00:00,1.9416999816894531
2025-10-29 11:00:00+00:00,1.9444999694824219
2025-10-29 12:00:00+00:00,1.9463000297546387
2025-10-29 13:00:00+00:00,1.962399959564209
2025-10-29 14:00:00+00:00,1.9749000072479248
2025-10-29 15:00:00+00:00,1.965999960899353
2025-10-29 16:00:00+00:00,1.9486000537872314
2025-10-29 17:00:00+00:00,1.9579999446868896
2025-10-29 18:00:00+00:00,1.9711999893188477
2025-10-29 19:00:00+00:00,1.970900058746338
2025-10-29 20:00:00+00:00,1.9745999574661255
2025-10-29 22:00:00+00:00,1.9737000465393066
2025-10-30 00:00:00+00:00,1.9759000539779663
2025-10-30 01:00:00+00:00,1.9661999940872192
2025-10-30 02:00:00+00:00,1.9605000019073486
2025-10-30 03:00:00+00:00,1.9643000364303589
2025-10-30 04:00:00+00:00,1.9658000469207764
2025-10-30 05:00:00+00:00,1.9634000062942505
2025-10-30 06:00:00+00:00,1.9645999670028687
2025-10-30 07:00:00+00:00,1.8782999515533447
2025-10-30 08:00:00+00:00,1.878100037574768
2025-10-30 09:00:00+00:00,1.8732999563217163
2025-10-30 10:00:00+00:00,1.8724000453948975
2025-10-30 11:00:00+00:00,1.8697999715805054
2025-10-30 12:00:00+00:00,1.867300033569336
2025-10-30 13:00:00+00:00,1.8701000213623047
2025-10-30 14:00:00+00:00,1.886199951171875
2025-10-30 15:00:00+00:00,1.8863999843597412
2025-10-30 16:00:00+00:00,1.8914999961853027
2025-10-30 17:00:00+00:00,1.8911999464035034
2025-10-30 18:00:00+00:00,1.88919997215271
2025-10-30 19:00:00+00:00,1.8805999755859375
2025-10-30 20:00:00+00:00,1.9960999488830566
2025-10-30 22:00:00+00:00,1.8819999694824219
2025-10-30 23:00:00+00:00,1.882099986076355
2025-10-31 00:00:00+00:00,1.8819999694824219
2025-10-31 01:00:00+00:00,1.881700038909912
2025-10-31 02:00:00+00:00,1.8801000118255615
2025-10-31 03:00:00+00:00,1.8765000104904175
2025-10-31 04:00:00+00:00,1.8789000511169434
2025-10-31 05:00:00+00:00,1.8770999908447266
2025-10-31 06:00:00+00:00,1.8796000480651855
2025-10-31 07:00:00+00:00,1.8841999769210815
2025-10-31 08:00:00+00:00,1.877500057220459
2025-10-31 09:00:00+00:00,1.873900055885315
2025-10-31 10:00:00+00:00,1.882599949836731
2025-10-31 11:00:00+00:00,1.88100004196167
2025-10-31 12:00:00+00:00,1.8913999795913696
2025-10-31 13:00:00+00:00,1.9032000303268433
2025-10-31 14:00:00+00:00,1.8978999853134155
2025-10-31 15:00:00+00:00,1.8866000175476074
2025-10-31 16:00:00+00:00,1.886299967765808
2025-10-31 17:00:00+00:00,1.8967000246047974
2025-10-31 18:00:00+00:00,1.8967000246047974
2025-10-31 19:00:00+00:00,1.8967000246047974
2025-10-31 20:00:00+00:00,1.8986999988555908
2025-11-02 23:00:00+00:00,1.9104000329971313
2025-11-03 00:00:00+00:00,1.9069000482559204
2025-11-03 01:00:00+00:00,1.9041999578475952
2025-11-03 02:00:00+00:00,1.906599998474121
2025-11-03 03:00:00+00:00,1.9079999923706055
2025-11-03 04:00:00+00:00,1.9045000076293945
2025-11-03 05:00:00+00:00,1.9124000072479248
2025-11-03 06:00:00+00:00,1.9105000495910645
2025-11-03 07:00:00+00:00,1.9077999591827393
2025-11-03 08:00:00+00:00,1.8934999704360962
2025-11-03 09:00:00+00:00,1.8954999446868896
2025-11-03 10:00:00+00:00,1.8997999429702759
2025-11-03 11:00:00+00:00,1.8919999599456787
2025-11-03 12:00:00+00:00,1.896399974822998
2025-11-03 13:00:00+00:00,1.8997999429702759
2025-11-03 14:00:00+00:00,1.9191999435424805
2025-11-03 15:00:00+00:00,1.9140000343322754
2025-11-03 16:00:00+00:00,1.9213000535964966
2025-11-03 17:00:00+00:00,1.9205000400543213
2025-11-03 18:00:00+00:00,1.910099983215332
2025-11-03 19:00:00+00:00,1.9142999649047852
2025-11-03 20:00:00+00:00,1.9176000356674194
2025-11-03 21:00:00+00:00,1.916200041770935
2025-11-03 23:00:00+00:00,1.9169000387191772
2025-11-04 00:00:00+00:00,1.9140000343322754
2025-11-04 01:00:00+00:00,1.916200041770935
2025-11-04 02:00:00+00:00,1.9113999605178833
2025-11-04 03:00:00+00:00,1.9148999452590942
2025-11-04 04:00:00+00:00,1.9128999710083008
2025-11-04 05:00:00+00:00,1.9129999876022339
2025-11-04 06:00:00+00:00,1.9112999439239502
2025-11-04 07:00:00+00:00,1.9077999591827393
2025-11-04 08:00:00+00:00,1.8970999717712402
2025-11-04 09:00:00+00:00,1.893399953842163
2025-11-04 10:00:00+00:00,1.8939000368118286
2025-11-04 11:00:00+00:00,1.896399974822998
2025-11-04 12:00:00+00:00,1.8986999988555908
2025-11-04 13:00:00+00:00,1.8904999494552612
2025-11-04 14:00:00+00:00,1.906999945640564
2025-11-04 15:00:00+00:00,1.9218000173568726
2025-11-04 16:00:00+00:00,1.9258999824523926
2025-11-04 17:00:00+00:00,1.9278000593185425
2025-11-04 18:00:00+00:00,1.9270000457763672
2025-11-04 19:00:00+00:00,1.9218000173568726
2025-11-04 20:00:00+00:00,1.9189000129699707
2025-11-04 21:00:00+00:00,1.9213000535964966
2025-11-04 23:00:00+00:00,1.9172999858856201
2025-11-05 00:00:00+00:00,1.916200041770935
2025-11-05 01:00:00+00:00,1.9119999408721924
2025-11-05 02:00:00+00:00,1.9147000312805176
2025-11-05 03:00:00+00:00,1.9230999946594238
2025-11-05 04:00:00+00:00,1.9222999811172485
2025-11-05 05:00:00+00:00,1.9256999492645264
2025-11-05 06:00:00+00:00,1.9227999448776245
2025-11-05 07:00:00+00:00,1.917799949645996
2025-11-05 08:00:00+00:00,1.8752000331878662
2025-11-05 09:00:00+00:00,1.9242000579833984
2025-11-05 10:00:00+00:00,1.878999948501587
2025-11-05 11:00:00+00:00,1.9164999723434448
2025-11-05 12:00:00+00:00,1.8664000034332275
2025-11-05 13:00:00+00:00,1.909000039100647
2025-11-05 14:00:00+00:00,1.9128999710083008
2025-11-05 15:00:00+00:00,1.8847999572753906
2025-11-05 16:00:00+00:00,1.909600019454956
2025-11-05 17:00:00+00:00,1.8630000352859497
2025-11-05 18:00:00+00:00,1.909999966621399
2025-11-05 19:00:00+00:00,1.9076000452041626
2025-11-05 20:00:00+00:00,1.90910005569458
2025-11-05 21:00:00+00:00,1.8629000186920166
2025-11-05 23:00:00+00:00,1.8638999462127686
2025-11-06 00:00:00+00:00,1.8645000457763672
2025-11-06 01:00:00+00:00,1.9133000373840332
2025-11-06 02:00:00+00:00,1.9200999736785889
2025-11-06 03:00:00+00:00,1.9225000143051147
2025-11-06 04:00:00+00:00,1.8701000213623047
2025-11-06 05:00:00+00:00,1.8726999759674072
2025-11-06 06:00:00+00:00,1.8753000497817993
2025-11-06 07:00:00+00:00,1.9234000444412231
2025-11-06 08:00:00+00:00,1.8873000144958496
2025-11-06 09:00:00+00:00,1.9427000284194946
2025-11-06 10:00:00+00:00,1.9465999603271484
2025-11-06 11:00:00+00:00,1.9462000131607056
2025-11-06 12:00:00+00:00,1.8975000381469727
2025-11-06 13:00:00+00:00,1.9433000087738037
2025-11-06 14:00:00+00:00,1.9352999925613403
2025-11-06 15:00:00+00:00,1.8772000074386597
2025-11-06 16:00:00+00:00,1.8777999877929688
2025-11-06 17:00:00+00:00,1.9499000310897827
2025-11-06 18:00:00+00:00,1.9593000411987305
2025-11-06 19:00:00+00:00,1.960800051689148
2025-11-06 20:00:00+00:00,1.9609999656677246
2025-11-06 21:00:00+00:00,1.9562000036239624
2025-11-06 23:00:00+00:00,1.9606000185012817
2025-11-07 00:00:00+00:00,1.961400032043457
2025-11-07 01:00:00+00:00,1.9682999849319458
2025-11-07 02:00:00+00:00,1.9732999801635742
2025-11-07 03:00:00+00:00,1.9708000421524048
2025-11-07 04:00:00+00:00,1.9703999757766724
2025-11-07 05:00:00+00:00,1.9049999713897705
2025-11-07 06:00:00+00:00,1.9117000102996826
2025-11-07 07:00:00+00:00,1.9768999814987183
2025-11-07 08:00:00+00:00,1.9731999635696411
2025-11-07 09:00:00+00:00,1.9178999662399292
2025-11-07 10:00:00+00:00,1.985700011253357
2025-11-07 11:00:00+00:00,1.9759000539779663
2025-11-07 12:00:00+00:00,1.909999966621399
2025-11-07 13:00:00+00:00,1.9637999534606934
2025-11-07 14:00:00+00:00,1.9012999534606934
2025-11-07 15:00:00+00:00,1.942199945449829
2025-11-07 16:00:00+00:00,1.9529999494552612
2025-11-07 17:00:00+00:00,1.9392999410629272
2025-11-07 18:00:00+00:00,1.9474999904632568
2025-11-07 19:00:00+00:00,1.9428000450134277
2025-11-07 20:00:00+00:00,1.9430999755859375
2025-11-07 21:00:00+00:00,1.9402999877929688
2025-11-09 23:00:00+00:00,1.9474999904632568
2025-11-10 00:00:00+00:00,1.951200008392334
2025-11-10 01:00:00+00:00,1.9544999599456787
2025-11-10 02:00:00+00:00,1.8977999687194824
2025-11-10 03:00:00+00:00,1.957200050354004
2025-11-10 04:00:00+00:00,1.8995000123977661
2025-11-10 05:00:00+00:00,1.9592000246047974
2025-11-10 06:00:00+00:00,1.9586999416351318
2025-11-10 07:00:00+00:00,1.955899953842163
2025-11-10 08:00:00+00:00,1.8969000577926636
2025-11-10 09:00:00+00:00,1.9067000150680542
2025-11-10 10:00:00+00:00,1.895400047302246
2025-11-10 11:00:00+00:00,1.8982000350952148
2025-11-10 12:00:00+00:00,1.8964999914169312
2025-11-10 13:00:00+00:00,1.8955999612808228
2025-11-10 14:00:00+00:00,1.8890000581741333
2025-11-10 15:00:00+00:00,1.8909000158309937
2025-11-10 16:00:00+00:00,1.9443999528884888
2025-11-10 17:00:00+00:00,1.960800051689148
2025-11-10 18:00:00+00:00,1.905500054359436
2025-11-10 19:00:00+00:00,1.9697999954223633
2025-11-10 20:00:00+00:00,1.969099998474121
2025-11-10 21:00:00+00:00,1.9013999700546265
2025-11-10 23:00:00+00:00,1.9605000019073486
2025-11-11 00:00:00+00:00,1.9605000019073486
2025-11-11 01:00:00+00:00,1.9592000246047974
2025-11-11 02:00:00+00:00,1.9610999822616577
2025-11-11 03:00:00+00:00,1.9592000246047974
2025-11-11 04:00:00+00:00,1.9593000411987305
2025-11-11 05:00:00+00:00,1.9534000158309937
2025-11-11 06:00:00+00:00,1.957900047302246
2025-11-11 07:00:00+00:00,1.9557000398635864
2025-11-11 08:00:00+00:00,1.9050999879837036
2025-11-11 09:00:00+00:00,1.9765000343322754
2025-11-11 10:00:00+00:00,1.9768999814987183
2025-11-11 11:00:00+00:00,1.9217000007629395
2025-11-11 12:00:00+00:00,1.9227999448776245
2025-11-11 13:00:00+00:00,1.927299976348877
2025-11-11 14:00:00+00:00,2.0032999515533447
2025-11-11 15:00:00+00:00,1.940999984741211
2025-11-11 16:00:00+00:00,1.9456000328063965
2025-11-11 17:00:00+00:00,1.9453999996185303
2025-11-11 18:00:00+00:00,2.012399911880493
2025-11-11 19:00:00+00:00,1.9484000205993652
2025-11-11 20:00:00+00:00,1.9462000131607056
2025-11-11 21:00:00+00:00,2.0127999782562256
2025-11-11 23:00:00+00:00,2.012500047683716
2025-11-12 00:00:00+00:00,2.011199951171875
2025-11-12 01:00:00+00:00,2.012399911880493
2025-11-12 02:00:00+00:00,1.945099949836731
2025-11-12 03:00:00+00:00,1.9426000118255615
2025-11-12 04:00:00+00:00,2.0078001022338867
2025-11-12 05:00:00+00:00,2.006999969482422
2025-11-12 06:00:00+00:00,2.0053999423980713
2025-11-12 07:00:00+00:00,2.002700090408325
2025-11-12 08:00:00+00:00,1.934399962425232
2025-11-12 09:00:00+00:00,1.9371000528335571
2025-11-12 10:00:00+00:00,2.010999917984009
2025-11-12 11:00:00+00:00,1.9362000226974487
2025-11-12 12:00:00+00:00,2.0062999725341797
2025-11-12 13:00:00+00:00,1.937399983406067
2025-11-12 14:00:00+00:00,1.9175000190734863
2025-11-12 15:00:00+00:00,1.906000018119812
2025-11-12 16:00:00+00:00,1.8969000577926636
2025-11-12 17:00:00+00:00,1.894700050354004
2025-11-12 18:00:00+00:00,1.954300045967102
2025-11-12 19:00:00+00:00,1.8877999782562256
2025-11-12 20:00:00+00:00,1.9570000171661377
2025-11-12 21:00:00+00:00,1.8863999843597412
2025-11-12 23:00:00+00:00,1.8827999830245972
2025-11-13 00:00:00+00:00,1.882699966430664
2025-11-13 01:00:00+00:00,1.948099970817566
2025-11-13 02:00:00+00:00,1.9483000040054321
2025-11-13 03:00:00+00:00,1.9526000022888184
2025-11-13 04:00:00+00:00,1.8830000162124634
2025-11-13 05:00:00+00:00,1.8828999996185303
2025-11-13 06:00:00+00:00,1.885200023651123
2025-11-13 07:00:00+00:00,1.9515999555587769
2025-11-13 08:00:00+00:00,1.882200002670288
2025-11-13 09:00:00+00:00,1.8844000101089478
2025-11-13 10:00:00+00:00,1.8899999856948853
2025-11-13 11:00:00+00:00,1.8926000595092773
2025-11-13 12:00:00+00:00,1.9592000246047974
2025-11-13 13:00:00+00:00,1.9018000364303589
2025-11-13 14:00:00+00:00,1.902500033378601
2025-11-13 15:00:00+00:00,1.976199984550476
2025-11-13 16:00:00+00:00,1.909500002861023
2025-11-13 17:00:00+00:00,1.8990999460220337
2025-11-13 18:00:00+00:00,1.892199993133545
2025-11-13 19:00:00+00:00,1.9622999429702759
2025-11-13 20:00:00+00:00,1.888800024986267
2025-11-13 21:00:00+00:00,1.8874000310897827
2025-11-13 23:00:00+00:00,1.8990999460220337
2025-11-14 00:00:00+00:00,1.906000018119812
2025-11-14 01:00:00+00:00,1.923699975013733
2025-11-14 02:00:00+00:00,1.9230999946594238
2025-11-14 03:00:00+00:00,1.9120999574661255
2025-11-14 04:00:00+00:00,1.9778000116348267
2025-11-14 05:00:00+00:00,1.9078999757766724
2025-11-14 06:00:00+00:00,1.9046000242233276
2025-11-14 07:00:00+00:00,1.9794000387191772
2025-11-14 08:00:00+00:00,1.9722000360488892
2025-11-14 09:00:00+00:00,1.9140000343322754
2025-11-14 10:00:00+00:00,1.9241000413894653
2025-11-14 11:00:00+00:00,1.9075000286102295
2025-11-14 12:00:00+00:00,1.9042999744415283
2025-11-14 13:00:00+00:00,1.9774999618530273
2025-11-14 14:00:00+00:00,1.9922000169754028
2025-11-14 15:00:00+00:00,1.934499979019165
2025-11-14 16:00:00+00:00,1.9357000589370728
2025-11-14 17:00:00+00:00,1.9359999895095825
2025-11-14 18:00:00+00:00,1.932800054550171
2025-11-14 19:00:00+00:00,1.9342999458312988
2025-11-14 20:00:00+00:00,1.9285000562667847
2025-11-14 21:00:00+00:00,1.9332000017166138
2025-11-16 23:00:00+00:00,1.996000051498413
2025-11-17 00:00:00+00:00,1.9158999919891357
2025-11-17 01:00:00+00:00,1.9127999544143677
2025-11-17 02:00:00+00:00,1.9132000207901
2025-11-17 03:00:00+00:00,1.9917000532150269
2025-11-17 04:00:00+00:00,1.9098000526428223
2025-11-17 05:00:00+00:00,1.9113999605178833
2025-11-17 06:00:00+00:00,1.9864000082015991
2025-11-17 07:00:00+00:00,1.9148000478744507
2025-11-17 08:00:00+00:00,1.909600019454956
2025-11-17 09:00:00+00:00,1.9132000207901
2025-11-17 10:00:00+00:00,1.9958000183105469
2025-11-17 11:00:00+00:00,1.996899962425232
2025-11-17 12:00:00+00:00,2.003999948501587
2025-11-17 13:00:00+00:00,1.9285999536514282
2025-11-17 14:00:00+00:00,1.9244999885559082
2025-11-17 15:00:00+00:00,1.9993000030517578
2025-11-17 16:00:00+00:00,1.9179999828338623
2025-11-17 17:00:00+00:00,1.9155000448226929
2025-11-17 18:00:00+00:00,1.9149999618530273
2025-11-17 19:00:00+00:00,1.9085999727249146
2025-11-17 20:00:00+00:00,1.9083000421524048
2025-11-17 21:00:00+00:00,1.9068000316619873
2025-11-17 23:00:00+00:00,1.9067000150680542
2025-11-18 00:00:00+00:00,1.9047000408172607
2025-11-18 01:00:00+00:00,1.9780000448226929
2025-11-18 02:00:00+00:00,1.902899980545044
2025-11-18 03:00:00+00:00,1.9014999866485596
2025-11-18 04:00:00+00:00,1.9003000259399414
2025-11-18 05:00:00+00:00,1.8995000123977661
2025-11-18 06:00:00+00:00,1.8964999914169312
2025-11-18 07:00:00+00:00,1.898300051689148
2025-11-18 08:00:00+00:00,1.899399995803833
2025-11-18 09:00:00+00:00,1.8974000215530396
2025-11-18 10:00:00+00:00,1.9049999713897705
2025-11-18 11:00:00+00:00,1.9101999998092651
2025-11-18 12:00:00+00:00,1.9086999893188477
2025-11-18 13:00:00+00:00,1.8946000337600708
2025-11-18 14:00:00+00:00,1.8875000476837158
2025-11-18 15:00:00+00:00,1.895300030708313
2025-11-18 16:00:00+00:00,1.9009000062942505
2025-11-18 17:00:00+00:00,1.9914000034332275
2025-11-18 18:00:00+00:00,1.9217000007629395
2025-11-18 19:00:00+00:00,1.923799991607666
2025-11-18 20:00:00+00:00,1.9228999614715576
2025-11-18 21:00:00+00:00,1.9154000282287598
2025-11-18 23:00:00+00:00,1.913699984550476
2025-11-19 00:00:00+00:00,1.9110000133514404
2025-11-19 01:00:00+00:00,1.9061000347137451
2025-11-19 02:00:00+00:00,1.9079999923706055
2025-11-19 03:00:00+00:00,1.9047000408172607
2025-11-19 04:00:00+00:00,1.9814000129699707
2025-11-19 05:00:00+00:00,1.9077999591827393
2025-11-19 06:00:00+00:00,1.9035999774932861
2025-11-19 07:00:00+00:00,1.9017000198364258
2025-11-19 08:00:00+00:00,1.9007999897003174
2025-11-19 09:00:00+00:00,1.9046000242233276
2025-11-19 10:00:00+00:00,1.8984999656677246
2025-11-19 11:00:00+00:00,1.8775999546051025
2025-11-19 12:00:00+00:00,1.8733999729156494
2025-11-19 13:00:00+00:00,1.875499963760376
2025-11-19 14:00:00+00:00,1.8645000457763672
2025-11-19 15:00:00+00:00,1.8665000200271606
2025-11-19 16:00:00+00:00,1.8557000160217285
2025-11-19 17:00:00+00:00,1.9270000457763672
2025-11-19 18:00:00+00:00,1.8614000082015991
2025-11-19 19:00:00+00:00,1.8603999614715576
2025-11-19 20:00:00+00:00,1.8640999794006348
2025-11-19 21:00:00+00:00,1.8645000457763672
2025-11-19 23:00:00+00:00,1.8668999671936035
2025-11-20 00:00:00+00:00,1.8660999536514282
2025-11-20 01:00:00+00:00,1.9394999742507935
2025-11-20 02:00:00+00:00,1.8661999702453613
2025-11-20 03:00:00+00:00,1.8657000064849854
2025-11-20 04:00:00+00:00,1.8680000305175781
2025-11-20 05:00:00+00:00,1.8671000003814697
2025-11-20 06:00:00+00:00,1.8660999536514282
2025-11-20 07:00:00+00:00,1.8603999614715576
2025-11-20 08:00:00+00:00,1.8604999780654907
2025-11-20 09:00:00+00:00,1.8603999614715576
2025-11-20 10:00:00+00:00,1.864300012588501
2025-11-20 11:00:00+00:00,1.864799976348877
2025-11-20 12:00:00+00:00,1.8633999824523926
2025-11-20 13:00:00+00:00,1.854599952697754
2025-11-20 14:00:00+00:00,1.864799976348877
2025-11-20 15:00:00+00:00,1.8660000562667847
2025-11-20 16:00:00+00:00,1.832900047302246
2025-11-20 17:00:00+00:00,1.8437999486923218
2025-11-20 18:00:00+00:00,1.8425999879837036
2025-11-20 19:00:00+00:00,1.8454999923706055
2025-11-20 20:00:00+00:00,1.8381999731063843
2025-11-20 21:00:00+00:00,1.8395999670028687
2025-11-20 23:00:00+00:00,1.8330999612808228
2025-11-21 00:00:00+00:00,1.836400032043457
2025-11-21 01:00:00+00:00,1.8305000066757202
2025-11-21 02:00:00+00:00,1.8294999599456787
2025-11-21 03:00:00+00:00,1.8269000053405762
2025-11-21 04:00:00+00:00,1.8259999752044678
2025-11-21 05:00:00+00:00,1.8309999704360962
2025-11-21 06:00:00+00:00,1.8282999992370605
2025-11-21 07:00:00+00:00,1.8858000040054321
2025-11-21 08:00:00+00:00,1.902899980545044
2025-11-21 09:00:00+00:00,1.8193000555038452
2025-11-21 10:00:00+00:00,1.8127000331878662
2025-11-21 11:00:00+00:00,1.8208999633789062
2025-11-21 12:00:00+00:00,1.8372999429702759
2025-11-21 13:00:00+00:00,1.8312000036239624
2025-11-21 14:00:00+00:00,1.8046000003814697
2025-11-21 15:00:00+00:00,1.8036999702453613
2025-11-21 16:00:00+00:00,1.8100999593734741
2025-11-21 17:00:00+00:00,1.8070000410079956
2025-11-21 18:00:00+00:00,1.8065999746322632
2025-11-21 19:00:00+00:00,1.8069000244140625
2025-11-21 20:00:00+00:00,1.8072999715805054
2025-11-21 21:00:00+00:00,1.8078999519348145
2025-11-23 23:00:00+00:00,1.805299997329712
2025-11-24 00:00:00+00:00,1.8077000379562378
2025-11-24 01:00:00+00:00,1.8144999742507935
2025-11-24 02:00:00+00:00,1.8142000436782837
2025-11-24 03:00:00+00:00,1.8873000144958496
2025-11-24 04:00:00+00:00,1.817199945449829
2025-11-24 05:00:00+00:00,1.8170000314712524
2025-11-24 06:00:00+00:00,1.8216999769210815
2025-11-24 07:00:00+00:00,1.8150999546051025
2025-11-24 08:00:00+00:00,1.8144999742507935
2025-11-24 09:00:00+00:00,1.8768999576568604
2025-11-24 10:00:00+00:00,1.882099986076355
2025-11-24 11:00:00+00:00,1.8179999589920044
2025-11-24 12:00:00+00:00,1.8245999813079834
2025-11-24 13:00:00+00:00,1.819599986076355
2025-11-24 14:00:00+00:00,1.808899998664856
2025-11-24 15:00:00+00:00,1.8773000240325928
2025-11-24 16:00:00+00:00,1.8187999725341797
2025-11-24 17:00:00+00:00,1.819200038909912
2025-11-24 18:00:00+00:00,1.8265999555587769
2025-11-24 19:00:00+00:00,1.826300024986267
2025-11-24 20:00:00+00:00,1.8300000429153442
2025-11-24 21:00:00+00:00,1.8278000354766846
2025-11-24 23:00:00+00:00,1.8278000354766846
2025-11-25 00:00:00+00:00,1.8271000385284424
2025-11-25 01:00:00+00:00,1.823199987411499
2025-11-25 02:00:00+00:00,1.8238999843597412
2025-11-25 03:00:00+00:00,1.819700002670288
2025-11-25 04:00:00+00:00,1.8206000328063965
2025-11-25 05:00:00+00:00,1.819599986076355
2025-11-25 06:00:00+00:00,1.8184000253677368
2025-11-25 07:00:00+00:00,1.8235000371932983
2025-11-25 08:00:00+00:00,1.8148000240325928
2025-11-25 09:00:00+00:00,1.8257999420166016
2025-11-25 10:00:00+00:00,1.8253999948501587
2025-11-25 11:00:00+00:00,1.8234000205993652
2025-11-25 12:00:00+00:00,1.7963000535964966
2025-11-25 13:00:00+00:00,1.7977999448776245
2025-11-25 14:00:00+00:00,1.7834999561309814
2025-11-25 15:00:00+00:00,1.7855000495910645
2025-11-25 16:00:00+00:00,1.7918000221252441
2025-11-25 17:00:00+00:00,1.795199990272522
2025-11-25 18:00:00+00:00,1.798200011253357
2025-11-25 19:00:00+00:00,1.7973999977111816
2025-11-25 20:00:00+00:00,1.801900029182434
2025-11-25 21:00:00+00:00,1.8041000366210938
2025-11-25 23:00:00+00:00,1.8042999505996704
2025-11-26 00:00:00+00:00,1.8042000532150269
2025-11-26 01:00:00+00:00,1.8066999912261963
2025-11-26 02:00:00+00:00,1.8077000379562378
2025-11-26 03:00:00+00:00,1.8080999851226807
2025-11-26 04:00:00+00:00,1.8080999851226807
2025-11-26 05:00:00+00:00,1.8674999475479126
2025-11-26 06:00:00+00:00,1.8069000244140625
2025-11-26 07:00:00+00:00,1.7994999885559082
2025-11-26 08:00:00+00:00,1.8098000288009644
2025-11-26 09:00:00+00:00,1.8086999654769897
2025-11-26 10:00:00+00:00,1.813099980354309
2025-11-26 11:00:00+00:00,1.808500051498413
2025-11-26 12:00:00+00:00,1.806399941444397
2025-11-26 13:00:00+00:00,1.8136999607086182
2025-11-26 14:00:00+00:00,1.812399983406067
2025-11-26 15:00:00+00:00,1.8142000436782837
2025-11-26 16:00:00+00:00,1.8276000022888184
2025-11-26 17:00:00+00:00,1.8181999921798706
2025-11-26 18:00:00+00:00,1.8249000310897827
2025-11-26 19:00:00+00:00,1.8288999795913696
2025-11-26 20:00:00+00:00,1.8277000188827515
2025-11-26 21:00:00+00:00,1.8264000415802002
2025-11-26 23:00:00+00:00,1.8238999843597412
2025-11-27 00:00:00+00:00,1.8251999616622925
2025-11-27 01:00:00+00:00,1.8212000131607056
2025-11-27 02:00:00+00:00,1.8228000402450562
2025-11-27 03:00:00+00:00,1.8224999904632568
2025-11-27 04:00:00+00:00,1.8216999769210815
2025-11-28 14:30:00+00:00,1.8640999794006348
2025-11-28 15:30:00+00:00,1.8551000356674194
2025-11-28 16:30:00+00:00,1.8645000457763672
2025-11-28 17:30:00+00:00,1.8575999736785889
2025-11-30 23:00:00+00:00,1.8421000242233276
2025-12-01 00:00:00+00:00,1.8375999927520752
2025-12-01 01:00:00+00:00,1.8422000408172607
2025-12-01 02:00:00+00:00,1.8461999893188477
2025-12-01 03:00:00+00:00,1.8494999408721924
2025-12-01 04:00:00+00:00,1.8523999452590942
2025-12-01 05:00:00+00:00,1.8569999933242798
2025-12-01 06:00:00+00:00,1.8553999662399292
2025-12-01 07:00:00+00:00,1.8589999675750732
2025-12-01 08:00:00+00:00,1.8609999418258667
2025-12-01 09:00:00+00:00,1.8639999628067017
2025-12-01 10:00:00+00:00,1.8573999404907227
2025-12-01 11:00:00+00:00,1.8585000038146973
2025-12-01 12:00:00+00:00,1.8472000360488892
2025-12-01 13:00:00+00:00,1.842900037765503
2025-12-01 14:00:00+00:00,1.8658000230789185
2025-12-01 15:00:00+00:00,1.86489999294281
2025-12-01 16:00:00+00:00,1.864400029182434
2025-12-01 17:00:00+00:00,1.8681000471115112
2025-12-01 18:00:00+00:00,1.87090003490448
2025-12-01 19:00:00+00:00,1.8690999746322632
2025-12-01 20:00:00+00:00,1.8708000183105469
2025-12-01 21:00:00+00:00,1.87090003490448
2025-12-01 23:00:00+00:00,1.873900055885315
2025-12-02 00:00:00+00:00,1.871399998664856
2025-12-02 01:00:00+00:00,1.8681999444961548
2025-12-02 02:00:00+00:00,1.8675999641418457
2025-12-02 03:00:00+00:00,1.8671000003814697
2025-12-02 04:00:00+00:00,1.8664000034332275
2025-12-02 05:00:00+00:00,1.8660999536514282
2025-12-02 06:00:00+00:00,1.868399977684021
2025-12-02 07:00:00+00:00,1.8645000457763672
2025-12-02 08:00:00+00:00,1.864300012588501
2025-12-02 09:00:00+00:00,1.8581000566482544
2025-12-02 10:00:00+00:00,1.8600000143051147
2025-12-02 11:00:00+00:00,1.854200005531311
2025-12-02 12:00:00+00:00,1.855299949645996
2025-12-02 13:00:00+00:00,1.8493000268936157
2025-12-02 14:00:00+00:00,1.8355000019073486
2025-12-02 15:00:00+00:00,1.8549000024795532
2025-12-02 16:00:00+00:00,1.8389999866485596
2025-12-02 17:00:00+00:00,1.8416999578475952
2025-12-02 18:00:00+00:00,1.840000033378601
2025-12-02 19:00:00+00:00,1.8295999765396118
2025-12-02 20:00:00+00:00,1.8294999599456787
2025-12-02 21:00:00+00:00,1.8280999660491943
2025-12-02 23:00:00+00:00,1.8294999599456787
2025-12-03 00:00:00+00:00,1.8288999795913696
2025-12-03 01:00:00+00:00,1.8252999782562256
2025-12-03 02:00:00+00:00,1.8248000144958496
2025-12-03 03:00:00+00:00,1.829699993133545
2025-12-03 04:00:00+00:00,1.8305000066757202
2025-12-03 05:00:00+00:00,1.8319000005722046
2025-12-03 06:00:00+00:00,1.8350000381469727
2025-12-03 07:00:00+00:00,1.8387999534606934
2025-12-03 08:00:00+00:00,1.8407000303268433
2025-12-03 09:00:00+00:00,1.8478000164031982
2025-12-03 10:00:00+00:00,1.8509999513626099
2025-12-03 11:00:00+00:00,1.8507000207901
2025-12-03 12:00:00+00:00,1.8487000465393066
2025-12-03 13:00:00+00:00,1.8467999696731567
2025-12-03 14:00:00+00:00,1.84089994430542
2025-12-03 15:00:00+00:00,1.843500018119812
2025-12-03 16:00:00+00:00,1.8285000324249268
2025-12-03 17:00:00+00:00,1.8352999687194824
2025-12-03 18:00:00+00:00,1.8339999914169312
2025-12-03 19:00:00+00:00,1.8264000415802002
2025-12-03 20:00:00+00:00,1.8278000354766846
2025-12-03 21:00:00+00:00,1.8279999494552612
2025-12-03 23:00:00+00:00,1.8244999647140503
2025-12-04 00:00:00+00:00,1.8259999752044678
2025-12-04 01:00:00+00:00,1.8265999555587769
2025-12-04 02:00:00+00:00,1.8313000202178955
2025-12-04 03:00:00+00:00,1.8310999870300293
2025-12-04 04:00:00+00:00,1.8314000368118286
2025-12-04 05:00:00+00:00,1.830399990081787
2025-12-04 06:00:00+00:00,1.8352999687194824
2025-12-04 07:00:00+00:00,1.833400011062622
2025-12-04 08:00:00+00:00,1.8330999612808228
2025-12-04 09:00:00+00:00,1.829300045967102
2025-12-04 10:00:00+00:00,1.8325999975204468
2025-12-04 11:00:00+00:00,1.829200029373169
2025-12-04 12:00:00+00:00,1.8322999477386475
2025-12-04 13:00:00+00:00,1.8336000442504883
2025-12-04 14:00:00+00:00,1.8167999982833862
2025-12-04 15:00:00+00:00,1.8278000354766846
2025-12-04 16:00:00+00:00,1.8322999477386475
2025-12-04 17:00:00+00:00,1.830299973487854
2025-12-04 18:00:00+00:00,1.8316999673843384
2025-12-04 19:00:00+00:00,1.8291000127792358
2025-12-04 20:00:00+00:00,1.830299973487854
2025-12-04 21:00:00+00:00,1.8330999612808228
2025-12-04 23:00:00+00:00,1.8312000036239624
2025-12-05 00:00:00+00:00,1.8313000202178955
2025-12-05 01:00:00+00:00,1.830199956893921
2025-12-05 02:00:00+00:00,1.8253999948501587
2025-12-05 03:00:00+00:00,1.8279000520706177
2025-12-05 04:00:00+00:00,1.8251999616622925
2025-12-05 05:00:00+00:00,1.8315000534057617
2025-12-05 06:00:00+00:00,1.8314000368118286
2025-12-05 07:00:00+00:00,1.8309999704360962
2025-12-05 08:00:00+00:00,1.8310999870300293
2025-12-05 09:00:00+00:00,1.829699993133545
2025-12-05 10:00:00+00:00,1.8279000520706177
2025-12-05 11:00:00+00:00,1.8264000415802002
2025-12-05 12:00:00+00:00,1.8253999948501587
2025-12-05 13:00:00+00:00,1.830299973487854
2025-12-05 14:00:00+00:00,1.8375999927520752
2025-12-05 15:00:00+00:00,1.8447999954223633
2025-12-05 16:00:00+00:00,1.833400011062622
2025-12-05 17:00:00+00:00,1.844499945640564
2025-12-05 18:00:00+00:00,1.8365000486373901
2025-12-05 19:00:00+00:00,1.835800051689148
2025-12-05 20:00:00+00:00,1.8343000411987305
2025-12-05 21:00:00+00:00,1.8359999656677246
2025-12-07 23:00:00+00:00,1.8406000137329102
2025-12-08 00:00:00+00:00,1.8351000547409058
2025-12-08 01:00:00+00:00,1.8394999504089355
2025-12-08 02:00:00+00:00,1.840499997138977
2025-12-08 03:00:00+00:00,1.840000033378601
2025-12-08 04:00:00+00:00,1.840399980545044
2025-12-08 05:00:00+00:00,1.8446999788284302
2025-12-08 06:00:00+00:00,1.8425999879837036
2025-12-08 07:00:00+00:00,1.843000054359436
2025-12-08 08:00:00+00:00,1.8313000202178955
2025-12-08 09:00:00+00:00,1.8251999616622925
2025-12-08 10:00:00+00:00,1.823099970817566
2025-12-08 11:00:00+00:00,1.8193000555038452
2025-12-08 12:00:00+00:00,1.8113000392913818
2025-12-08 13:00:00+00:00,1.817199945449829
2025-12-08 14:00:00+00:00,1.8116999864578247
2025-12-08 15:00:00+00:00,1.8098000288009644
2025-12-08 16:00:00+00:00,1.8101999759674072
2025-12-08 17:00:00+00:00,1.805299997329712
2025-12-08 18:00:00+00:00,1.799399971961975
2025-12-08 19:00:00+00:00,1.795799970626831
2025-12-08 20:00:00+00:00,1.7960000038146973
2025-12-08 21:00:00+00:00,1.7956000566482544
2025-12-08 23:00:00+00:00,1.7941999435424805
2025-12-09 00:00:00+00:00,1.7955000400543213
2025-12-09 01:00:00+00:00,1.7933000326156616
2025-12-09 02:00:00+00:00,1.7929999828338623
2025-12-09 03:00:00+00:00,1.7944999933242798
2025-12-09 04:00:00+00:00,1.7932000160217285
2025-12-09 05:00:00+00:00,1.7944999933242798
2025-12-09 06:00:00+00:00,1.795699954032898
2025-12-09 07:00:00+00:00,1.8001999855041504
2025-12-09 08:00:00+00:00,1.7954000234603882
2025-12-09 09:00:00+00:00,1.7979999780654907
2025-12-09 10:00:00+00:00,1.805400013923645
2025-12-09 11:00:00+00:00,1.8105000257492065
2025-12-09 12:00:00+00:00,1.8033000230789185
2025-12-09 13:00:00+00:00,1.7998000383377075
2025-12-09 14:00:00+00:00,1.7919000387191772
2025-12-09 15:00:00+00:00,1.7903000116348267
2025-12-09 16:00:00+00:00,1.7913999557495117
2025-12-09 17:00:00+00:00,1.7901999950408936
2025-12-09 18:00:00+00:00,1.7903000116348267
2025-12-09 19:00:00+00:00,1.7940000295639038
2025-12-09 20:00:00+00:00,1.7937999963760376
2025-12-09 21:00:00+00:00,1.7942999601364136
2025-12-09 23:00:00+00:00,1.7924000024795532
2025-12-10 00:00:00+00:00,1.7927000522613525
2025-12-10 01:00:00+00:00,1.792099952697754
2025-12-10 02:00:00+00:00,1.7903000116348267
2025-12-10 03:00:00+00:00,1.791200041770935
2025-12-10 04:00:00+00:00,1.7903000116348267
2025-12-10 05:00:00+00:00,1.7922999858856201
2025-12-10 06:00:00+00:00,1.7937999963760376
2025-12-10 07:00:00+00:00,1.7883000373840332
2025-12-10 08:00:00+00:00,1.7894999980926514
2025-12-10 09:00:00+00:00,1.7891000509262085
2025-12-10 10:00:00+00:00,1.7985999584197998
2025-12-10 11:00:00+00:00,1.7954000234603882
2025-12-10 12:00:00+00:00,1.7969000339508057
2025-12-10 13:00:00+00:00,1.7822999954223633
2025-12-10 14:00:00+00:00,1.770799994468689
2025-12-10 15:00:00+00:00,1.7656999826431274
2025-12-10 16:00:00+00:00,1.7789000272750854
2025-12-10 17:00:00+00:00,1.7799999713897705
2025-12-10 18:00:00+00:00,1.7828999757766724
2025-12-10 19:00:00+00:00,1.7882000207901
2025-12-10 20:00:00+00:00,1.7905999422073364
2025-12-10 21:00:00+00:00,1.7985999584197998
2025-12-10 23:00:00+00:00,1.7926000356674194
2025-12-11 00:00:00+00:00,1.7899999618530273
2025-12-11 01:00:00+00:00,1.7898000478744507
2025-12-11 02:00:00+00:00,1.7870999574661255
2025-12-11 03:00:00+00:00,1.7853000164031982
2025-12-11 04:00:00+00:00,1.780400037765503
2025-12-11 05:00:00+00:00,1.77839994430542
2025-12-11 06:00:00+00:00,1.773900032043457
2025-12-11 07:00:00+00:00,1.7798000574111938
2025-12-11 08:00:00+00:00,1.7761000394821167
2025-12-11 09:00:00+00:00,1.7740000486373901
2025-12-11 10:00:00+00:00,1.7719999551773071
2025-12-11 11:00:00+00:00,1.7750999927520752
2025-12-11 12:00:00+00:00,1.7724000215530396
2025-12-11 13:00:00+00:00,1.7625999450683594
2025-12-11 14:00:00+00:00,1.760200023651123
2025-12-11 15:00:00+00:00,1.7546000480651855
2025-12-11 16:00:00+00:00,1.7515000104904175
2025-12-11 17:00:00+00:00,1.7573000192642212
2025-12-11 18:00:00+00:00,1.7569999694824219
2025-12-11 19:00:00+00:00,1.7649999856948853
2025-12-11 20:00:00+00:00,1.7651000022888184
2025-12-11 21:00:00+00:00,1.7695000171661377
2025-12-11 23:00:00+00:00,1.7674000263214111
2025-12-12 00:00:00+00:00,1.7711999416351318
2025-12-12 01:00:00+00:00,1.7699999809265137
2025-12-12 02:00:00+00:00,1.7760000228881836
2025-12-12 03:00:00+00:00,1.7720999717712402
2025-12-12 04:00:00+00:00,1.7719999551773071
2025-12-12 05:00:00+00:00,1.7755000591278076
2025-12-12 06:00:00+00:00,1.770900011062622
2025-12-12 07:00:00+00:00,1.7734999656677246
2025-12-12 08:00:00+00:00,1.7800999879837036
2025-12-12 09:00:00+00:00,1.7591999769210815
2025-12-12 10:00:00+00:00,1.7617000341415405
2025-12-12 11:00:00+00:00,1.7559000253677368
2025-12-12 12:00:00+00:00,1.757699966430664
2025-12-12 13:00:00+00:00,1.7577999830245972
2025-12-12 14:00:00+00:00,1.7574000358581543
2025-12-12 15:00:00+00:00,1.748900055885315
2025-12-12 16:00:00+00:00,1.7640000581741333
2025-12-12 17:00:00+00:00,1.7603000402450562
2025-12-12 18:00:00+00:00,1.753499984741211
2025-12-12 19:00:00+00:00,1.7515000104904175
2025-12-12 20:00:00+00:00,1.753600001335144
2025-12-12 21:00:00+00:00,1.7533999681472778
2025-12-14 23:00:00+00:00,1.7554999589920044
2025-12-15 00:00:00+00:00,1.7628999948501587
2025-12-15 01:00:00+00:00,1.7588000297546387
2025-12-15 02:00:00+00:00,1.7634999752044678
2025-12-15 03:00:00+00:00,1.7598999738693237
2025-12-15 04:00:00+00:00,1.7653000354766846
2025-12-15 05:00:00+00:00,1.7639000415802002
2025-12-15 06:00:00+00:00,1.7647000551223755
2025-12-15 07:00:00+00:00,1.7630000114440918
2025-12-15 08:00:00+00:00,1.757200002670288
2025-12-15 09:00:00+00:00,1.7541999816894531
2025-12-15 10:00:00+00:00,1.7461999654769897
2025-12-15 11:00:00+00:00,1.7489999532699585
2025-12-15 12:00:00+00:00,1.745300054550171
2025-12-15 13:00:00+00:00,1.74399995803833
2025-12-15 14:00:00+00:00,1.743899941444397
2025-12-15 15:00:00+00:00,1.7311999797821045
2025-12-15 16:00:00+00:00,1.7331000566482544
2025-12-15 17:00:00+00:00,1.7295000553131104
2025-12-15 18:00:00+00:00,1.7254999876022339
2025-12-15 19:00:00+00:00,1.7342000007629395
2025-12-15 20:00:00+00:00,1.7280999422073364
2025-12-15 21:00:00+00:00,1.7272000312805176
2025-12-15 23:00:00+00:00,1.7259000539779663
2025-12-16 00:00:00+00:00,1.7264000177383423
2025-12-16 01:00:00+00:00,1.7275999784469604
2025-12-16 02:00:00+00:00,1.7226999998092651
2025-12-16 03:00:00+00:00,1.7280999422073364
2025-12-16 04:00:00+00:00,1.7246999740600586
2025-12-16 05:00:00+00:00,1.720900058746338
2025-12-16 06:00:00+00:00,1.7304999828338623
2025-12-16 07:00:00+00:00,1.7273999452590942
2025-12-16 08:00:00+00:00,1.722100019454956
2025-12-16 09:00:00+00:00,1.7117999792099
2025-12-16 10:00:00+00:00,1.7102999687194824
2025-12-16 11:00:00+00:00,1.7141000032424927
2025-12-16 12:00:00+00:00,1.7137999534606934
2025-12-16 13:00:00+00:00,1.7095999717712402
2025-12-16 14:00:00+00:00,1.694000005722046
2025-12-16 15:00:00+00:00,1.6887999773025513
2025-12-16 16:00:00+00:00,1.6908999681472778
2025-12-16 17:00:00+00:00,1.6865999698638916
2025-12-16 18:00:00+00:00,1.6881999969482422
2025-12-16 19:00:00+00:00,1.6859999895095825
2025-12-16 20:00:00+00:00,1.6811000108718872
2025-12-16 21:00:00+00:00,1.6820000410079956
2025-12-16 23:00:00+00:00,1.6837999820709229
2025-12-17 00:00:00+00:00,1.6877000331878662
2025-12-17 01:00:00+00:00,1.691100001335144
2025-12-17 02:00:00+00:00,1.6943999528884888
2025-12-17 03:00:00+00:00,1.6964999437332153
2025-12-17 04:00:00+00:00,1.6993000507354736
2025-12-17 05:00:00+00:00,1.7003999948501587
2025-12-17 06:00:00+00:00,1.7027000188827515
2025-12-17 07:00:00+00:00,1.6992000341415405
2025-12-17 08:00:00+00:00,1.7057000398635864
2025-12-17 09:00:00+00:00,1.7094000577926636
2025-12-17 10:00:00+00:00,1.7121000289916992
2025-12-17 11:00:00+00:00,1.7035000324249268
2025-12-17 12:00:00+00:00,1.6972999572753906
2025-12-17 13:00:00+00:00,1.7029999494552612
2025-12-17 14:00:00+00:00,1.7050000429153442
2025-12-17 15:00:00+00:00,1.704300045967102
2025-12-17 16:00:00+00:00,1.7032999992370605
2025-12-17 17:00:00+00:00,1.7014000415802002
2025-12-17 18:00:00+00:00,1.6993000507354736
2025-12-17 19:00:00+00:00,1.7041000127792358
2025-12-17 20:00:00+00:00,1.7128000259399414
2025-12-17 21:00:00+00:00,1.7197999954223633
2025-12-17 23:00:00+00:00,1.719599962234497
2025-12-18 00:00:00+00:00,1.7177000045776367
2025-12-18 01:00:00+00:00,1.7168999910354614
2025-12-18 02:00:00+00:00,1.7063000202178955
2025-12-18 03:00:00+00:00,1.7065000534057617
2025-12-18 04:00:00+00:00,1.705899953842163
2025-12-18 05:00:00+00:00,1.7072999477386475
2025-12-18 06:00:00+00:00,1.708799958229065
2025-12-18 07:00:00+00:00,1.7086000442504883
2025-12-18 08:00:00+00:00,1.7071000337600708
2025-12-18 09:00:00+00:00,1.704800009727478
2025-12-18 10:00:00+00:00,1.7001999616622925
2025-12-18 11:00:00+00:00,1.6972999572753906
2025-12-18 12:00:00+00:00,1.701799988746643
2025-12-18 13:00:00+00:00,1.707800030708313
2025-12-18 14:00:00+00:00,1.715399980545044
2025-12-18 15:00:00+00:00,1.712499976158142
2025-12-18 16:00:00+00:00,1.7129000425338745
2025-12-18 17:00:00+00:00,1.7134000062942505
2025-12-18 18:00:00+00:00,1.7106000185012817
2025-12-18 19:00:00+00:00,1.7021000385284424
2025-12-18 20:00:00+00:00,1.7036000490188599
2025-12-18 21:00:00+00:00,1.702299952507019
2025-12-18 23:00:00+00:00,1.702299952507019
2025-12-19 00:00:00+00:00,1.7020000219345093
2025-12-19 01:00:00+00:00,1.701799988746643
2025-12-19 02:00:00+00:00,1.7015000581741333
2025-12-19 03:00:00+00:00,1.7021000385284424
2025-12-19 04:00:00+00:00,1.7039999961853027
2025-12-19 05:00:00+00:00,1.7026000022888184
2025-12-19 06:00:00+00:00,1.7044999599456787
2025-12-19 07:00:00+00:00,1.7005000114440918
2025-12-19 08:00:00+00:00,1.7049000263214111
2025-12-19 09:00:00+00:00,1.7071000337600708
2025-12-19 10:00:00+00:00,1.7101999521255493
2025-12-19 11:00:00+00:00,1.71589994430542
2025-12-19 12:00:00+00:00,1.7175999879837036
2025-12-19 13:00:00+00:00,1.722100019454956
2025-12-19 14:00:00+00:00,1.7158000469207764
2025-12-19 15:00:00+00:00,1.7058000564575195
2025-12-19 16:00:00+00:00,1.7130000591278076
2025-12-19 17:00:00+00:00,1.7145999670028687
2025-12-19 18:00:00+00:00,1.719599962234497
2025-12-19 19:00:00+00:00,1.7156000137329102
2025-12-19 20:00:00+00:00,1.7175999879837036
2025-12-19 21:00:00+00:00,1.714400053024292
2025-12-21 23:00:00+00:00,1.7243000268936157
2025-12-22 00:00:00+00:00,1.7246999740600586
2025-12-22 01:00:00+00:00,1.7244999408721924
2025-12-22 02:00:00+00:00,1.7278000116348267
2025-12-22 03:00:00+00:00,1.7288999557495117
2025-12-22 04:00:00+00:00,1.7299000024795532
2025-12-22 05:00:00+00:00,1.733299970626831
2025-12-22 06:00:00+00:00,1.7345000505447388
2025-12-22 07:00:00+00:00,1.7315000295639038
2025-12-22 08:00:00+00:00,1.7314000129699707
2025-12-22 09:00:00+00:00,1.732300043106079
2025-12-22 10:00:00+00:00,1.7409000396728516
2025-12-22 11:00:00+00:00,1.7476999759674072
2025-12-22 12:00:00+00:00,1.7444000244140625
2025-12-22 13:00:00+00:00,1.7497999668121338
2025-12-22 14:00:00+00:00,1.745300054550171
2025-12-22 15:00:00+00:00,1.7411999702453613
2025-12-22 16:00:00+00:00,1.74399995803833
2025-12-22 17:00:00+00:00,1.7462999820709229
2025-12-22 18:00:00+00:00,1.7482999563217163
2025-12-22 19:00:00+00:00,1.7486000061035156
2025-12-22 20:00:00+00:00,1.749400019645691
2025-12-22 21:00:00+00:00,1.748900055885315
2025-12-22 23:00:00+00:00,1.7482999563217163
2025-12-23 00:00:00+00:00,1.7479000091552734
2025-12-23 01:00:00+00:00,1.748900055885315
2025-12-23 02:00:00+00:00,1.7489999532699585
2025-12-23 03:00:00+00:00,1.749500036239624
2025-12-23 04:00:00+00:00,1.7474000453948975
2025-12-23 05:00:00+00:00,1.7446999549865723
2025-12-23 06:00:00+00:00,1.74590003490448
2025-12-23 07:00:00+00:00,1.7479000091552734
2025-12-23 08:00:00+00:00,1.7461999654769897
2025-12-23 09:00:00+00:00,1.7506999969482422
2025-12-23 10:00:00+00:00,1.753999948501587
2025-12-23 11:00:00+00:00,1.7518999576568604
2025-12-23 12:00:00+00:00,1.7517999410629272
2025-12-23 13:00:00+00:00,1.7517999410629272
2025-12-23 14:00:00+00:00,1.7389999628067017
2025-12-23 15:00:00+00:00,1.7379000186920166
2025-12-23 16:00:00+00:00,1.7462999820709229
2025-12-23 17:00:00+00:00,1.7460999488830566
2025-12-23 18:00:00+00:00,1.7503000497817993
2025-12-23 19:00:00+00:00,1.7511999607086182
2025-12-23 20:00:00+00:00,1.754699945449829
2025-12-23 21:00:00+00:00,1.7573000192642212
2025-12-23 23:00:00+00:00,1.759600043296814
2025-12-24 00:00:00+00:00,1.7582999467849731
2025-12-24 01:00:00+00:00,1.7548999786376953
2025-12-24 02:00:00+00:00,1.7559000253677368
2025-12-24 03:00:00+00:00,1.7556999921798706
2025-12-24 04:00:00+00:00,1.7556999921798706
2025-12-24 14:30:00+00:00,1.7644000053405762
2025-12-24 15:30:00+00:00,1.7561999559402466
2025-12-24 16:30:00+00:00,1.7553999423980713
2025-12-24 17:30:00+00:00,1.7561999559402466
2025-12-26 05:00:00+00:00,1.7553999423980713
2025-12-26 06:00:00+00:00,1.7583999633789062
2025-12-26 07:00:00+00:00,1.7546000480651855
2025-12-26 08:00:00+00:00,1.76010000705719
2025-12-26 09:00:00+00:00,1.7553000450134277
2025-12-26 10:00:00+00:00,1.7587000131607056
2025-12-26 11:00:00+00:00,1.7491999864578247
2025-12-26 12:00:00+00:00,1.743299961090088
2025-12-26 13:00:00+00:00,1.736799955368042
2025-12-26 14:00:00+00:00,1.7282999753952026
2025-12-26 15:00:00+00:00,1.7271000146865845
2025-12-26 16:00:00+00:00,1.7237000465393066
2025-12-26 17:00:00+00:00,1.7208000421524048
2025-12-26 18:00:00+00:00,1.714900016784668
2025-12-26 19:00:00+00:00,1.7062000036239624
2025-12-26 20:00:00+00:00,1.7089999914169312
2025-12-26 21:00:00+00:00,1.7073999643325806
2025-12-28 23:00:00+00:00,1.7165000438690186
2025-12-29 00:00:00+00:00,1.7139999866485596
2025-12-29 01:00:00+00:00,1.7129000425338745
2025-12-29 02:00:00+00:00,1.7173000574111938
2025-12-29 03:00:00+00:00,1.7187000513076782
2025-12-29 04:00:00+00:00,1.7187999486923218
2025-12-29 05:00:00+00:00,1.7210999727249146
2025-12-29 06:00:00+00:00,1.7197999954223633
2025-12-29 07:00:00+00:00,1.7233999967575073
2025-12-29 08:00:00+00:00,1.7316999435424805
2025-12-29 09:00:00+00:00,1.7411999702453613
2025-12-29 10:00:00+00:00,1.7380000352859497
2025-12-29 11:00:00+00:00,1.7364000082015991
2025-12-29 12:00:00+00:00,1.736799955368042
2025-12-29 13:00:00+00:00,1.7348999977111816
2025-12-29 14:00:00+00:00,1.7309999465942383
2025-12-29 15:00:00+00:00,1.7410000562667847
2025-12-29 16:00:00+00:00,1.73580002784729
2025-12-29 17:00:00+00:00,1.7299000024795532
2025-12-29 18:00:00+00:00,1.7285000085830688
2025-12-29 19:00:00+00:00,1.7267999649047852
2025-12-29 20:00:00+00:00,1.7208000421524048
2025-12-29 21:00:00+00:00,1.7201999425888062
2025-12-29 23:00:00+00:00,1.712399959564209
2025-12-30 00:00:00+00:00,1.7111999988555908
2025-12-30 01:00:00+00:00,1.7187000513076782
2025-12-30 02:00:00+00:00,1.7203999757766724
2025-12-30 03:00:00+00:00,1.7217999696731567
2025-12-30 04:00:00+00:00,1.7217999696731567
2025-12-30 05:00:00+00:00,1.7239999771118164
2025-12-30 06:00:00+00:00,1.7193000316619873
2025-12-30 07:00:00+00:00,1.7201999425888062
2025-12-30 08:00:00+00:00,1.7257000207901
2025-12-30 09:00:00+00:00,1.7274999618530273
2025-12-30 10:00:00+00:00,1.726099967956543
2025-12-30 11:00:00+00:00,1.7323999404907227
2025-12-30 12:00:00+00:00,1.729200005531311
2025-12-30 13:00:00+00:00,1.731600046157837
2025-12-30 14:00:00+00:00,1.7364000082015991
2025-12-30 15:00:00+00:00,1.7400000095367432
2025-12-30 16:00:00+00:00,1.7346999645233154
2025-12-30 17:00:00+00:00,1.7351000308990479
2025-12-30 18:00:00+00:00,1.7359999418258667
2025-12-30 19:00:00+00:00,1.732300043106079
2025-12-30 20:00:00+00:00,1.7335000038146973
2025-12-30 21:00:00+00:00,1.732800006866455
2025-12-30 23:00:00+00:00,1.7303999662399292
2025-12-31 00:00:00+00:00,1.7311999797821045
2025-12-31 01:00:00+00:00,1.7280000448226929
2025-12-31 02:00:00+00:00,1.729099988937378
2025-12-31 03:00:00+00:00,1.7288000583648682
2025-12-31 04:00:00+00:00,1.7343000173568726
2025-12-31 05:00:00+00:00,1.7282999753952026
2025-12-31 06:00:00+00:00,1.729200005531311
2025-12-31 07:00:00+00:00,1.7273999452590942
2025-12-31 08:00:00+00:00,1.7243000268936157
2025-12-31 09:00:00+00:00,1.7347999811172485
2025-12-31 10:00:00+00:00,1.732200026512146
2025-12-31 11:00:00+00:00,1.7331000566482544
2025-12-31 12:00:00+00:00,1.7283999919891357
2025-12-31 13:00:00+00:00,1.7338999509811401
2025-12-31 14:00:00+00:00,1.722000002861023
2025-12-31 15:00:00+00:00,1.7110999822616577
2025-12-31 16:00:00+00:00,1.7100000381469727
2025-12-31 17:00:00+00:00,1.711400032043457
2025-12-31 18:00:00+00:00,1.7148000001907349
2025-12-31 19:00:00+00:00,1.7137999534606934
2025-12-31 20:00:00+00:00,1.712399959564209
2025-12-31 21:00:00+00:00,1.712499976158142
2026-01-02 05:00:00+00:00,1.7204999923706055
2026-01-02 06:00:00+00:00,1.7223000526428223
2026-01-02 07:00:00+00:00,1.7230000495910645
2026-01-02 08:00:00+00:00,1.708400011062622
2026-01-02 09:00:00+00:00,1.7071000337600708
2026-01-02 10:00:00+00:00,1.7142000198364258
2026-01-02 11:00:00+00:00,1.7070000171661377
2026-01-02 12:00:00+00:00,1.6993999481201172
2026-01-02 13:00:00+00:00,1.6957000494003296
2026-01-02 14:00:00+00:00,1.690000057220459
2026-01-02 15:00:00+00:00,1.688599944114685
2026-01-02 16:00:00+00:00,1.6871000528335571
2026-01-02 17:00:00+00:00,1.6923999786376953
2026-01-02 18:00:00+00:00,1.6991000175476074
2026-01-02 19:00:00+00:00,1.698199987411499
2026-01-02 20:00:00+00:00,1.700700044631958
2026-01-02 21:00:00+00:00,1.6994999647140503
2026-01-04 23:00:00+00:00,1.701200008392334
2026-01-05 00:00:00+00:00,1.704699993133545
2026-01-05 01:00:00+00:00,1.6979999542236328
2026-01-05 02:00:00+00:00,1.6979999542236328
2026-01-05 03:00:00+00:00,1.6938999891281128
2026-01-05 04:00:00+00:00,1.6929999589920044
2026-01-05 05:00:00+00:00,1.6908999681472778
2026-01-05 06:00:00+00:00,1.6907000541687012
2026-01-05 07:00:00+00:00,1.686900019645691
2026-01-05 08:00:00+00:00,1.6823999881744385
2026-01-05 09:00:00+00:00,1.6983000040054321
2026-01-05 10:00:00+00:00,1.6960999965667725
2026-01-05 11:00:00+00:00,1.7014000415802002
2026-01-05 12:00:00+00:00,1.7029000520706177
2026-01-05 13:00:00+00:00,1.7035000324249268
2026-01-05 14:00:00+00:00,1.7116999626159668
2026-01-05 15:00:00+00:00,1.7237999439239502
2026-01-05 16:00:00+00:00,1.7170000076293945
2026-01-05 17:00:00+00:00,1.7235000133514404
2026-01-05 18:00:00+00:00,1.7193000316619873
2026-01-05 19:00:00+00:00,1.718400001525879
2026-01-05 20:00:00+00:00,1.7187999486923218
2026-01-05 21:00:00+00:00,1.7197999954223633
2026-01-05 23:00:00+00:00,1.7165000438690186
2026-01-06 00:00:00+00:00,1.7180999517440796
2026-01-06 01:00:00+00:00,1.7116999626159668
2026-01-06 02:00:00+00:00,1.7102999687194824
2026-01-06 03:00:00+00:00,1.7152999639511108
2026-01-06 04:00:00+00:00,1.715999960899353
2026-01-06 05:00:00+00:00,1.714900016784668
2026-01-06 06:00:00+00:00,1.7166999578475952
2026-01-06 07:00:00+00:00,1.7128000259399414
2026-01-06 08:00:00+00:00,1.7226999998092651
2026-01-06 09:00:00+00:00,1.7188999652862549
2026-01-06 10:00:00+00:00,1.722499966621399
2026-01-06 11:00:00+00:00,1.7223000526428223
2026-01-06 12:00:00+00:00,1.7245999574661255
2026-01-06 13:00:00+00:00,1.7314000129699707
2026-01-06 14:00:00+00:00,1.7172000408172607
2026-01-06 15:00:00+00:00,1.722499966621399
2026-01-06 16:00:00+00:00,1.7228000164031982
2026-01-06 17:00:00+00:00,1.714900016784668
2026-01-06 18:00:00+00:00,1.707900047302246
2026-01-06 19:00:00+00:00,1.6971999406814575
2026-01-06 20:00:00+00:00,1.6948000192642212
2026-01-06 21:00:00+00:00,1.698799967765808
2026-01-06 23:00:00+00:00,1.6904000043869019
2026-01-07 00:00:00+00:00,1.694000005722046
2026-01-07 01:00:00+00:00,1.694700002670288
2026-01-07 02:00:00+00:00,1.6943000555038452
2026-01-07 03:00:00+00:00,1.6930999755859375
2026-01-07 04:00:00+00:00,1.6897000074386597
2026-01-07 05:00:00+00:00,1.6898000240325928
2026-01-07 06:00:00+00:00,1.687399983406067
2026-01-07 07:00:00+00:00,1.687000036239624
2026-01-07 08:00:00+00:00,1.6927000284194946
2026-01-07 09:00:00+00:00,1.6898000240325928
2026-01-07 10:00:00+00:00,1.7071000337600708
2026-01-07 11:00:00+00:00,1.7096999883651733
2026-01-07 12:00:00+00:00,1.7157000303268433
2026-01-07 13:00:00+00:00,1.7186000347137451
2026-01-07 14:00:00+00:00,1.7020000219345093
2026-01-07 15:00:00+00:00,1.7065000534057617
2026-01-07 16:00:00+00:00,1.701200008392334
2026-01-07 17:00:00+00:00,1.6967999935150146
2026-01-07 18:00:00+00:00,1.6991000175476074
2026-01-07 19:00:00+00:00,1.7003999948501587
2026-01-07 20:00:00+00:00,1.7019000053405762
2026-01-07 21:00:00+00:00,1.704300045967102
2026-01-07 23:00:00+00:00,1.7024999856948853
2026-01-08 00:00:00+00:00,1.7015999555587769
2026-01-08 01:00:00+00:00,1.705199956893921
2026-01-08 02:00:00+00:00,1.6992000341415405
2026-01-08 03:00:00+00:00,1.7021000385284424
2026-01-08 04:00:00+00:00,1.7023999691009521
2026-01-08 05:00:00+00:00,1.70169997215271
2026-01-08 06:00:00+00:00,1.701200008392334
2026-01-08 07:00:00+00:00,1.6993999481201172
2026-01-08 08:00:00+00:00,1.6990000009536743
2026-01-08 09:00:00+00:00,1.7110999822616577
2026-01-08 10:00:00+00:00,1.7466000318527222
2026-01-08 11:00:00+00:00,1.7517999410629272
2026-01-08 12:00:00+00:00,1.7545000314712524
2026-01-08 13:00:00+00:00,1.7599999904632568
2026-01-08 14:00:00+00:00,1.7568999528884888
2026-01-08 15:00:00+00:00,1.756700038909912
2026-01-08 16:00:00+00:00,1.763100028038025
2026-01-08 17:00:00+00:00,1.770900011062622
2026-01-08 18:00:00+00:00,1.7773000001907349
2026-01-08 19:00:00+00:00,1.794800043106079
2026-01-08 20:00:00+00:00,1.8044999837875366
2026-01-08 21:00:00+00:00,1.7977999448776245
2026-01-08 23:00:00+00:00,1.798799991607666
2026-01-09 00:00:00+00:00,1.7971999645233154
2026-01-09 01:00:00+00:00,1.7961000204086304
2026-01-09 02:00:00+00:00,1.7961000204086304
2026-01-09 03:00:00+00:00,1.7968000173568726
2026-01-09 04:00:00+00:00,1.7978999614715576
2026-01-09 05:00:00+00:00,1.7977999448776245
2026-01-09 06:00:00+00:00,1.8020000457763672
2026-01-09 07:00:00+00:00,1.7996000051498413
2026-01-09 08:00:00+00:00,1.7740000486373901
2026-01-09 09:00:00+00:00,1.7689000368118286
2026-01-09 10:00:00+00:00,1.791200041770935
2026-01-09 11:00:00+00:00,1.7998000383377075
2026-01-09 12:00:00+00:00,1.7970000505447388
2026-01-09 13:00:00+00:00,1.7979999780654907
2026-01-09 14:00:00+00:00,1.8131999969482422
2026-01-09 15:00:00+00:00,1.8180999755859375
2026-01-09 16:00:00+00:00,1.8241000175476074
2026-01-09 17:00:00+00:00,1.812000036239624
2026-01-09 18:00:00+00:00,1.7832000255584717
2026-01-09 19:00:00+00:00,1.780900001525879
2026-01-09 20:00:00+00:00,1.7756999731063843
2026-01-09 21:00:00+00:00,1.774899959564209
2026-01-11 23:00:00+00:00,1.795699954032898
2026-01-12 00:00:00+00:00,1.7900999784469604
2026-01-12 01:00:00+00:00,1.7755999565124512
2026-01-12 02:00:00+00:00,1.7839000225067139
2026-01-12 03:00:00+00:00,1.7856999635696411
2026-01-12 04:00:00+00:00,1.7863999605178833
2026-01-12 05:00:00+00:00,1.7898999452590942
2026-01-12 06:00:00+00:00,1.7884000539779663
2026-01-12 07:00:00+00:00,1.7819000482559204
2026-01-12 08:00:00+00:00,1.806399941444397
2026-01-12 09:00:00+00:00,1.8061000108718872
2026-01-12 10:00:00+00:00,1.8071000576019287
2026-01-12 11:00:00+00:00,1.8042000532150269
2026-01-12 12:00:00+00:00,1.8148000240325928
2026-01-12 13:00:00+00:00,1.8101999759674072
2026-01-12 14:00:00+00:00,1.812399983406067
2026-01-12 15:00:00+00:00,1.81659996509552
2026-01-12 16:00:00+00:00,1.8118000030517578
2026-01-12 17:00:00+00:00,1.815600037574768
2026-01-12 18:00:00+00:00,1.809999942779541
2026-01-12 19:00:00+00:00,1.8260999917984009
2026-01-12 20:00:00+00:00,1.822700023651123
2026-01-12 21:00:00+00:00,1.8255000114440918
2026-01-13 00:00:00+00:00,1.8299000263214111
2026-01-13 01:00:00+00:00,1.830299973487854
2026-01-13 02:00:00+00:00,1.8284000158309937
2026-01-13 03:00:00+00:00,1.8309999704360962
2026-01-13 04:00:00+00:00,1.833899974822998
2026-01-13 05:00:00+00:00,1.833299994468689
2026-01-13 06:00:00+00:00,1.8344000577926636
2026-01-13 08:00:00+00:00,1.8394999504089355
2026-01-13 09:00:00+00:00,1.843400001525879
2026-01-13 10:00:00+00:00,1.8350000381469727
2026-01-13 11:00:00+00:00,1.8437000513076782
2026-01-13 12:00:00+00:00,1.843400001525879
2026-01-13 13:00:00+00:00,1.8387000560760498
2026-01-13 14:00:00+00:00,1.8551000356674194
2026-01-13 15:00:00+00:00,1.8638999462127686
2026-01-13 16:00:00+00:00,1.8631000518798828
2026-01-13 17:00:00+00:00,1.8488999605178833
2026-01-13 18:00:00+00:00,1.857200026512146
2026-01-13 19:00:00+00:00,1.854099988937378
2026-01-13 20:00:00+00:00,1.8523999452590942
2026-01-13 21:00:00+00:00,1.8518999814987183
2026-01-13 23:00:00+00:00,1.8524999618530273
2026-01-14 00:00:00+00:00,1.8509999513626099
2026-01-14 01:00:00+00:00,1.8490999937057495
2026-01-14 02:00:00+00:00,1.847000002861023
2026-01-14 03:00:00+00:00,1.8487000465393066
2026-01-14 04:00:00+00:00,1.8480000495910645
2026-01-14 05:00:00+00:00,1.8461999893188477
2026-01-14 06:00:00+00:00,1.8411999940872192
2026-01-14 07:00:00+00:00,1.8378000259399414
2026-01-14 08:00:00+00:00,1.8356000185012817
2026-01-14 09:00:00+00:00,1.842900037765503
2026-01-14 10:00:00+00:00,1.8653000593185425
2026-01-14 11:00:00+00:00,1.8588999509811401
2026-01-14 12:00:00+00:00,1.860700011253357
2026-01-14 13:00:00+00:00,1.8610999584197998
2026-01-14 14:00:00+00:00,1.871500015258789
2026-01-14 15:00:00+00:00,1.8557000160217285
2026-01-14 16:00:00+00:00,1.8528000116348267
2026-01-14 17:00:00+00:00,1.8575999736785889
2026-01-14 18:00:00+00:00,1.857100009918213
2026-01-14 19:00:00+00:00,1.8680000305175781
2026-01-14 20:00:00+00:00,1.8188999891281128
2026-01-14 21:00:00+00:00,1.8436000347137451
2026-01-14 23:00:00+00:00,1.8315000534057617
2026-01-15 00:00:00+00:00,1.8371000289916992
2026-01-15 01:00:00+00:00,1.8252999782562256
2026-01-15 02:00:00+00:00,1.819000005722046
2026-01-15 03:00:00+00:00,1.8142999410629272
2026-01-15 04:00:00+00:00,1.812000036239624
2026-01-15 05:00:00+00:00,1.8107000589370728
2026-01-15 06:00:00+00:00,1.8164000511169434
2026-01-15 07:00:00+00:00,1.8106000423431396
2026-01-15 08:00:00+00:00,1.8179999589920044
2026-01-15 09:00:00+00:00,1.7978999614715576
2026-01-15 10:00:00+00:00,1.8042999505996704
2026-01-15 11:00:00+00:00,1.8136999607086182
2026-01-15 12:00:00+00:00,1.8009999990463257
2026-01-15 13:00:00+00:00,1.7963999509811401
2026-01-15 14:00:00+00:00,1.8073999881744385
2026-01-15 15:00:00+00:00,1.8127000331878662
2026-01-15 16:00:00+00:00,1.8055000305175781
2026-01-15 17:00:00+00:00,1.8073999881744385
2026-01-15 18:00:00+00:00,1.8087999820709229
2026-01-15 19:00:00+00:00,1.8078999519348145
2026-01-15 20:00:00+00:00,1.80649995803833
2026-01-15 21:00:00+00:00,1.813099980354309
2026-01-15 23:00:00+00:00,1.8104000091552734
2026-01-16 00:00:00+00:00,1.8106000423431396
2026-01-16 01:00:00+00:00,1.8121999502182007
2026-01-16 02:00:00+00:00,1.8087999820709229
2026-01-16 03:00:00+00:00,1.8082000017166138
2026-01-16 04:00:00+00:00,1.808500051498413
2026-01-16 05:00:00+00:00,1.806399941444397
2026-01-16 06:00:00+00:00,1.8102999925613403
2026-01-16 07:00:00+00:00,1.8122999668121338
2026-01-16 08:00:00+00:00,1.8157000541687012
2026-01-16 09:00:00+00:00,1.8187999725341797
2026-01-16 10:00:00+00:00,1.822700023651123
2026-01-16 11:00:00+00:00,1.8216999769210815
2026-01-16 12:00:00+00:00,1.822700023651123
2026-01-16 13:00:00+00:00,1.8220000267028809
2026-01-16 14:00:00+00:00,1.812600016593933
2026-01-16 15:00:00+00:00,1.8178000450134277
2026-01-16 16:00:00+00:00,1.8208999633789062
2026-01-16 17:00:00+00:00,1.8221999406814575
2026-01-16 18:00:00+00:00,1.8207000494003296
2026-01-16 19:00:00+00:00,1.8140000104904175
2026-01-16 20:00:00+00:00,1.8128000497817993
2026-01-16 21:00:00+00:00,1.8137999773025513
2026-01-19 04:00:00+00:00,1.8163000345230103
2026-01-20 05:00:00+00:00,1.8142000436782837
2026-01-20 06:00:00+00:00,1.8163000345230103
2026-01-20 07:00:00+00:00,1.8070000410079956
2026-01-20 08:00:00+00:00,1.8077000379562378
2026-01-20 09:00:00+00:00,1.8202999830245972
2026-01-20 10:00:00+00:00,1.8233000040054321
2026-01-20 11:00:00+00:00,1.8279999494552612
2026-01-20 12:00:00+00:00,1.8300000429153442
2026-01-20 13:00:00+00:00,1.82260000705719
2026-01-20 14:00:00+00:00,1.8432999849319458
2026-01-20 15:00:00+00:00,1.844099998474121
2026-01-20 16:00:00+00:00,1.8509000539779663
2026-01-20 17:00:00+00:00,1.8519999980926514
2026-01-20 18:00:00+00:00,1.8509999513626099
2026-01-20 19:00:00+00:00,1.8418999910354614
2026-01-20 20:00:00+00:00,1.833400011062622
2026-01-20 21:00:00+00:00,1.8348000049591064
2026-01-20 23:00:00+00:00,1.8361999988555908
2026-01-21 00:00:00+00:00,1.836300015449524
2026-01-21 01:00:00+00:00,1.8384000062942505
2026-01-21 02:00:00+00:00,1.8377000093460083
2026-01-21 03:00:00+00:00,1.8380000591278076
2026-01-21 04:00:00+00:00,1.8377000093460083
2026-01-21 05:00:00+00:00,1.8401999473571777
2026-01-21 06:00:00+00:00,1.840499997138977
2026-01-21 07:00:00+00:00,1.8316999673843384
2026-01-21 08:00:00+00:00,1.829800009727478
2026-01-21 09:00:00+00:00,1.844099998474121
2026-01-21 10:00:00+00:00,1.845900058746338
2026-01-21 11:00:00+00:00,1.8579000234603882
2026-01-21 12:00:00+00:00,1.8614000082015991
2026-01-21 13:00:00+00:00,1.8676999807357788
2026-01-21 14:00:00+00:00,1.8634999990463257
2026-01-21 15:00:00+00:00,1.8737000226974487
2026-01-21 16:00:00+00:00,1.8697999715805054
2026-01-21 17:00:00+00:00,1.871500015258789
2026-01-21 18:00:00+00:00,1.87909996509552
2026-01-21 19:00:00+00:00,1.8782999515533447
2026-01-21 20:00:00+00:00,1.87909996509552
2026-01-21 21:00:00+00:00,1.8762999773025513
2026-01-21 23:00:00+00:00,1.875499963760376
2026-01-22 00:00:00+00:00,1.8760000467300415
2026-01-22 01:00:00+00:00,1.8779000043869019
2026-01-22 02:00:00+00:00,1.878600001335144
2026-01-22 03:00:00+00:00,1.8782000541687012
2026-01-22 04:00:00+00:00,1.8782999515533447
2026-01-22 05:00:00+00:00,1.8779000043869019
2026-01-22 06:00:00+00:00,1.8761999607086182
2026-01-22 07:00:00+00:00,1.8664000034332275
2026-01-22 08:00:00+00:00,1.8665000200271606
2026-01-22 09:00:00+00:00,1.8629000186920166
2026-01-22 10:00:00+00:00,1.8588999509811401
2026-01-22 11:00:00+00:00,1.851199984550476
2026-01-22 12:00:00+00:00,1.846500039100647
2026-01-22 13:00:00+00:00,1.855299949645996
2026-01-22 14:00:00+00:00,1.847499966621399
2026-01-22 15:00:00+00:00,1.8503999710083008
2026-01-22 16:00:00+00:00,1.8438999652862549
2026-01-22 17:00:00+00:00,1.8258999586105347
2026-01-22 18:00:00+00:00,1.8344999551773071
2026-01-22 19:00:00+00:00,1.8361999988555908
2026-01-22 20:00:00+00:00,1.8407000303268433
2026-01-22 21:00:00+00:00,1.8468999862670898
2026-01-22 23:00:00+00:00,1.844599962234497
2026-01-23 00:00:00+00:00,1.8486000299453735
2026-01-23 01:00:00+00:00,1.850000023841858
2026-01-23 02:00:00+00:00,1.851099967956543
2026-01-23 03:00:00+00:00,1.8489999771118164
2026-01-23 04:00:00+00:00,1.850600004196167
2026-01-23 05:00:00+00:00,1.8482999801635742
2026-01-23 06:00:00+00:00,1.8509000539779663
2026-01-23 07:00:00+00:00,1.8408000469207764
2026-01-23 08:00:00+00:00,1.847599983215332
2026-01-23 09:00:00+00:00,1.8509999513626099
2026-01-23 10:00:00+00:00,1.8526999950408936
2026-01-23 11:00:00+00:00,1.8530000448226929
2026-01-23 12:00:00+00:00,1.8550000190734863
2026-01-23 13:00:00+00:00,1.868299961090088
2026-01-23 14:00:00+00:00,1.8739999532699585
2026-01-23 15:00:00+00:00,1.8646999597549438
2026-01-23 16:00:00+00:00,1.8752000331878662
2026-01-23 17:00:00+00:00,1.8782000541687012
2026-01-23 18:00:00+00:00,1.8736000061035156
2026-01-23 19:00:00+00:00,1.867300033569336
2026-01-23 20:00:00+00:00,1.868299961090088
2026-01-23 21:00:00+00:00,1.871500015258789
2026-01-25 23:00:00+00:00,1.8660000562667847
2026-01-26 00:00:00+00:00,1.8674999475479126
2026-01-26 01:00:00+00:00,1.8665000200271606
2026-01-26 02:00:00+00:00,1.8602999448776245
2026-01-26 03:00:00+00:00,1.8625999689102173
2026-01-26 04:00:00+00:00,1.8657000064849854
2026-01-26 05:00:00+00:00,1.8659000396728516
2026-01-26 06:00:00+00:00,1.8705999851226807
2026-01-26 07:00:00+00:00,1.8602999448776245
2026-01-26 08:00:00+00:00,1.8623000383377075
2026-01-26 09:00:00+00:00,1.8598999977111816
2026-01-26 10:00:00+00:00,1.861199975013733
2026-01-26 11:00:00+00:00,1.857100009918213
2026-01-26 12:00:00+00:00,1.850000023841858
2026-01-26 13:00:00+00:00,1.8444000482559204
2026-01-26 14:00:00+00:00,1.8407000303268433
2026-01-26 15:00:00+00:00,1.8385000228881836
2026-01-26 16:00:00+00:00,1.8427000045776367
2026-01-26 17:00:00+00:00,1.847100019454956
2026-01-26 18:00:00+00:00,1.8380999565124512
2026-01-26 19:00:00+00:00,1.8370000123977661
2026-01-26 20:00:00+00:00,1.8436000347137451
2026-01-26 21:00:00+00:00,1.8415000438690186
2026-01-26 23:00:00+00:00,1.8421000242233276
2026-01-27 00:00:00+00:00,1.840999960899353
2026-01-27 01:00:00+00:00,1.826200008392334
2026-01-27 02:00:00+00:00,1.8279999494552612
2026-01-27 03:00:00+00:00,1.8271000385284424
2026-01-27 04:00:00+00:00,1.8264000415802002
2026-01-27 05:00:00+00:00,1.8317999839782715
2026-01-27 06:00:00+00:00,1.8348000049591064
2026-01-27 07:00:00+00:00,1.8313000202178955
2026-01-27 08:00:00+00:00,1.8367999792099
2026-01-27 09:00:00+00:00,1.8436000347137451
2026-01-27 10:00:00+00:00,1.8482999801635742
2026-01-27 11:00:00+00:00,1.8416999578475952
2026-01-27 12:00:00+00:00,1.8370000123977661
2026-01-27 13:00:00+00:00,1.8664000034332275
2026-01-27 14:00:00+00:00,1.8406000137329102
2026-01-27 15:00:00+00:00,1.8507000207901
2026-01-27 16:00:00+00:00,1.86489999294281
2026-01-27 17:00:00+00:00,1.8700000047683716
2026-01-27 18:00:00+00:00,1.8738000392913818
2026-01-27 19:00:00+00:00,1.8753999471664429
2026-01-27 20:00:00+00:00,1.885699987411499
2026-01-27 21:00:00+00:00,1.8911000490188599
2026-01-27 23:00:00+00:00,1.895400047302246
2026-01-28 00:00:00+00:00,1.895300030708313
2026-01-28 01:00:00+00:00,1.8904000520706177
2026-01-28 02:00:00+00:00,1.8960000276565552
2026-01-28 03:00:00+00:00,1.8974000215530396
2026-01-28 04:00:00+00:00,1.9003000259399414
2026-01-28 05:00:00+00:00,1.9018000364303589
2026-01-28 06:00:00+00:00,1.8990000486373901
2026-01-28 07:00:00+00:00,1.8905999660491943
2026-01-28 08:00:00+00:00,1.8926000595092773
2026-01-28 09:00:00+00:00,1.8819999694824219
2026-01-28 10:00:00+00:00,1.8798999786376953
2026-01-28 11:00:00+00:00,1.8906999826431274
2026-01-28 12:00:00+00:00,1.8984999656677246
2026-01-28 13:00:00+00:00,1.905400037765503
2026-01-28 14:00:00+00:00,1.9011000394821167
2026-01-28 15:00:00+00:00,1.8854000568389893
2026-01-28 16:00:00+00:00,1.8950999975204468
2026-01-28 17:00:00+00:00,1.8931000232696533
2026-01-28 18:00:00+00:00,1.9026000499725342
2026-01-28 19:00:00+00:00,1.9020999670028687
2026-01-28 20:00:00+00:00,1.9074000120162964
2026-01-28 21:00:00+00:00,1.908400058746338
2026-01-28 23:00:00+00:00,1.9119000434875488
2026-01-29 00:00:00+00:00,1.9144999980926514
2026-01-29 01:00:00+00:00,1.9151999950408936
2026-01-29 02:00:00+00:00,1.9204000234603882
2026-01-29 03:00:00+00:00,1.9215999841690063
2026-01-29 04:00:00+00:00,1.9265999794006348
2026-01-29 05:00:00+00:00,1.9213999509811401
2026-01-29 06:00:00+00:00,1.9213999509811401
2026-01-29 07:00:00+00:00,1.9199999570846558
2026-01-29 08:00:00+00:00,1.9282000064849854
2026-01-29 09:00:00+00:00,1.9348000288009644
2026-01-29 10:00:00+00:00,1.9316999912261963
2026-01-29 11:00:00+00:00,1.9323999881744385
2026-01-29 12:00:00+00:00,1.9300999641418457
2026-01-29 13:00:00+00:00,1.9375
2026-01-29 14:00:00+00:00,1.9457999467849731
2026-01-29 15:00:00+00:00,1.9277000427246094
2026-01-29 16:00:00+00:00,1.9255000352859497
2026-01-29 17:00:00+00:00,1.9326000213623047
2026-01-29 18:00:00+00:00,1.9219000339508057
2026-01-29 19:00:00+00:00,1.9321999549865723
2026-01-29 20:00:00+00:00,1.9368000030517578
2026-01-29 21:00:00+00:00,1.933500051498413
2026-01-29 23:00:00+00:00,1.9332000017166138
2026-01-30 00:00:00+00:00,1.9333000183105469
2026-01-30 01:00:00+00:00,1.9214999675750732
2026-01-30 02:00:00+00:00,1.9088000059127808
2026-01-30 03:00:00+00:00,1.9068000316619873
2026-01-30 04:00:00+00:00,1.9086999893188477
2026-01-30 05:00:00+00:00,1.9097000360488892
2026-01-30 06:00:00+00:00,1.9006999731063843
2026-01-30 07:00:00+00:00,1.9019999504089355
2026-01-30 08:00:00+00:00,1.909600019454956
2026-01-30 09:00:00+00:00,1.9174000024795532
2026-01-30 10:00:00+00:00,1.9185999631881714
2026-01-30 11:00:00+00:00,1.9264999628067017
2026-01-30 12:00:00+00:00,1.929800033569336
2026-01-30 13:00:00+00:00,1.9329999685287476
2026-01-30 14:00:00+00:00,1.9507999420166016
2026-01-30 15:00:00+00:00,1.9507999420166016
2026-02-02 18:00:00+00:00,1.8452999591827393
2026-02-02 19:00:00+00:00,1.84660005569458
2026-02-02 20:00:00+00:00,1.8509999513626099
2026-02-02 21:00:00+00:00,1.8531999588012695
2026-02-02 23:00:00+00:00,1.8442000150680542
2026-02-03 00:00:00+00:00,1.8486000299453735
2026-02-03 01:00:00+00:00,1.8564000129699707
2026-02-03 02:00:00+00:00,1.840499997138977
2026-02-03 03:00:00+00:00,1.8460999727249146
2026-02-03 04:00:00+00:00,1.8442000150680542
2026-02-03 05:00:00+00:00,1.844599962234497
2026-02-03 06:00:00+00:00,1.8446999788284302
2026-02-03 07:00:00+00:00,1.8515000343322754
2026-02-03 08:00:00+00:00,1.8380000591278076
2026-02-03 09:00:00+00:00,1.847000002861023
2026-02-03 10:00:00+00:00,1.8568999767303467
2026-02-03 11:00:00+00:00,1.860700011253357
2026-02-03 12:00:00+00:00,1.8666000366210938
2026-02-03 13:00:00+00:00,1.8738000392913818
2026-02-03 14:00:00+00:00,1.8782999515533447
2026-02-03 15:00:00+00:00,1.8818000555038452
2026-02-03 16:00:00+00:00,1.8803000450134277
2026-02-03 17:00:00+00:00,1.8947999477386475
2026-02-03 18:00:00+00:00,1.892699956893921
2026-02-03 19:00:00+00:00,1.9033000469207764
2026-02-03 20:00:00+00:00,1.916100025177002
2026-02-03 21:00:00+00:00,1.9141000509262085
2026-02-03 23:00:00+00:00,1.9072999954223633
2026-02-04 00:00:00+00:00,1.9089000225067139
2026-02-04 01:00:00+00:00,1.916100025177002
2026-02-04 02:00:00+00:00,1.9110000133514404
2026-02-04 03:00:00+00:00,1.9158999919891357
2026-02-04 04:00:00+00:00,1.9140000343322754
2026-02-04 05:00:00+00:00,1.9115999937057495
2026-02-04 06:00:00+00:00,1.9091999530792236
2026-02-04 07:00:00+00:00,1.9043999910354614
2026-02-04 08:00:00+00:00,2.132200002670288
2026-02-04 09:00:00+00:00,2.1431000232696533
2026-02-04 10:00:00+00:00,2.139699935913086
2026-02-04 11:00:00+00:00,2.134500026702881
2026-02-04 12:00:00+00:00,2.136199951171875
2026-02-04 13:00:00+00:00,2.1245999336242676
2026-02-04 14:00:00+00:00,2.1410000324249268
2026-02-04 15:00:00+00:00,2.148400068283081
2026-02-04 16:00:00+00:00,2.1500000953674316
2026-02-04 17:00:00+00:00,2.1796000003814697
2026-02-04 18:00:00+00:00,2.1807000637054443
2026-02-04 19:00:00+00:00,2.164299964904785
2026-02-04 20:00:00+00:00,2.167799949645996
2026-02-04 21:00:00+00:00,2.1689000129699707
2026-02-04 23:00:00+00:00,2.1719000339508057
2026-02-05 00:00:00+00:00,2.172800064086914
2026-02-05 01:00:00+00:00,2.164799928665161
2026-02-05 02:00:00+00:00,2.1552000045776367
2026-02-05 03:00:00+00:00,2.1621999740600586
2026-02-05 04:00:00+00:00,2.160099983215332
2026-02-05 05:00:00+00:00,2.157900094985962
2026-02-05 06:00:00+00:00,2.1621999740600586
2026-02-05 07:00:00+00:00,2.1577999591827393
2026-02-05 08:00:00+00:00,1.938099980354309
2026-02-05 09:00:00+00:00,1.9457999467849731
2026-02-05 10:00:00+00:00,1.9526000022888184
2026-02-05 11:00:00+00:00,1.9628000259399414
2026-02-05 12:00:00+00:00,1.9443000555038452
2026-02-05 13:00:00+00:00,1.93340003490448
2026-02-05 14:00:00+00:00,1.9434000253677368
2026-02-05 15:00:00+00:00,1.923699975013733
2026-02-05 16:00:00+00:00,1.930899977684021
2026-02-05 17:00:00+00:00,1.9322999715805054
2026-02-05 18:00:00+00:00,1.9248000383377075
2026-02-05 19:00:00+00:00,1.9256000518798828
2026-02-05 20:00:00+00:00,1.9276000261306763
2026-02-05 21:00:00+00:00,1.9242000579833984
2026-02-05 23:00:00+00:00,1.9189000129699707
2026-02-06 00:00:00+00:00,1.9277000427246094
2026-02-06 01:00:00+00:00,1.9270000457763672
2026-02-06 02:00:00+00:00,1.933500051498413
2026-02-06 03:00:00+00:00,1.9392999410629272
2026-02-06 04:00:00+00:00,1.9384000301361084
2026-02-06 05:00:00+00:00,1.9479000568389893
2026-02-06 06:00:00+00:00,1.947700023651123
2026-02-06 07:00:00+00:00,1.9485000371932983
2026-02-06 08:00:00+00:00,1.9479999542236328
2026-02-06 09:00:00+00:00,1.9522000551223755
2026-02-06 10:00:00+00:00,1.9354000091552734
2026-02-06 11:00:00+00:00,1.9361000061035156
2026-02-06 12:00:00+00:00,1.931399941444397
2026-02-06 13:00:00+00:00,1.9153000116348267
2026-02-06 14:00:00+00:00,1.9392999410629272
2026-02-06 15:00:00+00:00,1.9545999765396118
2026-02-06 16:00:00+00:00,1.9580999612808228
2026-02-06 17:00:00+00:00,1.9617999792099
2026-02-06 18:00:00+00:00,1.9609999656677246
2026-02-06 19:00:00+00:00,1.9526000022888184
2026-02-06 20:00:00+00:00,1.9521000385284424
2026-02-06 21:00:00+00:00,1.9531999826431274
2026-02-08 23:00:00+00:00,1.945099949836731
2026-02-09 00:00:00+00:00,1.9428999423980713
2026-02-09 01:00:00+00:00,1.9500999450683594
2026-02-09 02:00:00+00:00,1.9437999725341797
2026-02-09 03:00:00+00:00,1.9444999694824219
2026-02-09 04:00:00+00:00,1.94350004196167
2026-02-09 05:00:00+00:00,1.9422999620437622
2026-02-09 06:00:00+00:00,1.9417999982833862
2026-02-09 07:00:00+00:00,1.9366999864578247
2026-02-09 08:00:00+00:00,1.9488999843597412
2026-02-09 09:00:00+00:00,1.9493999481201172
2026-02-09 10:00:00+00:00,2.1816999912261963
2026-02-09 11:00:00+00:00,2.1826000213623047
2026-02-09 12:00:00+00:00,2.1802000999450684
2026-02-09 13:00:00+00:00,2.1677000522613525
2026-02-09 14:00:00+00:00,2.189500093460083
2026-02-09 15:00:00+00:00,2.1953999996185303
2026-02-09 16:00:00+00:00,2.2083001136779785
2026-02-09 17:00:00+00:00,2.2090001106262207
2026-02-09 18:00:00+00:00,2.202399969100952
2026-02-09 19:00:00+00:00,2.2002999782562256
2026-02-09 20:00:00+00:00,1.98580002784729
2026-02-09 21:00:00+00:00,1.9878000020980835
2026-02-09 23:00:00+00:00,1.9872000217437744
2026-02-10 00:00:00+00:00,1.9846999645233154
2026-02-10 01:00:00+00:00,1.9845000505447388
2026-02-10 02:00:00+00:00,1.9850000143051147
2026-02-10 03:00:00+00:00,1.982100009918213
2026-02-10 04:00:00+00:00,1.9814000129699707
2026-02-10 05:00:00+00:00,1.979599952697754
2026-02-10 06:00:00+00:00,1.9847999811172485
2026-02-10 07:00:00+00:00,1.983299970626831
2026-02-10 08:00:00+00:00,2.206899881362915
2026-02-10 09:00:00+00:00,2.1895999908447266
2026-02-10 10:00:00+00:00,2.1935999393463135
2026-02-10 11:00:00+00:00,2.2021000385284424
2026-02-10 12:00:00+00:00,2.1972999572753906
2026-02-10 13:00:00+00:00,2.200500011444092
2026-02-10 14:00:00+00:00,2.198899984359741
2026-02-10 15:00:00+00:00,1.9704999923706055
2026-02-10 16:00:00+00:00,1.9667999744415283
2026-02-10 17:00:00+00:00,1.968000054359436
2026-02-10 18:00:00+00:00,1.9599000215530396
2026-02-10 19:00:00+00:00,1.9616999626159668
2026-02-10 20:00:00+00:00,1.9668999910354614
2026-02-10 21:00:00+00:00,1.9637000560760498
2026-02-10 23:00:00+00:00,1.9673999547958374
2026-02-11 00:00:00+00:00,1.9656000137329102
2026-02-11 01:00:00+00:00,1.9677000045776367
2026-02-11 02:00:00+00:00,1.9716999530792236
2026-02-11 03:00:00+00:00,1.9700000286102295
2026-02-11 04:00:00+00:00,1.9702999591827393
2026-02-11 05:00:00+00:00,1.9687999486923218
2026-02-11 06:00:00+00:00,1.9710999727249146
2026-02-11 07:00:00+00:00,1.9757000207901
2026-02-11 08:00:00+00:00,2.2014999389648438
2026-02-11 09:00:00+00:00,2.1989998817443848
2026-02-11 10:00:00+00:00,2.2018001079559326
2026-02-11 11:00:00+00:00,2.2130000591278076
2026-02-11 12:00:00+00:00,2.2172000408172607
2026-02-11 13:00:00+00:00,2.222399950027466
2026-02-11 14:00:00+00:00,2.2214999198913574
2026-02-11 15:00:00+00:00,2.2007999420166016
2026-02-11 16:00:00+00:00,2.208199977874756
2026-02-11 17:00:00+00:00,2.2060999870300293
2026-02-11 18:00:00+00:00,2.2026000022888184
2026-02-11 19:00:00+00:00,2.2060999870300293
2026-02-11 20:00:00+00:00,2.2102999687194824
2026-02-11 21:00:00+00:00,2.2060000896453857
2026-02-11 23:00:00+00:00,2.203399896621704
2026-02-12 00:00:00+00:00,2.2047998905181885
2026-02-12 01:00:00+00:00,2.202699899673462
2026-02-12 02:00:00+00:00,2.203000068664551
2026-02-12 03:00:00+00:00,2.205699920654297
2026-02-12 04:00:00+00:00,2.2047998905181885
2026-02-12 05:00:00+00:00,2.2044999599456787
2026-02-12 06:00:00+00:00,2.2005999088287354
2026-02-12 07:00:00+00:00,2.2016000747680664
2026-02-12 08:00:00+00:00,2.2002999782562256
2026-02-12 09:00:00+00:00,2.187999963760376
2026-02-12 10:00:00+00:00,2.1812000274658203
2026-02-12 11:00:00+00:00,2.1809000968933105
2026-02-12 12:00:00+00:00,2.1821999549865723
2026-02-12 13:00:00+00:00,2.1777000427246094
2026-02-12 14:00:00+00:00,2.172300100326538
2026-02-12 15:00:00+00:00,2.15939998626709
2026-02-12 16:00:00+00:00,2.141700029373169
2026-02-12 17:00:00+00:00,2.137700080871582
2026-02-12 18:00:00+00:00,2.140500068664551
2026-02-12 19:00:00+00:00,2.145699977874756
2026-02-12 20:00:00+00:00,2.1442999839782715
2026-02-12 21:00:00+00:00,2.1440999507904053
2026-02-12 23:00:00+00:00,2.1440999507904053
2026-02-13 00:00:00+00:00,2.143899917602539
2026-02-13 01:00:00+00:00,2.142400026321411
2026-02-13 02:00:00+00:00,2.1407999992370605
2026-02-13 03:00:00+00:00,2.1382999420166016
2026-02-13 04:00:00+00:00,2.1401000022888184
2026-02-13 05:00:00+00:00,2.1363000869750977
2026-02-13 06:00:00+00:00,2.141900062561035
2026-02-13 07:00:00+00:00,2.134999990463257
2026-02-13 08:00:00+00:00,2.136699914932251
2026-02-13 09:00:00+00:00,2.139899969100952
2026-02-13 10:00:00+00:00,2.1454999446868896
2026-02-13 11:00:00+00:00,2.127000093460083
2026-02-13 12:00:00+00:00,2.131200075149536
2026-02-13 13:00:00+00:00,2.1407999992370605
2026-02-13 14:00:00+00:00,2.133500099182129
2026-02-13 15:00:00+00:00,2.1349000930786133
2026-02-13 16:00:00+00:00,2.1308999061584473
2026-02-13 17:00:00+00:00,2.138700008392334
2026-02-13 18:00:00+00:00,2.1396000385284424
2026-02-13 19:00:00+00:00,2.1338000297546387
2026-02-13 20:00:00+00:00,2.133500099182129
2026-02-13 21:00:00+00:00,2.1350998878479004
2026-02-15 23:00:00+00:00,2.136199951171875
2026-02-16 00:00:00+00:00,2.1359000205993652
2026-02-16 01:00:00+00:00,2.1364998817443848
2026-02-16 02:00:00+00:00,2.137200117111206
2026-02-16 03:00:00+00:00,2.136899948120117
2026-02-16 04:00:00+00:00,2.138000011444092
2026-02-17 05:00:00+00:00,2.143399953842163
2026-02-17 06:00:00+00:00,2.1435000896453857
2026-02-17 07:00:00+00:00,2.140700101852417
2026-02-17 08:00:00+00:00,2.138200044631958
2026-02-17 09:00:00+00:00,2.1419999599456787
2026-02-17 10:00:00+00:00,2.154900074005127
2026-02-17 11:00:00+00:00,2.1584999561309814
2026-02-17 12:00:00+00:00,2.1545000076293945
2026-02-17 13:00:00+00:00,2.1289000511169434
2026-02-17 14:00:00+00:00,2.137399911880493
2026-02-17 15:00:00+00:00,2.125699996948242
2026-02-17 16:00:00+00:00,2.140000104904175
2026-02-17 17:00:00+00:00,2.1335999965667725
2026-02-17 18:00:00+00:00,2.140000104904175
2026-02-17 19:00:00+00:00,2.1386001110076904
2026-02-17 20:00:00+00:00,2.140399932861328
2026-02-17 21:00:00+00:00,2.140199899673462
2026-02-17 23:00:00+00:00,2.1389000415802
2026-02-18 00:00:00+00:00,2.137700080871582
2026-02-18 01:00:00+00:00,2.140500068664551
2026-02-18 02:00:00+00:00,2.140399932861328
2026-02-18 03:00:00+00:00,2.1426000595092773
2026-02-18 04:00:00+00:00,2.144200086593628
2026-02-18 05:00:00+00:00,2.141700029373169
2026-02-18 06:00:00+00:00,2.142699956893921
2026-02-18 07:00:00+00:00,2.1422998905181885
2026-02-18 08:00:00+00:00,2.144700050354004
2026-02-18 09:00:00+00:00,2.146899938583374
2026-02-18 10:00:00+00:00,2.1631999015808105
2026-02-18 11:00:00+00:00,2.177999973297119
2026-02-18 12:00:00+00:00,2.1835999488830566
2026-02-18 13:00:00+00:00,2.1791999340057373
2026-02-18 14:00:00+00:00,2.1937999725341797
2026-02-18 15:00:00+00:00,2.1912999153137207
2026-02-18 16:00:00+00:00,2.1975998878479004
2026-02-18 17:00:00+00:00,2.202500104904175
2026-02-18 18:00:00+00:00,2.203200101852417
2026-02-18 19:00:00+00:00,2.2030999660491943
2026-02-18 20:00:00+00:00,2.208899974822998
2026-02-18 21:00:00+00:00,2.2032999992370605
2026-02-18 23:00:00+00:00,2.2053000926971436
2026-02-19 00:00:00+00:00,2.2035999298095703
2026-02-19 01:00:00+00:00,2.2095000743865967
2026-02-19 02:00:00+00:00,2.2112998962402344
2026-02-19 03:00:00+00:00,2.214099884033203
2026-02-19 04:00:00+00:00,2.20989990234375
2026-02-19 05:00:00+00:00,2.210700035095215
2026-02-19 06:00:00+00:00,2.2098000049591064
2026-02-19 07:00:00+00:00,2.220900058746338
2026-02-19 08:00:00+00:00,2.23009991645813
2026-02-19 09:00:00+00:00,2.218899965286255
2026-02-19 10:00:00+00:00,2.222599983215332
2026-02-19 11:00:00+00:00,2.226099967956543
2026-02-19 12:00:00+00:00,2.226599931716919
2026-02-19 13:00:00+00:00,2.229599952697754
2026-02-19 14:00:00+00:00,2.226300001144409
2026-02-19 15:00:00+00:00,2.2309000492095947
2026-02-19 16:00:00+00:00,2.232800006866455
2026-02-19 17:00:00+00:00,2.2435998916625977
2026-02-19 18:00:00+00:00,2.239799976348877
2026-02-19 19:00:00+00:00,2.2451999187469482
2026-02-19 20:00:00+00:00,2.2506000995635986
2026-02-19 21:00:00+00:00,2.2493999004364014
2026-02-19 23:00:00+00:00,2.2460999488830566
2026-02-20 00:00:00+00:00,2.2455999851226807
2026-02-20 01:00:00+00:00,2.2486000061035156
2026-02-20 02:00:00+00:00,2.249799966812134
2026-02-20 03:00:00+00:00,2.248199939727783
2026-02-20 04:00:00+00:00,2.2490999698638916
2026-02-20 05:00:00+00:00,2.251699924468994
2026-02-20 06:00:00+00:00,2.24780011177063
2026-02-20 07:00:00+00:00,2.2381999492645264
2026-02-20 08:00:00+00:00,2.235100030899048
2026-02-20 09:00:00+00:00,2.2374000549316406
2026-02-20 10:00:00+00:00,2.2356998920440674
2026-02-20 11:00:00+00:00,2.2393999099731445
2026-02-20 12:00:00+00:00,2.2434000968933105
2026-02-20 13:00:00+00:00,2.2448999881744385
2026-02-20 14:00:00+00:00,2.247299909591675
2026-02-20 15:00:00+00:00,2.2379000186920166
2026-02-20 16:00:00+00:00,2.2407000064849854
2026-02-20 17:00:00+00:00,2.2481000423431396
2026-02-20 18:00:00+00:00,2.2467000484466553
2026-02-20 19:00:00+00:00,2.2451999187469482
2026-02-20 20:00:00+00:00,2.243299961090088
2026-02-20 21:00:00+00:00,2.2434000968933105
2026-02-22 23:00:00+00:00,2.233599901199341
2026-02-23 00:00:00+00:00,2.224400043487549
2026-02-23 01:00:00+00:00,2.2284998893737793
2026-02-23 02:00:00+00:00,2.227099895477295
2026-02-23 03:00:00+00:00,2.2235000133514404
2026-02-23 04:00:00+00:00,2.22160005569458
2026-02-23 05:00:00+00:00,2.224299907684326
2026-02-23 06:00:00+00:00,2.2219998836517334
2026-02-23 07:00:00+00:00,2.220900058746338
2026-02-23 08:00:00+00:00,2.226099967956543
2026-02-23 09:00:00+00:00,2.232800006866455
2026-02-23 10:00:00+00:00,2.2323999404907227
2026-02-23 11:00:00+00:00,2.2416999340057373
2026-02-23 12:00:00+00:00,2.246500015258789
2026-02-23 13:00:00+00:00,2.2535998821258545
2026-02-23 14:00:00+00:00,2.2588999271392822
2026-02-23 15:00:00+00:00,2.252700090408325
2026-02-23 16:00:00+00:00,2.2471001148223877
2026-02-23 17:00:00+00:00,2.246500015258789
2026-02-23 18:00:00+00:00,2.244999885559082
2026-02-23 19:00:00+00:00,2.2486000061035156
2026-02-23 20:00:00+00:00,2.2527999877929688
2026-02-23 21:00:00+00:00,2.2499001026153564
2026-02-23 23:00:00+00:00,2.2469000816345215
2026-02-24 00:00:00+00:00,2.250999927520752
2026-02-24 01:00:00+00:00,2.254499912261963
2026-02-24 02:00:00+00:00,2.260499954223633
2026-02-24 03:00:00+00:00,2.2599000930786133
2026-02-24 04:00:00+00:00,2.2602999210357666
2026-02-24 05:00:00+00:00,2.2620999813079834
2026-02-24 06:00:00+00:00,2.2583999633789062
2026-02-24 07:00:00+00:00,2.256999969482422
2026-02-24 08:00:00+00:00,2.253200054168701
2026-02-24 09:00:00+00:00,2.2520999908447266
2026-02-24 10:00:00+00:00,2.246000051498413
2026-02-24 11:00:00+00:00,2.242300033569336
2026-02-24 12:00:00+00:00,2.2411000728607178
2026-02-24 13:00:00+00:00,2.2488999366760254
2026-02-24 14:00:00+00:00,2.2451000213623047
2026-02-24 15:00:00+00:00,2.2314000129699707
2026-02-24 16:00:00+00:00,2.236599922180176
2026-02-24 17:00:00+00:00,2.2390999794006348
2026-02-24 18:00:00+00:00,2.244999885559082
2026-02-24 19:00:00+00:00,2.23799991607666
2026-02-24 20:00:00+00:00,2.24780011177063
2026-02-24 21:00:00+00:00,2.244499921798706
2026-02-24 23:00:00+00:00,2.242000102996826
2026-02-25 00:00:00+00:00,2.2427000999450684
2026-02-25 01:00:00+00:00,2.2458999156951904
2026-02-25 02:00:00+00:00,2.2497000694274902
2026-02-25 03:00:00+00:00,2.2430999279022217
2026-02-25 04:00:00+00:00,2.244499921798706
2026-02-25 05:00:00+00:00,2.244800090789795
2026-02-25 06:00:00+00:00,2.2446000576019287
2026-02-25 07:00:00+00:00,2.2411000728607178
2026-02-25 08:00:00+00:00,2.2446000576019287
2026-02-25 09:00:00+00:00,2.2365000247955322
2026-02-25 10:00:00+00:00,2.243299961090088
2026-02-25 11:00:00+00:00,2.2423999309539795
2026-02-25 12:00:00+00:00,2.2507998943328857
2026-02-25 13:00:00+00:00,2.247999906539917
2026-02-25 14:00:00+00:00,2.2370998859405518
2026-02-25 15:00:00+00:00,2.240000009536743
2026-02-25 16:00:00+00:00,2.2465999126434326
2026-02-25 17:00:00+00:00,2.2486000061035156
2026-02-25 18:00:00+00:00,2.251199960708618
2026-02-25 19:00:00+00:00,2.254699945449829
2026-02-25 20:00:00+00:00,2.248199939727783
2026-02-25 21:00:00+00:00,2.249300003051758
2026-02-25 23:00:00+00:00,2.2511000633239746
2026-02-26 00:00:00+00:00,2.2535998821258545
2026-02-26 01:00:00+00:00,2.2516000270843506
2026-02-26 02:00:00+00:00,2.2453999519348145
2026-02-26 03:00:00+00:00,2.248199939727783
2026-02-26 04:00:00+00:00,2.249300003051758
2026-02-26 05:00:00+00:00,2.247499942779541
2026-02-26 06:00:00+00:00,2.246999979019165
2026-02-26 07:00:00+00:00,2.2499001026153564
2026-02-26 08:00:00+00:00,2.2479000091552734
2026-02-26 09:00:00+00:00,2.2421000003814697
2026-02-26 10:00:00+00:00,2.225600004196167
2026-02-26 11:00:00+00:00,2.2255001068115234
2026-02-26 12:00:00+00:00,2.224400043487549
2026-02-26 13:00:00+00:00,2.236599922180176
2026-02-26 14:00:00+00:00,2.240499973297119
2026-02-26 15:00:00+00:00,2.2748000621795654
2026-02-26 16:00:00+00:00,2.2716000080108643
2026-02-26 17:00:00+00:00,2.268399953842163
2026-02-26 18:00:00+00:00,2.251699924468994
2026-02-26 19:00:00+00:00,2.2548999786376953
2026-02-26 20:00:00+00:00,2.2607998847961426
2026-02-26 21:00:00+00:00,2.2597999572753906
2026-02-26 23:00:00+00:00,2.253999948501587
2026-02-27 00:00:00+00:00,2.2571001052856445
2026-02-27 01:00:00+00:00,2.252700090408325
2026-02-27 02:00:00+00:00,2.2502999305725098
2026-02-27 03:00:00+00:00,2.2541000843048096
2026-02-27 04:00:00+00:00,2.255500078201294
2026-02-27 05:00:00+00:00,2.2606000900268555
2026-02-27 06:00:00+00:00,2.2641000747680664
2026-02-27 07:00:00+00:00,2.26419997215271
2026-02-27 08:00:00+00:00,2.2644999027252197
2026-02-27 09:00:00+00:00,2.278599977493286
2026-02-27 10:00:00+00:00,2.2797000408172607
2026-02-27 11:00:00+00:00,2.2839999198913574
2026-02-27 12:00:00+00:00,2.2887001037597656
2026-02-27 13:00:00+00:00,2.3043999671936035
2026-02-27 14:00:00+00:00,2.279400110244751
2026-02-27 15:00:00+00:00,2.284899950027466
2026-02-27 16:00:00+00:00,2.275399923324585
2026-02-27 17:00:00+00:00,2.2816998958587646
2026-02-27 18:00:00+00:00,2.288599967956543
2026-02-27 19:00:00+00:00,2.283900022506714
2026-02-27 20:00:00+00:00,2.2909998893737793
2026-02-27 21:00:00+00:00,2.300800085067749
2026-03-01 23:00:00+00:00,2.391700029373169
2026-03-02 00:00:00+00:00,2.3861000537872314
2026-03-02 01:00:00+00:00,2.340100049972534
2026-03-02 02:00:00+00:00,2.3480000495910645
2026-03-02 03:00:00+00:00,2.359299898147583
2026-03-02 04:00:00+00:00,2.3673999309539795
2026-03-02 05:00:00+00:00,2.375699996948242
2026-03-02 06:00:00+00:00,2.3856000900268555
2026-03-02 07:00:00+00:00,2.412400007247925
2026-03-02 08:00:00+00:00,2.392899990081787
2026-03-02 09:00:00+00:00,2.3882999420166016
2026-03-02 10:00:00+00:00,2.3801000118255615
2026-03-02 11:00:00+00:00,2.3819000720977783
2026-03-02 12:00:00+00:00,2.396899938583374
2026-03-02 13:00:00+00:00,2.4003000259399414
2026-03-02 14:00:00+00:00,2.3796000480651855
2026-03-02 15:00:00+00:00,2.379199981689453
2026-03-02 16:00:00+00:00,2.3578999042510986
2026-03-02 17:00:00+00:00,2.348400115966797
2026-03-02 18:00:00+00:00,2.3554999828338623
2026-03-02 19:00:00+00:00,2.3550000190734863
2026-03-02 20:00:00+00:00,2.3696999549865723
2026-03-02 21:00:00+00:00,2.363600015640259
2026-03-02 23:00:00+00:00,2.3659000396728516
2026-03-03 00:00:00+00:00,2.3852999210357666
2026-03-03 01:00:00+00:00,2.3805999755859375
2026-03-03 02:00:00+00:00,2.3956000804901123
2026-03-03 03:00:00+00:00,2.39520001411438
2026-03-03 04:00:00+00:00,2.4026999473571777
2026-03-03 05:00:00+00:00,2.4098000526428223
2026-03-03 06:00:00+00:00,2.4166998863220215
2026-03-03 07:00:00+00:00,2.444200038909912
2026-03-03 08:00:00+00:00,2.4393999576568604
2026-03-03 09:00:00+00:00,2.460900068283081
2026-03-03 10:00:00+00:00,2.4814999103546143
2026-03-03 11:00:00+00:00,2.4904000759124756
2026-03-03 12:00:00+00:00,2.4632999897003174
2026-03-03 13:00:00+00:00,2.4621999263763428
2026-03-03 14:00:00+00:00,2.4514000415802
2026-03-03 15:00:00+00:00,2.4542999267578125
2026-03-03 16:00:00+00:00,2.436199903488159
2026-03-03 17:00:00+00:00,2.4310998916625977
2026-03-03 18:00:00+00:00,2.4131999015808105
2026-03-03 19:00:00+00:00,2.398699998855591
2026-03-03 20:00:00+00:00,2.404099941253662
2026-03-03 21:00:00+00:00,2.4235999584198
2026-03-03 23:00:00+00:00,2.4316000938415527
2026-03-04 00:00:00+00:00,2.4209001064300537
2026-03-04 01:00:00+00:00,2.423099994659424
2026-03-04 02:00:00+00:00,2.426100015640259
2026-03-04 03:00:00+00:00,2.425800085067749
2026-03-04 04:00:00+00:00,2.43149995803833
2026-03-04 05:00:00+00:00,2.4428999423980713
2026-03-04 06:00:00+00:00,2.4590001106262207
2026-03-04 07:00:00+00:00,2.4574999809265137
2026-03-04 08:00:00+00:00,2.493000030517578
2026-03-04 09:00:00+00:00,2.522700071334839
2026-03-04 10:00:00+00:00,2.442699909210205
2026-03-04 11:00:00+00:00,2.437000036239624
2026-03-04 12:00:00+00:00,2.42930006980896
2026-03-04 13:00:00+00:00,2.418299913406372
2026-03-04 14:00:00+00:00,2.4344000816345215
2026-03-04 15:00:00+00:00,2.4821999073028564
2026-03-04 16:00:00+00:00,2.490600109100342
2026-03-04 17:00:00+00:00,2.5171000957489014
2026-03-04 18:00:00+00:00,2.5243000984191895
2026-03-04 19:00:00+00:00,2.509399890899658
2026-03-04 20:00:00+00:00,2.5199999809265137
2026-03-04 21:00:00+00:00,2.534899950027466
2026-03-04 23:00:00+00:00,2.540600061416626
2026-03-05 00:00:00+00:00,2.535900115966797
2026-03-05 01:00:00+00:00,2.5787999629974365
2026-03-05 02:00:00+00:00,2.6108999252319336
2026-03-05 03:00:00+00:00,2.6350998878479004
2026-03-05 04:00:00+00:00,2.634500026702881
2026-03-05 05:00:00+00:00,2.6459999084472656
2026-03-05 06:00:00+00:00,2.6084001064300537
2026-03-05 07:00:00+00:00,2.620500087738037
2026-03-05 08:00:00+00:00,2.4967000484466553
2026-03-05 09:00:00+00:00,2.4832000732421875
2026-03-05 10:00:00+00:00,2.4967000484466553
2026-03-05 11:00:00+00:00,2.504300117492676
2026-03-05 12:00:00+00:00,2.498699903488159
2026-03-05 13:00:00+00:00,2.5557000637054443
2026-03-05 14:00:00+00:00,2.575700044631958
2026-03-05 15:00:00+00:00,2.5750999450683594
2026-03-05 16:00:00+00:00,2.59089994430542
2026-03-05 17:00:00+00:00,2.5996999740600586
2026-03-05 18:00:00+00:00,2.6154000759124756
2026-03-05 19:00:00+00:00,2.6238999366760254
2026-03-05 20:00:00+00:00,2.585200071334839
2026-03-05 21:00:00+00:00,2.569700002670288
2026-03-05 23:00:00+00:00,2.588099956512451
2026-03-06 00:00:00+00:00,2.5631000995635986
2026-03-06 01:00:00+00:00,2.5571000576019287
2026-03-06 02:00:00+00:00,2.5590999126434326
2026-03-06 03:00:00+00:00,2.566999912261963
2026-03-06 04:00:00+00:00,2.56469988822937
2026-03-06 05:00:00+00:00,2.5769999027252197
2026-03-06 06:00:00+00:00,2.5978000164031982
2026-03-06 07:00:00+00:00,2.591599941253662
2026-03-06 08:00:00+00:00,2.5251998901367188
2026-03-06 09:00:00+00:00,2.571500062942505
2026-03-06 10:00:00+00:00,2.5604000091552734
2026-03-06 11:00:00+00:00,2.6045000553131104
2026-03-06 12:00:00+00:00,2.593899965286255
2026-03-06 13:00:00+00:00,2.605600118637085
2026-03-06 14:00:00+00:00,2.6024999618530273
2026-03-06 15:00:00+00:00,2.6538000106811523
2026-03-06 16:00:00+00:00,2.6619999408721924
2026-03-06 17:00:00+00:00,2.6993000507354736
2026-03-06 18:00:00+00:00,2.6942999362945557
2026-03-06 19:00:00+00:00,2.7070000171661377
2026-03-06 20:00:00+00:00,2.699199914932251
2026-03-06 21:00:00+00:00,2.714400053024292
2026-03-08 22:00:00+00:00,2.9925999641418457
2026-03-08 23:00:00+00:00,3.003200054168701
2026-03-09 00:00:00+00:00,2.994499921798706
2026-03-09 01:00:00+00:00,3.059499979019165
2026-03-09 02:00:00+00:00,3.0804998874664307
2026-03-09 03:00:00+00:00,3.097599983215332
2026-03-09 04:00:00+00:00,3.113100051879883
2026-03-09 05:00:00+00:00,2.938800096511841
2026-03-09 06:00:00+00:00,3.015500068664551
2026-03-09 07:00:00+00:00,2.8805999755859375
2026-03-09 08:00:00+00:00,2.878999948501587
2026-03-09 09:00:00+00:00,2.8297998905181885
2026-03-09 10:00:00+00:00,2.8441998958587646
2026-03-09 11:00:00+00:00,2.8192999362945557
2026-03-09 12:00:00+00:00,2.8160998821258545
2026-03-09 13:00:00+00:00,2.766900062561035
2026-03-09 14:00:00+00:00,2.859600067138672
2026-03-09 15:00:00+00:00,2.776700019836426
2026-03-09 16:00:00+00:00,2.7629001140594482
2026-03-09 17:00:00+00:00,2.759700059890747
2026-03-09 18:00:00+00:00,2.78410005569458
2026-03-09 19:00:00+00:00,2.611299991607666
2026-03-09 20:00:00+00:00,2.5980000495910645
2026-03-09 22:00:00+00:00,2.6661999225616455
2026-03-09 23:00:00+00:00,2.676500082015991
2026-03-10 00:00:00+00:00,2.6549999713897705
2026-03-10 01:00:00+00:00,2.6075000762939453
2026-03-10 02:00:00+00:00,2.6738998889923096
2026-03-10 03:00:00+00:00,2.687999963760376
2026-03-10 04:00:00+00:00,2.697200059890747
2026-03-10 05:00:00+00:00,2.682499885559082
2026-03-10 06:00:00+00:00,2.7051000595092773
2026-03-10 07:00:00+00:00,2.621500015258789
2026-03-10 08:00:00+00:00,2.6728999614715576
2026-03-10 09:00:00+00:00,2.563800096511841
2026-03-10 10:00:00+00:00,2.6015000343322754
2026-03-10 11:00:00+00:00,2.6033999919891357
2026-03-10 12:00:00+00:00,2.6019999980926514
2026-03-10 13:00:00+00:00,2.571899890899658
2026-03-10 14:00:00+00:00,2.591099977493286
2026-03-10 15:00:00+00:00,2.6059999465942383
2026-03-10 16:00:00+00:00,2.572200059890747
2026-03-10 17:00:00+00:00,2.544100046157837
2026-03-10 18:00:00+00:00,2.629499912261963
2026-03-10 19:00:00+00:00,2.669800043106079
2026-03-10 20:00:00+00:00,2.6566998958587646
2026-03-10 22:00:00+00:00,2.7135000228881836
2026-03-10 23:00:00+00:00,2.6768999099731445
2026-03-11 00:00:00+00:00,2.622499942779541
2026-03-11 01:00:00+00:00,2.6275999546051025
2026-03-11 02:00:00+00:00,2.6440999507904053
2026-03-11 03:00:00+00:00,2.612799882888794
2026-03-11 04:00:00+00:00,2.6177000999450684
2026-03-11 05:00:00+00:00,2.6322999000549316
2026-03-11 06:00:00+00:00,2.623800039291382
2026-03-11 07:00:00+00:00,2.592099905014038
2026-03-11 08:00:00+00:00,2.6006999015808105
2026-03-11 09:00:00+00:00,2.631200075149536
2026-03-11 10:00:00+00:00,2.5901999473571777
2026-03-11 11:00:00+00:00,2.629199981689453
2026-03-11 12:00:00+00:00,2.6475000381469727
2026-03-11 13:00:00+00:00,2.5998001098632812
2026-03-11 14:00:00+00:00,2.6433000564575195
2026-03-11 15:00:00+00:00,2.6714000701904297
2026-03-11 16:00:00+00:00,2.664099931716919
2026-03-11 17:00:00+00:00,2.6805999279022217
2026-03-11 18:00:00+00:00,2.7606000900268555
2026-03-11 19:00:00+00:00,2.76990008354187
2026-03-11 20:00:00+00:00,2.779599905014038
2026-03-11 22:00:00+00:00,2.838599920272827
2026-03-11 23:00:00+00:00,2.858299970626831
2026-03-12 00:00:00+00:00,2.871299982070923
2026-03-12 01:00:00+00:00,2.8626999855041504
2026-03-12 02:00:00+00:00,2.8884999752044678
2026-03-12 03:00:00+00:00,2.8938000202178955
2026-03-12 04:00:00+00:00,2.892199993133545
2026-03-12 05:00:00+00:00,2.865799903869629
2026-03-12 06:00:00+00:00,2.8522000312805176
2026-03-12 07:00:00+00:00,2.7479000091552734
2026-03-12 08:00:00+00:00,2.7839999198913574
2026-03-12 09:00:00+00:00,2.762399911880493
2026-03-12 10:00:00+00:00,2.7567999362945557
2026-03-12 11:00:00+00:00,2.7792999744415283
2026-03-12 12:00:00+00:00,2.783900022506714
2026-03-12 13:00:00+00:00,2.809999942779541
2026-03-12 14:00:00+00:00,2.808000087738037
2026-03-12 15:00:00+00:00,2.851900100708008
2026-03-12 16:00:00+00:00,2.867799997329712
2026-03-12 17:00:00+00:00,2.879699945449829
2026-03-12 18:00:00+00:00,2.941499948501587
2026-03-12 19:00:00+00:00,2.9347000122070312
2026-03-12 20:00:00+00:00,2.933799982070923
2026-03-12 22:00:00+00:00,2.9100000858306885
2026-03-12 23:00:00+00:00,2.9298999309539795
2026-03-13 00:00:00+00:00,2.9142000675201416
2026-03-13 01:00:00+00:00,2.9105000495910645
2026-03-13 02:00:00+00:00,2.9258999824523926
2026-03-13 03:00:00+00:00,2.902600049972534
2026-03-13 04:00:00+00:00,2.8942999839782715
2026-03-13 05:00:00+00:00,2.885699987411499
2026-03-13 06:00:00+00:00,2.913599967956543
2026-03-13 07:00:00+00:00,2.9377999305725098
2026-03-13 08:00:00+00:00,2.913800001144409
2026-03-13 09:00:00+00:00,2.934999942779541
2026-03-13 10:00:00+00:00,2.8940999507904053
2026-03-13 11:00:00+00:00,2.8857998847961426
2026-03-13 12:00:00+00:00,2.8880999088287354
2026-03-13 13:00:00+00:00,2.907099962234497
2026-03-13 14:00:00+00:00,2.938800096511841
2026-03-13 15:00:00+00:00,2.9475998878479004
2026-03-13 16:00:00+00:00,2.940000057220459
2026-03-13 17:00:00+00:00,2.968400001525879
2026-03-13 18:00:00+00:00,2.9727001190185547
2026-03-13 19:00:00+00:00,2.99429988861084
2026-03-13 20:00:00+00:00,3.014400005340576
2026-03-15 22:00:00+00:00,3.0153000354766846
2026-03-15 23:00:00+00:00,2.999500036239624
2026-03-16 00:00:00+00:00,2.9883999824523926
2026-03-16 01:00:00+00:00,3.013400077819824
2026-03-16 02:00:00+00:00,3.02239990234375
2026-03-16 03:00:00+00:00,3.025700092315674
2026-03-16 04:00:00+00:00,3.0297000408172607
2026-03-16 05:00:00+00:00,3.009999990463257
2026-03-16 06:00:00+00:00,3.022700071334839
2026-03-16 07:00:00+00:00,3.0518999099731445
2026-03-16 08:00:00+00:00,3.045799970626831
2026-03-16 09:00:00+00:00,3.0316998958587646
2026-03-16 10:00:00+00:00,2.983099937438965
2026-03-16 11:00:00+00:00,2.997299909591675
2026-03-16 12:00:00+00:00,2.974100112915039
2026-03-16 13:00:00+00:00,2.942199945449829
2026-03-16 14:00:00+00:00,2.98580002784729
2026-03-16 15:00:00+00:00,2.988600015640259
2026-03-16 16:00:00+00:00,2.994999885559082
2026-03-16 17:00:00+00:00,2.957900047302246
2026-03-16 18:00:00+00:00,2.959700107574463
2026-03-16 19:00:00+00:00,2.9609999656677246
2026-03-16 20:00:00+00:00,2.970400094985962
2026-03-16 22:00:00+00:00,2.9802000522613525
2026-03-16 23:00:00+00:00,2.9776999950408936
2026-03-17 00:00:00+00:00,3.0099000930786133
2026-03-17 01:00:00+00:00,3.021899938583374
2026-03-17 02:00:00+00:00,3.025899887084961
2026-03-17 03:00:00+00:00,3.0248000621795654
2026-03-17 04:00:00+00:00,3.0288000106811523
2026-03-17 05:00:00+00:00,3.058000087738037
2026-03-17 06:00:00+00:00,3.044100046157837
2026-03-17 07:00:00+00:00,3.034600019454956
2026-03-17 08:00:00+00:00,3.0460000038146973
2026-03-17 09:00:00+00:00,3.024199962615967
2026-03-17 10:00:00+00:00,3.0415000915527344
2026-03-17 11:00:00+00:00,3.0732998847961426
2026-03-17 12:00:00+00:00,3.0376999378204346
2026-03-17 13:00:00+00:00,3.0490000247955322
2026-03-17 14:00:00+00:00,3.02810001373291
2026-03-17 15:00:00+00:00,3.071000099182129
2026-03-17 16:00:00+00:00,3.062700033187866
2026-03-17 17:00:00+00:00,3.08270001411438
2026-03-17 18:00:00+00:00,3.0817999839782715
2026-03-17 19:00:00+00:00,3.08489990234375
2026-03-17 20:00:00+00:00,3.0952999591827393
2026-03-17 22:00:00+00:00,3.0922000408172607
2026-03-17 23:00:00+00:00,3.0861001014709473
2026-03-18 00:00:00+00:00,3.069000005722046
2026-03-18 01:00:00+00:00,3.0722999572753906
2026-03-18 02:00:00+00:00,3.06469988822937
2026-03-18 03:00:00+00:00,3.0392000675201416
2026-03-18 04:00:00+00:00,3.0429999828338623
2026-03-18 05:00:00+00:00,3.03439998626709
2026-03-18 06:00:00+00:00,3.048099994659424
2026-03-18 07:00:00+00:00,3.0622000694274902
2026-03-18 08:00:00+00:00,3.074700117111206
2026-03-18 09:00:00+00:00,3.087599992752075
2026-03-18 10:00:00+00:00,3.0908000469207764
2026-03-18 11:00:00+00:00,3.093400001525879
2026-03-18 12:00:00+00:00,3.165299892425537
2026-03-18 13:00:00+00:00,3.1800999641418457
2026-03-18 14:00:00+00:00,3.180000066757202
2026-03-18 15:00:00+00:00,3.1717000007629395
2026-03-18 16:00:00+00:00,3.1563000679016113
2026-03-18 17:00:00+00:00,3.04259991645813
2026-03-18 18:00:00+00:00,3.089400053024292
2026-03-18 19:00:00+00:00,3.1380999088287354
2026-03-18 20:00:00+00:00,3.1554999351501465
2026-03-18 22:00:00+00:00,3.1322999000549316
2026-03-18 23:00:00+00:00,3.134500026702881
2026-03-19 00:00:00+00:00,3.1610000133514404
2026-03-19 01:00:00+00:00,3.1709001064300537
2026-03-19 02:00:00+00:00,3.1370999813079834
2026-03-19 03:00:00+00:00,3.1401000022888184
2026-03-19 04:00:00+00:00,3.1531999111175537
2026-03-19 05:00:00+00:00,3.1714000701904297
2026-03-19 06:00:00+00:00,3.1884000301361084
2026-03-19 07:00:00+00:00,3.1944000720977783
2026-03-19 08:00:00+00:00,3.2202000617980957
2026-03-19 09:00:00+00:00,3.17330002784729
2026-03-19 10:00:00+00:00,3.161799907684326
2026-03-19 11:00:00+00:00,3.1470999717712402
2026-03-19 12:00:00+00:00,3.1417999267578125
2026-03-19 13:00:00+00:00,3.1108999252319336
2026-03-19 14:00:00+00:00,3.1087000370025635
2026-03-19 15:00:00+00:00,3.1029000282287598
2026-03-19 16:00:00+00:00,3.123699903488159
2026-03-19 17:00:00+00:00,3.0857999324798584
2026-03-19 18:00:00+00:00,3.0841000080108643
2026-03-19 19:00:00+00:00,3.0743000507354736
2026-03-19 20:00:00+00:00,3.0845999717712402
2026-03-19 22:00:00+00:00,3.0754001140594482
2026-03-19 23:00:00+00:00,3.0715999603271484
2026-03-20 00:00:00+00:00,3.0857999324798584
2026-03-20 01:00:00+00:00,3.0543999671936035
2026-03-20 02:00:00+00:00,3.074399948120117
2026-03-20 03:00:00+00:00,3.078900098800659
2026-03-20 04:00:00+00:00,3.088399887084961
2026-03-20 05:00:00+00:00,3.0736000537872314
2026-03-20 06:00:00+00:00,3.1047000885009766
2026-03-20 07:00:00+00:00,3.097100019454956
2026-03-20 08:00:00+00:00,3.1305999755859375
2026-03-20 09:00:00+00:00,3.161099910736084
2026-03-20 10:00:00+00:00,3.1463000774383545
2026-03-20 11:00:00+00:00,3.0936999320983887
2026-03-20 12:00:00+00:00,3.1048998832702637
2026-03-20 13:00:00+00:00,3.1619999408721924
2026-03-20 14:00:00+00:00,3.180000066757202
2026-03-20 15:00:00+00:00,3.174499988555908
2026-03-20 16:00:00+00:00,3.190500020980835
2026-03-20 17:00:00+00:00,3.198499917984009
2026-03-20 18:00:00+00:00,3.272599935531616
2026-03-20 19:00:00+00:00,3.2504000663757324
2026-03-20 20:00:00+00:00,3.2592999935150146
2026-03-22 22:00:00+00:00,3.2685000896453857
2026-03-22 23:00:00+00:00,3.2644999027252197
2026-03-23 00:00:00+00:00,3.2513999938964844
2026-03-23 01:00:00+00:00,3.261899948120117
2026-03-23 02:00:00+00:00,3.269399881362915
2026-03-23 03:00:00+00:00,3.2815001010894775
2026-03-23 04:00:00+00:00,3.279400110244751
2026-03-23 05:00:00+00:00,3.2599000930786133
2026-03-23 06:00:00+00:00,3.29010009765625
2026-03-23 07:00:00+00:00,3.2920000553131104
2026-03-23 08:00:00+00:00,3.300600051879883
2026-03-23 09:00:00+00:00,3.1809000968933105
2026-03-23 10:00:00+00:00,3.172600030899048
2026-03-23 11:00:00+00:00,3.018899917602539
2026-03-23 12:00:00+00:00,2.9142000675201416
2026-03-23 13:00:00+00:00,2.8738999366760254
2026-03-23 14:00:00+00:00,2.86680006980896
2026-03-23 15:00:00+00:00,2.8875999450683594
2026-03-23 16:00:00+00:00,2.871799945831299
2026-03-23 17:00:00+00:00,2.8433001041412354
2026-03-23 18:00:00+00:00,2.824199914932251
2026-03-23 19:00:00+00:00,2.8578999042510986
2026-03-23 20:00:00+00:00,2.8545000553131104
2026-03-23 22:00:00+00:00,2.8575000762939453
2026-03-23 23:00:00+00:00,2.865000009536743
2026-03-24 00:00:00+00:00,2.9200000762939453
2026-03-24 01:00:00+00:00,2.9463000297546387
2026-03-24 02:00:00+00:00,2.9451000690460205
2026-03-24 03:00:00+00:00,2.9609999656677246
2026-03-24 04:00:00+00:00,2.967400074005127
2026-03-24 05:00:00+00:00,2.952399969100952
2026-03-24 06:00:00+00:00,2.9400999546051025
2026-03-24 07:00:00+00:00,3.0083999633789062
2026-03-24 08:00:00+00:00,3.0171000957489014
2026-03-24 09:00:00+00:00,3.0148000717163086
2026-03-24 10:00:00+00:00,3.022200107574463
2026-03-24 11:00:00+00:00,3.0380001068115234
2026-03-24 12:00:00+00:00,3.0553998947143555
2026-03-24 13:00:00+00:00,3.046299934387207
2026-03-24 14:00:00+00:00,3.0378000736236572
2026-03-24 15:00:00+00:00,3.0601999759674072
2026-03-24 16:00:00+00:00,3.0913000106811523
2026-03-24 17:00:00+00:00,3.069700002670288
2026-03-24 18:00:00+00:00,3.085099935531616
2026-03-24 19:00:00+00:00,3.073699951171875
2026-03-24 20:00:00+00:00,2.9893999099731445
2026-03-24 22:00:00+00:00,2.993000030517578
2026-03-24 23:00:00+00:00,2.983099937438965
2026-03-25 00:00:00+00:00,2.9556000232696533
2026-03-25 01:00:00+00:00,2.938999891281128
2026-03-25 02:00:00+00:00,2.9772000312805176
2026-03-25 03:00:00+00:00,2.986299991607666
2026-03-25 04:00:00+00:00,2.960700035095215
2026-03-25 05:00:00+00:00,2.989300012588501
2026-03-25 06:00:00+00:00,2.974900007247925
2026-03-25 07:00:00+00:00,2.8376998901367188
2026-03-25 08:00:00+00:00,2.838900089263916
2026-03-25 09:00:00+00:00,2.8322999477386475
2026-03-25 10:00:00+00:00,2.809799909591675
2026-03-25 11:00:00+00:00,2.811199903488159
2026-03-25 12:00:00+00:00,2.8499999046325684
2026-03-25 13:00:00+00:00,2.8571999073028564
2026-03-25 14:00:00+00:00,2.872499942779541
2026-03-25 15:00:00+00:00,2.851300001144409
2026-03-25 16:00:00+00:00,2.84660005569458
2026-03-25 17:00:00+00:00,2.869999885559082
2026-03-25 18:00:00+00:00,2.904599905014038
2026-03-25 19:00:00+00:00,2.879300117492676
2026-03-25 20:00:00+00:00,2.887700080871582
2026-03-25 22:00:00+00:00,2.889400005340576
2026-03-25 23:00:00+00:00,2.8891000747680664
2026-03-26 00:00:00+00:00,2.8935999870300293
2026-03-26 01:00:00+00:00,2.900700092315674
2026-03-26 02:00:00+00:00,2.912100076675415
2026-03-26 03:00:00+00:00,2.906899929046631
2026-03-26 04:00:00+00:00,2.9170000553131104
2026-03-26 05:00:00+00:00,2.9245998859405518
2026-03-26 06:00:00+00:00,2.927299976348877
2026-03-26 07:00:00+00:00,3.0387001037597656
2026-03-26 08:00:00+00:00,3.0316998958587646
2026-03-26 09:00:00+00:00,3.0241000652313232
2026-03-26 10:00:00+00:00,3.025099992752075
2026-03-26 11:00:00+00:00,3.043299913406372
2026-03-26 12:00:00+00:00,2.969899892807007
2026-03-26 13:00:00+00:00,2.9553000926971436
2026-03-26 14:00:00+00:00,2.962100028991699
2026-03-26 15:00:00+00:00,3.0908000469207764
2026-03-26 16:00:00+00:00,3.0836000442504883
2026-03-26 17:00:00+00:00,3.1041998863220215
2026-03-26 18:00:00+00:00,3.066800117492676
2026-03-26 19:00:00+00:00,3.0597000122070312
2026-03-26 20:00:00+00:00,3.0597000122070312
2026-03-26 22:00:00+00:00,3.0550999641418457
2026-03-26 23:00:00+00:00,3.0501999855041504
2026-03-27 00:00:00+00:00,3.067699909210205
2026-03-27 01:00:00+00:00,3.0439000129699707
2026-03-27 02:00:00+00:00,3.0585999488830566
2026-03-27 03:00:00+00:00,3.061300039291382
2026-03-27 04:00:00+00:00,3.074399948120117
2026-03-27 05:00:00+00:00,3.0838000774383545
2026-03-27 06:00:00+00:00,3.08240008354187
2026-03-27 07:00:00+00:00,3.0172998905181885
2026-03-27 08:00:00+00:00,3.0322000980377197
2026-03-27 09:00:00+00:00,3.037600040435791
2026-03-27 10:00:00+00:00,3.0666000843048096
2026-03-27 11:00:00+00:00,3.051500082015991
2026-03-27 12:00:00+00:00,3.0504000186920166
2026-03-27 13:00:00+00:00,3.0510001182556152
2026-03-27 14:00:00+00:00,3.041100025177002
2026-03-27 15:00:00+00:00,3.140899896621704
2026-03-27 16:00:00+00:00,3.170799970626831
2026-03-27 17:00:00+00:00,3.1800999641418457
2026-03-27 18:00:00+00:00,3.1875998973846436
2026-03-27 19:00:00+00:00,3.200700044631958
2026-03-27 20:00:00+00:00,3.2253000736236572
2026-03-29 22:00:00+00:00,3.2502999305725098
2026-03-29 23:00:00+00:00,3.265899896621704
2026-03-30 00:00:00+00:00,3.2820000648498535
2026-03-30 01:00:00+00:00,3.2595999240875244
2026-03-30 02:00:00+00:00,3.251699924468994
2026-03-30 03:00:00+00:00,3.2465999126434326
2026-03-30 04:00:00+00:00,3.25600004196167
2026-03-30 05:00:00+00:00,3.249300003051758
2026-03-30 06:00:00+00:00,3.251499891281128
2026-03-30 07:00:00+00:00,3.2641000747680664
2026-03-30 08:00:00+00:00,3.242500066757202
2026-03-30 09:00:00+00:00,3.24399995803833
2026-03-30 10:00:00+00:00,3.246000051498413
2026-03-30 11:00:00+00:00,3.2385001182556152
2026-03-30 12:00:00+00:00,3.2183001041412354
2026-03-30 13:00:00+00:00,3.260699987411499
2026-03-30 14:00:00+00:00,3.261899948120117
2026-03-30 15:00:00+00:00,3.2769999504089355
2026-03-30 16:00:00+00:00,3.2718000411987305
2026-03-30 17:00:00+00:00,3.280100107192993
2026-03-30 18:00:00+00:00,3.267899990081787
2026-03-30 19:00:00+00:00,3.2785000801086426
2026-03-30 20:00:00+00:00,3.2969000339508057
2026-03-30 22:00:00+00:00,3.3124001026153564
2026-03-30 23:00:00+00:00,3.3650999069213867
2026-03-31 00:00:00+00:00,3.2839999198913574
2026-03-31 01:00:00+00:00,3.2337000370025635
2026-03-31 02:00:00+00:00,3.254499912261963
2026-03-31 03:00:00+00:00,3.268899917602539
2026-03-31 04:00:00+00:00,3.264400005340576
2026-03-31 05:00:00+00:00,3.2607998847961426
2026-03-31 06:00:00+00:00,3.2648000717163086
2026-03-31 07:00:00+00:00,3.2506000995635986
2026-03-31 08:00:00+00:00,3.249500036239624
2026-03-31 09:00:00+00:00,3.286900043487549
2026-03-31 10:00:00+00:00,3.2909998893737793
2026-03-31 11:00:00+00:00,3.248699903488159
2026-03-31 12:00:00+00:00,3.1328999996185303
2026-03-31 13:00:00+00:00,3.125499963760376
2026-03-31 14:00:00+00:00,3.1503000259399414
2026-03-31 15:00:00+00:00,3.1319000720977783
2026-03-31 16:00:00+00:00,3.066699981689453
2026-03-31 17:00:00+00:00,3.073699951171875
2026-03-31 18:00:00+00:00,3.0653998851776123
2026-03-31 19:00:00+00:00,3.0590999126434326
2026-03-31 20:00:00+00:00,3.040800094604492
2026-03-31 22:00:00+00:00,3.057499885559082
2026-03-31 23:00:00+00:00,3.045599937438965
2026-04-01 00:00:00+00:00,3.067199945449829
2026-04-01 01:00:00+00:00,3.098599910736084
2026-04-01 02:00:00+00:00,3.0969998836517334
2026-04-01 03:00:00+00:00,3.0927000045776367
2026-04-01 04:00:00+00:00,3.0862998962402344
2026-04-01 05:00:00+00:00,3.053299903869629
2026-04-01 06:00:00+00:00,2.951200008392334
2026-04-01 07:00:00+00:00,2.982800006866455
2026-04-01 08:00:00+00:00,3.0188000202178955
2026-04-01 09:00:00+00:00,3.041300058364868
2026-04-01 10:00:00+00:00,3.017199993133545
2026-04-01 11:00:00+00:00,2.993299961090088
2026-04-01 12:00:00+00:00,2.9986000061035156
2026-04-01 13:00:00+00:00,2.9507999420166016
2026-04-01 14:00:00+00:00,2.960700035095215
2026-04-01 15:00:00+00:00,2.969899892807007
2026-04-01 16:00:00+00:00,2.959199905395508
2026-04-01 17:00:00+00:00,2.938699960708618
2026-04-01 18:00:00+00:00,2.9535999298095703
2026-04-01 19:00:00+00:00,2.9458999633789062
2026-04-01 20:00:00+00:00,2.9321999549865723
2026-04-01 22:00:00+00:00,2.9391000270843506
2026-04-01 23:00:00+00:00,2.9354000091552734
2026-04-02 00:00:00+00:00,2.9195001125335693
2026-04-02 01:00:00+00:00,3.0660998821258545
2026-04-02 02:00:00+00:00,3.0685999393463135
2026-04-02 03:00:00+00:00,3.0947999954223633
2026-04-02 04:00:00+00:00,3.0966999530792236
2026-04-02 05:00:00+00:00,3.109600067138672
2026-04-02 06:00:00+00:00,3.1119000911712646
2026-04-02 07:00:00+00:00,3.125499963760376
2026-04-02 08:00:00+00:00,3.142400026321411
2026-04-02 09:00:00+00:00,3.1375999450683594
2026-04-02 10:00:00+00:00,3.1398000717163086
2026-04-02 11:00:00+00:00,3.1421000957489014
2026-04-02 12:00:00+00:00,3.126699924468994
2026-04-02 13:00:00+00:00,3.1105000972747803
2026-04-02 14:00:00+00:00,3.0490000247955322
2026-04-02 15:00:00+00:00,3.0599000453948975
2026-04-02 16:00:00+00:00,3.0785000324249268
2026-04-02 17:00:00+00:00,3.107300043106079
2026-04-02 18:00:00+00:00,3.112799882888794
2026-04-02 19:00:00+00:00,3.1171998977661133
2026-04-02 20:00:00+00:00,3.124000072479248
2026-04-05 22:00:00+00:00,3.174099922180176
2026-04-05 23:00:00+00:00,3.1675000190734863
2026-04-06 00:00:00+00:00,3.126800060272217
2026-04-06 01:00:00+00:00,3.131999969482422
2026-04-06 02:00:00+00:00,3.1375999450683594
2026-04-06 03:00:00+00:00,3.1173999309539795
2026-04-06 04:00:00+00:00,3.12280011177063
2026-04-06 05:00:00+00:00,3.115000009536743
2026-04-06 06:00:00+00:00,3.1019999980926514
2026-04-06 07:00:00+00:00,3.077699899673462
2026-04-06 08:00:00+00:00,3.0834999084472656
2026-04-06 09:00:00+00:00,3.1024999618530273
2026-04-06 10:00:00+00:00,3.10509991645813
2026-04-06 11:00:00+00:00,3.11899995803833
2026-04-06 12:00:00+00:00,3.0975000858306885
2026-04-06 13:00:00+00:00,3.1082000732421875
2026-04-06 14:00:00+00:00,3.119999885559082
2026-04-06 15:00:00+00:00,3.139400005340576
2026-04-06 16:00:00+00:00,3.143899917602539
2026-04-06 17:00:00+00:00,3.1705000400543213
2026-04-06 18:00:00+00:00,3.15910005569458
2026-04-06 19:00:00+00:00,3.1507999897003174
2026-04-06 20:00:00+00:00,3.1482999324798584
2026-04-06 22:00:00+00:00,3.1624999046325684
2026-04-06 23:00:00+00:00,3.170799970626831
2026-04-07 00:00:00+00:00,3.1689000129699707
2026-04-07 01:00:00+00:00,3.202699899673462
2026-04-07 02:00:00+00:00,3.1933999061584473
2026-04-07 03:00:00+00:00,3.1956000328063965
2026-04-07 04:00:00+00:00,3.1858999729156494
2026-04-07 05:00:00+00:00,3.1882998943328857
2026-04-07 06:00:00+00:00,3.1847000122070312
2026-04-07 07:00:00+00:00,3.204900026321411
2026-04-07 08:00:00+00:00,3.151099920272827
2026-04-07 09:00:00+00:00,3.147200107574463
2026-04-07 10:00:00+00:00,3.1786000728607178
2026-04-07 11:00:00+00:00,3.1830999851226807
2026-04-07 12:00:00+00:00,3.1868999004364014
2026-04-07 13:00:00+00:00,3.180799961090088
2026-04-07 14:00:00+00:00,3.179500102996826
2026-04-07 15:00:00+00:00,3.164799928665161
2026-04-07 16:00:00+00:00,3.1640000343322754
2026-04-07 17:00:00+00:00,3.1726999282836914
2026-04-07 18:00:00+00:00,3.1868999004364014
2026-04-07 19:00:00+00:00,3.117300033569336
2026-04-07 20:00:00+00:00,3.0920000076293945
2026-04-07 22:00:00+00:00,2.8952999114990234
2026-04-07 23:00:00+00:00,2.875200033187866
2026-04-08 00:00:00+00:00,2.8615000247955322
2026-04-08 01:00:00+00:00,2.8640999794006348
2026-04-08 02:00:00+00:00,2.875200033187866
2026-04-08 03:00:00+00:00,2.8620998859405518
2026-04-08 04:00:00+00:00,2.867500066757202
2026-04-08 05:00:00+00:00,2.8517000675201416
2026-04-08 06:00:00+00:00,2.8529999256134033
2026-04-08 07:00:00+00:00,2.878000020980835
2026-04-08 08:00:00+00:00,2.8724000453948975
2026-04-08 09:00:00+00:00,2.877000093460083
2026-04-08 10:00:00+00:00,2.8757998943328857
2026-04-08 11:00:00+00:00,2.8482000827789307
2026-04-08 12:00:00+00:00,2.8254001140594482
2026-04-08 13:00:00+00:00,2.848099946975708
2026-04-08 14:00:00+00:00,2.891900062561035
2026-04-08 15:00:00+00:00,2.886399984359741
2026-04-08 16:00:00+00:00,2.898400068283081
2026-04-08 17:00:00+00:00,2.9094998836517334
2026-04-08 18:00:00+00:00,2.929500102996826
2026-04-08 19:00:00+00:00,2.927500009536743
2026-04-08 20:00:00+00:00,2.93179988861084
2026-04-08 22:00:00+00:00,2.9305999279022217
2026-04-08 23:00:00+00:00,2.9486000537872314
2026-04-09 00:00:00+00:00,2.9630000591278076
2026-04-09 01:00:00+00:00,2.93530011177063
2026-04-09 02:00:00+00:00,2.9351000785827637
2026-04-09 03:00:00+00:00,2.9286999702453613
2026-04-09 04:00:00+00:00,2.9518001079559326
2026-04-09 05:00:00+00:00,2.9453001022338867
2026-04-09 06:00:00+00:00,2.9502999782562256
2026-04-09 07:00:00+00:00,2.987499952316284
2026-04-09 08:00:00+00:00,2.9888999462127686
2026-04-09 09:00:00+00:00,2.981100082397461
2026-04-09 10:00:00+00:00,2.993499994277954
2026-04-09 11:00:00+00:00,2.972399950027466
2026-04-09 12:00:00+00:00,2.9821999073028564
2026-04-09 13:00:00+00:00,2.9855000972747803
2026-04-09 14:00:00+00:00,3.00819993019104
2026-04-09 15:00:00+00:00,2.9405999183654785
2026-04-09 16:00:00+00:00,2.92330002784729
2026-04-09 17:00:00+00:00,2.910900115966797
2026-04-09 18:00:00+00:00,2.93530011177063
2026-04-09 19:00:00+00:00,2.947000026702881
2026-04-09 20:00:00+00:00,2.944200038909912
2026-04-09 22:00:00+00:00,2.947999954223633
2026-04-09 23:00:00+00:00,2.948499917984009
2026-04-10 00:00:00+00:00,2.9560000896453857
2026-04-10 01:00:00+00:00,2.9414000511169434
2026-04-10 02:00:00+00:00,2.936000108718872
2026-04-10 03:00:00+00:00,2.927000045776367
2026-04-10 04:00:00+00:00,2.9423000812530518
2026-04-10 05:00:00+00:00,2.941999912261963
2026-04-10 06:00:00+00:00,2.950900077819824
2026-04-10 07:00:00+00:00,2.9702999591827393
2026-04-10 08:00:00+00:00,2.978100061416626
2026-04-10 09:00:00+00:00,2.9470999240875244
2026-04-10 10:00:00+00:00,2.9358999729156494
2026-04-10 11:00:00+00:00,2.93149995803833
2026-04-10 12:00:00+00:00,2.943000078201294
2026-04-10 13:00:00+00:00,2.9414000511169434
2026-04-10 14:00:00+00:00,2.937299966812134
2026-04-10 15:00:00+00:00,2.9797000885009766
2026-04-10 16:00:00+00:00,2.9570999145507812
2026-04-10 17:00:00+00:00,2.9579999446868896
2026-04-10 18:00:00+00:00,2.9333999156951904
2026-04-10 19:00:00+00:00,2.9296998977661133
2026-04-10 20:00:00+00:00,2.955199956893921
2026-04-12 22:00:00+00:00,3.091099977493286
2026-04-12 23:00:00+00:00,3.0980000495910645
2026-04-13 00:00:00+00:00,3.085200071334839
2026-04-13 01:00:00+00:00,3.0717999935150146
2026-04-13 02:00:00+00:00,3.0843000411987305
2026-04-13 03:00:00+00:00,3.085200071334839
2026-04-13 04:00:00+00:00,3.085700035095215
2026-04-13 05:00:00+00:00,3.083199977874756
2026-04-13 06:00:00+00:00,3.0655999183654785
2026-04-13 07:00:00+00:00,3.0715999603271484
2026-04-13 08:00:00+00:00,3.0864999294281006
2026-04-13 09:00:00+00:00,3.085099935531616
2026-04-13 10:00:00+00:00,3.0697999000549316
2026-04-13 11:00:00+00:00,3.0750999450683594
2026-04-13 12:00:00+00:00,3.0833001136779785
2026-04-13 13:00:00+00:00,3.0411999225616455
2026-04-13 14:00:00+00:00,3.0594000816345215
2026-04-13 15:00:00+00:00,3.0920000076293945
2026-04-13 16:00:00+00:00,3.0539000034332275
2026-04-13 17:00:00+00:00,3.045099973678589
2026-04-13 18:00:00+00:00,3.0060999393463135
2026-04-13 19:00:00+00:00,3.0223000049591064
2026-04-13 20:00:00+00:00,3.0102999210357666
2026-04-13 22:00:00+00:00,3.0095999240875244
2026-04-13 23:00:00+00:00,2.9923999309539795
2026-04-14 00:00:00+00:00,2.9846999645233154
2026-04-14 01:00:00+00:00,3.018399953842163
2026-04-14 02:00:00+00:00,3.020900011062622
2026-04-14 03:00:00+00:00,3.0139999389648438
2026-04-14 04:00:00+00:00,3.012700080871582
2026-04-14 05:00:00+00:00,3.025700092315674
2026-04-14 06:00:00+00:00,3.035099983215332
2026-04-14 07:00:00+00:00,3.0208001136779785
2026-04-14 08:00:00+00:00,3.022200107574463
2026-04-14 09:00:00+00:00,3.0360000133514404
2026-04-14 10:00:00+00:00,3.0390000343322754
2026-04-14 11:00:00+00:00,3.021699905395508
2026-04-14 12:00:00+00:00,3.0007998943328857
2026-04-14 13:00:00+00:00,2.995500087738037
2026-04-14 14:00:00+00:00,2.967099905014038
2026-04-14 15:00:00+00:00,2.9665000438690186
2026-04-14 16:00:00+00:00,2.96589994430542
2026-04-14 17:00:00+00:00,2.9644999504089355
2026-04-14 18:00:00+00:00,2.9767000675201416
2026-04-14 19:00:00+00:00,2.979099988937378
2026-04-14 20:00:00+00:00,2.97160005569458
2026-04-14 22:00:00+00:00,2.975800037384033
2026-04-14 23:00:00+00:00,2.947499990463257
2026-04-15 00:00:00+00:00,2.9505999088287354
2026-04-15 01:00:00+00:00,2.952699899673462
2026-04-15 02:00:00+00:00,2.970599889755249
2026-04-15 03:00:00+00:00,2.9635000228881836
2026-04-15 04:00:00+00:00,2.976799964904785
2026-04-15 05:00:00+00:00,2.9730000495910645
2026-04-15 06:00:00+00:00,2.964900016784668
2026-04-15 07:00:00+00:00,2.9514999389648438
2026-04-15 08:00:00+00:00,2.97979998588562
2026-04-15 09:00:00+00:00,2.985100030899048
2026-04-15 10:00:00+00:00,2.986299991607666
2026-04-15 11:00:00+00:00,2.9635000228881836
2026-04-15 12:00:00+00:00,2.9655001163482666
2026-04-15 13:00:00+00:00,2.94950008392334
2026-04-15 14:00:00+00:00,3.016900062561035
2026-04-15 15:00:00+00:00,3.0078001022338867
2026-04-15 16:00:00+00:00,3.0114998817443848
2026-04-15 17:00:00+00:00,3.0164999961853027
2026-04-15 18:00:00+00:00,3.0025999546051025
2026-04-15 19:00:00+00:00,2.993299961090088
2026-04-15 20:00:00+00:00,2.9990999698638916
2026-04-15 22:00:00+00:00,2.9921000003814697
2026-04-15 23:00:00+00:00,2.9927000999450684
2026-04-16 00:00:00+00:00,2.9914000034332275
2026-04-16 01:00:00+00:00,2.9960999488830566
2026-04-16 02:00:00+00:00,2.997499942779541
2026-04-16 03:00:00+00:00,2.9971001148223877
2026-04-16 04:00:00+00:00,2.9983999729156494
2026-04-16 05:00:00+00:00,2.9925999641418457
2026-04-16 06:00:00+00:00,2.9934000968933105
2026-04-16 07:00:00+00:00,3.0209999084472656
2026-04-16 08:00:00+00:00,3.022900104522705
2026-04-16 09:00:00+00:00,3.0304999351501465
2026-04-16 10:00:00+00:00,3.0185000896453857
2026-04-16 11:00:00+00:00,3.015700101852417
2026-04-16 12:00:00+00:00,3.0334999561309814
2026-04-16 13:00:00+00:00,3.0546000003814697
2026-04-16 14:00:00+00:00,3.056299924850464
2026-04-16 15:00:00+00:00,3.0606000423431396
2026-04-16 16:00:00+00:00,3.0833001136779785
2026-04-16 17:00:00+00:00,3.083400011062622
2026-04-16 18:00:00+00:00,3.08240008354187
2026-04-16 19:00:00+00:00,3.078700065612793
2026-04-16 20:00:00+00:00,3.078900098800659
2026-04-16 22:00:00+00:00,3.082200050354004
2026-04-16 23:00:00+00:00,3.0810000896453857
2026-04-17 00:00:00+00:00,3.086699962615967
2026-04-17 01:00:00+00:00,3.0876998901367188
2026-04-17 02:00:00+00:00,3.0833001136779785
2026-04-17 03:00:00+00:00,3.078200101852417
2026-04-17 04:00:00+00:00,3.0741000175476074
2026-04-17 05:00:00+00:00,3.06820011138916
2026-04-17 06:00:00+00:00,3.0787999629974365
2026-04-17 07:00:00+00:00,3.08240008354187
2026-04-17 08:00:00+00:00,3.0618999004364014
2026-04-17 09:00:00+00:00,3.030100107192993
2026-04-17 10:00:00+00:00,3.029599905014038
2026-04-17 11:00:00+00:00,3.0281999111175537
2026-04-17 12:00:00+00:00,2.8924999237060547
2026-04-17 13:00:00+00:00,2.8613998889923096
2026-04-17 14:00:00+00:00,2.8457000255584717
2026-04-17 15:00:00+00:00,2.8903000354766846
2026-04-17 16:00:00+00:00,2.901700019836426
2026-04-17 17:00:00+00:00,2.915600061416626
2026-04-17 18:00:00+00:00,2.9412999153137207
2026-04-17 19:00:00+00:00,2.936800003051758
2026-04-17 20:00:00+00:00,2.929500102996826
2026-04-20 09:00:00+00:00,3.024199962615967
2026-04-20 10:00:00+00:00,3.0248000621795654
2026-04-20 11:00:00+00:00,3.0114998817443848
2026-04-20 12:00:00+00:00,3.0248000621795654
2026-04-20 13:00:00+00:00,3.001199960708618
2026-04-20 14:00:00+00:00,3.03629994392395
2026-04-20 15:00:00+00:00,3.039799928665161
2026-04-20 16:00:00+00:00,3.0413999557495117
2026-04-20 17:00:00+00:00,3.047100067138672
2026-04-20 18:00:00+00:00,3.0425000190734863
2026-04-20 19:00:00+00:00,3.029900074005127
2026-04-20 20:00:00+00:00,3.0118000507354736
2026-04-20 22:00:00+00:00,3.0190999507904053
2026-04-20 23:00:00+00:00,3.0095999240875244
2026-04-21 00:00:00+00:00,3.0157999992370605
2026-04-21 01:00:00+00:00,3.0281999111175537
2026-04-21 02:00:00+00:00,3.0302000045776367
2026-04-21 03:00:00+00:00,3.0239999294281006
2026-04-21 04:00:00+00:00,3.019700050354004
2026-04-21 05:00:00+00:00,3.0197999477386475
2026-04-21 06:00:00+00:00,3.0336999893188477
2026-04-21 07:00:00+00:00,3.0253000259399414
2026-04-21 08:00:00+00:00,3.0397000312805176
2026-04-21 09:00:00+00:00,3.0401999950408936
2026-04-21 10:00:00+00:00,3.031399965286255
2026-04-21 11:00:00+00:00,3.05430006980896
2026-04-21 12:00:00+00:00,3.0576999187469482
2026-04-21 13:00:00+00:00,3.0445001125335693
2026-04-21 14:00:00+00:00,3.079200029373169
2026-04-21 15:00:00+00:00,3.1038999557495117
2026-04-21 16:00:00+00:00,3.123800039291382
2026-04-21 17:00:00+00:00,3.106100082397461
2026-04-21 18:00:00+00:00,3.113800048828125
2026-04-21 19:00:00+00:00,3.155600070953369
2026-04-21 20:00:00+00:00,3.1310999393463135
2026-04-21 22:00:00+00:00,3.126499891281128
2026-04-21 23:00:00+00:00,3.131700038909912
2026-04-22 00:00:00+00:00,3.113800048828125
2026-04-22 01:00:00+00:00,3.1077001094818115
2026-04-22 02:00:00+00:00,3.1120998859405518
2026-04-22 03:00:00+00:00,3.104099988937378
2026-04-22 04:00:00+00:00,3.1152000427246094
2026-04-22 05:00:00+00:00,3.10260009765625
2026-04-22 06:00:00+00:00,3.101300001144409
2026-04-22 07:00:00+00:00,3.1191000938415527
2026-04-22 08:00:00+00:00,3.1410999298095703
2026-04-22 09:00:00+00:00,3.1470999717712402
2026-04-22 10:00:00+00:00,3.128999948501587
2026-04-22 11:00:00+00:00,3.1394999027252197
2026-04-22 12:00:00+00:00,3.163300037384033
2026-04-22 13:00:00+00:00,3.1882998943328857
2026-04-22 14:00:00+00:00,3.210099935531616
2026-04-22 15:00:00+00:00,3.2351999282836914
2026-04-22 16:00:00+00:00,3.2421000003814697
2026-04-22 17:00:00+00:00,3.237600088119507
2026-04-22 18:00:00+00:00,3.2444000244140625
2026-04-22 19:00:00+00:00,3.239300012588501
2026-04-22 20:00:00+00:00,3.248800039291382
2026-04-22 22:00:00+00:00,3.2441999912261963
2026-04-22 23:00:00+00:00,3.248300075531006
2026-04-23 00:00:00+00:00,3.2455999851226807
2026-04-23 01:00:00+00:00,3.2525999546051025
2026-04-23 02:00:00+00:00,3.282599925994873
2026-04-23 03:00:00+00:00,3.275399923324585
2026-04-23 04:00:00+00:00,3.263000011444092
2026-04-23 05:00:00+00:00,3.2595999240875244
2026-04-23 06:00:00+00:00,3.2660000324249268
2026-04-23 07:00:00+00:00,3.2427000999450684
2026-04-23 08:00:00+00:00,3.2748000621795654
2026-04-23 09:00:00+00:00,3.275399923324585
2026-04-23 10:00:00+00:00,3.246799945831299
2026-04-23 11:00:00+00:00,3.231300115585327
2026-04-23 12:00:00+00:00,3.249000072479248
2026-04-23 13:00:00+00:00,3.261399984359741
2026-04-23 14:00:00+00:00,3.2490999698638916
2026-04-23 15:00:00+00:00,3.2665998935699463
2026-04-23 16:00:00+00:00,3.2623000144958496
2026-04-23 17:00:00+00:00,3.3006999492645264
2026-04-23 18:00:00+00:00,3.3543999195098877
2026-04-23 19:00:00+00:00,3.3538999557495117
2026-04-23 20:00:00+00:00,3.351900100708008
2026-04-23 22:00:00+00:00,3.3603999614715576
2026-04-23 23:00:00+00:00,3.3561999797821045
2026-04-24 00:00:00+00:00,3.357599973678589
2026-04-24 01:00:00+00:00,3.351599931716919
2026-04-24 02:00:00+00:00,3.3429999351501465
2026-04-24 03:00:00+00:00,3.3469998836517334
2026-04-24 04:00:00+00:00,3.3338000774383545
2026-04-24 05:00:00+00:00,3.3297998905181885
2026-04-24 06:00:00+00:00,3.328200101852417
2026-04-24 07:00:00+00:00,3.3292999267578125
2026-04-24 08:00:00+00:00,3.3413000106811523
2026-04-24 09:00:00+00:00,3.3529999256134033
2026-04-24 10:00:00+00:00,3.3352999687194824
2026-04-24 11:00:00+00:00,3.2855000495910645
2026-04-24 12:00:00+00:00,3.3148999214172363
2026-04-24 13:00:00+00:00,3.3166000843048096
2026-04-24 14:00:00+00:00,3.3101999759674072
2026-04-24 15:00:00+00:00,3.2857000827789307
2026-04-24 16:00:00+00:00,3.3064000606536865
2026-04-24 17:00:00+00:00,3.3134000301361084
2026-04-24 18:00:00+00:00,3.3276000022888184
2026-04-24 19:00:00+00:00,3.3427000045776367
2026-04-24 20:00:00+00:00,3.347100019454956
2026-04-26 22:00:00+00:00,3.3671998977661133
2026-04-26 23:00:00+00:00,3.373500108718872
2026-04-27 00:00:00+00:00,3.36899995803833
2026-04-27 01:00:00+00:00,3.37280011177063
2026-04-27 02:00:00+00:00,3.361999988555908
2026-04-27 03:00:00+00:00,3.3624000549316406
2026-04-27 04:00:00+00:00,3.3719000816345215
2026-04-27 05:00:00+00:00,3.3798999786376953
2026-04-27 06:00:00+00:00,3.3773000240325928
2026-04-27 07:00:00+00:00,3.3940000534057617
2026-04-27 08:00:00+00:00,3.3880999088287354
2026-04-27 09:00:00+00:00,3.392199993133545
2026-04-27 10:00:00+00:00,3.36680006980896
2026-04-27 11:00:00+00:00,3.350100040435791
2026-04-27 12:00:00+00:00,3.3427999019622803
2026-04-27 13:00:00+00:00,3.348900079727173
2026-04-27 14:00:00+00:00,3.375699996948242
2026-04-27 15:00:00+00:00,3.3610000610351562
2026-04-27 16:00:00+00:00,3.3726999759674072
2026-04-27 17:00:00+00:00,3.370500087738037
2026-04-27 18:00:00+00:00,3.363300085067749
2026-04-27 19:00:00+00:00,3.365999937057495
2026-04-27 20:00:00+00:00,3.3717000484466553
2026-04-27 22:00:00+00:00,3.3726000785827637
2026-04-27 23:00:00+00:00,3.3729000091552734
2026-04-28 00:00:00+00:00,3.3801000118255615
2026-04-28 01:00:00+00:00,3.389400005340576
2026-04-28 02:00:00+00:00,3.3842999935150146
2026-04-28 03:00:00+00:00,3.387200117111206
2026-04-28 04:00:00+00:00,3.3863000869750977
2026-04-28 05:00:00+00:00,3.4007999897003174
2026-04-28 06:00:00+00:00,3.3977999687194824
2026-04-28 07:00:00+00:00,3.4202001094818115
2026-04-28 08:00:00+00:00,3.4119999408721924
2026-04-28 09:00:00+00:00,3.4128000736236572
2026-04-28 10:00:00+00:00,3.404599905014038
2026-04-28 11:00:00+00:00,3.4349000453948975
2026-04-28 12:00:00+00:00,3.400399923324585
2026-04-28 13:00:00+00:00,3.403899908065796
2026-04-28 14:00:00+00:00,3.388000011444092
2026-04-28 15:00:00+00:00,3.3989999294281006
2026-04-28 16:00:00+00:00,3.380500078201294
2026-04-28 17:00:00+00:00,3.414599895477295
2026-04-28 18:00:00+00:00,3.4245998859405518
2026-04-28 19:00:00+00:00,3.4333999156951904
2026-04-28 20:00:00+00:00,3.442199945449829
2026-04-28 22:00:00+00:00,3.437700033187866
2026-04-28 23:00:00+00:00,3.4321000576019287
2026-04-29 00:00:00+00:00,3.429500102996826
2026-04-29 01:00:00+00:00,3.4472999572753906
2026-04-29 02:00:00+00:00,3.42549991607666
2026-04-29 03:00:00+00:00,3.4247000217437744
2026-04-29 04:00:00+00:00,3.434000015258789
2026-04-29 05:00:00+00:00,3.4400999546051025
2026-04-29 06:00:00+00:00,3.4514000415802
2026-04-29 07:00:00+00:00,3.4751999378204346
2026-04-29 08:00:00+00:00,3.5160000324249268
2026-04-29 09:00:00+00:00,3.5146000385284424
2026-04-29 10:00:00+00:00,3.514400005340576
2026-04-29 11:00:00+00:00,3.522900104522705
2026-04-29 12:00:00+00:00,3.528700113296509
2026-04-29 13:00:00+00:00,3.5555999279022217
2026-04-29 14:00:00+00:00,3.582200050354004
2026-04-29 15:00:00+00:00,3.6012001037597656
2026-04-29 16:00:00+00:00,3.602799892425537
2026-04-29 17:00:00+00:00,3.580199956893921
2026-04-29 18:00:00+00:00,3.5917000770568848
2026-04-29 19:00:00+00:00,3.6147000789642334
2026-04-29 20:00:00+00:00,3.612600088119507
2026-04-29 22:00:00+00:00,3.6024999618530273
2026-04-29 23:00:00+00:00,3.5999999046325684
2026-04-30 00:00:00+00:00,3.5887999534606934
2026-04-30 01:00:00+00:00,3.5729000568389893
2026-04-30 02:00:00+00:00,3.602799892425537
2026-04-30 03:00:00+00:00,3.6338000297546387
2026-04-30 04:00:00+00:00,3.642899990081787
2026-04-30 05:00:00+00:00,3.6412999629974365
2026-04-30 06:00:00+00:00,3.6105000972747803
2026-04-30 07:00:00+00:00,3.5931999683380127
2026-04-30 08:00:00+00:00,3.601599931716919
2026-04-30 09:00:00+00:00,3.580899953842163
2026-04-30 10:00:00+00:00,3.5683999061584473
2026-04-30 11:00:00+00:00,3.5508999824523926
2026-04-30 12:00:00+00:00,3.559799909591675
2026-04-30 13:00:00+00:00,3.5631000995635986
2026-04-30 14:00:00+00:00,3.591200113296509
2026-04-30 15:00:00+00:00,3.584700107574463
2026-04-30 16:00:00+00:00,3.5994999408721924
2026-04-30 17:00:00+00:00,3.589200019836426
2026-04-30 18:00:00+00:00,3.624799966812134
2026-04-30 19:00:00+00:00,3.626199960708618
2026-04-30 20:00:00+00:00,3.627700090408325
2026-04-30 22:00:00+00:00,3.6391000747680664
2026-04-30 23:00:00+00:00,3.6412999629974365
2026-05-01 00:00:00+00:00,3.6510000228881836
2026-05-01 01:00:00+00:00,3.6465001106262207
2026-05-01 02:00:00+00:00,3.6438000202178955
2026-05-01 03:00:00+00:00,3.6438000202178955
2026-05-01 04:00:00+00:00,3.6333999633789062
2026-05-01 05:00:00+00:00,3.634500026702881
2026-05-01 06:00:00+00:00,3.6547999382019043
2026-05-01 07:00:00+00:00,3.6535000801086426
2026-05-01 08:00:00+00:00,3.6566998958587646
2026-05-01 09:00:00+00:00,3.6577999591827393
2026-05-01 10:00:00+00:00,3.6507999897003174
2026-05-01 11:00:00+00:00,3.635699987411499
2026-05-01 12:00:00+00:00,3.641700029373169
2026-05-01 13:00:00+00:00,3.574700117111206
2026-05-01 14:00:00+00:00,3.5683999061584473
2026-05-01 15:00:00+00:00,3.560499906539917
2026-05-01 16:00:00+00:00,3.58489990234375
2026-05-01 17:00:00+00:00,3.579200029373169
2026-05-01 18:00:00+00:00,3.601099967956543
2026-05-01 19:00:00+00:00,3.5994999408721924
2026-05-01 20:00:00+00:00,3.610300064086914
2026-05-03 22:00:00+00:00,3.5950000286102295
2026-05-03 23:00:00+00:00,3.6070001125335693
2026-05-04 00:00:00+00:00,3.5906999111175537
2026-05-04 01:00:00+00:00,3.5954999923706055
2026-05-04 02:00:00+00:00,3.5985000133514404
2026-05-04 03:00:00+00:00,3.598400115966797
2026-05-04 04:00:00+00:00,3.5910000801086426
2026-05-04 05:00:00+00:00,3.5673000812530518
2026-05-04 06:00:00+00:00,3.594399929046631
2026-05-04 07:00:00+00:00,3.6113998889923096
2026-05-04 08:00:00+00:00,3.5968000888824463
2026-05-04 09:00:00+00:00,3.5998001098632812
2026-05-04 10:00:00+00:00,3.6586999893188477
2026-05-04 11:00:00+00:00,3.633699893951416
2026-05-04 12:00:00+00:00,3.6247000694274902
2026-05-04 13:00:00+00:00,3.636699914932251
2026-05-04 14:00:00+00:00,3.6796998977661133
2026-05-04 15:00:00+00:00,3.7363998889923096
2026-05-04 16:00:00+00:00,3.756500005722046
2026-05-04 17:00:00+00:00,3.7302000522613525
2026-05-04 18:00:00+00:00,3.7320001125335693
2026-05-04 19:00:00+00:00,3.7297000885009766
2026-05-04 20:00:00+00:00,3.724600076675415
2026-05-04 22:00:00+00:00,3.714099884033203
2026-05-04 23:00:00+00:00,3.71370005607605
2026-05-05 00:00:00+00:00,3.7207000255584717
2026-05-05 01:00:00+00:00,3.711899995803833
2026-05-05 02:00:00+00:00,3.7014999389648438
2026-05-05 03:00:00+00:00,3.704699993133545
2026-05-05 04:00:00+00:00,3.7042999267578125
2026-05-05 05:00:00+00:00,3.70169997215271
2026-05-05 06:00:00+00:00,3.7040998935699463
2026-05-05 07:00:00+00:00,3.553100109100342
2026-05-05 08:00:00+00:00,3.5097999572753906
2026-05-05 09:00:00+00:00,3.5165998935699463
2026-05-05 10:00:00+00:00,3.526400089263916
2026-05-05 11:00:00+00:00,3.5216000080108643
2026-05-05 12:00:00+00:00,3.515399932861328
2026-05-05 13:00:00+00:00,3.464900016784668
2026-05-05 14:00:00+00:00,3.478100061416626
2026-05-05 15:00:00+00:00,3.469399929046631
2026-05-05 16:00:00+00:00,3.4746999740600586
2026-05-05 17:00:00+00:00,3.4647998809814453
2026-05-05 18:00:00+00:00,3.461400032043457
2026-05-05 19:00:00+00:00,3.4739999771118164
2026-05-05 20:00:00+00:00,3.4944000244140625
2026-05-05 22:00:00+00:00,3.4456000328063965
2026-05-05 23:00:00+00:00,3.4333999156951904
2026-05-06 00:00:00+00:00,3.4530999660491943
2026-05-06 01:00:00+00:00,3.4363999366760254
2026-05-06 02:00:00+00:00,3.438800096511841
2026-05-06 03:00:00+00:00,3.442500114440918
2026-05-06 04:00:00+00:00,3.4381000995635986
2026-05-06 05:00:00+00:00,3.4363999366760254
2026-05-06 06:00:00+00:00,3.4474000930786133
2026-05-06 07:00:00+00:00,3.527100086212158
2026-05-06 08:00:00+00:00,3.472599983215332
2026-05-06 09:00:00+00:00,3.4144999980926514
2026-05-06 10:00:00+00:00,3.3232998847961426
2026-05-06 11:00:00+00:00,3.3949999809265137
2026-05-06 12:00:00+00:00,3.460700035095215
2026-05-06 13:00:00+00:00,3.4495999813079834
2026-05-06 14:00:00+00:00,3.4347000122070312
2026-05-06 15:00:00+00:00,3.3285000324249268
2026-05-06 16:00:00+00:00,3.339600086212158
2026-05-06 17:00:00+00:00,3.3231000900268555
2026-05-06 18:00:00+00:00,3.3124001026153564
2026-05-06 19:00:00+00:00,3.3194000720977783
2026-05-06 20:00:00+00:00,3.3236000537872314
2026-05-06 22:00:00+00:00,3.3227999210357666
2026-05-06 23:00:00+00:00,3.3210999965667725
2026-05-07 00:00:00+00:00,3.332900047302246
2026-05-07 01:00:00+00:00,3.31850004196167
2026-05-07 02:00:00+00:00,3.323899984359741
2026-05-07 03:00:00+00:00,3.3303000926971436
2026-05-07 04:00:00+00:00,3.3208999633789062
2026-05-07 05:00:00+00:00,3.3262999057769775
2026-05-07 06:00:00+00:00,3.306299924850464
2026-05-07 07:00:00+00:00,3.4214999675750732
2026-05-07 08:00:00+00:00,3.412100076675415
2026-05-07 09:00:00+00:00,3.41759991645813
2026-05-07 10:00:00+00:00,3.4165000915527344
2026-05-07 11:00:00+00:00,3.3833999633789062
2026-05-07 12:00:00+00:00,3.214200019836426
2026-05-07 13:00:00+00:00,3.216099977493286
2026-05-07 14:00:00+00:00,3.2197999954223633
2026-05-07 15:00:00+00:00,3.273900032043457
2026-05-07 16:00:00+00:00,3.295099973678589
2026-05-07 17:00:00+00:00,3.310499906539917
2026-05-07 18:00:00+00:00,3.330699920654297
2026-05-07 19:00:00+00:00,3.3454999923706055
2026-05-07 20:00:00+00:00,3.365600109100342
2026-05-07 22:00:00+00:00,3.362600088119507
2026-05-07 23:00:00+00:00,3.353300094604492
2026-05-08 00:00:00+00:00,3.34660005569458
2026-05-08 01:00:00+00:00,3.348299980163574
2026-05-08 02:00:00+00:00,3.3364999294281006
2026-05-08 03:00:00+00:00,3.3350000381469727
2026-05-08 04:00:00+00:00,3.332200050354004
2026-05-08 05:00:00+00:00,3.3264999389648438
2026-05-08 06:00:00+00:00,3.3192999362945557
2026-05-08 07:00:00+00:00,3.463599920272827
2026-05-08 08:00:00+00:00,3.4367001056671143
2026-05-08 09:00:00+00:00,3.4532999992370605
2026-05-08 10:00:00+00:00,3.44950008392334
2026-05-08 11:00:00+00:00,3.4586000442504883
2026-05-08 12:00:00+00:00,3.455899953842163
2026-05-08 13:00:00+00:00,3.4358999729156494
2026-05-08 14:00:00+00:00,3.470400094985962
2026-05-08 15:00:00+00:00,3.335599899291992
2026-05-08 16:00:00+00:00,3.338399887084961
2026-05-08 17:00:00+00:00,3.339200019836426
2026-05-08 18:00:00+00:00,3.36929988861084
2026-05-08 19:00:00+00:00,3.3510000705718994
2026-05-08 20:00:00+00:00,3.359499931335449
2026-05-10 22:00:00+00:00,3.432800054550171
2026-05-10 23:00:00+00:00,3.4405999183654785
2026-05-11 00:00:00+00:00,3.436199903488159
2026-05-11 01:00:00+00:00,3.422300100326538
2026-05-11 02:00:00+00:00,3.4465999603271484
2026-05-11 03:00:00+00:00,3.4535000324249268
2026-05-11 04:00:00+00:00,3.4595000743865967
2026-05-11 05:00:00+00:00,3.4493000507354736
2026-05-11 06:00:00+00:00,3.4256999492645264
2026-05-11 07:00:00+00:00,3.4300999641418457
2026-05-11 08:00:00+00:00,3.428999900817871
2026-05-11 09:00:00+00:00,3.434499979019165
2026-05-11 10:00:00+00:00,3.4367001056671143
2026-05-11 11:00:00+00:00,3.452199935913086
2026-05-11 12:00:00+00:00,3.434000015258789
2026-05-11 13:00:00+00:00,3.408799886703491
2026-05-11 14:00:00+00:00,3.4421000480651855
2026-05-11 15:00:00+00:00,3.4475998878479004
2026-05-11 16:00:00+00:00,3.4725000858306885
2026-05-11 17:00:00+00:00,3.4409000873565674
2026-05-11 18:00:00+00:00,3.43969988822937
2026-05-11 19:00:00+00:00,3.441200017929077
2026-05-11 20:00:00+00:00,3.4403998851776123
2026-05-11 22:00:00+00:00,3.447700023651123
2026-05-11 23:00:00+00:00,3.444000005722046
2026-05-12 00:00:00+00:00,3.4565000534057617
2026-05-12 01:00:00+00:00,3.4591000080108643
2026-05-12 02:00:00+00:00,3.460599899291992
2026-05-12 03:00:00+00:00,3.4591000080108643
2026-05-12 04:00:00+00:00,3.450200080871582
2026-05-12 05:00:00+00:00,3.4590001106262207
2026-05-12 06:00:00+00:00,3.4899001121520996
2026-05-12 07:00:00+00:00,3.489799976348877
2026-05-12 08:00:00+00:00,3.496999979019165
2026-05-12 09:00:00+00:00,3.5139000415802
2026-05-12 10:00:00+00:00,3.524399995803833
2026-05-12 11:00:00+00:00,3.5197999477386475
2026-05-12 12:00:00+00:00,3.516700029373169
2026-05-12 13:00:00+00:00,3.5413999557495117
2026-05-12 14:00:00+00:00,3.53629994392395
2026-05-12 15:00:00+00:00,3.5320000648498535
2026-05-12 16:00:00+00:00,3.518899917602539
2026-05-12 17:00:00+00:00,3.5329999923706055
2026-05-12 18:00:00+00:00,3.5453999042510986
2026-05-12 19:00:00+00:00,3.544100046157837
2026-05-12 20:00:00+00:00,3.5185000896453857
2026-05-12 22:00:00+00:00,3.5220999717712402
2026-05-12 23:00:00+00:00,3.520400047302246
2026-05-13 00:00:00+00:00,3.5067999362945557
2026-05-13 01:00:00+00:00,3.5046000480651855
2026-05-13 02:00:00+00:00,3.4934000968933105
2026-05-13 03:00:00+00:00,3.499500036239624
2026-05-13 04:00:00+00:00,3.4946000576019287
2026-05-13 05:00:00+00:00,3.49429988861084
2026-05-13 06:00:00+00:00,3.501800060272217
2026-05-13 07:00:00+00:00,3.51200008392334
2026-05-13 08:00:00+00:00,3.523699998855591
2026-05-13 09:00:00+00:00,3.523099899291992
2026-05-13 10:00:00+00:00,3.5394999980926514
2026-05-13 11:00:00+00:00,3.5246999263763428
2026-05-13 12:00:00+00:00,3.5172998905181885
2026-05-13 13:00:00+00:00,3.5129001140594482
2026-05-13 14:00:00+00:00,3.522900104522705
2026-05-13 15:00:00+00:00,3.5025999546051025
2026-05-13 16:00:00+00:00,3.4907000064849854
2026-05-13 17:00:00+00:00,3.4795000553131104
2026-05-13 18:00:00+00:00,3.4679999351501465
2026-05-13 19:00:00+00:00,3.4714999198913574
2026-05-13 20:00:00+00:00,3.4590001106262207
2026-05-13 22:00:00+00:00,3.4556000232696533
2026-05-13 23:00:00+00:00,3.456199884414673
2026-05-14 00:00:00+00:00,3.4586000442504883
2026-05-14 01:00:00+00:00,3.4584999084472656
2026-05-14 02:00:00+00:00,3.468899965286255
2026-05-14 03:00:00+00:00,3.4702000617980957
2026-05-14 04:00:00+00:00,3.4670000076293945
2026-05-14 05:00:00+00:00,3.4681999683380127
2026-05-14 06:00:00+00:00,3.4547998905181885
2026-05-14 07:00:00+00:00,3.4902000427246094
2026-05-14 08:00:00+00:00,3.4619998931884766
2026-05-14 09:00:00+00:00,3.4544999599456787
2026-05-14 10:00:00+00:00,3.440500020980835
2026-05-14 11:00:00+00:00,3.414400100708008
2026-05-14 12:00:00+00:00,3.4047999382019043
2026-05-14 13:00:00+00:00,3.42930006980896
2026-05-14 14:00:00+00:00,3.4158999919891357
2026-05-14 15:00:00+00:00,3.4251999855041504
2026-05-14 16:00:00+00:00,3.444499969482422
2026-05-14 17:00:00+00:00,3.4656999111175537
2026-05-14 18:00:00+00:00,3.467099905014038
2026-05-14 19:00:00+00:00,3.474400043487549
2026-05-14 20:00:00+00:00,3.4797000885009766
2026-05-14 22:00:00+00:00,3.479300022125244
2026-05-14 23:00:00+00:00,3.4816999435424805
2026-05-15 00:00:00+00:00,3.4816999435424805
2026-05-15 01:00:00+00:00,3.493000030517578
2026-05-15 02:00:00+00:00,3.4986000061035156
2026-05-15 03:00:00+00:00,3.488100051879883
2026-05-15 04:00:00+00:00,3.489300012588501
2026-05-15 05:00:00+00:00,3.506700038909912
2026-05-15 06:00:00+00:00,3.4888999462127686
2026-05-15 07:00:00+00:00,3.4932000637054443
2026-05-15 08:00:00+00:00,3.5185999870300293
2026-05-15 09:00:00+00:00,3.52239990234375
2026-05-15 10:00:00+00:00,3.4825000762939453
2026-05-15 11:00:00+00:00,3.5083999633789062
2026-05-15 12:00:00+00:00,3.5104000568389893
2026-05-15 13:00:00+00:00,3.521399974822998
2026-05-15 14:00:00+00:00,3.5364999771118164
2026-05-15 15:00:00+00:00,3.544300079345703
2026-05-15 16:00:00+00:00,3.5511999130249023
2026-05-15 17:00:00+00:00,3.555000066757202
2026-05-15 18:00:00+00:00,3.5576999187469482
2026-05-15 19:00:00+00:00,3.561199903488159
2026-05-15 20:00:00+00:00,3.5564000606536865
2026-05-17 22:00:00+00:00,3.570199966430664
2026-05-17 23:00:00+00:00,3.575200080871582
2026-05-18 00:00:00+00:00,3.5810000896453857
2026-05-18 01:00:00+00:00,3.580699920654297
2026-05-18 02:00:00+00:00,3.5801000595092773
2026-05-18 03:00:00+00:00,3.5806000232696533
2026-05-18 04:00:00+00:00,3.5778000354766846
2026-05-18 05:00:00+00:00,3.569499969482422
2026-05-18 06:00:00+00:00,3.575900077819824
2026-05-18 07:00:00+00:00,3.566800117492676
2026-05-18 08:00:00+00:00,3.5680999755859375
2026-05-18 09:00:00+00:00,3.577399969100952
2026-05-18 10:00:00+00:00,3.59089994430542
2026-05-18 11:00:00+00:00,3.5557000637054443
2026-05-18 12:00:00+00:00,3.5332000255584717
2026-05-18 13:00:00+00:00,3.54010009765625
2026-05-18 14:00:00+00:00,3.5778000354766846
2026-05-18 15:00:00+00:00,3.6110999584198
2026-05-18 16:00:00+00:00,3.6105000972747803
2026-05-18 17:00:00+00:00,3.612600088119507
2026-05-18 18:00:00+00:00,3.620500087738037
2026-05-18 19:00:00+00:00,3.5564000606536865
2026-05-18 20:00:00+00:00,3.5510001182556152
2026-05-18 22:00:00+00:00,3.5550999641418457
2026-05-18 23:00:00+00:00,3.5580999851226807
2026-05-19 00:00:00+00:00,3.5596001148223877
2026-05-19 01:00:00+00:00,3.558799982070923
2026-05-19 02:00:00+00:00,3.5729000568389893
2026-05-19 03:00:00+00:00,3.5683000087738037
2026-05-19 04:00:00+00:00,3.5629000663757324
2026-05-19 05:00:00+00:00,3.571700096130371
2026-05-19 06:00:00+00:00,3.5833001136779785
2026-05-19 07:00:00+00:00,3.5687999725341797
2026-05-19 08:00:00+00:00,3.5622000694274902
2026-05-19 09:00:00+00:00,3.555799961090088
2026-05-19 10:00:00+00:00,3.5727999210357666
2026-05-19 11:00:00+00:00,3.583699941635132
2026-05-19 12:00:00+00:00,3.5604000091552734
2026-05-19 13:00:00+00:00,3.551500082015991
2026-05-19 14:00:00+00:00,3.5413999557495117
2026-05-19 15:00:00+00:00,3.553499937057495
2026-05-19 16:00:00+00:00,3.560499906539917
2026-05-19 17:00:00+00:00,3.548799991607666
2026-05-19 18:00:00+00:00,3.579699993133545
2026-05-19 19:00:00+00:00,3.5655999183654785
2026-05-19 20:00:00+00:00,3.5541000366210938
2026-05-19 22:00:00+00:00,3.5589001178741455
2026-05-19 23:00:00+00:00,3.5506999492645264
2026-05-20 00:00:00+00:00,3.5508999824523926
2026-05-20 01:00:00+00:00,3.5409998893737793
2026-05-20 02:00:00+00:00,3.5606000423431396
2026-05-20 03:00:00+00:00,3.5422000885009766
2026-05-20 04:00:00+00:00,3.553800106048584
2026-05-20 05:00:00+00:00,3.555299997329712
2026-05-20 06:00:00+00:00,3.5271999835968018
2026-05-20 07:00:00+00:00,3.5283000469207764
2026-05-20 08:00:00+00:00,3.5067999362945557
2026-05-20 09:00:00+00:00,3.5199999809265137
2026-05-20 10:00:00+00:00,3.4981000423431396
2026-05-20 11:00:00+00:00,3.517199993133545
2026-05-20 12:00:00+00:00,3.5028998851776123
2026-05-20 13:00:00+00:00,3.520900011062622
2026-05-20 14:00:00+00:00,3.4607999324798584
2026-05-20 15:00:00+00:00,3.4265999794006348
2026-05-20 16:00:00+00:00,3.3838000297546387
2026-05-20 17:00:00+00:00,3.394399881362915
2026-05-20 18:00:00+00:00,3.3784000873565674
2026-05-20 19:00:00+00:00,3.3828001022338867
2026-05-20 20:00:00+00:00,3.3915998935699463
2026-05-20 22:00:00+00:00,3.3901000022888184
2026-05-20 23:00:00+00:00,3.3903000354766846
2026-05-21 00:00:00+00:00,3.3965001106262207
2026-05-21 01:00:00+00:00,3.3808999061584473
2026-05-21 02:00:00+00:00,3.3935000896453857
2026-05-21 03:00:00+00:00,3.3905999660491943
2026-05-21 04:00:00+00:00,3.3833999633789062
2026-05-21 05:00:00+00:00,3.3935000896453857
2026-05-21 06:00:00+00:00,3.4030001163482666
2026-05-21 07:00:00+00:00,3.388400077819824
2026-05-21 08:00:00+00:00,3.357300043106079
2026-05-21 09:00:00+00:00,3.3273000717163086
2026-05-21 10:00:00+00:00,3.411099910736084
2026-05-21 11:00:00+00:00,3.3952999114990234
2026-05-21 12:00:00+00:00,3.4198999404907227
2026-05-21 13:00:00+00:00,3.4047000408172607
2026-05-21 14:00:00+00:00,3.41510009765625
2026-05-21 15:00:00+00:00,3.3924999237060547
2026-05-21 16:00:00+00:00,3.371299982070923
2026-05-21 17:00:00+00:00,3.272900104522705
2026-05-21 18:00:00+00:00,3.331399917602539
2026-05-21 19:00:00+00:00,3.3315000534057617
2026-05-21 20:00:00+00:00,3.347599983215332
2026-05-21 22:00:00+00:00,3.344099998474121
2026-05-21 23:00:00+00:00,3.3447999954223633
2026-05-22 00:00:00+00:00,3.3371999263763428
2026-05-22 01:00:00+00:00,3.3215999603271484
2026-05-22 02:00:00+00:00,3.3243000507354736
2026-05-22 03:00:00+00:00,3.3229000568389893
2026-05-22 04:00:00+00:00,3.3243000507354736
2026-05-22 05:00:00+00:00,3.3434998989105225
2026-05-22 06:00:00+00:00,3.337599992752075
2026-05-22 07:00:00+00:00,3.321199893951416
2026-05-22 08:00:00+00:00,3.35509991645813
2026-05-22 09:00:00+00:00,3.358099937438965
2026-05-22 10:00:00+00:00,3.359100103378296
2026-05-22 11:00:00+00:00,3.341599941253662
2026-05-22 12:00:00+00:00,3.315000057220459
2026-05-22 13:00:00+00:00,3.359999895095825
2026-05-22 14:00:00+00:00,3.351599931716919
2026-05-22 15:00:00+00:00,3.342600107192993
2026-05-22 16:00:00+00:00,3.34660005569458
2026-05-22 17:00:00+00:00,3.322999954223633
2026-05-22 18:00:00+00:00,3.3382999897003174
2026-05-22 19:00:00+00:00,3.3408000469207764
2026-05-22 20:00:00+00:00,3.3513998985290527
2026-05-26 04:00:00+00:00,3.2342000007629395
2026-05-26 05:00:00+00:00,3.2307000160217285
2026-05-26 06:00:00+00:00,3.224400043487549
2026-05-26 07:00:00+00:00,3.2474000453948975
2026-05-26 08:00:00+00:00,3.2597999572753906
2026-05-26 09:00:00+00:00,3.2256999015808105
2026-05-26 10:00:00+00:00,3.2170000076293945
2026-05-26 11:00:00+00:00,3.228100061416626
2026-05-26 12:00:00+00:00,3.2279999256134033
2026-05-26 13:00:00+00:00,3.2462000846862793
2026-05-26 14:00:00+00:00,3.219599962234497
2026-05-26 15:00:00+00:00,3.2058000564575195
2026-05-26 16:00:00+00:00,3.197200059890747
2026-05-26 17:00:00+00:00,3.1542000770568848
2026-05-26 18:00:00+00:00,3.134399890899658
2026-05-26 19:00:00+00:00,3.1379001140594482
2026-05-26 20:00:00+00:00,3.1387999057769775
2026-05-26 22:00:00+00:00,3.1426000595092773
2026-05-26 23:00:00+00:00,3.138000011444092
2026-05-27 00:00:00+00:00,3.1287999153137207
2026-05-27 01:00:00+00:00,3.122299909591675
2026-05-27 02:00:00+00:00,3.110100030899048
2026-05-27 03:00:00+00:00,3.104099988937378
2026-05-27 04:00:00+00:00,3.0971999168395996
2026-05-27 05:00:00+00:00,3.099299907684326
2026-05-27 06:00:00+00:00,3.0892999172210693
2026-05-27 07:00:00+00:00,3.0422000885009766
2026-05-27 08:00:00+00:00,3.0467000007629395
2026-05-27 09:00:00+00:00,3.042099952697754
2026-05-27 10:00:00+00:00,3.0513999462127686
2026-05-27 11:00:00+00:00,3.05430006980896
2026-05-27 12:00:00+00:00,3.0208001136779785
2026-05-27 13:00:00+00:00,3.0569000244140625
2026-05-27 14:00:00+00:00,3.0803000926971436
2026-05-27 15:00:00+00:00,3.078700065612793
2026-05-27 16:00:00+00:00,3.0922999382019043
2026-05-27 17:00:00+00:00,3.075000047683716
2026-05-27 18:00:00+00:00,3.0729000568389893
2026-05-27 19:00:00+00:00,3.0845000743865967
2026-05-27 20:00:00+00:00,3.085900068283081
2026-05-27 22:00:00+00:00,3.0936999320983887
2026-05-27 23:00:00+00:00,3.1006999015808105
2026-05-28 00:00:00+00:00,3.107599973678589
2026-05-28 01:00:00+00:00,3.1034998893737793
2026-05-28 02:00:00+00:00,3.1189000606536865
2026-05-28 03:00:00+00:00,3.140000104904175
2026-05-28 04:00:00+00:00,3.140700101852417
2026-05-28 05:00:00+00:00,3.1189000606536865
2026-05-28 06:00:00+00:00,3.117000102996826
2026-05-28 07:00:00+00:00,3.1363000869750977
2026-05-28 08:00:00+00:00,3.134200096130371
2026-05-28 09:00:00+00:00,3.1224000453948975
2026-05-28 10:00:00+00:00,3.1470000743865967
2026-05-28 11:00:00+00:00,3.130000114440918
2026-05-28 12:00:00+00:00,3.0999999046325684
2026-05-28 13:00:00+00:00,3.108099937438965
2026-05-28 14:00:00+00:00,3.0703999996185303
2026-05-28 15:00:00+00:00,3.0836000442504883
2026-05-28 16:00:00+00:00,3.0703001022338867
2026-05-28 17:00:00+00:00,3.083199977874756
2026-05-28 18:00:00+00:00,3.1166999340057373
2026-05-28 19:00:00+00:00,3.1247000694274902
2026-05-28 20:00:00+00:00,3.1059000492095947
2026-05-28 22:00:00+00:00,3.0975000858306885
2026-05-28 23:00:00+00:00,3.095900058746338
2026-05-29 00:00:00+00:00,3.0978000164031982
2026-05-29 01:00:00+00:00,3.086699962615967
2026-05-29 02:00:00+00:00,3.089200019836426
2026-05-29 03:00:00+00:00,3.1015000343322754
2026-05-29 04:00:00+00:00,3.0771000385284424
2026-05-29 05:00:00+00:00,3.0868000984191895
2026-05-29 06:00:00+00:00,3.0683000087738037
2026-05-29 07:00:00+00:00,3.011699914932251
2026-05-29 08:00:00+00:00,2.9992001056671143
2026-05-29 09:00:00+00:00,2.967400074005127
2026-05-29 10:00:00+00:00,2.9707000255584717
2026-05-29 11:00:00+00:00,2.9723000526428223
2026-05-29 12:00:00+00:00,2.980600118637085
2026-05-29 13:00:00+00:00,2.9951999187469482
2026-05-29 14:00:00+00:00,2.9783999919891357
2026-05-29 15:00:00+00:00,3.052500009536743
2026-05-29 16:00:00+00:00,3.031599998474121
2026-05-29 17:00:00+00:00,3.036099910736084
2026-05-29 18:00:00+00:00,3.0448999404907227
2026-05-29 19:00:00+00:00,3.048799991607666
2026-05-29 20:00:00+00:00,3.03439998626709
2026-05-31 22:00:00+00:00,3.089400053024292
2026-05-31 23:00:00+00:00,3.088599920272827
2026-06-01 00:00:00+00:00,3.0966999530792236
2026-06-01 01:00:00+00:00,3.115799903869629
2026-06-01 02:00:00+00:00,3.1075000762939453
2026-06-01 03:00:00+00:00,3.1098999977111816
2026-06-01 04:00:00+00:00,3.1029999256134033
2026-06-01 05:00:00+00:00,3.108799934387207
2026-06-01 06:00:00+00:00,3.113600015640259
2026-06-01 07:00:00+00:00,3.114500045776367
2026-06-01 08:00:00+00:00,3.129699945449829
2026-06-01 09:00:00+00:00,3.1201000213623047
2026-06-01 10:00:00+00:00,3.1196999549865723
2026-06-01 11:00:00+00:00,3.101799964904785
2026-06-01 12:00:00+00:00,3.064300060272217
2026-06-01 13:00:00+00:00,3.1684999465942383
2026-06-01 14:00:00+00:00,3.1433000564575195
2026-06-01 15:00:00+00:00,3.131999969482422
2026-06-01 16:00:00+00:00,3.103300094604492
2026-06-01 17:00:00+00:00,3.0820000171661377
2026-06-01 18:00:00+00:00,3.09089994430542
2026-06-01 19:00:00+00:00,3.091200113296509
2026-06-01 20:00:00+00:00,3.0896999835968018
2026-06-01 22:00:00+00:00,3.0873000621795654
2026-06-01 23:00:00+00:00,3.077699899673462
2026-06-02 00:00:00+00:00,3.0820000171661377
2026-06-02 01:00:00+00:00,3.0641000270843506
2026-06-02 02:00:00+00:00,3.0660998821258545
2026-06-02 03:00:00+00:00,3.0597000122070312
2026-06-02 04:00:00+00:00,3.0571999549865723
2026-06-02 05:00:00+00:00,3.0611000061035156
2026-06-02 06:00:00+00:00,3.0676000118255615
2026-06-02 07:00:00+00:00,3.0625998973846436
2026-06-02 08:00:00+00:00,3.0604000091552734
2026-06-02 09:00:00+00:00,3.061000108718872
2026-06-02 10:00:00+00:00,3.062299966812134
2026-06-02 11:00:00+00:00,3.0617001056671143
2026-06-02 12:00:00+00:00,3.077399969100952
2026-06-02 13:00:00+00:00,3.122299909591675
2026-06-02 14:00:00+00:00,3.1305999755859375
2026-06-02 15:00:00+00:00,3.1173999309539795
2026-06-02 16:00:00+00:00,3.140399932861328
2026-06-02 17:00:00+00:00,3.1440999507904053
2026-06-02 18:00:00+00:00,3.144399881362915
2026-06-02 19:00:00+00:00,3.1431000232696533
2026-06-02 20:00:00+00:00,3.1270999908447266
2026-06-02 22:00:00+00:00,3.13319993019104
2026-06-02 23:00:00+00:00,3.1435000896453857
2026-06-03 00:00:00+00:00,3.1410999298095703
2026-06-03 01:00:00+00:00,3.1484999656677246
2026-06-03 02:00:00+00:00,3.1438000202178955
2026-06-03 03:00:00+00:00,3.140899896621704
2026-06-03 04:00:00+00:00,3.1435999870300293
2026-06-03 05:00:00+00:00,3.1605000495910645
2026-06-03 06:00:00+00:00,3.1742000579833984
2026-06-03 07:00:00+00:00,3.177999973297119
2026-06-03 08:00:00+00:00,3.191800117492676
2026-06-03 09:00:00+00:00,3.196700096130371
2026-06-03 10:00:00+00:00,3.1814000606536865
2026-06-03 11:00:00+00:00,3.1691999435424805
2026-06-03 12:00:00+00:00,3.171299934387207
2026-06-03 13:00:00+00:00,3.1521999835968018
2026-06-03 14:00:00+00:00,3.1661999225616455
2026-06-03 15:00:00+00:00,3.1582000255584717
2026-06-03 16:00:00+00:00,3.1463000774383545
2026-06-03 17:00:00+00:00,3.1366000175476074
2026-06-03 18:00:00+00:00,3.1315999031066895
2026-06-03 19:00:00+00:00,3.1338000297546387
2026-06-03 20:00:00+00:00,3.1289000511169434
2026-06-03 22:00:00+00:00,3.115000009536743
2026-06-03 23:00:00+00:00,3.1152000427246094
2026-06-04 00:00:00+00:00,3.1061999797821045
2026-06-04 01:00:00+00:00,3.092099905014038
2026-06-04 02:00:00+00:00,3.089200019836426
2026-06-04 03:00:00+00:00,3.094899892807007
2026-06-04 04:00:00+00:00,3.096400022506714
2026-06-04 05:00:00+00:00,3.0992000102996826
2026-06-04 06:00:00+00:00,3.107599973678589
2026-06-04 07:00:00+00:00,3.053999900817871
2026-06-04 08:00:00+00:00,3.044100046157837
2026-06-04 09:00:00+00:00,3.023400068283081
2026-06-04 10:00:00+00:00,3.0165998935699463
2026-06-04 11:00:00+00:00,2.9707999229431152
2026-06-04 12:00:00+00:00,2.980299949645996
2026-06-04 13:00:00+00:00,2.9707999229431152
2026-06-04 14:00:00+00:00,2.9870998859405518
2026-06-04 15:00:00+00:00,2.955399990081787
2026-06-04 16:00:00+00:00,2.955699920654297
2026-06-04 17:00:00+00:00,2.9626998901367188
2026-06-04 18:00:00+00:00,2.9858999252319336
2026-06-04 19:00:00+00:00,2.9892001152038574
2026-06-04 20:00:00+00:00,2.9832000732421875
2026-06-04 22:00:00+00:00,2.98580002784729
2026-06-05 00:00:00+00:00,2.98580002784729
2026-06-05 01:00:00+00:00,2.99780011177063
2026-06-05 02:00:00+00:00,3.007699966430664
2026-06-05 03:00:00+00:00,3.000699996948242
2026-06-05 04:00:00+00:00,3.0018999576568604
2026-06-05 05:00:00+00:00,2.9986000061035156
2026-06-05 06:00:00+00:00,2.9885001182556152
2026-06-05 07:00:00+00:00,3.029099941253662
2026-06-05 08:00:00+00:00,3.0669000148773193
2026-06-05 09:00:00+00:00,3.0139000415802
2026-06-05 10:00:00+00:00,3.0113000869750977
2026-06-05 11:00:00+00:00,3.0100998878479004
2026-06-05 12:00:00+00:00,2.995699882507324
2026-06-05 13:00:00+00:00,2.990299940109253
2026-06-05 14:00:00+00:00,2.996799945831299
2026-06-05 15:00:00+00:00,2.998500108718872
2026-06-05 16:00:00+00:00,2.9832000732421875
2026-06-05 17:00:00+00:00,2.982599973678589
2026-06-05 18:00:00+00:00,2.9825000762939453
2026-06-05 19:00:00+00:00,2.985100030899048
2026-06-05 20:00:00+00:00,2.986799955368042
2026-06-07 22:00:00+00:00,3.0399999618530273
2026-06-07 23:00:00+00:00,3.035900115966797
2026-06-08 00:00:00+00:00,3.028700113296509
2026-06-08 01:00:00+00:00,3.0506999492645264
2026-06-08 02:00:00+00:00,3.063199996948242
2026-06-08 03:00:00+00:00,3.05649995803833
2026-06-08 04:00:00+00:00,3.0808000564575195
2026-06-08 05:00:00+00:00,3.085099935531616
2026-06-08 06:00:00+00:00,3.090399980545044
2026-06-08 07:00:00+00:00,3.1586999893188477
2026-06-08 08:00:00+00:00,3.1602001190185547
2026-06-08 09:00:00+00:00,3.094099998474121
2026-06-08 10:00:00+00:00,3.0764999389648438
2026-06-08 11:00:00+00:00,3.024600028991699
2026-06-08 12:00:00+00:00,3.0376999378204346
2026-06-08 13:00:00+00:00,3.0125999450683594
2026-06-08 14:00:00+00:00,3.035099983215332
2026-06-08 15:00:00+00:00,3.045300006866455
2026-06-08 16:00:00+00:00,3.0243000984191895
2026-06-08 17:00:00+00:00,3.019700050354004
2026-06-08 18:00:00+00:00,3.0185999870300293
2026-06-08 19:00:00+00:00,3.017899990081787
2026-06-08 20:00:00+00:00,3.0157999992370605
2026-06-08 22:00:00+00:00,3.0157999992370605
2026-06-08 23:00:00+00:00,3.0195999145507812
2026-06-09 00:00:00+00:00,3.0206000804901123
2026-06-09 01:00:00+00:00,3.0160999298095703
2026-06-09 02:00:00+00:00,3.0088000297546387
2026-06-09 03:00:00+00:00,2.9967000484466553
2026-06-09 04:00:00+00:00,3.0035998821258545
2026-06-09 05:00:00+00:00,3.000999927520752
2026-06-09 06:00:00+00:00,3.00570011138916
2026-06-09 07:00:00+00:00,3.0074000358581543
2026-06-09 08:00:00+00:00,2.999500036239624
2026-06-09 09:00:00+00:00,3.001499891281128
2026-06-09 10:00:00+00:00,2.996299982070923
2026-06-09 11:00:00+00:00,3.0107998847961426
2026-06-09 12:00:00+00:00,3.0139999389648438
2026-06-09 13:00:00+00:00,2.966099977493286
2026-06-09 14:00:00+00:00,2.9672999382019043
2026-06-09 15:00:00+00:00,2.940999984741211
2026-06-09 16:00:00+00:00,2.978100061416626
2026-06-09 17:00:00+00:00,2.9793999195098877
2026-06-09 18:00:00+00:00,2.9809999465942383
2026-06-09 19:00:00+00:00,2.9846999645233154
2026-06-09 20:00:00+00:00,2.9914000034332275
2026-06-09 22:00:00+00:00,3.0025999546051025
2026-06-09 23:00:00+00:00,3.0023999214172363
2026-06-10 00:00:00+00:00,2.995699882507324
2026-06-10 01:00:00+00:00,3.003999948501587
2026-06-10 02:00:00+00:00,2.996999979019165
2026-06-10 03:00:00+00:00,2.990299940109253
2026-06-10 04:00:00+00:00,2.991499900817871
2026-06-10 05:00:00+00:00,2.981800079345703
2026-06-10 06:00:00+00:00,2.985599994659424
2026-06-10 07:00:00+00:00,3.025700092315674
2026-06-10 08:00:00+00:00,3.0113000869750977
2026-06-10 09:00:00+00:00,2.974900007247925
2026-06-10 10:00:00+00:00,2.974400043487549
2026-06-10 11:00:00+00:00,3.009200096130371
2026-06-10 12:00:00+00:00,3.0004000663757324
2026-06-10 13:00:00+00:00,3.0313000679016113
2026-06-10 14:00:00+00:00,3.0455000400543213
2026-06-10 15:00:00+00:00,3.0648999214172363
2026-06-10 16:00:00+00:00,3.075700044631958
2026-06-10 17:00:00+00:00,3.0722999572753906
2026-06-10 18:00:00+00:00,3.06469988822937
2026-06-10 19:00:00+00:00,3.06469988822937
2026-06-10 20:00:00+00:00,3.0922999382019043
2026-06-10 22:00:00+00:00,3.1201000213623047
2026-06-10 23:00:00+00:00,3.1124000549316406
2026-06-11 00:00:00+00:00,3.103300094604492
2026-06-11 01:00:00+00:00,3.091399908065796
2026-06-11 02:00:00+00:00,3.0875000953674316
2026-06-11 03:00:00+00:00,3.0947000980377197
2026-06-11 04:00:00+00:00,3.0813000202178955
2026-06-11 05:00:00+00:00,3.0710999965667725
2026-06-11 06:00:00+00:00,3.0782999992370605
2026-06-11 07:00:00+00:00,3.0495998859405518
2026-06-11 08:00:00+00:00,3.047800064086914
2026-06-11 09:00:00+00:00,3.052500009536743
2026-06-11 10:00:00+00:00,3.0457000732421875
2026-06-11 11:00:00+00:00,3.047800064086914
2026-06-11 12:00:00+00:00,3.0689001083374023
2026-06-11 13:00:00+00:00,3.06469988822937
2026-06-11 14:00:00+00:00,3.0820999145507812
2026-06-11 15:00:00+00:00,3.1089999675750732
2026-06-11 16:00:00+00:00,3.1135001182556152
2026-06-11 17:00:00+00:00,3.0278000831604004
2026-06-11 18:00:00+00:00,3.045099973678589
2026-06-11 19:00:00+00:00,3.013400077819824
2026-06-11 20:00:00+00:00,3.0074000358581543
2026-06-11 22:00:00+00:00,3.0000998973846436
2026-06-11 23:00:00+00:00,3.002500057220459
2026-06-12 00:00:00+00:00,3.014899969100952
2026-06-12 01:00:00+00:00,3.0083999633789062
2026-06-12 02:00:00+00:00,3.0083999633789062
2026-06-12 03:00:00+00:00,2.9916000366210938
2026-06-12 04:00:00+00:00,2.987600088119507
2026-06-12 05:00:00+00:00,2.9835000038146973
2026-06-12 06:00:00+00:00,2.9893999099731445
2026-06-12 07:00:00+00:00,2.962599992752075
2026-06-12 08:00:00+00:00,2.9267001152038574
2026-06-12 09:00:00+00:00,2.9300999641418457
2026-06-12 10:00:00+00:00,2.9472999572753906
2026-06-12 11:00:00+00:00,2.9605000019073486
2026-06-12 12:00:00+00:00,2.981600046157837
2026-06-12 13:00:00+00:00,3.0195000171661377
2026-06-12 14:00:00+00:00,2.972899913787842
2026-06-12 15:00:00+00:00,2.9684998989105225
2026-06-12 16:00:00+00:00,2.9804999828338623
2026-06-12 17:00:00+00:00,2.9798998832702637
2026-06-12 18:00:00+00:00,2.97979998588562
2026-06-12 19:00:00+00:00,2.9772000312805176
2026-06-12 20:00:00+00:00,2.9867000579833984
2026-06-14 22:00:00+00:00,2.921600103378296
2026-06-14 23:00:00+00:00,2.910099983215332
2026-06-15 00:00:00+00:00,2.9117000102996826
2026-06-15 01:00:00+00:00,2.911600112915039
2026-06-15 02:00:00+00:00,2.8882999420166016
2026-06-15 03:00:00+00:00,2.888000011444092
2026-06-15 04:00:00+00:00,2.8859000205993652
2026-06-15 05:00:00+00:00,2.8926000595092773
2026-06-15 06:00:00+00:00,2.8768999576568604
2026-06-15 07:00:00+00:00,2.864500045776367
2026-06-15 08:00:00+00:00,2.874500036239624
2026-06-15 09:00:00+00:00,2.870500087738037
2026-06-15 10:00:00+00:00,2.880000114440918
2026-06-15 11:00:00+00:00,2.8910999298095703
2026-06-15 12:00:00+00:00,2.8901000022888184
2026-06-15 13:00:00+00:00,2.8940999507904053
2026-06-15 14:00:00+00:00,2.900899887084961
2026-06-15 15:00:00+00:00,2.891200065612793
2026-06-15 16:00:00+00:00,2.9021999835968018
2026-06-15 17:00:00+00:00,2.896199941635132
2026-06-15 18:00:00+00:00,2.8894999027252197
2026-06-15 19:00:00+00:00,2.9017999172210693
2026-06-15 20:00:00+00:00,2.898099899291992
2026-06-15 22:00:00+00:00,2.9014999866485596
2026-06-15 23:00:00+00:00,2.9063000679016113
2026-06-16 00:00:00+00:00,2.9021999835968018
2026-06-16 01:00:00+00:00,2.9007999897003174
2026-06-16 02:00:00+00:00,2.8912999629974365
2026-06-16 03:00:00+00:00,2.8910000324249268
2026-06-16 04:00:00+00:00,2.889400005340576
2026-06-16 05:00:00+00:00,2.889699935913086
2026-06-16 06:00:00+00:00,2.8796000480651855
2026-06-16 07:00:00+00:00,2.854300022125244
2026-06-16 08:00:00+00:00,2.8438000679016113
2026-06-16 09:00:00+00:00,2.862600088119507
2026-06-16 10:00:00+00:00,2.851599931716919
2026-06-16 11:00:00+00:00,2.8498001098632812
2026-06-16 12:00:00+00:00,2.8403000831604004
2026-06-16 13:00:00+00:00,2.8603999614715576
2026-06-16 14:00:00+00:00,2.824399948120117
2026-06-16 15:00:00+00:00,2.7876999378204346
2026-06-16 16:00:00+00:00,2.79259991645813
2026-06-16 17:00:00+00:00,2.8011999130249023
2026-06-16 18:00:00+00:00,2.821199893951416
2026-06-16 19:00:00+00:00,2.8333001136779785
2026-06-16 20:00:00+00:00,2.8303000926971436
2026-06-16 22:00:00+00:00,2.83240008354187
2026-06-16 23:00:00+00:00,2.8306000232696533
2026-06-17 00:00:00+00:00,2.8310000896453857
2026-06-17 01:00:00+00:00,2.823199987411499
2026-06-17 02:00:00+00:00,2.8196001052856445
2026-06-17 03:00:00+00:00,2.8066000938415527
2026-06-17 04:00:00+00:00,2.8113999366760254
2026-06-17 05:00:00+00:00,2.8252999782562256
2026-06-17 06:00:00+00:00,2.8052000999450684
2026-06-17 07:00:00+00:00,2.8013999462127686
2026-06-17 08:00:00+00:00,2.8092000484466553
2026-06-17 09:00:00+00:00,2.8097000122070312
2026-06-17 10:00:00+00:00,2.815000057220459
2026-06-17 11:00:00+00:00,2.819499969482422
2026-06-17 12:00:00+00:00,2.822700023651123
2026-06-17 13:00:00+00:00,2.8208000659942627
2026-06-17 14:00:00+00:00,2.8320999145507812
2026-06-17 15:00:00+00:00,2.8157999515533447
2026-06-17 16:00:00+00:00,2.806299924850464
2026-06-17 17:00:00+00:00,2.814300060272217
2026-06-17 18:00:00+00:00,2.833699941635132
2026-06-17 19:00:00+00:00,2.825900077819824
2026-06-17 20:00:00+00:00,2.8278000354766846
2026-06-17 22:00:00+00:00,2.831199884414673
2026-06-17 23:00:00+00:00,2.8271000385284424
2026-06-18 00:00:00+00:00,2.833699941635132
2026-06-18 01:00:00+00:00,2.8199000358581543
2026-06-18 02:00:00+00:00,2.8225998878479004
2026-06-18 03:00:00+00:00,2.812999963760376
2026-06-18 04:00:00+00:00,2.8001999855041504
2026-06-18 05:00:00+00:00,2.7985000610351562
2026-06-18 06:00:00+00:00,2.8015999794006348
2026-06-18 07:00:00+00:00,2.8083999156951904
2026-06-18 08:00:00+00:00,2.7945001125335693
2026-06-18 09:00:00+00:00,2.8052000999450684
2026-06-18 10:00:00+00:00,2.825700044631958
2026-06-18 11:00:00+00:00,2.834199905395508
2026-06-18 12:00:00+00:00,2.829900026321411
2026-06-18 13:00:00+00:00,2.803499937057495
2026-06-18 14:00:00+00:00,2.8024001121520996
2026-06-18 15:00:00+00:00,2.825900077819824
2026-06-18 16:00:00+00:00,2.840100049972534
2026-06-18 17:00:00+00:00,2.8619000911712646
2026-06-18 18:00:00+00:00,2.8924999237060547
2026-06-18 19:00:00+00:00,2.8921000957489014
2026-06-18 20:00:00+00:00,2.886899948120117
2026-06-18 22:00:00+00:00,2.8882999420166016
2026-06-18 23:00:00+00:00,2.885699987411499
2026-06-19 00:00:00+00:00,2.883699893951416
2026-06-19 01:00:00+00:00,2.8965001106262207
2026-06-19 02:00:00+00:00,2.8975000381469727
2026-06-19 03:00:00+00:00,2.88919997215271
2026-06-21 22:00:00+00:00,2.9395999908447266
2026-06-21 23:00:00+00:00,2.9386000633239746
2026-06-22 00:00:00+00:00,2.9182000160217285
2026-06-22 01:00:00+00:00,2.8894999027252197
2026-06-22 02:00:00+00:00,2.9121999740600586
2026-06-22 03:00:00+00:00,2.881500005722046
2026-06-22 04:00:00+00:00,2.9121999740600586
2026-06-22 05:00:00+00:00,2.873699903488159
2026-06-22 06:00:00+00:00,2.880199909210205
2026-06-22 07:00:00+00:00,2.9038000106811523
2026-06-22 08:00:00+00:00,2.9056999683380127
2026-06-22 09:00:00+00:00,2.9045000076293945
2026-06-22 10:00:00+00:00,2.907599925994873
2026-06-22 11:00:00+00:00,2.8991000652313232
2026-06-22 12:00:00+00:00,2.887200117111206
2026-06-22 13:00:00+00:00,2.8717000484466553
2026-06-22 14:00:00+00:00,2.8835999965667725
2026-06-22 15:00:00+00:00,2.8666000366210938
2026-06-22 16:00:00+00:00,2.867300033569336
2026-06-22 17:00:00+00:00,2.8661000728607178
2026-06-22 18:00:00+00:00,2.8856000900268555
2026-06-22 19:00:00+00:00,2.892699956893921
2026-06-22 20:00:00+00:00,2.9121999740600586
2026-06-22 22:00:00+00:00,2.8987998962402344
2026-06-22 23:00:00+00:00,2.8931000232696533
2026-06-23 00:00:00+00:00,2.8945000171661377
2026-06-23 01:00:00+00:00,2.8868000507354736
2026-06-23 02:00:00+00:00,2.8886001110076904
2026-06-23 03:00:00+00:00,2.8743999004364014
2026-06-23 04:00:00+00:00,2.8780999183654785
2026-06-23 05:00:00+00:00,2.8620998859405518
2026-06-23 06:00:00+00:00,2.8538999557495117
2026-06-23 07:00:00+00:00,2.858799934387207
2026-06-23 08:00:00+00:00,2.867000102996826
2026-06-23 09:00:00+00:00,2.8714001178741455
2026-06-23 10:00:00+00:00,2.8773000240325928
2026-06-23 11:00:00+00:00,2.8773000240325928
2026-06-23 12:00:00+00:00,2.866499900817871
2026-06-23 13:00:00+00:00,2.8299999237060547
2026-06-23 14:00:00+00:00,2.821199893951416
2026-06-23 15:00:00+00:00,2.8345000743865967
2026-06-23 16:00:00+00:00,2.8469998836517334
2026-06-23 17:00:00+00:00,2.853800058364868
2026-06-23 18:00:00+00:00,2.86080002784729
2026-06-23 19:00:00+00:00,2.858799934387207
2026-06-23 20:00:00+00:00,2.8434998989105225
2026-06-23 22:00:00+00:00,2.8422000408172607
2026-06-23 23:00:00+00:00,2.833199977874756
2026-06-24 00:00:00+00:00,2.8375000953674316
2026-06-24 01:00:00+00:00,2.83240008354187
2026-06-24 02:00:00+00:00,2.8194000720977783
2026-06-24 03:00:00+00:00,2.822999954223633
2026-06-24 04:00:00+00:00,2.8271000385284424
2026-06-24 05:00:00+00:00,2.824199914932251
2026-06-24 06:00:00+00:00,2.8236000537872314
2026-06-24 07:00:00+00:00,2.8048999309539795
2026-06-24 08:00:00+00:00,2.809999942779541
2026-06-24 09:00:00+00:00,2.812700033187866
2026-06-24 10:00:00+00:00,2.819000005722046
2026-06-24 11:00:00+00:00,2.8057000637054443
2026-06-24 12:00:00+00:00,2.8125
2026-06-24 13:00:00+00:00,2.7695999145507812
2026-06-24 14:00:00+00:00,2.7695000171661377
2026-06-24 15:00:00+00:00,2.770400047302246
2026-06-24 16:00:00+00:00,2.7939999103546143
2026-06-24 17:00:00+00:00,2.798099994659424
2026-06-24 18:00:00+00:00,2.7802000045776367
2026-06-24 19:00:00+00:00,2.783900022506714
2026-06-24 20:00:00+00:00,2.7811999320983887
2026-06-24 22:00:00+00:00,2.7820000648498535
2026-06-24 23:00:00+00:00,2.783099889755249
2026-06-25 00:00:00+00:00,2.7815001010894775
2026-06-25 01:00:00+00:00,2.7643001079559326
2026-06-25 02:00:00+00:00,2.765199899673462
2026-06-25 03:00:00+00:00,2.767199993133545
2026-06-25 04:00:00+00:00,2.7720999717712402
2026-06-25 05:00:00+00:00,2.769200086593628
2026-06-25 06:00:00+00:00,2.7685000896453857
2026-06-25 07:00:00+00:00,2.7901999950408936
2026-06-25 08:00:00+00:00,2.781899929046631
2026-06-25 09:00:00+00:00,2.796799898147583
2026-06-25 10:00:00+00:00,2.790800094604492
2026-06-25 11:00:00+00:00,2.808300018310547
2026-06-25 12:00:00+00:00,2.797300100326538
2026-06-25 13:00:00+00:00,2.8297998905181885
2026-06-25 14:00:00+00:00,2.852099895477295
2026-06-25 15:00:00+00:00,2.868499994277954
2026-06-25 16:00:00+00:00,2.887500047683716
2026-06-25 17:00:00+00:00,2.8879001140594482
2026-06-25 18:00:00+00:00,2.904400110244751
2026-06-25 19:00:00+00:00,2.8989999294281006
2026-06-25 20:00:00+00:00,2.886399984359741
2026-06-25 22:00:00+00:00,2.881999969482422
2026-06-25 23:00:00+00:00,2.884500026702881
2026-06-26 00:00:00+00:00,2.8919999599456787
2026-06-26 01:00:00+00:00,2.878499984741211
2026-06-26 02:00:00+00:00,2.871500015258789
2026-06-26 03:00:00+00:00,2.865299940109253
2026-06-26 04:00:00+00:00,2.8610000610351562
2026-06-26 05:00:00+00:00,2.86080002784729
2026-06-26 06:00:00+00:00,2.8736000061035156
2026-06-26 07:00:00+00:00,2.847100019454956
2026-06-26 08:00:00+00:00,2.825900077819824
2026-06-26 09:00:00+00:00,2.8131000995635986
2026-06-26 10:00:00+00:00,2.8306000232696533
2026-06-26 11:00:00+00:00,2.841900110244751
2026-06-26 12:00:00+00:00,2.8132998943328857
2026-06-26 13:00:00+00:00,2.8153998851776123
2026-06-26 14:00:00+00:00,2.8183999061584473
2026-06-26 15:00:00+00:00,2.817199945449829
2026-06-26 16:00:00+00:00,2.8269999027252197
2026-06-26 17:00:00+00:00,2.822200059890747
2026-06-26 18:00:00+00:00,2.8266000747680664
2026-06-26 19:00:00+00:00,2.835900068283081
2026-06-26 20:00:00+00:00,2.825900077819824
2026-06-28 22:00:00+00:00,2.8501999378204346
2026-06-28 23:00:00+00:00,2.8413000106811523
2026-06-29 00:00:00+00:00,2.848599910736084
2026-06-29 01:00:00+00:00,2.8573999404907227
2026-06-29 02:00:00+00:00,2.861599922180176
2026-06-29 03:00:00+00:00,2.8682000637054443
2026-06-29 04:00:00+00:00,2.864799976348877
2026-06-29 05:00:00+00:00,2.8529999256134033
2026-06-29 06:00:00+00:00,2.860300064086914
2026-06-29 07:00:00+00:00,2.8433001041412354
2026-06-29 08:00:00+00:00,2.863100051879883
2026-06-29 09:00:00+00:00,2.87719988822937
2026-06-29 10:00:00+00:00,2.859800100326538
2026-06-29 11:00:00+00:00,2.8631999492645264
2026-06-29 12:00:00+00:00,2.8715999126434326
2026-06-29 13:00:00+00:00,2.8812999725341797
2026-06-29 14:00:00+00:00,2.8986001014709473
2026-06-29 15:00:00+00:00,2.899199962615967
2026-06-29 16:00:00+00:00,2.8896000385284424
2026-06-29 17:00:00+00:00,2.897900104522705
2026-06-29 18:00:00+00:00,2.8910999298095703
2026-06-29 19:00:00+00:00,2.8919999599456787
2026-06-29 20:00:00+00:00,2.889699935913086
2026-06-29 22:00:00+00:00,2.8954999446868896
2026-06-29 23:00:00+00:00,2.8866000175476074
2026-06-30 00:00:00+00:00,2.880500078201294
2026-06-30 01:00:00+00:00,2.8822999000549316
2026-06-30 02:00:00+00:00,2.892899990081787
2026-06-30 03:00:00+00:00,2.8859000205993652
2026-06-30 04:00:00+00:00,2.882999897003174
2026-06-30 05:00:00+00:00,2.882200002670288
2026-06-30 06:00:00+00:00,2.8808999061584473
2026-06-30 07:00:00+00:00,2.8835999965667725
2026-06-30 08:00:00+00:00,2.8965001106262207
2026-06-30 09:00:00+00:00,2.9138998985290527
2026-06-30 10:00:00+00:00,2.9056999683380127
2026-06-30 11:00:00+00:00,2.9161999225616455
2026-06-30 12:00:00+00:00,2.8989999294281006
2026-06-30 13:00:00+00:00,2.909899950027466
2026-06-30 14:00:00+00:00,2.9100000858306885
2026-06-30 15:00:00+00:00,2.897200107574463
2026-06-30 16:00:00+00:00,2.901099920272827
2026-06-30 17:00:00+00:00,2.91129994392395
2026-06-30 18:00:00+00:00,2.9000000953674316
2026-06-30 19:00:00+00:00,2.9042000770568848
2026-06-30 20:00:00+00:00,2.9030001163482666
2026-06-30 22:00:00+00:00,2.9061999320983887
2026-06-30 23:00:00+00:00,2.9102001190185547
2026-07-01 00:00:00+00:00,2.9184999465942383
2026-07-01 01:00:00+00:00,2.913300037384033
2026-07-01 02:00:00+00:00,2.9168999195098877
2026-07-01 03:00:00+00:00,2.9221999645233154
2026-07-01 04:00:00+00:00,2.920799970626831
2026-07-01 05:00:00+00:00,2.918600082397461
2026-07-01 06:00:00+00:00,2.9149999618530273
2026-07-01 07:00:00+00:00,2.9200000762939453
2026-07-01 08:00:00+00:00,2.9061999320983887
2026-07-01 09:00:00+00:00,2.753200054168701
2026-07-01 10:00:00+00:00,2.757200002670288
2026-07-01 11:00:00+00:00,2.757999897003174
2026-07-01 12:00:00+00:00,2.9209001064300537
2026-07-01 13:00:00+00:00,2.9275999069213867
2026-07-01 14:00:00+00:00,2.919600009918213
2026-07-01 15:00:00+00:00,2.9310998916625977
2026-07-01 16:00:00+00:00,2.9349000453948975
2026-07-01 17:00:00+00:00,2.9583001136779785
2026-07-01 18:00:00+00:00,2.9407999515533447
2026-07-01 19:00:00+00:00,2.938699960708618
2026-07-01 20:00:00+00:00,2.9386000633239746
2026-07-01 22:00:00+00:00,2.938199996948242
2026-07-01 23:00:00+00:00,2.9339001178741455
2026-07-02 00:00:00+00:00,2.9347000122070312
2026-07-02 01:00:00+00:00,2.9235000610351562
2026-07-02 02:00:00+00:00,2.919800043106079
2026-07-02 03:00:00+00:00,2.907399892807007
2026-07-02 04:00:00+00:00,2.9124999046325684
2026-07-02 05:00:00+00:00,2.914799928665161
2026-07-02 06:00:00+00:00,2.904900074005127
2026-07-02 07:00:00+00:00,2.9161999225616455
2026-07-02 08:00:00+00:00,2.9042000770568848
2026-07-02 09:00:00+00:00,2.883500099182129
2026-07-02 10:00:00+00:00,2.879699945449829
2026-07-02 11:00:00+00:00,2.88700008392334
2026-07-02 12:00:00+00:00,2.8915998935699463
2026-07-02 13:00:00+00:00,2.8773999214172363
2026-07-02 14:00:00+00:00,2.8714001178741455
2026-07-02 15:00:00+00:00,2.885499954223633
2026-07-02 16:00:00+00:00,2.8919999599456787
2026-07-02 17:00:00+00:00,2.892699956893921
2026-07-02 18:00:00+00:00,2.9154000282287598
2026-07-02 19:00:00+00:00,2.9191999435424805
2026-07-02 20:00:00+00:00,2.9200000762939453
2026-07-02 22:00:00+00:00,2.922100067138672
2026-07-02 23:00:00+00:00,2.9186999797821045
2026-07-03 00:00:00+00:00,2.9173998832702637
2026-07-03 01:00:00+00:00,2.930299997329712
2026-07-03 02:00:00+00:00,2.930500030517578
2026-07-03 03:00:00+00:00,2.936000108718872
