Datetime,Close
2024-02-08 05:00:00+00:00,2048.699951171875
2024-02-08 06:00:00+00:00,2048.300048828125
2024-02-08 07:00:00+00:00,2047.800048828125
2024-02-08 08:00:00+00:00,2045.5999755859375
2024-02-08 09:00:00+00:00,2050.0
2024-02-08 10:00:00+00:00,2051.0
2024-02-08 11:00:00+00:00,2044.0
2024-02-08 12:00:00+00:00,2039.699951171875
2024-02-08 13:00:00+00:00,2035.800048828125
2024-02-08 14:00:00+00:00,2043.199951171875
2024-02-08 15:00:00+00:00,2047.0
2024-02-08 16:00:00+00:00,2047.0
2024-02-08 17:00:00+00:00,2046.699951171875
2024-02-08 18:00:00+00:00,2047.199951171875
2024-02-08 19:00:00+00:00,2047.5999755859375
2024-02-08 20:00:00+00:00,2048.10009765625
2024-02-08 21:00:00+00:00,2049.699951171875
2024-02-08 23:00:00+00:00,2049.10009765625
2024-02-09 00:00:00+00:00,2046.9000244140625
2024-02-09 01:00:00+00:00,2049.0
2024-02-09 02:00:00+00:00,2049.10009765625
2024-02-09 03:00:00+00:00,2048.300048828125
2024-02-09 04:00:00+00:00,2047.5
2024-02-09 05:00:00+00:00,2047.5999755859375
2024-02-09 06:00:00+00:00,2048.60009765625
2024-02-09 07:00:00+00:00,2048.300048828125
2024-02-09 08:00:00+00:00,2046.9000244140625
2024-02-09 09:00:00+00:00,2046.199951171875
2024-02-09 10:00:00+00:00,2047.300048828125
2024-02-09 11:00:00+00:00,2046.0
2024-02-09 12:00:00+00:00,2043.199951171875
2024-02-09 13:00:00+00:00,2041.699951171875
2024-02-09 14:00:00+00:00,2039.5999755859375
2024-02-09 15:00:00+00:00,2036.9000244140625
2024-02-09 16:00:00+00:00,2035.800048828125
2024-02-09 17:00:00+00:00,2039.0
2024-02-09 18:00:00+00:00,2038.0
2024-02-09 19:00:00+00:00,2039.0
2024-02-09 20:00:00+00:00,2039.300048828125
2024-02-09 21:00:00+00:00,2038.699951171875
2024-02-11 23:00:00+00:00,2039.5999755859375
2024-02-12 00:00:00+00:00,2039.4000244140625
2024-02-12 01:00:00+00:00,2037.5
2024-02-12 02:00:00+00:00,2036.199951171875
2024-02-12 03:00:00+00:00,2036.5999755859375
2024-02-12 04:00:00+00:00,2036.9000244140625
2024-02-12 05:00:00+00:00,2037.699951171875
2024-02-12 06:00:00+00:00,2038.0
2024-02-12 07:00:00+00:00,2039.5999755859375
2024-02-12 08:00:00+00:00,2037.5
2024-02-12 09:00:00+00:00,2034.5999755859375
2024-02-12 10:00:00+00:00,2035.0
2024-02-12 11:00:00+00:00,2035.9000244140625
2024-02-12 12:00:00+00:00,2035.4000244140625
2024-02-12 13:00:00+00:00,2032.800048828125
2024-02-12 14:00:00+00:00,2028.699951171875
2024-02-12 15:00:00+00:00,2026.800048828125
2024-02-12 16:00:00+00:00,2029.5999755859375
2024-02-12 17:00:00+00:00,2033.0999755859375
2024-02-12 18:00:00+00:00,2035.199951171875
2024-02-12 19:00:00+00:00,2032.800048828125
2024-02-12 20:00:00+00:00,2033.9000244140625
2024-02-12 21:00:00+00:00,2033.800048828125
2024-02-12 23:00:00+00:00,2032.5
2024-02-13 00:00:00+00:00,2033.0
2024-02-13 01:00:00+00:00,2033.5999755859375
2024-02-13 02:00:00+00:00,2032.300048828125
2024-02-13 03:00:00+00:00,2031.800048828125
2024-02-13 04:00:00+00:00,2032.4000244140625
2024-02-13 05:00:00+00:00,2034.0999755859375
2024-02-13 06:00:00+00:00,2036.9000244140625
2024-02-13 07:00:00+00:00,2038.699951171875
2024-02-13 08:00:00+00:00,2039.800048828125
2024-02-13 09:00:00+00:00,2040.199951171875
2024-02-13 10:00:00+00:00,2040.300048828125
2024-02-13 11:00:00+00:00,2041.300048828125
2024-02-13 12:00:00+00:00,2042.0
2024-02-13 13:00:00+00:00,2017.5999755859375
2024-02-13 14:00:00+00:00,2008.5
2024-02-13 15:00:00+00:00,2004.800048828125
2024-02-13 16:00:00+00:00,2008.0
2024-02-13 17:00:00+00:00,2006.5999755859375
2024-02-13 18:00:00+00:00,2006.4000244140625
2024-02-13 19:00:00+00:00,2004.5999755859375
2024-02-13 20:00:00+00:00,2005.5
2024-02-13 21:00:00+00:00,2006.0
2024-02-13 23:00:00+00:00,2004.0
2024-02-14 00:00:00+00:00,2005.0999755859375
2024-02-14 01:00:00+00:00,2005.300048828125
2024-02-14 02:00:00+00:00,2004.699951171875
2024-02-14 03:00:00+00:00,2005.0
2024-02-14 04:00:00+00:00,2005.0999755859375
2024-02-14 05:00:00+00:00,2005.5999755859375
2024-02-14 06:00:00+00:00,2004.9000244140625
2024-02-14 07:00:00+00:00,2002.199951171875
2024-02-14 08:00:00+00:00,2001.0999755859375
2024-02-14 09:00:00+00:00,2004.0
2024-02-14 10:00:00+00:00,2005.5999755859375
2024-02-14 11:00:00+00:00,2004.9000244140625
2024-02-14 12:00:00+00:00,2002.9000244140625
2024-02-14 13:00:00+00:00,2001.9000244140625
2024-02-14 14:00:00+00:00,1999.9000244140625
2024-02-14 15:00:00+00:00,2000.5999755859375
2024-02-14 16:00:00+00:00,2006.0999755859375
2024-02-14 17:00:00+00:00,2007.0999755859375
2024-02-14 18:00:00+00:00,2004.4000244140625
2024-02-14 19:00:00+00:00,2004.4000244140625
2024-02-14 20:00:00+00:00,2003.9000244140625
2024-02-14 21:00:00+00:00,2005.0
2024-02-14 23:00:00+00:00,2005.5
2024-02-15 00:00:00+00:00,2005.4000244140625
2024-02-15 01:00:00+00:00,2004.199951171875
2024-02-15 02:00:00+00:00,2004.800048828125
2024-02-15 03:00:00+00:00,2002.4000244140625
2024-02-15 04:00:00+00:00,2003.5999755859375
2024-02-15 05:00:00+00:00,2003.5
2024-02-15 06:00:00+00:00,2005.0
2024-02-15 07:00:00+00:00,2005.300048828125
2024-02-15 08:00:00+00:00,2006.800048828125
2024-02-15 09:00:00+00:00,2008.0
2024-02-15 10:00:00+00:00,2007.300048828125
2024-02-15 11:00:00+00:00,2009.0999755859375
2024-02-15 12:00:00+00:00,2009.5999755859375
2024-02-15 13:00:00+00:00,2015.4000244140625
2024-02-15 14:00:00+00:00,2015.5
2024-02-15 15:00:00+00:00,2012.300048828125
2024-02-15 16:00:00+00:00,2011.699951171875
2024-02-15 17:00:00+00:00,2015.199951171875
2024-02-15 18:00:00+00:00,2016.199951171875
2024-02-15 19:00:00+00:00,2016.800048828125
2024-02-15 20:00:00+00:00,2016.0999755859375
2024-02-15 21:00:00+00:00,2016.0999755859375
2024-02-15 23:00:00+00:00,2015.0999755859375
2024-02-16 00:00:00+00:00,2014.0999755859375
2024-02-16 01:00:00+00:00,2017.300048828125
2024-02-16 02:00:00+00:00,2016.300048828125
2024-02-16 03:00:00+00:00,2016.0
2024-02-16 04:00:00+00:00,2015.5
2024-02-16 05:00:00+00:00,2016.300048828125
2024-02-16 06:00:00+00:00,2015.4000244140625
2024-02-16 07:00:00+00:00,2016.800048828125
2024-02-16 08:00:00+00:00,2016.5999755859375
2024-02-16 09:00:00+00:00,2016.699951171875
2024-02-16 10:00:00+00:00,2018.699951171875
2024-02-16 11:00:00+00:00,2019.0
2024-02-16 12:00:00+00:00,2018.5
2024-02-16 13:00:00+00:00,2013.0999755859375
2024-02-16 14:00:00+00:00,2009.5
2024-02-16 15:00:00+00:00,2019.699951171875
2024-02-16 16:00:00+00:00,2021.0999755859375
2024-02-16 17:00:00+00:00,2025.300048828125
2024-02-16 18:00:00+00:00,2025.5999755859375
2024-02-16 19:00:00+00:00,2024.4000244140625
2024-02-16 20:00:00+00:00,2023.800048828125
2024-02-16 21:00:00+00:00,2025.199951171875
2024-02-18 23:00:00+00:00,2025.699951171875
2024-02-19 00:00:00+00:00,2030.5999755859375
2024-02-19 01:00:00+00:00,2031.199951171875
2024-02-19 02:00:00+00:00,2033.699951171875
2024-02-19 03:00:00+00:00,2031.199951171875
2024-02-19 04:00:00+00:00,2030.5
2024-02-20 05:00:00+00:00,2029.4000244140625
2024-02-20 06:00:00+00:00,2030.300048828125
2024-02-20 07:00:00+00:00,2032.5
2024-02-20 08:00:00+00:00,2034.0999755859375
2024-02-20 09:00:00+00:00,2035.300048828125
2024-02-20 10:00:00+00:00,2037.4000244140625
2024-02-20 11:00:00+00:00,2037.9000244140625
2024-02-20 12:00:00+00:00,2038.0
2024-02-20 13:00:00+00:00,2041.5
2024-02-20 14:00:00+00:00,2039.5999755859375
2024-02-20 15:00:00+00:00,2039.0
2024-02-20 16:00:00+00:00,2038.5
2024-02-20 17:00:00+00:00,2040.0
2024-02-20 18:00:00+00:00,2038.5999755859375
2024-02-20 19:00:00+00:00,2036.5
2024-02-20 20:00:00+00:00,2035.800048828125
2024-02-20 21:00:00+00:00,2036.0
2024-02-20 23:00:00+00:00,2035.4000244140625
2024-02-21 00:00:00+00:00,2034.800048828125
2024-02-21 01:00:00+00:00,2036.5
2024-02-21 02:00:00+00:00,2039.0
2024-02-21 03:00:00+00:00,2041.4000244140625
2024-02-21 04:00:00+00:00,2041.699951171875
2024-02-21 05:00:00+00:00,2041.699951171875
2024-02-21 06:00:00+00:00,2040.800048828125
2024-02-21 07:00:00+00:00,2039.800048828125
2024-02-21 08:00:00+00:00,2037.5
2024-02-21 09:00:00+00:00,2039.0999755859375
2024-02-21 10:00:00+00:00,2041.0999755859375
2024-02-21 11:00:00+00:00,2039.0999755859375
2024-02-21 12:00:00+00:00,2040.5
2024-02-21 13:00:00+00:00,2039.699951171875
2024-02-21 14:00:00+00:00,2038.5999755859375
2024-02-21 15:00:00+00:00,2035.0999755859375
2024-02-21 16:00:00+00:00,2035.0
2024-02-21 17:00:00+00:00,2035.0999755859375
2024-02-21 18:00:00+00:00,2032.5
2024-02-21 19:00:00+00:00,2036.800048828125
2024-02-21 20:00:00+00:00,2035.199951171875
2024-02-21 21:00:00+00:00,2036.800048828125
2024-02-21 23:00:00+00:00,2035.800048828125
2024-02-22 00:00:00+00:00,2036.300048828125
2024-02-22 01:00:00+00:00,2036.9000244140625
2024-02-22 02:00:00+00:00,2037.699951171875
2024-02-22 03:00:00+00:00,2036.0999755859375
2024-02-22 04:00:00+00:00,2038.699951171875
2024-02-22 05:00:00+00:00,2038.300048828125
2024-02-22 06:00:00+00:00,2039.300048828125
2024-02-22 07:00:00+00:00,2041.5999755859375
2024-02-22 08:00:00+00:00,2043.5
2024-02-22 09:00:00+00:00,2040.300048828125
2024-02-22 10:00:00+00:00,2039.4000244140625
2024-02-22 11:00:00+00:00,2039.0
2024-02-22 12:00:00+00:00,2038.199951171875
2024-02-22 13:00:00+00:00,2035.5
2024-02-22 14:00:00+00:00,2034.9000244140625
2024-02-22 15:00:00+00:00,2033.300048828125
2024-02-22 16:00:00+00:00,2030.699951171875
2024-02-22 17:00:00+00:00,2032.9000244140625
2024-02-22 18:00:00+00:00,2032.699951171875
2024-02-22 19:00:00+00:00,2033.0999755859375
2024-02-22 20:00:00+00:00,2034.5
2024-02-22 21:00:00+00:00,2034.300048828125
2024-02-22 23:00:00+00:00,2034.4000244140625
2024-02-23 00:00:00+00:00,2034.0999755859375
2024-02-23 01:00:00+00:00,2036.199951171875
2024-02-23 02:00:00+00:00,2033.800048828125
2024-02-23 03:00:00+00:00,2035.199951171875
2024-02-23 04:00:00+00:00,2035.5
2024-02-23 05:00:00+00:00,2031.800048828125
2024-02-23 06:00:00+00:00,2030.199951171875
2024-02-23 07:00:00+00:00,2031.300048828125
2024-02-23 08:00:00+00:00,2028.800048828125
2024-02-23 09:00:00+00:00,2026.0999755859375
2024-02-23 10:00:00+00:00,2032.4000244140625
2024-02-23 11:00:00+00:00,2033.4000244140625
2024-02-23 12:00:00+00:00,2037.5
2024-02-23 13:00:00+00:00,2034.800048828125
2024-02-23 14:00:00+00:00,2037.0999755859375
2024-02-23 15:00:00+00:00,2040.0
2024-02-23 16:00:00+00:00,2048.300048828125
2024-02-23 17:00:00+00:00,2048.0
2024-02-23 18:00:00+00:00,2050.60009765625
2024-02-23 19:00:00+00:00,2047.5
2024-02-23 20:00:00+00:00,2046.699951171875
2024-02-23 21:00:00+00:00,2045.800048828125
2024-02-25 23:00:00+00:00,2043.5
2024-02-26 00:00:00+00:00,2040.0
2024-02-26 01:00:00+00:00,2041.0999755859375
2024-02-26 02:00:00+00:00,2040.5999755859375
2024-02-26 03:00:00+00:00,2042.0
2024-02-26 04:00:00+00:00,2041.699951171875
2024-02-26 05:00:00+00:00,2042.5
2024-02-26 06:00:00+00:00,2042.300048828125
2024-02-26 07:00:00+00:00,2044.5
2024-02-26 08:00:00+00:00,2043.5999755859375
2024-02-26 09:00:00+00:00,2042.4000244140625
2024-02-26 10:00:00+00:00,2041.5999755859375
2024-02-26 11:00:00+00:00,2040.199951171875
2024-02-26 12:00:00+00:00,2042.5
2024-02-26 13:00:00+00:00,2042.300048828125
2024-02-26 14:00:00+00:00,2037.0
2024-02-26 15:00:00+00:00,2038.699951171875
2024-02-26 16:00:00+00:00,2037.0999755859375
2024-02-26 17:00:00+00:00,2038.0999755859375
2024-02-26 18:00:00+00:00,2038.800048828125
2024-02-26 19:00:00+00:00,2039.5999755859375
2024-02-26 20:00:00+00:00,2042.0999755859375
2024-02-26 21:00:00+00:00,2040.9000244140625
2024-02-26 23:00:00+00:00,2040.800048828125
2024-02-27 00:00:00+00:00,2040.800048828125
2024-02-27 01:00:00+00:00,2042.800048828125
2024-02-27 02:00:00+00:00,2042.0
2024-02-27 03:00:00+00:00,2042.5999755859375
2024-02-27 04:00:00+00:00,2043.0999755859375
2024-02-27 05:00:00+00:00,2042.9000244140625
2024-02-27 06:00:00+00:00,2042.800048828125
2024-02-27 07:00:00+00:00,2045.0
2024-02-27 08:00:00+00:00,2047.5999755859375
2024-02-27 09:00:00+00:00,2045.9000244140625
2024-02-27 10:00:00+00:00,2045.800048828125
2024-02-27 11:00:00+00:00,2047.5
2024-02-27 12:00:00+00:00,2047.699951171875
2024-02-27 13:00:00+00:00,2044.800048828125
2024-02-27 14:00:00+00:00,2044.4000244140625
2024-02-27 15:00:00+00:00,2043.0999755859375
2024-02-27 16:00:00+00:00,2042.699951171875
2024-02-27 17:00:00+00:00,2041.699951171875
2024-02-27 18:00:00+00:00,2041.800048828125
2024-02-27 19:00:00+00:00,2039.699951171875
2024-02-27 20:00:00+00:00,2039.5
2024-02-27 21:00:00+00:00,2039.4000244140625
2024-02-27 23:00:00+00:00,2038.800048828125
2024-02-28 00:00:00+00:00,2039.5999755859375
2024-02-28 01:00:00+00:00,2042.199951171875
2024-02-28 02:00:00+00:00,2039.800048828125
2024-02-28 03:00:00+00:00,2039.800048828125
2024-02-28 04:00:00+00:00,2039.0
2024-02-28 05:00:00+00:00,2039.800048828125
2024-02-28 06:00:00+00:00,2038.0999755859375
2024-02-28 07:00:00+00:00,2036.9000244140625
2024-02-28 08:00:00+00:00,2035.699951171875
2024-02-28 09:00:00+00:00,2033.9000244140625
2024-02-28 10:00:00+00:00,2036.4000244140625
2024-02-28 11:00:00+00:00,2036.4000244140625
2024-02-28 12:00:00+00:00,2038.699951171875
2024-02-28 13:00:00+00:00,2045.0999755859375
2024-02-28 14:00:00+00:00,2041.0
2024-02-28 15:00:00+00:00,2041.0999755859375
2024-02-28 16:00:00+00:00,2042.9000244140625
2024-02-28 17:00:00+00:00,2043.0999755859375
2024-02-28 18:00:00+00:00,2040.9000244140625
2024-02-28 19:00:00+00:00,2041.4000244140625
2024-02-28 20:00:00+00:00,2043.0999755859375
2024-02-28 21:00:00+00:00,2043.5
2024-02-28 23:00:00+00:00,2043.0
2024-02-29 00:00:00+00:00,2042.4000244140625
2024-02-29 01:00:00+00:00,2044.699951171875
2024-02-29 02:00:00+00:00,2044.800048828125
2024-02-29 03:00:00+00:00,2044.800048828125
2024-02-29 04:00:00+00:00,2043.5999755859375
2024-02-29 05:00:00+00:00,2043.800048828125
2024-02-29 06:00:00+00:00,2045.199951171875
2024-02-29 07:00:00+00:00,2045.5999755859375
2024-02-29 08:00:00+00:00,2045.5999755859375
2024-02-29 09:00:00+00:00,2042.9000244140625
2024-02-29 10:00:00+00:00,2038.9000244140625
2024-02-29 11:00:00+00:00,2038.4000244140625
2024-02-29 12:00:00+00:00,2038.4000244140625
2024-02-29 13:00:00+00:00,2056.199951171875
2024-02-29 14:00:00+00:00,2056.199951171875
2024-02-29 15:00:00+00:00,2056.699951171875
2024-02-29 16:00:00+00:00,2053.39990234375
2024-02-29 17:00:00+00:00,2054.39990234375
2024-02-29 18:00:00+00:00,2054.89990234375
2024-02-29 19:00:00+00:00,2053.0
2024-02-29 20:00:00+00:00,2052.699951171875
2024-02-29 21:00:00+00:00,2052.800048828125
2024-02-29 23:00:00+00:00,2052.5
2024-03-01 00:00:00+00:00,2052.10009765625
2024-03-01 01:00:00+00:00,2052.699951171875
2024-03-01 02:00:00+00:00,2053.800048828125
2024-03-01 03:00:00+00:00,2055.0
2024-03-01 04:00:00+00:00,2053.89990234375
2024-03-01 05:00:00+00:00,2053.10009765625
2024-03-01 06:00:00+00:00,2055.10009765625
2024-03-01 07:00:00+00:00,2053.699951171875
2024-03-01 08:00:00+00:00,2048.0
2024-03-01 09:00:00+00:00,2054.800048828125
2024-03-01 10:00:00+00:00,2063.300048828125
2024-03-01 11:00:00+00:00,2063.800048828125
2024-03-01 12:00:00+00:00,2060.89990234375
2024-03-01 13:00:00+00:00,2060.0
2024-03-01 14:00:00+00:00,2054.699951171875
2024-03-01 15:00:00+00:00,2077.89990234375
2024-03-01 16:00:00+00:00,2089.89990234375
2024-03-01 17:00:00+00:00,2093.60009765625
2024-03-01 18:00:00+00:00,2094.5
2024-03-01 19:00:00+00:00,2094.10009765625
2024-03-01 20:00:00+00:00,2092.39990234375
2024-03-01 21:00:00+00:00,2091.89990234375
2024-03-03 23:00:00+00:00,2092.199951171875
2024-03-04 00:00:00+00:00,2091.199951171875
2024-03-04 01:00:00+00:00,2088.89990234375
2024-03-04 02:00:00+00:00,2090.10009765625
2024-03-04 03:00:00+00:00,2090.0
2024-03-04 04:00:00+00:00,2089.39990234375
2024-03-04 05:00:00+00:00,2090.0
2024-03-04 06:00:00+00:00,2092.10009765625
2024-03-04 07:00:00+00:00,2096.0
2024-03-04 08:00:00+00:00,2092.199951171875
2024-03-04 09:00:00+00:00,2093.300048828125
2024-03-04 10:00:00+00:00,2092.10009765625
2024-03-04 11:00:00+00:00,2090.39990234375
2024-03-04 12:00:00+00:00,2091.10009765625
2024-03-04 13:00:00+00:00,2100.199951171875
2024-03-04 14:00:00+00:00,2109.39990234375
2024-03-04 15:00:00+00:00,2117.699951171875
2024-03-04 16:00:00+00:00,2127.800048828125
2024-03-04 17:00:00+00:00,2125.199951171875
2024-03-04 18:00:00+00:00,2124.0
2024-03-04 19:00:00+00:00,2125.0
2024-03-04 20:00:00+00:00,2125.300048828125
2024-03-04 21:00:00+00:00,2123.10009765625
2024-03-04 23:00:00+00:00,2122.89990234375
2024-03-05 00:00:00+00:00,2123.699951171875
2024-03-05 01:00:00+00:00,2120.800048828125
2024-03-05 02:00:00+00:00,2120.199951171875
2024-03-05 03:00:00+00:00,2120.89990234375
2024-03-05 04:00:00+00:00,2123.800048828125
2024-03-05 05:00:00+00:00,2127.5
2024-03-05 06:00:00+00:00,2125.39990234375
2024-03-05 07:00:00+00:00,2122.699951171875
2024-03-05 08:00:00+00:00,2128.89990234375
2024-03-05 09:00:00+00:00,2132.699951171875
2024-03-05 10:00:00+00:00,2132.0
2024-03-05 11:00:00+00:00,2132.800048828125
2024-03-05 12:00:00+00:00,2132.60009765625
2024-03-05 13:00:00+00:00,2135.89990234375
2024-03-05 14:00:00+00:00,2136.60009765625
2024-03-05 15:00:00+00:00,2135.199951171875
2024-03-05 16:00:00+00:00,2136.699951171875
2024-03-05 17:00:00+00:00,2139.39990234375
2024-03-05 18:00:00+00:00,2139.10009765625
2024-03-05 19:00:00+00:00,2138.10009765625
2024-03-05 20:00:00+00:00,2138.10009765625
2024-03-05 21:00:00+00:00,2136.39990234375
2024-03-05 23:00:00+00:00,2136.199951171875
2024-03-06 00:00:00+00:00,2134.89990234375
2024-03-06 01:00:00+00:00,2133.699951171875
2024-03-06 02:00:00+00:00,2134.699951171875
2024-03-06 03:00:00+00:00,2133.0
2024-03-06 04:00:00+00:00,2134.300048828125
2024-03-06 05:00:00+00:00,2133.5
2024-03-06 06:00:00+00:00,2135.5
2024-03-06 07:00:00+00:00,2136.39990234375
2024-03-06 08:00:00+00:00,2133.199951171875
2024-03-06 09:00:00+00:00,2136.699951171875
2024-03-06 10:00:00+00:00,2133.800048828125
2024-03-06 11:00:00+00:00,2140.699951171875
2024-03-06 12:00:00+00:00,2142.300048828125
2024-03-06 13:00:00+00:00,2147.60009765625
2024-03-06 14:00:00+00:00,2153.0
2024-03-06 15:00:00+00:00,2149.10009765625
2024-03-06 16:00:00+00:00,2156.39990234375
2024-03-06 17:00:00+00:00,2153.199951171875
2024-03-06 18:00:00+00:00,2155.5
2024-03-06 19:00:00+00:00,2152.699951171875
2024-03-06 20:00:00+00:00,2155.0
2024-03-06 21:00:00+00:00,2156.5
2024-03-06 23:00:00+00:00,2154.800048828125
2024-03-07 00:00:00+00:00,2156.300048828125
2024-03-07 01:00:00+00:00,2153.699951171875
2024-03-07 02:00:00+00:00,2158.39990234375
2024-03-07 03:00:00+00:00,2159.199951171875
2024-03-07 04:00:00+00:00,2165.800048828125
2024-03-07 05:00:00+00:00,2161.800048828125
2024-03-07 06:00:00+00:00,2162.699951171875
2024-03-07 07:00:00+00:00,2163.60009765625
2024-03-07 08:00:00+00:00,2162.39990234375
2024-03-07 09:00:00+00:00,2165.199951171875
2024-03-07 10:00:00+00:00,2164.89990234375
2024-03-07 11:00:00+00:00,2163.300048828125
2024-03-07 12:00:00+00:00,2165.89990234375
2024-03-07 13:00:00+00:00,2166.89990234375
2024-03-07 14:00:00+00:00,2161.39990234375
2024-03-07 15:00:00+00:00,2160.89990234375
2024-03-07 16:00:00+00:00,2163.5
2024-03-07 17:00:00+00:00,2165.699951171875
2024-03-07 18:00:00+00:00,2164.5
2024-03-07 19:00:00+00:00,2167.39990234375
2024-03-07 20:00:00+00:00,2166.0
2024-03-07 21:00:00+00:00,2167.39990234375
2024-03-07 23:00:00+00:00,2169.0
2024-03-08 00:00:00+00:00,2168.10009765625
2024-03-08 01:00:00+00:00,2165.0
2024-03-08 02:00:00+00:00,2162.5
2024-03-08 03:00:00+00:00,2164.699951171875
2024-03-08 04:00:00+00:00,2164.5
2024-03-08 05:00:00+00:00,2164.89990234375
2024-03-08 06:00:00+00:00,2168.10009765625
2024-03-08 07:00:00+00:00,2168.39990234375
2024-03-08 08:00:00+00:00,2172.0
2024-03-08 09:00:00+00:00,2175.89990234375
2024-03-08 10:00:00+00:00,2175.5
2024-03-08 11:00:00+00:00,2175.39990234375
2024-03-08 12:00:00+00:00,2173.10009765625
2024-03-08 13:00:00+00:00,2178.300048828125
2024-03-08 14:00:00+00:00,2177.89990234375
2024-03-08 15:00:00+00:00,2184.199951171875
2024-03-08 16:00:00+00:00,2187.800048828125
2024-03-08 17:00:00+00:00,2192.10009765625
2024-03-08 18:00:00+00:00,2181.199951171875
2024-03-08 19:00:00+00:00,2183.300048828125
2024-03-08 20:00:00+00:00,2184.10009765625
2024-03-08 21:00:00+00:00,2186.199951171875
2024-03-10 22:00:00+00:00,2184.0
2024-03-10 23:00:00+00:00,2188.300048828125
2024-03-11 00:00:00+00:00,2193.10009765625
2024-03-11 01:00:00+00:00,2186.800048828125
2024-03-11 02:00:00+00:00,2184.0
2024-03-11 03:00:00+00:00,2186.300048828125
2024-03-11 04:00:00+00:00,2187.10009765625
2024-03-11 05:00:00+00:00,2184.60009765625
2024-03-11 06:00:00+00:00,2185.89990234375
2024-03-11 07:00:00+00:00,2188.800048828125
2024-03-11 08:00:00+00:00,2183.699951171875
2024-03-11 09:00:00+00:00,2186.89990234375
2024-03-11 10:00:00+00:00,2184.10009765625
2024-03-11 11:00:00+00:00,2185.300048828125
2024-03-11 12:00:00+00:00,2183.800048828125
2024-03-11 13:00:00+00:00,2188.199951171875
2024-03-11 14:00:00+00:00,2188.5
2024-03-11 15:00:00+00:00,2190.699951171875
2024-03-11 16:00:00+00:00,2187.199951171875
2024-03-11 17:00:00+00:00,2186.0
2024-03-11 18:00:00+00:00,2187.199951171875
2024-03-11 19:00:00+00:00,2187.699951171875
2024-03-11 20:00:00+00:00,2189.0
2024-03-11 22:00:00+00:00,2187.199951171875
2024-03-11 23:00:00+00:00,2189.800048828125
2024-03-12 00:00:00+00:00,2186.39990234375
2024-03-12 01:00:00+00:00,2188.800048828125
2024-03-12 02:00:00+00:00,2185.10009765625
2024-03-12 03:00:00+00:00,2183.39990234375
2024-03-12 04:00:00+00:00,2184.5
2024-03-12 05:00:00+00:00,2182.199951171875
2024-03-12 06:00:00+00:00,2181.39990234375
2024-03-12 07:00:00+00:00,2183.199951171875
2024-03-12 08:00:00+00:00,2183.800048828125
2024-03-12 09:00:00+00:00,2183.0
2024-03-12 10:00:00+00:00,2182.300048828125
2024-03-12 11:00:00+00:00,2177.800048828125
2024-03-12 12:00:00+00:00,2175.39990234375
2024-03-12 13:00:00+00:00,2166.0
2024-03-12 14:00:00+00:00,2167.60009765625
2024-03-12 15:00:00+00:00,2168.5
2024-03-12 16:00:00+00:00,2171.5
2024-03-12 17:00:00+00:00,2160.5
2024-03-12 18:00:00+00:00,2159.10009765625
2024-03-12 19:00:00+00:00,2163.0
2024-03-12 20:00:00+00:00,2163.89990234375
2024-03-12 22:00:00+00:00,2164.10009765625
2024-03-12 23:00:00+00:00,2162.39990234375
2024-03-13 00:00:00+00:00,2164.60009765625
2024-03-13 01:00:00+00:00,2163.800048828125
2024-03-13 02:00:00+00:00,2165.5
2024-03-13 03:00:00+00:00,2164.300048828125
2024-03-13 04:00:00+00:00,2164.5
2024-03-13 05:00:00+00:00,2165.39990234375
2024-03-13 06:00:00+00:00,2164.60009765625
2024-03-13 07:00:00+00:00,2165.10009765625
2024-03-13 08:00:00+00:00,2163.60009765625
2024-03-13 09:00:00+00:00,2163.89990234375
2024-03-13 10:00:00+00:00,2168.699951171875
2024-03-13 11:00:00+00:00,2169.300048828125
2024-03-13 12:00:00+00:00,2168.89990234375
2024-03-13 13:00:00+00:00,2171.5
2024-03-13 14:00:00+00:00,2174.39990234375
2024-03-13 15:00:00+00:00,2177.10009765625
2024-03-13 16:00:00+00:00,2179.10009765625
2024-03-13 17:00:00+00:00,2179.89990234375
2024-03-13 18:00:00+00:00,2180.199951171875
2024-03-13 19:00:00+00:00,2177.89990234375
2024-03-13 20:00:00+00:00,2179.39990234375
2024-03-13 22:00:00+00:00,2179.0
2024-03-13 23:00:00+00:00,2179.800048828125
2024-03-14 00:00:00+00:00,2180.800048828125
2024-03-14 01:00:00+00:00,2179.0
2024-03-14 02:00:00+00:00,2176.89990234375
2024-03-14 03:00:00+00:00,2176.300048828125
2024-03-14 04:00:00+00:00,2176.0
2024-03-14 05:00:00+00:00,2173.10009765625
2024-03-14 06:00:00+00:00,2172.89990234375
2024-03-14 07:00:00+00:00,2172.800048828125
2024-03-14 08:00:00+00:00,2173.89990234375
2024-03-14 09:00:00+00:00,2174.39990234375
2024-03-14 10:00:00+00:00,2175.10009765625
2024-03-14 11:00:00+00:00,2173.0
2024-03-14 12:00:00+00:00,2167.0
2024-03-14 13:00:00+00:00,2166.89990234375
2024-03-14 14:00:00+00:00,2166.39990234375
2024-03-14 15:00:00+00:00,2161.5
2024-03-14 16:00:00+00:00,2162.89990234375
2024-03-14 17:00:00+00:00,2164.5
2024-03-14 18:00:00+00:00,2165.699951171875
2024-03-14 19:00:00+00:00,2167.800048828125
2024-03-14 20:00:00+00:00,2166.5
2024-03-14 22:00:00+00:00,2165.5
2024-03-14 23:00:00+00:00,2165.5
2024-03-15 00:00:00+00:00,2166.699951171875
2024-03-15 01:00:00+00:00,2166.699951171875
2024-03-15 02:00:00+00:00,2166.199951171875
2024-03-15 03:00:00+00:00,2168.699951171875
2024-03-15 04:00:00+00:00,2168.39990234375
2024-03-15 05:00:00+00:00,2173.300048828125
2024-03-15 06:00:00+00:00,2172.800048828125
2024-03-15 07:00:00+00:00,2171.10009765625
2024-03-15 08:00:00+00:00,2173.39990234375
2024-03-15 09:00:00+00:00,2175.89990234375
2024-03-15 10:00:00+00:00,2173.5
2024-03-15 11:00:00+00:00,2171.0
2024-03-15 12:00:00+00:00,2165.699951171875
2024-03-15 13:00:00+00:00,2164.0
2024-03-15 14:00:00+00:00,2168.199951171875
2024-03-15 15:00:00+00:00,2163.800048828125
2024-03-15 16:00:00+00:00,2162.60009765625
2024-03-15 17:00:00+00:00,2160.39990234375
2024-03-15 18:00:00+00:00,2163.0
2024-03-15 19:00:00+00:00,2160.699951171875
2024-03-15 20:00:00+00:00,2159.39990234375
2024-03-17 22:00:00+00:00,2158.199951171875
2024-03-17 23:00:00+00:00,2159.699951171875
2024-03-18 00:00:00+00:00,2159.89990234375
2024-03-18 01:00:00+00:00,2155.60009765625
2024-03-18 02:00:00+00:00,2151.10009765625
2024-03-18 03:00:00+00:00,2149.699951171875
2024-03-18 04:00:00+00:00,2150.39990234375
2024-03-18 05:00:00+00:00,2150.5
2024-03-18 06:00:00+00:00,2151.5
2024-03-18 07:00:00+00:00,2155.60009765625
2024-03-18 08:00:00+00:00,2156.89990234375
2024-03-18 09:00:00+00:00,2158.39990234375
2024-03-18 10:00:00+00:00,2161.800048828125
2024-03-18 11:00:00+00:00,2164.60009765625
2024-03-18 12:00:00+00:00,2162.60009765625
2024-03-18 13:00:00+00:00,2160.199951171875
2024-03-18 14:00:00+00:00,2161.800048828125
2024-03-18 15:00:00+00:00,2161.89990234375
2024-03-18 16:00:00+00:00,2163.60009765625
2024-03-18 17:00:00+00:00,2163.60009765625
2024-03-18 18:00:00+00:00,2163.0
2024-03-18 19:00:00+00:00,2163.699951171875
2024-03-18 20:00:00+00:00,2163.89990234375
2024-03-18 22:00:00+00:00,2164.60009765625
2024-03-18 23:00:00+00:00,2165.5
2024-03-19 00:00:00+00:00,2164.10009765625
2024-03-19 01:00:00+00:00,2163.60009765625
2024-03-19 02:00:00+00:00,2164.199951171875
2024-03-19 03:00:00+00:00,2165.0
2024-03-19 04:00:00+00:00,2163.5
2024-03-19 05:00:00+00:00,2160.699951171875
2024-03-19 06:00:00+00:00,2159.699951171875
2024-03-19 07:00:00+00:00,2158.800048828125
2024-03-19 08:00:00+00:00,2156.10009765625
2024-03-19 09:00:00+00:00,2156.300048828125
2024-03-19 10:00:00+00:00,2157.39990234375
2024-03-19 11:00:00+00:00,2158.800048828125
2024-03-19 12:00:00+00:00,2160.199951171875
2024-03-19 13:00:00+00:00,2154.300048828125
2024-03-19 14:00:00+00:00,2158.0
2024-03-19 15:00:00+00:00,2157.39990234375
2024-03-19 16:00:00+00:00,2157.699951171875
2024-03-19 17:00:00+00:00,2160.199951171875
2024-03-19 18:00:00+00:00,2160.10009765625
2024-03-19 19:00:00+00:00,2161.10009765625
2024-03-19 20:00:00+00:00,2160.89990234375
2024-03-19 22:00:00+00:00,2161.800048828125
2024-03-19 23:00:00+00:00,2160.10009765625
2024-03-20 00:00:00+00:00,2160.10009765625
2024-03-20 01:00:00+00:00,2161.89990234375
2024-03-20 02:00:00+00:00,2162.10009765625
2024-03-20 03:00:00+00:00,2162.60009765625
2024-03-20 04:00:00+00:00,2159.800048828125
2024-03-20 05:00:00+00:00,2160.39990234375
2024-03-20 06:00:00+00:00,2159.800048828125
2024-03-20 07:00:00+00:00,2161.0
2024-03-20 08:00:00+00:00,2158.89990234375
2024-03-20 09:00:00+00:00,2157.5
2024-03-20 10:00:00+00:00,2157.10009765625
2024-03-20 11:00:00+00:00,2156.699951171875
2024-03-20 12:00:00+00:00,2155.89990234375
2024-03-20 13:00:00+00:00,2160.89990234375
2024-03-20 14:00:00+00:00,2160.10009765625
2024-03-20 15:00:00+00:00,2158.800048828125
2024-03-20 16:00:00+00:00,2160.89990234375
2024-03-20 17:00:00+00:00,2160.39990234375
2024-03-20 18:00:00+00:00,2185.60009765625
2024-03-20 19:00:00+00:00,2186.0
2024-03-20 20:00:00+00:00,2189.60009765625
2024-03-20 22:00:00+00:00,2202.89990234375
2024-03-20 23:00:00+00:00,2205.800048828125
2024-03-21 00:00:00+00:00,2201.199951171875
2024-03-21 01:00:00+00:00,2207.199951171875
2024-03-21 02:00:00+00:00,2205.60009765625
2024-03-21 03:00:00+00:00,2204.800048828125
2024-03-21 04:00:00+00:00,2205.5
2024-03-21 05:00:00+00:00,2206.699951171875
2024-03-21 06:00:00+00:00,2209.39990234375
2024-03-21 07:00:00+00:00,2208.699951171875
2024-03-21 08:00:00+00:00,2203.5
2024-03-21 09:00:00+00:00,2207.800048828125
2024-03-21 10:00:00+00:00,2209.800048828125
2024-03-21 11:00:00+00:00,2209.60009765625
2024-03-21 12:00:00+00:00,2210.0
2024-03-21 13:00:00+00:00,2194.10009765625
2024-03-21 14:00:00+00:00,2178.39990234375
2024-03-21 15:00:00+00:00,2176.39990234375
2024-03-21 16:00:00+00:00,2181.89990234375
2024-03-21 17:00:00+00:00,2183.0
2024-03-21 18:00:00+00:00,2185.10009765625
2024-03-21 19:00:00+00:00,2183.699951171875
2024-03-21 20:00:00+00:00,2183.300048828125
2024-03-21 22:00:00+00:00,2183.10009765625
2024-03-21 23:00:00+00:00,2183.60009765625
2024-03-22 00:00:00+00:00,2186.89990234375
2024-03-22 01:00:00+00:00,2175.39990234375
2024-03-22 02:00:00+00:00,2174.39990234375
2024-03-22 03:00:00+00:00,2175.199951171875
2024-03-22 04:00:00+00:00,2174.89990234375
2024-03-22 05:00:00+00:00,2175.5
2024-03-22 06:00:00+00:00,2171.5
2024-03-22 07:00:00+00:00,2169.89990234375
2024-03-22 08:00:00+00:00,2169.300048828125
2024-03-22 09:00:00+00:00,2168.0
2024-03-22 10:00:00+00:00,2168.60009765625
2024-03-22 11:00:00+00:00,2167.5
2024-03-22 12:00:00+00:00,2176.10009765625
2024-03-22 13:00:00+00:00,2179.699951171875
2024-03-22 14:00:00+00:00,2175.60009765625
2024-03-22 15:00:00+00:00,2167.89990234375
2024-03-22 16:00:00+00:00,2164.10009765625
2024-03-22 17:00:00+00:00,2160.60009765625
2024-03-22 18:00:00+00:00,2164.5
2024-03-22 19:00:00+00:00,2165.39990234375
2024-03-22 20:00:00+00:00,2166.5
2024-03-24 22:00:00+00:00,2167.699951171875
2024-03-24 23:00:00+00:00,2169.39990234375
2024-03-25 00:00:00+00:00,2166.800048828125
2024-03-25 01:00:00+00:00,2176.300048828125
2024-03-25 02:00:00+00:00,2176.39990234375
2024-03-25 03:00:00+00:00,2171.60009765625
2024-03-25 04:00:00+00:00,2170.60009765625
2024-03-25 05:00:00+00:00,2170.800048828125
2024-03-25 06:00:00+00:00,2166.5
2024-03-25 07:00:00+00:00,2167.0
2024-03-25 08:00:00+00:00,2166.699951171875
2024-03-25 09:00:00+00:00,2169.5
2024-03-25 10:00:00+00:00,2169.60009765625
2024-03-25 11:00:00+00:00,2171.5
2024-03-25 12:00:00+00:00,2175.60009765625
2024-03-25 13:00:00+00:00,2178.300048828125
2024-03-25 14:00:00+00:00,2178.89990234375
2024-03-25 15:00:00+00:00,2177.10009765625
2024-03-25 16:00:00+00:00,2176.800048828125
2024-03-25 17:00:00+00:00,2175.800048828125
2024-03-25 18:00:00+00:00,2174.300048828125
2024-03-25 19:00:00+00:00,2172.10009765625
2024-03-25 20:00:00+00:00,2173.0
2024-03-25 22:00:00+00:00,2172.800048828125
2024-03-25 23:00:00+00:00,2173.39990234375
2024-03-26 00:00:00+00:00,2174.39990234375
2024-03-26 01:00:00+00:00,2170.0
2024-03-26 02:00:00+00:00,2171.199951171875
2024-03-26 03:00:00+00:00,2170.699951171875
2024-03-26 04:00:00+00:00,2172.60009765625
2024-03-26 05:00:00+00:00,2173.300048828125
2024-03-26 06:00:00+00:00,2171.800048828125
2024-03-26 07:00:00+00:00,2173.5
2024-03-26 08:00:00+00:00,2178.800048828125
2024-03-26 09:00:00+00:00,2191.39990234375
2024-03-26 10:00:00+00:00,2198.39990234375
2024-03-26 11:00:00+00:00,2197.199951171875
2024-03-26 12:00:00+00:00,2188.5
2024-03-26 13:00:00+00:00,2183.5
2024-03-26 14:00:00+00:00,2180.10009765625
2024-03-26 15:00:00+00:00,2174.800048828125
2024-03-26 16:00:00+00:00,2176.89990234375
2024-03-26 17:00:00+00:00,2177.0
2024-03-26 18:00:00+00:00,2178.0
2024-03-26 19:00:00+00:00,2178.60009765625
2024-03-26 20:00:00+00:00,2179.5
2024-03-26 22:00:00+00:00,2177.39990234375
2024-03-26 23:00:00+00:00,2178.0
2024-03-27 00:00:00+00:00,2176.10009765625
2024-03-27 01:00:00+00:00,2173.89990234375
2024-03-27 02:00:00+00:00,2174.5
2024-03-27 03:00:00+00:00,2177.0
2024-03-27 04:00:00+00:00,2177.199951171875
2024-03-27 05:00:00+00:00,2175.5
2024-03-27 06:00:00+00:00,2176.199951171875
2024-03-27 07:00:00+00:00,2201.199951171875
2024-03-27 08:00:00+00:00,2197.800048828125
2024-03-27 09:00:00+00:00,2209.60009765625
2024-03-27 10:00:00+00:00,2214.60009765625
2024-03-27 11:00:00+00:00,2209.199951171875
2024-03-27 12:00:00+00:00,2206.699951171875
2024-03-27 13:00:00+00:00,2214.199951171875
2024-03-27 14:00:00+00:00,2214.199951171875
2024-03-27 15:00:00+00:00,2211.199951171875
2024-03-27 16:00:00+00:00,2213.300048828125
2024-03-27 17:00:00+00:00,2211.0
2024-03-27 18:00:00+00:00,2213.10009765625
2024-03-27 19:00:00+00:00,2214.10009765625
2024-03-27 20:00:00+00:00,2215.39990234375
2024-03-27 22:00:00+00:00,2212.699951171875
2024-03-27 23:00:00+00:00,2210.89990234375
2024-03-28 00:00:00+00:00,2209.300048828125
2024-03-28 01:00:00+00:00,2209.5
2024-03-28 02:00:00+00:00,2215.300048828125
2024-03-28 03:00:00+00:00,2215.0
2024-03-28 04:00:00+00:00,2216.300048828125
2024-03-28 05:00:00+00:00,2217.800048828125
2024-03-28 06:00:00+00:00,2219.10009765625
2024-03-28 07:00:00+00:00,2214.0
2024-03-28 08:00:00+00:00,2215.10009765625
2024-03-28 09:00:00+00:00,2218.39990234375
2024-03-28 10:00:00+00:00,2232.699951171875
2024-03-28 11:00:00+00:00,2231.10009765625
2024-03-28 12:00:00+00:00,2236.300048828125
2024-03-28 13:00:00+00:00,2227.0
2024-03-28 14:00:00+00:00,2234.89990234375
2024-03-28 15:00:00+00:00,2236.39990234375
2024-03-28 16:00:00+00:00,2241.199951171875
2024-03-28 17:00:00+00:00,2242.89990234375
2024-03-28 18:00:00+00:00,2241.199951171875
2024-03-28 19:00:00+00:00,2242.5
2024-03-28 20:00:00+00:00,2254.800048828125
2024-03-31 22:00:00+00:00,2257.300048828125
2024-03-31 23:00:00+00:00,2266.199951171875
2024-04-01 00:00:00+00:00,2270.5
2024-04-01 01:00:00+00:00,2276.300048828125
2024-04-01 02:00:00+00:00,2277.89990234375
2024-04-01 03:00:00+00:00,2285.39990234375
2024-04-01 04:00:00+00:00,2281.300048828125
2024-04-01 05:00:00+00:00,2282.39990234375
2024-04-01 06:00:00+00:00,2281.199951171875
2024-04-01 07:00:00+00:00,2278.300048828125
2024-04-01 08:00:00+00:00,2277.89990234375
2024-04-01 09:00:00+00:00,2272.300048828125
2024-04-01 10:00:00+00:00,2268.60009765625
2024-04-01 11:00:00+00:00,2267.199951171875
2024-04-01 12:00:00+00:00,2273.39990234375
2024-04-01 13:00:00+00:00,2267.60009765625
2024-04-01 14:00:00+00:00,2256.699951171875
2024-04-01 15:00:00+00:00,2260.300048828125
2024-04-01 16:00:00+00:00,2258.60009765625
2024-04-01 17:00:00+00:00,2259.699951171875
2024-04-01 18:00:00+00:00,2259.89990234375
2024-04-01 19:00:00+00:00,2265.10009765625
2024-04-01 20:00:00+00:00,2272.5
2024-04-01 22:00:00+00:00,2273.800048828125
2024-04-01 23:00:00+00:00,2269.39990234375
2024-04-02 00:00:00+00:00,2270.800048828125
2024-04-02 01:00:00+00:00,2269.199951171875
2024-04-02 02:00:00+00:00,2274.699951171875
2024-04-02 03:00:00+00:00,2271.60009765625
2024-04-02 04:00:00+00:00,2276.89990234375
2024-04-02 05:00:00+00:00,2274.10009765625
2024-04-02 06:00:00+00:00,2276.10009765625
2024-04-02 07:00:00+00:00,2276.800048828125
2024-04-02 08:00:00+00:00,2281.699951171875
2024-04-02 09:00:00+00:00,2281.300048828125
2024-04-02 10:00:00+00:00,2282.5
2024-04-02 11:00:00+00:00,2281.10009765625
2024-04-02 12:00:00+00:00,2277.89990234375
2024-04-02 13:00:00+00:00,2285.89990234375
2024-04-02 14:00:00+00:00,2281.199951171875
2024-04-02 15:00:00+00:00,2279.199951171875
2024-04-02 16:00:00+00:00,2280.60009765625
2024-04-02 17:00:00+00:00,2286.699951171875
2024-04-02 18:00:00+00:00,2292.300048828125
2024-04-02 19:00:00+00:00,2298.10009765625
2024-04-02 20:00:00+00:00,2301.0
2024-04-02 22:00:00+00:00,2302.0
2024-04-02 23:00:00+00:00,2300.10009765625
2024-04-03 00:00:00+00:00,2303.300048828125
2024-04-03 01:00:00+00:00,2302.89990234375
2024-04-03 02:00:00+00:00,2303.800048828125
2024-04-03 03:00:00+00:00,2305.199951171875
2024-04-03 04:00:00+00:00,2303.89990234375
2024-04-03 05:00:00+00:00,2306.199951171875
2024-04-03 06:00:00+00:00,2302.199951171875
2024-04-03 07:00:00+00:00,2291.300048828125
2024-04-03 08:00:00+00:00,2293.300048828125
2024-04-03 09:00:00+00:00,2292.199951171875
2024-04-03 10:00:00+00:00,2292.89990234375
2024-04-03 11:00:00+00:00,2294.0
2024-04-03 12:00:00+00:00,2295.199951171875
2024-04-03 13:00:00+00:00,2295.800048828125
2024-04-03 14:00:00+00:00,2303.199951171875
2024-04-03 15:00:00+00:00,2306.699951171875
2024-04-03 16:00:00+00:00,2314.39990234375
2024-04-03 17:00:00+00:00,2315.60009765625
2024-04-03 18:00:00+00:00,2317.0
2024-04-03 19:00:00+00:00,2318.10009765625
2024-04-03 20:00:00+00:00,2320.89990234375
2024-04-03 22:00:00+00:00,2321.5
2024-04-03 23:00:00+00:00,2317.39990234375
2024-04-04 00:00:00+00:00,2321.89990234375
2024-04-04 01:00:00+00:00,2320.699951171875
2024-04-04 02:00:00+00:00,2319.199951171875
2024-04-04 03:00:00+00:00,2318.5
2024-04-04 04:00:00+00:00,2318.10009765625
2024-04-04 05:00:00+00:00,2314.89990234375
2024-04-04 06:00:00+00:00,2315.39990234375
2024-04-04 07:00:00+00:00,2312.199951171875
2024-04-04 08:00:00+00:00,2310.89990234375
2024-04-04 09:00:00+00:00,2312.5
2024-04-04 10:00:00+00:00,2313.89990234375
2024-04-04 11:00:00+00:00,2308.5
2024-04-04 12:00:00+00:00,2307.5
2024-04-04 13:00:00+00:00,2306.699951171875
2024-04-04 14:00:00+00:00,2314.39990234375
2024-04-04 15:00:00+00:00,2311.300048828125
2024-04-04 16:00:00+00:00,2306.10009765625
2024-04-04 17:00:00+00:00,2313.199951171875
2024-04-04 18:00:00+00:00,2323.5
2024-04-04 19:00:00+00:00,2304.300048828125
2024-04-04 20:00:00+00:00,2310.39990234375
2024-04-04 22:00:00+00:00,2308.699951171875
2024-04-04 23:00:00+00:00,2307.60009765625
2024-04-05 00:00:00+00:00,2301.699951171875
2024-04-05 01:00:00+00:00,2290.5
2024-04-05 02:00:00+00:00,2292.5
2024-04-05 03:00:00+00:00,2295.39990234375
2024-04-05 04:00:00+00:00,2296.60009765625
2024-04-05 05:00:00+00:00,2298.39990234375
2024-04-05 06:00:00+00:00,2298.0
2024-04-05 07:00:00+00:00,2308.199951171875
2024-04-05 08:00:00+00:00,2307.10009765625
2024-04-05 09:00:00+00:00,2310.10009765625
2024-04-05 10:00:00+00:00,2313.10009765625
2024-04-05 11:00:00+00:00,2310.39990234375
2024-04-05 12:00:00+00:00,2310.0
2024-04-05 13:00:00+00:00,2319.0
2024-04-05 14:00:00+00:00,2337.0
2024-04-05 15:00:00+00:00,2345.60009765625
2024-04-05 16:00:00+00:00,2346.699951171875
2024-04-05 17:00:00+00:00,2345.800048828125
2024-04-05 18:00:00+00:00,2344.60009765625
2024-04-05 19:00:00+00:00,2342.39990234375
2024-04-05 20:00:00+00:00,2349.10009765625
2024-04-07 22:00:00+00:00,2326.699951171875
2024-04-07 23:00:00+00:00,2330.10009765625
2024-04-08 00:00:00+00:00,2325.10009765625
2024-04-08 01:00:00+00:00,2343.300048828125
2024-04-08 02:00:00+00:00,2366.800048828125
2024-04-08 03:00:00+00:00,2361.89990234375
2024-04-08 04:00:00+00:00,2360.699951171875
2024-04-08 05:00:00+00:00,2353.300048828125
2024-04-08 06:00:00+00:00,2355.0
2024-04-08 07:00:00+00:00,2356.5
2024-04-08 08:00:00+00:00,2355.0
2024-04-08 09:00:00+00:00,2356.5
2024-04-08 10:00:00+00:00,2359.199951171875
2024-04-08 11:00:00+00:00,2356.199951171875
2024-04-08 12:00:00+00:00,2348.0
2024-04-08 13:00:00+00:00,2346.39990234375
2024-04-08 14:00:00+00:00,2347.800048828125
2024-04-08 15:00:00+00:00,2346.699951171875
2024-04-08 16:00:00+00:00,2347.39990234375
2024-04-08 17:00:00+00:00,2356.800048828125
2024-04-08 18:00:00+00:00,2358.10009765625
2024-04-08 19:00:00+00:00,2357.699951171875
2024-04-08 20:00:00+00:00,2358.39990234375
2024-04-08 22:00:00+00:00,2357.60009765625
2024-04-08 23:00:00+00:00,2357.699951171875
2024-04-09 00:00:00+00:00,2359.5
2024-04-09 01:00:00+00:00,2358.39990234375
2024-04-09 02:00:00+00:00,2363.800048828125
2024-04-09 03:00:00+00:00,2362.60009765625
2024-04-09 04:00:00+00:00,2362.699951171875
2024-04-09 05:00:00+00:00,2363.60009765625
2024-04-09 06:00:00+00:00,2363.10009765625
2024-04-09 07:00:00+00:00,2372.800048828125
2024-04-09 08:00:00+00:00,2376.5
2024-04-09 09:00:00+00:00,2382.10009765625
2024-04-09 10:00:00+00:00,2375.199951171875
2024-04-09 11:00:00+00:00,2373.199951171875
2024-04-09 12:00:00+00:00,2368.0
2024-04-09 13:00:00+00:00,2374.199951171875
2024-04-09 14:00:00+00:00,2371.5
2024-04-09 15:00:00+00:00,2359.10009765625
2024-04-09 16:00:00+00:00,2363.5
2024-04-09 17:00:00+00:00,2365.800048828125
2024-04-09 18:00:00+00:00,2368.199951171875
2024-04-09 19:00:00+00:00,2369.60009765625
2024-04-09 20:00:00+00:00,2372.0
2024-04-09 22:00:00+00:00,2370.89990234375
2024-04-09 23:00:00+00:00,2373.39990234375
2024-04-10 00:00:00+00:00,2370.199951171875
2024-04-10 01:00:00+00:00,2367.39990234375
2024-04-10 02:00:00+00:00,2370.0
2024-04-10 03:00:00+00:00,2369.60009765625
2024-04-10 04:00:00+00:00,2374.300048828125
2024-04-10 05:00:00+00:00,2375.39990234375
2024-04-10 06:00:00+00:00,2373.39990234375
2024-04-10 07:00:00+00:00,2371.199951171875
2024-04-10 08:00:00+00:00,2372.89990234375
2024-04-10 09:00:00+00:00,2365.89990234375
2024-04-10 10:00:00+00:00,2365.89990234375
2024-04-10 11:00:00+00:00,2365.60009765625
2024-04-10 12:00:00+00:00,2356.89990234375
2024-04-10 13:00:00+00:00,2352.39990234375
2024-04-10 14:00:00+00:00,2364.60009765625
2024-04-10 15:00:00+00:00,2355.300048828125
2024-04-10 16:00:00+00:00,2355.699951171875
2024-04-10 17:00:00+00:00,2356.10009765625
2024-04-10 18:00:00+00:00,2345.60009765625
2024-04-10 19:00:00+00:00,2347.800048828125
2024-04-10 20:00:00+00:00,2352.39990234375
2024-04-10 22:00:00+00:00,2353.300048828125
2024-04-10 23:00:00+00:00,2352.89990234375
2024-04-11 00:00:00+00:00,2352.5
2024-04-11 01:00:00+00:00,2357.89990234375
2024-04-11 02:00:00+00:00,2361.199951171875
2024-04-11 03:00:00+00:00,2361.300048828125
2024-04-11 04:00:00+00:00,2360.0
2024-04-11 05:00:00+00:00,2359.0
2024-04-11 06:00:00+00:00,2353.199951171875
2024-04-11 07:00:00+00:00,2353.89990234375
2024-04-11 08:00:00+00:00,2345.300048828125
2024-04-11 09:00:00+00:00,2348.300048828125
2024-04-11 10:00:00+00:00,2356.0
2024-04-11 11:00:00+00:00,2354.800048828125
2024-04-11 12:00:00+00:00,2359.0
2024-04-11 13:00:00+00:00,2360.89990234375
2024-04-11 14:00:00+00:00,2356.300048828125
2024-04-11 15:00:00+00:00,2362.300048828125
2024-04-11 16:00:00+00:00,2367.39990234375
2024-04-11 17:00:00+00:00,2374.0
2024-04-11 18:00:00+00:00,2379.199951171875
2024-04-11 19:00:00+00:00,2390.699951171875
2024-04-11 20:00:00+00:00,2390.60009765625
2024-04-11 22:00:00+00:00,2391.5
2024-04-11 23:00:00+00:00,2394.300048828125
2024-04-12 00:00:00+00:00,2395.89990234375
2024-04-12 01:00:00+00:00,2407.89990234375
2024-04-12 02:00:00+00:00,2407.699951171875
2024-04-12 03:00:00+00:00,2401.5
2024-04-12 04:00:00+00:00,2401.60009765625
2024-04-12 05:00:00+00:00,2404.699951171875
2024-04-12 06:00:00+00:00,2412.5
2024-04-12 07:00:00+00:00,2417.39990234375
2024-04-12 08:00:00+00:00,2414.10009765625
2024-04-12 09:00:00+00:00,2415.39990234375
2024-04-12 10:00:00+00:00,2415.5
2024-04-12 11:00:00+00:00,2412.699951171875
2024-04-12 12:00:00+00:00,2413.10009765625
2024-04-12 13:00:00+00:00,2422.199951171875
2024-04-12 14:00:00+00:00,2443.89990234375
2024-04-12 15:00:00+00:00,2412.800048828125
2024-04-12 16:00:00+00:00,2386.10009765625
2024-04-12 17:00:00+00:00,2372.0
2024-04-12 18:00:00+00:00,2355.5
2024-04-12 19:00:00+00:00,2360.10009765625
2024-04-12 20:00:00+00:00,2360.199951171875
2024-04-14 22:00:00+00:00,2373.0
2024-04-14 23:00:00+00:00,2381.199951171875
2024-04-15 00:00:00+00:00,2369.0
2024-04-15 01:00:00+00:00,2371.800048828125
2024-04-15 02:00:00+00:00,2375.89990234375
2024-04-15 03:00:00+00:00,2374.89990234375
2024-04-15 04:00:00+00:00,2372.89990234375
2024-04-15 05:00:00+00:00,2377.300048828125
2024-04-15 06:00:00+00:00,2371.199951171875
2024-04-15 07:00:00+00:00,2369.199951171875
2024-04-15 08:00:00+00:00,2368.0
2024-04-15 09:00:00+00:00,2366.10009765625
2024-04-15 10:00:00+00:00,2373.5
2024-04-15 11:00:00+00:00,2374.699951171875
2024-04-15 12:00:00+00:00,2374.0
2024-04-15 13:00:00+00:00,2365.199951171875
2024-04-15 14:00:00+00:00,2366.0
2024-04-15 15:00:00+00:00,2368.300048828125
2024-04-15 16:00:00+00:00,2373.699951171875
2024-04-15 17:00:00+00:00,2382.199951171875
2024-04-15 18:00:00+00:00,2392.699951171875
2024-04-15 19:00:00+00:00,2403.10009765625
2024-04-15 20:00:00+00:00,2399.300048828125
2024-04-15 22:00:00+00:00,2400.699951171875
2024-04-15 23:00:00+00:00,2398.39990234375
2024-04-16 00:00:00+00:00,2400.0
2024-04-16 01:00:00+00:00,2400.199951171875
2024-04-16 02:00:00+00:00,2402.60009765625
2024-04-16 03:00:00+00:00,2404.10009765625
2024-04-16 04:00:00+00:00,2402.39990234375
2024-04-16 05:00:00+00:00,2402.5
2024-04-16 06:00:00+00:00,2389.10009765625
2024-04-16 07:00:00+00:00,2381.89990234375
2024-04-16 08:00:00+00:00,2385.60009765625
2024-04-16 09:00:00+00:00,2388.300048828125
2024-04-16 10:00:00+00:00,2386.39990234375
2024-04-16 11:00:00+00:00,2390.39990234375
2024-04-16 12:00:00+00:00,2392.5
2024-04-16 13:00:00+00:00,2382.699951171875
2024-04-16 14:00:00+00:00,2399.60009765625
2024-04-16 15:00:00+00:00,2402.60009765625
2024-04-16 16:00:00+00:00,2414.0
2024-04-16 17:00:00+00:00,2401.39990234375
2024-04-16 18:00:00+00:00,2409.0
2024-04-16 19:00:00+00:00,2406.39990234375
2024-04-16 20:00:00+00:00,2399.5
2024-04-16 22:00:00+00:00,2401.199951171875
2024-04-16 23:00:00+00:00,2398.800048828125
2024-04-17 00:00:00+00:00,2400.60009765625
2024-04-17 01:00:00+00:00,2400.800048828125
2024-04-17 02:00:00+00:00,2398.60009765625
2024-04-17 03:00:00+00:00,2398.0
2024-04-17 04:00:00+00:00,2398.0
2024-04-17 05:00:00+00:00,2393.800048828125
2024-04-17 06:00:00+00:00,2397.300048828125
2024-04-17 07:00:00+00:00,2398.699951171875
2024-04-17 08:00:00+00:00,2409.0
2024-04-17 09:00:00+00:00,2408.300048828125
2024-04-17 10:00:00+00:00,2402.800048828125
2024-04-17 11:00:00+00:00,2403.60009765625
2024-04-17 12:00:00+00:00,2399.300048828125
2024-04-17 13:00:00+00:00,2409.699951171875
2024-04-17 14:00:00+00:00,2406.699951171875
2024-04-17 15:00:00+00:00,2398.39990234375
2024-04-17 16:00:00+00:00,2388.300048828125
2024-04-17 17:00:00+00:00,2388.0
2024-04-17 18:00:00+00:00,2390.10009765625
2024-04-17 19:00:00+00:00,2388.39990234375
2024-04-17 20:00:00+00:00,2376.60009765625
2024-04-17 22:00:00+00:00,2380.5
2024-04-17 23:00:00+00:00,2382.800048828125
2024-04-18 00:00:00+00:00,2384.800048828125
2024-04-18 01:00:00+00:00,2382.10009765625
2024-04-18 02:00:00+00:00,2387.699951171875
2024-04-18 03:00:00+00:00,2389.5
2024-04-18 04:00:00+00:00,2389.699951171875
2024-04-18 05:00:00+00:00,2391.60009765625
2024-04-18 06:00:00+00:00,2395.300048828125
2024-04-18 07:00:00+00:00,2392.60009765625
2024-04-18 08:00:00+00:00,2394.800048828125
2024-04-18 09:00:00+00:00,2394.39990234375
2024-04-18 10:00:00+00:00,2398.0
2024-04-18 11:00:00+00:00,2395.800048828125
2024-04-18 12:00:00+00:00,2400.699951171875
2024-04-18 13:00:00+00:00,2394.800048828125
2024-04-18 14:00:00+00:00,2395.199951171875
2024-04-18 15:00:00+00:00,2399.199951171875
2024-04-18 16:00:00+00:00,2403.10009765625
2024-04-18 17:00:00+00:00,2399.89990234375
2024-04-18 18:00:00+00:00,2396.699951171875
2024-04-18 19:00:00+00:00,2395.39990234375
2024-04-18 20:00:00+00:00,2394.39990234375
2024-04-18 22:00:00+00:00,2394.0
2024-04-18 23:00:00+00:00,2394.699951171875
2024-04-19 00:00:00+00:00,2394.300048828125
2024-04-19 01:00:00+00:00,2424.89990234375
2024-04-19 02:00:00+00:00,2415.60009765625
2024-04-19 03:00:00+00:00,2405.300048828125
2024-04-19 04:00:00+00:00,2398.199951171875
2024-04-19 05:00:00+00:00,2395.800048828125
2024-04-19 06:00:00+00:00,2404.89990234375
2024-04-19 07:00:00+00:00,2400.199951171875
2024-04-19 08:00:00+00:00,2398.800048828125
2024-04-19 09:00:00+00:00,2395.699951171875
2024-04-19 10:00:00+00:00,2395.800048828125
2024-04-19 11:00:00+00:00,2391.5
2024-04-19 12:00:00+00:00,2396.300048828125
2024-04-19 13:00:00+00:00,2393.39990234375
2024-04-19 14:00:00+00:00,2405.89990234375
2024-04-19 15:00:00+00:00,2409.699951171875
2024-04-19 16:00:00+00:00,2414.60009765625
2024-04-19 17:00:00+00:00,2408.60009765625
2024-04-19 18:00:00+00:00,2413.10009765625
2024-04-19 19:00:00+00:00,2402.5
2024-04-19 20:00:00+00:00,2406.699951171875
2024-04-21 22:00:00+00:00,2398.300048828125
2024-04-21 23:00:00+00:00,2400.699951171875
2024-04-22 00:00:00+00:00,2396.5
2024-04-22 01:00:00+00:00,2392.300048828125
2024-04-22 02:00:00+00:00,2386.800048828125
2024-04-22 03:00:00+00:00,2383.0
2024-04-22 04:00:00+00:00,2383.39990234375
2024-04-22 05:00:00+00:00,2379.199951171875
2024-04-22 06:00:00+00:00,2369.699951171875
2024-04-22 07:00:00+00:00,2374.800048828125
2024-04-22 08:00:00+00:00,2373.5
2024-04-22 09:00:00+00:00,2375.10009765625
2024-04-22 10:00:00+00:00,2371.5
2024-04-22 11:00:00+00:00,2356.0
2024-04-22 12:00:00+00:00,2350.5
2024-04-22 13:00:00+00:00,2352.5
2024-04-22 14:00:00+00:00,2355.199951171875
2024-04-22 15:00:00+00:00,2348.60009765625
2024-04-22 16:00:00+00:00,2343.699951171875
2024-04-22 17:00:00+00:00,2344.0
2024-04-22 18:00:00+00:00,2341.39990234375
2024-04-22 19:00:00+00:00,2343.300048828125
2024-04-22 20:00:00+00:00,2341.10009765625
2024-04-22 22:00:00+00:00,2344.300048828125
2024-04-22 23:00:00+00:00,2347.39990234375
2024-04-23 00:00:00+00:00,2346.199951171875
2024-04-23 01:00:00+00:00,2312.10009765625
2024-04-23 02:00:00+00:00,2315.0
2024-04-23 03:00:00+00:00,2316.39990234375
2024-04-23 04:00:00+00:00,2318.800048828125
2024-04-23 05:00:00+00:00,2321.800048828125
2024-04-23 06:00:00+00:00,2315.39990234375
2024-04-23 07:00:00+00:00,2322.699951171875
2024-04-23 08:00:00+00:00,2316.800048828125
2024-04-23 09:00:00+00:00,2309.0
2024-04-23 10:00:00+00:00,2317.0
2024-04-23 11:00:00+00:00,2315.89990234375
2024-04-23 12:00:00+00:00,2325.5
2024-04-23 13:00:00+00:00,2342.89990234375
2024-04-23 14:00:00+00:00,2333.89990234375
2024-04-23 15:00:00+00:00,2336.89990234375
2024-04-23 16:00:00+00:00,2344.199951171875
2024-04-23 17:00:00+00:00,2340.199951171875
2024-04-23 18:00:00+00:00,2338.0
2024-04-23 19:00:00+00:00,2335.89990234375
2024-04-23 20:00:00+00:00,2335.699951171875
2024-04-23 22:00:00+00:00,2335.300048828125
2024-04-23 23:00:00+00:00,2336.800048828125
2024-04-24 00:00:00+00:00,2334.39990234375
2024-04-24 01:00:00+00:00,2331.699951171875
2024-04-24 02:00:00+00:00,2334.800048828125
2024-04-24 03:00:00+00:00,2341.10009765625
2024-04-24 04:00:00+00:00,2339.89990234375
2024-04-24 05:00:00+00:00,2341.800048828125
2024-04-24 06:00:00+00:00,2339.800048828125
2024-04-24 07:00:00+00:00,2333.60009765625
2024-04-24 08:00:00+00:00,2332.39990234375
2024-04-24 09:00:00+00:00,2328.199951171875
2024-04-24 10:00:00+00:00,2329.89990234375
2024-04-24 11:00:00+00:00,2329.300048828125
2024-04-24 12:00:00+00:00,2336.5
2024-04-24 13:00:00+00:00,2334.60009765625
2024-04-24 14:00:00+00:00,2343.10009765625
2024-04-24 15:00:00+00:00,2336.0
2024-04-24 16:00:00+00:00,2338.60009765625
2024-04-24 17:00:00+00:00,2337.699951171875
2024-04-24 18:00:00+00:00,2333.60009765625
2024-04-24 19:00:00+00:00,2332.10009765625
2024-04-24 20:00:00+00:00,2328.89990234375
2024-04-24 22:00:00+00:00,2330.0
2024-04-24 23:00:00+00:00,2328.199951171875
2024-04-25 00:00:00+00:00,2331.0
2024-04-25 01:00:00+00:00,2330.800048828125
2024-04-25 02:00:00+00:00,2331.60009765625
2024-04-25 03:00:00+00:00,2325.0
2024-04-25 04:00:00+00:00,2327.0
2024-04-25 05:00:00+00:00,2331.300048828125
2024-04-25 06:00:00+00:00,2334.89990234375
2024-04-25 07:00:00+00:00,2338.0
2024-04-25 08:00:00+00:00,2339.300048828125
2024-04-25 09:00:00+00:00,2337.199951171875
2024-04-25 10:00:00+00:00,2340.5
2024-04-25 11:00:00+00:00,2340.699951171875
2024-04-25 12:00:00+00:00,2343.10009765625
2024-04-25 13:00:00+00:00,2331.10009765625
2024-04-25 14:00:00+00:00,2346.199951171875
2024-04-25 15:00:00+00:00,2342.5
2024-04-25 16:00:00+00:00,2340.89990234375
2024-04-25 17:00:00+00:00,2344.5
2024-04-25 18:00:00+00:00,2345.300048828125
2024-04-25 19:00:00+00:00,2345.300048828125
2024-04-25 20:00:00+00:00,2344.60009765625
2024-04-25 22:00:00+00:00,2344.699951171875
2024-04-25 23:00:00+00:00,2342.5
2024-04-26 00:00:00+00:00,2341.800048828125
2024-04-26 01:00:00+00:00,2344.300048828125
2024-04-26 02:00:00+00:00,2345.89990234375
2024-04-26 03:00:00+00:00,2347.0
2024-04-26 04:00:00+00:00,2348.10009765625
2024-04-26 05:00:00+00:00,2349.89990234375
2024-04-26 06:00:00+00:00,2352.699951171875
2024-04-26 07:00:00+00:00,2357.60009765625
2024-04-26 08:00:00+00:00,2358.89990234375
2024-04-26 09:00:00+00:00,2361.199951171875
2024-04-26 10:00:00+00:00,2359.699951171875
2024-04-26 11:00:00+00:00,2356.800048828125
2024-04-26 12:00:00+00:00,2356.699951171875
2024-04-26 13:00:00+00:00,2353.10009765625
2024-04-26 14:00:00+00:00,2345.300048828125
2024-04-26 15:00:00+00:00,2348.5
2024-04-26 16:00:00+00:00,2345.300048828125
2024-04-26 17:00:00+00:00,2350.199951171875
2024-04-26 18:00:00+00:00,2352.60009765625
2024-04-26 19:00:00+00:00,2351.5
2024-04-26 20:00:00+00:00,2349.60009765625
2024-04-28 22:00:00+00:00,2346.10009765625
2024-04-28 23:00:00+00:00,2347.39990234375
2024-04-29 00:00:00+00:00,2343.699951171875
2024-04-29 01:00:00+00:00,2342.39990234375
2024-04-29 02:00:00+00:00,2335.5
2024-04-29 03:00:00+00:00,2339.699951171875
2024-04-29 04:00:00+00:00,2343.60009765625
2024-04-29 05:00:00+00:00,2341.60009765625
2024-04-29 06:00:00+00:00,2340.5
2024-04-29 07:00:00+00:00,2348.800048828125
2024-04-29 08:00:00+00:00,2349.699951171875
2024-04-29 09:00:00+00:00,2354.699951171875
2024-04-29 10:00:00+00:00,2352.699951171875
2024-04-29 11:00:00+00:00,2348.39990234375
2024-04-29 12:00:00+00:00,2343.39990234375
2024-04-29 13:00:00+00:00,2345.199951171875
2024-04-29 14:00:00+00:00,2349.39990234375
2024-04-29 15:00:00+00:00,2349.5
2024-04-29 16:00:00+00:00,2354.60009765625
2024-04-29 17:00:00+00:00,2353.800048828125
2024-04-29 18:00:00+00:00,2353.0
2024-04-29 19:00:00+00:00,2347.39990234375
2024-04-29 20:00:00+00:00,2347.5
2024-04-29 22:00:00+00:00,2346.39990234375
2024-04-29 23:00:00+00:00,2344.300048828125
2024-04-30 00:00:00+00:00,2345.199951171875
2024-04-30 01:00:00+00:00,2345.199951171875
2024-04-30 02:00:00+00:00,2342.5
2024-04-30 03:00:00+00:00,2340.300048828125
2024-04-30 04:00:00+00:00,2337.60009765625
2024-04-30 05:00:00+00:00,2333.800048828125
2024-04-30 06:00:00+00:00,2333.5
2024-04-30 07:00:00+00:00,2328.60009765625
2024-04-30 08:00:00+00:00,2323.800048828125
2024-04-30 09:00:00+00:00,2325.800048828125
2024-04-30 10:00:00+00:00,2326.39990234375
2024-04-30 11:00:00+00:00,2323.699951171875
2024-04-30 12:00:00+00:00,2316.89990234375
2024-04-30 13:00:00+00:00,2318.60009765625
2024-04-30 14:00:00+00:00,2307.5
2024-04-30 15:00:00+00:00,2306.800048828125
2024-04-30 16:00:00+00:00,2305.699951171875
2024-04-30 17:00:00+00:00,2306.800048828125
2024-04-30 18:00:00+00:00,2301.10009765625
2024-04-30 19:00:00+00:00,2301.89990234375
2024-04-30 20:00:00+00:00,2297.300048828125
2024-04-30 22:00:00+00:00,2302.300048828125
2024-04-30 23:00:00+00:00,2302.0
2024-05-01 00:00:00+00:00,2297.199951171875
2024-05-01 01:00:00+00:00,2298.39990234375
2024-05-01 02:00:00+00:00,2298.199951171875
2024-05-01 03:00:00+00:00,2294.5
2024-05-01 04:00:00+00:00,2293.60009765625
2024-05-01 05:00:00+00:00,2298.0
2024-05-01 06:00:00+00:00,2297.39990234375
2024-05-01 07:00:00+00:00,2296.300048828125
2024-05-01 08:00:00+00:00,2296.699951171875
2024-05-01 09:00:00+00:00,2302.699951171875
2024-05-01 10:00:00+00:00,2303.800048828125
2024-05-01 11:00:00+00:00,2305.300048828125
2024-05-01 12:00:00+00:00,2309.0
2024-05-01 13:00:00+00:00,2314.0
2024-05-01 14:00:00+00:00,2315.199951171875
2024-05-01 15:00:00+00:00,2317.89990234375
2024-05-01 16:00:00+00:00,2314.5
2024-05-01 17:00:00+00:00,2310.39990234375
2024-05-01 18:00:00+00:00,2336.300048828125
2024-05-01 19:00:00+00:00,2320.800048828125
2024-05-01 20:00:00+00:00,2330.199951171875
2024-05-01 22:00:00+00:00,2330.39990234375
2024-05-01 23:00:00+00:00,2333.39990234375
2024-05-02 00:00:00+00:00,2334.10009765625
2024-05-02 01:00:00+00:00,2333.699951171875
2024-05-02 02:00:00+00:00,2329.60009765625
2024-05-02 03:00:00+00:00,2329.0
2024-05-02 04:00:00+00:00,2327.39990234375
2024-05-02 05:00:00+00:00,2324.300048828125
2024-05-02 06:00:00+00:00,2323.199951171875
2024-05-02 07:00:00+00:00,2318.5
2024-05-02 08:00:00+00:00,2313.39990234375
2024-05-02 09:00:00+00:00,2311.199951171875
2024-05-02 10:00:00+00:00,2308.60009765625
2024-05-02 11:00:00+00:00,2308.300048828125
2024-05-02 12:00:00+00:00,2303.699951171875
2024-05-02 13:00:00+00:00,2300.5
2024-05-02 14:00:00+00:00,2313.39990234375
2024-05-02 15:00:00+00:00,2309.199951171875
2024-05-02 16:00:00+00:00,2308.800048828125
2024-05-02 17:00:00+00:00,2317.39990234375
2024-05-02 18:00:00+00:00,2317.39990234375
2024-05-02 19:00:00+00:00,2312.39990234375
2024-05-02 20:00:00+00:00,2313.39990234375
2024-05-02 22:00:00+00:00,2313.300048828125
2024-05-02 23:00:00+00:00,2313.5
2024-05-03 00:00:00+00:00,2313.10009765625
2024-05-03 01:00:00+00:00,2311.699951171875
2024-05-03 02:00:00+00:00,2309.89990234375
2024-05-03 03:00:00+00:00,2310.89990234375
2024-05-03 04:00:00+00:00,2316.10009765625
2024-05-03 05:00:00+00:00,2314.89990234375
2024-05-03 06:00:00+00:00,2307.199951171875
2024-05-03 07:00:00+00:00,2308.0
2024-05-03 08:00:00+00:00,2310.0
2024-05-03 09:00:00+00:00,2310.199951171875
2024-05-03 10:00:00+00:00,2307.89990234375
2024-05-03 11:00:00+00:00,2307.0
2024-05-03 12:00:00+00:00,2313.300048828125
2024-05-03 13:00:00+00:00,2298.199951171875
2024-05-03 14:00:00+00:00,2299.800048828125
2024-05-03 15:00:00+00:00,2302.300048828125
2024-05-03 16:00:00+00:00,2308.0
2024-05-03 17:00:00+00:00,2310.800048828125
2024-05-03 18:00:00+00:00,2308.300048828125
2024-05-03 19:00:00+00:00,2310.199951171875
2024-05-03 20:00:00+00:00,2310.10009765625
2024-05-05 22:00:00+00:00,2310.60009765625
2024-05-05 23:00:00+00:00,2302.699951171875
2024-05-06 00:00:00+00:00,2304.89990234375
2024-05-06 01:00:00+00:00,2317.39990234375
2024-05-06 02:00:00+00:00,2320.10009765625
2024-05-06 03:00:00+00:00,2318.199951171875
2024-05-06 04:00:00+00:00,2318.10009765625
2024-05-06 05:00:00+00:00,2322.199951171875
2024-05-06 06:00:00+00:00,2322.89990234375
2024-05-06 07:00:00+00:00,2331.60009765625
2024-05-06 08:00:00+00:00,2327.10009765625
2024-05-06 09:00:00+00:00,2330.0
2024-05-06 10:00:00+00:00,2328.0
2024-05-06 11:00:00+00:00,2326.800048828125
2024-05-06 12:00:00+00:00,2332.10009765625
2024-05-06 13:00:00+00:00,2336.699951171875
2024-05-06 14:00:00+00:00,2329.800048828125
2024-05-06 15:00:00+00:00,2333.39990234375
2024-05-06 16:00:00+00:00,2334.300048828125
2024-05-06 17:00:00+00:00,2333.60009765625
2024-05-06 18:00:00+00:00,2335.199951171875
2024-05-06 19:00:00+00:00,2333.60009765625
2024-05-06 20:00:00+00:00,2332.89990234375
2024-05-06 22:00:00+00:00,2335.300048828125
2024-05-06 23:00:00+00:00,2334.60009765625
2024-05-07 00:00:00+00:00,2338.0
2024-05-07 01:00:00+00:00,2331.5
2024-05-07 02:00:00+00:00,2329.800048828125
2024-05-07 03:00:00+00:00,2333.199951171875
2024-05-07 04:00:00+00:00,2331.10009765625
2024-05-07 05:00:00+00:00,2329.699951171875
2024-05-07 06:00:00+00:00,2328.60009765625
2024-05-07 07:00:00+00:00,2327.60009765625
2024-05-07 08:00:00+00:00,2324.0
2024-05-07 09:00:00+00:00,2322.199951171875
2024-05-07 10:00:00+00:00,2324.0
2024-05-07 11:00:00+00:00,2320.800048828125
2024-05-07 12:00:00+00:00,2324.5
2024-05-07 13:00:00+00:00,2326.89990234375
2024-05-07 14:00:00+00:00,2322.60009765625
2024-05-07 15:00:00+00:00,2323.199951171875
2024-05-07 16:00:00+00:00,2320.89990234375
2024-05-07 17:00:00+00:00,2322.300048828125
2024-05-07 18:00:00+00:00,2322.800048828125
2024-05-07 19:00:00+00:00,2323.10009765625
2024-05-07 20:00:00+00:00,2322.5
2024-05-07 22:00:00+00:00,2322.5
2024-05-07 23:00:00+00:00,2323.300048828125
2024-05-08 00:00:00+00:00,2322.199951171875
2024-05-08 01:00:00+00:00,2315.5
2024-05-08 02:00:00+00:00,2324.800048828125
2024-05-08 03:00:00+00:00,2324.199951171875
2024-05-08 04:00:00+00:00,2327.199951171875
2024-05-08 05:00:00+00:00,2325.699951171875
2024-05-08 06:00:00+00:00,2322.60009765625
2024-05-08 07:00:00+00:00,2313.5
2024-05-08 08:00:00+00:00,2315.199951171875
2024-05-08 09:00:00+00:00,2318.699951171875
2024-05-08 10:00:00+00:00,2323.199951171875
2024-05-08 11:00:00+00:00,2322.39990234375
2024-05-08 12:00:00+00:00,2322.5
2024-05-08 13:00:00+00:00,2317.699951171875
2024-05-08 14:00:00+00:00,2323.5
2024-05-08 15:00:00+00:00,2328.300048828125
2024-05-08 16:00:00+00:00,2324.800048828125
2024-05-08 17:00:00+00:00,2321.699951171875
2024-05-08 18:00:00+00:00,2320.5
2024-05-08 19:00:00+00:00,2316.10009765625
2024-05-08 20:00:00+00:00,2316.10009765625
2024-05-08 22:00:00+00:00,2316.60009765625
2024-05-08 23:00:00+00:00,2315.800048828125
2024-05-09 00:00:00+00:00,2316.199951171875
2024-05-09 01:00:00+00:00,2316.699951171875
2024-05-09 02:00:00+00:00,2317.199951171875
2024-05-09 03:00:00+00:00,2319.39990234375
2024-05-09 04:00:00+00:00,2321.199951171875
2024-05-09 05:00:00+00:00,2323.300048828125
2024-05-09 06:00:00+00:00,2320.89990234375
2024-05-09 07:00:00+00:00,2315.89990234375
2024-05-09 08:00:00+00:00,2317.10009765625
2024-05-09 09:00:00+00:00,2314.39990234375
2024-05-09 10:00:00+00:00,2318.300048828125
2024-05-09 11:00:00+00:00,2322.39990234375
2024-05-09 12:00:00+00:00,2333.60009765625
2024-05-09 13:00:00+00:00,2331.199951171875
2024-05-09 14:00:00+00:00,2340.199951171875
2024-05-09 15:00:00+00:00,2337.199951171875
2024-05-09 16:00:00+00:00,2336.39990234375
2024-05-09 17:00:00+00:00,2341.699951171875
2024-05-09 18:00:00+00:00,2344.300048828125
2024-05-09 19:00:00+00:00,2350.60009765625
2024-05-09 20:00:00+00:00,2353.10009765625
2024-05-09 22:00:00+00:00,2353.199951171875
2024-05-09 23:00:00+00:00,2353.39990234375
2024-05-10 00:00:00+00:00,2354.0
2024-05-10 01:00:00+00:00,2357.10009765625
2024-05-10 02:00:00+00:00,2356.5
2024-05-10 03:00:00+00:00,2359.800048828125
2024-05-10 04:00:00+00:00,2360.800048828125
2024-05-10 05:00:00+00:00,2364.0
2024-05-10 06:00:00+00:00,2375.300048828125
2024-05-10 07:00:00+00:00,2373.5
2024-05-10 08:00:00+00:00,2376.800048828125
2024-05-10 09:00:00+00:00,2379.39990234375
2024-05-10 10:00:00+00:00,2381.60009765625
2024-05-10 11:00:00+00:00,2378.89990234375
2024-05-10 12:00:00+00:00,2371.39990234375
2024-05-10 13:00:00+00:00,2374.5
2024-05-10 14:00:00+00:00,2367.300048828125
2024-05-10 15:00:00+00:00,2371.39990234375
2024-05-10 16:00:00+00:00,2375.0
2024-05-10 17:00:00+00:00,2376.300048828125
2024-05-10 18:00:00+00:00,2373.89990234375
2024-05-10 19:00:00+00:00,2369.800048828125
2024-05-10 20:00:00+00:00,2366.89990234375
2024-05-12 22:00:00+00:00,2367.800048828125
2024-05-12 23:00:00+00:00,2366.60009765625
2024-05-13 00:00:00+00:00,2370.300048828125
2024-05-13 01:00:00+00:00,2365.5
2024-05-13 02:00:00+00:00,2365.300048828125
2024-05-13 03:00:00+00:00,2364.0
2024-05-13 04:00:00+00:00,2360.60009765625
2024-05-13 05:00:00+00:00,2358.800048828125
2024-05-13 06:00:00+00:00,2355.800048828125
2024-05-13 07:00:00+00:00,2354.60009765625
2024-05-13 08:00:00+00:00,2349.300048828125
2024-05-13 09:00:00+00:00,2346.10009765625
2024-05-13 10:00:00+00:00,2349.5
2024-05-13 11:00:00+00:00,2350.60009765625
2024-05-13 12:00:00+00:00,2353.10009765625
2024-05-13 13:00:00+00:00,2350.10009765625
2024-05-13 14:00:00+00:00,2349.89990234375
2024-05-13 15:00:00+00:00,2342.0
2024-05-13 16:00:00+00:00,2342.699951171875
2024-05-13 17:00:00+00:00,2341.89990234375
2024-05-13 18:00:00+00:00,2343.5
2024-05-13 19:00:00+00:00,2343.5
2024-05-13 20:00:00+00:00,2342.300048828125
2024-05-13 22:00:00+00:00,2343.39990234375
2024-05-13 23:00:00+00:00,2344.10009765625
2024-05-14 00:00:00+00:00,2342.0
2024-05-14 01:00:00+00:00,2347.39990234375
2024-05-14 02:00:00+00:00,2346.10009765625
2024-05-14 03:00:00+00:00,2348.699951171875
2024-05-14 04:00:00+00:00,2349.699951171875
2024-05-14 05:00:00+00:00,2350.10009765625
2024-05-14 06:00:00+00:00,2343.699951171875
2024-05-14 07:00:00+00:00,2344.800048828125
2024-05-14 08:00:00+00:00,2349.39990234375
2024-05-14 09:00:00+00:00,2351.5
2024-05-14 10:00:00+00:00,2351.5
2024-05-14 11:00:00+00:00,2349.300048828125
2024-05-14 12:00:00+00:00,2354.0
2024-05-14 13:00:00+00:00,2359.60009765625
2024-05-14 14:00:00+00:00,2358.699951171875
2024-05-14 15:00:00+00:00,2353.5
2024-05-14 16:00:00+00:00,2360.0
2024-05-14 17:00:00+00:00,2361.60009765625
2024-05-14 18:00:00+00:00,2363.199951171875
2024-05-14 19:00:00+00:00,2362.10009765625
2024-05-14 20:00:00+00:00,2363.5
2024-05-14 22:00:00+00:00,2362.800048828125
2024-05-14 23:00:00+00:00,2361.39990234375
2024-05-15 00:00:00+00:00,2361.300048828125
2024-05-15 01:00:00+00:00,2362.800048828125
2024-05-15 02:00:00+00:00,2364.0
2024-05-15 03:00:00+00:00,2366.199951171875
2024-05-15 04:00:00+00:00,2362.199951171875
2024-05-15 05:00:00+00:00,2363.89990234375
2024-05-15 06:00:00+00:00,2364.199951171875
2024-05-15 07:00:00+00:00,2368.0
2024-05-15 08:00:00+00:00,2378.89990234375
2024-05-15 09:00:00+00:00,2374.89990234375
2024-05-15 10:00:00+00:00,2371.699951171875
2024-05-15 11:00:00+00:00,2368.5
2024-05-15 12:00:00+00:00,2378.39990234375
2024-05-15 13:00:00+00:00,2363.5
2024-05-15 14:00:00+00:00,2379.60009765625
2024-05-15 15:00:00+00:00,2383.300048828125
2024-05-15 16:00:00+00:00,2389.10009765625
2024-05-15 17:00:00+00:00,2395.0
2024-05-15 18:00:00+00:00,2391.199951171875
2024-05-15 19:00:00+00:00,2391.89990234375
2024-05-15 20:00:00+00:00,2391.800048828125
2024-05-15 22:00:00+00:00,2393.89990234375
2024-05-15 23:00:00+00:00,2396.5
2024-05-16 00:00:00+00:00,2399.60009765625
2024-05-16 01:00:00+00:00,2396.39990234375
2024-05-16 02:00:00+00:00,2392.10009765625
2024-05-16 03:00:00+00:00,2393.0
2024-05-16 04:00:00+00:00,2395.699951171875
2024-05-16 05:00:00+00:00,2394.5
2024-05-16 06:00:00+00:00,2391.300048828125
2024-05-16 07:00:00+00:00,2393.800048828125
2024-05-16 08:00:00+00:00,2390.89990234375
2024-05-16 09:00:00+00:00,2389.89990234375
2024-05-16 10:00:00+00:00,2389.300048828125
2024-05-16 11:00:00+00:00,2389.0
2024-05-16 12:00:00+00:00,2383.60009765625
2024-05-16 13:00:00+00:00,2379.39990234375
2024-05-16 14:00:00+00:00,2377.39990234375
2024-05-16 15:00:00+00:00,2386.0
2024-05-16 16:00:00+00:00,2386.39990234375
2024-05-16 17:00:00+00:00,2386.0
2024-05-16 18:00:00+00:00,2384.199951171875
2024-05-16 19:00:00+00:00,2382.699951171875
2024-05-16 20:00:00+00:00,2380.800048828125
2024-05-16 22:00:00+00:00,2382.699951171875
2024-05-16 23:00:00+00:00,2382.10009765625
2024-05-17 00:00:00+00:00,2382.10009765625
2024-05-17 01:00:00+00:00,2382.199951171875
2024-05-17 02:00:00+00:00,2379.10009765625
2024-05-17 03:00:00+00:00,2381.10009765625
2024-05-17 04:00:00+00:00,2382.60009765625
2024-05-17 05:00:00+00:00,2385.5
2024-05-17 06:00:00+00:00,2390.300048828125
2024-05-17 07:00:00+00:00,2387.800048828125
2024-05-17 08:00:00+00:00,2388.39990234375
2024-05-17 09:00:00+00:00,2386.800048828125
2024-05-17 10:00:00+00:00,2391.60009765625
2024-05-17 11:00:00+00:00,2394.10009765625
2024-05-17 12:00:00+00:00,2397.800048828125
2024-05-17 13:00:00+00:00,2406.10009765625
2024-05-17 14:00:00+00:00,2417.800048828125
2024-05-17 15:00:00+00:00,2412.300048828125
2024-05-17 16:00:00+00:00,2412.39990234375
2024-05-17 17:00:00+00:00,2418.89990234375
2024-05-17 18:00:00+00:00,2422.199951171875
2024-05-17 19:00:00+00:00,2420.800048828125
2024-05-17 20:00:00+00:00,2419.800048828125
2024-05-19 22:00:00+00:00,2422.199951171875
2024-05-19 23:00:00+00:00,2424.89990234375
2024-05-20 00:00:00+00:00,2429.800048828125
2024-05-20 01:00:00+00:00,2438.800048828125
2024-05-20 02:00:00+00:00,2438.10009765625
2024-05-20 03:00:00+00:00,2441.300048828125
2024-05-20 04:00:00+00:00,2441.199951171875
2024-05-20 05:00:00+00:00,2453.5
2024-05-20 06:00:00+00:00,2442.60009765625
2024-05-20 07:00:00+00:00,2446.300048828125
2024-05-20 08:00:00+00:00,2444.39990234375
2024-05-20 09:00:00+00:00,2446.10009765625
2024-05-20 10:00:00+00:00,2440.5
2024-05-20 11:00:00+00:00,2434.60009765625
2024-05-20 12:00:00+00:00,2417.39990234375
2024-05-20 13:00:00+00:00,2424.199951171875
2024-05-20 14:00:00+00:00,2427.10009765625
2024-05-20 15:00:00+00:00,2429.0
2024-05-20 16:00:00+00:00,2430.5
2024-05-20 17:00:00+00:00,2439.60009765625
2024-05-20 18:00:00+00:00,2439.300048828125
2024-05-20 19:00:00+00:00,2430.800048828125
2024-05-20 20:00:00+00:00,2430.300048828125
2024-05-20 22:00:00+00:00,2431.199951171875
2024-05-20 23:00:00+00:00,2430.10009765625
2024-05-21 00:00:00+00:00,2432.800048828125
2024-05-21 01:00:00+00:00,2424.199951171875
2024-05-21 02:00:00+00:00,2417.199951171875
2024-05-21 03:00:00+00:00,2417.39990234375
2024-05-21 04:00:00+00:00,2415.699951171875
2024-05-21 05:00:00+00:00,2419.89990234375
2024-05-21 06:00:00+00:00,2414.10009765625
2024-05-21 07:00:00+00:00,2423.0
2024-05-21 08:00:00+00:00,2422.5
2024-05-21 09:00:00+00:00,2419.89990234375
2024-05-21 10:00:00+00:00,2423.699951171875
2024-05-21 11:00:00+00:00,2427.5
2024-05-21 12:00:00+00:00,2430.199951171875
2024-05-21 13:00:00+00:00,2431.699951171875
2024-05-21 14:00:00+00:00,2433.60009765625
2024-05-21 15:00:00+00:00,2427.10009765625
2024-05-21 16:00:00+00:00,2426.89990234375
2024-05-21 17:00:00+00:00,2424.0
2024-05-21 18:00:00+00:00,2424.60009765625
2024-05-21 19:00:00+00:00,2427.5
2024-05-21 20:00:00+00:00,2425.199951171875
2024-05-21 22:00:00+00:00,2425.89990234375
2024-05-21 23:00:00+00:00,2425.39990234375
2024-05-22 00:00:00+00:00,2424.0
2024-05-22 01:00:00+00:00,2425.60009765625
2024-05-22 02:00:00+00:00,2421.300048828125
2024-05-22 03:00:00+00:00,2417.60009765625
2024-05-22 04:00:00+00:00,2416.199951171875
2024-05-22 05:00:00+00:00,2420.60009765625
2024-05-22 06:00:00+00:00,2420.39990234375
2024-05-22 07:00:00+00:00,2420.800048828125
2024-05-22 08:00:00+00:00,2420.300048828125
2024-05-22 09:00:00+00:00,2421.0
2024-05-22 10:00:00+00:00,2418.39990234375
2024-05-22 11:00:00+00:00,2412.0
2024-05-22 12:00:00+00:00,2415.89990234375
2024-05-22 13:00:00+00:00,2415.199951171875
2024-05-22 14:00:00+00:00,2390.800048828125
2024-05-22 15:00:00+00:00,2395.5
2024-05-22 16:00:00+00:00,2395.199951171875
2024-05-22 17:00:00+00:00,2391.60009765625
2024-05-22 18:00:00+00:00,2381.10009765625
2024-05-22 19:00:00+00:00,2382.39990234375
2024-05-22 20:00:00+00:00,2382.300048828125
2024-05-22 22:00:00+00:00,2382.699951171875
2024-05-22 23:00:00+00:00,2384.199951171875
2024-05-23 00:00:00+00:00,2381.89990234375
2024-05-23 01:00:00+00:00,2375.0
2024-05-23 02:00:00+00:00,2371.60009765625
2024-05-23 03:00:00+00:00,2374.39990234375
2024-05-23 04:00:00+00:00,2374.60009765625
2024-05-23 05:00:00+00:00,2362.0
2024-05-23 06:00:00+00:00,2366.39990234375
2024-05-23 07:00:00+00:00,2358.300048828125
2024-05-23 08:00:00+00:00,2362.5
2024-05-23 09:00:00+00:00,2366.10009765625
2024-05-23 10:00:00+00:00,2368.10009765625
2024-05-23 11:00:00+00:00,2370.300048828125
2024-05-23 12:00:00+00:00,2364.60009765625
2024-05-23 13:00:00+00:00,2360.60009765625
2024-05-23 14:00:00+00:00,2347.60009765625
2024-05-23 15:00:00+00:00,2347.800048828125
2024-05-23 16:00:00+00:00,2342.5
2024-05-23 17:00:00+00:00,2333.699951171875
2024-05-23 18:00:00+00:00,2336.300048828125
2024-05-23 19:00:00+00:00,2333.300048828125
2024-05-23 20:00:00+00:00,2330.60009765625
2024-05-23 22:00:00+00:00,2332.5
2024-05-23 23:00:00+00:00,2333.300048828125
2024-05-24 00:00:00+00:00,2330.199951171875
2024-05-24 01:00:00+00:00,2335.199951171875
2024-05-24 02:00:00+00:00,2331.800048828125
2024-05-24 03:00:00+00:00,2331.699951171875
2024-05-24 04:00:00+00:00,2336.10009765625
2024-05-24 05:00:00+00:00,2339.699951171875
2024-05-24 06:00:00+00:00,2339.800048828125
2024-05-24 07:00:00+00:00,2338.699951171875
2024-05-24 08:00:00+00:00,2341.39990234375
2024-05-24 09:00:00+00:00,2338.800048828125
2024-05-24 10:00:00+00:00,2341.800048828125
2024-05-24 11:00:00+00:00,2339.5
2024-05-24 12:00:00+00:00,2340.5
2024-05-24 13:00:00+00:00,2338.39990234375
2024-05-24 14:00:00+00:00,2339.60009765625
2024-05-24 15:00:00+00:00,2335.800048828125
2024-05-24 16:00:00+00:00,2335.5
2024-05-24 17:00:00+00:00,2333.800048828125
2024-05-24 18:00:00+00:00,2336.0
2024-05-24 19:00:00+00:00,2335.0
2024-05-24 20:00:00+00:00,2335.199951171875
2024-05-26 22:00:00+00:00,2341.800048828125
2024-05-26 23:00:00+00:00,2338.699951171875
2024-05-27 00:00:00+00:00,2337.800048828125
2024-05-27 01:00:00+00:00,2341.199951171875
2024-05-27 02:00:00+00:00,2347.699951171875
2024-05-27 03:00:00+00:00,2347.5
2024-05-28 04:00:00+00:00,2351.800048828125
2024-05-28 05:00:00+00:00,2351.300048828125
2024-05-28 06:00:00+00:00,2342.60009765625
2024-05-28 07:00:00+00:00,2344.699951171875
2024-05-28 08:00:00+00:00,2345.699951171875
2024-05-28 09:00:00+00:00,2344.60009765625
2024-05-28 10:00:00+00:00,2346.5
2024-05-28 11:00:00+00:00,2348.60009765625
2024-05-28 12:00:00+00:00,2354.199951171875
2024-05-28 13:00:00+00:00,2355.699951171875
2024-05-28 14:00:00+00:00,2356.199951171875
2024-05-28 15:00:00+00:00,2361.300048828125
2024-05-28 16:00:00+00:00,2357.39990234375
2024-05-28 17:00:00+00:00,2357.60009765625
2024-05-28 18:00:00+00:00,2358.0
2024-05-28 19:00:00+00:00,2358.89990234375
2024-05-28 20:00:00+00:00,2362.39990234375
2024-05-28 22:00:00+00:00,2360.10009765625
2024-05-28 23:00:00+00:00,2360.699951171875
2024-05-29 00:00:00+00:00,2358.39990234375
2024-05-29 01:00:00+00:00,2357.10009765625
2024-05-29 02:00:00+00:00,2356.300048828125
2024-05-29 03:00:00+00:00,2358.800048828125
2024-05-29 04:00:00+00:00,2359.10009765625
2024-05-29 05:00:00+00:00,2357.0
2024-05-29 06:00:00+00:00,2356.199951171875
2024-05-29 07:00:00+00:00,2350.89990234375
2024-05-29 08:00:00+00:00,2345.800048828125
2024-05-29 09:00:00+00:00,2346.199951171875
2024-05-29 10:00:00+00:00,2347.10009765625
2024-05-29 11:00:00+00:00,2341.89990234375
2024-05-29 12:00:00+00:00,2338.0
2024-05-29 13:00:00+00:00,2346.10009765625
2024-05-29 14:00:00+00:00,2343.39990234375
2024-05-29 15:00:00+00:00,2339.0
2024-05-29 16:00:00+00:00,2341.5
2024-05-29 17:00:00+00:00,2343.300048828125
2024-05-29 18:00:00+00:00,2337.800048828125
2024-05-29 19:00:00+00:00,2336.199951171875
2024-05-29 20:00:00+00:00,2336.89990234375
2024-05-29 22:00:00+00:00,2336.10009765625
2024-05-29 23:00:00+00:00,2337.300048828125
2024-05-30 00:00:00+00:00,2336.199951171875
2024-05-30 01:00:00+00:00,2333.300048828125
2024-05-30 02:00:00+00:00,2329.60009765625
2024-05-30 03:00:00+00:00,2332.60009765625
2024-05-30 04:00:00+00:00,2333.5
2024-05-30 05:00:00+00:00,2323.699951171875
2024-05-30 06:00:00+00:00,2331.699951171875
2024-05-30 07:00:00+00:00,2355.699951171875
2024-05-30 08:00:00+00:00,2356.300048828125
2024-05-30 09:00:00+00:00,2354.5
2024-05-30 10:00:00+00:00,2362.300048828125
2024-05-30 11:00:00+00:00,2357.199951171875
2024-05-30 12:00:00+00:00,2362.800048828125
2024-05-30 13:00:00+00:00,2370.300048828125
2024-05-30 14:00:00+00:00,2365.5
2024-05-30 15:00:00+00:00,2365.199951171875
2024-05-30 16:00:00+00:00,2369.300048828125
2024-05-30 17:00:00+00:00,2365.800048828125
2024-05-30 18:00:00+00:00,2363.89990234375
2024-05-30 19:00:00+00:00,2362.60009765625
2024-05-30 20:00:00+00:00,2364.5
2024-05-30 22:00:00+00:00,2365.10009765625
2024-05-30 23:00:00+00:00,2365.0
2024-05-31 00:00:00+00:00,2367.60009765625
2024-05-31 01:00:00+00:00,2367.89990234375
2024-05-31 02:00:00+00:00,2363.89990234375
2024-05-31 03:00:00+00:00,2364.10009765625
2024-05-31 04:00:00+00:00,2365.10009765625
2024-05-31 05:00:00+00:00,2363.5
2024-05-31 06:00:00+00:00,2366.699951171875
2024-05-31 07:00:00+00:00,2361.300048828125
2024-05-31 08:00:00+00:00,2364.300048828125
2024-05-31 09:00:00+00:00,2363.10009765625
2024-05-31 10:00:00+00:00,2365.0
2024-05-31 11:00:00+00:00,2364.800048828125
2024-05-31 12:00:00+00:00,2376.199951171875
2024-05-31 13:00:00+00:00,2369.60009765625
2024-05-31 14:00:00+00:00,2356.10009765625
2024-05-31 15:00:00+00:00,2351.300048828125
2024-05-31 16:00:00+00:00,2354.0
2024-05-31 17:00:00+00:00,2346.800048828125
2024-05-31 18:00:00+00:00,2343.5
2024-05-31 19:00:00+00:00,2348.39990234375
2024-05-31 20:00:00+00:00,2347.699951171875
2024-06-02 22:00:00+00:00,2346.60009765625
2024-06-02 23:00:00+00:00,2346.10009765625
2024-06-03 00:00:00+00:00,2347.39990234375
2024-06-03 01:00:00+00:00,2351.0
2024-06-03 02:00:00+00:00,2346.60009765625
2024-06-03 03:00:00+00:00,2342.0
2024-06-03 04:00:00+00:00,2341.5
2024-06-03 05:00:00+00:00,2340.39990234375
2024-06-03 06:00:00+00:00,2342.800048828125
2024-06-03 07:00:00+00:00,2346.5
2024-06-03 08:00:00+00:00,2345.89990234375
2024-06-03 09:00:00+00:00,2348.0
2024-06-03 10:00:00+00:00,2351.39990234375
2024-06-03 11:00:00+00:00,2350.300048828125
2024-06-03 12:00:00+00:00,2354.699951171875
2024-06-03 13:00:00+00:00,2354.10009765625
2024-06-03 14:00:00+00:00,2362.300048828125
2024-06-03 15:00:00+00:00,2363.39990234375
2024-06-03 16:00:00+00:00,2369.89990234375
2024-06-03 17:00:00+00:00,2369.10009765625
2024-06-03 18:00:00+00:00,2368.89990234375
2024-06-03 19:00:00+00:00,2368.0
2024-06-03 20:00:00+00:00,2371.39990234375
2024-06-03 22:00:00+00:00,2371.10009765625
2024-06-03 23:00:00+00:00,2370.89990234375
2024-06-04 00:00:00+00:00,2370.800048828125
2024-06-04 01:00:00+00:00,2367.60009765625
2024-06-04 02:00:00+00:00,2367.199951171875
2024-06-04 03:00:00+00:00,2366.5
2024-06-04 04:00:00+00:00,2369.89990234375
2024-06-04 05:00:00+00:00,2367.89990234375
2024-06-04 06:00:00+00:00,2364.5
2024-06-04 07:00:00+00:00,2359.699951171875
2024-06-04 08:00:00+00:00,2353.300048828125
2024-06-04 09:00:00+00:00,2349.89990234375
2024-06-04 10:00:00+00:00,2349.10009765625
2024-06-04 11:00:00+00:00,2347.89990234375
2024-06-04 12:00:00+00:00,2355.300048828125
2024-06-04 13:00:00+00:00,2344.10009765625
2024-06-04 14:00:00+00:00,2337.300048828125
2024-06-04 15:00:00+00:00,2346.0
2024-06-04 16:00:00+00:00,2343.699951171875
2024-06-04 17:00:00+00:00,2348.699951171875
2024-06-04 18:00:00+00:00,2348.10009765625
2024-06-04 19:00:00+00:00,2347.10009765625
2024-06-04 20:00:00+00:00,2346.39990234375
2024-06-04 22:00:00+00:00,2347.199951171875
2024-06-04 23:00:00+00:00,2348.300048828125
2024-06-05 00:00:00+00:00,2347.89990234375
2024-06-05 01:00:00+00:00,2350.0
2024-06-05 02:00:00+00:00,2353.10009765625
2024-06-05 03:00:00+00:00,2356.89990234375
2024-06-05 04:00:00+00:00,2357.800048828125
2024-06-05 05:00:00+00:00,2357.199951171875
2024-06-05 06:00:00+00:00,2352.60009765625
2024-06-05 07:00:00+00:00,2351.10009765625
2024-06-05 08:00:00+00:00,2352.10009765625
2024-06-05 09:00:00+00:00,2352.0
2024-06-05 10:00:00+00:00,2353.60009765625
2024-06-05 11:00:00+00:00,2352.199951171875
2024-06-05 12:00:00+00:00,2362.0
2024-06-05 13:00:00+00:00,2365.199951171875
2024-06-05 14:00:00+00:00,2368.800048828125
2024-06-05 15:00:00+00:00,2373.699951171875
2024-06-05 16:00:00+00:00,2372.60009765625
2024-06-05 17:00:00+00:00,2375.10009765625
2024-06-05 18:00:00+00:00,2376.0
2024-06-05 19:00:00+00:00,2374.0
2024-06-05 20:00:00+00:00,2375.300048828125
2024-06-05 22:00:00+00:00,2375.89990234375
2024-06-05 23:00:00+00:00,2374.0
2024-06-06 00:00:00+00:00,2374.699951171875
2024-06-06 01:00:00+00:00,2386.60009765625
2024-06-06 02:00:00+00:00,2393.89990234375
2024-06-06 03:00:00+00:00,2387.800048828125
2024-06-06 04:00:00+00:00,2388.5
2024-06-06 05:00:00+00:00,2386.89990234375
2024-06-06 06:00:00+00:00,2386.300048828125
2024-06-06 07:00:00+00:00,2381.699951171875
2024-06-06 08:00:00+00:00,2381.699951171875
2024-06-06 09:00:00+00:00,2380.5
2024-06-06 10:00:00+00:00,2380.10009765625
2024-06-06 11:00:00+00:00,2378.800048828125
2024-06-06 12:00:00+00:00,2376.60009765625
2024-06-06 13:00:00+00:00,2379.300048828125
2024-06-06 14:00:00+00:00,2383.39990234375
2024-06-06 15:00:00+00:00,2393.300048828125
2024-06-06 16:00:00+00:00,2391.800048828125
2024-06-06 17:00:00+00:00,2392.39990234375
2024-06-06 18:00:00+00:00,2391.300048828125
2024-06-06 19:00:00+00:00,2391.60009765625
2024-06-06 20:00:00+00:00,2395.199951171875
2024-06-06 22:00:00+00:00,2395.60009765625
2024-06-06 23:00:00+00:00,2395.5
2024-06-07 00:00:00+00:00,2397.300048828125
2024-06-07 01:00:00+00:00,2390.199951171875
2024-06-07 02:00:00+00:00,2395.800048828125
2024-06-07 03:00:00+00:00,2398.800048828125
2024-06-07 04:00:00+00:00,2405.39990234375
2024-06-07 05:00:00+00:00,2394.800048828125
2024-06-07 06:00:00+00:00,2394.39990234375
2024-06-07 07:00:00+00:00,2392.300048828125
2024-06-07 08:00:00+00:00,2365.699951171875
2024-06-07 09:00:00+00:00,2357.5
2024-06-07 10:00:00+00:00,2351.699951171875
2024-06-07 11:00:00+00:00,2355.0
2024-06-07 12:00:00+00:00,2337.199951171875
2024-06-07 13:00:00+00:00,2327.199951171875
2024-06-07 14:00:00+00:00,2331.60009765625
2024-06-07 15:00:00+00:00,2322.699951171875
2024-06-07 16:00:00+00:00,2329.699951171875
2024-06-07 17:00:00+00:00,2323.300048828125
2024-06-07 18:00:00+00:00,2319.0
2024-06-07 19:00:00+00:00,2305.800048828125
2024-06-07 20:00:00+00:00,2325.0
2024-06-09 22:00:00+00:00,2314.199951171875
2024-06-09 23:00:00+00:00,2315.5
2024-06-10 00:00:00+00:00,2313.89990234375
2024-06-10 01:00:00+00:00,2314.800048828125
2024-06-10 02:00:00+00:00,2313.300048828125
2024-06-10 03:00:00+00:00,2312.0
2024-06-10 04:00:00+00:00,2311.60009765625
2024-06-10 05:00:00+00:00,2312.60009765625
2024-06-10 06:00:00+00:00,2308.10009765625
2024-06-10 07:00:00+00:00,2313.699951171875
2024-06-10 08:00:00+00:00,2309.699951171875
2024-06-10 09:00:00+00:00,2312.199951171875
2024-06-10 10:00:00+00:00,2316.0
2024-06-10 11:00:00+00:00,2322.699951171875
2024-06-10 12:00:00+00:00,2323.60009765625
2024-06-10 13:00:00+00:00,2323.10009765625
2024-06-10 14:00:00+00:00,2319.89990234375
2024-06-10 15:00:00+00:00,2324.60009765625
2024-06-10 16:00:00+00:00,2330.5
2024-06-10 17:00:00+00:00,2329.300048828125
2024-06-10 18:00:00+00:00,2328.60009765625
2024-06-10 19:00:00+00:00,2326.39990234375
2024-06-10 20:00:00+00:00,2328.0
2024-06-10 22:00:00+00:00,2327.10009765625
2024-06-10 23:00:00+00:00,2327.0
2024-06-11 00:00:00+00:00,2328.0
2024-06-11 01:00:00+00:00,2319.89990234375
2024-06-11 02:00:00+00:00,2319.10009765625
2024-06-11 03:00:00+00:00,2320.60009765625
2024-06-11 04:00:00+00:00,2320.5
2024-06-11 05:00:00+00:00,2316.300048828125
2024-06-11 06:00:00+00:00,2318.89990234375
2024-06-11 07:00:00+00:00,2321.39990234375
2024-06-11 08:00:00+00:00,2322.800048828125
2024-06-11 09:00:00+00:00,2323.300048828125
2024-06-11 10:00:00+00:00,2324.89990234375
2024-06-11 11:00:00+00:00,2324.89990234375
2024-06-11 12:00:00+00:00,2335.199951171875
2024-06-11 13:00:00+00:00,2331.89990234375
2024-06-11 14:00:00+00:00,2331.89990234375
2024-06-11 15:00:00+00:00,2327.199951171875
2024-06-11 16:00:00+00:00,2325.800048828125
2024-06-11 17:00:00+00:00,2330.0
2024-06-11 18:00:00+00:00,2330.89990234375
2024-06-11 19:00:00+00:00,2332.39990234375
2024-06-11 20:00:00+00:00,2333.89990234375
2024-06-11 22:00:00+00:00,2333.699951171875
2024-06-11 23:00:00+00:00,2332.10009765625
2024-06-12 00:00:00+00:00,2330.5
2024-06-12 01:00:00+00:00,2331.39990234375
2024-06-12 02:00:00+00:00,2330.300048828125
2024-06-12 03:00:00+00:00,2330.699951171875
2024-06-12 04:00:00+00:00,2329.39990234375
2024-06-12 05:00:00+00:00,2331.699951171875
2024-06-12 06:00:00+00:00,2331.39990234375
2024-06-12 07:00:00+00:00,2331.199951171875
2024-06-12 08:00:00+00:00,2329.60009765625
2024-06-12 09:00:00+00:00,2330.699951171875
2024-06-12 10:00:00+00:00,2330.10009765625
2024-06-12 11:00:00+00:00,2329.699951171875
2024-06-12 12:00:00+00:00,2353.0
2024-06-12 13:00:00+00:00,2346.699951171875
2024-06-12 14:00:00+00:00,2342.199951171875
2024-06-12 15:00:00+00:00,2352.199951171875
2024-06-12 16:00:00+00:00,2354.800048828125
2024-06-12 17:00:00+00:00,2352.199951171875
2024-06-12 18:00:00+00:00,2339.5
2024-06-12 19:00:00+00:00,2337.699951171875
2024-06-12 20:00:00+00:00,2340.699951171875
2024-06-12 22:00:00+00:00,2337.39990234375
2024-06-12 23:00:00+00:00,2336.199951171875
2024-06-13 00:00:00+00:00,2336.800048828125
2024-06-13 01:00:00+00:00,2328.300048828125
2024-06-13 02:00:00+00:00,2329.60009765625
2024-06-13 03:00:00+00:00,2329.699951171875
2024-06-13 04:00:00+00:00,2327.300048828125
2024-06-13 05:00:00+00:00,2327.10009765625
2024-06-13 06:00:00+00:00,2331.300048828125
2024-06-13 07:00:00+00:00,2332.5
2024-06-13 08:00:00+00:00,2331.300048828125
2024-06-13 09:00:00+00:00,2331.0
2024-06-13 10:00:00+00:00,2332.199951171875
2024-06-13 11:00:00+00:00,2322.5
2024-06-13 12:00:00+00:00,2339.300048828125
2024-06-13 13:00:00+00:00,2326.10009765625
2024-06-13 14:00:00+00:00,2329.300048828125
2024-06-13 15:00:00+00:00,2314.39990234375
2024-06-13 16:00:00+00:00,2314.800048828125
2024-06-13 17:00:00+00:00,2317.0
2024-06-13 18:00:00+00:00,2318.60009765625
2024-06-13 19:00:00+00:00,2319.0
2024-06-13 20:00:00+00:00,2319.699951171875
2024-06-13 22:00:00+00:00,2318.199951171875
2024-06-13 23:00:00+00:00,2317.60009765625
2024-06-14 00:00:00+00:00,2320.10009765625
2024-06-14 01:00:00+00:00,2321.0
2024-06-14 02:00:00+00:00,2321.699951171875
2024-06-14 03:00:00+00:00,2320.5
2024-06-14 04:00:00+00:00,2320.89990234375
2024-06-14 05:00:00+00:00,2324.800048828125
2024-06-14 06:00:00+00:00,2327.5
2024-06-14 07:00:00+00:00,2330.60009765625
2024-06-14 08:00:00+00:00,2332.60009765625
2024-06-14 09:00:00+00:00,2338.10009765625
2024-06-14 10:00:00+00:00,2346.10009765625
2024-06-14 11:00:00+00:00,2347.60009765625
2024-06-14 12:00:00+00:00,2345.89990234375
2024-06-14 13:00:00+00:00,2345.89990234375
2024-06-14 14:00:00+00:00,2345.699951171875
2024-06-14 15:00:00+00:00,2341.699951171875
2024-06-14 16:00:00+00:00,2344.5
2024-06-14 17:00:00+00:00,2349.89990234375
2024-06-14 18:00:00+00:00,2350.39990234375
2024-06-14 19:00:00+00:00,2348.10009765625
2024-06-14 20:00:00+00:00,2348.39990234375
2024-06-16 22:00:00+00:00,2344.0
2024-06-16 23:00:00+00:00,2343.800048828125
2024-06-17 00:00:00+00:00,2341.300048828125
2024-06-17 01:00:00+00:00,2341.199951171875
2024-06-17 02:00:00+00:00,2337.39990234375
2024-06-17 03:00:00+00:00,2339.300048828125
2024-06-17 04:00:00+00:00,2338.39990234375
2024-06-17 05:00:00+00:00,2333.10009765625
2024-06-17 06:00:00+00:00,2332.0
2024-06-17 07:00:00+00:00,2331.699951171875
2024-06-17 08:00:00+00:00,2336.10009765625
2024-06-17 09:00:00+00:00,2334.60009765625
2024-06-17 10:00:00+00:00,2335.10009765625
2024-06-17 11:00:00+00:00,2332.699951171875
2024-06-17 12:00:00+00:00,2334.300048828125
2024-06-17 13:00:00+00:00,2335.800048828125
2024-06-17 14:00:00+00:00,2339.300048828125
2024-06-17 15:00:00+00:00,2327.10009765625
2024-06-17 16:00:00+00:00,2331.60009765625
2024-06-17 17:00:00+00:00,2331.60009765625
2024-06-17 18:00:00+00:00,2332.699951171875
2024-06-17 19:00:00+00:00,2335.0
2024-06-17 20:00:00+00:00,2333.60009765625
2024-06-17 22:00:00+00:00,2335.699951171875
2024-06-17 23:00:00+00:00,2335.5
2024-06-18 00:00:00+00:00,2339.0
2024-06-18 01:00:00+00:00,2337.300048828125
2024-06-18 02:00:00+00:00,2339.5
2024-06-18 03:00:00+00:00,2339.5
2024-06-18 04:00:00+00:00,2337.300048828125
2024-06-18 05:00:00+00:00,2336.699951171875
2024-06-18 06:00:00+00:00,2334.60009765625
2024-06-18 07:00:00+00:00,2330.0
2024-06-18 08:00:00+00:00,2325.800048828125
2024-06-18 09:00:00+00:00,2325.5
2024-06-18 10:00:00+00:00,2322.699951171875
2024-06-18 11:00:00+00:00,2328.0
2024-06-18 12:00:00+00:00,2328.39990234375
2024-06-18 13:00:00+00:00,2341.39990234375
2024-06-18 14:00:00+00:00,2338.300048828125
2024-06-18 15:00:00+00:00,2341.699951171875
2024-06-18 16:00:00+00:00,2345.300048828125
2024-06-18 17:00:00+00:00,2344.60009765625
2024-06-18 18:00:00+00:00,2346.10009765625
2024-06-18 19:00:00+00:00,2344.10009765625
2024-06-18 20:00:00+00:00,2344.199951171875
2024-06-18 22:00:00+00:00,2342.89990234375
2024-06-18 23:00:00+00:00,2343.0
2024-06-19 00:00:00+00:00,2344.10009765625
2024-06-19 01:00:00+00:00,2344.699951171875
2024-06-19 02:00:00+00:00,2344.89990234375
2024-06-19 03:00:00+00:00,2342.89990234375
2024-06-20 04:00:00+00:00,2354.199951171875
2024-06-20 05:00:00+00:00,2354.10009765625
2024-06-20 06:00:00+00:00,2357.60009765625
2024-06-20 07:00:00+00:00,2352.10009765625
2024-06-20 08:00:00+00:00,2347.0
2024-06-20 09:00:00+00:00,2348.0
2024-06-20 10:00:00+00:00,2352.800048828125
2024-06-20 11:00:00+00:00,2352.800048828125
2024-06-20 12:00:00+00:00,2351.89990234375
2024-06-20 13:00:00+00:00,2363.10009765625
2024-06-20 14:00:00+00:00,2377.89990234375
2024-06-20 15:00:00+00:00,2367.300048828125
2024-06-20 16:00:00+00:00,2370.0
2024-06-20 17:00:00+00:00,2370.89990234375
2024-06-20 18:00:00+00:00,2371.5
2024-06-20 19:00:00+00:00,2372.39990234375
2024-06-20 20:00:00+00:00,2373.60009765625
2024-06-20 22:00:00+00:00,2372.699951171875
2024-06-20 23:00:00+00:00,2374.300048828125
2024-06-21 00:00:00+00:00,2377.60009765625
2024-06-21 01:00:00+00:00,2373.199951171875
2024-06-21 02:00:00+00:00,2372.800048828125
2024-06-21 03:00:00+00:00,2375.699951171875
2024-06-21 04:00:00+00:00,2376.5
2024-06-21 05:00:00+00:00,2378.199951171875
2024-06-21 06:00:00+00:00,2372.10009765625
2024-06-21 07:00:00+00:00,2376.699951171875
2024-06-21 08:00:00+00:00,2379.0
2024-06-21 09:00:00+00:00,2377.39990234375
2024-06-21 10:00:00+00:00,2377.300048828125
2024-06-21 11:00:00+00:00,2380.0
2024-06-21 12:00:00+00:00,2374.39990234375
2024-06-21 13:00:00+00:00,2353.60009765625
2024-06-21 14:00:00+00:00,2343.10009765625
2024-06-21 15:00:00+00:00,2340.89990234375
2024-06-21 16:00:00+00:00,2337.89990234375
2024-06-21 17:00:00+00:00,2332.10009765625
2024-06-21 18:00:00+00:00,2335.0
2024-06-21 19:00:00+00:00,2335.0
2024-06-21 20:00:00+00:00,2334.699951171875
2024-06-23 22:00:00+00:00,2333.800048828125
2024-06-23 23:00:00+00:00,2331.300048828125
2024-06-24 00:00:00+00:00,2333.10009765625
2024-06-24 01:00:00+00:00,2336.0
2024-06-24 02:00:00+00:00,2337.199951171875
2024-06-24 03:00:00+00:00,2338.10009765625
2024-06-24 04:00:00+00:00,2336.800048828125
2024-06-24 05:00:00+00:00,2337.5
2024-06-24 06:00:00+00:00,2335.699951171875
2024-06-24 07:00:00+00:00,2343.199951171875
2024-06-24 08:00:00+00:00,2343.300048828125
2024-06-24 09:00:00+00:00,2337.300048828125
2024-06-24 10:00:00+00:00,2337.39990234375
2024-06-24 11:00:00+00:00,2338.5
2024-06-24 12:00:00+00:00,2340.0
2024-06-24 13:00:00+00:00,2340.699951171875
2024-06-24 14:00:00+00:00,2343.199951171875
2024-06-24 15:00:00+00:00,2340.10009765625
2024-06-24 16:00:00+00:00,2344.39990234375
2024-06-24 17:00:00+00:00,2344.699951171875
2024-06-24 18:00:00+00:00,2346.60009765625
2024-06-24 19:00:00+00:00,2344.60009765625
2024-06-24 20:00:00+00:00,2347.199951171875
2024-06-24 22:00:00+00:00,2344.199951171875
2024-06-24 23:00:00+00:00,2343.300048828125
2024-06-25 00:00:00+00:00,2342.39990234375
2024-06-25 01:00:00+00:00,2338.300048828125
2024-06-25 02:00:00+00:00,2338.89990234375
2024-06-25 03:00:00+00:00,2336.60009765625
2024-06-25 04:00:00+00:00,2339.39990234375
2024-06-25 05:00:00+00:00,2337.0
2024-06-25 06:00:00+00:00,2339.0
2024-06-25 07:00:00+00:00,2337.0
2024-06-25 08:00:00+00:00,2342.0
2024-06-25 09:00:00+00:00,2345.5
2024-06-25 10:00:00+00:00,2347.89990234375
2024-06-25 11:00:00+00:00,2342.699951171875
2024-06-25 12:00:00+00:00,2336.800048828125
2024-06-25 13:00:00+00:00,2338.0
2024-06-25 14:00:00+00:00,2339.60009765625
2024-06-25 15:00:00+00:00,2337.0
2024-06-25 16:00:00+00:00,2329.89990234375
2024-06-25 17:00:00+00:00,2331.39990234375
2024-06-25 18:00:00+00:00,2331.39990234375
2024-06-25 19:00:00+00:00,2331.89990234375
2024-06-25 20:00:00+00:00,2331.699951171875
2024-06-25 22:00:00+00:00,2332.39990234375
2024-06-25 23:00:00+00:00,2331.60009765625
2024-06-26 00:00:00+00:00,2330.199951171875
2024-06-26 01:00:00+00:00,2324.60009765625
2024-06-26 02:00:00+00:00,2331.0
2024-06-26 03:00:00+00:00,2328.60009765625
2024-06-26 04:00:00+00:00,2328.300048828125
2024-06-26 05:00:00+00:00,2323.699951171875
2024-06-26 06:00:00+00:00,2328.699951171875
2024-06-26 07:00:00+00:00,2327.800048828125
2024-06-26 08:00:00+00:00,2327.199951171875
2024-06-26 09:00:00+00:00,2327.800048828125
2024-06-26 10:00:00+00:00,2319.699951171875
2024-06-26 11:00:00+00:00,2324.800048828125
2024-06-26 12:00:00+00:00,2321.800048828125
2024-06-26 13:00:00+00:00,2307.60009765625
2024-06-26 14:00:00+00:00,2309.0
2024-06-26 15:00:00+00:00,2311.39990234375
2024-06-26 16:00:00+00:00,2311.0
2024-06-26 17:00:00+00:00,2313.300048828125
2024-06-26 18:00:00+00:00,2310.5
2024-06-26 19:00:00+00:00,2310.199951171875
2024-06-26 20:00:00+00:00,2309.800048828125
2024-06-26 22:00:00+00:00,2308.699951171875
2024-06-26 23:00:00+00:00,2308.89990234375
2024-06-27 00:00:00+00:00,2309.800048828125
2024-06-27 01:00:00+00:00,2308.699951171875
2024-06-27 02:00:00+00:00,2310.0
2024-06-27 03:00:00+00:00,2309.60009765625
2024-06-27 04:00:00+00:00,2310.89990234375
2024-06-27 05:00:00+00:00,2308.0
2024-06-27 06:00:00+00:00,2311.699951171875
2024-06-27 07:00:00+00:00,2312.800048828125
2024-06-27 08:00:00+00:00,2318.0
2024-06-27 09:00:00+00:00,2322.699951171875
2024-06-27 10:00:00+00:00,2325.5
2024-06-27 11:00:00+00:00,2327.60009765625
2024-06-27 12:00:00+00:00,2333.39990234375
2024-06-27 13:00:00+00:00,2334.10009765625
2024-06-27 14:00:00+00:00,2339.60009765625
2024-06-27 15:00:00+00:00,2338.300048828125
2024-06-27 16:00:00+00:00,2336.199951171875
2024-06-27 17:00:00+00:00,2336.699951171875
2024-06-27 18:00:00+00:00,2337.0
2024-06-27 19:00:00+00:00,2336.800048828125
2024-06-27 20:00:00+00:00,2338.699951171875
2024-06-27 22:00:00+00:00,2337.39990234375
2024-06-27 23:00:00+00:00,2338.199951171875
2024-06-28 00:00:00+00:00,2332.0
2024-06-28 01:00:00+00:00,2331.10009765625
2024-06-28 02:00:00+00:00,2334.39990234375
2024-06-28 03:00:00+00:00,2332.10009765625
2024-06-28 04:00:00+00:00,2331.89990234375
2024-06-28 05:00:00+00:00,2336.5
2024-06-28 06:00:00+00:00,2338.300048828125
2024-06-28 07:00:00+00:00,2337.800048828125
2024-06-28 08:00:00+00:00,2339.10009765625
2024-06-28 09:00:00+00:00,2340.60009765625
2024-06-28 10:00:00+00:00,2346.199951171875
2024-06-28 11:00:00+00:00,2344.39990234375
2024-06-28 12:00:00+00:00,2346.199951171875
2024-06-28 13:00:00+00:00,2341.10009765625
2024-06-28 14:00:00+00:00,2336.800048828125
2024-06-28 15:00:00+00:00,2339.0
2024-06-28 16:00:00+00:00,2340.5
2024-06-28 17:00:00+00:00,2337.39990234375
2024-06-28 18:00:00+00:00,2336.199951171875
2024-06-28 19:00:00+00:00,2335.5
2024-06-28 20:00:00+00:00,2336.89990234375
2024-06-30 22:00:00+00:00,2334.699951171875
2024-06-30 23:00:00+00:00,2335.10009765625
2024-07-01 00:00:00+00:00,2335.0
2024-07-01 01:00:00+00:00,2338.10009765625
2024-07-01 02:00:00+00:00,2337.10009765625
2024-07-01 03:00:00+00:00,2335.10009765625
2024-07-01 04:00:00+00:00,2333.699951171875
2024-07-01 05:00:00+00:00,2331.60009765625
2024-07-01 06:00:00+00:00,2336.199951171875
2024-07-01 07:00:00+00:00,2333.39990234375
2024-07-01 08:00:00+00:00,2335.699951171875
2024-07-01 09:00:00+00:00,2337.300048828125
2024-07-01 10:00:00+00:00,2342.699951171875
2024-07-01 11:00:00+00:00,2348.300048828125
2024-07-01 12:00:00+00:00,2337.300048828125
2024-07-01 13:00:00+00:00,2336.89990234375
2024-07-01 14:00:00+00:00,2333.800048828125
2024-07-01 15:00:00+00:00,2337.89990234375
2024-07-01 16:00:00+00:00,2338.199951171875
2024-07-01 17:00:00+00:00,2339.300048828125
2024-07-01 18:00:00+00:00,2339.89990234375
2024-07-01 19:00:00+00:00,2341.0
2024-07-01 20:00:00+00:00,2341.89990234375
2024-07-01 22:00:00+00:00,2341.300048828125
2024-07-01 23:00:00+00:00,2341.699951171875
2024-07-02 00:00:00+00:00,2342.60009765625
2024-07-02 01:00:00+00:00,2343.39990234375
2024-07-02 02:00:00+00:00,2341.5
2024-07-02 03:00:00+00:00,2335.699951171875
2024-07-02 04:00:00+00:00,2336.800048828125
2024-07-02 05:00:00+00:00,2339.199951171875
2024-07-02 06:00:00+00:00,2339.60009765625
2024-07-02 07:00:00+00:00,2340.10009765625
2024-07-02 08:00:00+00:00,2340.5
2024-07-02 09:00:00+00:00,2334.10009765625
2024-07-02 10:00:00+00:00,2333.699951171875
2024-07-02 11:00:00+00:00,2329.699951171875
2024-07-02 12:00:00+00:00,2336.5
2024-07-02 13:00:00+00:00,2343.699951171875
2024-07-02 14:00:00+00:00,2335.60009765625
2024-07-02 15:00:00+00:00,2333.60009765625
2024-07-02 16:00:00+00:00,2331.5
2024-07-02 17:00:00+00:00,2333.5
2024-07-02 18:00:00+00:00,2337.300048828125
2024-07-02 19:00:00+00:00,2339.800048828125
2024-07-02 20:00:00+00:00,2338.60009765625
2024-07-02 22:00:00+00:00,2339.300048828125
2024-07-02 23:00:00+00:00,2339.5
2024-07-03 00:00:00+00:00,2339.39990234375
2024-07-03 01:00:00+00:00,2338.10009765625
2024-07-03 02:00:00+00:00,2337.89990234375
2024-07-03 03:00:00+00:00,2341.10009765625
2024-07-03 13:30:00+00:00,2365.0
2024-07-03 14:30:00+00:00,2371.89990234375
2024-07-03 15:30:00+00:00,2372.5
2024-07-03 16:30:00+00:00,2366.0
2024-07-05 04:00:00+00:00,2372.10009765625
2024-07-05 05:00:00+00:00,2373.0
2024-07-05 06:00:00+00:00,2372.300048828125
2024-07-05 07:00:00+00:00,2373.300048828125
2024-07-05 08:00:00+00:00,2374.5
2024-07-05 09:00:00+00:00,2370.300048828125
2024-07-05 10:00:00+00:00,2372.89990234375
2024-07-05 11:00:00+00:00,2373.60009765625
2024-07-05 12:00:00+00:00,2380.199951171875
2024-07-05 13:00:00+00:00,2391.39990234375
2024-07-05 14:00:00+00:00,2388.800048828125
2024-07-05 15:00:00+00:00,2393.0
2024-07-05 16:00:00+00:00,2394.699951171875
2024-07-05 17:00:00+00:00,2394.10009765625
2024-07-05 18:00:00+00:00,2399.5
2024-07-05 19:00:00+00:00,2397.199951171875
2024-07-05 20:00:00+00:00,2399.800048828125
2024-07-07 22:00:00+00:00,2393.5
2024-07-07 23:00:00+00:00,2394.199951171875
2024-07-08 00:00:00+00:00,2395.0
2024-07-08 01:00:00+00:00,2394.699951171875
2024-07-08 02:00:00+00:00,2391.10009765625
2024-07-08 03:00:00+00:00,2390.60009765625
2024-07-08 04:00:00+00:00,2393.10009765625
2024-07-08 05:00:00+00:00,2390.699951171875
2024-07-08 06:00:00+00:00,2385.0
2024-07-08 07:00:00+00:00,2385.800048828125
2024-07-08 08:00:00+00:00,2380.800048828125
2024-07-08 09:00:00+00:00,2378.0
2024-07-08 10:00:00+00:00,2381.89990234375
2024-07-08 11:00:00+00:00,2383.199951171875
2024-07-08 12:00:00+00:00,2380.5
2024-07-08 13:00:00+00:00,2383.199951171875
2024-07-08 14:00:00+00:00,2380.89990234375
2024-07-08 15:00:00+00:00,2362.89990234375
2024-07-08 16:00:00+00:00,2366.199951171875
2024-07-08 17:00:00+00:00,2364.800048828125
2024-07-08 18:00:00+00:00,2364.10009765625
2024-07-08 19:00:00+00:00,2366.800048828125
2024-07-08 20:00:00+00:00,2366.39990234375
2024-07-08 22:00:00+00:00,2366.89990234375
2024-07-08 23:00:00+00:00,2368.800048828125
2024-07-09 00:00:00+00:00,2368.89990234375
2024-07-09 01:00:00+00:00,2370.5
2024-07-09 02:00:00+00:00,2370.89990234375
2024-07-09 03:00:00+00:00,2374.39990234375
2024-07-09 04:00:00+00:00,2374.0
2024-07-09 05:00:00+00:00,2371.5
2024-07-09 06:00:00+00:00,2371.0
2024-07-09 07:00:00+00:00,2365.89990234375
2024-07-09 08:00:00+00:00,2368.5
2024-07-09 09:00:00+00:00,2371.300048828125
2024-07-09 10:00:00+00:00,2370.199951171875
2024-07-09 11:00:00+00:00,2367.699951171875
2024-07-09 12:00:00+00:00,2367.0
2024-07-09 13:00:00+00:00,2374.5
2024-07-09 14:00:00+00:00,2361.60009765625
2024-07-09 15:00:00+00:00,2369.0
2024-07-09 16:00:00+00:00,2364.10009765625
2024-07-09 17:00:00+00:00,2368.60009765625
2024-07-09 18:00:00+00:00,2371.39990234375
2024-07-09 19:00:00+00:00,2370.0
2024-07-09 20:00:00+00:00,2371.10009765625
2024-07-09 22:00:00+00:00,2371.10009765625
2024-07-09 23:00:00+00:00,2371.5
2024-07-10 00:00:00+00:00,2371.300048828125
2024-07-10 01:00:00+00:00,2374.5
2024-07-10 02:00:00+00:00,2375.699951171875
2024-07-10 03:00:00+00:00,2374.5
2024-07-10 04:00:00+00:00,2374.199951171875
2024-07-10 05:00:00+00:00,2374.800048828125
2024-07-10 06:00:00+00:00,2378.300048828125
2024-07-10 07:00:00+00:00,2379.199951171875
2024-07-10 08:00:00+00:00,2379.300048828125
2024-07-10 09:00:00+00:00,2378.39990234375
2024-07-10 10:00:00+00:00,2379.10009765625
2024-07-10 11:00:00+00:00,2384.89990234375
2024-07-10 12:00:00+00:00,2384.5
2024-07-10 13:00:00+00:00,2392.89990234375
2024-07-10 14:00:00+00:00,2381.300048828125
2024-07-10 15:00:00+00:00,2385.39990234375
2024-07-10 16:00:00+00:00,2384.300048828125
2024-07-10 17:00:00+00:00,2379.5
2024-07-10 18:00:00+00:00,2378.89990234375
2024-07-10 19:00:00+00:00,2378.39990234375
2024-07-10 20:00:00+00:00,2377.89990234375
2024-07-10 22:00:00+00:00,2378.300048828125
2024-07-10 23:00:00+00:00,2378.39990234375
2024-07-11 00:00:00+00:00,2379.89990234375
2024-07-11 01:00:00+00:00,2381.5
2024-07-11 02:00:00+00:00,2382.699951171875
2024-07-11 03:00:00+00:00,2383.800048828125
2024-07-11 04:00:00+00:00,2387.10009765625
2024-07-11 05:00:00+00:00,2387.699951171875
2024-07-11 06:00:00+00:00,2386.89990234375
2024-07-11 07:00:00+00:00,2385.10009765625
2024-07-11 08:00:00+00:00,2386.800048828125
2024-07-11 09:00:00+00:00,2389.5
2024-07-11 10:00:00+00:00,2387.800048828125
2024-07-11 11:00:00+00:00,2386.39990234375
2024-07-11 12:00:00+00:00,2411.800048828125
2024-07-11 13:00:00+00:00,2412.199951171875
2024-07-11 14:00:00+00:00,2423.5
2024-07-11 15:00:00+00:00,2423.0
2024-07-11 16:00:00+00:00,2417.5
2024-07-11 17:00:00+00:00,2419.199951171875
2024-07-11 18:00:00+00:00,2422.10009765625
2024-07-11 19:00:00+00:00,2419.800048828125
2024-07-11 20:00:00+00:00,2420.89990234375
2024-07-11 22:00:00+00:00,2419.300048828125
2024-07-11 23:00:00+00:00,2421.39990234375
2024-07-12 00:00:00+00:00,2417.39990234375
2024-07-12 01:00:00+00:00,2413.300048828125
2024-07-12 02:00:00+00:00,2415.0
2024-07-12 03:00:00+00:00,2414.199951171875
2024-07-12 04:00:00+00:00,2414.0
2024-07-12 05:00:00+00:00,2413.300048828125
2024-07-12 06:00:00+00:00,2409.60009765625
2024-07-12 07:00:00+00:00,2409.39990234375
2024-07-12 08:00:00+00:00,2412.699951171875
2024-07-12 09:00:00+00:00,2410.10009765625
2024-07-12 10:00:00+00:00,2405.10009765625
2024-07-12 11:00:00+00:00,2406.800048828125
2024-07-12 12:00:00+00:00,2402.89990234375
2024-07-12 13:00:00+00:00,2408.60009765625
2024-07-12 14:00:00+00:00,2414.0
2024-07-12 15:00:00+00:00,2416.89990234375
2024-07-12 16:00:00+00:00,2421.0
2024-07-12 17:00:00+00:00,2422.800048828125
2024-07-12 18:00:00+00:00,2419.0
2024-07-12 19:00:00+00:00,2417.699951171875
2024-07-12 20:00:00+00:00,2416.0
2024-07-14 22:00:00+00:00,2412.0
2024-07-14 23:00:00+00:00,2413.199951171875
2024-07-15 00:00:00+00:00,2413.199951171875
2024-07-15 01:00:00+00:00,2414.89990234375
2024-07-15 02:00:00+00:00,2414.0
2024-07-15 03:00:00+00:00,2416.39990234375
2024-07-15 04:00:00+00:00,2416.199951171875
2024-07-15 05:00:00+00:00,2412.800048828125
2024-07-15 06:00:00+00:00,2408.0
2024-07-15 07:00:00+00:00,2412.60009765625
2024-07-15 08:00:00+00:00,2416.699951171875
2024-07-15 09:00:00+00:00,2415.300048828125
2024-07-15 10:00:00+00:00,2419.699951171875
2024-07-15 11:00:00+00:00,2423.0
2024-07-15 12:00:00+00:00,2419.60009765625
2024-07-15 13:00:00+00:00,2423.699951171875
2024-07-15 14:00:00+00:00,2436.5
2024-07-15 15:00:00+00:00,2438.199951171875
2024-07-15 16:00:00+00:00,2435.300048828125
2024-07-15 17:00:00+00:00,2426.300048828125
2024-07-15 18:00:00+00:00,2427.10009765625
2024-07-15 19:00:00+00:00,2426.0
2024-07-15 20:00:00+00:00,2427.39990234375
2024-07-15 22:00:00+00:00,2425.699951171875
2024-07-15 23:00:00+00:00,2427.10009765625
2024-07-16 00:00:00+00:00,2425.800048828125
2024-07-16 01:00:00+00:00,2431.89990234375
2024-07-16 02:00:00+00:00,2435.0
2024-07-16 03:00:00+00:00,2433.60009765625
2024-07-16 04:00:00+00:00,2433.89990234375
2024-07-16 05:00:00+00:00,2436.5
2024-07-16 06:00:00+00:00,2438.300048828125
2024-07-16 07:00:00+00:00,2441.60009765625
2024-07-16 08:00:00+00:00,2441.300048828125
2024-07-16 09:00:00+00:00,2447.10009765625
2024-07-16 10:00:00+00:00,2444.800048828125
2024-07-16 11:00:00+00:00,2444.300048828125
2024-07-16 12:00:00+00:00,2437.300048828125
2024-07-16 13:00:00+00:00,2447.5
2024-07-16 14:00:00+00:00,2456.800048828125
2024-07-16 15:00:00+00:00,2468.10009765625
2024-07-16 16:00:00+00:00,2463.89990234375
2024-07-16 17:00:00+00:00,2469.5
2024-07-16 18:00:00+00:00,2470.300048828125
2024-07-16 19:00:00+00:00,2473.5
2024-07-16 20:00:00+00:00,2473.60009765625
2024-07-16 22:00:00+00:00,2473.699951171875
2024-07-16 23:00:00+00:00,2473.0
2024-07-17 00:00:00+00:00,2473.39990234375
2024-07-17 01:00:00+00:00,2484.60009765625
2024-07-17 02:00:00+00:00,2479.699951171875
2024-07-17 03:00:00+00:00,2476.60009765625
2024-07-17 04:00:00+00:00,2472.60009765625
2024-07-17 05:00:00+00:00,2470.199951171875
2024-07-17 06:00:00+00:00,2471.39990234375
2024-07-17 07:00:00+00:00,2479.10009765625
2024-07-17 08:00:00+00:00,2479.60009765625
2024-07-17 09:00:00+00:00,2479.5
2024-07-17 10:00:00+00:00,2472.300048828125
2024-07-17 11:00:00+00:00,2474.60009765625
2024-07-17 12:00:00+00:00,2478.199951171875
2024-07-17 13:00:00+00:00,2487.699951171875
2024-07-17 14:00:00+00:00,2468.0
2024-07-17 15:00:00+00:00,2468.0
2024-07-17 16:00:00+00:00,2459.89990234375
2024-07-17 17:00:00+00:00,2456.699951171875
2024-07-17 18:00:00+00:00,2462.10009765625
2024-07-17 19:00:00+00:00,2462.300048828125
2024-07-17 20:00:00+00:00,2463.10009765625
2024-07-17 22:00:00+00:00,2462.60009765625
2024-07-17 23:00:00+00:00,2465.0
2024-07-18 00:00:00+00:00,2462.39990234375
2024-07-18 01:00:00+00:00,2466.0
2024-07-18 02:00:00+00:00,2469.10009765625
2024-07-18 03:00:00+00:00,2471.699951171875
2024-07-18 04:00:00+00:00,2468.800048828125
2024-07-18 05:00:00+00:00,2470.39990234375
2024-07-18 06:00:00+00:00,2474.89990234375
2024-07-18 07:00:00+00:00,2475.300048828125
2024-07-18 08:00:00+00:00,2469.39990234375
2024-07-18 09:00:00+00:00,2468.89990234375
2024-07-18 10:00:00+00:00,2467.300048828125
2024-07-18 11:00:00+00:00,2467.699951171875
2024-07-18 12:00:00+00:00,2467.199951171875
2024-07-18 13:00:00+00:00,2467.39990234375
2024-07-18 14:00:00+00:00,2471.699951171875
2024-07-18 15:00:00+00:00,2464.39990234375
2024-07-18 16:00:00+00:00,2459.10009765625
2024-07-18 17:00:00+00:00,2459.300048828125
2024-07-18 18:00:00+00:00,2454.300048828125
2024-07-18 19:00:00+00:00,2445.60009765625
2024-07-18 20:00:00+00:00,2447.89990234375
2024-07-18 22:00:00+00:00,2446.800048828125
2024-07-18 23:00:00+00:00,2443.699951171875
2024-07-19 00:00:00+00:00,2437.300048828125
2024-07-19 01:00:00+00:00,2428.699951171875
2024-07-19 02:00:00+00:00,2431.0
2024-07-19 03:00:00+00:00,2431.699951171875
2024-07-19 04:00:00+00:00,2428.199951171875
2024-07-19 05:00:00+00:00,2425.800048828125
2024-07-19 06:00:00+00:00,2422.300048828125
2024-07-19 07:00:00+00:00,2420.39990234375
2024-07-19 08:00:00+00:00,2422.60009765625
2024-07-19 09:00:00+00:00,2418.199951171875
2024-07-19 10:00:00+00:00,2414.60009765625
2024-07-19 11:00:00+00:00,2412.10009765625
2024-07-19 12:00:00+00:00,2405.800048828125
2024-07-19 13:00:00+00:00,2405.800048828125
2024-07-19 14:00:00+00:00,2399.89990234375
2024-07-19 15:00:00+00:00,2407.300048828125
2024-07-19 16:00:00+00:00,2401.5
2024-07-19 17:00:00+00:00,2400.800048828125
2024-07-19 18:00:00+00:00,2400.300048828125
2024-07-19 19:00:00+00:00,2400.699951171875
2024-07-19 20:00:00+00:00,2402.5
2024-07-21 22:00:00+00:00,2412.800048828125
2024-07-21 23:00:00+00:00,2413.300048828125
2024-07-22 00:00:00+00:00,2409.800048828125
2024-07-22 01:00:00+00:00,2408.5
2024-07-22 02:00:00+00:00,2408.39990234375
2024-07-22 03:00:00+00:00,2408.60009765625
2024-07-22 04:00:00+00:00,2407.199951171875
2024-07-22 05:00:00+00:00,2404.5
2024-07-22 06:00:00+00:00,2403.89990234375
2024-07-22 07:00:00+00:00,2404.0
2024-07-22 08:00:00+00:00,2402.39990234375
2024-07-22 09:00:00+00:00,2406.10009765625
2024-07-22 10:00:00+00:00,2408.39990234375
2024-07-22 11:00:00+00:00,2399.60009765625
2024-07-22 12:00:00+00:00,2395.800048828125
2024-07-22 13:00:00+00:00,2394.10009765625
2024-07-22 14:00:00+00:00,2388.60009765625
2024-07-22 15:00:00+00:00,2387.60009765625
2024-07-22 16:00:00+00:00,2394.300048828125
2024-07-22 17:00:00+00:00,2395.39990234375
2024-07-22 18:00:00+00:00,2397.10009765625
2024-07-22 19:00:00+00:00,2400.60009765625
2024-07-22 20:00:00+00:00,2398.199951171875
2024-07-22 22:00:00+00:00,2396.300048828125
2024-07-22 23:00:00+00:00,2396.699951171875
2024-07-23 00:00:00+00:00,2401.199951171875
2024-07-23 01:00:00+00:00,2402.10009765625
2024-07-23 02:00:00+00:00,2400.699951171875
2024-07-23 03:00:00+00:00,2399.199951171875
2024-07-23 04:00:00+00:00,2397.699951171875
2024-07-23 05:00:00+00:00,2393.39990234375
2024-07-23 06:00:00+00:00,2391.39990234375
2024-07-23 07:00:00+00:00,2398.699951171875
2024-07-23 08:00:00+00:00,2405.0
2024-07-23 09:00:00+00:00,2408.199951171875
2024-07-23 10:00:00+00:00,2408.89990234375
2024-07-23 11:00:00+00:00,2408.89990234375
2024-07-23 12:00:00+00:00,2406.800048828125
2024-07-23 13:00:00+00:00,2403.199951171875
2024-07-23 14:00:00+00:00,2404.10009765625
2024-07-23 15:00:00+00:00,2406.5
2024-07-23 16:00:00+00:00,2406.5
2024-07-23 17:00:00+00:00,2406.0
2024-07-23 18:00:00+00:00,2406.800048828125
2024-07-23 19:00:00+00:00,2408.5
2024-07-23 20:00:00+00:00,2410.60009765625
2024-07-23 22:00:00+00:00,2410.199951171875
2024-07-23 23:00:00+00:00,2409.300048828125
2024-07-24 00:00:00+00:00,2409.10009765625
2024-07-24 01:00:00+00:00,2409.199951171875
2024-07-24 02:00:00+00:00,2415.300048828125
2024-07-24 03:00:00+00:00,2417.60009765625
2024-07-24 04:00:00+00:00,2419.10009765625
2024-07-24 05:00:00+00:00,2417.10009765625
2024-07-24 06:00:00+00:00,2418.5
2024-07-24 07:00:00+00:00,2415.60009765625
2024-07-24 08:00:00+00:00,2412.800048828125
2024-07-24 09:00:00+00:00,2414.10009765625
2024-07-24 10:00:00+00:00,2414.39990234375
2024-07-24 11:00:00+00:00,2418.5
2024-07-24 12:00:00+00:00,2422.39990234375
2024-07-24 13:00:00+00:00,2422.699951171875
2024-07-24 14:00:00+00:00,2431.199951171875
2024-07-24 15:00:00+00:00,2425.60009765625
2024-07-24 16:00:00+00:00,2419.5
2024-07-24 17:00:00+00:00,2409.60009765625
2024-07-24 18:00:00+00:00,2408.89990234375
2024-07-24 19:00:00+00:00,2399.0
2024-07-24 20:00:00+00:00,2397.5
2024-07-24 22:00:00+00:00,2397.60009765625
2024-07-24 23:00:00+00:00,2398.800048828125
2024-07-25 00:00:00+00:00,2396.60009765625
2024-07-25 01:00:00+00:00,2375.39990234375
2024-07-25 02:00:00+00:00,2371.699951171875
2024-07-25 03:00:00+00:00,2373.800048828125
2024-07-25 04:00:00+00:00,2376.89990234375
2024-07-25 05:00:00+00:00,2375.60009765625
2024-07-25 06:00:00+00:00,2371.199951171875
2024-07-25 07:00:00+00:00,2373.60009765625
2024-07-25 08:00:00+00:00,2374.39990234375
2024-07-25 09:00:00+00:00,2373.199951171875
2024-07-25 10:00:00+00:00,2380.800048828125
2024-07-25 11:00:00+00:00,2367.800048828125
2024-07-25 12:00:00+00:00,2370.5
2024-07-25 13:00:00+00:00,2364.199951171875
2024-07-25 14:00:00+00:00,2366.10009765625
2024-07-25 15:00:00+00:00,2362.5
2024-07-25 16:00:00+00:00,2361.89990234375
2024-07-25 17:00:00+00:00,2355.300048828125
2024-07-25 18:00:00+00:00,2356.39990234375
2024-07-25 19:00:00+00:00,2361.699951171875
2024-07-25 20:00:00+00:00,2363.39990234375
2024-07-25 22:00:00+00:00,2362.199951171875
2024-07-25 23:00:00+00:00,2362.800048828125
2024-07-26 00:00:00+00:00,2361.60009765625
2024-07-26 01:00:00+00:00,2372.0
2024-07-26 02:00:00+00:00,2372.699951171875
2024-07-26 03:00:00+00:00,2370.300048828125
2024-07-26 04:00:00+00:00,2368.39990234375
2024-07-26 05:00:00+00:00,2372.60009765625
2024-07-26 06:00:00+00:00,2368.10009765625
2024-07-26 07:00:00+00:00,2370.0
2024-07-26 08:00:00+00:00,2371.5
2024-07-26 09:00:00+00:00,2372.300048828125
2024-07-26 10:00:00+00:00,2371.39990234375
2024-07-26 11:00:00+00:00,2371.89990234375
2024-07-26 12:00:00+00:00,2376.39990234375
2024-07-26 13:00:00+00:00,2380.39990234375
2024-07-26 14:00:00+00:00,2380.800048828125
2024-07-26 15:00:00+00:00,2384.199951171875
2024-07-26 16:00:00+00:00,2388.300048828125
2024-07-26 17:00:00+00:00,2382.39990234375
2024-07-26 18:00:00+00:00,2383.39990234375
2024-07-26 19:00:00+00:00,2385.39990234375
2024-07-26 20:00:00+00:00,2385.699951171875
2024-07-28 22:00:00+00:00,2394.5
2024-07-28 23:00:00+00:00,2396.0
2024-07-29 00:00:00+00:00,2398.800048828125
2024-07-29 01:00:00+00:00,2391.699951171875
2024-07-29 02:00:00+00:00,2391.800048828125
2024-07-29 03:00:00+00:00,2393.199951171875
2024-07-29 04:00:00+00:00,2393.300048828125
2024-07-29 05:00:00+00:00,2391.0
2024-07-29 06:00:00+00:00,2389.800048828125
2024-07-29 07:00:00+00:00,2390.199951171875
2024-07-29 08:00:00+00:00,2388.89990234375
2024-07-29 09:00:00+00:00,2391.199951171875
2024-07-29 10:00:00+00:00,2390.800048828125
2024-07-29 11:00:00+00:00,2386.39990234375
2024-07-29 12:00:00+00:00,2392.0
2024-07-29 13:00:00+00:00,2389.89990234375
2024-07-29 14:00:00+00:00,2379.39990234375
2024-07-29 15:00:00+00:00,2374.60009765625
2024-07-29 16:00:00+00:00,2375.699951171875
2024-07-29 17:00:00+00:00,2375.5
2024-07-29 18:00:00+00:00,2376.89990234375
2024-07-29 19:00:00+00:00,2380.10009765625
2024-07-29 20:00:00+00:00,2381.5
2024-07-29 22:00:00+00:00,2381.300048828125
2024-07-29 23:00:00+00:00,2378.199951171875
2024-07-30 00:00:00+00:00,2379.10009765625
2024-07-30 01:00:00+00:00,2376.60009765625
2024-07-30 02:00:00+00:00,2378.199951171875
2024-07-30 03:00:00+00:00,2381.699951171875
2024-07-30 04:00:00+00:00,2383.199951171875
2024-07-30 05:00:00+00:00,2384.10009765625
2024-07-30 06:00:00+00:00,2387.5
2024-07-30 07:00:00+00:00,2435.199951171875
2024-07-30 08:00:00+00:00,2434.199951171875
2024-07-30 09:00:00+00:00,2433.800048828125
2024-07-30 10:00:00+00:00,2436.699951171875
2024-07-30 11:00:00+00:00,2431.89990234375
2024-07-30 12:00:00+00:00,2431.39990234375
2024-07-30 13:00:00+00:00,2439.300048828125
2024-07-30 14:00:00+00:00,2436.60009765625
2024-07-30 15:00:00+00:00,2430.10009765625
2024-07-30 16:00:00+00:00,2445.10009765625
2024-07-30 17:00:00+00:00,2451.0
2024-07-30 18:00:00+00:00,2450.10009765625
2024-07-30 19:00:00+00:00,2452.199951171875
2024-07-30 20:00:00+00:00,2456.0
2024-07-30 22:00:00+00:00,2454.39990234375
2024-07-30 23:00:00+00:00,2455.0
2024-07-31 00:00:00+00:00,2454.199951171875
2024-07-31 01:00:00+00:00,2454.199951171875
2024-07-31 02:00:00+00:00,2452.699951171875
2024-07-31 03:00:00+00:00,2461.800048828125
2024-07-31 04:00:00+00:00,2466.0
2024-07-31 05:00:00+00:00,2462.5
2024-07-31 06:00:00+00:00,2466.199951171875
2024-07-31 07:00:00+00:00,2462.300048828125
2024-07-31 08:00:00+00:00,2466.5
2024-07-31 09:00:00+00:00,2465.800048828125
2024-07-31 10:00:00+00:00,2463.199951171875
2024-07-31 11:00:00+00:00,2464.300048828125
2024-07-31 12:00:00+00:00,2465.199951171875
2024-07-31 13:00:00+00:00,2471.199951171875
2024-07-31 14:00:00+00:00,2467.39990234375
2024-07-31 15:00:00+00:00,2468.0
2024-07-31 16:00:00+00:00,2472.0
2024-07-31 17:00:00+00:00,2471.199951171875
2024-07-31 18:00:00+00:00,2478.89990234375
2024-07-31 19:00:00+00:00,2495.300048828125
2024-07-31 20:00:00+00:00,2493.39990234375
2024-07-31 22:00:00+00:00,2492.39990234375
2024-07-31 23:00:00+00:00,2490.5
2024-08-01 00:00:00+00:00,2492.10009765625
2024-08-01 01:00:00+00:00,2495.5
2024-08-01 02:00:00+00:00,2485.5
2024-08-01 03:00:00+00:00,2487.10009765625
2024-08-01 04:00:00+00:00,2488.39990234375
2024-08-01 05:00:00+00:00,2491.0
2024-08-01 06:00:00+00:00,2489.10009765625
2024-08-01 07:00:00+00:00,2484.39990234375
2024-08-01 08:00:00+00:00,2478.10009765625
2024-08-01 09:00:00+00:00,2476.800048828125
2024-08-01 10:00:00+00:00,2479.199951171875
2024-08-01 11:00:00+00:00,2485.0
2024-08-01 12:00:00+00:00,2495.300048828125
2024-08-01 13:00:00+00:00,2497.800048828125
2024-08-01 14:00:00+00:00,2492.800048828125
2024-08-01 15:00:00+00:00,2489.39990234375
2024-08-01 16:00:00+00:00,2488.60009765625
2024-08-01 17:00:00+00:00,2483.199951171875
2024-08-01 18:00:00+00:00,2483.5
2024-08-01 19:00:00+00:00,2487.39990234375
2024-08-01 20:00:00+00:00,2490.89990234375
2024-08-01 22:00:00+00:00,2489.39990234375
2024-08-01 23:00:00+00:00,2489.89990234375
2024-08-02 00:00:00+00:00,2493.10009765625
2024-08-02 01:00:00+00:00,2491.60009765625
2024-08-02 02:00:00+00:00,2500.0
2024-08-02 03:00:00+00:00,2498.699951171875
2024-08-02 04:00:00+00:00,2502.10009765625
2024-08-02 05:00:00+00:00,2511.300048828125
2024-08-02 06:00:00+00:00,2509.800048828125
2024-08-02 07:00:00+00:00,2505.800048828125
2024-08-02 08:00:00+00:00,2506.0
2024-08-02 09:00:00+00:00,2508.300048828125
2024-08-02 10:00:00+00:00,2507.89990234375
2024-08-02 11:00:00+00:00,2503.5
2024-08-02 12:00:00+00:00,2517.10009765625
2024-08-02 13:00:00+00:00,2513.0
2024-08-02 14:00:00+00:00,2474.39990234375
2024-08-02 15:00:00+00:00,2476.10009765625
2024-08-02 16:00:00+00:00,2473.199951171875
2024-08-02 17:00:00+00:00,2470.5
2024-08-02 18:00:00+00:00,2471.89990234375
2024-08-02 19:00:00+00:00,2480.0
2024-08-02 20:00:00+00:00,2486.10009765625
2024-08-04 22:00:00+00:00,2483.5
2024-08-04 23:00:00+00:00,2483.10009765625
2024-08-05 00:00:00+00:00,2464.300048828125
2024-08-05 01:00:00+00:00,2481.60009765625
2024-08-05 02:00:00+00:00,2484.699951171875
2024-08-05 03:00:00+00:00,2493.60009765625
2024-08-05 04:00:00+00:00,2494.60009765625
2024-08-05 05:00:00+00:00,2479.699951171875
2024-08-05 06:00:00+00:00,2470.0
2024-08-05 07:00:00+00:00,2473.199951171875
2024-08-05 08:00:00+00:00,2465.800048828125
2024-08-05 09:00:00+00:00,2464.89990234375
2024-08-05 10:00:00+00:00,2449.10009765625
2024-08-05 11:00:00+00:00,2426.800048828125
2024-08-05 12:00:00+00:00,2414.10009765625
2024-08-05 13:00:00+00:00,2434.10009765625
2024-08-05 14:00:00+00:00,2437.10009765625
2024-08-05 15:00:00+00:00,2443.300048828125
2024-08-05 16:00:00+00:00,2443.699951171875
2024-08-05 17:00:00+00:00,2446.199951171875
2024-08-05 18:00:00+00:00,2446.10009765625
2024-08-05 19:00:00+00:00,2449.0
2024-08-05 20:00:00+00:00,2452.10009765625
2024-08-05 22:00:00+00:00,2450.10009765625
2024-08-05 23:00:00+00:00,2445.89990234375
2024-08-06 00:00:00+00:00,2457.10009765625
2024-08-06 01:00:00+00:00,2453.39990234375
2024-08-06 02:00:00+00:00,2448.10009765625
2024-08-06 03:00:00+00:00,2449.39990234375
2024-08-06 04:00:00+00:00,2448.5
2024-08-06 05:00:00+00:00,2439.199951171875
2024-08-06 06:00:00+00:00,2442.0
2024-08-06 07:00:00+00:00,2450.5
2024-08-06 08:00:00+00:00,2451.5
2024-08-06 09:00:00+00:00,2454.10009765625
2024-08-06 10:00:00+00:00,2453.0
2024-08-06 11:00:00+00:00,2451.699951171875
2024-08-06 12:00:00+00:00,2433.39990234375
2024-08-06 13:00:00+00:00,2436.199951171875
2024-08-06 14:00:00+00:00,2429.199951171875
2024-08-06 15:00:00+00:00,2428.39990234375
2024-08-06 16:00:00+00:00,2431.0
2024-08-06 17:00:00+00:00,2434.199951171875
2024-08-06 18:00:00+00:00,2433.89990234375
2024-08-06 19:00:00+00:00,2428.800048828125
2024-08-06 20:00:00+00:00,2432.10009765625
2024-08-06 22:00:00+00:00,2429.39990234375
2024-08-06 23:00:00+00:00,2424.300048828125
2024-08-07 00:00:00+00:00,2426.800048828125
2024-08-07 01:00:00+00:00,2424.0
2024-08-07 02:00:00+00:00,2424.0
2024-08-07 03:00:00+00:00,2425.39990234375
2024-08-07 04:00:00+00:00,2433.0
2024-08-07 05:00:00+00:00,2431.300048828125
2024-08-07 06:00:00+00:00,2434.5
2024-08-07 07:00:00+00:00,2429.300048828125
2024-08-07 08:00:00+00:00,2433.199951171875
2024-08-07 09:00:00+00:00,2434.39990234375
2024-08-07 10:00:00+00:00,2437.60009765625
2024-08-07 11:00:00+00:00,2441.39990234375
2024-08-07 12:00:00+00:00,2444.10009765625
2024-08-07 13:00:00+00:00,2440.300048828125
2024-08-07 14:00:00+00:00,2439.199951171875
2024-08-07 15:00:00+00:00,2434.800048828125
2024-08-07 16:00:00+00:00,2439.89990234375
2024-08-07 17:00:00+00:00,2430.0
2024-08-07 18:00:00+00:00,2426.300048828125
2024-08-07 19:00:00+00:00,2425.5
2024-08-07 20:00:00+00:00,2423.5
2024-08-07 22:00:00+00:00,2422.699951171875
2024-08-07 23:00:00+00:00,2423.800048828125
2024-08-08 00:00:00+00:00,2424.300048828125
2024-08-08 01:00:00+00:00,2425.39990234375
2024-08-08 02:00:00+00:00,2429.60009765625
2024-08-08 03:00:00+00:00,2433.0
2024-08-08 04:00:00+00:00,2433.199951171875
2024-08-08 05:00:00+00:00,2434.199951171875
2024-08-08 06:00:00+00:00,2436.60009765625
2024-08-08 07:00:00+00:00,2435.60009765625
2024-08-08 08:00:00+00:00,2433.199951171875
2024-08-08 09:00:00+00:00,2435.0
2024-08-08 10:00:00+00:00,2444.5
2024-08-08 11:00:00+00:00,2451.699951171875
2024-08-08 12:00:00+00:00,2447.39990234375
2024-08-08 13:00:00+00:00,2453.39990234375
2024-08-08 14:00:00+00:00,2453.199951171875
2024-08-08 15:00:00+00:00,2458.10009765625
2024-08-08 16:00:00+00:00,2457.5
2024-08-08 17:00:00+00:00,2463.0
2024-08-08 18:00:00+00:00,2463.60009765625
2024-08-08 19:00:00+00:00,2463.10009765625
2024-08-08 20:00:00+00:00,2467.39990234375
2024-08-08 22:00:00+00:00,2465.10009765625
2024-08-08 23:00:00+00:00,2463.800048828125
2024-08-09 00:00:00+00:00,2463.0
2024-08-09 01:00:00+00:00,2466.699951171875
2024-08-09 02:00:00+00:00,2461.89990234375
2024-08-09 03:00:00+00:00,2460.800048828125
2024-08-09 04:00:00+00:00,2463.39990234375
2024-08-09 05:00:00+00:00,2456.5
2024-08-09 06:00:00+00:00,2460.0
2024-08-09 07:00:00+00:00,2462.300048828125
2024-08-09 08:00:00+00:00,2463.5
2024-08-09 09:00:00+00:00,2462.60009765625
2024-08-09 10:00:00+00:00,2470.0
2024-08-09 11:00:00+00:00,2465.89990234375
2024-08-09 12:00:00+00:00,2469.0
2024-08-09 13:00:00+00:00,2466.10009765625
2024-08-09 14:00:00+00:00,2467.800048828125
2024-08-09 15:00:00+00:00,2470.89990234375
2024-08-09 16:00:00+00:00,2473.89990234375
2024-08-09 17:00:00+00:00,2470.0
2024-08-09 18:00:00+00:00,2469.300048828125
2024-08-09 19:00:00+00:00,2468.60009765625
2024-08-09 20:00:00+00:00,2470.60009765625
2024-08-11 22:00:00+00:00,2469.300048828125
2024-08-11 23:00:00+00:00,2466.800048828125
2024-08-12 00:00:00+00:00,2467.300048828125
2024-08-12 01:00:00+00:00,2465.0
2024-08-12 02:00:00+00:00,2465.300048828125
2024-08-12 03:00:00+00:00,2467.699951171875
2024-08-12 04:00:00+00:00,2472.39990234375
2024-08-12 05:00:00+00:00,2473.39990234375
2024-08-12 06:00:00+00:00,2475.699951171875
2024-08-12 07:00:00+00:00,2480.89990234375
2024-08-12 08:00:00+00:00,2481.0
2024-08-12 09:00:00+00:00,2481.89990234375
2024-08-12 10:00:00+00:00,2483.10009765625
2024-08-12 11:00:00+00:00,2480.699951171875
2024-08-12 12:00:00+00:00,2483.800048828125
2024-08-12 13:00:00+00:00,2493.699951171875
2024-08-12 14:00:00+00:00,2492.800048828125
2024-08-12 15:00:00+00:00,2499.300048828125
2024-08-12 16:00:00+00:00,2502.89990234375
2024-08-12 17:00:00+00:00,2507.10009765625
2024-08-12 18:00:00+00:00,2510.39990234375
2024-08-12 19:00:00+00:00,2510.60009765625
2024-08-12 20:00:00+00:00,2513.39990234375
2024-08-12 22:00:00+00:00,2513.89990234375
2024-08-12 23:00:00+00:00,2515.60009765625
2024-08-13 00:00:00+00:00,2511.89990234375
2024-08-13 01:00:00+00:00,2506.699951171875
2024-08-13 02:00:00+00:00,2501.60009765625
2024-08-13 03:00:00+00:00,2503.5
2024-08-13 04:00:00+00:00,2502.300048828125
2024-08-13 05:00:00+00:00,2503.0
2024-08-13 06:00:00+00:00,2503.39990234375
2024-08-13 07:00:00+00:00,2503.800048828125
2024-08-13 08:00:00+00:00,2499.89990234375
2024-08-13 09:00:00+00:00,2500.0
2024-08-13 10:00:00+00:00,2501.39990234375
2024-08-13 11:00:00+00:00,2505.300048828125
2024-08-13 12:00:00+00:00,2507.300048828125
2024-08-13 13:00:00+00:00,2514.699951171875
2024-08-13 14:00:00+00:00,2511.0
2024-08-13 15:00:00+00:00,2508.300048828125
2024-08-13 16:00:00+00:00,2509.199951171875
2024-08-13 17:00:00+00:00,2507.300048828125
2024-08-13 18:00:00+00:00,2507.60009765625
2024-08-13 19:00:00+00:00,2506.89990234375
2024-08-13 20:00:00+00:00,2504.89990234375
2024-08-13 22:00:00+00:00,2505.10009765625
2024-08-13 23:00:00+00:00,2503.60009765625
2024-08-14 00:00:00+00:00,2505.199951171875
2024-08-14 01:00:00+00:00,2504.89990234375
2024-08-14 02:00:00+00:00,2499.199951171875
2024-08-14 03:00:00+00:00,2500.10009765625
2024-08-14 04:00:00+00:00,2501.199951171875
2024-08-14 05:00:00+00:00,2501.300048828125
2024-08-14 06:00:00+00:00,2506.5
2024-08-14 07:00:00+00:00,2509.699951171875
2024-08-14 08:00:00+00:00,2513.5
2024-08-14 09:00:00+00:00,2511.800048828125
2024-08-14 10:00:00+00:00,2514.0
2024-08-14 11:00:00+00:00,2513.800048828125
2024-08-14 12:00:00+00:00,2507.89990234375
2024-08-14 13:00:00+00:00,2496.199951171875
2024-08-14 14:00:00+00:00,2488.60009765625
2024-08-14 15:00:00+00:00,2482.60009765625
2024-08-14 16:00:00+00:00,2482.5
2024-08-14 17:00:00+00:00,2479.89990234375
2024-08-14 18:00:00+00:00,2486.199951171875
2024-08-14 19:00:00+00:00,2485.5
2024-08-14 20:00:00+00:00,2486.0
2024-08-14 22:00:00+00:00,2485.5
2024-08-14 23:00:00+00:00,2486.800048828125
2024-08-15 00:00:00+00:00,2487.300048828125
2024-08-15 01:00:00+00:00,2488.0
2024-08-15 02:00:00+00:00,2488.89990234375
2024-08-15 03:00:00+00:00,2491.10009765625
2024-08-15 04:00:00+00:00,2490.89990234375
2024-08-15 05:00:00+00:00,2491.5
2024-08-15 06:00:00+00:00,2493.60009765625
2024-08-15 07:00:00+00:00,2493.300048828125
2024-08-15 08:00:00+00:00,2493.0
2024-08-15 09:00:00+00:00,2494.300048828125
2024-08-15 10:00:00+00:00,2495.699951171875
2024-08-15 11:00:00+00:00,2501.10009765625
2024-08-15 12:00:00+00:00,2478.39990234375
2024-08-15 13:00:00+00:00,2481.89990234375
2024-08-15 14:00:00+00:00,2490.0
2024-08-15 15:00:00+00:00,2496.10009765625
2024-08-15 16:00:00+00:00,2493.199951171875
2024-08-15 17:00:00+00:00,2493.199951171875
2024-08-15 18:00:00+00:00,2496.10009765625
2024-08-15 19:00:00+00:00,2493.5
2024-08-15 20:00:00+00:00,2494.5
2024-08-15 22:00:00+00:00,2492.39990234375
2024-08-15 23:00:00+00:00,2494.699951171875
2024-08-16 00:00:00+00:00,2495.89990234375
2024-08-16 01:00:00+00:00,2495.10009765625
2024-08-16 02:00:00+00:00,2492.60009765625
2024-08-16 03:00:00+00:00,2490.0
2024-08-16 04:00:00+00:00,2490.0
2024-08-16 05:00:00+00:00,2493.0
2024-08-16 06:00:00+00:00,2492.39990234375
2024-08-16 07:00:00+00:00,2499.300048828125
2024-08-16 08:00:00+00:00,2500.0
2024-08-16 09:00:00+00:00,2500.89990234375
2024-08-16 10:00:00+00:00,2502.300048828125
2024-08-16 11:00:00+00:00,2510.0
2024-08-16 12:00:00+00:00,2530.5
2024-08-16 13:00:00+00:00,2533.300048828125
2024-08-16 14:00:00+00:00,2525.60009765625
2024-08-16 15:00:00+00:00,2530.300048828125
2024-08-16 16:00:00+00:00,2534.39990234375
2024-08-16 17:00:00+00:00,2538.199951171875
2024-08-16 18:00:00+00:00,2541.89990234375
2024-08-16 19:00:00+00:00,2546.5
2024-08-16 20:00:00+00:00,2546.199951171875
2024-08-18 22:00:00+00:00,2543.60009765625
2024-08-18 23:00:00+00:00,2545.10009765625
2024-08-19 00:00:00+00:00,2540.89990234375
2024-08-19 01:00:00+00:00,2537.0
2024-08-19 02:00:00+00:00,2542.5
2024-08-19 03:00:00+00:00,2541.89990234375
2024-08-19 04:00:00+00:00,2539.5
2024-08-19 05:00:00+00:00,2539.89990234375
2024-08-19 06:00:00+00:00,2540.5
2024-08-19 07:00:00+00:00,2541.199951171875
2024-08-19 08:00:00+00:00,2541.5
2024-08-19 09:00:00+00:00,2538.39990234375
2024-08-19 10:00:00+00:00,2527.699951171875
2024-08-19 11:00:00+00:00,2532.800048828125
2024-08-19 12:00:00+00:00,2529.39990234375
2024-08-19 13:00:00+00:00,2532.89990234375
2024-08-19 14:00:00+00:00,2539.5
2024-08-19 15:00:00+00:00,2542.39990234375
2024-08-19 16:00:00+00:00,2543.800048828125
2024-08-19 17:00:00+00:00,2541.60009765625
2024-08-19 18:00:00+00:00,2542.800048828125
2024-08-19 19:00:00+00:00,2543.89990234375
2024-08-19 20:00:00+00:00,2542.60009765625
2024-08-19 22:00:00+00:00,2542.5
2024-08-19 23:00:00+00:00,2541.800048828125
2024-08-20 00:00:00+00:00,2543.0
2024-08-20 01:00:00+00:00,2540.0
2024-08-20 02:00:00+00:00,2537.39990234375
2024-08-20 03:00:00+00:00,2539.39990234375
2024-08-20 04:00:00+00:00,2538.60009765625
2024-08-20 05:00:00+00:00,2537.300048828125
2024-08-20 06:00:00+00:00,2540.5
2024-08-20 07:00:00+00:00,2553.199951171875
2024-08-20 08:00:00+00:00,2558.300048828125
2024-08-20 09:00:00+00:00,2560.300048828125
2024-08-20 10:00:00+00:00,2561.39990234375
2024-08-20 11:00:00+00:00,2564.800048828125
2024-08-20 12:00:00+00:00,2565.199951171875
2024-08-20 13:00:00+00:00,2568.5
2024-08-20 14:00:00+00:00,2562.10009765625
2024-08-20 15:00:00+00:00,2546.39990234375
2024-08-20 16:00:00+00:00,2547.10009765625
2024-08-20 17:00:00+00:00,2548.800048828125
2024-08-20 18:00:00+00:00,2551.699951171875
2024-08-20 19:00:00+00:00,2553.199951171875
2024-08-20 20:00:00+00:00,2552.10009765625
2024-08-20 22:00:00+00:00,2552.89990234375
2024-08-20 23:00:00+00:00,2551.10009765625
2024-08-21 00:00:00+00:00,2551.699951171875
2024-08-21 01:00:00+00:00,2554.699951171875
2024-08-21 02:00:00+00:00,2557.5
2024-08-21 03:00:00+00:00,2555.10009765625
2024-08-21 04:00:00+00:00,2554.0
2024-08-21 05:00:00+00:00,2553.0
2024-08-21 06:00:00+00:00,2552.199951171875
2024-08-21 07:00:00+00:00,2547.300048828125
2024-08-21 08:00:00+00:00,2545.39990234375
2024-08-21 09:00:00+00:00,2543.800048828125
2024-08-21 10:00:00+00:00,2547.5
2024-08-21 11:00:00+00:00,2549.89990234375
2024-08-21 12:00:00+00:00,2548.39990234375
2024-08-21 13:00:00+00:00,2540.800048828125
2024-08-21 14:00:00+00:00,2539.10009765625
2024-08-21 15:00:00+00:00,2546.300048828125
2024-08-21 16:00:00+00:00,2544.89990234375
2024-08-21 17:00:00+00:00,2547.300048828125
2024-08-21 18:00:00+00:00,2554.199951171875
2024-08-21 19:00:00+00:00,2549.5
2024-08-21 20:00:00+00:00,2550.199951171875
2024-08-21 22:00:00+00:00,2550.800048828125
2024-08-21 23:00:00+00:00,2549.699951171875
2024-08-22 00:00:00+00:00,2550.39990234375
2024-08-22 01:00:00+00:00,2544.10009765625
2024-08-22 02:00:00+00:00,2538.89990234375
2024-08-22 03:00:00+00:00,2539.199951171875
2024-08-22 04:00:00+00:00,2538.5
2024-08-22 05:00:00+00:00,2542.10009765625
2024-08-22 06:00:00+00:00,2543.800048828125
2024-08-22 07:00:00+00:00,2543.300048828125
2024-08-22 08:00:00+00:00,2539.699951171875
2024-08-22 09:00:00+00:00,2543.300048828125
2024-08-22 10:00:00+00:00,2541.5
2024-08-22 11:00:00+00:00,2535.60009765625
2024-08-22 12:00:00+00:00,2536.89990234375
2024-08-22 13:00:00+00:00,2523.5
2024-08-22 14:00:00+00:00,2515.89990234375
2024-08-22 15:00:00+00:00,2517.89990234375
2024-08-22 16:00:00+00:00,2520.199951171875
2024-08-22 17:00:00+00:00,2517.60009765625
2024-08-22 18:00:00+00:00,2517.89990234375
2024-08-22 19:00:00+00:00,2518.39990234375
2024-08-22 20:00:00+00:00,2520.60009765625
2024-08-22 22:00:00+00:00,2520.5
2024-08-22 23:00:00+00:00,2522.89990234375
2024-08-23 00:00:00+00:00,2525.39990234375
2024-08-23 01:00:00+00:00,2526.5
2024-08-23 02:00:00+00:00,2525.5
2024-08-23 03:00:00+00:00,2528.5
2024-08-23 04:00:00+00:00,2528.89990234375
2024-08-23 05:00:00+00:00,2527.300048828125
2024-08-23 06:00:00+00:00,2528.300048828125
2024-08-23 07:00:00+00:00,2528.89990234375
2024-08-23 08:00:00+00:00,2534.199951171875
2024-08-23 09:00:00+00:00,2534.5
2024-08-23 10:00:00+00:00,2534.60009765625
2024-08-23 11:00:00+00:00,2537.10009765625
2024-08-23 12:00:00+00:00,2536.89990234375
2024-08-23 13:00:00+00:00,2533.800048828125
2024-08-23 14:00:00+00:00,2545.0
2024-08-23 15:00:00+00:00,2545.699951171875
2024-08-23 16:00:00+00:00,2546.10009765625
2024-08-23 17:00:00+00:00,2546.60009765625
2024-08-23 18:00:00+00:00,2545.39990234375
2024-08-23 19:00:00+00:00,2546.60009765625
2024-08-23 20:00:00+00:00,2548.699951171875
2024-08-25 22:00:00+00:00,2548.39990234375
2024-08-25 23:00:00+00:00,2551.300048828125
2024-08-26 00:00:00+00:00,2549.0
2024-08-26 01:00:00+00:00,2548.699951171875
2024-08-26 02:00:00+00:00,2547.300048828125
2024-08-26 03:00:00+00:00,2545.199951171875
2024-08-26 04:00:00+00:00,2545.0
2024-08-26 05:00:00+00:00,2545.89990234375
2024-08-26 06:00:00+00:00,2550.60009765625
2024-08-26 07:00:00+00:00,2556.89990234375
2024-08-26 08:00:00+00:00,2560.0
2024-08-26 09:00:00+00:00,2561.0
2024-08-26 10:00:00+00:00,2560.800048828125
2024-08-26 11:00:00+00:00,2562.10009765625
2024-08-26 12:00:00+00:00,2559.5
2024-08-26 13:00:00+00:00,2551.60009765625
2024-08-26 14:00:00+00:00,2552.60009765625
2024-08-26 15:00:00+00:00,2551.699951171875
2024-08-26 16:00:00+00:00,2555.89990234375
2024-08-26 17:00:00+00:00,2553.89990234375
2024-08-26 18:00:00+00:00,2552.60009765625
2024-08-26 19:00:00+00:00,2553.699951171875
2024-08-26 20:00:00+00:00,2553.60009765625
2024-08-26 22:00:00+00:00,2552.60009765625
2024-08-26 23:00:00+00:00,2550.699951171875
2024-08-27 00:00:00+00:00,2548.300048828125
2024-08-27 01:00:00+00:00,2545.10009765625
2024-08-27 02:00:00+00:00,2543.89990234375
2024-08-27 03:00:00+00:00,2544.10009765625
2024-08-27 04:00:00+00:00,2542.300048828125
2024-08-27 05:00:00+00:00,2548.60009765625
2024-08-27 06:00:00+00:00,2549.89990234375
2024-08-27 07:00:00+00:00,2540.0
2024-08-27 08:00:00+00:00,2546.199951171875
2024-08-27 09:00:00+00:00,2544.199951171875
2024-08-27 10:00:00+00:00,2544.10009765625
2024-08-27 11:00:00+00:00,2546.60009765625
2024-08-27 12:00:00+00:00,2545.0
2024-08-27 13:00:00+00:00,2547.800048828125
2024-08-27 14:00:00+00:00,2550.0
2024-08-27 15:00:00+00:00,2547.5
2024-08-27 16:00:00+00:00,2549.800048828125
2024-08-27 17:00:00+00:00,2555.5
2024-08-27 18:00:00+00:00,2560.0
2024-08-27 19:00:00+00:00,2560.39990234375
2024-08-27 20:00:00+00:00,2560.0
2024-08-27 22:00:00+00:00,2560.800048828125
2024-08-27 23:00:00+00:00,2560.5
2024-08-28 00:00:00+00:00,2559.800048828125
2024-08-28 01:00:00+00:00,2552.300048828125
2024-08-28 02:00:00+00:00,2551.5
2024-08-28 03:00:00+00:00,2551.0
2024-08-28 04:00:00+00:00,2546.60009765625
2024-08-28 05:00:00+00:00,2540.60009765625
2024-08-28 06:00:00+00:00,2543.199951171875
2024-08-28 07:00:00+00:00,2544.800048828125
2024-08-28 08:00:00+00:00,2542.699951171875
2024-08-28 09:00:00+00:00,2544.89990234375
2024-08-28 10:00:00+00:00,2540.10009765625
2024-08-28 11:00:00+00:00,2536.0
2024-08-28 12:00:00+00:00,2535.300048828125
2024-08-28 13:00:00+00:00,2541.10009765625
2024-08-28 14:00:00+00:00,2542.199951171875
2024-08-28 15:00:00+00:00,2540.800048828125
2024-08-28 16:00:00+00:00,2536.39990234375
2024-08-28 17:00:00+00:00,2539.89990234375
2024-08-28 18:00:00+00:00,2542.39990234375
2024-08-28 19:00:00+00:00,2542.0
2024-08-28 20:00:00+00:00,2539.0
2024-08-28 22:00:00+00:00,2540.39990234375
2024-08-28 23:00:00+00:00,2541.300048828125
2024-08-29 00:00:00+00:00,2545.199951171875
2024-08-29 01:00:00+00:00,2546.199951171875
2024-08-29 02:00:00+00:00,2545.89990234375
2024-08-29 03:00:00+00:00,2549.89990234375
2024-08-29 04:00:00+00:00,2548.89990234375
2024-08-29 05:00:00+00:00,2552.199951171875
2024-08-29 06:00:00+00:00,2550.0
2024-08-29 07:00:00+00:00,2552.199951171875
2024-08-29 08:00:00+00:00,2550.300048828125
2024-08-29 09:00:00+00:00,2556.10009765625
2024-08-29 10:00:00+00:00,2556.39990234375
2024-08-29 11:00:00+00:00,2553.300048828125
2024-08-29 12:00:00+00:00,2542.39990234375
2024-08-29 13:00:00+00:00,2550.10009765625
2024-08-29 14:00:00+00:00,2555.60009765625
2024-08-29 15:00:00+00:00,2556.10009765625
2024-08-29 16:00:00+00:00,2558.699951171875
2024-08-29 17:00:00+00:00,2559.199951171875
2024-08-29 18:00:00+00:00,2556.5
2024-08-29 19:00:00+00:00,2554.39990234375
2024-08-29 20:00:00+00:00,2554.60009765625
2024-08-29 22:00:00+00:00,2554.0
2024-08-29 23:00:00+00:00,2552.60009765625
2024-08-30 00:00:00+00:00,2551.0
2024-08-30 01:00:00+00:00,2549.5
2024-08-30 02:00:00+00:00,2549.39990234375
2024-08-30 03:00:00+00:00,2547.10009765625
2024-08-30 04:00:00+00:00,2546.800048828125
2024-08-30 05:00:00+00:00,2547.199951171875
2024-08-30 06:00:00+00:00,2550.699951171875
2024-08-30 07:00:00+00:00,2552.5
2024-08-30 08:00:00+00:00,2556.0
2024-08-30 09:00:00+00:00,2557.199951171875
2024-08-30 10:00:00+00:00,2548.60009765625
2024-08-30 11:00:00+00:00,2552.699951171875
2024-08-30 12:00:00+00:00,2553.0
2024-08-30 13:00:00+00:00,2549.0
2024-08-30 14:00:00+00:00,2542.10009765625
2024-08-30 15:00:00+00:00,2535.300048828125
2024-08-30 16:00:00+00:00,2530.300048828125
2024-08-30 17:00:00+00:00,2532.10009765625
2024-08-30 18:00:00+00:00,2534.89990234375
2024-08-30 19:00:00+00:00,2534.699951171875
2024-08-30 20:00:00+00:00,2535.89990234375
2024-09-01 22:00:00+00:00,2535.39990234375
2024-09-01 23:00:00+00:00,2535.10009765625
2024-09-02 00:00:00+00:00,2533.60009765625
2024-09-02 01:00:00+00:00,2530.39990234375
2024-09-02 02:00:00+00:00,2524.0
2024-09-02 03:00:00+00:00,2528.39990234375
2024-09-03 04:00:00+00:00,2527.699951171875
2024-09-03 05:00:00+00:00,2526.800048828125
2024-09-03 06:00:00+00:00,2529.800048828125
2024-09-03 07:00:00+00:00,2532.89990234375
2024-09-03 08:00:00+00:00,2536.0
2024-09-03 09:00:00+00:00,2532.89990234375
2024-09-03 10:00:00+00:00,2529.300048828125
2024-09-03 11:00:00+00:00,2521.5
2024-09-03 12:00:00+00:00,2525.199951171875
2024-09-03 13:00:00+00:00,2511.60009765625
2024-09-03 14:00:00+00:00,2509.699951171875
2024-09-03 15:00:00+00:00,2520.0
2024-09-03 16:00:00+00:00,2517.39990234375
2024-09-03 17:00:00+00:00,2520.89990234375
2024-09-03 18:00:00+00:00,2520.89990234375
2024-09-03 19:00:00+00:00,2523.60009765625
2024-09-03 20:00:00+00:00,2524.800048828125
2024-09-03 22:00:00+00:00,2524.5
2024-09-03 23:00:00+00:00,2524.699951171875
2024-09-04 00:00:00+00:00,2523.5
2024-09-04 01:00:00+00:00,2524.800048828125
2024-09-04 02:00:00+00:00,2526.800048828125
2024-09-04 03:00:00+00:00,2526.60009765625
2024-09-04 04:00:00+00:00,2527.10009765625
2024-09-04 05:00:00+00:00,2524.300048828125
2024-09-04 06:00:00+00:00,2515.60009765625
2024-09-04 07:00:00+00:00,2513.199951171875
2024-09-04 08:00:00+00:00,2504.10009765625
2024-09-04 09:00:00+00:00,2512.699951171875
2024-09-04 10:00:00+00:00,2520.10009765625
2024-09-04 11:00:00+00:00,2520.199951171875
2024-09-04 12:00:00+00:00,2517.5
2024-09-04 13:00:00+00:00,2516.39990234375
2024-09-04 14:00:00+00:00,2527.199951171875
2024-09-04 15:00:00+00:00,2525.199951171875
2024-09-04 16:00:00+00:00,2528.0
2024-09-04 17:00:00+00:00,2525.39990234375
2024-09-04 18:00:00+00:00,2525.699951171875
2024-09-04 19:00:00+00:00,2524.300048828125
2024-09-04 20:00:00+00:00,2526.5
2024-09-04 22:00:00+00:00,2525.39990234375
2024-09-04 23:00:00+00:00,2526.0
2024-09-05 00:00:00+00:00,2525.199951171875
2024-09-05 01:00:00+00:00,2526.60009765625
2024-09-05 02:00:00+00:00,2528.300048828125
2024-09-05 03:00:00+00:00,2524.800048828125
2024-09-05 04:00:00+00:00,2524.199951171875
2024-09-05 05:00:00+00:00,2531.89990234375
2024-09-05 06:00:00+00:00,2534.300048828125
2024-09-05 07:00:00+00:00,2536.5
2024-09-05 08:00:00+00:00,2545.0
2024-09-05 09:00:00+00:00,2545.800048828125
2024-09-05 10:00:00+00:00,2546.5
2024-09-05 11:00:00+00:00,2545.39990234375
2024-09-05 12:00:00+00:00,2548.10009765625
2024-09-05 13:00:00+00:00,2544.699951171875
2024-09-05 14:00:00+00:00,2539.0
2024-09-05 15:00:00+00:00,2537.39990234375
2024-09-05 16:00:00+00:00,2540.699951171875
2024-09-05 17:00:00+00:00,2545.5
2024-09-05 18:00:00+00:00,2546.0
2024-09-05 19:00:00+00:00,2545.199951171875
2024-09-05 20:00:00+00:00,2547.10009765625
2024-09-05 22:00:00+00:00,2546.10009765625
2024-09-05 23:00:00+00:00,2547.199951171875
2024-09-06 00:00:00+00:00,2545.89990234375
2024-09-06 01:00:00+00:00,2543.5
2024-09-06 02:00:00+00:00,2547.39990234375
2024-09-06 03:00:00+00:00,2547.699951171875
2024-09-06 04:00:00+00:00,2548.300048828125
2024-09-06 05:00:00+00:00,2550.10009765625
2024-09-06 06:00:00+00:00,2549.39990234375
2024-09-06 07:00:00+00:00,2546.5
2024-09-06 08:00:00+00:00,2547.800048828125
2024-09-06 09:00:00+00:00,2549.10009765625
2024-09-06 10:00:00+00:00,2548.800048828125
2024-09-06 11:00:00+00:00,2546.199951171875
2024-09-06 12:00:00+00:00,2552.300048828125
2024-09-06 13:00:00+00:00,2539.300048828125
2024-09-06 14:00:00+00:00,2536.300048828125
2024-09-06 15:00:00+00:00,2534.89990234375
2024-09-06 16:00:00+00:00,2518.39990234375
2024-09-06 17:00:00+00:00,2524.800048828125
2024-09-06 18:00:00+00:00,2524.0
2024-09-06 19:00:00+00:00,2525.39990234375
2024-09-06 20:00:00+00:00,2526.800048828125
2024-09-08 22:00:00+00:00,2527.0
2024-09-08 23:00:00+00:00,2526.0
2024-09-09 00:00:00+00:00,2525.0
2024-09-09 01:00:00+00:00,2526.800048828125
2024-09-09 02:00:00+00:00,2526.10009765625
2024-09-09 03:00:00+00:00,2528.199951171875
2024-09-09 04:00:00+00:00,2527.199951171875
2024-09-09 05:00:00+00:00,2516.800048828125
2024-09-09 06:00:00+00:00,2518.699951171875
2024-09-09 07:00:00+00:00,2523.5
2024-09-09 08:00:00+00:00,2521.10009765625
2024-09-09 09:00:00+00:00,2525.300048828125
2024-09-09 10:00:00+00:00,2523.60009765625
2024-09-09 11:00:00+00:00,2526.39990234375
2024-09-09 12:00:00+00:00,2530.199951171875
2024-09-09 13:00:00+00:00,2529.0
2024-09-09 14:00:00+00:00,2526.10009765625
2024-09-09 15:00:00+00:00,2528.300048828125
2024-09-09 16:00:00+00:00,2533.5
2024-09-09 17:00:00+00:00,2529.0
2024-09-09 18:00:00+00:00,2533.800048828125
2024-09-09 19:00:00+00:00,2535.10009765625
2024-09-09 20:00:00+00:00,2535.5
2024-09-09 22:00:00+00:00,2535.89990234375
2024-09-09 23:00:00+00:00,2535.60009765625
2024-09-10 00:00:00+00:00,2534.10009765625
2024-09-10 01:00:00+00:00,2532.5
2024-09-10 02:00:00+00:00,2532.0
2024-09-10 03:00:00+00:00,2531.300048828125
2024-09-10 04:00:00+00:00,2530.60009765625
2024-09-10 05:00:00+00:00,2532.89990234375
2024-09-10 06:00:00+00:00,2534.0
2024-09-10 07:00:00+00:00,2531.800048828125
2024-09-10 08:00:00+00:00,2531.199951171875
2024-09-10 09:00:00+00:00,2535.0
2024-09-10 10:00:00+00:00,2534.5
2024-09-10 11:00:00+00:00,2533.5
2024-09-10 12:00:00+00:00,2542.39990234375
2024-09-10 13:00:00+00:00,2535.89990234375
2024-09-10 14:00:00+00:00,2538.0
2024-09-10 15:00:00+00:00,2541.60009765625
2024-09-10 16:00:00+00:00,2543.199951171875
2024-09-10 17:00:00+00:00,2541.89990234375
2024-09-10 18:00:00+00:00,2545.300048828125
2024-09-10 19:00:00+00:00,2546.300048828125
2024-09-10 20:00:00+00:00,2545.699951171875
2024-09-10 22:00:00+00:00,2545.39990234375
2024-09-10 23:00:00+00:00,2547.60009765625
2024-09-11 00:00:00+00:00,2545.300048828125
2024-09-11 01:00:00+00:00,2547.699951171875
2024-09-11 02:00:00+00:00,2547.800048828125
2024-09-11 03:00:00+00:00,2548.199951171875
2024-09-11 04:00:00+00:00,2548.39990234375
2024-09-11 05:00:00+00:00,2550.199951171875
2024-09-11 06:00:00+00:00,2555.5
2024-09-11 07:00:00+00:00,2550.60009765625
2024-09-11 08:00:00+00:00,2553.300048828125
2024-09-11 09:00:00+00:00,2552.199951171875
2024-09-11 10:00:00+00:00,2550.800048828125
2024-09-11 11:00:00+00:00,2551.0
2024-09-11 12:00:00+00:00,2538.300048828125
2024-09-11 13:00:00+00:00,2538.39990234375
2024-09-11 14:00:00+00:00,2538.199951171875
2024-09-11 15:00:00+00:00,2543.60009765625
2024-09-11 16:00:00+00:00,2544.10009765625
2024-09-11 17:00:00+00:00,2543.39990234375
2024-09-11 18:00:00+00:00,2540.0
2024-09-11 19:00:00+00:00,2541.5
2024-09-11 20:00:00+00:00,2540.199951171875
2024-09-11 22:00:00+00:00,2540.5
2024-09-11 23:00:00+00:00,2539.60009765625
2024-09-12 00:00:00+00:00,2540.0
2024-09-12 01:00:00+00:00,2541.0
2024-09-12 02:00:00+00:00,2540.199951171875
2024-09-12 03:00:00+00:00,2543.60009765625
2024-09-12 04:00:00+00:00,2544.800048828125
2024-09-12 05:00:00+00:00,2547.199951171875
2024-09-12 06:00:00+00:00,2544.39990234375
2024-09-12 07:00:00+00:00,2543.800048828125
2024-09-12 08:00:00+00:00,2545.10009765625
2024-09-12 09:00:00+00:00,2547.0
2024-09-12 10:00:00+00:00,2541.199951171875
2024-09-12 11:00:00+00:00,2547.39990234375
2024-09-12 12:00:00+00:00,2556.800048828125
2024-09-12 13:00:00+00:00,2573.800048828125
2024-09-12 14:00:00+00:00,2581.89990234375
2024-09-12 15:00:00+00:00,2581.699951171875
2024-09-12 16:00:00+00:00,2579.199951171875
2024-09-12 17:00:00+00:00,2582.39990234375
2024-09-12 18:00:00+00:00,2584.300048828125
2024-09-12 19:00:00+00:00,2586.199951171875
2024-09-12 20:00:00+00:00,2587.199951171875
2024-09-12 22:00:00+00:00,2585.699951171875
2024-09-12 23:00:00+00:00,2586.800048828125
2024-09-13 00:00:00+00:00,2589.89990234375
2024-09-13 01:00:00+00:00,2591.39990234375
2024-09-13 02:00:00+00:00,2593.39990234375
2024-09-13 03:00:00+00:00,2595.800048828125
2024-09-13 04:00:00+00:00,2596.89990234375
2024-09-13 05:00:00+00:00,2594.89990234375
2024-09-13 06:00:00+00:00,2595.10009765625
2024-09-13 07:00:00+00:00,2597.699951171875
2024-09-13 08:00:00+00:00,2597.800048828125
2024-09-13 09:00:00+00:00,2596.199951171875
2024-09-13 10:00:00+00:00,2594.800048828125
2024-09-13 11:00:00+00:00,2595.0
2024-09-13 12:00:00+00:00,2603.89990234375
2024-09-13 13:00:00+00:00,2605.800048828125
2024-09-13 14:00:00+00:00,2606.39990234375
2024-09-13 15:00:00+00:00,2610.300048828125
2024-09-13 16:00:00+00:00,2612.60009765625
2024-09-13 17:00:00+00:00,2610.699951171875
2024-09-13 18:00:00+00:00,2610.39990234375
2024-09-13 19:00:00+00:00,2611.0
2024-09-13 20:00:00+00:00,2606.199951171875
2024-09-15 22:00:00+00:00,2608.10009765625
2024-09-15 23:00:00+00:00,2607.0
2024-09-16 00:00:00+00:00,2609.10009765625
2024-09-16 01:00:00+00:00,2609.39990234375
2024-09-16 02:00:00+00:00,2613.10009765625
2024-09-16 03:00:00+00:00,2614.199951171875
2024-09-16 04:00:00+00:00,2613.5
2024-09-16 05:00:00+00:00,2616.199951171875
2024-09-16 06:00:00+00:00,2612.89990234375
2024-09-16 07:00:00+00:00,2609.800048828125
2024-09-16 08:00:00+00:00,2614.300048828125
2024-09-16 09:00:00+00:00,2612.89990234375
2024-09-16 10:00:00+00:00,2607.5
2024-09-16 11:00:00+00:00,2610.5
2024-09-16 12:00:00+00:00,2610.60009765625
2024-09-16 13:00:00+00:00,2615.800048828125
2024-09-16 14:00:00+00:00,2607.699951171875
2024-09-16 15:00:00+00:00,2607.39990234375
2024-09-16 16:00:00+00:00,2611.300048828125
2024-09-16 17:00:00+00:00,2610.10009765625
2024-09-16 18:00:00+00:00,2608.60009765625
2024-09-16 19:00:00+00:00,2609.89990234375
2024-09-16 20:00:00+00:00,2610.0
2024-09-16 22:00:00+00:00,2610.10009765625
2024-09-16 23:00:00+00:00,2610.800048828125
2024-09-17 00:00:00+00:00,2607.10009765625
2024-09-17 01:00:00+00:00,2609.60009765625
2024-09-17 02:00:00+00:00,2608.699951171875
2024-09-17 03:00:00+00:00,2604.199951171875
2024-09-17 04:00:00+00:00,2603.60009765625
2024-09-17 05:00:00+00:00,2606.199951171875
2024-09-17 06:00:00+00:00,2611.199951171875
2024-09-17 07:00:00+00:00,2610.699951171875
2024-09-17 08:00:00+00:00,2607.300048828125
2024-09-17 09:00:00+00:00,2600.5
2024-09-17 10:00:00+00:00,2600.300048828125
2024-09-17 11:00:00+00:00,2606.89990234375
2024-09-17 12:00:00+00:00,2604.5
2024-09-17 13:00:00+00:00,2600.5
2024-09-17 14:00:00+00:00,2603.5
2024-09-17 15:00:00+00:00,2592.39990234375
2024-09-17 16:00:00+00:00,2589.699951171875
2024-09-17 17:00:00+00:00,2596.699951171875
2024-09-17 18:00:00+00:00,2596.89990234375
2024-09-17 19:00:00+00:00,2595.39990234375
2024-09-17 20:00:00+00:00,2596.39990234375
2024-09-17 22:00:00+00:00,2597.10009765625
2024-09-17 23:00:00+00:00,2600.300048828125
2024-09-18 00:00:00+00:00,2599.39990234375
2024-09-18 01:00:00+00:00,2598.5
2024-09-18 02:00:00+00:00,2600.10009765625
2024-09-18 03:00:00+00:00,2602.0
2024-09-18 04:00:00+00:00,2594.89990234375
2024-09-18 05:00:00+00:00,2594.0
2024-09-18 06:00:00+00:00,2595.199951171875
2024-09-18 07:00:00+00:00,2597.800048828125
2024-09-18 08:00:00+00:00,2596.10009765625
2024-09-18 09:00:00+00:00,2598.60009765625
2024-09-18 10:00:00+00:00,2602.699951171875
2024-09-18 11:00:00+00:00,2604.0
2024-09-18 12:00:00+00:00,2602.800048828125
2024-09-18 13:00:00+00:00,2598.5
2024-09-18 14:00:00+00:00,2598.39990234375
2024-09-18 15:00:00+00:00,2596.5
2024-09-18 16:00:00+00:00,2601.699951171875
2024-09-18 17:00:00+00:00,2594.0
2024-09-18 18:00:00+00:00,2601.89990234375
2024-09-18 19:00:00+00:00,2575.0
2024-09-18 20:00:00+00:00,2584.800048828125
2024-09-18 22:00:00+00:00,2584.199951171875
2024-09-18 23:00:00+00:00,2584.10009765625
2024-09-19 00:00:00+00:00,2583.5
2024-09-19 01:00:00+00:00,2580.10009765625
2024-09-19 02:00:00+00:00,2588.89990234375
2024-09-19 03:00:00+00:00,2588.89990234375
2024-09-19 04:00:00+00:00,2588.699951171875
2024-09-19 05:00:00+00:00,2599.199951171875
2024-09-19 06:00:00+00:00,2600.699951171875
2024-09-19 07:00:00+00:00,2609.800048828125
2024-09-19 08:00:00+00:00,2610.39990234375
2024-09-19 09:00:00+00:00,2617.10009765625
2024-09-19 10:00:00+00:00,2613.89990234375
2024-09-19 11:00:00+00:00,2614.699951171875
2024-09-19 12:00:00+00:00,2601.60009765625
2024-09-19 13:00:00+00:00,2600.10009765625
2024-09-19 14:00:00+00:00,2606.39990234375
2024-09-19 15:00:00+00:00,2614.60009765625
2024-09-19 16:00:00+00:00,2617.10009765625
2024-09-19 17:00:00+00:00,2616.0
2024-09-19 18:00:00+00:00,2613.5
2024-09-19 19:00:00+00:00,2613.300048828125
2024-09-19 20:00:00+00:00,2611.699951171875
2024-09-19 22:00:00+00:00,2612.300048828125
2024-09-19 23:00:00+00:00,2611.800048828125
2024-09-20 00:00:00+00:00,2612.800048828125
2024-09-20 01:00:00+00:00,2613.300048828125
2024-09-20 02:00:00+00:00,2616.699951171875
2024-09-20 03:00:00+00:00,2616.89990234375
2024-09-20 04:00:00+00:00,2618.5
2024-09-20 05:00:00+00:00,2619.5
2024-09-20 06:00:00+00:00,2630.60009765625
2024-09-20 07:00:00+00:00,2632.300048828125
2024-09-20 08:00:00+00:00,2634.800048828125
2024-09-20 09:00:00+00:00,2631.300048828125
2024-09-20 10:00:00+00:00,2638.39990234375
2024-09-20 11:00:00+00:00,2639.10009765625
2024-09-20 12:00:00+00:00,2641.0
2024-09-20 13:00:00+00:00,2631.89990234375
2024-09-20 14:00:00+00:00,2639.0
2024-09-20 15:00:00+00:00,2648.300048828125
2024-09-20 16:00:00+00:00,2650.0
2024-09-20 17:00:00+00:00,2644.699951171875
2024-09-20 18:00:00+00:00,2646.89990234375
2024-09-20 19:00:00+00:00,2646.10009765625
2024-09-20 20:00:00+00:00,2647.10009765625
2024-09-22 22:00:00+00:00,2645.0
2024-09-22 23:00:00+00:00,2644.800048828125
2024-09-23 00:00:00+00:00,2643.199951171875
2024-09-23 01:00:00+00:00,2645.0
2024-09-23 02:00:00+00:00,2650.10009765625
2024-09-23 03:00:00+00:00,2653.0
2024-09-23 04:00:00+00:00,2654.10009765625
2024-09-23 05:00:00+00:00,2654.60009765625
2024-09-23 06:00:00+00:00,2649.300048828125
2024-09-23 07:00:00+00:00,2640.0
2024-09-23 08:00:00+00:00,2641.699951171875
2024-09-23 09:00:00+00:00,2646.39990234375
2024-09-23 10:00:00+00:00,2646.199951171875
2024-09-23 11:00:00+00:00,2649.0
2024-09-23 12:00:00+00:00,2651.89990234375
2024-09-23 13:00:00+00:00,2656.60009765625
2024-09-23 14:00:00+00:00,2655.60009765625
2024-09-23 15:00:00+00:00,2654.10009765625
2024-09-23 16:00:00+00:00,2653.10009765625
2024-09-23 17:00:00+00:00,2653.0
2024-09-23 18:00:00+00:00,2652.300048828125
2024-09-23 19:00:00+00:00,2651.0
2024-09-23 20:00:00+00:00,2653.39990234375
2024-09-23 22:00:00+00:00,2652.10009765625
2024-09-23 23:00:00+00:00,2651.10009765625
2024-09-24 00:00:00+00:00,2650.0
2024-09-24 01:00:00+00:00,2653.89990234375
2024-09-24 02:00:00+00:00,2653.800048828125
2024-09-24 03:00:00+00:00,2659.10009765625
2024-09-24 04:00:00+00:00,2662.5
2024-09-24 05:00:00+00:00,2650.10009765625
2024-09-24 06:00:00+00:00,2653.10009765625
2024-09-24 07:00:00+00:00,2653.60009765625
2024-09-24 08:00:00+00:00,2653.699951171875
2024-09-24 09:00:00+00:00,2655.300048828125
2024-09-24 10:00:00+00:00,2658.199951171875
2024-09-24 11:00:00+00:00,2651.10009765625
2024-09-24 12:00:00+00:00,2658.0
2024-09-24 13:00:00+00:00,2660.199951171875
2024-09-24 14:00:00+00:00,2668.5
2024-09-24 15:00:00+00:00,2667.800048828125
2024-09-24 16:00:00+00:00,2678.60009765625
2024-09-24 17:00:00+00:00,2679.10009765625
2024-09-24 18:00:00+00:00,2682.39990234375
2024-09-24 19:00:00+00:00,2687.699951171875
2024-09-24 20:00:00+00:00,2682.10009765625
2024-09-24 22:00:00+00:00,2683.60009765625
2024-09-24 23:00:00+00:00,2682.89990234375
2024-09-25 00:00:00+00:00,2685.300048828125
2024-09-25 01:00:00+00:00,2684.300048828125
2024-09-25 02:00:00+00:00,2694.39990234375
2024-09-25 03:00:00+00:00,2685.5
2024-09-25 04:00:00+00:00,2683.199951171875
2024-09-25 05:00:00+00:00,2681.199951171875
2024-09-25 06:00:00+00:00,2679.199951171875
2024-09-25 07:00:00+00:00,2681.10009765625
2024-09-25 08:00:00+00:00,2680.199951171875
2024-09-25 09:00:00+00:00,2681.10009765625
2024-09-25 10:00:00+00:00,2679.800048828125
2024-09-25 11:00:00+00:00,2681.699951171875
2024-09-25 12:00:00+00:00,2683.800048828125
2024-09-25 13:00:00+00:00,2689.0
2024-09-25 14:00:00+00:00,2683.39990234375
2024-09-25 15:00:00+00:00,2682.10009765625
2024-09-25 16:00:00+00:00,2677.800048828125
2024-09-25 17:00:00+00:00,2684.800048828125
2024-09-25 18:00:00+00:00,2684.699951171875
2024-09-25 19:00:00+00:00,2683.800048828125
2024-09-25 20:00:00+00:00,2681.300048828125
2024-09-25 22:00:00+00:00,2681.800048828125
2024-09-25 23:00:00+00:00,2679.800048828125
2024-09-26 00:00:00+00:00,2682.60009765625
2024-09-26 01:00:00+00:00,2684.5
2024-09-26 02:00:00+00:00,2681.39990234375
2024-09-26 03:00:00+00:00,2685.300048828125
2024-09-26 04:00:00+00:00,2683.800048828125
2024-09-26 05:00:00+00:00,2684.800048828125
2024-09-26 06:00:00+00:00,2684.5
2024-09-26 07:00:00+00:00,2687.60009765625
2024-09-26 08:00:00+00:00,2692.300048828125
2024-09-26 09:00:00+00:00,2692.199951171875
2024-09-26 10:00:00+00:00,2695.89990234375
2024-09-26 11:00:00+00:00,2705.89990234375
2024-09-26 12:00:00+00:00,2700.300048828125
2024-09-26 13:00:00+00:00,2683.5
2024-09-26 14:00:00+00:00,2688.800048828125
2024-09-26 15:00:00+00:00,2694.199951171875
2024-09-26 16:00:00+00:00,2691.0
2024-09-26 17:00:00+00:00,2693.89990234375
2024-09-26 18:00:00+00:00,2698.89990234375
2024-09-26 19:00:00+00:00,2696.60009765625
2024-09-26 20:00:00+00:00,2695.10009765625
2024-09-26 22:00:00+00:00,2694.699951171875
2024-09-26 23:00:00+00:00,2694.89990234375
2024-09-27 00:00:00+00:00,2692.0
2024-09-27 01:00:00+00:00,2691.89990234375
2024-09-27 02:00:00+00:00,2691.300048828125
2024-09-27 03:00:00+00:00,2696.10009765625
2024-09-27 04:00:00+00:00,2692.89990234375
2024-09-27 05:00:00+00:00,2687.199951171875
2024-09-27 06:00:00+00:00,2687.89990234375
2024-09-27 07:00:00+00:00,2687.10009765625
2024-09-27 08:00:00+00:00,2684.800048828125
2024-09-27 09:00:00+00:00,2686.199951171875
2024-09-27 10:00:00+00:00,2686.699951171875
2024-09-27 11:00:00+00:00,2688.39990234375
2024-09-27 12:00:00+00:00,2692.39990234375
2024-09-27 13:00:00+00:00,2688.89990234375
2024-09-27 14:00:00+00:00,2671.800048828125
2024-09-27 15:00:00+00:00,2672.0
2024-09-27 16:00:00+00:00,2673.89990234375
2024-09-27 17:00:00+00:00,2667.60009765625
2024-09-27 18:00:00+00:00,2670.39990234375
2024-09-27 19:00:00+00:00,2674.5
2024-09-27 20:00:00+00:00,2680.800048828125
2024-09-29 22:00:00+00:00,2684.5
2024-09-29 23:00:00+00:00,2685.300048828125
2024-09-30 00:00:00+00:00,2683.10009765625
2024-09-30 01:00:00+00:00,2674.39990234375
2024-09-30 02:00:00+00:00,2673.89990234375
2024-09-30 03:00:00+00:00,2675.0
2024-09-30 04:00:00+00:00,2677.5
2024-09-30 05:00:00+00:00,2679.39990234375
2024-09-30 06:00:00+00:00,2679.60009765625
2024-09-30 07:00:00+00:00,2672.60009765625
2024-09-30 08:00:00+00:00,2675.300048828125
2024-09-30 09:00:00+00:00,2671.39990234375
2024-09-30 10:00:00+00:00,2658.300048828125
2024-09-30 11:00:00+00:00,2663.199951171875
2024-09-30 12:00:00+00:00,2660.60009765625
2024-09-30 13:00:00+00:00,2657.10009765625
2024-09-30 14:00:00+00:00,2655.0
2024-09-30 15:00:00+00:00,2655.800048828125
2024-09-30 16:00:00+00:00,2660.800048828125
2024-09-30 17:00:00+00:00,2659.199951171875
2024-09-30 18:00:00+00:00,2653.199951171875
2024-09-30 19:00:00+00:00,2652.800048828125
2024-09-30 20:00:00+00:00,2656.39990234375
2024-09-30 22:00:00+00:00,2656.39990234375
2024-09-30 23:00:00+00:00,2657.199951171875
2024-10-01 00:00:00+00:00,2657.89990234375
2024-10-01 01:00:00+00:00,2661.300048828125
2024-10-01 02:00:00+00:00,2657.800048828125
2024-10-01 03:00:00+00:00,2659.300048828125
2024-10-01 04:00:00+00:00,2661.0
2024-10-01 05:00:00+00:00,2664.39990234375
2024-10-01 06:00:00+00:00,2666.5
2024-10-01 07:00:00+00:00,2667.0
2024-10-01 08:00:00+00:00,2667.89990234375
2024-10-01 09:00:00+00:00,2670.10009765625
2024-10-01 10:00:00+00:00,2671.699951171875
2024-10-01 11:00:00+00:00,2671.800048828125
2024-10-01 12:00:00+00:00,2673.199951171875
2024-10-01 13:00:00+00:00,2689.800048828125
2024-10-01 14:00:00+00:00,2680.5
2024-10-01 15:00:00+00:00,2685.10009765625
2024-10-01 16:00:00+00:00,2687.800048828125
2024-10-01 17:00:00+00:00,2683.800048828125
2024-10-01 18:00:00+00:00,2682.5
2024-10-01 19:00:00+00:00,2679.89990234375
2024-10-01 20:00:00+00:00,2684.800048828125
2024-10-01 22:00:00+00:00,2683.0
2024-10-01 23:00:00+00:00,2681.199951171875
2024-10-02 00:00:00+00:00,2678.5
2024-10-02 01:00:00+00:00,2681.60009765625
2024-10-02 02:00:00+00:00,2681.10009765625
2024-10-02 03:00:00+00:00,2676.5
2024-10-02 04:00:00+00:00,2675.199951171875
2024-10-02 05:00:00+00:00,2669.0
2024-10-02 06:00:00+00:00,2670.60009765625
2024-10-02 07:00:00+00:00,2676.5
2024-10-02 08:00:00+00:00,2673.39990234375
2024-10-02 09:00:00+00:00,2674.10009765625
2024-10-02 10:00:00+00:00,2670.199951171875
2024-10-02 11:00:00+00:00,2670.60009765625
2024-10-02 12:00:00+00:00,2670.800048828125
2024-10-02 13:00:00+00:00,2680.800048828125
2024-10-02 14:00:00+00:00,2669.199951171875
2024-10-02 15:00:00+00:00,2671.300048828125
2024-10-02 16:00:00+00:00,2670.89990234375
2024-10-02 17:00:00+00:00,2673.60009765625
2024-10-02 18:00:00+00:00,2675.0
2024-10-02 19:00:00+00:00,2679.800048828125
2024-10-02 20:00:00+00:00,2680.199951171875
2024-10-02 22:00:00+00:00,2679.699951171875
2024-10-02 23:00:00+00:00,2680.300048828125
2024-10-03 00:00:00+00:00,2678.300048828125
2024-10-03 01:00:00+00:00,2678.800048828125
2024-10-03 02:00:00+00:00,2676.199951171875
2024-10-03 03:00:00+00:00,2676.60009765625
2024-10-03 04:00:00+00:00,2675.199951171875
2024-10-03 05:00:00+00:00,2673.60009765625
2024-10-03 06:00:00+00:00,2676.300048828125
2024-10-03 07:00:00+00:00,2665.5
2024-10-03 08:00:00+00:00,2665.300048828125
2024-10-03 09:00:00+00:00,2664.89990234375
2024-10-03 10:00:00+00:00,2666.89990234375
2024-10-03 11:00:00+00:00,2668.300048828125
2024-10-03 12:00:00+00:00,2662.60009765625
2024-10-03 13:00:00+00:00,2667.60009765625
2024-10-03 14:00:00+00:00,2670.39990234375
2024-10-03 15:00:00+00:00,2668.89990234375
2024-10-03 16:00:00+00:00,2680.300048828125
2024-10-03 17:00:00+00:00,2676.89990234375
2024-10-03 18:00:00+00:00,2677.5
2024-10-03 19:00:00+00:00,2677.89990234375
2024-10-03 20:00:00+00:00,2675.89990234375
2024-10-03 22:00:00+00:00,2675.699951171875
2024-10-03 23:00:00+00:00,2675.39990234375
2024-10-04 00:00:00+00:00,2677.0
2024-10-04 01:00:00+00:00,2678.10009765625
2024-10-04 02:00:00+00:00,2681.800048828125
2024-10-04 03:00:00+00:00,2680.89990234375
2024-10-04 04:00:00+00:00,2683.89990234375
2024-10-04 05:00:00+00:00,2687.199951171875
2024-10-04 06:00:00+00:00,2680.199951171875
2024-10-04 07:00:00+00:00,2681.0
2024-10-04 08:00:00+00:00,2679.10009765625
2024-10-04 09:00:00+00:00,2677.39990234375
2024-10-04 10:00:00+00:00,2678.199951171875
2024-10-04 11:00:00+00:00,2681.39990234375
2024-10-04 12:00:00+00:00,2658.5
2024-10-04 13:00:00+00:00,2671.89990234375
2024-10-04 14:00:00+00:00,2678.699951171875
2024-10-04 15:00:00+00:00,2673.39990234375
2024-10-04 16:00:00+00:00,2665.5
2024-10-04 17:00:00+00:00,2670.10009765625
2024-10-04 18:00:00+00:00,2665.5
2024-10-04 19:00:00+00:00,2671.60009765625
2024-10-04 20:00:00+00:00,2673.199951171875
2024-10-06 22:00:00+00:00,2670.199951171875
2024-10-06 23:00:00+00:00,2669.60009765625
2024-10-07 00:00:00+00:00,2668.800048828125
2024-10-07 01:00:00+00:00,2665.699951171875
2024-10-07 02:00:00+00:00,2664.60009765625
2024-10-07 03:00:00+00:00,2666.300048828125
2024-10-07 04:00:00+00:00,2666.300048828125
2024-10-07 05:00:00+00:00,2660.300048828125
2024-10-07 06:00:00+00:00,2662.60009765625
2024-10-07 07:00:00+00:00,2671.800048828125
2024-10-07 08:00:00+00:00,2671.699951171875
2024-10-07 09:00:00+00:00,2676.39990234375
2024-10-07 10:00:00+00:00,2674.89990234375
2024-10-07 11:00:00+00:00,2676.60009765625
2024-10-07 12:00:00+00:00,2659.60009765625
2024-10-07 13:00:00+00:00,2662.199951171875
2024-10-07 14:00:00+00:00,2660.5
2024-10-07 15:00:00+00:00,2665.199951171875
2024-10-07 16:00:00+00:00,2666.39990234375
2024-10-07 17:00:00+00:00,2667.39990234375
2024-10-07 18:00:00+00:00,2660.10009765625
2024-10-07 19:00:00+00:00,2662.5
2024-10-07 20:00:00+00:00,2661.89990234375
2024-10-07 22:00:00+00:00,2663.199951171875
2024-10-07 23:00:00+00:00,2662.10009765625
2024-10-08 00:00:00+00:00,2662.699951171875
2024-10-08 01:00:00+00:00,2666.199951171875
2024-10-08 02:00:00+00:00,2654.800048828125
2024-10-08 03:00:00+00:00,2661.800048828125
2024-10-08 04:00:00+00:00,2662.10009765625
2024-10-08 05:00:00+00:00,2664.300048828125
2024-10-08 06:00:00+00:00,2655.800048828125
2024-10-08 07:00:00+00:00,2652.89990234375
2024-10-08 08:00:00+00:00,2657.10009765625
2024-10-08 09:00:00+00:00,2660.60009765625
2024-10-08 10:00:00+00:00,2665.39990234375
2024-10-08 11:00:00+00:00,2670.0
2024-10-08 12:00:00+00:00,2665.199951171875
2024-10-08 13:00:00+00:00,2658.699951171875
2024-10-08 14:00:00+00:00,2640.10009765625
2024-10-08 15:00:00+00:00,2632.0
2024-10-08 16:00:00+00:00,2627.5
2024-10-08 17:00:00+00:00,2633.0
2024-10-08 18:00:00+00:00,2634.39990234375
2024-10-08 19:00:00+00:00,2641.89990234375
2024-10-08 20:00:00+00:00,2640.60009765625
2024-10-08 22:00:00+00:00,2640.800048828125
2024-10-08 23:00:00+00:00,2640.699951171875
2024-10-09 00:00:00+00:00,2639.60009765625
2024-10-09 01:00:00+00:00,2638.699951171875
2024-10-09 02:00:00+00:00,2637.10009765625
2024-10-09 03:00:00+00:00,2635.800048828125
2024-10-09 04:00:00+00:00,2634.39990234375
2024-10-09 05:00:00+00:00,2638.199951171875
2024-10-09 06:00:00+00:00,2631.199951171875
2024-10-09 07:00:00+00:00,2630.0
2024-10-09 08:00:00+00:00,2634.800048828125
2024-10-09 09:00:00+00:00,2636.60009765625
2024-10-09 10:00:00+00:00,2639.5
2024-10-09 11:00:00+00:00,2637.5
2024-10-09 12:00:00+00:00,2637.300048828125
2024-10-09 13:00:00+00:00,2628.0
2024-10-09 14:00:00+00:00,2628.300048828125
2024-10-09 15:00:00+00:00,2633.199951171875
2024-10-09 16:00:00+00:00,2627.10009765625
2024-10-09 17:00:00+00:00,2628.10009765625
2024-10-09 18:00:00+00:00,2624.89990234375
2024-10-09 19:00:00+00:00,2627.5
2024-10-09 20:00:00+00:00,2626.10009765625
2024-10-09 22:00:00+00:00,2626.10009765625
2024-10-09 23:00:00+00:00,2625.39990234375
2024-10-10 00:00:00+00:00,2626.5
2024-10-10 01:00:00+00:00,2626.199951171875
2024-10-10 02:00:00+00:00,2632.199951171875
2024-10-10 03:00:00+00:00,2628.89990234375
2024-10-10 04:00:00+00:00,2631.0
2024-10-10 05:00:00+00:00,2630.10009765625
2024-10-10 06:00:00+00:00,2629.800048828125
2024-10-10 07:00:00+00:00,2633.89990234375
2024-10-10 08:00:00+00:00,2632.39990234375
2024-10-10 09:00:00+00:00,2634.199951171875
2024-10-10 10:00:00+00:00,2634.89990234375
2024-10-10 11:00:00+00:00,2630.0
2024-10-10 12:00:00+00:00,2642.10009765625
2024-10-10 13:00:00+00:00,2644.199951171875
2024-10-10 14:00:00+00:00,2642.5
2024-10-10 15:00:00+00:00,2640.699951171875
2024-10-10 16:00:00+00:00,2636.300048828125
2024-10-10 17:00:00+00:00,2641.0
2024-10-10 18:00:00+00:00,2643.60009765625
2024-10-10 19:00:00+00:00,2646.5
2024-10-10 20:00:00+00:00,2647.300048828125
2024-10-10 22:00:00+00:00,2645.5
2024-10-10 23:00:00+00:00,2650.60009765625
2024-10-11 00:00:00+00:00,2651.10009765625
2024-10-11 01:00:00+00:00,2655.0
2024-10-11 02:00:00+00:00,2659.300048828125
2024-10-11 03:00:00+00:00,2662.5
2024-10-11 04:00:00+00:00,2662.699951171875
2024-10-11 05:00:00+00:00,2661.800048828125
2024-10-11 06:00:00+00:00,2656.800048828125
2024-10-11 07:00:00+00:00,2662.60009765625
2024-10-11 08:00:00+00:00,2656.39990234375
2024-10-11 09:00:00+00:00,2654.89990234375
2024-10-11 10:00:00+00:00,2658.60009765625
2024-10-11 11:00:00+00:00,2661.699951171875
2024-10-11 12:00:00+00:00,2660.39990234375
2024-10-11 13:00:00+00:00,2666.89990234375
2024-10-11 14:00:00+00:00,2670.39990234375
2024-10-11 15:00:00+00:00,2676.300048828125
2024-10-11 16:00:00+00:00,2677.800048828125
2024-10-11 17:00:00+00:00,2677.0
2024-10-11 18:00:00+00:00,2675.800048828125
2024-10-11 19:00:00+00:00,2672.89990234375
2024-10-11 20:00:00+00:00,2674.199951171875
2024-10-13 22:00:00+00:00,2667.10009765625
2024-10-13 23:00:00+00:00,2664.699951171875
2024-10-14 00:00:00+00:00,2663.89990234375
2024-10-14 01:00:00+00:00,2663.10009765625
2024-10-14 02:00:00+00:00,2672.10009765625
2024-10-14 03:00:00+00:00,2672.60009765625
2024-10-14 04:00:00+00:00,2676.199951171875
2024-10-14 05:00:00+00:00,2676.0
2024-10-14 06:00:00+00:00,2681.10009765625
2024-10-14 07:00:00+00:00,2677.39990234375
2024-10-14 08:00:00+00:00,2676.39990234375
2024-10-14 09:00:00+00:00,2675.300048828125
2024-10-14 10:00:00+00:00,2673.10009765625
2024-10-14 11:00:00+00:00,2669.199951171875
2024-10-14 12:00:00+00:00,2668.300048828125
2024-10-14 13:00:00+00:00,2672.10009765625
2024-10-14 14:00:00+00:00,2662.5
2024-10-14 15:00:00+00:00,2663.5
2024-10-14 16:00:00+00:00,2665.39990234375
2024-10-14 17:00:00+00:00,2665.39990234375
2024-10-14 18:00:00+00:00,2666.0
2024-10-14 19:00:00+00:00,2669.300048828125
2024-10-14 20:00:00+00:00,2665.800048828125
2024-10-14 22:00:00+00:00,2666.39990234375
2024-10-14 23:00:00+00:00,2665.800048828125
2024-10-15 00:00:00+00:00,2664.60009765625
2024-10-15 01:00:00+00:00,2664.699951171875
2024-10-15 02:00:00+00:00,2668.10009765625
2024-10-15 03:00:00+00:00,2661.800048828125
2024-10-15 04:00:00+00:00,2660.699951171875
2024-10-15 05:00:00+00:00,2658.39990234375
2024-10-15 06:00:00+00:00,2665.0
2024-10-15 07:00:00+00:00,2667.39990234375
2024-10-15 08:00:00+00:00,2670.5
2024-10-15 09:00:00+00:00,2670.300048828125
2024-10-15 10:00:00+00:00,2669.60009765625
2024-10-15 11:00:00+00:00,2664.5
2024-10-15 12:00:00+00:00,2664.800048828125
2024-10-15 13:00:00+00:00,2664.89990234375
2024-10-15 14:00:00+00:00,2676.39990234375
2024-10-15 15:00:00+00:00,2681.300048828125
2024-10-15 16:00:00+00:00,2678.699951171875
2024-10-15 17:00:00+00:00,2680.39990234375
2024-10-15 18:00:00+00:00,2681.89990234375
2024-10-15 19:00:00+00:00,2678.300048828125
2024-10-15 20:00:00+00:00,2679.39990234375
2024-10-15 22:00:00+00:00,2678.60009765625
2024-10-15 23:00:00+00:00,2676.800048828125
2024-10-16 00:00:00+00:00,2676.5
2024-10-16 01:00:00+00:00,2684.199951171875
2024-10-16 02:00:00+00:00,2684.39990234375
2024-10-16 03:00:00+00:00,2683.39990234375
2024-10-16 04:00:00+00:00,2683.10009765625
2024-10-16 05:00:00+00:00,2685.89990234375
2024-10-16 06:00:00+00:00,2693.800048828125
2024-10-16 07:00:00+00:00,2692.5
2024-10-16 08:00:00+00:00,2696.199951171875
2024-10-16 09:00:00+00:00,2696.699951171875
2024-10-16 10:00:00+00:00,2691.0
2024-10-16 11:00:00+00:00,2694.800048828125
2024-10-16 12:00:00+00:00,2698.199951171875
2024-10-16 13:00:00+00:00,2691.5
2024-10-16 14:00:00+00:00,2688.699951171875
2024-10-16 15:00:00+00:00,2686.300048828125
2024-10-16 16:00:00+00:00,2690.39990234375
2024-10-16 17:00:00+00:00,2691.699951171875
2024-10-16 18:00:00+00:00,2691.300048828125
2024-10-16 19:00:00+00:00,2691.0
2024-10-16 20:00:00+00:00,2690.39990234375
2024-10-16 22:00:00+00:00,2689.300048828125
2024-10-16 23:00:00+00:00,2689.699951171875
2024-10-17 00:00:00+00:00,2693.39990234375
2024-10-17 01:00:00+00:00,2698.60009765625
2024-10-17 02:00:00+00:00,2697.199951171875
2024-10-17 03:00:00+00:00,2692.5
2024-10-17 04:00:00+00:00,2694.699951171875
2024-10-17 05:00:00+00:00,2699.199951171875
2024-10-17 06:00:00+00:00,2696.800048828125
2024-10-17 07:00:00+00:00,2697.199951171875
2024-10-17 08:00:00+00:00,2697.300048828125
2024-10-17 09:00:00+00:00,2695.10009765625
2024-10-17 10:00:00+00:00,2702.800048828125
2024-10-17 11:00:00+00:00,2696.89990234375
2024-10-17 12:00:00+00:00,2695.800048828125
2024-10-17 13:00:00+00:00,2704.300048828125
2024-10-17 14:00:00+00:00,2711.39990234375
2024-10-17 15:00:00+00:00,2709.0
2024-10-17 16:00:00+00:00,2707.60009765625
2024-10-17 17:00:00+00:00,2707.39990234375
2024-10-17 18:00:00+00:00,2704.89990234375
2024-10-17 19:00:00+00:00,2707.199951171875
2024-10-17 20:00:00+00:00,2708.300048828125
2024-10-17 22:00:00+00:00,2707.699951171875
2024-10-17 23:00:00+00:00,2708.89990234375
2024-10-18 00:00:00+00:00,2708.199951171875
2024-10-18 01:00:00+00:00,2720.0
2024-10-18 02:00:00+00:00,2723.199951171875
2024-10-18 03:00:00+00:00,2725.199951171875
2024-10-18 04:00:00+00:00,2725.39990234375
2024-10-18 05:00:00+00:00,2726.5
2024-10-18 06:00:00+00:00,2723.0
2024-10-18 07:00:00+00:00,2717.60009765625
2024-10-18 08:00:00+00:00,2721.60009765625
2024-10-18 09:00:00+00:00,2726.39990234375
2024-10-18 10:00:00+00:00,2728.0
2024-10-18 11:00:00+00:00,2725.10009765625
2024-10-18 12:00:00+00:00,2724.800048828125
2024-10-18 13:00:00+00:00,2728.89990234375
2024-10-18 14:00:00+00:00,2732.39990234375
2024-10-18 15:00:00+00:00,2730.0
2024-10-18 16:00:00+00:00,2732.800048828125
2024-10-18 17:00:00+00:00,2731.300048828125
2024-10-18 18:00:00+00:00,2735.60009765625
2024-10-18 19:00:00+00:00,2734.89990234375
2024-10-18 20:00:00+00:00,2736.39990234375
2024-10-20 22:00:00+00:00,2738.699951171875
2024-10-20 23:00:00+00:00,2738.60009765625
2024-10-21 00:00:00+00:00,2736.60009765625
2024-10-21 01:00:00+00:00,2741.300048828125
2024-10-21 02:00:00+00:00,2745.60009765625
2024-10-21 03:00:00+00:00,2746.699951171875
2024-10-21 04:00:00+00:00,2745.300048828125
2024-10-21 05:00:00+00:00,2740.0
2024-10-21 06:00:00+00:00,2745.300048828125
2024-10-21 07:00:00+00:00,2745.5
2024-10-21 08:00:00+00:00,2746.300048828125
2024-10-21 09:00:00+00:00,2749.300048828125
2024-10-21 10:00:00+00:00,2748.300048828125
2024-10-21 11:00:00+00:00,2749.39990234375
2024-10-21 12:00:00+00:00,2753.39990234375
2024-10-21 13:00:00+00:00,2753.800048828125
2024-10-21 14:00:00+00:00,2739.89990234375
2024-10-21 15:00:00+00:00,2734.800048828125
2024-10-21 16:00:00+00:00,2738.300048828125
2024-10-21 17:00:00+00:00,2737.5
2024-10-21 18:00:00+00:00,2730.699951171875
2024-10-21 19:00:00+00:00,2734.699951171875
2024-10-21 20:00:00+00:00,2734.5
2024-10-21 22:00:00+00:00,2735.10009765625
2024-10-21 23:00:00+00:00,2735.800048828125
2024-10-22 00:00:00+00:00,2738.89990234375
2024-10-22 01:00:00+00:00,2742.300048828125
2024-10-22 02:00:00+00:00,2743.199951171875
2024-10-22 03:00:00+00:00,2745.699951171875
2024-10-22 04:00:00+00:00,2749.0
2024-10-22 05:00:00+00:00,2744.89990234375
2024-10-22 06:00:00+00:00,2749.300048828125
2024-10-22 07:00:00+00:00,2747.89990234375
2024-10-22 08:00:00+00:00,2749.10009765625
2024-10-22 09:00:00+00:00,2745.89990234375
2024-10-22 10:00:00+00:00,2753.199951171875
2024-10-22 11:00:00+00:00,2746.5
2024-10-22 12:00:00+00:00,2750.5
2024-10-22 13:00:00+00:00,2750.300048828125
2024-10-22 14:00:00+00:00,2756.300048828125
2024-10-22 15:00:00+00:00,2752.199951171875
2024-10-22 16:00:00+00:00,2759.699951171875
2024-10-22 17:00:00+00:00,2761.39990234375
2024-10-22 18:00:00+00:00,2759.10009765625
2024-10-22 19:00:00+00:00,2762.800048828125
2024-10-22 20:00:00+00:00,2763.10009765625
2024-10-22 22:00:00+00:00,2761.300048828125
2024-10-22 23:00:00+00:00,2760.60009765625
2024-10-23 00:00:00+00:00,2759.5
2024-10-23 01:00:00+00:00,2753.0
2024-10-23 02:00:00+00:00,2753.300048828125
2024-10-23 03:00:00+00:00,2760.199951171875
2024-10-23 04:00:00+00:00,2763.800048828125
2024-10-23 05:00:00+00:00,2765.39990234375
2024-10-23 06:00:00+00:00,2764.60009765625
2024-10-23 07:00:00+00:00,2769.0
2024-10-23 08:00:00+00:00,2770.89990234375
2024-10-23 09:00:00+00:00,2764.800048828125
2024-10-23 10:00:00+00:00,2764.699951171875
2024-10-23 11:00:00+00:00,2763.89990234375
2024-10-23 12:00:00+00:00,2757.300048828125
2024-10-23 13:00:00+00:00,2751.199951171875
2024-10-23 14:00:00+00:00,2731.5
2024-10-23 15:00:00+00:00,2735.39990234375
2024-10-23 16:00:00+00:00,2732.89990234375
2024-10-23 17:00:00+00:00,2730.300048828125
2024-10-23 18:00:00+00:00,2727.60009765625
2024-10-23 19:00:00+00:00,2729.699951171875
2024-10-23 20:00:00+00:00,2729.0
2024-10-23 22:00:00+00:00,2731.0
2024-10-23 23:00:00+00:00,2734.0
2024-10-24 00:00:00+00:00,2734.0
2024-10-24 01:00:00+00:00,2736.699951171875
2024-10-24 02:00:00+00:00,2736.39990234375
2024-10-24 03:00:00+00:00,2736.0
2024-10-24 04:00:00+00:00,2739.5
2024-10-24 05:00:00+00:00,2741.60009765625
2024-10-24 06:00:00+00:00,2747.699951171875
2024-10-24 07:00:00+00:00,2746.300048828125
2024-10-24 08:00:00+00:00,2749.39990234375
2024-10-24 09:00:00+00:00,2749.300048828125
2024-10-24 10:00:00+00:00,2749.39990234375
2024-10-24 11:00:00+00:00,2751.199951171875
2024-10-24 12:00:00+00:00,2751.89990234375
2024-10-24 13:00:00+00:00,2746.39990234375
2024-10-24 14:00:00+00:00,2745.300048828125
2024-10-24 15:00:00+00:00,2743.89990234375
2024-10-24 16:00:00+00:00,2746.699951171875
2024-10-24 17:00:00+00:00,2748.5
2024-10-24 18:00:00+00:00,2748.39990234375
2024-10-24 19:00:00+00:00,2749.699951171875
2024-10-24 20:00:00+00:00,2748.800048828125
2024-10-24 22:00:00+00:00,2746.800048828125
2024-10-24 23:00:00+00:00,2746.0
2024-10-25 00:00:00+00:00,2744.39990234375
2024-10-25 01:00:00+00:00,2742.5
2024-10-25 02:00:00+00:00,2740.89990234375
2024-10-25 03:00:00+00:00,2738.39990234375
2024-10-25 04:00:00+00:00,2738.300048828125
2024-10-25 05:00:00+00:00,2741.199951171875
2024-10-25 06:00:00+00:00,2744.699951171875
2024-10-25 07:00:00+00:00,2739.10009765625
2024-10-25 08:00:00+00:00,2732.0
2024-10-25 09:00:00+00:00,2733.39990234375
2024-10-25 10:00:00+00:00,2734.60009765625
2024-10-25 11:00:00+00:00,2736.60009765625
2024-10-25 12:00:00+00:00,2744.0
2024-10-25 13:00:00+00:00,2740.199951171875
2024-10-25 14:00:00+00:00,2751.300048828125
2024-10-25 15:00:00+00:00,2749.89990234375
2024-10-25 16:00:00+00:00,2751.89990234375
2024-10-25 17:00:00+00:00,2757.0
2024-10-25 18:00:00+00:00,2754.89990234375
2024-10-25 19:00:00+00:00,2755.300048828125
2024-10-25 20:00:00+00:00,2760.800048828125
2024-10-27 22:00:00+00:00,2746.699951171875
2024-10-27 23:00:00+00:00,2748.0
2024-10-28 00:00:00+00:00,2744.800048828125
2024-10-28 01:00:00+00:00,2744.699951171875
2024-10-28 02:00:00+00:00,2746.5
2024-10-28 03:00:00+00:00,2742.300048828125
2024-10-28 04:00:00+00:00,2744.89990234375
2024-10-28 05:00:00+00:00,2750.39990234375
2024-10-28 06:00:00+00:00,2752.699951171875
2024-10-28 07:00:00+00:00,2751.39990234375
2024-10-28 08:00:00+00:00,2744.39990234375
2024-10-28 09:00:00+00:00,2741.5
2024-10-28 10:00:00+00:00,2744.300048828125
2024-10-28 11:00:00+00:00,2744.5
2024-10-28 12:00:00+00:00,2746.800048828125
2024-10-28 13:00:00+00:00,2753.10009765625
2024-10-28 14:00:00+00:00,2756.5
2024-10-28 15:00:00+00:00,2753.39990234375
2024-10-28 16:00:00+00:00,2755.10009765625
2024-10-28 17:00:00+00:00,2755.89990234375
2024-10-28 18:00:00+00:00,2754.39990234375
2024-10-28 19:00:00+00:00,2754.699951171875
2024-10-28 20:00:00+00:00,2754.699951171875
2024-10-28 22:00:00+00:00,2754.10009765625
2024-10-28 23:00:00+00:00,2756.199951171875
2024-10-29 00:00:00+00:00,2758.0
2024-10-29 01:00:00+00:00,2764.60009765625
2024-10-29 02:00:00+00:00,2765.300048828125
2024-10-29 03:00:00+00:00,2763.800048828125
2024-10-29 04:00:00+00:00,2766.800048828125
2024-10-29 05:00:00+00:00,2762.0
2024-10-29 06:00:00+00:00,2767.800048828125
2024-10-29 07:00:00+00:00,2764.300048828125
2024-10-29 08:00:00+00:00,2767.0
2024-10-29 09:00:00+00:00,2764.39990234375
2024-10-29 10:00:00+00:00,2762.300048828125
2024-10-29 11:00:00+00:00,2764.0
2024-10-29 12:00:00+00:00,2761.39990234375
2024-10-29 13:00:00+00:00,2773.39990234375
2024-10-29 14:00:00+00:00,2781.800048828125
2024-10-29 15:00:00+00:00,2776.300048828125
2024-10-29 16:00:00+00:00,2781.60009765625
2024-10-29 17:00:00+00:00,2782.10009765625
2024-10-29 18:00:00+00:00,2785.5
2024-10-29 19:00:00+00:00,2784.60009765625
2024-10-29 20:00:00+00:00,2787.39990234375
2024-10-29 22:00:00+00:00,2787.0
2024-10-29 23:00:00+00:00,2787.300048828125
2024-10-30 00:00:00+00:00,2790.300048828125
2024-10-30 01:00:00+00:00,2793.89990234375
2024-10-30 02:00:00+00:00,2792.699951171875
2024-10-30 03:00:00+00:00,2791.199951171875
2024-10-30 04:00:00+00:00,2792.199951171875
2024-10-30 05:00:00+00:00,2796.0
2024-10-30 06:00:00+00:00,2799.199951171875
2024-10-30 07:00:00+00:00,2794.300048828125
2024-10-30 08:00:00+00:00,2794.0
2024-10-30 09:00:00+00:00,2796.5
2024-10-30 10:00:00+00:00,2792.10009765625
2024-10-30 11:00:00+00:00,2790.300048828125
2024-10-30 12:00:00+00:00,2794.300048828125
2024-10-30 13:00:00+00:00,2789.60009765625
2024-10-30 14:00:00+00:00,2792.10009765625
2024-10-30 15:00:00+00:00,2796.60009765625
2024-10-30 16:00:00+00:00,2797.10009765625
2024-10-30 17:00:00+00:00,2800.300048828125
2024-10-30 18:00:00+00:00,2799.39990234375
2024-10-30 19:00:00+00:00,2799.0
2024-10-30 20:00:00+00:00,2799.10009765625
2024-10-30 22:00:00+00:00,2798.300048828125
2024-10-30 23:00:00+00:00,2796.39990234375
2024-10-31 00:00:00+00:00,2798.699951171875
2024-10-31 01:00:00+00:00,2795.800048828125
2024-10-31 02:00:00+00:00,2798.0
2024-10-31 03:00:00+00:00,2795.60009765625
2024-10-31 04:00:00+00:00,2795.5
2024-10-31 05:00:00+00:00,2796.300048828125
2024-10-31 06:00:00+00:00,2790.800048828125
2024-10-31 07:00:00+00:00,2792.800048828125
2024-10-31 08:00:00+00:00,2789.89990234375
2024-10-31 09:00:00+00:00,2789.10009765625
2024-10-31 10:00:00+00:00,2791.60009765625
2024-10-31 11:00:00+00:00,2790.39990234375
2024-10-31 12:00:00+00:00,2784.300048828125
2024-10-31 13:00:00+00:00,2765.800048828125
2024-10-31 14:00:00+00:00,2745.0
2024-10-31 15:00:00+00:00,2750.699951171875
2024-10-31 16:00:00+00:00,2751.0
2024-10-31 17:00:00+00:00,2749.800048828125
2024-10-31 18:00:00+00:00,2757.199951171875
2024-10-31 19:00:00+00:00,2756.60009765625
2024-10-31 20:00:00+00:00,2754.10009765625
2024-10-31 22:00:00+00:00,2756.0
2024-10-31 23:00:00+00:00,2756.5
2024-11-01 00:00:00+00:00,2754.60009765625
2024-11-01 01:00:00+00:00,2759.60009765625
2024-11-01 02:00:00+00:00,2758.5
2024-11-01 03:00:00+00:00,2761.199951171875
2024-11-01 04:00:00+00:00,2761.800048828125
2024-11-01 05:00:00+00:00,2764.699951171875
2024-11-01 06:00:00+00:00,2761.5
2024-11-01 07:00:00+00:00,2759.5
2024-11-01 08:00:00+00:00,2763.199951171875
2024-11-01 09:00:00+00:00,2761.300048828125
2024-11-01 10:00:00+00:00,2759.60009765625
2024-11-01 11:00:00+00:00,2762.699951171875
2024-11-01 12:00:00+00:00,2764.0
2024-11-01 13:00:00+00:00,2766.10009765625
2024-11-01 14:00:00+00:00,2757.10009765625
2024-11-01 15:00:00+00:00,2754.39990234375
2024-11-01 16:00:00+00:00,2752.699951171875
2024-11-01 17:00:00+00:00,2746.10009765625
2024-11-01 18:00:00+00:00,2745.699951171875
2024-11-01 19:00:00+00:00,2743.800048828125
2024-11-01 20:00:00+00:00,2745.800048828125
2024-11-03 23:00:00+00:00,2747.39990234375
2024-11-04 00:00:00+00:00,2749.60009765625
2024-11-04 01:00:00+00:00,2749.199951171875
2024-11-04 02:00:00+00:00,2749.300048828125
2024-11-04 03:00:00+00:00,2750.300048828125
2024-11-04 04:00:00+00:00,2750.199951171875
2024-11-04 05:00:00+00:00,2750.800048828125
2024-11-04 06:00:00+00:00,2750.800048828125
2024-11-04 07:00:00+00:00,2745.0
2024-11-04 08:00:00+00:00,2742.300048828125
2024-11-04 09:00:00+00:00,2752.39990234375
2024-11-04 10:00:00+00:00,2747.60009765625
2024-11-04 11:00:00+00:00,2749.89990234375
2024-11-04 12:00:00+00:00,2752.699951171875
2024-11-04 13:00:00+00:00,2756.10009765625
2024-11-04 14:00:00+00:00,2752.60009765625
2024-11-04 15:00:00+00:00,2748.0
2024-11-04 16:00:00+00:00,2743.800048828125
2024-11-04 17:00:00+00:00,2747.800048828125
2024-11-04 18:00:00+00:00,2747.699951171875
2024-11-04 19:00:00+00:00,2747.699951171875
2024-11-04 20:00:00+00:00,2746.5
2024-11-04 21:00:00+00:00,2745.800048828125
2024-11-04 23:00:00+00:00,2744.800048828125
2024-11-05 00:00:00+00:00,2743.800048828125
2024-11-05 01:00:00+00:00,2743.10009765625
2024-11-05 02:00:00+00:00,2737.10009765625
2024-11-05 03:00:00+00:00,2744.10009765625
2024-11-05 04:00:00+00:00,2743.300048828125
2024-11-05 05:00:00+00:00,2741.199951171875
2024-11-05 06:00:00+00:00,2746.60009765625
2024-11-05 07:00:00+00:00,2745.300048828125
2024-11-05 08:00:00+00:00,2751.60009765625
2024-11-05 09:00:00+00:00,2749.199951171875
2024-11-05 10:00:00+00:00,2747.0
2024-11-05 11:00:00+00:00,2750.699951171875
2024-11-05 12:00:00+00:00,2747.0
2024-11-05 13:00:00+00:00,2754.0
2024-11-05 14:00:00+00:00,2756.199951171875
2024-11-05 15:00:00+00:00,2751.39990234375
2024-11-05 16:00:00+00:00,2748.300048828125
2024-11-05 17:00:00+00:00,2751.39990234375
2024-11-05 18:00:00+00:00,2750.800048828125
2024-11-05 19:00:00+00:00,2749.89990234375
2024-11-05 20:00:00+00:00,2752.10009765625
2024-11-05 21:00:00+00:00,2753.39990234375
2024-11-05 23:00:00+00:00,2754.39990234375
2024-11-06 00:00:00+00:00,2746.800048828125
2024-11-06 01:00:00+00:00,2756.0
2024-11-06 02:00:00+00:00,2746.39990234375
2024-11-06 03:00:00+00:00,2743.0
2024-11-06 04:00:00+00:00,2751.0
2024-11-06 05:00:00+00:00,2747.800048828125
2024-11-06 06:00:00+00:00,2716.199951171875
2024-11-06 07:00:00+00:00,2734.5
2024-11-06 08:00:00+00:00,2733.300048828125
2024-11-06 09:00:00+00:00,2733.699951171875
2024-11-06 10:00:00+00:00,2729.10009765625
2024-11-06 11:00:00+00:00,2707.800048828125
2024-11-06 12:00:00+00:00,2703.800048828125
2024-11-06 13:00:00+00:00,2672.199951171875
2024-11-06 14:00:00+00:00,2668.39990234375
2024-11-06 15:00:00+00:00,2684.60009765625
2024-11-06 16:00:00+00:00,2674.800048828125
2024-11-06 17:00:00+00:00,2672.0
2024-11-06 18:00:00+00:00,2674.199951171875
2024-11-06 19:00:00+00:00,2675.699951171875
2024-11-06 20:00:00+00:00,2669.300048828125
2024-11-06 21:00:00+00:00,2668.0
2024-11-06 23:00:00+00:00,2671.300048828125
2024-11-07 00:00:00+00:00,2668.800048828125
2024-11-07 01:00:00+00:00,2656.39990234375
2024-11-07 02:00:00+00:00,2664.60009765625
2024-11-07 03:00:00+00:00,2666.199951171875
2024-11-07 04:00:00+00:00,2661.199951171875
2024-11-07 05:00:00+00:00,2666.699951171875
2024-11-07 06:00:00+00:00,2663.89990234375
2024-11-07 07:00:00+00:00,2670.10009765625
2024-11-07 08:00:00+00:00,2664.300048828125
2024-11-07 09:00:00+00:00,2668.5
2024-11-07 10:00:00+00:00,2673.300048828125
2024-11-07 11:00:00+00:00,2673.300048828125
2024-11-07 12:00:00+00:00,2681.0
2024-11-07 13:00:00+00:00,2692.0
2024-11-07 14:00:00+00:00,2699.300048828125
2024-11-07 15:00:00+00:00,2706.10009765625
2024-11-07 16:00:00+00:00,2703.10009765625
2024-11-07 17:00:00+00:00,2706.800048828125
2024-11-07 18:00:00+00:00,2703.0
2024-11-07 19:00:00+00:00,2701.60009765625
2024-11-07 20:00:00+00:00,2711.89990234375
2024-11-07 21:00:00+00:00,2714.0
2024-11-07 23:00:00+00:00,2714.300048828125
2024-11-08 00:00:00+00:00,2713.5
2024-11-08 01:00:00+00:00,2707.39990234375
2024-11-08 02:00:00+00:00,2704.800048828125
2024-11-08 03:00:00+00:00,2702.39990234375
2024-11-08 04:00:00+00:00,2700.60009765625
2024-11-08 05:00:00+00:00,2702.300048828125
2024-11-08 06:00:00+00:00,2693.60009765625
2024-11-08 07:00:00+00:00,2694.60009765625
2024-11-08 08:00:00+00:00,2696.0
2024-11-08 09:00:00+00:00,2696.699951171875
2024-11-08 10:00:00+00:00,2695.60009765625
2024-11-08 11:00:00+00:00,2699.199951171875
2024-11-08 12:00:00+00:00,2699.199951171875
2024-11-08 13:00:00+00:00,2705.300048828125
2024-11-08 14:00:00+00:00,2699.199951171875
2024-11-08 15:00:00+00:00,2695.10009765625
2024-11-08 16:00:00+00:00,2690.800048828125
2024-11-08 17:00:00+00:00,2695.60009765625
2024-11-08 18:00:00+00:00,2692.699951171875
2024-11-08 19:00:00+00:00,2694.800048828125
2024-11-08 20:00:00+00:00,2692.800048828125
2024-11-08 21:00:00+00:00,2691.699951171875
2024-11-10 23:00:00+00:00,2692.60009765625
2024-11-11 00:00:00+00:00,2691.199951171875
2024-11-11 01:00:00+00:00,2679.89990234375
2024-11-11 02:00:00+00:00,2678.800048828125
2024-11-11 03:00:00+00:00,2677.199951171875
2024-11-11 04:00:00+00:00,2679.0
2024-11-11 05:00:00+00:00,2676.0
2024-11-11 06:00:00+00:00,2679.89990234375
2024-11-11 07:00:00+00:00,2676.300048828125
2024-11-11 08:00:00+00:00,2676.300048828125
2024-11-11 09:00:00+00:00,2673.5
2024-11-11 10:00:00+00:00,2668.699951171875
2024-11-11 11:00:00+00:00,2669.199951171875
2024-11-11 12:00:00+00:00,2664.10009765625
2024-11-11 13:00:00+00:00,2642.0
2024-11-11 14:00:00+00:00,2629.0
2024-11-11 15:00:00+00:00,2621.10009765625
2024-11-11 16:00:00+00:00,2621.800048828125
2024-11-11 17:00:00+00:00,2619.199951171875
2024-11-11 18:00:00+00:00,2625.60009765625
2024-11-11 19:00:00+00:00,2625.800048828125
2024-11-11 20:00:00+00:00,2628.39990234375
2024-11-11 21:00:00+00:00,2626.10009765625
2024-11-11 23:00:00+00:00,2630.199951171875
2024-11-12 00:00:00+00:00,2630.10009765625
2024-11-12 01:00:00+00:00,2630.199951171875
2024-11-12 02:00:00+00:00,2628.0
2024-11-12 03:00:00+00:00,2625.0
2024-11-12 04:00:00+00:00,2623.89990234375
2024-11-12 05:00:00+00:00,2612.89990234375
2024-11-12 06:00:00+00:00,2614.199951171875
2024-11-12 07:00:00+00:00,2604.60009765625
2024-11-12 08:00:00+00:00,2606.699951171875
2024-11-12 09:00:00+00:00,2599.39990234375
2024-11-12 10:00:00+00:00,2602.300048828125
2024-11-12 11:00:00+00:00,2604.10009765625
2024-11-12 12:00:00+00:00,2611.89990234375
2024-11-12 13:00:00+00:00,2618.10009765625
2024-11-12 14:00:00+00:00,2616.89990234375
2024-11-12 15:00:00+00:00,2604.800048828125
2024-11-12 16:00:00+00:00,2607.199951171875
2024-11-12 17:00:00+00:00,2603.89990234375
2024-11-12 18:00:00+00:00,2605.5
2024-11-12 19:00:00+00:00,2604.699951171875
2024-11-12 20:00:00+00:00,2606.10009765625
2024-11-12 21:00:00+00:00,2604.699951171875
2024-11-12 23:00:00+00:00,2604.699951171875
2024-11-13 00:00:00+00:00,2605.39990234375
2024-11-13 01:00:00+00:00,2614.10009765625
2024-11-13 02:00:00+00:00,2617.89990234375
2024-11-13 03:00:00+00:00,2617.300048828125
2024-11-13 04:00:00+00:00,2612.60009765625
2024-11-13 05:00:00+00:00,2611.60009765625
2024-11-13 06:00:00+00:00,2611.10009765625
2024-11-13 07:00:00+00:00,2612.0
2024-11-13 08:00:00+00:00,2613.60009765625
2024-11-13 09:00:00+00:00,2614.39990234375
2024-11-13 10:00:00+00:00,2614.800048828125
2024-11-13 11:00:00+00:00,2616.699951171875
2024-11-13 12:00:00+00:00,2615.699951171875
2024-11-13 13:00:00+00:00,2618.60009765625
2024-11-13 14:00:00+00:00,2607.800048828125
2024-11-13 15:00:00+00:00,2611.300048828125
2024-11-13 16:00:00+00:00,2591.5
2024-11-13 17:00:00+00:00,2589.10009765625
2024-11-13 18:00:00+00:00,2588.60009765625
2024-11-13 19:00:00+00:00,2586.89990234375
2024-11-13 20:00:00+00:00,2579.39990234375
2024-11-13 21:00:00+00:00,2578.39990234375
2024-11-13 23:00:00+00:00,2575.0
2024-11-14 00:00:00+00:00,2576.699951171875
2024-11-14 01:00:00+00:00,2567.699951171875
2024-11-14 02:00:00+00:00,2565.5
2024-11-14 03:00:00+00:00,2565.300048828125
2024-11-14 04:00:00+00:00,2569.800048828125
2024-11-14 05:00:00+00:00,2563.199951171875
2024-11-14 06:00:00+00:00,2559.699951171875
2024-11-14 07:00:00+00:00,2561.89990234375
2024-11-14 08:00:00+00:00,2560.800048828125
2024-11-14 09:00:00+00:00,2548.300048828125
2024-11-14 10:00:00+00:00,2552.0
2024-11-14 11:00:00+00:00,2558.699951171875
2024-11-14 12:00:00+00:00,2557.199951171875
2024-11-14 13:00:00+00:00,2562.10009765625
2024-11-14 14:00:00+00:00,2564.60009765625
2024-11-14 15:00:00+00:00,2575.39990234375
2024-11-14 16:00:00+00:00,2579.10009765625
2024-11-14 17:00:00+00:00,2578.300048828125
2024-11-14 18:00:00+00:00,2575.0
2024-11-14 19:00:00+00:00,2581.39990234375
2024-11-14 20:00:00+00:00,2572.5
2024-11-14 21:00:00+00:00,2570.60009765625
2024-11-14 23:00:00+00:00,2571.800048828125
2024-11-15 00:00:00+00:00,2571.60009765625
2024-11-15 01:00:00+00:00,2569.60009765625
2024-11-15 02:00:00+00:00,2574.89990234375
2024-11-15 03:00:00+00:00,2572.5
2024-11-15 04:00:00+00:00,2571.89990234375
2024-11-15 05:00:00+00:00,2564.39990234375
2024-11-15 06:00:00+00:00,2565.800048828125
2024-11-15 07:00:00+00:00,2568.199951171875
2024-11-15 08:00:00+00:00,2571.39990234375
2024-11-15 09:00:00+00:00,2568.5
2024-11-15 10:00:00+00:00,2572.60009765625
2024-11-15 11:00:00+00:00,2575.300048828125
2024-11-15 12:00:00+00:00,2573.60009765625
2024-11-15 13:00:00+00:00,2569.699951171875
2024-11-15 14:00:00+00:00,2577.5
2024-11-15 15:00:00+00:00,2575.60009765625
2024-11-15 16:00:00+00:00,2566.699951171875
2024-11-15 17:00:00+00:00,2567.39990234375
2024-11-15 18:00:00+00:00,2572.10009765625
2024-11-15 19:00:00+00:00,2568.199951171875
2024-11-15 20:00:00+00:00,2566.699951171875
2024-11-15 21:00:00+00:00,2567.39990234375
2024-11-17 23:00:00+00:00,2575.89990234375
2024-11-18 00:00:00+00:00,2581.0
2024-11-18 01:00:00+00:00,2591.39990234375
2024-11-18 02:00:00+00:00,2595.60009765625
2024-11-18 03:00:00+00:00,2594.39990234375
2024-11-18 04:00:00+00:00,2597.300048828125
2024-11-18 05:00:00+00:00,2590.0
2024-11-18 06:00:00+00:00,2590.699951171875
2024-11-18 07:00:00+00:00,2587.10009765625
2024-11-18 08:00:00+00:00,2589.800048828125
2024-11-18 09:00:00+00:00,2600.300048828125
2024-11-18 10:00:00+00:00,2598.5
2024-11-18 11:00:00+00:00,2598.800048828125
2024-11-18 12:00:00+00:00,2599.699951171875
2024-11-18 13:00:00+00:00,2608.5
2024-11-18 14:00:00+00:00,2613.0
2024-11-18 15:00:00+00:00,2617.199951171875
2024-11-18 16:00:00+00:00,2615.89990234375
2024-11-18 17:00:00+00:00,2614.800048828125
2024-11-18 18:00:00+00:00,2615.39990234375
2024-11-18 19:00:00+00:00,2614.0
2024-11-18 20:00:00+00:00,2614.39990234375
2024-11-18 21:00:00+00:00,2616.10009765625
2024-11-18 23:00:00+00:00,2616.60009765625
2024-11-19 00:00:00+00:00,2617.300048828125
2024-11-19 01:00:00+00:00,2619.699951171875
2024-11-19 02:00:00+00:00,2626.60009765625
2024-11-19 03:00:00+00:00,2628.5
2024-11-19 04:00:00+00:00,2627.10009765625
2024-11-19 05:00:00+00:00,2626.60009765625
2024-11-19 06:00:00+00:00,2629.0
2024-11-19 07:00:00+00:00,2622.89990234375
2024-11-19 08:00:00+00:00,2630.300048828125
2024-11-19 09:00:00+00:00,2634.10009765625
2024-11-19 10:00:00+00:00,2638.89990234375
2024-11-19 11:00:00+00:00,2633.199951171875
2024-11-19 12:00:00+00:00,2643.199951171875
2024-11-19 13:00:00+00:00,2639.199951171875
2024-11-19 14:00:00+00:00,2626.89990234375
2024-11-19 15:00:00+00:00,2628.199951171875
2024-11-19 16:00:00+00:00,2630.199951171875
2024-11-19 17:00:00+00:00,2631.699951171875
2024-11-19 18:00:00+00:00,2633.89990234375
2024-11-19 19:00:00+00:00,2634.5
2024-11-19 20:00:00+00:00,2637.39990234375
2024-11-19 21:00:00+00:00,2635.699951171875
2024-11-19 23:00:00+00:00,2638.0
2024-11-20 00:00:00+00:00,2640.89990234375
2024-11-20 01:00:00+00:00,2642.800048828125
2024-11-20 02:00:00+00:00,2643.39990234375
2024-11-20 03:00:00+00:00,2641.199951171875
2024-11-20 04:00:00+00:00,2639.800048828125
2024-11-20 05:00:00+00:00,2640.199951171875
2024-11-20 06:00:00+00:00,2632.800048828125
2024-11-20 07:00:00+00:00,2624.60009765625
2024-11-20 08:00:00+00:00,2627.39990234375
2024-11-20 09:00:00+00:00,2625.0
2024-11-20 10:00:00+00:00,2628.300048828125
2024-11-20 11:00:00+00:00,2631.39990234375
2024-11-20 12:00:00+00:00,2635.199951171875
2024-11-20 13:00:00+00:00,2639.60009765625
2024-11-20 14:00:00+00:00,2646.699951171875
2024-11-20 15:00:00+00:00,2652.39990234375
2024-11-20 16:00:00+00:00,2654.10009765625
2024-11-20 17:00:00+00:00,2655.300048828125
2024-11-20 18:00:00+00:00,2651.89990234375
2024-11-20 19:00:00+00:00,2654.39990234375
2024-11-20 20:00:00+00:00,2652.300048828125
2024-11-20 21:00:00+00:00,2654.10009765625
2024-11-20 23:00:00+00:00,2654.60009765625
2024-11-21 00:00:00+00:00,2660.89990234375
2024-11-21 01:00:00+00:00,2656.0
2024-11-21 02:00:00+00:00,2656.300048828125
2024-11-21 03:00:00+00:00,2659.39990234375
2024-11-21 04:00:00+00:00,2659.800048828125
2024-11-21 05:00:00+00:00,2659.39990234375
2024-11-21 06:00:00+00:00,2663.800048828125
2024-11-21 07:00:00+00:00,2665.5
2024-11-21 08:00:00+00:00,2671.199951171875
2024-11-21 09:00:00+00:00,2671.5
2024-11-21 10:00:00+00:00,2672.39990234375
2024-11-21 11:00:00+00:00,2674.10009765625
2024-11-21 12:00:00+00:00,2666.0
2024-11-21 13:00:00+00:00,2667.89990234375
2024-11-21 14:00:00+00:00,2667.39990234375
2024-11-21 15:00:00+00:00,2670.39990234375
2024-11-21 16:00:00+00:00,2667.199951171875
2024-11-21 17:00:00+00:00,2674.60009765625
2024-11-21 18:00:00+00:00,2675.10009765625
2024-11-21 19:00:00+00:00,2672.300048828125
2024-11-21 20:00:00+00:00,2674.10009765625
2024-11-21 21:00:00+00:00,2672.199951171875
2024-11-21 23:00:00+00:00,2671.10009765625
2024-11-22 00:00:00+00:00,2675.199951171875
2024-11-22 01:00:00+00:00,2680.10009765625
2024-11-22 02:00:00+00:00,2688.5
2024-11-22 03:00:00+00:00,2688.60009765625
2024-11-22 04:00:00+00:00,2690.199951171875
2024-11-22 05:00:00+00:00,2688.5
2024-11-22 06:00:00+00:00,2695.300048828125
2024-11-22 07:00:00+00:00,2699.10009765625
2024-11-22 08:00:00+00:00,2699.89990234375
2024-11-22 09:00:00+00:00,2705.699951171875
2024-11-22 10:00:00+00:00,2710.0
2024-11-22 11:00:00+00:00,2701.10009765625
2024-11-22 12:00:00+00:00,2705.39990234375
2024-11-22 13:00:00+00:00,2695.10009765625
2024-11-22 14:00:00+00:00,2696.800048828125
2024-11-22 15:00:00+00:00,2706.0
2024-11-22 16:00:00+00:00,2707.300048828125
2024-11-22 17:00:00+00:00,2709.0
2024-11-22 18:00:00+00:00,2713.10009765625
2024-11-22 19:00:00+00:00,2710.300048828125
2024-11-22 20:00:00+00:00,2707.800048828125
2024-11-22 21:00:00+00:00,2718.199951171875
2024-11-24 23:00:00+00:00,2721.60009765625
2024-11-25 00:00:00+00:00,2712.39990234375
2024-11-25 01:00:00+00:00,2703.199951171875
2024-11-25 02:00:00+00:00,2697.0
2024-11-25 03:00:00+00:00,2674.0
2024-11-25 04:00:00+00:00,2674.39990234375
2024-11-25 05:00:00+00:00,2666.60009765625
2024-11-25 06:00:00+00:00,2668.699951171875
2024-11-25 07:00:00+00:00,2669.39990234375
2024-11-25 08:00:00+00:00,2673.60009765625
2024-11-25 09:00:00+00:00,2675.5
2024-11-25 10:00:00+00:00,2679.39990234375
2024-11-25 11:00:00+00:00,2688.39990234375
2024-11-25 12:00:00+00:00,2682.39990234375
2024-11-25 13:00:00+00:00,2679.699951171875
2024-11-25 14:00:00+00:00,2642.60009765625
2024-11-25 15:00:00+00:00,2629.60009765625
2024-11-25 16:00:00+00:00,2633.300048828125
2024-11-25 17:00:00+00:00,2629.199951171875
2024-11-25 18:00:00+00:00,2620.199951171875
2024-11-25 19:00:00+00:00,2626.89990234375
2024-11-25 20:00:00+00:00,2627.300048828125
2024-11-25 21:00:00+00:00,2626.39990234375
2024-11-25 23:00:00+00:00,2610.5
2024-11-26 00:00:00+00:00,2619.89990234375
2024-11-26 01:00:00+00:00,2628.39990234375
2024-11-26 02:00:00+00:00,2625.60009765625
2024-11-26 03:00:00+00:00,2630.5
2024-11-26 04:00:00+00:00,2626.699951171875
2024-11-26 05:00:00+00:00,2624.699951171875
2024-11-26 06:00:00+00:00,2622.300048828125
2024-11-26 07:00:00+00:00,2614.199951171875
2024-11-26 08:00:00+00:00,2613.699951171875
2024-11-26 09:00:00+00:00,2626.39990234375
2024-11-26 10:00:00+00:00,2631.800048828125
2024-11-26 11:00:00+00:00,2633.5
2024-11-26 12:00:00+00:00,2631.199951171875
2024-11-26 13:00:00+00:00,2629.89990234375
2024-11-26 14:00:00+00:00,2623.0
2024-11-26 15:00:00+00:00,2629.89990234375
2024-11-26 16:00:00+00:00,2628.89990234375
2024-11-26 17:00:00+00:00,2625.199951171875
2024-11-26 18:00:00+00:00,2623.800048828125
2024-11-26 19:00:00+00:00,2628.699951171875
2024-11-26 20:00:00+00:00,2632.10009765625
2024-11-26 21:00:00+00:00,2633.800048828125
2024-11-26 23:00:00+00:00,2632.0
2024-11-27 00:00:00+00:00,2628.199951171875
2024-11-27 01:00:00+00:00,2632.10009765625
2024-11-27 02:00:00+00:00,2637.800048828125
2024-11-27 03:00:00+00:00,2638.300048828125
2024-11-27 04:00:00+00:00,2639.199951171875
2024-11-27 05:00:00+00:00,2642.39990234375
2024-11-27 06:00:00+00:00,2647.89990234375
2024-11-27 07:00:00+00:00,2647.39990234375
2024-11-27 08:00:00+00:00,2678.5
2024-11-27 09:00:00+00:00,2673.199951171875
2024-11-27 10:00:00+00:00,2648.300048828125
2024-11-27 11:00:00+00:00,2650.699951171875
2024-11-27 12:00:00+00:00,2675.89990234375
2024-11-27 13:00:00+00:00,2681.39990234375
2024-11-27 14:00:00+00:00,2676.5
2024-11-27 15:00:00+00:00,2668.0
2024-11-27 16:00:00+00:00,2664.199951171875
2024-11-27 17:00:00+00:00,2662.60009765625
2024-11-27 18:00:00+00:00,2664.10009765625
2024-11-27 19:00:00+00:00,2659.89990234375
2024-11-27 20:00:00+00:00,2662.199951171875
2024-11-27 21:00:00+00:00,2661.10009765625
2024-11-27 23:00:00+00:00,2661.39990234375
2024-11-28 00:00:00+00:00,2659.89990234375
2024-11-28 01:00:00+00:00,2652.60009765625
2024-11-28 02:00:00+00:00,2652.10009765625
2024-11-28 03:00:00+00:00,2654.0
2024-11-28 04:00:00+00:00,2655.300048828125
2024-11-29 14:30:00+00:00,2677.39990234375
2024-11-29 15:30:00+00:00,2682.800048828125
2024-11-29 16:30:00+00:00,2686.199951171875
2024-11-29 17:30:00+00:00,2684.89990234375
2024-12-01 23:00:00+00:00,2668.5
2024-12-02 00:00:00+00:00,2660.10009765625
2024-12-02 01:00:00+00:00,2658.60009765625
2024-12-02 02:00:00+00:00,2649.300048828125
2024-12-02 03:00:00+00:00,2652.199951171875
2024-12-02 04:00:00+00:00,2651.199951171875
2024-12-02 05:00:00+00:00,2646.10009765625
2024-12-02 06:00:00+00:00,2648.699951171875
2024-12-02 07:00:00+00:00,2652.300048828125
2024-12-02 08:00:00+00:00,2652.199951171875
2024-12-02 09:00:00+00:00,2656.39990234375
2024-12-02 10:00:00+00:00,2658.800048828125
2024-12-02 11:00:00+00:00,2664.699951171875
2024-12-02 12:00:00+00:00,2664.0
2024-12-02 13:00:00+00:00,2670.39990234375
2024-12-02 14:00:00+00:00,2669.0
2024-12-02 15:00:00+00:00,2665.39990234375
2024-12-02 16:00:00+00:00,2664.39990234375
2024-12-02 17:00:00+00:00,2661.89990234375
2024-12-02 18:00:00+00:00,2659.89990234375
2024-12-02 19:00:00+00:00,2660.60009765625
2024-12-02 20:00:00+00:00,2660.10009765625
2024-12-02 21:00:00+00:00,2661.800048828125
2024-12-02 23:00:00+00:00,2664.699951171875
2024-12-03 00:00:00+00:00,2663.800048828125
2024-12-03 01:00:00+00:00,2659.199951171875
2024-12-03 02:00:00+00:00,2659.699951171875
2024-12-03 03:00:00+00:00,2663.199951171875
2024-12-03 04:00:00+00:00,2662.199951171875
2024-12-03 05:00:00+00:00,2663.5
2024-12-03 06:00:00+00:00,2669.699951171875
2024-12-03 07:00:00+00:00,2667.300048828125
2024-12-03 08:00:00+00:00,2668.199951171875
2024-12-03 09:00:00+00:00,2666.5
2024-12-03 10:00:00+00:00,2665.199951171875
2024-12-03 11:00:00+00:00,2666.199951171875
2024-12-03 12:00:00+00:00,2662.300048828125
2024-12-03 13:00:00+00:00,2675.60009765625
2024-12-03 14:00:00+00:00,2669.199951171875
2024-12-03 15:00:00+00:00,2663.10009765625
2024-12-03 16:00:00+00:00,2671.0
2024-12-03 17:00:00+00:00,2669.39990234375
2024-12-03 18:00:00+00:00,2668.199951171875
2024-12-03 19:00:00+00:00,2663.300048828125
2024-12-03 20:00:00+00:00,2664.39990234375
2024-12-03 21:00:00+00:00,2666.0
2024-12-03 23:00:00+00:00,2664.699951171875
2024-12-04 00:00:00+00:00,2662.39990234375
2024-12-04 01:00:00+00:00,2664.39990234375
2024-12-04 02:00:00+00:00,2668.10009765625
2024-12-04 03:00:00+00:00,2666.699951171875
2024-12-04 04:00:00+00:00,2670.0
2024-12-04 05:00:00+00:00,2671.699951171875
2024-12-04 06:00:00+00:00,2671.300048828125
2024-12-04 07:00:00+00:00,2663.60009765625
2024-12-04 08:00:00+00:00,2663.5
2024-12-04 09:00:00+00:00,2662.800048828125
2024-12-04 10:00:00+00:00,2666.10009765625
2024-12-04 11:00:00+00:00,2668.10009765625
2024-12-04 12:00:00+00:00,2659.199951171875
2024-12-04 13:00:00+00:00,2671.199951171875
2024-12-04 14:00:00+00:00,2672.60009765625
2024-12-04 15:00:00+00:00,2679.699951171875
2024-12-04 16:00:00+00:00,2674.199951171875
2024-12-04 17:00:00+00:00,2675.89990234375
2024-12-04 18:00:00+00:00,2673.5
2024-12-04 19:00:00+00:00,2676.199951171875
2024-12-04 20:00:00+00:00,2674.5
2024-12-04 21:00:00+00:00,2674.300048828125
2024-12-04 23:00:00+00:00,2673.89990234375
2024-12-05 00:00:00+00:00,2672.10009765625
2024-12-05 01:00:00+00:00,2670.800048828125
2024-12-05 02:00:00+00:00,2670.5
2024-12-05 03:00:00+00:00,2672.800048828125
2024-12-05 04:00:00+00:00,2670.60009765625
2024-12-05 05:00:00+00:00,2677.5
2024-12-05 06:00:00+00:00,2671.699951171875
2024-12-05 07:00:00+00:00,2673.5
2024-12-05 08:00:00+00:00,2667.60009765625
2024-12-05 09:00:00+00:00,2668.60009765625
2024-12-05 10:00:00+00:00,2672.39990234375
2024-12-05 11:00:00+00:00,2674.800048828125
2024-12-05 12:00:00+00:00,2676.5
2024-12-05 13:00:00+00:00,2672.5
2024-12-05 14:00:00+00:00,2663.5
2024-12-05 15:00:00+00:00,2663.5
2024-12-05 16:00:00+00:00,2658.39990234375
2024-12-05 17:00:00+00:00,2651.0
2024-12-05 18:00:00+00:00,2652.60009765625
2024-12-05 19:00:00+00:00,2652.800048828125
2024-12-05 20:00:00+00:00,2654.5
2024-12-05 21:00:00+00:00,2655.0
2024-12-05 23:00:00+00:00,2656.699951171875
2024-12-06 00:00:00+00:00,2651.800048828125
2024-12-06 01:00:00+00:00,2640.5
2024-12-06 02:00:00+00:00,2647.89990234375
2024-12-06 03:00:00+00:00,2662.89990234375
2024-12-06 04:00:00+00:00,2664.199951171875
2024-12-06 05:00:00+00:00,2659.800048828125
2024-12-06 06:00:00+00:00,2661.300048828125
2024-12-06 07:00:00+00:00,2661.800048828125
2024-12-06 08:00:00+00:00,2666.199951171875
2024-12-06 09:00:00+00:00,2662.5
2024-12-06 10:00:00+00:00,2655.60009765625
2024-12-06 11:00:00+00:00,2659.89990234375
2024-12-06 12:00:00+00:00,2660.10009765625
2024-12-06 13:00:00+00:00,2657.39990234375
2024-12-06 14:00:00+00:00,2657.10009765625
2024-12-06 15:00:00+00:00,2659.5
2024-12-06 16:00:00+00:00,2662.39990234375
2024-12-06 17:00:00+00:00,2656.800048828125
2024-12-06 18:00:00+00:00,2659.10009765625
2024-12-06 19:00:00+00:00,2656.800048828125
2024-12-06 20:00:00+00:00,2653.89990234375
2024-12-06 21:00:00+00:00,2654.89990234375
2024-12-08 23:00:00+00:00,2662.39990234375
2024-12-09 00:00:00+00:00,2653.300048828125
2024-12-09 01:00:00+00:00,2668.300048828125
2024-12-09 02:00:00+00:00,2667.699951171875
2024-12-09 03:00:00+00:00,2660.60009765625
2024-12-09 04:00:00+00:00,2658.300048828125
2024-12-09 05:00:00+00:00,2660.0
2024-12-09 06:00:00+00:00,2665.300048828125
2024-12-09 07:00:00+00:00,2672.300048828125
2024-12-09 08:00:00+00:00,2671.0
2024-12-09 09:00:00+00:00,2677.10009765625
2024-12-09 10:00:00+00:00,2679.39990234375
2024-12-09 11:00:00+00:00,2678.300048828125
2024-12-09 12:00:00+00:00,2678.699951171875
2024-12-09 13:00:00+00:00,2688.699951171875
2024-12-09 14:00:00+00:00,2697.5
2024-12-09 15:00:00+00:00,2691.199951171875
2024-12-09 16:00:00+00:00,2690.5
2024-12-09 17:00:00+00:00,2687.39990234375
2024-12-09 18:00:00+00:00,2685.800048828125
2024-12-09 19:00:00+00:00,2682.89990234375
2024-12-09 20:00:00+00:00,2680.800048828125
2024-12-09 21:00:00+00:00,2683.0
2024-12-09 23:00:00+00:00,2683.0
2024-12-10 00:00:00+00:00,2687.699951171875
2024-12-10 01:00:00+00:00,2690.300048828125
2024-12-10 02:00:00+00:00,2691.60009765625
2024-12-10 03:00:00+00:00,2692.699951171875
2024-12-10 04:00:00+00:00,2693.5
2024-12-10 05:00:00+00:00,2691.300048828125
2024-12-10 06:00:00+00:00,2692.5
2024-12-10 07:00:00+00:00,2686.60009765625
2024-12-10 08:00:00+00:00,2685.60009765625
2024-12-10 09:00:00+00:00,2687.60009765625
2024-12-10 10:00:00+00:00,2698.10009765625
2024-12-10 11:00:00+00:00,2697.0
2024-12-10 12:00:00+00:00,2701.10009765625
2024-12-10 13:00:00+00:00,2704.39990234375
2024-12-10 14:00:00+00:00,2713.800048828125
2024-12-10 15:00:00+00:00,2712.39990234375
2024-12-10 16:00:00+00:00,2717.89990234375
2024-12-10 17:00:00+00:00,2719.699951171875
2024-12-10 18:00:00+00:00,2718.0
2024-12-10 19:00:00+00:00,2718.300048828125
2024-12-10 20:00:00+00:00,2718.199951171875
2024-12-10 21:00:00+00:00,2721.5
2024-12-10 23:00:00+00:00,2723.800048828125
2024-12-11 00:00:00+00:00,2731.699951171875
2024-12-11 01:00:00+00:00,2732.39990234375
2024-12-11 02:00:00+00:00,2736.10009765625
2024-12-11 03:00:00+00:00,2737.60009765625
2024-12-11 04:00:00+00:00,2736.300048828125
2024-12-11 05:00:00+00:00,2727.800048828125
2024-12-11 06:00:00+00:00,2731.800048828125
2024-12-11 07:00:00+00:00,2726.199951171875
2024-12-11 08:00:00+00:00,2728.0
2024-12-11 09:00:00+00:00,2727.199951171875
2024-12-11 10:00:00+00:00,2725.60009765625
2024-12-11 11:00:00+00:00,2727.300048828125
2024-12-11 12:00:00+00:00,2725.5
2024-12-11 13:00:00+00:00,2732.10009765625
2024-12-11 14:00:00+00:00,2742.199951171875
2024-12-11 15:00:00+00:00,2754.699951171875
2024-12-11 16:00:00+00:00,2753.10009765625
2024-12-11 17:00:00+00:00,2757.10009765625
2024-12-11 18:00:00+00:00,2750.60009765625
2024-12-11 19:00:00+00:00,2753.0
2024-12-11 20:00:00+00:00,2752.699951171875
2024-12-11 21:00:00+00:00,2753.800048828125
2024-12-11 23:00:00+00:00,2753.89990234375
2024-12-12 00:00:00+00:00,2758.39990234375
2024-12-12 01:00:00+00:00,2751.5
2024-12-12 02:00:00+00:00,2746.0
2024-12-12 03:00:00+00:00,2748.300048828125
2024-12-12 04:00:00+00:00,2748.199951171875
2024-12-12 05:00:00+00:00,2748.5
2024-12-12 06:00:00+00:00,2751.89990234375
2024-12-12 07:00:00+00:00,2749.0
2024-12-12 08:00:00+00:00,2753.699951171875
2024-12-12 09:00:00+00:00,2748.39990234375
2024-12-12 10:00:00+00:00,2744.800048828125
2024-12-12 11:00:00+00:00,2742.5
2024-12-12 12:00:00+00:00,2736.39990234375
2024-12-12 13:00:00+00:00,2726.199951171875
2024-12-12 14:00:00+00:00,2711.0
2024-12-12 15:00:00+00:00,2701.5
2024-12-12 16:00:00+00:00,2707.199951171875
2024-12-12 17:00:00+00:00,2711.199951171875
2024-12-12 18:00:00+00:00,2707.89990234375
2024-12-12 19:00:00+00:00,2706.39990234375
2024-12-12 20:00:00+00:00,2704.10009765625
2024-12-12 21:00:00+00:00,2705.199951171875
2024-12-12 23:00:00+00:00,2704.89990234375
2024-12-13 00:00:00+00:00,2708.89990234375
2024-12-13 01:00:00+00:00,2714.0
2024-12-13 02:00:00+00:00,2709.300048828125
2024-12-13 03:00:00+00:00,2710.300048828125
2024-12-13 04:00:00+00:00,2709.60009765625
2024-12-13 05:00:00+00:00,2709.10009765625
2024-12-13 06:00:00+00:00,2710.0
2024-12-13 07:00:00+00:00,2705.300048828125
2024-12-13 08:00:00+00:00,2695.10009765625
2024-12-13 09:00:00+00:00,2689.199951171875
2024-12-13 10:00:00+00:00,2686.699951171875
2024-12-13 11:00:00+00:00,2685.39990234375
2024-12-13 12:00:00+00:00,2693.60009765625
2024-12-13 13:00:00+00:00,2681.10009765625
2024-12-13 14:00:00+00:00,2679.39990234375
2024-12-13 15:00:00+00:00,2679.199951171875
2024-12-13 16:00:00+00:00,2681.5
2024-12-13 17:00:00+00:00,2676.199951171875
2024-12-13 18:00:00+00:00,2674.39990234375
2024-12-13 19:00:00+00:00,2672.800048828125
2024-12-13 20:00:00+00:00,2665.699951171875
2024-12-13 21:00:00+00:00,2665.89990234375
2024-12-15 23:00:00+00:00,2669.300048828125
2024-12-16 00:00:00+00:00,2665.199951171875
2024-12-16 01:00:00+00:00,2672.10009765625
2024-12-16 02:00:00+00:00,2670.300048828125
2024-12-16 03:00:00+00:00,2671.699951171875
2024-12-16 04:00:00+00:00,2670.39990234375
2024-12-16 05:00:00+00:00,2671.0
2024-12-16 06:00:00+00:00,2671.60009765625
2024-12-16 07:00:00+00:00,2672.199951171875
2024-12-16 08:00:00+00:00,2676.10009765625
2024-12-16 09:00:00+00:00,2676.60009765625
2024-12-16 10:00:00+00:00,2677.5
2024-12-16 11:00:00+00:00,2682.5
2024-12-16 12:00:00+00:00,2679.10009765625
2024-12-16 13:00:00+00:00,2681.300048828125
2024-12-16 14:00:00+00:00,2673.5
2024-12-16 15:00:00+00:00,2672.800048828125
2024-12-16 16:00:00+00:00,2670.10009765625
2024-12-16 17:00:00+00:00,2669.39990234375
2024-12-16 18:00:00+00:00,2672.5
2024-12-16 19:00:00+00:00,2669.89990234375
2024-12-16 20:00:00+00:00,2670.10009765625
2024-12-16 21:00:00+00:00,2670.199951171875
2024-12-16 23:00:00+00:00,2668.39990234375
2024-12-17 00:00:00+00:00,2672.199951171875
2024-12-17 01:00:00+00:00,2675.199951171875
2024-12-17 02:00:00+00:00,2672.0
2024-12-17 03:00:00+00:00,2670.800048828125
2024-12-17 04:00:00+00:00,2668.39990234375
2024-12-17 05:00:00+00:00,2670.60009765625
2024-12-17 06:00:00+00:00,2666.199951171875
2024-12-17 07:00:00+00:00,2670.39990234375
2024-12-17 08:00:00+00:00,2659.5
2024-12-17 09:00:00+00:00,2654.60009765625
2024-12-17 10:00:00+00:00,2653.199951171875
2024-12-17 11:00:00+00:00,2657.199951171875
2024-12-17 12:00:00+00:00,2657.60009765625
2024-12-17 13:00:00+00:00,2650.10009765625
2024-12-17 14:00:00+00:00,2649.89990234375
2024-12-17 15:00:00+00:00,2654.39990234375
2024-12-17 16:00:00+00:00,2653.89990234375
2024-12-17 17:00:00+00:00,2662.199951171875
2024-12-17 18:00:00+00:00,2663.5
2024-12-17 19:00:00+00:00,2662.0
2024-12-17 20:00:00+00:00,2660.5
2024-12-17 21:00:00+00:00,2663.5
2024-12-17 23:00:00+00:00,2663.60009765625
2024-12-18 00:00:00+00:00,2666.300048828125
2024-12-18 01:00:00+00:00,2666.39990234375
2024-12-18 02:00:00+00:00,2662.5
2024-12-18 03:00:00+00:00,2660.5
2024-12-18 04:00:00+00:00,2660.10009765625
2024-12-18 05:00:00+00:00,2662.89990234375
2024-12-18 06:00:00+00:00,2661.699951171875
2024-12-18 07:00:00+00:00,2659.89990234375
2024-12-18 08:00:00+00:00,2663.199951171875
2024-12-18 09:00:00+00:00,2662.300048828125
2024-12-18 10:00:00+00:00,2664.300048828125
2024-12-18 11:00:00+00:00,2661.800048828125
2024-12-18 12:00:00+00:00,2659.800048828125
2024-12-18 13:00:00+00:00,2659.800048828125
2024-12-18 14:00:00+00:00,2654.0
2024-12-18 15:00:00+00:00,2654.800048828125
2024-12-18 16:00:00+00:00,2651.39990234375
2024-12-18 17:00:00+00:00,2652.0
2024-12-18 18:00:00+00:00,2652.5
2024-12-18 19:00:00+00:00,2619.5
2024-12-18 20:00:00+00:00,2606.89990234375
2024-12-18 21:00:00+00:00,2599.60009765625
2024-12-18 23:00:00+00:00,2601.5
2024-12-19 00:00:00+00:00,2608.300048828125
2024-12-19 01:00:00+00:00,2624.199951171875
2024-12-19 02:00:00+00:00,2624.699951171875
2024-12-19 03:00:00+00:00,2623.10009765625
2024-12-19 04:00:00+00:00,2622.10009765625
2024-12-19 05:00:00+00:00,2620.10009765625
2024-12-19 06:00:00+00:00,2625.300048828125
2024-12-19 07:00:00+00:00,2630.10009765625
2024-12-19 08:00:00+00:00,2632.699951171875
2024-12-19 09:00:00+00:00,2633.800048828125
2024-12-19 10:00:00+00:00,2633.300048828125
2024-12-19 11:00:00+00:00,2630.89990234375
2024-12-19 12:00:00+00:00,2620.699951171875
2024-12-19 13:00:00+00:00,2610.0
2024-12-19 14:00:00+00:00,2606.5
2024-12-19 15:00:00+00:00,2603.10009765625
2024-12-19 16:00:00+00:00,2606.60009765625
2024-12-19 17:00:00+00:00,2607.5
2024-12-19 18:00:00+00:00,2614.5
2024-12-19 19:00:00+00:00,2611.39990234375
2024-12-19 20:00:00+00:00,2612.300048828125
2024-12-19 21:00:00+00:00,2610.0
2024-12-19 23:00:00+00:00,2608.800048828125
2024-12-20 00:00:00+00:00,2604.89990234375
2024-12-20 01:00:00+00:00,2617.699951171875
2024-12-20 02:00:00+00:00,2611.39990234375
2024-12-20 03:00:00+00:00,2612.300048828125
2024-12-20 04:00:00+00:00,2612.699951171875
2024-12-20 05:00:00+00:00,2614.0
2024-12-20 06:00:00+00:00,2618.60009765625
2024-12-20 07:00:00+00:00,2620.0
2024-12-20 08:00:00+00:00,2620.0
2024-12-20 09:00:00+00:00,2619.800048828125
2024-12-20 10:00:00+00:00,2619.199951171875
2024-12-20 11:00:00+00:00,2618.39990234375
2024-12-20 12:00:00+00:00,2617.800048828125
2024-12-20 13:00:00+00:00,2625.199951171875
2024-12-20 14:00:00+00:00,2634.10009765625
2024-12-20 15:00:00+00:00,2652.10009765625
2024-12-20 16:00:00+00:00,2643.699951171875
2024-12-20 17:00:00+00:00,2644.800048828125
2024-12-20 18:00:00+00:00,2647.300048828125
2024-12-20 19:00:00+00:00,2648.0
2024-12-20 20:00:00+00:00,2642.89990234375
2024-12-20 21:00:00+00:00,2640.800048828125
2024-12-22 23:00:00+00:00,2641.39990234375
2024-12-23 00:00:00+00:00,2637.699951171875
2024-12-23 01:00:00+00:00,2638.10009765625
2024-12-23 02:00:00+00:00,2641.5
2024-12-23 03:00:00+00:00,2639.10009765625
2024-12-23 04:00:00+00:00,2640.60009765625
2024-12-23 05:00:00+00:00,2641.5
2024-12-23 06:00:00+00:00,2645.300048828125
2024-12-23 07:00:00+00:00,2643.89990234375
2024-12-23 08:00:00+00:00,2644.10009765625
2024-12-23 09:00:00+00:00,2640.60009765625
2024-12-23 10:00:00+00:00,2634.10009765625
2024-12-23 11:00:00+00:00,2630.0
2024-12-23 12:00:00+00:00,2629.199951171875
2024-12-23 13:00:00+00:00,2631.300048828125
2024-12-23 14:00:00+00:00,2629.699951171875
2024-12-23 15:00:00+00:00,2624.699951171875
2024-12-23 16:00:00+00:00,2632.0
2024-12-23 17:00:00+00:00,2628.199951171875
2024-12-23 18:00:00+00:00,2627.199951171875
2024-12-23 19:00:00+00:00,2626.800048828125
2024-12-23 20:00:00+00:00,2626.5
2024-12-23 21:00:00+00:00,2629.300048828125
2024-12-23 23:00:00+00:00,2629.89990234375
2024-12-24 00:00:00+00:00,2630.60009765625
2024-12-24 01:00:00+00:00,2632.10009765625
2024-12-24 02:00:00+00:00,2630.699951171875
2024-12-24 03:00:00+00:00,2632.0
2024-12-24 04:00:00+00:00,2633.39990234375
2024-12-24 14:30:00+00:00,2625.0
2024-12-24 15:30:00+00:00,2626.60009765625
2024-12-24 16:30:00+00:00,2631.5
2024-12-24 17:30:00+00:00,2634.199951171875
2024-12-26 05:00:00+00:00,2642.0
2024-12-26 06:00:00+00:00,2641.300048828125
2024-12-26 07:00:00+00:00,2640.0
2024-12-26 08:00:00+00:00,2641.800048828125
2024-12-26 09:00:00+00:00,2642.0
2024-12-26 10:00:00+00:00,2644.199951171875
2024-12-26 11:00:00+00:00,2643.800048828125
2024-12-26 12:00:00+00:00,2642.10009765625
2024-12-26 13:00:00+00:00,2638.89990234375
2024-12-26 14:00:00+00:00,2646.199951171875
2024-12-26 15:00:00+00:00,2652.800048828125
2024-12-26 16:00:00+00:00,2648.800048828125
2024-12-26 17:00:00+00:00,2647.0
2024-12-26 18:00:00+00:00,2653.5
2024-12-26 19:00:00+00:00,2653.39990234375
2024-12-26 20:00:00+00:00,2654.800048828125
2024-12-26 21:00:00+00:00,2653.300048828125
2024-12-26 23:00:00+00:00,2652.800048828125
2024-12-27 00:00:00+00:00,2651.300048828125
2024-12-27 01:00:00+00:00,2650.60009765625
2024-12-27 02:00:00+00:00,2651.10009765625
2024-12-27 03:00:00+00:00,2652.5
2024-12-27 04:00:00+00:00,2650.39990234375
2024-12-27 05:00:00+00:00,2647.5
2024-12-27 06:00:00+00:00,2649.699951171875
2024-12-27 07:00:00+00:00,2648.800048828125
2024-12-27 08:00:00+00:00,2640.800048828125
2024-12-27 09:00:00+00:00,2638.699951171875
2024-12-27 10:00:00+00:00,2641.699951171875
2024-12-27 11:00:00+00:00,2644.199951171875
2024-12-27 12:00:00+00:00,2641.60009765625
2024-12-27 13:00:00+00:00,2633.39990234375
2024-12-27 14:00:00+00:00,2629.699951171875
2024-12-27 15:00:00+00:00,2633.800048828125
2024-12-27 16:00:00+00:00,2633.60009765625
2024-12-27 17:00:00+00:00,2630.800048828125
2024-12-27 18:00:00+00:00,2634.10009765625
2024-12-27 19:00:00+00:00,2636.300048828125
2024-12-27 20:00:00+00:00,2631.60009765625
2024-12-27 21:00:00+00:00,2636.5
2024-12-29 23:00:00+00:00,2638.699951171875
2024-12-30 00:00:00+00:00,2636.60009765625
2024-12-30 01:00:00+00:00,2637.699951171875
2024-12-30 02:00:00+00:00,2636.699951171875
2024-12-30 03:00:00+00:00,2639.89990234375
2024-12-30 04:00:00+00:00,2634.699951171875
2024-12-30 05:00:00+00:00,2635.39990234375
2024-12-30 06:00:00+00:00,2631.199951171875
2024-12-30 07:00:00+00:00,2628.89990234375
2024-12-30 08:00:00+00:00,2623.60009765625
2024-12-30 09:00:00+00:00,2624.89990234375
2024-12-30 10:00:00+00:00,2623.10009765625
2024-12-30 11:00:00+00:00,2629.5
2024-12-30 12:00:00+00:00,2635.10009765625
2024-12-30 13:00:00+00:00,2618.300048828125
2024-12-30 14:00:00+00:00,2623.699951171875
2024-12-30 15:00:00+00:00,2613.60009765625
2024-12-30 16:00:00+00:00,2612.0
2024-12-30 17:00:00+00:00,2618.39990234375
2024-12-30 18:00:00+00:00,2619.0
2024-12-30 19:00:00+00:00,2620.300048828125
2024-12-30 20:00:00+00:00,2621.89990234375
2024-12-30 21:00:00+00:00,2620.0
2024-12-30 23:00:00+00:00,2620.199951171875
2024-12-31 00:00:00+00:00,2620.89990234375
2024-12-31 01:00:00+00:00,2620.699951171875
2024-12-31 02:00:00+00:00,2619.39990234375
2024-12-31 03:00:00+00:00,2616.60009765625
2024-12-31 04:00:00+00:00,2619.10009765625
2024-12-31 05:00:00+00:00,2616.0
2024-12-31 06:00:00+00:00,2619.300048828125
2024-12-31 07:00:00+00:00,2625.89990234375
2024-12-31 08:00:00+00:00,2628.699951171875
2024-12-31 09:00:00+00:00,2627.5
2024-12-31 10:00:00+00:00,2624.0
2024-12-31 11:00:00+00:00,2623.39990234375
2024-12-31 12:00:00+00:00,2623.89990234375
2024-12-31 13:00:00+00:00,2625.60009765625
2024-12-31 14:00:00+00:00,2626.699951171875
2024-12-31 15:00:00+00:00,2640.199951171875
2024-12-31 16:00:00+00:00,2639.300048828125
2024-12-31 17:00:00+00:00,2638.60009765625
2024-12-31 18:00:00+00:00,2638.60009765625
2024-12-31 19:00:00+00:00,2637.89990234375
2024-12-31 20:00:00+00:00,2637.800048828125
2024-12-31 21:00:00+00:00,2639.300048828125
2025-01-02 05:00:00+00:00,2646.0
2025-01-02 06:00:00+00:00,2646.5
2025-01-02 07:00:00+00:00,2647.89990234375
2025-01-02 08:00:00+00:00,2648.800048828125
2025-01-02 09:00:00+00:00,2649.0
2025-01-02 10:00:00+00:00,2654.699951171875
2025-01-02 11:00:00+00:00,2654.60009765625
2025-01-02 12:00:00+00:00,2656.39990234375
2025-01-02 13:00:00+00:00,2656.300048828125
2025-01-02 14:00:00+00:00,2660.699951171875
2025-01-02 15:00:00+00:00,2667.699951171875
2025-01-02 16:00:00+00:00,2673.0
2025-01-02 17:00:00+00:00,2670.5
2025-01-02 18:00:00+00:00,2669.199951171875
2025-01-02 19:00:00+00:00,2668.199951171875
2025-01-02 20:00:00+00:00,2672.60009765625
2025-01-02 21:00:00+00:00,2671.199951171875
2025-01-02 23:00:00+00:00,2671.10009765625
2025-01-03 00:00:00+00:00,2674.5
2025-01-03 01:00:00+00:00,2673.60009765625
2025-01-03 02:00:00+00:00,2676.800048828125
2025-01-03 03:00:00+00:00,2677.39990234375
2025-01-03 04:00:00+00:00,2677.800048828125
2025-01-03 05:00:00+00:00,2674.300048828125
2025-01-03 06:00:00+00:00,2674.800048828125
2025-01-03 07:00:00+00:00,2669.60009765625
2025-01-03 08:00:00+00:00,2667.10009765625
2025-01-03 09:00:00+00:00,2667.699951171875
2025-01-03 10:00:00+00:00,2672.0
2025-01-03 11:00:00+00:00,2672.10009765625
2025-01-03 12:00:00+00:00,2669.300048828125
2025-01-03 13:00:00+00:00,2664.10009765625
2025-01-03 14:00:00+00:00,2661.5
2025-01-03 15:00:00+00:00,2657.89990234375
2025-01-03 16:00:00+00:00,2653.39990234375
2025-01-03 17:00:00+00:00,2655.5
2025-01-03 18:00:00+00:00,2656.10009765625
2025-01-03 19:00:00+00:00,2653.300048828125
2025-01-03 20:00:00+00:00,2651.89990234375
2025-01-03 21:00:00+00:00,2652.699951171875
2025-01-05 23:00:00+00:00,2653.60009765625
2025-01-06 00:00:00+00:00,2655.800048828125
2025-01-06 01:00:00+00:00,2654.199951171875
2025-01-06 02:00:00+00:00,2657.199951171875
2025-01-06 03:00:00+00:00,2652.199951171875
2025-01-06 04:00:00+00:00,2647.10009765625
2025-01-06 05:00:00+00:00,2645.199951171875
2025-01-06 06:00:00+00:00,2643.60009765625
2025-01-06 07:00:00+00:00,2638.699951171875
2025-01-06 08:00:00+00:00,2643.60009765625
2025-01-06 09:00:00+00:00,2644.89990234375
2025-01-06 10:00:00+00:00,2645.800048828125
2025-01-06 11:00:00+00:00,2659.39990234375
2025-01-06 12:00:00+00:00,2658.10009765625
2025-01-06 13:00:00+00:00,2634.5
2025-01-06 14:00:00+00:00,2643.199951171875
2025-01-06 15:00:00+00:00,2645.199951171875
2025-01-06 16:00:00+00:00,2652.199951171875
2025-01-06 17:00:00+00:00,2647.89990234375
2025-01-06 18:00:00+00:00,2645.699951171875
2025-01-06 19:00:00+00:00,2645.60009765625
2025-01-06 20:00:00+00:00,2645.199951171875
2025-01-06 21:00:00+00:00,2647.0
2025-01-06 23:00:00+00:00,2645.10009765625
2025-01-07 00:00:00+00:00,2646.300048828125
2025-01-07 01:00:00+00:00,2650.10009765625
2025-01-07 02:00:00+00:00,2648.800048828125
2025-01-07 03:00:00+00:00,2650.699951171875
2025-01-07 04:00:00+00:00,2648.89990234375
2025-01-07 05:00:00+00:00,2654.89990234375
2025-01-07 06:00:00+00:00,2652.10009765625
2025-01-07 07:00:00+00:00,2652.199951171875
2025-01-07 08:00:00+00:00,2653.800048828125
2025-01-07 09:00:00+00:00,2652.89990234375
2025-01-07 10:00:00+00:00,2655.39990234375
2025-01-07 11:00:00+00:00,2659.60009765625
2025-01-07 12:00:00+00:00,2663.89990234375
2025-01-07 13:00:00+00:00,2676.5
2025-01-07 14:00:00+00:00,2672.5
2025-01-07 15:00:00+00:00,2661.0
2025-01-07 16:00:00+00:00,2665.699951171875
2025-01-07 17:00:00+00:00,2666.699951171875
2025-01-07 18:00:00+00:00,2663.5
2025-01-07 19:00:00+00:00,2663.699951171875
2025-01-07 20:00:00+00:00,2664.800048828125
2025-01-07 21:00:00+00:00,2663.10009765625
2025-01-07 23:00:00+00:00,2663.800048828125
2025-01-08 00:00:00+00:00,2664.5
2025-01-08 01:00:00+00:00,2662.89990234375
2025-01-08 02:00:00+00:00,2662.89990234375
2025-01-08 03:00:00+00:00,2660.10009765625
2025-01-08 04:00:00+00:00,2659.800048828125
2025-01-08 05:00:00+00:00,2664.0
2025-01-08 06:00:00+00:00,2666.0
2025-01-08 07:00:00+00:00,2666.39990234375
2025-01-08 08:00:00+00:00,2665.60009765625
2025-01-08 09:00:00+00:00,2667.5
2025-01-08 10:00:00+00:00,2666.60009765625
2025-01-08 11:00:00+00:00,2664.10009765625
2025-01-08 12:00:00+00:00,2665.699951171875
2025-01-08 13:00:00+00:00,2674.800048828125
2025-01-08 14:00:00+00:00,2677.199951171875
2025-01-08 15:00:00+00:00,2681.5
2025-01-08 16:00:00+00:00,2686.199951171875
2025-01-08 17:00:00+00:00,2671.800048828125
2025-01-08 18:00:00+00:00,2669.800048828125
2025-01-08 19:00:00+00:00,2674.60009765625
2025-01-08 20:00:00+00:00,2680.60009765625
2025-01-08 21:00:00+00:00,2680.10009765625
2025-01-08 23:00:00+00:00,2679.199951171875
2025-01-09 00:00:00+00:00,2677.5
2025-01-09 01:00:00+00:00,2676.39990234375
2025-01-09 02:00:00+00:00,2677.0
2025-01-09 03:00:00+00:00,2678.0
2025-01-09 04:00:00+00:00,2677.300048828125
2025-01-09 05:00:00+00:00,2676.0
2025-01-09 06:00:00+00:00,2683.60009765625
2025-01-09 07:00:00+00:00,2678.89990234375
2025-01-09 08:00:00+00:00,2681.39990234375
2025-01-09 09:00:00+00:00,2681.10009765625
2025-01-09 10:00:00+00:00,2683.300048828125
2025-01-09 11:00:00+00:00,2687.300048828125
2025-01-09 12:00:00+00:00,2691.800048828125
2025-01-09 13:00:00+00:00,2691.39990234375
2025-01-09 14:00:00+00:00,2691.89990234375
2025-01-09 15:00:00+00:00,2687.5
2025-01-09 16:00:00+00:00,2686.699951171875
2025-01-09 17:00:00+00:00,2685.60009765625
2025-01-09 18:00:00+00:00,2692.300048828125
2025-01-09 19:00:00+00:00,2691.300048828125
2025-01-09 20:00:00+00:00,2691.199951171875
2025-01-09 21:00:00+00:00,2692.60009765625
2025-01-09 23:00:00+00:00,2693.300048828125
2025-01-10 00:00:00+00:00,2695.0
2025-01-10 01:00:00+00:00,2694.60009765625
2025-01-10 02:00:00+00:00,2696.800048828125
2025-01-10 03:00:00+00:00,2697.699951171875
2025-01-10 04:00:00+00:00,2695.699951171875
2025-01-10 05:00:00+00:00,2699.699951171875
2025-01-10 06:00:00+00:00,2702.39990234375
2025-01-10 07:00:00+00:00,2700.10009765625
2025-01-10 08:00:00+00:00,2706.89990234375
2025-01-10 09:00:00+00:00,2704.10009765625
2025-01-10 10:00:00+00:00,2709.199951171875
2025-01-10 11:00:00+00:00,2708.699951171875
2025-01-10 12:00:00+00:00,2704.89990234375
2025-01-10 13:00:00+00:00,2713.0
2025-01-10 14:00:00+00:00,2723.39990234375
2025-01-10 15:00:00+00:00,2720.60009765625
2025-01-10 16:00:00+00:00,2727.10009765625
2025-01-10 17:00:00+00:00,2726.39990234375
2025-01-10 18:00:00+00:00,2717.39990234375
2025-01-10 19:00:00+00:00,2716.300048828125
2025-01-10 20:00:00+00:00,2716.699951171875
2025-01-10 21:00:00+00:00,2717.39990234375
2025-01-12 23:00:00+00:00,2721.10009765625
2025-01-13 00:00:00+00:00,2720.199951171875
2025-01-13 01:00:00+00:00,2716.39990234375
2025-01-13 02:00:00+00:00,2717.5
2025-01-13 03:00:00+00:00,2715.39990234375
2025-01-13 04:00:00+00:00,2713.89990234375
2025-01-13 05:00:00+00:00,2714.39990234375
2025-01-13 06:00:00+00:00,2716.10009765625
2025-01-13 07:00:00+00:00,2708.300048828125
2025-01-13 08:00:00+00:00,2712.5
2025-01-13 09:00:00+00:00,2707.199951171875
2025-01-13 10:00:00+00:00,2706.0
2025-01-13 11:00:00+00:00,2699.89990234375
2025-01-13 12:00:00+00:00,2691.89990234375
2025-01-13 13:00:00+00:00,2689.5
2025-01-13 14:00:00+00:00,2690.10009765625
2025-01-13 15:00:00+00:00,2680.89990234375
2025-01-13 16:00:00+00:00,2681.5
2025-01-13 17:00:00+00:00,2682.199951171875
2025-01-13 18:00:00+00:00,2678.60009765625
2025-01-13 19:00:00+00:00,2677.39990234375
2025-01-13 20:00:00+00:00,2680.199951171875
2025-01-13 21:00:00+00:00,2681.199951171875
2025-01-13 23:00:00+00:00,2686.0
2025-01-14 00:00:00+00:00,2687.300048828125
2025-01-14 01:00:00+00:00,2686.60009765625
2025-01-14 02:00:00+00:00,2686.10009765625
2025-01-14 03:00:00+00:00,2686.300048828125
2025-01-14 04:00:00+00:00,2688.60009765625
2025-01-14 05:00:00+00:00,2684.10009765625
2025-01-14 06:00:00+00:00,2684.0
2025-01-14 07:00:00+00:00,2683.300048828125
2025-01-14 08:00:00+00:00,2684.800048828125
2025-01-14 09:00:00+00:00,2682.300048828125
2025-01-14 10:00:00+00:00,2679.89990234375
2025-01-14 11:00:00+00:00,2682.300048828125
2025-01-14 12:00:00+00:00,2680.800048828125
2025-01-14 13:00:00+00:00,2675.300048828125
2025-01-14 14:00:00+00:00,2678.199951171875
2025-01-14 15:00:00+00:00,2684.89990234375
2025-01-14 16:00:00+00:00,2685.60009765625
2025-01-14 17:00:00+00:00,2683.0
2025-01-14 18:00:00+00:00,2685.89990234375
2025-01-14 19:00:00+00:00,2687.800048828125
2025-01-14 20:00:00+00:00,2690.199951171875
2025-01-14 21:00:00+00:00,2693.10009765625
2025-01-14 23:00:00+00:00,2691.89990234375
2025-01-15 00:00:00+00:00,2689.300048828125
2025-01-15 01:00:00+00:00,2686.0
2025-01-15 02:00:00+00:00,2689.800048828125
2025-01-15 03:00:00+00:00,2691.39990234375
2025-01-15 04:00:00+00:00,2690.5
2025-01-15 05:00:00+00:00,2693.199951171875
2025-01-15 06:00:00+00:00,2695.699951171875
2025-01-15 07:00:00+00:00,2697.89990234375
2025-01-15 08:00:00+00:00,2702.0
2025-01-15 09:00:00+00:00,2707.699951171875
2025-01-15 10:00:00+00:00,2711.0
2025-01-15 11:00:00+00:00,2708.10009765625
2025-01-15 12:00:00+00:00,2706.0
2025-01-15 13:00:00+00:00,2716.39990234375
2025-01-15 14:00:00+00:00,2704.300048828125
2025-01-15 15:00:00+00:00,2699.800048828125
2025-01-15 16:00:00+00:00,2712.0
2025-01-15 17:00:00+00:00,2715.89990234375
2025-01-15 18:00:00+00:00,2718.199951171875
2025-01-15 19:00:00+00:00,2718.199951171875
2025-01-15 20:00:00+00:00,2719.60009765625
2025-01-15 21:00:00+00:00,2722.60009765625
2025-01-15 23:00:00+00:00,2723.60009765625
2025-01-16 00:00:00+00:00,2723.199951171875
2025-01-16 01:00:00+00:00,2727.39990234375
2025-01-16 02:00:00+00:00,2726.5
2025-01-16 03:00:00+00:00,2727.800048828125
2025-01-16 04:00:00+00:00,2728.0
2025-01-16 05:00:00+00:00,2724.800048828125
2025-01-16 06:00:00+00:00,2724.10009765625
2025-01-16 07:00:00+00:00,2727.199951171875
2025-01-16 08:00:00+00:00,2730.0
2025-01-16 09:00:00+00:00,2736.39990234375
2025-01-16 10:00:00+00:00,2737.89990234375
2025-01-16 11:00:00+00:00,2732.60009765625
2025-01-16 12:00:00+00:00,2730.800048828125
2025-01-16 13:00:00+00:00,2744.10009765625
2025-01-16 14:00:00+00:00,2749.0
2025-01-16 15:00:00+00:00,2752.10009765625
2025-01-16 16:00:00+00:00,2752.89990234375
2025-01-16 17:00:00+00:00,2754.10009765625
2025-01-16 18:00:00+00:00,2748.10009765625
2025-01-16 19:00:00+00:00,2748.10009765625
2025-01-16 20:00:00+00:00,2747.0
2025-01-16 21:00:00+00:00,2746.89990234375
2025-01-16 23:00:00+00:00,2745.0
2025-01-17 00:00:00+00:00,2747.60009765625
2025-01-17 01:00:00+00:00,2746.300048828125
2025-01-17 02:00:00+00:00,2746.60009765625
2025-01-17 03:00:00+00:00,2747.0
2025-01-17 04:00:00+00:00,2745.10009765625
2025-01-17 05:00:00+00:00,2741.10009765625
2025-01-17 06:00:00+00:00,2741.300048828125
2025-01-17 07:00:00+00:00,2740.699951171875
2025-01-17 08:00:00+00:00,2739.699951171875
2025-01-17 09:00:00+00:00,2731.10009765625
2025-01-17 10:00:00+00:00,2729.60009765625
2025-01-17 11:00:00+00:00,2736.39990234375
2025-01-17 12:00:00+00:00,2741.89990234375
2025-01-17 13:00:00+00:00,2736.89990234375
2025-01-17 14:00:00+00:00,2745.0
2025-01-17 15:00:00+00:00,2749.10009765625
2025-01-17 16:00:00+00:00,2758.300048828125
2025-01-17 17:00:00+00:00,2753.39990234375
2025-01-17 18:00:00+00:00,2744.199951171875
2025-01-17 19:00:00+00:00,2742.0
2025-01-17 20:00:00+00:00,2739.0
2025-01-17 21:00:00+00:00,2739.800048828125
2025-01-19 23:00:00+00:00,2736.300048828125
2025-01-20 00:00:00+00:00,2737.5
2025-01-20 01:00:00+00:00,2737.5
2025-01-20 02:00:00+00:00,2739.60009765625
2025-01-20 03:00:00+00:00,2744.89990234375
2025-01-20 04:00:00+00:00,2747.5
2025-01-21 05:00:00+00:00,2743.800048828125
2025-01-21 06:00:00+00:00,2739.89990234375
2025-01-21 07:00:00+00:00,2741.60009765625
2025-01-21 08:00:00+00:00,2735.39990234375
2025-01-21 09:00:00+00:00,2731.39990234375
2025-01-21 10:00:00+00:00,2732.5
2025-01-21 11:00:00+00:00,2734.5
2025-01-21 12:00:00+00:00,2737.60009765625
2025-01-21 13:00:00+00:00,2737.60009765625
2025-01-21 14:00:00+00:00,2753.89990234375
2025-01-21 15:00:00+00:00,2753.10009765625
2025-01-21 16:00:00+00:00,2758.10009765625
2025-01-21 17:00:00+00:00,2755.60009765625
2025-01-21 18:00:00+00:00,2760.60009765625
2025-01-21 19:00:00+00:00,2757.5
2025-01-21 20:00:00+00:00,2755.800048828125
2025-01-21 21:00:00+00:00,2758.699951171875
2025-01-21 23:00:00+00:00,2758.39990234375
2025-01-22 00:00:00+00:00,2763.10009765625
2025-01-22 01:00:00+00:00,2762.699951171875
2025-01-22 02:00:00+00:00,2764.300048828125
2025-01-22 03:00:00+00:00,2766.39990234375
2025-01-22 04:00:00+00:00,2768.0
2025-01-22 05:00:00+00:00,2772.0
2025-01-22 06:00:00+00:00,2762.800048828125
2025-01-22 07:00:00+00:00,2761.60009765625
2025-01-22 08:00:00+00:00,2766.89990234375
2025-01-22 09:00:00+00:00,2771.0
2025-01-22 10:00:00+00:00,2771.300048828125
2025-01-22 11:00:00+00:00,2768.199951171875
2025-01-22 12:00:00+00:00,2770.10009765625
2025-01-22 13:00:00+00:00,2767.800048828125
2025-01-22 14:00:00+00:00,2763.60009765625
2025-01-22 15:00:00+00:00,2770.5
2025-01-22 16:00:00+00:00,2769.60009765625
2025-01-22 17:00:00+00:00,2768.199951171875
2025-01-22 18:00:00+00:00,2769.60009765625
2025-01-22 19:00:00+00:00,2767.0
2025-01-22 20:00:00+00:00,2766.60009765625
2025-01-22 21:00:00+00:00,2766.300048828125
2025-01-22 23:00:00+00:00,2763.39990234375
2025-01-23 00:00:00+00:00,2765.199951171875
2025-01-23 01:00:00+00:00,2761.39990234375
2025-01-23 02:00:00+00:00,2762.10009765625
2025-01-23 03:00:00+00:00,2760.10009765625
2025-01-23 04:00:00+00:00,2760.10009765625
2025-01-23 05:00:00+00:00,2760.699951171875
2025-01-23 06:00:00+00:00,2761.699951171875
2025-01-23 07:00:00+00:00,2760.800048828125
2025-01-23 08:00:00+00:00,2759.699951171875
2025-01-23 09:00:00+00:00,2753.5
2025-01-23 10:00:00+00:00,2757.699951171875
2025-01-23 11:00:00+00:00,2758.699951171875
2025-01-23 12:00:00+00:00,2751.89990234375
2025-01-23 13:00:00+00:00,2748.10009765625
2025-01-23 14:00:00+00:00,2752.39990234375
2025-01-23 15:00:00+00:00,2751.800048828125
2025-01-23 16:00:00+00:00,2760.699951171875
2025-01-23 17:00:00+00:00,2765.10009765625
2025-01-23 18:00:00+00:00,2764.0
2025-01-23 19:00:00+00:00,2763.0
2025-01-23 20:00:00+00:00,2762.0
2025-01-23 21:00:00+00:00,2762.10009765625
2025-01-23 23:00:00+00:00,2762.199951171875
2025-01-24 00:00:00+00:00,2767.699951171875
2025-01-24 01:00:00+00:00,2770.699951171875
2025-01-24 02:00:00+00:00,2781.300048828125
2025-01-24 03:00:00+00:00,2780.39990234375
2025-01-24 04:00:00+00:00,2779.60009765625
2025-01-24 05:00:00+00:00,2782.199951171875
2025-01-24 06:00:00+00:00,2779.60009765625
2025-01-24 07:00:00+00:00,2779.699951171875
2025-01-24 08:00:00+00:00,2780.89990234375
2025-01-24 09:00:00+00:00,2779.0
2025-01-24 10:00:00+00:00,2783.10009765625
2025-01-24 11:00:00+00:00,2782.89990234375
2025-01-24 12:00:00+00:00,2785.89990234375
2025-01-24 13:00:00+00:00,2790.0
2025-01-24 14:00:00+00:00,2785.699951171875
2025-01-24 15:00:00+00:00,2782.60009765625
2025-01-24 16:00:00+00:00,2778.39990234375
2025-01-24 17:00:00+00:00,2779.300048828125
2025-01-24 18:00:00+00:00,2780.300048828125
2025-01-24 19:00:00+00:00,2782.0
2025-01-24 20:00:00+00:00,2777.699951171875
2025-01-24 21:00:00+00:00,2777.5
2025-01-26 23:00:00+00:00,2772.60009765625
2025-01-27 00:00:00+00:00,2774.89990234375
2025-01-27 01:00:00+00:00,2767.800048828125
2025-01-27 02:00:00+00:00,2761.5
2025-01-27 03:00:00+00:00,2766.199951171875
2025-01-27 04:00:00+00:00,2763.10009765625
2025-01-27 05:00:00+00:00,2758.60009765625
2025-01-27 06:00:00+00:00,2760.89990234375
2025-01-27 07:00:00+00:00,2753.800048828125
2025-01-27 08:00:00+00:00,2761.60009765625
2025-01-27 09:00:00+00:00,2768.10009765625
2025-01-27 10:00:00+00:00,2772.300048828125
2025-01-27 11:00:00+00:00,2776.0
2025-01-27 12:00:00+00:00,2766.39990234375
2025-01-27 13:00:00+00:00,2761.300048828125
2025-01-27 14:00:00+00:00,2754.60009765625
2025-01-27 15:00:00+00:00,2745.0
2025-01-27 16:00:00+00:00,2736.800048828125
2025-01-27 17:00:00+00:00,2735.60009765625
2025-01-27 18:00:00+00:00,2739.0
2025-01-27 19:00:00+00:00,2741.699951171875
2025-01-27 20:00:00+00:00,2743.39990234375
2025-01-27 21:00:00+00:00,2743.10009765625
2025-01-27 23:00:00+00:00,2745.39990234375
2025-01-28 00:00:00+00:00,2744.699951171875
2025-01-28 01:00:00+00:00,2744.800048828125
2025-01-28 02:00:00+00:00,2742.800048828125
2025-01-28 03:00:00+00:00,2741.699951171875
2025-01-28 04:00:00+00:00,2744.800048828125
2025-01-28 05:00:00+00:00,2744.89990234375
2025-01-28 06:00:00+00:00,2742.89990234375
2025-01-28 07:00:00+00:00,2742.10009765625
2025-01-28 08:00:00+00:00,2744.89990234375
2025-01-28 09:00:00+00:00,2747.300048828125
2025-01-28 10:00:00+00:00,2747.300048828125
2025-01-28 11:00:00+00:00,2746.699951171875
2025-01-28 12:00:00+00:00,2749.300048828125
2025-01-28 13:00:00+00:00,2753.60009765625
2025-01-28 14:00:00+00:00,2758.39990234375
2025-01-28 15:00:00+00:00,2759.89990234375
2025-01-28 16:00:00+00:00,2766.300048828125
2025-01-28 17:00:00+00:00,2767.10009765625
2025-01-28 18:00:00+00:00,2772.199951171875
2025-01-28 19:00:00+00:00,2773.199951171875
2025-01-28 20:00:00+00:00,2771.89990234375
2025-01-28 21:00:00+00:00,2771.5
2025-01-28 23:00:00+00:00,2769.800048828125
2025-01-29 00:00:00+00:00,2771.0
2025-01-29 01:00:00+00:00,2772.10009765625
2025-01-29 02:00:00+00:00,2771.89990234375
2025-01-29 03:00:00+00:00,2770.0
2025-01-29 04:00:00+00:00,2770.300048828125
2025-01-29 05:00:00+00:00,2768.0
2025-01-29 06:00:00+00:00,2766.199951171875
2025-01-29 07:00:00+00:00,2765.5
2025-01-29 08:00:00+00:00,2772.89990234375
2025-01-29 09:00:00+00:00,2770.5
2025-01-29 10:00:00+00:00,2766.699951171875
2025-01-29 11:00:00+00:00,2769.0
2025-01-29 12:00:00+00:00,2769.300048828125
2025-01-29 13:00:00+00:00,2772.0
2025-01-29 14:00:00+00:00,2776.699951171875
2025-01-29 15:00:00+00:00,2772.60009765625
2025-01-29 16:00:00+00:00,2770.60009765625
2025-01-29 17:00:00+00:00,2769.10009765625
2025-01-29 18:00:00+00:00,2768.89990234375
2025-01-29 19:00:00+00:00,2773.300048828125
2025-01-29 20:00:00+00:00,2769.699951171875
2025-01-29 21:00:00+00:00,2772.699951171875
2025-01-29 23:00:00+00:00,2773.60009765625
2025-01-30 00:00:00+00:00,2773.60009765625
2025-01-30 01:00:00+00:00,2771.300048828125
2025-01-30 02:00:00+00:00,2771.89990234375
2025-01-30 03:00:00+00:00,2773.39990234375
2025-01-30 04:00:00+00:00,2770.699951171875
2025-01-30 05:00:00+00:00,2771.699951171875
2025-01-30 06:00:00+00:00,2778.300048828125
2025-01-30 07:00:00+00:00,2782.800048828125
2025-01-30 08:00:00+00:00,2813.300048828125
2025-01-30 09:00:00+00:00,2811.60009765625
2025-01-30 10:00:00+00:00,2794.300048828125
2025-01-30 11:00:00+00:00,2817.300048828125
2025-01-30 12:00:00+00:00,2820.699951171875
2025-01-30 13:00:00+00:00,2830.0
2025-01-30 14:00:00+00:00,2834.39990234375
2025-01-30 15:00:00+00:00,2849.5
2025-01-30 16:00:00+00:00,2840.39990234375
2025-01-30 17:00:00+00:00,2844.89990234375
2025-01-30 18:00:00+00:00,2845.199951171875
2025-01-30 19:00:00+00:00,2844.699951171875
2025-01-30 20:00:00+00:00,2847.10009765625
2025-01-30 21:00:00+00:00,2851.89990234375
2025-01-30 23:00:00+00:00,2856.60009765625
2025-01-31 00:00:00+00:00,2852.60009765625
2025-01-31 01:00:00+00:00,2849.300048828125
2025-01-31 02:00:00+00:00,2848.39990234375
2025-01-31 03:00:00+00:00,2851.199951171875
2025-01-31 04:00:00+00:00,2849.300048828125
2025-01-31 05:00:00+00:00,2847.10009765625
2025-01-31 06:00:00+00:00,2845.800048828125
2025-01-31 07:00:00+00:00,2849.800048828125
2025-01-31 08:00:00+00:00,2844.89990234375
2025-01-31 09:00:00+00:00,2845.699951171875
2025-01-31 10:00:00+00:00,2844.39990234375
2025-01-31 11:00:00+00:00,2843.0
2025-01-31 12:00:00+00:00,2846.10009765625
2025-01-31 13:00:00+00:00,2849.5
2025-01-31 14:00:00+00:00,2856.39990234375
2025-01-31 15:00:00+00:00,2855.10009765625
2025-01-31 16:00:00+00:00,2849.699951171875
2025-01-31 17:00:00+00:00,2843.10009765625
2025-01-31 18:00:00+00:00,2834.199951171875
2025-01-31 19:00:00+00:00,2828.60009765625
2025-01-31 20:00:00+00:00,2830.39990234375
2025-01-31 21:00:00+00:00,2831.5
2025-02-02 23:00:00+00:00,2834.10009765625
2025-02-03 00:00:00+00:00,2834.199951171875
2025-02-03 01:00:00+00:00,2821.10009765625
2025-02-03 02:00:00+00:00,2811.5
2025-02-03 03:00:00+00:00,2808.199951171875
2025-02-03 04:00:00+00:00,2811.800048828125
2025-02-03 05:00:00+00:00,2814.10009765625
2025-02-03 06:00:00+00:00,2819.0
2025-02-03 07:00:00+00:00,2823.60009765625
2025-02-03 08:00:00+00:00,2830.0
2025-02-03 09:00:00+00:00,2828.89990234375
2025-02-03 10:00:00+00:00,2830.39990234375
2025-02-03 11:00:00+00:00,2835.300048828125
2025-02-03 12:00:00+00:00,2847.5
2025-02-03 13:00:00+00:00,2851.60009765625
2025-02-03 14:00:00+00:00,2848.0
2025-02-03 15:00:00+00:00,2854.800048828125
2025-02-03 16:00:00+00:00,2852.89990234375
2025-02-03 17:00:00+00:00,2857.199951171875
2025-02-03 18:00:00+00:00,2857.300048828125
2025-02-03 19:00:00+00:00,2858.0
2025-02-03 20:00:00+00:00,2857.10009765625
2025-02-03 21:00:00+00:00,2850.699951171875
2025-02-03 23:00:00+00:00,2849.699951171875
2025-02-04 00:00:00+00:00,2849.10009765625
2025-02-04 01:00:00+00:00,2857.0
2025-02-04 02:00:00+00:00,2853.199951171875
2025-02-04 03:00:00+00:00,2851.800048828125
2025-02-04 04:00:00+00:00,2850.300048828125
2025-02-04 05:00:00+00:00,2847.60009765625
2025-02-04 06:00:00+00:00,2843.10009765625
2025-02-04 07:00:00+00:00,2842.10009765625
2025-02-04 08:00:00+00:00,2842.60009765625
2025-02-04 09:00:00+00:00,2847.39990234375
2025-02-04 10:00:00+00:00,2841.199951171875
2025-02-04 11:00:00+00:00,2842.10009765625
2025-02-04 12:00:00+00:00,2848.800048828125
2025-02-04 13:00:00+00:00,2859.699951171875
2025-02-04 14:00:00+00:00,2868.699951171875
2025-02-04 15:00:00+00:00,2863.89990234375
2025-02-04 16:00:00+00:00,2869.699951171875
2025-02-04 17:00:00+00:00,2875.699951171875
2025-02-04 18:00:00+00:00,2873.699951171875
2025-02-04 19:00:00+00:00,2873.699951171875
2025-02-04 20:00:00+00:00,2874.199951171875
2025-02-04 21:00:00+00:00,2874.199951171875
2025-02-04 23:00:00+00:00,2872.0
2025-02-05 00:00:00+00:00,2874.300048828125
2025-02-05 01:00:00+00:00,2874.699951171875
2025-02-05 02:00:00+00:00,2881.0
2025-02-05 03:00:00+00:00,2882.5
2025-02-05 04:00:00+00:00,2884.300048828125
2025-02-05 05:00:00+00:00,2887.10009765625
2025-02-05 06:00:00+00:00,2885.699951171875
2025-02-05 07:00:00+00:00,2890.5
2025-02-05 08:00:00+00:00,2894.0
2025-02-05 09:00:00+00:00,2896.300048828125
2025-02-05 10:00:00+00:00,2892.5
2025-02-05 11:00:00+00:00,2893.10009765625
2025-02-05 12:00:00+00:00,2895.199951171875
2025-02-05 13:00:00+00:00,2883.699951171875
2025-02-05 14:00:00+00:00,2890.699951171875
2025-02-05 15:00:00+00:00,2902.199951171875
2025-02-05 16:00:00+00:00,2895.89990234375
2025-02-05 17:00:00+00:00,2894.5
2025-02-05 18:00:00+00:00,2888.199951171875
2025-02-05 19:00:00+00:00,2883.39990234375
2025-02-05 20:00:00+00:00,2882.199951171875
2025-02-05 21:00:00+00:00,2884.800048828125
2025-02-05 23:00:00+00:00,2885.199951171875
2025-02-06 00:00:00+00:00,2888.300048828125
2025-02-06 01:00:00+00:00,2890.5
2025-02-06 02:00:00+00:00,2889.0
2025-02-06 03:00:00+00:00,2887.0
2025-02-06 04:00:00+00:00,2887.300048828125
2025-02-06 05:00:00+00:00,2887.199951171875
2025-02-06 06:00:00+00:00,2879.199951171875
2025-02-06 07:00:00+00:00,2875.60009765625
2025-02-06 08:00:00+00:00,2878.89990234375
2025-02-06 09:00:00+00:00,2881.699951171875
2025-02-06 10:00:00+00:00,2882.10009765625
2025-02-06 11:00:00+00:00,2888.699951171875
2025-02-06 12:00:00+00:00,2887.5
2025-02-06 13:00:00+00:00,2879.199951171875
2025-02-06 14:00:00+00:00,2861.89990234375
2025-02-06 15:00:00+00:00,2874.0
2025-02-06 16:00:00+00:00,2872.699951171875
2025-02-06 17:00:00+00:00,2877.5
2025-02-06 18:00:00+00:00,2877.60009765625
2025-02-06 19:00:00+00:00,2877.89990234375
2025-02-06 20:00:00+00:00,2881.39990234375
2025-02-06 21:00:00+00:00,2880.10009765625
2025-02-06 23:00:00+00:00,2881.5
2025-02-07 00:00:00+00:00,2882.5
2025-02-07 01:00:00+00:00,2889.5
2025-02-07 02:00:00+00:00,2891.0
2025-02-07 03:00:00+00:00,2889.5
2025-02-07 04:00:00+00:00,2888.60009765625
2025-02-07 05:00:00+00:00,2884.800048828125
2025-02-07 06:00:00+00:00,2884.199951171875
2025-02-07 07:00:00+00:00,2887.5
2025-02-07 08:00:00+00:00,2890.199951171875
2025-02-07 09:00:00+00:00,2892.5
2025-02-07 10:00:00+00:00,2891.800048828125
2025-02-07 11:00:00+00:00,2892.39990234375
2025-02-07 12:00:00+00:00,2886.699951171875
2025-02-07 13:00:00+00:00,2885.60009765625
2025-02-07 14:00:00+00:00,2900.300048828125
2025-02-07 15:00:00+00:00,2904.39990234375
2025-02-07 16:00:00+00:00,2885.199951171875
2025-02-07 17:00:00+00:00,2884.60009765625
2025-02-07 18:00:00+00:00,2884.60009765625
2025-02-07 19:00:00+00:00,2884.5
2025-02-07 20:00:00+00:00,2887.0
2025-02-07 21:00:00+00:00,2886.10009765625
2025-02-09 23:00:00+00:00,2892.39990234375
2025-02-10 00:00:00+00:00,2895.0
2025-02-10 01:00:00+00:00,2897.5
2025-02-10 02:00:00+00:00,2900.800048828125
2025-02-10 03:00:00+00:00,2901.800048828125
2025-02-10 04:00:00+00:00,2904.0
2025-02-10 05:00:00+00:00,2905.89990234375
2025-02-10 06:00:00+00:00,2913.800048828125
2025-02-10 07:00:00+00:00,2920.39990234375
2025-02-10 08:00:00+00:00,2923.800048828125
2025-02-10 09:00:00+00:00,2929.0
2025-02-10 10:00:00+00:00,2930.800048828125
2025-02-10 11:00:00+00:00,2931.5
2025-02-10 12:00:00+00:00,2928.800048828125
2025-02-10 13:00:00+00:00,2927.699951171875
2025-02-10 14:00:00+00:00,2932.89990234375
2025-02-10 15:00:00+00:00,2936.5
2025-02-10 16:00:00+00:00,2928.39990234375
2025-02-10 17:00:00+00:00,2931.10009765625
2025-02-10 18:00:00+00:00,2933.699951171875
2025-02-10 19:00:00+00:00,2934.199951171875
2025-02-10 20:00:00+00:00,2934.800048828125
2025-02-10 21:00:00+00:00,2936.800048828125
2025-02-10 23:00:00+00:00,2943.199951171875
2025-02-11 00:00:00+00:00,2947.60009765625
2025-02-11 01:00:00+00:00,2959.10009765625
2025-02-11 02:00:00+00:00,2945.699951171875
2025-02-11 03:00:00+00:00,2944.60009765625
2025-02-11 04:00:00+00:00,2942.5
2025-02-11 05:00:00+00:00,2948.300048828125
2025-02-11 06:00:00+00:00,2942.699951171875
2025-02-11 07:00:00+00:00,2939.10009765625
2025-02-11 08:00:00+00:00,2933.89990234375
2025-02-11 09:00:00+00:00,2929.10009765625
2025-02-11 10:00:00+00:00,2929.10009765625
2025-02-11 11:00:00+00:00,2930.199951171875
2025-02-11 12:00:00+00:00,2917.0
2025-02-11 13:00:00+00:00,2924.0
2025-02-11 14:00:00+00:00,2922.39990234375
2025-02-11 15:00:00+00:00,2932.699951171875
2025-02-11 16:00:00+00:00,2929.5
2025-02-11 17:00:00+00:00,2932.300048828125
2025-02-11 18:00:00+00:00,2934.89990234375
2025-02-11 19:00:00+00:00,2929.699951171875
2025-02-11 20:00:00+00:00,2926.0
2025-02-11 21:00:00+00:00,2926.5
2025-02-11 23:00:00+00:00,2926.800048828125
2025-02-12 00:00:00+00:00,2921.199951171875
2025-02-12 01:00:00+00:00,2920.800048828125
2025-02-12 02:00:00+00:00,2919.39990234375
2025-02-12 03:00:00+00:00,2914.699951171875
2025-02-12 04:00:00+00:00,2910.800048828125
2025-02-12 05:00:00+00:00,2911.5
2025-02-12 06:00:00+00:00,2918.89990234375
2025-02-12 07:00:00+00:00,2918.10009765625
2025-02-12 08:00:00+00:00,2916.60009765625
2025-02-12 09:00:00+00:00,2910.89990234375
2025-02-12 10:00:00+00:00,2907.39990234375
2025-02-12 11:00:00+00:00,2905.60009765625
2025-02-12 12:00:00+00:00,2911.60009765625
2025-02-12 13:00:00+00:00,2909.800048828125
2025-02-12 14:00:00+00:00,2921.10009765625
2025-02-12 15:00:00+00:00,2922.5
2025-02-12 16:00:00+00:00,2929.60009765625
2025-02-12 17:00:00+00:00,2930.800048828125
2025-02-12 18:00:00+00:00,2927.300048828125
2025-02-12 19:00:00+00:00,2922.199951171875
2025-02-12 20:00:00+00:00,2924.5
2025-02-12 21:00:00+00:00,2929.0
2025-02-12 23:00:00+00:00,2929.5
2025-02-13 00:00:00+00:00,2932.5
2025-02-13 01:00:00+00:00,2933.300048828125
2025-02-13 02:00:00+00:00,2936.699951171875
2025-02-13 03:00:00+00:00,2943.800048828125
2025-02-13 04:00:00+00:00,2946.800048828125
2025-02-13 05:00:00+00:00,2945.89990234375
2025-02-13 06:00:00+00:00,2942.800048828125
2025-02-13 07:00:00+00:00,2940.60009765625
2025-02-13 08:00:00+00:00,2937.10009765625
2025-02-13 09:00:00+00:00,2941.800048828125
2025-02-13 10:00:00+00:00,2944.800048828125
2025-02-13 11:00:00+00:00,2945.60009765625
2025-02-13 12:00:00+00:00,2946.5
2025-02-13 13:00:00+00:00,2935.60009765625
2025-02-13 14:00:00+00:00,2942.89990234375
2025-02-13 15:00:00+00:00,2947.800048828125
2025-02-13 16:00:00+00:00,2941.60009765625
2025-02-13 17:00:00+00:00,2948.5
2025-02-13 18:00:00+00:00,2951.89990234375
2025-02-13 19:00:00+00:00,2955.5
2025-02-13 20:00:00+00:00,2957.199951171875
2025-02-13 21:00:00+00:00,2957.199951171875
2025-02-13 23:00:00+00:00,2958.10009765625
2025-02-14 00:00:00+00:00,2956.39990234375
2025-02-14 01:00:00+00:00,2959.10009765625
2025-02-14 02:00:00+00:00,2955.800048828125
2025-02-14 03:00:00+00:00,2953.39990234375
2025-02-14 04:00:00+00:00,2956.300048828125
2025-02-14 05:00:00+00:00,2958.800048828125
2025-02-14 06:00:00+00:00,2960.699951171875
2025-02-14 07:00:00+00:00,2956.5
2025-02-14 08:00:00+00:00,2959.5
2025-02-14 09:00:00+00:00,2959.300048828125
2025-02-14 10:00:00+00:00,2960.60009765625
2025-02-14 11:00:00+00:00,2954.39990234375
2025-02-14 12:00:00+00:00,2954.10009765625
2025-02-14 13:00:00+00:00,2940.300048828125
2025-02-14 14:00:00+00:00,2938.89990234375
2025-02-14 15:00:00+00:00,2916.699951171875
2025-02-14 16:00:00+00:00,2912.199951171875
2025-02-14 17:00:00+00:00,2901.699951171875
2025-02-14 18:00:00+00:00,2897.0
2025-02-14 19:00:00+00:00,2894.800048828125
2025-02-14 20:00:00+00:00,2896.5
2025-02-14 21:00:00+00:00,2893.699951171875
2025-02-16 23:00:00+00:00,2892.39990234375
2025-02-17 00:00:00+00:00,2894.39990234375
2025-02-17 01:00:00+00:00,2907.10009765625
2025-02-17 02:00:00+00:00,2911.800048828125
2025-02-17 03:00:00+00:00,2915.10009765625
2025-02-17 04:00:00+00:00,2910.699951171875
2025-02-18 05:00:00+00:00,2924.39990234375
2025-02-18 06:00:00+00:00,2926.199951171875
2025-02-18 07:00:00+00:00,2923.800048828125
2025-02-18 08:00:00+00:00,2925.300048828125
2025-02-18 09:00:00+00:00,2925.5
2025-02-18 10:00:00+00:00,2924.699951171875
2025-02-18 11:00:00+00:00,2927.5
2025-02-18 12:00:00+00:00,2932.0
2025-02-18 13:00:00+00:00,2933.60009765625
2025-02-18 14:00:00+00:00,2944.89990234375
2025-02-18 15:00:00+00:00,2944.800048828125
2025-02-18 16:00:00+00:00,2950.89990234375
2025-02-18 17:00:00+00:00,2950.300048828125
2025-02-18 18:00:00+00:00,2952.699951171875
2025-02-18 19:00:00+00:00,2954.800048828125
2025-02-18 20:00:00+00:00,2951.300048828125
2025-02-18 21:00:00+00:00,2954.39990234375
2025-02-18 23:00:00+00:00,2953.300048828125
2025-02-19 00:00:00+00:00,2949.0
2025-02-19 01:00:00+00:00,2957.39990234375
2025-02-19 02:00:00+00:00,2947.800048828125
2025-02-19 03:00:00+00:00,2946.5
2025-02-19 04:00:00+00:00,2945.39990234375
2025-02-19 05:00:00+00:00,2949.800048828125
2025-02-19 06:00:00+00:00,2948.39990234375
2025-02-19 07:00:00+00:00,2951.699951171875
2025-02-19 08:00:00+00:00,2955.800048828125
2025-02-19 09:00:00+00:00,2962.60009765625
2025-02-19 10:00:00+00:00,2962.300048828125
2025-02-19 11:00:00+00:00,2953.0
2025-02-19 12:00:00+00:00,2951.10009765625
2025-02-19 13:00:00+00:00,2953.199951171875
2025-02-19 14:00:00+00:00,2954.89990234375
2025-02-19 15:00:00+00:00,2941.60009765625
2025-02-19 16:00:00+00:00,2944.5
2025-02-19 17:00:00+00:00,2940.60009765625
2025-02-19 18:00:00+00:00,2940.699951171875
2025-02-19 19:00:00+00:00,2947.300048828125
2025-02-19 20:00:00+00:00,2951.10009765625
2025-02-19 21:00:00+00:00,2949.60009765625
2025-02-19 23:00:00+00:00,2951.0
2025-02-20 00:00:00+00:00,2957.39990234375
2025-02-20 01:00:00+00:00,2953.699951171875
2025-02-20 02:00:00+00:00,2958.60009765625
2025-02-20 03:00:00+00:00,2959.699951171875
2025-02-20 04:00:00+00:00,2958.89990234375
2025-02-20 05:00:00+00:00,2963.5
2025-02-20 06:00:00+00:00,2964.800048828125
2025-02-20 07:00:00+00:00,2967.300048828125
2025-02-20 08:00:00+00:00,2971.89990234375
2025-02-20 09:00:00+00:00,2969.39990234375
2025-02-20 10:00:00+00:00,2970.60009765625
2025-02-20 11:00:00+00:00,2966.199951171875
2025-02-20 12:00:00+00:00,2962.800048828125
2025-02-20 13:00:00+00:00,2950.800048828125
2025-02-20 14:00:00+00:00,2950.60009765625
2025-02-20 15:00:00+00:00,2955.199951171875
2025-02-20 16:00:00+00:00,2958.89990234375
2025-02-20 17:00:00+00:00,2956.60009765625
2025-02-20 18:00:00+00:00,2957.39990234375
2025-02-20 19:00:00+00:00,2954.10009765625
2025-02-20 20:00:00+00:00,2953.0
2025-02-20 21:00:00+00:00,2955.60009765625
2025-02-20 23:00:00+00:00,2957.800048828125
2025-02-21 00:00:00+00:00,2954.89990234375
2025-02-21 01:00:00+00:00,2945.39990234375
2025-02-21 02:00:00+00:00,2953.39990234375
2025-02-21 03:00:00+00:00,2945.199951171875
2025-02-21 04:00:00+00:00,2941.800048828125
2025-02-21 05:00:00+00:00,2943.699951171875
2025-02-21 06:00:00+00:00,2944.0
2025-02-21 07:00:00+00:00,2943.89990234375
2025-02-21 08:00:00+00:00,2937.10009765625
2025-02-21 09:00:00+00:00,2943.39990234375
2025-02-21 10:00:00+00:00,2945.300048828125
2025-02-21 11:00:00+00:00,2941.699951171875
2025-02-21 12:00:00+00:00,2943.60009765625
2025-02-21 13:00:00+00:00,2945.10009765625
2025-02-21 14:00:00+00:00,2947.60009765625
2025-02-21 15:00:00+00:00,2942.5
2025-02-21 16:00:00+00:00,2950.39990234375
2025-02-21 17:00:00+00:00,2953.89990234375
2025-02-21 18:00:00+00:00,2958.5
2025-02-21 19:00:00+00:00,2947.39990234375
2025-02-21 20:00:00+00:00,2948.39990234375
2025-02-21 21:00:00+00:00,2949.60009765625
2025-02-23 23:00:00+00:00,2950.0
2025-02-24 00:00:00+00:00,2944.39990234375
2025-02-24 01:00:00+00:00,2941.699951171875
2025-02-24 02:00:00+00:00,2952.800048828125
2025-02-24 03:00:00+00:00,2954.699951171875
2025-02-24 04:00:00+00:00,2954.199951171875
2025-02-24 05:00:00+00:00,2949.39990234375
2025-02-24 06:00:00+00:00,2952.10009765625
2025-02-24 07:00:00+00:00,2957.5
2025-02-24 08:00:00+00:00,2961.10009765625
2025-02-24 09:00:00+00:00,2958.699951171875
2025-02-24 10:00:00+00:00,2953.89990234375
2025-02-24 11:00:00+00:00,2962.199951171875
2025-02-24 12:00:00+00:00,2961.800048828125
2025-02-24 13:00:00+00:00,2970.199951171875
2025-02-24 14:00:00+00:00,2953.39990234375
2025-02-24 15:00:00+00:00,2952.60009765625
2025-02-24 16:00:00+00:00,2958.800048828125
2025-02-24 17:00:00+00:00,2958.5
2025-02-24 18:00:00+00:00,2962.699951171875
2025-02-24 19:00:00+00:00,2964.300048828125
2025-02-24 20:00:00+00:00,2964.800048828125
2025-02-24 21:00:00+00:00,2968.89990234375
2025-02-24 23:00:00+00:00,2966.0
2025-02-25 00:00:00+00:00,2965.199951171875
2025-02-25 01:00:00+00:00,2965.60009765625
2025-02-25 02:00:00+00:00,2964.60009765625
2025-02-25 03:00:00+00:00,2956.300048828125
2025-02-25 04:00:00+00:00,2952.699951171875
2025-02-25 05:00:00+00:00,2953.300048828125
2025-02-25 06:00:00+00:00,2951.10009765625
2025-02-25 07:00:00+00:00,2945.39990234375
2025-02-25 08:00:00+00:00,2955.199951171875
2025-02-25 09:00:00+00:00,2953.199951171875
2025-02-25 10:00:00+00:00,2950.89990234375
2025-02-25 11:00:00+00:00,2952.199951171875
2025-02-25 12:00:00+00:00,2942.10009765625
2025-02-25 13:00:00+00:00,2950.800048828125
2025-02-25 14:00:00+00:00,2946.5
2025-02-25 15:00:00+00:00,2917.800048828125
2025-02-25 16:00:00+00:00,2908.39990234375
2025-02-25 17:00:00+00:00,2920.89990234375
2025-02-25 18:00:00+00:00,2922.199951171875
2025-02-25 19:00:00+00:00,2924.300048828125
2025-02-25 20:00:00+00:00,2925.5
2025-02-25 21:00:00+00:00,2928.60009765625
2025-02-25 23:00:00+00:00,2931.60009765625
2025-02-26 00:00:00+00:00,2934.39990234375
2025-02-26 01:00:00+00:00,2930.699951171875
2025-02-26 02:00:00+00:00,2934.5
2025-02-26 03:00:00+00:00,2930.699951171875
2025-02-26 04:00:00+00:00,2928.0
2025-02-26 05:00:00+00:00,2928.199951171875
2025-02-26 06:00:00+00:00,2919.60009765625
2025-02-26 07:00:00+00:00,2927.199951171875
2025-02-26 08:00:00+00:00,2931.300048828125
2025-02-26 09:00:00+00:00,2925.699951171875
2025-02-26 10:00:00+00:00,2925.300048828125
2025-02-26 11:00:00+00:00,2927.5
2025-02-26 12:00:00+00:00,2927.699951171875
2025-02-26 13:00:00+00:00,2919.300048828125
2025-02-26 14:00:00+00:00,2915.199951171875
2025-02-26 15:00:00+00:00,2927.89990234375
2025-02-26 16:00:00+00:00,2927.39990234375
2025-02-26 17:00:00+00:00,2928.5
2025-02-26 18:00:00+00:00,2929.39990234375
2025-02-26 19:00:00+00:00,2929.199951171875
2025-02-26 20:00:00+00:00,2930.699951171875
2025-02-26 21:00:00+00:00,2931.699951171875
2025-02-26 23:00:00+00:00,2933.89990234375
2025-02-27 00:00:00+00:00,2932.0
2025-02-27 01:00:00+00:00,2927.10009765625
2025-02-27 02:00:00+00:00,2919.10009765625
2025-02-27 03:00:00+00:00,2918.5
2025-02-27 04:00:00+00:00,2912.89990234375
2025-02-27 05:00:00+00:00,2903.60009765625
2025-02-27 06:00:00+00:00,2906.300048828125
2025-02-27 07:00:00+00:00,2903.60009765625
2025-02-27 08:00:00+00:00,2892.800048828125
2025-02-27 09:00:00+00:00,2900.39990234375
2025-02-27 10:00:00+00:00,2906.0
2025-02-27 11:00:00+00:00,2896.0
2025-02-27 12:00:00+00:00,2898.0
2025-02-27 13:00:00+00:00,2902.10009765625
2025-02-27 14:00:00+00:00,2884.199951171875
2025-02-27 15:00:00+00:00,2884.199951171875
2025-02-27 16:00:00+00:00,2890.60009765625
2025-02-27 17:00:00+00:00,2895.199951171875
2025-02-27 18:00:00+00:00,2899.0
2025-02-27 19:00:00+00:00,2890.60009765625
2025-02-27 20:00:00+00:00,2884.5
2025-02-27 21:00:00+00:00,2887.800048828125
2025-02-27 23:00:00+00:00,2886.199951171875
2025-02-28 00:00:00+00:00,2887.199951171875
2025-02-28 01:00:00+00:00,2886.800048828125
2025-02-28 02:00:00+00:00,2884.699951171875
2025-02-28 03:00:00+00:00,2877.60009765625
2025-02-28 04:00:00+00:00,2875.39990234375
2025-02-28 05:00:00+00:00,2876.10009765625
2025-02-28 06:00:00+00:00,2875.199951171875
2025-02-28 07:00:00+00:00,2870.39990234375
2025-02-28 08:00:00+00:00,2868.199951171875
2025-02-28 09:00:00+00:00,2873.699951171875
2025-02-28 10:00:00+00:00,2874.5
2025-02-28 11:00:00+00:00,2875.199951171875
2025-02-28 12:00:00+00:00,2869.199951171875
2025-02-28 13:00:00+00:00,2860.5
2025-02-28 14:00:00+00:00,2846.39990234375
2025-02-28 15:00:00+00:00,2861.699951171875
2025-02-28 16:00:00+00:00,2859.39990234375
2025-02-28 17:00:00+00:00,2855.300048828125
2025-02-28 18:00:00+00:00,2855.800048828125
2025-02-28 19:00:00+00:00,2859.199951171875
2025-02-28 20:00:00+00:00,2864.39990234375
2025-02-28 21:00:00+00:00,2867.300048828125
2025-03-02 23:00:00+00:00,2882.5
2025-03-03 00:00:00+00:00,2877.10009765625
2025-03-03 01:00:00+00:00,2883.10009765625
2025-03-03 02:00:00+00:00,2878.5
2025-03-03 03:00:00+00:00,2875.699951171875
2025-03-03 04:00:00+00:00,2877.0
2025-03-03 05:00:00+00:00,2872.60009765625
2025-03-03 06:00:00+00:00,2875.39990234375
2025-03-03 07:00:00+00:00,2873.300048828125
2025-03-03 08:00:00+00:00,2878.5
2025-03-03 09:00:00+00:00,2877.60009765625
2025-03-03 10:00:00+00:00,2882.39990234375
2025-03-03 11:00:00+00:00,2884.60009765625
2025-03-03 12:00:00+00:00,2886.5
2025-03-03 13:00:00+00:00,2883.10009765625
2025-03-03 14:00:00+00:00,2888.60009765625
2025-03-03 15:00:00+00:00,2898.800048828125
2025-03-03 16:00:00+00:00,2901.89990234375
2025-03-03 17:00:00+00:00,2901.5
2025-03-03 18:00:00+00:00,2900.300048828125
2025-03-03 19:00:00+00:00,2891.300048828125
2025-03-03 20:00:00+00:00,2901.300048828125
2025-03-03 21:00:00+00:00,2904.10009765625
2025-03-03 23:00:00+00:00,2901.5
2025-03-04 00:00:00+00:00,2902.39990234375
2025-03-04 01:00:00+00:00,2899.300048828125
2025-03-04 02:00:00+00:00,2895.60009765625
2025-03-04 03:00:00+00:00,2898.699951171875
2025-03-04 04:00:00+00:00,2901.89990234375
2025-03-04 05:00:00+00:00,2899.60009765625
2025-03-04 06:00:00+00:00,2897.60009765625
2025-03-04 07:00:00+00:00,2909.300048828125
2025-03-04 08:00:00+00:00,2924.699951171875
2025-03-04 09:00:00+00:00,2928.89990234375
2025-03-04 10:00:00+00:00,2924.60009765625
2025-03-04 11:00:00+00:00,2931.300048828125
2025-03-04 12:00:00+00:00,2936.5
2025-03-04 13:00:00+00:00,2933.699951171875
2025-03-04 14:00:00+00:00,2914.0
2025-03-04 15:00:00+00:00,2916.39990234375
2025-03-04 16:00:00+00:00,2926.199951171875
2025-03-04 17:00:00+00:00,2922.10009765625
2025-03-04 18:00:00+00:00,2921.800048828125
2025-03-04 19:00:00+00:00,2926.800048828125
2025-03-04 20:00:00+00:00,2928.699951171875
2025-03-04 21:00:00+00:00,2928.199951171875
2025-03-04 23:00:00+00:00,2925.5
2025-03-05 00:00:00+00:00,2924.0
2025-03-05 01:00:00+00:00,2917.699951171875
2025-03-05 02:00:00+00:00,2915.0
2025-03-05 03:00:00+00:00,2919.5
2025-03-05 04:00:00+00:00,2920.699951171875
2025-03-05 05:00:00+00:00,2929.10009765625
2025-03-05 06:00:00+00:00,2927.39990234375
2025-03-05 07:00:00+00:00,2928.699951171875
2025-03-05 08:00:00+00:00,2931.0
2025-03-05 09:00:00+00:00,2929.800048828125
2025-03-05 10:00:00+00:00,2923.39990234375
2025-03-05 11:00:00+00:00,2924.0
2025-03-05 12:00:00+00:00,2926.5
2025-03-05 13:00:00+00:00,2910.10009765625
2025-03-05 14:00:00+00:00,2921.89990234375
2025-03-05 15:00:00+00:00,2927.699951171875
2025-03-05 16:00:00+00:00,2933.699951171875
2025-03-05 17:00:00+00:00,2925.699951171875
2025-03-05 18:00:00+00:00,2926.800048828125
2025-03-05 19:00:00+00:00,2930.10009765625
2025-03-05 20:00:00+00:00,2931.60009765625
2025-03-05 21:00:00+00:00,2929.0
2025-03-05 23:00:00+00:00,2927.300048828125
2025-03-06 00:00:00+00:00,2925.10009765625
2025-03-06 01:00:00+00:00,2933.300048828125
2025-03-06 02:00:00+00:00,2934.800048828125
2025-03-06 03:00:00+00:00,2929.800048828125
2025-03-06 04:00:00+00:00,2926.89990234375
2025-03-06 05:00:00+00:00,2927.60009765625
2025-03-06 06:00:00+00:00,2928.5
2025-03-06 07:00:00+00:00,2917.199951171875
2025-03-06 08:00:00+00:00,2912.699951171875
2025-03-06 09:00:00+00:00,2901.199951171875
2025-03-06 10:00:00+00:00,2907.10009765625
2025-03-06 11:00:00+00:00,2913.89990234375
2025-03-06 12:00:00+00:00,2910.699951171875
2025-03-06 13:00:00+00:00,2912.5
2025-03-06 14:00:00+00:00,2923.60009765625
2025-03-06 15:00:00+00:00,2922.800048828125
2025-03-06 16:00:00+00:00,2925.60009765625
2025-03-06 17:00:00+00:00,2923.0
2025-03-06 18:00:00+00:00,2924.300048828125
2025-03-06 19:00:00+00:00,2922.0
2025-03-06 20:00:00+00:00,2917.39990234375
2025-03-06 21:00:00+00:00,2919.800048828125
2025-03-06 23:00:00+00:00,2917.10009765625
2025-03-07 00:00:00+00:00,2913.0
2025-03-07 01:00:00+00:00,2915.0
2025-03-07 02:00:00+00:00,2915.0
2025-03-07 03:00:00+00:00,2912.5
2025-03-07 04:00:00+00:00,2913.199951171875
2025-03-07 05:00:00+00:00,2917.10009765625
2025-03-07 06:00:00+00:00,2920.60009765625
2025-03-07 07:00:00+00:00,2924.800048828125
2025-03-07 08:00:00+00:00,2930.39990234375
2025-03-07 09:00:00+00:00,2929.10009765625
2025-03-07 10:00:00+00:00,2926.0
2025-03-07 11:00:00+00:00,2926.199951171875
2025-03-07 12:00:00+00:00,2925.89990234375
2025-03-07 13:00:00+00:00,2920.5
2025-03-07 14:00:00+00:00,2934.89990234375
2025-03-07 15:00:00+00:00,2923.699951171875
2025-03-07 16:00:00+00:00,2922.0
2025-03-07 17:00:00+00:00,2916.300048828125
2025-03-07 18:00:00+00:00,2915.300048828125
2025-03-07 19:00:00+00:00,2913.300048828125
2025-03-07 20:00:00+00:00,2918.199951171875
2025-03-07 21:00:00+00:00,2917.699951171875
2025-03-09 22:00:00+00:00,2919.10009765625
2025-03-09 23:00:00+00:00,2924.300048828125
2025-03-10 00:00:00+00:00,2920.89990234375
2025-03-10 01:00:00+00:00,2918.699951171875
2025-03-10 02:00:00+00:00,2917.89990234375
2025-03-10 03:00:00+00:00,2916.60009765625
2025-03-10 04:00:00+00:00,2917.0
2025-03-10 05:00:00+00:00,2916.10009765625
2025-03-10 06:00:00+00:00,2920.300048828125
2025-03-10 07:00:00+00:00,2915.0
2025-03-10 08:00:00+00:00,2904.39990234375
2025-03-10 09:00:00+00:00,2918.10009765625
2025-03-10 10:00:00+00:00,2910.0
2025-03-10 11:00:00+00:00,2910.60009765625
2025-03-10 12:00:00+00:00,2913.300048828125
2025-03-10 13:00:00+00:00,2910.0
2025-03-10 14:00:00+00:00,2915.0
2025-03-10 15:00:00+00:00,2911.10009765625
2025-03-10 16:00:00+00:00,2901.800048828125
2025-03-10 17:00:00+00:00,2892.10009765625
2025-03-10 18:00:00+00:00,2890.89990234375
2025-03-10 19:00:00+00:00,2890.60009765625
2025-03-10 20:00:00+00:00,2893.300048828125
2025-03-10 22:00:00+00:00,2889.300048828125
2025-03-10 23:00:00+00:00,2889.10009765625
2025-03-11 00:00:00+00:00,2890.89990234375
2025-03-11 01:00:00+00:00,2892.699951171875
2025-03-11 02:00:00+00:00,2902.60009765625
2025-03-11 03:00:00+00:00,2900.39990234375
2025-03-11 04:00:00+00:00,2901.800048828125
2025-03-11 05:00:00+00:00,2899.699951171875
2025-03-11 06:00:00+00:00,2907.10009765625
2025-03-11 07:00:00+00:00,2905.0
2025-03-11 08:00:00+00:00,2914.5
2025-03-11 09:00:00+00:00,2916.800048828125
2025-03-11 10:00:00+00:00,2916.89990234375
2025-03-11 11:00:00+00:00,2919.10009765625
2025-03-11 12:00:00+00:00,2918.39990234375
2025-03-11 13:00:00+00:00,2924.0
2025-03-11 14:00:00+00:00,2920.60009765625
2025-03-11 15:00:00+00:00,2922.800048828125
2025-03-11 16:00:00+00:00,2923.300048828125
2025-03-11 17:00:00+00:00,2923.800048828125
2025-03-11 18:00:00+00:00,2923.89990234375
2025-03-11 19:00:00+00:00,2925.199951171875
2025-03-11 20:00:00+00:00,2922.800048828125
2025-03-11 22:00:00+00:00,2923.39990234375
2025-03-11 23:00:00+00:00,2922.300048828125
2025-03-12 00:00:00+00:00,2920.39990234375
2025-03-12 01:00:00+00:00,2921.0
2025-03-12 02:00:00+00:00,2921.699951171875
2025-03-12 03:00:00+00:00,2921.199951171875
2025-03-12 04:00:00+00:00,2920.300048828125
2025-03-12 05:00:00+00:00,2921.5
2025-03-12 06:00:00+00:00,2917.300048828125
2025-03-12 07:00:00+00:00,2919.699951171875
2025-03-12 08:00:00+00:00,2927.5
2025-03-12 09:00:00+00:00,2920.89990234375
2025-03-12 10:00:00+00:00,2920.10009765625
2025-03-12 11:00:00+00:00,2920.89990234375
2025-03-12 12:00:00+00:00,2923.5
2025-03-12 13:00:00+00:00,2921.0
2025-03-12 14:00:00+00:00,2929.0
2025-03-12 15:00:00+00:00,2935.699951171875
2025-03-12 16:00:00+00:00,2943.89990234375
2025-03-12 17:00:00+00:00,2944.0
2025-03-12 18:00:00+00:00,2943.300048828125
2025-03-12 19:00:00+00:00,2939.89990234375
2025-03-12 20:00:00+00:00,2943.39990234375
2025-03-12 22:00:00+00:00,2945.0
2025-03-12 23:00:00+00:00,2945.199951171875
2025-03-13 00:00:00+00:00,2946.0
2025-03-13 01:00:00+00:00,2946.300048828125
2025-03-13 02:00:00+00:00,2952.5
2025-03-13 03:00:00+00:00,2954.699951171875
2025-03-13 04:00:00+00:00,2953.300048828125
2025-03-13 05:00:00+00:00,2949.39990234375
2025-03-13 06:00:00+00:00,2946.89990234375
2025-03-13 07:00:00+00:00,2944.89990234375
2025-03-13 08:00:00+00:00,2950.89990234375
2025-03-13 09:00:00+00:00,2956.5
2025-03-13 10:00:00+00:00,2953.199951171875
2025-03-13 11:00:00+00:00,2955.199951171875
2025-03-13 12:00:00+00:00,2951.800048828125
2025-03-13 13:00:00+00:00,2960.10009765625
2025-03-13 14:00:00+00:00,2980.60009765625
2025-03-13 15:00:00+00:00,2989.39990234375
2025-03-13 16:00:00+00:00,2992.0
2025-03-13 17:00:00+00:00,2991.800048828125
2025-03-13 18:00:00+00:00,2996.60009765625
2025-03-13 19:00:00+00:00,2995.199951171875
2025-03-13 20:00:00+00:00,3001.300048828125
2025-03-13 22:00:00+00:00,2999.60009765625
2025-03-13 23:00:00+00:00,2998.699951171875
2025-03-14 00:00:00+00:00,2999.5
2025-03-14 01:00:00+00:00,3001.300048828125
2025-03-14 02:00:00+00:00,2996.89990234375
2025-03-14 03:00:00+00:00,3002.60009765625
2025-03-14 04:00:00+00:00,2998.5
2025-03-14 05:00:00+00:00,2999.60009765625
2025-03-14 06:00:00+00:00,2998.199951171875
2025-03-14 07:00:00+00:00,3000.60009765625
2025-03-14 08:00:00+00:00,3005.800048828125
2025-03-14 09:00:00+00:00,3011.10009765625
2025-03-14 10:00:00+00:00,3004.89990234375
2025-03-14 11:00:00+00:00,3004.60009765625
2025-03-14 12:00:00+00:00,3005.5
2025-03-14 13:00:00+00:00,2997.89990234375
2025-03-14 14:00:00+00:00,2995.800048828125
2025-03-14 15:00:00+00:00,2995.699951171875
2025-03-14 16:00:00+00:00,2999.89990234375
2025-03-14 17:00:00+00:00,2997.39990234375
2025-03-14 18:00:00+00:00,2993.60009765625
2025-03-14 19:00:00+00:00,2992.0
2025-03-14 20:00:00+00:00,2993.699951171875
2025-03-16 22:00:00+00:00,2997.60009765625
2025-03-16 23:00:00+00:00,2998.0
2025-03-17 00:00:00+00:00,2998.0
2025-03-17 01:00:00+00:00,2998.300048828125
2025-03-17 02:00:00+00:00,2995.60009765625
2025-03-17 03:00:00+00:00,2995.800048828125
2025-03-17 04:00:00+00:00,2991.89990234375
2025-03-17 05:00:00+00:00,2994.89990234375
2025-03-17 06:00:00+00:00,2997.5
2025-03-17 07:00:00+00:00,2993.89990234375
2025-03-17 08:00:00+00:00,2995.800048828125
2025-03-17 09:00:00+00:00,3003.10009765625
2025-03-17 10:00:00+00:00,3007.0
2025-03-17 11:00:00+00:00,3005.39990234375
2025-03-17 12:00:00+00:00,2994.39990234375
2025-03-17 13:00:00+00:00,2996.199951171875
2025-03-17 14:00:00+00:00,3006.0
2025-03-17 15:00:00+00:00,3004.89990234375
2025-03-17 16:00:00+00:00,3002.10009765625
2025-03-17 17:00:00+00:00,3006.300048828125
2025-03-17 18:00:00+00:00,3007.800048828125
2025-03-17 19:00:00+00:00,3008.300048828125
2025-03-17 20:00:00+00:00,3010.10009765625
2025-03-17 22:00:00+00:00,3008.60009765625
2025-03-17 23:00:00+00:00,3008.89990234375
2025-03-18 00:00:00+00:00,3010.10009765625
2025-03-18 01:00:00+00:00,3015.199951171875
2025-03-18 02:00:00+00:00,3020.300048828125
2025-03-18 03:00:00+00:00,3020.300048828125
2025-03-18 04:00:00+00:00,3023.5
2025-03-18 05:00:00+00:00,3021.39990234375
2025-03-18 06:00:00+00:00,3024.39990234375
2025-03-18 07:00:00+00:00,3025.800048828125
2025-03-18 08:00:00+00:00,3035.39990234375
2025-03-18 09:00:00+00:00,3030.10009765625
2025-03-18 10:00:00+00:00,3032.199951171875
2025-03-18 11:00:00+00:00,3035.300048828125
2025-03-18 12:00:00+00:00,3042.800048828125
2025-03-18 13:00:00+00:00,3040.5
2025-03-18 14:00:00+00:00,3035.199951171875
2025-03-18 15:00:00+00:00,3039.5
2025-03-18 16:00:00+00:00,3043.800048828125
2025-03-18 17:00:00+00:00,3040.39990234375
2025-03-18 18:00:00+00:00,3043.10009765625
2025-03-18 19:00:00+00:00,3042.699951171875
2025-03-18 20:00:00+00:00,3041.699951171875
2025-03-18 22:00:00+00:00,3041.10009765625
2025-03-18 23:00:00+00:00,3038.199951171875
2025-03-19 00:00:00+00:00,3038.0
2025-03-19 01:00:00+00:00,3036.89990234375
2025-03-19 02:00:00+00:00,3040.800048828125
2025-03-19 03:00:00+00:00,3045.10009765625
2025-03-19 04:00:00+00:00,3043.89990234375
2025-03-19 05:00:00+00:00,3051.39990234375
2025-03-19 06:00:00+00:00,3049.10009765625
2025-03-19 07:00:00+00:00,3043.199951171875
2025-03-19 08:00:00+00:00,3033.800048828125
2025-03-19 09:00:00+00:00,3038.89990234375
2025-03-19 10:00:00+00:00,3042.300048828125
2025-03-19 11:00:00+00:00,3046.800048828125
2025-03-19 12:00:00+00:00,3045.39990234375
2025-03-19 13:00:00+00:00,3041.800048828125
2025-03-19 14:00:00+00:00,3036.300048828125
2025-03-19 15:00:00+00:00,3040.10009765625
2025-03-19 16:00:00+00:00,3041.699951171875
2025-03-19 17:00:00+00:00,3038.60009765625
2025-03-19 18:00:00+00:00,3055.39990234375
2025-03-19 19:00:00+00:00,3056.60009765625
2025-03-19 20:00:00+00:00,3057.5
2025-03-19 22:00:00+00:00,3059.60009765625
2025-03-19 23:00:00+00:00,3059.60009765625
2025-03-20 00:00:00+00:00,3061.5
2025-03-20 01:00:00+00:00,3057.199951171875
2025-03-20 02:00:00+00:00,3054.199951171875
2025-03-20 03:00:00+00:00,3057.89990234375
2025-03-20 04:00:00+00:00,3060.300048828125
2025-03-20 05:00:00+00:00,3055.300048828125
2025-03-20 06:00:00+00:00,3055.800048828125
2025-03-20 07:00:00+00:00,3049.0
2025-03-20 08:00:00+00:00,3049.199951171875
2025-03-20 09:00:00+00:00,3048.199951171875
2025-03-20 10:00:00+00:00,3041.39990234375
2025-03-20 11:00:00+00:00,3042.300048828125
2025-03-20 12:00:00+00:00,3048.89990234375
2025-03-20 13:00:00+00:00,3039.800048828125
2025-03-20 14:00:00+00:00,3048.5
2025-03-20 15:00:00+00:00,3048.10009765625
2025-03-20 16:00:00+00:00,3046.0
2025-03-20 17:00:00+00:00,3048.5
2025-03-20 18:00:00+00:00,3050.60009765625
2025-03-20 19:00:00+00:00,3052.60009765625
2025-03-20 20:00:00+00:00,3052.800048828125
2025-03-20 22:00:00+00:00,3053.300048828125
2025-03-20 23:00:00+00:00,3053.89990234375
2025-03-21 00:00:00+00:00,3050.699951171875
2025-03-21 01:00:00+00:00,3043.800048828125
2025-03-21 02:00:00+00:00,3043.5
2025-03-21 03:00:00+00:00,3037.89990234375
2025-03-21 04:00:00+00:00,3037.5
2025-03-21 05:00:00+00:00,3035.199951171875
2025-03-21 06:00:00+00:00,3036.89990234375
2025-03-21 07:00:00+00:00,3038.199951171875
2025-03-21 08:00:00+00:00,3039.0
2025-03-21 09:00:00+00:00,3036.199951171875
2025-03-21 10:00:00+00:00,3037.800048828125
2025-03-21 11:00:00+00:00,3041.300048828125
2025-03-21 12:00:00+00:00,3040.800048828125
2025-03-21 13:00:00+00:00,3010.89990234375
2025-03-21 14:00:00+00:00,3020.800048828125
2025-03-21 15:00:00+00:00,3016.199951171875
2025-03-21 16:00:00+00:00,3021.60009765625
2025-03-21 17:00:00+00:00,3019.699951171875
2025-03-21 18:00:00+00:00,3024.0
2025-03-21 19:00:00+00:00,3025.5
2025-03-21 20:00:00+00:00,3028.199951171875
2025-03-23 22:00:00+00:00,3030.5
2025-03-23 23:00:00+00:00,3030.39990234375
2025-03-24 00:00:00+00:00,3022.800048828125
2025-03-24 01:00:00+00:00,3025.39990234375
2025-03-24 02:00:00+00:00,3020.89990234375
2025-03-24 03:00:00+00:00,3021.89990234375
2025-03-24 04:00:00+00:00,3023.5
2025-03-24 05:00:00+00:00,3026.800048828125
2025-03-24 06:00:00+00:00,3029.5
2025-03-24 07:00:00+00:00,3026.800048828125
2025-03-24 08:00:00+00:00,3032.60009765625
2025-03-24 09:00:00+00:00,3028.699951171875
2025-03-24 10:00:00+00:00,3033.5
2025-03-24 11:00:00+00:00,3030.10009765625
2025-03-24 12:00:00+00:00,3028.800048828125
2025-03-24 13:00:00+00:00,3027.10009765625
2025-03-24 14:00:00+00:00,3016.699951171875
2025-03-24 15:00:00+00:00,3019.10009765625
2025-03-24 16:00:00+00:00,3015.300048828125
2025-03-24 17:00:00+00:00,3013.39990234375
2025-03-24 18:00:00+00:00,3013.39990234375
2025-03-24 19:00:00+00:00,3013.199951171875
2025-03-24 20:00:00+00:00,3017.60009765625
2025-03-24 22:00:00+00:00,3015.699951171875
2025-03-24 23:00:00+00:00,3014.39990234375
2025-03-25 00:00:00+00:00,3018.60009765625
2025-03-25 01:00:00+00:00,3015.89990234375
2025-03-25 02:00:00+00:00,3012.800048828125
2025-03-25 03:00:00+00:00,3018.89990234375
2025-03-25 04:00:00+00:00,3019.800048828125
2025-03-25 05:00:00+00:00,3022.5
2025-03-25 06:00:00+00:00,3022.199951171875
2025-03-25 07:00:00+00:00,3015.39990234375
2025-03-25 08:00:00+00:00,3025.39990234375
2025-03-25 09:00:00+00:00,3027.300048828125
2025-03-25 10:00:00+00:00,3028.5
2025-03-25 11:00:00+00:00,3024.89990234375
2025-03-25 12:00:00+00:00,3026.60009765625
2025-03-25 13:00:00+00:00,3034.199951171875
2025-03-25 14:00:00+00:00,3029.800048828125
2025-03-25 15:00:00+00:00,3026.5
2025-03-25 16:00:00+00:00,3028.89990234375
2025-03-25 17:00:00+00:00,3028.10009765625
2025-03-25 18:00:00+00:00,3024.10009765625
2025-03-25 19:00:00+00:00,3025.699951171875
2025-03-25 20:00:00+00:00,3026.199951171875
2025-03-25 22:00:00+00:00,3025.89990234375
2025-03-25 23:00:00+00:00,3025.300048828125
2025-03-26 00:00:00+00:00,3022.10009765625
2025-03-26 01:00:00+00:00,3028.39990234375
2025-03-26 02:00:00+00:00,3028.300048828125
2025-03-26 03:00:00+00:00,3020.800048828125
2025-03-26 04:00:00+00:00,3019.699951171875
2025-03-26 05:00:00+00:00,3026.300048828125
2025-03-26 06:00:00+00:00,3029.800048828125
2025-03-26 07:00:00+00:00,3034.300048828125
2025-03-26 08:00:00+00:00,3028.0
2025-03-26 09:00:00+00:00,3023.89990234375
2025-03-26 10:00:00+00:00,3029.10009765625
2025-03-26 11:00:00+00:00,3032.800048828125
2025-03-26 12:00:00+00:00,3033.0
2025-03-26 13:00:00+00:00,3022.60009765625
2025-03-26 14:00:00+00:00,3023.0
2025-03-26 15:00:00+00:00,3021.699951171875
2025-03-26 16:00:00+00:00,3021.5
2025-03-26 17:00:00+00:00,3024.60009765625
2025-03-26 18:00:00+00:00,3023.60009765625
2025-03-26 19:00:00+00:00,3023.10009765625
2025-03-26 20:00:00+00:00,3026.60009765625
2025-03-26 22:00:00+00:00,3024.39990234375
2025-03-26 23:00:00+00:00,3025.0
2025-03-27 00:00:00+00:00,3029.199951171875
2025-03-27 01:00:00+00:00,3028.39990234375
2025-03-27 02:00:00+00:00,3036.300048828125
2025-03-27 03:00:00+00:00,3038.5
2025-03-27 04:00:00+00:00,3039.800048828125
2025-03-27 05:00:00+00:00,3036.300048828125
2025-03-27 06:00:00+00:00,3038.0
2025-03-27 07:00:00+00:00,3045.699951171875
2025-03-27 08:00:00+00:00,3045.60009765625
2025-03-27 09:00:00+00:00,3048.800048828125
2025-03-27 10:00:00+00:00,3061.0
2025-03-27 11:00:00+00:00,3062.800048828125
2025-03-27 12:00:00+00:00,3058.10009765625
2025-03-27 13:00:00+00:00,3049.89990234375
2025-03-27 14:00:00+00:00,3068.800048828125
2025-03-27 15:00:00+00:00,3063.10009765625
2025-03-27 16:00:00+00:00,3062.0
2025-03-27 17:00:00+00:00,3066.699951171875
2025-03-27 18:00:00+00:00,3068.300048828125
2025-03-27 19:00:00+00:00,3069.300048828125
2025-03-27 20:00:00+00:00,3069.10009765625
2025-03-27 22:00:00+00:00,3068.60009765625
2025-03-27 23:00:00+00:00,3069.199951171875
2025-03-28 00:00:00+00:00,3073.199951171875
2025-03-28 01:00:00+00:00,3084.699951171875
2025-03-28 02:00:00+00:00,3081.39990234375
2025-03-28 03:00:00+00:00,3086.39990234375
2025-03-28 04:00:00+00:00,3083.10009765625
2025-03-28 05:00:00+00:00,3087.5
2025-03-28 06:00:00+00:00,3092.800048828125
2025-03-28 07:00:00+00:00,3118.0
2025-03-28 08:00:00+00:00,3113.199951171875
2025-03-28 09:00:00+00:00,3110.89990234375
2025-03-28 10:00:00+00:00,3109.699951171875
2025-03-28 11:00:00+00:00,3111.800048828125
2025-03-28 12:00:00+00:00,3112.89990234375
2025-03-28 13:00:00+00:00,3118.5
2025-03-28 14:00:00+00:00,3103.89990234375
2025-03-28 15:00:00+00:00,3118.5
2025-03-28 16:00:00+00:00,3117.60009765625
2025-03-28 17:00:00+00:00,3110.300048828125
2025-03-28 18:00:00+00:00,3111.800048828125
2025-03-28 19:00:00+00:00,3114.199951171875
2025-03-28 20:00:00+00:00,3118.0
2025-03-30 22:00:00+00:00,3123.0
2025-03-30 23:00:00+00:00,3123.5
2025-03-31 00:00:00+00:00,3114.699951171875
2025-03-31 01:00:00+00:00,3127.60009765625
2025-03-31 02:00:00+00:00,3138.800048828125
2025-03-31 03:00:00+00:00,3139.10009765625
2025-03-31 04:00:00+00:00,3145.199951171875
2025-03-31 05:00:00+00:00,3149.199951171875
2025-03-31 06:00:00+00:00,3149.300048828125
2025-03-31 07:00:00+00:00,3156.699951171875
2025-03-31 08:00:00+00:00,3155.0
2025-03-31 09:00:00+00:00,3147.800048828125
2025-03-31 10:00:00+00:00,3150.300048828125
2025-03-31 11:00:00+00:00,3151.5
2025-03-31 12:00:00+00:00,3158.300048828125
2025-03-31 13:00:00+00:00,3146.5
2025-03-31 14:00:00+00:00,3156.60009765625
2025-03-31 15:00:00+00:00,3146.89990234375
2025-03-31 16:00:00+00:00,3151.5
2025-03-31 17:00:00+00:00,3150.300048828125
2025-03-31 18:00:00+00:00,3154.89990234375
2025-03-31 19:00:00+00:00,3157.199951171875
2025-03-31 20:00:00+00:00,3157.39990234375
2025-03-31 22:00:00+00:00,3156.60009765625
2025-03-31 23:00:00+00:00,3155.699951171875
2025-04-01 00:00:00+00:00,3161.699951171875
2025-04-01 01:00:00+00:00,3166.0
2025-04-01 02:00:00+00:00,3173.300048828125
2025-04-01 03:00:00+00:00,3175.800048828125
2025-04-01 04:00:00+00:00,3174.0
2025-04-01 05:00:00+00:00,3161.10009765625
2025-04-01 06:00:00+00:00,3160.5
2025-04-01 07:00:00+00:00,3156.10009765625
2025-04-01 08:00:00+00:00,3157.800048828125
2025-04-01 09:00:00+00:00,3159.699951171875
2025-04-01 10:00:00+00:00,3161.39990234375
2025-04-01 11:00:00+00:00,3159.5
2025-04-01 12:00:00+00:00,3164.89990234375
2025-04-01 13:00:00+00:00,3165.5
2025-04-01 14:00:00+00:00,3160.199951171875
2025-04-01 15:00:00+00:00,3144.0
2025-04-01 16:00:00+00:00,3138.699951171875
2025-04-01 17:00:00+00:00,3146.699951171875
2025-04-01 18:00:00+00:00,3147.199951171875
2025-04-01 19:00:00+00:00,3150.89990234375
2025-04-01 20:00:00+00:00,3148.5
2025-04-01 22:00:00+00:00,3144.800048828125
2025-04-01 23:00:00+00:00,3146.699951171875
2025-04-02 00:00:00+00:00,3152.5
2025-04-02 01:00:00+00:00,3161.10009765625
2025-04-02 02:00:00+00:00,3157.800048828125
2025-04-02 03:00:00+00:00,3154.0
2025-04-02 04:00:00+00:00,3146.60009765625
2025-04-02 05:00:00+00:00,3147.199951171875
2025-04-02 06:00:00+00:00,3146.0
2025-04-02 07:00:00+00:00,3154.699951171875
2025-04-02 08:00:00+00:00,3162.699951171875
2025-04-02 09:00:00+00:00,3164.0
2025-04-02 10:00:00+00:00,3149.5
2025-04-02 11:00:00+00:00,3157.300048828125
2025-04-02 12:00:00+00:00,3160.5
2025-04-02 13:00:00+00:00,3159.10009765625
2025-04-02 14:00:00+00:00,3162.60009765625
2025-04-02 15:00:00+00:00,3165.5
2025-04-02 16:00:00+00:00,3173.89990234375
2025-04-02 17:00:00+00:00,3167.5
2025-04-02 18:00:00+00:00,3163.0
2025-04-02 19:00:00+00:00,3163.0
2025-04-02 20:00:00+00:00,3190.300048828125
2025-04-02 22:00:00+00:00,3171.699951171875
2025-04-02 23:00:00+00:00,3188.300048828125
2025-04-03 00:00:00+00:00,3174.5
2025-04-03 01:00:00+00:00,3178.10009765625
2025-04-03 02:00:00+00:00,3168.89990234375
2025-04-03 03:00:00+00:00,3170.39990234375
2025-04-03 04:00:00+00:00,3162.39990234375
2025-04-03 05:00:00+00:00,3154.10009765625
2025-04-03 06:00:00+00:00,3151.300048828125
2025-04-03 07:00:00+00:00,3153.199951171875
2025-04-03 08:00:00+00:00,3151.699951171875
2025-04-03 09:00:00+00:00,3142.800048828125
2025-04-03 10:00:00+00:00,3117.800048828125
2025-04-03 11:00:00+00:00,3113.39990234375
2025-04-03 12:00:00+00:00,3097.300048828125
2025-04-03 13:00:00+00:00,3106.699951171875
2025-04-03 14:00:00+00:00,3152.199951171875
2025-04-03 15:00:00+00:00,3132.300048828125
2025-04-03 16:00:00+00:00,3128.60009765625
2025-04-03 17:00:00+00:00,3131.5
2025-04-03 18:00:00+00:00,3132.10009765625
2025-04-03 19:00:00+00:00,3127.10009765625
2025-04-03 20:00:00+00:00,3138.10009765625
2025-04-03 22:00:00+00:00,3136.89990234375
2025-04-03 23:00:00+00:00,3134.300048828125
2025-04-04 00:00:00+00:00,3131.300048828125
2025-04-04 01:00:00+00:00,3129.39990234375
2025-04-04 02:00:00+00:00,3117.300048828125
2025-04-04 03:00:00+00:00,3117.800048828125
2025-04-04 04:00:00+00:00,3120.5
2025-04-04 05:00:00+00:00,3129.5
2025-04-04 06:00:00+00:00,3121.60009765625
2025-04-04 07:00:00+00:00,3113.10009765625
2025-04-04 08:00:00+00:00,3105.300048828125
2025-04-04 09:00:00+00:00,3111.5
2025-04-04 10:00:00+00:00,3132.5
2025-04-04 11:00:00+00:00,3132.5
2025-04-04 12:00:00+00:00,3090.60009765625
2025-04-04 13:00:00+00:00,3081.300048828125
2025-04-04 14:00:00+00:00,3056.699951171875
2025-04-04 15:00:00+00:00,3040.5
2025-04-04 16:00:00+00:00,3050.0
2025-04-04 17:00:00+00:00,3043.800048828125
2025-04-04 18:00:00+00:00,3044.800048828125
2025-04-04 19:00:00+00:00,3057.60009765625
2025-04-04 20:00:00+00:00,3056.10009765625
2025-04-06 22:00:00+00:00,3026.800048828125
2025-04-06 23:00:00+00:00,3015.5
2025-04-07 00:00:00+00:00,2994.5
2025-04-07 01:00:00+00:00,3058.89990234375
2025-04-07 02:00:00+00:00,3044.89990234375
2025-04-07 03:00:00+00:00,3034.10009765625
2025-04-07 04:00:00+00:00,3052.300048828125
2025-04-07 05:00:00+00:00,3047.199951171875
2025-04-07 06:00:00+00:00,3048.0
2025-04-07 07:00:00+00:00,3035.699951171875
2025-04-07 08:00:00+00:00,3048.5
2025-04-07 09:00:00+00:00,3041.10009765625
2025-04-07 10:00:00+00:00,3048.39990234375
2025-04-07 11:00:00+00:00,3047.5
2025-04-07 12:00:00+00:00,3048.5
2025-04-07 13:00:00+00:00,3032.39990234375
2025-04-07 14:00:00+00:00,3014.89990234375
2025-04-07 15:00:00+00:00,3004.0
2025-04-07 16:00:00+00:00,2986.39990234375
2025-04-07 17:00:00+00:00,2984.5
2025-04-07 18:00:00+00:00,2980.699951171875
2025-04-07 19:00:00+00:00,2992.300048828125
2025-04-07 20:00:00+00:00,2998.800048828125
2025-04-07 22:00:00+00:00,3003.0
2025-04-07 23:00:00+00:00,2995.300048828125
2025-04-08 00:00:00+00:00,2998.5
2025-04-08 01:00:00+00:00,3013.89990234375
2025-04-08 02:00:00+00:00,3014.699951171875
2025-04-08 03:00:00+00:00,3009.300048828125
2025-04-08 04:00:00+00:00,3016.699951171875
2025-04-08 05:00:00+00:00,3020.60009765625
2025-04-08 06:00:00+00:00,3028.300048828125
2025-04-08 07:00:00+00:00,3018.0
2025-04-08 08:00:00+00:00,3022.89990234375
2025-04-08 09:00:00+00:00,3021.60009765625
2025-04-08 10:00:00+00:00,3024.5
2025-04-08 11:00:00+00:00,3034.10009765625
2025-04-08 12:00:00+00:00,3017.0
2025-04-08 13:00:00+00:00,3024.60009765625
2025-04-08 14:00:00+00:00,3021.0
2025-04-08 15:00:00+00:00,3016.0
2025-04-08 16:00:00+00:00,3000.39990234375
2025-04-08 17:00:00+00:00,2999.60009765625
2025-04-08 18:00:00+00:00,2998.300048828125
2025-04-08 19:00:00+00:00,2999.10009765625
2025-04-08 20:00:00+00:00,2998.300048828125
2025-04-08 22:00:00+00:00,2995.39990234375
2025-04-08 23:00:00+00:00,2991.800048828125
2025-04-09 00:00:00+00:00,2994.800048828125
2025-04-09 01:00:00+00:00,3022.39990234375
2025-04-09 02:00:00+00:00,3016.5
2025-04-09 03:00:00+00:00,3021.199951171875
2025-04-09 04:00:00+00:00,3029.0
2025-04-09 05:00:00+00:00,3032.10009765625
2025-04-09 06:00:00+00:00,3057.199951171875
2025-04-09 07:00:00+00:00,3059.0
2025-04-09 08:00:00+00:00,3062.10009765625
2025-04-09 09:00:00+00:00,3062.10009765625
2025-04-09 10:00:00+00:00,3060.699951171875
2025-04-09 11:00:00+00:00,3084.5
2025-04-09 12:00:00+00:00,3064.0
2025-04-09 13:00:00+00:00,3092.0
2025-04-09 14:00:00+00:00,3086.300048828125
2025-04-09 15:00:00+00:00,3102.10009765625
2025-04-09 16:00:00+00:00,3109.300048828125
2025-04-09 17:00:00+00:00,3076.10009765625
2025-04-09 18:00:00+00:00,3083.699951171875
2025-04-09 19:00:00+00:00,3110.60009765625
2025-04-09 20:00:00+00:00,3099.800048828125
2025-04-09 22:00:00+00:00,3094.199951171875
2025-04-09 23:00:00+00:00,3101.199951171875
2025-04-10 00:00:00+00:00,3112.10009765625
2025-04-10 01:00:00+00:00,3109.800048828125
2025-04-10 02:00:00+00:00,3135.39990234375
2025-04-10 03:00:00+00:00,3141.39990234375
2025-04-10 04:00:00+00:00,3141.5
2025-04-10 05:00:00+00:00,3139.39990234375
2025-04-10 06:00:00+00:00,3138.60009765625
2025-04-10 07:00:00+00:00,3124.5
2025-04-10 08:00:00+00:00,3121.800048828125
2025-04-10 09:00:00+00:00,3132.60009765625
2025-04-10 10:00:00+00:00,3137.199951171875
2025-04-10 11:00:00+00:00,3142.199951171875
2025-04-10 12:00:00+00:00,3139.800048828125
2025-04-10 13:00:00+00:00,3134.199951171875
2025-04-10 14:00:00+00:00,3173.0
2025-04-10 15:00:00+00:00,3175.10009765625
2025-04-10 16:00:00+00:00,3175.60009765625
2025-04-10 17:00:00+00:00,3179.699951171875
2025-04-10 18:00:00+00:00,3190.89990234375
2025-04-10 19:00:00+00:00,3188.60009765625
2025-04-10 20:00:00+00:00,3194.199951171875
2025-04-10 22:00:00+00:00,3208.60009765625
2025-04-10 23:00:00+00:00,3209.10009765625
2025-04-11 00:00:00+00:00,3225.699951171875
2025-04-11 01:00:00+00:00,3226.300048828125
2025-04-11 02:00:00+00:00,3236.199951171875
2025-04-11 03:00:00+00:00,3237.0
2025-04-11 04:00:00+00:00,3226.800048828125
2025-04-11 05:00:00+00:00,3215.199951171875
2025-04-11 06:00:00+00:00,3215.39990234375
2025-04-11 07:00:00+00:00,3231.39990234375
2025-04-11 08:00:00+00:00,3234.0
2025-04-11 09:00:00+00:00,3246.39990234375
2025-04-11 10:00:00+00:00,3229.5
2025-04-11 11:00:00+00:00,3230.800048828125
2025-04-11 12:00:00+00:00,3251.10009765625
2025-04-11 13:00:00+00:00,3241.0
2025-04-11 14:00:00+00:00,3247.10009765625
2025-04-11 15:00:00+00:00,3258.300048828125
2025-04-11 16:00:00+00:00,3240.89990234375
2025-04-11 17:00:00+00:00,3251.89990234375
2025-04-11 18:00:00+00:00,3252.800048828125
2025-04-11 19:00:00+00:00,3248.10009765625
2025-04-11 20:00:00+00:00,3254.89990234375
2025-04-13 22:00:00+00:00,3238.199951171875
2025-04-13 23:00:00+00:00,3240.699951171875
2025-04-14 00:00:00+00:00,3238.0
2025-04-14 01:00:00+00:00,3256.199951171875
2025-04-14 02:00:00+00:00,3248.0
2025-04-14 03:00:00+00:00,3247.60009765625
2025-04-14 04:00:00+00:00,3242.39990234375
2025-04-14 05:00:00+00:00,3249.89990234375
2025-04-14 06:00:00+00:00,3246.5
2025-04-14 07:00:00+00:00,3243.300048828125
2025-04-14 08:00:00+00:00,3242.800048828125
2025-04-14 09:00:00+00:00,3239.89990234375
2025-04-14 10:00:00+00:00,3230.5
2025-04-14 11:00:00+00:00,3239.10009765625
2025-04-14 12:00:00+00:00,3223.300048828125
2025-04-14 13:00:00+00:00,3221.300048828125
2025-04-14 14:00:00+00:00,3227.89990234375
2025-04-14 15:00:00+00:00,3214.60009765625
2025-04-14 16:00:00+00:00,3223.39990234375
2025-04-14 17:00:00+00:00,3229.39990234375
2025-04-14 18:00:00+00:00,3223.89990234375
2025-04-14 19:00:00+00:00,3228.10009765625
2025-04-14 20:00:00+00:00,3226.800048828125
2025-04-14 22:00:00+00:00,3228.10009765625
2025-04-14 23:00:00+00:00,3228.800048828125
2025-04-15 00:00:00+00:00,3227.60009765625
2025-04-15 01:00:00+00:00,3239.39990234375
2025-04-15 02:00:00+00:00,3239.800048828125
2025-04-15 03:00:00+00:00,3244.89990234375
2025-04-15 04:00:00+00:00,3248.10009765625
2025-04-15 05:00:00+00:00,3240.39990234375
2025-04-15 06:00:00+00:00,3241.10009765625
2025-04-15 07:00:00+00:00,3241.39990234375
2025-04-15 08:00:00+00:00,3243.5
2025-04-15 09:00:00+00:00,3238.60009765625
2025-04-15 10:00:00+00:00,3236.199951171875
2025-04-15 11:00:00+00:00,3236.300048828125
2025-04-15 12:00:00+00:00,3238.199951171875
2025-04-15 13:00:00+00:00,3229.89990234375
2025-04-15 14:00:00+00:00,3239.10009765625
2025-04-15 15:00:00+00:00,3237.60009765625
2025-04-15 16:00:00+00:00,3237.5
2025-04-15 17:00:00+00:00,3244.0
2025-04-15 18:00:00+00:00,3245.5
2025-04-15 19:00:00+00:00,3246.699951171875
2025-04-15 20:00:00+00:00,3246.89990234375
2025-04-15 22:00:00+00:00,3256.699951171875
2025-04-15 23:00:00+00:00,3269.199951171875
2025-04-16 00:00:00+00:00,3282.199951171875
2025-04-16 01:00:00+00:00,3286.699951171875
2025-04-16 02:00:00+00:00,3284.199951171875
2025-04-16 03:00:00+00:00,3297.0
2025-04-16 04:00:00+00:00,3300.5
2025-04-16 05:00:00+00:00,3307.300048828125
2025-04-16 06:00:00+00:00,3308.199951171875
2025-04-16 07:00:00+00:00,3316.699951171875
2025-04-16 08:00:00+00:00,3323.800048828125
2025-04-16 09:00:00+00:00,3319.60009765625
2025-04-16 10:00:00+00:00,3320.199951171875
2025-04-16 11:00:00+00:00,3323.199951171875
2025-04-16 12:00:00+00:00,3323.10009765625
2025-04-16 13:00:00+00:00,3328.300048828125
2025-04-16 14:00:00+00:00,3324.199951171875
2025-04-16 15:00:00+00:00,3341.199951171875
2025-04-16 16:00:00+00:00,3344.0
2025-04-16 17:00:00+00:00,3344.0
2025-04-16 18:00:00+00:00,3353.60009765625
2025-04-16 19:00:00+00:00,3352.0
2025-04-16 20:00:00+00:00,3357.699951171875
2025-04-16 22:00:00+00:00,3364.89990234375
2025-04-16 23:00:00+00:00,3363.89990234375
2025-04-17 00:00:00+00:00,3359.0
2025-04-17 01:00:00+00:00,3337.0
2025-04-17 02:00:00+00:00,3352.39990234375
2025-04-17 03:00:00+00:00,3356.0
2025-04-17 04:00:00+00:00,3353.800048828125
2025-04-17 05:00:00+00:00,3342.300048828125
2025-04-17 06:00:00+00:00,3342.39990234375
2025-04-17 07:00:00+00:00,3336.5
2025-04-17 08:00:00+00:00,3337.60009765625
2025-04-17 09:00:00+00:00,3335.10009765625
2025-04-17 10:00:00+00:00,3341.10009765625
2025-04-17 11:00:00+00:00,3341.199951171875
2025-04-17 12:00:00+00:00,3341.5
2025-04-17 13:00:00+00:00,3327.89990234375
2025-04-17 14:00:00+00:00,3304.199951171875
2025-04-17 15:00:00+00:00,3308.800048828125
2025-04-17 16:00:00+00:00,3330.10009765625
2025-04-17 17:00:00+00:00,3332.5
2025-04-17 18:00:00+00:00,3329.60009765625
2025-04-17 19:00:00+00:00,3334.5
2025-04-17 20:00:00+00:00,3341.300048828125
2025-04-20 22:00:00+00:00,3360.199951171875
2025-04-20 23:00:00+00:00,3361.800048828125
2025-04-21 00:00:00+00:00,3382.5
2025-04-21 01:00:00+00:00,3390.199951171875
2025-04-21 02:00:00+00:00,3396.60009765625
2025-04-21 03:00:00+00:00,3394.0
2025-04-21 04:00:00+00:00,3388.60009765625
2025-04-21 05:00:00+00:00,3396.800048828125
2025-04-21 06:00:00+00:00,3403.699951171875
2025-04-21 07:00:00+00:00,3397.10009765625
2025-04-21 08:00:00+00:00,3403.800048828125
2025-04-21 09:00:00+00:00,3406.699951171875
2025-04-21 10:00:00+00:00,3407.300048828125
2025-04-21 11:00:00+00:00,3415.60009765625
2025-04-21 12:00:00+00:00,3426.60009765625
2025-04-21 13:00:00+00:00,3432.300048828125
2025-04-21 14:00:00+00:00,3428.60009765625
2025-04-21 15:00:00+00:00,3433.89990234375
2025-04-21 16:00:00+00:00,3426.10009765625
2025-04-21 17:00:00+00:00,3434.10009765625
2025-04-21 18:00:00+00:00,3437.0
2025-04-21 19:00:00+00:00,3434.5
2025-04-21 20:00:00+00:00,3435.10009765625
2025-04-21 22:00:00+00:00,3442.300048828125
2025-04-21 23:00:00+00:00,3445.300048828125
2025-04-22 00:00:00+00:00,3436.199951171875
2025-04-22 01:00:00+00:00,3462.60009765625
2025-04-22 02:00:00+00:00,3482.699951171875
2025-04-22 03:00:00+00:00,3497.60009765625
2025-04-22 04:00:00+00:00,3493.89990234375
2025-04-22 05:00:00+00:00,3503.60009765625
2025-04-22 06:00:00+00:00,3489.89990234375
2025-04-22 07:00:00+00:00,3479.5
2025-04-22 08:00:00+00:00,3455.5
2025-04-22 09:00:00+00:00,3466.699951171875
2025-04-22 10:00:00+00:00,3463.699951171875
2025-04-22 11:00:00+00:00,3468.60009765625
2025-04-22 12:00:00+00:00,3442.89990234375
2025-04-22 13:00:00+00:00,3430.89990234375
2025-04-22 14:00:00+00:00,3442.89990234375
2025-04-22 15:00:00+00:00,3429.300048828125
2025-04-22 16:00:00+00:00,3405.0
2025-04-22 17:00:00+00:00,3414.199951171875
2025-04-22 18:00:00+00:00,3393.199951171875
2025-04-22 19:00:00+00:00,3387.60009765625
2025-04-22 20:00:00+00:00,3392.0
2025-04-22 22:00:00+00:00,3337.699951171875
2025-04-22 23:00:00+00:00,3346.199951171875
2025-04-23 00:00:00+00:00,3376.699951171875
2025-04-23 01:00:00+00:00,3388.800048828125
2025-04-23 02:00:00+00:00,3363.60009765625
2025-04-23 03:00:00+00:00,3349.10009765625
2025-04-23 04:00:00+00:00,3356.199951171875
2025-04-23 05:00:00+00:00,3329.10009765625
2025-04-23 06:00:00+00:00,3312.10009765625
2025-04-23 07:00:00+00:00,3329.89990234375
2025-04-23 08:00:00+00:00,3333.0
2025-04-23 09:00:00+00:00,3328.5
2025-04-23 10:00:00+00:00,3341.60009765625
2025-04-23 11:00:00+00:00,3335.300048828125
2025-04-23 12:00:00+00:00,3322.199951171875
2025-04-23 13:00:00+00:00,3288.0
2025-04-23 14:00:00+00:00,3299.199951171875
2025-04-23 15:00:00+00:00,3292.800048828125
2025-04-23 16:00:00+00:00,3307.300048828125
2025-04-23 17:00:00+00:00,3294.0
2025-04-23 18:00:00+00:00,3295.800048828125
2025-04-23 19:00:00+00:00,3306.89990234375
2025-04-23 20:00:00+00:00,3301.5
2025-04-23 22:00:00+00:00,3321.199951171875
2025-04-23 23:00:00+00:00,3327.39990234375
2025-04-24 00:00:00+00:00,3341.10009765625
2025-04-24 01:00:00+00:00,3366.5
2025-04-24 02:00:00+00:00,3352.60009765625
2025-04-24 03:00:00+00:00,3338.300048828125
2025-04-24 04:00:00+00:00,3337.39990234375
2025-04-24 05:00:00+00:00,3334.300048828125
2025-04-24 06:00:00+00:00,3335.89990234375
2025-04-24 07:00:00+00:00,3344.199951171875
2025-04-24 08:00:00+00:00,3346.5
2025-04-24 09:00:00+00:00,3347.699951171875
2025-04-24 10:00:00+00:00,3341.5
2025-04-24 11:00:00+00:00,3348.699951171875
2025-04-24 12:00:00+00:00,3347.300048828125
2025-04-24 13:00:00+00:00,3326.5
2025-04-24 14:00:00+00:00,3338.699951171875
2025-04-24 15:00:00+00:00,3340.699951171875
2025-04-24 16:00:00+00:00,3344.10009765625
2025-04-24 17:00:00+00:00,3349.199951171875
2025-04-24 18:00:00+00:00,3346.800048828125
2025-04-24 19:00:00+00:00,3353.800048828125
2025-04-24 20:00:00+00:00,3361.300048828125
2025-04-24 22:00:00+00:00,3378.699951171875
2025-04-24 23:00:00+00:00,3360.199951171875
2025-04-25 00:00:00+00:00,3368.89990234375
2025-04-25 01:00:00+00:00,3356.199951171875
2025-04-25 02:00:00+00:00,3359.699951171875
2025-04-25 03:00:00+00:00,3338.89990234375
2025-04-25 04:00:00+00:00,3334.89990234375
2025-04-25 05:00:00+00:00,3303.89990234375
2025-04-25 06:00:00+00:00,3314.800048828125
2025-04-25 07:00:00+00:00,3317.199951171875
2025-04-25 08:00:00+00:00,3314.199951171875
2025-04-25 09:00:00+00:00,3302.10009765625
2025-04-25 10:00:00+00:00,3308.39990234375
2025-04-25 11:00:00+00:00,3303.89990234375
2025-04-25 12:00:00+00:00,3302.60009765625
2025-04-25 13:00:00+00:00,3290.699951171875
2025-04-25 14:00:00+00:00,3288.199951171875
2025-04-25 15:00:00+00:00,3293.39990234375
2025-04-25 16:00:00+00:00,3296.39990234375
2025-04-25 17:00:00+00:00,3304.199951171875
2025-04-25 18:00:00+00:00,3299.5
2025-04-25 19:00:00+00:00,3315.800048828125
2025-04-25 20:00:00+00:00,3330.199951171875
2025-04-27 22:00:00+00:00,3320.89990234375
2025-04-27 23:00:00+00:00,3313.699951171875
2025-04-28 00:00:00+00:00,3324.60009765625
2025-04-28 01:00:00+00:00,3290.800048828125
2025-04-28 02:00:00+00:00,3290.89990234375
2025-04-28 03:00:00+00:00,3301.199951171875
2025-04-28 04:00:00+00:00,3309.60009765625
2025-04-28 05:00:00+00:00,3304.800048828125
2025-04-28 06:00:00+00:00,3294.60009765625
2025-04-28 07:00:00+00:00,3297.60009765625
2025-04-28 08:00:00+00:00,3292.699951171875
2025-04-28 09:00:00+00:00,3284.39990234375
2025-04-28 10:00:00+00:00,3300.39990234375
2025-04-28 11:00:00+00:00,3305.199951171875
2025-04-28 12:00:00+00:00,3306.699951171875
2025-04-28 13:00:00+00:00,3303.5
2025-04-28 14:00:00+00:00,3339.60009765625
2025-04-28 15:00:00+00:00,3336.39990234375
2025-04-28 16:00:00+00:00,3347.199951171875
2025-04-28 17:00:00+00:00,3346.699951171875
2025-04-28 18:00:00+00:00,3359.60009765625
2025-04-28 19:00:00+00:00,3362.5
2025-04-28 20:00:00+00:00,3354.800048828125
2025-04-28 22:00:00+00:00,3348.300048828125
2025-04-28 23:00:00+00:00,3348.0
2025-04-29 00:00:00+00:00,3339.800048828125
2025-04-29 01:00:00+00:00,3337.60009765625
2025-04-29 02:00:00+00:00,3330.5
2025-04-29 03:00:00+00:00,3323.10009765625
2025-04-29 04:00:00+00:00,3319.60009765625
2025-04-29 05:00:00+00:00,3320.199951171875
2025-04-29 06:00:00+00:00,3328.5
2025-04-29 07:00:00+00:00,3333.0
2025-04-29 08:00:00+00:00,3321.699951171875
2025-04-29 09:00:00+00:00,3318.699951171875
2025-04-29 10:00:00+00:00,3322.300048828125
2025-04-29 11:00:00+00:00,3319.10009765625
2025-04-29 12:00:00+00:00,3322.60009765625
2025-04-29 13:00:00+00:00,3317.10009765625
2025-04-29 14:00:00+00:00,3325.300048828125
2025-04-29 15:00:00+00:00,3323.39990234375
2025-04-29 16:00:00+00:00,3339.10009765625
2025-04-29 17:00:00+00:00,3324.10009765625
2025-04-29 18:00:00+00:00,3329.89990234375
2025-04-29 19:00:00+00:00,3330.300048828125
2025-04-29 20:00:00+00:00,3327.60009765625
2025-04-29 22:00:00+00:00,3328.800048828125
2025-04-29 23:00:00+00:00,3326.800048828125
2025-04-30 00:00:00+00:00,3323.199951171875
2025-04-30 01:00:00+00:00,3317.5
2025-04-30 02:00:00+00:00,3316.5
2025-04-30 03:00:00+00:00,3314.300048828125
2025-04-30 04:00:00+00:00,3317.39990234375
2025-04-30 05:00:00+00:00,3319.39990234375
2025-04-30 06:00:00+00:00,3315.39990234375
2025-04-30 07:00:00+00:00,3316.800048828125
2025-04-30 08:00:00+00:00,3293.699951171875
2025-04-30 09:00:00+00:00,3285.300048828125
2025-04-30 10:00:00+00:00,3281.60009765625
2025-04-30 11:00:00+00:00,3281.5
2025-04-30 12:00:00+00:00,3307.89990234375
2025-04-30 13:00:00+00:00,3318.89990234375
2025-04-30 14:00:00+00:00,3320.5
2025-04-30 15:00:00+00:00,3318.5
2025-04-30 16:00:00+00:00,3321.300048828125
2025-04-30 17:00:00+00:00,3315.800048828125
2025-04-30 18:00:00+00:00,3312.39990234375
2025-04-30 19:00:00+00:00,3306.800048828125
2025-04-30 20:00:00+00:00,3299.199951171875
2025-04-30 22:00:00+00:00,3282.5
2025-04-30 23:00:00+00:00,3281.5
2025-05-01 00:00:00+00:00,3253.89990234375
2025-05-01 01:00:00+00:00,3246.89990234375
2025-05-01 02:00:00+00:00,3248.10009765625
2025-05-01 03:00:00+00:00,3237.60009765625
2025-05-01 04:00:00+00:00,3234.5
2025-05-01 05:00:00+00:00,3244.60009765625
2025-05-01 06:00:00+00:00,3243.89990234375
2025-05-01 07:00:00+00:00,3238.199951171875
2025-05-01 08:00:00+00:00,3243.10009765625
2025-05-01 09:00:00+00:00,3226.0
2025-05-01 10:00:00+00:00,3230.699951171875
2025-05-01 11:00:00+00:00,3213.10009765625
2025-05-01 12:00:00+00:00,3234.39990234375
2025-05-01 13:00:00+00:00,3233.0
2025-05-01 14:00:00+00:00,3226.699951171875
2025-05-01 15:00:00+00:00,3224.60009765625
2025-05-01 16:00:00+00:00,3227.699951171875
2025-05-01 17:00:00+00:00,3221.89990234375
2025-05-01 18:00:00+00:00,3231.199951171875
2025-05-01 19:00:00+00:00,3236.60009765625
2025-05-01 20:00:00+00:00,3248.300048828125
2025-05-01 22:00:00+00:00,3247.0
2025-05-01 23:00:00+00:00,3246.199951171875
2025-05-02 00:00:00+00:00,3238.800048828125
2025-05-02 01:00:00+00:00,3244.699951171875
2025-05-02 02:00:00+00:00,3256.89990234375
2025-05-02 03:00:00+00:00,3266.699951171875
2025-05-02 04:00:00+00:00,3260.39990234375
2025-05-02 05:00:00+00:00,3260.0
2025-05-02 06:00:00+00:00,3261.39990234375
2025-05-02 07:00:00+00:00,3267.0
2025-05-02 08:00:00+00:00,3265.699951171875
2025-05-02 09:00:00+00:00,3273.10009765625
2025-05-02 10:00:00+00:00,3267.5
2025-05-02 11:00:00+00:00,3269.89990234375
2025-05-02 12:00:00+00:00,3257.60009765625
2025-05-02 13:00:00+00:00,3258.0
2025-05-02 14:00:00+00:00,3271.5
2025-05-02 15:00:00+00:00,3239.800048828125
2025-05-02 16:00:00+00:00,3232.0
2025-05-02 17:00:00+00:00,3238.39990234375
2025-05-02 18:00:00+00:00,3234.199951171875
2025-05-02 19:00:00+00:00,3241.39990234375
2025-05-02 20:00:00+00:00,3247.39990234375
2025-05-04 22:00:00+00:00,3246.199951171875
2025-05-04 23:00:00+00:00,3255.199951171875
2025-05-05 00:00:00+00:00,3253.199951171875
2025-05-05 01:00:00+00:00,3272.10009765625
2025-05-05 02:00:00+00:00,3278.199951171875
2025-05-05 03:00:00+00:00,3262.300048828125
2025-05-05 04:00:00+00:00,3264.300048828125
2025-05-05 05:00:00+00:00,3267.89990234375
2025-05-05 06:00:00+00:00,3270.10009765625
2025-05-05 07:00:00+00:00,3272.699951171875
2025-05-05 08:00:00+00:00,3290.699951171875
2025-05-05 09:00:00+00:00,3317.300048828125
2025-05-05 10:00:00+00:00,3322.0
2025-05-05 11:00:00+00:00,3321.89990234375
2025-05-05 12:00:00+00:00,3328.60009765625
2025-05-05 13:00:00+00:00,3325.10009765625
2025-05-05 14:00:00+00:00,3321.300048828125
2025-05-05 15:00:00+00:00,3321.10009765625
2025-05-05 16:00:00+00:00,3318.199951171875
2025-05-05 17:00:00+00:00,3325.5
2025-05-05 18:00:00+00:00,3331.699951171875
2025-05-05 19:00:00+00:00,3337.60009765625
2025-05-05 20:00:00+00:00,3343.5
2025-05-05 22:00:00+00:00,3339.199951171875
2025-05-05 23:00:00+00:00,3342.800048828125
2025-05-06 00:00:00+00:00,3338.800048828125
2025-05-06 01:00:00+00:00,3388.89990234375
2025-05-06 02:00:00+00:00,3366.89990234375
2025-05-06 03:00:00+00:00,3368.39990234375
2025-05-06 04:00:00+00:00,3371.39990234375
2025-05-06 05:00:00+00:00,3369.300048828125
2025-05-06 06:00:00+00:00,3372.5
2025-05-06 07:00:00+00:00,3378.5
2025-05-06 08:00:00+00:00,3385.199951171875
2025-05-06 09:00:00+00:00,3390.89990234375
2025-05-06 10:00:00+00:00,3391.39990234375
2025-05-06 11:00:00+00:00,3386.89990234375
2025-05-06 12:00:00+00:00,3399.300048828125
2025-05-06 13:00:00+00:00,3399.800048828125
2025-05-06 14:00:00+00:00,3394.5
2025-05-06 15:00:00+00:00,3403.10009765625
2025-05-06 16:00:00+00:00,3417.300048828125
2025-05-06 17:00:00+00:00,3422.0
2025-05-06 18:00:00+00:00,3424.300048828125
2025-05-06 19:00:00+00:00,3431.5
2025-05-06 20:00:00+00:00,3441.800048828125
2025-05-06 22:00:00+00:00,3389.300048828125
2025-05-06 23:00:00+00:00,3409.199951171875
2025-05-07 00:00:00+00:00,3387.199951171875
2025-05-07 01:00:00+00:00,3382.699951171875
2025-05-07 02:00:00+00:00,3398.199951171875
2025-05-07 03:00:00+00:00,3384.300048828125
2025-05-07 04:00:00+00:00,3390.199951171875
2025-05-07 05:00:00+00:00,3396.0
2025-05-07 06:00:00+00:00,3400.800048828125
2025-05-07 07:00:00+00:00,3396.0
2025-05-07 08:00:00+00:00,3390.60009765625
2025-05-07 09:00:00+00:00,3377.699951171875
2025-05-07 10:00:00+00:00,3399.199951171875
2025-05-07 11:00:00+00:00,3395.0
2025-05-07 12:00:00+00:00,3399.199951171875
2025-05-07 13:00:00+00:00,3402.39990234375
2025-05-07 14:00:00+00:00,3393.60009765625
2025-05-07 15:00:00+00:00,3393.0
2025-05-07 16:00:00+00:00,3394.0
2025-05-07 17:00:00+00:00,3393.60009765625
2025-05-07 18:00:00+00:00,3392.10009765625
2025-05-07 19:00:00+00:00,3379.300048828125
2025-05-07 20:00:00+00:00,3372.60009765625
2025-05-07 22:00:00+00:00,3376.800048828125
2025-05-07 23:00:00+00:00,3383.10009765625
2025-05-08 00:00:00+00:00,3387.0
2025-05-08 01:00:00+00:00,3415.800048828125
2025-05-08 02:00:00+00:00,3408.800048828125
2025-05-08 03:00:00+00:00,3404.199951171875
2025-05-08 04:00:00+00:00,3388.199951171875
2025-05-08 05:00:00+00:00,3361.0
2025-05-08 06:00:00+00:00,3335.39990234375
2025-05-08 07:00:00+00:00,3348.89990234375
2025-05-08 08:00:00+00:00,3344.5
2025-05-08 09:00:00+00:00,3337.39990234375
2025-05-08 10:00:00+00:00,3347.89990234375
2025-05-08 11:00:00+00:00,3350.0
2025-05-08 12:00:00+00:00,3362.0
2025-05-08 13:00:00+00:00,3361.699951171875
2025-05-08 14:00:00+00:00,3362.39990234375
2025-05-08 15:00:00+00:00,3336.0
2025-05-08 16:00:00+00:00,3315.39990234375
2025-05-08 17:00:00+00:00,3313.60009765625
2025-05-08 18:00:00+00:00,3313.60009765625
2025-05-08 19:00:00+00:00,3311.10009765625
2025-05-08 20:00:00+00:00,3310.39990234375
2025-05-08 22:00:00+00:00,3328.89990234375
2025-05-08 23:00:00+00:00,3321.0
2025-05-09 00:00:00+00:00,3326.89990234375
2025-05-09 01:00:00+00:00,3295.89990234375
2025-05-09 02:00:00+00:00,3313.199951171875
2025-05-09 03:00:00+00:00,3312.39990234375
2025-05-09 04:00:00+00:00,3330.39990234375
2025-05-09 05:00:00+00:00,3326.0
2025-05-09 06:00:00+00:00,3330.39990234375
2025-05-09 07:00:00+00:00,3331.699951171875
2025-05-09 08:00:00+00:00,3333.0
2025-05-09 09:00:00+00:00,3329.60009765625
2025-05-09 10:00:00+00:00,3327.800048828125
2025-05-09 11:00:00+00:00,3337.800048828125
2025-05-09 12:00:00+00:00,3338.5
2025-05-09 13:00:00+00:00,3335.5
2025-05-09 14:00:00+00:00,3342.39990234375
2025-05-09 15:00:00+00:00,3350.300048828125
2025-05-09 16:00:00+00:00,3342.0
2025-05-09 17:00:00+00:00,3346.10009765625
2025-05-09 18:00:00+00:00,3343.5
2025-05-09 19:00:00+00:00,3334.10009765625
2025-05-09 20:00:00+00:00,3329.10009765625
2025-05-11 22:00:00+00:00,3276.699951171875
2025-05-11 23:00:00+00:00,3292.89990234375
2025-05-12 00:00:00+00:00,3283.300048828125
2025-05-12 01:00:00+00:00,3275.699951171875
2025-05-12 02:00:00+00:00,3275.89990234375
2025-05-12 03:00:00+00:00,3287.0
2025-05-12 04:00:00+00:00,3282.699951171875
2025-05-12 05:00:00+00:00,3279.800048828125
2025-05-12 06:00:00+00:00,3281.300048828125
2025-05-12 07:00:00+00:00,3226.800048828125
2025-05-12 08:00:00+00:00,3235.300048828125
2025-05-12 09:00:00+00:00,3218.699951171875
2025-05-12 10:00:00+00:00,3211.60009765625
2025-05-12 11:00:00+00:00,3228.60009765625
2025-05-12 12:00:00+00:00,3237.199951171875
2025-05-12 13:00:00+00:00,3244.60009765625
2025-05-12 14:00:00+00:00,3242.199951171875
2025-05-12 15:00:00+00:00,3243.800048828125
2025-05-12 16:00:00+00:00,3228.39990234375
2025-05-12 17:00:00+00:00,3227.199951171875
2025-05-12 18:00:00+00:00,3233.89990234375
2025-05-12 19:00:00+00:00,3240.300048828125
2025-05-12 20:00:00+00:00,3241.800048828125
2025-05-12 22:00:00+00:00,3237.39990234375
2025-05-12 23:00:00+00:00,3241.300048828125
2025-05-13 00:00:00+00:00,3243.89990234375
2025-05-13 01:00:00+00:00,3229.5
2025-05-13 02:00:00+00:00,3233.199951171875
2025-05-13 03:00:00+00:00,3240.89990234375
2025-05-13 04:00:00+00:00,3257.0
2025-05-13 05:00:00+00:00,3261.0
2025-05-13 06:00:00+00:00,3266.800048828125
2025-05-13 07:00:00+00:00,3263.10009765625
2025-05-13 08:00:00+00:00,3259.5
2025-05-13 09:00:00+00:00,3257.800048828125
2025-05-13 10:00:00+00:00,3257.0
2025-05-13 11:00:00+00:00,3253.10009765625
2025-05-13 12:00:00+00:00,3246.39990234375
2025-05-13 13:00:00+00:00,3232.0
2025-05-13 14:00:00+00:00,3247.5
2025-05-13 15:00:00+00:00,3258.10009765625
2025-05-13 16:00:00+00:00,3255.5
2025-05-13 17:00:00+00:00,3251.89990234375
2025-05-13 18:00:00+00:00,3253.39990234375
2025-05-13 19:00:00+00:00,3253.5
2025-05-13 20:00:00+00:00,3254.5
2025-05-13 22:00:00+00:00,3256.800048828125
2025-05-13 23:00:00+00:00,3258.300048828125
2025-05-14 00:00:00+00:00,3247.89990234375
2025-05-14 01:00:00+00:00,3243.300048828125
2025-05-14 02:00:00+00:00,3236.800048828125
2025-05-14 03:00:00+00:00,3230.800048828125
2025-05-14 04:00:00+00:00,3227.800048828125
2025-05-14 05:00:00+00:00,3237.199951171875
2025-05-14 06:00:00+00:00,3232.10009765625
2025-05-14 07:00:00+00:00,3242.0
2025-05-14 08:00:00+00:00,3236.699951171875
2025-05-14 09:00:00+00:00,3236.199951171875
2025-05-14 10:00:00+00:00,3239.5
2025-05-14 11:00:00+00:00,3223.699951171875
2025-05-14 12:00:00+00:00,3188.5
2025-05-14 13:00:00+00:00,3195.199951171875
2025-05-14 14:00:00+00:00,3185.699951171875
2025-05-14 15:00:00+00:00,3186.5
2025-05-14 16:00:00+00:00,3191.89990234375
2025-05-14 17:00:00+00:00,3185.60009765625
2025-05-14 18:00:00+00:00,3176.10009765625
2025-05-14 19:00:00+00:00,3183.800048828125
2025-05-14 20:00:00+00:00,3180.699951171875
2025-05-14 21:00:00+00:00,3180.699951171875
2025-05-14 22:00:00+00:00,3185.10009765625
2025-05-14 23:00:00+00:00,3188.89990234375
2025-05-15 00:00:00+00:00,3190.300048828125
2025-05-15 01:00:00+00:00,3174.60009765625
2025-05-15 02:00:00+00:00,3156.89990234375
2025-05-15 03:00:00+00:00,3153.39990234375
2025-05-15 04:00:00+00:00,3141.300048828125
2025-05-15 05:00:00+00:00,3132.10009765625
2025-05-15 06:00:00+00:00,3153.5
2025-05-15 07:00:00+00:00,3145.39990234375
2025-05-15 08:00:00+00:00,3165.5
2025-05-15 09:00:00+00:00,3167.800048828125
2025-05-15 10:00:00+00:00,3181.60009765625
2025-05-15 11:00:00+00:00,3182.300048828125
2025-05-15 12:00:00+00:00,3192.300048828125
2025-05-15 13:00:00+00:00,3194.699951171875
2025-05-15 14:00:00+00:00,3208.5
2025-05-15 15:00:00+00:00,3222.800048828125
2025-05-15 16:00:00+00:00,3225.89990234375
2025-05-15 17:00:00+00:00,3224.5
2025-05-15 18:00:00+00:00,3226.39990234375
2025-05-15 19:00:00+00:00,3234.60009765625
2025-05-15 20:00:00+00:00,3243.89990234375
2025-05-15 22:00:00+00:00,3254.699951171875
2025-05-15 23:00:00+00:00,3241.199951171875
2025-05-16 00:00:00+00:00,3246.39990234375
2025-05-16 01:00:00+00:00,3226.0
2025-05-16 02:00:00+00:00,3219.10009765625
2025-05-16 03:00:00+00:00,3215.5
2025-05-16 04:00:00+00:00,3223.0
2025-05-16 05:00:00+00:00,3221.800048828125
2025-05-16 06:00:00+00:00,3217.60009765625
2025-05-16 07:00:00+00:00,3210.5
2025-05-16 08:00:00+00:00,3210.300048828125
2025-05-16 09:00:00+00:00,3211.89990234375
2025-05-16 10:00:00+00:00,3179.0
2025-05-16 11:00:00+00:00,3165.5
2025-05-16 12:00:00+00:00,3180.0
2025-05-16 13:00:00+00:00,3183.0
2025-05-16 14:00:00+00:00,3175.39990234375
2025-05-16 15:00:00+00:00,3186.699951171875
2025-05-16 16:00:00+00:00,3192.5
2025-05-16 17:00:00+00:00,3192.10009765625
2025-05-16 18:00:00+00:00,3189.89990234375
2025-05-16 19:00:00+00:00,3194.300048828125
2025-05-16 20:00:00+00:00,3205.300048828125
2025-05-18 22:00:00+00:00,3242.199951171875
2025-05-18 23:00:00+00:00,3238.39990234375
2025-05-19 00:00:00+00:00,3249.0
2025-05-19 01:00:00+00:00,3222.0
2025-05-19 02:00:00+00:00,3231.300048828125
2025-05-19 03:00:00+00:00,3214.89990234375
2025-05-19 04:00:00+00:00,3218.39990234375
2025-05-19 05:00:00+00:00,3226.800048828125
2025-05-19 06:00:00+00:00,3227.199951171875
2025-05-19 07:00:00+00:00,3235.300048828125
2025-05-19 08:00:00+00:00,3247.800048828125
2025-05-19 09:00:00+00:00,3245.199951171875
2025-05-19 10:00:00+00:00,3245.0
2025-05-19 11:00:00+00:00,3246.699951171875
2025-05-19 12:00:00+00:00,3231.89990234375
2025-05-19 13:00:00+00:00,3232.699951171875
2025-05-19 14:00:00+00:00,3236.699951171875
2025-05-19 15:00:00+00:00,3234.60009765625
2025-05-19 16:00:00+00:00,3234.39990234375
2025-05-19 17:00:00+00:00,3228.699951171875
2025-05-19 18:00:00+00:00,3235.800048828125
2025-05-19 19:00:00+00:00,3235.39990234375
2025-05-19 20:00:00+00:00,3232.199951171875
2025-05-19 22:00:00+00:00,3229.300048828125
2025-05-19 23:00:00+00:00,3224.800048828125
2025-05-20 00:00:00+00:00,3225.0
2025-05-20 01:00:00+00:00,3224.300048828125
2025-05-20 02:00:00+00:00,3209.5
2025-05-20 03:00:00+00:00,3213.199951171875
2025-05-20 04:00:00+00:00,3219.5
2025-05-20 05:00:00+00:00,3216.10009765625
2025-05-20 06:00:00+00:00,3211.699951171875
2025-05-20 07:00:00+00:00,3224.800048828125
2025-05-20 08:00:00+00:00,3238.39990234375
2025-05-20 09:00:00+00:00,3238.5
2025-05-20 10:00:00+00:00,3237.300048828125
2025-05-20 11:00:00+00:00,3243.699951171875
2025-05-20 12:00:00+00:00,3245.39990234375
2025-05-20 13:00:00+00:00,3264.60009765625
2025-05-20 14:00:00+00:00,3285.300048828125
2025-05-20 15:00:00+00:00,3279.5
2025-05-20 16:00:00+00:00,3282.0
2025-05-20 17:00:00+00:00,3289.39990234375
2025-05-20 18:00:00+00:00,3290.5
2025-05-20 19:00:00+00:00,3296.800048828125
2025-05-20 20:00:00+00:00,3292.60009765625
2025-05-20 22:00:00+00:00,3300.199951171875
2025-05-20 23:00:00+00:00,3293.89990234375
2025-05-21 00:00:00+00:00,3305.89990234375
2025-05-21 01:00:00+00:00,3296.800048828125
2025-05-21 02:00:00+00:00,3304.300048828125
2025-05-21 03:00:00+00:00,3308.699951171875
2025-05-21 04:00:00+00:00,3304.199951171875
2025-05-21 05:00:00+00:00,3318.199951171875
2025-05-21 06:00:00+00:00,3321.89990234375
2025-05-21 07:00:00+00:00,3311.800048828125
2025-05-21 08:00:00+00:00,3310.699951171875
2025-05-21 09:00:00+00:00,3315.60009765625
2025-05-21 10:00:00+00:00,3314.199951171875
2025-05-21 11:00:00+00:00,3313.300048828125
2025-05-21 12:00:00+00:00,3304.300048828125
2025-05-21 13:00:00+00:00,3306.10009765625
2025-05-21 14:00:00+00:00,3306.800048828125
2025-05-21 15:00:00+00:00,3313.800048828125
2025-05-21 16:00:00+00:00,3305.199951171875
2025-05-21 17:00:00+00:00,3318.800048828125
2025-05-21 18:00:00+00:00,3316.5
2025-05-21 19:00:00+00:00,3320.89990234375
2025-05-21 20:00:00+00:00,3316.60009765625
2025-05-21 22:00:00+00:00,3319.39990234375
2025-05-21 23:00:00+00:00,3321.699951171875
2025-05-22 00:00:00+00:00,3325.199951171875
2025-05-22 01:00:00+00:00,3339.0
2025-05-22 02:00:00+00:00,3342.300048828125
2025-05-22 03:00:00+00:00,3336.60009765625
2025-05-22 04:00:00+00:00,3339.60009765625
2025-05-22 05:00:00+00:00,3333.5
2025-05-22 06:00:00+00:00,3327.60009765625
2025-05-22 07:00:00+00:00,3328.300048828125
2025-05-22 08:00:00+00:00,3311.699951171875
2025-05-22 09:00:00+00:00,3305.39990234375
2025-05-22 10:00:00+00:00,3289.699951171875
2025-05-22 11:00:00+00:00,3314.300048828125
2025-05-22 12:00:00+00:00,3303.60009765625
2025-05-22 13:00:00+00:00,3286.89990234375
2025-05-22 14:00:00+00:00,3296.300048828125
2025-05-22 15:00:00+00:00,3294.0
2025-05-22 16:00:00+00:00,3300.89990234375
2025-05-22 17:00:00+00:00,3295.60009765625
2025-05-22 18:00:00+00:00,3293.60009765625
2025-05-22 19:00:00+00:00,3290.39990234375
2025-05-22 20:00:00+00:00,3295.10009765625
2025-05-22 22:00:00+00:00,3297.800048828125
2025-05-22 23:00:00+00:00,3300.0
2025-05-23 00:00:00+00:00,3299.800048828125
2025-05-23 01:00:00+00:00,3303.800048828125
2025-05-23 02:00:00+00:00,3295.5
2025-05-23 03:00:00+00:00,3301.800048828125
2025-05-23 04:00:00+00:00,3313.0
2025-05-23 05:00:00+00:00,3323.5
2025-05-23 06:00:00+00:00,3330.89990234375
2025-05-23 07:00:00+00:00,3328.89990234375
2025-05-23 08:00:00+00:00,3326.199951171875
2025-05-23 09:00:00+00:00,3328.5
2025-05-23 10:00:00+00:00,3328.199951171875
2025-05-23 11:00:00+00:00,3348.300048828125
2025-05-23 12:00:00+00:00,3357.60009765625
2025-05-23 13:00:00+00:00,3340.199951171875
2025-05-23 14:00:00+00:00,3359.699951171875
2025-05-23 15:00:00+00:00,3361.60009765625
2025-05-23 16:00:00+00:00,3359.39990234375
2025-05-23 17:00:00+00:00,3363.0
2025-05-23 18:00:00+00:00,3361.699951171875
2025-05-23 19:00:00+00:00,3360.39990234375
2025-05-23 20:00:00+00:00,3357.699951171875
2025-05-25 22:00:00+00:00,3342.5
2025-05-25 23:00:00+00:00,3341.5
2025-05-26 00:00:00+00:00,3340.39990234375
2025-05-26 01:00:00+00:00,3343.300048828125
2025-05-26 02:00:00+00:00,3347.0
2025-05-26 03:00:00+00:00,3345.800048828125
2025-05-26 04:00:00+00:00,3348.60009765625
2025-05-26 05:00:00+00:00,3346.5
2025-05-26 06:00:00+00:00,3336.39990234375
2025-05-26 07:00:00+00:00,3336.60009765625
2025-05-26 08:00:00+00:00,3333.199951171875
2025-05-26 09:00:00+00:00,3328.300048828125
2025-05-26 10:00:00+00:00,3331.199951171875
2025-05-26 11:00:00+00:00,3332.89990234375
2025-05-26 12:00:00+00:00,3334.199951171875
2025-05-26 13:00:00+00:00,3338.300048828125
2025-05-26 14:00:00+00:00,3337.5
2025-05-26 15:00:00+00:00,3337.89990234375
2025-05-26 16:00:00+00:00,3342.60009765625
2025-05-26 17:00:00+00:00,3341.10009765625
2025-05-26 18:00:00+00:00,3342.199951171875
2025-05-26 22:00:00+00:00,3347.5
2025-05-26 23:00:00+00:00,3345.699951171875
2025-05-27 00:00:00+00:00,3344.800048828125
2025-05-27 01:00:00+00:00,3335.0
2025-05-27 02:00:00+00:00,3342.199951171875
2025-05-27 03:00:00+00:00,3341.0
2025-05-27 04:00:00+00:00,3330.300048828125
2025-05-27 05:00:00+00:00,3322.800048828125
2025-05-27 06:00:00+00:00,3308.39990234375
2025-05-27 07:00:00+00:00,3295.800048828125
2025-05-27 08:00:00+00:00,3297.10009765625
2025-05-27 09:00:00+00:00,3295.10009765625
2025-05-27 10:00:00+00:00,3291.5
2025-05-27 11:00:00+00:00,3286.800048828125
2025-05-27 12:00:00+00:00,3292.10009765625
2025-05-27 13:00:00+00:00,3294.10009765625
2025-05-27 14:00:00+00:00,3298.800048828125
2025-05-27 15:00:00+00:00,3291.800048828125
2025-05-27 16:00:00+00:00,3296.60009765625
2025-05-27 17:00:00+00:00,3300.199951171875
2025-05-27 18:00:00+00:00,3302.0
2025-05-27 19:00:00+00:00,3302.89990234375
2025-05-27 20:00:00+00:00,3299.699951171875
2025-05-27 22:00:00+00:00,3301.699951171875
2025-05-27 23:00:00+00:00,3308.300048828125
2025-05-28 00:00:00+00:00,3307.10009765625
2025-05-28 01:00:00+00:00,3300.0
2025-05-28 02:00:00+00:00,3301.699951171875
2025-05-28 03:00:00+00:00,3296.699951171875
2025-05-28 04:00:00+00:00,3295.199951171875
2025-05-28 05:00:00+00:00,3305.60009765625
2025-05-28 06:00:00+00:00,3306.699951171875
2025-05-28 07:00:00+00:00,3317.39990234375
2025-05-28 08:00:00+00:00,3320.300048828125
2025-05-28 09:00:00+00:00,3323.300048828125
2025-05-28 10:00:00+00:00,3311.89990234375
2025-05-28 11:00:00+00:00,3310.60009765625
2025-05-28 12:00:00+00:00,3310.89990234375
2025-05-28 13:00:00+00:00,3303.89990234375
2025-05-28 14:00:00+00:00,3301.300048828125
2025-05-28 15:00:00+00:00,3294.300048828125
2025-05-28 16:00:00+00:00,3291.300048828125
2025-05-28 17:00:00+00:00,3294.89990234375
2025-05-28 18:00:00+00:00,3299.60009765625
2025-05-28 19:00:00+00:00,3294.60009765625
2025-05-28 20:00:00+00:00,3284.39990234375
2025-05-28 22:00:00+00:00,3282.60009765625
2025-05-28 23:00:00+00:00,3255.39990234375
2025-05-29 00:00:00+00:00,3261.10009765625
2025-05-29 01:00:00+00:00,3260.300048828125
2025-05-29 02:00:00+00:00,3268.699951171875
2025-05-29 03:00:00+00:00,3271.39990234375
2025-05-29 04:00:00+00:00,3266.5
2025-05-29 05:00:00+00:00,3269.60009765625
2025-05-29 06:00:00+00:00,3267.89990234375
2025-05-29 07:00:00+00:00,3310.699951171875
2025-05-29 08:00:00+00:00,3306.300048828125
2025-05-29 09:00:00+00:00,3306.199951171875
2025-05-29 10:00:00+00:00,3321.5
2025-05-29 11:00:00+00:00,3324.199951171875
2025-05-29 12:00:00+00:00,3341.300048828125
2025-05-29 13:00:00+00:00,3337.300048828125
2025-05-29 14:00:00+00:00,3334.699951171875
2025-05-29 15:00:00+00:00,3346.199951171875
2025-05-29 16:00:00+00:00,3347.10009765625
2025-05-29 17:00:00+00:00,3349.0
2025-05-29 18:00:00+00:00,3345.5
2025-05-29 19:00:00+00:00,3340.60009765625
2025-05-29 20:00:00+00:00,3342.60009765625
2025-05-29 22:00:00+00:00,3337.39990234375
2025-05-29 23:00:00+00:00,3339.0
2025-05-30 00:00:00+00:00,3335.89990234375
2025-05-30 01:00:00+00:00,3334.10009765625
2025-05-30 02:00:00+00:00,3320.5
2025-05-30 03:00:00+00:00,3318.199951171875
2025-05-30 04:00:00+00:00,3319.5
2025-05-30 05:00:00+00:00,3327.300048828125
2025-05-30 06:00:00+00:00,3325.5
2025-05-30 07:00:00+00:00,3319.199951171875
2025-05-30 08:00:00+00:00,3320.0
2025-05-30 09:00:00+00:00,3320.0
2025-05-30 10:00:00+00:00,3319.300048828125
2025-05-30 11:00:00+00:00,3318.199951171875
2025-05-30 12:00:00+00:00,3328.800048828125
2025-05-30 13:00:00+00:00,3300.60009765625
2025-05-30 14:00:00+00:00,3306.60009765625
2025-05-30 15:00:00+00:00,3312.60009765625
2025-05-30 16:00:00+00:00,3317.5
2025-05-30 17:00:00+00:00,3315.199951171875
2025-05-30 18:00:00+00:00,3318.10009765625
2025-05-30 19:00:00+00:00,3318.699951171875
2025-05-30 20:00:00+00:00,3313.10009765625
2025-06-01 22:00:00+00:00,3336.39990234375
2025-06-01 23:00:00+00:00,3333.300048828125
2025-06-02 00:00:00+00:00,3334.5
2025-06-02 01:00:00+00:00,3326.60009765625
2025-06-02 02:00:00+00:00,3330.5
2025-06-02 03:00:00+00:00,3332.10009765625
2025-06-02 04:00:00+00:00,3337.699951171875
2025-06-02 05:00:00+00:00,3347.800048828125
2025-06-02 06:00:00+00:00,3368.89990234375
2025-06-02 07:00:00+00:00,3377.199951171875
2025-06-02 08:00:00+00:00,3376.5
2025-06-02 09:00:00+00:00,3372.699951171875
2025-06-02 10:00:00+00:00,3373.300048828125
2025-06-02 11:00:00+00:00,3381.199951171875
2025-06-02 12:00:00+00:00,3380.10009765625
2025-06-02 13:00:00+00:00,3395.800048828125
2025-06-02 14:00:00+00:00,3400.60009765625
2025-06-02 15:00:00+00:00,3399.10009765625
2025-06-02 16:00:00+00:00,3396.89990234375
2025-06-02 17:00:00+00:00,3399.199951171875
2025-06-02 18:00:00+00:00,3404.39990234375
2025-06-02 19:00:00+00:00,3406.300048828125
2025-06-02 20:00:00+00:00,3406.39990234375
2025-06-02 22:00:00+00:00,3414.800048828125
2025-06-02 23:00:00+00:00,3412.800048828125
2025-06-03 00:00:00+00:00,3401.300048828125
2025-06-03 01:00:00+00:00,3397.300048828125
2025-06-03 02:00:00+00:00,3393.60009765625
2025-06-03 03:00:00+00:00,3387.10009765625
2025-06-03 04:00:00+00:00,3386.89990234375
2025-06-03 05:00:00+00:00,3389.800048828125
2025-06-03 06:00:00+00:00,3383.199951171875
2025-06-03 07:00:00+00:00,3384.60009765625
2025-06-03 08:00:00+00:00,3385.5
2025-06-03 09:00:00+00:00,3381.199951171875
2025-06-03 10:00:00+00:00,3379.89990234375
2025-06-03 11:00:00+00:00,3383.300048828125
2025-06-03 12:00:00+00:00,3383.60009765625
2025-06-03 13:00:00+00:00,3370.39990234375
2025-06-03 14:00:00+00:00,3370.5
2025-06-03 15:00:00+00:00,3374.0
2025-06-03 16:00:00+00:00,3372.300048828125
2025-06-03 17:00:00+00:00,3377.60009765625
2025-06-03 18:00:00+00:00,3377.60009765625
2025-06-03 19:00:00+00:00,3376.39990234375
2025-06-03 20:00:00+00:00,3376.89990234375
2025-06-03 22:00:00+00:00,3381.199951171875
2025-06-03 23:00:00+00:00,3384.5
2025-06-04 00:00:00+00:00,3373.60009765625
2025-06-04 01:00:00+00:00,3395.199951171875
2025-06-04 02:00:00+00:00,3389.39990234375
2025-06-04 03:00:00+00:00,3383.699951171875
2025-06-04 04:00:00+00:00,3378.39990234375
2025-06-04 05:00:00+00:00,3374.699951171875
2025-06-04 06:00:00+00:00,3379.60009765625
2025-06-04 07:00:00+00:00,3378.0
2025-06-04 08:00:00+00:00,3386.5
2025-06-04 09:00:00+00:00,3387.10009765625
2025-06-04 10:00:00+00:00,3374.60009765625
2025-06-04 11:00:00+00:00,3370.5
2025-06-04 12:00:00+00:00,3383.0
2025-06-04 13:00:00+00:00,3376.800048828125
2025-06-04 14:00:00+00:00,3401.5
2025-06-04 15:00:00+00:00,3396.300048828125
2025-06-04 16:00:00+00:00,3399.39990234375
2025-06-04 17:00:00+00:00,3403.699951171875
2025-06-04 18:00:00+00:00,3400.699951171875
2025-06-04 19:00:00+00:00,3397.300048828125
2025-06-04 20:00:00+00:00,3397.39990234375
2025-06-04 22:00:00+00:00,3397.199951171875
2025-06-04 23:00:00+00:00,3401.60009765625
2025-06-05 00:00:00+00:00,3403.5
2025-06-05 01:00:00+00:00,3397.300048828125
2025-06-05 02:00:00+00:00,3393.699951171875
2025-06-05 03:00:00+00:00,3393.60009765625
2025-06-05 04:00:00+00:00,3391.60009765625
2025-06-05 05:00:00+00:00,3387.300048828125
2025-06-05 06:00:00+00:00,3389.300048828125
2025-06-05 07:00:00+00:00,3394.800048828125
2025-06-05 08:00:00+00:00,3398.800048828125
2025-06-05 09:00:00+00:00,3413.5
2025-06-05 10:00:00+00:00,3424.10009765625
2025-06-05 11:00:00+00:00,3416.60009765625
2025-06-05 12:00:00+00:00,3405.10009765625
2025-06-05 13:00:00+00:00,3401.89990234375
2025-06-05 14:00:00+00:00,3391.0
2025-06-05 15:00:00+00:00,3368.10009765625
2025-06-05 16:00:00+00:00,3376.800048828125
2025-06-05 17:00:00+00:00,3376.89990234375
2025-06-05 18:00:00+00:00,3376.60009765625
2025-06-05 19:00:00+00:00,3380.5
2025-06-05 20:00:00+00:00,3376.10009765625
2025-06-05 22:00:00+00:00,3381.5
2025-06-05 23:00:00+00:00,3384.60009765625
2025-06-06 00:00:00+00:00,3381.699951171875
2025-06-06 01:00:00+00:00,3386.89990234375
2025-06-06 02:00:00+00:00,3386.699951171875
2025-06-06 03:00:00+00:00,3392.39990234375
2025-06-06 04:00:00+00:00,3396.300048828125
2025-06-06 05:00:00+00:00,3389.5
2025-06-06 06:00:00+00:00,3384.0
2025-06-06 07:00:00+00:00,3382.699951171875
2025-06-06 08:00:00+00:00,3388.5
2025-06-06 09:00:00+00:00,3379.800048828125
2025-06-06 10:00:00+00:00,3383.60009765625
2025-06-06 11:00:00+00:00,3381.699951171875
2025-06-06 12:00:00+00:00,3376.199951171875
2025-06-06 13:00:00+00:00,3365.60009765625
2025-06-06 14:00:00+00:00,3348.800048828125
2025-06-06 15:00:00+00:00,3354.60009765625
2025-06-06 16:00:00+00:00,3344.89990234375
2025-06-06 17:00:00+00:00,3345.89990234375
2025-06-06 18:00:00+00:00,3339.800048828125
2025-06-06 19:00:00+00:00,3334.39990234375
2025-06-06 20:00:00+00:00,3331.0
2025-06-08 22:00:00+00:00,3334.60009765625
2025-06-08 23:00:00+00:00,3338.39990234375
2025-06-09 00:00:00+00:00,3325.300048828125
2025-06-09 01:00:00+00:00,3315.5
2025-06-09 02:00:00+00:00,3325.300048828125
2025-06-09 03:00:00+00:00,3330.300048828125
2025-06-09 04:00:00+00:00,3331.800048828125
2025-06-09 05:00:00+00:00,3335.10009765625
2025-06-09 06:00:00+00:00,3345.199951171875
2025-06-09 07:00:00+00:00,3345.199951171875
2025-06-09 08:00:00+00:00,3340.5
2025-06-09 09:00:00+00:00,3339.60009765625
2025-06-09 10:00:00+00:00,3335.699951171875
2025-06-09 11:00:00+00:00,3338.39990234375
2025-06-09 12:00:00+00:00,3341.39990234375
2025-06-09 13:00:00+00:00,3340.10009765625
2025-06-09 14:00:00+00:00,3341.699951171875
2025-06-09 15:00:00+00:00,3349.800048828125
2025-06-09 16:00:00+00:00,3358.39990234375
2025-06-09 17:00:00+00:00,3354.0
2025-06-09 18:00:00+00:00,3354.0
2025-06-09 19:00:00+00:00,3348.199951171875
2025-06-09 20:00:00+00:00,3346.699951171875
2025-06-09 22:00:00+00:00,3344.10009765625
2025-06-09 23:00:00+00:00,3346.60009765625
2025-06-10 00:00:00+00:00,3336.10009765625
2025-06-10 01:00:00+00:00,3326.199951171875
2025-06-10 02:00:00+00:00,3329.10009765625
2025-06-10 03:00:00+00:00,3329.199951171875
2025-06-10 04:00:00+00:00,3326.800048828125
2025-06-10 05:00:00+00:00,3337.89990234375
2025-06-10 06:00:00+00:00,3345.199951171875
2025-06-10 07:00:00+00:00,3349.89990234375
2025-06-10 08:00:00+00:00,3350.0
2025-06-10 09:00:00+00:00,3350.5
2025-06-10 10:00:00+00:00,3356.199951171875
2025-06-10 11:00:00+00:00,3354.39990234375
2025-06-10 12:00:00+00:00,3358.10009765625
2025-06-10 13:00:00+00:00,3364.60009765625
2025-06-10 14:00:00+00:00,3349.39990234375
2025-06-10 15:00:00+00:00,3347.699951171875
2025-06-10 16:00:00+00:00,3342.10009765625
2025-06-10 17:00:00+00:00,3345.800048828125
2025-06-10 18:00:00+00:00,3342.5
2025-06-10 19:00:00+00:00,3349.89990234375
2025-06-10 20:00:00+00:00,3344.800048828125
2025-06-10 22:00:00+00:00,3344.5
2025-06-10 23:00:00+00:00,3348.5
2025-06-11 00:00:00+00:00,3353.199951171875
2025-06-11 01:00:00+00:00,3349.5
2025-06-11 02:00:00+00:00,3359.199951171875
2025-06-11 03:00:00+00:00,3361.0
2025-06-11 04:00:00+00:00,3363.10009765625
2025-06-11 05:00:00+00:00,3360.5
2025-06-11 06:00:00+00:00,3358.10009765625
2025-06-11 07:00:00+00:00,3366.60009765625
2025-06-11 08:00:00+00:00,3365.5
2025-06-11 09:00:00+00:00,3354.699951171875
2025-06-11 10:00:00+00:00,3350.39990234375
2025-06-11 11:00:00+00:00,3353.800048828125
2025-06-11 12:00:00+00:00,3357.300048828125
2025-06-11 13:00:00+00:00,3350.699951171875
2025-06-11 14:00:00+00:00,3358.800048828125
2025-06-11 15:00:00+00:00,3353.699951171875
2025-06-11 16:00:00+00:00,3351.0
2025-06-11 17:00:00+00:00,3344.5
2025-06-11 18:00:00+00:00,3364.300048828125
2025-06-11 19:00:00+00:00,3367.89990234375
2025-06-11 20:00:00+00:00,3376.0
2025-06-11 22:00:00+00:00,3389.39990234375
2025-06-11 23:00:00+00:00,3385.800048828125
2025-06-12 00:00:00+00:00,3386.39990234375
2025-06-12 01:00:00+00:00,3391.60009765625
2025-06-12 02:00:00+00:00,3394.89990234375
2025-06-12 03:00:00+00:00,3393.89990234375
2025-06-12 04:00:00+00:00,3390.800048828125
2025-06-12 05:00:00+00:00,3394.800048828125
2025-06-12 06:00:00+00:00,3395.0
2025-06-12 07:00:00+00:00,3366.60009765625
2025-06-12 08:00:00+00:00,3376.300048828125
2025-06-12 09:00:00+00:00,3385.5
2025-06-12 10:00:00+00:00,3402.89990234375
2025-06-12 11:00:00+00:00,3399.699951171875
2025-06-12 12:00:00+00:00,3409.199951171875
2025-06-12 13:00:00+00:00,3412.800048828125
2025-06-12 14:00:00+00:00,3404.39990234375
2025-06-12 15:00:00+00:00,3406.5
2025-06-12 16:00:00+00:00,3404.39990234375
2025-06-12 17:00:00+00:00,3403.300048828125
2025-06-12 18:00:00+00:00,3406.199951171875
2025-06-12 19:00:00+00:00,3408.5
2025-06-12 20:00:00+00:00,3406.39990234375
2025-06-12 22:00:00+00:00,3404.0
2025-06-12 23:00:00+00:00,3416.39990234375
2025-06-13 00:00:00+00:00,3436.39990234375
2025-06-13 01:00:00+00:00,3449.0
2025-06-13 02:00:00+00:00,3463.800048828125
2025-06-13 03:00:00+00:00,3448.199951171875
2025-06-13 04:00:00+00:00,3447.300048828125
2025-06-13 05:00:00+00:00,3447.199951171875
2025-06-13 06:00:00+00:00,3436.89990234375
2025-06-13 07:00:00+00:00,3435.5
2025-06-13 08:00:00+00:00,3444.699951171875
2025-06-13 09:00:00+00:00,3444.699951171875
2025-06-13 10:00:00+00:00,3436.0
2025-06-13 11:00:00+00:00,3442.10009765625
2025-06-13 12:00:00+00:00,3457.10009765625
2025-06-13 13:00:00+00:00,3457.60009765625
2025-06-13 14:00:00+00:00,3448.39990234375
2025-06-13 15:00:00+00:00,3446.300048828125
2025-06-13 16:00:00+00:00,3450.699951171875
2025-06-13 17:00:00+00:00,3450.60009765625
2025-06-13 18:00:00+00:00,3456.5
2025-06-13 19:00:00+00:00,3452.10009765625
2025-06-13 20:00:00+00:00,3452.60009765625
2025-06-15 22:00:00+00:00,3468.699951171875
2025-06-15 23:00:00+00:00,3464.0
2025-06-16 00:00:00+00:00,3456.5
2025-06-16 01:00:00+00:00,3460.60009765625
2025-06-16 02:00:00+00:00,3458.0
2025-06-16 03:00:00+00:00,3450.699951171875
2025-06-16 04:00:00+00:00,3446.5
2025-06-16 05:00:00+00:00,3441.199951171875
2025-06-16 06:00:00+00:00,3438.0
2025-06-16 07:00:00+00:00,3431.800048828125
2025-06-16 08:00:00+00:00,3432.89990234375
2025-06-16 09:00:00+00:00,3431.60009765625
2025-06-16 10:00:00+00:00,3440.5
2025-06-16 11:00:00+00:00,3434.60009765625
2025-06-16 12:00:00+00:00,3435.300048828125
2025-06-16 13:00:00+00:00,3407.300048828125
2025-06-16 14:00:00+00:00,3416.0
2025-06-16 15:00:00+00:00,3423.800048828125
2025-06-16 16:00:00+00:00,3418.300048828125
2025-06-16 17:00:00+00:00,3412.199951171875
2025-06-16 18:00:00+00:00,3404.699951171875
2025-06-16 19:00:00+00:00,3402.89990234375
2025-06-16 20:00:00+00:00,3404.300048828125
2025-06-16 22:00:00+00:00,3414.5
2025-06-16 23:00:00+00:00,3422.39990234375
2025-06-17 00:00:00+00:00,3413.89990234375
2025-06-17 01:00:00+00:00,3412.60009765625
2025-06-17 02:00:00+00:00,3409.39990234375
2025-06-17 03:00:00+00:00,3405.39990234375
2025-06-17 04:00:00+00:00,3412.800048828125
2025-06-17 05:00:00+00:00,3411.0
2025-06-17 06:00:00+00:00,3403.39990234375
2025-06-17 07:00:00+00:00,3406.199951171875
2025-06-17 08:00:00+00:00,3397.199951171875
2025-06-17 09:00:00+00:00,3403.800048828125
2025-06-17 10:00:00+00:00,3417.10009765625
2025-06-17 11:00:00+00:00,3407.10009765625
2025-06-17 12:00:00+00:00,3405.300048828125
2025-06-17 13:00:00+00:00,3409.800048828125
2025-06-17 14:00:00+00:00,3403.800048828125
2025-06-17 15:00:00+00:00,3397.89990234375
2025-06-17 16:00:00+00:00,3401.39990234375
2025-06-17 17:00:00+00:00,3408.699951171875
2025-06-17 18:00:00+00:00,3401.39990234375
2025-06-17 19:00:00+00:00,3404.39990234375
2025-06-17 20:00:00+00:00,3406.5
2025-06-17 22:00:00+00:00,3407.699951171875
2025-06-17 23:00:00+00:00,3405.5
2025-06-18 00:00:00+00:00,3404.0
2025-06-18 01:00:00+00:00,3397.699951171875
2025-06-18 02:00:00+00:00,3397.89990234375
2025-06-18 03:00:00+00:00,3409.60009765625
2025-06-18 04:00:00+00:00,3413.699951171875
2025-06-18 05:00:00+00:00,3405.10009765625
2025-06-18 06:00:00+00:00,3400.699951171875
2025-06-18 07:00:00+00:00,3404.0
2025-06-18 08:00:00+00:00,3401.5
2025-06-18 09:00:00+00:00,3396.60009765625
2025-06-18 10:00:00+00:00,3398.39990234375
2025-06-18 11:00:00+00:00,3400.39990234375
2025-06-18 12:00:00+00:00,3405.5
2025-06-18 13:00:00+00:00,3411.10009765625
2025-06-18 14:00:00+00:00,3405.699951171875
2025-06-18 15:00:00+00:00,3411.0
2025-06-18 16:00:00+00:00,3409.5
2025-06-18 17:00:00+00:00,3404.5
2025-06-18 18:00:00+00:00,3397.10009765625
2025-06-18 19:00:00+00:00,3385.300048828125
2025-06-18 20:00:00+00:00,3387.300048828125
2025-06-18 22:00:00+00:00,3392.0
2025-06-18 23:00:00+00:00,3391.89990234375
2025-06-19 00:00:00+00:00,3396.300048828125
2025-06-19 01:00:00+00:00,3392.300048828125
2025-06-19 02:00:00+00:00,3393.89990234375
2025-06-19 03:00:00+00:00,3391.0
2025-06-19 04:00:00+00:00,3391.89990234375
2025-06-19 05:00:00+00:00,3381.699951171875
2025-06-19 06:00:00+00:00,3373.5
2025-06-19 07:00:00+00:00,3382.89990234375
2025-06-19 08:00:00+00:00,3386.10009765625
2025-06-19 09:00:00+00:00,3387.300048828125
2025-06-19 10:00:00+00:00,3391.89990234375
2025-06-19 11:00:00+00:00,3388.89990234375
2025-06-19 12:00:00+00:00,3384.699951171875
2025-06-19 13:00:00+00:00,3386.60009765625
2025-06-19 14:00:00+00:00,3381.699951171875
2025-06-19 15:00:00+00:00,3385.89990234375
2025-06-19 16:00:00+00:00,3387.800048828125
2025-06-19 17:00:00+00:00,3385.300048828125
2025-06-19 18:00:00+00:00,3387.39990234375
2025-06-19 22:00:00+00:00,3382.10009765625
2025-06-19 23:00:00+00:00,3385.199951171875
2025-06-20 00:00:00+00:00,3384.5
2025-06-20 01:00:00+00:00,3372.800048828125
2025-06-20 02:00:00+00:00,3368.5
2025-06-20 03:00:00+00:00,3371.800048828125
2025-06-20 04:00:00+00:00,3370.60009765625
2025-06-20 05:00:00+00:00,3360.89990234375
2025-06-20 06:00:00+00:00,3361.39990234375
2025-06-20 07:00:00+00:00,3363.39990234375
2025-06-20 08:00:00+00:00,3367.300048828125
2025-06-20 09:00:00+00:00,3371.300048828125
2025-06-20 10:00:00+00:00,3371.300048828125
2025-06-20 11:00:00+00:00,3362.800048828125
2025-06-20 12:00:00+00:00,3360.10009765625
2025-06-20 13:00:00+00:00,3386.60009765625
2025-06-20 14:00:00+00:00,3385.5
2025-06-20 15:00:00+00:00,3385.60009765625
2025-06-20 16:00:00+00:00,3387.699951171875
2025-06-20 17:00:00+00:00,3383.199951171875
2025-06-20 18:00:00+00:00,3382.300048828125
2025-06-20 19:00:00+00:00,3381.39990234375
2025-06-20 20:00:00+00:00,3384.39990234375
2025-06-22 22:00:00+00:00,3394.10009765625
2025-06-22 23:00:00+00:00,3388.39990234375
2025-06-23 00:00:00+00:00,3381.39990234375
2025-06-23 01:00:00+00:00,3371.0
2025-06-23 02:00:00+00:00,3376.60009765625
2025-06-23 03:00:00+00:00,3378.39990234375
2025-06-23 04:00:00+00:00,3373.5
2025-06-23 05:00:00+00:00,3371.5
2025-06-23 06:00:00+00:00,3372.5
2025-06-23 07:00:00+00:00,3372.800048828125
2025-06-23 08:00:00+00:00,3377.199951171875
2025-06-23 09:00:00+00:00,3382.10009765625
2025-06-23 10:00:00+00:00,3383.300048828125
2025-06-23 11:00:00+00:00,3395.699951171875
2025-06-23 12:00:00+00:00,3375.60009765625
2025-06-23 13:00:00+00:00,3396.5
2025-06-23 14:00:00+00:00,3402.300048828125
2025-06-23 15:00:00+00:00,3403.300048828125
2025-06-23 16:00:00+00:00,3405.60009765625
2025-06-23 17:00:00+00:00,3397.699951171875
2025-06-23 18:00:00+00:00,3393.800048828125
2025-06-23 19:00:00+00:00,3391.300048828125
2025-06-23 20:00:00+00:00,3384.39990234375
2025-06-23 22:00:00+00:00,3370.5
2025-06-23 23:00:00+00:00,3358.699951171875
2025-06-24 00:00:00+00:00,3365.39990234375
2025-06-24 01:00:00+00:00,3362.300048828125
2025-06-24 02:00:00+00:00,3366.199951171875
2025-06-24 03:00:00+00:00,3366.39990234375
2025-06-24 04:00:00+00:00,3362.699951171875
2025-06-24 05:00:00+00:00,3346.0
2025-06-24 06:00:00+00:00,3337.300048828125
2025-06-24 07:00:00+00:00,3343.800048828125
2025-06-24 08:00:00+00:00,3341.60009765625
2025-06-24 09:00:00+00:00,3332.199951171875
2025-06-24 10:00:00+00:00,3339.5
2025-06-24 11:00:00+00:00,3335.199951171875
2025-06-24 12:00:00+00:00,3328.300048828125
2025-06-24 13:00:00+00:00,3315.60009765625
2025-06-24 14:00:00+00:00,3318.60009765625
2025-06-24 15:00:00+00:00,3326.89990234375
2025-06-24 16:00:00+00:00,3332.60009765625
2025-06-24 17:00:00+00:00,3332.10009765625
2025-06-24 18:00:00+00:00,3331.39990234375
2025-06-24 19:00:00+00:00,3337.800048828125
2025-06-24 20:00:00+00:00,3338.5
2025-06-24 22:00:00+00:00,3335.60009765625
2025-06-24 23:00:00+00:00,3338.0
2025-06-25 00:00:00+00:00,3340.60009765625
2025-06-25 01:00:00+00:00,3348.800048828125
2025-06-25 02:00:00+00:00,3343.800048828125
2025-06-25 03:00:00+00:00,3342.300048828125
2025-06-25 04:00:00+00:00,3341.300048828125
2025-06-25 05:00:00+00:00,3345.39990234375
2025-06-25 06:00:00+00:00,3345.800048828125
2025-06-25 07:00:00+00:00,3344.5
2025-06-25 08:00:00+00:00,3340.5
2025-06-25 09:00:00+00:00,3338.699951171875
2025-06-25 10:00:00+00:00,3338.10009765625
2025-06-25 11:00:00+00:00,3336.699951171875
2025-06-25 12:00:00+00:00,3334.39990234375
2025-06-25 13:00:00+00:00,3328.199951171875
2025-06-25 14:00:00+00:00,3337.5
2025-06-25 15:00:00+00:00,3339.199951171875
2025-06-25 16:00:00+00:00,3348.60009765625
2025-06-25 17:00:00+00:00,3342.199951171875
2025-06-25 18:00:00+00:00,3345.60009765625
2025-06-25 19:00:00+00:00,3348.199951171875
2025-06-25 20:00:00+00:00,3346.39990234375
2025-06-25 22:00:00+00:00,3346.300048828125
2025-06-25 23:00:00+00:00,3352.800048828125
2025-06-26 00:00:00+00:00,3347.300048828125
2025-06-26 01:00:00+00:00,3343.699951171875
2025-06-26 02:00:00+00:00,3353.10009765625
2025-06-26 03:00:00+00:00,3352.10009765625
2025-06-26 04:00:00+00:00,3347.89990234375
2025-06-26 05:00:00+00:00,3348.39990234375
2025-06-26 06:00:00+00:00,3353.199951171875
2025-06-26 07:00:00+00:00,3359.39990234375
2025-06-26 08:00:00+00:00,3361.800048828125
2025-06-26 09:00:00+00:00,3353.800048828125
2025-06-26 10:00:00+00:00,3355.89990234375
2025-06-26 11:00:00+00:00,3346.39990234375
2025-06-26 12:00:00+00:00,3338.300048828125
2025-06-26 13:00:00+00:00,3337.89990234375
2025-06-26 14:00:00+00:00,3330.199951171875
2025-06-26 15:00:00+00:00,3337.60009765625
2025-06-26 16:00:00+00:00,3344.699951171875
2025-06-26 17:00:00+00:00,3346.300048828125
2025-06-26 18:00:00+00:00,3346.89990234375
2025-06-26 19:00:00+00:00,3345.0
2025-06-26 20:00:00+00:00,3341.60009765625
2025-06-26 22:00:00+00:00,3335.0
2025-06-26 23:00:00+00:00,3331.800048828125
2025-06-27 00:00:00+00:00,3331.699951171875
2025-06-27 01:00:00+00:00,3329.10009765625
2025-06-27 02:00:00+00:00,3321.199951171875
2025-06-27 03:00:00+00:00,3306.800048828125
2025-06-27 04:00:00+00:00,3306.300048828125
2025-06-27 05:00:00+00:00,3309.800048828125
2025-06-27 06:00:00+00:00,3307.0
2025-06-27 07:00:00+00:00,3296.199951171875
2025-06-27 08:00:00+00:00,3301.300048828125
2025-06-27 09:00:00+00:00,3294.60009765625
2025-06-27 10:00:00+00:00,3297.39990234375
2025-06-27 11:00:00+00:00,3292.89990234375
2025-06-27 12:00:00+00:00,3281.300048828125
2025-06-27 13:00:00+00:00,3286.300048828125
2025-06-27 14:00:00+00:00,3284.300048828125
2025-06-27 15:00:00+00:00,3286.300048828125
2025-06-27 16:00:00+00:00,3289.39990234375
2025-06-27 17:00:00+00:00,3289.699951171875
2025-06-27 18:00:00+00:00,3288.0
2025-06-27 19:00:00+00:00,3282.699951171875
2025-06-27 20:00:00+00:00,3286.10009765625
2025-06-29 22:00:00+00:00,3274.699951171875
2025-06-29 23:00:00+00:00,3274.5
2025-06-30 00:00:00+00:00,3275.300048828125
2025-06-30 01:00:00+00:00,3285.199951171875
2025-06-30 02:00:00+00:00,3291.60009765625
2025-06-30 03:00:00+00:00,3289.199951171875
2025-06-30 04:00:00+00:00,3296.800048828125
2025-06-30 05:00:00+00:00,3299.60009765625
2025-06-30 06:00:00+00:00,3303.0
2025-06-30 07:00:00+00:00,3304.0
2025-06-30 08:00:00+00:00,3300.60009765625
2025-06-30 09:00:00+00:00,3299.300048828125
2025-06-30 10:00:00+00:00,3295.300048828125
2025-06-30 11:00:00+00:00,3289.199951171875
2025-06-30 12:00:00+00:00,3293.60009765625
2025-06-30 13:00:00+00:00,3296.699951171875
2025-06-30 14:00:00+00:00,3299.39990234375
2025-06-30 15:00:00+00:00,3301.699951171875
2025-06-30 16:00:00+00:00,3309.10009765625
2025-06-30 17:00:00+00:00,3305.800048828125
2025-06-30 18:00:00+00:00,3310.5
2025-06-30 19:00:00+00:00,3320.5
2025-06-30 20:00:00+00:00,3315.0
2025-06-30 22:00:00+00:00,3323.0
2025-06-30 23:00:00+00:00,3324.39990234375
2025-07-01 00:00:00+00:00,3326.800048828125
2025-07-01 01:00:00+00:00,3328.89990234375
2025-07-01 02:00:00+00:00,3327.5
2025-07-01 03:00:00+00:00,3332.10009765625
2025-07-01 04:00:00+00:00,3335.10009765625
2025-07-01 05:00:00+00:00,3339.800048828125
2025-07-01 06:00:00+00:00,3342.800048828125
2025-07-01 07:00:00+00:00,3351.199951171875
2025-07-01 08:00:00+00:00,3351.39990234375
2025-07-01 09:00:00+00:00,3357.5
2025-07-01 10:00:00+00:00,3360.60009765625
2025-07-01 11:00:00+00:00,3361.0
2025-07-01 12:00:00+00:00,3366.60009765625
2025-07-01 13:00:00+00:00,3363.800048828125
2025-07-01 14:00:00+00:00,3357.800048828125
2025-07-01 15:00:00+00:00,3352.10009765625
2025-07-01 16:00:00+00:00,3354.0
2025-07-01 17:00:00+00:00,3352.0
2025-07-01 18:00:00+00:00,3350.199951171875
2025-07-01 19:00:00+00:00,3349.60009765625
2025-07-01 20:00:00+00:00,3349.89990234375
2025-07-01 22:00:00+00:00,3352.0
2025-07-01 23:00:00+00:00,3348.60009765625
2025-07-02 00:00:00+00:00,3348.89990234375
2025-07-02 01:00:00+00:00,3342.0
2025-07-02 02:00:00+00:00,3346.800048828125
2025-07-02 03:00:00+00:00,3349.699951171875
2025-07-02 04:00:00+00:00,3349.800048828125
2025-07-02 05:00:00+00:00,3348.800048828125
2025-07-02 06:00:00+00:00,3343.300048828125
2025-07-02 07:00:00+00:00,3344.800048828125
2025-07-02 08:00:00+00:00,3343.800048828125
2025-07-02 09:00:00+00:00,3351.60009765625
2025-07-02 10:00:00+00:00,3354.89990234375
2025-07-02 11:00:00+00:00,3352.60009765625
2025-07-02 12:00:00+00:00,3357.39990234375
2025-07-02 13:00:00+00:00,3347.60009765625
2025-07-02 14:00:00+00:00,3354.10009765625
2025-07-02 15:00:00+00:00,3351.5
2025-07-02 16:00:00+00:00,3359.5
2025-07-02 17:00:00+00:00,3360.199951171875
2025-07-02 18:00:00+00:00,3365.5
2025-07-02 19:00:00+00:00,3368.5
2025-07-02 20:00:00+00:00,3368.699951171875
2025-07-02 22:00:00+00:00,3372.89990234375
2025-07-02 23:00:00+00:00,3360.300048828125
2025-07-03 00:00:00+00:00,3355.60009765625
2025-07-03 01:00:00+00:00,3356.699951171875
2025-07-03 02:00:00+00:00,3362.10009765625
2025-07-03 03:00:00+00:00,3358.800048828125
2025-07-03 13:30:00+00:00,3342.39990234375
2025-07-03 14:30:00+00:00,3333.800048828125
2025-07-03 15:30:00+00:00,3338.300048828125
2025-07-03 16:30:00+00:00,3344.10009765625
2025-07-04 04:00:00+00:00,3351.10009765625
2025-07-04 05:00:00+00:00,3348.89990234375
2025-07-04 06:00:00+00:00,3352.10009765625
2025-07-04 07:00:00+00:00,3352.699951171875
2025-07-04 08:00:00+00:00,3352.5
2025-07-04 09:00:00+00:00,3344.800048828125
2025-07-04 10:00:00+00:00,3347.10009765625
2025-07-04 11:00:00+00:00,3344.60009765625
2025-07-04 12:00:00+00:00,3343.699951171875
2025-07-04 13:00:00+00:00,3343.800048828125
2025-07-04 14:00:00+00:00,3343.300048828125
2025-07-04 15:00:00+00:00,3342.699951171875
2025-07-04 16:00:00+00:00,3346.5
2025-07-06 22:00:00+00:00,3343.300048828125
2025-07-06 23:00:00+00:00,3337.800048828125
2025-07-07 00:00:00+00:00,3335.699951171875
2025-07-07 01:00:00+00:00,3325.300048828125
2025-07-07 02:00:00+00:00,3317.89990234375
2025-07-07 03:00:00+00:00,3320.199951171875
2025-07-07 04:00:00+00:00,3316.300048828125
2025-07-07 05:00:00+00:00,3322.300048828125
2025-07-07 06:00:00+00:00,3318.89990234375
2025-07-07 07:00:00+00:00,3311.199951171875
2025-07-07 08:00:00+00:00,3319.39990234375
2025-07-07 09:00:00+00:00,3318.10009765625
2025-07-07 10:00:00+00:00,3310.89990234375
2025-07-07 11:00:00+00:00,3310.89990234375
2025-07-07 12:00:00+00:00,3318.39990234375
2025-07-07 13:00:00+00:00,3326.0
2025-07-07 14:00:00+00:00,3327.800048828125
2025-07-07 15:00:00+00:00,3330.60009765625
2025-07-07 16:00:00+00:00,3337.300048828125
2025-07-07 17:00:00+00:00,3341.699951171875
2025-07-07 18:00:00+00:00,3344.10009765625
2025-07-07 19:00:00+00:00,3347.10009765625
2025-07-07 20:00:00+00:00,3346.39990234375
2025-07-07 22:00:00+00:00,3349.5
2025-07-07 23:00:00+00:00,3344.39990234375
2025-07-08 00:00:00+00:00,3344.199951171875
2025-07-08 01:00:00+00:00,3344.800048828125
2025-07-08 02:00:00+00:00,3344.60009765625
2025-07-08 03:00:00+00:00,3341.60009765625
2025-07-08 04:00:00+00:00,3339.39990234375
2025-07-08 05:00:00+00:00,3344.10009765625
2025-07-08 06:00:00+00:00,3345.699951171875
2025-07-08 07:00:00+00:00,3343.89990234375
2025-07-08 08:00:00+00:00,3333.0
2025-07-08 09:00:00+00:00,3331.300048828125
2025-07-08 10:00:00+00:00,3333.800048828125
2025-07-08 11:00:00+00:00,3334.39990234375
2025-07-08 12:00:00+00:00,3337.5
2025-07-08 13:00:00+00:00,3324.60009765625
2025-07-08 14:00:00+00:00,3305.10009765625
2025-07-08 15:00:00+00:00,3307.0
2025-07-08 16:00:00+00:00,3309.0
2025-07-08 17:00:00+00:00,3315.10009765625
2025-07-08 18:00:00+00:00,3313.89990234375
2025-07-08 19:00:00+00:00,3312.699951171875
2025-07-08 20:00:00+00:00,3311.0
2025-07-08 22:00:00+00:00,3310.0
2025-07-08 23:00:00+00:00,3310.39990234375
2025-07-09 00:00:00+00:00,3315.89990234375
2025-07-09 01:00:00+00:00,3310.89990234375
2025-07-09 02:00:00+00:00,3297.0
2025-07-09 03:00:00+00:00,3301.39990234375
2025-07-09 04:00:00+00:00,3302.10009765625
2025-07-09 05:00:00+00:00,3297.699951171875
2025-07-09 06:00:00+00:00,3300.699951171875
2025-07-09 07:00:00+00:00,3300.0
2025-07-09 08:00:00+00:00,3292.699951171875
2025-07-09 09:00:00+00:00,3297.10009765625
2025-07-09 10:00:00+00:00,3303.60009765625
2025-07-09 11:00:00+00:00,3292.800048828125
2025-07-09 12:00:00+00:00,3305.0
2025-07-09 13:00:00+00:00,3310.89990234375
2025-07-09 14:00:00+00:00,3321.0
2025-07-09 15:00:00+00:00,3318.39990234375
2025-07-09 16:00:00+00:00,3320.699951171875
2025-07-09 17:00:00+00:00,3318.199951171875
2025-07-09 18:00:00+00:00,3319.699951171875
2025-07-09 19:00:00+00:00,3324.300048828125
2025-07-09 20:00:00+00:00,3322.5
2025-07-09 22:00:00+00:00,3327.5
2025-07-09 23:00:00+00:00,3325.39990234375
2025-07-10 00:00:00+00:00,3325.60009765625
2025-07-10 01:00:00+00:00,3330.5
2025-07-10 02:00:00+00:00,3327.60009765625
2025-07-10 03:00:00+00:00,3324.39990234375
2025-07-10 04:00:00+00:00,3330.39990234375
2025-07-10 05:00:00+00:00,3329.699951171875
2025-07-10 06:00:00+00:00,3333.699951171875
2025-07-10 07:00:00+00:00,3329.39990234375
2025-07-10 08:00:00+00:00,3337.199951171875
2025-07-10 09:00:00+00:00,3335.199951171875
2025-07-10 10:00:00+00:00,3334.199951171875
2025-07-10 11:00:00+00:00,3329.199951171875
2025-07-10 12:00:00+00:00,3332.89990234375
2025-07-10 13:00:00+00:00,3322.10009765625
2025-07-10 14:00:00+00:00,3323.699951171875
2025-07-10 15:00:00+00:00,3329.800048828125
2025-07-10 16:00:00+00:00,3324.199951171875
2025-07-10 17:00:00+00:00,3326.39990234375
2025-07-10 18:00:00+00:00,3330.300048828125
2025-07-10 19:00:00+00:00,3334.0
2025-07-10 20:00:00+00:00,3333.0
2025-07-10 22:00:00+00:00,3333.39990234375
2025-07-10 23:00:00+00:00,3333.699951171875
2025-07-11 00:00:00+00:00,3343.5
2025-07-11 01:00:00+00:00,3340.0
2025-07-11 02:00:00+00:00,3343.39990234375
2025-07-11 03:00:00+00:00,3344.800048828125
2025-07-11 04:00:00+00:00,3342.300048828125
2025-07-11 05:00:00+00:00,3346.199951171875
2025-07-11 06:00:00+00:00,3343.0
2025-07-11 07:00:00+00:00,3352.10009765625
2025-07-11 08:00:00+00:00,3342.5
2025-07-11 09:00:00+00:00,3350.300048828125
2025-07-11 10:00:00+00:00,3355.89990234375
2025-07-11 11:00:00+00:00,3358.699951171875
2025-07-11 12:00:00+00:00,3367.0
2025-07-11 13:00:00+00:00,3363.5
2025-07-11 14:00:00+00:00,3374.10009765625
2025-07-11 15:00:00+00:00,3374.5
2025-07-11 16:00:00+00:00,3368.39990234375
2025-07-11 17:00:00+00:00,3367.39990234375
2025-07-11 18:00:00+00:00,3370.39990234375
2025-07-11 19:00:00+00:00,3371.60009765625
2025-07-11 20:00:00+00:00,3370.60009765625
2025-07-14 04:00:00+00:00,3373.89990234375
2025-07-14 05:00:00+00:00,3370.60009765625
2025-07-14 06:00:00+00:00,3381.699951171875
2025-07-14 07:00:00+00:00,3382.699951171875
2025-07-14 08:00:00+00:00,3376.800048828125
2025-07-14 09:00:00+00:00,3381.89990234375
2025-07-14 10:00:00+00:00,3382.89990234375
2025-07-14 11:00:00+00:00,3374.39990234375
2025-07-14 12:00:00+00:00,3358.60009765625
2025-07-14 13:00:00+00:00,3363.300048828125
2025-07-14 14:00:00+00:00,3351.10009765625
2025-07-14 15:00:00+00:00,3352.699951171875
2025-07-14 16:00:00+00:00,3355.60009765625
2025-07-14 17:00:00+00:00,3359.199951171875
2025-07-14 18:00:00+00:00,3357.800048828125
2025-07-14 19:00:00+00:00,3353.199951171875
2025-07-14 20:00:00+00:00,3352.10009765625
2025-07-14 22:00:00+00:00,3354.0
2025-07-14 23:00:00+00:00,3354.199951171875
2025-07-15 00:00:00+00:00,3356.800048828125
2025-07-15 01:00:00+00:00,3355.300048828125
2025-07-15 02:00:00+00:00,3359.5
2025-07-15 03:00:00+00:00,3366.800048828125
2025-07-15 04:00:00+00:00,3369.5
2025-07-15 05:00:00+00:00,3371.300048828125
2025-07-15 06:00:00+00:00,3367.0
2025-07-15 07:00:00+00:00,3372.89990234375
2025-07-15 08:00:00+00:00,3369.5
2025-07-15 09:00:00+00:00,3372.39990234375
2025-07-15 10:00:00+00:00,3370.60009765625
2025-07-15 11:00:00+00:00,3363.60009765625
2025-07-15 12:00:00+00:00,3357.300048828125
2025-07-15 13:00:00+00:00,3355.10009765625
2025-07-15 14:00:00+00:00,3355.60009765625
2025-07-15 15:00:00+00:00,3336.5
2025-07-15 16:00:00+00:00,3336.5
2025-07-15 17:00:00+00:00,3334.800048828125
2025-07-15 18:00:00+00:00,3335.39990234375
2025-07-15 19:00:00+00:00,3336.5
2025-07-15 20:00:00+00:00,3330.5
2025-07-15 22:00:00+00:00,3332.60009765625
2025-07-15 23:00:00+00:00,3337.699951171875
2025-07-16 00:00:00+00:00,3337.0
2025-07-16 01:00:00+00:00,3336.89990234375
2025-07-16 02:00:00+00:00,3332.5
2025-07-16 03:00:00+00:00,3341.300048828125
2025-07-16 04:00:00+00:00,3345.10009765625
2025-07-16 05:00:00+00:00,3344.5
2025-07-16 06:00:00+00:00,3346.10009765625
2025-07-16 07:00:00+00:00,3344.60009765625
2025-07-16 08:00:00+00:00,3348.800048828125
2025-07-16 09:00:00+00:00,3347.10009765625
2025-07-16 10:00:00+00:00,3342.300048828125
2025-07-16 11:00:00+00:00,3346.39990234375
2025-07-16 12:00:00+00:00,3342.0
2025-07-16 13:00:00+00:00,3333.89990234375
2025-07-16 14:00:00+00:00,3345.39990234375
2025-07-16 15:00:00+00:00,3350.39990234375
2025-07-16 16:00:00+00:00,3356.10009765625
2025-07-16 17:00:00+00:00,3362.10009765625
2025-07-16 18:00:00+00:00,3357.39990234375
2025-07-16 19:00:00+00:00,3354.300048828125
2025-07-16 20:00:00+00:00,3354.199951171875
2025-07-16 22:00:00+00:00,3355.39990234375
2025-07-16 23:00:00+00:00,3352.0
2025-07-17 00:00:00+00:00,3346.60009765625
2025-07-17 01:00:00+00:00,3350.199951171875
2025-07-17 02:00:00+00:00,3347.300048828125
2025-07-17 03:00:00+00:00,3347.699951171875
2025-07-17 04:00:00+00:00,3349.0
2025-07-17 05:00:00+00:00,3345.39990234375
2025-07-17 06:00:00+00:00,3341.300048828125
2025-07-17 07:00:00+00:00,3331.39990234375
2025-07-17 08:00:00+00:00,3334.0
2025-07-17 09:00:00+00:00,3331.199951171875
2025-07-17 10:00:00+00:00,3331.0
2025-07-17 11:00:00+00:00,3329.5
2025-07-17 12:00:00+00:00,3318.199951171875
2025-07-17 13:00:00+00:00,3323.699951171875
2025-07-17 14:00:00+00:00,3340.0
2025-07-17 15:00:00+00:00,3342.300048828125
2025-07-17 16:00:00+00:00,3344.10009765625
2025-07-17 17:00:00+00:00,3342.800048828125
2025-07-17 18:00:00+00:00,3343.800048828125
2025-07-17 19:00:00+00:00,3345.199951171875
2025-07-17 20:00:00+00:00,3345.39990234375
2025-07-17 22:00:00+00:00,3349.10009765625
2025-07-17 23:00:00+00:00,3345.60009765625
2025-07-18 00:00:00+00:00,3345.199951171875
2025-07-18 01:00:00+00:00,3343.0
2025-07-18 02:00:00+00:00,3343.800048828125
2025-07-18 03:00:00+00:00,3341.10009765625
2025-07-18 04:00:00+00:00,3342.699951171875
2025-07-18 05:00:00+00:00,3338.800048828125
2025-07-18 06:00:00+00:00,3347.89990234375
2025-07-18 07:00:00+00:00,3355.89990234375
2025-07-18 08:00:00+00:00,3352.89990234375
2025-07-18 09:00:00+00:00,3358.0
2025-07-18 10:00:00+00:00,3357.199951171875
2025-07-18 11:00:00+00:00,3360.699951171875
2025-07-18 12:00:00+00:00,3366.60009765625
2025-07-18 13:00:00+00:00,3362.0
2025-07-18 14:00:00+00:00,3361.5
2025-07-18 15:00:00+00:00,3360.39990234375
2025-07-18 16:00:00+00:00,3360.0
2025-07-18 17:00:00+00:00,3358.5
2025-07-18 18:00:00+00:00,3357.39990234375
2025-07-18 19:00:00+00:00,3354.0
2025-07-18 20:00:00+00:00,3355.5
2025-07-20 22:00:00+00:00,3354.300048828125
2025-07-20 23:00:00+00:00,3355.199951171875
2025-07-21 00:00:00+00:00,3358.39990234375
2025-07-21 01:00:00+00:00,3362.800048828125
2025-07-21 02:00:00+00:00,3360.5
2025-07-21 03:00:00+00:00,3361.10009765625
2025-07-21 04:00:00+00:00,3364.10009765625
2025-07-21 05:00:00+00:00,3374.0
2025-07-21 06:00:00+00:00,3375.60009765625
2025-07-21 07:00:00+00:00,3372.10009765625
2025-07-21 08:00:00+00:00,3373.5
2025-07-21 09:00:00+00:00,3373.699951171875
2025-07-21 10:00:00+00:00,3373.10009765625
2025-07-21 11:00:00+00:00,3383.10009765625
2025-07-21 12:00:00+00:00,3395.39990234375
2025-07-21 13:00:00+00:00,3400.89990234375
2025-07-21 14:00:00+00:00,3413.699951171875
2025-07-21 15:00:00+00:00,3411.10009765625
2025-07-21 16:00:00+00:00,3409.800048828125
2025-07-21 17:00:00+00:00,3407.60009765625
2025-07-21 18:00:00+00:00,3408.199951171875
2025-07-21 19:00:00+00:00,3409.800048828125
2025-07-21 20:00:00+00:00,3410.300048828125
2025-07-21 22:00:00+00:00,3412.89990234375
2025-07-21 23:00:00+00:00,3410.89990234375
2025-07-22 00:00:00+00:00,3407.89990234375
2025-07-22 01:00:00+00:00,3400.89990234375
2025-07-22 02:00:00+00:00,3405.699951171875
2025-07-22 03:00:00+00:00,3405.60009765625
2025-07-22 04:00:00+00:00,3404.5
2025-07-22 05:00:00+00:00,3399.5
2025-07-22 06:00:00+00:00,3397.39990234375
2025-07-22 07:00:00+00:00,3399.300048828125
2025-07-22 08:00:00+00:00,3400.89990234375
2025-07-22 09:00:00+00:00,3396.300048828125
2025-07-22 10:00:00+00:00,3396.39990234375
2025-07-22 11:00:00+00:00,3401.10009765625
2025-07-22 12:00:00+00:00,3419.300048828125
2025-07-22 13:00:00+00:00,3423.10009765625
2025-07-22 14:00:00+00:00,3440.0
2025-07-22 15:00:00+00:00,3439.699951171875
2025-07-22 16:00:00+00:00,3446.300048828125
2025-07-22 17:00:00+00:00,3442.60009765625
2025-07-22 18:00:00+00:00,3442.199951171875
2025-07-22 19:00:00+00:00,3443.89990234375
2025-07-22 20:00:00+00:00,3444.0
2025-07-22 22:00:00+00:00,3441.800048828125
2025-07-22 23:00:00+00:00,3439.39990234375
2025-07-23 00:00:00+00:00,3442.199951171875
2025-07-23 01:00:00+00:00,3435.10009765625
2025-07-23 02:00:00+00:00,3436.89990234375
2025-07-23 03:00:00+00:00,3437.5
2025-07-23 04:00:00+00:00,3436.699951171875
2025-07-23 05:00:00+00:00,3434.0
2025-07-23 06:00:00+00:00,3438.0
2025-07-23 07:00:00+00:00,3434.300048828125
2025-07-23 08:00:00+00:00,3440.300048828125
2025-07-23 09:00:00+00:00,3444.199951171875
2025-07-23 10:00:00+00:00,3435.199951171875
2025-07-23 11:00:00+00:00,3440.5
2025-07-23 12:00:00+00:00,3429.89990234375
2025-07-23 13:00:00+00:00,3422.699951171875
2025-07-23 14:00:00+00:00,3422.89990234375
2025-07-23 15:00:00+00:00,3406.300048828125
2025-07-23 16:00:00+00:00,3396.199951171875
2025-07-23 17:00:00+00:00,3402.300048828125
2025-07-23 18:00:00+00:00,3402.699951171875
2025-07-23 19:00:00+00:00,3400.39990234375
2025-07-23 20:00:00+00:00,3397.5
2025-07-23 22:00:00+00:00,3395.300048828125
2025-07-23 23:00:00+00:00,3397.10009765625
2025-07-24 00:00:00+00:00,3399.10009765625
2025-07-24 01:00:00+00:00,3392.89990234375
2025-07-24 02:00:00+00:00,3388.800048828125
2025-07-24 03:00:00+00:00,3388.800048828125
2025-07-24 04:00:00+00:00,3387.39990234375
2025-07-24 05:00:00+00:00,3385.199951171875
2025-07-24 06:00:00+00:00,3381.10009765625
2025-07-24 07:00:00+00:00,3372.60009765625
2025-07-24 08:00:00+00:00,3374.5
2025-07-24 09:00:00+00:00,3368.800048828125
2025-07-24 10:00:00+00:00,3368.699951171875
2025-07-24 11:00:00+00:00,3366.39990234375
2025-07-24 12:00:00+00:00,3357.300048828125
2025-07-24 13:00:00+00:00,3370.60009765625
2025-07-24 14:00:00+00:00,3377.699951171875
2025-07-24 15:00:00+00:00,3375.60009765625
2025-07-24 16:00:00+00:00,3369.89990234375
2025-07-24 17:00:00+00:00,3372.699951171875
2025-07-24 18:00:00+00:00,3375.0
2025-07-24 19:00:00+00:00,3374.300048828125
2025-07-24 20:00:00+00:00,3371.300048828125
2025-07-24 22:00:00+00:00,3370.5
2025-07-24 23:00:00+00:00,3371.800048828125
2025-07-25 00:00:00+00:00,3375.199951171875
2025-07-25 01:00:00+00:00,3372.5
2025-07-25 02:00:00+00:00,3364.699951171875
2025-07-25 03:00:00+00:00,3361.5
2025-07-25 04:00:00+00:00,3363.10009765625
2025-07-25 05:00:00+00:00,3360.5
2025-07-25 06:00:00+00:00,3361.0
2025-07-25 07:00:00+00:00,3356.10009765625
2025-07-25 08:00:00+00:00,3347.199951171875
2025-07-25 09:00:00+00:00,3348.0
2025-07-25 10:00:00+00:00,3344.199951171875
2025-07-25 11:00:00+00:00,3342.10009765625
2025-07-25 12:00:00+00:00,3341.89990234375
2025-07-25 13:00:00+00:00,3345.199951171875
2025-07-25 14:00:00+00:00,3333.10009765625
2025-07-25 15:00:00+00:00,3328.199951171875
2025-07-25 16:00:00+00:00,3330.199951171875
2025-07-25 17:00:00+00:00,3336.60009765625
2025-07-25 18:00:00+00:00,3339.89990234375
2025-07-25 19:00:00+00:00,3339.199951171875
2025-07-25 20:00:00+00:00,3338.5
2025-07-28 00:00:00+00:00,3333.5
2025-07-28 01:00:00+00:00,3331.5
2025-07-28 02:00:00+00:00,3335.5
2025-07-28 03:00:00+00:00,3342.300048828125
2025-07-28 04:00:00+00:00,3339.60009765625
2025-07-28 05:00:00+00:00,3343.300048828125
2025-07-28 06:00:00+00:00,3339.89990234375
2025-07-28 07:00:00+00:00,3334.60009765625
2025-07-28 08:00:00+00:00,3335.10009765625
2025-07-28 09:00:00+00:00,3337.699951171875
2025-07-28 10:00:00+00:00,3336.10009765625
2025-07-28 11:00:00+00:00,3336.10009765625
2025-07-28 12:00:00+00:00,3328.0
2025-07-28 13:00:00+00:00,3300.699951171875
2025-07-28 14:00:00+00:00,3306.5
2025-07-28 15:00:00+00:00,3314.10009765625
2025-07-28 16:00:00+00:00,3311.300048828125
2025-07-28 17:00:00+00:00,3309.699951171875
2025-07-28 18:00:00+00:00,3312.5
2025-07-28 19:00:00+00:00,3316.5
2025-07-28 20:00:00+00:00,3314.0
2025-07-28 22:00:00+00:00,3311.5
2025-07-28 23:00:00+00:00,3310.5
2025-07-29 00:00:00+00:00,3309.300048828125
2025-07-29 01:00:00+00:00,3316.699951171875
2025-07-29 02:00:00+00:00,3317.199951171875
2025-07-29 03:00:00+00:00,3311.10009765625
2025-07-29 04:00:00+00:00,3314.39990234375
2025-07-29 05:00:00+00:00,3317.699951171875
2025-07-29 06:00:00+00:00,3314.699951171875
2025-07-29 07:00:00+00:00,3315.60009765625
2025-07-29 08:00:00+00:00,3324.300048828125
2025-07-29 09:00:00+00:00,3323.199951171875
2025-07-29 10:00:00+00:00,3320.39990234375
2025-07-29 11:00:00+00:00,3313.39990234375
2025-07-29 12:00:00+00:00,3321.60009765625
2025-07-29 13:00:00+00:00,3315.39990234375
2025-07-29 14:00:00+00:00,3325.60009765625
2025-07-29 15:00:00+00:00,3318.39990234375
2025-07-29 16:00:00+00:00,3321.0
2025-07-29 17:00:00+00:00,3326.199951171875
2025-07-29 18:00:00+00:00,3323.800048828125
2025-07-29 19:00:00+00:00,3323.699951171875
2025-07-29 20:00:00+00:00,3325.300048828125
2025-07-29 22:00:00+00:00,3326.199951171875
2025-07-29 23:00:00+00:00,3326.300048828125
2025-07-30 00:00:00+00:00,3327.5
2025-07-30 01:00:00+00:00,3321.60009765625
2025-07-30 02:00:00+00:00,3327.300048828125
2025-07-30 03:00:00+00:00,3326.39990234375
2025-07-30 04:00:00+00:00,3324.300048828125
2025-07-30 05:00:00+00:00,3322.0
2025-07-30 06:00:00+00:00,3324.0
2025-07-30 07:00:00+00:00,3383.0
2025-07-30 08:00:00+00:00,3386.89990234375
2025-07-30 09:00:00+00:00,3386.60009765625
2025-07-30 10:00:00+00:00,3383.0
2025-07-30 11:00:00+00:00,3385.39990234375
2025-07-30 12:00:00+00:00,3367.10009765625
2025-07-30 13:00:00+00:00,3356.89990234375
2025-07-30 14:00:00+00:00,3355.89990234375
2025-07-30 15:00:00+00:00,3344.39990234375
2025-07-30 16:00:00+00:00,3352.199951171875
2025-07-30 17:00:00+00:00,3354.89990234375
2025-07-30 18:00:00+00:00,3332.300048828125
2025-07-30 19:00:00+00:00,3322.10009765625
2025-07-30 20:00:00+00:00,3327.89990234375
2025-07-30 22:00:00+00:00,3329.89990234375
2025-07-30 23:00:00+00:00,3335.800048828125
2025-07-31 00:00:00+00:00,3337.0
2025-07-31 01:00:00+00:00,3343.39990234375
2025-07-31 02:00:00+00:00,3346.89990234375
2025-07-31 03:00:00+00:00,3344.199951171875
2025-07-31 04:00:00+00:00,3347.89990234375
2025-07-31 05:00:00+00:00,3349.10009765625
2025-07-31 06:00:00+00:00,3350.10009765625
2025-07-31 07:00:00+00:00,3356.10009765625
2025-07-31 08:00:00+00:00,3362.10009765625
2025-07-31 09:00:00+00:00,3358.800048828125
2025-07-31 10:00:00+00:00,3348.300048828125
2025-07-31 11:00:00+00:00,3358.89990234375
2025-07-31 12:00:00+00:00,3360.39990234375
2025-07-31 13:00:00+00:00,3353.5
2025-07-31 14:00:00+00:00,3349.699951171875
2025-07-31 15:00:00+00:00,3348.10009765625
2025-07-31 16:00:00+00:00,3347.699951171875
2025-07-31 17:00:00+00:00,3347.699951171875
2025-07-31 18:00:00+00:00,3348.300048828125
2025-07-31 19:00:00+00:00,3344.199951171875
2025-07-31 20:00:00+00:00,3342.300048828125
2025-07-31 22:00:00+00:00,3346.10009765625
2025-07-31 23:00:00+00:00,3340.10009765625
2025-08-01 00:00:00+00:00,3340.699951171875
2025-08-01 01:00:00+00:00,3333.5
2025-08-01 02:00:00+00:00,3341.699951171875
2025-08-01 03:00:00+00:00,3341.199951171875
2025-08-01 04:00:00+00:00,3343.199951171875
2025-08-01 05:00:00+00:00,3348.39990234375
2025-08-01 06:00:00+00:00,3343.60009765625
2025-08-01 07:00:00+00:00,3337.699951171875
2025-08-01 08:00:00+00:00,3345.10009765625
2025-08-01 09:00:00+00:00,3346.0
2025-08-01 10:00:00+00:00,3350.5
2025-08-01 11:00:00+00:00,3352.199951171875
2025-08-01 12:00:00+00:00,3394.300048828125
2025-08-01 13:00:00+00:00,3395.199951171875
2025-08-01 14:00:00+00:00,3399.10009765625
2025-08-01 15:00:00+00:00,3401.300048828125
2025-08-01 16:00:00+00:00,3399.699951171875
2025-08-01 17:00:00+00:00,3400.10009765625
2025-08-01 18:00:00+00:00,3400.199951171875
2025-08-01 19:00:00+00:00,3410.10009765625
2025-08-01 20:00:00+00:00,3416.0
2025-08-03 22:00:00+00:00,3412.199951171875
2025-08-03 23:00:00+00:00,3414.800048828125
2025-08-04 00:00:00+00:00,3404.60009765625
2025-08-04 01:00:00+00:00,3405.199951171875
2025-08-04 02:00:00+00:00,3406.39990234375
2025-08-04 03:00:00+00:00,3412.5
2025-08-04 04:00:00+00:00,3410.699951171875
2025-08-04 05:00:00+00:00,3409.199951171875
2025-08-04 06:00:00+00:00,3415.300048828125
2025-08-04 07:00:00+00:00,3408.60009765625
2025-08-04 08:00:00+00:00,3411.5
2025-08-04 09:00:00+00:00,3411.0
2025-08-04 10:00:00+00:00,3410.39990234375
2025-08-04 11:00:00+00:00,3424.0
2025-08-04 12:00:00+00:00,3420.60009765625
2025-08-04 13:00:00+00:00,3437.0
2025-08-04 14:00:00+00:00,3427.89990234375
2025-08-04 15:00:00+00:00,3428.39990234375
2025-08-04 16:00:00+00:00,3424.699951171875
2025-08-04 17:00:00+00:00,3428.199951171875
2025-08-04 18:00:00+00:00,3430.39990234375
2025-08-04 19:00:00+00:00,3430.5
2025-08-04 20:00:00+00:00,3428.60009765625
2025-08-04 22:00:00+00:00,3429.199951171875
2025-08-04 23:00:00+00:00,3431.5
2025-08-05 00:00:00+00:00,3433.60009765625
2025-08-05 01:00:00+00:00,3433.10009765625
2025-08-05 02:00:00+00:00,3428.10009765625
2025-08-05 03:00:00+00:00,3427.60009765625
2025-08-05 04:00:00+00:00,3425.0
2025-08-05 05:00:00+00:00,3427.60009765625
2025-08-05 06:00:00+00:00,3420.39990234375
2025-08-05 07:00:00+00:00,3428.300048828125
2025-08-05 08:00:00+00:00,3420.60009765625
2025-08-05 09:00:00+00:00,3413.199951171875
2025-08-05 10:00:00+00:00,3406.800048828125
2025-08-05 11:00:00+00:00,3405.199951171875
2025-08-05 12:00:00+00:00,3420.199951171875
2025-08-05 13:00:00+00:00,3428.199951171875
2025-08-05 14:00:00+00:00,3439.699951171875
2025-08-05 15:00:00+00:00,3444.0
2025-08-05 16:00:00+00:00,3436.699951171875
2025-08-05 17:00:00+00:00,3434.800048828125
2025-08-05 18:00:00+00:00,3434.300048828125
2025-08-05 19:00:00+00:00,3433.5
2025-08-05 20:00:00+00:00,3435.0
2025-08-05 22:00:00+00:00,3433.800048828125
2025-08-05 23:00:00+00:00,3438.10009765625
2025-08-06 00:00:00+00:00,3438.300048828125
2025-08-06 01:00:00+00:00,3431.39990234375
2025-08-06 02:00:00+00:00,3431.300048828125
2025-08-06 03:00:00+00:00,3429.699951171875
2025-08-06 04:00:00+00:00,3427.0
2025-08-06 05:00:00+00:00,3428.699951171875
2025-08-06 06:00:00+00:00,3429.89990234375
2025-08-06 07:00:00+00:00,3428.39990234375
2025-08-06 08:00:00+00:00,3419.10009765625
2025-08-06 09:00:00+00:00,3413.10009765625
2025-08-06 10:00:00+00:00,3418.5
2025-08-06 11:00:00+00:00,3420.0
2025-08-06 12:00:00+00:00,3422.0
2025-08-06 13:00:00+00:00,3427.0
2025-08-06 14:00:00+00:00,3435.300048828125
2025-08-06 15:00:00+00:00,3436.199951171875
2025-08-06 16:00:00+00:00,3435.5
2025-08-06 17:00:00+00:00,3436.300048828125
2025-08-06 18:00:00+00:00,3434.699951171875
2025-08-06 19:00:00+00:00,3434.0
2025-08-06 20:00:00+00:00,3431.800048828125
2025-08-06 22:00:00+00:00,3434.699951171875
2025-08-06 23:00:00+00:00,3436.199951171875
2025-08-07 00:00:00+00:00,3441.39990234375
2025-08-07 01:00:00+00:00,3445.39990234375
2025-08-07 02:00:00+00:00,3441.199951171875
2025-08-07 03:00:00+00:00,3443.800048828125
2025-08-07 04:00:00+00:00,3445.0
2025-08-07 05:00:00+00:00,3444.89990234375
2025-08-07 06:00:00+00:00,3456.60009765625
2025-08-07 07:00:00+00:00,3469.10009765625
2025-08-07 08:00:00+00:00,3452.199951171875
2025-08-07 09:00:00+00:00,3450.300048828125
2025-08-07 10:00:00+00:00,3445.0
2025-08-07 11:00:00+00:00,3451.60009765625
2025-08-07 12:00:00+00:00,3454.60009765625
2025-08-07 13:00:00+00:00,3451.39990234375
2025-08-07 14:00:00+00:00,3450.300048828125
2025-08-07 15:00:00+00:00,3453.89990234375
2025-08-07 16:00:00+00:00,3453.89990234375
2025-08-07 17:00:00+00:00,3455.300048828125
2025-08-07 18:00:00+00:00,3452.10009765625
2025-08-07 19:00:00+00:00,3466.800048828125
2025-08-07 20:00:00+00:00,3482.699951171875
2025-08-07 22:00:00+00:00,3488.60009765625
2025-08-07 23:00:00+00:00,3496.39990234375
2025-08-08 00:00:00+00:00,3510.199951171875
2025-08-08 01:00:00+00:00,3488.199951171875
2025-08-08 02:00:00+00:00,3488.89990234375
2025-08-08 03:00:00+00:00,3489.10009765625
2025-08-08 04:00:00+00:00,3492.5
2025-08-08 05:00:00+00:00,3487.10009765625
2025-08-08 06:00:00+00:00,3498.5
2025-08-08 07:00:00+00:00,3492.699951171875
2025-08-08 08:00:00+00:00,3482.5
2025-08-08 09:00:00+00:00,3494.10009765625
2025-08-08 10:00:00+00:00,3472.199951171875
2025-08-08 11:00:00+00:00,3475.699951171875
2025-08-08 12:00:00+00:00,3481.199951171875
2025-08-08 13:00:00+00:00,3495.0
2025-08-08 14:00:00+00:00,3492.800048828125
2025-08-08 15:00:00+00:00,3492.300048828125
2025-08-08 16:00:00+00:00,3488.39990234375
2025-08-08 17:00:00+00:00,3464.0
2025-08-08 18:00:00+00:00,3453.800048828125
2025-08-08 19:00:00+00:00,3456.60009765625
2025-08-08 20:00:00+00:00,3491.300048828125
2025-08-10 22:00:00+00:00,3460.10009765625
2025-08-10 23:00:00+00:00,3455.39990234375
2025-08-11 00:00:00+00:00,3443.699951171875
2025-08-11 01:00:00+00:00,3442.199951171875
2025-08-11 02:00:00+00:00,3440.199951171875
2025-08-11 03:00:00+00:00,3440.60009765625
2025-08-11 04:00:00+00:00,3437.0
2025-08-11 05:00:00+00:00,3439.300048828125
2025-08-11 06:00:00+00:00,3425.89990234375
2025-08-11 07:00:00+00:00,3415.10009765625
2025-08-11 08:00:00+00:00,3419.60009765625
2025-08-11 09:00:00+00:00,3409.199951171875
2025-08-11 10:00:00+00:00,3413.39990234375
2025-08-11 11:00:00+00:00,3410.199951171875
2025-08-11 12:00:00+00:00,3411.800048828125
2025-08-11 13:00:00+00:00,3415.0
2025-08-11 14:00:00+00:00,3403.699951171875
2025-08-11 15:00:00+00:00,3409.800048828125
2025-08-11 16:00:00+00:00,3403.199951171875
2025-08-11 17:00:00+00:00,3409.10009765625
2025-08-11 18:00:00+00:00,3406.10009765625
2025-08-11 19:00:00+00:00,3402.0
2025-08-11 20:00:00+00:00,3393.699951171875
2025-08-11 22:00:00+00:00,3397.199951171875
2025-08-11 23:00:00+00:00,3399.0
2025-08-12 00:00:00+00:00,3405.199951171875
2025-08-12 01:00:00+00:00,3401.199951171875
2025-08-12 02:00:00+00:00,3403.800048828125
2025-08-12 03:00:00+00:00,3399.800048828125
2025-08-12 04:00:00+00:00,3404.60009765625
2025-08-12 05:00:00+00:00,3404.89990234375
2025-08-12 06:00:00+00:00,3394.89990234375
2025-08-12 07:00:00+00:00,3404.60009765625
2025-08-12 08:00:00+00:00,3397.300048828125
2025-08-12 09:00:00+00:00,3394.60009765625
2025-08-12 10:00:00+00:00,3394.300048828125
2025-08-12 11:00:00+00:00,3396.0
2025-08-12 12:00:00+00:00,3397.89990234375
2025-08-12 13:00:00+00:00,3395.199951171875
2025-08-12 14:00:00+00:00,3387.10009765625
2025-08-12 15:00:00+00:00,3400.300048828125
2025-08-12 16:00:00+00:00,3400.800048828125
2025-08-12 17:00:00+00:00,3399.699951171875
2025-08-12 18:00:00+00:00,3399.10009765625
2025-08-12 19:00:00+00:00,3398.89990234375
2025-08-12 20:00:00+00:00,3399.60009765625
2025-08-12 22:00:00+00:00,3401.800048828125
2025-08-12 23:00:00+00:00,3401.39990234375
2025-08-13 00:00:00+00:00,3393.60009765625
2025-08-13 01:00:00+00:00,3401.300048828125
2025-08-13 02:00:00+00:00,3401.699951171875
2025-08-13 03:00:00+00:00,3398.800048828125
2025-08-13 04:00:00+00:00,3400.800048828125
2025-08-13 05:00:00+00:00,3398.800048828125
2025-08-13 06:00:00+00:00,3406.89990234375
2025-08-13 07:00:00+00:00,3403.60009765625
2025-08-13 08:00:00+00:00,3409.60009765625
2025-08-13 09:00:00+00:00,3415.5
2025-08-13 10:00:00+00:00,3416.60009765625
2025-08-13 11:00:00+00:00,3413.5
2025-08-13 12:00:00+00:00,3408.0
2025-08-13 13:00:00+00:00,3414.89990234375
2025-08-13 14:00:00+00:00,3413.699951171875
2025-08-13 15:00:00+00:00,3408.60009765625
2025-08-13 16:00:00+00:00,3408.5
2025-08-13 17:00:00+00:00,3404.699951171875
2025-08-13 18:00:00+00:00,3404.300048828125
2025-08-13 19:00:00+00:00,3408.0
2025-08-13 20:00:00+00:00,3407.0
2025-08-13 22:00:00+00:00,3407.300048828125
2025-08-13 23:00:00+00:00,3411.89990234375
2025-08-14 00:00:00+00:00,3418.60009765625
2025-08-14 01:00:00+00:00,3416.39990234375
2025-08-14 02:00:00+00:00,3410.89990234375
2025-08-14 03:00:00+00:00,3408.300048828125
2025-08-14 04:00:00+00:00,3409.199951171875
2025-08-14 05:00:00+00:00,3407.10009765625
2025-08-14 06:00:00+00:00,3410.699951171875
2025-08-14 07:00:00+00:00,3394.39990234375
2025-08-14 08:00:00+00:00,3393.5
2025-08-14 09:00:00+00:00,3404.60009765625
2025-08-14 10:00:00+00:00,3403.300048828125
2025-08-14 11:00:00+00:00,3404.199951171875
2025-08-14 12:00:00+00:00,3399.0
2025-08-14 13:00:00+00:00,3392.300048828125
2025-08-14 14:00:00+00:00,3387.5
2025-08-14 15:00:00+00:00,3388.89990234375
2025-08-14 16:00:00+00:00,3380.300048828125
2025-08-14 17:00:00+00:00,3383.800048828125
2025-08-14 18:00:00+00:00,3384.60009765625
2025-08-14 19:00:00+00:00,3385.300048828125
2025-08-14 20:00:00+00:00,3382.300048828125
2025-08-14 22:00:00+00:00,3379.300048828125
2025-08-14 23:00:00+00:00,3381.10009765625
2025-08-15 00:00:00+00:00,3382.699951171875
2025-08-15 01:00:00+00:00,3384.699951171875
2025-08-15 02:00:00+00:00,3385.699951171875
2025-08-15 03:00:00+00:00,3389.699951171875
2025-08-15 04:00:00+00:00,3391.0
2025-08-15 05:00:00+00:00,3389.89990234375
2025-08-15 06:00:00+00:00,3386.199951171875
2025-08-15 07:00:00+00:00,3392.5
2025-08-15 08:00:00+00:00,3387.39990234375
2025-08-15 09:00:00+00:00,3389.39990234375
2025-08-15 10:00:00+00:00,3383.60009765625
2025-08-15 11:00:00+00:00,3388.300048828125
2025-08-15 12:00:00+00:00,3389.300048828125
2025-08-15 13:00:00+00:00,3382.300048828125
2025-08-15 14:00:00+00:00,3387.800048828125
2025-08-15 15:00:00+00:00,3388.300048828125
2025-08-15 16:00:00+00:00,3384.800048828125
2025-08-15 17:00:00+00:00,3382.39990234375
2025-08-15 18:00:00+00:00,3381.800048828125
2025-08-15 19:00:00+00:00,3383.89990234375
2025-08-15 20:00:00+00:00,3382.60009765625
2025-08-17 22:00:00+00:00,3379.39990234375
2025-08-17 23:00:00+00:00,3371.800048828125
2025-08-18 00:00:00+00:00,3385.300048828125
2025-08-18 01:00:00+00:00,3392.5
2025-08-18 02:00:00+00:00,3388.5
2025-08-18 03:00:00+00:00,3392.89990234375
2025-08-18 04:00:00+00:00,3402.800048828125
2025-08-18 05:00:00+00:00,3395.39990234375
2025-08-18 06:00:00+00:00,3394.39990234375
2025-08-18 07:00:00+00:00,3393.800048828125
2025-08-18 08:00:00+00:00,3393.699951171875
2025-08-18 09:00:00+00:00,3393.699951171875
2025-08-18 10:00:00+00:00,3392.199951171875
2025-08-18 11:00:00+00:00,3391.199951171875
2025-08-18 12:00:00+00:00,3389.89990234375
2025-08-18 13:00:00+00:00,3382.5
2025-08-18 14:00:00+00:00,3379.300048828125
2025-08-18 15:00:00+00:00,3380.60009765625
2025-08-18 16:00:00+00:00,3378.89990234375
2025-08-18 17:00:00+00:00,3379.39990234375
2025-08-18 18:00:00+00:00,3377.5
2025-08-18 19:00:00+00:00,3378.300048828125
2025-08-18 20:00:00+00:00,3378.0
2025-08-18 21:00:00+00:00,3378.0
2025-08-18 22:00:00+00:00,3379.5
2025-08-18 23:00:00+00:00,3376.10009765625
2025-08-19 00:00:00+00:00,3379.300048828125
2025-08-19 01:00:00+00:00,3376.699951171875
2025-08-19 02:00:00+00:00,3381.300048828125
2025-08-19 03:00:00+00:00,3381.10009765625
2025-08-19 04:00:00+00:00,3381.60009765625
2025-08-19 05:00:00+00:00,3380.300048828125
2025-08-19 06:00:00+00:00,3380.10009765625
2025-08-19 07:00:00+00:00,3384.800048828125
2025-08-19 08:00:00+00:00,3382.39990234375
2025-08-19 09:00:00+00:00,3383.699951171875
2025-08-19 10:00:00+00:00,3387.89990234375
2025-08-19 11:00:00+00:00,3384.39990234375
2025-08-19 12:00:00+00:00,3379.39990234375
2025-08-19 13:00:00+00:00,3377.89990234375
2025-08-19 14:00:00+00:00,3369.300048828125
2025-08-19 15:00:00+00:00,3366.5
2025-08-19 16:00:00+00:00,3361.10009765625
2025-08-19 17:00:00+00:00,3361.10009765625
2025-08-19 18:00:00+00:00,3361.699951171875
2025-08-19 19:00:00+00:00,3359.800048828125
2025-08-19 20:00:00+00:00,3358.89990234375
2025-08-19 22:00:00+00:00,3359.300048828125
2025-08-19 23:00:00+00:00,3356.800048828125
2025-08-20 00:00:00+00:00,3358.39990234375
2025-08-20 01:00:00+00:00,3357.5
2025-08-20 02:00:00+00:00,3356.0
2025-08-20 03:00:00+00:00,3359.60009765625
2025-08-20 04:00:00+00:00,3360.800048828125
2025-08-20 05:00:00+00:00,3365.89990234375
2025-08-20 06:00:00+00:00,3365.60009765625
2025-08-20 07:00:00+00:00,3367.800048828125
2025-08-20 08:00:00+00:00,3368.10009765625
2025-08-20 09:00:00+00:00,3368.60009765625
2025-08-20 10:00:00+00:00,3369.60009765625
2025-08-20 11:00:00+00:00,3375.89990234375
2025-08-20 12:00:00+00:00,3386.800048828125
2025-08-20 13:00:00+00:00,3388.5
2025-08-20 14:00:00+00:00,3390.89990234375
2025-08-20 15:00:00+00:00,3384.5
2025-08-20 16:00:00+00:00,3388.89990234375
2025-08-20 17:00:00+00:00,3390.10009765625
2025-08-20 18:00:00+00:00,3388.800048828125
2025-08-20 19:00:00+00:00,3391.5
2025-08-20 20:00:00+00:00,3392.199951171875
2025-08-20 22:00:00+00:00,3392.39990234375
2025-08-20 23:00:00+00:00,3389.39990234375
2025-08-21 00:00:00+00:00,3385.0
2025-08-21 01:00:00+00:00,3385.10009765625
2025-08-21 02:00:00+00:00,3387.10009765625
2025-08-21 03:00:00+00:00,3382.60009765625
2025-08-21 04:00:00+00:00,3380.800048828125
2025-08-21 05:00:00+00:00,3381.0
2025-08-21 06:00:00+00:00,3378.800048828125
2025-08-21 07:00:00+00:00,3381.89990234375
2025-08-21 08:00:00+00:00,3382.0
2025-08-21 09:00:00+00:00,3383.5
2025-08-21 10:00:00+00:00,3371.0
2025-08-21 11:00:00+00:00,3376.10009765625
2025-08-21 12:00:00+00:00,3384.699951171875
2025-08-21 13:00:00+00:00,3382.5
2025-08-21 14:00:00+00:00,3387.89990234375
2025-08-21 15:00:00+00:00,3387.5
2025-08-21 16:00:00+00:00,3383.699951171875
2025-08-21 17:00:00+00:00,3381.5
2025-08-21 18:00:00+00:00,3383.39990234375
2025-08-21 19:00:00+00:00,3383.199951171875
2025-08-21 20:00:00+00:00,3383.5
2025-08-21 22:00:00+00:00,3383.39990234375
2025-08-21 23:00:00+00:00,3382.60009765625
2025-08-22 00:00:00+00:00,3382.800048828125
2025-08-22 01:00:00+00:00,3377.39990234375
2025-08-22 02:00:00+00:00,3376.89990234375
2025-08-22 03:00:00+00:00,3375.10009765625
2025-08-22 04:00:00+00:00,3371.39990234375
2025-08-22 05:00:00+00:00,3373.0
2025-08-22 06:00:00+00:00,3371.800048828125
2025-08-22 07:00:00+00:00,3369.5
2025-08-22 08:00:00+00:00,3370.60009765625
2025-08-22 09:00:00+00:00,3372.10009765625
2025-08-22 10:00:00+00:00,3373.0
2025-08-22 11:00:00+00:00,3370.800048828125
2025-08-22 12:00:00+00:00,3365.0
2025-08-22 13:00:00+00:00,3376.0
2025-08-22 14:00:00+00:00,3419.300048828125
2025-08-22 15:00:00+00:00,3412.39990234375
2025-08-22 16:00:00+00:00,3415.300048828125
2025-08-22 17:00:00+00:00,3419.199951171875
2025-08-22 18:00:00+00:00,3417.89990234375
2025-08-22 19:00:00+00:00,3417.699951171875
2025-08-22 20:00:00+00:00,3418.5
2025-08-24 22:00:00+00:00,3413.10009765625
2025-08-24 23:00:00+00:00,3414.89990234375
2025-08-25 00:00:00+00:00,3410.10009765625
2025-08-25 01:00:00+00:00,3407.800048828125
2025-08-25 02:00:00+00:00,3409.39990234375
2025-08-25 03:00:00+00:00,3412.60009765625
2025-08-25 04:00:00+00:00,3410.39990234375
2025-08-25 05:00:00+00:00,3408.89990234375
2025-08-25 06:00:00+00:00,3413.300048828125
2025-08-25 07:00:00+00:00,3411.0
2025-08-25 08:00:00+00:00,3409.300048828125
2025-08-25 09:00:00+00:00,3411.60009765625
2025-08-25 10:00:00+00:00,3410.300048828125
2025-08-25 11:00:00+00:00,3415.699951171875
2025-08-25 12:00:00+00:00,3409.0
2025-08-25 13:00:00+00:00,3415.300048828125
2025-08-25 14:00:00+00:00,3418.699951171875
2025-08-25 15:00:00+00:00,3418.89990234375
2025-08-25 16:00:00+00:00,3418.60009765625
2025-08-25 17:00:00+00:00,3415.5
2025-08-25 18:00:00+00:00,3415.39990234375
2025-08-25 19:00:00+00:00,3410.60009765625
2025-08-25 20:00:00+00:00,3410.699951171875
2025-08-25 22:00:00+00:00,3408.39990234375
2025-08-25 23:00:00+00:00,3399.800048828125
2025-08-26 00:00:00+00:00,3431.10009765625
2025-08-26 01:00:00+00:00,3424.5
2025-08-26 02:00:00+00:00,3423.0
2025-08-26 03:00:00+00:00,3420.89990234375
2025-08-26 04:00:00+00:00,3424.60009765625
2025-08-26 05:00:00+00:00,3424.199951171875
2025-08-26 06:00:00+00:00,3422.60009765625
2025-08-26 07:00:00+00:00,3423.0
2025-08-26 08:00:00+00:00,3422.800048828125
2025-08-26 09:00:00+00:00,3419.10009765625
2025-08-26 10:00:00+00:00,3418.39990234375
2025-08-26 11:00:00+00:00,3425.0
2025-08-26 12:00:00+00:00,3418.89990234375
2025-08-26 13:00:00+00:00,3422.199951171875
2025-08-26 14:00:00+00:00,3427.199951171875
2025-08-26 15:00:00+00:00,3435.10009765625
2025-08-26 16:00:00+00:00,3432.10009765625
2025-08-26 17:00:00+00:00,3430.60009765625
2025-08-26 18:00:00+00:00,3433.89990234375
2025-08-26 19:00:00+00:00,3437.699951171875
2025-08-26 20:00:00+00:00,3443.199951171875
2025-08-26 22:00:00+00:00,3440.5
2025-08-26 23:00:00+00:00,3440.699951171875
2025-08-27 00:00:00+00:00,3438.699951171875
2025-08-27 01:00:00+00:00,3436.60009765625
2025-08-27 02:00:00+00:00,3433.699951171875
2025-08-27 03:00:00+00:00,3431.0
2025-08-27 04:00:00+00:00,3426.0
2025-08-27 05:00:00+00:00,3426.699951171875
2025-08-27 06:00:00+00:00,3427.300048828125
2025-08-27 07:00:00+00:00,3430.5
2025-08-27 08:00:00+00:00,3433.10009765625
2025-08-27 09:00:00+00:00,3426.89990234375
2025-08-27 10:00:00+00:00,3424.60009765625
2025-08-27 11:00:00+00:00,3425.60009765625
2025-08-27 12:00:00+00:00,3429.699951171875
2025-08-27 13:00:00+00:00,3426.199951171875
2025-08-27 14:00:00+00:00,3435.699951171875
2025-08-27 15:00:00+00:00,3438.10009765625
2025-08-27 16:00:00+00:00,3448.89990234375
2025-08-27 17:00:00+00:00,3447.60009765625
2025-08-27 18:00:00+00:00,3447.89990234375
2025-08-27 19:00:00+00:00,3449.39990234375
2025-08-27 20:00:00+00:00,3451.800048828125
2025-08-27 22:00:00+00:00,3449.199951171875
2025-08-27 23:00:00+00:00,3451.0
2025-08-28 00:00:00+00:00,3448.300048828125
2025-08-28 01:00:00+00:00,3443.60009765625
2025-08-28 02:00:00+00:00,3447.89990234375
2025-08-28 03:00:00+00:00,3445.10009765625
2025-08-28 04:00:00+00:00,3445.10009765625
2025-08-28 05:00:00+00:00,3446.0
2025-08-28 06:00:00+00:00,3451.5
2025-08-28 07:00:00+00:00,3450.800048828125
2025-08-28 08:00:00+00:00,3456.89990234375
2025-08-28 09:00:00+00:00,3455.199951171875
2025-08-28 10:00:00+00:00,3454.699951171875
2025-08-28 11:00:00+00:00,3462.0
2025-08-28 12:00:00+00:00,3455.89990234375
2025-08-28 13:00:00+00:00,3464.800048828125
2025-08-28 14:00:00+00:00,3468.89990234375
2025-08-28 15:00:00+00:00,3465.800048828125
2025-08-28 16:00:00+00:00,3473.39990234375
2025-08-28 17:00:00+00:00,3475.89990234375
2025-08-28 18:00:00+00:00,3478.300048828125
2025-08-28 19:00:00+00:00,3477.60009765625
2025-08-28 20:00:00+00:00,3476.89990234375
2025-08-28 22:00:00+00:00,3475.699951171875
2025-08-28 23:00:00+00:00,3475.300048828125
2025-08-29 00:00:00+00:00,3473.5
2025-08-29 01:00:00+00:00,3472.300048828125
2025-08-29 02:00:00+00:00,3471.39990234375
2025-08-29 03:00:00+00:00,3470.89990234375
2025-08-29 04:00:00+00:00,3469.60009765625
2025-08-29 05:00:00+00:00,3470.60009765625
2025-08-29 06:00:00+00:00,3469.10009765625
2025-08-29 07:00:00+00:00,3471.199951171875
2025-08-29 08:00:00+00:00,3470.60009765625
2025-08-29 09:00:00+00:00,3467.60009765625
2025-08-29 10:00:00+00:00,3464.300048828125
2025-08-29 11:00:00+00:00,3469.800048828125
2025-08-29 12:00:00+00:00,3475.89990234375
2025-08-29 13:00:00+00:00,3488.199951171875
2025-08-29 14:00:00+00:00,3504.0
2025-08-29 15:00:00+00:00,3512.5
2025-08-29 16:00:00+00:00,3517.5
2025-08-29 17:00:00+00:00,3512.89990234375
2025-08-29 18:00:00+00:00,3509.60009765625
2025-08-29 19:00:00+00:00,3516.10009765625
2025-08-29 20:00:00+00:00,3516.10009765625
2025-09-02 04:00:00+00:00,3565.89990234375
2025-09-02 05:00:00+00:00,3561.800048828125
2025-09-02 06:00:00+00:00,3555.60009765625
2025-09-02 07:00:00+00:00,3541.60009765625
2025-09-02 08:00:00+00:00,3545.199951171875
2025-09-02 09:00:00+00:00,3546.39990234375
2025-09-02 10:00:00+00:00,3555.0
2025-09-02 11:00:00+00:00,3558.699951171875
2025-09-02 12:00:00+00:00,3548.0
2025-09-02 13:00:00+00:00,3552.199951171875
2025-09-02 14:00:00+00:00,3574.89990234375
2025-09-02 15:00:00+00:00,3586.10009765625
2025-09-02 16:00:00+00:00,3593.0
2025-09-02 17:00:00+00:00,3594.300048828125
2025-09-02 18:00:00+00:00,3593.199951171875
2025-09-02 19:00:00+00:00,3597.89990234375
2025-09-02 20:00:00+00:00,3599.5
2025-09-02 22:00:00+00:00,3596.5
2025-09-02 23:00:00+00:00,3595.5
2025-09-03 00:00:00+00:00,3603.10009765625
2025-09-03 01:00:00+00:00,3604.0
2025-09-03 02:00:00+00:00,3596.699951171875
2025-09-03 03:00:00+00:00,3596.60009765625
2025-09-03 04:00:00+00:00,3602.300048828125
2025-09-03 05:00:00+00:00,3595.10009765625
2025-09-03 06:00:00+00:00,3601.89990234375
2025-09-03 07:00:00+00:00,3598.39990234375
2025-09-03 08:00:00+00:00,3606.89990234375
2025-09-03 09:00:00+00:00,3601.60009765625
2025-09-03 10:00:00+00:00,3608.699951171875
2025-09-03 11:00:00+00:00,3616.0
2025-09-03 12:00:00+00:00,3616.5
2025-09-03 13:00:00+00:00,3619.60009765625
2025-09-03 14:00:00+00:00,3621.300048828125
2025-09-03 15:00:00+00:00,3628.60009765625
2025-09-03 16:00:00+00:00,3635.800048828125
2025-09-03 17:00:00+00:00,3637.39990234375
2025-09-03 18:00:00+00:00,3628.800048828125
2025-09-03 19:00:00+00:00,3619.300048828125
2025-09-03 20:00:00+00:00,3619.699951171875
2025-09-03 22:00:00+00:00,3616.10009765625
2025-09-03 23:00:00+00:00,3613.60009765625
2025-09-04 00:00:00+00:00,3619.10009765625
2025-09-04 01:00:00+00:00,3605.0
2025-09-04 02:00:00+00:00,3589.199951171875
2025-09-04 03:00:00+00:00,3587.89990234375
2025-09-04 04:00:00+00:00,3590.199951171875
2025-09-04 05:00:00+00:00,3584.199951171875
2025-09-04 06:00:00+00:00,3596.5
2025-09-04 07:00:00+00:00,3599.5
2025-09-04 08:00:00+00:00,3599.199951171875
2025-09-04 09:00:00+00:00,3596.0
2025-09-04 10:00:00+00:00,3599.60009765625
2025-09-04 11:00:00+00:00,3603.10009765625
2025-09-04 12:00:00+00:00,3609.0
2025-09-04 13:00:00+00:00,3605.60009765625
2025-09-04 14:00:00+00:00,3605.60009765625
2025-09-04 15:00:00+00:00,3612.300048828125
2025-09-04 16:00:00+00:00,3610.5
2025-09-04 17:00:00+00:00,3600.60009765625
2025-09-04 18:00:00+00:00,3602.300048828125
2025-09-04 19:00:00+00:00,3605.89990234375
2025-09-04 20:00:00+00:00,3602.39990234375
2025-09-04 22:00:00+00:00,3596.699951171875
2025-09-04 23:00:00+00:00,3609.60009765625
2025-09-05 00:00:00+00:00,3610.300048828125
2025-09-05 01:00:00+00:00,3611.10009765625
2025-09-05 02:00:00+00:00,3610.300048828125
2025-09-05 03:00:00+00:00,3618.199951171875
2025-09-05 04:00:00+00:00,3616.699951171875
2025-09-05 05:00:00+00:00,3617.699951171875
2025-09-05 06:00:00+00:00,3612.5
2025-09-05 07:00:00+00:00,3607.5
2025-09-05 08:00:00+00:00,3603.0
2025-09-05 09:00:00+00:00,3609.300048828125
2025-09-05 10:00:00+00:00,3608.199951171875
2025-09-05 11:00:00+00:00,3609.300048828125
2025-09-05 12:00:00+00:00,3639.300048828125
2025-09-05 13:00:00+00:00,3651.0
2025-09-05 14:00:00+00:00,3646.199951171875
2025-09-05 15:00:00+00:00,3647.39990234375
2025-09-05 16:00:00+00:00,3651.39990234375
2025-09-05 17:00:00+00:00,3651.60009765625
2025-09-05 18:00:00+00:00,3649.199951171875
2025-09-05 19:00:00+00:00,3646.5
2025-09-05 20:00:00+00:00,3639.800048828125
2025-09-07 22:00:00+00:00,3632.39990234375
2025-09-07 23:00:00+00:00,3630.800048828125
2025-09-08 00:00:00+00:00,3634.39990234375
2025-09-08 01:00:00+00:00,3631.10009765625
2025-09-08 02:00:00+00:00,3632.89990234375
2025-09-08 03:00:00+00:00,3626.800048828125
2025-09-08 04:00:00+00:00,3623.39990234375
2025-09-08 05:00:00+00:00,3631.800048828125
2025-09-08 06:00:00+00:00,3638.199951171875
2025-09-08 07:00:00+00:00,3650.5
2025-09-08 08:00:00+00:00,3651.39990234375
2025-09-08 09:00:00+00:00,3654.0
2025-09-08 10:00:00+00:00,3657.0
2025-09-08 11:00:00+00:00,3658.89990234375
2025-09-08 12:00:00+00:00,3663.10009765625
2025-09-08 13:00:00+00:00,3673.300048828125
2025-09-08 14:00:00+00:00,3680.5
2025-09-08 15:00:00+00:00,3680.10009765625
2025-09-08 16:00:00+00:00,3681.5
2025-09-08 17:00:00+00:00,3674.300048828125
2025-09-08 18:00:00+00:00,3677.5
2025-09-08 19:00:00+00:00,3676.199951171875
2025-09-08 20:00:00+00:00,3677.60009765625
2025-09-08 22:00:00+00:00,3671.5
2025-09-08 23:00:00+00:00,3674.800048828125
2025-09-09 00:00:00+00:00,3679.800048828125
2025-09-09 01:00:00+00:00,3687.699951171875
2025-09-09 02:00:00+00:00,3687.60009765625
2025-09-09 03:00:00+00:00,3685.199951171875
2025-09-09 04:00:00+00:00,3693.39990234375
2025-09-09 05:00:00+00:00,3694.89990234375
2025-09-09 06:00:00+00:00,3687.300048828125
2025-09-09 07:00:00+00:00,3683.800048828125
2025-09-09 08:00:00+00:00,3687.60009765625
2025-09-09 09:00:00+00:00,3692.199951171875
2025-09-09 10:00:00+00:00,3690.800048828125
2025-09-09 11:00:00+00:00,3686.699951171875
2025-09-09 12:00:00+00:00,3686.300048828125
2025-09-09 13:00:00+00:00,3705.800048828125
2025-09-09 14:00:00+00:00,3684.300048828125
2025-09-09 15:00:00+00:00,3684.300048828125
2025-09-09 16:00:00+00:00,3684.199951171875
2025-09-09 17:00:00+00:00,3682.10009765625
2025-09-09 18:00:00+00:00,3679.199951171875
2025-09-09 19:00:00+00:00,3668.300048828125
2025-09-09 20:00:00+00:00,3663.800048828125
2025-09-09 22:00:00+00:00,3671.800048828125
2025-09-09 23:00:00+00:00,3671.10009765625
2025-09-10 00:00:00+00:00,3661.300048828125
2025-09-10 01:00:00+00:00,3668.800048828125
2025-09-10 02:00:00+00:00,3674.0
2025-09-10 03:00:00+00:00,3674.800048828125
2025-09-10 04:00:00+00:00,3680.0
2025-09-10 05:00:00+00:00,3680.60009765625
2025-09-10 06:00:00+00:00,3682.0
2025-09-10 07:00:00+00:00,3682.60009765625
2025-09-10 08:00:00+00:00,3684.699951171875
2025-09-10 09:00:00+00:00,3693.60009765625
2025-09-10 10:00:00+00:00,3694.39990234375
2025-09-10 11:00:00+00:00,3688.800048828125
2025-09-10 12:00:00+00:00,3683.199951171875
2025-09-10 13:00:00+00:00,3690.699951171875
2025-09-10 14:00:00+00:00,3687.5
2025-09-10 15:00:00+00:00,3683.699951171875
2025-09-10 16:00:00+00:00,3682.0
2025-09-10 17:00:00+00:00,3686.89990234375
2025-09-10 18:00:00+00:00,3684.89990234375
2025-09-10 19:00:00+00:00,3681.699951171875
2025-09-10 20:00:00+00:00,3680.39990234375
2025-09-10 22:00:00+00:00,3678.699951171875
2025-09-10 23:00:00+00:00,3683.199951171875
2025-09-11 00:00:00+00:00,3682.5
2025-09-11 01:00:00+00:00,3679.199951171875
2025-09-11 02:00:00+00:00,3674.89990234375
2025-09-11 03:00:00+00:00,3669.699951171875
2025-09-11 04:00:00+00:00,3668.300048828125
2025-09-11 05:00:00+00:00,3663.0
2025-09-11 06:00:00+00:00,3670.699951171875
2025-09-11 07:00:00+00:00,3667.60009765625
2025-09-11 08:00:00+00:00,3664.60009765625
2025-09-11 09:00:00+00:00,3659.60009765625
2025-09-11 10:00:00+00:00,3659.89990234375
2025-09-11 11:00:00+00:00,3654.89990234375
2025-09-11 12:00:00+00:00,3666.60009765625
2025-09-11 13:00:00+00:00,3667.89990234375
2025-09-11 14:00:00+00:00,3668.0
2025-09-11 15:00:00+00:00,3672.0
2025-09-11 16:00:00+00:00,3674.199951171875
2025-09-11 17:00:00+00:00,3673.10009765625
2025-09-11 18:00:00+00:00,3671.39990234375
2025-09-11 19:00:00+00:00,3675.39990234375
2025-09-11 20:00:00+00:00,3673.39990234375
2025-09-11 22:00:00+00:00,3672.89990234375
2025-09-11 23:00:00+00:00,3669.199951171875
2025-09-12 00:00:00+00:00,3673.800048828125
2025-09-12 01:00:00+00:00,3685.0
2025-09-12 02:00:00+00:00,3688.699951171875
2025-09-12 03:00:00+00:00,3691.800048828125
2025-09-12 04:00:00+00:00,3693.5
2025-09-12 05:00:00+00:00,3691.89990234375
2025-09-12 06:00:00+00:00,3689.300048828125
2025-09-12 07:00:00+00:00,3686.300048828125
2025-09-12 08:00:00+00:00,3678.699951171875
2025-09-12 09:00:00+00:00,3684.5
2025-09-12 10:00:00+00:00,3689.5
2025-09-12 11:00:00+00:00,3684.60009765625
2025-09-12 12:00:00+00:00,3683.5
2025-09-12 13:00:00+00:00,3688.199951171875
2025-09-12 14:00:00+00:00,3686.10009765625
2025-09-12 15:00:00+00:00,3682.300048828125
2025-09-12 16:00:00+00:00,3687.800048828125
2025-09-12 17:00:00+00:00,3687.300048828125
2025-09-12 18:00:00+00:00,3686.89990234375
2025-09-12 19:00:00+00:00,3682.699951171875
2025-09-12 20:00:00+00:00,3680.699951171875
2025-09-14 22:00:00+00:00,3679.699951171875
2025-09-14 23:00:00+00:00,3675.199951171875
2025-09-15 00:00:00+00:00,3670.60009765625
2025-09-15 01:00:00+00:00,3671.89990234375
2025-09-15 02:00:00+00:00,3677.60009765625
2025-09-15 03:00:00+00:00,3683.199951171875
2025-09-15 04:00:00+00:00,3682.800048828125
2025-09-15 05:00:00+00:00,3681.10009765625
2025-09-15 06:00:00+00:00,3674.300048828125
2025-09-15 07:00:00+00:00,3680.699951171875
2025-09-15 08:00:00+00:00,3682.39990234375
2025-09-15 09:00:00+00:00,3678.300048828125
2025-09-15 10:00:00+00:00,3676.5
2025-09-15 11:00:00+00:00,3679.60009765625
2025-09-15 12:00:00+00:00,3687.60009765625
2025-09-15 13:00:00+00:00,3694.800048828125
2025-09-15 14:00:00+00:00,3701.300048828125
2025-09-15 15:00:00+00:00,3720.39990234375
2025-09-15 16:00:00+00:00,3718.10009765625
2025-09-15 17:00:00+00:00,3721.300048828125
2025-09-15 18:00:00+00:00,3716.300048828125
2025-09-15 19:00:00+00:00,3720.199951171875
2025-09-15 20:00:00+00:00,3719.5
2025-09-15 22:00:00+00:00,3717.800048828125
2025-09-16 00:00:00+00:00,3725.39990234375
2025-09-16 01:00:00+00:00,3717.699951171875
2025-09-16 02:00:00+00:00,3714.89990234375
2025-09-16 03:00:00+00:00,3718.10009765625
2025-09-16 04:00:00+00:00,3721.10009765625
2025-09-16 05:00:00+00:00,3720.0
2025-09-16 06:00:00+00:00,3730.800048828125
2025-09-16 07:00:00+00:00,3726.199951171875
2025-09-16 08:00:00+00:00,3731.699951171875
2025-09-16 09:00:00+00:00,3736.300048828125
2025-09-16 10:00:00+00:00,3731.0
2025-09-16 11:00:00+00:00,3734.5
2025-09-16 12:00:00+00:00,3726.60009765625
2025-09-16 13:00:00+00:00,3733.0
2025-09-16 14:00:00+00:00,3722.300048828125
2025-09-16 15:00:00+00:00,3723.0
2025-09-16 16:00:00+00:00,3726.89990234375
2025-09-16 17:00:00+00:00,3723.800048828125
2025-09-16 18:00:00+00:00,3726.699951171875
2025-09-16 19:00:00+00:00,3726.60009765625
2025-09-16 20:00:00+00:00,3727.5
2025-09-16 22:00:00+00:00,3729.0
2025-09-16 23:00:00+00:00,3731.699951171875
2025-09-17 00:00:00+00:00,3728.10009765625
2025-09-17 01:00:00+00:00,3716.699951171875
2025-09-17 02:00:00+00:00,3718.800048828125
2025-09-17 03:00:00+00:00,3718.199951171875
2025-09-17 04:00:00+00:00,3717.10009765625
2025-09-17 05:00:00+00:00,3716.39990234375
2025-09-17 06:00:00+00:00,3711.800048828125
2025-09-17 07:00:00+00:00,3703.699951171875
2025-09-17 08:00:00+00:00,3701.0
2025-09-17 09:00:00+00:00,3703.89990234375
2025-09-17 10:00:00+00:00,3697.0
2025-09-17 11:00:00+00:00,3701.199951171875
2025-09-17 12:00:00+00:00,3713.89990234375
2025-09-17 13:00:00+00:00,3714.199951171875
2025-09-17 14:00:00+00:00,3719.300048828125
2025-09-17 15:00:00+00:00,3718.60009765625
2025-09-17 16:00:00+00:00,3720.39990234375
2025-09-17 17:00:00+00:00,3722.300048828125
2025-09-17 18:00:00+00:00,3685.89990234375
2025-09-17 19:00:00+00:00,3696.199951171875
2025-09-17 20:00:00+00:00,3694.60009765625
2025-09-17 22:00:00+00:00,3695.800048828125
2025-09-17 23:00:00+00:00,3703.0
2025-09-18 00:00:00+00:00,3699.60009765625
2025-09-18 01:00:00+00:00,3692.60009765625
2025-09-18 02:00:00+00:00,3699.199951171875
2025-09-18 03:00:00+00:00,3693.0
2025-09-18 04:00:00+00:00,3688.300048828125
2025-09-18 05:00:00+00:00,3685.300048828125
2025-09-18 06:00:00+00:00,3670.89990234375
2025-09-18 07:00:00+00:00,3692.5
2025-09-18 08:00:00+00:00,3700.199951171875
2025-09-18 09:00:00+00:00,3706.39990234375
2025-09-18 10:00:00+00:00,3701.199951171875
2025-09-18 11:00:00+00:00,3700.699951171875
2025-09-18 12:00:00+00:00,3696.89990234375
2025-09-18 13:00:00+00:00,3675.39990234375
2025-09-18 14:00:00+00:00,3671.800048828125
2025-09-18 15:00:00+00:00,3674.5
2025-09-18 16:00:00+00:00,3679.199951171875
2025-09-18 17:00:00+00:00,3676.60009765625
2025-09-18 18:00:00+00:00,3674.60009765625
2025-09-18 19:00:00+00:00,3679.699951171875
2025-09-18 20:00:00+00:00,3678.199951171875
2025-09-18 22:00:00+00:00,3673.60009765625
2025-09-18 23:00:00+00:00,3672.800048828125
2025-09-19 00:00:00+00:00,3672.699951171875
2025-09-19 01:00:00+00:00,3672.199951171875
2025-09-19 02:00:00+00:00,3680.5
2025-09-19 03:00:00+00:00,3686.60009765625
2025-09-19 04:00:00+00:00,3691.5
2025-09-19 05:00:00+00:00,3685.60009765625
2025-09-19 06:00:00+00:00,3679.699951171875
2025-09-19 07:00:00+00:00,3686.0
2025-09-19 08:00:00+00:00,3688.199951171875
2025-09-19 09:00:00+00:00,3691.199951171875
2025-09-19 10:00:00+00:00,3688.5
2025-09-19 11:00:00+00:00,3680.5
2025-09-19 12:00:00+00:00,3681.699951171875
2025-09-19 13:00:00+00:00,3696.10009765625
2025-09-19 14:00:00+00:00,3700.800048828125
2025-09-19 15:00:00+00:00,3704.199951171875
2025-09-19 16:00:00+00:00,3702.39990234375
2025-09-19 17:00:00+00:00,3713.0
2025-09-19 18:00:00+00:00,3717.699951171875
2025-09-19 19:00:00+00:00,3717.89990234375
2025-09-19 20:00:00+00:00,3705.800048828125
2025-09-21 22:00:00+00:00,3723.800048828125
2025-09-21 23:00:00+00:00,3721.60009765625
2025-09-22 00:00:00+00:00,3725.89990234375
2025-09-22 01:00:00+00:00,3724.300048828125
2025-09-22 02:00:00+00:00,3721.39990234375
2025-09-22 03:00:00+00:00,3730.89990234375
2025-09-22 04:00:00+00:00,3727.5
2025-09-22 05:00:00+00:00,3732.5
2025-09-22 06:00:00+00:00,3749.10009765625
2025-09-22 07:00:00+00:00,3747.5
2025-09-22 08:00:00+00:00,3754.60009765625
2025-09-22 09:00:00+00:00,3757.89990234375
2025-09-22 10:00:00+00:00,3762.0
2025-09-22 11:00:00+00:00,3758.800048828125
2025-09-22 12:00:00+00:00,3755.5
2025-09-22 13:00:00+00:00,3756.39990234375
2025-09-22 14:00:00+00:00,3760.199951171875
2025-09-22 15:00:00+00:00,3769.89990234375
2025-09-22 16:00:00+00:00,3771.10009765625
2025-09-22 17:00:00+00:00,3781.39990234375
2025-09-22 18:00:00+00:00,3782.10009765625
2025-09-22 19:00:00+00:00,3781.199951171875
2025-09-22 20:00:00+00:00,3781.199951171875
2025-09-22 22:00:00+00:00,3775.5
2025-09-22 23:00:00+00:00,3782.199951171875
2025-09-23 00:00:00+00:00,3781.5
2025-09-23 01:00:00+00:00,3790.39990234375
2025-09-23 02:00:00+00:00,3777.800048828125
2025-09-23 03:00:00+00:00,3780.60009765625
2025-09-23 04:00:00+00:00,3778.800048828125
2025-09-23 05:00:00+00:00,3787.199951171875
2025-09-23 06:00:00+00:00,3788.10009765625
2025-09-23 07:00:00+00:00,3787.60009765625
2025-09-23 08:00:00+00:00,3808.60009765625
2025-09-23 09:00:00+00:00,3818.39990234375
2025-09-23 10:00:00+00:00,3816.39990234375
2025-09-23 11:00:00+00:00,3816.5
2025-09-23 12:00:00+00:00,3817.60009765625
2025-09-23 13:00:00+00:00,3816.39990234375
2025-09-23 14:00:00+00:00,3806.39990234375
2025-09-23 15:00:00+00:00,3811.5
2025-09-23 16:00:00+00:00,3812.300048828125
2025-09-23 17:00:00+00:00,3810.0
2025-09-23 18:00:00+00:00,3789.0
2025-09-23 19:00:00+00:00,3796.39990234375
2025-09-23 20:00:00+00:00,3796.89990234375
2025-09-23 22:00:00+00:00,3797.699951171875
2025-09-23 23:00:00+00:00,3796.10009765625
2025-09-24 00:00:00+00:00,3797.5
2025-09-24 01:00:00+00:00,3789.0
2025-09-24 02:00:00+00:00,3790.10009765625
2025-09-24 03:00:00+00:00,3799.10009765625
2025-09-24 04:00:00+00:00,3800.60009765625
2025-09-24 05:00:00+00:00,3808.0
2025-09-24 06:00:00+00:00,3804.39990234375
2025-09-24 07:00:00+00:00,3810.89990234375
2025-09-24 08:00:00+00:00,3802.699951171875
2025-09-24 09:00:00+00:00,3801.39990234375
2025-09-24 10:00:00+00:00,3795.0
2025-09-24 11:00:00+00:00,3802.300048828125
2025-09-24 12:00:00+00:00,3801.0
2025-09-24 13:00:00+00:00,3794.5
2025-09-24 14:00:00+00:00,3784.800048828125
2025-09-24 15:00:00+00:00,3774.10009765625
2025-09-24 16:00:00+00:00,3768.300048828125
2025-09-24 17:00:00+00:00,3766.60009765625
2025-09-24 18:00:00+00:00,3757.0
2025-09-24 19:00:00+00:00,3762.5
2025-09-24 20:00:00+00:00,3768.5
2025-09-24 22:00:00+00:00,3772.699951171875
2025-09-24 23:00:00+00:00,3774.5
2025-09-25 00:00:00+00:00,3779.800048828125
2025-09-25 01:00:00+00:00,3766.800048828125
2025-09-25 02:00:00+00:00,3770.300048828125
2025-09-25 03:00:00+00:00,3767.0
2025-09-25 04:00:00+00:00,3768.10009765625
2025-09-25 05:00:00+00:00,3768.800048828125
2025-09-25 06:00:00+00:00,3771.699951171875
2025-09-25 07:00:00+00:00,3782.5
2025-09-25 08:00:00+00:00,3786.699951171875
2025-09-25 09:00:00+00:00,3787.10009765625
2025-09-25 10:00:00+00:00,3788.199951171875
2025-09-25 11:00:00+00:00,3784.0
2025-09-25 12:00:00+00:00,3769.199951171875
2025-09-25 13:00:00+00:00,3764.0
2025-09-25 14:00:00+00:00,3762.199951171875
2025-09-25 15:00:00+00:00,3766.89990234375
2025-09-25 16:00:00+00:00,3764.0
2025-09-25 17:00:00+00:00,3772.89990234375
2025-09-25 18:00:00+00:00,3786.39990234375
2025-09-25 19:00:00+00:00,3777.5
2025-09-25 20:00:00+00:00,3780.5
2025-09-25 22:00:00+00:00,3779.60009765625
2025-09-25 23:00:00+00:00,3775.0
2025-09-26 00:00:00+00:00,3779.199951171875
2025-09-26 01:00:00+00:00,3768.60009765625
2025-09-26 02:00:00+00:00,3767.800048828125
2025-09-26 03:00:00+00:00,3775.39990234375
2025-09-26 04:00:00+00:00,3777.10009765625
2025-09-26 05:00:00+00:00,3771.60009765625
2025-09-26 06:00:00+00:00,3773.300048828125
2025-09-26 07:00:00+00:00,3777.89990234375
2025-09-26 08:00:00+00:00,3782.60009765625
2025-09-26 09:00:00+00:00,3781.5
2025-09-26 10:00:00+00:00,3774.89990234375
2025-09-26 11:00:00+00:00,3778.699951171875
2025-09-26 12:00:00+00:00,3782.300048828125
2025-09-26 13:00:00+00:00,3792.39990234375
2025-09-26 14:00:00+00:00,3808.60009765625
2025-09-26 15:00:00+00:00,3810.39990234375
2025-09-26 16:00:00+00:00,3804.10009765625
2025-09-26 17:00:00+00:00,3812.800048828125
2025-09-26 18:00:00+00:00,3808.60009765625
2025-09-26 19:00:00+00:00,3795.800048828125
2025-09-26 20:00:00+00:00,3809.0
2025-09-28 22:00:00+00:00,3800.10009765625
2025-09-28 23:00:00+00:00,3795.89990234375
2025-09-29 00:00:00+00:00,3816.10009765625
2025-09-29 01:00:00+00:00,3808.0
2025-09-29 02:00:00+00:00,3822.10009765625
2025-09-29 03:00:00+00:00,3823.5
2025-09-29 04:00:00+00:00,3833.60009765625
2025-09-29 05:00:00+00:00,3841.800048828125
2025-09-29 06:00:00+00:00,3846.5
2025-09-29 07:00:00+00:00,3836.10009765625
2025-09-29 08:00:00+00:00,3848.5
2025-09-29 09:00:00+00:00,3837.5
2025-09-29 10:00:00+00:00,3847.699951171875
2025-09-29 11:00:00+00:00,3858.199951171875
2025-09-29 12:00:00+00:00,3843.5
2025-09-29 13:00:00+00:00,3850.699951171875
2025-09-29 14:00:00+00:00,3857.10009765625
2025-09-29 15:00:00+00:00,3859.300048828125
2025-09-29 16:00:00+00:00,3858.89990234375
2025-09-29 17:00:00+00:00,3857.60009765625
2025-09-29 18:00:00+00:00,3853.199951171875
2025-09-29 19:00:00+00:00,3857.10009765625
2025-09-29 20:00:00+00:00,3862.89990234375
2025-09-29 22:00:00+00:00,3859.10009765625
2025-09-29 23:00:00+00:00,3861.10009765625
2025-09-30 00:00:00+00:00,3867.39990234375
2025-09-30 01:00:00+00:00,3877.199951171875
2025-09-30 02:00:00+00:00,3876.5
2025-09-30 03:00:00+00:00,3893.300048828125
2025-09-30 04:00:00+00:00,3894.89990234375
2025-09-30 05:00:00+00:00,3897.5
2025-09-30 06:00:00+00:00,3883.89990234375
2025-09-30 07:00:00+00:00,3872.199951171875
2025-09-30 08:00:00+00:00,3843.800048828125
2025-09-30 09:00:00+00:00,3826.300048828125
2025-09-30 10:00:00+00:00,3839.39990234375
2025-09-30 11:00:00+00:00,3842.60009765625
2025-09-30 12:00:00+00:00,3847.5
2025-09-30 13:00:00+00:00,3852.39990234375
2025-09-30 14:00:00+00:00,3881.699951171875
2025-09-30 15:00:00+00:00,3866.300048828125
2025-09-30 16:00:00+00:00,3873.800048828125
2025-09-30 17:00:00+00:00,3872.199951171875
2025-09-30 18:00:00+00:00,3876.0
2025-09-30 19:00:00+00:00,3886.699951171875
2025-09-30 20:00:00+00:00,3887.60009765625
2025-09-30 22:00:00+00:00,3888.199951171875
2025-09-30 23:00:00+00:00,3890.60009765625
2025-10-01 00:00:00+00:00,3888.300048828125
2025-10-01 01:00:00+00:00,3896.5
2025-10-01 02:00:00+00:00,3891.300048828125
2025-10-01 03:00:00+00:00,3889.699951171875
2025-10-01 04:00:00+00:00,3892.60009765625
2025-10-01 05:00:00+00:00,3890.800048828125
2025-10-01 06:00:00+00:00,3887.10009765625
2025-10-01 07:00:00+00:00,3907.199951171875
2025-10-01 08:00:00+00:00,3920.10009765625
2025-10-01 09:00:00+00:00,3916.800048828125
2025-10-01 10:00:00+00:00,3914.699951171875
2025-10-01 11:00:00+00:00,3911.10009765625
2025-10-01 12:00:00+00:00,3897.5
2025-10-01 13:00:00+00:00,3899.800048828125
2025-10-01 14:00:00+00:00,3899.89990234375
2025-10-01 15:00:00+00:00,3895.10009765625
2025-10-01 16:00:00+00:00,3897.60009765625
2025-10-01 17:00:00+00:00,3887.39990234375
2025-10-01 18:00:00+00:00,3888.699951171875
2025-10-01 19:00:00+00:00,3894.300048828125
2025-10-01 20:00:00+00:00,3892.60009765625
2025-10-01 22:00:00+00:00,3887.5
2025-10-01 23:00:00+00:00,3888.89990234375
2025-10-02 00:00:00+00:00,3881.699951171875
2025-10-02 01:00:00+00:00,3889.89990234375
2025-10-02 02:00:00+00:00,3891.10009765625
2025-10-02 03:00:00+00:00,3891.5
2025-10-02 04:00:00+00:00,3889.199951171875
2025-10-02 05:00:00+00:00,3892.89990234375
2025-10-02 06:00:00+00:00,3889.0
2025-10-02 07:00:00+00:00,3894.0
2025-10-02 08:00:00+00:00,3899.300048828125
2025-10-02 09:00:00+00:00,3904.300048828125
2025-10-02 10:00:00+00:00,3906.60009765625
2025-10-02 11:00:00+00:00,3911.199951171875
2025-10-02 12:00:00+00:00,3910.10009765625
2025-10-02 13:00:00+00:00,3899.699951171875
2025-10-02 14:00:00+00:00,3863.800048828125
2025-10-02 15:00:00+00:00,3851.800048828125
2025-10-02 16:00:00+00:00,3868.60009765625
2025-10-02 17:00:00+00:00,3868.60009765625
2025-10-02 18:00:00+00:00,3875.199951171875
2025-10-02 19:00:00+00:00,3880.10009765625
2025-10-02 20:00:00+00:00,3880.800048828125
2025-10-02 22:00:00+00:00,3881.199951171875
2025-10-02 23:00:00+00:00,3886.800048828125
2025-10-03 00:00:00+00:00,3880.699951171875
2025-10-03 01:00:00+00:00,3882.199951171875
2025-10-03 02:00:00+00:00,3871.89990234375
2025-10-03 03:00:00+00:00,3865.800048828125
2025-10-03 04:00:00+00:00,3867.199951171875
2025-10-03 05:00:00+00:00,3878.300048828125
2025-10-03 06:00:00+00:00,3882.0
2025-10-03 07:00:00+00:00,3887.300048828125
2025-10-03 08:00:00+00:00,3888.300048828125
2025-10-03 09:00:00+00:00,3887.699951171875
2025-10-03 10:00:00+00:00,3888.89990234375
2025-10-03 11:00:00+00:00,3885.300048828125
2025-10-03 12:00:00+00:00,3898.39990234375
2025-10-03 13:00:00+00:00,3907.300048828125
2025-10-03 14:00:00+00:00,3904.300048828125
2025-10-03 15:00:00+00:00,3914.39990234375
2025-10-03 16:00:00+00:00,3908.89990234375
2025-10-03 17:00:00+00:00,3906.60009765625
2025-10-03 18:00:00+00:00,3911.800048828125
2025-10-03 19:00:00+00:00,3910.89990234375
2025-10-03 20:00:00+00:00,3908.89990234375
2025-10-05 22:00:00+00:00,3927.300048828125
2025-10-05 23:00:00+00:00,3935.300048828125
2025-10-06 00:00:00+00:00,3926.10009765625
2025-10-06 01:00:00+00:00,3943.300048828125
2025-10-06 02:00:00+00:00,3946.10009765625
2025-10-06 03:00:00+00:00,3954.300048828125
2025-10-06 04:00:00+00:00,3963.199951171875
2025-10-06 05:00:00+00:00,3957.39990234375
2025-10-06 06:00:00+00:00,3958.5
2025-10-06 07:00:00+00:00,3965.699951171875
2025-10-06 08:00:00+00:00,3966.699951171875
2025-10-06 09:00:00+00:00,3966.5
2025-10-06 10:00:00+00:00,3966.60009765625
2025-10-06 11:00:00+00:00,3962.39990234375
2025-10-06 12:00:00+00:00,3957.60009765625
2025-10-06 13:00:00+00:00,3968.60009765625
2025-10-06 14:00:00+00:00,3978.300048828125
2025-10-06 15:00:00+00:00,3986.39990234375
2025-10-06 16:00:00+00:00,3978.10009765625
2025-10-06 17:00:00+00:00,3982.5
2025-10-06 18:00:00+00:00,3983.0
2025-10-06 19:00:00+00:00,3983.199951171875
2025-10-06 20:00:00+00:00,3984.39990234375
2025-10-07 07:00:00+00:00,3968.60009765625
2025-10-07 08:00:00+00:00,3974.10009765625
2025-10-07 09:00:00+00:00,3977.699951171875
2025-10-07 10:00:00+00:00,3983.10009765625
2025-10-07 11:00:00+00:00,3989.800048828125
2025-10-07 12:00:00+00:00,4002.89990234375
2025-10-07 13:00:00+00:00,4002.39990234375
2025-10-07 14:00:00+00:00,4009.0
2025-10-07 15:00:00+00:00,3988.699951171875
2025-10-07 16:00:00+00:00,3999.89990234375
2025-10-07 17:00:00+00:00,4003.89990234375
2025-10-07 18:00:00+00:00,4003.800048828125
2025-10-07 19:00:00+00:00,4002.5
2025-10-07 20:00:00+00:00,4007.89990234375
2025-10-07 22:00:00+00:00,4012.300048828125
2025-10-07 23:00:00+00:00,4016.199951171875
2025-10-08 00:00:00+00:00,4014.0
2025-10-08 01:00:00+00:00,4023.39990234375
2025-10-08 02:00:00+00:00,4033.89990234375
2025-10-08 03:00:00+00:00,4036.60009765625
2025-10-08 04:00:00+00:00,4049.0
2025-10-08 05:00:00+00:00,4051.89990234375
2025-10-08 06:00:00+00:00,4053.699951171875
2025-10-08 07:00:00+00:00,4056.5
2025-10-08 08:00:00+00:00,4058.39990234375
2025-10-08 09:00:00+00:00,4070.89990234375
2025-10-08 10:00:00+00:00,4059.10009765625
2025-10-08 11:00:00+00:00,4060.0
2025-10-08 12:00:00+00:00,4062.10009765625
2025-10-08 13:00:00+00:00,4059.800048828125
2025-10-08 14:00:00+00:00,4069.699951171875
2025-10-08 15:00:00+00:00,4067.199951171875
2025-10-08 16:00:00+00:00,4078.39990234375
2025-10-08 17:00:00+00:00,4072.5
2025-10-08 18:00:00+00:00,4070.5
2025-10-08 19:00:00+00:00,4064.199951171875
2025-10-08 20:00:00+00:00,4060.60009765625
2025-10-08 22:00:00+00:00,4039.89990234375
2025-10-08 23:00:00+00:00,4030.10009765625
2025-10-09 00:00:00+00:00,4042.199951171875
2025-10-09 01:00:00+00:00,4040.39990234375
2025-10-09 02:00:00+00:00,4038.39990234375
2025-10-09 03:00:00+00:00,4045.0
2025-10-09 04:00:00+00:00,4057.5
2025-10-09 05:00:00+00:00,4058.199951171875
2025-10-09 06:00:00+00:00,4044.800048828125
2025-10-09 07:00:00+00:00,4051.199951171875
2025-10-09 08:00:00+00:00,4057.800048828125
2025-10-09 09:00:00+00:00,4057.199951171875
2025-10-09 10:00:00+00:00,4064.10009765625
2025-10-09 11:00:00+00:00,4063.699951171875
2025-10-09 12:00:00+00:00,4072.89990234375
2025-10-09 13:00:00+00:00,4034.60009765625
2025-10-09 14:00:00+00:00,4039.5
2025-10-09 15:00:00+00:00,4029.60009765625
2025-10-09 16:00:00+00:00,3982.39990234375
2025-10-09 17:00:00+00:00,3963.39990234375
2025-10-09 18:00:00+00:00,3971.300048828125
2025-10-09 19:00:00+00:00,3988.300048828125
2025-10-09 20:00:00+00:00,3991.10009765625
2025-10-09 22:00:00+00:00,3990.699951171875
2025-10-09 23:00:00+00:00,4006.60009765625
2025-10-10 00:00:00+00:00,4005.10009765625
2025-10-10 01:00:00+00:00,3987.89990234375
2025-10-10 02:00:00+00:00,3992.60009765625
2025-10-10 03:00:00+00:00,3979.10009765625
2025-10-10 04:00:00+00:00,3979.800048828125
2025-10-10 05:00:00+00:00,3990.199951171875
2025-10-10 06:00:00+00:00,3983.0
2025-10-10 07:00:00+00:00,3985.10009765625
2025-10-10 08:00:00+00:00,4005.10009765625
2025-10-10 09:00:00+00:00,4010.0
2025-10-10 10:00:00+00:00,4008.10009765625
2025-10-10 11:00:00+00:00,4002.300048828125
2025-10-10 12:00:00+00:00,4002.0
2025-10-10 13:00:00+00:00,3996.10009765625
2025-10-10 14:00:00+00:00,4005.699951171875
2025-10-10 15:00:00+00:00,4013.39990234375
2025-10-10 16:00:00+00:00,3997.5
2025-10-10 17:00:00+00:00,4004.89990234375
2025-10-10 18:00:00+00:00,4014.89990234375
2025-10-10 19:00:00+00:00,4028.10009765625
2025-10-10 20:00:00+00:00,4000.39990234375
2025-10-12 22:00:00+00:00,4059.0
2025-10-12 23:00:00+00:00,4053.10009765625
2025-10-13 00:00:00+00:00,4061.5
2025-10-13 01:00:00+00:00,4072.0
2025-10-13 02:00:00+00:00,4066.10009765625
2025-10-13 03:00:00+00:00,4070.199951171875
2025-10-13 04:00:00+00:00,4073.60009765625
2025-10-13 05:00:00+00:00,4082.60009765625
2025-10-13 06:00:00+00:00,4088.699951171875
2025-10-13 07:00:00+00:00,4089.699951171875
2025-10-13 08:00:00+00:00,4097.0
2025-10-13 09:00:00+00:00,4097.0
2025-10-13 10:00:00+00:00,4099.60009765625
2025-10-13 11:00:00+00:00,4093.199951171875
2025-10-13 12:00:00+00:00,4099.2998046875
2025-10-13 13:00:00+00:00,4113.7998046875
2025-10-13 14:00:00+00:00,4117.60009765625
2025-10-13 15:00:00+00:00,4124.7998046875
2025-10-13 16:00:00+00:00,4125.2998046875
2025-10-13 17:00:00+00:00,4123.39990234375
2025-10-13 18:00:00+00:00,4121.7998046875
2025-10-13 19:00:00+00:00,4127.2998046875
2025-10-13 20:00:00+00:00,4130.0
2025-10-13 22:00:00+00:00,4134.2001953125
2025-10-13 23:00:00+00:00,4145.89990234375
2025-10-14 00:00:00+00:00,4142.2001953125
2025-10-14 01:00:00+00:00,4154.10009765625
2025-10-14 02:00:00+00:00,4162.60009765625
2025-10-14 03:00:00+00:00,4175.2998046875
2025-10-14 04:00:00+00:00,4181.0
2025-10-14 05:00:00+00:00,4135.2998046875
2025-10-14 06:00:00+00:00,4127.2998046875
2025-10-14 07:00:00+00:00,4141.7998046875
2025-10-14 08:00:00+00:00,4158.0
2025-10-14 09:00:00+00:00,4143.7001953125
2025-10-14 10:00:00+00:00,4149.7001953125
2025-10-14 11:00:00+00:00,4148.60009765625
2025-10-14 12:00:00+00:00,4122.7998046875
2025-10-14 13:00:00+00:00,4140.60009765625
2025-10-14 14:00:00+00:00,4145.39990234375
2025-10-14 15:00:00+00:00,4154.2998046875
2025-10-14 16:00:00+00:00,4156.2998046875
2025-10-14 17:00:00+00:00,4164.2001953125
2025-10-14 18:00:00+00:00,4164.60009765625
2025-10-14 19:00:00+00:00,4159.2001953125
2025-10-14 20:00:00+00:00,4159.60009765625
2025-10-14 22:00:00+00:00,4174.7998046875
2025-10-14 23:00:00+00:00,4179.60009765625
2025-10-15 00:00:00+00:00,4180.10009765625
2025-10-15 01:00:00+00:00,4200.7001953125
2025-10-15 02:00:00+00:00,4195.2998046875
2025-10-15 03:00:00+00:00,4206.0
2025-10-15 04:00:00+00:00,4198.7998046875
2025-10-15 05:00:00+00:00,4204.0
2025-10-15 06:00:00+00:00,4217.10009765625
2025-10-15 07:00:00+00:00,4225.7998046875
2025-10-15 08:00:00+00:00,4225.5
2025-10-15 09:00:00+00:00,4208.7998046875
2025-10-15 10:00:00+00:00,4218.89990234375
2025-10-15 11:00:00+00:00,4214.2998046875
2025-10-15 12:00:00+00:00,4207.0
2025-10-15 13:00:00+00:00,4207.60009765625
2025-10-15 14:00:00+00:00,4216.2001953125
2025-10-15 15:00:00+00:00,4207.0
2025-10-15 16:00:00+00:00,4215.5
2025-10-15 17:00:00+00:00,4214.2001953125
2025-10-15 18:00:00+00:00,4219.0
2025-10-15 19:00:00+00:00,4226.0
2025-10-15 20:00:00+00:00,4224.89990234375
2025-10-15 22:00:00+00:00,4227.39990234375
2025-10-15 23:00:00+00:00,4223.2001953125
2025-10-16 00:00:00+00:00,4224.5
2025-10-16 01:00:00+00:00,4243.7998046875
2025-10-16 02:00:00+00:00,4253.0
2025-10-16 03:00:00+00:00,4249.2001953125
2025-10-16 04:00:00+00:00,4246.7001953125
2025-10-16 05:00:00+00:00,4218.5
2025-10-16 06:00:00+00:00,4236.7998046875
2025-10-16 07:00:00+00:00,4244.5
2025-10-16 08:00:00+00:00,4247.60009765625
2025-10-16 09:00:00+00:00,4254.89990234375
2025-10-16 10:00:00+00:00,4259.10009765625
2025-10-16 11:00:00+00:00,4256.10009765625
2025-10-16 12:00:00+00:00,4250.39990234375
2025-10-16 13:00:00+00:00,4262.5
2025-10-16 14:00:00+00:00,4278.7998046875
2025-10-16 15:00:00+00:00,4289.39990234375
2025-10-16 16:00:00+00:00,4296.89990234375
2025-10-16 17:00:00+00:00,4309.5
2025-10-16 18:00:00+00:00,4306.0
2025-10-16 19:00:00+00:00,4321.39990234375
2025-10-16 20:00:00+00:00,4344.2998046875
2025-10-16 22:00:00+00:00,4359.7998046875
2025-10-16 23:00:00+00:00,4378.7998046875
2025-10-17 00:00:00+00:00,4369.7998046875
2025-10-17 01:00:00+00:00,4326.2998046875
2025-10-17 02:00:00+00:00,4355.2998046875
2025-10-17 03:00:00+00:00,4377.2001953125
2025-10-17 04:00:00+00:00,4388.39990234375
2025-10-17 05:00:00+00:00,4378.39990234375
2025-10-17 06:00:00+00:00,4372.5
2025-10-17 07:00:00+00:00,4354.5
2025-10-17 08:00:00+00:00,4360.2001953125
2025-10-17 09:00:00+00:00,4353.2998046875
2025-10-17 10:00:00+00:00,4339.7001953125
2025-10-17 11:00:00+00:00,4298.7001953125
2025-10-17 12:00:00+00:00,4327.0
2025-10-17 13:00:00+00:00,4286.7998046875
2025-10-17 14:00:00+00:00,4262.7001953125
2025-10-17 15:00:00+00:00,4251.39990234375
2025-10-17 16:00:00+00:00,4216.7998046875
2025-10-17 17:00:00+00:00,4233.89990234375
2025-10-17 18:00:00+00:00,4249.60009765625
2025-10-17 19:00:00+00:00,4240.2998046875
2025-10-17 20:00:00+00:00,4213.2998046875
2025-10-19 22:00:00+00:00,4269.7001953125
2025-10-19 23:00:00+00:00,4250.0
2025-10-20 00:00:00+00:00,4260.7998046875
2025-10-20 01:00:00+00:00,4274.2998046875
2025-10-20 02:00:00+00:00,4266.7998046875
2025-10-20 03:00:00+00:00,4277.7998046875
2025-10-20 04:00:00+00:00,4279.7998046875
2025-10-20 05:00:00+00:00,4251.89990234375
2025-10-20 06:00:00+00:00,4249.2001953125
2025-10-20 07:00:00+00:00,4269.2998046875
2025-10-20 08:00:00+00:00,4273.39990234375
2025-10-20 09:00:00+00:00,4275.39990234375
2025-10-20 10:00:00+00:00,4269.89990234375
2025-10-20 11:00:00+00:00,4294.7998046875
2025-10-20 12:00:00+00:00,4340.89990234375
2025-10-20 13:00:00+00:00,4317.10009765625
2025-10-20 14:00:00+00:00,4348.7001953125
2025-10-20 15:00:00+00:00,4366.0
2025-10-20 16:00:00+00:00,4365.2001953125
2025-10-20 17:00:00+00:00,4365.7001953125
2025-10-20 18:00:00+00:00,4376.2998046875
2025-10-20 19:00:00+00:00,4394.2998046875
2025-10-20 20:00:00+00:00,4374.2998046875
2025-10-20 22:00:00+00:00,4385.2998046875
2025-10-20 23:00:00+00:00,4377.2998046875
2025-10-21 00:00:00+00:00,4386.0
2025-10-21 01:00:00+00:00,4367.7001953125
2025-10-21 02:00:00+00:00,4354.89990234375
2025-10-21 03:00:00+00:00,4362.89990234375
2025-10-21 04:00:00+00:00,4358.39990234375
2025-10-21 05:00:00+00:00,4339.5
2025-10-21 06:00:00+00:00,4358.60009765625
2025-10-21 07:00:00+00:00,4312.7998046875
2025-10-21 08:00:00+00:00,4287.60009765625
2025-10-21 09:00:00+00:00,4278.60009765625
2025-10-21 10:00:00+00:00,4268.2001953125
2025-10-21 11:00:00+00:00,4266.7998046875
2025-10-21 12:00:00+00:00,4223.39990234375
2025-10-21 13:00:00+00:00,4185.2998046875
2025-10-21 14:00:00+00:00,4152.10009765625
2025-10-21 15:00:00+00:00,4150.60009765625
2025-10-21 16:00:00+00:00,4124.7998046875
2025-10-21 17:00:00+00:00,4124.2001953125
2025-10-21 18:00:00+00:00,4128.2001953125
2025-10-21 19:00:00+00:00,4124.2001953125
2025-10-21 20:00:00+00:00,4138.5
2025-10-21 22:00:00+00:00,4136.2001953125
2025-10-21 23:00:00+00:00,4106.7001953125
2025-10-22 00:00:00+00:00,4088.60009765625
2025-10-22 01:00:00+00:00,4100.5
2025-10-22 02:00:00+00:00,4128.89990234375
2025-10-22 03:00:00+00:00,4143.7001953125
2025-10-22 04:00:00+00:00,4141.89990234375
2025-10-22 05:00:00+00:00,4148.7001953125
2025-10-22 06:00:00+00:00,4169.10009765625
2025-10-22 07:00:00+00:00,4146.2998046875
2025-10-22 08:00:00+00:00,4083.5
2025-10-22 09:00:00+00:00,4084.0
2025-10-22 10:00:00+00:00,4049.5
2025-10-22 11:00:00+00:00,4042.699951171875
2025-10-22 12:00:00+00:00,4048.89990234375
2025-10-22 13:00:00+00:00,4090.699951171875
2025-10-22 14:00:00+00:00,4030.800048828125
2025-10-22 15:00:00+00:00,4053.10009765625
2025-10-22 16:00:00+00:00,4075.5
2025-10-22 17:00:00+00:00,4086.300048828125
2025-10-22 18:00:00+00:00,4094.0
2025-10-22 19:00:00+00:00,4120.0
2025-10-22 20:00:00+00:00,4116.60009765625
2025-10-22 22:00:00+00:00,4119.2001953125
2025-10-22 23:00:00+00:00,4104.7001953125
2025-10-23 00:00:00+00:00,4098.2001953125
2025-10-23 01:00:00+00:00,4088.5
2025-10-23 02:00:00+00:00,4098.10009765625
2025-10-23 03:00:00+00:00,4106.89990234375
2025-10-23 04:00:00+00:00,4104.60009765625
2025-10-23 05:00:00+00:00,4124.60009765625
2025-10-23 06:00:00+00:00,4127.7001953125
2025-10-23 07:00:00+00:00,4109.60009765625
2025-10-23 08:00:00+00:00,4131.5
2025-10-23 09:00:00+00:00,4139.60009765625
2025-10-23 10:00:00+00:00,4122.89990234375
2025-10-23 11:00:00+00:00,4123.7001953125
2025-10-23 12:00:00+00:00,4142.2998046875
2025-10-23 13:00:00+00:00,4161.2001953125
2025-10-23 14:00:00+00:00,4164.5
2025-10-23 15:00:00+00:00,4158.60009765625
2025-10-23 16:00:00+00:00,4149.39990234375
2025-10-23 17:00:00+00:00,4153.89990234375
2025-10-23 18:00:00+00:00,4152.2998046875
2025-10-23 19:00:00+00:00,4134.60009765625
2025-10-23 20:00:00+00:00,4143.2001953125
2025-10-23 22:00:00+00:00,4132.39990234375
2025-10-23 23:00:00+00:00,4136.7998046875
2025-10-24 00:00:00+00:00,4147.60009765625
2025-10-24 01:00:00+00:00,4133.10009765625
2025-10-24 02:00:00+00:00,4123.7001953125
2025-10-24 03:00:00+00:00,4135.89990234375
2025-10-24 04:00:00+00:00,4124.7001953125
2025-10-24 05:00:00+00:00,4118.5
2025-10-24 06:00:00+00:00,4107.5
2025-10-24 07:00:00+00:00,4088.89990234375
2025-10-24 08:00:00+00:00,4079.0
2025-10-24 09:00:00+00:00,4075.5
2025-10-24 10:00:00+00:00,4068.39990234375
2025-10-24 11:00:00+00:00,4075.60009765625
2025-10-24 12:00:00+00:00,4096.10009765625
2025-10-24 13:00:00+00:00,4120.89990234375
2025-10-24 14:00:00+00:00,4133.0
2025-10-24 15:00:00+00:00,4146.7001953125
2025-10-24 16:00:00+00:00,4145.7998046875
2025-10-24 17:00:00+00:00,4123.39990234375
2025-10-24 18:00:00+00:00,4126.7001953125
2025-10-24 19:00:00+00:00,4119.7001953125
2025-10-24 20:00:00+00:00,4137.7998046875
2025-10-26 22:00:00+00:00,4096.39990234375
2025-10-26 23:00:00+00:00,4078.199951171875
2025-10-27 00:00:00+00:00,4095.199951171875
2025-10-27 01:00:00+00:00,4094.800048828125
2025-10-27 02:00:00+00:00,4084.699951171875
2025-10-27 03:00:00+00:00,4083.5
2025-10-27 04:00:00+00:00,4081.800048828125
2025-10-27 05:00:00+00:00,4093.5
2025-10-27 06:00:00+00:00,4091.800048828125
2025-10-27 07:00:00+00:00,4081.699951171875
2025-10-27 08:00:00+00:00,4055.199951171875
2025-10-27 09:00:00+00:00,4053.300048828125
2025-10-27 10:00:00+00:00,4050.800048828125
2025-10-27 11:00:00+00:00,4038.0
2025-10-27 12:00:00+00:00,4060.10009765625
2025-10-27 13:00:00+00:00,4036.0
2025-10-27 14:00:00+00:00,4002.199951171875
2025-10-27 15:00:00+00:00,4004.60009765625
2025-10-27 16:00:00+00:00,4014.300048828125
2025-10-27 17:00:00+00:00,4021.699951171875
2025-10-27 18:00:00+00:00,4014.10009765625
2025-10-27 19:00:00+00:00,4006.0
2025-10-27 20:00:00+00:00,3997.0
2025-10-27 22:00:00+00:00,4004.5
2025-10-27 23:00:00+00:00,4012.5
2025-10-28 00:00:00+00:00,4021.5
2025-10-28 01:00:00+00:00,4024.39990234375
2025-10-28 02:00:00+00:00,3998.60009765625
2025-10-28 03:00:00+00:00,4006.60009765625
2025-10-28 04:00:00+00:00,3988.0
2025-10-28 05:00:00+00:00,3980.699951171875
2025-10-28 06:00:00+00:00,3958.10009765625
2025-10-28 07:00:00+00:00,3947.39990234375
2025-10-28 08:00:00+00:00,3912.0
2025-10-28 09:00:00+00:00,3919.0
2025-10-28 10:00:00+00:00,3940.800048828125
2025-10-28 11:00:00+00:00,3937.10009765625
2025-10-28 12:00:00+00:00,3927.0
2025-10-28 13:00:00+00:00,3953.5
2025-10-28 14:00:00+00:00,3964.60009765625
2025-10-28 15:00:00+00:00,3978.60009765625
2025-10-28 16:00:00+00:00,3973.5
2025-10-28 17:00:00+00:00,3976.60009765625
2025-10-28 18:00:00+00:00,3971.60009765625
2025-10-28 19:00:00+00:00,3975.800048828125
2025-10-28 20:00:00+00:00,3968.10009765625
2025-10-28 22:00:00+00:00,3948.800048828125
2025-10-28 23:00:00+00:00,3979.0
2025-10-29 00:00:00+00:00,3988.60009765625
2025-10-29 01:00:00+00:00,3987.300048828125
2025-10-29 02:00:00+00:00,3975.0
2025-10-29 03:00:00+00:00,3977.300048828125
2025-10-29 04:00:00+00:00,3965.800048828125
2025-10-29 05:00:00+00:00,3976.0
2025-10-29 06:00:00+00:00,3992.199951171875
2025-10-29 07:00:00+00:00,4014.5
2025-10-29 08:00:00+00:00,4029.800048828125
2025-10-29 09:00:00+00:00,4037.199951171875
2025-10-29 10:00:00+00:00,4037.199951171875
2025-10-29 11:00:00+00:00,4030.199951171875
2025-10-29 12:00:00+00:00,4038.800048828125
2025-10-29 13:00:00+00:00,4026.89990234375
2025-10-29 14:00:00+00:00,4021.89990234375
2025-10-29 15:00:00+00:00,4007.5
2025-10-29 16:00:00+00:00,4007.699951171875
2025-10-29 17:00:00+00:00,4009.0
2025-10-29 18:00:00+00:00,3982.89990234375
2025-10-29 19:00:00+00:00,3959.199951171875
2025-10-29 20:00:00+00:00,3941.699951171875
2025-10-29 22:00:00+00:00,3953.0
2025-10-29 23:00:00+00:00,3963.89990234375
2025-10-30 00:00:00+00:00,3961.800048828125
2025-10-30 01:00:00+00:00,3960.39990234375
2025-10-30 02:00:00+00:00,3934.5
2025-10-30 03:00:00+00:00,3947.300048828125
2025-10-30 04:00:00+00:00,3985.199951171875
2025-10-30 05:00:00+00:00,3976.199951171875
2025-10-30 06:00:00+00:00,3989.300048828125
2025-10-30 07:00:00+00:00,3972.800048828125
2025-10-30 08:00:00+00:00,3988.5
2025-10-30 09:00:00+00:00,4010.39990234375
2025-10-30 10:00:00+00:00,3995.800048828125
2025-10-30 11:00:00+00:00,3985.699951171875
2025-10-30 12:00:00+00:00,3972.60009765625
2025-10-30 13:00:00+00:00,4007.89990234375
2025-10-30 14:00:00+00:00,4009.60009765625
2025-10-30 15:00:00+00:00,4015.300048828125
2025-10-30 16:00:00+00:00,4014.5
2025-10-30 17:00:00+00:00,4017.5
2025-10-30 18:00:00+00:00,4028.199951171875
2025-10-30 19:00:00+00:00,4035.199951171875
2025-10-30 20:00:00+00:00,4038.300048828125
2025-10-30 22:00:00+00:00,4051.10009765625
2025-10-30 23:00:00+00:00,4048.60009765625
2025-10-31 00:00:00+00:00,4036.89990234375
2025-10-31 01:00:00+00:00,4032.0
2025-10-31 02:00:00+00:00,4023.89990234375
2025-10-31 03:00:00+00:00,4009.0
2025-10-31 04:00:00+00:00,4018.39990234375
2025-10-31 05:00:00+00:00,4016.60009765625
2025-10-31 06:00:00+00:00,4024.89990234375
2025-10-31 07:00:00+00:00,4032.60009765625
2025-10-31 08:00:00+00:00,4021.89990234375
2025-10-31 09:00:00+00:00,4019.800048828125
2025-10-31 10:00:00+00:00,4018.800048828125
2025-10-31 11:00:00+00:00,4022.300048828125
2025-10-31 12:00:00+00:00,4035.300048828125
2025-10-31 13:00:00+00:00,4028.199951171875
2025-10-31 14:00:00+00:00,4033.0
2025-10-31 15:00:00+00:00,4025.0
2025-10-31 16:00:00+00:00,3991.800048828125
2025-10-31 17:00:00+00:00,4009.0
2025-10-31 18:00:00+00:00,4011.699951171875
2025-10-31 19:00:00+00:00,4012.89990234375
2025-10-31 20:00:00+00:00,4014.199951171875
2025-11-02 23:00:00+00:00,3989.699951171875
2025-11-03 00:00:00+00:00,3980.89990234375
2025-11-03 01:00:00+00:00,4006.10009765625
2025-11-03 02:00:00+00:00,4014.5
2025-11-03 03:00:00+00:00,4021.300048828125
2025-11-03 04:00:00+00:00,4013.5
2025-11-03 05:00:00+00:00,4024.699951171875
2025-11-03 06:00:00+00:00,4028.39990234375
2025-11-03 07:00:00+00:00,4035.89990234375
2025-11-03 08:00:00+00:00,4029.89990234375
2025-11-03 09:00:00+00:00,4011.60009765625
2025-11-03 10:00:00+00:00,4010.199951171875
2025-11-03 11:00:00+00:00,4019.60009765625
2025-11-03 12:00:00+00:00,4025.300048828125
2025-11-03 13:00:00+00:00,4028.10009765625
2025-11-03 14:00:00+00:00,4034.10009765625
2025-11-03 15:00:00+00:00,4019.300048828125
2025-11-03 16:00:00+00:00,4019.800048828125
2025-11-03 17:00:00+00:00,4018.0
2025-11-03 18:00:00+00:00,4018.199951171875
2025-11-03 19:00:00+00:00,4016.300048828125
2025-11-03 20:00:00+00:00,4022.699951171875
2025-11-03 21:00:00+00:00,4013.699951171875
2025-11-03 23:00:00+00:00,4008.10009765625
2025-11-04 00:00:00+00:00,3996.10009765625
2025-11-04 01:00:00+00:00,3996.39990234375
2025-11-04 02:00:00+00:00,3996.39990234375
2025-11-04 03:00:00+00:00,4003.699951171875
2025-11-04 04:00:00+00:00,3995.300048828125
2025-11-04 05:00:00+00:00,3982.39990234375
2025-11-04 06:00:00+00:00,3993.39990234375
2025-11-04 07:00:00+00:00,4004.0
2025-11-04 08:00:00+00:00,4006.800048828125
2025-11-04 09:00:00+00:00,4001.10009765625
2025-11-04 10:00:00+00:00,4004.0
2025-11-04 11:00:00+00:00,4005.699951171875
2025-11-04 12:00:00+00:00,3994.699951171875
2025-11-04 13:00:00+00:00,3985.699951171875
2025-11-04 14:00:00+00:00,3966.5
2025-11-04 15:00:00+00:00,3966.39990234375
2025-11-04 16:00:00+00:00,3979.39990234375
2025-11-04 17:00:00+00:00,3965.300048828125
2025-11-04 18:00:00+00:00,3947.10009765625
2025-11-04 19:00:00+00:00,3947.199951171875
2025-11-04 20:00:00+00:00,3948.699951171875
2025-11-04 21:00:00+00:00,3941.300048828125
2025-11-04 23:00:00+00:00,3942.5
2025-11-05 00:00:00+00:00,3948.0
2025-11-05 01:00:00+00:00,3945.300048828125
2025-11-05 02:00:00+00:00,3957.60009765625
2025-11-05 03:00:00+00:00,3969.199951171875
2025-11-05 04:00:00+00:00,3977.60009765625
2025-11-05 05:00:00+00:00,3973.199951171875
2025-11-05 06:00:00+00:00,3975.0
2025-11-05 07:00:00+00:00,3982.199951171875
2025-11-05 08:00:00+00:00,3990.0
2025-11-05 09:00:00+00:00,3981.89990234375
2025-11-05 10:00:00+00:00,3973.5
2025-11-05 11:00:00+00:00,3975.5
2025-11-05 12:00:00+00:00,3979.300048828125
2025-11-05 13:00:00+00:00,3985.89990234375
2025-11-05 14:00:00+00:00,3983.0
2025-11-05 15:00:00+00:00,3987.89990234375
2025-11-05 16:00:00+00:00,3996.800048828125
2025-11-05 17:00:00+00:00,3991.300048828125
2025-11-05 18:00:00+00:00,3992.10009765625
2025-11-05 19:00:00+00:00,3997.89990234375
2025-11-05 20:00:00+00:00,3994.800048828125
2025-11-05 21:00:00+00:00,3990.39990234375
2025-11-05 23:00:00+00:00,3982.800048828125
2025-11-06 00:00:00+00:00,3984.699951171875
2025-11-06 01:00:00+00:00,3984.60009765625
2025-11-06 02:00:00+00:00,3991.699951171875
2025-11-06 03:00:00+00:00,3995.699951171875
2025-11-06 04:00:00+00:00,3997.300048828125
2025-11-06 05:00:00+00:00,3996.699951171875
2025-11-06 06:00:00+00:00,4000.699951171875
2025-11-06 07:00:00+00:00,4014.800048828125
2025-11-06 08:00:00+00:00,4024.300048828125
2025-11-06 09:00:00+00:00,4020.300048828125
2025-11-06 10:00:00+00:00,4017.699951171875
2025-11-06 11:00:00+00:00,4027.199951171875
2025-11-06 12:00:00+00:00,4014.5
2025-11-06 13:00:00+00:00,4021.10009765625
2025-11-06 14:00:00+00:00,4001.89990234375
2025-11-06 15:00:00+00:00,3988.300048828125
2025-11-06 16:00:00+00:00,3989.10009765625
2025-11-06 17:00:00+00:00,3994.5
2025-11-06 18:00:00+00:00,3995.89990234375
2025-11-06 19:00:00+00:00,3993.199951171875
2025-11-06 20:00:00+00:00,3988.800048828125
2025-11-06 21:00:00+00:00,3984.800048828125
2025-11-06 23:00:00+00:00,3996.0
2025-11-07 00:00:00+00:00,3996.0
2025-11-07 01:00:00+00:00,4009.199951171875
2025-11-07 02:00:00+00:00,4002.60009765625
2025-11-07 03:00:00+00:00,3997.699951171875
2025-11-07 04:00:00+00:00,4005.5
2025-11-07 05:00:00+00:00,4002.39990234375
2025-11-07 06:00:00+00:00,4014.5
2025-11-07 07:00:00+00:00,4015.199951171875
2025-11-07 08:00:00+00:00,4018.0
2025-11-07 09:00:00+00:00,4014.5
2025-11-07 10:00:00+00:00,4015.699951171875
2025-11-07 11:00:00+00:00,4011.0
2025-11-07 12:00:00+00:00,4003.300048828125
2025-11-07 13:00:00+00:00,4004.5
2025-11-07 14:00:00+00:00,4001.0
2025-11-07 15:00:00+00:00,3998.0
2025-11-07 16:00:00+00:00,4015.800048828125
2025-11-07 17:00:00+00:00,4012.60009765625
2025-11-07 18:00:00+00:00,4012.5
2025-11-07 19:00:00+00:00,4014.199951171875
2025-11-07 20:00:00+00:00,4012.10009765625
2025-11-07 21:00:00+00:00,4008.39990234375
2025-11-09 23:00:00+00:00,4019.5
2025-11-10 00:00:00+00:00,4028.300048828125
2025-11-10 01:00:00+00:00,4052.89990234375
2025-11-10 02:00:00+00:00,4056.800048828125
2025-11-10 03:00:00+00:00,4058.699951171875
2025-11-10 04:00:00+00:00,4062.89990234375
2025-11-10 05:00:00+00:00,4078.0
2025-11-10 06:00:00+00:00,4083.5
2025-11-10 07:00:00+00:00,4083.60009765625
2025-11-10 08:00:00+00:00,4090.300048828125
2025-11-10 09:00:00+00:00,4084.89990234375
2025-11-10 10:00:00+00:00,4089.300048828125
2025-11-10 11:00:00+00:00,4093.800048828125
2025-11-10 12:00:00+00:00,4106.10009765625
2025-11-10 13:00:00+00:00,4099.89990234375
2025-11-10 14:00:00+00:00,4091.39990234375
2025-11-10 15:00:00+00:00,4091.39990234375
2025-11-10 16:00:00+00:00,4103.2001953125
2025-11-10 17:00:00+00:00,4110.7001953125
2025-11-10 18:00:00+00:00,4117.39990234375
2025-11-10 19:00:00+00:00,4120.89990234375
2025-11-10 20:00:00+00:00,4118.7998046875
2025-11-10 21:00:00+00:00,4123.39990234375
2025-11-10 23:00:00+00:00,4126.60009765625
2025-11-11 00:00:00+00:00,4137.2998046875
2025-11-11 01:00:00+00:00,4142.2001953125
2025-11-11 02:00:00+00:00,4143.89990234375
2025-11-11 03:00:00+00:00,4152.7001953125
2025-11-11 04:00:00+00:00,4148.89990234375
2025-11-11 05:00:00+00:00,4137.2998046875
2025-11-11 06:00:00+00:00,4136.10009765625
2025-11-11 07:00:00+00:00,4136.10009765625
2025-11-11 08:00:00+00:00,4142.2998046875
2025-11-11 09:00:00+00:00,4148.0
2025-11-11 10:00:00+00:00,4148.2001953125
2025-11-11 11:00:00+00:00,4149.60009765625
2025-11-11 12:00:00+00:00,4140.7001953125
2025-11-11 13:00:00+00:00,4149.2001953125
2025-11-11 14:00:00+00:00,4131.2001953125
2025-11-11 15:00:00+00:00,4112.60009765625
2025-11-11 16:00:00+00:00,4119.2001953125
2025-11-11 17:00:00+00:00,4119.89990234375
2025-11-11 18:00:00+00:00,4119.7998046875
2025-11-11 19:00:00+00:00,4128.39990234375
2025-11-11 20:00:00+00:00,4135.7001953125
2025-11-11 21:00:00+00:00,4133.2001953125
2025-11-11 23:00:00+00:00,4148.7001953125
2025-11-12 00:00:00+00:00,4139.0
2025-11-12 01:00:00+00:00,4137.39990234375
2025-11-12 02:00:00+00:00,4129.89990234375
2025-11-12 03:00:00+00:00,4117.7001953125
2025-11-12 04:00:00+00:00,4116.5
2025-11-12 05:00:00+00:00,4110.5
2025-11-12 06:00:00+00:00,4123.89990234375
2025-11-12 07:00:00+00:00,4122.2998046875
2025-11-12 08:00:00+00:00,4136.7998046875
2025-11-12 09:00:00+00:00,4130.60009765625
2025-11-12 10:00:00+00:00,4133.2998046875
2025-11-12 11:00:00+00:00,4131.7001953125
2025-11-12 12:00:00+00:00,4136.39990234375
2025-11-12 13:00:00+00:00,4132.89990234375
2025-11-12 14:00:00+00:00,4142.7001953125
2025-11-12 15:00:00+00:00,4187.89990234375
2025-11-12 16:00:00+00:00,4203.0
2025-11-12 17:00:00+00:00,4205.7998046875
2025-11-12 18:00:00+00:00,4213.5
2025-11-12 19:00:00+00:00,4203.2998046875
2025-11-12 20:00:00+00:00,4201.2998046875
2025-11-12 21:00:00+00:00,4201.39990234375
2025-11-12 23:00:00+00:00,4195.60009765625
2025-11-13 00:00:00+00:00,4209.2998046875
2025-11-13 01:00:00+00:00,4197.0
2025-11-13 02:00:00+00:00,4194.2001953125
2025-11-13 03:00:00+00:00,4216.7998046875
2025-11-13 04:00:00+00:00,4214.60009765625
2025-11-13 05:00:00+00:00,4216.0
2025-11-13 06:00:00+00:00,4214.39990234375
2025-11-13 07:00:00+00:00,4224.60009765625
2025-11-13 08:00:00+00:00,4237.5
2025-11-13 09:00:00+00:00,4238.2998046875
2025-11-13 10:00:00+00:00,4230.2998046875
2025-11-13 11:00:00+00:00,4235.0
2025-11-13 12:00:00+00:00,4247.39990234375
2025-11-13 13:00:00+00:00,4236.7001953125
2025-11-13 14:00:00+00:00,4199.89990234375
2025-11-13 15:00:00+00:00,4206.60009765625
2025-11-13 16:00:00+00:00,4210.7998046875
2025-11-13 17:00:00+00:00,4206.2998046875
2025-11-13 18:00:00+00:00,4161.60009765625
2025-11-13 19:00:00+00:00,4167.7998046875
2025-11-13 20:00:00+00:00,4168.10009765625
2025-11-13 21:00:00+00:00,4174.5
2025-11-13 23:00:00+00:00,4188.89990234375
2025-11-14 00:00:00+00:00,4186.89990234375
2025-11-14 01:00:00+00:00,4193.0
2025-11-14 02:00:00+00:00,4209.7998046875
2025-11-14 03:00:00+00:00,4207.7001953125
2025-11-14 04:00:00+00:00,4206.2001953125
2025-11-14 05:00:00+00:00,4192.7998046875
2025-11-14 06:00:00+00:00,4177.2998046875
2025-11-14 07:00:00+00:00,4184.39990234375
2025-11-14 08:00:00+00:00,4179.10009765625
2025-11-14 09:00:00+00:00,4171.89990234375
2025-11-14 10:00:00+00:00,4170.7001953125
2025-11-14 11:00:00+00:00,4135.60009765625
2025-11-14 12:00:00+00:00,4118.2998046875
2025-11-14 13:00:00+00:00,4056.5
2025-11-14 14:00:00+00:00,4083.699951171875
2025-11-14 15:00:00+00:00,4095.5
2025-11-14 16:00:00+00:00,4107.10009765625
2025-11-14 17:00:00+00:00,4101.5
2025-11-14 18:00:00+00:00,4100.0
2025-11-14 19:00:00+00:00,4091.800048828125
2025-11-14 20:00:00+00:00,4088.89990234375
2025-11-14 21:00:00+00:00,4094.199951171875
2025-11-16 23:00:00+00:00,4097.0
2025-11-17 00:00:00+00:00,4084.39990234375
2025-11-17 01:00:00+00:00,4092.199951171875
2025-11-17 02:00:00+00:00,4082.89990234375
2025-11-17 03:00:00+00:00,4084.0
2025-11-17 04:00:00+00:00,4078.800048828125
2025-11-17 05:00:00+00:00,4060.0
2025-11-17 06:00:00+00:00,4067.0
2025-11-17 07:00:00+00:00,4088.89990234375
2025-11-17 08:00:00+00:00,4078.800048828125
2025-11-17 09:00:00+00:00,4083.300048828125
2025-11-17 10:00:00+00:00,4072.10009765625
2025-11-17 11:00:00+00:00,4080.10009765625
2025-11-17 12:00:00+00:00,4078.5
2025-11-17 13:00:00+00:00,4065.89990234375
2025-11-17 14:00:00+00:00,4077.800048828125
2025-11-17 15:00:00+00:00,4065.60009765625
2025-11-17 16:00:00+00:00,4071.10009765625
2025-11-17 17:00:00+00:00,4074.699951171875
2025-11-17 18:00:00+00:00,4063.800048828125
2025-11-17 19:00:00+00:00,4011.300048828125
2025-11-17 20:00:00+00:00,4041.199951171875
2025-11-17 21:00:00+00:00,4045.10009765625
2025-11-17 23:00:00+00:00,4036.300048828125
2025-11-18 00:00:00+00:00,4039.800048828125
2025-11-18 01:00:00+00:00,4024.300048828125
2025-11-18 02:00:00+00:00,4018.199951171875
2025-11-18 03:00:00+00:00,4012.300048828125
2025-11-18 04:00:00+00:00,4011.0
2025-11-18 05:00:00+00:00,4018.699951171875
2025-11-18 06:00:00+00:00,4008.300048828125
2025-11-18 07:00:00+00:00,4013.39990234375
2025-11-18 08:00:00+00:00,4036.800048828125
2025-11-18 09:00:00+00:00,4039.699951171875
2025-11-18 10:00:00+00:00,4043.60009765625
2025-11-18 11:00:00+00:00,4039.0
2025-11-18 12:00:00+00:00,4031.699951171875
2025-11-18 13:00:00+00:00,4065.300048828125
2025-11-18 14:00:00+00:00,4065.0
2025-11-18 15:00:00+00:00,4053.199951171875
2025-11-18 16:00:00+00:00,4067.39990234375
2025-11-18 17:00:00+00:00,4072.10009765625
2025-11-18 18:00:00+00:00,4072.300048828125
2025-11-18 19:00:00+00:00,4082.300048828125
2025-11-18 20:00:00+00:00,4069.800048828125
2025-11-18 21:00:00+00:00,4067.39990234375
2025-11-18 23:00:00+00:00,4076.5
2025-11-19 00:00:00+00:00,4069.0
2025-11-19 01:00:00+00:00,4059.60009765625
2025-11-19 02:00:00+00:00,4075.699951171875
2025-11-19 03:00:00+00:00,4066.800048828125
2025-11-19 04:00:00+00:00,4075.300048828125
2025-11-19 05:00:00+00:00,4096.60009765625
2025-11-19 06:00:00+00:00,4091.699951171875
2025-11-19 07:00:00+00:00,4087.300048828125
2025-11-19 08:00:00+00:00,4083.60009765625
2025-11-19 09:00:00+00:00,4114.2998046875
2025-11-19 10:00:00+00:00,4109.60009765625
2025-11-19 11:00:00+00:00,4113.60009765625
2025-11-19 12:00:00+00:00,4115.10009765625
2025-11-19 13:00:00+00:00,4111.5
2025-11-19 14:00:00+00:00,4129.2001953125
2025-11-19 15:00:00+00:00,4097.39990234375
2025-11-19 16:00:00+00:00,4075.699951171875
2025-11-19 17:00:00+00:00,4079.60009765625
2025-11-19 18:00:00+00:00,4087.89990234375
2025-11-19 19:00:00+00:00,4073.800048828125
2025-11-19 20:00:00+00:00,4076.5
2025-11-19 21:00:00+00:00,4078.300048828125
2025-11-19 23:00:00+00:00,4104.2998046875
2025-11-20 00:00:00+00:00,4102.0
2025-11-20 01:00:00+00:00,4081.10009765625
2025-11-20 02:00:00+00:00,4065.300048828125
2025-11-20 03:00:00+00:00,4070.300048828125
2025-11-20 04:00:00+00:00,4075.10009765625
2025-11-20 05:00:00+00:00,4065.10009765625
2025-11-20 06:00:00+00:00,4066.89990234375
2025-11-20 07:00:00+00:00,4058.89990234375
2025-11-20 08:00:00+00:00,4062.39990234375
2025-11-20 09:00:00+00:00,4062.300048828125
2025-11-20 10:00:00+00:00,4058.60009765625
2025-11-20 11:00:00+00:00,4059.60009765625
2025-11-20 12:00:00+00:00,4081.199951171875
2025-11-20 13:00:00+00:00,4079.699951171875
2025-11-20 14:00:00+00:00,4092.60009765625
2025-11-20 15:00:00+00:00,4069.5
2025-11-20 16:00:00+00:00,4047.60009765625
2025-11-20 17:00:00+00:00,4064.699951171875
2025-11-20 18:00:00+00:00,4060.0
2025-11-20 19:00:00+00:00,4084.39990234375
2025-11-20 20:00:00+00:00,4077.300048828125
2025-11-20 21:00:00+00:00,4076.699951171875
2025-11-20 23:00:00+00:00,4079.699951171875
2025-11-21 00:00:00+00:00,4073.60009765625
2025-11-21 01:00:00+00:00,4068.199951171875
2025-11-21 02:00:00+00:00,4055.5
2025-11-21 03:00:00+00:00,4054.5
2025-11-21 04:00:00+00:00,4049.39990234375
2025-11-21 05:00:00+00:00,4056.199951171875
2025-11-21 06:00:00+00:00,4030.300048828125
2025-11-21 07:00:00+00:00,4029.0
2025-11-21 08:00:00+00:00,4037.89990234375
2025-11-21 09:00:00+00:00,4047.699951171875
2025-11-21 10:00:00+00:00,4034.10009765625
2025-11-21 11:00:00+00:00,4034.10009765625
2025-11-21 12:00:00+00:00,4064.199951171875
2025-11-21 13:00:00+00:00,4078.199951171875
2025-11-21 14:00:00+00:00,4070.300048828125
2025-11-21 15:00:00+00:00,4068.699951171875
2025-11-21 16:00:00+00:00,4099.7001953125
2025-11-21 17:00:00+00:00,4085.0
2025-11-21 18:00:00+00:00,4081.89990234375
2025-11-21 19:00:00+00:00,4087.199951171875
2025-11-21 20:00:00+00:00,4064.5
2025-11-21 21:00:00+00:00,4079.5
2025-11-23 23:00:00+00:00,4071.60009765625
2025-11-24 00:00:00+00:00,4064.699951171875
2025-11-24 01:00:00+00:00,4041.10009765625
2025-11-24 02:00:00+00:00,4040.699951171875
2025-11-24 03:00:00+00:00,4047.5
2025-11-24 04:00:00+00:00,4039.89990234375
2025-11-24 05:00:00+00:00,4042.699951171875
2025-11-24 06:00:00+00:00,4049.5
2025-11-24 07:00:00+00:00,4057.0
2025-11-24 08:00:00+00:00,4060.699951171875
2025-11-24 09:00:00+00:00,4068.5
2025-11-24 10:00:00+00:00,4061.199951171875
2025-11-24 11:00:00+00:00,4066.5
2025-11-24 12:00:00+00:00,4077.89990234375
2025-11-24 13:00:00+00:00,4075.300048828125
2025-11-24 14:00:00+00:00,4078.89990234375
2025-11-24 15:00:00+00:00,4089.800048828125
2025-11-24 16:00:00+00:00,4096.2001953125
2025-11-24 17:00:00+00:00,4091.699951171875
2025-11-24 18:00:00+00:00,4119.2998046875
2025-11-24 19:00:00+00:00,4117.39990234375
2025-11-24 20:00:00+00:00,4130.5
2025-11-24 21:00:00+00:00,4133.7998046875
2025-11-24 23:00:00+00:00,4141.89990234375
2025-11-25 00:00:00+00:00,4126.60009765625
2025-11-25 01:00:00+00:00,4132.0
2025-11-25 02:00:00+00:00,4147.2998046875
2025-11-25 03:00:00+00:00,4140.10009765625
2025-11-25 04:00:00+00:00,4138.7998046875
2025-11-25 05:00:00+00:00,4148.39990234375
2025-11-25 06:00:00+00:00,4138.60009765625
2025-11-25 07:00:00+00:00,4129.39990234375
2025-11-25 08:00:00+00:00,4113.0
2025-11-25 09:00:00+00:00,4161.89990234375
2025-11-25 10:00:00+00:00,4165.2998046875
2025-11-25 11:00:00+00:00,4167.60009765625
2025-11-25 12:00:00+00:00,4127.10009765625
2025-11-25 13:00:00+00:00,4181.7998046875
2025-11-25 14:00:00+00:00,4158.60009765625
2025-11-25 15:00:00+00:00,4156.7998046875
2025-11-25 16:00:00+00:00,4132.2001953125
2025-11-25 17:00:00+00:00,4180.5
2025-11-25 18:00:00+00:00,4131.7001953125
2025-11-25 19:00:00+00:00,4131.7001953125
2025-11-25 20:00:00+00:00,4166.7001953125
2025-11-25 21:00:00+00:00,4177.2998046875
2025-11-25 23:00:00+00:00,4167.60009765625
2025-11-26 00:00:00+00:00,4177.2001953125
2025-11-26 01:00:00+00:00,4183.0
2025-11-26 02:00:00+00:00,4196.89990234375
2025-11-26 03:00:00+00:00,4201.2001953125
2025-11-26 04:00:00+00:00,4197.2998046875
2025-11-26 05:00:00+00:00,4197.10009765625
2025-11-26 06:00:00+00:00,4185.2998046875
2025-11-26 07:00:00+00:00,4191.89990234375
2025-11-26 08:00:00+00:00,4195.39990234375
2025-11-26 09:00:00+00:00,4197.10009765625
2025-11-26 10:00:00+00:00,4194.89990234375
2025-11-26 11:00:00+00:00,4206.7001953125
2025-11-26 12:00:00+00:00,4190.39990234375
2025-11-26 13:00:00+00:00,4188.2001953125
2025-11-26 14:00:00+00:00,4176.7001953125
2025-11-26 15:00:00+00:00,4200.2998046875
2025-11-26 16:00:00+00:00,4201.60009765625
2025-11-26 17:00:00+00:00,4201.7998046875
2025-11-26 18:00:00+00:00,4198.5
2025-11-26 19:00:00+00:00,4197.0
2025-11-26 20:00:00+00:00,4196.89990234375
2025-11-26 21:00:00+00:00,4196.10009765625
2025-11-26 23:00:00+00:00,4196.60009765625
2025-11-27 00:00:00+00:00,4197.10009765625
2025-11-27 01:00:00+00:00,4187.39990234375
2025-11-27 02:00:00+00:00,4177.39990234375
2025-11-27 03:00:00+00:00,4179.5
2025-11-27 04:00:00+00:00,4182.7001953125
2025-11-28 14:30:00+00:00,4233.5
2025-11-28 15:30:00+00:00,4239.2998046875
2025-11-28 16:30:00+00:00,4242.10009765625
2025-11-28 17:30:00+00:00,4251.39990234375
2025-11-30 23:00:00+00:00,4257.2998046875
2025-12-01 00:00:00+00:00,4267.2001953125
2025-12-01 01:00:00+00:00,4290.60009765625
2025-12-01 02:00:00+00:00,4277.7998046875
2025-12-01 03:00:00+00:00,4273.7998046875
2025-12-01 04:00:00+00:00,4280.5
2025-12-01 05:00:00+00:00,4263.5
2025-12-01 06:00:00+00:00,4269.89990234375
2025-12-01 07:00:00+00:00,4278.89990234375
2025-12-01 08:00:00+00:00,4279.2001953125
2025-12-01 09:00:00+00:00,4284.2998046875
2025-12-01 10:00:00+00:00,4290.7001953125
2025-12-01 11:00:00+00:00,4290.0
2025-12-01 12:00:00+00:00,4280.7998046875
2025-12-01 13:00:00+00:00,4281.7001953125
2025-12-01 14:00:00+00:00,4273.2001953125
2025-12-01 15:00:00+00:00,4265.2001953125
2025-12-01 16:00:00+00:00,4258.89990234375
2025-12-01 17:00:00+00:00,4265.2001953125
2025-12-01 18:00:00+00:00,4274.2001953125
2025-12-01 19:00:00+00:00,4270.7998046875
2025-12-01 20:00:00+00:00,4270.7998046875
2025-12-01 21:00:00+00:00,4265.0
2025-12-01 23:00:00+00:00,4260.10009765625
2025-12-02 00:00:00+00:00,4259.60009765625
2025-12-02 01:00:00+00:00,4251.10009765625
2025-12-02 02:00:00+00:00,4253.0
2025-12-02 03:00:00+00:00,4247.7001953125
2025-12-02 04:00:00+00:00,4249.10009765625
2025-12-02 05:00:00+00:00,4256.5
2025-12-02 06:00:00+00:00,4244.0
2025-12-02 07:00:00+00:00,4244.5
2025-12-02 08:00:00+00:00,4241.39990234375
2025-12-02 09:00:00+00:00,4222.89990234375
2025-12-02 10:00:00+00:00,4216.39990234375
2025-12-02 11:00:00+00:00,4236.0
2025-12-02 12:00:00+00:00,4239.7998046875
2025-12-02 13:00:00+00:00,4243.2001953125
2025-12-02 14:00:00+00:00,4251.10009765625
2025-12-02 15:00:00+00:00,4200.7998046875
2025-12-02 16:00:00+00:00,4215.7001953125
2025-12-02 17:00:00+00:00,4225.0
2025-12-02 18:00:00+00:00,4222.2998046875
2025-12-02 19:00:00+00:00,4227.60009765625
2025-12-02 20:00:00+00:00,4241.60009765625
2025-12-02 21:00:00+00:00,4238.7001953125
2025-12-02 23:00:00+00:00,4244.0
2025-12-03 00:00:00+00:00,4243.0
2025-12-03 01:00:00+00:00,4245.2998046875
2025-12-03 02:00:00+00:00,4258.10009765625
2025-12-03 03:00:00+00:00,4252.39990234375
2025-12-03 04:00:00+00:00,4252.60009765625
2025-12-03 05:00:00+00:00,4238.2998046875
2025-12-03 06:00:00+00:00,4238.89990234375
2025-12-03 07:00:00+00:00,4236.10009765625
2025-12-03 08:00:00+00:00,4236.60009765625
2025-12-03 09:00:00+00:00,4233.0
2025-12-03 10:00:00+00:00,4230.7001953125
2025-12-03 11:00:00+00:00,4239.0
2025-12-03 12:00:00+00:00,4244.5
2025-12-03 13:00:00+00:00,4268.7001953125
2025-12-03 14:00:00+00:00,4244.5
2025-12-03 15:00:00+00:00,4247.7998046875
2025-12-03 16:00:00+00:00,4231.89990234375
2025-12-03 17:00:00+00:00,4242.7998046875
2025-12-03 18:00:00+00:00,4228.0
2025-12-03 19:00:00+00:00,4239.39990234375
2025-12-03 20:00:00+00:00,4237.2001953125
2025-12-03 21:00:00+00:00,4232.5
2025-12-03 23:00:00+00:00,4237.0
2025-12-04 00:00:00+00:00,4241.2998046875
2025-12-04 01:00:00+00:00,4238.5
2025-12-04 02:00:00+00:00,4229.7998046875
2025-12-04 03:00:00+00:00,4224.39990234375
2025-12-04 04:00:00+00:00,4224.7001953125
2025-12-04 05:00:00+00:00,4210.2998046875
2025-12-04 06:00:00+00:00,4219.10009765625
2025-12-04 07:00:00+00:00,4222.89990234375
2025-12-04 08:00:00+00:00,4213.89990234375
2025-12-04 09:00:00+00:00,4229.5
2025-12-04 10:00:00+00:00,4227.10009765625
2025-12-04 11:00:00+00:00,4228.2001953125
2025-12-04 12:00:00+00:00,4219.89990234375
2025-12-04 13:00:00+00:00,4227.89990234375
2025-12-04 14:00:00+00:00,4231.10009765625
2025-12-04 15:00:00+00:00,4237.60009765625
2025-12-04 16:00:00+00:00,4245.89990234375
2025-12-04 17:00:00+00:00,4246.60009765625
2025-12-04 18:00:00+00:00,4238.5
2025-12-04 19:00:00+00:00,4239.7001953125
2025-12-04 20:00:00+00:00,4240.2001953125
2025-12-04 21:00:00+00:00,4237.89990234375
2025-12-04 23:00:00+00:00,4236.2001953125
2025-12-05 00:00:00+00:00,4231.7001953125
2025-12-05 01:00:00+00:00,4232.89990234375
2025-12-05 02:00:00+00:00,4237.0
2025-12-05 03:00:00+00:00,4238.89990234375
2025-12-05 04:00:00+00:00,4246.0
2025-12-05 05:00:00+00:00,4250.7001953125
2025-12-05 06:00:00+00:00,4254.39990234375
2025-12-05 07:00:00+00:00,4254.2998046875
2025-12-05 08:00:00+00:00,4250.7001953125
2025-12-05 09:00:00+00:00,4253.5
2025-12-05 10:00:00+00:00,4252.89990234375
2025-12-05 11:00:00+00:00,4253.5
2025-12-05 12:00:00+00:00,4259.0
2025-12-05 13:00:00+00:00,4264.89990234375
2025-12-05 14:00:00+00:00,4272.2998046875
2025-12-05 15:00:00+00:00,4274.89990234375
2025-12-05 16:00:00+00:00,4244.10009765625
2025-12-05 17:00:00+00:00,4248.39990234375
2025-12-05 18:00:00+00:00,4239.2998046875
2025-12-05 19:00:00+00:00,4237.2998046875
2025-12-05 20:00:00+00:00,4231.60009765625
2025-12-05 21:00:00+00:00,4227.7001953125
2025-12-07 23:00:00+00:00,4230.60009765625
2025-12-08 00:00:00+00:00,4240.2001953125
2025-12-08 01:00:00+00:00,4230.2001953125
2025-12-08 02:00:00+00:00,4236.89990234375
2025-12-08 03:00:00+00:00,4238.7001953125
2025-12-08 04:00:00+00:00,4236.2998046875
2025-12-08 05:00:00+00:00,4246.2998046875
2025-12-08 06:00:00+00:00,4245.39990234375
2025-12-08 07:00:00+00:00,4235.7001953125
2025-12-08 08:00:00+00:00,4239.2001953125
2025-12-08 09:00:00+00:00,4237.39990234375
2025-12-08 10:00:00+00:00,4232.89990234375
2025-12-08 11:00:00+00:00,4237.7001953125
2025-12-08 12:00:00+00:00,4243.2998046875
2025-12-08 13:00:00+00:00,4230.89990234375
2025-12-08 14:00:00+00:00,4225.7998046875
2025-12-08 15:00:00+00:00,4211.7998046875
2025-12-08 16:00:00+00:00,4220.7001953125
2025-12-08 17:00:00+00:00,4224.2001953125
2025-12-08 18:00:00+00:00,4216.10009765625
2025-12-08 19:00:00+00:00,4216.10009765625
2025-12-08 20:00:00+00:00,4221.10009765625
2025-12-08 21:00:00+00:00,4219.89990234375
2025-12-08 23:00:00+00:00,4223.7998046875
2025-12-09 00:00:00+00:00,4219.60009765625
2025-12-09 01:00:00+00:00,4225.10009765625
2025-12-09 02:00:00+00:00,4218.7001953125
2025-12-09 03:00:00+00:00,4223.7998046875
2025-12-09 04:00:00+00:00,4216.60009765625
2025-12-09 05:00:00+00:00,4208.2001953125
2025-12-09 06:00:00+00:00,4209.7998046875
2025-12-09 07:00:00+00:00,4209.7001953125
2025-12-09 08:00:00+00:00,4220.2998046875
2025-12-09 09:00:00+00:00,4232.2001953125
2025-12-09 10:00:00+00:00,4233.2001953125
2025-12-09 11:00:00+00:00,4232.10009765625
2025-12-09 12:00:00+00:00,4233.39990234375
2025-12-09 13:00:00+00:00,4230.39990234375
2025-12-09 14:00:00+00:00,4233.89990234375
2025-12-09 15:00:00+00:00,4242.0
2025-12-09 16:00:00+00:00,4242.10009765625
2025-12-09 17:00:00+00:00,4232.10009765625
2025-12-09 18:00:00+00:00,4238.2001953125
2025-12-09 19:00:00+00:00,4241.39990234375
2025-12-09 20:00:00+00:00,4240.7998046875
2025-12-09 21:00:00+00:00,4236.60009765625
2025-12-09 23:00:00+00:00,4238.7001953125
2025-12-10 00:00:00+00:00,4236.89990234375
2025-12-10 01:00:00+00:00,4243.10009765625
2025-12-10 02:00:00+00:00,4246.10009765625
2025-12-10 03:00:00+00:00,4235.0
2025-12-10 04:00:00+00:00,4235.89990234375
2025-12-10 05:00:00+00:00,4239.2998046875
2025-12-10 06:00:00+00:00,4235.10009765625
2025-12-10 07:00:00+00:00,4231.2001953125
2025-12-10 08:00:00+00:00,4225.7998046875
2025-12-10 09:00:00+00:00,4221.7998046875
2025-12-10 10:00:00+00:00,4221.0
2025-12-10 11:00:00+00:00,4225.60009765625
2025-12-10 12:00:00+00:00,4224.5
2025-12-10 13:00:00+00:00,4228.7998046875
2025-12-10 14:00:00+00:00,4221.2001953125
2025-12-10 15:00:00+00:00,4222.10009765625
2025-12-10 16:00:00+00:00,4233.2001953125
2025-12-10 17:00:00+00:00,4227.89990234375
2025-12-10 18:00:00+00:00,4221.89990234375
2025-12-10 19:00:00+00:00,4245.7001953125
2025-12-10 20:00:00+00:00,4259.10009765625
2025-12-10 21:00:00+00:00,4258.2998046875
2025-12-10 23:00:00+00:00,4261.60009765625
2025-12-11 00:00:00+00:00,4266.5
2025-12-11 01:00:00+00:00,4267.7001953125
2025-12-11 02:00:00+00:00,4250.39990234375
2025-12-11 03:00:00+00:00,4244.60009765625
2025-12-11 04:00:00+00:00,4241.2001953125
2025-12-11 05:00:00+00:00,4235.0
2025-12-11 06:00:00+00:00,4241.5
2025-12-11 07:00:00+00:00,4243.5
2025-12-11 08:00:00+00:00,4244.0
2025-12-11 09:00:00+00:00,4245.60009765625
2025-12-11 10:00:00+00:00,4244.2001953125
2025-12-11 11:00:00+00:00,4238.10009765625
2025-12-11 12:00:00+00:00,4248.0
2025-12-11 13:00:00+00:00,4248.60009765625
2025-12-11 14:00:00+00:00,4257.89990234375
2025-12-11 15:00:00+00:00,4285.2998046875
2025-12-11 16:00:00+00:00,4304.39990234375
2025-12-11 17:00:00+00:00,4309.0
2025-12-11 18:00:00+00:00,4298.60009765625
2025-12-11 19:00:00+00:00,4302.60009765625
2025-12-11 20:00:00+00:00,4304.7998046875
2025-12-11 21:00:00+00:00,4309.2998046875
2025-12-11 23:00:00+00:00,4305.89990234375
2025-12-12 00:00:00+00:00,4299.60009765625
2025-12-12 01:00:00+00:00,4302.10009765625
2025-12-12 02:00:00+00:00,4301.10009765625
2025-12-12 03:00:00+00:00,4301.2998046875
2025-12-12 04:00:00+00:00,4297.60009765625
2025-12-12 05:00:00+00:00,4309.7998046875
2025-12-12 06:00:00+00:00,4313.60009765625
2025-12-12 07:00:00+00:00,4317.60009765625
2025-12-12 08:00:00+00:00,4339.10009765625
2025-12-12 09:00:00+00:00,4350.2998046875
2025-12-12 10:00:00+00:00,4365.10009765625
2025-12-12 11:00:00+00:00,4374.2001953125
2025-12-12 12:00:00+00:00,4361.10009765625
2025-12-12 13:00:00+00:00,4375.89990234375
2025-12-12 14:00:00+00:00,4381.5
2025-12-12 15:00:00+00:00,4320.10009765625
2025-12-12 16:00:00+00:00,4312.7998046875
2025-12-12 17:00:00+00:00,4325.7998046875
2025-12-12 18:00:00+00:00,4327.5
2025-12-12 19:00:00+00:00,4328.39990234375
2025-12-12 20:00:00+00:00,4329.7001953125
2025-12-12 21:00:00+00:00,4329.7998046875
2025-12-14 23:00:00+00:00,4333.89990234375
2025-12-15 00:00:00+00:00,4339.5
2025-12-15 01:00:00+00:00,4354.60009765625
2025-12-15 02:00:00+00:00,4358.2998046875
2025-12-15 03:00:00+00:00,4359.89990234375
2025-12-15 04:00:00+00:00,4358.89990234375
2025-12-15 05:00:00+00:00,4377.5
2025-12-15 06:00:00+00:00,4376.10009765625
2025-12-15 07:00:00+00:00,4372.39990234375
2025-12-15 08:00:00+00:00,4380.39990234375
2025-12-15 09:00:00+00:00,4376.10009765625
2025-12-15 10:00:00+00:00,4374.0
2025-12-15 11:00:00+00:00,4376.60009765625
2025-12-15 12:00:00+00:00,4379.89990234375
2025-12-15 13:00:00+00:00,4365.7001953125
2025-12-15 14:00:00+00:00,4355.39990234375
2025-12-15 15:00:00+00:00,4349.89990234375
2025-12-15 16:00:00+00:00,4328.2001953125
2025-12-15 17:00:00+00:00,4334.2998046875
2025-12-15 18:00:00+00:00,4342.7001953125
2025-12-15 19:00:00+00:00,4342.89990234375
2025-12-15 20:00:00+00:00,4333.7001953125
2025-12-15 21:00:00+00:00,4334.2998046875
2025-12-15 23:00:00+00:00,4333.10009765625
2025-12-16 00:00:00+00:00,4335.7998046875
2025-12-16 01:00:00+00:00,4336.2998046875
2025-12-16 02:00:00+00:00,4316.39990234375
2025-12-16 03:00:00+00:00,4317.2001953125
2025-12-16 04:00:00+00:00,4315.10009765625
2025-12-16 05:00:00+00:00,4309.89990234375
2025-12-16 06:00:00+00:00,4315.5
2025-12-16 07:00:00+00:00,4313.39990234375
2025-12-16 08:00:00+00:00,4311.7998046875
2025-12-16 09:00:00+00:00,4306.7998046875
2025-12-16 10:00:00+00:00,4305.10009765625
2025-12-16 11:00:00+00:00,4306.7998046875
2025-12-16 12:00:00+00:00,4323.2001953125
2025-12-16 13:00:00+00:00,4342.5
2025-12-16 14:00:00+00:00,4356.10009765625
2025-12-16 15:00:00+00:00,4351.7998046875
2025-12-16 16:00:00+00:00,4332.0
2025-12-16 17:00:00+00:00,4333.7998046875
2025-12-16 18:00:00+00:00,4341.5
2025-12-16 19:00:00+00:00,4341.39990234375
2025-12-16 20:00:00+00:00,4334.10009765625
2025-12-16 21:00:00+00:00,4332.2001953125
2025-12-16 23:00:00+00:00,4336.89990234375
2025-12-17 00:00:00+00:00,4342.2001953125
2025-12-17 01:00:00+00:00,4355.0
2025-12-17 02:00:00+00:00,4343.2998046875
2025-12-17 03:00:00+00:00,4353.2001953125
2025-12-17 04:00:00+00:00,4359.7998046875
2025-12-17 05:00:00+00:00,4364.89990234375
2025-12-17 06:00:00+00:00,4359.39990234375
2025-12-17 07:00:00+00:00,4348.10009765625
2025-12-17 08:00:00+00:00,4348.2998046875
2025-12-17 09:00:00+00:00,4345.7001953125
2025-12-17 10:00:00+00:00,4346.10009765625
2025-12-17 11:00:00+00:00,4345.89990234375
2025-12-17 12:00:00+00:00,4347.5
2025-12-17 13:00:00+00:00,4373.60009765625
2025-12-17 14:00:00+00:00,4369.2998046875
2025-12-17 15:00:00+00:00,4361.5
2025-12-17 16:00:00+00:00,4365.2001953125
2025-12-17 17:00:00+00:00,4373.39990234375
2025-12-17 18:00:00+00:00,4367.7001953125
2025-12-17 19:00:00+00:00,4369.2998046875
2025-12-17 20:00:00+00:00,4373.39990234375
2025-12-17 21:00:00+00:00,4371.39990234375
2025-12-17 23:00:00+00:00,4371.0
2025-12-18 00:00:00+00:00,4366.89990234375
2025-12-18 01:00:00+00:00,4363.2001953125
2025-12-18 02:00:00+00:00,4364.7001953125
2025-12-18 03:00:00+00:00,4363.39990234375
2025-12-18 04:00:00+00:00,4362.0
2025-12-18 05:00:00+00:00,4363.2001953125
2025-12-18 06:00:00+00:00,4364.39990234375
2025-12-18 07:00:00+00:00,4362.60009765625
2025-12-18 08:00:00+00:00,4357.39990234375
2025-12-18 09:00:00+00:00,4353.89990234375
2025-12-18 10:00:00+00:00,4357.2998046875
2025-12-18 11:00:00+00:00,4357.60009765625
2025-12-18 12:00:00+00:00,4352.89990234375
2025-12-18 13:00:00+00:00,4368.5
2025-12-18 14:00:00+00:00,4360.2001953125
2025-12-18 15:00:00+00:00,4370.2001953125
2025-12-18 16:00:00+00:00,4394.60009765625
2025-12-18 17:00:00+00:00,4365.10009765625
2025-12-18 18:00:00+00:00,4363.5
2025-12-18 19:00:00+00:00,4357.2001953125
2025-12-18 20:00:00+00:00,4365.89990234375
2025-12-18 21:00:00+00:00,4363.89990234375
2025-12-18 23:00:00+00:00,4366.5
2025-12-19 00:00:00+00:00,4356.10009765625
2025-12-19 01:00:00+00:00,4350.5
2025-12-19 02:00:00+00:00,4344.2001953125
2025-12-19 03:00:00+00:00,4345.7998046875
2025-12-19 04:00:00+00:00,4350.7998046875
2025-12-19 05:00:00+00:00,4354.60009765625
2025-12-19 06:00:00+00:00,4355.10009765625
2025-12-19 07:00:00+00:00,4350.39990234375
2025-12-19 08:00:00+00:00,4355.0
2025-12-19 09:00:00+00:00,4358.60009765625
2025-12-19 10:00:00+00:00,4358.0
2025-12-19 11:00:00+00:00,4357.10009765625
2025-12-19 12:00:00+00:00,4356.0
2025-12-19 13:00:00+00:00,4360.0
2025-12-19 14:00:00+00:00,4363.39990234375
2025-12-19 15:00:00+00:00,4381.2998046875
2025-12-19 16:00:00+00:00,4383.7998046875
2025-12-19 17:00:00+00:00,4386.0
2025-12-19 18:00:00+00:00,4380.0
2025-12-19 19:00:00+00:00,4376.2001953125
2025-12-19 20:00:00+00:00,4370.2998046875
2025-12-19 21:00:00+00:00,4387.2998046875
2025-12-21 23:00:00+00:00,4385.2998046875
2025-12-22 00:00:00+00:00,4396.5
2025-12-22 01:00:00+00:00,4415.60009765625
2025-12-22 02:00:00+00:00,4417.60009765625
2025-12-22 03:00:00+00:00,4425.10009765625
2025-12-22 04:00:00+00:00,4431.10009765625
2025-12-22 05:00:00+00:00,4433.5
2025-12-22 06:00:00+00:00,4452.2001953125
2025-12-22 07:00:00+00:00,4447.10009765625
2025-12-22 08:00:00+00:00,4441.2998046875
2025-12-22 09:00:00+00:00,4444.39990234375
2025-12-22 10:00:00+00:00,4442.2001953125
2025-12-22 11:00:00+00:00,4443.7998046875
2025-12-22 12:00:00+00:00,4449.5
2025-12-22 13:00:00+00:00,4458.2001953125
2025-12-22 14:00:00+00:00,4454.60009765625
2025-12-22 15:00:00+00:00,4467.2001953125
2025-12-22 16:00:00+00:00,4474.0
2025-12-22 17:00:00+00:00,4473.39990234375
2025-12-22 18:00:00+00:00,4470.60009765625
2025-12-22 19:00:00+00:00,4469.0
2025-12-22 20:00:00+00:00,4472.5
2025-12-22 21:00:00+00:00,4480.60009765625
2025-12-22 23:00:00+00:00,4492.2998046875
2025-12-23 00:00:00+00:00,4504.5
2025-12-23 01:00:00+00:00,4519.2001953125
2025-12-23 02:00:00+00:00,4525.5
2025-12-23 03:00:00+00:00,4519.89990234375
2025-12-23 04:00:00+00:00,4514.2001953125
2025-12-23 05:00:00+00:00,4507.39990234375
2025-12-23 06:00:00+00:00,4513.89990234375
2025-12-23 07:00:00+00:00,4519.10009765625
2025-12-23 08:00:00+00:00,4520.7998046875
2025-12-23 09:00:00+00:00,4512.0
2025-12-23 10:00:00+00:00,4516.7001953125
2025-12-23 11:00:00+00:00,4525.7998046875
2025-12-23 12:00:00+00:00,4518.60009765625
2025-12-23 13:00:00+00:00,4510.0
2025-12-23 14:00:00+00:00,4476.7001953125
2025-12-23 15:00:00+00:00,4485.7998046875
2025-12-23 16:00:00+00:00,4501.39990234375
2025-12-23 17:00:00+00:00,4499.89990234375
2025-12-23 18:00:00+00:00,4512.10009765625
2025-12-23 19:00:00+00:00,4519.10009765625
2025-12-23 20:00:00+00:00,4523.7998046875
2025-12-23 21:00:00+00:00,4515.0
2025-12-23 23:00:00+00:00,4533.89990234375
2025-12-24 00:00:00+00:00,4539.7001953125
2025-12-24 01:00:00+00:00,4547.10009765625
2025-12-24 02:00:00+00:00,4508.2001953125
2025-12-24 03:00:00+00:00,4521.10009765625
2025-12-24 04:00:00+00:00,4524.89990234375
2025-12-24 14:30:00+00:00,4491.89990234375
2025-12-24 15:30:00+00:00,4484.7998046875
2025-12-24 16:30:00+00:00,4502.7998046875
2025-12-24 17:30:00+00:00,4505.60009765625
2025-12-26 05:00:00+00:00,4540.5
2025-12-26 06:00:00+00:00,4541.5
2025-12-26 07:00:00+00:00,4540.60009765625
2025-12-26 08:00:00+00:00,4549.2998046875
2025-12-26 09:00:00+00:00,4542.5
2025-12-26 10:00:00+00:00,4544.10009765625
2025-12-26 11:00:00+00:00,4538.2001953125
2025-12-26 12:00:00+00:00,4539.0
2025-12-26 13:00:00+00:00,4557.2998046875
2025-12-26 14:00:00+00:00,4552.89990234375
2025-12-26 15:00:00+00:00,4580.10009765625
2025-12-26 16:00:00+00:00,4570.2998046875
2025-12-26 17:00:00+00:00,4552.2001953125
2025-12-26 18:00:00+00:00,4562.5
2025-12-26 19:00:00+00:00,4554.89990234375
2025-12-26 20:00:00+00:00,4560.39990234375
2025-12-26 21:00:00+00:00,4552.7001953125
2025-12-28 23:00:00+00:00,4550.89990234375
2025-12-29 00:00:00+00:00,4516.89990234375
2025-12-29 01:00:00+00:00,4520.5
2025-12-29 02:00:00+00:00,4536.7001953125
2025-12-29 03:00:00+00:00,4541.10009765625
2025-12-29 04:00:00+00:00,4538.60009765625
2025-12-29 05:00:00+00:00,4527.0
2025-12-29 06:00:00+00:00,4496.7001953125
2025-12-29 07:00:00+00:00,4496.10009765625
2025-12-29 08:00:00+00:00,4481.10009765625
2025-12-29 09:00:00+00:00,4493.0
2025-12-29 10:00:00+00:00,4482.89990234375
2025-12-29 11:00:00+00:00,4466.2001953125
2025-12-29 12:00:00+00:00,4484.5
2025-12-29 13:00:00+00:00,4440.89990234375
2025-12-29 14:00:00+00:00,4378.60009765625
2025-12-29 15:00:00+00:00,4343.10009765625
2025-12-29 16:00:00+00:00,4359.7998046875
2025-12-29 17:00:00+00:00,4346.2001953125
2025-12-29 18:00:00+00:00,4349.5
2025-12-29 19:00:00+00:00,4354.2001953125
2025-12-29 20:00:00+00:00,4354.2998046875
2025-12-29 21:00:00+00:00,4350.2001953125
2025-12-29 23:00:00+00:00,4361.2001953125
2025-12-30 00:00:00+00:00,4354.7001953125
2025-12-30 01:00:00+00:00,4374.7001953125
2025-12-30 02:00:00+00:00,4376.2998046875
2025-12-30 03:00:00+00:00,4373.7998046875
2025-12-30 04:00:00+00:00,4377.60009765625
2025-12-30 05:00:00+00:00,4392.0
2025-12-30 06:00:00+00:00,4379.7001953125
2025-12-30 07:00:00+00:00,4388.2998046875
2025-12-30 08:00:00+00:00,4380.7998046875
2025-12-30 09:00:00+00:00,4387.60009765625
2025-12-30 10:00:00+00:00,4400.5
2025-12-30 11:00:00+00:00,4399.60009765625
2025-12-30 12:00:00+00:00,4417.0
2025-12-30 13:00:00+00:00,4403.7001953125
2025-12-30 14:00:00+00:00,4381.39990234375
2025-12-30 15:00:00+00:00,4381.89990234375
2025-12-30 16:00:00+00:00,4393.5
2025-12-30 17:00:00+00:00,4385.5
2025-12-30 18:00:00+00:00,4380.2001953125
2025-12-30 19:00:00+00:00,4364.0
2025-12-30 20:00:00+00:00,4357.5
2025-12-30 21:00:00+00:00,4352.2998046875
2025-12-30 23:00:00+00:00,4350.89990234375
2025-12-31 00:00:00+00:00,4354.89990234375
2025-12-31 01:00:00+00:00,4378.10009765625
2025-12-31 02:00:00+00:00,4360.5
2025-12-31 03:00:00+00:00,4360.39990234375
2025-12-31 04:00:00+00:00,4344.60009765625
2025-12-31 05:00:00+00:00,4296.5
2025-12-31 06:00:00+00:00,4339.0
2025-12-31 07:00:00+00:00,4342.7001953125
2025-12-31 08:00:00+00:00,4319.39990234375
2025-12-31 09:00:00+00:00,4338.60009765625
2025-12-31 10:00:00+00:00,4318.7998046875
2025-12-31 11:00:00+00:00,4323.7998046875
2025-12-31 12:00:00+00:00,4326.10009765625
2025-12-31 13:00:00+00:00,4358.7001953125
2025-12-31 14:00:00+00:00,4360.10009765625
2025-12-31 15:00:00+00:00,4350.89990234375
2025-12-31 16:00:00+00:00,4336.7998046875
2025-12-31 17:00:00+00:00,4335.7001953125
2025-12-31 18:00:00+00:00,4333.5
2025-12-31 19:00:00+00:00,4323.89990234375
2025-12-31 20:00:00+00:00,4326.0
2025-12-31 21:00:00+00:00,4332.10009765625
2026-01-02 05:00:00+00:00,4394.10009765625
2026-01-02 06:00:00+00:00,4387.60009765625
2026-01-02 07:00:00+00:00,4394.7001953125
2026-01-02 08:00:00+00:00,4399.2001953125
2026-01-02 09:00:00+00:00,4397.5
2026-01-02 10:00:00+00:00,4408.7001953125
2026-01-02 11:00:00+00:00,4405.5
2026-01-02 12:00:00+00:00,4407.0
2026-01-02 13:00:00+00:00,4377.60009765625
2026-01-02 14:00:00+00:00,4364.7001953125
2026-01-02 15:00:00+00:00,4346.5
2026-01-02 16:00:00+00:00,4337.5
2026-01-02 17:00:00+00:00,4332.89990234375
2026-01-02 18:00:00+00:00,4325.2998046875
2026-01-02 19:00:00+00:00,4328.10009765625
2026-01-02 20:00:00+00:00,4341.2998046875
2026-01-02 21:00:00+00:00,4329.60009765625
2026-01-04 23:00:00+00:00,4381.39990234375
2026-01-05 00:00:00+00:00,4404.5
2026-01-05 01:00:00+00:00,4411.10009765625
2026-01-05 02:00:00+00:00,4415.0
2026-01-05 03:00:00+00:00,4408.7998046875
2026-01-05 04:00:00+00:00,4415.10009765625
2026-01-05 05:00:00+00:00,4421.39990234375
2026-01-05 06:00:00+00:00,4429.7001953125
2026-01-05 07:00:00+00:00,4431.2001953125
2026-01-05 08:00:00+00:00,4439.89990234375
2026-01-05 09:00:00+00:00,4445.89990234375
2026-01-05 10:00:00+00:00,4447.39990234375
2026-01-05 11:00:00+00:00,4430.7001953125
2026-01-05 12:00:00+00:00,4421.39990234375
2026-01-05 13:00:00+00:00,4428.7998046875
2026-01-05 14:00:00+00:00,4447.7998046875
2026-01-05 15:00:00+00:00,4459.0
2026-01-05 16:00:00+00:00,4452.7001953125
2026-01-05 17:00:00+00:00,4454.2001953125
2026-01-05 18:00:00+00:00,4459.7001953125
2026-01-05 19:00:00+00:00,4450.89990234375
2026-01-05 20:00:00+00:00,4454.89990234375
2026-01-05 21:00:00+00:00,4459.7001953125
2026-01-05 23:00:00+00:00,4450.7001953125
2026-01-06 00:00:00+00:00,4447.39990234375
2026-01-06 01:00:00+00:00,4460.0
2026-01-06 02:00:00+00:00,4464.89990234375
2026-01-06 03:00:00+00:00,4478.2998046875
2026-01-06 04:00:00+00:00,4478.0
2026-01-06 05:00:00+00:00,4463.2998046875
2026-01-06 06:00:00+00:00,4475.60009765625
2026-01-06 07:00:00+00:00,4469.2998046875
2026-01-06 08:00:00+00:00,4478.7998046875
2026-01-06 09:00:00+00:00,4456.5
2026-01-06 10:00:00+00:00,4461.7001953125
2026-01-06 11:00:00+00:00,4474.10009765625
2026-01-06 12:00:00+00:00,4474.39990234375
2026-01-06 13:00:00+00:00,4478.2001953125
2026-01-06 14:00:00+00:00,4498.2998046875
2026-01-06 15:00:00+00:00,4488.5
2026-01-06 16:00:00+00:00,4498.7001953125
2026-01-06 17:00:00+00:00,4499.89990234375
2026-01-06 18:00:00+00:00,4500.0
2026-01-06 19:00:00+00:00,4492.2001953125
2026-01-06 20:00:00+00:00,4504.2001953125
2026-01-06 21:00:00+00:00,4505.7001953125
2026-01-06 23:00:00+00:00,4504.60009765625
2026-01-07 00:00:00+00:00,4502.89990234375
2026-01-07 01:00:00+00:00,4476.5
2026-01-07 02:00:00+00:00,4486.0
2026-01-07 03:00:00+00:00,4485.7001953125
2026-01-07 04:00:00+00:00,4474.39990234375
2026-01-07 05:00:00+00:00,4464.10009765625
2026-01-07 06:00:00+00:00,4454.7998046875
2026-01-07 07:00:00+00:00,4470.7998046875
2026-01-07 08:00:00+00:00,4478.2998046875
2026-01-07 09:00:00+00:00,4473.60009765625
2026-01-07 10:00:00+00:00,4474.2001953125
2026-01-07 11:00:00+00:00,4456.89990234375
2026-01-07 12:00:00+00:00,4454.5
2026-01-07 13:00:00+00:00,4462.89990234375
2026-01-07 14:00:00+00:00,4454.60009765625
2026-01-07 15:00:00+00:00,4453.60009765625
2026-01-07 16:00:00+00:00,4474.2001953125
2026-01-07 17:00:00+00:00,4461.7998046875
2026-01-07 18:00:00+00:00,4461.60009765625
2026-01-07 19:00:00+00:00,4466.7998046875
2026-01-07 20:00:00+00:00,4462.60009765625
2026-01-07 21:00:00+00:00,4467.10009765625
2026-01-07 23:00:00+00:00,4472.2001953125
2026-01-08 00:00:00+00:00,4459.0
2026-01-08 01:00:00+00:00,4457.10009765625
2026-01-08 02:00:00+00:00,4449.7001953125
2026-01-08 03:00:00+00:00,4448.2001953125
2026-01-08 04:00:00+00:00,4440.60009765625
2026-01-08 05:00:00+00:00,4433.60009765625
2026-01-08 06:00:00+00:00,4441.5
2026-01-08 07:00:00+00:00,4438.60009765625
2026-01-08 08:00:00+00:00,4439.39990234375
2026-01-08 09:00:00+00:00,4440.2998046875
2026-01-08 10:00:00+00:00,4441.60009765625
2026-01-08 11:00:00+00:00,4431.0
2026-01-08 12:00:00+00:00,4434.7001953125
2026-01-08 13:00:00+00:00,4432.0
2026-01-08 14:00:00+00:00,4441.39990234375
2026-01-08 15:00:00+00:00,4463.5
2026-01-08 16:00:00+00:00,4472.5
2026-01-08 17:00:00+00:00,4472.7998046875
2026-01-08 18:00:00+00:00,4458.89990234375
2026-01-08 19:00:00+00:00,4460.89990234375
2026-01-08 20:00:00+00:00,4485.10009765625
2026-01-08 21:00:00+00:00,4487.89990234375
2026-01-08 23:00:00+00:00,4485.2998046875
2026-01-09 00:00:00+00:00,4472.39990234375
2026-01-09 01:00:00+00:00,4477.39990234375
2026-01-09 02:00:00+00:00,4478.89990234375
2026-01-09 03:00:00+00:00,4472.7998046875
2026-01-09 04:00:00+00:00,4474.5
2026-01-09 05:00:00+00:00,4476.5
2026-01-09 06:00:00+00:00,4483.0
2026-01-09 07:00:00+00:00,4479.2998046875
2026-01-09 08:00:00+00:00,4476.89990234375
2026-01-09 09:00:00+00:00,4479.39990234375
2026-01-09 10:00:00+00:00,4481.2998046875
2026-01-09 11:00:00+00:00,4484.2998046875
2026-01-09 12:00:00+00:00,4474.5
2026-01-09 13:00:00+00:00,4492.0
2026-01-09 14:00:00+00:00,4503.89990234375
2026-01-09 15:00:00+00:00,4521.5
2026-01-09 16:00:00+00:00,4516.5
2026-01-09 17:00:00+00:00,4493.89990234375
2026-01-09 18:00:00+00:00,4505.89990234375
2026-01-09 19:00:00+00:00,4508.2998046875
2026-01-09 20:00:00+00:00,4516.10009765625
2026-01-09 21:00:00+00:00,4500.89990234375
2026-01-11 23:00:00+00:00,4550.10009765625
2026-01-12 00:00:00+00:00,4600.0
2026-01-12 01:00:00+00:00,4582.10009765625
2026-01-12 02:00:00+00:00,4589.39990234375
2026-01-12 03:00:00+00:00,4582.60009765625
2026-01-12 04:00:00+00:00,4579.39990234375
2026-01-12 05:00:00+00:00,4591.2998046875
2026-01-12 06:00:00+00:00,4589.2998046875
2026-01-12 07:00:00+00:00,4597.7998046875
2026-01-12 08:00:00+00:00,4607.0
2026-01-12 09:00:00+00:00,4599.39990234375
2026-01-12 10:00:00+00:00,4604.5
2026-01-12 11:00:00+00:00,4594.7998046875
2026-01-12 12:00:00+00:00,4600.39990234375
2026-01-12 13:00:00+00:00,4626.2998046875
2026-01-12 14:00:00+00:00,4612.10009765625
2026-01-12 15:00:00+00:00,4630.89990234375
2026-01-12 16:00:00+00:00,4627.0
2026-01-12 17:00:00+00:00,4626.89990234375
2026-01-12 18:00:00+00:00,4620.2998046875
2026-01-12 19:00:00+00:00,4620.60009765625
2026-01-12 20:00:00+00:00,4603.2998046875
2026-01-12 21:00:00+00:00,4608.7998046875
2026-01-12 23:00:00+00:00,4607.60009765625
2026-01-13 00:00:00+00:00,4595.7998046875
2026-01-13 01:00:00+00:00,4586.39990234375
2026-01-13 02:00:00+00:00,4603.10009765625
2026-01-13 03:00:00+00:00,4603.10009765625
2026-01-13 04:00:00+00:00,4606.39990234375
2026-01-13 05:00:00+00:00,4600.7001953125
2026-01-13 06:00:00+00:00,4590.5
2026-01-13 07:00:00+00:00,4589.10009765625
2026-01-13 08:00:00+00:00,4601.60009765625
2026-01-13 09:00:00+00:00,4595.2001953125
2026-01-13 10:00:00+00:00,4595.0
2026-01-13 11:00:00+00:00,4596.89990234375
2026-01-13 12:00:00+00:00,4602.0
2026-01-13 13:00:00+00:00,4619.5
2026-01-13 14:00:00+00:00,4638.89990234375
2026-01-13 15:00:00+00:00,4627.60009765625
2026-01-13 16:00:00+00:00,4622.2001953125
2026-01-13 17:00:00+00:00,4599.0
2026-01-13 18:00:00+00:00,4602.2998046875
2026-01-13 19:00:00+00:00,4605.2998046875
2026-01-13 20:00:00+00:00,4594.10009765625
2026-01-13 21:00:00+00:00,4594.39990234375
2026-01-13 23:00:00+00:00,4603.89990234375
2026-01-14 00:00:00+00:00,4616.89990234375
2026-01-14 01:00:00+00:00,4626.7001953125
2026-01-14 02:00:00+00:00,4629.10009765625
2026-01-14 03:00:00+00:00,4636.5
2026-01-14 04:00:00+00:00,4636.0
2026-01-14 05:00:00+00:00,4626.2998046875
2026-01-14 06:00:00+00:00,4644.5
2026-01-14 07:00:00+00:00,4639.7001953125
2026-01-14 08:00:00+00:00,4641.7998046875
2026-01-14 09:00:00+00:00,4637.89990234375
2026-01-14 10:00:00+00:00,4641.2001953125
2026-01-14 11:00:00+00:00,4638.5
2026-01-14 12:00:00+00:00,4646.89990234375
2026-01-14 13:00:00+00:00,4643.7998046875
2026-01-14 14:00:00+00:00,4624.5
2026-01-14 15:00:00+00:00,4624.7998046875
2026-01-14 16:00:00+00:00,4624.10009765625
2026-01-14 17:00:00+00:00,4621.2998046875
2026-01-14 18:00:00+00:00,4642.5
2026-01-14 19:00:00+00:00,4646.7001953125
2026-01-14 20:00:00+00:00,4639.2001953125
2026-01-14 21:00:00+00:00,4633.89990234375
2026-01-14 23:00:00+00:00,4619.60009765625
2026-01-15 00:00:00+00:00,4619.2998046875
2026-01-15 01:00:00+00:00,4604.2998046875
2026-01-15 02:00:00+00:00,4606.89990234375
2026-01-15 03:00:00+00:00,4596.10009765625
2026-01-15 04:00:00+00:00,4596.60009765625
2026-01-15 05:00:00+00:00,4599.10009765625
2026-01-15 06:00:00+00:00,4614.5
2026-01-15 07:00:00+00:00,4606.10009765625
2026-01-15 08:00:00+00:00,4608.2001953125
2026-01-15 09:00:00+00:00,4616.89990234375
2026-01-15 10:00:00+00:00,4624.2001953125
2026-01-15 11:00:00+00:00,4623.39990234375
2026-01-15 12:00:00+00:00,4617.89990234375
2026-01-15 13:00:00+00:00,4591.60009765625
2026-01-15 14:00:00+00:00,4614.89990234375
2026-01-15 15:00:00+00:00,4620.2001953125
2026-01-15 16:00:00+00:00,4610.2001953125
2026-01-15 17:00:00+00:00,4621.5
2026-01-15 18:00:00+00:00,4622.10009765625
2026-01-15 19:00:00+00:00,4620.0
2026-01-15 20:00:00+00:00,4609.7998046875
2026-01-15 21:00:00+00:00,4620.5
2026-01-15 23:00:00+00:00,4614.60009765625
2026-01-16 00:00:00+00:00,4604.39990234375
2026-01-16 01:00:00+00:00,4604.7998046875
2026-01-16 02:00:00+00:00,4598.39990234375
2026-01-16 03:00:00+00:00,4599.39990234375
2026-01-16 04:00:00+00:00,4604.60009765625
2026-01-16 05:00:00+00:00,4615.39990234375
2026-01-16 06:00:00+00:00,4601.7998046875
2026-01-16 07:00:00+00:00,4611.5
2026-01-16 08:00:00+00:00,4606.7998046875
2026-01-16 09:00:00+00:00,4604.2001953125
2026-01-16 10:00:00+00:00,4604.10009765625
2026-01-16 11:00:00+00:00,4616.5
2026-01-16 12:00:00+00:00,4605.7001953125
2026-01-16 13:00:00+00:00,4605.7001953125
2026-01-16 14:00:00+00:00,4611.89990234375
2026-01-16 15:00:00+00:00,4574.7998046875
2026-01-16 16:00:00+00:00,4595.7998046875
2026-01-16 17:00:00+00:00,4586.0
2026-01-16 18:00:00+00:00,4587.89990234375
2026-01-16 19:00:00+00:00,4595.2001953125
2026-01-16 20:00:00+00:00,4587.2998046875
2026-01-16 21:00:00+00:00,4601.10009765625
2026-01-19 04:00:00+00:00,4671.2001953125
2026-01-20 05:00:00+00:00,4720.60009765625
2026-01-20 06:00:00+00:00,4718.60009765625
2026-01-20 07:00:00+00:00,4721.39990234375
2026-01-20 08:00:00+00:00,4735.60009765625
2026-01-20 09:00:00+00:00,4737.60009765625
2026-01-20 10:00:00+00:00,4732.2998046875
2026-01-20 11:00:00+00:00,4738.60009765625
2026-01-20 12:00:00+00:00,4733.2998046875
2026-01-20 13:00:00+00:00,4742.2998046875
2026-01-20 14:00:00+00:00,4746.39990234375
2026-01-20 15:00:00+00:00,4742.0
2026-01-20 16:00:00+00:00,4758.0
2026-01-20 17:00:00+00:00,4763.7001953125
2026-01-20 18:00:00+00:00,4764.2001953125
2026-01-20 19:00:00+00:00,4765.89990234375
2026-01-20 20:00:00+00:00,4761.39990234375
2026-01-20 21:00:00+00:00,4769.10009765625
2026-01-20 23:00:00+00:00,4779.7998046875
2026-01-21 00:00:00+00:00,4789.60009765625
2026-01-21 01:00:00+00:00,4838.5
2026-01-21 02:00:00+00:00,4839.39990234375
2026-01-21 03:00:00+00:00,4847.60009765625
2026-01-21 04:00:00+00:00,4867.5
2026-01-21 05:00:00+00:00,4872.39990234375
2026-01-21 06:00:00+00:00,4850.2001953125
2026-01-21 07:00:00+00:00,4857.5
2026-01-21 08:00:00+00:00,4856.89990234375
2026-01-21 09:00:00+00:00,4862.39990234375
2026-01-21 10:00:00+00:00,4864.39990234375
2026-01-21 11:00:00+00:00,4869.10009765625
2026-01-21 12:00:00+00:00,4868.0
2026-01-21 13:00:00+00:00,4882.2998046875
2026-01-21 14:00:00+00:00,4853.7001953125
2026-01-21 15:00:00+00:00,4850.0
2026-01-21 16:00:00+00:00,4836.5
2026-01-21 17:00:00+00:00,4829.0
2026-01-21 18:00:00+00:00,4853.2001953125
2026-01-21 19:00:00+00:00,4783.39990234375
2026-01-21 20:00:00+00:00,4830.0
2026-01-21 21:00:00+00:00,4836.2001953125
2026-01-21 23:00:00+00:00,4779.60009765625
2026-01-22 00:00:00+00:00,4798.7998046875
2026-01-22 01:00:00+00:00,4799.2001953125
2026-01-22 02:00:00+00:00,4789.89990234375
2026-01-22 03:00:00+00:00,4797.39990234375
2026-01-22 04:00:00+00:00,4797.7001953125
2026-01-22 05:00:00+00:00,4821.7998046875
2026-01-22 06:00:00+00:00,4827.2998046875
2026-01-22 07:00:00+00:00,4833.5
2026-01-22 08:00:00+00:00,4832.2001953125
2026-01-22 09:00:00+00:00,4824.39990234375
2026-01-22 10:00:00+00:00,4831.0
2026-01-22 11:00:00+00:00,4833.2001953125
2026-01-22 12:00:00+00:00,4821.5
2026-01-22 13:00:00+00:00,4823.7998046875
2026-01-22 14:00:00+00:00,4836.7001953125
2026-01-22 15:00:00+00:00,4874.0
2026-01-22 16:00:00+00:00,4880.7998046875
2026-01-22 17:00:00+00:00,4907.7998046875
2026-01-22 18:00:00+00:00,4918.7001953125
2026-01-22 19:00:00+00:00,4915.2001953125
2026-01-22 20:00:00+00:00,4920.5
2026-01-22 21:00:00+00:00,4938.39990234375
2026-01-22 23:00:00+00:00,4960.7998046875
2026-01-23 00:00:00+00:00,4967.60009765625
2026-01-23 01:00:00+00:00,4956.7998046875
2026-01-23 02:00:00+00:00,4957.7001953125
2026-01-23 03:00:00+00:00,4953.0
2026-01-23 04:00:00+00:00,4958.0
2026-01-23 05:00:00+00:00,4962.10009765625
2026-01-23 06:00:00+00:00,4954.10009765625
2026-01-23 07:00:00+00:00,4945.5
2026-01-23 08:00:00+00:00,4915.2998046875
2026-01-23 09:00:00+00:00,4919.39990234375
2026-01-23 10:00:00+00:00,4931.0
2026-01-23 11:00:00+00:00,4923.2998046875
2026-01-23 12:00:00+00:00,4940.0
2026-01-23 13:00:00+00:00,4939.7998046875
2026-01-23 14:00:00+00:00,4944.10009765625
2026-01-23 15:00:00+00:00,4961.89990234375
2026-01-23 16:00:00+00:00,4981.39990234375
2026-01-23 17:00:00+00:00,4966.89990234375
2026-01-23 18:00:00+00:00,4967.7998046875
2026-01-23 19:00:00+00:00,4985.2001953125
2026-01-23 20:00:00+00:00,4981.39990234375
2026-01-23 21:00:00+00:00,4988.2998046875
2026-01-25 23:00:00+00:00,5038.7001953125
2026-01-26 00:00:00+00:00,5041.0
2026-01-26 01:00:00+00:00,5068.7998046875
2026-01-26 02:00:00+00:00,5078.89990234375
2026-01-26 03:00:00+00:00,5073.89990234375
2026-01-26 04:00:00+00:00,5068.60009765625
2026-01-26 05:00:00+00:00,5072.10009765625
2026-01-26 06:00:00+00:00,5074.2001953125
2026-01-26 07:00:00+00:00,5086.39990234375
2026-01-26 08:00:00+00:00,5081.2998046875
2026-01-26 09:00:00+00:00,5082.2001953125
2026-01-26 10:00:00+00:00,5090.10009765625
2026-01-26 11:00:00+00:00,5089.7998046875
2026-01-26 12:00:00+00:00,5076.2001953125
2026-01-26 13:00:00+00:00,5065.89990234375
2026-01-26 14:00:00+00:00,5093.7001953125
2026-01-26 15:00:00+00:00,5088.39990234375
2026-01-26 16:00:00+00:00,5086.39990234375
2026-01-26 17:00:00+00:00,5098.10009765625
2026-01-26 18:00:00+00:00,5064.60009765625
2026-01-26 19:00:00+00:00,5023.60009765625
2026-01-26 20:00:00+00:00,5049.39990234375
2026-01-26 21:00:00+00:00,5004.7998046875
2026-01-26 23:00:00+00:00,5037.7001953125
2026-01-27 00:00:00+00:00,5027.10009765625
2026-01-27 01:00:00+00:00,5055.2998046875
2026-01-27 02:00:00+00:00,5067.39990234375
2026-01-27 03:00:00+00:00,5071.89990234375
2026-01-27 04:00:00+00:00,5061.10009765625
2026-01-27 05:00:00+00:00,5078.10009765625
2026-01-27 06:00:00+00:00,5081.5
2026-01-27 07:00:00+00:00,5081.60009765625
2026-01-27 08:00:00+00:00,5075.60009765625
2026-01-27 09:00:00+00:00,5095.2998046875
2026-01-27 10:00:00+00:00,5082.5
2026-01-27 11:00:00+00:00,5073.10009765625
2026-01-27 12:00:00+00:00,5081.60009765625
2026-01-27 13:00:00+00:00,5073.7998046875
2026-01-27 14:00:00+00:00,5049.60009765625
2026-01-27 15:00:00+00:00,5087.60009765625
2026-01-27 16:00:00+00:00,5085.10009765625
2026-01-27 17:00:00+00:00,5079.2001953125
2026-01-27 18:00:00+00:00,5085.89990234375
2026-01-27 19:00:00+00:00,5097.2998046875
2026-01-27 20:00:00+00:00,5174.7001953125
2026-01-27 21:00:00+00:00,5179.60009765625
2026-01-27 23:00:00+00:00,5169.2001953125
2026-01-28 00:00:00+00:00,5168.5
2026-01-28 01:00:00+00:00,5199.5
2026-01-28 02:00:00+00:00,5226.39990234375
2026-01-28 03:00:00+00:00,5229.2001953125
2026-01-28 04:00:00+00:00,5242.7001953125
2026-01-28 05:00:00+00:00,5253.89990234375
2026-01-28 06:00:00+00:00,5262.7001953125
2026-01-28 07:00:00+00:00,5286.2001953125
2026-01-28 08:00:00+00:00,5327.0
2026-01-28 09:00:00+00:00,5311.7998046875
2026-01-28 10:00:00+00:00,5303.7001953125
2026-01-28 11:00:00+00:00,5294.2001953125
2026-01-28 12:00:00+00:00,5311.7001953125
2026-01-28 13:00:00+00:00,5298.60009765625
2026-01-28 14:00:00+00:00,5318.7998046875
2026-01-28 15:00:00+00:00,5311.2998046875
2026-01-28 16:00:00+00:00,5333.60009765625
2026-01-28 17:00:00+00:00,5332.2001953125
2026-01-28 18:00:00+00:00,5317.2998046875
2026-01-28 19:00:00+00:00,5359.10009765625
2026-01-28 20:00:00+00:00,5409.39990234375
2026-01-28 21:00:00+00:00,5447.7998046875
2026-01-28 23:00:00+00:00,5539.39990234375
2026-01-29 00:00:00+00:00,5548.5
2026-01-29 01:00:00+00:00,5574.0
2026-01-29 02:00:00+00:00,5565.7001953125
2026-01-29 03:00:00+00:00,5575.7998046875
2026-01-29 04:00:00+00:00,5589.7998046875
2026-01-29 05:00:00+00:00,5590.89990234375
2026-01-29 06:00:00+00:00,5591.0
2026-01-29 07:00:00+00:00,5578.39990234375
2026-01-29 08:00:00+00:00,5540.60009765625
2026-01-29 09:00:00+00:00,5544.7998046875
2026-01-29 10:00:00+00:00,5514.10009765625
2026-01-29 11:00:00+00:00,5553.5
2026-01-29 12:00:00+00:00,5564.5
2026-01-29 13:00:00+00:00,5540.2998046875
2026-01-29 14:00:00+00:00,5525.2998046875
2026-01-29 15:00:00+00:00,5212.89990234375
2026-01-29 16:00:00+00:00,5292.5
2026-01-29 17:00:00+00:00,5364.2998046875
2026-01-29 18:00:00+00:00,5367.7001953125
2026-01-29 19:00:00+00:00,5334.10009765625
2026-01-29 20:00:00+00:00,5423.2998046875
2026-01-29 21:00:00+00:00,5410.7998046875
2026-01-29 23:00:00+00:00,5467.60009765625
2026-01-30 00:00:00+00:00,5435.2998046875
2026-01-30 01:00:00+00:00,5331.7001953125
2026-01-30 02:00:00+00:00,5255.0
2026-01-30 03:00:00+00:00,5225.10009765625
2026-01-30 04:00:00+00:00,5243.10009765625
2026-01-30 05:00:00+00:00,5212.39990234375
2026-01-30 06:00:00+00:00,5183.89990234375
2026-01-30 07:00:00+00:00,5209.2001953125
2026-01-30 08:00:00+00:00,5145.0
2026-01-30 09:00:00+00:00,5040.0
2026-01-30 10:00:00+00:00,5147.7001953125
2026-01-30 11:00:00+00:00,5164.7001953125
2026-01-30 12:00:00+00:00,5092.0
2026-01-30 13:00:00+00:00,5045.60009765625
2026-01-30 14:00:00+00:00,5061.0
2026-01-30 15:00:00+00:00,5067.5
2026-02-02 18:00:00+00:00,4679.5
2026-02-02 19:00:00+00:00,4707.39990234375
2026-02-02 20:00:00+00:00,4676.2998046875
2026-02-02 21:00:00+00:00,4680.89990234375
2026-02-02 23:00:00+00:00,4798.5
2026-02-03 00:00:00+00:00,4802.7001953125
2026-02-03 01:00:00+00:00,4862.7001953125
2026-02-03 02:00:00+00:00,4806.2001953125
2026-02-03 03:00:00+00:00,4831.60009765625
2026-02-03 04:00:00+00:00,4832.60009765625
2026-02-03 05:00:00+00:00,4846.2998046875
2026-02-03 06:00:00+00:00,4903.0
2026-02-03 07:00:00+00:00,4940.0
2026-02-03 08:00:00+00:00,4935.7998046875
2026-02-03 09:00:00+00:00,4939.7998046875
2026-02-03 10:00:00+00:00,4924.7998046875
2026-02-03 11:00:00+00:00,4938.89990234375
2026-02-03 12:00:00+00:00,4938.2001953125
2026-02-03 13:00:00+00:00,4958.0
2026-02-03 14:00:00+00:00,4939.2001953125
2026-02-03 15:00:00+00:00,4957.7001953125
2026-02-03 16:00:00+00:00,4978.2001953125
2026-02-03 17:00:00+00:00,4951.5
2026-02-03 18:00:00+00:00,4930.5
2026-02-03 19:00:00+00:00,4949.2998046875
2026-02-03 20:00:00+00:00,4967.5
2026-02-03 21:00:00+00:00,4970.5
2026-02-03 23:00:00+00:00,4968.7001953125
2026-02-04 00:00:00+00:00,5038.10009765625
2026-02-04 01:00:00+00:00,5067.2001953125
2026-02-04 02:00:00+00:00,5061.60009765625
2026-02-04 03:00:00+00:00,5090.2998046875
2026-02-04 04:00:00+00:00,5100.2001953125
2026-02-04 05:00:00+00:00,5098.2998046875
2026-02-04 06:00:00+00:00,5096.60009765625
2026-02-04 07:00:00+00:00,5106.7998046875
2026-02-04 08:00:00+00:00,5106.5
2026-02-04 09:00:00+00:00,5082.2998046875
2026-02-04 10:00:00+00:00,5072.2001953125
2026-02-04 11:00:00+00:00,5071.2998046875
2026-02-04 12:00:00+00:00,5064.60009765625
2026-02-04 13:00:00+00:00,5077.0
2026-02-04 14:00:00+00:00,5008.39990234375
2026-02-04 15:00:00+00:00,4943.10009765625
2026-02-04 16:00:00+00:00,4926.89990234375
2026-02-04 17:00:00+00:00,4921.2998046875
2026-02-04 18:00:00+00:00,4949.7001953125
2026-02-04 19:00:00+00:00,4963.5
2026-02-04 20:00:00+00:00,4961.60009765625
2026-02-04 21:00:00+00:00,4986.39990234375
2026-02-04 23:00:00+00:00,5033.39990234375
2026-02-05 00:00:00+00:00,5028.10009765625
2026-02-05 01:00:00+00:00,4978.2998046875
2026-02-05 02:00:00+00:00,4831.0
2026-02-05 03:00:00+00:00,4898.5
2026-02-05 04:00:00+00:00,4888.5
2026-02-05 05:00:00+00:00,4911.7998046875
2026-02-05 06:00:00+00:00,4938.7998046875
2026-02-05 07:00:00+00:00,4934.2998046875
2026-02-05 08:00:00+00:00,4934.0
2026-02-05 09:00:00+00:00,4876.89990234375
2026-02-05 10:00:00+00:00,4897.89990234375
2026-02-05 11:00:00+00:00,4889.10009765625
2026-02-05 12:00:00+00:00,4876.2001953125
2026-02-05 13:00:00+00:00,4858.2001953125
2026-02-05 14:00:00+00:00,4867.7998046875
2026-02-05 15:00:00+00:00,4838.60009765625
2026-02-05 16:00:00+00:00,4912.0
2026-02-05 17:00:00+00:00,4891.5
2026-02-05 18:00:00+00:00,4880.39990234375
2026-02-05 19:00:00+00:00,4852.5
2026-02-05 20:00:00+00:00,4833.60009765625
2026-02-05 21:00:00+00:00,4798.10009765625
2026-02-05 23:00:00+00:00,4722.0
2026-02-06 00:00:00+00:00,4779.89990234375
2026-02-06 01:00:00+00:00,4792.10009765625
2026-02-06 02:00:00+00:00,4833.5
2026-02-06 03:00:00+00:00,4841.10009765625
2026-02-06 04:00:00+00:00,4831.89990234375
2026-02-06 05:00:00+00:00,4915.2998046875
2026-02-06 06:00:00+00:00,4865.60009765625
2026-02-06 07:00:00+00:00,4862.2998046875
2026-02-06 08:00:00+00:00,4884.7998046875
2026-02-06 09:00:00+00:00,4889.5
2026-02-06 10:00:00+00:00,4899.89990234375
2026-02-06 11:00:00+00:00,4909.10009765625
2026-02-06 12:00:00+00:00,4921.7001953125
2026-02-06 13:00:00+00:00,4951.0
2026-02-06 14:00:00+00:00,4972.5
2026-02-06 15:00:00+00:00,4966.2998046875
2026-02-06 16:00:00+00:00,4975.2998046875
2026-02-06 17:00:00+00:00,4986.5
2026-02-06 18:00:00+00:00,4986.2998046875
2026-02-06 19:00:00+00:00,4980.7001953125
2026-02-06 20:00:00+00:00,4977.2001953125
2026-02-06 21:00:00+00:00,4988.60009765625
2026-02-08 23:00:00+00:00,5057.39990234375
2026-02-09 00:00:00+00:00,5041.2001953125
2026-02-09 01:00:00+00:00,5002.2998046875
2026-02-09 02:00:00+00:00,5026.60009765625
2026-02-09 03:00:00+00:00,5037.10009765625
2026-02-09 04:00:00+00:00,5034.7001953125
2026-02-09 05:00:00+00:00,5058.0
2026-02-09 06:00:00+00:00,5052.39990234375
2026-02-09 07:00:00+00:00,5027.2001953125
2026-02-09 08:00:00+00:00,5048.10009765625
2026-02-09 09:00:00+00:00,5028.2001953125
2026-02-09 10:00:00+00:00,5011.2998046875
2026-02-09 11:00:00+00:00,5031.10009765625
2026-02-09 12:00:00+00:00,5035.7001953125
2026-02-09 13:00:00+00:00,5028.89990234375
2026-02-09 14:00:00+00:00,5059.60009765625
2026-02-09 15:00:00+00:00,5082.2001953125
2026-02-09 16:00:00+00:00,5096.89990234375
2026-02-09 17:00:00+00:00,5069.7998046875
2026-02-09 18:00:00+00:00,5087.0
2026-02-09 19:00:00+00:00,5098.39990234375
2026-02-09 20:00:00+00:00,5102.89990234375
2026-02-09 21:00:00+00:00,5084.2001953125
2026-02-09 23:00:00+00:00,5055.2998046875
2026-02-10 00:00:00+00:00,5042.60009765625
2026-02-10 01:00:00+00:00,5054.89990234375
2026-02-10 02:00:00+00:00,5061.2001953125
2026-02-10 03:00:00+00:00,5051.5
2026-02-10 04:00:00+00:00,5052.7998046875
2026-02-10 05:00:00+00:00,5061.89990234375
2026-02-10 06:00:00+00:00,5045.7998046875
2026-02-10 07:00:00+00:00,5055.2998046875
2026-02-10 08:00:00+00:00,5063.7998046875
2026-02-10 09:00:00+00:00,5068.5
2026-02-10 10:00:00+00:00,5070.2001953125
2026-02-10 11:00:00+00:00,5079.0
2026-02-10 12:00:00+00:00,5054.89990234375
2026-02-10 13:00:00+00:00,5074.10009765625
2026-02-10 14:00:00+00:00,5063.0
2026-02-10 15:00:00+00:00,5041.60009765625
2026-02-10 16:00:00+00:00,5046.5
2026-02-10 17:00:00+00:00,5049.7001953125
2026-02-10 18:00:00+00:00,5036.0
2026-02-10 19:00:00+00:00,5050.7998046875
2026-02-10 20:00:00+00:00,5052.89990234375
2026-02-10 21:00:00+00:00,5047.89990234375
2026-02-10 23:00:00+00:00,5064.10009765625
2026-02-11 00:00:00+00:00,5060.89990234375
2026-02-11 01:00:00+00:00,5075.0
2026-02-11 02:00:00+00:00,5079.2001953125
2026-02-11 03:00:00+00:00,5079.0
2026-02-11 04:00:00+00:00,5073.2001953125
2026-02-11 05:00:00+00:00,5076.7998046875
2026-02-11 06:00:00+00:00,5088.2998046875
2026-02-11 07:00:00+00:00,5078.7001953125
2026-02-11 08:00:00+00:00,5077.0
2026-02-11 09:00:00+00:00,5086.60009765625
2026-02-11 10:00:00+00:00,5118.60009765625
2026-02-11 11:00:00+00:00,5136.7998046875
2026-02-11 12:00:00+00:00,5107.2001953125
2026-02-11 13:00:00+00:00,5089.60009765625
2026-02-11 14:00:00+00:00,5082.2998046875
2026-02-11 15:00:00+00:00,5084.2001953125
2026-02-11 16:00:00+00:00,5099.2001953125
2026-02-11 17:00:00+00:00,5116.5
2026-02-11 18:00:00+00:00,5107.39990234375
2026-02-11 19:00:00+00:00,5106.5
2026-02-11 20:00:00+00:00,5111.39990234375
2026-02-11 21:00:00+00:00,5107.7998046875
2026-02-11 23:00:00+00:00,5083.5
2026-02-12 00:00:00+00:00,5084.89990234375
2026-02-12 01:00:00+00:00,5084.7998046875
2026-02-12 02:00:00+00:00,5086.7001953125
2026-02-12 03:00:00+00:00,5078.2001953125
2026-02-12 04:00:00+00:00,5090.39990234375
2026-02-12 05:00:00+00:00,5096.2998046875
2026-02-12 06:00:00+00:00,5081.10009765625
2026-02-12 07:00:00+00:00,5085.2998046875
2026-02-12 08:00:00+00:00,5090.0
2026-02-12 09:00:00+00:00,5095.0
2026-02-12 10:00:00+00:00,5083.7998046875
2026-02-12 11:00:00+00:00,5085.60009765625
2026-02-12 12:00:00+00:00,5074.2001953125
2026-02-12 13:00:00+00:00,5098.2001953125
2026-02-12 14:00:00+00:00,5067.0
2026-02-12 15:00:00+00:00,5083.89990234375
2026-02-12 16:00:00+00:00,4976.2998046875
2026-02-12 17:00:00+00:00,4961.5
2026-02-12 18:00:00+00:00,4955.89990234375
2026-02-12 19:00:00+00:00,4965.0
2026-02-12 20:00:00+00:00,4935.10009765625
2026-02-12 21:00:00+00:00,4941.39990234375
2026-02-12 23:00:00+00:00,4939.7001953125
2026-02-13 00:00:00+00:00,4946.7001953125
2026-02-13 01:00:00+00:00,4999.7998046875
2026-02-13 02:00:00+00:00,5008.0
2026-02-13 03:00:00+00:00,5001.60009765625
2026-02-13 04:00:00+00:00,4994.0
2026-02-13 05:00:00+00:00,4965.39990234375
2026-02-13 06:00:00+00:00,4986.7001953125
2026-02-13 07:00:00+00:00,4994.60009765625
2026-02-13 08:00:00+00:00,5001.89990234375
2026-02-13 09:00:00+00:00,4990.10009765625
2026-02-13 10:00:00+00:00,4970.7998046875
2026-02-13 11:00:00+00:00,4973.39990234375
2026-02-13 12:00:00+00:00,4988.7998046875
2026-02-13 13:00:00+00:00,5008.39990234375
2026-02-13 14:00:00+00:00,5017.39990234375
2026-02-13 15:00:00+00:00,4998.7001953125
2026-02-13 16:00:00+00:00,5030.0
2026-02-13 17:00:00+00:00,5043.5
2026-02-13 18:00:00+00:00,5054.10009765625
2026-02-13 19:00:00+00:00,5046.39990234375
2026-02-13 20:00:00+00:00,5054.0
2026-02-13 21:00:00+00:00,5046.2998046875
2026-02-15 23:00:00+00:00,5038.5
2026-02-16 00:00:00+00:00,5035.0
2026-02-16 01:00:00+00:00,5047.60009765625
2026-02-16 02:00:00+00:00,5014.7998046875
2026-02-16 03:00:00+00:00,5007.2001953125
2026-02-16 04:00:00+00:00,4994.7001953125
2026-02-17 05:00:00+00:00,4906.89990234375
2026-02-17 06:00:00+00:00,4930.0
2026-02-17 07:00:00+00:00,4935.7998046875
2026-02-17 08:00:00+00:00,4939.5
2026-02-17 09:00:00+00:00,4945.2001953125
2026-02-17 10:00:00+00:00,4932.10009765625
2026-02-17 11:00:00+00:00,4948.7001953125
2026-02-17 12:00:00+00:00,4951.60009765625
2026-02-17 13:00:00+00:00,4889.39990234375
2026-02-17 14:00:00+00:00,4881.2998046875
2026-02-17 15:00:00+00:00,4897.2001953125
2026-02-17 16:00:00+00:00,4887.7001953125
2026-02-17 17:00:00+00:00,4884.0
2026-02-17 18:00:00+00:00,4917.7001953125
2026-02-17 19:00:00+00:00,4899.2998046875
2026-02-17 20:00:00+00:00,4896.7001953125
2026-02-17 21:00:00+00:00,4896.10009765625
2026-02-17 23:00:00+00:00,4876.89990234375
2026-02-18 00:00:00+00:00,4891.7998046875
2026-02-18 01:00:00+00:00,4908.0
2026-02-18 02:00:00+00:00,4923.7998046875
2026-02-18 03:00:00+00:00,4939.5
2026-02-18 04:00:00+00:00,4951.60009765625
2026-02-18 05:00:00+00:00,4952.39990234375
2026-02-18 06:00:00+00:00,4949.7001953125
2026-02-18 07:00:00+00:00,4949.5
2026-02-18 08:00:00+00:00,4937.7001953125
2026-02-18 09:00:00+00:00,4937.89990234375
2026-02-18 10:00:00+00:00,4935.0
2026-02-18 11:00:00+00:00,4933.39990234375
2026-02-18 12:00:00+00:00,4963.5
2026-02-18 13:00:00+00:00,4974.2001953125
2026-02-18 14:00:00+00:00,5012.2998046875
2026-02-18 15:00:00+00:00,5018.7998046875
2026-02-18 16:00:00+00:00,5021.2001953125
2026-02-18 17:00:00+00:00,5020.10009765625
2026-02-18 18:00:00+00:00,5008.2001953125
2026-02-18 19:00:00+00:00,5000.7001953125
2026-02-18 20:00:00+00:00,5005.2998046875
2026-02-18 21:00:00+00:00,4996.10009765625
2026-02-18 23:00:00+00:00,4994.7998046875
2026-02-19 00:00:00+00:00,4980.2001953125
2026-02-19 01:00:00+00:00,4992.10009765625
2026-02-19 02:00:00+00:00,4986.89990234375
2026-02-19 03:00:00+00:00,5000.39990234375
2026-02-19 04:00:00+00:00,5002.7998046875
2026-02-19 05:00:00+00:00,5015.5
2026-02-19 06:00:00+00:00,5035.39990234375
2026-02-19 07:00:00+00:00,5028.0
2026-02-19 08:00:00+00:00,5035.5
2026-02-19 09:00:00+00:00,5014.39990234375
2026-02-19 10:00:00+00:00,5013.0
2026-02-19 11:00:00+00:00,5003.2998046875
2026-02-19 12:00:00+00:00,5004.39990234375
2026-02-19 13:00:00+00:00,5016.60009765625
2026-02-19 14:00:00+00:00,5024.60009765625
2026-02-19 15:00:00+00:00,5033.39990234375
2026-02-19 16:00:00+00:00,5014.2001953125
2026-02-19 17:00:00+00:00,5004.2001953125
2026-02-19 18:00:00+00:00,5000.7001953125
2026-02-19 19:00:00+00:00,5006.5
2026-02-19 20:00:00+00:00,5020.60009765625
2026-02-19 21:00:00+00:00,5015.5
2026-02-19 23:00:00+00:00,5005.60009765625
2026-02-20 00:00:00+00:00,5024.5
2026-02-20 01:00:00+00:00,5015.39990234375
2026-02-20 02:00:00+00:00,5013.7001953125
2026-02-20 03:00:00+00:00,5006.0
2026-02-20 04:00:00+00:00,5017.5
2026-02-20 05:00:00+00:00,5030.10009765625
2026-02-20 06:00:00+00:00,5039.60009765625
2026-02-20 07:00:00+00:00,5025.2998046875
2026-02-20 08:00:00+00:00,5048.7001953125
2026-02-20 09:00:00+00:00,5047.60009765625
2026-02-20 10:00:00+00:00,5054.60009765625
2026-02-20 11:00:00+00:00,5036.7998046875
2026-02-20 12:00:00+00:00,5044.5
2026-02-20 13:00:00+00:00,5063.5
2026-02-20 14:00:00+00:00,5074.7998046875
2026-02-20 15:00:00+00:00,5062.2998046875
2026-02-20 16:00:00+00:00,5087.0
2026-02-20 17:00:00+00:00,5093.7001953125
2026-02-20 18:00:00+00:00,5094.0
2026-02-20 19:00:00+00:00,5102.39990234375
2026-02-20 20:00:00+00:00,5119.39990234375
2026-02-20 21:00:00+00:00,5080.89990234375
2026-02-22 23:00:00+00:00,5187.2001953125
2026-02-23 00:00:00+00:00,5165.89990234375
2026-02-23 01:00:00+00:00,5179.39990234375
2026-02-23 02:00:00+00:00,5195.0
2026-02-23 03:00:00+00:00,5188.39990234375
2026-02-23 04:00:00+00:00,5181.2998046875
2026-02-23 05:00:00+00:00,5179.89990234375
2026-02-23 06:00:00+00:00,5167.2998046875
2026-02-23 07:00:00+00:00,5157.60009765625
2026-02-23 08:00:00+00:00,5161.0
2026-02-23 09:00:00+00:00,5170.10009765625
2026-02-23 10:00:00+00:00,5184.0
2026-02-23 11:00:00+00:00,5170.2998046875
2026-02-23 12:00:00+00:00,5185.0
2026-02-23 13:00:00+00:00,5166.2001953125
2026-02-23 14:00:00+00:00,5213.5
2026-02-23 15:00:00+00:00,5216.60009765625
2026-02-23 16:00:00+00:00,5230.39990234375
2026-02-23 17:00:00+00:00,5227.39990234375
2026-02-23 18:00:00+00:00,5229.5
2026-02-23 19:00:00+00:00,5235.39990234375
2026-02-23 20:00:00+00:00,5255.60009765625
2026-02-23 21:00:00+00:00,5247.89990234375
2026-02-23 23:00:00+00:00,5254.5
2026-02-24 00:00:00+00:00,5243.10009765625
2026-02-24 01:00:00+00:00,5196.60009765625
2026-02-24 02:00:00+00:00,5209.0
2026-02-24 03:00:00+00:00,5192.0
2026-02-24 04:00:00+00:00,5188.39990234375
2026-02-24 05:00:00+00:00,5203.0
2026-02-24 06:00:00+00:00,5193.60009765625
2026-02-24 07:00:00+00:00,5198.7001953125
2026-02-24 08:00:00+00:00,5193.0
2026-02-24 09:00:00+00:00,5190.7001953125
2026-02-24 10:00:00+00:00,5192.2998046875
2026-02-24 11:00:00+00:00,5191.89990234375
2026-02-24 12:00:00+00:00,5168.7998046875
2026-02-24 13:00:00+00:00,5132.2998046875
2026-02-24 14:00:00+00:00,5145.5
2026-02-24 15:00:00+00:00,5168.2001953125
2026-02-24 16:00:00+00:00,5159.7001953125
2026-02-24 17:00:00+00:00,5182.0
2026-02-24 18:00:00+00:00,5178.89990234375
2026-02-24 19:00:00+00:00,5171.7998046875
2026-02-24 20:00:00+00:00,5181.7998046875
2026-02-24 21:00:00+00:00,5160.5
2026-02-24 23:00:00+00:00,5165.0
2026-02-25 00:00:00+00:00,5171.0
2026-02-25 01:00:00+00:00,5195.10009765625
2026-02-25 02:00:00+00:00,5198.60009765625
2026-02-25 03:00:00+00:00,5200.60009765625
2026-02-25 04:00:00+00:00,5201.2998046875
2026-02-25 05:00:00+00:00,5221.2001953125
2026-02-25 06:00:00+00:00,5213.2001953125
2026-02-25 07:00:00+00:00,5203.7998046875
2026-02-25 08:00:00+00:00,5204.5
2026-02-25 09:00:00+00:00,5212.89990234375
2026-02-25 10:00:00+00:00,5193.7001953125
2026-02-25 11:00:00+00:00,5199.5
2026-02-25 12:00:00+00:00,5201.0
2026-02-25 13:00:00+00:00,5203.7001953125
2026-02-25 14:00:00+00:00,5210.2001953125
2026-02-25 15:00:00+00:00,5214.5
2026-02-25 16:00:00+00:00,5231.7001953125
2026-02-25 17:00:00+00:00,5226.5
2026-02-25 18:00:00+00:00,5226.39990234375
2026-02-25 19:00:00+00:00,5224.39990234375
2026-02-25 20:00:00+00:00,5169.89990234375
2026-02-25 21:00:00+00:00,5183.7001953125
2026-02-25 23:00:00+00:00,5180.0
2026-02-26 00:00:00+00:00,5203.2001953125
2026-02-26 01:00:00+00:00,5206.7998046875
2026-02-26 02:00:00+00:00,5199.60009765625
2026-02-26 03:00:00+00:00,5208.10009765625
2026-02-26 04:00:00+00:00,5208.7001953125
2026-02-26 05:00:00+00:00,5214.39990234375
2026-02-26 06:00:00+00:00,5209.7998046875
2026-02-26 07:00:00+00:00,5202.60009765625
2026-02-26 08:00:00+00:00,5195.7998046875
2026-02-26 09:00:00+00:00,5202.39990234375
2026-02-26 10:00:00+00:00,5187.10009765625
2026-02-26 11:00:00+00:00,5180.7001953125
2026-02-26 12:00:00+00:00,5200.0
2026-02-26 13:00:00+00:00,5182.2998046875
2026-02-26 14:00:00+00:00,5181.10009765625
2026-02-26 15:00:00+00:00,5202.5
2026-02-26 16:00:00+00:00,5196.2998046875
2026-02-26 17:00:00+00:00,5184.0
2026-02-26 18:00:00+00:00,5196.89990234375
2026-02-26 19:00:00+00:00,5204.2001953125
2026-02-26 20:00:00+00:00,5213.5
2026-02-26 21:00:00+00:00,5201.5
2026-02-26 23:00:00+00:00,5200.89990234375
2026-02-27 00:00:00+00:00,5191.60009765625
2026-02-27 01:00:00+00:00,5210.2001953125
2026-02-27 02:00:00+00:00,5200.2998046875
2026-02-27 03:00:00+00:00,5201.2001953125
2026-02-27 04:00:00+00:00,5200.5
2026-02-27 05:00:00+00:00,5214.7001953125
2026-02-27 06:00:00+00:00,5202.7998046875
2026-02-27 07:00:00+00:00,5193.10009765625
2026-02-27 08:00:00+00:00,5195.10009765625
2026-02-27 09:00:00+00:00,5192.2998046875
2026-02-27 10:00:00+00:00,5193.60009765625
2026-02-27 11:00:00+00:00,5202.0
2026-02-27 12:00:00+00:00,5204.2998046875
2026-02-27 13:00:00+00:00,5240.7998046875
2026-02-27 14:00:00+00:00,5240.89990234375
2026-02-27 15:00:00+00:00,5257.7998046875
2026-02-27 16:00:00+00:00,5246.89990234375
2026-02-27 17:00:00+00:00,5252.39990234375
2026-02-27 18:00:00+00:00,5263.0
2026-02-27 19:00:00+00:00,5268.39990234375
2026-02-27 20:00:00+00:00,5281.2998046875
2026-02-27 21:00:00+00:00,5247.89990234375
2026-03-01 23:00:00+00:00,5400.39990234375
2026-03-02 00:00:00+00:00,5360.60009765625
2026-03-02 01:00:00+00:00,5338.2998046875
2026-03-02 02:00:00+00:00,5358.7998046875
2026-03-02 03:00:00+00:00,5378.7001953125
2026-03-02 04:00:00+00:00,5369.7998046875
2026-03-02 05:00:00+00:00,5378.89990234375
2026-03-02 06:00:00+00:00,5401.5
2026-03-02 07:00:00+00:00,5423.0
2026-03-02 08:00:00+00:00,5408.89990234375
2026-03-02 09:00:00+00:00,5406.89990234375
2026-03-02 10:00:00+00:00,5404.10009765625
2026-03-02 11:00:00+00:00,5399.60009765625
2026-03-02 12:00:00+00:00,5412.39990234375
2026-03-02 13:00:00+00:00,5409.7998046875
2026-03-02 14:00:00+00:00,5346.39990234375
2026-03-02 15:00:00+00:00,5329.60009765625
2026-03-02 16:00:00+00:00,5304.0
2026-03-02 17:00:00+00:00,5321.10009765625
2026-03-02 18:00:00+00:00,5329.7998046875
2026-03-02 19:00:00+00:00,5344.2001953125
2026-03-02 20:00:00+00:00,5346.10009765625
2026-03-02 21:00:00+00:00,5335.89990234375
2026-03-02 23:00:00+00:00,5359.10009765625
2026-03-03 00:00:00+00:00,5364.5
2026-03-03 01:00:00+00:00,5352.89990234375
2026-03-03 02:00:00+00:00,5380.0
2026-03-03 03:00:00+00:00,5381.2001953125
2026-03-03 04:00:00+00:00,5377.89990234375
2026-03-03 05:00:00+00:00,5331.89990234375
2026-03-03 06:00:00+00:00,5323.0
2026-03-03 07:00:00+00:00,5340.60009765625
2026-03-03 08:00:00+00:00,5308.7998046875
2026-03-03 09:00:00+00:00,5286.7998046875
2026-03-03 10:00:00+00:00,5259.7001953125
2026-03-03 11:00:00+00:00,5154.0
2026-03-03 12:00:00+00:00,5234.5
2026-03-03 13:00:00+00:00,5166.5
2026-03-03 14:00:00+00:00,5048.0
2026-03-03 15:00:00+00:00,5105.2998046875
2026-03-03 16:00:00+00:00,5117.89990234375
2026-03-03 17:00:00+00:00,5089.5
2026-03-03 18:00:00+00:00,5146.5
2026-03-03 19:00:00+00:00,5122.2998046875
2026-03-03 20:00:00+00:00,5109.2998046875
2026-03-03 21:00:00+00:00,5099.5
2026-03-03 23:00:00+00:00,5133.39990234375
2026-03-04 00:00:00+00:00,5147.2998046875
2026-03-04 01:00:00+00:00,5183.7001953125
2026-03-04 02:00:00+00:00,5165.39990234375
2026-03-04 03:00:00+00:00,5183.10009765625
2026-03-04 04:00:00+00:00,5166.39990234375
2026-03-04 05:00:00+00:00,5169.5
2026-03-04 06:00:00+00:00,5170.2998046875
2026-03-04 07:00:00+00:00,5178.2001953125
2026-03-04 08:00:00+00:00,5178.60009765625
2026-03-04 09:00:00+00:00,5193.89990234375
2026-03-04 10:00:00+00:00,5201.89990234375
2026-03-04 11:00:00+00:00,5204.2001953125
2026-03-04 12:00:00+00:00,5182.0
2026-03-04 13:00:00+00:00,5178.5
2026-03-04 14:00:00+00:00,5155.7001953125
2026-03-04 15:00:00+00:00,5161.60009765625
2026-03-04 16:00:00+00:00,5161.5
2026-03-04 17:00:00+00:00,5153.60009765625
2026-03-04 18:00:00+00:00,5144.7001953125
2026-03-04 19:00:00+00:00,5148.7001953125
2026-03-04 20:00:00+00:00,5146.7998046875
2026-03-04 21:00:00+00:00,5151.60009765625
2026-03-04 23:00:00+00:00,5176.2001953125
2026-03-05 00:00:00+00:00,5183.89990234375
2026-03-05 01:00:00+00:00,5181.7001953125
2026-03-05 02:00:00+00:00,5201.60009765625
2026-03-05 03:00:00+00:00,5189.5
2026-03-05 04:00:00+00:00,5179.7001953125
2026-03-05 05:00:00+00:00,5157.7001953125
2026-03-05 06:00:00+00:00,5176.5
2026-03-05 07:00:00+00:00,5171.39990234375
2026-03-05 08:00:00+00:00,5176.0
2026-03-05 09:00:00+00:00,5171.7998046875
2026-03-05 10:00:00+00:00,5175.60009765625
2026-03-05 11:00:00+00:00,5174.7998046875
2026-03-05 12:00:00+00:00,5173.0
2026-03-05 13:00:00+00:00,5126.5
2026-03-05 14:00:00+00:00,5110.7998046875
2026-03-05 15:00:00+00:00,5111.2998046875
2026-03-05 16:00:00+00:00,5086.5
2026-03-05 17:00:00+00:00,5071.2001953125
2026-03-05 18:00:00+00:00,5077.60009765625
2026-03-05 19:00:00+00:00,5074.60009765625
2026-03-05 20:00:00+00:00,5086.60009765625
2026-03-05 21:00:00+00:00,5093.2998046875
2026-03-05 23:00:00+00:00,5095.60009765625
2026-03-06 00:00:00+00:00,5092.5
2026-03-06 01:00:00+00:00,5142.10009765625
2026-03-06 02:00:00+00:00,5133.89990234375
2026-03-06 03:00:00+00:00,5139.89990234375
2026-03-06 04:00:00+00:00,5137.2001953125
2026-03-06 05:00:00+00:00,5126.60009765625
2026-03-06 06:00:00+00:00,5124.89990234375
2026-03-06 07:00:00+00:00,5128.2001953125
2026-03-06 08:00:00+00:00,5116.7001953125
2026-03-06 09:00:00+00:00,5093.5
2026-03-06 10:00:00+00:00,5099.89990234375
2026-03-06 11:00:00+00:00,5086.10009765625
2026-03-06 12:00:00+00:00,5091.89990234375
2026-03-06 13:00:00+00:00,5093.7998046875
2026-03-06 14:00:00+00:00,5139.2998046875
2026-03-06 15:00:00+00:00,5151.2001953125
2026-03-06 16:00:00+00:00,5149.5
2026-03-06 17:00:00+00:00,5150.2001953125
2026-03-06 18:00:00+00:00,5170.2998046875
2026-03-06 19:00:00+00:00,5168.5
2026-03-06 20:00:00+00:00,5161.39990234375
2026-03-06 21:00:00+00:00,5158.7001953125
2026-03-08 22:00:00+00:00,5138.5
2026-03-08 23:00:00+00:00,5083.39990234375
2026-03-09 00:00:00+00:00,5056.89990234375
2026-03-09 01:00:00+00:00,5077.60009765625
2026-03-09 02:00:00+00:00,5100.89990234375
2026-03-09 03:00:00+00:00,5098.0
2026-03-09 04:00:00+00:00,5096.39990234375
2026-03-09 05:00:00+00:00,5131.60009765625
2026-03-09 06:00:00+00:00,5104.7998046875
2026-03-09 07:00:00+00:00,5106.7001953125
2026-03-09 08:00:00+00:00,5104.39990234375
2026-03-09 09:00:00+00:00,5114.2998046875
2026-03-09 10:00:00+00:00,5094.7998046875
2026-03-09 11:00:00+00:00,5095.7001953125
2026-03-09 12:00:00+00:00,5103.10009765625
2026-03-09 13:00:00+00:00,5081.5
2026-03-09 14:00:00+00:00,5102.60009765625
2026-03-09 15:00:00+00:00,5108.5
2026-03-09 16:00:00+00:00,5113.10009765625
2026-03-09 17:00:00+00:00,5104.89990234375
2026-03-09 18:00:00+00:00,5133.2001953125
2026-03-09 19:00:00+00:00,5150.5
2026-03-09 20:00:00+00:00,5148.7001953125
2026-03-09 22:00:00+00:00,5162.10009765625
2026-03-09 23:00:00+00:00,5149.7998046875
2026-03-10 00:00:00+00:00,5140.2001953125
2026-03-10 01:00:00+00:00,5193.2001953125
2026-03-10 02:00:00+00:00,5174.2998046875
2026-03-10 03:00:00+00:00,5166.39990234375
2026-03-10 04:00:00+00:00,5172.10009765625
2026-03-10 05:00:00+00:00,5186.7001953125
2026-03-10 06:00:00+00:00,5183.60009765625
2026-03-10 07:00:00+00:00,5190.5
2026-03-10 08:00:00+00:00,5192.5
2026-03-10 09:00:00+00:00,5191.7998046875
2026-03-10 10:00:00+00:00,5186.60009765625
2026-03-10 11:00:00+00:00,5184.2001953125
2026-03-10 12:00:00+00:00,5196.5
2026-03-10 13:00:00+00:00,5214.2001953125
2026-03-10 14:00:00+00:00,5215.7998046875
2026-03-10 15:00:00+00:00,5238.0
2026-03-10 16:00:00+00:00,5236.89990234375
2026-03-10 17:00:00+00:00,5237.10009765625
2026-03-10 18:00:00+00:00,5200.0
2026-03-10 19:00:00+00:00,5207.0
2026-03-10 20:00:00+00:00,5198.7001953125
2026-03-10 22:00:00+00:00,5196.7001953125
2026-03-10 23:00:00+00:00,5204.89990234375
2026-03-11 00:00:00+00:00,5223.10009765625
2026-03-11 01:00:00+00:00,5215.89990234375
2026-03-11 02:00:00+00:00,5225.39990234375
2026-03-11 03:00:00+00:00,5211.10009765625
2026-03-11 04:00:00+00:00,5212.7998046875
2026-03-11 05:00:00+00:00,5207.60009765625
2026-03-11 06:00:00+00:00,5205.7998046875
2026-03-11 07:00:00+00:00,5203.7001953125
2026-03-11 08:00:00+00:00,5195.2001953125
2026-03-11 09:00:00+00:00,5195.7001953125
2026-03-11 10:00:00+00:00,5194.10009765625
2026-03-11 11:00:00+00:00,5189.2001953125
2026-03-11 12:00:00+00:00,5175.10009765625
2026-03-11 13:00:00+00:00,5184.2998046875
2026-03-11 14:00:00+00:00,5190.7998046875
2026-03-11 15:00:00+00:00,5173.39990234375
2026-03-11 16:00:00+00:00,5183.10009765625
2026-03-11 17:00:00+00:00,5176.60009765625
2026-03-11 18:00:00+00:00,5180.10009765625
2026-03-11 19:00:00+00:00,5191.0
2026-03-11 20:00:00+00:00,5183.89990234375
2026-03-11 22:00:00+00:00,5144.7998046875
2026-03-11 23:00:00+00:00,5140.0
2026-03-12 00:00:00+00:00,5158.10009765625
2026-03-12 01:00:00+00:00,5174.39990234375
2026-03-12 02:00:00+00:00,5156.0
2026-03-12 03:00:00+00:00,5158.2001953125
2026-03-12 04:00:00+00:00,5147.39990234375
2026-03-12 05:00:00+00:00,5159.7001953125
2026-03-12 06:00:00+00:00,5172.60009765625
2026-03-12 07:00:00+00:00,5188.39990234375
2026-03-12 08:00:00+00:00,5184.39990234375
2026-03-12 09:00:00+00:00,5194.2001953125
2026-03-12 10:00:00+00:00,5188.2001953125
2026-03-12 11:00:00+00:00,5184.7998046875
2026-03-12 12:00:00+00:00,5187.7001953125
2026-03-12 13:00:00+00:00,5157.39990234375
2026-03-12 14:00:00+00:00,5148.7998046875
2026-03-12 15:00:00+00:00,5138.0
2026-03-12 16:00:00+00:00,5130.10009765625
2026-03-12 17:00:00+00:00,5112.39990234375
2026-03-12 18:00:00+00:00,5100.0
2026-03-12 19:00:00+00:00,5091.7001953125
2026-03-12 20:00:00+00:00,5084.10009765625
2026-03-12 22:00:00+00:00,5099.10009765625
2026-03-12 23:00:00+00:00,5101.5
2026-03-13 00:00:00+00:00,5116.60009765625
2026-03-13 01:00:00+00:00,5128.5
2026-03-13 02:00:00+00:00,5115.39990234375
2026-03-13 03:00:00+00:00,5119.2001953125
2026-03-13 04:00:00+00:00,5107.10009765625
2026-03-13 05:00:00+00:00,5106.2001953125
2026-03-13 06:00:00+00:00,5092.2001953125
2026-03-13 07:00:00+00:00,5089.5
2026-03-13 08:00:00+00:00,5092.2001953125
2026-03-13 09:00:00+00:00,5094.2998046875
2026-03-13 10:00:00+00:00,5099.60009765625
2026-03-13 11:00:00+00:00,5112.89990234375
2026-03-13 12:00:00+00:00,5124.39990234375
2026-03-13 13:00:00+00:00,5107.5
2026-03-13 14:00:00+00:00,5045.7998046875
2026-03-13 15:00:00+00:00,5039.10009765625
2026-03-13 16:00:00+00:00,5050.60009765625
2026-03-13 17:00:00+00:00,5050.89990234375
2026-03-13 18:00:00+00:00,5050.89990234375
2026-03-13 19:00:00+00:00,5022.0
2026-03-13 20:00:00+00:00,5023.10009765625
2026-03-15 22:00:00+00:00,5028.7998046875
2026-03-15 23:00:00+00:00,5000.60009765625
2026-03-16 00:00:00+00:00,5030.39990234375
2026-03-16 01:00:00+00:00,5020.0
2026-03-16 02:00:00+00:00,5006.60009765625
2026-03-16 03:00:00+00:00,5022.5
2026-03-16 04:00:00+00:00,5016.5
2026-03-16 05:00:00+00:00,5021.10009765625
2026-03-16 06:00:00+00:00,5016.2001953125
2026-03-16 07:00:00+00:00,4998.89990234375
2026-03-16 08:00:00+00:00,4995.0
2026-03-16 09:00:00+00:00,4979.39990234375
2026-03-16 10:00:00+00:00,5004.2001953125
2026-03-16 11:00:00+00:00,5001.89990234375
2026-03-16 12:00:00+00:00,5024.89990234375
2026-03-16 13:00:00+00:00,5035.7001953125
2026-03-16 14:00:00+00:00,5000.7998046875
2026-03-16 15:00:00+00:00,4991.89990234375
2026-03-16 16:00:00+00:00,4995.89990234375
2026-03-16 17:00:00+00:00,4996.7001953125
2026-03-16 18:00:00+00:00,5018.89990234375
2026-03-16 19:00:00+00:00,5019.2998046875
2026-03-16 20:00:00+00:00,5011.2998046875
2026-03-16 22:00:00+00:00,5007.60009765625
2026-03-16 23:00:00+00:00,5018.0
2026-03-17 00:00:00+00:00,5007.10009765625
2026-03-17 01:00:00+00:00,5032.10009765625
2026-03-17 02:00:00+00:00,5026.2001953125
2026-03-17 03:00:00+00:00,5030.2998046875
2026-03-17 04:00:00+00:00,5042.39990234375
2026-03-17 05:00:00+00:00,5024.5
2026-03-17 06:00:00+00:00,5013.89990234375
2026-03-17 07:00:00+00:00,5025.0
2026-03-17 08:00:00+00:00,5029.0
2026-03-17 09:00:00+00:00,5014.7001953125
2026-03-17 10:00:00+00:00,5004.39990234375
2026-03-17 11:00:00+00:00,5007.2998046875
2026-03-17 12:00:00+00:00,5016.2998046875
2026-03-17 13:00:00+00:00,5021.89990234375
2026-03-17 14:00:00+00:00,5012.5
2026-03-17 15:00:00+00:00,5002.60009765625
2026-03-17 16:00:00+00:00,5006.39990234375
2026-03-17 17:00:00+00:00,5007.0
2026-03-17 18:00:00+00:00,5007.5
2026-03-17 19:00:00+00:00,5005.10009765625
2026-03-17 20:00:00+00:00,5011.2998046875
2026-03-17 22:00:00+00:00,5003.60009765625
2026-03-17 23:00:00+00:00,5006.60009765625
2026-03-18 00:00:00+00:00,5008.39990234375
2026-03-18 01:00:00+00:00,5002.2001953125
2026-03-18 02:00:00+00:00,4994.89990234375
2026-03-18 03:00:00+00:00,4992.7001953125
2026-03-18 04:00:00+00:00,4989.89990234375
2026-03-18 05:00:00+00:00,5001.10009765625
2026-03-18 06:00:00+00:00,5013.7998046875
2026-03-18 07:00:00+00:00,4999.10009765625
2026-03-18 08:00:00+00:00,4990.7001953125
2026-03-18 09:00:00+00:00,4996.39990234375
2026-03-18 10:00:00+00:00,4971.7001953125
2026-03-18 11:00:00+00:00,4933.2998046875
2026-03-18 12:00:00+00:00,4884.39990234375
2026-03-18 13:00:00+00:00,4881.7998046875
2026-03-18 14:00:00+00:00,4873.10009765625
2026-03-18 15:00:00+00:00,4866.2998046875
2026-03-18 16:00:00+00:00,4891.2001953125
2026-03-18 17:00:00+00:00,4895.10009765625
2026-03-18 18:00:00+00:00,4857.2998046875
2026-03-18 19:00:00+00:00,4846.7998046875
2026-03-18 20:00:00+00:00,4823.89990234375
2026-03-18 22:00:00+00:00,4837.10009765625
2026-03-18 23:00:00+00:00,4839.2001953125
2026-03-19 00:00:00+00:00,4842.60009765625
2026-03-19 01:00:00+00:00,4851.2998046875
2026-03-19 02:00:00+00:00,4859.5
2026-03-19 03:00:00+00:00,4852.7001953125
2026-03-19 04:00:00+00:00,4851.7998046875
2026-03-19 05:00:00+00:00,4829.2001953125
2026-03-19 06:00:00+00:00,4765.2001953125
2026-03-19 07:00:00+00:00,4729.60009765625
2026-03-19 08:00:00+00:00,4710.60009765625
2026-03-19 09:00:00+00:00,4701.10009765625
2026-03-19 10:00:00+00:00,4681.89990234375
2026-03-19 11:00:00+00:00,4654.39990234375
2026-03-19 12:00:00+00:00,4577.2998046875
2026-03-19 13:00:00+00:00,4624.0
2026-03-19 14:00:00+00:00,4603.5
2026-03-19 15:00:00+00:00,4598.2998046875
2026-03-19 16:00:00+00:00,4587.10009765625
2026-03-19 17:00:00+00:00,4618.7998046875
2026-03-19 18:00:00+00:00,4625.7998046875
2026-03-19 19:00:00+00:00,4647.89990234375
2026-03-19 20:00:00+00:00,4651.89990234375
2026-03-19 22:00:00+00:00,4638.10009765625
2026-03-19 23:00:00+00:00,4645.5
2026-03-20 00:00:00+00:00,4649.5
2026-03-20 01:00:00+00:00,4679.10009765625
2026-03-20 02:00:00+00:00,4699.2998046875
2026-03-20 03:00:00+00:00,4725.2001953125
2026-03-20 04:00:00+00:00,4722.0
2026-03-20 05:00:00+00:00,4689.89990234375
2026-03-20 06:00:00+00:00,4670.2998046875
2026-03-20 07:00:00+00:00,4707.2001953125
2026-03-20 08:00:00+00:00,4695.10009765625
2026-03-20 09:00:00+00:00,4668.39990234375
2026-03-20 10:00:00+00:00,4646.39990234375
2026-03-20 11:00:00+00:00,4673.39990234375
2026-03-20 12:00:00+00:00,4679.0
2026-03-20 13:00:00+00:00,4617.0
2026-03-20 14:00:00+00:00,4564.89990234375
2026-03-20 15:00:00+00:00,4555.2998046875
2026-03-20 16:00:00+00:00,4585.2998046875
2026-03-20 17:00:00+00:00,4575.89990234375
2026-03-20 18:00:00+00:00,4500.7001953125
2026-03-20 19:00:00+00:00,4503.7998046875
2026-03-20 20:00:00+00:00,4496.2998046875
2026-03-22 22:00:00+00:00,4498.10009765625
2026-03-22 23:00:00+00:00,4465.89990234375
2026-03-23 00:00:00+00:00,4356.39990234375
2026-03-23 01:00:00+00:00,4390.0
2026-03-23 02:00:00+00:00,4362.2998046875
2026-03-23 03:00:00+00:00,4355.2998046875
2026-03-23 04:00:00+00:00,4370.89990234375
2026-03-23 05:00:00+00:00,4314.10009765625
2026-03-23 06:00:00+00:00,4225.10009765625
2026-03-23 07:00:00+00:00,4205.7001953125
2026-03-23 08:00:00+00:00,4251.7001953125
2026-03-23 09:00:00+00:00,4254.5
2026-03-23 10:00:00+00:00,4270.0
2026-03-23 11:00:00+00:00,4379.2001953125
2026-03-23 12:00:00+00:00,4480.60009765625
2026-03-23 13:00:00+00:00,4457.60009765625
2026-03-23 14:00:00+00:00,4463.5
2026-03-23 15:00:00+00:00,4365.60009765625
2026-03-23 16:00:00+00:00,4378.10009765625
2026-03-23 17:00:00+00:00,4428.7998046875
2026-03-23 18:00:00+00:00,4451.0
2026-03-23 19:00:00+00:00,4401.5
2026-03-23 20:00:00+00:00,4410.39990234375
2026-03-23 22:00:00+00:00,4429.89990234375
2026-03-23 23:00:00+00:00,4442.7998046875
2026-03-24 00:00:00+00:00,4366.89990234375
2026-03-24 01:00:00+00:00,4323.39990234375
2026-03-24 02:00:00+00:00,4366.89990234375
2026-03-24 03:00:00+00:00,4346.7998046875
2026-03-24 04:00:00+00:00,4334.0
2026-03-24 05:00:00+00:00,4349.5
2026-03-24 06:00:00+00:00,4403.7998046875
2026-03-24 07:00:00+00:00,4420.2001953125
2026-03-24 08:00:00+00:00,4413.5
2026-03-24 09:00:00+00:00,4427.7001953125
2026-03-24 10:00:00+00:00,4439.7001953125
2026-03-24 11:00:00+00:00,4408.0
2026-03-24 12:00:00+00:00,4378.7001953125
2026-03-24 13:00:00+00:00,4382.5
2026-03-24 14:00:00+00:00,4416.2998046875
2026-03-24 15:00:00+00:00,4412.7998046875
2026-03-24 16:00:00+00:00,4422.2001953125
2026-03-24 17:00:00+00:00,4388.2998046875
2026-03-24 18:00:00+00:00,4390.89990234375
2026-03-24 19:00:00+00:00,4400.89990234375
2026-03-24 20:00:00+00:00,4474.89990234375
2026-03-24 22:00:00+00:00,4487.7001953125
2026-03-24 23:00:00+00:00,4549.2001953125
2026-03-25 00:00:00+00:00,4564.89990234375
2026-03-25 01:00:00+00:00,4593.2001953125
2026-03-25 02:00:00+00:00,4581.89990234375
2026-03-25 03:00:00+00:00,4567.7998046875
2026-03-25 04:00:00+00:00,4571.2001953125
2026-03-25 05:00:00+00:00,4555.0
2026-03-25 06:00:00+00:00,4543.7998046875
2026-03-25 07:00:00+00:00,4539.0
2026-03-25 08:00:00+00:00,4555.60009765625
2026-03-25 09:00:00+00:00,4550.39990234375
2026-03-25 10:00:00+00:00,4557.10009765625
2026-03-25 11:00:00+00:00,4577.39990234375
2026-03-25 12:00:00+00:00,4542.39990234375
2026-03-25 13:00:00+00:00,4543.2998046875
2026-03-25 14:00:00+00:00,4565.2998046875
2026-03-25 15:00:00+00:00,4557.39990234375
2026-03-25 16:00:00+00:00,4553.39990234375
2026-03-25 17:00:00+00:00,4548.2001953125
2026-03-25 18:00:00+00:00,4535.7001953125
2026-03-25 19:00:00+00:00,4528.7001953125
2026-03-25 20:00:00+00:00,4503.2998046875
2026-03-25 22:00:00+00:00,4513.89990234375
2026-03-25 23:00:00+00:00,4495.2998046875
2026-03-26 00:00:00+00:00,4533.2998046875
2026-03-26 01:00:00+00:00,4532.0
2026-03-26 02:00:00+00:00,4505.2001953125
2026-03-26 03:00:00+00:00,4510.2001953125
2026-03-26 04:00:00+00:00,4516.89990234375
2026-03-26 05:00:00+00:00,4435.0
2026-03-26 06:00:00+00:00,4452.89990234375
2026-03-26 07:00:00+00:00,4449.39990234375
2026-03-26 08:00:00+00:00,4424.7998046875
2026-03-26 09:00:00+00:00,4421.2998046875
2026-03-26 10:00:00+00:00,4440.2001953125
2026-03-26 11:00:00+00:00,4419.7001953125
2026-03-26 12:00:00+00:00,4426.7998046875
2026-03-26 13:00:00+00:00,4450.10009765625
2026-03-26 14:00:00+00:00,4461.89990234375
2026-03-26 15:00:00+00:00,4434.0
2026-03-26 16:00:00+00:00,4385.2998046875
2026-03-26 17:00:00+00:00,4377.60009765625
2026-03-26 18:00:00+00:00,4391.0
2026-03-26 19:00:00+00:00,4361.2998046875
2026-03-26 20:00:00+00:00,4376.89990234375
2026-03-26 22:00:00+00:00,4406.5
2026-03-26 23:00:00+00:00,4400.2998046875
2026-03-27 00:00:00+00:00,4374.0
2026-03-27 01:00:00+00:00,4411.39990234375
2026-03-27 02:00:00+00:00,4426.10009765625
2026-03-27 03:00:00+00:00,4432.0
2026-03-27 04:00:00+00:00,4440.89990234375
2026-03-27 05:00:00+00:00,4448.89990234375
2026-03-27 06:00:00+00:00,4453.60009765625
2026-03-27 07:00:00+00:00,4475.2001953125
2026-03-27 08:00:00+00:00,4452.10009765625
2026-03-27 09:00:00+00:00,4457.2001953125
2026-03-27 10:00:00+00:00,4442.7998046875
2026-03-27 11:00:00+00:00,4447.5
2026-03-27 12:00:00+00:00,4465.39990234375
2026-03-27 13:00:00+00:00,4458.60009765625
2026-03-27 14:00:00+00:00,4540.10009765625
2026-03-27 15:00:00+00:00,4554.39990234375
2026-03-27 16:00:00+00:00,4546.5
2026-03-27 17:00:00+00:00,4515.5
2026-03-27 18:00:00+00:00,4546.10009765625
2026-03-27 19:00:00+00:00,4543.10009765625
2026-03-27 20:00:00+00:00,4520.5
2026-03-29 22:00:00+00:00,4512.2998046875
2026-03-29 23:00:00+00:00,4476.89990234375
2026-03-30 00:00:00+00:00,4461.2001953125
2026-03-30 01:00:00+00:00,4498.5
2026-03-30 02:00:00+00:00,4510.89990234375
2026-03-30 03:00:00+00:00,4528.10009765625
2026-03-30 04:00:00+00:00,4526.7998046875
2026-03-30 05:00:00+00:00,4551.5
2026-03-30 06:00:00+00:00,4560.0
2026-03-30 07:00:00+00:00,4555.2001953125
2026-03-30 08:00:00+00:00,4566.89990234375
2026-03-30 09:00:00+00:00,4562.0
2026-03-30 10:00:00+00:00,4561.2001953125
2026-03-30 11:00:00+00:00,4589.0
2026-03-30 12:00:00+00:00,4599.60009765625
2026-03-30 13:00:00+00:00,4553.7001953125
2026-03-30 14:00:00+00:00,4569.2001953125
2026-03-30 15:00:00+00:00,4578.10009765625
2026-03-30 16:00:00+00:00,4569.5
2026-03-30 17:00:00+00:00,4544.7998046875
2026-03-30 18:00:00+00:00,4528.7998046875
2026-03-30 19:00:00+00:00,4543.2001953125
2026-03-30 20:00:00+00:00,4540.39990234375
2026-03-30 22:00:00+00:00,4539.39990234375
2026-03-30 23:00:00+00:00,4542.10009765625
2026-03-31 00:00:00+00:00,4576.60009765625
2026-03-31 01:00:00+00:00,4635.5
2026-03-31 02:00:00+00:00,4597.7998046875
2026-03-31 03:00:00+00:00,4584.89990234375
2026-03-31 04:00:00+00:00,4592.89990234375
2026-03-31 05:00:00+00:00,4597.0
2026-03-31 06:00:00+00:00,4586.39990234375
2026-03-31 07:00:00+00:00,4594.7001953125
2026-03-31 08:00:00+00:00,4599.0
2026-03-31 09:00:00+00:00,4585.2998046875
2026-03-31 10:00:00+00:00,4576.60009765625
2026-03-31 11:00:00+00:00,4612.7998046875
2026-03-31 12:00:00+00:00,4604.5
2026-03-31 13:00:00+00:00,4637.2998046875
2026-03-31 14:00:00+00:00,4628.7001953125
2026-03-31 15:00:00+00:00,4640.0
2026-03-31 16:00:00+00:00,4669.10009765625
2026-03-31 17:00:00+00:00,4685.5
2026-03-31 18:00:00+00:00,4698.2001953125
2026-03-31 19:00:00+00:00,4713.2998046875
2026-03-31 20:00:00+00:00,4699.60009765625
2026-03-31 22:00:00+00:00,4709.7001953125
2026-03-31 23:00:00+00:00,4723.60009765625
2026-04-01 00:00:00+00:00,4738.7998046875
2026-04-01 01:00:00+00:00,4718.7998046875
2026-04-01 02:00:00+00:00,4711.10009765625
2026-04-01 03:00:00+00:00,4707.0
2026-04-01 04:00:00+00:00,4702.7001953125
2026-04-01 05:00:00+00:00,4710.2998046875
2026-04-01 06:00:00+00:00,4757.39990234375
2026-04-01 07:00:00+00:00,4739.39990234375
2026-04-01 08:00:00+00:00,4755.7998046875
2026-04-01 09:00:00+00:00,4750.5
2026-04-01 10:00:00+00:00,4758.7001953125
2026-04-01 11:00:00+00:00,4780.2001953125
2026-04-01 12:00:00+00:00,4752.10009765625
2026-04-01 13:00:00+00:00,4765.39990234375
2026-04-01 14:00:00+00:00,4788.39990234375
2026-04-01 15:00:00+00:00,4814.39990234375
2026-04-01 16:00:00+00:00,4815.0
2026-04-01 17:00:00+00:00,4801.39990234375
2026-04-01 18:00:00+00:00,4779.5
2026-04-01 19:00:00+00:00,4791.7001953125
2026-04-01 20:00:00+00:00,4784.60009765625
2026-04-01 22:00:00+00:00,4801.10009765625
2026-04-01 23:00:00+00:00,4808.89990234375
2026-04-02 00:00:00+00:00,4810.39990234375
2026-04-02 01:00:00+00:00,4723.7998046875
2026-04-02 02:00:00+00:00,4715.10009765625
2026-04-02 03:00:00+00:00,4707.10009765625
2026-04-02 04:00:00+00:00,4698.89990234375
2026-04-02 05:00:00+00:00,4622.10009765625
2026-04-02 06:00:00+00:00,4625.0
2026-04-02 07:00:00+00:00,4668.2001953125
2026-04-02 08:00:00+00:00,4646.10009765625
2026-04-02 09:00:00+00:00,4647.2998046875
2026-04-02 10:00:00+00:00,4646.7001953125
2026-04-02 11:00:00+00:00,4626.2001953125
2026-04-02 12:00:00+00:00,4628.10009765625
2026-04-02 13:00:00+00:00,4672.89990234375
2026-04-02 14:00:00+00:00,4707.89990234375
2026-04-02 15:00:00+00:00,4687.5
2026-04-02 16:00:00+00:00,4686.5
2026-04-02 17:00:00+00:00,4675.7001953125
2026-04-02 18:00:00+00:00,4695.2001953125
2026-04-02 19:00:00+00:00,4697.89990234375
2026-04-02 20:00:00+00:00,4702.7001953125
2026-04-05 22:00:00+00:00,4673.60009765625
2026-04-05 23:00:00+00:00,4636.7998046875
2026-04-06 00:00:00+00:00,4647.89990234375
2026-04-06 01:00:00+00:00,4651.7998046875
2026-04-06 02:00:00+00:00,4673.60009765625
2026-04-06 03:00:00+00:00,4666.2998046875
2026-04-06 04:00:00+00:00,4685.10009765625
2026-04-06 05:00:00+00:00,4678.5
2026-04-06 06:00:00+00:00,4691.7001953125
2026-04-06 07:00:00+00:00,4710.5
2026-04-06 08:00:00+00:00,4722.7998046875
2026-04-06 09:00:00+00:00,4719.89990234375
2026-04-06 10:00:00+00:00,4715.2998046875
2026-04-06 11:00:00+00:00,4704.60009765625
2026-04-06 12:00:00+00:00,4701.5
2026-04-06 13:00:00+00:00,4705.60009765625
2026-04-06 14:00:00+00:00,4708.60009765625
2026-04-06 15:00:00+00:00,4693.39990234375
2026-04-06 16:00:00+00:00,4685.60009765625
2026-04-06 17:00:00+00:00,4680.60009765625
2026-04-06 18:00:00+00:00,4685.2001953125
2026-04-06 19:00:00+00:00,4682.2001953125
2026-04-06 20:00:00+00:00,4676.10009765625
2026-04-06 22:00:00+00:00,4685.10009765625
2026-04-06 23:00:00+00:00,4685.89990234375
2026-04-07 00:00:00+00:00,4681.89990234375
2026-04-07 01:00:00+00:00,4651.89990234375
2026-04-07 02:00:00+00:00,4675.89990234375
2026-04-07 03:00:00+00:00,4674.89990234375
2026-04-07 04:00:00+00:00,4686.39990234375
2026-04-07 05:00:00+00:00,4668.0
2026-04-07 06:00:00+00:00,4680.5
2026-04-07 07:00:00+00:00,4671.10009765625
2026-04-07 08:00:00+00:00,4709.60009765625
2026-04-07 09:00:00+00:00,4696.60009765625
2026-04-07 10:00:00+00:00,4677.5
2026-04-07 11:00:00+00:00,4684.60009765625
2026-04-07 12:00:00+00:00,4676.10009765625
2026-04-07 13:00:00+00:00,4668.60009765625
2026-04-07 14:00:00+00:00,4658.2998046875
2026-04-07 15:00:00+00:00,4681.2998046875
2026-04-07 16:00:00+00:00,4682.39990234375
2026-04-07 17:00:00+00:00,4701.7001953125
2026-04-07 18:00:00+00:00,4688.5
2026-04-07 19:00:00+00:00,4727.2998046875
2026-04-07 20:00:00+00:00,4733.2998046875
2026-04-07 22:00:00+00:00,4845.10009765625
2026-04-07 23:00:00+00:00,4860.7001953125
2026-04-08 00:00:00+00:00,4845.60009765625
2026-04-08 01:00:00+00:00,4838.60009765625
2026-04-08 02:00:00+00:00,4833.39990234375
2026-04-08 03:00:00+00:00,4828.2001953125
2026-04-08 04:00:00+00:00,4832.7001953125
2026-04-08 05:00:00+00:00,4855.5
2026-04-08 06:00:00+00:00,4846.60009765625
2026-04-08 07:00:00+00:00,4839.7001953125
2026-04-08 08:00:00+00:00,4821.7998046875
2026-04-08 09:00:00+00:00,4810.2001953125
2026-04-08 10:00:00+00:00,4809.7001953125
2026-04-08 11:00:00+00:00,4826.39990234375
2026-04-08 12:00:00+00:00,4827.10009765625
2026-04-08 13:00:00+00:00,4804.10009765625
2026-04-08 14:00:00+00:00,4762.2001953125
2026-04-08 15:00:00+00:00,4782.0
2026-04-08 16:00:00+00:00,4785.89990234375
2026-04-08 17:00:00+00:00,4759.5
2026-04-08 18:00:00+00:00,4730.10009765625
2026-04-08 19:00:00+00:00,4755.2998046875
2026-04-08 20:00:00+00:00,4745.0
2026-04-08 22:00:00+00:00,4741.5
2026-04-08 23:00:00+00:00,4738.7998046875
2026-04-09 00:00:00+00:00,4730.39990234375
2026-04-09 01:00:00+00:00,4751.2001953125
2026-04-09 02:00:00+00:00,4742.10009765625
2026-04-09 03:00:00+00:00,4735.0
2026-04-09 04:00:00+00:00,4744.2001953125
2026-04-09 05:00:00+00:00,4736.39990234375
2026-04-09 06:00:00+00:00,4736.2998046875
2026-04-09 07:00:00+00:00,4748.39990234375
2026-04-09 08:00:00+00:00,4750.5
2026-04-09 09:00:00+00:00,4753.89990234375
2026-04-09 10:00:00+00:00,4765.7001953125
2026-04-09 11:00:00+00:00,4781.2998046875
2026-04-09 12:00:00+00:00,4770.89990234375
2026-04-09 13:00:00+00:00,4789.60009765625
2026-04-09 14:00:00+00:00,4794.0
2026-04-09 15:00:00+00:00,4817.39990234375
2026-04-09 16:00:00+00:00,4813.0
2026-04-09 17:00:00+00:00,4822.2998046875
2026-04-09 18:00:00+00:00,4796.60009765625
2026-04-09 19:00:00+00:00,4793.0
2026-04-09 20:00:00+00:00,4790.5
2026-04-09 22:00:00+00:00,4787.60009765625
2026-04-09 23:00:00+00:00,4787.0
2026-04-10 00:00:00+00:00,4786.39990234375
2026-04-10 01:00:00+00:00,4787.2998046875
2026-04-10 02:00:00+00:00,4775.5
2026-04-10 03:00:00+00:00,4789.10009765625
2026-04-10 04:00:00+00:00,4781.7998046875
2026-04-10 05:00:00+00:00,4789.89990234375
2026-04-10 06:00:00+00:00,4769.7001953125
2026-04-10 07:00:00+00:00,4773.0
2026-04-10 08:00:00+00:00,4763.10009765625
2026-04-10 09:00:00+00:00,4774.60009765625
2026-04-10 10:00:00+00:00,4780.7001953125
2026-04-10 11:00:00+00:00,4792.0
2026-04-10 12:00:00+00:00,4795.5
2026-04-10 13:00:00+00:00,4799.2998046875
2026-04-10 14:00:00+00:00,4799.2998046875
2026-04-10 15:00:00+00:00,4785.7998046875
2026-04-10 16:00:00+00:00,4788.10009765625
2026-04-10 17:00:00+00:00,4784.5
2026-04-10 18:00:00+00:00,4789.5
2026-04-10 19:00:00+00:00,4783.60009765625
2026-04-10 20:00:00+00:00,4771.0
2026-04-12 22:00:00+00:00,4680.60009765625
2026-04-12 23:00:00+00:00,4693.60009765625
2026-04-13 00:00:00+00:00,4718.0
2026-04-13 01:00:00+00:00,4743.10009765625
2026-04-13 02:00:00+00:00,4742.0
2026-04-13 03:00:00+00:00,4741.60009765625
2026-04-13 04:00:00+00:00,4744.7001953125
2026-04-13 05:00:00+00:00,4751.10009765625
2026-04-13 06:00:00+00:00,4747.89990234375
2026-04-13 07:00:00+00:00,4756.39990234375
2026-04-13 08:00:00+00:00,4746.2998046875
2026-04-13 09:00:00+00:00,4737.39990234375
2026-04-13 10:00:00+00:00,4744.2001953125
2026-04-13 11:00:00+00:00,4729.10009765625
2026-04-13 12:00:00+00:00,4745.89990234375
2026-04-13 13:00:00+00:00,4753.2998046875
2026-04-13 14:00:00+00:00,4742.2001953125
2026-04-13 15:00:00+00:00,4736.89990234375
2026-04-13 16:00:00+00:00,4756.39990234375
2026-04-13 17:00:00+00:00,4753.2998046875
2026-04-13 18:00:00+00:00,4762.0
2026-04-13 19:00:00+00:00,4765.5
2026-04-13 20:00:00+00:00,4766.60009765625
2026-04-13 22:00:00+00:00,4782.0
2026-04-13 23:00:00+00:00,4781.2998046875
2026-04-14 00:00:00+00:00,4792.7001953125
2026-04-14 01:00:00+00:00,4787.2001953125
2026-04-14 02:00:00+00:00,4797.60009765625
2026-04-14 03:00:00+00:00,4792.2998046875
2026-04-14 04:00:00+00:00,4796.2998046875
2026-04-14 05:00:00+00:00,4782.2998046875
2026-04-14 06:00:00+00:00,4805.39990234375
2026-04-14 07:00:00+00:00,4800.2001953125
2026-04-14 08:00:00+00:00,4810.0
2026-04-14 09:00:00+00:00,4801.60009765625
2026-04-14 10:00:00+00:00,4791.10009765625
2026-04-14 11:00:00+00:00,4797.10009765625
2026-04-14 12:00:00+00:00,4793.2998046875
2026-04-14 13:00:00+00:00,4818.7998046875
2026-04-14 14:00:00+00:00,4827.2998046875
2026-04-14 15:00:00+00:00,4831.89990234375
2026-04-14 16:00:00+00:00,4833.5
2026-04-14 17:00:00+00:00,4859.5
2026-04-14 18:00:00+00:00,4860.10009765625
2026-04-14 19:00:00+00:00,4868.7001953125
2026-04-14 20:00:00+00:00,4864.5
2026-04-14 22:00:00+00:00,4859.5
2026-04-14 23:00:00+00:00,4861.7001953125
2026-04-15 00:00:00+00:00,4859.7001953125
2026-04-15 01:00:00+00:00,4871.0
2026-04-15 02:00:00+00:00,4847.7001953125
2026-04-15 03:00:00+00:00,4849.60009765625
2026-04-15 04:00:00+00:00,4848.89990234375
2026-04-15 05:00:00+00:00,4843.2998046875
2026-04-15 06:00:00+00:00,4834.89990234375
2026-04-15 07:00:00+00:00,4834.10009765625
2026-04-15 08:00:00+00:00,4841.60009765625
2026-04-15 09:00:00+00:00,4821.2001953125
2026-04-15 10:00:00+00:00,4822.7998046875
2026-04-15 11:00:00+00:00,4835.7001953125
2026-04-15 12:00:00+00:00,4833.89990234375
2026-04-15 13:00:00+00:00,4851.89990234375
2026-04-15 14:00:00+00:00,4838.39990234375
2026-04-15 15:00:00+00:00,4823.5
2026-04-15 16:00:00+00:00,4825.89990234375
2026-04-15 17:00:00+00:00,4814.7998046875
2026-04-15 18:00:00+00:00,4822.2001953125
2026-04-15 19:00:00+00:00,4818.2998046875
2026-04-15 20:00:00+00:00,4813.89990234375
2026-04-15 22:00:00+00:00,4829.2001953125
2026-04-15 23:00:00+00:00,4845.39990234375
2026-04-16 00:00:00+00:00,4854.7001953125
2026-04-16 01:00:00+00:00,4839.89990234375
2026-04-16 02:00:00+00:00,4842.10009765625
2026-04-16 03:00:00+00:00,4847.7001953125
2026-04-16 04:00:00+00:00,4855.7001953125
2026-04-16 05:00:00+00:00,4844.10009765625
2026-04-16 06:00:00+00:00,4848.2998046875
2026-04-16 07:00:00+00:00,4843.0
2026-04-16 08:00:00+00:00,4834.7001953125
2026-04-16 09:00:00+00:00,4834.2001953125
2026-04-16 10:00:00+00:00,4838.7001953125
2026-04-16 11:00:00+00:00,4843.89990234375
2026-04-16 12:00:00+00:00,4837.7998046875
2026-04-16 13:00:00+00:00,4815.89990234375
2026-04-16 14:00:00+00:00,4810.2998046875
2026-04-16 15:00:00+00:00,4828.2001953125
2026-04-16 16:00:00+00:00,4812.7001953125
2026-04-16 17:00:00+00:00,4810.10009765625
2026-04-16 18:00:00+00:00,4809.7001953125
2026-04-16 19:00:00+00:00,4814.5
2026-04-16 20:00:00+00:00,4810.89990234375
2026-04-16 22:00:00+00:00,4816.0
2026-04-16 23:00:00+00:00,4812.5
2026-04-17 00:00:00+00:00,4816.2998046875
2026-04-17 01:00:00+00:00,4810.2001953125
2026-04-17 02:00:00+00:00,4804.60009765625
2026-04-17 03:00:00+00:00,4814.10009765625
2026-04-17 04:00:00+00:00,4824.2001953125
2026-04-17 05:00:00+00:00,4815.89990234375
2026-04-17 06:00:00+00:00,4805.5
2026-04-17 07:00:00+00:00,4805.5
2026-04-17 08:00:00+00:00,4817.7998046875
2026-04-17 09:00:00+00:00,4812.2001953125
2026-04-17 10:00:00+00:00,4809.0
2026-04-17 11:00:00+00:00,4822.0
2026-04-17 12:00:00+00:00,4869.0
2026-04-17 13:00:00+00:00,4903.10009765625
2026-04-17 14:00:00+00:00,4895.7001953125
2026-04-17 15:00:00+00:00,4889.7001953125
2026-04-17 16:00:00+00:00,4889.0
2026-04-17 17:00:00+00:00,4884.60009765625
2026-04-17 18:00:00+00:00,4879.60009765625
2026-04-17 19:00:00+00:00,4875.5
2026-04-17 20:00:00+00:00,4879.60009765625
2026-04-19 22:00:00+00:00,4799.39990234375
2026-04-19 23:00:00+00:00,4775.0
2026-04-20 00:00:00+00:00,4792.0
2026-04-20 01:00:00+00:00,4827.7998046875
2026-04-20 02:00:00+00:00,4813.2998046875
2026-04-20 09:00:00+00:00,4811.39990234375
2026-04-20 10:00:00+00:00,4815.7001953125
2026-04-20 11:00:00+00:00,4830.89990234375
2026-04-20 12:00:00+00:00,4823.2998046875
2026-04-20 13:00:00+00:00,4838.7998046875
2026-04-20 14:00:00+00:00,4824.89990234375
2026-04-20 15:00:00+00:00,4819.89990234375
2026-04-20 16:00:00+00:00,4825.60009765625
2026-04-20 17:00:00+00:00,4827.10009765625
2026-04-20 18:00:00+00:00,4834.7998046875
2026-04-20 19:00:00+00:00,4834.7998046875
2026-04-20 20:00:00+00:00,4841.0
2026-04-20 22:00:00+00:00,4848.5
2026-04-20 23:00:00+00:00,4842.39990234375
2026-04-21 00:00:00+00:00,4843.60009765625
2026-04-21 01:00:00+00:00,4829.7998046875
2026-04-21 02:00:00+00:00,4826.0
2026-04-21 03:00:00+00:00,4816.2998046875
2026-04-21 04:00:00+00:00,4807.7001953125
2026-04-21 05:00:00+00:00,4802.89990234375
2026-04-21 06:00:00+00:00,4796.7998046875
2026-04-21 07:00:00+00:00,4804.89990234375
2026-04-21 08:00:00+00:00,4805.0
2026-04-21 09:00:00+00:00,4802.39990234375
2026-04-21 10:00:00+00:00,4809.0
2026-04-21 11:00:00+00:00,4814.2001953125
2026-04-21 12:00:00+00:00,4797.60009765625
2026-04-21 13:00:00+00:00,4798.2001953125
2026-04-21 14:00:00+00:00,4757.39990234375
2026-04-21 15:00:00+00:00,4759.7998046875
2026-04-21 16:00:00+00:00,4729.5
2026-04-21 17:00:00+00:00,4731.0
2026-04-21 18:00:00+00:00,4728.10009765625
2026-04-21 19:00:00+00:00,4698.2998046875
2026-04-21 20:00:00+00:00,4738.5
2026-04-21 22:00:00+00:00,4737.60009765625
2026-04-21 23:00:00+00:00,4755.7998046875
2026-04-22 00:00:00+00:00,4757.7001953125
2026-04-22 01:00:00+00:00,4769.7998046875
2026-04-22 02:00:00+00:00,4773.5
2026-04-22 03:00:00+00:00,4777.0
2026-04-22 04:00:00+00:00,4772.39990234375
2026-04-22 05:00:00+00:00,4786.39990234375
2026-04-22 06:00:00+00:00,4786.0
2026-04-22 07:00:00+00:00,4779.5
2026-04-22 08:00:00+00:00,4775.7001953125
2026-04-22 09:00:00+00:00,4773.39990234375
2026-04-22 10:00:00+00:00,4778.10009765625
2026-04-22 11:00:00+00:00,4768.89990234375
2026-04-22 12:00:00+00:00,4762.60009765625
2026-04-22 13:00:00+00:00,4771.7001953125
2026-04-22 14:00:00+00:00,4754.2998046875
2026-04-22 15:00:00+00:00,4746.2001953125
2026-04-22 16:00:00+00:00,4747.5
2026-04-22 17:00:00+00:00,4756.39990234375
2026-04-22 18:00:00+00:00,4760.7001953125
2026-04-22 19:00:00+00:00,4759.0
2026-04-22 20:00:00+00:00,4758.2998046875
2026-04-22 22:00:00+00:00,4743.2001953125
2026-04-22 23:00:00+00:00,4745.0
2026-04-23 00:00:00+00:00,4765.5
2026-04-23 01:00:00+00:00,4739.39990234375
2026-04-23 02:00:00+00:00,4714.39990234375
2026-04-23 03:00:00+00:00,4720.0
2026-04-23 04:00:00+00:00,4720.10009765625
2026-04-23 05:00:00+00:00,4729.0
2026-04-23 06:00:00+00:00,4730.10009765625
2026-04-23 07:00:00+00:00,4736.10009765625
2026-04-23 08:00:00+00:00,4719.60009765625
2026-04-23 09:00:00+00:00,4713.5
2026-04-23 10:00:00+00:00,4712.60009765625
2026-04-23 11:00:00+00:00,4737.39990234375
2026-04-23 12:00:00+00:00,4757.7001953125
2026-04-23 13:00:00+00:00,4742.0
2026-04-23 14:00:00+00:00,4750.60009765625
2026-04-23 15:00:00+00:00,4737.2998046875
2026-04-23 16:00:00+00:00,4749.7998046875
2026-04-23 17:00:00+00:00,4725.60009765625
2026-04-23 18:00:00+00:00,4717.2001953125
2026-04-23 19:00:00+00:00,4712.7998046875
2026-04-23 20:00:00+00:00,4708.60009765625
2026-04-23 22:00:00+00:00,4708.5
2026-04-23 23:00:00+00:00,4710.7998046875
2026-04-24 00:00:00+00:00,4719.7998046875
2026-04-24 01:00:00+00:00,4715.10009765625
2026-04-24 02:00:00+00:00,4692.39990234375
2026-04-24 03:00:00+00:00,4687.5
2026-04-24 04:00:00+00:00,4689.2998046875
2026-04-24 05:00:00+00:00,4701.5
2026-04-24 06:00:00+00:00,4687.10009765625
2026-04-24 07:00:00+00:00,4709.39990234375
2026-04-24 08:00:00+00:00,4705.5
2026-04-24 09:00:00+00:00,4697.7001953125
2026-04-24 10:00:00+00:00,4693.0
2026-04-24 11:00:00+00:00,4723.2001953125
2026-04-24 12:00:00+00:00,4716.89990234375
2026-04-24 13:00:00+00:00,4727.89990234375
2026-04-24 14:00:00+00:00,4743.2001953125
2026-04-24 15:00:00+00:00,4743.89990234375
2026-04-24 16:00:00+00:00,4743.7001953125
2026-04-24 17:00:00+00:00,4740.10009765625
2026-04-24 18:00:00+00:00,4738.7001953125
2026-04-24 19:00:00+00:00,4732.10009765625
2026-04-24 20:00:00+00:00,4740.89990234375
2026-04-26 22:00:00+00:00,4699.60009765625
2026-04-26 23:00:00+00:00,4694.7998046875
2026-04-27 00:00:00+00:00,4712.60009765625
2026-04-27 01:00:00+00:00,4717.10009765625
2026-04-27 02:00:00+00:00,4732.89990234375
2026-04-27 03:00:00+00:00,4739.7998046875
2026-04-27 04:00:00+00:00,4740.5
2026-04-27 05:00:00+00:00,4725.7001953125
2026-04-27 06:00:00+00:00,4727.60009765625
2026-04-27 07:00:00+00:00,4727.89990234375
2026-04-27 08:00:00+00:00,4722.0
2026-04-27 09:00:00+00:00,4719.10009765625
2026-04-27 10:00:00+00:00,4724.2998046875
2026-04-27 11:00:00+00:00,4719.7001953125
2026-04-27 12:00:00+00:00,4714.10009765625
2026-04-27 13:00:00+00:00,4711.60009765625
2026-04-27 14:00:00+00:00,4693.2001953125
2026-04-27 15:00:00+00:00,4684.7998046875
2026-04-27 16:00:00+00:00,4691.10009765625
2026-04-27 17:00:00+00:00,4697.2001953125
2026-04-27 18:00:00+00:00,4695.7001953125
2026-04-27 19:00:00+00:00,4696.2001953125
2026-04-27 20:00:00+00:00,4697.7001953125
2026-04-27 22:00:00+00:00,4702.7001953125
2026-04-27 23:00:00+00:00,4707.10009765625
2026-04-28 00:00:00+00:00,4705.60009765625
2026-04-28 01:00:00+00:00,4684.7001953125
2026-04-28 02:00:00+00:00,4683.0
2026-04-28 03:00:00+00:00,4685.60009765625
2026-04-28 04:00:00+00:00,4681.2998046875
2026-04-28 05:00:00+00:00,4646.60009765625
2026-04-28 06:00:00+00:00,4642.7001953125
2026-04-28 07:00:00+00:00,4646.60009765625
2026-04-28 08:00:00+00:00,4643.60009765625
2026-04-28 09:00:00+00:00,4618.60009765625
2026-04-28 10:00:00+00:00,4616.7001953125
2026-04-28 11:00:00+00:00,4575.2001953125
2026-04-28 12:00:00+00:00,4607.39990234375
2026-04-28 13:00:00+00:00,4593.39990234375
2026-04-28 14:00:00+00:00,4588.2998046875
2026-04-28 15:00:00+00:00,4600.10009765625
2026-04-28 16:00:00+00:00,4606.2001953125
2026-04-28 17:00:00+00:00,4609.0
2026-04-28 18:00:00+00:00,4608.39990234375
2026-04-28 19:00:00+00:00,4609.60009765625
2026-04-28 20:00:00+00:00,4609.60009765625
2026-04-28 22:00:00+00:00,4607.7998046875
2026-04-28 23:00:00+00:00,4609.7001953125
2026-04-29 00:00:00+00:00,4613.7001953125
2026-04-29 01:00:00+00:00,4598.10009765625
2026-04-29 02:00:00+00:00,4606.89990234375
2026-04-29 03:00:00+00:00,4609.60009765625
2026-04-29 04:00:00+00:00,4618.10009765625
2026-04-29 05:00:00+00:00,4604.7001953125
2026-04-29 06:00:00+00:00,4598.10009765625
2026-04-29 07:00:00+00:00,4581.39990234375
2026-04-29 08:00:00+00:00,4586.10009765625
2026-04-29 09:00:00+00:00,4568.2998046875
2026-04-29 10:00:00+00:00,4582.7001953125
2026-04-29 11:00:00+00:00,4574.7001953125
2026-04-29 12:00:00+00:00,4557.39990234375
2026-04-29 13:00:00+00:00,4534.7001953125
2026-04-29 14:00:00+00:00,4551.89990234375
2026-04-29 15:00:00+00:00,4560.2001953125
2026-04-29 16:00:00+00:00,4559.0
2026-04-29 17:00:00+00:00,4561.7998046875
2026-04-29 18:00:00+00:00,4552.7001953125
2026-04-29 19:00:00+00:00,4560.7998046875
2026-04-29 20:00:00+00:00,4557.2998046875
2026-04-29 22:00:00+00:00,4563.60009765625
2026-04-29 23:00:00+00:00,4573.7998046875
2026-04-30 00:00:00+00:00,4582.0
2026-04-30 01:00:00+00:00,4590.7998046875
2026-04-30 02:00:00+00:00,4576.39990234375
2026-04-30 03:00:00+00:00,4567.89990234375
2026-04-30 04:00:00+00:00,4553.2001953125
2026-04-30 05:00:00+00:00,4573.7001953125
2026-04-30 06:00:00+00:00,4601.60009765625
2026-04-30 07:00:00+00:00,4610.60009765625
2026-04-30 08:00:00+00:00,4628.39990234375
2026-04-30 09:00:00+00:00,4637.2001953125
2026-04-30 10:00:00+00:00,4651.7001953125
2026-04-30 11:00:00+00:00,4643.0
2026-04-30 12:00:00+00:00,4652.39990234375
2026-04-30 13:00:00+00:00,4623.10009765625
2026-04-30 14:00:00+00:00,4632.5
2026-04-30 15:00:00+00:00,4628.10009765625
2026-04-30 16:00:00+00:00,4620.39990234375
2026-04-30 17:00:00+00:00,4629.7998046875
2026-04-30 18:00:00+00:00,4635.39990234375
2026-04-30 19:00:00+00:00,4630.0
2026-04-30 20:00:00+00:00,4636.0
2026-04-30 22:00:00+00:00,4642.7001953125
2026-04-30 23:00:00+00:00,4638.89990234375
2026-05-01 00:00:00+00:00,4631.7998046875
2026-05-01 01:00:00+00:00,4632.60009765625
2026-05-01 02:00:00+00:00,4630.5
2026-05-01 03:00:00+00:00,4638.60009765625
2026-05-01 04:00:00+00:00,4620.39990234375
2026-05-01 05:00:00+00:00,4616.2001953125
2026-05-01 06:00:00+00:00,4606.7998046875
2026-05-01 07:00:00+00:00,4589.5
2026-05-01 08:00:00+00:00,4580.2998046875
2026-05-01 09:00:00+00:00,4573.60009765625
2026-05-01 10:00:00+00:00,4577.89990234375
2026-05-01 11:00:00+00:00,4590.0
2026-05-01 12:00:00+00:00,4602.10009765625
2026-05-01 13:00:00+00:00,4637.5
2026-05-01 14:00:00+00:00,4643.60009765625
2026-05-01 15:00:00+00:00,4654.39990234375
2026-05-01 16:00:00+00:00,4650.60009765625
2026-05-01 17:00:00+00:00,4641.2998046875
2026-05-01 18:00:00+00:00,4636.10009765625
2026-05-01 19:00:00+00:00,4623.0
2026-05-01 20:00:00+00:00,4644.5
2026-05-03 22:00:00+00:00,4630.7001953125
2026-05-03 23:00:00+00:00,4625.0
2026-05-04 00:00:00+00:00,4623.60009765625
2026-05-04 01:00:00+00:00,4624.2001953125
2026-05-04 02:00:00+00:00,4616.89990234375
2026-05-04 03:00:00+00:00,4627.7998046875
2026-05-04 04:00:00+00:00,4616.60009765625
2026-05-04 05:00:00+00:00,4610.2001953125
2026-05-04 06:00:00+00:00,4599.7001953125
2026-05-04 07:00:00+00:00,4589.7001953125
2026-05-04 08:00:00+00:00,4587.5
2026-05-04 09:00:00+00:00,4586.0
2026-05-04 10:00:00+00:00,4573.2001953125
2026-05-04 11:00:00+00:00,4571.10009765625
2026-05-04 12:00:00+00:00,4579.2998046875
2026-05-04 13:00:00+00:00,4575.0
2026-05-04 14:00:00+00:00,4572.7001953125
2026-05-04 15:00:00+00:00,4531.60009765625
2026-05-04 16:00:00+00:00,4520.39990234375
2026-05-04 17:00:00+00:00,4532.5
2026-05-04 18:00:00+00:00,4526.2998046875
2026-05-04 19:00:00+00:00,4527.60009765625
2026-05-04 20:00:00+00:00,4532.39990234375
2026-05-04 22:00:00+00:00,4527.0
2026-05-04 23:00:00+00:00,4528.10009765625
2026-05-05 00:00:00+00:00,4538.89990234375
2026-05-05 01:00:00+00:00,4550.39990234375
2026-05-05 02:00:00+00:00,4548.2001953125
2026-05-05 03:00:00+00:00,4544.7001953125
2026-05-05 04:00:00+00:00,4543.0
2026-05-05 05:00:00+00:00,4555.2998046875
2026-05-05 06:00:00+00:00,4557.5
2026-05-05 07:00:00+00:00,4555.39990234375
2026-05-05 08:00:00+00:00,4568.2001953125
2026-05-05 09:00:00+00:00,4566.5
2026-05-05 10:00:00+00:00,4554.10009765625
2026-05-05 11:00:00+00:00,4572.89990234375
2026-05-05 12:00:00+00:00,4574.7001953125
2026-05-05 13:00:00+00:00,4589.7998046875
2026-05-05 14:00:00+00:00,4593.2998046875
2026-05-05 15:00:00+00:00,4579.39990234375
2026-05-05 16:00:00+00:00,4572.10009765625
2026-05-05 17:00:00+00:00,4570.2998046875
2026-05-05 18:00:00+00:00,4571.7001953125
2026-05-05 19:00:00+00:00,4566.0
2026-05-05 20:00:00+00:00,4567.7998046875
2026-05-05 22:00:00+00:00,4583.2001953125
2026-05-05 23:00:00+00:00,4604.5
2026-05-06 00:00:00+00:00,4629.7998046875
2026-05-06 01:00:00+00:00,4636.39990234375
2026-05-06 02:00:00+00:00,4650.60009765625
2026-05-06 03:00:00+00:00,4653.5
2026-05-06 04:00:00+00:00,4660.0
2026-05-06 05:00:00+00:00,4673.89990234375
2026-05-06 06:00:00+00:00,4679.5
2026-05-06 07:00:00+00:00,4692.39990234375
2026-05-06 08:00:00+00:00,4712.0
2026-05-06 09:00:00+00:00,4713.39990234375
2026-05-06 10:00:00+00:00,4729.60009765625
2026-05-06 11:00:00+00:00,4703.2998046875
2026-05-06 12:00:00+00:00,4694.39990234375
2026-05-06 13:00:00+00:00,4713.5
2026-05-06 14:00:00+00:00,4714.2001953125
2026-05-06 15:00:00+00:00,4699.2998046875
2026-05-06 16:00:00+00:00,4694.0
2026-05-06 17:00:00+00:00,4694.7998046875
2026-05-06 18:00:00+00:00,4696.7998046875
2026-05-06 19:00:00+00:00,4703.0
2026-05-06 20:00:00+00:00,4703.10009765625
2026-05-06 22:00:00+00:00,4704.10009765625
2026-05-06 23:00:00+00:00,4708.2001953125
2026-05-07 00:00:00+00:00,4697.60009765625
2026-05-07 01:00:00+00:00,4723.7001953125
2026-05-07 02:00:00+00:00,4716.0
2026-05-07 03:00:00+00:00,4709.0
2026-05-07 04:00:00+00:00,4705.10009765625
2026-05-07 05:00:00+00:00,4709.39990234375
2026-05-07 06:00:00+00:00,4748.60009765625
2026-05-07 07:00:00+00:00,4752.5
2026-05-07 08:00:00+00:00,4741.10009765625
2026-05-07 09:00:00+00:00,4738.39990234375
2026-05-07 10:00:00+00:00,4745.0
2026-05-07 11:00:00+00:00,4752.0
2026-05-07 12:00:00+00:00,4760.10009765625
2026-05-07 13:00:00+00:00,4756.5
2026-05-07 14:00:00+00:00,4773.2998046875
2026-05-07 15:00:00+00:00,4739.10009765625
2026-05-07 16:00:00+00:00,4724.7998046875
2026-05-07 17:00:00+00:00,4721.10009765625
2026-05-07 18:00:00+00:00,4719.10009765625
2026-05-07 19:00:00+00:00,4712.89990234375
2026-05-07 20:00:00+00:00,4696.0
2026-05-07 22:00:00+00:00,4694.89990234375
2026-05-07 23:00:00+00:00,4713.2001953125
2026-05-08 00:00:00+00:00,4710.0
2026-05-08 01:00:00+00:00,4731.2001953125
2026-05-08 02:00:00+00:00,4721.7001953125
2026-05-08 03:00:00+00:00,4729.0
2026-05-08 04:00:00+00:00,4719.39990234375
2026-05-08 05:00:00+00:00,4736.0
2026-05-08 06:00:00+00:00,4734.2998046875
2026-05-08 07:00:00+00:00,4717.39990234375
2026-05-08 08:00:00+00:00,4724.7998046875
2026-05-08 09:00:00+00:00,4721.60009765625
2026-05-08 10:00:00+00:00,4729.39990234375
2026-05-08 11:00:00+00:00,4727.5
2026-05-08 12:00:00+00:00,4734.10009765625
2026-05-08 13:00:00+00:00,4757.7998046875
2026-05-08 14:00:00+00:00,4725.7001953125
2026-05-08 15:00:00+00:00,4716.60009765625
2026-05-08 16:00:00+00:00,4721.89990234375
2026-05-08 17:00:00+00:00,4730.39990234375
2026-05-08 18:00:00+00:00,4731.89990234375
2026-05-08 19:00:00+00:00,4733.39990234375
2026-05-08 20:00:00+00:00,4730.7001953125
2026-05-10 22:00:00+00:00,4700.10009765625
2026-05-10 23:00:00+00:00,4700.2998046875
2026-05-11 00:00:00+00:00,4692.5
2026-05-11 01:00:00+00:00,4694.2001953125
2026-05-11 02:00:00+00:00,4690.0
2026-05-11 03:00:00+00:00,4687.0
2026-05-11 04:00:00+00:00,4679.7998046875
2026-05-11 05:00:00+00:00,4659.60009765625
2026-05-11 06:00:00+00:00,4686.7001953125
2026-05-11 07:00:00+00:00,4676.39990234375
2026-05-11 08:00:00+00:00,4675.89990234375
2026-05-11 09:00:00+00:00,4665.2998046875
2026-05-11 10:00:00+00:00,4672.2001953125
2026-05-11 11:00:00+00:00,4683.2998046875
2026-05-11 12:00:00+00:00,4708.7001953125
2026-05-11 13:00:00+00:00,4745.7001953125
2026-05-11 14:00:00+00:00,4735.39990234375
2026-05-11 15:00:00+00:00,4741.7998046875
2026-05-11 16:00:00+00:00,4726.10009765625
2026-05-11 17:00:00+00:00,4733.0
2026-05-11 18:00:00+00:00,4733.7998046875
2026-05-11 19:00:00+00:00,4743.5
2026-05-11 20:00:00+00:00,4745.60009765625
2026-05-11 22:00:00+00:00,4760.7001953125
2026-05-11 23:00:00+00:00,4777.2001953125
2026-05-12 00:00:00+00:00,4759.2998046875
2026-05-12 01:00:00+00:00,4736.60009765625
2026-05-12 02:00:00+00:00,4739.7998046875
2026-05-12 03:00:00+00:00,4729.0
2026-05-12 04:00:00+00:00,4723.10009765625
2026-05-12 05:00:00+00:00,4723.2001953125
2026-05-12 06:00:00+00:00,4705.39990234375
2026-05-12 07:00:00+00:00,4707.7998046875
2026-05-12 08:00:00+00:00,4710.89990234375
2026-05-12 09:00:00+00:00,4707.60009765625
2026-05-12 10:00:00+00:00,4701.89990234375
2026-05-12 11:00:00+00:00,4714.60009765625
2026-05-12 12:00:00+00:00,4713.7998046875
2026-05-12 13:00:00+00:00,4687.0
2026-05-12 14:00:00+00:00,4680.0
2026-05-12 15:00:00+00:00,4673.10009765625
2026-05-12 16:00:00+00:00,4678.10009765625
2026-05-12 17:00:00+00:00,4685.7001953125
2026-05-12 18:00:00+00:00,4703.0
2026-05-12 19:00:00+00:00,4723.2001953125
2026-05-12 20:00:00+00:00,4722.60009765625
2026-05-12 22:00:00+00:00,4724.60009765625
2026-05-12 23:00:00+00:00,4724.7001953125
2026-05-13 00:00:00+00:00,4723.0
2026-05-13 01:00:00+00:00,4710.89990234375
2026-05-13 02:00:00+00:00,4700.60009765625
2026-05-13 03:00:00+00:00,4703.0
2026-05-13 04:00:00+00:00,4707.89990234375
2026-05-13 05:00:00+00:00,4711.39990234375
2026-05-13 06:00:00+00:00,4709.7998046875
2026-05-13 07:00:00+00:00,4710.39990234375
2026-05-13 08:00:00+00:00,4707.7001953125
2026-05-13 09:00:00+00:00,4709.0
2026-05-13 10:00:00+00:00,4701.60009765625
2026-05-13 11:00:00+00:00,4705.2001953125
2026-05-13 12:00:00+00:00,4690.7001953125
2026-05-13 13:00:00+00:00,4686.2001953125
2026-05-13 14:00:00+00:00,4686.7998046875
2026-05-13 15:00:00+00:00,4703.2998046875
2026-05-13 16:00:00+00:00,4703.5
2026-05-13 17:00:00+00:00,4693.39990234375
2026-05-13 18:00:00+00:00,4692.89990234375
2026-05-13 19:00:00+00:00,4696.10009765625
2026-05-13 20:00:00+00:00,4697.10009765625
2026-05-13 22:00:00+00:00,4706.39990234375
2026-05-13 23:00:00+00:00,4703.5
2026-05-14 00:00:00+00:00,4712.0
2026-05-14 01:00:00+00:00,4695.0
2026-05-14 02:00:00+00:00,4692.7001953125
2026-05-14 03:00:00+00:00,4680.7998046875
2026-05-14 04:00:00+00:00,4709.2001953125
2026-05-14 05:00:00+00:00,4696.2998046875
2026-05-14 06:00:00+00:00,4707.2001953125
2026-05-14 07:00:00+00:00,4700.10009765625
2026-05-14 08:00:00+00:00,4700.2998046875
2026-05-14 09:00:00+00:00,4706.10009765625
2026-05-14 10:00:00+00:00,4704.10009765625
2026-05-14 11:00:00+00:00,4700.39990234375
2026-05-14 12:00:00+00:00,4711.7998046875
2026-05-14 13:00:00+00:00,4685.2001953125
2026-05-14 14:00:00+00:00,4685.7001953125
2026-05-14 15:00:00+00:00,4691.89990234375
2026-05-14 16:00:00+00:00,4684.7998046875
2026-05-14 17:00:00+00:00,4684.2001953125
2026-05-14 18:00:00+00:00,4677.2998046875
2026-05-14 19:00:00+00:00,4659.5
2026-05-14 20:00:00+00:00,4655.39990234375
2026-05-14 22:00:00+00:00,4666.7001953125
2026-05-14 23:00:00+00:00,4656.7001953125
2026-05-15 00:00:00+00:00,4635.10009765625
2026-05-15 01:00:00+00:00,4617.89990234375
2026-05-15 02:00:00+00:00,4621.89990234375
2026-05-15 03:00:00+00:00,4619.7998046875
2026-05-15 04:00:00+00:00,4610.0
2026-05-15 05:00:00+00:00,4562.89990234375
2026-05-15 06:00:00+00:00,4574.5
2026-05-15 07:00:00+00:00,4575.7001953125
2026-05-15 08:00:00+00:00,4558.89990234375
2026-05-15 09:00:00+00:00,4549.7998046875
2026-05-15 10:00:00+00:00,4570.2001953125
2026-05-15 11:00:00+00:00,4555.89990234375
2026-05-15 12:00:00+00:00,4550.2001953125
2026-05-15 13:00:00+00:00,4537.2998046875
2026-05-15 14:00:00+00:00,4566.7998046875
2026-05-15 15:00:00+00:00,4543.7998046875
2026-05-15 16:00:00+00:00,4548.7001953125
2026-05-15 17:00:00+00:00,4564.0
2026-05-15 18:00:00+00:00,4563.39990234375
2026-05-15 19:00:00+00:00,4549.7998046875
2026-05-15 20:00:00+00:00,4561.89990234375
2026-05-17 22:00:00+00:00,4549.7001953125
2026-05-17 23:00:00+00:00,4540.89990234375
2026-05-18 00:00:00+00:00,4518.5
2026-05-18 01:00:00+00:00,4527.89990234375
2026-05-18 02:00:00+00:00,4536.39990234375
2026-05-18 03:00:00+00:00,4546.7998046875
2026-05-18 04:00:00+00:00,4544.2001953125
2026-05-18 05:00:00+00:00,4534.60009765625
2026-05-18 06:00:00+00:00,4550.5
2026-05-18 07:00:00+00:00,4550.0
2026-05-18 08:00:00+00:00,4553.7998046875
2026-05-18 09:00:00+00:00,4547.0
2026-05-18 10:00:00+00:00,4543.39990234375
2026-05-18 11:00:00+00:00,4554.2001953125
2026-05-18 12:00:00+00:00,4575.2001953125
2026-05-18 13:00:00+00:00,4579.89990234375
2026-05-18 14:00:00+00:00,4550.7998046875
2026-05-18 15:00:00+00:00,4547.7001953125
2026-05-18 16:00:00+00:00,4554.39990234375
2026-05-18 17:00:00+00:00,4551.39990234375
2026-05-18 18:00:00+00:00,4539.7998046875
2026-05-18 19:00:00+00:00,4562.89990234375
2026-05-18 20:00:00+00:00,4570.7998046875
2026-05-18 22:00:00+00:00,4578.2001953125
2026-05-18 23:00:00+00:00,4585.5
2026-05-19 00:00:00+00:00,4566.2998046875
2026-05-19 01:00:00+00:00,4567.0
2026-05-19 02:00:00+00:00,4550.2998046875
2026-05-19 03:00:00+00:00,4548.89990234375
2026-05-19 04:00:00+00:00,4545.39990234375
2026-05-19 05:00:00+00:00,4543.7998046875
2026-05-19 06:00:00+00:00,4551.2998046875
2026-05-19 07:00:00+00:00,4560.7001953125
2026-05-19 08:00:00+00:00,4546.39990234375
2026-05-19 09:00:00+00:00,4545.0
2026-05-19 10:00:00+00:00,4547.89990234375
2026-05-19 11:00:00+00:00,4534.0
2026-05-19 12:00:00+00:00,4541.60009765625
2026-05-19 13:00:00+00:00,4506.7001953125
2026-05-19 14:00:00+00:00,4496.89990234375
2026-05-19 15:00:00+00:00,4511.7001953125
2026-05-19 16:00:00+00:00,4511.2001953125
2026-05-19 17:00:00+00:00,4504.60009765625
2026-05-19 18:00:00+00:00,4496.7998046875
2026-05-19 19:00:00+00:00,4487.0
2026-05-19 20:00:00+00:00,4485.39990234375
2026-05-19 22:00:00+00:00,4487.60009765625
2026-05-19 23:00:00+00:00,4491.7998046875
2026-05-20 00:00:00+00:00,4503.89990234375
2026-05-20 01:00:00+00:00,4484.2998046875
2026-05-20 02:00:00+00:00,4467.2001953125
2026-05-20 03:00:00+00:00,4467.10009765625
2026-05-20 04:00:00+00:00,4464.2001953125
2026-05-20 05:00:00+00:00,4475.2001953125
2026-05-20 06:00:00+00:00,4476.7001953125
2026-05-20 07:00:00+00:00,4480.89990234375
2026-05-20 08:00:00+00:00,4486.5
2026-05-20 09:00:00+00:00,4487.5
2026-05-20 10:00:00+00:00,4497.10009765625
2026-05-20 11:00:00+00:00,4501.2001953125
2026-05-20 12:00:00+00:00,4499.0
2026-05-20 13:00:00+00:00,4485.7001953125
2026-05-20 14:00:00+00:00,4534.39990234375
2026-05-20 15:00:00+00:00,4532.10009765625
2026-05-20 16:00:00+00:00,4537.5
2026-05-20 17:00:00+00:00,4535.10009765625
2026-05-20 18:00:00+00:00,4545.60009765625
2026-05-20 19:00:00+00:00,4548.10009765625
2026-05-20 20:00:00+00:00,4546.2001953125
2026-05-20 22:00:00+00:00,4541.2001953125
2026-05-20 23:00:00+00:00,4548.0
2026-05-21 00:00:00+00:00,4547.0
2026-05-21 01:00:00+00:00,4562.89990234375
2026-05-21 02:00:00+00:00,4535.2998046875
2026-05-21 03:00:00+00:00,4529.89990234375
2026-05-21 04:00:00+00:00,4540.0
2026-05-21 05:00:00+00:00,4528.89990234375
2026-05-21 06:00:00+00:00,4523.10009765625
2026-05-21 07:00:00+00:00,4520.7998046875
2026-05-21 08:00:00+00:00,4534.2998046875
2026-05-21 09:00:00+00:00,4531.7001953125
2026-05-21 10:00:00+00:00,4511.89990234375
2026-05-21 11:00:00+00:00,4515.0
2026-05-21 12:00:00+00:00,4505.0
2026-05-21 13:00:00+00:00,4513.7001953125
2026-05-21 14:00:00+00:00,4510.0
2026-05-21 15:00:00+00:00,4513.0
2026-05-21 16:00:00+00:00,4520.7001953125
2026-05-21 17:00:00+00:00,4553.10009765625
2026-05-21 18:00:00+00:00,4533.7001953125
2026-05-21 19:00:00+00:00,4544.10009765625
2026-05-21 20:00:00+00:00,4544.2001953125
2026-05-21 22:00:00+00:00,4544.10009765625
2026-05-21 23:00:00+00:00,4536.0
2026-05-22 00:00:00+00:00,4528.39990234375
2026-05-22 01:00:00+00:00,4526.7001953125
2026-05-22 02:00:00+00:00,4523.7998046875
2026-05-22 03:00:00+00:00,4529.89990234375
2026-05-22 04:00:00+00:00,4528.10009765625
2026-05-22 05:00:00+00:00,4512.39990234375
2026-05-22 06:00:00+00:00,4527.7001953125
2026-05-22 07:00:00+00:00,4522.7001953125
2026-05-22 08:00:00+00:00,4522.89990234375
2026-05-22 09:00:00+00:00,4532.89990234375
2026-05-22 10:00:00+00:00,4515.5
2026-05-22 11:00:00+00:00,4521.5
2026-05-22 12:00:00+00:00,4529.5
2026-05-22 13:00:00+00:00,4514.5
2026-05-22 14:00:00+00:00,4501.39990234375
2026-05-22 15:00:00+00:00,4521.0
2026-05-22 16:00:00+00:00,4516.2998046875
2026-05-22 17:00:00+00:00,4520.2001953125
2026-05-22 18:00:00+00:00,4517.0
2026-05-22 19:00:00+00:00,4510.0
2026-05-22 20:00:00+00:00,4523.2001953125
2026-05-26 04:00:00+00:00,4526.10009765625
2026-05-26 05:00:00+00:00,4527.7998046875
2026-05-26 06:00:00+00:00,4531.7998046875
2026-05-26 07:00:00+00:00,4538.60009765625
2026-05-26 08:00:00+00:00,4524.7001953125
2026-05-26 09:00:00+00:00,4523.10009765625
2026-05-26 10:00:00+00:00,4534.89990234375
2026-05-26 11:00:00+00:00,4507.5
2026-05-26 12:00:00+00:00,4520.7001953125
2026-05-26 13:00:00+00:00,4514.60009765625
2026-05-26 14:00:00+00:00,4515.60009765625
2026-05-26 15:00:00+00:00,4506.7001953125
2026-05-26 16:00:00+00:00,4505.2001953125
2026-05-26 17:00:00+00:00,4490.0
2026-05-26 18:00:00+00:00,4498.7001953125
2026-05-26 19:00:00+00:00,4508.7001953125
2026-05-26 20:00:00+00:00,4507.2998046875
2026-05-26 22:00:00+00:00,4510.89990234375
2026-05-26 23:00:00+00:00,4519.60009765625
2026-05-27 00:00:00+00:00,4514.60009765625
2026-05-27 01:00:00+00:00,4507.5
2026-05-27 02:00:00+00:00,4505.2001953125
2026-05-27 03:00:00+00:00,4496.2998046875
2026-05-27 04:00:00+00:00,4509.2998046875
2026-05-27 05:00:00+00:00,4496.5
2026-05-27 06:00:00+00:00,4484.5
2026-05-27 07:00:00+00:00,4513.2001953125
2026-05-27 08:00:00+00:00,4528.7001953125
2026-05-27 09:00:00+00:00,4521.7998046875
2026-05-27 10:00:00+00:00,4476.2001953125
2026-05-27 11:00:00+00:00,4458.2998046875
2026-05-27 12:00:00+00:00,4469.39990234375
2026-05-27 13:00:00+00:00,4458.2001953125
2026-05-27 14:00:00+00:00,4465.60009765625
2026-05-27 15:00:00+00:00,4468.0
2026-05-27 16:00:00+00:00,4482.39990234375
2026-05-27 17:00:00+00:00,4481.89990234375
2026-05-27 18:00:00+00:00,4485.89990234375
2026-05-27 19:00:00+00:00,4483.0
2026-05-27 20:00:00+00:00,4488.5
2026-05-27 22:00:00+00:00,4488.0
2026-05-27 23:00:00+00:00,4477.7001953125
2026-05-28 00:00:00+00:00,4487.60009765625
2026-05-28 01:00:00+00:00,4440.39990234375
2026-05-28 02:00:00+00:00,4424.39990234375
2026-05-28 03:00:00+00:00,4405.2998046875
2026-05-28 04:00:00+00:00,4402.2001953125
2026-05-28 05:00:00+00:00,4417.10009765625
2026-05-28 06:00:00+00:00,4413.2998046875
2026-05-28 07:00:00+00:00,4417.2001953125
2026-05-28 08:00:00+00:00,4416.7998046875
2026-05-28 09:00:00+00:00,4424.0
2026-05-28 10:00:00+00:00,4413.60009765625
2026-05-28 11:00:00+00:00,4418.2001953125
2026-05-28 12:00:00+00:00,4461.89990234375
2026-05-28 13:00:00+00:00,4460.60009765625
2026-05-28 14:00:00+00:00,4500.2998046875
2026-05-28 15:00:00+00:00,4512.5
2026-05-28 16:00:00+00:00,4541.7998046875
2026-05-28 17:00:00+00:00,4539.2001953125
2026-05-28 18:00:00+00:00,4532.5
2026-05-28 19:00:00+00:00,4528.7001953125
2026-05-28 20:00:00+00:00,4527.2998046875
2026-05-28 22:00:00+00:00,4521.7001953125
2026-05-28 23:00:00+00:00,4525.60009765625
2026-05-29 00:00:00+00:00,4525.2998046875
2026-05-29 01:00:00+00:00,4536.89990234375
2026-05-29 02:00:00+00:00,4531.7001953125
2026-05-29 03:00:00+00:00,4530.89990234375
2026-05-29 04:00:00+00:00,4544.7001953125
2026-05-29 05:00:00+00:00,4545.7998046875
2026-05-29 06:00:00+00:00,4554.39990234375
2026-05-29 07:00:00+00:00,4555.5
2026-05-29 08:00:00+00:00,4544.7001953125
2026-05-29 09:00:00+00:00,4562.0
2026-05-29 10:00:00+00:00,4569.60009765625
2026-05-29 11:00:00+00:00,4569.10009765625
2026-05-29 12:00:00+00:00,4554.0
2026-05-29 13:00:00+00:00,4567.2998046875
2026-05-29 14:00:00+00:00,4595.2001953125
2026-05-29 15:00:00+00:00,4602.10009765625
2026-05-29 16:00:00+00:00,4597.7001953125
2026-05-29 17:00:00+00:00,4584.39990234375
2026-05-29 18:00:00+00:00,4584.2001953125
2026-05-29 19:00:00+00:00,4576.7998046875
2026-05-29 20:00:00+00:00,4593.0
2026-05-31 22:00:00+00:00,4565.89990234375
2026-05-31 23:00:00+00:00,4570.7001953125
2026-06-01 00:00:00+00:00,4571.39990234375
2026-06-01 01:00:00+00:00,4556.2001953125
2026-06-01 02:00:00+00:00,4552.0
2026-06-01 03:00:00+00:00,4546.0
2026-06-01 04:00:00+00:00,4544.7001953125
2026-06-01 05:00:00+00:00,4548.2001953125
2026-06-01 06:00:00+00:00,4531.7001953125
2026-06-01 07:00:00+00:00,4532.7001953125
2026-06-01 08:00:00+00:00,4527.39990234375
2026-06-01 09:00:00+00:00,4525.60009765625
2026-06-01 10:00:00+00:00,4534.10009765625
2026-06-01 11:00:00+00:00,4536.0
2026-06-01 12:00:00+00:00,4532.0
2026-06-01 13:00:00+00:00,4480.10009765625
2026-06-01 14:00:00+00:00,4488.5
2026-06-01 15:00:00+00:00,4504.10009765625
2026-06-01 16:00:00+00:00,4510.60009765625
2026-06-01 17:00:00+00:00,4517.5
2026-06-01 18:00:00+00:00,4516.7998046875
2026-06-01 19:00:00+00:00,4511.10009765625
2026-06-01 20:00:00+00:00,4514.7998046875
2026-06-01 22:00:00+00:00,4515.2998046875
2026-06-01 23:00:00+00:00,4514.2998046875
2026-06-02 00:00:00+00:00,4511.0
2026-06-02 01:00:00+00:00,4503.60009765625
2026-06-02 02:00:00+00:00,4516.2001953125
2026-06-02 03:00:00+00:00,4528.39990234375
2026-06-02 04:00:00+00:00,4547.7001953125
2026-06-02 05:00:00+00:00,4547.0
2026-06-02 06:00:00+00:00,4566.0
2026-06-02 07:00:00+00:00,4565.2001953125
2026-06-02 08:00:00+00:00,4557.0
2026-06-02 09:00:00+00:00,4559.39990234375
2026-06-02 10:00:00+00:00,4563.10009765625
2026-06-02 11:00:00+00:00,4557.2998046875
2026-06-02 12:00:00+00:00,4544.0
2026-06-02 13:00:00+00:00,4532.10009765625
2026-06-02 14:00:00+00:00,4533.7001953125
2026-06-02 15:00:00+00:00,4531.7001953125
2026-06-02 16:00:00+00:00,4521.2998046875
2026-06-02 17:00:00+00:00,4514.0
2026-06-02 18:00:00+00:00,4516.89990234375
2026-06-02 19:00:00+00:00,4517.7001953125
2026-06-02 20:00:00+00:00,4519.2001953125
2026-06-02 22:00:00+00:00,4514.0
2026-06-02 23:00:00+00:00,4502.89990234375
2026-06-03 00:00:00+00:00,4514.39990234375
2026-06-03 01:00:00+00:00,4504.0
2026-06-03 02:00:00+00:00,4509.7998046875
2026-06-03 03:00:00+00:00,4512.0
2026-06-03 04:00:00+00:00,4497.5
2026-06-03 05:00:00+00:00,4485.7998046875
2026-06-03 06:00:00+00:00,4491.7001953125
2026-06-03 07:00:00+00:00,4481.60009765625
2026-06-03 08:00:00+00:00,4472.2998046875
2026-06-03 09:00:00+00:00,4471.2998046875
2026-06-03 10:00:00+00:00,4487.7001953125
2026-06-03 11:00:00+00:00,4490.60009765625
2026-06-03 12:00:00+00:00,4488.60009765625
2026-06-03 13:00:00+00:00,4475.2001953125
2026-06-03 14:00:00+00:00,4485.2998046875
2026-06-03 15:00:00+00:00,4469.7998046875
2026-06-03 16:00:00+00:00,4469.39990234375
2026-06-03 17:00:00+00:00,4467.2001953125
2026-06-03 18:00:00+00:00,4470.10009765625
2026-06-03 19:00:00+00:00,4472.0
2026-06-03 20:00:00+00:00,4462.7001953125
2026-06-03 22:00:00+00:00,4475.2998046875
2026-06-03 23:00:00+00:00,4483.5
2026-06-04 00:00:00+00:00,4475.60009765625
2026-06-04 01:00:00+00:00,4492.5
2026-06-04 02:00:00+00:00,4502.0
2026-06-04 03:00:00+00:00,4490.60009765625
2026-06-04 04:00:00+00:00,4508.10009765625
2026-06-04 05:00:00+00:00,4496.0
2026-06-04 06:00:00+00:00,4494.7001953125
2026-06-04 07:00:00+00:00,4488.5
2026-06-04 08:00:00+00:00,4490.2001953125
2026-06-04 09:00:00+00:00,4498.2001953125
2026-06-04 10:00:00+00:00,4501.60009765625
2026-06-04 11:00:00+00:00,4539.2001953125
2026-06-04 12:00:00+00:00,4531.60009765625
2026-06-04 13:00:00+00:00,4523.7001953125
2026-06-04 14:00:00+00:00,4493.10009765625
2026-06-04 15:00:00+00:00,4504.89990234375
2026-06-04 16:00:00+00:00,4510.7998046875
2026-06-04 17:00:00+00:00,4506.0
2026-06-04 18:00:00+00:00,4505.89990234375
2026-06-04 19:00:00+00:00,4508.89990234375
2026-06-04 20:00:00+00:00,4502.39990234375
2026-06-04 22:00:00+00:00,4496.89990234375
2026-06-04 23:00:00+00:00,4488.39990234375
2026-06-05 00:00:00+00:00,4485.7998046875
2026-06-05 01:00:00+00:00,4473.2998046875
2026-06-05 02:00:00+00:00,4467.10009765625
2026-06-05 03:00:00+00:00,4468.39990234375
2026-06-05 04:00:00+00:00,4471.0
2026-06-05 05:00:00+00:00,4465.89990234375
2026-06-05 06:00:00+00:00,4479.7001953125
2026-06-05 07:00:00+00:00,4487.7001953125
2026-06-05 08:00:00+00:00,4489.7998046875
2026-06-05 09:00:00+00:00,4491.89990234375
2026-06-05 10:00:00+00:00,4493.7001953125
2026-06-05 11:00:00+00:00,4497.0
2026-06-05 12:00:00+00:00,4432.10009765625
2026-06-05 13:00:00+00:00,4390.5
2026-06-05 14:00:00+00:00,4394.60009765625
2026-06-05 15:00:00+00:00,4360.39990234375
2026-06-05 16:00:00+00:00,4369.10009765625
2026-06-05 17:00:00+00:00,4366.2001953125
2026-06-05 18:00:00+00:00,4346.7001953125
2026-06-05 19:00:00+00:00,4343.5
2026-06-05 20:00:00+00:00,4365.2998046875
2026-06-07 22:00:00+00:00,4341.39990234375
2026-06-07 23:00:00+00:00,4367.89990234375
2026-06-08 00:00:00+00:00,4366.0
2026-06-08 01:00:00+00:00,4349.60009765625
2026-06-08 02:00:00+00:00,4334.5
2026-06-08 03:00:00+00:00,4339.7998046875
2026-06-08 04:00:00+00:00,4337.2001953125
2026-06-08 05:00:00+00:00,4317.5
2026-06-08 06:00:00+00:00,4325.2998046875
2026-06-08 07:00:00+00:00,4319.89990234375
2026-06-08 08:00:00+00:00,4313.10009765625
2026-06-08 09:00:00+00:00,4318.7998046875
2026-06-08 10:00:00+00:00,4326.39990234375
2026-06-08 11:00:00+00:00,4356.2998046875
2026-06-08 12:00:00+00:00,4358.0
2026-06-08 13:00:00+00:00,4351.7998046875
2026-06-08 14:00:00+00:00,4355.7998046875
2026-06-08 15:00:00+00:00,4366.10009765625
2026-06-08 16:00:00+00:00,4365.0
2026-06-08 17:00:00+00:00,4363.39990234375
2026-06-08 18:00:00+00:00,4358.7998046875
2026-06-08 19:00:00+00:00,4350.2998046875
2026-06-08 20:00:00+00:00,4353.7998046875
2026-06-08 22:00:00+00:00,4351.5
2026-06-08 23:00:00+00:00,4340.89990234375
2026-06-09 00:00:00+00:00,4344.10009765625
2026-06-09 01:00:00+00:00,4360.7998046875
2026-06-09 02:00:00+00:00,4360.39990234375
2026-06-09 03:00:00+00:00,4359.7998046875
2026-06-09 04:00:00+00:00,4356.5
2026-06-09 05:00:00+00:00,4367.89990234375
2026-06-09 06:00:00+00:00,4354.39990234375
2026-06-09 07:00:00+00:00,4350.2001953125
2026-06-09 08:00:00+00:00,4350.39990234375
2026-06-09 09:00:00+00:00,4356.0
2026-06-09 10:00:00+00:00,4363.2998046875
2026-06-09 11:00:00+00:00,4364.2998046875
2026-06-09 12:00:00+00:00,4365.39990234375
2026-06-09 13:00:00+00:00,4353.2001953125
2026-06-09 14:00:00+00:00,4325.0
2026-06-09 15:00:00+00:00,4296.7001953125
2026-06-09 16:00:00+00:00,4276.0
2026-06-09 17:00:00+00:00,4287.2001953125
2026-06-09 18:00:00+00:00,4294.39990234375
2026-06-09 19:00:00+00:00,4282.7001953125
2026-06-09 20:00:00+00:00,4284.7998046875
2026-06-09 22:00:00+00:00,4260.39990234375
2026-06-09 23:00:00+00:00,4245.10009765625
2026-06-10 00:00:00+00:00,4241.60009765625
2026-06-10 01:00:00+00:00,4212.2001953125
2026-06-10 02:00:00+00:00,4197.7998046875
2026-06-10 03:00:00+00:00,4208.2001953125
2026-06-10 04:00:00+00:00,4198.0
2026-06-10 05:00:00+00:00,4228.7001953125
2026-06-10 06:00:00+00:00,4227.10009765625
2026-06-10 07:00:00+00:00,4209.7001953125
2026-06-10 08:00:00+00:00,4191.7001953125
2026-06-10 09:00:00+00:00,4191.60009765625
2026-06-10 10:00:00+00:00,4197.5
2026-06-10 11:00:00+00:00,4170.2001953125
2026-06-10 12:00:00+00:00,4169.60009765625
2026-06-10 13:00:00+00:00,4203.0
2026-06-10 14:00:00+00:00,4147.10009765625
2026-06-10 15:00:00+00:00,4151.89990234375
2026-06-10 16:00:00+00:00,4144.60009765625
2026-06-10 17:00:00+00:00,4134.89990234375
2026-06-10 18:00:00+00:00,4125.0
2026-06-10 19:00:00+00:00,4106.2001953125
2026-06-10 20:00:00+00:00,4094.10009765625
2026-06-10 22:00:00+00:00,4069.10009765625
2026-06-10 23:00:00+00:00,4069.699951171875
2026-06-11 00:00:00+00:00,4097.5
2026-06-11 01:00:00+00:00,4122.39990234375
2026-06-11 02:00:00+00:00,4089.300048828125
2026-06-11 03:00:00+00:00,4095.5
2026-06-11 04:00:00+00:00,4103.7998046875
2026-06-11 05:00:00+00:00,4115.5
2026-06-11 06:00:00+00:00,4115.7001953125
2026-06-11 07:00:00+00:00,4125.7998046875
2026-06-11 08:00:00+00:00,4105.60009765625
2026-06-11 09:00:00+00:00,4112.39990234375
2026-06-11 10:00:00+00:00,4110.2998046875
2026-06-11 11:00:00+00:00,4100.7001953125
2026-06-11 12:00:00+00:00,4102.5
2026-06-11 13:00:00+00:00,4104.2998046875
2026-06-11 14:00:00+00:00,4094.39990234375
2026-06-11 15:00:00+00:00,4110.0
2026-06-11 16:00:00+00:00,4101.2001953125
2026-06-11 17:00:00+00:00,4173.2001953125
2026-06-11 18:00:00+00:00,4183.10009765625
2026-06-11 19:00:00+00:00,4229.89990234375
2026-06-11 20:00:00+00:00,4233.7998046875
2026-06-11 22:00:00+00:00,4264.2001953125
2026-06-11 23:00:00+00:00,4240.60009765625
2026-06-12 00:00:00+00:00,4229.0
2026-06-12 01:00:00+00:00,4208.2001953125
2026-06-12 02:00:00+00:00,4213.5
2026-06-12 03:00:00+00:00,4220.89990234375
2026-06-12 04:00:00+00:00,4211.89990234375
2026-06-12 05:00:00+00:00,4194.7001953125
2026-06-12 06:00:00+00:00,4205.39990234375
2026-06-12 07:00:00+00:00,4215.2001953125
2026-06-12 08:00:00+00:00,4241.2001953125
2026-06-12 09:00:00+00:00,4243.10009765625
2026-06-12 10:00:00+00:00,4231.89990234375
2026-06-12 11:00:00+00:00,4227.7998046875
2026-06-12 12:00:00+00:00,4212.2998046875
2026-06-12 13:00:00+00:00,4206.7001953125
2026-06-12 14:00:00+00:00,4224.89990234375
2026-06-12 15:00:00+00:00,4232.39990234375
2026-06-12 16:00:00+00:00,4236.5
2026-06-12 17:00:00+00:00,4241.7998046875
2026-06-12 18:00:00+00:00,4236.2001953125
2026-06-12 19:00:00+00:00,4231.89990234375
2026-06-12 20:00:00+00:00,4238.7998046875
2026-06-14 22:00:00+00:00,4305.7998046875
2026-06-14 23:00:00+00:00,4314.2998046875
2026-06-15 00:00:00+00:00,4313.10009765625
2026-06-15 01:00:00+00:00,4337.5
2026-06-15 02:00:00+00:00,4350.7001953125
2026-06-15 03:00:00+00:00,4345.7001953125
2026-06-15 04:00:00+00:00,4349.5
2026-06-15 05:00:00+00:00,4331.39990234375
2026-06-15 06:00:00+00:00,4329.10009765625
2026-06-15 07:00:00+00:00,4344.2998046875
2026-06-15 08:00:00+00:00,4355.39990234375
2026-06-15 09:00:00+00:00,4357.7001953125
2026-06-15 10:00:00+00:00,4359.10009765625
2026-06-15 11:00:00+00:00,4356.60009765625
2026-06-15 12:00:00+00:00,4370.5
2026-06-15 13:00:00+00:00,4376.7998046875
2026-06-15 14:00:00+00:00,4378.5
2026-06-15 15:00:00+00:00,4377.60009765625
2026-06-15 16:00:00+00:00,4360.60009765625
2026-06-15 17:00:00+00:00,4346.0
2026-06-15 18:00:00+00:00,4347.2998046875
2026-06-15 19:00:00+00:00,4342.39990234375
2026-06-15 20:00:00+00:00,4331.0
2026-06-15 22:00:00+00:00,4333.10009765625
2026-06-15 23:00:00+00:00,4337.2998046875
2026-06-16 00:00:00+00:00,4340.2998046875
2026-06-16 01:00:00+00:00,4334.0
2026-06-16 02:00:00+00:00,4339.7001953125
2026-06-16 03:00:00+00:00,4351.39990234375
2026-06-16 04:00:00+00:00,4343.2001953125
2026-06-16 05:00:00+00:00,4337.2001953125
2026-06-16 06:00:00+00:00,4345.0
2026-06-16 07:00:00+00:00,4356.60009765625
2026-06-16 08:00:00+00:00,4368.2998046875
2026-06-16 09:00:00+00:00,4366.2001953125
2026-06-16 10:00:00+00:00,4369.89990234375
2026-06-16 11:00:00+00:00,4361.39990234375
2026-06-16 12:00:00+00:00,4375.89990234375
2026-06-16 13:00:00+00:00,4352.7001953125
2026-06-16 14:00:00+00:00,4344.39990234375
2026-06-16 15:00:00+00:00,4355.7001953125
2026-06-16 16:00:00+00:00,4361.7998046875
2026-06-16 17:00:00+00:00,4361.5
2026-06-16 18:00:00+00:00,4360.0
2026-06-16 19:00:00+00:00,4355.60009765625
2026-06-16 20:00:00+00:00,4353.0
2026-06-16 22:00:00+00:00,4355.0
2026-06-16 23:00:00+00:00,4350.7998046875
2026-06-17 00:00:00+00:00,4356.89990234375
2026-06-17 01:00:00+00:00,4361.0
2026-06-17 02:00:00+00:00,4351.2001953125
2026-06-17 03:00:00+00:00,4351.2001953125
2026-06-17 04:00:00+00:00,4346.10009765625
2026-06-17 05:00:00+00:00,4346.10009765625
2026-06-17 06:00:00+00:00,4351.2001953125
2026-06-17 07:00:00+00:00,4344.7001953125
2026-06-17 08:00:00+00:00,4344.2001953125
2026-06-17 09:00:00+00:00,4349.2998046875
2026-06-17 10:00:00+00:00,4351.10009765625
2026-06-17 11:00:00+00:00,4342.60009765625
2026-06-17 12:00:00+00:00,4353.2998046875
2026-06-17 13:00:00+00:00,4359.7998046875
2026-06-17 14:00:00+00:00,4364.10009765625
2026-06-17 15:00:00+00:00,4383.60009765625
2026-06-17 16:00:00+00:00,4379.7998046875
2026-06-17 17:00:00+00:00,4401.10009765625
2026-06-17 18:00:00+00:00,4305.2001953125
2026-06-17 19:00:00+00:00,4254.2998046875
2026-06-17 20:00:00+00:00,4276.2998046875
2026-06-17 22:00:00+00:00,4285.7998046875
2026-06-17 23:00:00+00:00,4297.2001953125
2026-06-18 00:00:00+00:00,4328.0
2026-06-18 01:00:00+00:00,4337.7001953125
2026-06-18 02:00:00+00:00,4331.0
2026-06-18 03:00:00+00:00,4339.60009765625
2026-06-18 04:00:00+00:00,4336.0
2026-06-18 05:00:00+00:00,4328.0
2026-06-18 06:00:00+00:00,4326.60009765625
2026-06-18 07:00:00+00:00,4308.39990234375
2026-06-18 08:00:00+00:00,4285.89990234375
2026-06-18 09:00:00+00:00,4287.7001953125
2026-06-18 10:00:00+00:00,4273.89990234375
2026-06-18 11:00:00+00:00,4260.60009765625
2026-06-18 12:00:00+00:00,4265.10009765625
2026-06-18 13:00:00+00:00,4275.5
2026-06-18 14:00:00+00:00,4271.7001953125
2026-06-18 15:00:00+00:00,4245.5
2026-06-18 16:00:00+00:00,4238.7001953125
2026-06-18 17:00:00+00:00,4249.5
2026-06-18 18:00:00+00:00,4237.7001953125
2026-06-18 19:00:00+00:00,4236.2001953125
2026-06-18 20:00:00+00:00,4227.89990234375
2026-06-18 22:00:00+00:00,4225.89990234375
2026-06-18 23:00:00+00:00,4206.7998046875
2026-06-19 00:00:00+00:00,4209.0
2026-06-19 01:00:00+00:00,4202.60009765625
2026-06-19 02:00:00+00:00,4193.89990234375
2026-06-19 03:00:00+00:00,4167.5
2026-06-21 22:00:00+00:00,4172.7998046875
2026-06-21 23:00:00+00:00,4157.0
2026-06-22 00:00:00+00:00,4218.10009765625
2026-06-22 01:00:00+00:00,4208.10009765625
2026-06-22 02:00:00+00:00,4205.7001953125
2026-06-22 03:00:00+00:00,4189.60009765625
2026-06-22 04:00:00+00:00,4199.39990234375
2026-06-22 05:00:00+00:00,4211.2998046875
2026-06-22 06:00:00+00:00,4215.39990234375
2026-06-22 07:00:00+00:00,4208.5
2026-06-22 08:00:00+00:00,4215.7001953125
2026-06-22 09:00:00+00:00,4226.2001953125
2026-06-22 10:00:00+00:00,4222.7001953125
2026-06-22 11:00:00+00:00,4225.2998046875
2026-06-22 12:00:00+00:00,4211.39990234375
2026-06-22 13:00:00+00:00,4218.5
2026-06-22 14:00:00+00:00,4216.7001953125
2026-06-22 15:00:00+00:00,4201.0
2026-06-22 16:00:00+00:00,4208.5
2026-06-22 17:00:00+00:00,4201.39990234375
2026-06-22 18:00:00+00:00,4209.10009765625
2026-06-22 19:00:00+00:00,4209.39990234375
2026-06-22 20:00:00+00:00,4172.89990234375
2026-06-22 22:00:00+00:00,4207.7998046875
2026-06-22 23:00:00+00:00,4205.5
2026-06-23 00:00:00+00:00,4210.7001953125
2026-06-23 01:00:00+00:00,4179.2998046875
2026-06-23 02:00:00+00:00,4164.89990234375
2026-06-23 03:00:00+00:00,4162.2001953125
2026-06-23 04:00:00+00:00,4135.60009765625
2026-06-23 05:00:00+00:00,4138.89990234375
2026-06-23 06:00:00+00:00,4132.39990234375
2026-06-23 07:00:00+00:00,4116.0
2026-06-23 08:00:00+00:00,4122.60009765625
2026-06-23 09:00:00+00:00,4140.10009765625
2026-06-23 10:00:00+00:00,4137.7001953125
2026-06-23 11:00:00+00:00,4141.10009765625
2026-06-23 12:00:00+00:00,4131.0
2026-06-23 13:00:00+00:00,4154.10009765625
2026-06-23 14:00:00+00:00,4147.5
2026-06-23 15:00:00+00:00,4156.7001953125
2026-06-23 16:00:00+00:00,4151.89990234375
2026-06-23 17:00:00+00:00,4145.89990234375
2026-06-23 18:00:00+00:00,4135.60009765625
2026-06-23 19:00:00+00:00,4129.60009765625
2026-06-23 20:00:00+00:00,4129.0
2026-06-23 22:00:00+00:00,4121.2001953125
2026-06-23 23:00:00+00:00,4116.60009765625
2026-06-24 00:00:00+00:00,4114.7001953125
2026-06-24 01:00:00+00:00,4106.5
2026-06-24 02:00:00+00:00,4078.300048828125
2026-06-24 03:00:00+00:00,4079.89990234375
2026-06-24 04:00:00+00:00,4080.60009765625
2026-06-24 05:00:00+00:00,4093.10009765625
2026-06-24 06:00:00+00:00,4103.89990234375
2026-06-24 07:00:00+00:00,4091.5
2026-06-24 08:00:00+00:00,4093.300048828125
2026-06-24 09:00:00+00:00,4081.800048828125
2026-06-24 10:00:00+00:00,4072.300048828125
2026-06-24 11:00:00+00:00,4063.199951171875
2026-06-24 12:00:00+00:00,4004.0
2026-06-24 13:00:00+00:00,4054.89990234375
2026-06-24 14:00:00+00:00,4025.0
2026-06-24 15:00:00+00:00,4019.5
2026-06-24 16:00:00+00:00,4023.39990234375
2026-06-24 17:00:00+00:00,3989.800048828125
2026-06-24 18:00:00+00:00,3998.10009765625
2026-06-24 19:00:00+00:00,4004.89990234375
2026-06-24 20:00:00+00:00,4016.39990234375
2026-06-24 22:00:00+00:00,4012.0
2026-06-24 23:00:00+00:00,4026.60009765625
2026-06-25 00:00:00+00:00,4007.300048828125
2026-06-25 01:00:00+00:00,3992.199951171875
2026-06-25 02:00:00+00:00,3998.699951171875
2026-06-25 03:00:00+00:00,4012.39990234375
2026-06-25 04:00:00+00:00,4011.800048828125
2026-06-25 05:00:00+00:00,4001.60009765625
2026-06-25 06:00:00+00:00,3992.699951171875
2026-06-25 07:00:00+00:00,4003.5
2026-06-25 08:00:00+00:00,4004.89990234375
2026-06-25 09:00:00+00:00,4003.39990234375
2026-06-25 10:00:00+00:00,3999.5
2026-06-25 11:00:00+00:00,3995.300048828125
2026-06-25 12:00:00+00:00,4028.199951171875
2026-06-25 13:00:00+00:00,4017.5
2026-06-25 14:00:00+00:00,4027.60009765625
2026-06-25 15:00:00+00:00,4057.5
2026-06-25 16:00:00+00:00,4044.0
2026-06-25 17:00:00+00:00,4050.199951171875
2026-06-25 18:00:00+00:00,4050.39990234375
2026-06-25 19:00:00+00:00,4041.60009765625
2026-06-25 20:00:00+00:00,4041.60009765625
2026-06-25 22:00:00+00:00,4041.39990234375
2026-06-25 23:00:00+00:00,4030.199951171875
2026-06-26 00:00:00+00:00,4035.10009765625
2026-06-26 01:00:00+00:00,4035.89990234375
2026-06-26 02:00:00+00:00,4006.0
2026-06-26 03:00:00+00:00,4018.60009765625
2026-06-26 04:00:00+00:00,4026.800048828125
2026-06-26 05:00:00+00:00,4023.199951171875
2026-06-26 06:00:00+00:00,4047.199951171875
2026-06-26 07:00:00+00:00,4046.39990234375
2026-06-26 08:00:00+00:00,4046.10009765625
2026-06-26 09:00:00+00:00,4062.800048828125
2026-06-26 10:00:00+00:00,4069.800048828125
2026-06-26 11:00:00+00:00,4061.0
2026-06-26 12:00:00+00:00,4074.0
2026-06-26 13:00:00+00:00,4088.699951171875
2026-06-26 14:00:00+00:00,4095.699951171875
2026-06-26 15:00:00+00:00,4106.2998046875
2026-06-26 16:00:00+00:00,4099.89990234375
2026-06-26 17:00:00+00:00,4089.60009765625
2026-06-26 18:00:00+00:00,4082.199951171875
2026-06-26 19:00:00+00:00,4086.199951171875
2026-06-26 20:00:00+00:00,4096.2998046875
2026-06-28 22:00:00+00:00,4080.800048828125
2026-06-28 23:00:00+00:00,4076.699951171875
2026-06-29 00:00:00+00:00,4083.89990234375
2026-06-29 01:00:00+00:00,4075.800048828125
2026-06-29 02:00:00+00:00,4080.800048828125
2026-06-29 03:00:00+00:00,4083.199951171875
2026-06-29 04:00:00+00:00,4065.699951171875
2026-06-29 05:00:00+00:00,4069.0
2026-06-29 06:00:00+00:00,4077.0
2026-06-29 07:00:00+00:00,4076.300048828125
2026-06-29 08:00:00+00:00,4060.89990234375
2026-06-29 09:00:00+00:00,4045.800048828125
2026-06-29 10:00:00+00:00,4051.10009765625
2026-06-29 11:00:00+00:00,4053.300048828125
2026-06-29 12:00:00+00:00,4057.800048828125
2026-06-29 13:00:00+00:00,4046.39990234375
2026-06-29 14:00:00+00:00,4039.5
2026-06-29 15:00:00+00:00,4041.5
2026-06-29 16:00:00+00:00,4038.39990234375
2026-06-29 17:00:00+00:00,4035.300048828125
2026-06-29 18:00:00+00:00,4027.800048828125
2026-06-29 19:00:00+00:00,4030.39990234375
2026-06-29 20:00:00+00:00,4030.5
2026-06-29 22:00:00+00:00,4028.39990234375
2026-06-29 23:00:00+00:00,4029.39990234375
2026-06-30 00:00:00+00:00,4001.300048828125
2026-06-30 01:00:00+00:00,3982.699951171875
2026-06-30 02:00:00+00:00,3975.800048828125
2026-06-30 03:00:00+00:00,3983.800048828125
2026-06-30 04:00:00+00:00,3999.199951171875
2026-06-30 05:00:00+00:00,3991.10009765625
2026-06-30 06:00:00+00:00,4043.5
2026-06-30 07:00:00+00:00,4046.300048828125
2026-06-30 08:00:00+00:00,4029.0
2026-06-30 09:00:00+00:00,4038.0
2026-06-30 10:00:00+00:00,4043.89990234375
2026-06-30 11:00:00+00:00,4047.5
2026-06-30 12:00:00+00:00,4023.89990234375
2026-06-30 13:00:00+00:00,4043.89990234375
2026-06-30 14:00:00+00:00,4052.0
2026-06-30 15:00:00+00:00,4044.199951171875
2026-06-30 16:00:00+00:00,4040.300048828125
2026-06-30 17:00:00+00:00,4045.5
2026-06-30 18:00:00+00:00,4043.60009765625
2026-06-30 19:00:00+00:00,4030.199951171875
2026-06-30 20:00:00+00:00,4021.800048828125
2026-06-30 22:00:00+00:00,4026.39990234375
2026-06-30 23:00:00+00:00,4018.89990234375
2026-07-01 00:00:00+00:00,4010.199951171875
2026-07-01 01:00:00+00:00,3990.800048828125
2026-07-01 02:00:00+00:00,3991.89990234375
2026-07-01 03:00:00+00:00,3992.89990234375
2026-07-01 04:00:00+00:00,3989.199951171875
2026-07-01 05:00:00+00:00,3986.60009765625
2026-07-01 06:00:00+00:00,3985.0
2026-07-01 07:00:00+00:00,3988.699951171875
2026-07-01 08:00:00+00:00,3987.699951171875
2026-07-01 09:00:00+00:00,3997.89990234375
2026-07-01 10:00:00+00:00,4011.89990234375
2026-07-01 11:00:00+00:00,4044.0
2026-07-01 12:00:00+00:00,4036.800048828125
2026-07-01 13:00:00+00:00,4104.2001953125
2026-07-01 14:00:00+00:00,4107.89990234375
2026-07-01 15:00:00+00:00,4095.10009765625
2026-07-01 16:00:00+00:00,4085.0
2026-07-01 17:00:00+00:00,4082.199951171875
2026-07-01 18:00:00+00:00,4076.0
2026-07-01 19:00:00+00:00,4052.300048828125
2026-07-01 20:00:00+00:00,4044.60009765625
2026-07-01 22:00:00+00:00,4057.199951171875
2026-07-01 23:00:00+00:00,4047.39990234375
2026-07-02 00:00:00+00:00,4063.5
2026-07-02 01:00:00+00:00,4062.39990234375
2026-07-02 02:00:00+00:00,4069.199951171875
2026-07-02 03:00:00+00:00,4082.300048828125
2026-07-02 04:00:00+00:00,4073.199951171875
2026-07-02 05:00:00+00:00,4078.199951171875
2026-07-02 06:00:00+00:00,4086.199951171875
2026-07-02 07:00:00+00:00,4076.60009765625
2026-07-02 08:00:00+00:00,4089.10009765625
2026-07-02 09:00:00+00:00,4077.60009765625
2026-07-02 10:00:00+00:00,4078.60009765625
2026-07-02 11:00:00+00:00,4077.5
2026-07-02 12:00:00+00:00,4130.5
2026-07-02 13:00:00+00:00,4149.7998046875
2026-07-02 14:00:00+00:00,4141.89990234375
2026-07-02 15:00:00+00:00,4141.39990234375
2026-07-02 16:00:00+00:00,4131.2001953125
2026-07-02 17:00:00+00:00,4119.5
2026-07-02 18:00:00+00:00,4135.89990234375
2026-07-02 19:00:00+00:00,4134.0
2026-07-02 20:00:00+00:00,4135.5
2026-07-02 22:00:00+00:00,4137.10009765625
2026-07-02 23:00:00+00:00,4139.2001953125
2026-07-03 00:00:00+00:00,4160.0
2026-07-03 01:00:00+00:00,4194.89990234375
2026-07-03 02:00:00+00:00,4196.7998046875
2026-07-03 03:00:00+00:00,4188.5
