Datetime,Close
2024-02-08 05:00:00+00:00,22.395000457763672
2024-02-08 06:00:00+00:00,22.415000915527344
2024-02-08 07:00:00+00:00,22.399999618530273
2024-02-08 08:00:00+00:00,22.364999771118164
2024-02-08 09:00:00+00:00,22.440000534057617
2024-02-08 10:00:00+00:00,22.459999084472656
2024-02-08 11:00:00+00:00,22.415000915527344
2024-02-08 12:00:00+00:00,22.350000381469727
2024-02-08 13:00:00+00:00,22.219999313354492
2024-02-08 14:00:00+00:00,22.415000915527344
2024-02-08 15:00:00+00:00,22.530000686645508
2024-02-08 16:00:00+00:00,22.579999923706055
2024-02-08 17:00:00+00:00,22.6299991607666
2024-02-08 18:00:00+00:00,22.655000686645508
2024-02-08 19:00:00+00:00,22.655000686645508
2024-02-08 20:00:00+00:00,22.655000686645508
2024-02-08 21:00:00+00:00,22.65999984741211
2024-02-08 23:00:00+00:00,22.655000686645508
2024-02-09 00:00:00+00:00,22.625
2024-02-09 01:00:00+00:00,22.665000915527344
2024-02-09 02:00:00+00:00,22.674999237060547
2024-02-09 03:00:00+00:00,22.725000381469727
2024-02-09 04:00:00+00:00,22.684999465942383
2024-02-09 05:00:00+00:00,22.670000076293945
2024-02-09 06:00:00+00:00,22.739999771118164
2024-02-09 07:00:00+00:00,22.760000228881836
2024-02-09 08:00:00+00:00,22.719999313354492
2024-02-09 09:00:00+00:00,22.684999465942383
2024-02-09 10:00:00+00:00,22.700000762939453
2024-02-09 11:00:00+00:00,22.735000610351562
2024-02-09 12:00:00+00:00,22.665000915527344
2024-02-09 13:00:00+00:00,22.594999313354492
2024-02-09 14:00:00+00:00,22.655000686645508
2024-02-09 15:00:00+00:00,22.454999923706055
2024-02-09 16:00:00+00:00,22.4950008392334
2024-02-09 17:00:00+00:00,22.594999313354492
2024-02-09 18:00:00+00:00,22.604999542236328
2024-02-09 19:00:00+00:00,22.625
2024-02-09 20:00:00+00:00,22.674999237060547
2024-02-09 21:00:00+00:00,22.670000076293945
2024-02-11 23:00:00+00:00,22.719999313354492
2024-02-12 00:00:00+00:00,22.7450008392334
2024-02-12 01:00:00+00:00,22.7450008392334
2024-02-12 02:00:00+00:00,22.725000381469727
2024-02-12 03:00:00+00:00,22.770000457763672
2024-02-12 04:00:00+00:00,22.770000457763672
2024-02-12 05:00:00+00:00,22.850000381469727
2024-02-12 06:00:00+00:00,22.8799991607666
2024-02-12 07:00:00+00:00,23.0049991607666
2024-02-12 08:00:00+00:00,22.924999237060547
2024-02-12 09:00:00+00:00,22.940000534057617
2024-02-12 10:00:00+00:00,22.979999542236328
2024-02-12 11:00:00+00:00,23.0
2024-02-12 12:00:00+00:00,23.040000915527344
2024-02-12 13:00:00+00:00,22.850000381469727
2024-02-12 14:00:00+00:00,22.700000762939453
2024-02-12 15:00:00+00:00,22.7450008392334
2024-02-12 16:00:00+00:00,22.665000915527344
2024-02-12 17:00:00+00:00,22.75
2024-02-12 18:00:00+00:00,22.799999237060547
2024-02-12 19:00:00+00:00,22.75
2024-02-12 20:00:00+00:00,22.7549991607666
2024-02-12 21:00:00+00:00,22.7549991607666
2024-02-12 23:00:00+00:00,22.739999771118164
2024-02-13 00:00:00+00:00,22.78499984741211
2024-02-13 01:00:00+00:00,22.774999618530273
2024-02-13 02:00:00+00:00,22.780000686645508
2024-02-13 03:00:00+00:00,22.7549991607666
2024-02-13 04:00:00+00:00,22.774999618530273
2024-02-13 05:00:00+00:00,22.809999465942383
2024-02-13 06:00:00+00:00,22.844999313354492
2024-02-13 07:00:00+00:00,22.90999984741211
2024-02-13 08:00:00+00:00,22.950000762939453
2024-02-13 09:00:00+00:00,23.0
2024-02-13 10:00:00+00:00,22.975000381469727
2024-02-13 11:00:00+00:00,22.934999465942383
2024-02-13 12:00:00+00:00,22.90999984741211
2024-02-13 13:00:00+00:00,22.53499984741211
2024-02-13 14:00:00+00:00,22.149999618530273
2024-02-13 15:00:00+00:00,22.065000534057617
2024-02-13 16:00:00+00:00,22.155000686645508
2024-02-13 17:00:00+00:00,22.145000457763672
2024-02-13 18:00:00+00:00,22.104999542236328
2024-02-13 19:00:00+00:00,22.05500030517578
2024-02-13 20:00:00+00:00,22.110000610351562
2024-02-13 21:00:00+00:00,22.165000915527344
2024-02-13 23:00:00+00:00,22.1200008392334
2024-02-14 00:00:00+00:00,22.114999771118164
2024-02-14 01:00:00+00:00,22.110000610351562
2024-02-14 02:00:00+00:00,22.079999923706055
2024-02-14 03:00:00+00:00,22.06999969482422
2024-02-14 04:00:00+00:00,22.084999084472656
2024-02-14 05:00:00+00:00,22.075000762939453
2024-02-14 06:00:00+00:00,22.05500030517578
2024-02-14 07:00:00+00:00,22.014999389648438
2024-02-14 08:00:00+00:00,22.045000076293945
2024-02-14 09:00:00+00:00,22.075000762939453
2024-02-14 10:00:00+00:00,22.100000381469727
2024-02-14 11:00:00+00:00,22.09000015258789
2024-02-14 12:00:00+00:00,22.06999969482422
2024-02-14 13:00:00+00:00,22.139999389648438
2024-02-14 14:00:00+00:00,22.174999237060547
2024-02-14 15:00:00+00:00,22.31999969482422
2024-02-14 16:00:00+00:00,22.454999923706055
2024-02-14 17:00:00+00:00,22.450000762939453
2024-02-14 18:00:00+00:00,22.40999984741211
2024-02-14 19:00:00+00:00,22.40999984741211
2024-02-14 20:00:00+00:00,22.395000457763672
2024-02-14 21:00:00+00:00,22.424999237060547
2024-02-14 23:00:00+00:00,22.420000076293945
2024-02-15 00:00:00+00:00,22.440000534057617
2024-02-15 01:00:00+00:00,22.40999984741211
2024-02-15 02:00:00+00:00,22.479999542236328
2024-02-15 03:00:00+00:00,22.44499969482422
2024-02-15 04:00:00+00:00,22.454999923706055
2024-02-15 05:00:00+00:00,22.475000381469727
2024-02-15 06:00:00+00:00,22.545000076293945
2024-02-15 07:00:00+00:00,22.545000076293945
2024-02-15 08:00:00+00:00,22.600000381469727
2024-02-15 09:00:00+00:00,22.600000381469727
2024-02-15 10:00:00+00:00,22.6299991607666
2024-02-15 11:00:00+00:00,22.690000534057617
2024-02-15 12:00:00+00:00,22.760000228881836
2024-02-15 13:00:00+00:00,22.80500030517578
2024-02-15 14:00:00+00:00,22.975000381469727
2024-02-15 15:00:00+00:00,22.920000076293945
2024-02-15 16:00:00+00:00,22.860000610351562
2024-02-15 17:00:00+00:00,22.90999984741211
2024-02-15 18:00:00+00:00,22.959999084472656
2024-02-15 19:00:00+00:00,22.969999313354492
2024-02-15 20:00:00+00:00,22.959999084472656
2024-02-15 21:00:00+00:00,22.969999313354492
2024-02-15 23:00:00+00:00,23.010000228881836
2024-02-16 00:00:00+00:00,22.94499969482422
2024-02-16 01:00:00+00:00,23.045000076293945
2024-02-16 02:00:00+00:00,23.014999389648438
2024-02-16 03:00:00+00:00,23.024999618530273
2024-02-16 04:00:00+00:00,23.0049991607666
2024-02-16 05:00:00+00:00,23.010000228881836
2024-02-16 06:00:00+00:00,23.0
2024-02-16 07:00:00+00:00,23.045000076293945
2024-02-16 08:00:00+00:00,23.040000915527344
2024-02-16 09:00:00+00:00,23.040000915527344
2024-02-16 10:00:00+00:00,23.05500030517578
2024-02-16 11:00:00+00:00,23.06999969482422
2024-02-16 12:00:00+00:00,23.024999618530273
2024-02-16 13:00:00+00:00,23.065000534057617
2024-02-16 14:00:00+00:00,22.959999084472656
2024-02-16 15:00:00+00:00,23.235000610351562
2024-02-16 16:00:00+00:00,23.364999771118164
2024-02-16 17:00:00+00:00,23.485000610351562
2024-02-16 18:00:00+00:00,23.524999618530273
2024-02-16 19:00:00+00:00,23.489999771118164
2024-02-16 20:00:00+00:00,23.454999923706055
2024-02-16 21:00:00+00:00,23.475000381469727
2024-02-18 23:00:00+00:00,23.450000762939453
2024-02-19 00:00:00+00:00,23.43000030517578
2024-02-19 01:00:00+00:00,23.125
2024-02-19 02:00:00+00:00,23.184999465942383
2024-02-19 03:00:00+00:00,23.149999618530273
2024-02-19 04:00:00+00:00,23.165000915527344
2024-02-20 05:00:00+00:00,23.0
2024-02-20 06:00:00+00:00,22.979999542236328
2024-02-20 07:00:00+00:00,23.024999618530273
2024-02-20 08:00:00+00:00,23.05500030517578
2024-02-20 09:00:00+00:00,23.075000762939453
2024-02-20 10:00:00+00:00,23.135000228881836
2024-02-20 11:00:00+00:00,23.1200008392334
2024-02-20 12:00:00+00:00,23.155000686645508
2024-02-20 13:00:00+00:00,23.204999923706055
2024-02-20 14:00:00+00:00,23.18000030517578
2024-02-20 15:00:00+00:00,23.06999969482422
2024-02-20 16:00:00+00:00,23.094999313354492
2024-02-20 17:00:00+00:00,23.135000228881836
2024-02-20 18:00:00+00:00,23.104999542236328
2024-02-20 19:00:00+00:00,23.075000762939453
2024-02-20 20:00:00+00:00,23.059999465942383
2024-02-20 21:00:00+00:00,23.045000076293945
2024-02-20 23:00:00+00:00,23.045000076293945
2024-02-21 00:00:00+00:00,23.024999618530273
2024-02-21 01:00:00+00:00,23.059999465942383
2024-02-21 02:00:00+00:00,23.135000228881836
2024-02-21 03:00:00+00:00,23.200000762939453
2024-02-21 04:00:00+00:00,23.200000762939453
2024-02-21 05:00:00+00:00,23.184999465942383
2024-02-21 06:00:00+00:00,23.19499969482422
2024-02-21 07:00:00+00:00,23.190000534057617
2024-02-21 08:00:00+00:00,23.079999923706055
2024-02-21 09:00:00+00:00,23.1200008392334
2024-02-21 10:00:00+00:00,23.170000076293945
2024-02-21 11:00:00+00:00,23.110000610351562
2024-02-21 12:00:00+00:00,23.114999771118164
2024-02-21 13:00:00+00:00,23.104999542236328
2024-02-21 14:00:00+00:00,23.049999237060547
2024-02-21 15:00:00+00:00,22.8700008392334
2024-02-21 16:00:00+00:00,22.850000381469727
2024-02-21 17:00:00+00:00,22.875
2024-02-21 18:00:00+00:00,22.844999313354492
2024-02-21 19:00:00+00:00,22.954999923706055
2024-02-21 20:00:00+00:00,22.940000534057617
2024-02-21 21:00:00+00:00,22.93000030517578
2024-02-21 23:00:00+00:00,22.934999465942383
2024-02-22 00:00:00+00:00,22.93000030517578
2024-02-22 01:00:00+00:00,22.924999237060547
2024-02-22 02:00:00+00:00,22.93000030517578
2024-02-22 03:00:00+00:00,22.93000030517578
2024-02-22 04:00:00+00:00,23.0049991607666
2024-02-22 05:00:00+00:00,22.96500015258789
2024-02-22 06:00:00+00:00,22.9950008392334
2024-02-22 07:00:00+00:00,23.09000015258789
2024-02-22 08:00:00+00:00,23.19499969482422
2024-02-22 09:00:00+00:00,23.110000610351562
2024-02-22 10:00:00+00:00,23.100000381469727
2024-02-22 11:00:00+00:00,23.094999313354492
2024-02-22 12:00:00+00:00,23.05500030517578
2024-02-22 13:00:00+00:00,22.940000534057617
2024-02-22 14:00:00+00:00,22.895000457763672
2024-02-22 15:00:00+00:00,22.84000015258789
2024-02-22 16:00:00+00:00,22.770000457763672
2024-02-22 17:00:00+00:00,22.834999084472656
2024-02-22 18:00:00+00:00,22.799999237060547
2024-02-22 19:00:00+00:00,22.780000686645508
2024-02-22 20:00:00+00:00,22.774999618530273
2024-02-22 21:00:00+00:00,22.780000686645508
2024-02-22 23:00:00+00:00,22.780000686645508
2024-02-23 00:00:00+00:00,22.770000457763672
2024-02-23 01:00:00+00:00,22.84000015258789
2024-02-23 02:00:00+00:00,22.770000457763672
2024-02-23 03:00:00+00:00,22.78499984741211
2024-02-23 04:00:00+00:00,22.795000076293945
2024-02-23 05:00:00+00:00,22.645000457763672
2024-02-23 06:00:00+00:00,22.670000076293945
2024-02-23 07:00:00+00:00,22.665000915527344
2024-02-23 08:00:00+00:00,22.655000686645508
2024-02-23 09:00:00+00:00,22.594999313354492
2024-02-23 10:00:00+00:00,22.725000381469727
2024-02-23 11:00:00+00:00,22.729999542236328
2024-02-23 12:00:00+00:00,22.78499984741211
2024-02-23 13:00:00+00:00,22.719999313354492
2024-02-23 14:00:00+00:00,22.709999084472656
2024-02-23 15:00:00+00:00,22.790000915527344
2024-02-23 16:00:00+00:00,22.950000762939453
2024-02-23 17:00:00+00:00,23.0049991607666
2024-02-23 18:00:00+00:00,23.010000228881836
2024-02-23 19:00:00+00:00,23.0049991607666
2024-02-23 20:00:00+00:00,22.979999542236328
2024-02-23 21:00:00+00:00,22.975000381469727
2024-02-25 23:00:00+00:00,22.885000228881836
2024-02-26 00:00:00+00:00,22.875
2024-02-26 01:00:00+00:00,22.834999084472656
2024-02-26 02:00:00+00:00,22.799999237060547
2024-02-26 03:00:00+00:00,22.829999923706055
2024-02-26 04:00:00+00:00,22.844999313354492
2024-02-26 05:00:00+00:00,22.844999313354492
2024-02-26 06:00:00+00:00,22.80500030517578
2024-02-26 07:00:00+00:00,22.84000015258789
2024-02-26 08:00:00+00:00,22.80500030517578
2024-02-26 09:00:00+00:00,22.71500015258789
2024-02-26 10:00:00+00:00,22.614999771118164
2024-02-26 11:00:00+00:00,22.5
2024-02-26 12:00:00+00:00,22.565000534057617
2024-02-26 13:00:00+00:00,22.594999313354492
2024-02-26 14:00:00+00:00,22.579999923706055
2024-02-26 15:00:00+00:00,22.514999389648438
2024-02-26 16:00:00+00:00,22.524999618530273
2024-02-26 17:00:00+00:00,22.5049991607666
2024-02-26 18:00:00+00:00,22.4950008392334
2024-02-26 19:00:00+00:00,22.5049991607666
2024-02-26 20:00:00+00:00,22.540000915527344
2024-02-26 21:00:00+00:00,22.524999618530273
2024-02-26 23:00:00+00:00,22.510000228881836
2024-02-27 00:00:00+00:00,22.524999618530273
2024-02-27 01:00:00+00:00,22.56999969482422
2024-02-27 02:00:00+00:00,22.545000076293945
2024-02-27 03:00:00+00:00,22.55500030517578
2024-02-27 04:00:00+00:00,22.53499984741211
2024-02-27 05:00:00+00:00,22.514999389648438
2024-02-27 06:00:00+00:00,22.575000762939453
2024-02-27 07:00:00+00:00,22.655000686645508
2024-02-27 08:00:00+00:00,22.65999984741211
2024-02-27 09:00:00+00:00,22.65999984741211
2024-02-27 10:00:00+00:00,22.639999389648438
2024-02-27 11:00:00+00:00,22.665000915527344
2024-02-27 12:00:00+00:00,22.684999465942383
2024-02-27 13:00:00+00:00,22.649999618530273
2024-02-27 14:00:00+00:00,22.575000762939453
2024-02-27 15:00:00+00:00,22.475000381469727
2024-02-27 16:00:00+00:00,22.520000457763672
2024-02-27 17:00:00+00:00,22.489999771118164
2024-02-27 18:00:00+00:00,22.510000228881836
2024-02-27 19:00:00+00:00,22.5
2024-02-27 20:00:00+00:00,22.46500015258789
2024-02-27 21:00:00+00:00,22.440000534057617
2024-02-27 23:00:00+00:00,22.440000534057617
2024-02-28 00:00:00+00:00,22.46500015258789
2024-02-28 01:00:00+00:00,22.479999542236328
2024-02-28 02:00:00+00:00,22.424999237060547
2024-02-28 03:00:00+00:00,22.43000030517578
2024-02-28 04:00:00+00:00,22.399999618530273
2024-02-28 05:00:00+00:00,22.395000457763672
2024-02-28 06:00:00+00:00,22.360000610351562
2024-02-28 07:00:00+00:00,22.31999969482422
2024-02-28 08:00:00+00:00,22.514999389648438
2024-02-28 09:00:00+00:00,22.489999771118164
2024-02-28 10:00:00+00:00,22.520000457763672
2024-02-28 11:00:00+00:00,22.55500030517578
2024-02-28 12:00:00+00:00,22.549999237060547
2024-02-28 13:00:00+00:00,22.65999984741211
2024-02-28 14:00:00+00:00,22.579999923706055
2024-02-28 15:00:00+00:00,22.584999084472656
2024-02-28 16:00:00+00:00,22.614999771118164
2024-02-28 17:00:00+00:00,22.635000228881836
2024-02-28 18:00:00+00:00,22.604999542236328
2024-02-28 19:00:00+00:00,22.604999542236328
2024-02-28 20:00:00+00:00,22.674999237060547
2024-02-28 21:00:00+00:00,22.674999237060547
2024-02-28 23:00:00+00:00,22.655000686645508
2024-02-29 00:00:00+00:00,22.645000457763672
2024-02-29 01:00:00+00:00,22.700000762939453
2024-02-29 02:00:00+00:00,22.729999542236328
2024-02-29 03:00:00+00:00,22.709999084472656
2024-02-29 04:00:00+00:00,22.709999084472656
2024-02-29 05:00:00+00:00,22.709999084472656
2024-02-29 06:00:00+00:00,22.729999542236328
2024-02-29 07:00:00+00:00,22.700000762939453
2024-02-29 08:00:00+00:00,22.700000762939453
2024-02-29 09:00:00+00:00,22.649999618530273
2024-02-29 10:00:00+00:00,22.549999237060547
2024-02-29 11:00:00+00:00,22.565000534057617
2024-02-29 12:00:00+00:00,22.545000076293945
2024-02-29 13:00:00+00:00,22.934999465942383
2024-02-29 14:00:00+00:00,22.860000610351562
2024-02-29 15:00:00+00:00,22.864999771118164
2024-02-29 16:00:00+00:00,22.81999969482422
2024-02-29 17:00:00+00:00,22.8799991607666
2024-02-29 18:00:00+00:00,22.905000686645508
2024-02-29 19:00:00+00:00,22.864999771118164
2024-02-29 20:00:00+00:00,22.8799991607666
2024-02-29 21:00:00+00:00,22.8799991607666
2024-02-29 23:00:00+00:00,22.8700008392334
2024-03-01 00:00:00+00:00,22.8799991607666
2024-03-01 01:00:00+00:00,22.875
2024-03-01 02:00:00+00:00,22.915000915527344
2024-03-01 03:00:00+00:00,22.985000610351562
2024-03-01 04:00:00+00:00,22.94499969482422
2024-03-01 05:00:00+00:00,22.915000915527344
2024-03-01 06:00:00+00:00,22.940000534057617
2024-03-01 07:00:00+00:00,22.84000015258789
2024-03-01 08:00:00+00:00,22.725000381469727
2024-03-01 09:00:00+00:00,22.844999313354492
2024-03-01 10:00:00+00:00,22.895000457763672
2024-03-01 11:00:00+00:00,22.915000915527344
2024-03-01 12:00:00+00:00,22.895000457763672
2024-03-01 13:00:00+00:00,22.864999771118164
2024-03-01 14:00:00+00:00,22.790000915527344
2024-03-01 15:00:00+00:00,23.15999984741211
2024-03-01 16:00:00+00:00,23.315000534057617
2024-03-01 17:00:00+00:00,23.344999313354492
2024-03-01 18:00:00+00:00,23.459999084472656
2024-03-01 19:00:00+00:00,23.434999465942383
2024-03-01 20:00:00+00:00,23.385000228881836
2024-03-01 21:00:00+00:00,23.344999313354492
2024-03-03 23:00:00+00:00,23.31999969482422
2024-03-04 00:00:00+00:00,23.3799991607666
2024-03-04 01:00:00+00:00,23.264999389648438
2024-03-04 02:00:00+00:00,23.290000915527344
2024-03-04 03:00:00+00:00,23.280000686645508
2024-03-04 04:00:00+00:00,23.25
2024-03-04 05:00:00+00:00,23.235000610351562
2024-03-04 06:00:00+00:00,23.299999237060547
2024-03-04 07:00:00+00:00,23.354999542236328
2024-03-04 08:00:00+00:00,23.299999237060547
2024-03-04 09:00:00+00:00,23.360000610351562
2024-03-04 10:00:00+00:00,23.354999542236328
2024-03-04 11:00:00+00:00,23.34000015258789
2024-03-04 12:00:00+00:00,23.354999542236328
2024-03-04 13:00:00+00:00,23.55500030517578
2024-03-04 14:00:00+00:00,23.729999542236328
2024-03-04 15:00:00+00:00,23.834999084472656
2024-03-04 16:00:00+00:00,24.014999389648438
2024-03-04 17:00:00+00:00,24.0049991607666
2024-03-04 18:00:00+00:00,24.024999618530273
2024-03-04 19:00:00+00:00,24.1200008392334
2024-03-04 20:00:00+00:00,24.125
2024-03-04 21:00:00+00:00,24.104999542236328
2024-03-04 23:00:00+00:00,24.165000915527344
2024-03-05 00:00:00+00:00,24.084999084472656
2024-03-05 01:00:00+00:00,23.934999465942383
2024-03-05 02:00:00+00:00,23.940000534057617
2024-03-05 03:00:00+00:00,23.90999984741211
2024-03-05 04:00:00+00:00,23.94499969482422
2024-03-05 05:00:00+00:00,24.040000915527344
2024-03-05 06:00:00+00:00,24.024999618530273
2024-03-05 07:00:00+00:00,24.065000534057617
2024-03-05 08:00:00+00:00,24.165000915527344
2024-03-05 09:00:00+00:00,24.155000686645508
2024-03-05 10:00:00+00:00,24.1299991607666
2024-03-05 11:00:00+00:00,24.190000534057617
2024-03-05 12:00:00+00:00,24.165000915527344
2024-03-05 13:00:00+00:00,24.219999313354492
2024-03-05 14:00:00+00:00,24.155000686645508
2024-03-05 15:00:00+00:00,24.075000762939453
2024-03-05 16:00:00+00:00,23.989999771118164
2024-03-05 17:00:00+00:00,23.985000610351562
2024-03-05 18:00:00+00:00,23.895000457763672
2024-03-05 19:00:00+00:00,23.899999618530273
2024-03-05 20:00:00+00:00,23.899999618530273
2024-03-05 21:00:00+00:00,23.889999389648438
2024-03-05 23:00:00+00:00,23.924999237060547
2024-03-06 00:00:00+00:00,23.899999618530273
2024-03-06 01:00:00+00:00,23.809999465942383
2024-03-06 02:00:00+00:00,23.885000228881836
2024-03-06 03:00:00+00:00,23.829999923706055
2024-03-06 04:00:00+00:00,23.850000381469727
2024-03-06 05:00:00+00:00,23.915000915527344
2024-03-06 06:00:00+00:00,23.90999984741211
2024-03-06 07:00:00+00:00,23.924999237060547
2024-03-06 08:00:00+00:00,23.90999984741211
2024-03-06 09:00:00+00:00,23.975000381469727
2024-03-06 10:00:00+00:00,23.915000915527344
2024-03-06 11:00:00+00:00,24.0049991607666
2024-03-06 12:00:00+00:00,24.0
2024-03-06 13:00:00+00:00,24.05500030517578
2024-03-06 14:00:00+00:00,24.235000610351562
2024-03-06 15:00:00+00:00,24.280000686645508
2024-03-06 16:00:00+00:00,24.420000076293945
2024-03-06 17:00:00+00:00,24.450000762939453
2024-03-06 18:00:00+00:00,24.420000076293945
2024-03-06 19:00:00+00:00,24.375
2024-03-06 20:00:00+00:00,24.395000457763672
2024-03-06 21:00:00+00:00,24.399999618530273
2024-03-06 23:00:00+00:00,24.385000228881836
2024-03-07 00:00:00+00:00,24.424999237060547
2024-03-07 01:00:00+00:00,24.28499984741211
2024-03-07 02:00:00+00:00,24.344999313354492
2024-03-07 03:00:00+00:00,24.344999313354492
2024-03-07 04:00:00+00:00,24.40999984741211
2024-03-07 05:00:00+00:00,24.2549991607666
2024-03-07 06:00:00+00:00,24.299999237060547
2024-03-07 07:00:00+00:00,24.31999969482422
2024-03-07 08:00:00+00:00,24.350000381469727
2024-03-07 09:00:00+00:00,24.3799991607666
2024-03-07 10:00:00+00:00,24.399999618530273
2024-03-07 11:00:00+00:00,24.350000381469727
2024-03-07 12:00:00+00:00,24.405000686645508
2024-03-07 13:00:00+00:00,24.479999542236328
2024-03-07 14:00:00+00:00,24.545000076293945
2024-03-07 15:00:00+00:00,24.709999084472656
2024-03-07 16:00:00+00:00,24.6200008392334
2024-03-07 17:00:00+00:00,24.604999542236328
2024-03-07 18:00:00+00:00,24.540000915527344
2024-03-07 19:00:00+00:00,24.584999084472656
2024-03-07 20:00:00+00:00,24.545000076293945
2024-03-07 21:00:00+00:00,24.545000076293945
2024-03-07 23:00:00+00:00,24.614999771118164
2024-03-08 00:00:00+00:00,24.600000381469727
2024-03-08 01:00:00+00:00,24.524999618530273
2024-03-08 02:00:00+00:00,24.489999771118164
2024-03-08 03:00:00+00:00,24.524999618530273
2024-03-08 04:00:00+00:00,24.565000534057617
2024-03-08 05:00:00+00:00,24.549999237060547
2024-03-08 06:00:00+00:00,24.625
2024-03-08 07:00:00+00:00,24.700000762939453
2024-03-08 08:00:00+00:00,24.700000762939453
2024-03-08 09:00:00+00:00,24.725000381469727
2024-03-08 10:00:00+00:00,24.75
2024-03-08 11:00:00+00:00,24.719999313354492
2024-03-08 12:00:00+00:00,24.684999465942383
2024-03-08 13:00:00+00:00,24.579999923706055
2024-03-08 14:00:00+00:00,24.545000076293945
2024-03-08 15:00:00+00:00,24.559999465942383
2024-03-08 16:00:00+00:00,24.549999237060547
2024-03-08 17:00:00+00:00,24.600000381469727
2024-03-08 18:00:00+00:00,24.514999389648438
2024-03-08 19:00:00+00:00,24.524999618530273
2024-03-08 20:00:00+00:00,24.5
2024-03-08 21:00:00+00:00,24.524999618530273
2024-03-10 22:00:00+00:00,24.530000686645508
2024-03-10 23:00:00+00:00,24.604999542236328
2024-03-11 00:00:00+00:00,24.645000457763672
2024-03-11 01:00:00+00:00,24.55500030517578
2024-03-11 02:00:00+00:00,24.459999084472656
2024-03-11 03:00:00+00:00,24.489999771118164
2024-03-11 04:00:00+00:00,24.485000610351562
2024-03-11 05:00:00+00:00,24.5049991607666
2024-03-11 06:00:00+00:00,24.55500030517578
2024-03-11 07:00:00+00:00,24.579999923706055
2024-03-11 08:00:00+00:00,24.520000457763672
2024-03-11 09:00:00+00:00,24.56999969482422
2024-03-11 10:00:00+00:00,24.524999618530273
2024-03-11 11:00:00+00:00,24.56999969482422
2024-03-11 12:00:00+00:00,24.649999618530273
2024-03-11 13:00:00+00:00,24.635000228881836
2024-03-11 14:00:00+00:00,24.670000076293945
2024-03-11 15:00:00+00:00,24.71500015258789
2024-03-11 16:00:00+00:00,24.704999923706055
2024-03-11 17:00:00+00:00,24.68000030517578
2024-03-11 18:00:00+00:00,24.649999618530273
2024-03-11 19:00:00+00:00,24.65999984741211
2024-03-11 20:00:00+00:00,24.68000030517578
2024-03-11 22:00:00+00:00,24.69499969482422
2024-03-11 23:00:00+00:00,24.704999923706055
2024-03-12 00:00:00+00:00,24.649999618530273
2024-03-12 01:00:00+00:00,24.709999084472656
2024-03-12 02:00:00+00:00,24.65999984741211
2024-03-12 03:00:00+00:00,24.665000915527344
2024-03-12 04:00:00+00:00,24.69499969482422
2024-03-12 05:00:00+00:00,24.690000534057617
2024-03-12 06:00:00+00:00,24.625
2024-03-12 07:00:00+00:00,24.635000228881836
2024-03-12 08:00:00+00:00,24.68000030517578
2024-03-12 09:00:00+00:00,24.649999618530273
2024-03-12 10:00:00+00:00,24.665000915527344
2024-03-12 11:00:00+00:00,24.594999313354492
2024-03-12 12:00:00+00:00,24.575000762939453
2024-03-12 13:00:00+00:00,24.350000381469727
2024-03-12 14:00:00+00:00,24.395000457763672
2024-03-12 15:00:00+00:00,24.434999465942383
2024-03-12 16:00:00+00:00,24.46500015258789
2024-03-12 17:00:00+00:00,24.325000762939453
2024-03-12 18:00:00+00:00,24.295000076293945
2024-03-12 19:00:00+00:00,24.344999313354492
2024-03-12 20:00:00+00:00,24.34000015258789
2024-03-12 22:00:00+00:00,24.344999313354492
2024-03-12 23:00:00+00:00,24.344999313354492
2024-03-13 00:00:00+00:00,24.385000228881836
2024-03-13 01:00:00+00:00,24.329999923706055
2024-03-13 02:00:00+00:00,24.329999923706055
2024-03-13 03:00:00+00:00,24.31999969482422
2024-03-13 04:00:00+00:00,24.309999465942383
2024-03-13 05:00:00+00:00,24.375
2024-03-13 06:00:00+00:00,24.395000457763672
2024-03-13 07:00:00+00:00,24.415000915527344
2024-03-13 08:00:00+00:00,24.424999237060547
2024-03-13 09:00:00+00:00,24.44499969482422
2024-03-13 10:00:00+00:00,24.514999389648438
2024-03-13 11:00:00+00:00,24.4950008392334
2024-03-13 12:00:00+00:00,24.600000381469727
2024-03-13 13:00:00+00:00,24.614999771118164
2024-03-13 14:00:00+00:00,24.69499969482422
2024-03-13 15:00:00+00:00,25.045000076293945
2024-03-13 16:00:00+00:00,25.165000915527344
2024-03-13 17:00:00+00:00,25.15999984741211
2024-03-13 18:00:00+00:00,25.21500015258789
2024-03-13 19:00:00+00:00,25.145000457763672
2024-03-13 20:00:00+00:00,25.225000381469727
2024-03-13 22:00:00+00:00,25.239999771118164
2024-03-13 23:00:00+00:00,25.2549991607666
2024-03-14 00:00:00+00:00,25.270000457763672
2024-03-14 01:00:00+00:00,25.309999465942383
2024-03-14 02:00:00+00:00,25.229999542236328
2024-03-14 03:00:00+00:00,25.219999313354492
2024-03-14 04:00:00+00:00,25.18000030517578
2024-03-14 05:00:00+00:00,25.110000610351562
2024-03-14 06:00:00+00:00,25.1299991607666
2024-03-14 07:00:00+00:00,25.15999984741211
2024-03-14 08:00:00+00:00,25.19499969482422
2024-03-14 09:00:00+00:00,25.225000381469727
2024-03-14 10:00:00+00:00,25.229999542236328
2024-03-14 11:00:00+00:00,25.204999923706055
2024-03-14 12:00:00+00:00,25.18000030517578
2024-03-14 13:00:00+00:00,25.225000381469727
2024-03-14 14:00:00+00:00,25.1200008392334
2024-03-14 15:00:00+00:00,25.030000686645508
2024-03-14 16:00:00+00:00,25.020000457763672
2024-03-14 17:00:00+00:00,25.040000915527344
2024-03-14 18:00:00+00:00,25.030000686645508
2024-03-14 19:00:00+00:00,25.05500030517578
2024-03-14 20:00:00+00:00,25.024999618530273
2024-03-14 22:00:00+00:00,25.014999389648438
2024-03-14 23:00:00+00:00,25.045000076293945
2024-03-15 00:00:00+00:00,25.084999084472656
2024-03-15 01:00:00+00:00,25.1299991607666
2024-03-15 02:00:00+00:00,25.145000457763672
2024-03-15 03:00:00+00:00,25.209999084472656
2024-03-15 04:00:00+00:00,25.21500015258789
2024-03-15 05:00:00+00:00,25.389999389648438
2024-03-15 06:00:00+00:00,25.315000534057617
2024-03-15 07:00:00+00:00,25.219999313354492
2024-03-15 08:00:00+00:00,25.299999237060547
2024-03-15 09:00:00+00:00,25.375
2024-03-15 10:00:00+00:00,25.389999389648438
2024-03-15 11:00:00+00:00,25.415000915527344
2024-03-15 12:00:00+00:00,25.344999313354492
2024-03-15 13:00:00+00:00,25.434999465942383
2024-03-15 14:00:00+00:00,25.579999923706055
2024-03-15 15:00:00+00:00,25.530000686645508
2024-03-15 16:00:00+00:00,25.420000076293945
2024-03-15 17:00:00+00:00,25.399999618530273
2024-03-15 18:00:00+00:00,25.454999923706055
2024-03-15 19:00:00+00:00,25.40999984741211
2024-03-15 20:00:00+00:00,25.405000686645508
2024-03-17 22:00:00+00:00,25.329999923706055
2024-03-17 23:00:00+00:00,25.34000015258789
2024-03-18 00:00:00+00:00,25.385000228881836
2024-03-18 01:00:00+00:00,25.260000228881836
2024-03-18 02:00:00+00:00,25.225000381469727
2024-03-18 03:00:00+00:00,25.209999084472656
2024-03-18 04:00:00+00:00,25.204999923706055
2024-03-18 05:00:00+00:00,25.2450008392334
2024-03-18 06:00:00+00:00,25.235000610351562
2024-03-18 07:00:00+00:00,25.295000076293945
2024-03-18 08:00:00+00:00,25.299999237060547
2024-03-18 09:00:00+00:00,25.295000076293945
2024-03-18 10:00:00+00:00,25.350000381469727
2024-03-18 11:00:00+00:00,25.364999771118164
2024-03-18 12:00:00+00:00,25.44499969482422
2024-03-18 13:00:00+00:00,25.3700008392334
2024-03-18 14:00:00+00:00,25.295000076293945
2024-03-18 15:00:00+00:00,25.264999389648438
2024-03-18 16:00:00+00:00,25.239999771118164
2024-03-18 17:00:00+00:00,25.28499984741211
2024-03-18 18:00:00+00:00,25.2549991607666
2024-03-18 19:00:00+00:00,25.2549991607666
2024-03-18 20:00:00+00:00,25.239999771118164
2024-03-18 22:00:00+00:00,25.235000610351562
2024-03-18 23:00:00+00:00,25.274999618530273
2024-03-19 00:00:00+00:00,25.274999618530273
2024-03-19 01:00:00+00:00,25.280000686645508
2024-03-19 02:00:00+00:00,25.31999969482422
2024-03-19 03:00:00+00:00,25.329999923706055
2024-03-19 04:00:00+00:00,25.309999465942383
2024-03-19 05:00:00+00:00,25.165000915527344
2024-03-19 06:00:00+00:00,25.114999771118164
2024-03-19 07:00:00+00:00,25.165000915527344
2024-03-19 08:00:00+00:00,25.09000015258789
2024-03-19 09:00:00+00:00,25.100000381469727
2024-03-19 10:00:00+00:00,25.125
2024-03-19 11:00:00+00:00,25.114999771118164
2024-03-19 12:00:00+00:00,25.110000610351562
2024-03-19 13:00:00+00:00,25.040000915527344
2024-03-19 14:00:00+00:00,25.094999313354492
2024-03-19 15:00:00+00:00,25.1200008392334
2024-03-19 16:00:00+00:00,25.145000457763672
2024-03-19 17:00:00+00:00,25.125
2024-03-19 18:00:00+00:00,25.125
2024-03-19 19:00:00+00:00,25.104999542236328
2024-03-19 20:00:00+00:00,25.104999542236328
2024-03-19 22:00:00+00:00,25.104999542236328
2024-03-19 23:00:00+00:00,25.065000534057617
2024-03-20 00:00:00+00:00,25.09000015258789
2024-03-20 01:00:00+00:00,25.145000457763672
2024-03-20 02:00:00+00:00,25.170000076293945
2024-03-20 03:00:00+00:00,25.149999618530273
2024-03-20 04:00:00+00:00,25.06999969482422
2024-03-20 05:00:00+00:00,25.084999084472656
2024-03-20 06:00:00+00:00,25.09000015258789
2024-03-20 07:00:00+00:00,25.094999313354492
2024-03-20 08:00:00+00:00,25.03499984741211
2024-03-20 09:00:00+00:00,25.024999618530273
2024-03-20 10:00:00+00:00,25.03499984741211
2024-03-20 11:00:00+00:00,25.03499984741211
2024-03-20 12:00:00+00:00,24.969999313354492
2024-03-20 13:00:00+00:00,25.149999618530273
2024-03-20 14:00:00+00:00,25.135000228881836
2024-03-20 15:00:00+00:00,25.079999923706055
2024-03-20 16:00:00+00:00,25.110000610351562
2024-03-20 17:00:00+00:00,25.09000015258789
2024-03-20 18:00:00+00:00,25.700000762939453
2024-03-20 19:00:00+00:00,25.674999237060547
2024-03-20 20:00:00+00:00,25.774999618530273
2024-03-20 22:00:00+00:00,25.84000015258789
2024-03-20 23:00:00+00:00,25.899999618530273
2024-03-21 00:00:00+00:00,25.825000762939453
2024-03-21 01:00:00+00:00,25.90999984741211
2024-03-21 02:00:00+00:00,25.860000610351562
2024-03-21 03:00:00+00:00,25.815000534057617
2024-03-21 04:00:00+00:00,25.825000762939453
2024-03-21 05:00:00+00:00,25.84000015258789
2024-03-21 06:00:00+00:00,25.8799991607666
2024-03-21 07:00:00+00:00,25.850000381469727
2024-03-21 08:00:00+00:00,25.645000457763672
2024-03-21 09:00:00+00:00,25.655000686645508
2024-03-21 10:00:00+00:00,25.645000457763672
2024-03-21 11:00:00+00:00,25.625
2024-03-21 12:00:00+00:00,25.565000534057617
2024-03-21 13:00:00+00:00,25.264999389648438
2024-03-21 14:00:00+00:00,25.030000686645508
2024-03-21 15:00:00+00:00,24.940000534057617
2024-03-21 16:00:00+00:00,24.989999771118164
2024-03-21 17:00:00+00:00,24.975000381469727
2024-03-21 18:00:00+00:00,24.959999084472656
2024-03-21 19:00:00+00:00,24.934999465942383
2024-03-21 20:00:00+00:00,24.915000915527344
2024-03-21 22:00:00+00:00,24.920000076293945
2024-03-21 23:00:00+00:00,24.93000030517578
2024-03-22 00:00:00+00:00,24.985000610351562
2024-03-22 01:00:00+00:00,24.709999084472656
2024-03-22 02:00:00+00:00,24.719999313354492
2024-03-22 03:00:00+00:00,24.725000381469727
2024-03-22 04:00:00+00:00,24.709999084472656
2024-03-22 05:00:00+00:00,24.704999923706055
2024-03-22 06:00:00+00:00,24.670000076293945
2024-03-22 07:00:00+00:00,24.704999923706055
2024-03-22 08:00:00+00:00,24.760000228881836
2024-03-22 09:00:00+00:00,24.760000228881836
2024-03-22 10:00:00+00:00,24.799999237060547
2024-03-22 11:00:00+00:00,24.760000228881836
2024-03-22 12:00:00+00:00,24.8700008392334
2024-03-22 13:00:00+00:00,25.079999923706055
2024-03-22 14:00:00+00:00,24.950000762939453
2024-03-22 15:00:00+00:00,24.889999389648438
2024-03-22 16:00:00+00:00,24.844999313354492
2024-03-22 17:00:00+00:00,24.809999465942383
2024-03-22 18:00:00+00:00,24.844999313354492
2024-03-22 19:00:00+00:00,24.829999923706055
2024-03-22 20:00:00+00:00,24.84000015258789
2024-03-24 22:00:00+00:00,24.81999969482422
2024-03-24 23:00:00+00:00,24.854999542236328
2024-03-25 00:00:00+00:00,24.790000915527344
2024-03-25 01:00:00+00:00,24.985000610351562
2024-03-25 02:00:00+00:00,24.950000762939453
2024-03-25 03:00:00+00:00,24.834999084472656
2024-03-25 04:00:00+00:00,24.850000381469727
2024-03-25 05:00:00+00:00,24.854999542236328
2024-03-25 06:00:00+00:00,24.78499984741211
2024-03-25 07:00:00+00:00,24.84000015258789
2024-03-25 08:00:00+00:00,24.850000381469727
2024-03-25 09:00:00+00:00,24.860000610351562
2024-03-25 10:00:00+00:00,24.875
2024-03-25 11:00:00+00:00,24.834999084472656
2024-03-25 12:00:00+00:00,24.905000686645508
2024-03-25 13:00:00+00:00,24.940000534057617
2024-03-25 14:00:00+00:00,24.940000534057617
2024-03-25 15:00:00+00:00,24.8799991607666
2024-03-25 16:00:00+00:00,24.93000030517578
2024-03-25 17:00:00+00:00,24.854999542236328
2024-03-25 18:00:00+00:00,24.84000015258789
2024-03-25 19:00:00+00:00,24.834999084472656
2024-03-25 20:00:00+00:00,24.834999084472656
2024-03-25 22:00:00+00:00,24.815000534057617
2024-03-25 23:00:00+00:00,24.815000534057617
2024-03-26 00:00:00+00:00,24.850000381469727
2024-03-26 01:00:00+00:00,24.795000076293945
2024-03-26 02:00:00+00:00,24.780000686645508
2024-03-26 03:00:00+00:00,24.774999618530273
2024-03-26 04:00:00+00:00,24.80500030517578
2024-03-26 05:00:00+00:00,24.7549991607666
2024-03-26 06:00:00+00:00,24.719999313354492
2024-03-26 07:00:00+00:00,24.71500015258789
2024-03-26 08:00:00+00:00,24.78499984741211
2024-03-26 09:00:00+00:00,24.875
2024-03-26 10:00:00+00:00,24.915000915527344
2024-03-26 11:00:00+00:00,25.0049991607666
2024-03-26 12:00:00+00:00,24.889999389648438
2024-03-26 13:00:00+00:00,24.735000610351562
2024-03-26 14:00:00+00:00,24.71500015258789
2024-03-26 15:00:00+00:00,24.594999313354492
2024-03-26 16:00:00+00:00,24.635000228881836
2024-03-26 17:00:00+00:00,24.604999542236328
2024-03-26 18:00:00+00:00,24.575000762939453
2024-03-26 19:00:00+00:00,24.565000534057617
2024-03-26 20:00:00+00:00,24.604999542236328
2024-03-26 22:00:00+00:00,24.53499984741211
2024-03-26 23:00:00+00:00,24.575000762939453
2024-03-27 00:00:00+00:00,24.559999465942383
2024-03-27 01:00:00+00:00,24.4950008392334
2024-03-27 02:00:00+00:00,24.540000915527344
2024-03-27 03:00:00+00:00,24.575000762939453
2024-03-27 04:00:00+00:00,24.579999923706055
2024-03-27 05:00:00+00:00,24.559999465942383
2024-03-27 06:00:00+00:00,24.610000610351562
2024-03-27 07:00:00+00:00,24.594999313354492
2024-03-27 08:00:00+00:00,24.524999618530273
2024-03-27 09:00:00+00:00,24.614999771118164
2024-03-27 10:00:00+00:00,24.709999084472656
2024-03-27 11:00:00+00:00,24.6299991607666
2024-03-27 12:00:00+00:00,24.584999084472656
2024-03-27 13:00:00+00:00,24.739999771118164
2024-03-27 14:00:00+00:00,24.725000381469727
2024-03-27 15:00:00+00:00,24.649999618530273
2024-03-27 16:00:00+00:00,24.71500015258789
2024-03-27 17:00:00+00:00,24.704999923706055
2024-03-27 18:00:00+00:00,24.7450008392334
2024-03-27 19:00:00+00:00,24.735000610351562
2024-03-27 20:00:00+00:00,24.764999389648438
2024-03-27 22:00:00+00:00,24.69499969482422
2024-03-27 23:00:00+00:00,24.674999237060547
2024-03-28 00:00:00+00:00,24.674999237060547
2024-03-28 01:00:00+00:00,24.690000534057617
2024-03-28 02:00:00+00:00,24.790000915527344
2024-03-28 03:00:00+00:00,24.799999237060547
2024-03-28 04:00:00+00:00,24.799999237060547
2024-03-28 05:00:00+00:00,24.735000610351562
2024-03-28 06:00:00+00:00,24.7450008392334
2024-03-28 07:00:00+00:00,24.594999313354492
2024-03-28 08:00:00+00:00,24.524999618530273
2024-03-28 09:00:00+00:00,24.565000534057617
2024-03-28 10:00:00+00:00,24.790000915527344
2024-03-28 11:00:00+00:00,24.670000076293945
2024-03-28 12:00:00+00:00,24.8700008392334
2024-03-28 13:00:00+00:00,24.700000762939453
2024-03-28 14:00:00+00:00,24.969999313354492
2024-03-28 15:00:00+00:00,24.899999618530273
2024-03-28 16:00:00+00:00,24.954999923706055
2024-03-28 17:00:00+00:00,24.989999771118164
2024-03-28 18:00:00+00:00,24.959999084472656
2024-03-28 19:00:00+00:00,24.9950008392334
2024-03-28 20:00:00+00:00,25.100000381469727
2024-03-31 22:00:00+00:00,25.155000686645508
2024-03-31 23:00:00+00:00,25.290000915527344
2024-04-01 00:00:00+00:00,25.274999618530273
2024-04-01 01:00:00+00:00,25.225000381469727
2024-04-01 02:00:00+00:00,25.2549991607666
2024-04-01 03:00:00+00:00,25.385000228881836
2024-04-01 04:00:00+00:00,25.299999237060547
2024-04-01 05:00:00+00:00,25.354999542236328
2024-04-01 06:00:00+00:00,25.334999084472656
2024-04-01 07:00:00+00:00,25.295000076293945
2024-04-01 08:00:00+00:00,25.239999771118164
2024-04-01 09:00:00+00:00,25.200000762939453
2024-04-01 10:00:00+00:00,25.174999237060547
2024-04-01 11:00:00+00:00,25.1200008392334
2024-04-01 12:00:00+00:00,25.260000228881836
2024-04-01 13:00:00+00:00,25.170000076293945
2024-04-01 14:00:00+00:00,25.03499984741211
2024-04-01 15:00:00+00:00,25.145000457763672
2024-04-01 16:00:00+00:00,25.084999084472656
2024-04-01 17:00:00+00:00,25.104999542236328
2024-04-01 18:00:00+00:00,25.065000534057617
2024-04-01 19:00:00+00:00,25.125
2024-04-01 20:00:00+00:00,25.219999313354492
2024-04-01 22:00:00+00:00,25.274999618530273
2024-04-01 23:00:00+00:00,25.204999923706055
2024-04-02 00:00:00+00:00,25.290000915527344
2024-04-02 01:00:00+00:00,25.295000076293945
2024-04-02 02:00:00+00:00,25.440000534057617
2024-04-02 03:00:00+00:00,25.3799991607666
2024-04-02 04:00:00+00:00,25.454999923706055
2024-04-02 05:00:00+00:00,25.440000534057617
2024-04-02 06:00:00+00:00,25.579999923706055
2024-04-02 07:00:00+00:00,25.670000076293945
2024-04-02 08:00:00+00:00,25.725000381469727
2024-04-02 09:00:00+00:00,25.725000381469727
2024-04-02 10:00:00+00:00,25.790000915527344
2024-04-02 11:00:00+00:00,25.69499969482422
2024-04-02 12:00:00+00:00,25.790000915527344
2024-04-02 13:00:00+00:00,25.59000015258789
2024-04-02 14:00:00+00:00,25.829999923706055
2024-04-02 15:00:00+00:00,25.934999465942383
2024-04-02 16:00:00+00:00,25.889999389648438
2024-04-02 17:00:00+00:00,26.014999389648438
2024-04-02 18:00:00+00:00,26.084999084472656
2024-04-02 19:00:00+00:00,26.184999465942383
2024-04-02 20:00:00+00:00,26.2549991607666
2024-04-02 22:00:00+00:00,26.295000076293945
2024-04-02 23:00:00+00:00,26.28499984741211
2024-04-03 00:00:00+00:00,26.329999923706055
2024-04-03 01:00:00+00:00,26.3700008392334
2024-04-03 02:00:00+00:00,26.440000534057617
2024-04-03 03:00:00+00:00,26.5
2024-04-03 04:00:00+00:00,26.479999542236328
2024-04-03 05:00:00+00:00,26.520000457763672
2024-04-03 06:00:00+00:00,26.53499984741211
2024-04-03 07:00:00+00:00,26.375
2024-04-03 08:00:00+00:00,26.389999389648438
2024-04-03 09:00:00+00:00,26.389999389648438
2024-04-03 10:00:00+00:00,26.450000762939453
2024-04-03 11:00:00+00:00,26.489999771118164
2024-04-03 12:00:00+00:00,26.614999771118164
2024-04-03 13:00:00+00:00,26.75
2024-04-03 14:00:00+00:00,26.969999313354492
2024-04-03 15:00:00+00:00,26.825000762939453
2024-04-03 16:00:00+00:00,27.05500030517578
2024-04-03 17:00:00+00:00,27.1200008392334
2024-04-03 18:00:00+00:00,27.145000457763672
2024-04-03 19:00:00+00:00,27.170000076293945
2024-04-03 20:00:00+00:00,27.31999969482422
2024-04-03 22:00:00+00:00,27.325000762939453
2024-04-03 23:00:00+00:00,27.21500015258789
2024-04-04 00:00:00+00:00,27.399999618530273
2024-04-04 01:00:00+00:00,27.31999969482422
2024-04-04 02:00:00+00:00,27.2549991607666
2024-04-04 03:00:00+00:00,27.21500015258789
2024-04-04 04:00:00+00:00,27.184999465942383
2024-04-04 05:00:00+00:00,27.110000610351562
2024-04-04 06:00:00+00:00,27.094999313354492
2024-04-04 07:00:00+00:00,27.174999237060547
2024-04-04 08:00:00+00:00,27.184999465942383
2024-04-04 09:00:00+00:00,27.15999984741211
2024-04-04 10:00:00+00:00,27.1299991607666
2024-04-04 11:00:00+00:00,27.06999969482422
2024-04-04 12:00:00+00:00,27.059999465942383
2024-04-04 13:00:00+00:00,26.940000534057617
2024-04-04 14:00:00+00:00,27.225000381469727
2024-04-04 15:00:00+00:00,27.229999542236328
2024-04-04 16:00:00+00:00,27.190000534057617
2024-04-04 17:00:00+00:00,27.329999923706055
2024-04-04 18:00:00+00:00,27.375
2024-04-04 19:00:00+00:00,26.905000686645508
2024-04-04 20:00:00+00:00,27.024999618530273
2024-04-04 22:00:00+00:00,26.959999084472656
2024-04-04 23:00:00+00:00,26.924999237060547
2024-04-05 00:00:00+00:00,26.760000228881836
2024-04-05 01:00:00+00:00,26.540000915527344
2024-04-05 02:00:00+00:00,26.55500030517578
2024-04-05 03:00:00+00:00,26.6200008392334
2024-04-05 04:00:00+00:00,26.670000076293945
2024-04-05 05:00:00+00:00,26.809999465942383
2024-04-05 06:00:00+00:00,26.809999465942383
2024-04-05 07:00:00+00:00,26.8799991607666
2024-04-05 08:00:00+00:00,26.8799991607666
2024-04-05 09:00:00+00:00,26.915000915527344
2024-04-05 10:00:00+00:00,26.895000457763672
2024-04-05 11:00:00+00:00,26.815000534057617
2024-04-05 12:00:00+00:00,26.81999969482422
2024-04-05 13:00:00+00:00,27.09000015258789
2024-04-05 14:00:00+00:00,27.325000762939453
2024-04-05 15:00:00+00:00,27.489999771118164
2024-04-05 16:00:00+00:00,27.514999389648438
2024-04-05 17:00:00+00:00,27.540000915527344
2024-04-05 18:00:00+00:00,27.5
2024-04-05 19:00:00+00:00,27.5
2024-04-05 20:00:00+00:00,27.59000015258789
2024-04-07 22:00:00+00:00,27.239999771118164
2024-04-07 23:00:00+00:00,27.28499984741211
2024-04-08 00:00:00+00:00,27.1299991607666
2024-04-08 01:00:00+00:00,27.704999923706055
2024-04-08 02:00:00+00:00,28.165000915527344
2024-04-08 03:00:00+00:00,27.96500015258789
2024-04-08 04:00:00+00:00,27.895000457763672
2024-04-08 05:00:00+00:00,27.764999389648438
2024-04-08 06:00:00+00:00,27.8799991607666
2024-04-08 07:00:00+00:00,27.90999984741211
2024-04-08 08:00:00+00:00,27.905000686645508
2024-04-08 09:00:00+00:00,27.924999237060547
2024-04-08 10:00:00+00:00,27.940000534057617
2024-04-08 11:00:00+00:00,27.719999313354492
2024-04-08 12:00:00+00:00,27.774999618530273
2024-04-08 13:00:00+00:00,27.56999969482422
2024-04-08 14:00:00+00:00,27.75
2024-04-08 15:00:00+00:00,27.81999969482422
2024-04-08 16:00:00+00:00,27.795000076293945
2024-04-08 17:00:00+00:00,27.920000076293945
2024-04-08 18:00:00+00:00,27.959999084472656
2024-04-08 19:00:00+00:00,27.905000686645508
2024-04-08 20:00:00+00:00,27.969999313354492
2024-04-08 22:00:00+00:00,28.010000228881836
2024-04-08 23:00:00+00:00,27.9950008392334
2024-04-09 00:00:00+00:00,27.9950008392334
2024-04-09 01:00:00+00:00,27.90999984741211
2024-04-09 02:00:00+00:00,27.9950008392334
2024-04-09 03:00:00+00:00,27.90999984741211
2024-04-09 04:00:00+00:00,27.889999389648438
2024-04-09 05:00:00+00:00,28.03499984741211
2024-04-09 06:00:00+00:00,27.94499969482422
2024-04-09 07:00:00+00:00,28.135000228881836
2024-04-09 08:00:00+00:00,28.15999984741211
2024-04-09 09:00:00+00:00,28.260000228881836
2024-04-09 10:00:00+00:00,28.075000762939453
2024-04-09 11:00:00+00:00,28.174999237060547
2024-04-09 12:00:00+00:00,28.200000762939453
2024-04-09 13:00:00+00:00,28.290000915527344
2024-04-09 14:00:00+00:00,28.104999542236328
2024-04-09 15:00:00+00:00,27.799999237060547
2024-04-09 16:00:00+00:00,27.985000610351562
2024-04-09 17:00:00+00:00,28.094999313354492
2024-04-09 18:00:00+00:00,28.190000534057617
2024-04-09 19:00:00+00:00,28.235000610351562
2024-04-09 20:00:00+00:00,28.280000686645508
2024-04-09 22:00:00+00:00,28.270000457763672
2024-04-09 23:00:00+00:00,28.28499984741211
2024-04-10 00:00:00+00:00,28.229999542236328
2024-04-10 01:00:00+00:00,28.209999084472656
2024-04-10 02:00:00+00:00,28.235000610351562
2024-04-10 03:00:00+00:00,28.21500015258789
2024-04-10 04:00:00+00:00,28.31999969482422
2024-04-10 05:00:00+00:00,28.229999542236328
2024-04-10 06:00:00+00:00,28.280000686645508
2024-04-10 07:00:00+00:00,28.204999923706055
2024-04-10 08:00:00+00:00,28.190000534057617
2024-04-10 09:00:00+00:00,28.165000915527344
2024-04-10 10:00:00+00:00,28.204999923706055
2024-04-10 11:00:00+00:00,28.190000534057617
2024-04-10 12:00:00+00:00,28.114999771118164
2024-04-10 13:00:00+00:00,27.975000381469727
2024-04-10 14:00:00+00:00,28.4950008392334
2024-04-10 15:00:00+00:00,28.100000381469727
2024-04-10 16:00:00+00:00,28.149999618530273
2024-04-10 17:00:00+00:00,28.184999465942383
2024-04-10 18:00:00+00:00,27.969999313354492
2024-04-10 19:00:00+00:00,27.934999465942383
2024-04-10 20:00:00+00:00,28.05500030517578
2024-04-10 22:00:00+00:00,28.0049991607666
2024-04-10 23:00:00+00:00,27.989999771118164
2024-04-11 00:00:00+00:00,27.905000686645508
2024-04-11 01:00:00+00:00,28.059999465942383
2024-04-11 02:00:00+00:00,28.104999542236328
2024-04-11 03:00:00+00:00,28.084999084472656
2024-04-11 04:00:00+00:00,28.05500030517578
2024-04-11 05:00:00+00:00,28.05500030517578
2024-04-11 06:00:00+00:00,27.96500015258789
2024-04-11 07:00:00+00:00,28.030000686645508
2024-04-11 08:00:00+00:00,27.924999237060547
2024-04-11 09:00:00+00:00,27.989999771118164
2024-04-11 10:00:00+00:00,28.110000610351562
2024-04-11 11:00:00+00:00,28.05500030517578
2024-04-11 12:00:00+00:00,28.125
2024-04-11 13:00:00+00:00,28.229999542236328
2024-04-11 14:00:00+00:00,27.93000030517578
2024-04-11 15:00:00+00:00,28.075000762939453
2024-04-11 16:00:00+00:00,28.139999389648438
2024-04-11 17:00:00+00:00,28.2549991607666
2024-04-11 18:00:00+00:00,28.424999237060547
2024-04-11 19:00:00+00:00,28.545000076293945
2024-04-11 20:00:00+00:00,28.545000076293945
2024-04-11 22:00:00+00:00,28.559999465942383
2024-04-11 23:00:00+00:00,28.575000762939453
2024-04-12 00:00:00+00:00,28.5
2024-04-12 01:00:00+00:00,28.90999984741211
2024-04-12 02:00:00+00:00,28.985000610351562
2024-04-12 03:00:00+00:00,28.860000610351562
2024-04-12 04:00:00+00:00,28.864999771118164
2024-04-12 05:00:00+00:00,28.979999542236328
2024-04-12 06:00:00+00:00,29.19499969482422
2024-04-12 07:00:00+00:00,29.219999313354492
2024-04-12 08:00:00+00:00,29.229999542236328
2024-04-12 09:00:00+00:00,29.260000228881836
2024-04-12 10:00:00+00:00,29.165000915527344
2024-04-12 11:00:00+00:00,29.125
2024-04-12 12:00:00+00:00,29.295000076293945
2024-04-12 13:00:00+00:00,29.6200008392334
2024-04-12 14:00:00+00:00,29.725000381469727
2024-04-12 15:00:00+00:00,29.075000762939453
2024-04-12 16:00:00+00:00,28.43000030517578
2024-04-12 17:00:00+00:00,28.3700008392334
2024-04-12 18:00:00+00:00,28.09000015258789
2024-04-12 19:00:00+00:00,28.135000228881836
2024-04-12 20:00:00+00:00,27.975000381469727
2024-04-14 22:00:00+00:00,28.135000228881836
2024-04-14 23:00:00+00:00,28.31999969482422
2024-04-15 00:00:00+00:00,28.145000457763672
2024-04-15 01:00:00+00:00,28.31999969482422
2024-04-15 02:00:00+00:00,28.334999084472656
2024-04-15 03:00:00+00:00,28.30500030517578
2024-04-15 04:00:00+00:00,28.299999237060547
2024-04-15 05:00:00+00:00,28.579999923706055
2024-04-15 06:00:00+00:00,28.55500030517578
2024-04-15 07:00:00+00:00,28.46500015258789
2024-04-15 08:00:00+00:00,28.399999618530273
2024-04-15 09:00:00+00:00,28.385000228881836
2024-04-15 10:00:00+00:00,28.524999618530273
2024-04-15 11:00:00+00:00,28.614999771118164
2024-04-15 12:00:00+00:00,28.834999084472656
2024-04-15 13:00:00+00:00,28.65999984741211
2024-04-15 14:00:00+00:00,28.565000534057617
2024-04-15 15:00:00+00:00,28.719999313354492
2024-04-15 16:00:00+00:00,28.770000457763672
2024-04-15 17:00:00+00:00,28.825000762939453
2024-04-15 18:00:00+00:00,28.8700008392334
2024-04-15 19:00:00+00:00,28.959999084472656
2024-04-15 20:00:00+00:00,28.954999923706055
2024-04-15 22:00:00+00:00,29.010000228881836
2024-04-15 23:00:00+00:00,28.975000381469727
2024-04-16 00:00:00+00:00,29.0049991607666
2024-04-16 01:00:00+00:00,28.875
2024-04-16 02:00:00+00:00,28.850000381469727
2024-04-16 03:00:00+00:00,28.90999984741211
2024-04-16 04:00:00+00:00,28.860000610351562
2024-04-16 05:00:00+00:00,28.834999084472656
2024-04-16 06:00:00+00:00,28.46500015258789
2024-04-16 07:00:00+00:00,28.360000610351562
2024-04-16 08:00:00+00:00,28.385000228881836
2024-04-16 09:00:00+00:00,28.469999313354492
2024-04-16 10:00:00+00:00,28.334999084472656
2024-04-16 11:00:00+00:00,28.469999313354492
2024-04-16 12:00:00+00:00,28.454999923706055
2024-04-16 13:00:00+00:00,28.1200008392334
2024-04-16 14:00:00+00:00,28.329999923706055
2024-04-16 15:00:00+00:00,28.315000534057617
2024-04-16 16:00:00+00:00,28.479999542236328
2024-04-16 17:00:00+00:00,28.299999237060547
2024-04-16 18:00:00+00:00,28.415000915527344
2024-04-16 19:00:00+00:00,28.295000076293945
2024-04-16 20:00:00+00:00,28.184999465942383
2024-04-16 22:00:00+00:00,28.235000610351562
2024-04-16 23:00:00+00:00,28.260000228881836
2024-04-17 00:00:00+00:00,28.274999618530273
2024-04-17 01:00:00+00:00,28.274999618530273
2024-04-17 02:00:00+00:00,28.280000686645508
2024-04-17 03:00:00+00:00,28.235000610351562
2024-04-17 04:00:00+00:00,28.28499984741211
2024-04-17 05:00:00+00:00,28.360000610351562
2024-04-17 06:00:00+00:00,28.479999542236328
2024-04-17 07:00:00+00:00,28.479999542236328
2024-04-17 08:00:00+00:00,28.625
2024-04-17 09:00:00+00:00,28.6200008392334
2024-04-17 10:00:00+00:00,28.584999084472656
2024-04-17 11:00:00+00:00,28.559999465942383
2024-04-17 12:00:00+00:00,28.549999237060547
2024-04-17 13:00:00+00:00,28.860000610351562
2024-04-17 14:00:00+00:00,28.739999771118164
2024-04-17 15:00:00+00:00,28.540000915527344
2024-04-17 16:00:00+00:00,28.415000915527344
2024-04-17 17:00:00+00:00,28.475000381469727
2024-04-17 18:00:00+00:00,28.44499969482422
2024-04-17 19:00:00+00:00,28.364999771118164
2024-04-17 20:00:00+00:00,28.295000076293945
2024-04-17 22:00:00+00:00,28.2549991607666
2024-04-17 23:00:00+00:00,28.299999237060547
2024-04-18 00:00:00+00:00,28.375
2024-04-18 01:00:00+00:00,28.329999923706055
2024-04-18 02:00:00+00:00,28.440000534057617
2024-04-18 03:00:00+00:00,28.479999542236328
2024-04-18 04:00:00+00:00,28.479999542236328
2024-04-18 05:00:00+00:00,28.524999618530273
2024-04-18 06:00:00+00:00,28.6299991607666
2024-04-18 07:00:00+00:00,28.5
2024-04-18 08:00:00+00:00,28.545000076293945
2024-04-18 09:00:00+00:00,28.514999389648438
2024-04-18 10:00:00+00:00,28.55500030517578
2024-04-18 11:00:00+00:00,28.5
2024-04-18 12:00:00+00:00,28.665000915527344
2024-04-18 13:00:00+00:00,28.510000228881836
2024-04-18 14:00:00+00:00,28.405000686645508
2024-04-18 15:00:00+00:00,28.415000915527344
2024-04-18 16:00:00+00:00,28.475000381469727
2024-04-18 17:00:00+00:00,28.385000228881836
2024-04-18 18:00:00+00:00,28.34000015258789
2024-04-18 19:00:00+00:00,28.354999542236328
2024-04-18 20:00:00+00:00,28.31999969482422
2024-04-18 22:00:00+00:00,28.290000915527344
2024-04-18 23:00:00+00:00,28.299999237060547
2024-04-19 00:00:00+00:00,28.295000076293945
2024-04-19 01:00:00+00:00,28.799999237060547
2024-04-19 02:00:00+00:00,28.6299991607666
2024-04-19 03:00:00+00:00,28.40999984741211
2024-04-19 04:00:00+00:00,28.299999237060547
2024-04-19 05:00:00+00:00,28.309999465942383
2024-04-19 06:00:00+00:00,28.520000457763672
2024-04-19 07:00:00+00:00,28.454999923706055
2024-04-19 08:00:00+00:00,28.415000915527344
2024-04-19 09:00:00+00:00,28.3700008392334
2024-04-19 10:00:00+00:00,28.325000762939453
2024-04-19 11:00:00+00:00,28.2450008392334
2024-04-19 12:00:00+00:00,28.354999542236328
2024-04-19 13:00:00+00:00,28.399999618530273
2024-04-19 14:00:00+00:00,28.56999969482422
2024-04-19 15:00:00+00:00,28.69499969482422
2024-04-19 16:00:00+00:00,28.760000228881836
2024-04-19 17:00:00+00:00,28.75
2024-04-19 18:00:00+00:00,28.844999313354492
2024-04-19 19:00:00+00:00,28.729999542236328
2024-04-19 20:00:00+00:00,28.7450008392334
2024-04-21 22:00:00+00:00,28.6299991607666
2024-04-21 23:00:00+00:00,28.6299991607666
2024-04-22 00:00:00+00:00,28.520000457763672
2024-04-22 01:00:00+00:00,28.415000915527344
2024-04-22 02:00:00+00:00,28.3799991607666
2024-04-22 03:00:00+00:00,28.06999969482422
2024-04-22 04:00:00+00:00,28.024999618530273
2024-04-22 05:00:00+00:00,27.93000030517578
2024-04-22 06:00:00+00:00,27.774999618530273
2024-04-22 07:00:00+00:00,27.864999771118164
2024-04-22 08:00:00+00:00,27.8799991607666
2024-04-22 09:00:00+00:00,27.889999389648438
2024-04-22 10:00:00+00:00,27.774999618530273
2024-04-22 11:00:00+00:00,27.530000686645508
2024-04-22 12:00:00+00:00,27.389999389648438
2024-04-22 13:00:00+00:00,27.5
2024-04-22 14:00:00+00:00,27.514999389648438
2024-04-22 15:00:00+00:00,27.2549991607666
2024-04-22 16:00:00+00:00,27.21500015258789
2024-04-22 17:00:00+00:00,27.229999542236328
2024-04-22 18:00:00+00:00,27.270000457763672
2024-04-22 19:00:00+00:00,27.28499984741211
2024-04-22 20:00:00+00:00,27.235000610351562
2024-04-22 22:00:00+00:00,27.274999618530273
2024-04-22 23:00:00+00:00,27.350000381469727
2024-04-23 00:00:00+00:00,27.315000534057617
2024-04-23 01:00:00+00:00,26.934999465942383
2024-04-23 02:00:00+00:00,26.889999389648438
2024-04-23 03:00:00+00:00,26.985000610351562
2024-04-23 04:00:00+00:00,27.010000228881836
2024-04-23 05:00:00+00:00,27.0
2024-04-23 06:00:00+00:00,26.8799991607666
2024-04-23 07:00:00+00:00,26.94499969482422
2024-04-23 08:00:00+00:00,26.895000457763672
2024-04-23 09:00:00+00:00,26.729999542236328
2024-04-23 10:00:00+00:00,26.969999313354492
2024-04-23 11:00:00+00:00,27.0
2024-04-23 12:00:00+00:00,27.100000381469727
2024-04-23 13:00:00+00:00,27.34000015258789
2024-04-23 14:00:00+00:00,27.219999313354492
2024-04-23 15:00:00+00:00,27.295000076293945
2024-04-23 16:00:00+00:00,27.385000228881836
2024-04-23 17:00:00+00:00,27.354999542236328
2024-04-23 18:00:00+00:00,27.389999389648438
2024-04-23 19:00:00+00:00,27.350000381469727
2024-04-23 20:00:00+00:00,27.350000381469727
2024-04-23 22:00:00+00:00,27.299999237060547
2024-04-23 23:00:00+00:00,27.309999465942383
2024-04-24 00:00:00+00:00,27.299999237060547
2024-04-24 01:00:00+00:00,27.225000381469727
2024-04-24 02:00:00+00:00,27.31999969482422
2024-04-24 03:00:00+00:00,27.485000610351562
2024-04-24 04:00:00+00:00,27.44499969482422
2024-04-24 05:00:00+00:00,27.450000762939453
2024-04-24 06:00:00+00:00,27.385000228881836
2024-04-24 07:00:00+00:00,27.295000076293945
2024-04-24 08:00:00+00:00,27.260000228881836
2024-04-24 09:00:00+00:00,27.174999237060547
2024-04-24 10:00:00+00:00,27.165000915527344
2024-04-24 11:00:00+00:00,27.155000686645508
2024-04-24 12:00:00+00:00,27.375
2024-04-24 13:00:00+00:00,27.239999771118164
2024-04-24 14:00:00+00:00,27.309999465942383
2024-04-24 15:00:00+00:00,27.25
2024-04-24 16:00:00+00:00,27.274999618530273
2024-04-24 17:00:00+00:00,27.28499984741211
2024-04-24 18:00:00+00:00,27.264999389648438
2024-04-24 19:00:00+00:00,27.2549991607666
2024-04-24 20:00:00+00:00,27.19499969482422
2024-04-24 22:00:00+00:00,27.225000381469727
2024-04-24 23:00:00+00:00,27.21500015258789
2024-04-25 00:00:00+00:00,27.280000686645508
2024-04-25 01:00:00+00:00,27.229999542236328
2024-04-25 02:00:00+00:00,27.299999237060547
2024-04-25 03:00:00+00:00,27.114999771118164
2024-04-25 04:00:00+00:00,27.135000228881836
2024-04-25 05:00:00+00:00,27.229999542236328
2024-04-25 06:00:00+00:00,27.329999923706055
2024-04-25 07:00:00+00:00,27.434999465942383
2024-04-25 08:00:00+00:00,27.434999465942383
2024-04-25 09:00:00+00:00,27.3799991607666
2024-04-25 10:00:00+00:00,27.389999389648438
2024-04-25 11:00:00+00:00,27.43000030517578
2024-04-25 12:00:00+00:00,27.56999969482422
2024-04-25 13:00:00+00:00,27.204999923706055
2024-04-25 14:00:00+00:00,27.399999618530273
2024-04-25 15:00:00+00:00,27.325000762939453
2024-04-25 16:00:00+00:00,27.354999542236328
2024-04-25 17:00:00+00:00,27.3799991607666
2024-04-25 18:00:00+00:00,27.40999984741211
2024-04-25 19:00:00+00:00,27.44499969482422
2024-04-25 20:00:00+00:00,27.46500015258789
2024-04-25 22:00:00+00:00,27.44499969482422
2024-04-25 23:00:00+00:00,27.3799991607666
2024-04-26 00:00:00+00:00,27.420000076293945
2024-04-26 01:00:00+00:00,27.415000915527344
2024-04-26 02:00:00+00:00,27.420000076293945
2024-04-26 03:00:00+00:00,27.5
2024-04-26 04:00:00+00:00,27.600000381469727
2024-04-26 05:00:00+00:00,27.635000228881836
2024-04-26 06:00:00+00:00,27.68000030517578
2024-04-26 07:00:00+00:00,27.69499969482422
2024-04-26 08:00:00+00:00,27.65999984741211
2024-04-26 09:00:00+00:00,27.71500015258789
2024-04-26 10:00:00+00:00,27.6299991607666
2024-04-26 11:00:00+00:00,27.579999923706055
2024-04-26 12:00:00+00:00,27.559999465942383
2024-04-26 13:00:00+00:00,27.4950008392334
2024-04-26 14:00:00+00:00,27.225000381469727
2024-04-26 15:00:00+00:00,27.2549991607666
2024-04-26 16:00:00+00:00,27.219999313354492
2024-04-26 17:00:00+00:00,27.28499984741211
2024-04-26 18:00:00+00:00,27.31999969482422
2024-04-26 19:00:00+00:00,27.239999771118164
2024-04-26 20:00:00+00:00,27.514999389648438
2024-04-28 22:00:00+00:00,27.174999237060547
2024-04-28 23:00:00+00:00,27.5049991607666
2024-04-29 00:00:00+00:00,27.514999389648438
2024-04-29 01:00:00+00:00,27.549999237060547
2024-04-29 02:00:00+00:00,27.475000381469727
2024-04-29 03:00:00+00:00,27.540000915527344
2024-04-29 04:00:00+00:00,27.579999923706055
2024-04-29 05:00:00+00:00,27.545000076293945
2024-04-29 06:00:00+00:00,27.18000030517578
2024-04-29 07:00:00+00:00,27.614999771118164
2024-04-29 08:00:00+00:00,27.3799991607666
2024-04-29 09:00:00+00:00,27.68000030517578
2024-04-29 10:00:00+00:00,27.670000076293945
2024-04-29 11:00:00+00:00,27.604999542236328
2024-04-29 12:00:00+00:00,27.489999771118164
2024-04-29 13:00:00+00:00,27.459999084472656
2024-04-29 14:00:00+00:00,27.559999465942383
2024-04-29 15:00:00+00:00,27.575000762939453
2024-04-29 16:00:00+00:00,27.665000915527344
2024-04-29 17:00:00+00:00,27.59000015258789
2024-04-29 18:00:00+00:00,27.540000915527344
2024-04-29 19:00:00+00:00,27.46500015258789
2024-04-29 20:00:00+00:00,27.440000534057617
2024-04-29 22:00:00+00:00,27.389999389648438
2024-04-29 23:00:00+00:00,27.375
2024-04-30 00:00:00+00:00,27.3799991607666
2024-04-30 01:00:00+00:00,27.364999771118164
2024-04-30 02:00:00+00:00,27.260000228881836
2024-04-30 03:00:00+00:00,27.229999542236328
2024-04-30 04:00:00+00:00,27.149999618530273
2024-04-30 05:00:00+00:00,27.065000534057617
2024-04-30 06:00:00+00:00,27.084999084472656
2024-04-30 07:00:00+00:00,26.979999542236328
2024-04-30 08:00:00+00:00,26.8700008392334
2024-04-30 09:00:00+00:00,26.899999618530273
2024-04-30 10:00:00+00:00,26.93000030517578
2024-04-30 11:00:00+00:00,26.8700008392334
2024-04-30 12:00:00+00:00,26.690000534057617
2024-04-30 13:00:00+00:00,26.8700008392334
2024-04-30 14:00:00+00:00,26.579999923706055
2024-04-30 15:00:00+00:00,26.68000030517578
2024-04-30 16:00:00+00:00,26.649999618530273
2024-04-30 17:00:00+00:00,26.674999237060547
2024-04-30 18:00:00+00:00,26.6200008392334
2024-04-30 19:00:00+00:00,26.575000762939453
2024-04-30 20:00:00+00:00,26.56999969482422
2024-04-30 22:00:00+00:00,26.604999542236328
2024-04-30 23:00:00+00:00,26.614999771118164
2024-05-01 00:00:00+00:00,26.559999465942383
2024-05-01 01:00:00+00:00,26.649999618530273
2024-05-01 02:00:00+00:00,26.700000762939453
2024-05-01 03:00:00+00:00,26.665000915527344
2024-05-01 04:00:00+00:00,26.6299991607666
2024-05-01 05:00:00+00:00,26.725000381469727
2024-05-01 06:00:00+00:00,26.69499969482422
2024-05-01 07:00:00+00:00,26.684999465942383
2024-05-01 08:00:00+00:00,26.69499969482422
2024-05-01 09:00:00+00:00,26.75
2024-05-01 10:00:00+00:00,26.7450008392334
2024-05-01 11:00:00+00:00,26.7549991607666
2024-05-01 12:00:00+00:00,26.665000915527344
2024-05-01 13:00:00+00:00,26.78499984741211
2024-05-01 14:00:00+00:00,26.7549991607666
2024-05-01 15:00:00+00:00,26.80500030517578
2024-05-01 16:00:00+00:00,26.735000610351562
2024-05-01 17:00:00+00:00,26.735000610351562
2024-05-01 18:00:00+00:00,27.145000457763672
2024-05-01 19:00:00+00:00,26.815000534057617
2024-05-01 20:00:00+00:00,26.93000030517578
2024-05-01 22:00:00+00:00,26.96500015258789
2024-05-01 23:00:00+00:00,27.014999389648438
2024-05-02 00:00:00+00:00,27.020000457763672
2024-05-02 01:00:00+00:00,26.969999313354492
2024-05-02 02:00:00+00:00,26.889999389648438
2024-05-02 03:00:00+00:00,26.815000534057617
2024-05-02 04:00:00+00:00,26.809999465942383
2024-05-02 05:00:00+00:00,26.774999618530273
2024-05-02 06:00:00+00:00,26.78499984741211
2024-05-02 07:00:00+00:00,26.700000762939453
2024-05-02 08:00:00+00:00,26.65999984741211
2024-05-02 09:00:00+00:00,26.614999771118164
2024-05-02 10:00:00+00:00,26.475000381469727
2024-05-02 11:00:00+00:00,26.545000076293945
2024-05-02 12:00:00+00:00,26.329999923706055
2024-05-02 13:00:00+00:00,26.55500030517578
2024-05-02 14:00:00+00:00,26.959999084472656
2024-05-02 15:00:00+00:00,26.770000457763672
2024-05-02 16:00:00+00:00,26.81999969482422
2024-05-02 17:00:00+00:00,26.924999237060547
2024-05-02 18:00:00+00:00,26.959999084472656
2024-05-02 19:00:00+00:00,26.90999984741211
2024-05-02 20:00:00+00:00,26.93000030517578
2024-05-02 22:00:00+00:00,26.905000686645508
2024-05-02 23:00:00+00:00,26.920000076293945
2024-05-03 00:00:00+00:00,26.93000030517578
2024-05-03 01:00:00+00:00,26.889999389648438
2024-05-03 02:00:00+00:00,26.875
2024-05-03 03:00:00+00:00,26.8799991607666
2024-05-03 04:00:00+00:00,26.969999313354492
2024-05-03 05:00:00+00:00,26.940000534057617
2024-05-03 06:00:00+00:00,26.760000228881836
2024-05-03 07:00:00+00:00,26.790000915527344
2024-05-03 08:00:00+00:00,26.78499984741211
2024-05-03 09:00:00+00:00,26.80500030517578
2024-05-03 10:00:00+00:00,26.764999389648438
2024-05-03 11:00:00+00:00,26.709999084472656
2024-05-03 12:00:00+00:00,26.850000381469727
2024-05-03 13:00:00+00:00,26.56999969482422
2024-05-03 14:00:00+00:00,26.530000686645508
2024-05-03 15:00:00+00:00,26.55500030517578
2024-05-03 16:00:00+00:00,26.704999923706055
2024-05-03 17:00:00+00:00,26.725000381469727
2024-05-03 18:00:00+00:00,26.674999237060547
2024-05-03 19:00:00+00:00,26.739999771118164
2024-05-03 20:00:00+00:00,26.78499984741211
2024-05-05 22:00:00+00:00,26.844999313354492
2024-05-05 23:00:00+00:00,26.700000762939453
2024-05-06 00:00:00+00:00,26.764999389648438
2024-05-06 01:00:00+00:00,27.190000534057617
2024-05-06 02:00:00+00:00,27.165000915527344
2024-05-06 03:00:00+00:00,27.145000457763672
2024-05-06 04:00:00+00:00,27.125
2024-05-06 05:00:00+00:00,27.200000762939453
2024-05-06 06:00:00+00:00,27.264999389648438
2024-05-06 07:00:00+00:00,27.375
2024-05-06 08:00:00+00:00,27.344999313354492
2024-05-06 09:00:00+00:00,27.40999984741211
2024-05-06 10:00:00+00:00,27.3799991607666
2024-05-06 11:00:00+00:00,27.34000015258789
2024-05-06 12:00:00+00:00,27.475000381469727
2024-05-06 13:00:00+00:00,27.56999969482422
2024-05-06 14:00:00+00:00,27.450000762939453
2024-05-06 15:00:00+00:00,27.614999771118164
2024-05-06 16:00:00+00:00,27.639999389648438
2024-05-06 17:00:00+00:00,27.649999618530273
2024-05-06 18:00:00+00:00,27.69499969482422
2024-05-06 19:00:00+00:00,27.674999237060547
2024-05-06 20:00:00+00:00,27.684999465942383
2024-05-06 22:00:00+00:00,27.690000534057617
2024-05-06 23:00:00+00:00,27.690000534057617
2024-05-07 00:00:00+00:00,27.690000534057617
2024-05-07 01:00:00+00:00,27.55500030517578
2024-05-07 02:00:00+00:00,27.549999237060547
2024-05-07 03:00:00+00:00,27.6299991607666
2024-05-07 04:00:00+00:00,27.545000076293945
2024-05-07 05:00:00+00:00,27.510000228881836
2024-05-07 06:00:00+00:00,27.469999313354492
2024-05-07 07:00:00+00:00,27.454999923706055
2024-05-07 08:00:00+00:00,27.489999771118164
2024-05-07 09:00:00+00:00,27.454999923706055
2024-05-07 10:00:00+00:00,27.510000228881836
2024-05-07 11:00:00+00:00,27.540000915527344
2024-05-07 12:00:00+00:00,27.614999771118164
2024-05-07 13:00:00+00:00,27.649999618530273
2024-05-07 14:00:00+00:00,27.489999771118164
2024-05-07 15:00:00+00:00,27.53499984741211
2024-05-07 16:00:00+00:00,27.540000915527344
2024-05-07 17:00:00+00:00,27.520000457763672
2024-05-07 18:00:00+00:00,27.4950008392334
2024-05-07 19:00:00+00:00,27.520000457763672
2024-05-07 20:00:00+00:00,27.479999542236328
2024-05-07 22:00:00+00:00,27.46500015258789
2024-05-07 23:00:00+00:00,27.489999771118164
2024-05-08 00:00:00+00:00,27.489999771118164
2024-05-08 01:00:00+00:00,27.334999084472656
2024-05-08 02:00:00+00:00,27.584999084472656
2024-05-08 03:00:00+00:00,27.579999923706055
2024-05-08 04:00:00+00:00,27.6299991607666
2024-05-08 05:00:00+00:00,27.600000381469727
2024-05-08 06:00:00+00:00,27.559999465942383
2024-05-08 07:00:00+00:00,27.329999923706055
2024-05-08 08:00:00+00:00,27.354999542236328
2024-05-08 09:00:00+00:00,27.399999618530273
2024-05-08 10:00:00+00:00,27.46500015258789
2024-05-08 11:00:00+00:00,27.5
2024-05-08 12:00:00+00:00,27.559999465942383
2024-05-08 13:00:00+00:00,27.415000915527344
2024-05-08 14:00:00+00:00,27.665000915527344
2024-05-08 15:00:00+00:00,27.704999923706055
2024-05-08 16:00:00+00:00,27.655000686645508
2024-05-08 17:00:00+00:00,27.594999313354492
2024-05-08 18:00:00+00:00,27.610000610351562
2024-05-08 19:00:00+00:00,27.545000076293945
2024-05-08 20:00:00+00:00,27.565000534057617
2024-05-08 22:00:00+00:00,27.575000762939453
2024-05-08 23:00:00+00:00,27.545000076293945
2024-05-09 00:00:00+00:00,27.56999969482422
2024-05-09 01:00:00+00:00,27.600000381469727
2024-05-09 02:00:00+00:00,27.670000076293945
2024-05-09 03:00:00+00:00,27.700000762939453
2024-05-09 04:00:00+00:00,27.760000228881836
2024-05-09 05:00:00+00:00,27.889999389648438
2024-05-09 06:00:00+00:00,27.860000610351562
2024-05-09 07:00:00+00:00,27.795000076293945
2024-05-09 08:00:00+00:00,27.864999771118164
2024-05-09 09:00:00+00:00,27.815000534057617
2024-05-09 10:00:00+00:00,27.8700008392334
2024-05-09 11:00:00+00:00,27.950000762939453
2024-05-09 12:00:00+00:00,28.155000686645508
2024-05-09 13:00:00+00:00,28.15999984741211
2024-05-09 14:00:00+00:00,28.350000381469727
2024-05-09 15:00:00+00:00,28.34000015258789
2024-05-09 16:00:00+00:00,28.334999084472656
2024-05-09 17:00:00+00:00,28.399999618530273
2024-05-09 18:00:00+00:00,28.44499969482422
2024-05-09 19:00:00+00:00,28.540000915527344
2024-05-09 20:00:00+00:00,28.575000762939453
2024-05-09 22:00:00+00:00,28.584999084472656
2024-05-09 23:00:00+00:00,28.56999969482422
2024-05-10 00:00:00+00:00,28.545000076293945
2024-05-10 01:00:00+00:00,28.6200008392334
2024-05-10 02:00:00+00:00,28.53499984741211
2024-05-10 03:00:00+00:00,28.594999313354492
2024-05-10 04:00:00+00:00,28.639999389648438
2024-05-10 05:00:00+00:00,28.704999923706055
2024-05-10 06:00:00+00:00,28.864999771118164
2024-05-10 07:00:00+00:00,28.854999542236328
2024-05-10 08:00:00+00:00,28.905000686645508
2024-05-10 09:00:00+00:00,28.885000228881836
2024-05-10 10:00:00+00:00,28.895000457763672
2024-05-10 11:00:00+00:00,28.80500030517578
2024-05-10 12:00:00+00:00,28.610000610351562
2024-05-10 13:00:00+00:00,28.655000686645508
2024-05-10 14:00:00+00:00,28.3700008392334
2024-05-10 15:00:00+00:00,28.475000381469727
2024-05-10 16:00:00+00:00,28.5
2024-05-10 17:00:00+00:00,28.530000686645508
2024-05-10 18:00:00+00:00,28.475000381469727
2024-05-10 19:00:00+00:00,28.440000534057617
2024-05-10 20:00:00+00:00,28.395000457763672
2024-05-12 22:00:00+00:00,28.360000610351562
2024-05-12 23:00:00+00:00,28.395000457763672
2024-05-13 00:00:00+00:00,28.454999923706055
2024-05-13 01:00:00+00:00,28.350000381469727
2024-05-13 02:00:00+00:00,28.389999389648438
2024-05-13 03:00:00+00:00,28.344999313354492
2024-05-13 04:00:00+00:00,28.264999389648438
2024-05-13 05:00:00+00:00,28.295000076293945
2024-05-13 06:00:00+00:00,28.334999084472656
2024-05-13 07:00:00+00:00,28.3700008392334
2024-05-13 08:00:00+00:00,28.34000015258789
2024-05-13 09:00:00+00:00,28.364999771118164
2024-05-13 10:00:00+00:00,28.3799991607666
2024-05-13 11:00:00+00:00,28.44499969482422
2024-05-13 12:00:00+00:00,28.575000762939453
2024-05-13 13:00:00+00:00,28.549999237060547
2024-05-13 14:00:00+00:00,28.594999313354492
2024-05-13 15:00:00+00:00,28.420000076293945
2024-05-13 16:00:00+00:00,28.459999084472656
2024-05-13 17:00:00+00:00,28.459999084472656
2024-05-13 18:00:00+00:00,28.46500015258789
2024-05-13 19:00:00+00:00,28.469999313354492
2024-05-13 20:00:00+00:00,28.424999237060547
2024-05-13 22:00:00+00:00,28.485000610351562
2024-05-13 23:00:00+00:00,28.5
2024-05-14 00:00:00+00:00,28.510000228881836
2024-05-14 01:00:00+00:00,28.53499984741211
2024-05-14 02:00:00+00:00,28.530000686645508
2024-05-14 03:00:00+00:00,28.645000457763672
2024-05-14 04:00:00+00:00,28.684999465942383
2024-05-14 05:00:00+00:00,28.655000686645508
2024-05-14 06:00:00+00:00,28.545000076293945
2024-05-14 07:00:00+00:00,28.579999923706055
2024-05-14 08:00:00+00:00,28.6299991607666
2024-05-14 09:00:00+00:00,28.645000457763672
2024-05-14 10:00:00+00:00,28.65999984741211
2024-05-14 11:00:00+00:00,28.59000015258789
2024-05-14 12:00:00+00:00,28.770000457763672
2024-05-14 13:00:00+00:00,28.90999984741211
2024-05-14 14:00:00+00:00,28.704999923706055
2024-05-14 15:00:00+00:00,28.625
2024-05-14 16:00:00+00:00,28.71500015258789
2024-05-14 17:00:00+00:00,28.75
2024-05-14 18:00:00+00:00,28.80500030517578
2024-05-14 19:00:00+00:00,28.850000381469727
2024-05-14 20:00:00+00:00,28.8700008392334
2024-05-14 22:00:00+00:00,28.860000610351562
2024-05-14 23:00:00+00:00,28.850000381469727
2024-05-15 00:00:00+00:00,28.80500030517578
2024-05-15 01:00:00+00:00,28.7549991607666
2024-05-15 02:00:00+00:00,28.809999465942383
2024-05-15 03:00:00+00:00,28.834999084472656
2024-05-15 04:00:00+00:00,28.770000457763672
2024-05-15 05:00:00+00:00,28.850000381469727
2024-05-15 06:00:00+00:00,28.875
2024-05-15 07:00:00+00:00,28.895000457763672
2024-05-15 08:00:00+00:00,29.15999984741211
2024-05-15 09:00:00+00:00,29.084999084472656
2024-05-15 10:00:00+00:00,29.065000534057617
2024-05-15 11:00:00+00:00,29.024999618530273
2024-05-15 12:00:00+00:00,29.334999084472656
2024-05-15 13:00:00+00:00,28.924999237060547
2024-05-15 14:00:00+00:00,29.344999313354492
2024-05-15 15:00:00+00:00,29.540000915527344
2024-05-15 16:00:00+00:00,29.6299991607666
2024-05-15 17:00:00+00:00,29.834999084472656
2024-05-15 18:00:00+00:00,29.889999389648438
2024-05-15 19:00:00+00:00,29.934999465942383
2024-05-15 20:00:00+00:00,29.920000076293945
2024-05-15 22:00:00+00:00,29.989999771118164
2024-05-15 23:00:00+00:00,29.979999542236328
2024-05-16 00:00:00+00:00,29.969999313354492
2024-05-16 01:00:00+00:00,29.90999984741211
2024-05-16 02:00:00+00:00,29.764999389648438
2024-05-16 03:00:00+00:00,29.790000915527344
2024-05-16 04:00:00+00:00,29.864999771118164
2024-05-16 05:00:00+00:00,29.764999389648438
2024-05-16 06:00:00+00:00,29.69499969482422
2024-05-16 07:00:00+00:00,29.8799991607666
2024-05-16 08:00:00+00:00,29.7450008392334
2024-05-16 09:00:00+00:00,29.809999465942383
2024-05-16 10:00:00+00:00,29.959999084472656
2024-05-16 11:00:00+00:00,29.90999984741211
2024-05-16 12:00:00+00:00,29.735000610351562
2024-05-16 13:00:00+00:00,29.729999542236328
2024-05-16 14:00:00+00:00,29.665000915527344
2024-05-16 15:00:00+00:00,29.934999465942383
2024-05-16 16:00:00+00:00,29.915000915527344
2024-05-16 17:00:00+00:00,29.905000686645508
2024-05-16 18:00:00+00:00,29.889999389648438
2024-05-16 19:00:00+00:00,29.844999313354492
2024-05-16 20:00:00+00:00,29.809999465942383
2024-05-16 22:00:00+00:00,29.920000076293945
2024-05-16 23:00:00+00:00,29.90999984741211
2024-05-17 00:00:00+00:00,29.875
2024-05-17 01:00:00+00:00,29.829999923706055
2024-05-17 02:00:00+00:00,29.729999542236328
2024-05-17 03:00:00+00:00,29.7450008392334
2024-05-17 04:00:00+00:00,29.829999923706055
2024-05-17 05:00:00+00:00,29.889999389648438
2024-05-17 06:00:00+00:00,29.979999542236328
2024-05-17 07:00:00+00:00,29.96500015258789
2024-05-17 08:00:00+00:00,29.90999984741211
2024-05-17 09:00:00+00:00,29.940000534057617
2024-05-17 10:00:00+00:00,29.950000762939453
2024-05-17 11:00:00+00:00,30.030000686645508
2024-05-17 12:00:00+00:00,30.514999389648438
2024-05-17 13:00:00+00:00,30.704999923706055
2024-05-17 14:00:00+00:00,30.93000030517578
2024-05-17 15:00:00+00:00,30.8799991607666
2024-05-17 16:00:00+00:00,31.110000610351562
2024-05-17 17:00:00+00:00,31.329999923706055
2024-05-17 18:00:00+00:00,31.665000915527344
2024-05-17 19:00:00+00:00,31.764999389648438
2024-05-17 20:00:00+00:00,31.774999618530273
2024-05-19 22:00:00+00:00,31.614999771118164
2024-05-19 23:00:00+00:00,31.68000030517578
2024-05-20 00:00:00+00:00,31.875
2024-05-20 01:00:00+00:00,32.34000015258789
2024-05-20 02:00:00+00:00,32.52000045776367
2024-05-20 03:00:00+00:00,32.54999923706055
2024-05-20 04:00:00+00:00,32.5
2024-05-20 05:00:00+00:00,32.3849983215332
2024-05-20 06:00:00+00:00,31.975000381469727
2024-05-20 07:00:00+00:00,32.19499969482422
2024-05-20 08:00:00+00:00,32.150001525878906
2024-05-20 09:00:00+00:00,32.31999969482422
2024-05-20 10:00:00+00:00,32.04999923706055
2024-05-20 11:00:00+00:00,31.7450008392334
2024-05-20 12:00:00+00:00,31.399999618530273
2024-05-20 13:00:00+00:00,31.844999313354492
2024-05-20 14:00:00+00:00,32.04499816894531
2024-05-20 15:00:00+00:00,32.22999954223633
2024-05-20 16:00:00+00:00,32.18000030517578
2024-05-20 17:00:00+00:00,32.525001525878906
2024-05-20 18:00:00+00:00,32.52000045776367
2024-05-20 19:00:00+00:00,31.969999313354492
2024-05-20 20:00:00+00:00,32.05500030517578
2024-05-20 22:00:00+00:00,31.975000381469727
2024-05-20 23:00:00+00:00,31.989999771118164
2024-05-21 00:00:00+00:00,32.22999954223633
2024-05-21 01:00:00+00:00,31.700000762939453
2024-05-21 02:00:00+00:00,31.4950008392334
2024-05-21 03:00:00+00:00,31.655000686645508
2024-05-21 04:00:00+00:00,31.614999771118164
2024-05-21 05:00:00+00:00,31.790000915527344
2024-05-21 06:00:00+00:00,31.639999389648438
2024-05-21 07:00:00+00:00,31.8799991607666
2024-05-21 08:00:00+00:00,31.920000076293945
2024-05-21 09:00:00+00:00,31.764999389648438
2024-05-21 10:00:00+00:00,31.899999618530273
2024-05-21 11:00:00+00:00,32.064998626708984
2024-05-21 12:00:00+00:00,31.954999923706055
2024-05-21 13:00:00+00:00,32.36000061035156
2024-05-21 14:00:00+00:00,32.32500076293945
2024-05-21 15:00:00+00:00,31.950000762939453
2024-05-21 16:00:00+00:00,32.064998626708984
2024-05-21 17:00:00+00:00,32.1150016784668
2024-05-21 18:00:00+00:00,32.15999984741211
2024-05-21 19:00:00+00:00,32.27000045776367
2024-05-21 20:00:00+00:00,32.20500183105469
2024-05-21 22:00:00+00:00,32.28499984741211
2024-05-21 23:00:00+00:00,32.2599983215332
2024-05-22 00:00:00+00:00,32.189998626708984
2024-05-22 01:00:00+00:00,32.33000183105469
2024-05-22 02:00:00+00:00,32.04999923706055
2024-05-22 03:00:00+00:00,31.940000534057617
2024-05-22 04:00:00+00:00,31.905000686645508
2024-05-22 05:00:00+00:00,32.025001525878906
2024-05-22 06:00:00+00:00,32.084999084472656
2024-05-22 07:00:00+00:00,32.06999969482422
2024-05-22 08:00:00+00:00,32.005001068115234
2024-05-22 09:00:00+00:00,31.950000762939453
2024-05-22 10:00:00+00:00,32.060001373291016
2024-05-22 11:00:00+00:00,31.770000457763672
2024-05-22 12:00:00+00:00,31.989999771118164
2024-05-22 13:00:00+00:00,31.860000610351562
2024-05-22 14:00:00+00:00,31.40999984741211
2024-05-22 15:00:00+00:00,31.55500030517578
2024-05-22 16:00:00+00:00,31.53499984741211
2024-05-22 17:00:00+00:00,31.399999618530273
2024-05-22 18:00:00+00:00,31.079999923706055
2024-05-22 19:00:00+00:00,31.09000015258789
2024-05-22 20:00:00+00:00,30.989999771118164
2024-05-22 22:00:00+00:00,31.09000015258789
2024-05-22 23:00:00+00:00,31.114999771118164
2024-05-23 00:00:00+00:00,30.969999313354492
2024-05-23 01:00:00+00:00,30.69499969482422
2024-05-23 02:00:00+00:00,30.56999969482422
2024-05-23 03:00:00+00:00,30.7450008392334
2024-05-23 04:00:00+00:00,30.700000762939453
2024-05-23 05:00:00+00:00,30.469999313354492
2024-05-23 06:00:00+00:00,30.69499969482422
2024-05-23 07:00:00+00:00,30.489999771118164
2024-05-23 08:00:00+00:00,30.674999237060547
2024-05-23 09:00:00+00:00,30.75
2024-05-23 10:00:00+00:00,30.764999389648438
2024-05-23 11:00:00+00:00,30.834999084472656
2024-05-23 12:00:00+00:00,30.80500030517578
2024-05-23 13:00:00+00:00,30.850000381469727
2024-05-23 14:00:00+00:00,30.454999923706055
2024-05-23 15:00:00+00:00,30.635000228881836
2024-05-23 16:00:00+00:00,30.530000686645508
2024-05-23 17:00:00+00:00,30.280000686645508
2024-05-23 18:00:00+00:00,30.364999771118164
2024-05-23 19:00:00+00:00,30.334999084472656
2024-05-23 20:00:00+00:00,30.325000762939453
2024-05-23 22:00:00+00:00,30.34000015258789
2024-05-23 23:00:00+00:00,30.354999542236328
2024-05-24 00:00:00+00:00,30.290000915527344
2024-05-24 01:00:00+00:00,30.584999084472656
2024-05-24 02:00:00+00:00,30.5
2024-05-24 03:00:00+00:00,30.459999084472656
2024-05-24 04:00:00+00:00,30.59000015258789
2024-05-24 05:00:00+00:00,30.7549991607666
2024-05-24 06:00:00+00:00,30.649999618530273
2024-05-24 07:00:00+00:00,30.575000762939453
2024-05-24 08:00:00+00:00,30.719999313354492
2024-05-24 09:00:00+00:00,30.735000610351562
2024-05-24 10:00:00+00:00,30.78499984741211
2024-05-24 11:00:00+00:00,30.69499969482422
2024-05-24 12:00:00+00:00,30.68000030517578
2024-05-24 13:00:00+00:00,30.584999084472656
2024-05-24 14:00:00+00:00,30.625
2024-05-24 15:00:00+00:00,30.485000610351562
2024-05-24 16:00:00+00:00,30.469999313354492
2024-05-24 17:00:00+00:00,30.424999237060547
2024-05-24 18:00:00+00:00,30.530000686645508
2024-05-24 19:00:00+00:00,30.545000076293945
2024-05-24 20:00:00+00:00,30.540000915527344
2024-05-26 22:00:00+00:00,30.770000457763672
2024-05-26 23:00:00+00:00,30.71500015258789
2024-05-27 00:00:00+00:00,30.65999984741211
2024-05-27 01:00:00+00:00,30.795000076293945
2024-05-27 02:00:00+00:00,30.920000076293945
2024-05-27 03:00:00+00:00,31.030000686645508
2024-05-28 04:00:00+00:00,31.905000686645508
2024-05-28 05:00:00+00:00,31.899999618530273
2024-05-28 06:00:00+00:00,31.55500030517578
2024-05-28 07:00:00+00:00,31.68000030517578
2024-05-28 08:00:00+00:00,31.674999237060547
2024-05-28 09:00:00+00:00,31.71500015258789
2024-05-28 10:00:00+00:00,31.774999618530273
2024-05-28 11:00:00+00:00,31.81999969482422
2024-05-28 12:00:00+00:00,31.915000915527344
2024-05-28 13:00:00+00:00,31.885000228881836
2024-05-28 14:00:00+00:00,32.03499984741211
2024-05-28 15:00:00+00:00,32.22999954223633
2024-05-28 16:00:00+00:00,32.189998626708984
2024-05-28 17:00:00+00:00,32.15999984741211
2024-05-28 18:00:00+00:00,32.119998931884766
2024-05-28 19:00:00+00:00,32.21500015258789
2024-05-28 20:00:00+00:00,32.310001373291016
2024-05-28 22:00:00+00:00,32.28499984741211
2024-05-28 23:00:00+00:00,32.255001068115234
2024-05-29 00:00:00+00:00,32.15999984741211
2024-05-29 01:00:00+00:00,32.14500045776367
2024-05-29 02:00:00+00:00,32.185001373291016
2024-05-29 03:00:00+00:00,32.29499816894531
2024-05-29 04:00:00+00:00,32.314998626708984
2024-05-29 05:00:00+00:00,32.334999084472656
2024-05-29 06:00:00+00:00,32.47999954223633
2024-05-29 07:00:00+00:00,32.27000045776367
2024-05-29 08:00:00+00:00,32.19499969482422
2024-05-29 09:00:00+00:00,32.20500183105469
2024-05-29 10:00:00+00:00,32.20000076293945
2024-05-29 11:00:00+00:00,32.154998779296875
2024-05-29 12:00:00+00:00,31.885000228881836
2024-05-29 13:00:00+00:00,32.16999816894531
2024-05-29 14:00:00+00:00,32.25
2024-05-29 15:00:00+00:00,32.275001525878906
2024-05-29 16:00:00+00:00,32.349998474121094
2024-05-29 17:00:00+00:00,32.435001373291016
2024-05-29 18:00:00+00:00,32.2400016784668
2024-05-29 19:00:00+00:00,32.154998779296875
2024-05-29 20:00:00+00:00,32.15999984741211
2024-05-29 22:00:00+00:00,32.15999984741211
2024-05-29 23:00:00+00:00,32.21500015258789
2024-05-30 00:00:00+00:00,32.22999954223633
2024-05-30 01:00:00+00:00,31.950000762939453
2024-05-30 02:00:00+00:00,31.635000228881836
2024-05-30 03:00:00+00:00,31.78499984741211
2024-05-30 04:00:00+00:00,31.815000534057617
2024-05-30 05:00:00+00:00,31.415000915527344
2024-05-30 06:00:00+00:00,31.610000610351562
2024-05-30 07:00:00+00:00,31.649999618530273
2024-05-30 08:00:00+00:00,31.700000762939453
2024-05-30 09:00:00+00:00,31.584999084472656
2024-05-30 10:00:00+00:00,31.68000030517578
2024-05-30 11:00:00+00:00,31.46500015258789
2024-05-30 12:00:00+00:00,31.510000228881836
2024-05-30 13:00:00+00:00,31.854999542236328
2024-05-30 14:00:00+00:00,31.579999923706055
2024-05-30 15:00:00+00:00,31.524999618530273
2024-05-30 16:00:00+00:00,31.549999237060547
2024-05-30 17:00:00+00:00,31.485000610351562
2024-05-30 18:00:00+00:00,31.399999618530273
2024-05-30 19:00:00+00:00,31.28499984741211
2024-05-30 20:00:00+00:00,31.34000015258789
2024-05-30 22:00:00+00:00,31.354999542236328
2024-05-30 23:00:00+00:00,31.350000381469727
2024-05-31 00:00:00+00:00,31.309999465942383
2024-05-31 01:00:00+00:00,31.274999618530273
2024-05-31 02:00:00+00:00,31.104999542236328
2024-05-31 03:00:00+00:00,31.104999542236328
2024-05-31 04:00:00+00:00,31.114999771118164
2024-05-31 05:00:00+00:00,31.21500015258789
2024-05-31 06:00:00+00:00,31.329999923706055
2024-05-31 07:00:00+00:00,31.239999771118164
2024-05-31 08:00:00+00:00,31.389999389648438
2024-05-31 09:00:00+00:00,31.395000457763672
2024-05-31 10:00:00+00:00,31.459999084472656
2024-05-31 11:00:00+00:00,31.434999465942383
2024-05-31 12:00:00+00:00,31.68000030517578
2024-05-31 13:00:00+00:00,31.489999771118164
2024-05-31 14:00:00+00:00,31.15999984741211
2024-05-31 15:00:00+00:00,30.459999084472656
2024-05-31 16:00:00+00:00,30.59000015258789
2024-05-31 17:00:00+00:00,30.46500015258789
2024-05-31 18:00:00+00:00,30.434999465942383
2024-05-31 19:00:00+00:00,30.530000686645508
2024-05-31 20:00:00+00:00,30.55500030517578
2024-06-02 22:00:00+00:00,30.545000076293945
2024-06-02 23:00:00+00:00,30.55500030517578
2024-06-03 00:00:00+00:00,30.579999923706055
2024-06-03 01:00:00+00:00,30.760000228881836
2024-06-03 02:00:00+00:00,30.579999923706055
2024-06-03 03:00:00+00:00,30.329999923706055
2024-06-03 04:00:00+00:00,30.375
2024-06-03 05:00:00+00:00,30.155000686645508
2024-06-03 06:00:00+00:00,30.34000015258789
2024-06-03 07:00:00+00:00,30.3700008392334
2024-06-03 08:00:00+00:00,30.389999389648438
2024-06-03 09:00:00+00:00,30.44499969482422
2024-06-03 10:00:00+00:00,30.520000457763672
2024-06-03 11:00:00+00:00,30.559999465942383
2024-06-03 12:00:00+00:00,30.739999771118164
2024-06-03 13:00:00+00:00,30.475000381469727
2024-06-03 14:00:00+00:00,30.559999465942383
2024-06-03 15:00:00+00:00,30.665000915527344
2024-06-03 16:00:00+00:00,30.799999237060547
2024-06-03 17:00:00+00:00,30.760000228881836
2024-06-03 18:00:00+00:00,30.709999084472656
2024-06-03 19:00:00+00:00,30.690000534057617
2024-06-03 20:00:00+00:00,30.8799991607666
2024-06-03 22:00:00+00:00,30.864999771118164
2024-06-03 23:00:00+00:00,30.885000228881836
2024-06-04 00:00:00+00:00,30.950000762939453
2024-06-04 01:00:00+00:00,30.809999465942383
2024-06-04 02:00:00+00:00,30.844999313354492
2024-06-04 03:00:00+00:00,30.735000610351562
2024-06-04 04:00:00+00:00,30.80500030517578
2024-06-04 05:00:00+00:00,30.709999084472656
2024-06-04 06:00:00+00:00,30.80500030517578
2024-06-04 07:00:00+00:00,30.415000915527344
2024-06-04 08:00:00+00:00,30.09000015258789
2024-06-04 09:00:00+00:00,29.96500015258789
2024-06-04 10:00:00+00:00,29.844999313354492
2024-06-04 11:00:00+00:00,29.8700008392334
2024-06-04 12:00:00+00:00,30.100000381469727
2024-06-04 13:00:00+00:00,29.584999084472656
2024-06-04 14:00:00+00:00,29.600000381469727
2024-06-04 15:00:00+00:00,29.665000915527344
2024-06-04 16:00:00+00:00,29.575000762939453
2024-06-04 17:00:00+00:00,29.684999465942383
2024-06-04 18:00:00+00:00,29.709999084472656
2024-06-04 19:00:00+00:00,29.684999465942383
2024-06-04 20:00:00+00:00,29.6200008392334
2024-06-04 22:00:00+00:00,29.665000915527344
2024-06-04 23:00:00+00:00,29.709999084472656
2024-06-05 00:00:00+00:00,29.729999542236328
2024-06-05 01:00:00+00:00,29.7450008392334
2024-06-05 02:00:00+00:00,29.8799991607666
2024-06-05 03:00:00+00:00,29.834999084472656
2024-06-05 04:00:00+00:00,29.854999542236328
2024-06-05 05:00:00+00:00,29.844999313354492
2024-06-05 06:00:00+00:00,29.704999923706055
2024-06-05 07:00:00+00:00,29.639999389648438
2024-06-05 08:00:00+00:00,29.709999084472656
2024-06-05 09:00:00+00:00,29.700000762939453
2024-06-05 10:00:00+00:00,29.739999771118164
2024-06-05 11:00:00+00:00,29.700000762939453
2024-06-05 12:00:00+00:00,29.80500030517578
2024-06-05 13:00:00+00:00,29.795000076293945
2024-06-05 14:00:00+00:00,29.84000015258789
2024-06-05 15:00:00+00:00,30.03499984741211
2024-06-05 16:00:00+00:00,30.030000686645508
2024-06-05 17:00:00+00:00,30.139999389648438
2024-06-05 18:00:00+00:00,30.165000915527344
2024-06-05 19:00:00+00:00,30.1299991607666
2024-06-05 20:00:00+00:00,30.135000228881836
2024-06-05 22:00:00+00:00,30.145000457763672
2024-06-05 23:00:00+00:00,30.1299991607666
2024-06-06 00:00:00+00:00,30.184999465942383
2024-06-06 01:00:00+00:00,30.514999389648438
2024-06-06 02:00:00+00:00,30.69499969482422
2024-06-06 03:00:00+00:00,30.545000076293945
2024-06-06 04:00:00+00:00,30.575000762939453
2024-06-06 05:00:00+00:00,30.575000762939453
2024-06-06 06:00:00+00:00,30.530000686645508
2024-06-06 07:00:00+00:00,30.459999084472656
2024-06-06 08:00:00+00:00,30.440000534057617
2024-06-06 09:00:00+00:00,30.440000534057617
2024-06-06 10:00:00+00:00,30.415000915527344
2024-06-06 11:00:00+00:00,30.440000534057617
2024-06-06 12:00:00+00:00,30.280000686645508
2024-06-06 13:00:00+00:00,30.530000686645508
2024-06-06 14:00:00+00:00,30.71500015258789
2024-06-06 15:00:00+00:00,31.280000686645508
2024-06-06 16:00:00+00:00,31.364999771118164
2024-06-06 17:00:00+00:00,31.450000762939453
2024-06-06 18:00:00+00:00,31.40999984741211
2024-06-06 19:00:00+00:00,31.375
2024-06-06 20:00:00+00:00,31.459999084472656
2024-06-06 22:00:00+00:00,31.46500015258789
2024-06-06 23:00:00+00:00,31.454999923706055
2024-06-07 00:00:00+00:00,31.485000610351562
2024-06-07 01:00:00+00:00,31.28499984741211
2024-06-07 02:00:00+00:00,31.34000015258789
2024-06-07 03:00:00+00:00,31.450000762939453
2024-06-07 04:00:00+00:00,31.600000381469727
2024-06-07 05:00:00+00:00,31.309999465942383
2024-06-07 06:00:00+00:00,31.34000015258789
2024-06-07 07:00:00+00:00,31.34000015258789
2024-06-07 08:00:00+00:00,30.864999771118164
2024-06-07 09:00:00+00:00,30.674999237060547
2024-06-07 10:00:00+00:00,30.424999237060547
2024-06-07 11:00:00+00:00,30.55500030517578
2024-06-07 12:00:00+00:00,29.954999923706055
2024-06-07 13:00:00+00:00,29.594999313354492
2024-06-07 14:00:00+00:00,29.719999313354492
2024-06-07 15:00:00+00:00,29.389999389648438
2024-06-07 16:00:00+00:00,29.5049991607666
2024-06-07 17:00:00+00:00,29.364999771118164
2024-06-07 18:00:00+00:00,29.344999313354492
2024-06-07 19:00:00+00:00,29.28499984741211
2024-06-07 20:00:00+00:00,29.270000457763672
2024-06-09 22:00:00+00:00,29.389999389648438
2024-06-09 23:00:00+00:00,29.424999237060547
2024-06-10 00:00:00+00:00,29.415000915527344
2024-06-10 01:00:00+00:00,29.579999923706055
2024-06-10 02:00:00+00:00,29.600000381469727
2024-06-10 03:00:00+00:00,29.514999389648438
2024-06-10 04:00:00+00:00,29.649999618530273
2024-06-10 05:00:00+00:00,29.690000534057617
2024-06-10 06:00:00+00:00,29.655000686645508
2024-06-10 07:00:00+00:00,29.780000686645508
2024-06-10 08:00:00+00:00,29.7549991607666
2024-06-10 09:00:00+00:00,29.80500030517578
2024-06-10 10:00:00+00:00,29.834999084472656
2024-06-10 11:00:00+00:00,29.889999389648438
2024-06-10 12:00:00+00:00,29.8700008392334
2024-06-10 13:00:00+00:00,29.65999984741211
2024-06-10 14:00:00+00:00,29.6200008392334
2024-06-10 15:00:00+00:00,29.770000457763672
2024-06-10 16:00:00+00:00,29.850000381469727
2024-06-10 17:00:00+00:00,29.864999771118164
2024-06-10 18:00:00+00:00,29.809999465942383
2024-06-10 19:00:00+00:00,29.80500030517578
2024-06-10 20:00:00+00:00,29.844999313354492
2024-06-10 22:00:00+00:00,29.844999313354492
2024-06-10 23:00:00+00:00,29.815000534057617
2024-06-11 00:00:00+00:00,29.75
2024-06-11 01:00:00+00:00,29.4950008392334
2024-06-11 02:00:00+00:00,29.25
2024-06-11 03:00:00+00:00,29.354999542236328
2024-06-11 04:00:00+00:00,29.334999084472656
2024-06-11 05:00:00+00:00,29.229999542236328
2024-06-11 06:00:00+00:00,29.2549991607666
2024-06-11 07:00:00+00:00,29.334999084472656
2024-06-11 08:00:00+00:00,29.34000015258789
2024-06-11 09:00:00+00:00,29.30500030517578
2024-06-11 10:00:00+00:00,29.34000015258789
2024-06-11 11:00:00+00:00,29.34000015258789
2024-06-11 12:00:00+00:00,29.530000686645508
2024-06-11 13:00:00+00:00,29.329999923706055
2024-06-11 14:00:00+00:00,29.315000534057617
2024-06-11 15:00:00+00:00,29.184999465942383
2024-06-11 16:00:00+00:00,29.30500030517578
2024-06-11 17:00:00+00:00,29.28499984741211
2024-06-11 18:00:00+00:00,29.334999084472656
2024-06-11 19:00:00+00:00,29.325000762939453
2024-06-11 20:00:00+00:00,29.385000228881836
2024-06-11 22:00:00+00:00,29.3799991607666
2024-06-11 23:00:00+00:00,29.395000457763672
2024-06-12 00:00:00+00:00,29.329999923706055
2024-06-12 01:00:00+00:00,29.520000457763672
2024-06-12 02:00:00+00:00,29.55500030517578
2024-06-12 03:00:00+00:00,29.545000076293945
2024-06-12 04:00:00+00:00,29.475000381469727
2024-06-12 05:00:00+00:00,29.55500030517578
2024-06-12 06:00:00+00:00,29.459999084472656
2024-06-12 07:00:00+00:00,29.485000610351562
2024-06-12 08:00:00+00:00,29.450000762939453
2024-06-12 09:00:00+00:00,29.479999542236328
2024-06-12 10:00:00+00:00,29.489999771118164
2024-06-12 11:00:00+00:00,29.46500015258789
2024-06-12 12:00:00+00:00,29.985000610351562
2024-06-12 13:00:00+00:00,29.920000076293945
2024-06-12 14:00:00+00:00,29.954999923706055
2024-06-12 15:00:00+00:00,30.21500015258789
2024-06-12 16:00:00+00:00,30.2549991607666
2024-06-12 17:00:00+00:00,30.059999465942383
2024-06-12 18:00:00+00:00,29.760000228881836
2024-06-12 19:00:00+00:00,29.684999465942383
2024-06-12 20:00:00+00:00,29.809999465942383
2024-06-12 22:00:00+00:00,29.670000076293945
2024-06-12 23:00:00+00:00,29.6200008392334
2024-06-13 00:00:00+00:00,29.684999465942383
2024-06-13 01:00:00+00:00,29.110000610351562
2024-06-13 02:00:00+00:00,29.174999237060547
2024-06-13 03:00:00+00:00,29.229999542236328
2024-06-13 04:00:00+00:00,29.264999389648438
2024-06-13 05:00:00+00:00,29.25
2024-06-13 06:00:00+00:00,29.424999237060547
2024-06-13 07:00:00+00:00,29.389999389648438
2024-06-13 08:00:00+00:00,29.40999984741211
2024-06-13 09:00:00+00:00,29.385000228881836
2024-06-13 10:00:00+00:00,29.325000762939453
2024-06-13 11:00:00+00:00,29.190000534057617
2024-06-13 12:00:00+00:00,29.46500015258789
2024-06-13 13:00:00+00:00,29.28499984741211
2024-06-13 14:00:00+00:00,29.209999084472656
2024-06-13 15:00:00+00:00,28.81999969482422
2024-06-13 16:00:00+00:00,28.959999084472656
2024-06-13 17:00:00+00:00,29.010000228881836
2024-06-13 18:00:00+00:00,29.045000076293945
2024-06-13 19:00:00+00:00,29.014999389648438
2024-06-13 20:00:00+00:00,29.03499984741211
2024-06-13 22:00:00+00:00,28.979999542236328
2024-06-13 23:00:00+00:00,28.985000610351562
2024-06-14 00:00:00+00:00,29.084999084472656
2024-06-14 01:00:00+00:00,29.110000610351562
2024-06-14 02:00:00+00:00,29.135000228881836
2024-06-14 03:00:00+00:00,29.065000534057617
2024-06-14 04:00:00+00:00,28.9950008392334
2024-06-14 05:00:00+00:00,29.1200008392334
2024-06-14 06:00:00+00:00,29.139999389648438
2024-06-14 07:00:00+00:00,29.165000915527344
2024-06-14 08:00:00+00:00,29.165000915527344
2024-06-14 09:00:00+00:00,29.15999984741211
2024-06-14 10:00:00+00:00,29.34000015258789
2024-06-14 11:00:00+00:00,29.350000381469727
2024-06-14 12:00:00+00:00,29.270000457763672
2024-06-14 13:00:00+00:00,29.209999084472656
2024-06-14 14:00:00+00:00,29.209999084472656
2024-06-14 15:00:00+00:00,29.235000610351562
2024-06-14 16:00:00+00:00,29.424999237060547
2024-06-14 17:00:00+00:00,29.55500030517578
2024-06-14 18:00:00+00:00,29.610000610351562
2024-06-14 19:00:00+00:00,29.649999618530273
2024-06-14 20:00:00+00:00,29.6200008392334
2024-06-16 22:00:00+00:00,29.59000015258789
2024-06-16 23:00:00+00:00,29.575000762939453
2024-06-17 00:00:00+00:00,29.600000381469727
2024-06-17 01:00:00+00:00,29.459999084472656
2024-06-17 02:00:00+00:00,29.329999923706055
2024-06-17 03:00:00+00:00,29.299999237060547
2024-06-17 04:00:00+00:00,29.274999618530273
2024-06-17 05:00:00+00:00,29.184999465942383
2024-06-17 06:00:00+00:00,29.165000915527344
2024-06-17 07:00:00+00:00,29.155000686645508
2024-06-17 08:00:00+00:00,29.2549991607666
2024-06-17 09:00:00+00:00,29.270000457763672
2024-06-17 10:00:00+00:00,29.309999465942383
2024-06-17 11:00:00+00:00,29.315000534057617
2024-06-17 12:00:00+00:00,29.385000228881836
2024-06-17 13:00:00+00:00,29.454999923706055
2024-06-17 14:00:00+00:00,29.530000686645508
2024-06-17 15:00:00+00:00,29.2549991607666
2024-06-17 16:00:00+00:00,29.399999618530273
2024-06-17 17:00:00+00:00,29.440000534057617
2024-06-17 18:00:00+00:00,29.4950008392334
2024-06-17 19:00:00+00:00,29.53499984741211
2024-06-17 20:00:00+00:00,29.530000686645508
2024-06-17 22:00:00+00:00,29.584999084472656
2024-06-17 23:00:00+00:00,29.565000534057617
2024-06-18 00:00:00+00:00,29.674999237060547
2024-06-18 01:00:00+00:00,29.530000686645508
2024-06-18 02:00:00+00:00,29.59000015258789
2024-06-18 03:00:00+00:00,29.584999084472656
2024-06-18 04:00:00+00:00,29.524999618530273
2024-06-18 05:00:00+00:00,29.489999771118164
2024-06-18 06:00:00+00:00,29.420000076293945
2024-06-18 07:00:00+00:00,29.299999237060547
2024-06-18 08:00:00+00:00,29.21500015258789
2024-06-18 09:00:00+00:00,29.239999771118164
2024-06-18 10:00:00+00:00,29.184999465942383
2024-06-18 11:00:00+00:00,29.274999618530273
2024-06-18 12:00:00+00:00,29.03499984741211
2024-06-18 13:00:00+00:00,29.53499984741211
2024-06-18 14:00:00+00:00,29.420000076293945
2024-06-18 15:00:00+00:00,29.454999923706055
2024-06-18 16:00:00+00:00,29.55500030517578
2024-06-18 17:00:00+00:00,29.56999969482422
2024-06-18 18:00:00+00:00,29.6299991607666
2024-06-18 19:00:00+00:00,29.594999313354492
2024-06-18 20:00:00+00:00,29.614999771118164
2024-06-18 22:00:00+00:00,29.579999923706055
2024-06-18 23:00:00+00:00,29.594999313354492
2024-06-19 00:00:00+00:00,29.524999618530273
2024-06-19 01:00:00+00:00,29.55500030517578
2024-06-19 02:00:00+00:00,29.55500030517578
2024-06-19 03:00:00+00:00,29.5
2024-06-20 04:00:00+00:00,30.420000076293945
2024-06-20 05:00:00+00:00,30.334999084472656
2024-06-20 06:00:00+00:00,30.31999969482422
2024-06-20 07:00:00+00:00,30.315000534057617
2024-06-20 08:00:00+00:00,30.219999313354492
2024-06-20 09:00:00+00:00,30.290000915527344
2024-06-20 10:00:00+00:00,30.299999237060547
2024-06-20 11:00:00+00:00,30.360000610351562
2024-06-20 12:00:00+00:00,30.165000915527344
2024-06-20 13:00:00+00:00,30.415000915527344
2024-06-20 14:00:00+00:00,30.774999618530273
2024-06-20 15:00:00+00:00,30.639999389648438
2024-06-20 16:00:00+00:00,30.795000076293945
2024-06-20 17:00:00+00:00,30.799999237060547
2024-06-20 18:00:00+00:00,30.764999389648438
2024-06-20 19:00:00+00:00,30.735000610351562
2024-06-20 20:00:00+00:00,30.78499984741211
2024-06-20 22:00:00+00:00,30.80500030517578
2024-06-20 23:00:00+00:00,30.809999465942383
2024-06-21 00:00:00+00:00,30.885000228881836
2024-06-21 01:00:00+00:00,30.59000015258789
2024-06-21 02:00:00+00:00,30.575000762939453
2024-06-21 03:00:00+00:00,30.670000076293945
2024-06-21 04:00:00+00:00,30.665000915527344
2024-06-21 05:00:00+00:00,30.69499969482422
2024-06-21 06:00:00+00:00,30.405000686645508
2024-06-21 07:00:00+00:00,30.40999984741211
2024-06-21 08:00:00+00:00,30.4950008392334
2024-06-21 09:00:00+00:00,30.469999313354492
2024-06-21 10:00:00+00:00,30.4950008392334
2024-06-21 11:00:00+00:00,30.594999313354492
2024-06-21 12:00:00+00:00,30.21500015258789
2024-06-21 13:00:00+00:00,29.8700008392334
2024-06-21 14:00:00+00:00,29.780000686645508
2024-06-21 15:00:00+00:00,29.764999389648438
2024-06-21 16:00:00+00:00,29.670000076293945
2024-06-21 17:00:00+00:00,29.59000015258789
2024-06-21 18:00:00+00:00,29.59000015258789
2024-06-21 19:00:00+00:00,29.575000762939453
2024-06-21 20:00:00+00:00,29.579999923706055
2024-06-23 22:00:00+00:00,29.514999389648438
2024-06-23 23:00:00+00:00,29.424999237060547
2024-06-24 00:00:00+00:00,29.485000610351562
2024-06-24 01:00:00+00:00,29.53499984741211
2024-06-24 02:00:00+00:00,29.56999969482422
2024-06-24 03:00:00+00:00,29.565000534057617
2024-06-24 04:00:00+00:00,29.579999923706055
2024-06-24 05:00:00+00:00,29.665000915527344
2024-06-24 06:00:00+00:00,29.559999465942383
2024-06-24 07:00:00+00:00,29.725000381469727
2024-06-24 08:00:00+00:00,29.719999313354492
2024-06-24 09:00:00+00:00,29.645000457763672
2024-06-24 10:00:00+00:00,29.604999542236328
2024-06-24 11:00:00+00:00,29.65999984741211
2024-06-24 12:00:00+00:00,29.610000610351562
2024-06-24 13:00:00+00:00,29.6200008392334
2024-06-24 14:00:00+00:00,29.6299991607666
2024-06-24 15:00:00+00:00,29.5049991607666
2024-06-24 16:00:00+00:00,29.559999465942383
2024-06-24 17:00:00+00:00,29.53499984741211
2024-06-24 18:00:00+00:00,29.6299991607666
2024-06-24 19:00:00+00:00,29.579999923706055
2024-06-24 20:00:00+00:00,29.604999542236328
2024-06-24 22:00:00+00:00,29.55500030517578
2024-06-24 23:00:00+00:00,29.565000534057617
2024-06-25 00:00:00+00:00,29.540000915527344
2024-06-25 01:00:00+00:00,29.440000534057617
2024-06-25 02:00:00+00:00,29.405000686645508
2024-06-25 03:00:00+00:00,29.469999313354492
2024-06-25 04:00:00+00:00,29.565000534057617
2024-06-25 05:00:00+00:00,29.545000076293945
2024-06-25 06:00:00+00:00,29.575000762939453
2024-06-25 07:00:00+00:00,29.485000610351562
2024-06-25 08:00:00+00:00,29.600000381469727
2024-06-25 09:00:00+00:00,29.635000228881836
2024-06-25 10:00:00+00:00,29.625
2024-06-25 11:00:00+00:00,29.520000457763672
2024-06-25 12:00:00+00:00,29.594999313354492
2024-06-25 13:00:00+00:00,29.270000457763672
2024-06-25 14:00:00+00:00,29.2450008392334
2024-06-25 15:00:00+00:00,29.049999237060547
2024-06-25 16:00:00+00:00,28.8799991607666
2024-06-25 17:00:00+00:00,28.905000686645508
2024-06-25 18:00:00+00:00,28.899999618530273
2024-06-25 19:00:00+00:00,28.920000076293945
2024-06-25 20:00:00+00:00,28.920000076293945
2024-06-25 22:00:00+00:00,28.905000686645508
2024-06-25 23:00:00+00:00,28.875
2024-06-26 00:00:00+00:00,28.850000381469727
2024-06-26 01:00:00+00:00,28.780000686645508
2024-06-26 02:00:00+00:00,28.905000686645508
2024-06-26 03:00:00+00:00,28.934999465942383
2024-06-26 04:00:00+00:00,28.90999984741211
2024-06-26 05:00:00+00:00,28.844999313354492
2024-06-26 06:00:00+00:00,28.969999313354492
2024-06-26 07:00:00+00:00,28.985000610351562
2024-06-26 08:00:00+00:00,28.9950008392334
2024-06-26 09:00:00+00:00,29.024999618530273
2024-06-26 10:00:00+00:00,28.8799991607666
2024-06-26 11:00:00+00:00,28.94499969482422
2024-06-26 12:00:00+00:00,28.885000228881836
2024-06-26 13:00:00+00:00,28.725000381469727
2024-06-26 14:00:00+00:00,28.854999542236328
2024-06-26 15:00:00+00:00,28.875
2024-06-26 16:00:00+00:00,28.905000686645508
2024-06-26 17:00:00+00:00,28.920000076293945
2024-06-26 18:00:00+00:00,28.774999618530273
2024-06-26 19:00:00+00:00,28.790000915527344
2024-06-26 20:00:00+00:00,28.764999389648438
2024-06-26 22:00:00+00:00,28.700000762939453
2024-06-26 23:00:00+00:00,28.69499969482422
2024-06-27 00:00:00+00:00,28.719999313354492
2024-06-27 01:00:00+00:00,28.739999771118164
2024-06-27 02:00:00+00:00,28.7450008392334
2024-06-27 03:00:00+00:00,28.770000457763672
2024-06-27 04:00:00+00:00,28.7549991607666
2024-06-27 05:00:00+00:00,28.69499969482422
2024-06-27 06:00:00+00:00,28.739999771118164
2024-06-27 07:00:00+00:00,29.09000015258789
2024-06-27 08:00:00+00:00,29.174999237060547
2024-06-27 09:00:00+00:00,29.21500015258789
2024-06-27 10:00:00+00:00,29.209999084472656
2024-06-27 11:00:00+00:00,29.25
2024-06-27 12:00:00+00:00,29.479999542236328
2024-06-27 13:00:00+00:00,29.354999542236328
2024-06-27 14:00:00+00:00,29.420000076293945
2024-06-27 15:00:00+00:00,29.309999465942383
2024-06-27 16:00:00+00:00,29.229999542236328
2024-06-27 17:00:00+00:00,29.270000457763672
2024-06-27 18:00:00+00:00,29.2549991607666
2024-06-27 19:00:00+00:00,29.264999389648438
2024-06-27 20:00:00+00:00,29.28499984741211
2024-06-27 22:00:00+00:00,29.264999389648438
2024-06-27 23:00:00+00:00,29.309999465942383
2024-06-28 00:00:00+00:00,29.165000915527344
2024-06-28 01:00:00+00:00,29.204999923706055
2024-06-28 02:00:00+00:00,29.424999237060547
2024-06-28 03:00:00+00:00,29.375
2024-06-28 04:00:00+00:00,29.329999923706055
2024-06-28 05:00:00+00:00,29.420000076293945
2024-06-28 06:00:00+00:00,29.530000686645508
2024-06-28 07:00:00+00:00,29.530000686645508
2024-06-28 08:00:00+00:00,29.575000762939453
2024-06-28 09:00:00+00:00,29.604999542236328
2024-06-28 10:00:00+00:00,29.674999237060547
2024-06-28 11:00:00+00:00,29.639999389648438
2024-06-28 12:00:00+00:00,29.809999465942383
2024-06-28 13:00:00+00:00,29.670000076293945
2024-06-28 14:00:00+00:00,29.56999969482422
2024-06-28 15:00:00+00:00,29.575000762939453
2024-06-28 16:00:00+00:00,29.559999465942383
2024-06-28 17:00:00+00:00,29.479999542236328
2024-06-28 18:00:00+00:00,29.424999237060547
2024-06-28 19:00:00+00:00,29.40999984741211
2024-06-28 20:00:00+00:00,29.434999465942383
2024-06-30 22:00:00+00:00,29.385000228881836
2024-06-30 23:00:00+00:00,29.395000457763672
2024-07-01 00:00:00+00:00,29.354999542236328
2024-07-01 01:00:00+00:00,29.415000915527344
2024-07-01 02:00:00+00:00,29.415000915527344
2024-07-01 03:00:00+00:00,29.399999618530273
2024-07-01 04:00:00+00:00,29.329999923706055
2024-07-01 05:00:00+00:00,29.360000610351562
2024-07-01 06:00:00+00:00,29.420000076293945
2024-07-01 07:00:00+00:00,29.3700008392334
2024-07-01 08:00:00+00:00,29.5049991607666
2024-07-01 09:00:00+00:00,29.485000610351562
2024-07-01 10:00:00+00:00,29.545000076293945
2024-07-01 11:00:00+00:00,29.6200008392334
2024-07-01 12:00:00+00:00,29.510000228881836
2024-07-01 13:00:00+00:00,29.610000610351562
2024-07-01 14:00:00+00:00,29.514999389648438
2024-07-01 15:00:00+00:00,29.559999465942383
2024-07-01 16:00:00+00:00,29.600000381469727
2024-07-01 17:00:00+00:00,29.59000015258789
2024-07-01 18:00:00+00:00,29.6200008392334
2024-07-01 19:00:00+00:00,29.709999084472656
2024-07-01 20:00:00+00:00,29.75
2024-07-01 22:00:00+00:00,29.725000381469727
2024-07-01 23:00:00+00:00,29.760000228881836
2024-07-02 00:00:00+00:00,29.690000534057617
2024-07-02 01:00:00+00:00,29.7549991607666
2024-07-02 02:00:00+00:00,29.674999237060547
2024-07-02 03:00:00+00:00,29.594999313354492
2024-07-02 04:00:00+00:00,29.584999084472656
2024-07-02 05:00:00+00:00,29.68000030517578
2024-07-02 06:00:00+00:00,29.68000030517578
2024-07-02 07:00:00+00:00,29.6200008392334
2024-07-02 08:00:00+00:00,29.639999389648438
2024-07-02 09:00:00+00:00,29.604999542236328
2024-07-02 10:00:00+00:00,29.6200008392334
2024-07-02 11:00:00+00:00,29.53499984741211
2024-07-02 12:00:00+00:00,29.854999542236328
2024-07-02 13:00:00+00:00,30.079999923706055
2024-07-02 14:00:00+00:00,29.93000030517578
2024-07-02 15:00:00+00:00,29.739999771118164
2024-07-02 16:00:00+00:00,29.635000228881836
2024-07-02 17:00:00+00:00,29.674999237060547
2024-07-02 18:00:00+00:00,29.78499984741211
2024-07-02 19:00:00+00:00,29.834999084472656
2024-07-02 20:00:00+00:00,29.81999969482422
2024-07-02 22:00:00+00:00,29.875
2024-07-02 23:00:00+00:00,29.8799991607666
2024-07-03 00:00:00+00:00,29.834999084472656
2024-07-03 01:00:00+00:00,29.8799991607666
2024-07-03 02:00:00+00:00,29.829999923706055
2024-07-03 03:00:00+00:00,29.934999465942383
2024-07-03 13:30:00+00:00,30.665000915527344
2024-07-03 14:30:00+00:00,30.844999313354492
2024-07-03 15:30:00+00:00,30.8799991607666
2024-07-03 16:30:00+00:00,30.80500030517578
2024-07-05 04:00:00+00:00,30.8700008392334
2024-07-05 05:00:00+00:00,30.90999984741211
2024-07-05 06:00:00+00:00,30.885000228881836
2024-07-05 07:00:00+00:00,30.8799991607666
2024-07-05 08:00:00+00:00,30.860000610351562
2024-07-05 09:00:00+00:00,30.829999923706055
2024-07-05 10:00:00+00:00,30.889999389648438
2024-07-05 11:00:00+00:00,30.90999984741211
2024-07-05 12:00:00+00:00,31.045000076293945
2024-07-05 13:00:00+00:00,31.225000381469727
2024-07-05 14:00:00+00:00,31.334999084472656
2024-07-05 15:00:00+00:00,31.690000534057617
2024-07-05 16:00:00+00:00,31.764999389648438
2024-07-05 17:00:00+00:00,31.530000686645508
2024-07-05 18:00:00+00:00,31.645000457763672
2024-07-05 19:00:00+00:00,31.514999389648438
2024-07-05 20:00:00+00:00,31.524999618530273
2024-07-07 22:00:00+00:00,31.405000686645508
2024-07-07 23:00:00+00:00,31.40999984741211
2024-07-08 00:00:00+00:00,31.479999542236328
2024-07-08 01:00:00+00:00,31.520000457763672
2024-07-08 02:00:00+00:00,31.344999313354492
2024-07-08 03:00:00+00:00,31.364999771118164
2024-07-08 04:00:00+00:00,31.389999389648438
2024-07-08 05:00:00+00:00,31.280000686645508
2024-07-08 06:00:00+00:00,31.19499969482422
2024-07-08 07:00:00+00:00,31.270000457763672
2024-07-08 08:00:00+00:00,31.225000381469727
2024-07-08 09:00:00+00:00,31.25
2024-07-08 10:00:00+00:00,31.295000076293945
2024-07-08 11:00:00+00:00,31.375
2024-07-08 12:00:00+00:00,31.315000534057617
2024-07-08 13:00:00+00:00,31.40999984741211
2024-07-08 14:00:00+00:00,31.3700008392334
2024-07-08 15:00:00+00:00,30.924999237060547
2024-07-08 16:00:00+00:00,30.950000762939453
2024-07-08 17:00:00+00:00,30.959999084472656
2024-07-08 18:00:00+00:00,30.899999618530273
2024-07-08 19:00:00+00:00,31.075000762939453
2024-07-08 20:00:00+00:00,31.030000686645508
2024-07-08 22:00:00+00:00,31.084999084472656
2024-07-08 23:00:00+00:00,31.1299991607666
2024-07-09 00:00:00+00:00,31.084999084472656
2024-07-09 01:00:00+00:00,31.18000030517578
2024-07-09 02:00:00+00:00,31.165000915527344
2024-07-09 03:00:00+00:00,31.270000457763672
2024-07-09 04:00:00+00:00,31.260000228881836
2024-07-09 05:00:00+00:00,31.299999237060547
2024-07-09 06:00:00+00:00,31.329999923706055
2024-07-09 07:00:00+00:00,31.260000228881836
2024-07-09 08:00:00+00:00,31.28499984741211
2024-07-09 09:00:00+00:00,31.360000610351562
2024-07-09 10:00:00+00:00,31.3799991607666
2024-07-09 11:00:00+00:00,31.309999465942383
2024-07-09 12:00:00+00:00,31.21500015258789
2024-07-09 13:00:00+00:00,31.31999969482422
2024-07-09 14:00:00+00:00,30.989999771118164
2024-07-09 15:00:00+00:00,31.049999237060547
2024-07-09 16:00:00+00:00,31.05500030517578
2024-07-09 17:00:00+00:00,31.05500030517578
2024-07-09 18:00:00+00:00,31.1200008392334
2024-07-09 19:00:00+00:00,31.06999969482422
2024-07-09 20:00:00+00:00,31.084999084472656
2024-07-09 22:00:00+00:00,31.094999313354492
2024-07-09 23:00:00+00:00,31.079999923706055
2024-07-10 00:00:00+00:00,31.049999237060547
2024-07-10 01:00:00+00:00,31.174999237060547
2024-07-10 02:00:00+00:00,31.229999542236328
2024-07-10 03:00:00+00:00,31.094999313354492
2024-07-10 04:00:00+00:00,31.075000762939453
2024-07-10 05:00:00+00:00,31.020000457763672
2024-07-10 06:00:00+00:00,31.1200008392334
2024-07-10 07:00:00+00:00,31.19499969482422
2024-07-10 08:00:00+00:00,31.239999771118164
2024-07-10 09:00:00+00:00,31.219999313354492
2024-07-10 10:00:00+00:00,31.184999465942383
2024-07-10 11:00:00+00:00,31.31999969482422
2024-07-10 12:00:00+00:00,31.2450008392334
2024-07-10 13:00:00+00:00,31.434999465942383
2024-07-10 14:00:00+00:00,31.075000762939453
2024-07-10 15:00:00+00:00,31.170000076293945
2024-07-10 16:00:00+00:00,31.1299991607666
2024-07-10 17:00:00+00:00,31.06999969482422
2024-07-10 18:00:00+00:00,31.075000762939453
2024-07-10 19:00:00+00:00,31.100000381469727
2024-07-10 20:00:00+00:00,31.079999923706055
2024-07-10 22:00:00+00:00,31.104999542236328
2024-07-10 23:00:00+00:00,31.1200008392334
2024-07-11 00:00:00+00:00,31.149999618530273
2024-07-11 01:00:00+00:00,31.204999923706055
2024-07-11 02:00:00+00:00,31.200000762939453
2024-07-11 03:00:00+00:00,31.270000457763672
2024-07-11 04:00:00+00:00,31.299999237060547
2024-07-11 05:00:00+00:00,31.334999084472656
2024-07-11 06:00:00+00:00,31.295000076293945
2024-07-11 07:00:00+00:00,31.190000534057617
2024-07-11 08:00:00+00:00,31.25
2024-07-11 09:00:00+00:00,31.329999923706055
2024-07-11 10:00:00+00:00,31.28499984741211
2024-07-11 11:00:00+00:00,31.184999465942383
2024-07-11 12:00:00+00:00,31.90999984741211
2024-07-11 13:00:00+00:00,31.7450008392334
2024-07-11 14:00:00+00:00,31.815000534057617
2024-07-11 15:00:00+00:00,31.674999237060547
2024-07-11 16:00:00+00:00,31.59000015258789
2024-07-11 17:00:00+00:00,31.690000534057617
2024-07-11 18:00:00+00:00,31.725000381469727
2024-07-11 19:00:00+00:00,31.69499969482422
2024-07-11 20:00:00+00:00,31.725000381469727
2024-07-11 22:00:00+00:00,31.649999618530273
2024-07-11 23:00:00+00:00,31.65999984741211
2024-07-12 00:00:00+00:00,31.579999923706055
2024-07-12 01:00:00+00:00,31.479999542236328
2024-07-12 02:00:00+00:00,31.545000076293945
2024-07-12 03:00:00+00:00,31.459999084472656
2024-07-12 04:00:00+00:00,31.434999465942383
2024-07-12 05:00:00+00:00,31.274999618530273
2024-07-12 06:00:00+00:00,31.075000762939453
2024-07-12 07:00:00+00:00,30.989999771118164
2024-07-12 08:00:00+00:00,31.1200008392334
2024-07-12 09:00:00+00:00,31.05500030517578
2024-07-12 10:00:00+00:00,30.969999313354492
2024-07-12 11:00:00+00:00,30.979999542236328
2024-07-12 12:00:00+00:00,30.760000228881836
2024-07-12 13:00:00+00:00,31.0049991607666
2024-07-12 14:00:00+00:00,31.184999465942383
2024-07-12 15:00:00+00:00,31.149999618530273
2024-07-12 16:00:00+00:00,31.19499969482422
2024-07-12 17:00:00+00:00,31.209999084472656
2024-07-12 18:00:00+00:00,31.110000610351562
2024-07-12 19:00:00+00:00,31.030000686645508
2024-07-12 20:00:00+00:00,31.024999618530273
2024-07-14 22:00:00+00:00,30.850000381469727
2024-07-14 23:00:00+00:00,30.864999771118164
2024-07-15 00:00:00+00:00,30.93000030517578
2024-07-15 01:00:00+00:00,31.100000381469727
2024-07-15 02:00:00+00:00,31.075000762939453
2024-07-15 03:00:00+00:00,31.165000915527344
2024-07-15 04:00:00+00:00,31.15999984741211
2024-07-15 05:00:00+00:00,31.03499984741211
2024-07-15 06:00:00+00:00,30.860000610351562
2024-07-15 07:00:00+00:00,30.940000534057617
2024-07-15 08:00:00+00:00,30.954999923706055
2024-07-15 09:00:00+00:00,30.940000534057617
2024-07-15 10:00:00+00:00,30.975000381469727
2024-07-15 11:00:00+00:00,31.024999618530273
2024-07-15 12:00:00+00:00,30.899999618530273
2024-07-15 13:00:00+00:00,31.05500030517578
2024-07-15 14:00:00+00:00,31.260000228881836
2024-07-15 15:00:00+00:00,31.184999465942383
2024-07-15 16:00:00+00:00,31.06999969482422
2024-07-15 17:00:00+00:00,30.905000686645508
2024-07-15 18:00:00+00:00,30.93000030517578
2024-07-15 19:00:00+00:00,30.915000915527344
2024-07-15 20:00:00+00:00,30.905000686645508
2024-07-15 22:00:00+00:00,30.850000381469727
2024-07-15 23:00:00+00:00,30.844999313354492
2024-07-16 00:00:00+00:00,30.829999923706055
2024-07-16 01:00:00+00:00,30.975000381469727
2024-07-16 02:00:00+00:00,31.06999969482422
2024-07-16 03:00:00+00:00,31.05500030517578
2024-07-16 04:00:00+00:00,31.014999389648438
2024-07-16 05:00:00+00:00,31.09000015258789
2024-07-16 06:00:00+00:00,31.079999923706055
2024-07-16 07:00:00+00:00,31.040000915527344
2024-07-16 08:00:00+00:00,30.985000610351562
2024-07-16 09:00:00+00:00,31.125
2024-07-16 10:00:00+00:00,31.110000610351562
2024-07-16 11:00:00+00:00,31.049999237060547
2024-07-16 12:00:00+00:00,30.84000015258789
2024-07-16 13:00:00+00:00,31.049999237060547
2024-07-16 14:00:00+00:00,31.260000228881836
2024-07-16 15:00:00+00:00,31.565000534057617
2024-07-16 16:00:00+00:00,31.440000534057617
2024-07-16 17:00:00+00:00,31.5
2024-07-16 18:00:00+00:00,31.514999389648438
2024-07-16 19:00:00+00:00,31.55500030517578
2024-07-16 20:00:00+00:00,31.485000610351562
2024-07-16 22:00:00+00:00,31.485000610351562
2024-07-16 23:00:00+00:00,31.4950008392334
2024-07-17 00:00:00+00:00,31.524999618530273
2024-07-17 01:00:00+00:00,31.530000686645508
2024-07-17 02:00:00+00:00,31.510000228881836
2024-07-17 03:00:00+00:00,31.334999084472656
2024-07-17 04:00:00+00:00,31.30500030517578
2024-07-17 05:00:00+00:00,31.125
2024-07-17 06:00:00+00:00,31.079999923706055
2024-07-17 07:00:00+00:00,31.15999984741211
2024-07-17 08:00:00+00:00,31.200000762939453
2024-07-17 09:00:00+00:00,31.170000076293945
2024-07-17 10:00:00+00:00,31.135000228881836
2024-07-17 11:00:00+00:00,31.204999923706055
2024-07-17 12:00:00+00:00,31.170000076293945
2024-07-17 13:00:00+00:00,31.260000228881836
2024-07-17 14:00:00+00:00,30.565000534057617
2024-07-17 15:00:00+00:00,30.524999618530273
2024-07-17 16:00:00+00:00,30.364999771118164
2024-07-17 17:00:00+00:00,30.3799991607666
2024-07-17 18:00:00+00:00,30.469999313354492
2024-07-17 19:00:00+00:00,30.510000228881836
2024-07-17 20:00:00+00:00,30.520000457763672
2024-07-17 22:00:00+00:00,30.584999084472656
2024-07-17 23:00:00+00:00,30.59000015258789
2024-07-18 00:00:00+00:00,30.510000228881836
2024-07-18 01:00:00+00:00,30.584999084472656
2024-07-18 02:00:00+00:00,30.584999084472656
2024-07-18 03:00:00+00:00,30.625
2024-07-18 04:00:00+00:00,30.56999969482422
2024-07-18 05:00:00+00:00,30.6200008392334
2024-07-18 06:00:00+00:00,30.739999771118164
2024-07-18 07:00:00+00:00,30.704999923706055
2024-07-18 08:00:00+00:00,30.700000762939453
2024-07-18 09:00:00+00:00,30.739999771118164
2024-07-18 10:00:00+00:00,30.674999237060547
2024-07-18 11:00:00+00:00,30.575000762939453
2024-07-18 12:00:00+00:00,30.575000762939453
2024-07-18 13:00:00+00:00,30.559999465942383
2024-07-18 14:00:00+00:00,30.4950008392334
2024-07-18 15:00:00+00:00,30.209999084472656
2024-07-18 16:00:00+00:00,30.235000610351562
2024-07-18 17:00:00+00:00,30.229999542236328
2024-07-18 18:00:00+00:00,30.1200008392334
2024-07-18 19:00:00+00:00,29.9950008392334
2024-07-18 20:00:00+00:00,30.020000457763672
2024-07-18 22:00:00+00:00,29.969999313354492
2024-07-18 23:00:00+00:00,29.920000076293945
2024-07-19 00:00:00+00:00,29.889999389648438
2024-07-19 01:00:00+00:00,29.674999237060547
2024-07-19 02:00:00+00:00,29.799999237060547
2024-07-19 03:00:00+00:00,29.864999771118164
2024-07-19 04:00:00+00:00,29.780000686645508
2024-07-19 05:00:00+00:00,29.704999923706055
2024-07-19 06:00:00+00:00,29.55500030517578
2024-07-19 07:00:00+00:00,29.475000381469727
2024-07-19 08:00:00+00:00,29.524999618530273
2024-07-19 09:00:00+00:00,29.44499969482422
2024-07-19 10:00:00+00:00,29.360000610351562
2024-07-19 11:00:00+00:00,29.280000686645508
2024-07-19 12:00:00+00:00,29.2450008392334
2024-07-19 13:00:00+00:00,29.329999923706055
2024-07-19 14:00:00+00:00,29.290000915527344
2024-07-19 15:00:00+00:00,29.40999984741211
2024-07-19 16:00:00+00:00,29.325000762939453
2024-07-19 17:00:00+00:00,29.309999465942383
2024-07-19 18:00:00+00:00,29.375
2024-07-19 19:00:00+00:00,29.399999618530273
2024-07-19 20:00:00+00:00,29.405000686645508
2024-07-21 22:00:00+00:00,29.594999313354492
2024-07-21 23:00:00+00:00,29.604999542236328
2024-07-22 00:00:00+00:00,29.485000610351562
2024-07-22 01:00:00+00:00,29.385000228881836
2024-07-22 02:00:00+00:00,29.344999313354492
2024-07-22 03:00:00+00:00,29.325000762939453
2024-07-22 04:00:00+00:00,29.299999237060547
2024-07-22 05:00:00+00:00,29.239999771118164
2024-07-22 06:00:00+00:00,29.190000534057617
2024-07-22 07:00:00+00:00,29.225000381469727
2024-07-22 08:00:00+00:00,29.274999618530273
2024-07-22 09:00:00+00:00,29.295000076293945
2024-07-22 10:00:00+00:00,29.239999771118164
2024-07-22 11:00:00+00:00,29.079999923706055
2024-07-22 12:00:00+00:00,28.989999771118164
2024-07-22 13:00:00+00:00,29.059999465942383
2024-07-22 14:00:00+00:00,29.139999389648438
2024-07-22 15:00:00+00:00,29.155000686645508
2024-07-22 16:00:00+00:00,29.280000686645508
2024-07-22 17:00:00+00:00,29.270000457763672
2024-07-22 18:00:00+00:00,29.30500030517578
2024-07-22 19:00:00+00:00,29.360000610351562
2024-07-22 20:00:00+00:00,29.315000534057617
2024-07-22 22:00:00+00:00,29.219999313354492
2024-07-22 23:00:00+00:00,29.25
2024-07-23 00:00:00+00:00,29.309999465942383
2024-07-23 01:00:00+00:00,29.354999542236328
2024-07-23 02:00:00+00:00,29.204999923706055
2024-07-23 03:00:00+00:00,29.200000762939453
2024-07-23 04:00:00+00:00,29.15999984741211
2024-07-23 05:00:00+00:00,29.09000015258789
2024-07-23 06:00:00+00:00,28.899999618530273
2024-07-23 07:00:00+00:00,29.010000228881836
2024-07-23 08:00:00+00:00,29.125
2024-07-23 09:00:00+00:00,29.219999313354492
2024-07-23 10:00:00+00:00,29.2450008392334
2024-07-23 11:00:00+00:00,29.2450008392334
2024-07-23 12:00:00+00:00,29.204999923706055
2024-07-23 13:00:00+00:00,29.190000534057617
2024-07-23 14:00:00+00:00,29.204999923706055
2024-07-23 15:00:00+00:00,29.270000457763672
2024-07-23 16:00:00+00:00,29.299999237060547
2024-07-23 17:00:00+00:00,29.299999237060547
2024-07-23 18:00:00+00:00,29.31999969482422
2024-07-23 19:00:00+00:00,29.395000457763672
2024-07-23 20:00:00+00:00,29.415000915527344
2024-07-23 22:00:00+00:00,29.3799991607666
2024-07-23 23:00:00+00:00,29.375
2024-07-24 00:00:00+00:00,29.385000228881836
2024-07-24 01:00:00+00:00,29.334999084472656
2024-07-24 02:00:00+00:00,29.479999542236328
2024-07-24 03:00:00+00:00,29.485000610351562
2024-07-24 04:00:00+00:00,29.485000610351562
2024-07-24 05:00:00+00:00,29.459999084472656
2024-07-24 06:00:00+00:00,29.510000228881836
2024-07-24 07:00:00+00:00,29.43000030517578
2024-07-24 08:00:00+00:00,29.3799991607666
2024-07-24 09:00:00+00:00,29.420000076293945
2024-07-24 10:00:00+00:00,29.489999771118164
2024-07-24 11:00:00+00:00,29.53499984741211
2024-07-24 12:00:00+00:00,29.545000076293945
2024-07-24 13:00:00+00:00,29.440000534057617
2024-07-24 14:00:00+00:00,29.56999969482422
2024-07-24 15:00:00+00:00,29.46500015258789
2024-07-24 16:00:00+00:00,29.3799991607666
2024-07-24 17:00:00+00:00,29.209999084472656
2024-07-24 18:00:00+00:00,29.184999465942383
2024-07-24 19:00:00+00:00,29.114999771118164
2024-07-24 20:00:00+00:00,29.079999923706055
2024-07-24 22:00:00+00:00,29.030000686645508
2024-07-24 23:00:00+00:00,29.059999465942383
2024-07-25 00:00:00+00:00,29.014999389648438
2024-07-25 01:00:00+00:00,28.454999923706055
2024-07-25 02:00:00+00:00,28.165000915527344
2024-07-25 03:00:00+00:00,28.094999313354492
2024-07-25 04:00:00+00:00,28.1200008392334
2024-07-25 05:00:00+00:00,28.145000457763672
2024-07-25 06:00:00+00:00,28.149999618530273
2024-07-25 07:00:00+00:00,28.075000762939453
2024-07-25 08:00:00+00:00,28.149999618530273
2024-07-25 09:00:00+00:00,28.049999237060547
2024-07-25 10:00:00+00:00,28.125
2024-07-25 11:00:00+00:00,27.704999923706055
2024-07-25 12:00:00+00:00,27.770000457763672
2024-07-25 13:00:00+00:00,27.844999313354492
2024-07-25 14:00:00+00:00,28.084999084472656
2024-07-25 15:00:00+00:00,28.049999237060547
2024-07-25 16:00:00+00:00,28.03499984741211
2024-07-25 17:00:00+00:00,27.959999084472656
2024-07-25 18:00:00+00:00,27.920000076293945
2024-07-25 19:00:00+00:00,27.975000381469727
2024-07-25 20:00:00+00:00,27.979999542236328
2024-07-25 22:00:00+00:00,27.9950008392334
2024-07-25 23:00:00+00:00,27.975000381469727
2024-07-26 00:00:00+00:00,27.979999542236328
2024-07-26 01:00:00+00:00,28.190000534057617
2024-07-26 02:00:00+00:00,28.075000762939453
2024-07-26 03:00:00+00:00,27.954999923706055
2024-07-26 04:00:00+00:00,27.8799991607666
2024-07-26 05:00:00+00:00,28.045000076293945
2024-07-26 06:00:00+00:00,27.8799991607666
2024-07-26 07:00:00+00:00,27.844999313354492
2024-07-26 08:00:00+00:00,27.940000534057617
2024-07-26 09:00:00+00:00,27.940000534057617
2024-07-26 10:00:00+00:00,27.90999984741211
2024-07-26 11:00:00+00:00,27.90999984741211
2024-07-26 12:00:00+00:00,27.9950008392334
2024-07-26 13:00:00+00:00,27.895000457763672
2024-07-26 14:00:00+00:00,27.844999313354492
2024-07-26 15:00:00+00:00,27.96500015258789
2024-07-26 16:00:00+00:00,28.094999313354492
2024-07-26 17:00:00+00:00,27.959999084472656
2024-07-26 18:00:00+00:00,27.950000762939453
2024-07-26 19:00:00+00:00,28.045000076293945
2024-07-26 20:00:00+00:00,28.06999969482422
2024-07-28 22:00:00+00:00,28.219999313354492
2024-07-28 23:00:00+00:00,28.260000228881836
2024-07-29 00:00:00+00:00,28.25
2024-07-29 01:00:00+00:00,28.100000381469727
2024-07-29 02:00:00+00:00,28.125
2024-07-29 03:00:00+00:00,28.239999771118164
2024-07-29 04:00:00+00:00,28.239999771118164
2024-07-29 05:00:00+00:00,28.229999542236328
2024-07-29 06:00:00+00:00,28.18000030517578
2024-07-29 07:00:00+00:00,28.149999618530273
2024-07-29 08:00:00+00:00,28.19499969482422
2024-07-29 09:00:00+00:00,28.290000915527344
2024-07-29 10:00:00+00:00,28.280000686645508
2024-07-29 11:00:00+00:00,28.174999237060547
2024-07-29 12:00:00+00:00,28.190000534057617
2024-07-29 13:00:00+00:00,28.075000762939453
2024-07-29 14:00:00+00:00,27.790000915527344
2024-07-29 15:00:00+00:00,27.709999084472656
2024-07-29 16:00:00+00:00,27.75
2024-07-29 17:00:00+00:00,27.844999313354492
2024-07-29 18:00:00+00:00,27.885000228881836
2024-07-29 19:00:00+00:00,28.020000457763672
2024-07-29 20:00:00+00:00,28.020000457763672
2024-07-29 22:00:00+00:00,28.040000915527344
2024-07-29 23:00:00+00:00,27.959999084472656
2024-07-30 00:00:00+00:00,27.94499969482422
2024-07-30 01:00:00+00:00,27.84000015258789
2024-07-30 02:00:00+00:00,27.979999542236328
2024-07-30 03:00:00+00:00,27.989999771118164
2024-07-30 04:00:00+00:00,28.05500030517578
2024-07-30 05:00:00+00:00,28.059999465942383
2024-07-30 06:00:00+00:00,28.084999084472656
2024-07-30 07:00:00+00:00,28.084999084472656
2024-07-30 08:00:00+00:00,28.010000228881836
2024-07-30 09:00:00+00:00,27.959999084472656
2024-07-30 10:00:00+00:00,28.040000915527344
2024-07-30 11:00:00+00:00,27.934999465942383
2024-07-30 12:00:00+00:00,27.975000381469727
2024-07-30 13:00:00+00:00,28.1200008392334
2024-07-30 14:00:00+00:00,28.15999984741211
2024-07-30 15:00:00+00:00,28.114999771118164
2024-07-30 16:00:00+00:00,28.31999969482422
2024-07-30 17:00:00+00:00,28.469999313354492
2024-07-30 18:00:00+00:00,28.450000762939453
2024-07-30 19:00:00+00:00,28.450000762939453
2024-07-30 20:00:00+00:00,28.530000686645508
2024-07-30 22:00:00+00:00,28.485000610351562
2024-07-30 23:00:00+00:00,28.5
2024-07-31 00:00:00+00:00,28.545000076293945
2024-07-31 01:00:00+00:00,28.649999618530273
2024-07-31 02:00:00+00:00,28.645000457763672
2024-07-31 03:00:00+00:00,28.739999771118164
2024-07-31 04:00:00+00:00,28.7549991607666
2024-07-31 05:00:00+00:00,28.729999542236328
2024-07-31 06:00:00+00:00,28.739999771118164
2024-07-31 07:00:00+00:00,28.704999923706055
2024-07-31 08:00:00+00:00,28.729999542236328
2024-07-31 09:00:00+00:00,28.709999084472656
2024-07-31 10:00:00+00:00,28.719999313354492
2024-07-31 11:00:00+00:00,28.834999084472656
2024-07-31 12:00:00+00:00,28.78499984741211
2024-07-31 13:00:00+00:00,28.954999923706055
2024-07-31 14:00:00+00:00,28.885000228881836
2024-07-31 15:00:00+00:00,28.934999465942383
2024-07-31 16:00:00+00:00,28.90999984741211
2024-07-31 17:00:00+00:00,28.84000015258789
2024-07-31 18:00:00+00:00,28.989999771118164
2024-07-31 19:00:00+00:00,29.075000762939453
2024-07-31 20:00:00+00:00,29.15999984741211
2024-07-31 22:00:00+00:00,29.21500015258789
2024-07-31 23:00:00+00:00,29.184999465942383
2024-08-01 00:00:00+00:00,29.174999237060547
2024-08-01 01:00:00+00:00,29.155000686645508
2024-08-01 02:00:00+00:00,28.96500015258789
2024-08-01 03:00:00+00:00,29.020000457763672
2024-08-01 04:00:00+00:00,28.989999771118164
2024-08-01 05:00:00+00:00,29.065000534057617
2024-08-01 06:00:00+00:00,29.075000762939453
2024-08-01 07:00:00+00:00,28.940000534057617
2024-08-01 08:00:00+00:00,28.905000686645508
2024-08-01 09:00:00+00:00,28.989999771118164
2024-08-01 10:00:00+00:00,29.010000228881836
2024-08-01 11:00:00+00:00,29.075000762939453
2024-08-01 12:00:00+00:00,29.190000534057617
2024-08-01 13:00:00+00:00,29.125
2024-08-01 14:00:00+00:00,28.594999313354492
2024-08-01 15:00:00+00:00,28.565000534057617
2024-08-01 16:00:00+00:00,28.530000686645508
2024-08-01 17:00:00+00:00,28.46500015258789
2024-08-01 18:00:00+00:00,28.44499969482422
2024-08-01 19:00:00+00:00,28.639999389648438
2024-08-01 20:00:00+00:00,28.635000228881836
2024-08-01 22:00:00+00:00,28.625
2024-08-01 23:00:00+00:00,28.614999771118164
2024-08-02 00:00:00+00:00,28.575000762939453
2024-08-02 01:00:00+00:00,28.625
2024-08-02 02:00:00+00:00,28.8799991607666
2024-08-02 03:00:00+00:00,28.8799991607666
2024-08-02 04:00:00+00:00,28.950000762939453
2024-08-02 05:00:00+00:00,29.049999237060547
2024-08-02 06:00:00+00:00,29.030000686645508
2024-08-02 07:00:00+00:00,29.014999389648438
2024-08-02 08:00:00+00:00,29.0049991607666
2024-08-02 09:00:00+00:00,29.03499984741211
2024-08-02 10:00:00+00:00,29.049999237060547
2024-08-02 11:00:00+00:00,29.010000228881836
2024-08-02 12:00:00+00:00,29.174999237060547
2024-08-02 13:00:00+00:00,28.94499969482422
2024-08-02 14:00:00+00:00,28.25
2024-08-02 15:00:00+00:00,28.434999465942383
2024-08-02 16:00:00+00:00,28.440000534057617
2024-08-02 17:00:00+00:00,28.454999923706055
2024-08-02 18:00:00+00:00,28.479999542236328
2024-08-02 19:00:00+00:00,28.635000228881836
2024-08-02 20:00:00+00:00,28.684999465942383
2024-08-04 22:00:00+00:00,28.625
2024-08-04 23:00:00+00:00,28.614999771118164
2024-08-05 00:00:00+00:00,28.295000076293945
2024-08-05 01:00:00+00:00,28.665000915527344
2024-08-05 02:00:00+00:00,28.639999389648438
2024-08-05 03:00:00+00:00,28.735000610351562
2024-08-05 04:00:00+00:00,28.71500015258789
2024-08-05 05:00:00+00:00,28.424999237060547
2024-08-05 06:00:00+00:00,28.21500015258789
2024-08-05 07:00:00+00:00,28.239999771118164
2024-08-05 08:00:00+00:00,27.920000076293945
2024-08-05 09:00:00+00:00,27.684999465942383
2024-08-05 10:00:00+00:00,27.209999084472656
2024-08-05 11:00:00+00:00,26.790000915527344
2024-08-05 12:00:00+00:00,26.760000228881836
2024-08-05 13:00:00+00:00,27.219999313354492
2024-08-05 14:00:00+00:00,27.25
2024-08-05 15:00:00+00:00,27.280000686645508
2024-08-05 16:00:00+00:00,27.209999084472656
2024-08-05 17:00:00+00:00,27.21500015258789
2024-08-05 18:00:00+00:00,27.204999923706055
2024-08-05 19:00:00+00:00,27.31999969482422
2024-08-05 20:00:00+00:00,27.360000610351562
2024-08-05 22:00:00+00:00,27.334999084472656
2024-08-05 23:00:00+00:00,27.350000381469727
2024-08-06 00:00:00+00:00,27.559999465942383
2024-08-06 01:00:00+00:00,27.44499969482422
2024-08-06 02:00:00+00:00,27.274999618530273
2024-08-06 03:00:00+00:00,27.344999313354492
2024-08-06 04:00:00+00:00,27.295000076293945
2024-08-06 05:00:00+00:00,26.924999237060547
2024-08-06 06:00:00+00:00,26.94499969482422
2024-08-06 07:00:00+00:00,27.045000076293945
2024-08-06 08:00:00+00:00,27.049999237060547
2024-08-06 09:00:00+00:00,27.049999237060547
2024-08-06 10:00:00+00:00,27.149999618530273
2024-08-06 11:00:00+00:00,27.125
2024-08-06 12:00:00+00:00,26.829999923706055
2024-08-06 13:00:00+00:00,27.09000015258789
2024-08-06 14:00:00+00:00,27.200000762939453
2024-08-06 15:00:00+00:00,27.190000534057617
2024-08-06 16:00:00+00:00,27.264999389648438
2024-08-06 17:00:00+00:00,27.25
2024-08-06 18:00:00+00:00,27.2450008392334
2024-08-06 19:00:00+00:00,27.104999542236328
2024-08-06 20:00:00+00:00,27.100000381469727
2024-08-06 22:00:00+00:00,27.020000457763672
2024-08-06 23:00:00+00:00,26.93000030517578
2024-08-07 00:00:00+00:00,27.104999542236328
2024-08-07 01:00:00+00:00,27.1200008392334
2024-08-07 02:00:00+00:00,27.15999984741211
2024-08-07 03:00:00+00:00,27.19499969482422
2024-08-07 04:00:00+00:00,27.325000762939453
2024-08-07 05:00:00+00:00,27.18000030517578
2024-08-07 06:00:00+00:00,27.114999771118164
2024-08-07 07:00:00+00:00,26.989999771118164
2024-08-07 08:00:00+00:00,27.010000228881836
2024-08-07 09:00:00+00:00,27.100000381469727
2024-08-07 10:00:00+00:00,27.2450008392334
2024-08-07 11:00:00+00:00,27.219999313354492
2024-08-07 12:00:00+00:00,27.165000915527344
2024-08-07 13:00:00+00:00,27.024999618530273
2024-08-07 14:00:00+00:00,27.104999542236328
2024-08-07 15:00:00+00:00,27.059999465942383
2024-08-07 16:00:00+00:00,27.03499984741211
2024-08-07 17:00:00+00:00,26.825000762939453
2024-08-07 18:00:00+00:00,26.704999923706055
2024-08-07 19:00:00+00:00,26.795000076293945
2024-08-07 20:00:00+00:00,26.700000762939453
2024-08-07 22:00:00+00:00,26.670000076293945
2024-08-07 23:00:00+00:00,26.725000381469727
2024-08-08 00:00:00+00:00,26.7450008392334
2024-08-08 01:00:00+00:00,26.795000076293945
2024-08-08 02:00:00+00:00,26.940000534057617
2024-08-08 03:00:00+00:00,27.014999389648438
2024-08-08 04:00:00+00:00,26.985000610351562
2024-08-08 05:00:00+00:00,26.979999542236328
2024-08-08 06:00:00+00:00,26.96500015258789
2024-08-08 07:00:00+00:00,26.895000457763672
2024-08-08 08:00:00+00:00,26.924999237060547
2024-08-08 09:00:00+00:00,26.889999389648438
2024-08-08 10:00:00+00:00,27.024999618530273
2024-08-08 11:00:00+00:00,27.1299991607666
2024-08-08 12:00:00+00:00,27.030000686645508
2024-08-08 13:00:00+00:00,27.329999923706055
2024-08-08 14:00:00+00:00,27.44499969482422
2024-08-08 15:00:00+00:00,27.4950008392334
2024-08-08 16:00:00+00:00,27.55500030517578
2024-08-08 17:00:00+00:00,27.614999771118164
2024-08-08 18:00:00+00:00,27.579999923706055
2024-08-08 19:00:00+00:00,27.5
2024-08-08 20:00:00+00:00,27.625
2024-08-08 22:00:00+00:00,27.549999237060547
2024-08-08 23:00:00+00:00,27.625
2024-08-09 00:00:00+00:00,27.55500030517578
2024-08-09 01:00:00+00:00,27.780000686645508
2024-08-09 02:00:00+00:00,27.729999542236328
2024-08-09 03:00:00+00:00,27.719999313354492
2024-08-09 04:00:00+00:00,27.709999084472656
2024-08-09 05:00:00+00:00,27.510000228881836
2024-08-09 06:00:00+00:00,27.579999923706055
2024-08-09 07:00:00+00:00,27.559999465942383
2024-08-09 08:00:00+00:00,27.614999771118164
2024-08-09 09:00:00+00:00,27.540000915527344
2024-08-09 10:00:00+00:00,27.635000228881836
2024-08-09 11:00:00+00:00,27.55500030517578
2024-08-09 12:00:00+00:00,27.56999969482422
2024-08-09 13:00:00+00:00,27.489999771118164
2024-08-09 14:00:00+00:00,27.530000686645508
2024-08-09 15:00:00+00:00,27.5
2024-08-09 16:00:00+00:00,27.55500030517578
2024-08-09 17:00:00+00:00,27.540000915527344
2024-08-09 18:00:00+00:00,27.559999465942383
2024-08-09 19:00:00+00:00,27.469999313354492
2024-08-09 20:00:00+00:00,27.520000457763672
2024-08-11 22:00:00+00:00,27.485000610351562
2024-08-11 23:00:00+00:00,27.405000686645508
2024-08-12 00:00:00+00:00,27.434999465942383
2024-08-12 01:00:00+00:00,27.360000610351562
2024-08-12 02:00:00+00:00,27.43000030517578
2024-08-12 03:00:00+00:00,27.450000762939453
2024-08-12 04:00:00+00:00,27.575000762939453
2024-08-12 05:00:00+00:00,27.690000534057617
2024-08-12 06:00:00+00:00,27.825000762939453
2024-08-12 07:00:00+00:00,28.0049991607666
2024-08-12 08:00:00+00:00,27.920000076293945
2024-08-12 09:00:00+00:00,27.9950008392334
2024-08-12 10:00:00+00:00,28.010000228881836
2024-08-12 11:00:00+00:00,27.96500015258789
2024-08-12 12:00:00+00:00,27.905000686645508
2024-08-12 13:00:00+00:00,27.875
2024-08-12 14:00:00+00:00,27.940000534057617
2024-08-12 15:00:00+00:00,27.94499969482422
2024-08-12 16:00:00+00:00,27.950000762939453
2024-08-12 17:00:00+00:00,28.014999389648438
2024-08-12 18:00:00+00:00,28.049999237060547
2024-08-12 19:00:00+00:00,28.0049991607666
2024-08-12 20:00:00+00:00,28.049999237060547
2024-08-12 22:00:00+00:00,28.040000915527344
2024-08-12 23:00:00+00:00,28.079999923706055
2024-08-13 00:00:00+00:00,28.030000686645508
2024-08-13 01:00:00+00:00,27.915000915527344
2024-08-13 02:00:00+00:00,27.7450008392334
2024-08-13 03:00:00+00:00,27.78499984741211
2024-08-13 04:00:00+00:00,27.799999237060547
2024-08-13 05:00:00+00:00,27.760000228881836
2024-08-13 06:00:00+00:00,27.795000076293945
2024-08-13 07:00:00+00:00,27.850000381469727
2024-08-13 08:00:00+00:00,27.825000762939453
2024-08-13 09:00:00+00:00,27.80500030517578
2024-08-13 10:00:00+00:00,27.774999618530273
2024-08-13 11:00:00+00:00,27.864999771118164
2024-08-13 12:00:00+00:00,27.774999618530273
2024-08-13 13:00:00+00:00,27.78499984741211
2024-08-13 14:00:00+00:00,27.725000381469727
2024-08-13 15:00:00+00:00,27.690000534057617
2024-08-13 16:00:00+00:00,27.829999923706055
2024-08-13 17:00:00+00:00,27.78499984741211
2024-08-13 18:00:00+00:00,27.889999389648438
2024-08-13 19:00:00+00:00,27.905000686645508
2024-08-13 20:00:00+00:00,27.905000686645508
2024-08-13 22:00:00+00:00,27.934999465942383
2024-08-13 23:00:00+00:00,27.905000686645508
2024-08-14 00:00:00+00:00,27.90999984741211
2024-08-14 01:00:00+00:00,27.885000228881836
2024-08-14 02:00:00+00:00,27.729999542236328
2024-08-14 03:00:00+00:00,27.774999618530273
2024-08-14 04:00:00+00:00,27.825000762939453
2024-08-14 05:00:00+00:00,27.825000762939453
2024-08-14 06:00:00+00:00,27.924999237060547
2024-08-14 07:00:00+00:00,27.940000534057617
2024-08-14 08:00:00+00:00,27.96500015258789
2024-08-14 09:00:00+00:00,27.979999542236328
2024-08-14 10:00:00+00:00,28.014999389648438
2024-08-14 11:00:00+00:00,27.975000381469727
2024-08-14 12:00:00+00:00,27.915000915527344
2024-08-14 13:00:00+00:00,27.795000076293945
2024-08-14 14:00:00+00:00,27.625
2024-08-14 15:00:00+00:00,27.520000457763672
2024-08-14 16:00:00+00:00,27.375
2024-08-14 17:00:00+00:00,27.354999542236328
2024-08-14 18:00:00+00:00,27.639999389648438
2024-08-14 19:00:00+00:00,27.575000762939453
2024-08-14 20:00:00+00:00,27.610000610351562
2024-08-14 22:00:00+00:00,27.6299991607666
2024-08-14 23:00:00+00:00,27.625
2024-08-15 00:00:00+00:00,27.59000015258789
2024-08-15 01:00:00+00:00,27.639999389648438
2024-08-15 02:00:00+00:00,27.71500015258789
2024-08-15 03:00:00+00:00,27.764999389648438
2024-08-15 04:00:00+00:00,27.799999237060547
2024-08-15 05:00:00+00:00,27.895000457763672
2024-08-15 06:00:00+00:00,28.030000686645508
2024-08-15 07:00:00+00:00,28.114999771118164
2024-08-15 08:00:00+00:00,28.104999542236328
2024-08-15 09:00:00+00:00,28.135000228881836
2024-08-15 10:00:00+00:00,28.114999771118164
2024-08-15 11:00:00+00:00,28.350000381469727
2024-08-15 12:00:00+00:00,28.03499984741211
2024-08-15 13:00:00+00:00,28.125
2024-08-15 14:00:00+00:00,28.424999237060547
2024-08-15 15:00:00+00:00,28.524999618530273
2024-08-15 16:00:00+00:00,28.405000686645508
2024-08-15 17:00:00+00:00,28.399999618530273
2024-08-15 18:00:00+00:00,28.450000762939453
2024-08-15 19:00:00+00:00,28.389999389648438
2024-08-15 20:00:00+00:00,28.420000076293945
2024-08-15 22:00:00+00:00,28.40999984741211
2024-08-15 23:00:00+00:00,28.415000915527344
2024-08-16 00:00:00+00:00,28.459999084472656
2024-08-16 01:00:00+00:00,28.395000457763672
2024-08-16 02:00:00+00:00,28.315000534057617
2024-08-16 03:00:00+00:00,28.204999923706055
2024-08-16 04:00:00+00:00,28.170000076293945
2024-08-16 05:00:00+00:00,28.225000381469727
2024-08-16 06:00:00+00:00,28.28499984741211
2024-08-16 07:00:00+00:00,28.309999465942383
2024-08-16 08:00:00+00:00,28.299999237060547
2024-08-16 09:00:00+00:00,28.299999237060547
2024-08-16 10:00:00+00:00,28.170000076293945
2024-08-16 11:00:00+00:00,28.28499984741211
2024-08-16 12:00:00+00:00,28.475000381469727
2024-08-16 13:00:00+00:00,28.469999313354492
2024-08-16 14:00:00+00:00,28.375
2024-08-16 15:00:00+00:00,28.4950008392334
2024-08-16 16:00:00+00:00,28.860000610351562
2024-08-16 17:00:00+00:00,28.864999771118164
2024-08-16 18:00:00+00:00,28.954999923706055
2024-08-16 19:00:00+00:00,29.014999389648438
2024-08-16 20:00:00+00:00,29.084999084472656
2024-08-18 22:00:00+00:00,28.9950008392334
2024-08-18 23:00:00+00:00,29.05500030517578
2024-08-19 00:00:00+00:00,29.010000228881836
2024-08-19 01:00:00+00:00,28.934999465942383
2024-08-19 02:00:00+00:00,29.079999923706055
2024-08-19 03:00:00+00:00,29.059999465942383
2024-08-19 04:00:00+00:00,29.0049991607666
2024-08-19 05:00:00+00:00,29.0049991607666
2024-08-19 06:00:00+00:00,29.1200008392334
2024-08-19 07:00:00+00:00,29.05500030517578
2024-08-19 08:00:00+00:00,29.0
2024-08-19 09:00:00+00:00,29.040000915527344
2024-08-19 10:00:00+00:00,28.905000686645508
2024-08-19 11:00:00+00:00,29.049999237060547
2024-08-19 12:00:00+00:00,29.045000076293945
2024-08-19 13:00:00+00:00,29.15999984741211
2024-08-19 14:00:00+00:00,29.40999984741211
2024-08-19 15:00:00+00:00,29.389999389648438
2024-08-19 16:00:00+00:00,29.315000534057617
2024-08-19 17:00:00+00:00,29.334999084472656
2024-08-19 18:00:00+00:00,29.375
2024-08-19 19:00:00+00:00,29.450000762939453
2024-08-19 20:00:00+00:00,29.4950008392334
2024-08-19 22:00:00+00:00,29.540000915527344
2024-08-19 23:00:00+00:00,29.459999084472656
2024-08-20 00:00:00+00:00,29.454999923706055
2024-08-20 01:00:00+00:00,29.424999237060547
2024-08-20 02:00:00+00:00,29.30500030517578
2024-08-20 03:00:00+00:00,29.3700008392334
2024-08-20 04:00:00+00:00,29.3799991607666
2024-08-20 05:00:00+00:00,29.405000686645508
2024-08-20 06:00:00+00:00,29.520000457763672
2024-08-20 07:00:00+00:00,29.665000915527344
2024-08-20 08:00:00+00:00,29.719999313354492
2024-08-20 09:00:00+00:00,29.7450008392334
2024-08-20 10:00:00+00:00,29.815000534057617
2024-08-20 11:00:00+00:00,29.889999389648438
2024-08-20 12:00:00+00:00,29.8799991607666
2024-08-20 13:00:00+00:00,29.885000228881836
2024-08-20 14:00:00+00:00,29.610000610351562
2024-08-20 15:00:00+00:00,29.479999542236328
2024-08-20 16:00:00+00:00,29.489999771118164
2024-08-20 17:00:00+00:00,29.475000381469727
2024-08-20 18:00:00+00:00,29.545000076293945
2024-08-20 19:00:00+00:00,29.485000610351562
2024-08-20 20:00:00+00:00,29.469999313354492
2024-08-20 22:00:00+00:00,29.489999771118164
2024-08-20 23:00:00+00:00,29.475000381469727
2024-08-21 00:00:00+00:00,29.485000610351562
2024-08-21 01:00:00+00:00,29.524999618530273
2024-08-21 02:00:00+00:00,29.584999084472656
2024-08-21 03:00:00+00:00,29.56999969482422
2024-08-21 04:00:00+00:00,29.545000076293945
2024-08-21 05:00:00+00:00,29.559999465942383
2024-08-21 06:00:00+00:00,29.579999923706055
2024-08-21 07:00:00+00:00,29.46500015258789
2024-08-21 08:00:00+00:00,29.53499984741211
2024-08-21 09:00:00+00:00,29.59000015258789
2024-08-21 10:00:00+00:00,29.625
2024-08-21 11:00:00+00:00,29.690000534057617
2024-08-21 12:00:00+00:00,29.65999984741211
2024-08-21 13:00:00+00:00,29.389999389648438
2024-08-21 14:00:00+00:00,29.43000030517578
2024-08-21 15:00:00+00:00,29.55500030517578
2024-08-21 16:00:00+00:00,29.5049991607666
2024-08-21 17:00:00+00:00,29.510000228881836
2024-08-21 18:00:00+00:00,29.670000076293945
2024-08-21 19:00:00+00:00,29.56999969482422
2024-08-21 20:00:00+00:00,29.6299991607666
2024-08-21 22:00:00+00:00,29.625
2024-08-21 23:00:00+00:00,29.625
2024-08-22 00:00:00+00:00,29.639999389648438
2024-08-22 01:00:00+00:00,29.514999389648438
2024-08-22 02:00:00+00:00,29.450000762939453
2024-08-22 03:00:00+00:00,29.46500015258789
2024-08-22 04:00:00+00:00,29.46500015258789
2024-08-22 05:00:00+00:00,29.549999237060547
2024-08-22 06:00:00+00:00,29.424999237060547
2024-08-22 07:00:00+00:00,29.5
2024-08-22 08:00:00+00:00,29.5
2024-08-22 09:00:00+00:00,29.594999313354492
2024-08-22 10:00:00+00:00,29.610000610351562
2024-08-22 11:00:00+00:00,29.514999389648438
2024-08-22 12:00:00+00:00,29.610000610351562
2024-08-22 13:00:00+00:00,29.469999313354492
2024-08-22 14:00:00+00:00,29.075000762939453
2024-08-22 15:00:00+00:00,29.104999542236328
2024-08-22 16:00:00+00:00,29.15999984741211
2024-08-22 17:00:00+00:00,29.030000686645508
2024-08-22 18:00:00+00:00,28.96500015258789
2024-08-22 19:00:00+00:00,28.940000534057617
2024-08-22 20:00:00+00:00,28.9950008392334
2024-08-22 22:00:00+00:00,28.985000610351562
2024-08-22 23:00:00+00:00,29.045000076293945
2024-08-23 00:00:00+00:00,29.079999923706055
2024-08-23 01:00:00+00:00,29.135000228881836
2024-08-23 02:00:00+00:00,29.06999969482422
2024-08-23 03:00:00+00:00,29.19499969482422
2024-08-23 04:00:00+00:00,29.229999542236328
2024-08-23 05:00:00+00:00,29.270000457763672
2024-08-23 06:00:00+00:00,29.30500030517578
2024-08-23 07:00:00+00:00,29.364999771118164
2024-08-23 08:00:00+00:00,29.450000762939453
2024-08-23 09:00:00+00:00,29.415000915527344
2024-08-23 10:00:00+00:00,29.459999084472656
2024-08-23 11:00:00+00:00,29.475000381469727
2024-08-23 12:00:00+00:00,29.395000457763672
2024-08-23 13:00:00+00:00,29.280000686645508
2024-08-23 14:00:00+00:00,29.584999084472656
2024-08-23 15:00:00+00:00,29.71500015258789
2024-08-23 16:00:00+00:00,29.760000228881836
2024-08-23 17:00:00+00:00,29.81999969482422
2024-08-23 18:00:00+00:00,29.799999237060547
2024-08-23 19:00:00+00:00,29.854999542236328
2024-08-23 20:00:00+00:00,29.854999542236328
2024-08-25 22:00:00+00:00,29.844999313354492
2024-08-25 23:00:00+00:00,29.934999465942383
2024-08-26 00:00:00+00:00,29.885000228881836
2024-08-26 01:00:00+00:00,29.825000762939453
2024-08-26 02:00:00+00:00,29.7450008392334
2024-08-26 03:00:00+00:00,29.704999923706055
2024-08-26 04:00:00+00:00,29.709999084472656
2024-08-26 05:00:00+00:00,29.770000457763672
2024-08-26 06:00:00+00:00,30.094999313354492
2024-08-26 07:00:00+00:00,30.1299991607666
2024-08-26 08:00:00+00:00,30.174999237060547
2024-08-26 09:00:00+00:00,30.155000686645508
2024-08-26 10:00:00+00:00,30.155000686645508
2024-08-26 11:00:00+00:00,30.155000686645508
2024-08-26 12:00:00+00:00,30.010000228881836
2024-08-26 13:00:00+00:00,29.860000610351562
2024-08-26 14:00:00+00:00,29.844999313354492
2024-08-26 15:00:00+00:00,29.84000015258789
2024-08-26 16:00:00+00:00,29.975000381469727
2024-08-26 17:00:00+00:00,29.985000610351562
2024-08-26 18:00:00+00:00,29.96500015258789
2024-08-26 19:00:00+00:00,29.954999923706055
2024-08-26 20:00:00+00:00,29.90999984741211
2024-08-26 22:00:00+00:00,29.885000228881836
2024-08-26 23:00:00+00:00,29.8700008392334
2024-08-27 00:00:00+00:00,29.850000381469727
2024-08-27 01:00:00+00:00,29.954999923706055
2024-08-27 02:00:00+00:00,29.93000030517578
2024-08-27 03:00:00+00:00,29.895000457763672
2024-08-27 04:00:00+00:00,29.854999542236328
2024-08-27 05:00:00+00:00,30.059999465942383
2024-08-27 06:00:00+00:00,30.0049991607666
2024-08-27 07:00:00+00:00,29.80500030517578
2024-08-27 08:00:00+00:00,29.94499969482422
2024-08-27 09:00:00+00:00,29.90999984741211
2024-08-27 10:00:00+00:00,29.899999618530273
2024-08-27 11:00:00+00:00,29.9950008392334
2024-08-27 12:00:00+00:00,29.940000534057617
2024-08-27 13:00:00+00:00,29.854999542236328
2024-08-27 14:00:00+00:00,30.0
2024-08-27 15:00:00+00:00,29.899999618530273
2024-08-27 16:00:00+00:00,29.950000762939453
2024-08-27 17:00:00+00:00,30.030000686645508
2024-08-27 18:00:00+00:00,30.079999923706055
2024-08-27 19:00:00+00:00,30.0049991607666
2024-08-27 20:00:00+00:00,29.985000610351562
2024-08-27 22:00:00+00:00,30.03499984741211
2024-08-27 23:00:00+00:00,30.014999389648438
2024-08-28 00:00:00+00:00,30.024999618530273
2024-08-28 01:00:00+00:00,29.864999771118164
2024-08-28 02:00:00+00:00,29.825000762939453
2024-08-28 03:00:00+00:00,29.8700008392334
2024-08-28 04:00:00+00:00,29.84000015258789
2024-08-28 05:00:00+00:00,29.46500015258789
2024-08-28 06:00:00+00:00,29.450000762939453
2024-08-28 07:00:00+00:00,29.520000457763672
2024-08-28 08:00:00+00:00,29.524999618530273
2024-08-28 09:00:00+00:00,29.56999969482422
2024-08-28 10:00:00+00:00,29.489999771118164
2024-08-28 11:00:00+00:00,29.354999542236328
2024-08-28 12:00:00+00:00,29.350000381469727
2024-08-28 13:00:00+00:00,29.315000534057617
2024-08-28 14:00:00+00:00,29.385000228881836
2024-08-28 15:00:00+00:00,29.350000381469727
2024-08-28 16:00:00+00:00,29.225000381469727
2024-08-28 17:00:00+00:00,29.204999923706055
2024-08-28 18:00:00+00:00,29.270000457763672
2024-08-28 19:00:00+00:00,29.235000610351562
2024-08-28 20:00:00+00:00,29.125
2024-08-28 22:00:00+00:00,29.139999389648438
2024-08-28 23:00:00+00:00,29.155000686645508
2024-08-29 00:00:00+00:00,29.21500015258789
2024-08-29 01:00:00+00:00,29.31999969482422
2024-08-29 02:00:00+00:00,29.334999084472656
2024-08-29 03:00:00+00:00,29.40999984741211
2024-08-29 04:00:00+00:00,29.424999237060547
2024-08-29 05:00:00+00:00,29.5
2024-08-29 06:00:00+00:00,29.545000076293945
2024-08-29 07:00:00+00:00,30.079999923706055
2024-08-29 08:00:00+00:00,29.895000457763672
2024-08-29 09:00:00+00:00,30.0049991607666
2024-08-29 10:00:00+00:00,29.979999542236328
2024-08-29 11:00:00+00:00,29.889999389648438
2024-08-29 12:00:00+00:00,29.829999923706055
2024-08-29 13:00:00+00:00,29.850000381469727
2024-08-29 14:00:00+00:00,30.020000457763672
2024-08-29 15:00:00+00:00,29.915000915527344
2024-08-29 16:00:00+00:00,29.920000076293945
2024-08-29 17:00:00+00:00,29.969999313354492
2024-08-29 18:00:00+00:00,29.825000762939453
2024-08-29 19:00:00+00:00,29.80500030517578
2024-08-29 20:00:00+00:00,29.834999084472656
2024-08-29 22:00:00+00:00,29.825000762939453
2024-08-29 23:00:00+00:00,29.790000915527344
2024-08-30 00:00:00+00:00,29.844999313354492
2024-08-30 01:00:00+00:00,29.799999237060547
2024-08-30 02:00:00+00:00,29.815000534057617
2024-08-30 03:00:00+00:00,29.7450008392334
2024-08-30 04:00:00+00:00,29.780000686645508
2024-08-30 05:00:00+00:00,29.895000457763672
2024-08-30 06:00:00+00:00,29.860000610351562
2024-08-30 07:00:00+00:00,29.920000076293945
2024-08-30 08:00:00+00:00,29.924999237060547
2024-08-30 09:00:00+00:00,29.924999237060547
2024-08-30 10:00:00+00:00,29.829999923706055
2024-08-30 11:00:00+00:00,29.90999984741211
2024-08-30 12:00:00+00:00,29.854999542236328
2024-08-30 13:00:00+00:00,29.69499969482422
2024-08-30 14:00:00+00:00,29.385000228881836
2024-08-30 15:00:00+00:00,29.360000610351562
2024-08-30 16:00:00+00:00,29.1200008392334
2024-08-30 17:00:00+00:00,29.200000762939453
2024-08-30 18:00:00+00:00,29.260000228881836
2024-08-30 19:00:00+00:00,29.25
2024-08-30 20:00:00+00:00,29.25
2024-09-01 22:00:00+00:00,29.2450008392334
2024-09-01 23:00:00+00:00,29.2549991607666
2024-09-02 00:00:00+00:00,29.239999771118164
2024-09-02 01:00:00+00:00,28.93000030517578
2024-09-02 02:00:00+00:00,28.764999389648438
2024-09-02 03:00:00+00:00,28.825000762939453
2024-09-03 04:00:00+00:00,28.815000534057617
2024-09-03 05:00:00+00:00,28.760000228881836
2024-09-03 06:00:00+00:00,28.7549991607666
2024-09-03 07:00:00+00:00,28.829999923706055
2024-09-03 08:00:00+00:00,28.81999969482422
2024-09-03 09:00:00+00:00,28.65999984741211
2024-09-03 10:00:00+00:00,28.68000030517578
2024-09-03 11:00:00+00:00,28.610000610351562
2024-09-03 12:00:00+00:00,28.719999313354492
2024-09-03 13:00:00+00:00,28.225000381469727
2024-09-03 14:00:00+00:00,28.170000076293945
2024-09-03 15:00:00+00:00,28.334999084472656
2024-09-03 16:00:00+00:00,28.299999237060547
2024-09-03 17:00:00+00:00,28.34000015258789
2024-09-03 18:00:00+00:00,28.354999542236328
2024-09-03 19:00:00+00:00,28.385000228881836
2024-09-03 20:00:00+00:00,28.399999618530273
2024-09-03 22:00:00+00:00,28.385000228881836
2024-09-03 23:00:00+00:00,28.40999984741211
2024-09-04 00:00:00+00:00,28.350000381469727
2024-09-04 01:00:00+00:00,28.290000915527344
2024-09-04 02:00:00+00:00,28.3700008392334
2024-09-04 03:00:00+00:00,28.364999771118164
2024-09-04 04:00:00+00:00,28.405000686645508
2024-09-04 05:00:00+00:00,28.274999618530273
2024-09-04 06:00:00+00:00,28.184999465942383
2024-09-04 07:00:00+00:00,28.21500015258789
2024-09-04 08:00:00+00:00,28.135000228881836
2024-09-04 09:00:00+00:00,28.315000534057617
2024-09-04 10:00:00+00:00,28.399999618530273
2024-09-04 11:00:00+00:00,28.395000457763672
2024-09-04 12:00:00+00:00,28.450000762939453
2024-09-04 13:00:00+00:00,28.44499969482422
2024-09-04 14:00:00+00:00,28.639999389648438
2024-09-04 15:00:00+00:00,28.520000457763672
2024-09-04 16:00:00+00:00,28.600000381469727
2024-09-04 17:00:00+00:00,28.5049991607666
2024-09-04 18:00:00+00:00,28.46500015258789
2024-09-04 19:00:00+00:00,28.5049991607666
2024-09-04 20:00:00+00:00,28.625
2024-09-04 22:00:00+00:00,28.59000015258789
2024-09-04 23:00:00+00:00,28.610000610351562
2024-09-05 00:00:00+00:00,28.59000015258789
2024-09-05 01:00:00+00:00,28.645000457763672
2024-09-05 02:00:00+00:00,28.719999313354492
2024-09-05 03:00:00+00:00,28.559999465942383
2024-09-05 04:00:00+00:00,28.584999084472656
2024-09-05 05:00:00+00:00,28.649999618530273
2024-09-05 06:00:00+00:00,28.6200008392334
2024-09-05 07:00:00+00:00,28.735000610351562
2024-09-05 08:00:00+00:00,29.040000915527344
2024-09-05 09:00:00+00:00,29.049999237060547
2024-09-05 10:00:00+00:00,29.059999465942383
2024-09-05 11:00:00+00:00,29.0
2024-09-05 12:00:00+00:00,29.135000228881836
2024-09-05 13:00:00+00:00,29.270000457763672
2024-09-05 14:00:00+00:00,29.334999084472656
2024-09-05 15:00:00+00:00,29.075000762939453
2024-09-05 16:00:00+00:00,29.079999923706055
2024-09-05 17:00:00+00:00,29.149999618530273
2024-09-05 18:00:00+00:00,29.15999984741211
2024-09-05 19:00:00+00:00,29.104999542236328
2024-09-05 20:00:00+00:00,29.165000915527344
2024-09-05 22:00:00+00:00,29.155000686645508
2024-09-05 23:00:00+00:00,29.174999237060547
2024-09-06 00:00:00+00:00,29.145000457763672
2024-09-06 01:00:00+00:00,29.084999084472656
2024-09-06 02:00:00+00:00,29.15999984741211
2024-09-06 03:00:00+00:00,29.114999771118164
2024-09-06 04:00:00+00:00,29.170000076293945
2024-09-06 05:00:00+00:00,29.155000686645508
2024-09-06 06:00:00+00:00,29.225000381469727
2024-09-06 07:00:00+00:00,29.139999389648438
2024-09-06 08:00:00+00:00,29.1200008392334
2024-09-06 09:00:00+00:00,29.174999237060547
2024-09-06 10:00:00+00:00,29.174999237060547
2024-09-06 11:00:00+00:00,29.1299991607666
2024-09-06 12:00:00+00:00,29.31999969482422
2024-09-06 13:00:00+00:00,29.059999465942383
2024-09-06 14:00:00+00:00,28.735000610351562
2024-09-06 15:00:00+00:00,28.575000762939453
2024-09-06 16:00:00+00:00,28.139999389648438
2024-09-06 17:00:00+00:00,28.229999542236328
2024-09-06 18:00:00+00:00,28.270000457763672
2024-09-06 19:00:00+00:00,28.25
2024-09-06 20:00:00+00:00,28.270000457763672
2024-09-08 22:00:00+00:00,28.344999313354492
2024-09-08 23:00:00+00:00,28.30500030517578
2024-09-09 00:00:00+00:00,28.239999771118164
2024-09-09 01:00:00+00:00,28.354999542236328
2024-09-09 02:00:00+00:00,28.344999313354492
2024-09-09 03:00:00+00:00,28.405000686645508
2024-09-09 04:00:00+00:00,28.354999542236328
2024-09-09 05:00:00+00:00,28.084999084472656
2024-09-09 06:00:00+00:00,28.295000076293945
2024-09-09 07:00:00+00:00,28.424999237060547
2024-09-09 08:00:00+00:00,28.424999237060547
2024-09-09 09:00:00+00:00,28.4950008392334
2024-09-09 10:00:00+00:00,28.454999923706055
2024-09-09 11:00:00+00:00,28.44499969482422
2024-09-09 12:00:00+00:00,28.469999313354492
2024-09-09 13:00:00+00:00,28.46500015258789
2024-09-09 14:00:00+00:00,28.454999923706055
2024-09-09 15:00:00+00:00,28.600000381469727
2024-09-09 16:00:00+00:00,28.674999237060547
2024-09-09 17:00:00+00:00,28.594999313354492
2024-09-09 18:00:00+00:00,28.655000686645508
2024-09-09 19:00:00+00:00,28.670000076293945
2024-09-09 20:00:00+00:00,28.69499969482422
2024-09-09 22:00:00+00:00,28.704999923706055
2024-09-09 23:00:00+00:00,28.690000534057617
2024-09-10 00:00:00+00:00,28.665000915527344
2024-09-10 01:00:00+00:00,28.635000228881836
2024-09-10 02:00:00+00:00,28.639999389648438
2024-09-10 03:00:00+00:00,28.625
2024-09-10 04:00:00+00:00,28.610000610351562
2024-09-10 05:00:00+00:00,28.649999618530273
2024-09-10 06:00:00+00:00,28.75
2024-09-10 07:00:00+00:00,28.75
2024-09-10 08:00:00+00:00,28.670000076293945
2024-09-10 09:00:00+00:00,28.739999771118164
2024-09-10 10:00:00+00:00,28.780000686645508
2024-09-10 11:00:00+00:00,28.770000457763672
2024-09-10 12:00:00+00:00,28.8799991607666
2024-09-10 13:00:00+00:00,28.575000762939453
2024-09-10 14:00:00+00:00,28.65999984741211
2024-09-10 15:00:00+00:00,28.565000534057617
2024-09-10 16:00:00+00:00,28.600000381469727
2024-09-10 17:00:00+00:00,28.6200008392334
2024-09-10 18:00:00+00:00,28.739999771118164
2024-09-10 19:00:00+00:00,28.764999389648438
2024-09-10 20:00:00+00:00,28.725000381469727
2024-09-10 22:00:00+00:00,28.7450008392334
2024-09-10 23:00:00+00:00,28.764999389648438
2024-09-11 00:00:00+00:00,28.670000076293945
2024-09-11 01:00:00+00:00,28.78499984741211
2024-09-11 02:00:00+00:00,28.799999237060547
2024-09-11 03:00:00+00:00,28.795000076293945
2024-09-11 04:00:00+00:00,28.795000076293945
2024-09-11 05:00:00+00:00,28.90999984741211
2024-09-11 06:00:00+00:00,29.149999618530273
2024-09-11 07:00:00+00:00,29.084999084472656
2024-09-11 08:00:00+00:00,29.1200008392334
2024-09-11 09:00:00+00:00,29.1299991607666
2024-09-11 10:00:00+00:00,29.149999618530273
2024-09-11 11:00:00+00:00,29.174999237060547
2024-09-11 12:00:00+00:00,28.924999237060547
2024-09-11 13:00:00+00:00,28.844999313354492
2024-09-11 14:00:00+00:00,28.594999313354492
2024-09-11 15:00:00+00:00,28.920000076293945
2024-09-11 16:00:00+00:00,28.94499969482422
2024-09-11 17:00:00+00:00,28.96500015258789
2024-09-11 18:00:00+00:00,28.885000228881836
2024-09-11 19:00:00+00:00,28.950000762939453
2024-09-11 20:00:00+00:00,29.0049991607666
2024-09-11 22:00:00+00:00,29.045000076293945
2024-09-11 23:00:00+00:00,28.985000610351562
2024-09-12 00:00:00+00:00,28.975000381469727
2024-09-12 01:00:00+00:00,28.954999923706055
2024-09-12 02:00:00+00:00,28.94499969482422
2024-09-12 03:00:00+00:00,29.030000686645508
2024-09-12 04:00:00+00:00,29.05500030517578
2024-09-12 05:00:00+00:00,29.104999542236328
2024-09-12 06:00:00+00:00,29.049999237060547
2024-09-12 07:00:00+00:00,29.165000915527344
2024-09-12 08:00:00+00:00,29.1299991607666
2024-09-12 09:00:00+00:00,29.1299991607666
2024-09-12 10:00:00+00:00,29.075000762939453
2024-09-12 11:00:00+00:00,29.125
2024-09-12 12:00:00+00:00,29.395000457763672
2024-09-12 13:00:00+00:00,29.579999923706055
2024-09-12 14:00:00+00:00,29.8799991607666
2024-09-12 15:00:00+00:00,30.03499984741211
2024-09-12 16:00:00+00:00,30.114999771118164
2024-09-12 17:00:00+00:00,30.1200008392334
2024-09-12 18:00:00+00:00,30.084999084472656
2024-09-12 19:00:00+00:00,30.219999313354492
2024-09-12 20:00:00+00:00,30.21500015258789
2024-09-12 22:00:00+00:00,30.225000381469727
2024-09-12 23:00:00+00:00,30.2549991607666
2024-09-13 00:00:00+00:00,30.309999465942383
2024-09-13 01:00:00+00:00,30.290000915527344
2024-09-13 02:00:00+00:00,30.309999465942383
2024-09-13 03:00:00+00:00,30.280000686645508
2024-09-13 04:00:00+00:00,30.329999923706055
2024-09-13 05:00:00+00:00,30.28499984741211
2024-09-13 06:00:00+00:00,30.385000228881836
2024-09-13 07:00:00+00:00,30.415000915527344
2024-09-13 08:00:00+00:00,30.479999542236328
2024-09-13 09:00:00+00:00,30.389999389648438
2024-09-13 10:00:00+00:00,30.334999084472656
2024-09-13 11:00:00+00:00,30.395000457763672
2024-09-13 12:00:00+00:00,30.549999237060547
2024-09-13 13:00:00+00:00,30.985000610351562
2024-09-13 14:00:00+00:00,30.979999542236328
2024-09-13 15:00:00+00:00,31.2450008392334
2024-09-13 16:00:00+00:00,31.190000534057617
2024-09-13 17:00:00+00:00,30.989999771118164
2024-09-13 18:00:00+00:00,30.959999084472656
2024-09-13 19:00:00+00:00,31.079999923706055
2024-09-13 20:00:00+00:00,31.06999969482422
2024-09-15 22:00:00+00:00,31.2450008392334
2024-09-15 23:00:00+00:00,31.225000381469727
2024-09-16 00:00:00+00:00,31.190000534057617
2024-09-16 01:00:00+00:00,31.274999618530273
2024-09-16 02:00:00+00:00,31.334999084472656
2024-09-16 03:00:00+00:00,31.354999542236328
2024-09-16 04:00:00+00:00,31.350000381469727
2024-09-16 05:00:00+00:00,31.454999923706055
2024-09-16 06:00:00+00:00,31.34000015258789
2024-09-16 07:00:00+00:00,31.155000686645508
2024-09-16 08:00:00+00:00,31.290000915527344
2024-09-16 09:00:00+00:00,31.30500030517578
2024-09-16 10:00:00+00:00,31.264999389648438
2024-09-16 11:00:00+00:00,31.28499984741211
2024-09-16 12:00:00+00:00,31.344999313354492
2024-09-16 13:00:00+00:00,31.30500030517578
2024-09-16 14:00:00+00:00,31.065000534057617
2024-09-16 15:00:00+00:00,31.075000762939453
2024-09-16 16:00:00+00:00,31.139999389648438
2024-09-16 17:00:00+00:00,31.165000915527344
2024-09-16 18:00:00+00:00,31.110000610351562
2024-09-16 19:00:00+00:00,31.1200008392334
2024-09-16 20:00:00+00:00,31.079999923706055
2024-09-16 22:00:00+00:00,31.084999084472656
2024-09-16 23:00:00+00:00,31.100000381469727
2024-09-17 00:00:00+00:00,31.030000686645508
2024-09-17 01:00:00+00:00,31.15999984741211
2024-09-17 02:00:00+00:00,31.170000076293945
2024-09-17 03:00:00+00:00,31.15999984741211
2024-09-17 04:00:00+00:00,31.079999923706055
2024-09-17 05:00:00+00:00,31.1299991607666
2024-09-17 06:00:00+00:00,31.145000457763672
2024-09-17 07:00:00+00:00,31.100000381469727
2024-09-17 08:00:00+00:00,31.135000228881836
2024-09-17 09:00:00+00:00,31.0049991607666
2024-09-17 10:00:00+00:00,31.040000915527344
2024-09-17 11:00:00+00:00,31.145000457763672
2024-09-17 12:00:00+00:00,31.155000686645508
2024-09-17 13:00:00+00:00,31.200000762939453
2024-09-17 14:00:00+00:00,31.21500015258789
2024-09-17 15:00:00+00:00,31.045000076293945
2024-09-17 16:00:00+00:00,30.96500015258789
2024-09-17 17:00:00+00:00,31.05500030517578
2024-09-17 18:00:00+00:00,31.049999237060547
2024-09-17 19:00:00+00:00,31.010000228881836
2024-09-17 20:00:00+00:00,31.049999237060547
2024-09-17 22:00:00+00:00,31.05500030517578
2024-09-17 23:00:00+00:00,31.075000762939453
2024-09-18 00:00:00+00:00,30.924999237060547
2024-09-18 01:00:00+00:00,30.739999771118164
2024-09-18 02:00:00+00:00,30.8700008392334
2024-09-18 03:00:00+00:00,30.81999969482422
2024-09-18 04:00:00+00:00,30.75
2024-09-18 05:00:00+00:00,30.795000076293945
2024-09-18 06:00:00+00:00,30.899999618530273
2024-09-18 07:00:00+00:00,30.979999542236328
2024-09-18 08:00:00+00:00,30.954999923706055
2024-09-18 09:00:00+00:00,30.920000076293945
2024-09-18 10:00:00+00:00,30.94499969482422
2024-09-18 11:00:00+00:00,30.969999313354492
2024-09-18 12:00:00+00:00,30.975000381469727
2024-09-18 13:00:00+00:00,30.84000015258789
2024-09-18 14:00:00+00:00,30.795000076293945
2024-09-18 15:00:00+00:00,30.729999542236328
2024-09-18 16:00:00+00:00,30.815000534057617
2024-09-18 17:00:00+00:00,30.625
2024-09-18 18:00:00+00:00,30.989999771118164
2024-09-18 19:00:00+00:00,30.209999084472656
2024-09-18 20:00:00+00:00,30.40999984741211
2024-09-18 22:00:00+00:00,30.46500015258789
2024-09-18 23:00:00+00:00,30.4950008392334
2024-09-19 00:00:00+00:00,30.540000915527344
2024-09-19 01:00:00+00:00,30.385000228881836
2024-09-19 02:00:00+00:00,30.614999771118164
2024-09-19 03:00:00+00:00,30.690000534057617
2024-09-19 04:00:00+00:00,30.7549991607666
2024-09-19 05:00:00+00:00,31.06999969482422
2024-09-19 06:00:00+00:00,31.31999969482422
2024-09-19 07:00:00+00:00,31.514999389648438
2024-09-19 08:00:00+00:00,31.450000762939453
2024-09-19 09:00:00+00:00,31.530000686645508
2024-09-19 10:00:00+00:00,31.459999084472656
2024-09-19 11:00:00+00:00,31.53499984741211
2024-09-19 12:00:00+00:00,31.31999969482422
2024-09-19 13:00:00+00:00,31.145000457763672
2024-09-19 14:00:00+00:00,31.19499969482422
2024-09-19 15:00:00+00:00,31.395000457763672
2024-09-19 16:00:00+00:00,31.40999984741211
2024-09-19 17:00:00+00:00,31.440000534057617
2024-09-19 18:00:00+00:00,31.325000762939453
2024-09-19 19:00:00+00:00,31.139999389648438
2024-09-19 20:00:00+00:00,31.104999542236328
2024-09-19 22:00:00+00:00,31.1299991607666
2024-09-19 23:00:00+00:00,31.09000015258789
2024-09-20 00:00:00+00:00,31.174999237060547
2024-09-20 01:00:00+00:00,31.1200008392334
2024-09-20 02:00:00+00:00,31.270000457763672
2024-09-20 03:00:00+00:00,31.344999313354492
2024-09-20 04:00:00+00:00,31.360000610351562
2024-09-20 05:00:00+00:00,31.389999389648438
2024-09-20 06:00:00+00:00,31.43000030517578
2024-09-20 07:00:00+00:00,31.485000610351562
2024-09-20 08:00:00+00:00,31.56999969482422
2024-09-20 09:00:00+00:00,31.485000610351562
2024-09-20 10:00:00+00:00,31.655000686645508
2024-09-20 11:00:00+00:00,31.6299991607666
2024-09-20 12:00:00+00:00,31.709999084472656
2024-09-20 13:00:00+00:00,31.405000686645508
2024-09-20 14:00:00+00:00,31.399999618530273
2024-09-20 15:00:00+00:00,31.579999923706055
2024-09-20 16:00:00+00:00,31.614999771118164
2024-09-20 17:00:00+00:00,31.44499969482422
2024-09-20 18:00:00+00:00,31.5
2024-09-20 19:00:00+00:00,31.46500015258789
2024-09-20 20:00:00+00:00,31.4950008392334
2024-09-22 22:00:00+00:00,31.399999618530273
2024-09-22 23:00:00+00:00,31.399999618530273
2024-09-23 00:00:00+00:00,31.364999771118164
2024-09-23 01:00:00+00:00,31.434999465942383
2024-09-23 02:00:00+00:00,31.399999618530273
2024-09-23 03:00:00+00:00,31.375
2024-09-23 04:00:00+00:00,31.424999237060547
2024-09-23 05:00:00+00:00,31.389999389648438
2024-09-23 06:00:00+00:00,31.209999084472656
2024-09-23 07:00:00+00:00,30.78499984741211
2024-09-23 08:00:00+00:00,30.75
2024-09-23 09:00:00+00:00,30.889999389648438
2024-09-23 10:00:00+00:00,30.94499969482422
2024-09-23 11:00:00+00:00,31.059999465942383
2024-09-23 12:00:00+00:00,31.155000686645508
2024-09-23 13:00:00+00:00,31.239999771118164
2024-09-23 14:00:00+00:00,31.155000686645508
2024-09-23 15:00:00+00:00,31.059999465942383
2024-09-23 16:00:00+00:00,31.05500030517578
2024-09-23 17:00:00+00:00,31.104999542236328
2024-09-23 18:00:00+00:00,31.040000915527344
2024-09-23 19:00:00+00:00,30.9950008392334
2024-09-23 20:00:00+00:00,31.010000228881836
2024-09-23 22:00:00+00:00,31.0049991607666
2024-09-23 23:00:00+00:00,31.0
2024-09-24 00:00:00+00:00,30.975000381469727
2024-09-24 01:00:00+00:00,31.18000030517578
2024-09-24 02:00:00+00:00,31.21500015258789
2024-09-24 03:00:00+00:00,31.415000915527344
2024-09-24 04:00:00+00:00,31.424999237060547
2024-09-24 05:00:00+00:00,31.09000015258789
2024-09-24 06:00:00+00:00,31.174999237060547
2024-09-24 07:00:00+00:00,31.200000762939453
2024-09-24 08:00:00+00:00,31.239999771118164
2024-09-24 09:00:00+00:00,31.239999771118164
2024-09-24 10:00:00+00:00,31.19499969482422
2024-09-24 11:00:00+00:00,31.18000030517578
2024-09-24 12:00:00+00:00,31.235000610351562
2024-09-24 13:00:00+00:00,31.354999542236328
2024-09-24 14:00:00+00:00,31.704999923706055
2024-09-24 15:00:00+00:00,32.05500030517578
2024-09-24 16:00:00+00:00,32.5099983215332
2024-09-24 17:00:00+00:00,32.42499923706055
2024-09-24 18:00:00+00:00,32.540000915527344
2024-09-24 19:00:00+00:00,32.54499816894531
2024-09-24 20:00:00+00:00,32.43000030517578
2024-09-24 22:00:00+00:00,32.494998931884766
2024-09-24 23:00:00+00:00,32.47999954223633
2024-09-25 00:00:00+00:00,32.470001220703125
2024-09-25 01:00:00+00:00,32.380001068115234
2024-09-25 02:00:00+00:00,32.4900016784668
2024-09-25 03:00:00+00:00,32.29499816894531
2024-09-25 04:00:00+00:00,32.255001068115234
2024-09-25 05:00:00+00:00,32.154998779296875
2024-09-25 06:00:00+00:00,32.06999969482422
2024-09-25 07:00:00+00:00,32.130001068115234
2024-09-25 08:00:00+00:00,32.19499969482422
2024-09-25 09:00:00+00:00,32.09000015258789
2024-09-25 10:00:00+00:00,32.14500045776367
2024-09-25 11:00:00+00:00,32.22999954223633
2024-09-25 12:00:00+00:00,32.08000183105469
2024-09-25 13:00:00+00:00,32.34000015258789
2024-09-25 14:00:00+00:00,32.2599983215332
2024-09-25 15:00:00+00:00,32.17499923706055
2024-09-25 16:00:00+00:00,31.940000534057617
2024-09-25 17:00:00+00:00,32.130001068115234
2024-09-25 18:00:00+00:00,32.13999938964844
2024-09-25 19:00:00+00:00,32.14500045776367
2024-09-25 20:00:00+00:00,32.125
2024-09-25 22:00:00+00:00,32.125
2024-09-25 23:00:00+00:00,32.125
2024-09-26 00:00:00+00:00,32.209999084472656
2024-09-26 01:00:00+00:00,32.2400016784668
2024-09-26 02:00:00+00:00,32.099998474121094
2024-09-26 03:00:00+00:00,32.185001373291016
2024-09-26 04:00:00+00:00,32.16999816894531
2024-09-26 05:00:00+00:00,32.244998931884766
2024-09-26 06:00:00+00:00,32.28499984741211
2024-09-26 07:00:00+00:00,32.3650016784668
2024-09-26 08:00:00+00:00,32.52000045776367
2024-09-26 09:00:00+00:00,32.564998626708984
2024-09-26 10:00:00+00:00,32.73500061035156
2024-09-26 11:00:00+00:00,32.91999816894531
2024-09-26 12:00:00+00:00,32.6349983215332
2024-09-26 13:00:00+00:00,32.28499984741211
2024-09-26 14:00:00+00:00,32.404998779296875
2024-09-26 15:00:00+00:00,32.5
2024-09-26 16:00:00+00:00,32.26499938964844
2024-09-26 17:00:00+00:00,32.345001220703125
2024-09-26 18:00:00+00:00,32.435001373291016
2024-09-26 19:00:00+00:00,32.380001068115234
2024-09-26 20:00:00+00:00,32.310001373291016
2024-09-26 22:00:00+00:00,32.310001373291016
2024-09-26 23:00:00+00:00,32.2599983215332
2024-09-27 00:00:00+00:00,32.19499969482422
2024-09-27 01:00:00+00:00,32.09000015258789
2024-09-27 02:00:00+00:00,32.064998626708984
2024-09-27 03:00:00+00:00,32.22999954223633
2024-09-27 04:00:00+00:00,32.20000076293945
2024-09-27 05:00:00+00:00,31.9950008392334
2024-09-27 06:00:00+00:00,32.095001220703125
2024-09-27 07:00:00+00:00,32.07500076293945
2024-09-27 08:00:00+00:00,32.08000183105469
2024-09-27 09:00:00+00:00,32.06999969482422
2024-09-27 10:00:00+00:00,32.220001220703125
2024-09-27 11:00:00+00:00,32.279998779296875
2024-09-27 12:00:00+00:00,32.3849983215332
2024-09-27 13:00:00+00:00,32.459999084472656
2024-09-27 14:00:00+00:00,32.07500076293945
2024-09-27 15:00:00+00:00,31.950000762939453
2024-09-27 16:00:00+00:00,31.899999618530273
2024-09-27 17:00:00+00:00,31.75
2024-09-27 18:00:00+00:00,31.825000762939453
2024-09-27 19:00:00+00:00,31.915000915527344
2024-09-27 20:00:00+00:00,31.905000686645508
2024-09-29 22:00:00+00:00,32.084999084472656
2024-09-29 23:00:00+00:00,32.04499816894531
2024-09-30 00:00:00+00:00,31.954999923706055
2024-09-30 01:00:00+00:00,31.704999923706055
2024-09-30 02:00:00+00:00,31.825000762939453
2024-09-30 03:00:00+00:00,31.795000076293945
2024-09-30 04:00:00+00:00,31.860000610351562
2024-09-30 05:00:00+00:00,31.954999923706055
2024-09-30 06:00:00+00:00,31.864999771118164
2024-09-30 07:00:00+00:00,31.71500015258789
2024-09-30 08:00:00+00:00,31.790000915527344
2024-09-30 09:00:00+00:00,31.760000228881836
2024-09-30 10:00:00+00:00,31.389999389648438
2024-09-30 11:00:00+00:00,31.575000762939453
2024-09-30 12:00:00+00:00,31.635000228881836
2024-09-30 13:00:00+00:00,31.34000015258789
2024-09-30 14:00:00+00:00,31.434999465942383
2024-09-30 15:00:00+00:00,31.440000534057617
2024-09-30 16:00:00+00:00,31.55500030517578
2024-09-30 17:00:00+00:00,31.415000915527344
2024-09-30 18:00:00+00:00,31.364999771118164
2024-09-30 19:00:00+00:00,31.43000030517578
2024-09-30 20:00:00+00:00,31.424999237060547
2024-09-30 22:00:00+00:00,31.415000915527344
2024-09-30 23:00:00+00:00,31.5049991607666
2024-10-01 00:00:00+00:00,31.545000076293945
2024-10-01 01:00:00+00:00,31.6200008392334
2024-10-01 02:00:00+00:00,31.579999923706055
2024-10-01 03:00:00+00:00,31.604999542236328
2024-10-01 04:00:00+00:00,31.6299991607666
2024-10-01 05:00:00+00:00,31.665000915527344
2024-10-01 06:00:00+00:00,31.725000381469727
2024-10-01 07:00:00+00:00,31.665000915527344
2024-10-01 08:00:00+00:00,31.645000457763672
2024-10-01 09:00:00+00:00,31.579999923706055
2024-10-01 10:00:00+00:00,31.6299991607666
2024-10-01 11:00:00+00:00,31.6200008392334
2024-10-01 12:00:00+00:00,31.704999923706055
2024-10-01 13:00:00+00:00,32.060001373291016
2024-10-01 14:00:00+00:00,31.71500015258789
2024-10-01 15:00:00+00:00,31.834999084472656
2024-10-01 16:00:00+00:00,31.875
2024-10-01 17:00:00+00:00,31.655000686645508
2024-10-01 18:00:00+00:00,31.665000915527344
2024-10-01 19:00:00+00:00,31.610000610351562
2024-10-01 20:00:00+00:00,31.71500015258789
2024-10-01 22:00:00+00:00,31.65999984741211
2024-10-01 23:00:00+00:00,31.6299991607666
2024-10-02 00:00:00+00:00,31.600000381469727
2024-10-02 01:00:00+00:00,31.670000076293945
2024-10-02 02:00:00+00:00,31.700000762939453
2024-10-02 03:00:00+00:00,31.575000762939453
2024-10-02 04:00:00+00:00,31.450000762939453
2024-10-02 05:00:00+00:00,31.364999771118164
2024-10-02 06:00:00+00:00,31.46500015258789
2024-10-02 07:00:00+00:00,31.829999923706055
2024-10-02 08:00:00+00:00,31.725000381469727
2024-10-02 09:00:00+00:00,31.729999542236328
2024-10-02 10:00:00+00:00,31.700000762939453
2024-10-02 11:00:00+00:00,31.684999465942383
2024-10-02 12:00:00+00:00,31.950000762939453
2024-10-02 13:00:00+00:00,32.494998931884766
2024-10-02 14:00:00+00:00,31.93000030517578
2024-10-02 15:00:00+00:00,31.979999542236328
2024-10-02 16:00:00+00:00,31.915000915527344
2024-10-02 17:00:00+00:00,32.0099983215332
2024-10-02 18:00:00+00:00,31.975000381469727
2024-10-02 19:00:00+00:00,32.084999084472656
2024-10-02 20:00:00+00:00,32.1150016784668
2024-10-02 22:00:00+00:00,32.130001068115234
2024-10-02 23:00:00+00:00,32.119998931884766
2024-10-03 00:00:00+00:00,32.04999923706055
2024-10-03 01:00:00+00:00,32.04499816894531
2024-10-03 02:00:00+00:00,31.924999237060547
2024-10-03 03:00:00+00:00,31.920000076293945
2024-10-03 04:00:00+00:00,31.834999084472656
2024-10-03 05:00:00+00:00,31.860000610351562
2024-10-03 06:00:00+00:00,31.954999923706055
2024-10-03 07:00:00+00:00,31.739999771118164
2024-10-03 08:00:00+00:00,31.774999618530273
2024-10-03 09:00:00+00:00,31.790000915527344
2024-10-03 10:00:00+00:00,31.75
2024-10-03 11:00:00+00:00,31.780000686645508
2024-10-03 12:00:00+00:00,31.770000457763672
2024-10-03 13:00:00+00:00,31.979999542236328
2024-10-03 14:00:00+00:00,32.060001373291016
2024-10-03 15:00:00+00:00,32.11000061035156
2024-10-03 16:00:00+00:00,32.404998779296875
2024-10-03 17:00:00+00:00,32.334999084472656
2024-10-03 18:00:00+00:00,32.369998931884766
2024-10-03 19:00:00+00:00,32.32500076293945
2024-10-03 20:00:00+00:00,32.29499816894531
2024-10-03 22:00:00+00:00,32.32500076293945
2024-10-03 23:00:00+00:00,32.310001373291016
2024-10-04 00:00:00+00:00,32.31999969482422
2024-10-04 01:00:00+00:00,32.369998931884766
2024-10-04 02:00:00+00:00,32.45500183105469
2024-10-04 03:00:00+00:00,32.380001068115234
2024-10-04 04:00:00+00:00,32.44499969482422
2024-10-04 05:00:00+00:00,32.505001068115234
2024-10-04 06:00:00+00:00,32.29499816894531
2024-10-04 07:00:00+00:00,32.349998474121094
2024-10-04 08:00:00+00:00,32.26499938964844
2024-10-04 09:00:00+00:00,32.275001525878906
2024-10-04 10:00:00+00:00,32.310001373291016
2024-10-04 11:00:00+00:00,32.42499923706055
2024-10-04 12:00:00+00:00,31.924999237060547
2024-10-04 13:00:00+00:00,32.165000915527344
2024-10-04 14:00:00+00:00,32.60499954223633
2024-10-04 15:00:00+00:00,32.724998474121094
2024-10-04 16:00:00+00:00,32.400001525878906
2024-10-04 17:00:00+00:00,32.46500015258789
2024-10-04 18:00:00+00:00,32.415000915527344
2024-10-04 19:00:00+00:00,32.439998626708984
2024-10-04 20:00:00+00:00,32.459999084472656
2024-10-06 22:00:00+00:00,32.52000045776367
2024-10-06 23:00:00+00:00,32.470001220703125
2024-10-07 00:00:00+00:00,32.43000030517578
2024-10-07 01:00:00+00:00,32.44499969482422
2024-10-07 02:00:00+00:00,32.369998931884766
2024-10-07 03:00:00+00:00,32.35499954223633
2024-10-07 04:00:00+00:00,32.345001220703125
2024-10-07 05:00:00+00:00,32.130001068115234
2024-10-07 06:00:00+00:00,32.095001220703125
2024-10-07 07:00:00+00:00,32.224998474121094
2024-10-07 08:00:00+00:00,32.18000030517578
2024-10-07 09:00:00+00:00,32.154998779296875
2024-10-07 10:00:00+00:00,32.099998474121094
2024-10-07 11:00:00+00:00,32.20000076293945
2024-10-07 12:00:00+00:00,31.729999542236328
2024-10-07 13:00:00+00:00,32.029998779296875
2024-10-07 14:00:00+00:00,31.780000686645508
2024-10-07 15:00:00+00:00,31.950000762939453
2024-10-07 16:00:00+00:00,32.084999084472656
2024-10-07 17:00:00+00:00,32.04499816894531
2024-10-07 18:00:00+00:00,31.90999984741211
2024-10-07 19:00:00+00:00,31.954999923706055
2024-10-07 20:00:00+00:00,31.940000534057617
2024-10-07 22:00:00+00:00,31.8799991607666
2024-10-07 23:00:00+00:00,31.889999389648438
2024-10-08 00:00:00+00:00,31.90999984741211
2024-10-08 01:00:00+00:00,31.96500015258789
2024-10-08 02:00:00+00:00,31.459999084472656
2024-10-08 03:00:00+00:00,31.649999618530273
2024-10-08 04:00:00+00:00,31.684999465942383
2024-10-08 05:00:00+00:00,31.75
2024-10-08 06:00:00+00:00,31.389999389648438
2024-10-08 07:00:00+00:00,31.334999084472656
2024-10-08 08:00:00+00:00,31.450000762939453
2024-10-08 09:00:00+00:00,31.479999542236328
2024-10-08 10:00:00+00:00,31.53499984741211
2024-10-08 11:00:00+00:00,31.600000381469727
2024-10-08 12:00:00+00:00,31.399999618530273
2024-10-08 13:00:00+00:00,31.375
2024-10-08 14:00:00+00:00,30.81999969482422
2024-10-08 15:00:00+00:00,30.604999542236328
2024-10-08 16:00:00+00:00,30.5
2024-10-08 17:00:00+00:00,30.59000015258789
2024-10-08 18:00:00+00:00,30.709999084472656
2024-10-08 19:00:00+00:00,30.920000076293945
2024-10-08 20:00:00+00:00,30.889999389648438
2024-10-08 22:00:00+00:00,30.920000076293945
2024-10-08 23:00:00+00:00,30.889999389648438
2024-10-09 00:00:00+00:00,30.78499984741211
2024-10-09 01:00:00+00:00,30.84000015258789
2024-10-09 02:00:00+00:00,30.799999237060547
2024-10-09 03:00:00+00:00,30.78499984741211
2024-10-09 04:00:00+00:00,30.735000610351562
2024-10-09 05:00:00+00:00,30.8700008392334
2024-10-09 06:00:00+00:00,30.760000228881836
2024-10-09 07:00:00+00:00,30.735000610351562
2024-10-09 08:00:00+00:00,30.860000610351562
2024-10-09 09:00:00+00:00,30.905000686645508
2024-10-09 10:00:00+00:00,30.895000457763672
2024-10-09 11:00:00+00:00,30.905000686645508
2024-10-09 12:00:00+00:00,30.739999771118164
2024-10-09 13:00:00+00:00,30.645000457763672
2024-10-09 14:00:00+00:00,30.75
2024-10-09 15:00:00+00:00,30.790000915527344
2024-10-09 16:00:00+00:00,30.6299991607666
2024-10-09 17:00:00+00:00,30.700000762939453
2024-10-09 18:00:00+00:00,30.65999984741211
2024-10-09 19:00:00+00:00,30.770000457763672
2024-10-09 20:00:00+00:00,30.729999542236328
2024-10-09 22:00:00+00:00,30.69499969482422
2024-10-09 23:00:00+00:00,30.719999313354492
2024-10-10 00:00:00+00:00,30.80500030517578
2024-10-10 01:00:00+00:00,30.674999237060547
2024-10-10 02:00:00+00:00,30.825000762939453
2024-10-10 03:00:00+00:00,30.704999923706055
2024-10-10 04:00:00+00:00,30.7450008392334
2024-10-10 05:00:00+00:00,30.71500015258789
2024-10-10 06:00:00+00:00,30.69499969482422
2024-10-10 07:00:00+00:00,30.774999618530273
2024-10-10 08:00:00+00:00,30.719999313354492
2024-10-10 09:00:00+00:00,30.825000762939453
2024-10-10 10:00:00+00:00,30.860000610351562
2024-10-10 11:00:00+00:00,30.78499984741211
2024-10-10 12:00:00+00:00,30.899999618530273
2024-10-10 13:00:00+00:00,31.200000762939453
2024-10-10 14:00:00+00:00,31.084999084472656
2024-10-10 15:00:00+00:00,31.184999465942383
2024-10-10 16:00:00+00:00,31.174999237060547
2024-10-10 17:00:00+00:00,31.25
2024-10-10 18:00:00+00:00,31.274999618530273
2024-10-10 19:00:00+00:00,31.34000015258789
2024-10-10 20:00:00+00:00,31.375
2024-10-10 22:00:00+00:00,31.329999923706055
2024-10-10 23:00:00+00:00,31.364999771118164
2024-10-11 00:00:00+00:00,31.344999313354492
2024-10-11 01:00:00+00:00,31.44499969482422
2024-10-11 02:00:00+00:00,31.524999618530273
2024-10-11 03:00:00+00:00,31.514999389648438
2024-10-11 04:00:00+00:00,31.540000915527344
2024-10-11 05:00:00+00:00,31.434999465942383
2024-10-11 06:00:00+00:00,31.31999969482422
2024-10-11 07:00:00+00:00,31.385000228881836
2024-10-11 08:00:00+00:00,31.334999084472656
2024-10-11 09:00:00+00:00,31.329999923706055
2024-10-11 10:00:00+00:00,31.395000457763672
2024-10-11 11:00:00+00:00,31.415000915527344
2024-10-11 12:00:00+00:00,31.44499969482422
2024-10-11 13:00:00+00:00,31.635000228881836
2024-10-11 14:00:00+00:00,31.71500015258789
2024-10-11 15:00:00+00:00,31.825000762939453
2024-10-11 16:00:00+00:00,31.795000076293945
2024-10-11 17:00:00+00:00,31.780000686645508
2024-10-11 18:00:00+00:00,31.795000076293945
2024-10-11 19:00:00+00:00,31.770000457763672
2024-10-11 20:00:00+00:00,31.735000610351562
2024-10-13 22:00:00+00:00,31.389999389648438
2024-10-13 23:00:00+00:00,31.3799991607666
2024-10-14 00:00:00+00:00,31.489999771118164
2024-10-14 01:00:00+00:00,31.235000610351562
2024-10-14 02:00:00+00:00,31.395000457763672
2024-10-14 03:00:00+00:00,31.479999542236328
2024-10-14 04:00:00+00:00,31.53499984741211
2024-10-14 05:00:00+00:00,31.6200008392334
2024-10-14 06:00:00+00:00,31.700000762939453
2024-10-14 07:00:00+00:00,31.674999237060547
2024-10-14 08:00:00+00:00,31.639999389648438
2024-10-14 09:00:00+00:00,31.575000762939453
2024-10-14 10:00:00+00:00,31.44499969482422
2024-10-14 11:00:00+00:00,31.3700008392334
2024-10-14 12:00:00+00:00,31.389999389648438
2024-10-14 13:00:00+00:00,31.600000381469727
2024-10-14 14:00:00+00:00,31.375
2024-10-14 15:00:00+00:00,31.334999084472656
2024-10-14 16:00:00+00:00,31.364999771118164
2024-10-14 17:00:00+00:00,31.3700008392334
2024-10-14 18:00:00+00:00,31.375
2024-10-14 19:00:00+00:00,31.469999313354492
2024-10-14 20:00:00+00:00,31.399999618530273
2024-10-14 22:00:00+00:00,31.454999923706055
2024-10-14 23:00:00+00:00,31.420000076293945
2024-10-15 00:00:00+00:00,31.3700008392334
2024-10-15 01:00:00+00:00,31.360000610351562
2024-10-15 02:00:00+00:00,31.454999923706055
2024-10-15 03:00:00+00:00,31.329999923706055
2024-10-15 04:00:00+00:00,31.299999237060547
2024-10-15 05:00:00+00:00,31.174999237060547
2024-10-15 06:00:00+00:00,31.309999465942383
2024-10-15 07:00:00+00:00,31.290000915527344
2024-10-15 08:00:00+00:00,31.364999771118164
2024-10-15 09:00:00+00:00,31.360000610351562
2024-10-15 10:00:00+00:00,31.325000762939453
2024-10-15 11:00:00+00:00,31.315000534057617
2024-10-15 12:00:00+00:00,31.174999237060547
2024-10-15 13:00:00+00:00,31.399999618530273
2024-10-15 14:00:00+00:00,31.719999313354492
2024-10-15 15:00:00+00:00,31.665000915527344
2024-10-15 16:00:00+00:00,31.7450008392334
2024-10-15 17:00:00+00:00,31.719999313354492
2024-10-15 18:00:00+00:00,31.7549991607666
2024-10-15 19:00:00+00:00,31.684999465942383
2024-10-15 20:00:00+00:00,31.690000534057617
2024-10-15 22:00:00+00:00,31.674999237060547
2024-10-15 23:00:00+00:00,31.655000686645508
2024-10-16 00:00:00+00:00,31.665000915527344
2024-10-16 01:00:00+00:00,31.7549991607666
2024-10-16 02:00:00+00:00,31.825000762939453
2024-10-16 03:00:00+00:00,31.78499984741211
2024-10-16 04:00:00+00:00,31.844999313354492
2024-10-16 05:00:00+00:00,31.809999465942383
2024-10-16 06:00:00+00:00,31.985000610351562
2024-10-16 07:00:00+00:00,31.9950008392334
2024-10-16 08:00:00+00:00,32.03499984741211
2024-10-16 09:00:00+00:00,32.09000015258789
2024-10-16 10:00:00+00:00,31.975000381469727
2024-10-16 11:00:00+00:00,32.060001373291016
2024-10-16 12:00:00+00:00,32.119998931884766
2024-10-16 13:00:00+00:00,32.130001068115234
2024-10-16 14:00:00+00:00,32.025001525878906
2024-10-16 15:00:00+00:00,31.850000381469727
2024-10-16 16:00:00+00:00,31.950000762939453
2024-10-16 17:00:00+00:00,31.954999923706055
2024-10-16 18:00:00+00:00,31.96500015258789
2024-10-16 19:00:00+00:00,31.915000915527344
2024-10-16 20:00:00+00:00,31.889999389648438
2024-10-16 22:00:00+00:00,31.889999389648438
2024-10-16 23:00:00+00:00,31.93000030517578
2024-10-17 00:00:00+00:00,32.005001068115234
2024-10-17 01:00:00+00:00,32.04499816894531
2024-10-17 02:00:00+00:00,31.864999771118164
2024-10-17 03:00:00+00:00,31.735000610351562
2024-10-17 04:00:00+00:00,31.795000076293945
2024-10-17 05:00:00+00:00,31.825000762939453
2024-10-17 06:00:00+00:00,31.670000076293945
2024-10-17 07:00:00+00:00,31.739999771118164
2024-10-17 08:00:00+00:00,31.80500030517578
2024-10-17 09:00:00+00:00,31.770000457763672
2024-10-17 10:00:00+00:00,32.0
2024-10-17 11:00:00+00:00,31.954999923706055
2024-10-17 12:00:00+00:00,31.885000228881836
2024-10-17 13:00:00+00:00,31.96500015258789
2024-10-17 14:00:00+00:00,32.1150016784668
2024-10-17 15:00:00+00:00,31.850000381469727
2024-10-17 16:00:00+00:00,31.799999237060547
2024-10-17 17:00:00+00:00,31.815000534057617
2024-10-17 18:00:00+00:00,31.834999084472656
2024-10-17 19:00:00+00:00,31.860000610351562
2024-10-17 20:00:00+00:00,31.8700008392334
2024-10-17 22:00:00+00:00,31.895000457763672
2024-10-17 23:00:00+00:00,31.959999084472656
2024-10-18 00:00:00+00:00,31.899999618530273
2024-10-18 01:00:00+00:00,32.1349983215332
2024-10-18 02:00:00+00:00,32.220001220703125
2024-10-18 03:00:00+00:00,32.16999816894531
2024-10-18 04:00:00+00:00,32.21500015258789
2024-10-18 05:00:00+00:00,32.33000183105469
2024-10-18 06:00:00+00:00,32.14500045776367
2024-10-18 07:00:00+00:00,32.189998626708984
2024-10-18 08:00:00+00:00,32.20000076293945
2024-10-18 09:00:00+00:00,32.27000045776367
2024-10-18 10:00:00+00:00,32.34000015258789
2024-10-18 11:00:00+00:00,32.26499938964844
2024-10-18 12:00:00+00:00,32.505001068115234
2024-10-18 13:00:00+00:00,32.73500061035156
2024-10-18 14:00:00+00:00,32.665000915527344
2024-10-18 15:00:00+00:00,32.845001220703125
2024-10-18 16:00:00+00:00,33.084999084472656
2024-10-18 17:00:00+00:00,33.30500030517578
2024-10-18 18:00:00+00:00,33.79499816894531
2024-10-18 19:00:00+00:00,33.83000183105469
2024-10-18 20:00:00+00:00,33.92499923706055
2024-10-20 22:00:00+00:00,34.099998474121094
2024-10-20 23:00:00+00:00,34.0099983215332
2024-10-21 00:00:00+00:00,33.79499816894531
2024-10-21 01:00:00+00:00,34.025001525878906
2024-10-21 02:00:00+00:00,34.310001373291016
2024-10-21 03:00:00+00:00,34.29499816894531
2024-10-21 04:00:00+00:00,34.22999954223633
2024-10-21 05:00:00+00:00,34.04999923706055
2024-10-21 06:00:00+00:00,34.279998779296875
2024-10-21 07:00:00+00:00,34.25
2024-10-21 08:00:00+00:00,34.22999954223633
2024-10-21 09:00:00+00:00,34.2400016784668
2024-10-21 10:00:00+00:00,34.209999084472656
2024-10-21 11:00:00+00:00,34.224998474121094
2024-10-21 12:00:00+00:00,34.400001525878906
2024-10-21 13:00:00+00:00,34.275001525878906
2024-10-21 14:00:00+00:00,33.939998626708984
2024-10-21 15:00:00+00:00,33.880001068115234
2024-10-21 16:00:00+00:00,34.04999923706055
2024-10-21 17:00:00+00:00,34.02000045776367
2024-10-21 18:00:00+00:00,33.81999969482422
2024-10-21 19:00:00+00:00,34.02000045776367
2024-10-21 20:00:00+00:00,33.9900016784668
2024-10-21 22:00:00+00:00,34.03499984741211
2024-10-21 23:00:00+00:00,34.03499984741211
2024-10-22 00:00:00+00:00,34.02000045776367
2024-10-22 01:00:00+00:00,34.084999084472656
2024-10-22 02:00:00+00:00,34.119998931884766
2024-10-22 03:00:00+00:00,34.2599983215332
2024-10-22 04:00:00+00:00,34.38999938964844
2024-10-22 05:00:00+00:00,34.209999084472656
2024-10-22 06:00:00+00:00,34.34000015258789
2024-10-22 07:00:00+00:00,34.40999984741211
2024-10-22 08:00:00+00:00,34.439998626708984
2024-10-22 09:00:00+00:00,34.375
2024-10-22 10:00:00+00:00,34.630001068115234
2024-10-22 11:00:00+00:00,34.53499984741211
2024-10-22 12:00:00+00:00,34.709999084472656
2024-10-22 13:00:00+00:00,34.584999084472656
2024-10-22 14:00:00+00:00,34.73500061035156
2024-10-22 15:00:00+00:00,34.744998931884766
2024-10-22 16:00:00+00:00,35.0099983215332
2024-10-22 17:00:00+00:00,35.064998626708984
2024-10-22 18:00:00+00:00,34.904998779296875
2024-10-22 19:00:00+00:00,35.0
2024-10-22 20:00:00+00:00,35.060001373291016
2024-10-22 22:00:00+00:00,34.98500061035156
2024-10-22 23:00:00+00:00,34.91999816894531
2024-10-23 00:00:00+00:00,34.86000061035156
2024-10-23 01:00:00+00:00,34.67499923706055
2024-10-23 02:00:00+00:00,34.75
2024-10-23 03:00:00+00:00,34.86000061035156
2024-10-23 04:00:00+00:00,34.939998626708984
2024-10-23 05:00:00+00:00,34.939998626708984
2024-10-23 06:00:00+00:00,34.834999084472656
2024-10-23 07:00:00+00:00,34.869998931884766
2024-10-23 08:00:00+00:00,34.86000061035156
2024-10-23 09:00:00+00:00,34.814998626708984
2024-10-23 10:00:00+00:00,34.7400016784668
2024-10-23 11:00:00+00:00,34.70500183105469
2024-10-23 12:00:00+00:00,34.540000915527344
2024-10-23 13:00:00+00:00,34.220001220703125
2024-10-23 14:00:00+00:00,33.89500045776367
2024-10-23 15:00:00+00:00,33.974998474121094
2024-10-23 16:00:00+00:00,33.849998474121094
2024-10-23 17:00:00+00:00,33.82500076293945
2024-10-23 18:00:00+00:00,33.75
2024-10-23 19:00:00+00:00,33.85499954223633
2024-10-23 20:00:00+00:00,33.8849983215332
2024-10-23 22:00:00+00:00,33.93000030517578
2024-10-23 23:00:00+00:00,33.9900016784668
2024-10-24 00:00:00+00:00,34.005001068115234
2024-10-24 01:00:00+00:00,33.97999954223633
2024-10-24 02:00:00+00:00,34.064998626708984
2024-10-24 03:00:00+00:00,34.06999969482422
2024-10-24 04:00:00+00:00,34.099998474121094
2024-10-24 05:00:00+00:00,34.11000061035156
2024-10-24 06:00:00+00:00,34.30500030517578
2024-10-24 07:00:00+00:00,34.349998474121094
2024-10-24 08:00:00+00:00,34.400001525878906
2024-10-24 09:00:00+00:00,34.43000030517578
2024-10-24 10:00:00+00:00,34.279998779296875
2024-10-24 11:00:00+00:00,34.255001068115234
2024-10-24 12:00:00+00:00,34.26499938964844
2024-10-24 13:00:00+00:00,34.060001373291016
2024-10-24 14:00:00+00:00,33.89500045776367
2024-10-24 15:00:00+00:00,33.69499969482422
2024-10-24 16:00:00+00:00,33.77000045776367
2024-10-24 17:00:00+00:00,33.810001373291016
2024-10-24 18:00:00+00:00,33.82500076293945
2024-10-24 19:00:00+00:00,33.83000183105469
2024-10-24 20:00:00+00:00,33.8650016784668
2024-10-24 22:00:00+00:00,33.82500076293945
2024-10-24 23:00:00+00:00,33.83000183105469
2024-10-25 00:00:00+00:00,33.849998474121094
2024-10-25 01:00:00+00:00,33.7599983215332
2024-10-25 02:00:00+00:00,33.685001373291016
2024-10-25 03:00:00+00:00,33.60499954223633
2024-10-25 04:00:00+00:00,33.619998931884766
2024-10-25 05:00:00+00:00,33.709999084472656
2024-10-25 06:00:00+00:00,33.724998474121094
2024-10-25 07:00:00+00:00,33.56999969482422
2024-10-25 08:00:00+00:00,33.38999938964844
2024-10-25 09:00:00+00:00,33.35499954223633
2024-10-25 10:00:00+00:00,33.39500045776367
2024-10-25 11:00:00+00:00,33.40999984741211
2024-10-25 12:00:00+00:00,33.66999816894531
2024-10-25 13:00:00+00:00,33.73500061035156
2024-10-25 14:00:00+00:00,34.06999969482422
2024-10-25 15:00:00+00:00,33.97999954223633
2024-10-25 16:00:00+00:00,33.775001525878906
2024-10-25 17:00:00+00:00,33.880001068115234
2024-10-25 18:00:00+00:00,33.78499984741211
2024-10-25 19:00:00+00:00,33.76499938964844
2024-10-25 20:00:00+00:00,33.88999938964844
2024-10-27 22:00:00+00:00,33.65999984741211
2024-10-27 23:00:00+00:00,33.77000045776367
2024-10-28 00:00:00+00:00,33.689998626708984
2024-10-28 01:00:00+00:00,33.630001068115234
2024-10-28 02:00:00+00:00,33.584999084472656
2024-10-28 03:00:00+00:00,33.45500183105469
2024-10-28 04:00:00+00:00,33.48500061035156
2024-10-28 05:00:00+00:00,33.63999938964844
2024-10-28 06:00:00+00:00,33.78499984741211
2024-10-28 07:00:00+00:00,33.7400016784668
2024-10-28 08:00:00+00:00,33.650001525878906
2024-10-28 09:00:00+00:00,33.5
2024-10-28 10:00:00+00:00,33.58000183105469
2024-10-28 11:00:00+00:00,33.57500076293945
2024-10-28 12:00:00+00:00,33.7599983215332
2024-10-28 13:00:00+00:00,33.93000030517578
2024-10-28 14:00:00+00:00,34.08000183105469
2024-10-28 15:00:00+00:00,33.85499954223633
2024-10-28 16:00:00+00:00,33.970001220703125
2024-10-28 17:00:00+00:00,33.93000030517578
2024-10-28 18:00:00+00:00,33.845001220703125
2024-10-28 19:00:00+00:00,33.8650016784668
2024-10-28 20:00:00+00:00,33.849998474121094
2024-10-28 22:00:00+00:00,33.79999923706055
2024-10-28 23:00:00+00:00,33.8650016784668
2024-10-29 00:00:00+00:00,33.8849983215332
2024-10-29 01:00:00+00:00,34.10499954223633
2024-10-29 02:00:00+00:00,34.11000061035156
2024-10-29 03:00:00+00:00,34.05500030517578
2024-10-29 04:00:00+00:00,34.1150016784668
2024-10-29 05:00:00+00:00,33.95000076293945
2024-10-29 06:00:00+00:00,34.07500076293945
2024-10-29 07:00:00+00:00,34.11000061035156
2024-10-29 08:00:00+00:00,34.290000915527344
2024-10-29 09:00:00+00:00,34.26499938964844
2024-10-29 10:00:00+00:00,34.310001373291016
2024-10-29 11:00:00+00:00,34.31999969482422
2024-10-29 12:00:00+00:00,34.189998626708984
2024-10-29 13:00:00+00:00,34.45000076293945
2024-10-29 14:00:00+00:00,34.60499954223633
2024-10-29 15:00:00+00:00,34.41999816894531
2024-10-29 16:00:00+00:00,34.439998626708984
2024-10-29 17:00:00+00:00,34.505001068115234
2024-10-29 18:00:00+00:00,34.60499954223633
2024-10-29 19:00:00+00:00,34.61000061035156
2024-10-29 20:00:00+00:00,34.625
2024-10-29 22:00:00+00:00,34.619998931884766
2024-10-29 23:00:00+00:00,34.650001525878906
2024-10-30 00:00:00+00:00,34.619998931884766
2024-10-30 01:00:00+00:00,34.6150016784668
2024-10-30 02:00:00+00:00,34.560001373291016
2024-10-30 03:00:00+00:00,34.400001525878906
2024-10-30 04:00:00+00:00,34.3650016784668
2024-10-30 05:00:00+00:00,34.41999816894531
2024-10-30 06:00:00+00:00,34.48500061035156
2024-10-30 07:00:00+00:00,34.30500030517578
2024-10-30 08:00:00+00:00,34.345001220703125
2024-10-30 09:00:00+00:00,34.43000030517578
2024-10-30 10:00:00+00:00,34.2400016784668
2024-10-30 11:00:00+00:00,34.20000076293945
2024-10-30 12:00:00+00:00,34.209999084472656
2024-10-30 13:00:00+00:00,33.904998779296875
2024-10-30 14:00:00+00:00,33.959999084472656
2024-10-30 15:00:00+00:00,34.099998474121094
2024-10-30 16:00:00+00:00,34.0099983215332
2024-10-30 17:00:00+00:00,34.040000915527344
2024-10-30 18:00:00+00:00,34.02000045776367
2024-10-30 19:00:00+00:00,33.939998626708984
2024-10-30 20:00:00+00:00,33.935001373291016
2024-10-30 22:00:00+00:00,33.904998779296875
2024-10-30 23:00:00+00:00,33.8849983215332
2024-10-31 00:00:00+00:00,33.9900016784668
2024-10-31 01:00:00+00:00,33.869998931884766
2024-10-31 02:00:00+00:00,33.82500076293945
2024-10-31 03:00:00+00:00,33.7599983215332
2024-10-31 04:00:00+00:00,33.69499969482422
2024-10-31 05:00:00+00:00,33.845001220703125
2024-10-31 06:00:00+00:00,33.79499816894531
2024-10-31 07:00:00+00:00,33.8650016784668
2024-10-31 08:00:00+00:00,33.66999816894531
2024-10-31 09:00:00+00:00,33.744998931884766
2024-10-31 10:00:00+00:00,33.6150016784668
2024-10-31 11:00:00+00:00,33.73500061035156
2024-10-31 12:00:00+00:00,33.56999969482422
2024-10-31 13:00:00+00:00,33.060001373291016
2024-10-31 14:00:00+00:00,32.720001220703125
2024-10-31 15:00:00+00:00,32.814998626708984
2024-10-31 16:00:00+00:00,32.744998931884766
2024-10-31 17:00:00+00:00,32.80500030517578
2024-10-31 18:00:00+00:00,32.91999816894531
2024-10-31 19:00:00+00:00,32.834999084472656
2024-10-31 20:00:00+00:00,32.79999923706055
2024-10-31 22:00:00+00:00,32.810001373291016
2024-10-31 23:00:00+00:00,32.810001373291016
2024-11-01 00:00:00+00:00,32.81999969482422
2024-11-01 01:00:00+00:00,32.82500076293945
2024-11-01 02:00:00+00:00,32.834999084472656
2024-11-01 03:00:00+00:00,32.900001525878906
2024-11-01 04:00:00+00:00,32.915000915527344
2024-11-01 05:00:00+00:00,32.935001373291016
2024-11-01 06:00:00+00:00,32.82500076293945
2024-11-01 07:00:00+00:00,32.810001373291016
2024-11-01 08:00:00+00:00,32.970001220703125
2024-11-01 09:00:00+00:00,32.94499969482422
2024-11-01 10:00:00+00:00,32.974998474121094
2024-11-01 11:00:00+00:00,32.959999084472656
2024-11-01 12:00:00+00:00,32.94499969482422
2024-11-01 13:00:00+00:00,33.150001525878906
2024-11-01 14:00:00+00:00,32.8650016784668
2024-11-01 15:00:00+00:00,32.80500030517578
2024-11-01 16:00:00+00:00,32.709999084472656
2024-11-01 17:00:00+00:00,32.55500030517578
2024-11-01 18:00:00+00:00,32.540000915527344
2024-11-01 19:00:00+00:00,32.51499938964844
2024-11-01 20:00:00+00:00,32.57500076293945
2024-11-03 23:00:00+00:00,32.625
2024-11-04 00:00:00+00:00,32.7400016784668
2024-11-04 01:00:00+00:00,32.689998626708984
2024-11-04 02:00:00+00:00,32.71500015258789
2024-11-04 03:00:00+00:00,32.80500030517578
2024-11-04 04:00:00+00:00,32.82500076293945
2024-11-04 05:00:00+00:00,32.90999984741211
2024-11-04 06:00:00+00:00,32.93000030517578
2024-11-04 07:00:00+00:00,32.724998474121094
2024-11-04 08:00:00+00:00,32.779998779296875
2024-11-04 09:00:00+00:00,32.939998626708984
2024-11-04 10:00:00+00:00,32.8849983215332
2024-11-04 11:00:00+00:00,32.92499923706055
2024-11-04 12:00:00+00:00,32.94499969482422
2024-11-04 13:00:00+00:00,32.90999984741211
2024-11-04 14:00:00+00:00,32.834999084472656
2024-11-04 15:00:00+00:00,32.650001525878906
2024-11-04 16:00:00+00:00,32.470001220703125
2024-11-04 17:00:00+00:00,32.650001525878906
2024-11-04 18:00:00+00:00,32.61000061035156
2024-11-04 19:00:00+00:00,32.599998474121094
2024-11-04 20:00:00+00:00,32.630001068115234
2024-11-04 21:00:00+00:00,32.58000183105469
2024-11-04 23:00:00+00:00,32.525001525878906
2024-11-05 00:00:00+00:00,32.5099983215332
2024-11-05 01:00:00+00:00,32.5099983215332
2024-11-05 02:00:00+00:00,32.494998931884766
2024-11-05 03:00:00+00:00,32.60499954223633
2024-11-05 04:00:00+00:00,32.58000183105469
2024-11-05 05:00:00+00:00,32.55500030517578
2024-11-05 06:00:00+00:00,32.6349983215332
2024-11-05 07:00:00+00:00,32.60499954223633
2024-11-05 08:00:00+00:00,32.77000045776367
2024-11-05 09:00:00+00:00,32.744998931884766
2024-11-05 10:00:00+00:00,32.75
2024-11-05 11:00:00+00:00,32.7599983215332
2024-11-05 12:00:00+00:00,32.70500183105469
2024-11-05 13:00:00+00:00,32.880001068115234
2024-11-05 14:00:00+00:00,33.01499938964844
2024-11-05 15:00:00+00:00,32.869998931884766
2024-11-05 16:00:00+00:00,32.7599983215332
2024-11-05 17:00:00+00:00,32.779998779296875
2024-11-05 18:00:00+00:00,32.72999954223633
2024-11-05 19:00:00+00:00,32.7400016784668
2024-11-05 20:00:00+00:00,32.7599983215332
2024-11-05 21:00:00+00:00,32.775001525878906
2024-11-05 23:00:00+00:00,32.83000183105469
2024-11-06 00:00:00+00:00,32.56999969482422
2024-11-06 01:00:00+00:00,32.67499923706055
2024-11-06 02:00:00+00:00,32.42499923706055
2024-11-06 03:00:00+00:00,32.20500183105469
2024-11-06 04:00:00+00:00,32.459999084472656
2024-11-06 05:00:00+00:00,32.369998931884766
2024-11-06 06:00:00+00:00,31.729999542236328
2024-11-06 07:00:00+00:00,32.154998779296875
2024-11-06 08:00:00+00:00,32.42499923706055
2024-11-06 09:00:00+00:00,32.42499923706055
2024-11-06 10:00:00+00:00,32.275001525878906
2024-11-06 11:00:00+00:00,31.905000686645508
2024-11-06 12:00:00+00:00,31.764999389648438
2024-11-06 13:00:00+00:00,31.174999237060547
2024-11-06 14:00:00+00:00,31.09000015258789
2024-11-06 15:00:00+00:00,31.520000457763672
2024-11-06 16:00:00+00:00,31.325000762939453
2024-11-06 17:00:00+00:00,31.209999084472656
2024-11-06 18:00:00+00:00,31.350000381469727
2024-11-06 19:00:00+00:00,31.315000534057617
2024-11-06 20:00:00+00:00,31.30500030517578
2024-11-06 21:00:00+00:00,31.28499984741211
2024-11-06 23:00:00+00:00,31.270000457763672
2024-11-07 00:00:00+00:00,31.235000610351562
2024-11-07 01:00:00+00:00,31.125
2024-11-07 02:00:00+00:00,31.21500015258789
2024-11-07 03:00:00+00:00,31.15999984741211
2024-11-07 04:00:00+00:00,31.065000534057617
2024-11-07 05:00:00+00:00,31.235000610351562
2024-11-07 06:00:00+00:00,31.19499969482422
2024-11-07 07:00:00+00:00,31.28499984741211
2024-11-07 08:00:00+00:00,31.149999618530273
2024-11-07 09:00:00+00:00,31.204999923706055
2024-11-07 10:00:00+00:00,31.25
2024-11-07 11:00:00+00:00,31.15999984741211
2024-11-07 12:00:00+00:00,31.424999237060547
2024-11-07 13:00:00+00:00,31.729999542236328
2024-11-07 14:00:00+00:00,31.895000457763672
2024-11-07 15:00:00+00:00,31.924999237060547
2024-11-07 16:00:00+00:00,31.84000015258789
2024-11-07 17:00:00+00:00,31.924999237060547
2024-11-07 18:00:00+00:00,31.84000015258789
2024-11-07 19:00:00+00:00,31.875
2024-11-07 20:00:00+00:00,32.06999969482422
2024-11-07 21:00:00+00:00,32.13999938964844
2024-11-07 23:00:00+00:00,32.125
2024-11-08 00:00:00+00:00,31.94499969482422
2024-11-08 01:00:00+00:00,31.915000915527344
2024-11-08 02:00:00+00:00,31.864999771118164
2024-11-08 03:00:00+00:00,31.790000915527344
2024-11-08 04:00:00+00:00,31.815000534057617
2024-11-08 05:00:00+00:00,31.84000015258789
2024-11-08 06:00:00+00:00,31.635000228881836
2024-11-08 07:00:00+00:00,31.65999984741211
2024-11-08 08:00:00+00:00,31.55500030517578
2024-11-08 09:00:00+00:00,31.6299991607666
2024-11-08 10:00:00+00:00,31.530000686645508
2024-11-08 11:00:00+00:00,31.655000686645508
2024-11-08 12:00:00+00:00,31.594999313354492
2024-11-08 13:00:00+00:00,31.850000381469727
2024-11-08 14:00:00+00:00,31.69499969482422
2024-11-08 15:00:00+00:00,31.53499984741211
2024-11-08 16:00:00+00:00,31.360000610351562
2024-11-08 17:00:00+00:00,31.454999923706055
2024-11-08 18:00:00+00:00,31.385000228881836
2024-11-08 19:00:00+00:00,31.40999984741211
2024-11-08 20:00:00+00:00,31.3700008392334
2024-11-08 21:00:00+00:00,31.424999237060547
2024-11-10 23:00:00+00:00,31.530000686645508
2024-11-11 00:00:00+00:00,31.5049991607666
2024-11-11 01:00:00+00:00,31.364999771118164
2024-11-11 02:00:00+00:00,31.375
2024-11-11 03:00:00+00:00,31.315000534057617
2024-11-11 04:00:00+00:00,31.31999969482422
2024-11-11 05:00:00+00:00,31.364999771118164
2024-11-11 06:00:00+00:00,31.475000381469727
2024-11-11 07:00:00+00:00,31.299999237060547
2024-11-11 08:00:00+00:00,31.399999618530273
2024-11-11 09:00:00+00:00,31.450000762939453
2024-11-11 10:00:00+00:00,31.420000076293945
2024-11-11 11:00:00+00:00,31.40999984741211
2024-11-11 12:00:00+00:00,31.2549991607666
2024-11-11 13:00:00+00:00,30.760000228881836
2024-11-11 14:00:00+00:00,30.709999084472656
2024-11-11 15:00:00+00:00,30.575000762939453
2024-11-11 16:00:00+00:00,30.655000686645508
2024-11-11 17:00:00+00:00,30.6299991607666
2024-11-11 18:00:00+00:00,30.71500015258789
2024-11-11 19:00:00+00:00,30.739999771118164
2024-11-11 20:00:00+00:00,30.799999237060547
2024-11-11 21:00:00+00:00,30.78499984741211
2024-11-11 23:00:00+00:00,30.825000762939453
2024-11-12 00:00:00+00:00,30.80500030517578
2024-11-12 01:00:00+00:00,30.815000534057617
2024-11-12 02:00:00+00:00,30.700000762939453
2024-11-12 03:00:00+00:00,30.65999984741211
2024-11-12 04:00:00+00:00,30.670000076293945
2024-11-12 05:00:00+00:00,30.389999389648438
2024-11-12 06:00:00+00:00,30.450000762939453
2024-11-12 07:00:00+00:00,30.399999618530273
2024-11-12 08:00:00+00:00,30.459999084472656
2024-11-12 09:00:00+00:00,30.3700008392334
2024-11-12 10:00:00+00:00,30.415000915527344
2024-11-12 11:00:00+00:00,30.469999313354492
2024-11-12 12:00:00+00:00,30.579999923706055
2024-11-12 13:00:00+00:00,30.854999542236328
2024-11-12 14:00:00+00:00,30.799999237060547
2024-11-12 15:00:00+00:00,30.6200008392334
2024-11-12 16:00:00+00:00,30.729999542236328
2024-11-12 17:00:00+00:00,30.719999313354492
2024-11-12 18:00:00+00:00,30.81999969482422
2024-11-12 19:00:00+00:00,30.80500030517578
2024-11-12 20:00:00+00:00,30.905000686645508
2024-11-12 21:00:00+00:00,30.825000762939453
2024-11-12 23:00:00+00:00,30.80500030517578
2024-11-13 00:00:00+00:00,30.860000610351562
2024-11-13 01:00:00+00:00,31.040000915527344
2024-11-13 02:00:00+00:00,31.1200008392334
2024-11-13 03:00:00+00:00,31.09000015258789
2024-11-13 04:00:00+00:00,31.06999969482422
2024-11-13 05:00:00+00:00,31.03499984741211
2024-11-13 06:00:00+00:00,30.950000762939453
2024-11-13 07:00:00+00:00,30.950000762939453
2024-11-13 08:00:00+00:00,30.985000610351562
2024-11-13 09:00:00+00:00,31.049999237060547
2024-11-13 10:00:00+00:00,31.014999389648438
2024-11-13 11:00:00+00:00,30.989999771118164
2024-11-13 12:00:00+00:00,30.954999923706055
2024-11-13 13:00:00+00:00,31.010000228881836
2024-11-13 14:00:00+00:00,30.799999237060547
2024-11-13 15:00:00+00:00,30.899999618530273
2024-11-13 16:00:00+00:00,30.610000610351562
2024-11-13 17:00:00+00:00,30.684999465942383
2024-11-13 18:00:00+00:00,30.684999465942383
2024-11-13 19:00:00+00:00,30.639999389648438
2024-11-13 20:00:00+00:00,30.399999618530273
2024-11-13 21:00:00+00:00,30.405000686645508
2024-11-13 23:00:00+00:00,30.360000610351562
2024-11-14 00:00:00+00:00,30.510000228881836
2024-11-14 01:00:00+00:00,30.270000457763672
2024-11-14 02:00:00+00:00,30.190000534057617
2024-11-14 03:00:00+00:00,30.235000610351562
2024-11-14 04:00:00+00:00,30.290000915527344
2024-11-14 05:00:00+00:00,30.165000915527344
2024-11-14 06:00:00+00:00,29.96500015258789
2024-11-14 07:00:00+00:00,29.934999465942383
2024-11-14 08:00:00+00:00,29.969999313354492
2024-11-14 09:00:00+00:00,29.895000457763672
2024-11-14 10:00:00+00:00,29.93000030517578
2024-11-14 11:00:00+00:00,30.059999465942383
2024-11-14 12:00:00+00:00,29.979999542236328
2024-11-14 13:00:00+00:00,30.235000610351562
2024-11-14 14:00:00+00:00,30.280000686645508
2024-11-14 15:00:00+00:00,30.434999465942383
2024-11-14 16:00:00+00:00,30.610000610351562
2024-11-14 17:00:00+00:00,30.600000381469727
2024-11-14 18:00:00+00:00,30.559999465942383
2024-11-14 19:00:00+00:00,30.71500015258789
2024-11-14 20:00:00+00:00,30.604999542236328
2024-11-14 21:00:00+00:00,30.53499984741211
2024-11-14 23:00:00+00:00,30.454999923706055
2024-11-15 00:00:00+00:00,30.475000381469727
2024-11-15 01:00:00+00:00,30.459999084472656
2024-11-15 02:00:00+00:00,30.6299991607666
2024-11-15 03:00:00+00:00,30.559999465942383
2024-11-15 04:00:00+00:00,30.594999313354492
2024-11-15 05:00:00+00:00,30.424999237060547
2024-11-15 06:00:00+00:00,30.415000915527344
2024-11-15 07:00:00+00:00,30.434999465942383
2024-11-15 08:00:00+00:00,30.514999389648438
2024-11-15 09:00:00+00:00,30.420000076293945
2024-11-15 10:00:00+00:00,30.655000686645508
2024-11-15 11:00:00+00:00,30.770000457763672
2024-11-15 12:00:00+00:00,30.719999313354492
2024-11-15 13:00:00+00:00,30.639999389648438
2024-11-15 14:00:00+00:00,30.774999618530273
2024-11-15 15:00:00+00:00,30.579999923706055
2024-11-15 16:00:00+00:00,30.385000228881836
2024-11-15 17:00:00+00:00,30.389999389648438
2024-11-15 18:00:00+00:00,30.43000030517578
2024-11-15 19:00:00+00:00,30.385000228881836
2024-11-15 20:00:00+00:00,30.334999084472656
2024-11-15 21:00:00+00:00,30.34000015258789
2024-11-17 23:00:00+00:00,30.475000381469727
2024-11-18 00:00:00+00:00,30.545000076293945
2024-11-18 01:00:00+00:00,30.645000457763672
2024-11-18 02:00:00+00:00,30.725000381469727
2024-11-18 03:00:00+00:00,30.709999084472656
2024-11-18 04:00:00+00:00,30.799999237060547
2024-11-18 05:00:00+00:00,30.670000076293945
2024-11-18 06:00:00+00:00,30.725000381469727
2024-11-18 07:00:00+00:00,30.68000030517578
2024-11-18 08:00:00+00:00,30.729999542236328
2024-11-18 09:00:00+00:00,30.84000015258789
2024-11-18 10:00:00+00:00,30.84000015258789
2024-11-18 11:00:00+00:00,30.829999923706055
2024-11-18 12:00:00+00:00,30.899999618530273
2024-11-18 13:00:00+00:00,31.0049991607666
2024-11-18 14:00:00+00:00,31.21500015258789
2024-11-18 15:00:00+00:00,31.28499984741211
2024-11-18 16:00:00+00:00,31.329999923706055
2024-11-18 17:00:00+00:00,31.25
2024-11-18 18:00:00+00:00,31.15999984741211
2024-11-18 19:00:00+00:00,31.174999237060547
2024-11-18 20:00:00+00:00,31.21500015258789
2024-11-18 21:00:00+00:00,31.260000228881836
2024-11-18 23:00:00+00:00,31.25
2024-11-19 00:00:00+00:00,31.229999542236328
2024-11-19 01:00:00+00:00,31.34000015258789
2024-11-19 02:00:00+00:00,31.40999984741211
2024-11-19 03:00:00+00:00,31.454999923706055
2024-11-19 04:00:00+00:00,31.399999618530273
2024-11-19 05:00:00+00:00,31.405000686645508
2024-11-19 06:00:00+00:00,31.375
2024-11-19 07:00:00+00:00,31.31999969482422
2024-11-19 08:00:00+00:00,31.420000076293945
2024-11-19 09:00:00+00:00,31.469999313354492
2024-11-19 10:00:00+00:00,31.5
2024-11-19 11:00:00+00:00,31.364999771118164
2024-11-19 12:00:00+00:00,31.514999389648438
2024-11-19 13:00:00+00:00,31.389999389648438
2024-11-19 14:00:00+00:00,31.165000915527344
2024-11-19 15:00:00+00:00,31.18000030517578
2024-11-19 16:00:00+00:00,31.239999771118164
2024-11-19 17:00:00+00:00,31.264999389648438
2024-11-19 18:00:00+00:00,31.31999969482422
2024-11-19 19:00:00+00:00,31.34000015258789
2024-11-19 20:00:00+00:00,31.354999542236328
2024-11-19 21:00:00+00:00,31.295000076293945
2024-11-19 23:00:00+00:00,31.375
2024-11-20 00:00:00+00:00,31.354999542236328
2024-11-20 01:00:00+00:00,31.264999389648438
2024-11-20 02:00:00+00:00,31.28499984741211
2024-11-20 03:00:00+00:00,31.2549991607666
2024-11-20 04:00:00+00:00,31.264999389648438
2024-11-20 05:00:00+00:00,31.21500015258789
2024-11-20 06:00:00+00:00,31.1200008392334
2024-11-20 07:00:00+00:00,30.985000610351562
2024-11-20 08:00:00+00:00,31.024999618530273
2024-11-20 09:00:00+00:00,30.940000534057617
2024-11-20 10:00:00+00:00,30.975000381469727
2024-11-20 11:00:00+00:00,30.94499969482422
2024-11-20 12:00:00+00:00,31.100000381469727
2024-11-20 13:00:00+00:00,31.204999923706055
2024-11-20 14:00:00+00:00,31.149999618530273
2024-11-20 15:00:00+00:00,31.174999237060547
2024-11-20 16:00:00+00:00,31.170000076293945
2024-11-20 17:00:00+00:00,31.125
2024-11-20 18:00:00+00:00,30.989999771118164
2024-11-20 19:00:00+00:00,30.989999771118164
2024-11-20 20:00:00+00:00,30.93000030517578
2024-11-20 21:00:00+00:00,30.940000534057617
2024-11-20 23:00:00+00:00,30.989999771118164
2024-11-21 00:00:00+00:00,31.09000015258789
2024-11-21 01:00:00+00:00,31.114999771118164
2024-11-21 02:00:00+00:00,31.145000457763672
2024-11-21 03:00:00+00:00,31.225000381469727
2024-11-21 04:00:00+00:00,31.21500015258789
2024-11-21 05:00:00+00:00,31.2549991607666
2024-11-21 06:00:00+00:00,31.31999969482422
2024-11-21 07:00:00+00:00,31.344999313354492
2024-11-21 08:00:00+00:00,31.270000457763672
2024-11-21 09:00:00+00:00,31.204999923706055
2024-11-21 10:00:00+00:00,31.114999771118164
2024-11-21 11:00:00+00:00,31.1299991607666
2024-11-21 12:00:00+00:00,31.094999313354492
2024-11-21 13:00:00+00:00,31.084999084472656
2024-11-21 14:00:00+00:00,30.834999084472656
2024-11-21 15:00:00+00:00,30.905000686645508
2024-11-21 16:00:00+00:00,30.78499984741211
2024-11-21 17:00:00+00:00,30.96500015258789
2024-11-21 18:00:00+00:00,30.96500015258789
2024-11-21 19:00:00+00:00,30.844999313354492
2024-11-21 20:00:00+00:00,30.864999771118164
2024-11-21 21:00:00+00:00,30.8700008392334
2024-11-21 23:00:00+00:00,30.809999465942383
2024-11-22 00:00:00+00:00,30.8799991607666
2024-11-22 01:00:00+00:00,30.915000915527344
2024-11-22 02:00:00+00:00,31.020000457763672
2024-11-22 03:00:00+00:00,30.985000610351562
2024-11-22 04:00:00+00:00,31.010000228881836
2024-11-22 05:00:00+00:00,30.950000762939453
2024-11-22 06:00:00+00:00,31.145000457763672
2024-11-22 07:00:00+00:00,31.395000457763672
2024-11-22 08:00:00+00:00,31.424999237060547
2024-11-22 09:00:00+00:00,31.309999465942383
2024-11-22 10:00:00+00:00,31.43000030517578
2024-11-22 11:00:00+00:00,31.315000534057617
2024-11-22 12:00:00+00:00,31.420000076293945
2024-11-22 13:00:00+00:00,31.15999984741211
2024-11-22 14:00:00+00:00,31.295000076293945
2024-11-22 15:00:00+00:00,31.315000534057617
2024-11-22 16:00:00+00:00,31.299999237060547
2024-11-22 17:00:00+00:00,31.329999923706055
2024-11-22 18:00:00+00:00,31.34000015258789
2024-11-22 19:00:00+00:00,31.329999923706055
2024-11-22 20:00:00+00:00,31.295000076293945
2024-11-22 21:00:00+00:00,31.415000915527344
2024-11-24 23:00:00+00:00,31.469999313354492
2024-11-25 00:00:00+00:00,31.280000686645508
2024-11-25 01:00:00+00:00,31.139999389648438
2024-11-25 02:00:00+00:00,31.0049991607666
2024-11-25 03:00:00+00:00,30.885000228881836
2024-11-25 04:00:00+00:00,30.850000381469727
2024-11-25 05:00:00+00:00,30.704999923706055
2024-11-25 06:00:00+00:00,30.764999389648438
2024-11-25 07:00:00+00:00,30.735000610351562
2024-11-25 08:00:00+00:00,30.844999313354492
2024-11-25 09:00:00+00:00,30.860000610351562
2024-11-25 10:00:00+00:00,30.850000381469727
2024-11-25 11:00:00+00:00,30.8700008392334
2024-11-25 12:00:00+00:00,30.795000076293945
2024-11-25 13:00:00+00:00,30.81999969482422
2024-11-25 14:00:00+00:00,30.405000686645508
2024-11-25 15:00:00+00:00,30.15999984741211
2024-11-25 16:00:00+00:00,30.209999084472656
2024-11-25 17:00:00+00:00,30.21500015258789
2024-11-25 18:00:00+00:00,30.309999465942383
2024-11-25 19:00:00+00:00,30.424999237060547
2024-11-25 20:00:00+00:00,30.3799991607666
2024-11-25 21:00:00+00:00,30.350000381469727
2024-11-25 23:00:00+00:00,30.155000686645508
2024-11-26 00:00:00+00:00,30.139999389648438
2024-11-26 01:00:00+00:00,30.280000686645508
2024-11-26 02:00:00+00:00,30.31999969482422
2024-11-26 03:00:00+00:00,30.415000915527344
2024-11-26 04:00:00+00:00,30.385000228881836
2024-11-26 05:00:00+00:00,30.389999389648438
2024-11-26 06:00:00+00:00,30.28499984741211
2024-11-26 07:00:00+00:00,30.184999465942383
2024-11-26 08:00:00+00:00,30.260000228881836
2024-11-26 09:00:00+00:00,30.485000610351562
2024-11-26 10:00:00+00:00,30.524999618530273
2024-11-26 11:00:00+00:00,30.59000015258789
2024-11-26 12:00:00+00:00,30.604999542236328
2024-11-26 13:00:00+00:00,30.575000762939453
2024-11-26 14:00:00+00:00,30.434999465942383
2024-11-26 15:00:00+00:00,30.514999389648438
2024-11-26 16:00:00+00:00,30.540000915527344
2024-11-26 17:00:00+00:00,30.5
2024-11-26 18:00:00+00:00,30.40999984741211
2024-11-26 19:00:00+00:00,30.524999618530273
2024-11-26 20:00:00+00:00,30.540000915527344
2024-11-26 21:00:00+00:00,30.479999542236328
2024-11-26 23:00:00+00:00,30.459999084472656
2024-11-27 00:00:00+00:00,30.420000076293945
2024-11-27 01:00:00+00:00,30.40999984741211
2024-11-27 02:00:00+00:00,30.520000457763672
2024-11-27 03:00:00+00:00,30.55500030517578
2024-11-27 04:00:00+00:00,30.524999618530273
2024-11-27 05:00:00+00:00,30.600000381469727
2024-11-27 06:00:00+00:00,30.690000534057617
2024-11-27 07:00:00+00:00,30.700000762939453
2024-11-27 08:00:00+00:00,31.075000762939453
2024-11-27 09:00:00+00:00,30.989999771118164
2024-11-27 10:00:00+00:00,30.489999771118164
2024-11-27 11:00:00+00:00,30.969999313354492
2024-11-27 12:00:00+00:00,30.889999389648438
2024-11-27 13:00:00+00:00,30.594999313354492
2024-11-27 14:00:00+00:00,30.90999984741211
2024-11-27 15:00:00+00:00,30.575000762939453
2024-11-27 16:00:00+00:00,30.079999923706055
2024-11-27 17:00:00+00:00,30.530000686645508
2024-11-27 18:00:00+00:00,30.549999237060547
2024-11-27 19:00:00+00:00,30.5049991607666
2024-11-27 20:00:00+00:00,30.579999923706055
2024-11-27 21:00:00+00:00,30.559999465942383
2024-11-27 23:00:00+00:00,30.56999969482422
2024-11-28 00:00:00+00:00,30.565000534057617
2024-11-28 01:00:00+00:00,30.329999923706055
2024-11-28 02:00:00+00:00,30.274999618530273
2024-11-28 03:00:00+00:00,30.2549991607666
2024-11-28 04:00:00+00:00,30.334999084472656
2024-11-29 14:30:00+00:00,31.084999084472656
2024-11-29 15:30:00+00:00,31.149999618530273
2024-11-29 16:30:00+00:00,31.15999984741211
2024-11-29 17:30:00+00:00,31.1200008392334
2024-12-01 23:00:00+00:00,30.94499969482422
2024-12-02 00:00:00+00:00,30.8700008392334
2024-12-02 01:00:00+00:00,30.8799991607666
2024-12-02 02:00:00+00:00,30.635000228881836
2024-12-02 03:00:00+00:00,30.68000030517578
2024-12-02 04:00:00+00:00,30.6299991607666
2024-12-02 05:00:00+00:00,30.559999465942383
2024-12-02 06:00:00+00:00,30.635000228881836
2024-12-02 07:00:00+00:00,30.625
2024-12-02 08:00:00+00:00,30.639999389648438
2024-12-02 09:00:00+00:00,30.684999465942383
2024-12-02 10:00:00+00:00,30.719999313354492
2024-12-02 11:00:00+00:00,30.924999237060547
2024-12-02 12:00:00+00:00,30.81999969482422
2024-12-02 13:00:00+00:00,31.05500030517578
2024-12-02 14:00:00+00:00,30.954999923706055
2024-12-02 15:00:00+00:00,30.81999969482422
2024-12-02 16:00:00+00:00,30.93000030517578
2024-12-02 17:00:00+00:00,30.885000228881836
2024-12-02 18:00:00+00:00,30.885000228881836
2024-12-02 19:00:00+00:00,30.864999771118164
2024-12-02 20:00:00+00:00,30.96500015258789
2024-12-02 21:00:00+00:00,30.975000381469727
2024-12-02 23:00:00+00:00,31.05500030517578
2024-12-03 00:00:00+00:00,30.985000610351562
2024-12-03 01:00:00+00:00,31.0049991607666
2024-12-03 02:00:00+00:00,30.9950008392334
2024-12-03 03:00:00+00:00,31.059999465942383
2024-12-03 04:00:00+00:00,31.040000915527344
2024-12-03 05:00:00+00:00,31.125
2024-12-03 06:00:00+00:00,31.360000610351562
2024-12-03 07:00:00+00:00,31.385000228881836
2024-12-03 08:00:00+00:00,31.43000030517578
2024-12-03 09:00:00+00:00,31.469999313354492
2024-12-03 10:00:00+00:00,31.420000076293945
2024-12-03 11:00:00+00:00,31.375
2024-12-03 12:00:00+00:00,31.280000686645508
2024-12-03 13:00:00+00:00,31.485000610351562
2024-12-03 14:00:00+00:00,31.350000381469727
2024-12-03 15:00:00+00:00,31.350000381469727
2024-12-03 16:00:00+00:00,31.510000228881836
2024-12-03 17:00:00+00:00,31.489999771118164
2024-12-03 18:00:00+00:00,31.559999465942383
2024-12-03 19:00:00+00:00,31.4950008392334
2024-12-03 20:00:00+00:00,31.5049991607666
2024-12-03 21:00:00+00:00,31.514999389648438
2024-12-03 23:00:00+00:00,31.469999313354492
2024-12-04 00:00:00+00:00,31.434999465942383
2024-12-04 01:00:00+00:00,31.489999771118164
2024-12-04 02:00:00+00:00,31.5049991607666
2024-12-04 03:00:00+00:00,31.459999084472656
2024-12-04 04:00:00+00:00,31.520000457763672
2024-12-04 05:00:00+00:00,31.559999465942383
2024-12-04 06:00:00+00:00,31.530000686645508
2024-12-04 07:00:00+00:00,31.450000762939453
2024-12-04 08:00:00+00:00,31.3799991607666
2024-12-04 09:00:00+00:00,31.31999969482422
2024-12-04 10:00:00+00:00,31.34000015258789
2024-12-04 11:00:00+00:00,31.375
2024-12-04 12:00:00+00:00,31.145000457763672
2024-12-04 13:00:00+00:00,31.389999389648438
2024-12-04 14:00:00+00:00,31.760000228881836
2024-12-04 15:00:00+00:00,31.975000381469727
2024-12-04 16:00:00+00:00,31.864999771118164
2024-12-04 17:00:00+00:00,31.920000076293945
2024-12-04 18:00:00+00:00,31.809999465942383
2024-12-04 19:00:00+00:00,31.850000381469727
2024-12-04 20:00:00+00:00,31.829999923706055
2024-12-04 21:00:00+00:00,31.834999084472656
2024-12-04 23:00:00+00:00,31.854999542236328
2024-12-05 00:00:00+00:00,31.854999542236328
2024-12-05 01:00:00+00:00,31.770000457763672
2024-12-05 02:00:00+00:00,31.684999465942383
2024-12-05 03:00:00+00:00,31.795000076293945
2024-12-05 04:00:00+00:00,31.7450008392334
2024-12-05 05:00:00+00:00,31.84000015258789
2024-12-05 06:00:00+00:00,31.760000228881836
2024-12-05 07:00:00+00:00,31.780000686645508
2024-12-05 08:00:00+00:00,31.790000915527344
2024-12-05 09:00:00+00:00,31.84000015258789
2024-12-05 10:00:00+00:00,31.860000610351562
2024-12-05 11:00:00+00:00,31.860000610351562
2024-12-05 12:00:00+00:00,31.8799991607666
2024-12-05 13:00:00+00:00,31.895000457763672
2024-12-05 14:00:00+00:00,31.71500015258789
2024-12-05 15:00:00+00:00,31.68000030517578
2024-12-05 16:00:00+00:00,31.68000030517578
2024-12-05 17:00:00+00:00,31.584999084472656
2024-12-05 18:00:00+00:00,31.6200008392334
2024-12-05 19:00:00+00:00,31.739999771118164
2024-12-05 20:00:00+00:00,31.825000762939453
2024-12-05 21:00:00+00:00,31.825000762939453
2024-12-05 23:00:00+00:00,31.84000015258789
2024-12-06 00:00:00+00:00,31.719999313354492
2024-12-06 01:00:00+00:00,31.46500015258789
2024-12-06 02:00:00+00:00,31.655000686645508
2024-12-06 03:00:00+00:00,31.8700008392334
2024-12-06 04:00:00+00:00,31.905000686645508
2024-12-06 05:00:00+00:00,31.815000534057617
2024-12-06 06:00:00+00:00,31.799999237060547
2024-12-06 07:00:00+00:00,31.760000228881836
2024-12-06 08:00:00+00:00,31.850000381469727
2024-12-06 09:00:00+00:00,31.825000762939453
2024-12-06 10:00:00+00:00,31.684999465942383
2024-12-06 11:00:00+00:00,31.65999984741211
2024-12-06 12:00:00+00:00,31.674999237060547
2024-12-06 13:00:00+00:00,31.75
2024-12-06 14:00:00+00:00,31.545000076293945
2024-12-06 15:00:00+00:00,31.600000381469727
2024-12-06 16:00:00+00:00,31.674999237060547
2024-12-06 17:00:00+00:00,31.55500030517578
2024-12-06 18:00:00+00:00,31.545000076293945
2024-12-06 19:00:00+00:00,31.5
2024-12-06 20:00:00+00:00,31.5
2024-12-06 21:00:00+00:00,31.485000610351562
2024-12-08 23:00:00+00:00,31.59000015258789
2024-12-09 00:00:00+00:00,31.489999771118164
2024-12-09 01:00:00+00:00,31.735000610351562
2024-12-09 02:00:00+00:00,31.610000610351562
2024-12-09 03:00:00+00:00,31.475000381469727
2024-12-09 04:00:00+00:00,31.440000534057617
2024-12-09 05:00:00+00:00,31.479999542236328
2024-12-09 06:00:00+00:00,31.639999389648438
2024-12-09 07:00:00+00:00,31.829999923706055
2024-12-09 08:00:00+00:00,31.860000610351562
2024-12-09 09:00:00+00:00,31.93000030517578
2024-12-09 10:00:00+00:00,32.185001373291016
2024-12-09 11:00:00+00:00,32.22999954223633
2024-12-09 12:00:00+00:00,32.349998474121094
2024-12-09 13:00:00+00:00,32.724998474121094
2024-12-09 14:00:00+00:00,32.880001068115234
2024-12-09 15:00:00+00:00,32.75
2024-12-09 16:00:00+00:00,32.73500061035156
2024-12-09 17:00:00+00:00,32.65999984741211
2024-12-09 18:00:00+00:00,32.525001525878906
2024-12-09 19:00:00+00:00,32.470001220703125
2024-12-09 20:00:00+00:00,32.40999984741211
2024-12-09 21:00:00+00:00,32.45000076293945
2024-12-09 23:00:00+00:00,32.525001525878906
2024-12-10 00:00:00+00:00,32.58000183105469
2024-12-10 01:00:00+00:00,32.54499816894531
2024-12-10 02:00:00+00:00,32.61000061035156
2024-12-10 03:00:00+00:00,32.6150016784668
2024-12-10 04:00:00+00:00,32.59000015258789
2024-12-10 05:00:00+00:00,32.55500030517578
2024-12-10 06:00:00+00:00,32.529998779296875
2024-12-10 07:00:00+00:00,32.3650016784668
2024-12-10 08:00:00+00:00,32.415000915527344
2024-12-10 09:00:00+00:00,32.415000915527344
2024-12-10 10:00:00+00:00,32.5
2024-12-10 11:00:00+00:00,32.54499816894531
2024-12-10 12:00:00+00:00,32.59000015258789
2024-12-10 13:00:00+00:00,32.599998474121094
2024-12-10 14:00:00+00:00,32.75
2024-12-10 15:00:00+00:00,32.64500045776367
2024-12-10 16:00:00+00:00,32.68000030517578
2024-12-10 17:00:00+00:00,32.72999954223633
2024-12-10 18:00:00+00:00,32.70500183105469
2024-12-10 19:00:00+00:00,32.6150016784668
2024-12-10 20:00:00+00:00,32.55500030517578
2024-12-10 21:00:00+00:00,32.650001525878906
2024-12-10 23:00:00+00:00,32.654998779296875
2024-12-11 00:00:00+00:00,32.755001068115234
2024-12-11 01:00:00+00:00,32.78499984741211
2024-12-11 02:00:00+00:00,32.79499816894531
2024-12-11 03:00:00+00:00,32.71500015258789
2024-12-11 04:00:00+00:00,32.71500015258789
2024-12-11 05:00:00+00:00,32.599998474121094
2024-12-11 06:00:00+00:00,32.650001525878906
2024-12-11 07:00:00+00:00,32.459999084472656
2024-12-11 08:00:00+00:00,32.6349983215332
2024-12-11 09:00:00+00:00,32.584999084472656
2024-12-11 10:00:00+00:00,32.55500030517578
2024-12-11 11:00:00+00:00,32.59000015258789
2024-12-11 12:00:00+00:00,32.584999084472656
2024-12-11 13:00:00+00:00,32.564998626708984
2024-12-11 14:00:00+00:00,32.849998474121094
2024-12-11 15:00:00+00:00,33.029998779296875
2024-12-11 16:00:00+00:00,33.029998779296875
2024-12-11 17:00:00+00:00,32.93000030517578
2024-12-11 18:00:00+00:00,32.755001068115234
2024-12-11 19:00:00+00:00,32.814998626708984
2024-12-11 20:00:00+00:00,32.7599983215332
2024-12-11 21:00:00+00:00,32.790000915527344
2024-12-11 23:00:00+00:00,32.845001220703125
2024-12-12 00:00:00+00:00,32.97999954223633
2024-12-12 01:00:00+00:00,32.8650016784668
2024-12-12 02:00:00+00:00,32.86000061035156
2024-12-12 03:00:00+00:00,32.95000076293945
2024-12-12 04:00:00+00:00,32.97999954223633
2024-12-12 05:00:00+00:00,33.08000183105469
2024-12-12 06:00:00+00:00,33.07500076293945
2024-12-12 07:00:00+00:00,33.05500030517578
2024-12-12 08:00:00+00:00,33.255001068115234
2024-12-12 09:00:00+00:00,33.185001373291016
2024-12-12 10:00:00+00:00,32.959999084472656
2024-12-12 11:00:00+00:00,32.834999084472656
2024-12-12 12:00:00+00:00,32.67499923706055
2024-12-12 13:00:00+00:00,32.54999923706055
2024-12-12 14:00:00+00:00,32.040000915527344
2024-12-12 15:00:00+00:00,31.594999313354492
2024-12-12 16:00:00+00:00,31.700000762939453
2024-12-12 17:00:00+00:00,31.700000762939453
2024-12-12 18:00:00+00:00,31.665000915527344
2024-12-12 19:00:00+00:00,31.604999542236328
2024-12-12 20:00:00+00:00,31.56999969482422
2024-12-12 21:00:00+00:00,31.565000534057617
2024-12-12 23:00:00+00:00,31.475000381469727
2024-12-13 00:00:00+00:00,31.530000686645508
2024-12-13 01:00:00+00:00,31.510000228881836
2024-12-13 02:00:00+00:00,31.434999465942383
2024-12-13 03:00:00+00:00,31.424999237060547
2024-12-13 04:00:00+00:00,31.450000762939453
2024-12-13 05:00:00+00:00,31.469999313354492
2024-12-13 06:00:00+00:00,31.440000534057617
2024-12-13 07:00:00+00:00,31.3799991607666
2024-12-13 08:00:00+00:00,31.295000076293945
2024-12-13 09:00:00+00:00,31.21500015258789
2024-12-13 10:00:00+00:00,31.30500030517578
2024-12-13 11:00:00+00:00,31.25
2024-12-13 12:00:00+00:00,31.350000381469727
2024-12-13 13:00:00+00:00,31.040000915527344
2024-12-13 14:00:00+00:00,31.010000228881836
2024-12-13 15:00:00+00:00,31.010000228881836
2024-12-13 16:00:00+00:00,30.975000381469727
2024-12-13 17:00:00+00:00,30.9950008392334
2024-12-13 18:00:00+00:00,31.0049991607666
2024-12-13 19:00:00+00:00,30.959999084472656
2024-12-13 20:00:00+00:00,30.959999084472656
2024-12-13 21:00:00+00:00,31.010000228881836
2024-12-15 23:00:00+00:00,31.059999465942383
2024-12-16 00:00:00+00:00,31.014999389648438
2024-12-16 01:00:00+00:00,31.045000076293945
2024-12-16 02:00:00+00:00,30.959999084472656
2024-12-16 03:00:00+00:00,30.985000610351562
2024-12-16 04:00:00+00:00,30.985000610351562
2024-12-16 05:00:00+00:00,31.049999237060547
2024-12-16 06:00:00+00:00,31.05500030517578
2024-12-16 07:00:00+00:00,31.100000381469727
2024-12-16 08:00:00+00:00,31.114999771118164
2024-12-16 09:00:00+00:00,31.125
2024-12-16 10:00:00+00:00,31.09000015258789
2024-12-16 11:00:00+00:00,31.145000457763672
2024-12-16 12:00:00+00:00,31.1200008392334
2024-12-16 13:00:00+00:00,31.204999923706055
2024-12-16 14:00:00+00:00,31.079999923706055
2024-12-16 15:00:00+00:00,31.09000015258789
2024-12-16 16:00:00+00:00,31.079999923706055
2024-12-16 17:00:00+00:00,31.065000534057617
2024-12-16 18:00:00+00:00,31.110000610351562
2024-12-16 19:00:00+00:00,31.065000534057617
2024-12-16 20:00:00+00:00,31.045000076293945
2024-12-16 21:00:00+00:00,31.040000915527344
2024-12-16 23:00:00+00:00,31.024999618530273
2024-12-17 00:00:00+00:00,31.06999969482422
2024-12-17 01:00:00+00:00,31.100000381469727
2024-12-17 02:00:00+00:00,30.975000381469727
2024-12-17 03:00:00+00:00,30.979999542236328
2024-12-17 04:00:00+00:00,30.920000076293945
2024-12-17 05:00:00+00:00,30.950000762939453
2024-12-17 06:00:00+00:00,30.895000457763672
2024-12-17 07:00:00+00:00,30.975000381469727
2024-12-17 08:00:00+00:00,30.739999771118164
2024-12-17 09:00:00+00:00,30.7549991607666
2024-12-17 10:00:00+00:00,30.665000915527344
2024-12-17 11:00:00+00:00,30.7549991607666
2024-12-17 12:00:00+00:00,30.729999542236328
2024-12-17 13:00:00+00:00,30.665000915527344
2024-12-17 14:00:00+00:00,30.65999984741211
2024-12-17 15:00:00+00:00,30.850000381469727
2024-12-17 16:00:00+00:00,30.905000686645508
2024-12-17 17:00:00+00:00,30.959999084472656
2024-12-17 18:00:00+00:00,30.9950008392334
2024-12-17 19:00:00+00:00,30.950000762939453
2024-12-17 20:00:00+00:00,30.969999313354492
2024-12-17 21:00:00+00:00,31.0
2024-12-17 23:00:00+00:00,30.969999313354492
2024-12-18 00:00:00+00:00,30.9950008392334
2024-12-18 01:00:00+00:00,31.020000457763672
2024-12-18 02:00:00+00:00,30.920000076293945
2024-12-18 03:00:00+00:00,30.844999313354492
2024-12-18 04:00:00+00:00,30.850000381469727
2024-12-18 05:00:00+00:00,30.905000686645508
2024-12-18 06:00:00+00:00,30.8799991607666
2024-12-18 07:00:00+00:00,30.854999542236328
2024-12-18 08:00:00+00:00,30.860000610351562
2024-12-18 09:00:00+00:00,30.885000228881836
2024-12-18 10:00:00+00:00,30.895000457763672
2024-12-18 11:00:00+00:00,30.84000015258789
2024-12-18 12:00:00+00:00,30.834999084472656
2024-12-18 13:00:00+00:00,30.84000015258789
2024-12-18 14:00:00+00:00,30.725000381469727
2024-12-18 15:00:00+00:00,30.71500015258789
2024-12-18 16:00:00+00:00,30.635000228881836
2024-12-18 17:00:00+00:00,30.700000762939453
2024-12-18 18:00:00+00:00,30.709999084472656
2024-12-18 19:00:00+00:00,30.264999389648438
2024-12-18 20:00:00+00:00,29.934999465942383
2024-12-18 21:00:00+00:00,29.80500030517578
2024-12-18 23:00:00+00:00,29.764999389648438
2024-12-19 00:00:00+00:00,30.03499984741211
2024-12-19 01:00:00+00:00,29.93000030517578
2024-12-19 02:00:00+00:00,29.934999465942383
2024-12-19 03:00:00+00:00,29.889999389648438
2024-12-19 04:00:00+00:00,29.854999542236328
2024-12-19 05:00:00+00:00,29.8700008392334
2024-12-19 06:00:00+00:00,29.985000610351562
2024-12-19 07:00:00+00:00,29.9950008392334
2024-12-19 08:00:00+00:00,30.024999618530273
2024-12-19 09:00:00+00:00,29.989999771118164
2024-12-19 10:00:00+00:00,29.969999313354492
2024-12-19 11:00:00+00:00,29.96500015258789
2024-12-19 12:00:00+00:00,29.764999389648438
2024-12-19 13:00:00+00:00,29.540000915527344
2024-12-19 14:00:00+00:00,29.3700008392334
2024-12-19 15:00:00+00:00,29.219999313354492
2024-12-19 16:00:00+00:00,29.270000457763672
2024-12-19 17:00:00+00:00,29.344999313354492
2024-12-19 18:00:00+00:00,29.489999771118164
2024-12-19 19:00:00+00:00,29.469999313354492
2024-12-19 20:00:00+00:00,29.540000915527344
2024-12-19 21:00:00+00:00,29.475000381469727
2024-12-19 23:00:00+00:00,29.459999084472656
2024-12-20 00:00:00+00:00,29.375
2024-12-20 01:00:00+00:00,29.475000381469727
2024-12-20 02:00:00+00:00,29.364999771118164
2024-12-20 03:00:00+00:00,29.34000015258789
2024-12-20 04:00:00+00:00,29.389999389648438
2024-12-20 05:00:00+00:00,29.415000915527344
2024-12-20 06:00:00+00:00,29.489999771118164
2024-12-20 07:00:00+00:00,29.43000030517578
2024-12-20 08:00:00+00:00,29.364999771118164
2024-12-20 09:00:00+00:00,29.30500030517578
2024-12-20 10:00:00+00:00,29.235000610351562
2024-12-20 11:00:00+00:00,29.2549991607666
2024-12-20 12:00:00+00:00,29.28499984741211
2024-12-20 13:00:00+00:00,29.405000686645508
2024-12-20 14:00:00+00:00,29.635000228881836
2024-12-20 15:00:00+00:00,30.0
2024-12-20 16:00:00+00:00,29.940000534057617
2024-12-20 17:00:00+00:00,29.96500015258789
2024-12-20 18:00:00+00:00,30.149999618530273
2024-12-20 19:00:00+00:00,30.15999984741211
2024-12-20 20:00:00+00:00,30.125
2024-12-20 21:00:00+00:00,30.075000762939453
2024-12-22 23:00:00+00:00,30.165000915527344
2024-12-23 00:00:00+00:00,30.06999969482422
2024-12-23 01:00:00+00:00,30.110000610351562
2024-12-23 02:00:00+00:00,30.21500015258789
2024-12-23 03:00:00+00:00,30.149999618530273
2024-12-23 04:00:00+00:00,30.15999984741211
2024-12-23 05:00:00+00:00,30.165000915527344
2024-12-23 06:00:00+00:00,30.25
2024-12-23 07:00:00+00:00,30.274999618530273
2024-12-23 08:00:00+00:00,30.270000457763672
2024-12-23 09:00:00+00:00,30.219999313354492
2024-12-23 10:00:00+00:00,30.155000686645508
2024-12-23 11:00:00+00:00,30.139999389648438
2024-12-23 12:00:00+00:00,30.15999984741211
2024-12-23 13:00:00+00:00,30.135000228881836
2024-12-23 14:00:00+00:00,30.1200008392334
2024-12-23 15:00:00+00:00,30.1299991607666
2024-12-23 16:00:00+00:00,30.274999618530273
2024-12-23 17:00:00+00:00,30.204999923706055
2024-12-23 18:00:00+00:00,30.225000381469727
2024-12-23 19:00:00+00:00,30.239999771118164
2024-12-23 20:00:00+00:00,30.225000381469727
2024-12-23 21:00:00+00:00,30.225000381469727
2024-12-23 23:00:00+00:00,30.2450008392334
2024-12-24 00:00:00+00:00,30.219999313354492
2024-12-24 01:00:00+00:00,30.274999618530273
2024-12-24 02:00:00+00:00,30.280000686645508
2024-12-24 03:00:00+00:00,30.28499984741211
2024-12-24 04:00:00+00:00,30.329999923706055
2024-12-24 14:30:00+00:00,30.18000030517578
2024-12-24 15:30:00+00:00,30.149999618530273
2024-12-24 16:30:00+00:00,30.235000610351562
2024-12-24 17:30:00+00:00,30.264999389648438
2024-12-26 05:00:00+00:00,30.25
2024-12-26 06:00:00+00:00,30.229999542236328
2024-12-26 07:00:00+00:00,30.204999923706055
2024-12-26 08:00:00+00:00,30.229999542236328
2024-12-26 09:00:00+00:00,30.280000686645508
2024-12-26 10:00:00+00:00,30.329999923706055
2024-12-26 11:00:00+00:00,30.309999465942383
2024-12-26 12:00:00+00:00,30.329999923706055
2024-12-26 13:00:00+00:00,30.364999771118164
2024-12-26 14:00:00+00:00,30.40999984741211
2024-12-26 15:00:00+00:00,30.43000030517578
2024-12-26 16:00:00+00:00,30.334999084472656
2024-12-26 17:00:00+00:00,30.260000228881836
2024-12-26 18:00:00+00:00,30.309999465942383
2024-12-26 19:00:00+00:00,30.375
2024-12-26 20:00:00+00:00,30.405000686645508
2024-12-26 21:00:00+00:00,30.40999984741211
2024-12-26 23:00:00+00:00,30.405000686645508
2024-12-27 00:00:00+00:00,30.360000610351562
2024-12-27 01:00:00+00:00,30.3700008392334
2024-12-27 02:00:00+00:00,30.44499969482422
2024-12-27 03:00:00+00:00,30.44499969482422
2024-12-27 04:00:00+00:00,30.3700008392334
2024-12-27 05:00:00+00:00,30.360000610351562
2024-12-27 06:00:00+00:00,30.360000610351562
2024-12-27 07:00:00+00:00,30.315000534057617
2024-12-27 08:00:00+00:00,30.2450008392334
2024-12-27 09:00:00+00:00,30.18000030517578
2024-12-27 10:00:00+00:00,30.139999389648438
2024-12-27 11:00:00+00:00,30.21500015258789
2024-12-27 12:00:00+00:00,30.110000610351562
2024-12-27 13:00:00+00:00,29.9950008392334
2024-12-27 14:00:00+00:00,30.024999618530273
2024-12-27 15:00:00+00:00,30.024999618530273
2024-12-27 16:00:00+00:00,29.979999542236328
2024-12-27 17:00:00+00:00,29.950000762939453
2024-12-27 18:00:00+00:00,30.010000228881836
2024-12-27 19:00:00+00:00,30.049999237060547
2024-12-27 20:00:00+00:00,29.959999084472656
2024-12-27 21:00:00+00:00,29.975000381469727
2024-12-29 23:00:00+00:00,30.020000457763672
2024-12-30 00:00:00+00:00,29.985000610351562
2024-12-30 01:00:00+00:00,30.014999389648438
2024-12-30 02:00:00+00:00,29.979999542236328
2024-12-30 03:00:00+00:00,30.05500030517578
2024-12-30 04:00:00+00:00,30.020000457763672
2024-12-30 05:00:00+00:00,30.03499984741211
2024-12-30 06:00:00+00:00,30.0
2024-12-30 07:00:00+00:00,30.0049991607666
2024-12-30 08:00:00+00:00,29.889999389648438
2024-12-30 09:00:00+00:00,29.959999084472656
2024-12-30 10:00:00+00:00,29.924999237060547
2024-12-30 11:00:00+00:00,30.03499984741211
2024-12-30 12:00:00+00:00,30.03499984741211
2024-12-30 13:00:00+00:00,29.635000228881836
2024-12-30 14:00:00+00:00,29.68000030517578
2024-12-30 15:00:00+00:00,29.364999771118164
2024-12-30 16:00:00+00:00,29.375
2024-12-30 17:00:00+00:00,29.43000030517578
2024-12-30 18:00:00+00:00,29.43000030517578
2024-12-30 19:00:00+00:00,29.43000030517578
2024-12-30 20:00:00+00:00,29.434999465942383
2024-12-30 21:00:00+00:00,29.375
2024-12-30 23:00:00+00:00,29.3700008392334
2024-12-31 00:00:00+00:00,29.3799991607666
2024-12-31 01:00:00+00:00,29.389999389648438
2024-12-31 02:00:00+00:00,29.350000381469727
2024-12-31 03:00:00+00:00,29.299999237060547
2024-12-31 04:00:00+00:00,29.325000762939453
2024-12-31 05:00:00+00:00,29.270000457763672
2024-12-31 06:00:00+00:00,29.295000076293945
2024-12-31 07:00:00+00:00,29.389999389648438
2024-12-31 08:00:00+00:00,29.415000915527344
2024-12-31 09:00:00+00:00,29.440000534057617
2024-12-31 10:00:00+00:00,29.420000076293945
2024-12-31 11:00:00+00:00,29.3700008392334
2024-12-31 12:00:00+00:00,29.344999313354492
2024-12-31 13:00:00+00:00,29.329999923706055
2024-12-31 14:00:00+00:00,29.350000381469727
2024-12-31 15:00:00+00:00,29.34000015258789
2024-12-31 16:00:00+00:00,29.290000915527344
2024-12-31 17:00:00+00:00,29.2549991607666
2024-12-31 18:00:00+00:00,29.21500015258789
2024-12-31 19:00:00+00:00,29.264999389648438
2024-12-31 20:00:00+00:00,29.280000686645508
2024-12-31 21:00:00+00:00,29.290000915527344
2025-01-02 05:00:00+00:00,29.735000610351562
2025-01-02 06:00:00+00:00,29.780000686645508
2025-01-02 07:00:00+00:00,29.719999313354492
2025-01-02 08:00:00+00:00,29.690000534057617
2025-01-02 09:00:00+00:00,29.709999084472656
2025-01-02 10:00:00+00:00,29.799999237060547
2025-01-02 11:00:00+00:00,29.81999969482422
2025-01-02 12:00:00+00:00,29.834999084472656
2025-01-02 13:00:00+00:00,29.71500015258789
2025-01-02 14:00:00+00:00,29.799999237060547
2025-01-02 15:00:00+00:00,29.899999618530273
2025-01-02 16:00:00+00:00,30.024999618530273
2025-01-02 17:00:00+00:00,29.954999923706055
2025-01-02 18:00:00+00:00,29.8700008392334
2025-01-02 19:00:00+00:00,29.860000610351562
2025-01-02 20:00:00+00:00,29.985000610351562
2025-01-02 21:00:00+00:00,29.985000610351562
2025-01-02 23:00:00+00:00,29.954999923706055
2025-01-03 00:00:00+00:00,30.014999389648438
2025-01-03 01:00:00+00:00,29.979999542236328
2025-01-03 02:00:00+00:00,30.03499984741211
2025-01-03 03:00:00+00:00,30.030000686645508
2025-01-03 04:00:00+00:00,30.045000076293945
2025-01-03 05:00:00+00:00,29.9950008392334
2025-01-03 06:00:00+00:00,30.030000686645508
2025-01-03 07:00:00+00:00,30.05500030517578
2025-01-03 08:00:00+00:00,30.045000076293945
2025-01-03 09:00:00+00:00,30.135000228881836
2025-01-03 10:00:00+00:00,30.15999984741211
2025-01-03 11:00:00+00:00,30.2450008392334
2025-01-03 12:00:00+00:00,30.229999542236328
2025-01-03 13:00:00+00:00,30.31999969482422
2025-01-03 14:00:00+00:00,30.30500030517578
2025-01-03 15:00:00+00:00,30.229999542236328
2025-01-03 16:00:00+00:00,30.165000915527344
2025-01-03 17:00:00+00:00,30.040000915527344
2025-01-03 18:00:00+00:00,30.145000457763672
2025-01-03 19:00:00+00:00,30.110000610351562
2025-01-03 20:00:00+00:00,30.09000015258789
2025-01-03 21:00:00+00:00,30.100000381469727
2025-01-05 23:00:00+00:00,30.094999313354492
2025-01-06 00:00:00+00:00,30.145000457763672
2025-01-06 01:00:00+00:00,30.094999313354492
2025-01-06 02:00:00+00:00,30.174999237060547
2025-01-06 03:00:00+00:00,30.05500030517578
2025-01-06 04:00:00+00:00,30.030000686645508
2025-01-06 05:00:00+00:00,29.969999313354492
2025-01-06 06:00:00+00:00,30.024999618530273
2025-01-06 07:00:00+00:00,30.079999923706055
2025-01-06 08:00:00+00:00,30.260000228881836
2025-01-06 09:00:00+00:00,30.264999389648438
2025-01-06 10:00:00+00:00,30.229999542236328
2025-01-06 11:00:00+00:00,30.8799991607666
2025-01-06 12:00:00+00:00,30.8799991607666
2025-01-06 13:00:00+00:00,30.44499969482422
2025-01-06 14:00:00+00:00,30.5049991607666
2025-01-06 15:00:00+00:00,30.625
2025-01-06 16:00:00+00:00,30.690000534057617
2025-01-06 17:00:00+00:00,30.604999542236328
2025-01-06 18:00:00+00:00,30.4950008392334
2025-01-06 19:00:00+00:00,30.475000381469727
2025-01-06 20:00:00+00:00,30.440000534057617
2025-01-06 21:00:00+00:00,30.485000610351562
2025-01-06 23:00:00+00:00,30.469999313354492
2025-01-07 00:00:00+00:00,30.469999313354492
2025-01-07 01:00:00+00:00,30.55500030517578
2025-01-07 02:00:00+00:00,30.5
2025-01-07 03:00:00+00:00,30.584999084472656
2025-01-07 04:00:00+00:00,30.55500030517578
2025-01-07 05:00:00+00:00,30.674999237060547
2025-01-07 06:00:00+00:00,30.6299991607666
2025-01-07 07:00:00+00:00,30.729999542236328
2025-01-07 08:00:00+00:00,30.78499984741211
2025-01-07 09:00:00+00:00,30.790000915527344
2025-01-07 10:00:00+00:00,30.815000534057617
2025-01-07 11:00:00+00:00,30.84000015258789
2025-01-07 12:00:00+00:00,30.860000610351562
2025-01-07 13:00:00+00:00,31.0049991607666
2025-01-07 14:00:00+00:00,30.905000686645508
2025-01-07 15:00:00+00:00,30.690000534057617
2025-01-07 16:00:00+00:00,30.670000076293945
2025-01-07 17:00:00+00:00,30.719999313354492
2025-01-07 18:00:00+00:00,30.670000076293945
2025-01-07 19:00:00+00:00,30.704999923706055
2025-01-07 20:00:00+00:00,30.655000686645508
2025-01-07 21:00:00+00:00,30.665000915527344
2025-01-07 23:00:00+00:00,30.69499969482422
2025-01-08 00:00:00+00:00,30.71500015258789
2025-01-08 01:00:00+00:00,30.725000381469727
2025-01-08 02:00:00+00:00,30.735000610351562
2025-01-08 03:00:00+00:00,30.625
2025-01-08 04:00:00+00:00,30.635000228881836
2025-01-08 05:00:00+00:00,30.719999313354492
2025-01-08 06:00:00+00:00,30.739999771118164
2025-01-08 07:00:00+00:00,30.639999389648438
2025-01-08 08:00:00+00:00,30.700000762939453
2025-01-08 09:00:00+00:00,30.809999465942383
2025-01-08 10:00:00+00:00,30.81999969482422
2025-01-08 11:00:00+00:00,30.735000610351562
2025-01-08 12:00:00+00:00,30.670000076293945
2025-01-08 13:00:00+00:00,30.790000915527344
2025-01-08 14:00:00+00:00,30.860000610351562
2025-01-08 15:00:00+00:00,30.825000762939453
2025-01-08 16:00:00+00:00,30.905000686645508
2025-01-08 17:00:00+00:00,30.645000457763672
2025-01-08 18:00:00+00:00,30.625
2025-01-08 19:00:00+00:00,30.704999923706055
2025-01-08 20:00:00+00:00,30.764999389648438
2025-01-08 21:00:00+00:00,30.7450008392334
2025-01-08 23:00:00+00:00,30.760000228881836
2025-01-09 00:00:00+00:00,30.69499969482422
2025-01-09 01:00:00+00:00,30.725000381469727
2025-01-09 02:00:00+00:00,30.729999542236328
2025-01-09 03:00:00+00:00,30.725000381469727
2025-01-09 04:00:00+00:00,30.7450008392334
2025-01-09 05:00:00+00:00,30.75
2025-01-09 06:00:00+00:00,30.80500030517578
2025-01-09 07:00:00+00:00,30.700000762939453
2025-01-09 08:00:00+00:00,30.889999389648438
2025-01-09 09:00:00+00:00,30.895000457763672
2025-01-09 10:00:00+00:00,30.934999465942383
2025-01-09 11:00:00+00:00,31.0049991607666
2025-01-09 12:00:00+00:00,31.084999084472656
2025-01-09 13:00:00+00:00,31.104999542236328
2025-01-09 14:00:00+00:00,31.15999984741211
2025-01-09 15:00:00+00:00,31.010000228881836
2025-01-09 16:00:00+00:00,30.989999771118164
2025-01-09 17:00:00+00:00,30.979999542236328
2025-01-09 18:00:00+00:00,30.9950008392334
2025-01-09 19:00:00+00:00,30.985000610351562
2025-01-09 20:00:00+00:00,31.0049991607666
2025-01-09 21:00:00+00:00,31.030000686645508
2025-01-09 23:00:00+00:00,31.014999389648438
2025-01-10 00:00:00+00:00,31.059999465942383
2025-01-10 01:00:00+00:00,31.084999084472656
2025-01-10 02:00:00+00:00,31.145000457763672
2025-01-10 03:00:00+00:00,31.15999984741211
2025-01-10 04:00:00+00:00,31.114999771118164
2025-01-10 05:00:00+00:00,31.135000228881836
2025-01-10 06:00:00+00:00,31.149999618530273
2025-01-10 07:00:00+00:00,31.094999313354492
2025-01-10 08:00:00+00:00,31.155000686645508
2025-01-10 09:00:00+00:00,31.145000457763672
2025-01-10 10:00:00+00:00,31.200000762939453
2025-01-10 11:00:00+00:00,31.21500015258789
2025-01-10 12:00:00+00:00,31.149999618530273
2025-01-10 13:00:00+00:00,31.19499969482422
2025-01-10 14:00:00+00:00,31.559999465942383
2025-01-10 15:00:00+00:00,31.325000762939453
2025-01-10 16:00:00+00:00,31.415000915527344
2025-01-10 17:00:00+00:00,31.3799991607666
2025-01-10 18:00:00+00:00,31.354999542236328
2025-01-10 19:00:00+00:00,31.31999969482422
2025-01-10 20:00:00+00:00,31.270000457763672
2025-01-10 21:00:00+00:00,31.299999237060547
2025-01-12 23:00:00+00:00,31.3799991607666
2025-01-13 00:00:00+00:00,31.354999542236328
2025-01-13 01:00:00+00:00,31.25
2025-01-13 02:00:00+00:00,31.30500030517578
2025-01-13 03:00:00+00:00,31.209999084472656
2025-01-13 04:00:00+00:00,31.18000030517578
2025-01-13 05:00:00+00:00,31.18000030517578
2025-01-13 06:00:00+00:00,31.2450008392334
2025-01-13 07:00:00+00:00,31.184999465942383
2025-01-13 08:00:00+00:00,31.209999084472656
2025-01-13 09:00:00+00:00,30.8799991607666
2025-01-13 10:00:00+00:00,30.864999771118164
2025-01-13 11:00:00+00:00,30.690000534057617
2025-01-13 12:00:00+00:00,30.549999237060547
2025-01-13 13:00:00+00:00,30.389999389648438
2025-01-13 14:00:00+00:00,30.5
2025-01-13 15:00:00+00:00,30.264999389648438
2025-01-13 16:00:00+00:00,30.28499984741211
2025-01-13 17:00:00+00:00,30.350000381469727
2025-01-13 18:00:00+00:00,30.28499984741211
2025-01-13 19:00:00+00:00,30.28499984741211
2025-01-13 20:00:00+00:00,30.264999389648438
2025-01-13 21:00:00+00:00,30.295000076293945
2025-01-13 23:00:00+00:00,30.325000762939453
2025-01-14 00:00:00+00:00,30.31999969482422
2025-01-14 01:00:00+00:00,30.295000076293945
2025-01-14 02:00:00+00:00,30.264999389648438
2025-01-14 03:00:00+00:00,30.30500030517578
2025-01-14 04:00:00+00:00,30.354999542236328
2025-01-14 05:00:00+00:00,30.264999389648438
2025-01-14 06:00:00+00:00,30.31999969482422
2025-01-14 07:00:00+00:00,30.360000610351562
2025-01-14 08:00:00+00:00,30.354999542236328
2025-01-14 09:00:00+00:00,30.31999969482422
2025-01-14 10:00:00+00:00,30.31999969482422
2025-01-14 11:00:00+00:00,30.3700008392334
2025-01-14 12:00:00+00:00,30.309999465942383
2025-01-14 13:00:00+00:00,30.334999084472656
2025-01-14 14:00:00+00:00,30.354999542236328
2025-01-14 15:00:00+00:00,30.530000686645508
2025-01-14 16:00:00+00:00,30.43000030517578
2025-01-14 17:00:00+00:00,30.405000686645508
2025-01-14 18:00:00+00:00,30.489999771118164
2025-01-14 19:00:00+00:00,30.454999923706055
2025-01-14 20:00:00+00:00,30.540000915527344
2025-01-14 21:00:00+00:00,30.55500030517578
2025-01-14 23:00:00+00:00,30.514999389648438
2025-01-15 00:00:00+00:00,30.44499969482422
2025-01-15 01:00:00+00:00,30.389999389648438
2025-01-15 02:00:00+00:00,30.450000762939453
2025-01-15 03:00:00+00:00,30.454999923706055
2025-01-15 04:00:00+00:00,30.385000228881836
2025-01-15 05:00:00+00:00,30.43000030517578
2025-01-15 06:00:00+00:00,30.530000686645508
2025-01-15 07:00:00+00:00,30.584999084472656
2025-01-15 08:00:00+00:00,30.665000915527344
2025-01-15 09:00:00+00:00,30.780000686645508
2025-01-15 10:00:00+00:00,30.7549991607666
2025-01-15 11:00:00+00:00,30.739999771118164
2025-01-15 12:00:00+00:00,30.6299991607666
2025-01-15 13:00:00+00:00,31.075000762939453
2025-01-15 14:00:00+00:00,31.09000015258789
2025-01-15 15:00:00+00:00,31.05500030517578
2025-01-15 16:00:00+00:00,31.334999084472656
2025-01-15 17:00:00+00:00,31.489999771118164
2025-01-15 18:00:00+00:00,31.549999237060547
2025-01-15 19:00:00+00:00,31.604999542236328
2025-01-15 20:00:00+00:00,31.600000381469727
2025-01-15 21:00:00+00:00,31.600000381469727
2025-01-15 23:00:00+00:00,31.600000381469727
2025-01-16 00:00:00+00:00,31.55500030517578
2025-01-16 01:00:00+00:00,31.725000381469727
2025-01-16 02:00:00+00:00,31.639999389648438
2025-01-16 03:00:00+00:00,31.645000457763672
2025-01-16 04:00:00+00:00,31.645000457763672
2025-01-16 05:00:00+00:00,31.559999465942383
2025-01-16 06:00:00+00:00,31.65999984741211
2025-01-16 07:00:00+00:00,31.8700008392334
2025-01-16 08:00:00+00:00,31.84000015258789
2025-01-16 09:00:00+00:00,31.905000686645508
2025-01-16 10:00:00+00:00,31.860000610351562
2025-01-16 11:00:00+00:00,31.854999542236328
2025-01-16 12:00:00+00:00,31.665000915527344
2025-01-16 13:00:00+00:00,31.844999313354492
2025-01-16 14:00:00+00:00,31.764999389648438
2025-01-16 15:00:00+00:00,31.809999465942383
2025-01-16 16:00:00+00:00,31.84000015258789
2025-01-16 17:00:00+00:00,31.780000686645508
2025-01-16 18:00:00+00:00,31.635000228881836
2025-01-16 19:00:00+00:00,31.655000686645508
2025-01-16 20:00:00+00:00,31.604999542236328
2025-01-16 21:00:00+00:00,31.610000610351562
2025-01-16 23:00:00+00:00,31.53499984741211
2025-01-17 00:00:00+00:00,31.625
2025-01-17 01:00:00+00:00,31.59000015258789
2025-01-17 02:00:00+00:00,31.575000762939453
2025-01-17 03:00:00+00:00,31.584999084472656
2025-01-17 04:00:00+00:00,31.524999618530273
2025-01-17 05:00:00+00:00,31.415000915527344
2025-01-17 06:00:00+00:00,31.459999084472656
2025-01-17 07:00:00+00:00,31.389999389648438
2025-01-17 08:00:00+00:00,31.354999542236328
2025-01-17 09:00:00+00:00,31.225000381469727
2025-01-17 10:00:00+00:00,31.260000228881836
2025-01-17 11:00:00+00:00,31.405000686645508
2025-01-17 12:00:00+00:00,31.34000015258789
2025-01-17 13:00:00+00:00,30.975000381469727
2025-01-17 14:00:00+00:00,31.155000686645508
2025-01-17 15:00:00+00:00,31.125
2025-01-17 16:00:00+00:00,31.280000686645508
2025-01-17 17:00:00+00:00,31.18000030517578
2025-01-17 18:00:00+00:00,31.09000015258789
2025-01-17 19:00:00+00:00,30.989999771118164
2025-01-17 20:00:00+00:00,31.040000915527344
2025-01-17 21:00:00+00:00,31.045000076293945
2025-01-19 23:00:00+00:00,31.024999618530273
2025-01-20 00:00:00+00:00,31.05500030517578
2025-01-20 01:00:00+00:00,30.989999771118164
2025-01-20 02:00:00+00:00,31.0
2025-01-20 03:00:00+00:00,31.184999465942383
2025-01-20 04:00:00+00:00,31.25
2025-01-21 05:00:00+00:00,31.415000915527344
2025-01-21 06:00:00+00:00,31.274999618530273
2025-01-21 07:00:00+00:00,31.2549991607666
2025-01-21 08:00:00+00:00,31.075000762939453
2025-01-21 09:00:00+00:00,31.094999313354492
2025-01-21 10:00:00+00:00,31.094999313354492
2025-01-21 11:00:00+00:00,31.165000915527344
2025-01-21 12:00:00+00:00,31.204999923706055
2025-01-21 13:00:00+00:00,31.149999618530273
2025-01-21 14:00:00+00:00,31.385000228881836
2025-01-21 15:00:00+00:00,31.360000610351562
2025-01-21 16:00:00+00:00,31.514999389648438
2025-01-21 17:00:00+00:00,31.454999923706055
2025-01-21 18:00:00+00:00,31.559999465942383
2025-01-21 19:00:00+00:00,31.489999771118164
2025-01-21 20:00:00+00:00,31.5049991607666
2025-01-21 21:00:00+00:00,31.55500030517578
2025-01-21 23:00:00+00:00,31.469999313354492
2025-01-22 00:00:00+00:00,31.549999237060547
2025-01-22 01:00:00+00:00,31.520000457763672
2025-01-22 02:00:00+00:00,31.55500030517578
2025-01-22 03:00:00+00:00,31.600000381469727
2025-01-22 04:00:00+00:00,31.6299991607666
2025-01-22 05:00:00+00:00,31.68000030517578
2025-01-22 06:00:00+00:00,31.514999389648438
2025-01-22 07:00:00+00:00,31.489999771118164
2025-01-22 08:00:00+00:00,31.55500030517578
2025-01-22 09:00:00+00:00,31.610000610351562
2025-01-22 10:00:00+00:00,31.579999923706055
2025-01-22 11:00:00+00:00,31.5049991607666
2025-01-22 12:00:00+00:00,31.459999084472656
2025-01-22 13:00:00+00:00,31.405000686645508
2025-01-22 14:00:00+00:00,31.235000610351562
2025-01-22 15:00:00+00:00,31.299999237060547
2025-01-22 16:00:00+00:00,31.364999771118164
2025-01-22 17:00:00+00:00,31.385000228881836
2025-01-22 18:00:00+00:00,31.46500015258789
2025-01-22 19:00:00+00:00,31.434999465942383
2025-01-22 20:00:00+00:00,31.389999389648438
2025-01-22 21:00:00+00:00,31.389999389648438
2025-01-22 23:00:00+00:00,31.31999969482422
2025-01-23 00:00:00+00:00,31.364999771118164
2025-01-23 01:00:00+00:00,31.225000381469727
2025-01-23 02:00:00+00:00,31.219999313354492
2025-01-23 03:00:00+00:00,31.135000228881836
2025-01-23 04:00:00+00:00,31.200000762939453
2025-01-23 05:00:00+00:00,31.204999923706055
2025-01-23 06:00:00+00:00,31.184999465942383
2025-01-23 07:00:00+00:00,31.165000915527344
2025-01-23 08:00:00+00:00,31.059999465942383
2025-01-23 09:00:00+00:00,31.065000534057617
2025-01-23 10:00:00+00:00,31.1200008392334
2025-01-23 11:00:00+00:00,31.040000915527344
2025-01-23 12:00:00+00:00,30.84000015258789
2025-01-23 13:00:00+00:00,30.639999389648438
2025-01-23 14:00:00+00:00,30.625
2025-01-23 15:00:00+00:00,30.520000457763672
2025-01-23 16:00:00+00:00,30.704999923706055
2025-01-23 17:00:00+00:00,30.84000015258789
2025-01-23 18:00:00+00:00,30.84000015258789
2025-01-23 19:00:00+00:00,30.825000762939453
2025-01-23 20:00:00+00:00,30.864999771118164
2025-01-23 21:00:00+00:00,30.844999313354492
2025-01-23 23:00:00+00:00,30.850000381469727
2025-01-24 00:00:00+00:00,30.864999771118164
2025-01-24 01:00:00+00:00,31.09000015258789
2025-01-24 02:00:00+00:00,31.260000228881836
2025-01-24 03:00:00+00:00,31.25
2025-01-24 04:00:00+00:00,31.270000457763672
2025-01-24 05:00:00+00:00,31.299999237060547
2025-01-24 06:00:00+00:00,31.28499984741211
2025-01-24 07:00:00+00:00,31.270000457763672
2025-01-24 08:00:00+00:00,31.360000610351562
2025-01-24 09:00:00+00:00,31.325000762939453
2025-01-24 10:00:00+00:00,31.389999389648438
2025-01-24 11:00:00+00:00,31.354999542236328
2025-01-24 12:00:00+00:00,31.385000228881836
2025-01-24 13:00:00+00:00,31.520000457763672
2025-01-24 14:00:00+00:00,31.18000030517578
2025-01-24 15:00:00+00:00,31.184999465942383
2025-01-24 16:00:00+00:00,31.209999084472656
2025-01-24 17:00:00+00:00,31.174999237060547
2025-01-24 18:00:00+00:00,31.184999465942383
2025-01-24 19:00:00+00:00,31.18000030517578
2025-01-24 20:00:00+00:00,31.114999771118164
2025-01-24 21:00:00+00:00,31.049999237060547
2025-01-26 23:00:00+00:00,30.920000076293945
2025-01-27 00:00:00+00:00,30.93000030517578
2025-01-27 01:00:00+00:00,30.770000457763672
2025-01-27 02:00:00+00:00,30.65999984741211
2025-01-27 03:00:00+00:00,30.7549991607666
2025-01-27 04:00:00+00:00,30.704999923706055
2025-01-27 05:00:00+00:00,30.649999618530273
2025-01-27 06:00:00+00:00,30.674999237060547
2025-01-27 07:00:00+00:00,30.530000686645508
2025-01-27 08:00:00+00:00,30.635000228881836
2025-01-27 09:00:00+00:00,30.80500030517578
2025-01-27 10:00:00+00:00,30.860000610351562
2025-01-27 11:00:00+00:00,30.959999084472656
2025-01-27 12:00:00+00:00,30.899999618530273
2025-01-27 13:00:00+00:00,30.815000534057617
2025-01-27 14:00:00+00:00,30.774999618530273
2025-01-27 15:00:00+00:00,30.75
2025-01-27 16:00:00+00:00,30.209999084472656
2025-01-27 17:00:00+00:00,30.360000610351562
2025-01-27 18:00:00+00:00,30.450000762939453
2025-01-27 19:00:00+00:00,30.530000686645508
2025-01-27 20:00:00+00:00,30.545000076293945
2025-01-27 21:00:00+00:00,30.575000762939453
2025-01-27 23:00:00+00:00,30.575000762939453
2025-01-28 00:00:00+00:00,30.545000076293945
2025-01-28 01:00:00+00:00,30.520000457763672
2025-01-28 02:00:00+00:00,30.44499969482422
2025-01-28 03:00:00+00:00,30.440000534057617
2025-01-28 04:00:00+00:00,30.4950008392334
2025-01-28 05:00:00+00:00,30.4950008392334
2025-01-28 06:00:00+00:00,30.3799991607666
2025-01-28 07:00:00+00:00,30.315000534057617
2025-01-28 08:00:00+00:00,30.389999389648438
2025-01-28 09:00:00+00:00,30.510000228881836
2025-01-28 10:00:00+00:00,30.549999237060547
2025-01-28 11:00:00+00:00,30.549999237060547
2025-01-28 12:00:00+00:00,30.575000762939453
2025-01-28 13:00:00+00:00,30.575000762939453
2025-01-28 14:00:00+00:00,30.56999969482422
2025-01-28 15:00:00+00:00,30.78499984741211
2025-01-28 16:00:00+00:00,30.844999313354492
2025-01-28 17:00:00+00:00,30.84000015258789
2025-01-28 18:00:00+00:00,30.924999237060547
2025-01-28 19:00:00+00:00,30.950000762939453
2025-01-28 20:00:00+00:00,30.90999984741211
2025-01-28 21:00:00+00:00,30.940000534057617
2025-01-28 23:00:00+00:00,30.905000686645508
2025-01-29 00:00:00+00:00,30.915000915527344
2025-01-29 01:00:00+00:00,30.8799991607666
2025-01-29 02:00:00+00:00,30.90999984741211
2025-01-29 03:00:00+00:00,30.864999771118164
2025-01-29 04:00:00+00:00,30.905000686645508
2025-01-29 05:00:00+00:00,30.850000381469727
2025-01-29 06:00:00+00:00,30.844999313354492
2025-01-29 07:00:00+00:00,30.84000015258789
2025-01-29 08:00:00+00:00,30.959999084472656
2025-01-29 09:00:00+00:00,30.905000686645508
2025-01-29 10:00:00+00:00,30.950000762939453
2025-01-29 11:00:00+00:00,31.020000457763672
2025-01-29 12:00:00+00:00,31.09000015258789
2025-01-29 13:00:00+00:00,31.135000228881836
2025-01-29 14:00:00+00:00,31.700000762939453
2025-01-29 15:00:00+00:00,31.690000534057617
2025-01-29 16:00:00+00:00,31.559999465942383
2025-01-29 17:00:00+00:00,31.44499969482422
2025-01-29 18:00:00+00:00,31.385000228881836
2025-01-29 19:00:00+00:00,31.4950008392334
2025-01-29 20:00:00+00:00,31.5049991607666
2025-01-29 21:00:00+00:00,31.575000762939453
2025-01-29 23:00:00+00:00,31.6299991607666
2025-01-30 00:00:00+00:00,31.65999984741211
2025-01-30 01:00:00+00:00,31.614999771118164
2025-01-30 02:00:00+00:00,31.610000610351562
2025-01-30 03:00:00+00:00,31.665000915527344
2025-01-30 04:00:00+00:00,31.614999771118164
2025-01-30 05:00:00+00:00,31.625
2025-01-30 06:00:00+00:00,31.704999923706055
2025-01-30 07:00:00+00:00,31.8799991607666
2025-01-30 08:00:00+00:00,32.0
2025-01-30 09:00:00+00:00,32.0
2025-01-30 10:00:00+00:00,32.005001068115234
2025-01-30 11:00:00+00:00,32.005001068115234
2025-01-30 12:00:00+00:00,32.02000045776367
2025-01-30 13:00:00+00:00,32.349998474121094
2025-01-30 14:00:00+00:00,32.525001525878906
2025-01-30 15:00:00+00:00,32.68000030517578
2025-01-30 16:00:00+00:00,32.3849983215332
2025-01-30 17:00:00+00:00,32.48500061035156
2025-01-30 18:00:00+00:00,32.5099983215332
2025-01-30 19:00:00+00:00,32.53499984741211
2025-01-30 20:00:00+00:00,32.57500076293945
2025-01-30 21:00:00+00:00,32.77000045776367
2025-01-30 23:00:00+00:00,32.81999969482422
2025-01-31 00:00:00+00:00,32.7400016784668
2025-01-31 01:00:00+00:00,32.724998474121094
2025-01-31 02:00:00+00:00,32.65999984741211
2025-01-31 03:00:00+00:00,32.834999084472656
2025-01-31 04:00:00+00:00,32.75
2025-01-31 05:00:00+00:00,32.71500015258789
2025-01-31 06:00:00+00:00,32.709999084472656
2025-01-31 07:00:00+00:00,32.69499969482422
2025-01-31 08:00:00+00:00,32.63999938964844
2025-01-31 09:00:00+00:00,32.69499969482422
2025-01-31 10:00:00+00:00,32.64500045776367
2025-01-31 11:00:00+00:00,32.65999984741211
2025-01-31 12:00:00+00:00,32.65999984741211
2025-01-31 13:00:00+00:00,32.70000076293945
2025-01-31 14:00:00+00:00,32.64500045776367
2025-01-31 15:00:00+00:00,32.540000915527344
2025-01-31 16:00:00+00:00,32.459999084472656
2025-01-31 17:00:00+00:00,32.29999923706055
2025-01-31 18:00:00+00:00,32.25
2025-01-31 19:00:00+00:00,32.185001373291016
2025-01-31 20:00:00+00:00,32.23500061035156
2025-01-31 21:00:00+00:00,32.23500061035156
2025-02-02 23:00:00+00:00,32.290000915527344
2025-02-03 00:00:00+00:00,32.255001068115234
2025-02-03 01:00:00+00:00,31.9950008392334
2025-02-03 02:00:00+00:00,31.770000457763672
2025-02-03 03:00:00+00:00,31.725000381469727
2025-02-03 04:00:00+00:00,31.780000686645508
2025-02-03 05:00:00+00:00,31.81999969482422
2025-02-03 06:00:00+00:00,32.02000045776367
2025-02-03 07:00:00+00:00,31.924999237060547
2025-02-03 08:00:00+00:00,32.01499938964844
2025-02-03 09:00:00+00:00,32.060001373291016
2025-02-03 10:00:00+00:00,32.1349983215332
2025-02-03 11:00:00+00:00,32.21500015258789
2025-02-03 12:00:00+00:00,32.31999969482422
2025-02-03 13:00:00+00:00,32.29499816894531
2025-02-03 14:00:00+00:00,32.63999938964844
2025-02-03 15:00:00+00:00,32.30500030517578
2025-02-03 16:00:00+00:00,32.42499923706055
2025-02-03 17:00:00+00:00,32.4900016784668
2025-02-03 18:00:00+00:00,32.529998779296875
2025-02-03 19:00:00+00:00,32.595001220703125
2025-02-03 20:00:00+00:00,32.505001068115234
2025-02-03 21:00:00+00:00,32.54999923706055
2025-02-03 23:00:00+00:00,32.45500183105469
2025-02-04 00:00:00+00:00,32.45000076293945
2025-02-04 01:00:00+00:00,32.525001525878906
2025-02-04 02:00:00+00:00,32.53499984741211
2025-02-04 03:00:00+00:00,32.42499923706055
2025-02-04 04:00:00+00:00,32.349998474121094
2025-02-04 05:00:00+00:00,32.345001220703125
2025-02-04 06:00:00+00:00,32.3650016784668
2025-02-04 07:00:00+00:00,32.38999938964844
2025-02-04 08:00:00+00:00,32.375
2025-02-04 09:00:00+00:00,32.36000061035156
2025-02-04 10:00:00+00:00,32.34000015258789
2025-02-04 11:00:00+00:00,32.29499816894531
2025-02-04 12:00:00+00:00,32.3849983215332
2025-02-04 13:00:00+00:00,32.619998931884766
2025-02-04 14:00:00+00:00,32.91999816894531
2025-02-04 15:00:00+00:00,32.814998626708984
2025-02-04 16:00:00+00:00,33.0
2025-02-04 17:00:00+00:00,33.05500030517578
2025-02-04 18:00:00+00:00,32.98500061035156
2025-02-04 19:00:00+00:00,32.939998626708984
2025-02-04 20:00:00+00:00,32.900001525878906
2025-02-04 21:00:00+00:00,32.880001068115234
2025-02-04 23:00:00+00:00,32.79999923706055
2025-02-05 00:00:00+00:00,32.724998474121094
2025-02-05 01:00:00+00:00,32.724998474121094
2025-02-05 02:00:00+00:00,32.82500076293945
2025-02-05 03:00:00+00:00,32.88999938964844
2025-02-05 04:00:00+00:00,32.92499923706055
2025-02-05 05:00:00+00:00,32.939998626708984
2025-02-05 06:00:00+00:00,32.915000915527344
2025-02-05 07:00:00+00:00,32.9900016784668
2025-02-05 08:00:00+00:00,33.084999084472656
2025-02-05 09:00:00+00:00,33.130001068115234
2025-02-05 10:00:00+00:00,32.95500183105469
2025-02-05 11:00:00+00:00,32.939998626708984
2025-02-05 12:00:00+00:00,33.025001525878906
2025-02-05 13:00:00+00:00,32.70500183105469
2025-02-05 14:00:00+00:00,32.935001373291016
2025-02-05 15:00:00+00:00,33.060001373291016
2025-02-05 16:00:00+00:00,32.9900016784668
2025-02-05 17:00:00+00:00,33.0099983215332
2025-02-05 18:00:00+00:00,32.83000183105469
2025-02-05 19:00:00+00:00,32.78499984741211
2025-02-05 20:00:00+00:00,32.71500015258789
2025-02-05 21:00:00+00:00,32.744998931884766
2025-02-05 23:00:00+00:00,32.775001525878906
2025-02-06 00:00:00+00:00,32.86000061035156
2025-02-06 01:00:00+00:00,32.875
2025-02-06 02:00:00+00:00,32.790000915527344
2025-02-06 03:00:00+00:00,32.72999954223633
2025-02-06 04:00:00+00:00,32.70500183105469
2025-02-06 05:00:00+00:00,32.73500061035156
2025-02-06 06:00:00+00:00,32.619998931884766
2025-02-06 07:00:00+00:00,32.435001373291016
2025-02-06 08:00:00+00:00,32.5099983215332
2025-02-06 09:00:00+00:00,32.525001525878906
2025-02-06 10:00:00+00:00,32.43000030517578
2025-02-06 11:00:00+00:00,32.54499816894531
2025-02-06 12:00:00+00:00,32.564998626708984
2025-02-06 13:00:00+00:00,32.5
2025-02-06 14:00:00+00:00,32.244998931884766
2025-02-06 15:00:00+00:00,32.55500030517578
2025-02-06 16:00:00+00:00,32.599998474121094
2025-02-06 17:00:00+00:00,32.685001373291016
2025-02-06 18:00:00+00:00,32.665000915527344
2025-02-06 19:00:00+00:00,32.630001068115234
2025-02-06 20:00:00+00:00,32.689998626708984
2025-02-06 21:00:00+00:00,32.665000915527344
2025-02-06 23:00:00+00:00,32.68000030517578
2025-02-07 00:00:00+00:00,32.689998626708984
2025-02-07 01:00:00+00:00,32.78499984741211
2025-02-07 02:00:00+00:00,32.83000183105469
2025-02-07 03:00:00+00:00,32.810001373291016
2025-02-07 04:00:00+00:00,32.790000915527344
2025-02-07 05:00:00+00:00,32.689998626708984
2025-02-07 06:00:00+00:00,32.70500183105469
2025-02-07 07:00:00+00:00,32.755001068115234
2025-02-07 08:00:00+00:00,32.82500076293945
2025-02-07 09:00:00+00:00,32.790000915527344
2025-02-07 10:00:00+00:00,32.744998931884766
2025-02-07 11:00:00+00:00,32.75
2025-02-07 12:00:00+00:00,32.67499923706055
2025-02-07 13:00:00+00:00,32.7400016784668
2025-02-07 14:00:00+00:00,32.92499923706055
2025-02-07 15:00:00+00:00,32.959999084472656
2025-02-07 16:00:00+00:00,32.525001525878906
2025-02-07 17:00:00+00:00,32.41999816894531
2025-02-07 18:00:00+00:00,32.26499938964844
2025-02-07 19:00:00+00:00,32.2599983215332
2025-02-07 20:00:00+00:00,32.22999954223633
2025-02-07 21:00:00+00:00,32.185001373291016
2025-02-09 23:00:00+00:00,32.18000030517578
2025-02-10 00:00:00+00:00,32.31999969482422
2025-02-10 01:00:00+00:00,32.310001373291016
2025-02-10 02:00:00+00:00,32.36000061035156
2025-02-10 03:00:00+00:00,32.39500045776367
2025-02-10 04:00:00+00:00,32.41999816894531
2025-02-10 05:00:00+00:00,32.41999816894531
2025-02-10 06:00:00+00:00,32.474998474121094
2025-02-10 07:00:00+00:00,32.584999084472656
2025-02-10 08:00:00+00:00,32.625
2025-02-10 09:00:00+00:00,32.7599983215332
2025-02-10 10:00:00+00:00,32.77000045776367
2025-02-10 11:00:00+00:00,32.72999954223633
2025-02-10 12:00:00+00:00,32.64500045776367
2025-02-10 13:00:00+00:00,32.54999923706055
2025-02-10 14:00:00+00:00,32.685001373291016
2025-02-10 15:00:00+00:00,32.665000915527344
2025-02-10 16:00:00+00:00,32.5099983215332
2025-02-10 17:00:00+00:00,32.45000076293945
2025-02-10 18:00:00+00:00,32.47999954223633
2025-02-10 19:00:00+00:00,32.494998931884766
2025-02-10 20:00:00+00:00,32.4900016784668
2025-02-10 21:00:00+00:00,32.494998931884766
2025-02-10 23:00:00+00:00,32.46500015258789
2025-02-11 00:00:00+00:00,32.59000015258789
2025-02-11 01:00:00+00:00,32.53499984741211
2025-02-11 02:00:00+00:00,32.22999954223633
2025-02-11 03:00:00+00:00,32.310001373291016
2025-02-11 04:00:00+00:00,32.28499984741211
2025-02-11 05:00:00+00:00,32.33000183105469
2025-02-11 06:00:00+00:00,32.224998474121094
2025-02-11 07:00:00+00:00,32.224998474121094
2025-02-11 08:00:00+00:00,32.13999938964844
2025-02-11 09:00:00+00:00,32.18000030517578
2025-02-11 10:00:00+00:00,32.119998931884766
2025-02-11 11:00:00+00:00,32.17499923706055
2025-02-11 12:00:00+00:00,32.0
2025-02-11 13:00:00+00:00,31.959999084472656
2025-02-11 14:00:00+00:00,32.18000030517578
2025-02-11 15:00:00+00:00,32.349998474121094
2025-02-11 16:00:00+00:00,32.314998626708984
2025-02-11 17:00:00+00:00,32.33000183105469
2025-02-11 18:00:00+00:00,32.31999969482422
2025-02-11 19:00:00+00:00,32.310001373291016
2025-02-11 20:00:00+00:00,32.25
2025-02-11 21:00:00+00:00,32.255001068115234
2025-02-11 23:00:00+00:00,32.279998779296875
2025-02-12 00:00:00+00:00,32.220001220703125
2025-02-12 01:00:00+00:00,32.2400016784668
2025-02-12 02:00:00+00:00,32.310001373291016
2025-02-12 03:00:00+00:00,32.27000045776367
2025-02-12 04:00:00+00:00,32.185001373291016
2025-02-12 05:00:00+00:00,32.189998626708984
2025-02-12 06:00:00+00:00,32.28499984741211
2025-02-12 07:00:00+00:00,32.29499816894531
2025-02-12 08:00:00+00:00,32.18000030517578
2025-02-12 09:00:00+00:00,32.1150016784668
2025-02-12 10:00:00+00:00,32.1150016784668
2025-02-12 11:00:00+00:00,32.165000915527344
2025-02-12 12:00:00+00:00,32.165000915527344
2025-02-12 13:00:00+00:00,32.42499923706055
2025-02-12 14:00:00+00:00,32.54499816894531
2025-02-12 15:00:00+00:00,32.67499923706055
2025-02-12 16:00:00+00:00,32.720001220703125
2025-02-12 17:00:00+00:00,32.85499954223633
2025-02-12 18:00:00+00:00,32.744998931884766
2025-02-12 19:00:00+00:00,32.68000030517578
2025-02-12 20:00:00+00:00,32.69499969482422
2025-02-12 21:00:00+00:00,32.70500183105469
2025-02-12 23:00:00+00:00,32.7400016784668
2025-02-13 00:00:00+00:00,32.77000045776367
2025-02-13 01:00:00+00:00,32.720001220703125
2025-02-13 02:00:00+00:00,32.790000915527344
2025-02-13 03:00:00+00:00,32.86000061035156
2025-02-13 04:00:00+00:00,32.89500045776367
2025-02-13 05:00:00+00:00,32.869998931884766
2025-02-13 06:00:00+00:00,32.849998474121094
2025-02-13 07:00:00+00:00,32.904998779296875
2025-02-13 08:00:00+00:00,32.790000915527344
2025-02-13 09:00:00+00:00,32.834999084472656
2025-02-13 10:00:00+00:00,32.845001220703125
2025-02-13 11:00:00+00:00,32.814998626708984
2025-02-13 12:00:00+00:00,32.810001373291016
2025-02-13 13:00:00+00:00,32.55500030517578
2025-02-13 14:00:00+00:00,32.564998626708984
2025-02-13 15:00:00+00:00,32.709999084472656
2025-02-13 16:00:00+00:00,32.665000915527344
2025-02-13 17:00:00+00:00,32.70500183105469
2025-02-13 18:00:00+00:00,32.775001525878906
2025-02-13 19:00:00+00:00,32.88999938964844
2025-02-13 20:00:00+00:00,32.98500061035156
2025-02-13 21:00:00+00:00,32.974998474121094
2025-02-13 23:00:00+00:00,33.01499938964844
2025-02-14 00:00:00+00:00,32.939998626708984
2025-02-14 01:00:00+00:00,33.275001525878906
2025-02-14 02:00:00+00:00,33.279998779296875
2025-02-14 03:00:00+00:00,33.18000030517578
2025-02-14 04:00:00+00:00,33.290000915527344
2025-02-14 05:00:00+00:00,33.525001525878906
2025-02-14 06:00:00+00:00,33.79499816894531
2025-02-14 07:00:00+00:00,33.834999084472656
2025-02-14 08:00:00+00:00,33.974998474121094
2025-02-14 09:00:00+00:00,34.060001373291016
2025-02-14 10:00:00+00:00,34.130001068115234
2025-02-14 11:00:00+00:00,33.935001373291016
2025-02-14 12:00:00+00:00,33.98500061035156
2025-02-14 13:00:00+00:00,33.7400016784668
2025-02-14 14:00:00+00:00,33.84000015258789
2025-02-14 15:00:00+00:00,33.2599983215332
2025-02-14 16:00:00+00:00,32.904998779296875
2025-02-14 17:00:00+00:00,32.900001525878906
2025-02-14 18:00:00+00:00,32.779998779296875
2025-02-14 19:00:00+00:00,32.7400016784668
2025-02-14 20:00:00+00:00,32.685001373291016
2025-02-14 21:00:00+00:00,32.654998779296875
2025-02-16 23:00:00+00:00,32.560001373291016
2025-02-17 00:00:00+00:00,32.599998474121094
2025-02-17 01:00:00+00:00,32.744998931884766
2025-02-17 02:00:00+00:00,32.814998626708984
2025-02-17 03:00:00+00:00,32.85499954223633
2025-02-17 04:00:00+00:00,32.78499984741211
2025-02-18 05:00:00+00:00,32.875
2025-02-18 06:00:00+00:00,32.95000076293945
2025-02-18 07:00:00+00:00,32.904998779296875
2025-02-18 08:00:00+00:00,33.01499938964844
2025-02-18 09:00:00+00:00,33.03499984741211
2025-02-18 10:00:00+00:00,33.0099983215332
2025-02-18 11:00:00+00:00,33.0
2025-02-18 12:00:00+00:00,32.994998931884766
2025-02-18 13:00:00+00:00,33.060001373291016
2025-02-18 14:00:00+00:00,33.185001373291016
2025-02-18 15:00:00+00:00,33.189998626708984
2025-02-18 16:00:00+00:00,33.439998626708984
2025-02-18 17:00:00+00:00,33.3849983215332
2025-02-18 18:00:00+00:00,33.435001373291016
2025-02-18 19:00:00+00:00,33.40999984741211
2025-02-18 20:00:00+00:00,33.400001525878906
2025-02-18 21:00:00+00:00,33.415000915527344
2025-02-18 23:00:00+00:00,33.40999984741211
2025-02-19 00:00:00+00:00,33.400001525878906
2025-02-19 01:00:00+00:00,33.400001525878906
2025-02-19 02:00:00+00:00,33.224998474121094
2025-02-19 03:00:00+00:00,33.2400016784668
2025-02-19 04:00:00+00:00,33.2400016784668
2025-02-19 05:00:00+00:00,33.3650016784668
2025-02-19 06:00:00+00:00,33.33000183105469
2025-02-19 07:00:00+00:00,33.36000061035156
2025-02-19 08:00:00+00:00,33.4900016784668
2025-02-19 09:00:00+00:00,33.55500030517578
2025-02-19 10:00:00+00:00,33.560001373291016
2025-02-19 11:00:00+00:00,33.435001373291016
2025-02-19 12:00:00+00:00,33.36000061035156
2025-02-19 13:00:00+00:00,33.369998931884766
2025-02-19 14:00:00+00:00,33.119998931884766
2025-02-19 15:00:00+00:00,32.915000915527344
2025-02-19 16:00:00+00:00,33.064998626708984
2025-02-19 17:00:00+00:00,33.11000061035156
2025-02-19 18:00:00+00:00,33.099998474121094
2025-02-19 19:00:00+00:00,33.23500061035156
2025-02-19 20:00:00+00:00,33.189998626708984
2025-02-19 21:00:00+00:00,33.13999938964844
2025-02-19 23:00:00+00:00,33.150001525878906
2025-02-20 00:00:00+00:00,33.22999954223633
2025-02-20 01:00:00+00:00,33.125
2025-02-20 02:00:00+00:00,33.29499816894531
2025-02-20 03:00:00+00:00,33.31999969482422
2025-02-20 04:00:00+00:00,33.30500030517578
2025-02-20 05:00:00+00:00,33.380001068115234
2025-02-20 06:00:00+00:00,33.404998779296875
2025-02-20 07:00:00+00:00,33.48500061035156
2025-02-20 08:00:00+00:00,33.61000061035156
2025-02-20 09:00:00+00:00,33.685001373291016
2025-02-20 10:00:00+00:00,33.73500061035156
2025-02-20 11:00:00+00:00,33.63999938964844
2025-02-20 12:00:00+00:00,33.650001525878906
2025-02-20 13:00:00+00:00,33.47999954223633
2025-02-20 14:00:00+00:00,33.43000030517578
2025-02-20 15:00:00+00:00,33.435001373291016
2025-02-20 16:00:00+00:00,33.45500183105469
2025-02-20 17:00:00+00:00,33.4900016784668
2025-02-20 18:00:00+00:00,33.4900016784668
2025-02-20 19:00:00+00:00,33.42499923706055
2025-02-20 20:00:00+00:00,33.380001068115234
2025-02-20 21:00:00+00:00,33.45500183105469
2025-02-20 23:00:00+00:00,33.439998626708984
2025-02-21 00:00:00+00:00,33.369998931884766
2025-02-21 01:00:00+00:00,33.310001373291016
2025-02-21 02:00:00+00:00,33.45500183105469
2025-02-21 03:00:00+00:00,33.30500030517578
2025-02-21 04:00:00+00:00,33.20500183105469
2025-02-21 05:00:00+00:00,33.275001525878906
2025-02-21 06:00:00+00:00,33.33000183105469
2025-02-21 07:00:00+00:00,33.349998474121094
2025-02-21 08:00:00+00:00,33.165000915527344
2025-02-21 09:00:00+00:00,33.290000915527344
2025-02-21 10:00:00+00:00,33.345001220703125
2025-02-21 11:00:00+00:00,33.34000015258789
2025-02-21 12:00:00+00:00,33.29999923706055
2025-02-21 13:00:00+00:00,33.35499954223633
2025-02-21 14:00:00+00:00,33.26499938964844
2025-02-21 15:00:00+00:00,32.970001220703125
2025-02-21 16:00:00+00:00,33.04999923706055
2025-02-21 17:00:00+00:00,33.04499816894531
2025-02-21 18:00:00+00:00,33.1150016784668
2025-02-21 19:00:00+00:00,32.939998626708984
2025-02-21 20:00:00+00:00,32.90999984741211
2025-02-21 21:00:00+00:00,32.82500076293945
2025-02-23 23:00:00+00:00,32.94499969482422
2025-02-24 00:00:00+00:00,32.92499923706055
2025-02-24 01:00:00+00:00,32.875
2025-02-24 02:00:00+00:00,33.08000183105469
2025-02-24 03:00:00+00:00,33.03499984741211
2025-02-24 04:00:00+00:00,33.04499816894531
2025-02-24 05:00:00+00:00,32.959999084472656
2025-02-24 06:00:00+00:00,33.01499938964844
2025-02-24 07:00:00+00:00,32.959999084472656
2025-02-24 08:00:00+00:00,32.95500183105469
2025-02-24 09:00:00+00:00,32.89500045776367
2025-02-24 10:00:00+00:00,32.80500030517578
2025-02-24 11:00:00+00:00,32.880001068115234
2025-02-24 12:00:00+00:00,32.904998779296875
2025-02-24 13:00:00+00:00,33.0099983215332
2025-02-24 14:00:00+00:00,32.68000030517578
2025-02-24 15:00:00+00:00,32.5
2025-02-24 16:00:00+00:00,32.584999084472656
2025-02-24 17:00:00+00:00,32.599998474121094
2025-02-24 18:00:00+00:00,32.64500045776367
2025-02-24 19:00:00+00:00,32.689998626708984
2025-02-24 20:00:00+00:00,32.67499923706055
2025-02-24 21:00:00+00:00,32.71500015258789
2025-02-24 23:00:00+00:00,32.61000061035156
2025-02-25 00:00:00+00:00,32.599998474121094
2025-02-25 01:00:00+00:00,32.76499938964844
2025-02-25 02:00:00+00:00,32.77000045776367
2025-02-25 03:00:00+00:00,32.724998474121094
2025-02-25 04:00:00+00:00,32.6349983215332
2025-02-25 05:00:00+00:00,32.60499954223633
2025-02-25 06:00:00+00:00,32.59000015258789
2025-02-25 07:00:00+00:00,32.31999969482422
2025-02-25 08:00:00+00:00,32.53499984741211
2025-02-25 09:00:00+00:00,32.5099983215332
2025-02-25 10:00:00+00:00,32.470001220703125
2025-02-25 11:00:00+00:00,32.505001068115234
2025-02-25 12:00:00+00:00,32.20000076293945
2025-02-25 13:00:00+00:00,32.39500045776367
2025-02-25 14:00:00+00:00,32.32500076293945
2025-02-25 15:00:00+00:00,31.854999542236328
2025-02-25 16:00:00+00:00,31.795000076293945
2025-02-25 17:00:00+00:00,31.850000381469727
2025-02-25 18:00:00+00:00,31.889999389648438
2025-02-25 19:00:00+00:00,31.940000534057617
2025-02-25 20:00:00+00:00,31.969999313354492
2025-02-25 21:00:00+00:00,32.05500030517578
2025-02-25 23:00:00+00:00,32.1349983215332
2025-02-26 00:00:00+00:00,32.084999084472656
2025-02-26 01:00:00+00:00,32.07500076293945
2025-02-26 02:00:00+00:00,32.1349983215332
2025-02-26 03:00:00+00:00,32.1150016784668
2025-02-26 04:00:00+00:00,32.07500076293945
2025-02-26 05:00:00+00:00,32.119998931884766
2025-02-26 06:00:00+00:00,31.985000610351562
2025-02-26 07:00:00+00:00,32.099998474121094
2025-02-26 08:00:00+00:00,32.23500061035156
2025-02-26 09:00:00+00:00,32.099998474121094
2025-02-26 10:00:00+00:00,32.03499984741211
2025-02-26 11:00:00+00:00,32.03499984741211
2025-02-26 12:00:00+00:00,32.125
2025-02-26 13:00:00+00:00,32.0099983215332
2025-02-26 14:00:00+00:00,32.0
2025-02-26 15:00:00+00:00,32.19499969482422
2025-02-26 16:00:00+00:00,32.22999954223633
2025-02-26 17:00:00+00:00,32.25
2025-02-26 18:00:00+00:00,32.130001068115234
2025-02-26 19:00:00+00:00,32.119998931884766
2025-02-26 20:00:00+00:00,32.154998779296875
2025-02-26 21:00:00+00:00,32.224998474121094
2025-02-26 23:00:00+00:00,32.275001525878906
2025-02-27 00:00:00+00:00,32.224998474121094
2025-02-27 01:00:00+00:00,32.209999084472656
2025-02-27 02:00:00+00:00,32.06999969482422
2025-02-27 03:00:00+00:00,32.029998779296875
2025-02-27 04:00:00+00:00,31.979999542236328
2025-02-27 05:00:00+00:00,31.899999618530273
2025-02-27 06:00:00+00:00,32.029998779296875
2025-02-27 07:00:00+00:00,32.1150016784668
2025-02-27 08:00:00+00:00,32.2599983215332
2025-02-27 09:00:00+00:00,32.404998779296875
2025-02-27 10:00:00+00:00,32.470001220703125
2025-02-27 11:00:00+00:00,32.369998931884766
2025-02-27 12:00:00+00:00,32.5
2025-02-27 13:00:00+00:00,32.404998779296875
2025-02-27 14:00:00+00:00,32.02000045776367
2025-02-27 15:00:00+00:00,32.01499938964844
2025-02-27 16:00:00+00:00,32.04499816894531
2025-02-27 17:00:00+00:00,32.06999969482422
2025-02-27 18:00:00+00:00,32.084999084472656
2025-02-27 19:00:00+00:00,31.889999389648438
2025-02-27 20:00:00+00:00,31.795000076293945
2025-02-27 21:00:00+00:00,31.860000610351562
2025-02-27 23:00:00+00:00,31.809999465942383
2025-02-28 00:00:00+00:00,31.81999969482422
2025-02-28 01:00:00+00:00,31.825000762939453
2025-02-28 02:00:00+00:00,31.84000015258789
2025-02-28 03:00:00+00:00,31.774999618530273
2025-02-28 04:00:00+00:00,31.7549991607666
2025-02-28 05:00:00+00:00,31.770000457763672
2025-02-28 06:00:00+00:00,31.729999542236328
2025-02-28 07:00:00+00:00,31.635000228881836
2025-02-28 08:00:00+00:00,31.604999542236328
2025-02-28 09:00:00+00:00,31.674999237060547
2025-02-28 10:00:00+00:00,31.68000030517578
2025-02-28 11:00:00+00:00,31.729999542236328
2025-02-28 12:00:00+00:00,31.65999984741211
2025-02-28 13:00:00+00:00,31.575000762939453
2025-02-28 14:00:00+00:00,31.399999618530273
2025-02-28 15:00:00+00:00,31.719999313354492
2025-02-28 16:00:00+00:00,31.600000381469727
2025-02-28 17:00:00+00:00,31.530000686645508
2025-02-28 18:00:00+00:00,31.514999389648438
2025-02-28 19:00:00+00:00,31.625
2025-02-28 20:00:00+00:00,31.68000030517578
2025-02-28 21:00:00+00:00,31.704999923706055
2025-03-02 23:00:00+00:00,31.8799991607666
2025-03-03 00:00:00+00:00,31.774999618530273
2025-03-03 01:00:00+00:00,31.889999389648438
2025-03-03 02:00:00+00:00,31.864999771118164
2025-03-03 03:00:00+00:00,31.834999084472656
2025-03-03 04:00:00+00:00,31.844999313354492
2025-03-03 05:00:00+00:00,31.760000228881836
2025-03-03 06:00:00+00:00,31.760000228881836
2025-03-03 07:00:00+00:00,31.71500015258789
2025-03-03 08:00:00+00:00,31.864999771118164
2025-03-03 09:00:00+00:00,31.96500015258789
2025-03-03 10:00:00+00:00,32.029998779296875
2025-03-03 11:00:00+00:00,32.060001373291016
2025-03-03 12:00:00+00:00,32.244998931884766
2025-03-03 13:00:00+00:00,32.290000915527344
2025-03-03 14:00:00+00:00,32.290000915527344
2025-03-03 15:00:00+00:00,32.38999938964844
2025-03-03 16:00:00+00:00,32.415000915527344
2025-03-03 17:00:00+00:00,32.349998474121094
2025-03-03 18:00:00+00:00,32.025001525878906
2025-03-03 19:00:00+00:00,32.09000015258789
2025-03-03 20:00:00+00:00,32.16999816894531
2025-03-03 21:00:00+00:00,32.26499938964844
2025-03-03 23:00:00+00:00,32.22999954223633
2025-03-04 00:00:00+00:00,32.25
2025-03-04 01:00:00+00:00,32.1349983215332
2025-03-04 02:00:00+00:00,32.084999084472656
2025-03-04 03:00:00+00:00,32.189998626708984
2025-03-04 04:00:00+00:00,32.2400016784668
2025-03-04 05:00:00+00:00,32.27000045776367
2025-03-04 06:00:00+00:00,32.2599983215332
2025-03-04 07:00:00+00:00,32.30500030517578
2025-03-04 08:00:00+00:00,32.380001068115234
2025-03-04 09:00:00+00:00,32.51499938964844
2025-03-04 10:00:00+00:00,32.459999084472656
2025-03-04 11:00:00+00:00,32.51499938964844
2025-03-04 12:00:00+00:00,32.57500076293945
2025-03-04 13:00:00+00:00,32.41999816894531
2025-03-04 14:00:00+00:00,32.20000076293945
2025-03-04 15:00:00+00:00,32.11000061035156
2025-03-04 16:00:00+00:00,32.310001373291016
2025-03-04 17:00:00+00:00,32.33000183105469
2025-03-04 18:00:00+00:00,32.44499969482422
2025-03-04 19:00:00+00:00,32.54499816894531
2025-03-04 20:00:00+00:00,32.5
2025-03-04 21:00:00+00:00,32.56999969482422
2025-03-04 23:00:00+00:00,32.540000915527344
2025-03-05 00:00:00+00:00,32.494998931884766
2025-03-05 01:00:00+00:00,32.43000030517578
2025-03-05 02:00:00+00:00,32.45500183105469
2025-03-05 03:00:00+00:00,32.55500030517578
2025-03-05 04:00:00+00:00,32.58000183105469
2025-03-05 05:00:00+00:00,32.68000030517578
2025-03-05 06:00:00+00:00,32.689998626708984
2025-03-05 07:00:00+00:00,32.845001220703125
2025-03-05 08:00:00+00:00,32.935001373291016
2025-03-05 09:00:00+00:00,32.95500183105469
2025-03-05 10:00:00+00:00,32.86000061035156
2025-03-05 11:00:00+00:00,32.85499954223633
2025-03-05 12:00:00+00:00,32.915000915527344
2025-03-05 13:00:00+00:00,32.65999984741211
2025-03-05 14:00:00+00:00,32.915000915527344
2025-03-05 15:00:00+00:00,33.029998779296875
2025-03-05 16:00:00+00:00,33.08000183105469
2025-03-05 17:00:00+00:00,33.125
2025-03-05 18:00:00+00:00,33.1349983215332
2025-03-05 19:00:00+00:00,33.26499938964844
2025-03-05 20:00:00+00:00,33.29499816894531
2025-03-05 21:00:00+00:00,33.2400016784668
2025-03-05 23:00:00+00:00,33.22999954223633
2025-03-06 00:00:00+00:00,33.185001373291016
2025-03-06 01:00:00+00:00,33.2599983215332
2025-03-06 02:00:00+00:00,33.255001068115234
2025-03-06 03:00:00+00:00,33.20500183105469
2025-03-06 04:00:00+00:00,33.20000076293945
2025-03-06 05:00:00+00:00,33.154998779296875
2025-03-06 06:00:00+00:00,33.224998474121094
2025-03-06 07:00:00+00:00,33.095001220703125
2025-03-06 08:00:00+00:00,33.09000015258789
2025-03-06 09:00:00+00:00,32.92499923706055
2025-03-06 10:00:00+00:00,32.939998626708984
2025-03-06 11:00:00+00:00,33.040000915527344
2025-03-06 12:00:00+00:00,32.959999084472656
2025-03-06 13:00:00+00:00,32.97999954223633
2025-03-06 14:00:00+00:00,33.244998931884766
2025-03-06 15:00:00+00:00,33.255001068115234
2025-03-06 16:00:00+00:00,33.279998779296875
2025-03-06 17:00:00+00:00,33.20500183105469
2025-03-06 18:00:00+00:00,33.2400016784668
2025-03-06 19:00:00+00:00,33.189998626708984
2025-03-06 20:00:00+00:00,33.165000915527344
2025-03-06 21:00:00+00:00,33.209999084472656
2025-03-06 23:00:00+00:00,33.18000030517578
2025-03-07 00:00:00+00:00,33.16999816894531
2025-03-07 01:00:00+00:00,33.11000061035156
2025-03-07 02:00:00+00:00,33.21500015258789
2025-03-07 03:00:00+00:00,33.16999816894531
2025-03-07 04:00:00+00:00,33.18000030517578
2025-03-07 05:00:00+00:00,33.189998626708984
2025-03-07 06:00:00+00:00,33.16999816894531
2025-03-07 07:00:00+00:00,33.220001220703125
2025-03-07 08:00:00+00:00,33.275001525878906
2025-03-07 09:00:00+00:00,33.28499984741211
2025-03-07 10:00:00+00:00,33.18000030517578
2025-03-07 11:00:00+00:00,33.1150016784668
2025-03-07 12:00:00+00:00,32.974998474121094
2025-03-07 13:00:00+00:00,32.834999084472656
2025-03-07 14:00:00+00:00,33.099998474121094
2025-03-07 15:00:00+00:00,32.84000015258789
2025-03-07 16:00:00+00:00,32.68000030517578
2025-03-07 17:00:00+00:00,32.7599983215332
2025-03-07 18:00:00+00:00,32.8650016784668
2025-03-07 19:00:00+00:00,32.86000061035156
2025-03-07 20:00:00+00:00,32.935001373291016
2025-03-07 21:00:00+00:00,32.915000915527344
2025-03-09 22:00:00+00:00,32.915000915527344
2025-03-09 23:00:00+00:00,33.005001068115234
2025-03-10 00:00:00+00:00,33.0099983215332
2025-03-10 01:00:00+00:00,32.994998931884766
2025-03-10 02:00:00+00:00,32.8849983215332
2025-03-10 03:00:00+00:00,32.900001525878906
2025-03-10 04:00:00+00:00,32.904998779296875
2025-03-10 05:00:00+00:00,32.869998931884766
2025-03-10 06:00:00+00:00,32.95000076293945
2025-03-10 07:00:00+00:00,33.060001373291016
2025-03-10 08:00:00+00:00,32.814998626708984
2025-03-10 09:00:00+00:00,33.04499816894531
2025-03-10 10:00:00+00:00,32.90999984741211
2025-03-10 11:00:00+00:00,32.93000030517578
2025-03-10 12:00:00+00:00,33.0099983215332
2025-03-10 13:00:00+00:00,32.73500061035156
2025-03-10 14:00:00+00:00,32.63999938964844
2025-03-10 15:00:00+00:00,32.630001068115234
2025-03-10 16:00:00+00:00,32.5099983215332
2025-03-10 17:00:00+00:00,32.38999938964844
2025-03-10 18:00:00+00:00,32.36000061035156
2025-03-10 19:00:00+00:00,32.3849983215332
2025-03-10 20:00:00+00:00,32.45500183105469
2025-03-10 22:00:00+00:00,32.39500045776367
2025-03-10 23:00:00+00:00,32.38999938964844
2025-03-11 00:00:00+00:00,32.36000061035156
2025-03-11 01:00:00+00:00,32.415000915527344
2025-03-11 02:00:00+00:00,32.560001373291016
2025-03-11 03:00:00+00:00,32.56999969482422
2025-03-11 04:00:00+00:00,32.61000061035156
2025-03-11 05:00:00+00:00,32.525001525878906
2025-03-11 06:00:00+00:00,32.650001525878906
2025-03-11 07:00:00+00:00,32.65999984741211
2025-03-11 08:00:00+00:00,32.84000015258789
2025-03-11 09:00:00+00:00,32.94499969482422
2025-03-11 10:00:00+00:00,32.9900016784668
2025-03-11 11:00:00+00:00,32.994998931884766
2025-03-11 12:00:00+00:00,32.96500015258789
2025-03-11 13:00:00+00:00,33.21500015258789
2025-03-11 14:00:00+00:00,33.150001525878906
2025-03-11 15:00:00+00:00,33.18000030517578
2025-03-11 16:00:00+00:00,33.165000915527344
2025-03-11 17:00:00+00:00,33.185001373291016
2025-03-11 18:00:00+00:00,33.36000061035156
2025-03-11 19:00:00+00:00,33.3849983215332
2025-03-11 20:00:00+00:00,33.380001068115234
2025-03-11 22:00:00+00:00,33.39500045776367
2025-03-11 23:00:00+00:00,33.345001220703125
2025-03-12 00:00:00+00:00,33.290000915527344
2025-03-12 01:00:00+00:00,33.310001373291016
2025-03-12 02:00:00+00:00,33.290000915527344
2025-03-12 03:00:00+00:00,33.28499984741211
2025-03-12 04:00:00+00:00,33.27000045776367
2025-03-12 05:00:00+00:00,33.28499984741211
2025-03-12 06:00:00+00:00,33.20000076293945
2025-03-12 07:00:00+00:00,33.38999938964844
2025-03-12 08:00:00+00:00,33.494998931884766
2025-03-12 09:00:00+00:00,33.439998626708984
2025-03-12 10:00:00+00:00,33.45000076293945
2025-03-12 11:00:00+00:00,33.53499984741211
2025-03-12 12:00:00+00:00,33.67499923706055
2025-03-12 13:00:00+00:00,33.51499938964844
2025-03-12 14:00:00+00:00,33.595001220703125
2025-03-12 15:00:00+00:00,33.650001525878906
2025-03-12 16:00:00+00:00,33.69499969482422
2025-03-12 17:00:00+00:00,33.71500015258789
2025-03-12 18:00:00+00:00,33.775001525878906
2025-03-12 19:00:00+00:00,33.66999816894531
2025-03-12 20:00:00+00:00,33.724998474121094
2025-03-12 22:00:00+00:00,33.755001068115234
2025-03-12 23:00:00+00:00,33.775001525878906
2025-03-13 00:00:00+00:00,33.810001373291016
2025-03-13 01:00:00+00:00,33.7400016784668
2025-03-13 02:00:00+00:00,33.814998626708984
2025-03-13 03:00:00+00:00,33.7400016784668
2025-03-13 04:00:00+00:00,33.685001373291016
2025-03-13 05:00:00+00:00,33.56999969482422
2025-03-13 06:00:00+00:00,33.54499816894531
2025-03-13 07:00:00+00:00,33.46500015258789
2025-03-13 08:00:00+00:00,33.540000915527344
2025-03-13 09:00:00+00:00,33.665000915527344
2025-03-13 10:00:00+00:00,33.70500183105469
2025-03-13 11:00:00+00:00,33.69499969482422
2025-03-13 12:00:00+00:00,33.560001373291016
2025-03-13 13:00:00+00:00,33.689998626708984
2025-03-13 14:00:00+00:00,34.029998779296875
2025-03-13 15:00:00+00:00,34.61000061035156
2025-03-13 16:00:00+00:00,34.35499954223633
2025-03-13 17:00:00+00:00,34.26499938964844
2025-03-13 18:00:00+00:00,34.404998779296875
2025-03-13 19:00:00+00:00,34.380001068115234
2025-03-13 20:00:00+00:00,34.4900016784668
2025-03-13 22:00:00+00:00,34.529998779296875
2025-03-13 23:00:00+00:00,34.540000915527344
2025-03-14 00:00:00+00:00,34.43000030517578
2025-03-14 01:00:00+00:00,34.56999969482422
2025-03-14 02:00:00+00:00,34.525001525878906
2025-03-14 03:00:00+00:00,34.6349983215332
2025-03-14 04:00:00+00:00,34.564998626708984
2025-03-14 05:00:00+00:00,34.560001373291016
2025-03-14 06:00:00+00:00,34.58000183105469
2025-03-14 07:00:00+00:00,34.70000076293945
2025-03-14 08:00:00+00:00,34.775001525878906
2025-03-14 09:00:00+00:00,34.78499984741211
2025-03-14 10:00:00+00:00,34.66999816894531
2025-03-14 11:00:00+00:00,34.63999938964844
2025-03-14 12:00:00+00:00,34.720001220703125
2025-03-14 13:00:00+00:00,34.349998474121094
2025-03-14 14:00:00+00:00,34.290000915527344
2025-03-14 15:00:00+00:00,34.2400016784668
2025-03-14 16:00:00+00:00,34.375
2025-03-14 17:00:00+00:00,34.3650016784668
2025-03-14 18:00:00+00:00,34.310001373291016
2025-03-14 19:00:00+00:00,34.310001373291016
2025-03-14 20:00:00+00:00,34.3650016784668
2025-03-16 22:00:00+00:00,34.3849983215332
2025-03-16 23:00:00+00:00,34.3650016784668
2025-03-17 00:00:00+00:00,34.40999984741211
2025-03-17 01:00:00+00:00,34.3650016784668
2025-03-17 02:00:00+00:00,34.35499954223633
2025-03-17 03:00:00+00:00,34.32500076293945
2025-03-17 04:00:00+00:00,34.27000045776367
2025-03-17 05:00:00+00:00,34.34000015258789
2025-03-17 06:00:00+00:00,34.375
2025-03-17 07:00:00+00:00,34.27000045776367
2025-03-17 08:00:00+00:00,34.27000045776367
2025-03-17 09:00:00+00:00,34.33000183105469
2025-03-17 10:00:00+00:00,34.32500076293945
2025-03-17 11:00:00+00:00,34.30500030517578
2025-03-17 12:00:00+00:00,34.125
2025-03-17 13:00:00+00:00,34.17499923706055
2025-03-17 14:00:00+00:00,34.220001220703125
2025-03-17 15:00:00+00:00,34.209999084472656
2025-03-17 16:00:00+00:00,34.20500183105469
2025-03-17 17:00:00+00:00,34.345001220703125
2025-03-17 18:00:00+00:00,34.3849983215332
2025-03-17 19:00:00+00:00,34.400001525878906
2025-03-17 20:00:00+00:00,34.40999984741211
2025-03-17 22:00:00+00:00,34.39500045776367
2025-03-17 23:00:00+00:00,34.349998474121094
2025-03-18 00:00:00+00:00,34.470001220703125
2025-03-18 01:00:00+00:00,34.470001220703125
2025-03-18 02:00:00+00:00,34.52000045776367
2025-03-18 03:00:00+00:00,34.54499816894531
2025-03-18 04:00:00+00:00,34.57500076293945
2025-03-18 05:00:00+00:00,34.54999923706055
2025-03-18 06:00:00+00:00,34.5099983215332
2025-03-18 07:00:00+00:00,34.564998626708984
2025-03-18 08:00:00+00:00,34.78499984741211
2025-03-18 09:00:00+00:00,34.755001068115234
2025-03-18 10:00:00+00:00,34.71500015258789
2025-03-18 11:00:00+00:00,34.76499938964844
2025-03-18 12:00:00+00:00,34.92499923706055
2025-03-18 13:00:00+00:00,34.790000915527344
2025-03-18 14:00:00+00:00,34.61000061035156
2025-03-18 15:00:00+00:00,34.69499969482422
2025-03-18 16:00:00+00:00,34.79499816894531
2025-03-18 17:00:00+00:00,34.69499969482422
2025-03-18 18:00:00+00:00,34.72999954223633
2025-03-18 19:00:00+00:00,34.6349983215332
2025-03-18 20:00:00+00:00,34.650001525878906
2025-03-18 22:00:00+00:00,34.64500045776367
2025-03-18 23:00:00+00:00,34.61000061035156
2025-03-19 00:00:00+00:00,34.61000061035156
2025-03-19 01:00:00+00:00,34.59000015258789
2025-03-19 02:00:00+00:00,34.67499923706055
2025-03-19 03:00:00+00:00,34.720001220703125
2025-03-19 04:00:00+00:00,34.66999816894531
2025-03-19 05:00:00+00:00,34.7599983215332
2025-03-19 06:00:00+00:00,34.63999938964844
2025-03-19 07:00:00+00:00,34.474998474121094
2025-03-19 08:00:00+00:00,34.35499954223633
2025-03-19 09:00:00+00:00,34.40999984741211
2025-03-19 10:00:00+00:00,34.529998779296875
2025-03-19 11:00:00+00:00,34.64500045776367
2025-03-19 12:00:00+00:00,34.44499969482422
2025-03-19 13:00:00+00:00,34.375
2025-03-19 14:00:00+00:00,34.19499969482422
2025-03-19 15:00:00+00:00,34.209999084472656
2025-03-19 16:00:00+00:00,34.224998474121094
2025-03-19 17:00:00+00:00,34.165000915527344
2025-03-19 18:00:00+00:00,34.45000076293945
2025-03-19 19:00:00+00:00,34.439998626708984
2025-03-19 20:00:00+00:00,34.41999816894531
2025-03-19 22:00:00+00:00,34.494998931884766
2025-03-19 23:00:00+00:00,34.54999923706055
2025-03-20 00:00:00+00:00,34.5099983215332
2025-03-20 01:00:00+00:00,34.40999984741211
2025-03-20 02:00:00+00:00,34.40999984741211
2025-03-20 03:00:00+00:00,34.4900016784668
2025-03-20 04:00:00+00:00,34.4900016784668
2025-03-20 05:00:00+00:00,34.415000915527344
2025-03-20 06:00:00+00:00,34.38999938964844
2025-03-20 07:00:00+00:00,34.224998474121094
2025-03-20 08:00:00+00:00,34.14500045776367
2025-03-20 09:00:00+00:00,34.099998474121094
2025-03-20 10:00:00+00:00,33.80500030517578
2025-03-20 11:00:00+00:00,33.91999816894531
2025-03-20 12:00:00+00:00,34.0
2025-03-20 13:00:00+00:00,33.8849983215332
2025-03-20 14:00:00+00:00,34.064998626708984
2025-03-20 15:00:00+00:00,33.97999954223633
2025-03-20 16:00:00+00:00,33.97999954223633
2025-03-20 17:00:00+00:00,33.974998474121094
2025-03-20 18:00:00+00:00,34.04999923706055
2025-03-20 19:00:00+00:00,34.07500076293945
2025-03-20 20:00:00+00:00,34.1150016784668
2025-03-20 22:00:00+00:00,34.099998474121094
2025-03-20 23:00:00+00:00,34.099998474121094
2025-03-21 00:00:00+00:00,34.03499984741211
2025-03-21 01:00:00+00:00,33.98500061035156
2025-03-21 02:00:00+00:00,33.88999938964844
2025-03-21 03:00:00+00:00,33.77000045776367
2025-03-21 04:00:00+00:00,33.72999954223633
2025-03-21 05:00:00+00:00,33.654998779296875
2025-03-21 06:00:00+00:00,33.70000076293945
2025-03-21 07:00:00+00:00,33.61000061035156
2025-03-21 08:00:00+00:00,33.61000061035156
2025-03-21 09:00:00+00:00,33.54499816894531
2025-03-21 10:00:00+00:00,33.66999816894531
2025-03-21 11:00:00+00:00,33.7400016784668
2025-03-21 12:00:00+00:00,33.64500045776367
2025-03-21 13:00:00+00:00,33.369998931884766
2025-03-21 14:00:00+00:00,33.435001373291016
2025-03-21 15:00:00+00:00,33.39500045776367
2025-03-21 16:00:00+00:00,33.525001525878906
2025-03-21 17:00:00+00:00,33.48500061035156
2025-03-21 18:00:00+00:00,33.45500183105469
2025-03-21 19:00:00+00:00,33.505001068115234
2025-03-21 20:00:00+00:00,33.53499984741211
2025-03-23 22:00:00+00:00,33.59000015258789
2025-03-23 23:00:00+00:00,33.625
2025-03-24 00:00:00+00:00,33.54499816894531
2025-03-24 01:00:00+00:00,33.625
2025-03-24 02:00:00+00:00,33.60499954223633
2025-03-24 03:00:00+00:00,33.65999984741211
2025-03-24 04:00:00+00:00,33.70500183105469
2025-03-24 05:00:00+00:00,33.73500061035156
2025-03-24 06:00:00+00:00,33.744998931884766
2025-03-24 07:00:00+00:00,33.6349983215332
2025-03-24 08:00:00+00:00,33.75
2025-03-24 09:00:00+00:00,33.6349983215332
2025-03-24 10:00:00+00:00,33.720001220703125
2025-03-24 11:00:00+00:00,33.619998931884766
2025-03-24 12:00:00+00:00,33.650001525878906
2025-03-24 13:00:00+00:00,33.68000030517578
2025-03-24 14:00:00+00:00,33.55500030517578
2025-03-24 15:00:00+00:00,33.525001525878906
2025-03-24 16:00:00+00:00,33.45500183105469
2025-03-24 17:00:00+00:00,33.474998474121094
2025-03-24 18:00:00+00:00,33.474998474121094
2025-03-24 19:00:00+00:00,33.47999954223633
2025-03-24 20:00:00+00:00,33.525001525878906
2025-03-24 22:00:00+00:00,33.45000076293945
2025-03-24 23:00:00+00:00,33.44499969482422
2025-03-25 00:00:00+00:00,33.51499938964844
2025-03-25 01:00:00+00:00,33.54999923706055
2025-03-25 02:00:00+00:00,33.51499938964844
2025-03-25 03:00:00+00:00,33.61000061035156
2025-03-25 04:00:00+00:00,33.63999938964844
2025-03-25 05:00:00+00:00,33.665000915527344
2025-03-25 06:00:00+00:00,33.665000915527344
2025-03-25 07:00:00+00:00,33.57500076293945
2025-03-25 08:00:00+00:00,33.76499938964844
2025-03-25 09:00:00+00:00,33.7400016784668
2025-03-25 10:00:00+00:00,33.8650016784668
2025-03-25 11:00:00+00:00,33.94499969482422
2025-03-25 12:00:00+00:00,34.04499816894531
2025-03-25 13:00:00+00:00,34.279998779296875
2025-03-25 14:00:00+00:00,34.22999954223633
2025-03-25 15:00:00+00:00,34.20000076293945
2025-03-25 16:00:00+00:00,34.20000076293945
2025-03-25 17:00:00+00:00,34.18000030517578
2025-03-25 18:00:00+00:00,34.18000030517578
2025-03-25 19:00:00+00:00,34.19499969482422
2025-03-25 20:00:00+00:00,34.25
2025-03-25 22:00:00+00:00,34.279998779296875
2025-03-25 23:00:00+00:00,34.2400016784668
2025-03-26 00:00:00+00:00,34.19499969482422
2025-03-26 01:00:00+00:00,34.310001373291016
2025-03-26 02:00:00+00:00,34.31999969482422
2025-03-26 03:00:00+00:00,34.14500045776367
2025-03-26 04:00:00+00:00,34.119998931884766
2025-03-26 05:00:00+00:00,34.15999984741211
2025-03-26 06:00:00+00:00,34.279998779296875
2025-03-26 07:00:00+00:00,34.27000045776367
2025-03-26 08:00:00+00:00,34.150001525878906
2025-03-26 09:00:00+00:00,34.224998474121094
2025-03-26 10:00:00+00:00,34.2599983215332
2025-03-26 11:00:00+00:00,34.33000183105469
2025-03-26 12:00:00+00:00,34.435001373291016
2025-03-26 13:00:00+00:00,34.1150016784668
2025-03-26 14:00:00+00:00,34.279998779296875
2025-03-26 15:00:00+00:00,34.189998626708984
2025-03-26 16:00:00+00:00,34.22999954223633
2025-03-26 17:00:00+00:00,34.22999954223633
2025-03-26 18:00:00+00:00,34.154998779296875
2025-03-26 19:00:00+00:00,34.1150016784668
2025-03-26 20:00:00+00:00,34.209999084472656
2025-03-26 22:00:00+00:00,34.154998779296875
2025-03-26 23:00:00+00:00,34.17499923706055
2025-03-27 00:00:00+00:00,34.26499938964844
2025-03-27 01:00:00+00:00,34.220001220703125
2025-03-27 02:00:00+00:00,34.32500076293945
2025-03-27 03:00:00+00:00,34.349998474121094
2025-03-27 04:00:00+00:00,34.349998474121094
2025-03-27 05:00:00+00:00,34.27000045776367
2025-03-27 06:00:00+00:00,34.33000183105469
2025-03-27 07:00:00+00:00,34.375
2025-03-27 08:00:00+00:00,34.380001068115234
2025-03-27 09:00:00+00:00,34.40999984741211
2025-03-27 10:00:00+00:00,34.75
2025-03-27 11:00:00+00:00,34.79999923706055
2025-03-27 12:00:00+00:00,34.80500030517578
2025-03-27 13:00:00+00:00,34.63999938964844
2025-03-27 14:00:00+00:00,35.150001525878906
2025-03-27 15:00:00+00:00,35.095001220703125
2025-03-27 16:00:00+00:00,35.1150016784668
2025-03-27 17:00:00+00:00,35.130001068115234
2025-03-27 18:00:00+00:00,35.244998931884766
2025-03-27 19:00:00+00:00,35.34000015258789
2025-03-27 20:00:00+00:00,35.31999969482422
2025-03-27 22:00:00+00:00,35.369998931884766
2025-03-27 23:00:00+00:00,35.3849983215332
2025-03-28 00:00:00+00:00,35.345001220703125
2025-03-28 01:00:00+00:00,35.39500045776367
2025-03-28 02:00:00+00:00,35.290000915527344
2025-03-28 03:00:00+00:00,35.29999923706055
2025-03-28 04:00:00+00:00,35.255001068115234
2025-03-28 05:00:00+00:00,35.255001068115234
2025-03-28 06:00:00+00:00,35.46500015258789
2025-03-28 07:00:00+00:00,35.36000061035156
2025-03-28 08:00:00+00:00,35.439998626708984
2025-03-28 09:00:00+00:00,35.349998474121094
2025-03-28 10:00:00+00:00,35.380001068115234
2025-03-28 11:00:00+00:00,35.334999084472656
2025-03-28 12:00:00+00:00,35.35499954223633
2025-03-28 13:00:00+00:00,35.36000061035156
2025-03-28 14:00:00+00:00,34.75
2025-03-28 15:00:00+00:00,34.94499969482422
2025-03-28 16:00:00+00:00,34.810001373291016
2025-03-28 17:00:00+00:00,34.775001525878906
2025-03-28 18:00:00+00:00,34.755001068115234
2025-03-28 19:00:00+00:00,34.790000915527344
2025-03-28 20:00:00+00:00,34.81999969482422
2025-03-30 22:00:00+00:00,34.959999084472656
2025-03-30 23:00:00+00:00,34.994998931884766
2025-03-31 00:00:00+00:00,34.790000915527344
2025-03-31 01:00:00+00:00,34.915000915527344
2025-03-31 02:00:00+00:00,35.01499938964844
2025-03-31 03:00:00+00:00,34.970001220703125
2025-03-31 04:00:00+00:00,35.05500030517578
2025-03-31 05:00:00+00:00,35.05500030517578
2025-03-31 06:00:00+00:00,35.095001220703125
2025-03-31 07:00:00+00:00,35.16999816894531
2025-03-31 08:00:00+00:00,35.0
2025-03-31 09:00:00+00:00,34.8849983215332
2025-03-31 10:00:00+00:00,34.849998474121094
2025-03-31 11:00:00+00:00,34.91999816894531
2025-03-31 12:00:00+00:00,34.849998474121094
2025-03-31 13:00:00+00:00,34.47999954223633
2025-03-31 14:00:00+00:00,34.67499923706055
2025-03-31 15:00:00+00:00,34.53499984741211
2025-03-31 16:00:00+00:00,34.63999938964844
2025-03-31 17:00:00+00:00,34.60499954223633
2025-03-31 18:00:00+00:00,34.69499969482422
2025-03-31 19:00:00+00:00,34.775001525878906
2025-03-31 20:00:00+00:00,34.76499938964844
2025-03-31 22:00:00+00:00,34.69499969482422
2025-03-31 23:00:00+00:00,34.75
2025-04-01 00:00:00+00:00,34.79499816894531
2025-04-01 01:00:00+00:00,34.724998474121094
2025-04-01 02:00:00+00:00,34.88999938964844
2025-04-01 03:00:00+00:00,34.939998626708984
2025-04-01 04:00:00+00:00,34.904998779296875
2025-04-01 05:00:00+00:00,34.73500061035156
2025-04-01 06:00:00+00:00,34.77000045776367
2025-04-01 07:00:00+00:00,34.630001068115234
2025-04-01 08:00:00+00:00,34.755001068115234
2025-04-01 09:00:00+00:00,34.744998931884766
2025-04-01 10:00:00+00:00,34.68000030517578
2025-04-01 11:00:00+00:00,34.61000061035156
2025-04-01 12:00:00+00:00,34.73500061035156
2025-04-01 13:00:00+00:00,34.564998626708984
2025-04-01 14:00:00+00:00,34.654998779296875
2025-04-01 15:00:00+00:00,34.345001220703125
2025-04-01 16:00:00+00:00,34.27000045776367
2025-04-01 17:00:00+00:00,34.33000183105469
2025-04-01 18:00:00+00:00,34.275001525878906
2025-04-01 19:00:00+00:00,34.3650016784668
2025-04-01 20:00:00+00:00,34.369998931884766
2025-04-01 22:00:00+00:00,34.3650016784668
2025-04-01 23:00:00+00:00,34.36000061035156
2025-04-02 00:00:00+00:00,34.349998474121094
2025-04-02 01:00:00+00:00,34.48500061035156
2025-04-02 02:00:00+00:00,34.5099983215332
2025-04-02 03:00:00+00:00,34.525001525878906
2025-04-02 04:00:00+00:00,34.540000915527344
2025-04-02 05:00:00+00:00,34.54999923706055
2025-04-02 06:00:00+00:00,34.400001525878906
2025-04-02 07:00:00+00:00,34.48500061035156
2025-04-02 08:00:00+00:00,34.70000076293945
2025-04-02 09:00:00+00:00,34.80500030517578
2025-04-02 10:00:00+00:00,34.64500045776367
2025-04-02 11:00:00+00:00,34.665000915527344
2025-04-02 12:00:00+00:00,34.560001373291016
2025-04-02 13:00:00+00:00,34.61000061035156
2025-04-02 14:00:00+00:00,34.70500183105469
2025-04-02 15:00:00+00:00,34.6349983215332
2025-04-02 16:00:00+00:00,34.78499984741211
2025-04-02 17:00:00+00:00,34.654998779296875
2025-04-02 18:00:00+00:00,34.540000915527344
2025-04-02 19:00:00+00:00,34.619998931884766
2025-04-02 20:00:00+00:00,35.0
2025-04-02 22:00:00+00:00,34.060001373291016
2025-04-02 23:00:00+00:00,34.17499923706055
2025-04-03 00:00:00+00:00,33.849998474121094
2025-04-03 01:00:00+00:00,34.13999938964844
2025-04-03 02:00:00+00:00,33.880001068115234
2025-04-03 03:00:00+00:00,33.79999923706055
2025-04-03 04:00:00+00:00,33.63999938964844
2025-04-03 05:00:00+00:00,33.57500076293945
2025-04-03 06:00:00+00:00,33.459999084472656
2025-04-03 07:00:00+00:00,33.435001373291016
2025-04-03 08:00:00+00:00,33.32500076293945
2025-04-03 09:00:00+00:00,32.79999923706055
2025-04-03 10:00:00+00:00,32.63999938964844
2025-04-03 11:00:00+00:00,32.599998474121094
2025-04-03 12:00:00+00:00,32.185001373291016
2025-04-03 13:00:00+00:00,32.029998779296875
2025-04-03 14:00:00+00:00,32.505001068115234
2025-04-03 15:00:00+00:00,32.01499938964844
2025-04-03 16:00:00+00:00,32.029998779296875
2025-04-03 17:00:00+00:00,32.09000015258789
2025-04-03 18:00:00+00:00,32.005001068115234
2025-04-03 19:00:00+00:00,31.774999618530273
2025-04-03 20:00:00+00:00,31.924999237060547
2025-04-03 22:00:00+00:00,31.954999923706055
2025-04-03 23:00:00+00:00,31.959999084472656
2025-04-04 00:00:00+00:00,31.924999237060547
2025-04-04 01:00:00+00:00,31.799999237060547
2025-04-04 02:00:00+00:00,31.614999771118164
2025-04-04 03:00:00+00:00,31.59000015258789
2025-04-04 04:00:00+00:00,31.565000534057617
2025-04-04 05:00:00+00:00,31.729999542236328
2025-04-04 06:00:00+00:00,31.549999237060547
2025-04-04 07:00:00+00:00,31.274999618530273
2025-04-04 08:00:00+00:00,31.434999465942383
2025-04-04 09:00:00+00:00,31.475000381469727
2025-04-04 10:00:00+00:00,31.309999465942383
2025-04-04 11:00:00+00:00,31.2549991607666
2025-04-04 12:00:00+00:00,30.850000381469727
2025-04-04 13:00:00+00:00,30.440000534057617
2025-04-04 14:00:00+00:00,29.65999984741211
2025-04-04 15:00:00+00:00,29.700000762939453
2025-04-04 16:00:00+00:00,29.55500030517578
2025-04-04 17:00:00+00:00,29.56999969482422
2025-04-04 18:00:00+00:00,29.450000762939453
2025-04-04 19:00:00+00:00,29.665000915527344
2025-04-04 20:00:00+00:00,29.530000686645508
2025-04-06 22:00:00+00:00,28.834999084472656
2025-04-06 23:00:00+00:00,28.5
2025-04-07 00:00:00+00:00,28.739999771118164
2025-04-07 01:00:00+00:00,30.40999984741211
2025-04-07 02:00:00+00:00,30.21500015258789
2025-04-07 03:00:00+00:00,29.850000381469727
2025-04-07 04:00:00+00:00,30.114999771118164
2025-04-07 05:00:00+00:00,29.8700008392334
2025-04-07 06:00:00+00:00,29.934999465942383
2025-04-07 07:00:00+00:00,29.899999618530273
2025-04-07 08:00:00+00:00,30.2450008392334
2025-04-07 09:00:00+00:00,30.145000457763672
2025-04-07 10:00:00+00:00,30.2549991607666
2025-04-07 11:00:00+00:00,30.145000457763672
2025-04-07 12:00:00+00:00,30.209999084472656
2025-04-07 13:00:00+00:00,30.260000228881836
2025-04-07 14:00:00+00:00,30.114999771118164
2025-04-07 15:00:00+00:00,29.950000762939453
2025-04-07 16:00:00+00:00,29.735000610351562
2025-04-07 17:00:00+00:00,29.81999969482422
2025-04-07 18:00:00+00:00,29.69499969482422
2025-04-07 19:00:00+00:00,29.844999313354492
2025-04-07 20:00:00+00:00,30.084999084472656
2025-04-07 22:00:00+00:00,30.084999084472656
2025-04-07 23:00:00+00:00,30.0049991607666
2025-04-08 00:00:00+00:00,29.860000610351562
2025-04-08 01:00:00+00:00,30.06999969482422
2025-04-08 02:00:00+00:00,30.075000762939453
2025-04-08 03:00:00+00:00,30.03499984741211
2025-04-08 04:00:00+00:00,30.114999771118164
2025-04-08 05:00:00+00:00,30.030000686645508
2025-04-08 06:00:00+00:00,30.059999465942383
2025-04-08 07:00:00+00:00,30.09000015258789
2025-04-08 08:00:00+00:00,30.209999084472656
2025-04-08 09:00:00+00:00,30.184999465942383
2025-04-08 10:00:00+00:00,30.174999237060547
2025-04-08 11:00:00+00:00,30.360000610351562
2025-04-08 12:00:00+00:00,30.139999389648438
2025-04-08 13:00:00+00:00,30.450000762939453
2025-04-08 14:00:00+00:00,30.104999542236328
2025-04-08 15:00:00+00:00,29.9950008392334
2025-04-08 16:00:00+00:00,29.770000457763672
2025-04-08 17:00:00+00:00,29.850000381469727
2025-04-08 18:00:00+00:00,29.7450008392334
2025-04-08 19:00:00+00:00,29.78499984741211
2025-04-08 20:00:00+00:00,29.75
2025-04-08 22:00:00+00:00,29.690000534057617
2025-04-08 23:00:00+00:00,29.475000381469727
2025-04-09 00:00:00+00:00,29.5049991607666
2025-04-09 01:00:00+00:00,29.790000915527344
2025-04-09 02:00:00+00:00,29.809999465942383
2025-04-09 03:00:00+00:00,29.780000686645508
2025-04-09 04:00:00+00:00,29.825000762939453
2025-04-09 05:00:00+00:00,29.905000686645508
2025-04-09 06:00:00+00:00,30.174999237060547
2025-04-09 07:00:00+00:00,30.315000534057617
2025-04-09 08:00:00+00:00,30.315000534057617
2025-04-09 09:00:00+00:00,30.309999465942383
2025-04-09 10:00:00+00:00,30.270000457763672
2025-04-09 11:00:00+00:00,30.55500030517578
2025-04-09 12:00:00+00:00,30.19499969482422
2025-04-09 13:00:00+00:00,30.434999465942383
2025-04-09 14:00:00+00:00,30.149999618530273
2025-04-09 15:00:00+00:00,30.25
2025-04-09 16:00:00+00:00,30.40999984741211
2025-04-09 17:00:00+00:00,30.850000381469727
2025-04-09 18:00:00+00:00,30.645000457763672
2025-04-09 19:00:00+00:00,30.875
2025-04-09 20:00:00+00:00,30.96500015258789
2025-04-09 22:00:00+00:00,30.850000381469727
2025-04-09 23:00:00+00:00,30.850000381469727
2025-04-10 00:00:00+00:00,30.979999542236328
2025-04-10 01:00:00+00:00,30.875
2025-04-10 02:00:00+00:00,31.05500030517578
2025-04-10 03:00:00+00:00,31.114999771118164
2025-04-10 04:00:00+00:00,31.135000228881836
2025-04-10 05:00:00+00:00,31.18000030517578
2025-04-10 06:00:00+00:00,31.21500015258789
2025-04-10 07:00:00+00:00,30.889999389648438
2025-04-10 08:00:00+00:00,30.809999465942383
2025-04-10 09:00:00+00:00,30.875
2025-04-10 10:00:00+00:00,30.834999084472656
2025-04-10 11:00:00+00:00,30.864999771118164
2025-04-10 12:00:00+00:00,30.829999923706055
2025-04-10 13:00:00+00:00,30.545000076293945
2025-04-10 14:00:00+00:00,31.0049991607666
2025-04-10 15:00:00+00:00,30.7549991607666
2025-04-10 16:00:00+00:00,30.834999084472656
2025-04-10 17:00:00+00:00,30.889999389648438
2025-04-10 18:00:00+00:00,31.079999923706055
2025-04-10 19:00:00+00:00,31.049999237060547
2025-04-10 20:00:00+00:00,31.114999771118164
2025-04-10 22:00:00+00:00,31.204999923706055
2025-04-10 23:00:00+00:00,31.114999771118164
2025-04-11 00:00:00+00:00,31.125
2025-04-11 01:00:00+00:00,31.0
2025-04-11 02:00:00+00:00,31.110000610351562
2025-04-11 03:00:00+00:00,31.25
2025-04-11 04:00:00+00:00,31.235000610351562
2025-04-11 05:00:00+00:00,31.19499969482422
2025-04-11 06:00:00+00:00,31.184999465942383
2025-04-11 07:00:00+00:00,31.299999237060547
2025-04-11 08:00:00+00:00,31.280000686645508
2025-04-11 09:00:00+00:00,31.44499969482422
2025-04-11 10:00:00+00:00,31.184999465942383
2025-04-11 11:00:00+00:00,31.43000030517578
2025-04-11 12:00:00+00:00,31.459999084472656
2025-04-11 13:00:00+00:00,31.549999237060547
2025-04-11 14:00:00+00:00,31.9950008392334
2025-04-11 15:00:00+00:00,32.084999084472656
2025-04-11 16:00:00+00:00,31.815000534057617
2025-04-11 17:00:00+00:00,31.9950008392334
2025-04-11 18:00:00+00:00,32.1349983215332
2025-04-11 19:00:00+00:00,32.04999923706055
2025-04-11 20:00:00+00:00,32.20500183105469
2025-04-13 22:00:00+00:00,31.979999542236328
2025-04-13 23:00:00+00:00,32.025001525878906
2025-04-14 00:00:00+00:00,31.905000686645508
2025-04-14 01:00:00+00:00,31.940000534057617
2025-04-14 02:00:00+00:00,31.825000762939453
2025-04-14 03:00:00+00:00,31.829999923706055
2025-04-14 04:00:00+00:00,31.8799991607666
2025-04-14 05:00:00+00:00,31.950000762939453
2025-04-14 06:00:00+00:00,31.96500015258789
2025-04-14 07:00:00+00:00,32.1349983215332
2025-04-14 08:00:00+00:00,32.275001525878906
2025-04-14 09:00:00+00:00,32.30500030517578
2025-04-14 10:00:00+00:00,32.17499923706055
2025-04-14 11:00:00+00:00,32.244998931884766
2025-04-14 12:00:00+00:00,32.095001220703125
2025-04-14 13:00:00+00:00,31.915000915527344
2025-04-14 14:00:00+00:00,32.064998626708984
2025-04-14 15:00:00+00:00,31.93000030517578
2025-04-14 16:00:00+00:00,31.9950008392334
2025-04-14 17:00:00+00:00,32.220001220703125
2025-04-14 18:00:00+00:00,32.2400016784668
2025-04-14 19:00:00+00:00,32.25
2025-04-14 20:00:00+00:00,32.275001525878906
2025-04-14 22:00:00+00:00,32.244998931884766
2025-04-14 23:00:00+00:00,32.2400016784668
2025-04-15 00:00:00+00:00,32.20000076293945
2025-04-15 01:00:00+00:00,32.220001220703125
2025-04-15 02:00:00+00:00,32.224998474121094
2025-04-15 03:00:00+00:00,32.2599983215332
2025-04-15 04:00:00+00:00,32.345001220703125
2025-04-15 05:00:00+00:00,32.255001068115234
2025-04-15 06:00:00+00:00,32.290000915527344
2025-04-15 07:00:00+00:00,32.380001068115234
2025-04-15 08:00:00+00:00,32.31999969482422
2025-04-15 09:00:00+00:00,32.33000183105469
2025-04-15 10:00:00+00:00,32.26499938964844
2025-04-15 11:00:00+00:00,32.25
2025-04-15 12:00:00+00:00,32.36000061035156
2025-04-15 13:00:00+00:00,32.21500015258789
2025-04-15 14:00:00+00:00,32.13999938964844
2025-04-15 15:00:00+00:00,32.20000076293945
2025-04-15 16:00:00+00:00,32.220001220703125
2025-04-15 17:00:00+00:00,32.28499984741211
2025-04-15 18:00:00+00:00,32.334999084472656
2025-04-15 19:00:00+00:00,32.314998626708984
2025-04-15 20:00:00+00:00,32.30500030517578
2025-04-15 22:00:00+00:00,32.310001373291016
2025-04-15 23:00:00+00:00,32.38999938964844
2025-04-16 00:00:00+00:00,32.45000076293945
2025-04-16 01:00:00+00:00,32.41999816894531
2025-04-16 02:00:00+00:00,32.314998626708984
2025-04-16 03:00:00+00:00,32.400001525878906
2025-04-16 04:00:00+00:00,32.459999084472656
2025-04-16 05:00:00+00:00,32.46500015258789
2025-04-16 06:00:00+00:00,32.625
2025-04-16 07:00:00+00:00,32.900001525878906
2025-04-16 08:00:00+00:00,32.95000076293945
2025-04-16 09:00:00+00:00,32.95500183105469
2025-04-16 10:00:00+00:00,32.95000076293945
2025-04-16 11:00:00+00:00,32.96500015258789
2025-04-16 12:00:00+00:00,32.904998779296875
2025-04-16 13:00:00+00:00,32.900001525878906
2025-04-16 14:00:00+00:00,32.75
2025-04-16 15:00:00+00:00,32.8849983215332
2025-04-16 16:00:00+00:00,32.935001373291016
2025-04-16 17:00:00+00:00,32.775001525878906
2025-04-16 18:00:00+00:00,32.845001220703125
2025-04-16 19:00:00+00:00,32.75
2025-04-16 20:00:00+00:00,32.7599983215332
2025-04-16 22:00:00+00:00,32.88999938964844
2025-04-16 23:00:00+00:00,32.83000183105469
2025-04-17 00:00:00+00:00,32.875
2025-04-17 01:00:00+00:00,32.21500015258789
2025-04-17 02:00:00+00:00,32.3849983215332
2025-04-17 03:00:00+00:00,32.630001068115234
2025-04-17 04:00:00+00:00,32.560001373291016
2025-04-17 05:00:00+00:00,32.45500183105469
2025-04-17 06:00:00+00:00,32.47999954223633
2025-04-17 07:00:00+00:00,32.45000076293945
2025-04-17 08:00:00+00:00,32.439998626708984
2025-04-17 09:00:00+00:00,32.36000061035156
2025-04-17 10:00:00+00:00,32.334999084472656
2025-04-17 11:00:00+00:00,32.3849983215332
2025-04-17 12:00:00+00:00,32.54999923706055
2025-04-17 13:00:00+00:00,32.5099983215332
2025-04-17 14:00:00+00:00,32.165000915527344
2025-04-17 15:00:00+00:00,32.290000915527344
2025-04-17 16:00:00+00:00,32.494998931884766
2025-04-17 17:00:00+00:00,32.48500061035156
2025-04-17 18:00:00+00:00,32.459999084472656
2025-04-17 19:00:00+00:00,32.47999954223633
2025-04-17 20:00:00+00:00,32.54499816894531
2025-04-20 22:00:00+00:00,32.474998474121094
2025-04-20 23:00:00+00:00,32.525001525878906
2025-04-21 00:00:00+00:00,32.595001220703125
2025-04-21 01:00:00+00:00,32.69499969482422
2025-04-21 02:00:00+00:00,32.73500061035156
2025-04-21 03:00:00+00:00,32.78499984741211
2025-04-21 04:00:00+00:00,32.75
2025-04-21 05:00:00+00:00,32.90999984741211
2025-04-21 06:00:00+00:00,32.83000183105469
2025-04-21 07:00:00+00:00,32.69499969482422
2025-04-21 08:00:00+00:00,32.790000915527344
2025-04-21 09:00:00+00:00,32.845001220703125
2025-04-21 10:00:00+00:00,32.904998779296875
2025-04-21 11:00:00+00:00,33.0
2025-04-21 12:00:00+00:00,33.06999969482422
2025-04-21 13:00:00+00:00,32.779998779296875
2025-04-21 14:00:00+00:00,32.630001068115234
2025-04-21 15:00:00+00:00,32.70000076293945
2025-04-21 16:00:00+00:00,32.595001220703125
2025-04-21 17:00:00+00:00,32.59000015258789
2025-04-21 18:00:00+00:00,32.6150016784668
2025-04-21 19:00:00+00:00,32.685001373291016
2025-04-21 20:00:00+00:00,32.6349983215332
2025-04-21 22:00:00+00:00,32.68000030517578
2025-04-21 23:00:00+00:00,32.724998474121094
2025-04-22 00:00:00+00:00,32.61000061035156
2025-04-22 01:00:00+00:00,32.61000061035156
2025-04-22 02:00:00+00:00,32.6150016784668
2025-04-22 03:00:00+00:00,32.79999923706055
2025-04-22 04:00:00+00:00,32.810001373291016
2025-04-22 05:00:00+00:00,32.80500030517578
2025-04-22 06:00:00+00:00,32.6349983215332
2025-04-22 07:00:00+00:00,32.540000915527344
2025-04-22 08:00:00+00:00,32.314998626708984
2025-04-22 09:00:00+00:00,32.60499954223633
2025-04-22 10:00:00+00:00,32.59000015258789
2025-04-22 11:00:00+00:00,32.71500015258789
2025-04-22 12:00:00+00:00,32.595001220703125
2025-04-22 13:00:00+00:00,32.66999816894531
2025-04-22 14:00:00+00:00,32.95500183105469
2025-04-22 15:00:00+00:00,32.970001220703125
2025-04-22 16:00:00+00:00,32.775001525878906
2025-04-22 17:00:00+00:00,32.92499923706055
2025-04-22 18:00:00+00:00,32.744998931884766
2025-04-22 19:00:00+00:00,32.48500061035156
2025-04-22 20:00:00+00:00,32.494998931884766
2025-04-22 22:00:00+00:00,32.505001068115234
2025-04-22 23:00:00+00:00,32.474998474121094
2025-04-23 00:00:00+00:00,32.69499969482422
2025-04-23 01:00:00+00:00,32.82500076293945
2025-04-23 02:00:00+00:00,32.665000915527344
2025-04-23 03:00:00+00:00,32.70000076293945
2025-04-23 04:00:00+00:00,32.744998931884766
2025-04-23 05:00:00+00:00,32.650001525878906
2025-04-23 06:00:00+00:00,32.75
2025-04-23 07:00:00+00:00,32.84000015258789
2025-04-23 08:00:00+00:00,32.88999938964844
2025-04-23 09:00:00+00:00,32.82500076293945
2025-04-23 10:00:00+00:00,32.97999954223633
2025-04-23 11:00:00+00:00,32.86000061035156
2025-04-23 12:00:00+00:00,32.85499954223633
2025-04-23 13:00:00+00:00,32.869998931884766
2025-04-23 14:00:00+00:00,33.584999084472656
2025-04-23 15:00:00+00:00,33.51499938964844
2025-04-23 16:00:00+00:00,33.560001373291016
2025-04-23 17:00:00+00:00,33.53499984741211
2025-04-23 18:00:00+00:00,33.61000061035156
2025-04-23 19:00:00+00:00,33.60499954223633
2025-04-23 20:00:00+00:00,33.564998626708984
2025-04-23 22:00:00+00:00,33.56999969482422
2025-04-23 23:00:00+00:00,33.6150016784668
2025-04-24 00:00:00+00:00,33.630001068115234
2025-04-24 01:00:00+00:00,33.494998931884766
2025-04-24 02:00:00+00:00,33.40999984741211
2025-04-24 03:00:00+00:00,33.334999084472656
2025-04-24 04:00:00+00:00,33.369998931884766
2025-04-24 05:00:00+00:00,33.380001068115234
2025-04-24 06:00:00+00:00,33.33000183105469
2025-04-24 07:00:00+00:00,33.34000015258789
2025-04-24 08:00:00+00:00,33.345001220703125
2025-04-24 09:00:00+00:00,33.38999938964844
2025-04-24 10:00:00+00:00,33.380001068115234
2025-04-24 11:00:00+00:00,33.470001220703125
2025-04-24 12:00:00+00:00,33.345001220703125
2025-04-24 13:00:00+00:00,33.29999923706055
2025-04-24 14:00:00+00:00,33.3849983215332
2025-04-24 15:00:00+00:00,33.44499969482422
2025-04-24 16:00:00+00:00,33.5099983215332
2025-04-24 17:00:00+00:00,33.525001525878906
2025-04-24 18:00:00+00:00,33.47999954223633
2025-04-24 19:00:00+00:00,33.56999969482422
2025-04-24 20:00:00+00:00,33.55500030517578
2025-04-24 22:00:00+00:00,33.6349983215332
2025-04-24 23:00:00+00:00,33.59000015258789
2025-04-25 00:00:00+00:00,33.584999084472656
2025-04-25 01:00:00+00:00,33.470001220703125
2025-04-25 02:00:00+00:00,33.494998931884766
2025-04-25 03:00:00+00:00,33.43000030517578
2025-04-25 04:00:00+00:00,33.435001373291016
2025-04-25 05:00:00+00:00,33.29499816894531
2025-04-25 06:00:00+00:00,33.369998931884766
2025-04-25 07:00:00+00:00,33.32500076293945
2025-04-25 08:00:00+00:00,33.375
2025-04-25 09:00:00+00:00,33.314998626708984
2025-04-25 10:00:00+00:00,33.310001373291016
2025-04-25 11:00:00+00:00,33.20000076293945
2025-04-25 12:00:00+00:00,33.21500015258789
2025-04-25 13:00:00+00:00,32.869998931884766
2025-04-25 14:00:00+00:00,32.85499954223633
2025-04-25 15:00:00+00:00,32.904998779296875
2025-04-25 16:00:00+00:00,32.96500015258789
2025-04-25 17:00:00+00:00,32.904998779296875
2025-04-25 18:00:00+00:00,32.869998931884766
2025-04-25 19:00:00+00:00,32.970001220703125
2025-04-25 20:00:00+00:00,33.02000045776367
2025-04-27 22:00:00+00:00,32.974998474121094
2025-04-27 23:00:00+00:00,32.85499954223633
2025-04-28 00:00:00+00:00,32.93000030517578
2025-04-28 01:00:00+00:00,32.69499969482422
2025-04-28 02:00:00+00:00,32.69499969482422
2025-04-28 03:00:00+00:00,32.7599983215332
2025-04-28 04:00:00+00:00,32.79499816894531
2025-04-28 05:00:00+00:00,32.810001373291016
2025-04-28 06:00:00+00:00,32.69499969482422
2025-04-28 07:00:00+00:00,32.88999938964844
2025-04-28 08:00:00+00:00,32.85499954223633
2025-04-28 09:00:00+00:00,32.76499938964844
2025-04-28 10:00:00+00:00,32.94499969482422
2025-04-28 11:00:00+00:00,32.994998931884766
2025-04-28 12:00:00+00:00,32.8849983215332
2025-04-28 13:00:00+00:00,32.755001068115234
2025-04-28 14:00:00+00:00,33.0
2025-04-28 15:00:00+00:00,32.994998931884766
2025-04-28 16:00:00+00:00,33.06999969482422
2025-04-28 17:00:00+00:00,32.9900016784668
2025-04-28 18:00:00+00:00,33.084999084472656
2025-04-28 19:00:00+00:00,33.1150016784668
2025-04-28 20:00:00+00:00,33.07500076293945
2025-04-28 22:00:00+00:00,33.02000045776367
2025-04-28 23:00:00+00:00,33.040000915527344
2025-04-29 00:00:00+00:00,33.07500076293945
2025-04-29 01:00:00+00:00,33.095001220703125
2025-04-29 02:00:00+00:00,33.005001068115234
2025-04-29 03:00:00+00:00,32.8849983215332
2025-04-29 04:00:00+00:00,32.91999816894531
2025-04-29 05:00:00+00:00,32.875
2025-04-29 06:00:00+00:00,32.974998474121094
2025-04-29 07:00:00+00:00,33.51499938964844
2025-04-29 08:00:00+00:00,33.525001525878906
2025-04-29 09:00:00+00:00,33.6349983215332
2025-04-29 10:00:00+00:00,33.52000045776367
2025-04-29 11:00:00+00:00,33.494998931884766
2025-04-29 12:00:00+00:00,33.67499923706055
2025-04-29 13:00:00+00:00,33.58000183105469
2025-04-29 14:00:00+00:00,33.61000061035156
2025-04-29 15:00:00+00:00,33.470001220703125
2025-04-29 16:00:00+00:00,33.55500030517578
2025-04-29 17:00:00+00:00,33.40999984741211
2025-04-29 18:00:00+00:00,33.31999969482422
2025-04-29 19:00:00+00:00,33.125
2025-04-29 20:00:00+00:00,33.21500015258789
2025-04-29 22:00:00+00:00,33.20500183105469
2025-04-29 23:00:00+00:00,33.19499969482422
2025-04-30 00:00:00+00:00,33.27000045776367
2025-04-30 01:00:00+00:00,33.220001220703125
2025-04-30 02:00:00+00:00,33.18000030517578
2025-04-30 03:00:00+00:00,33.1349983215332
2025-04-30 04:00:00+00:00,33.064998626708984
2025-04-30 05:00:00+00:00,33.099998474121094
2025-04-30 06:00:00+00:00,33.05500030517578
2025-04-30 07:00:00+00:00,32.880001068115234
2025-04-30 08:00:00+00:00,32.60499954223633
2025-04-30 09:00:00+00:00,32.42499923706055
2025-04-30 10:00:00+00:00,32.46500015258789
2025-04-30 11:00:00+00:00,32.42499923706055
2025-04-30 12:00:00+00:00,32.80500030517578
2025-04-30 13:00:00+00:00,32.66999816894531
2025-04-30 14:00:00+00:00,32.89500045776367
2025-04-30 15:00:00+00:00,32.94499969482422
2025-04-30 16:00:00+00:00,32.900001525878906
2025-04-30 17:00:00+00:00,32.86000061035156
2025-04-30 18:00:00+00:00,32.845001220703125
2025-04-30 19:00:00+00:00,32.755001068115234
2025-04-30 20:00:00+00:00,32.81999969482422
2025-04-30 22:00:00+00:00,32.834999084472656
2025-04-30 23:00:00+00:00,32.82500076293945
2025-05-01 00:00:00+00:00,32.53499984741211
2025-05-01 01:00:00+00:00,32.52000045776367
2025-05-01 02:00:00+00:00,32.45000076293945
2025-05-01 03:00:00+00:00,32.25
2025-05-01 04:00:00+00:00,32.22999954223633
2025-05-01 05:00:00+00:00,32.27000045776367
2025-05-01 06:00:00+00:00,32.314998626708984
2025-05-01 07:00:00+00:00,32.31999969482422
2025-05-01 08:00:00+00:00,32.44499969482422
2025-05-01 09:00:00+00:00,32.275001525878906
2025-05-01 10:00:00+00:00,32.35499954223633
2025-05-01 11:00:00+00:00,31.915000915527344
2025-05-01 12:00:00+00:00,32.540000915527344
2025-05-01 13:00:00+00:00,32.564998626708984
2025-05-01 14:00:00+00:00,32.54499816894531
2025-05-01 15:00:00+00:00,32.4900016784668
2025-05-01 16:00:00+00:00,32.505001068115234
2025-05-01 17:00:00+00:00,32.4900016784668
2025-05-01 18:00:00+00:00,32.58000183105469
2025-05-01 19:00:00+00:00,32.58000183105469
2025-05-01 20:00:00+00:00,32.650001525878906
2025-05-01 22:00:00+00:00,32.64500045776367
2025-05-01 23:00:00+00:00,32.66999816894531
2025-05-02 00:00:00+00:00,32.70000076293945
2025-05-02 01:00:00+00:00,32.775001525878906
2025-05-02 02:00:00+00:00,32.849998474121094
2025-05-02 03:00:00+00:00,32.95500183105469
2025-05-02 04:00:00+00:00,32.904998779296875
2025-05-02 05:00:00+00:00,32.82500076293945
2025-05-02 06:00:00+00:00,32.83000183105469
2025-05-02 07:00:00+00:00,32.7599983215332
2025-05-02 08:00:00+00:00,32.69499969482422
2025-05-02 09:00:00+00:00,32.724998474121094
2025-05-02 10:00:00+00:00,32.59000015258789
2025-05-02 11:00:00+00:00,32.5099983215332
2025-05-02 12:00:00+00:00,32.68000030517578
2025-05-02 13:00:00+00:00,32.494998931884766
2025-05-02 14:00:00+00:00,32.53499984741211
2025-05-02 15:00:00+00:00,32.21500015258789
2025-05-02 16:00:00+00:00,32.209999084472656
2025-05-02 17:00:00+00:00,32.21500015258789
2025-05-02 18:00:00+00:00,32.16999816894531
2025-05-02 19:00:00+00:00,32.20000076293945
2025-05-02 20:00:00+00:00,32.18000030517578
2025-05-04 22:00:00+00:00,32.209999084472656
2025-05-04 23:00:00+00:00,32.224998474121094
2025-05-05 00:00:00+00:00,32.18000030517578
2025-05-05 01:00:00+00:00,32.20500183105469
2025-05-05 02:00:00+00:00,32.32500076293945
2025-05-05 03:00:00+00:00,32.31999969482422
2025-05-05 04:00:00+00:00,32.3849983215332
2025-05-05 05:00:00+00:00,32.474998474121094
2025-05-05 06:00:00+00:00,32.625
2025-05-05 07:00:00+00:00,32.52000045776367
2025-05-05 08:00:00+00:00,32.61000061035156
2025-05-05 09:00:00+00:00,32.6150016784668
2025-05-05 10:00:00+00:00,32.6150016784668
2025-05-05 11:00:00+00:00,32.59000015258789
2025-05-05 12:00:00+00:00,32.81999969482422
2025-05-05 13:00:00+00:00,32.560001373291016
2025-05-05 14:00:00+00:00,32.46500015258789
2025-05-05 15:00:00+00:00,32.439998626708984
2025-05-05 16:00:00+00:00,32.439998626708984
2025-05-05 17:00:00+00:00,32.48500061035156
2025-05-05 18:00:00+00:00,32.540000915527344
2025-05-05 19:00:00+00:00,32.60499954223633
2025-05-05 20:00:00+00:00,32.67499923706055
2025-05-05 22:00:00+00:00,32.65999984741211
2025-05-05 23:00:00+00:00,32.70500183105469
2025-05-06 00:00:00+00:00,32.875
2025-05-06 01:00:00+00:00,33.290000915527344
2025-05-06 02:00:00+00:00,33.25
2025-05-06 03:00:00+00:00,33.31999969482422
2025-05-06 04:00:00+00:00,33.314998626708984
2025-05-06 05:00:00+00:00,33.23500061035156
2025-05-06 06:00:00+00:00,33.21500015258789
2025-05-06 07:00:00+00:00,33.25
2025-05-06 08:00:00+00:00,33.209999084472656
2025-05-06 09:00:00+00:00,33.279998779296875
2025-05-06 10:00:00+00:00,33.20000076293945
2025-05-06 11:00:00+00:00,33.279998779296875
2025-05-06 12:00:00+00:00,33.30500030517578
2025-05-06 13:00:00+00:00,33.345001220703125
2025-05-06 14:00:00+00:00,33.29999923706055
2025-05-06 15:00:00+00:00,33.2400016784668
2025-05-06 16:00:00+00:00,33.349998474121094
2025-05-06 17:00:00+00:00,33.369998931884766
2025-05-06 18:00:00+00:00,33.400001525878906
2025-05-06 19:00:00+00:00,33.45500183105469
2025-05-06 20:00:00+00:00,33.435001373291016
2025-05-06 22:00:00+00:00,33.290000915527344
2025-05-06 23:00:00+00:00,33.39500045776367
2025-05-07 00:00:00+00:00,33.28499984741211
2025-05-07 01:00:00+00:00,33.13999938964844
2025-05-07 02:00:00+00:00,33.28499984741211
2025-05-07 03:00:00+00:00,33.17499923706055
2025-05-07 04:00:00+00:00,33.189998626708984
2025-05-07 05:00:00+00:00,33.25
2025-05-07 06:00:00+00:00,33.279998779296875
2025-05-07 07:00:00+00:00,33.220001220703125
2025-05-07 08:00:00+00:00,33.10499954223633
2025-05-07 09:00:00+00:00,32.994998931884766
2025-05-07 10:00:00+00:00,33.095001220703125
2025-05-07 11:00:00+00:00,33.1150016784668
2025-05-07 12:00:00+00:00,33.15999984741211
2025-05-07 13:00:00+00:00,33.02000045776367
2025-05-07 14:00:00+00:00,32.81999969482422
2025-05-07 15:00:00+00:00,32.814998626708984
2025-05-07 16:00:00+00:00,32.834999084472656
2025-05-07 17:00:00+00:00,32.73500061035156
2025-05-07 18:00:00+00:00,32.744998931884766
2025-05-07 19:00:00+00:00,32.584999084472656
2025-05-07 20:00:00+00:00,32.61000061035156
2025-05-07 22:00:00+00:00,32.56999969482422
2025-05-07 23:00:00+00:00,32.619998931884766
2025-05-08 00:00:00+00:00,32.654998779296875
2025-05-08 01:00:00+00:00,33.029998779296875
2025-05-08 02:00:00+00:00,32.95500183105469
2025-05-08 03:00:00+00:00,33.02000045776367
2025-05-08 04:00:00+00:00,32.97999954223633
2025-05-08 05:00:00+00:00,32.73500061035156
2025-05-08 06:00:00+00:00,32.505001068115234
2025-05-08 07:00:00+00:00,32.525001525878906
2025-05-08 08:00:00+00:00,32.494998931884766
2025-05-08 09:00:00+00:00,32.52000045776367
2025-05-08 10:00:00+00:00,32.584999084472656
2025-05-08 11:00:00+00:00,32.54999923706055
2025-05-08 12:00:00+00:00,32.625
2025-05-08 13:00:00+00:00,32.80500030517578
2025-05-08 14:00:00+00:00,32.790000915527344
2025-05-08 15:00:00+00:00,32.78499984741211
2025-05-08 16:00:00+00:00,32.66999816894531
2025-05-08 17:00:00+00:00,32.64500045776367
2025-05-08 18:00:00+00:00,32.630001068115234
2025-05-08 19:00:00+00:00,32.540000915527344
2025-05-08 20:00:00+00:00,32.60499954223633
2025-05-08 22:00:00+00:00,32.665000915527344
2025-05-08 23:00:00+00:00,32.584999084472656
2025-05-09 00:00:00+00:00,32.64500045776367
2025-05-09 01:00:00+00:00,32.470001220703125
2025-05-09 02:00:00+00:00,32.564998626708984
2025-05-09 03:00:00+00:00,32.56999969482422
2025-05-09 04:00:00+00:00,32.69499969482422
2025-05-09 05:00:00+00:00,32.625
2025-05-09 06:00:00+00:00,32.70000076293945
2025-05-09 07:00:00+00:00,32.834999084472656
2025-05-09 08:00:00+00:00,32.744998931884766
2025-05-09 09:00:00+00:00,32.7599983215332
2025-05-09 10:00:00+00:00,32.724998474121094
2025-05-09 11:00:00+00:00,32.724998474121094
2025-05-09 12:00:00+00:00,32.7599983215332
2025-05-09 13:00:00+00:00,32.880001068115234
2025-05-09 14:00:00+00:00,32.880001068115234
2025-05-09 15:00:00+00:00,32.98500061035156
2025-05-09 16:00:00+00:00,32.875
2025-05-09 17:00:00+00:00,32.959999084472656
2025-05-09 18:00:00+00:00,32.974998474121094
2025-05-09 19:00:00+00:00,32.93000030517578
2025-05-09 20:00:00+00:00,32.880001068115234
2025-05-11 22:00:00+00:00,32.775001525878906
2025-05-11 23:00:00+00:00,32.814998626708984
2025-05-12 00:00:00+00:00,32.814998626708984
2025-05-12 01:00:00+00:00,32.68000030517578
2025-05-12 02:00:00+00:00,32.790000915527344
2025-05-12 03:00:00+00:00,33.01499938964844
2025-05-12 04:00:00+00:00,33.07500076293945
2025-05-12 05:00:00+00:00,33.099998474121094
2025-05-12 06:00:00+00:00,33.16999816894531
2025-05-12 07:00:00+00:00,32.20000076293945
2025-05-12 08:00:00+00:00,32.43000030517578
2025-05-12 09:00:00+00:00,32.290000915527344
2025-05-12 10:00:00+00:00,32.18000030517578
2025-05-12 11:00:00+00:00,32.47999954223633
2025-05-12 12:00:00+00:00,32.68000030517578
2025-05-12 13:00:00+00:00,32.755001068115234
2025-05-12 14:00:00+00:00,32.78499984741211
2025-05-12 15:00:00+00:00,32.73500061035156
2025-05-12 16:00:00+00:00,32.654998779296875
2025-05-12 17:00:00+00:00,32.595001220703125
2025-05-12 18:00:00+00:00,32.685001373291016
2025-05-12 19:00:00+00:00,32.7599983215332
2025-05-12 20:00:00+00:00,32.79499816894531
2025-05-12 22:00:00+00:00,32.76499938964844
2025-05-12 23:00:00+00:00,32.77000045776367
2025-05-13 00:00:00+00:00,32.7400016784668
2025-05-13 01:00:00+00:00,32.84000015258789
2025-05-13 02:00:00+00:00,32.88999938964844
2025-05-13 03:00:00+00:00,33.154998779296875
2025-05-13 04:00:00+00:00,33.220001220703125
2025-05-13 05:00:00+00:00,33.224998474121094
2025-05-13 06:00:00+00:00,33.32500076293945
2025-05-13 07:00:00+00:00,33.3849983215332
2025-05-13 08:00:00+00:00,33.334999084472656
2025-05-13 09:00:00+00:00,33.21500015258789
2025-05-13 10:00:00+00:00,33.21500015258789
2025-05-13 11:00:00+00:00,33.04999923706055
2025-05-13 12:00:00+00:00,32.900001525878906
2025-05-13 13:00:00+00:00,32.810001373291016
2025-05-13 14:00:00+00:00,33.084999084472656
2025-05-13 15:00:00+00:00,33.130001068115234
2025-05-13 16:00:00+00:00,33.150001525878906
2025-05-13 17:00:00+00:00,33.05500030517578
2025-05-13 18:00:00+00:00,33.04499816894531
2025-05-13 19:00:00+00:00,33.1150016784668
2025-05-13 20:00:00+00:00,33.09000015258789
2025-05-13 22:00:00+00:00,33.10499954223633
2025-05-13 23:00:00+00:00,33.125
2025-05-14 00:00:00+00:00,32.974998474121094
2025-05-14 01:00:00+00:00,32.935001373291016
2025-05-14 02:00:00+00:00,32.79999923706055
2025-05-14 03:00:00+00:00,32.790000915527344
2025-05-14 04:00:00+00:00,32.744998931884766
2025-05-14 05:00:00+00:00,32.880001068115234
2025-05-14 06:00:00+00:00,32.880001068115234
2025-05-14 07:00:00+00:00,33.064998626708984
2025-05-14 08:00:00+00:00,33.005001068115234
2025-05-14 09:00:00+00:00,32.95000076293945
2025-05-14 10:00:00+00:00,33.04999923706055
2025-05-14 11:00:00+00:00,33.040000915527344
2025-05-14 12:00:00+00:00,32.369998931884766
2025-05-14 13:00:00+00:00,32.505001068115234
2025-05-14 14:00:00+00:00,32.34000015258789
2025-05-14 15:00:00+00:00,32.45000076293945
2025-05-14 16:00:00+00:00,32.46500015258789
2025-05-14 17:00:00+00:00,32.43000030517578
2025-05-14 18:00:00+00:00,32.310001373291016
2025-05-14 19:00:00+00:00,32.314998626708984
2025-05-14 20:00:00+00:00,32.38999938964844
2025-05-14 22:00:00+00:00,32.35499954223633
2025-05-14 23:00:00+00:00,32.35499954223633
2025-05-15 00:00:00+00:00,32.36000061035156
2025-05-15 01:00:00+00:00,32.255001068115234
2025-05-15 02:00:00+00:00,32.1150016784668
2025-05-15 03:00:00+00:00,31.985000610351562
2025-05-15 04:00:00+00:00,31.895000457763672
2025-05-15 05:00:00+00:00,31.93000030517578
2025-05-15 06:00:00+00:00,32.060001373291016
2025-05-15 07:00:00+00:00,31.90999984741211
2025-05-15 08:00:00+00:00,32.040000915527344
2025-05-15 09:00:00+00:00,32.11000061035156
2025-05-15 10:00:00+00:00,32.22999954223633
2025-05-15 11:00:00+00:00,32.334999084472656
2025-05-15 12:00:00+00:00,32.31999969482422
2025-05-15 13:00:00+00:00,32.3849983215332
2025-05-15 14:00:00+00:00,32.525001525878906
2025-05-15 15:00:00+00:00,32.689998626708984
2025-05-15 16:00:00+00:00,32.67499923706055
2025-05-15 17:00:00+00:00,32.630001068115234
2025-05-15 18:00:00+00:00,32.61000061035156
2025-05-15 19:00:00+00:00,32.73500061035156
2025-05-15 20:00:00+00:00,32.790000915527344
2025-05-15 22:00:00+00:00,32.86000061035156
2025-05-15 23:00:00+00:00,32.79999923706055
2025-05-16 00:00:00+00:00,32.76499938964844
2025-05-16 01:00:00+00:00,32.685001373291016
2025-05-16 02:00:00+00:00,32.625
2025-05-16 03:00:00+00:00,32.54999923706055
2025-05-16 04:00:00+00:00,32.57500076293945
2025-05-16 05:00:00+00:00,32.59000015258789
2025-05-16 06:00:00+00:00,32.51499938964844
2025-05-16 07:00:00+00:00,32.435001373291016
2025-05-16 08:00:00+00:00,32.38999938964844
2025-05-16 09:00:00+00:00,32.42499923706055
2025-05-16 10:00:00+00:00,32.2599983215332
2025-05-16 11:00:00+00:00,32.095001220703125
2025-05-16 12:00:00+00:00,32.07500076293945
2025-05-16 13:00:00+00:00,32.38999938964844
2025-05-16 14:00:00+00:00,32.17499923706055
2025-05-16 15:00:00+00:00,32.349998474121094
2025-05-16 16:00:00+00:00,32.349998474121094
2025-05-16 17:00:00+00:00,32.36000061035156
2025-05-16 18:00:00+00:00,32.3849983215332
2025-05-16 19:00:00+00:00,32.400001525878906
2025-05-16 20:00:00+00:00,32.43000030517578
2025-05-18 22:00:00+00:00,32.619998931884766
2025-05-18 23:00:00+00:00,32.6349983215332
2025-05-19 00:00:00+00:00,32.709999084472656
2025-05-19 01:00:00+00:00,32.58000183105469
2025-05-19 02:00:00+00:00,32.57500076293945
2025-05-19 03:00:00+00:00,32.46500015258789
2025-05-19 04:00:00+00:00,32.505001068115234
2025-05-19 05:00:00+00:00,32.55500030517578
2025-05-19 06:00:00+00:00,32.59000015258789
2025-05-19 07:00:00+00:00,32.619998931884766
2025-05-19 08:00:00+00:00,32.7599983215332
2025-05-19 09:00:00+00:00,32.709999084472656
2025-05-19 10:00:00+00:00,32.72999954223633
2025-05-19 11:00:00+00:00,32.77000045776367
2025-05-19 12:00:00+00:00,32.54499816894531
2025-05-19 13:00:00+00:00,32.47999954223633
2025-05-19 14:00:00+00:00,32.51499938964844
2025-05-19 15:00:00+00:00,32.55500030517578
2025-05-19 16:00:00+00:00,32.54499816894531
2025-05-19 17:00:00+00:00,32.45500183105469
2025-05-19 18:00:00+00:00,32.525001525878906
2025-05-19 19:00:00+00:00,32.505001068115234
2025-05-19 20:00:00+00:00,32.494998931884766
2025-05-19 22:00:00+00:00,32.494998931884766
2025-05-19 23:00:00+00:00,32.505001068115234
2025-05-20 00:00:00+00:00,32.46500015258789
2025-05-20 01:00:00+00:00,32.45000076293945
2025-05-20 02:00:00+00:00,32.36000061035156
2025-05-20 03:00:00+00:00,32.310001373291016
2025-05-20 04:00:00+00:00,32.349998474121094
2025-05-20 05:00:00+00:00,32.380001068115234
2025-05-20 06:00:00+00:00,32.279998779296875
2025-05-20 07:00:00+00:00,32.400001525878906
2025-05-20 08:00:00+00:00,32.5099983215332
2025-05-20 09:00:00+00:00,32.55500030517578
2025-05-20 10:00:00+00:00,32.650001525878906
2025-05-20 11:00:00+00:00,32.70000076293945
2025-05-20 12:00:00+00:00,32.7599983215332
2025-05-20 13:00:00+00:00,32.75
2025-05-20 14:00:00+00:00,33.029998779296875
2025-05-20 15:00:00+00:00,33.02000045776367
2025-05-20 16:00:00+00:00,33.154998779296875
2025-05-20 17:00:00+00:00,33.185001373291016
2025-05-20 18:00:00+00:00,33.15999984741211
2025-05-20 19:00:00+00:00,33.29499816894531
2025-05-20 20:00:00+00:00,33.2599983215332
2025-05-20 22:00:00+00:00,33.334999084472656
2025-05-20 23:00:00+00:00,33.28499984741211
2025-05-21 00:00:00+00:00,33.34000015258789
2025-05-21 01:00:00+00:00,33.20000076293945
2025-05-21 02:00:00+00:00,33.20500183105469
2025-05-21 03:00:00+00:00,33.255001068115234
2025-05-21 04:00:00+00:00,33.27000045776367
2025-05-21 05:00:00+00:00,33.349998474121094
2025-05-21 06:00:00+00:00,33.34000015258789
2025-05-21 07:00:00+00:00,33.36000061035156
2025-05-21 08:00:00+00:00,33.33000183105469
2025-05-21 09:00:00+00:00,33.34000015258789
2025-05-21 10:00:00+00:00,33.32500076293945
2025-05-21 11:00:00+00:00,33.30500030517578
2025-05-21 12:00:00+00:00,33.345001220703125
2025-05-21 13:00:00+00:00,33.3650016784668
2025-05-21 14:00:00+00:00,33.54999923706055
2025-05-21 15:00:00+00:00,33.595001220703125
2025-05-21 16:00:00+00:00,33.619998931884766
2025-05-21 17:00:00+00:00,33.560001373291016
2025-05-21 18:00:00+00:00,33.595001220703125
2025-05-21 19:00:00+00:00,33.744998931884766
2025-05-21 20:00:00+00:00,33.57500076293945
2025-05-21 22:00:00+00:00,33.650001525878906
2025-05-21 23:00:00+00:00,33.650001525878906
2025-05-22 00:00:00+00:00,33.71500015258789
2025-05-22 01:00:00+00:00,33.73500061035156
2025-05-22 02:00:00+00:00,33.779998779296875
2025-05-22 03:00:00+00:00,33.79999923706055
2025-05-22 04:00:00+00:00,33.900001525878906
2025-05-22 05:00:00+00:00,33.80500030517578
2025-05-22 06:00:00+00:00,33.685001373291016
2025-05-22 07:00:00+00:00,33.665000915527344
2025-05-22 08:00:00+00:00,33.505001068115234
2025-05-22 09:00:00+00:00,33.36000061035156
2025-05-22 10:00:00+00:00,32.88999938964844
2025-05-22 11:00:00+00:00,32.98500061035156
2025-05-22 12:00:00+00:00,33.23500061035156
2025-05-22 13:00:00+00:00,32.9900016784668
2025-05-22 14:00:00+00:00,33.1150016784668
2025-05-22 15:00:00+00:00,33.165000915527344
2025-05-22 16:00:00+00:00,33.209999084472656
2025-05-22 17:00:00+00:00,33.2400016784668
2025-05-22 18:00:00+00:00,33.23500061035156
2025-05-22 19:00:00+00:00,33.165000915527344
2025-05-22 20:00:00+00:00,33.18000030517578
2025-05-22 22:00:00+00:00,33.20500183105469
2025-05-22 23:00:00+00:00,33.185001373291016
2025-05-23 00:00:00+00:00,33.20000076293945
2025-05-23 01:00:00+00:00,33.279998779296875
2025-05-23 02:00:00+00:00,33.23500061035156
2025-05-23 03:00:00+00:00,33.29499816894531
2025-05-23 04:00:00+00:00,33.34000015258789
2025-05-23 05:00:00+00:00,33.369998931884766
2025-05-23 06:00:00+00:00,33.3650016784668
2025-05-23 07:00:00+00:00,33.40999984741211
2025-05-23 08:00:00+00:00,33.375
2025-05-23 09:00:00+00:00,33.314998626708984
2025-05-23 10:00:00+00:00,33.2599983215332
2025-05-23 11:00:00+00:00,33.22999954223633
2025-05-23 12:00:00+00:00,33.32500076293945
2025-05-23 13:00:00+00:00,33.209999084472656
2025-05-23 14:00:00+00:00,33.46500015258789
2025-05-23 15:00:00+00:00,33.474998474121094
2025-05-23 16:00:00+00:00,33.55500030517578
2025-05-23 17:00:00+00:00,33.619998931884766
2025-05-23 18:00:00+00:00,33.64500045776367
2025-05-23 19:00:00+00:00,33.63999938964844
2025-05-23 20:00:00+00:00,33.63999938964844
2025-05-25 22:00:00+00:00,33.625
2025-05-25 23:00:00+00:00,33.59000015258789
2025-05-26 00:00:00+00:00,33.60499954223633
2025-05-26 01:00:00+00:00,33.69499969482422
2025-05-26 02:00:00+00:00,33.689998626708984
2025-05-26 03:00:00+00:00,33.650001525878906
2025-05-26 04:00:00+00:00,33.68000030517578
2025-05-26 05:00:00+00:00,33.724998474121094
2025-05-26 06:00:00+00:00,33.654998779296875
2025-05-26 07:00:00+00:00,33.67499923706055
2025-05-26 08:00:00+00:00,33.619998931884766
2025-05-26 09:00:00+00:00,33.494998931884766
2025-05-26 10:00:00+00:00,33.540000915527344
2025-05-26 11:00:00+00:00,33.53499984741211
2025-05-26 12:00:00+00:00,33.57500076293945
2025-05-26 13:00:00+00:00,33.46500015258789
2025-05-26 14:00:00+00:00,33.48500061035156
2025-05-26 15:00:00+00:00,33.525001525878906
2025-05-26 16:00:00+00:00,33.599998474121094
2025-05-26 17:00:00+00:00,33.625
2025-05-26 18:00:00+00:00,33.64500045776367
2025-05-26 22:00:00+00:00,33.61000061035156
2025-05-26 23:00:00+00:00,33.58000183105469
2025-05-27 00:00:00+00:00,33.68000030517578
2025-05-27 01:00:00+00:00,33.494998931884766
2025-05-27 02:00:00+00:00,33.54999923706055
2025-05-27 03:00:00+00:00,33.474998474121094
2025-05-27 04:00:00+00:00,33.41999816894531
2025-05-27 05:00:00+00:00,33.36000061035156
2025-05-27 06:00:00+00:00,33.27000045776367
2025-05-27 07:00:00+00:00,33.119998931884766
2025-05-27 08:00:00+00:00,33.189998626708984
2025-05-27 09:00:00+00:00,33.14500045776367
2025-05-27 10:00:00+00:00,33.01499938964844
2025-05-27 11:00:00+00:00,32.970001220703125
2025-05-27 12:00:00+00:00,32.9900016784668
2025-05-27 13:00:00+00:00,33.16999816894531
2025-05-27 14:00:00+00:00,33.150001525878906
2025-05-27 15:00:00+00:00,33.209999084472656
2025-05-27 16:00:00+00:00,33.290000915527344
2025-05-27 17:00:00+00:00,33.314998626708984
2025-05-27 18:00:00+00:00,33.35499954223633
2025-05-27 19:00:00+00:00,33.369998931884766
2025-05-27 20:00:00+00:00,33.3849983215332
2025-05-27 22:00:00+00:00,33.380001068115234
2025-05-27 23:00:00+00:00,33.39500045776367
2025-05-28 00:00:00+00:00,33.39500045776367
2025-05-28 01:00:00+00:00,33.369998931884766
2025-05-28 02:00:00+00:00,33.439998626708984
2025-05-28 03:00:00+00:00,33.39500045776367
2025-05-28 04:00:00+00:00,33.375
2025-05-28 05:00:00+00:00,33.41999816894531
2025-05-28 06:00:00+00:00,33.314998626708984
2025-05-28 07:00:00+00:00,33.494998931884766
2025-05-28 08:00:00+00:00,33.5099983215332
2025-05-28 09:00:00+00:00,33.564998626708984
2025-05-28 10:00:00+00:00,33.439998626708984
2025-05-28 11:00:00+00:00,33.38999938964844
2025-05-28 12:00:00+00:00,33.375
2025-05-28 13:00:00+00:00,33.275001525878906
2025-05-28 14:00:00+00:00,33.23500061035156
2025-05-28 15:00:00+00:00,33.1349983215332
2025-05-28 16:00:00+00:00,33.130001068115234
2025-05-28 17:00:00+00:00,33.150001525878906
2025-05-28 18:00:00+00:00,33.154998779296875
2025-05-28 19:00:00+00:00,33.084999084472656
2025-05-28 20:00:00+00:00,33.095001220703125
2025-05-28 22:00:00+00:00,33.09000015258789
2025-05-28 23:00:00+00:00,32.98500061035156
2025-05-29 00:00:00+00:00,33.064998626708984
2025-05-29 01:00:00+00:00,33.244998931884766
2025-05-29 02:00:00+00:00,33.25
2025-05-29 03:00:00+00:00,33.310001373291016
2025-05-29 04:00:00+00:00,33.33000183105469
2025-05-29 05:00:00+00:00,33.375
2025-05-29 06:00:00+00:00,33.28499984741211
2025-05-29 07:00:00+00:00,33.46500015258789
2025-05-29 08:00:00+00:00,33.470001220703125
2025-05-29 09:00:00+00:00,33.435001373291016
2025-05-29 10:00:00+00:00,33.540000915527344
2025-05-29 11:00:00+00:00,33.564998626708984
2025-05-29 12:00:00+00:00,33.494998931884766
2025-05-29 13:00:00+00:00,33.2599983215332
2025-05-29 14:00:00+00:00,33.27000045776367
2025-05-29 15:00:00+00:00,33.3849983215332
2025-05-29 16:00:00+00:00,33.44499969482422
2025-05-29 17:00:00+00:00,33.43000030517578
2025-05-29 18:00:00+00:00,33.435001373291016
2025-05-29 19:00:00+00:00,33.46500015258789
2025-05-29 20:00:00+00:00,33.439998626708984
2025-05-29 22:00:00+00:00,33.38999938964844
2025-05-29 23:00:00+00:00,33.3849983215332
2025-05-30 00:00:00+00:00,33.345001220703125
2025-05-30 01:00:00+00:00,33.29499816894531
2025-05-30 02:00:00+00:00,33.125
2025-05-30 03:00:00+00:00,33.08000183105469
2025-05-30 04:00:00+00:00,33.09000015258789
2025-05-30 05:00:00+00:00,33.220001220703125
2025-05-30 06:00:00+00:00,33.2599983215332
2025-05-30 07:00:00+00:00,33.26499938964844
2025-05-30 08:00:00+00:00,33.314998626708984
2025-05-30 09:00:00+00:00,33.26499938964844
2025-05-30 10:00:00+00:00,33.224998474121094
2025-05-30 11:00:00+00:00,33.244998931884766
2025-05-30 12:00:00+00:00,33.39500045776367
2025-05-30 13:00:00+00:00,33.08000183105469
2025-05-30 14:00:00+00:00,33.064998626708984
2025-05-30 15:00:00+00:00,33.04499816894531
2025-05-30 16:00:00+00:00,32.97999954223633
2025-05-30 17:00:00+00:00,32.97999954223633
2025-05-30 18:00:00+00:00,33.06999969482422
2025-05-30 19:00:00+00:00,33.07500076293945
2025-05-30 20:00:00+00:00,33.07500076293945
2025-06-01 22:00:00+00:00,33.2400016784668
2025-06-01 23:00:00+00:00,33.21500015258789
2025-06-02 00:00:00+00:00,33.220001220703125
2025-06-02 01:00:00+00:00,33.09000015258789
2025-06-02 02:00:00+00:00,33.154998779296875
2025-06-02 03:00:00+00:00,33.14500045776367
2025-06-02 04:00:00+00:00,33.21500015258789
2025-06-02 05:00:00+00:00,33.28499984741211
2025-06-02 06:00:00+00:00,33.33000183105469
2025-06-02 07:00:00+00:00,33.564998626708984
2025-06-02 08:00:00+00:00,33.55500030517578
2025-06-02 09:00:00+00:00,33.44499969482422
2025-06-02 10:00:00+00:00,33.43000030517578
2025-06-02 11:00:00+00:00,33.40999984741211
2025-06-02 12:00:00+00:00,33.84000015258789
2025-06-02 13:00:00+00:00,34.32500076293945
2025-06-02 14:00:00+00:00,34.45500183105469
2025-06-02 15:00:00+00:00,34.60499954223633
2025-06-02 16:00:00+00:00,34.654998779296875
2025-06-02 17:00:00+00:00,34.70000076293945
2025-06-02 18:00:00+00:00,34.78499984741211
2025-06-02 19:00:00+00:00,34.904998779296875
2025-06-02 20:00:00+00:00,34.93000030517578
2025-06-02 22:00:00+00:00,34.904998779296875
2025-06-02 23:00:00+00:00,34.900001525878906
2025-06-03 00:00:00+00:00,34.75
2025-06-03 01:00:00+00:00,34.38999938964844
2025-06-03 02:00:00+00:00,34.23500061035156
2025-06-03 03:00:00+00:00,34.244998931884766
2025-06-03 04:00:00+00:00,34.33000183105469
2025-06-03 05:00:00+00:00,34.380001068115234
2025-06-03 06:00:00+00:00,34.375
2025-06-03 07:00:00+00:00,34.40999984741211
2025-06-03 08:00:00+00:00,34.400001525878906
2025-06-03 09:00:00+00:00,34.3849983215332
2025-06-03 10:00:00+00:00,34.404998779296875
2025-06-03 11:00:00+00:00,34.459999084472656
2025-06-03 12:00:00+00:00,34.584999084472656
2025-06-03 13:00:00+00:00,34.46500015258789
2025-06-03 14:00:00+00:00,34.65999984741211
2025-06-03 15:00:00+00:00,34.59000015258789
2025-06-03 16:00:00+00:00,34.584999084472656
2025-06-03 17:00:00+00:00,34.67499923706055
2025-06-03 18:00:00+00:00,34.71500015258789
2025-06-03 19:00:00+00:00,34.720001220703125
2025-06-03 20:00:00+00:00,34.67499923706055
2025-06-03 22:00:00+00:00,34.70000076293945
2025-06-03 23:00:00+00:00,34.7400016784668
2025-06-04 00:00:00+00:00,34.69499969482422
2025-06-04 01:00:00+00:00,34.814998626708984
2025-06-04 02:00:00+00:00,34.724998474121094
2025-06-04 03:00:00+00:00,34.654998779296875
2025-06-04 04:00:00+00:00,34.625
2025-06-04 05:00:00+00:00,34.599998474121094
2025-06-04 06:00:00+00:00,34.595001220703125
2025-06-04 07:00:00+00:00,34.584999084472656
2025-06-04 08:00:00+00:00,34.724998474121094
2025-06-04 09:00:00+00:00,34.689998626708984
2025-06-04 10:00:00+00:00,34.51499938964844
2025-06-04 11:00:00+00:00,34.529998779296875
2025-06-04 12:00:00+00:00,34.5099983215332
2025-06-04 13:00:00+00:00,34.54999923706055
2025-06-04 14:00:00+00:00,34.65999984741211
2025-06-04 15:00:00+00:00,34.56999969482422
2025-06-04 16:00:00+00:00,34.60499954223633
2025-06-04 17:00:00+00:00,34.63999938964844
2025-06-04 18:00:00+00:00,34.64500045776367
2025-06-04 19:00:00+00:00,34.630001068115234
2025-06-04 20:00:00+00:00,34.654998779296875
2025-06-04 22:00:00+00:00,34.625
2025-06-04 23:00:00+00:00,34.64500045776367
2025-06-05 00:00:00+00:00,34.685001373291016
2025-06-05 01:00:00+00:00,34.67499923706055
2025-06-05 02:00:00+00:00,34.69499969482422
2025-06-05 03:00:00+00:00,34.67499923706055
2025-06-05 04:00:00+00:00,34.64500045776367
2025-06-05 05:00:00+00:00,34.65999984741211
2025-06-05 06:00:00+00:00,34.65999984741211
2025-06-05 07:00:00+00:00,34.80500030517578
2025-06-05 08:00:00+00:00,35.040000915527344
2025-06-05 09:00:00+00:00,35.744998931884766
2025-06-05 10:00:00+00:00,35.994998931884766
2025-06-05 11:00:00+00:00,35.90999984741211
2025-06-05 12:00:00+00:00,35.93000030517578
2025-06-05 13:00:00+00:00,35.959999084472656
2025-06-05 14:00:00+00:00,35.970001220703125
2025-06-05 15:00:00+00:00,35.564998626708984
2025-06-05 16:00:00+00:00,35.744998931884766
2025-06-05 17:00:00+00:00,35.814998626708984
2025-06-05 18:00:00+00:00,35.775001525878906
2025-06-05 19:00:00+00:00,35.84000015258789
2025-06-05 20:00:00+00:00,35.79499816894531
2025-06-05 22:00:00+00:00,35.8650016784668
2025-06-05 23:00:00+00:00,35.88999938964844
2025-06-06 00:00:00+00:00,35.915000915527344
2025-06-06 01:00:00+00:00,36.08000183105469
2025-06-06 02:00:00+00:00,36.185001373291016
2025-06-06 03:00:00+00:00,36.220001220703125
2025-06-06 04:00:00+00:00,36.334999084472656
2025-06-06 05:00:00+00:00,36.209999084472656
2025-06-06 06:00:00+00:00,36.31999969482422
2025-06-06 07:00:00+00:00,36.334999084472656
2025-06-06 08:00:00+00:00,36.380001068115234
2025-06-06 09:00:00+00:00,36.27000045776367
2025-06-06 10:00:00+00:00,36.400001525878906
2025-06-06 11:00:00+00:00,36.25
2025-06-06 12:00:00+00:00,36.35499954223633
2025-06-06 13:00:00+00:00,36.255001068115234
2025-06-06 14:00:00+00:00,36.02000045776367
2025-06-06 15:00:00+00:00,36.224998474121094
2025-06-06 16:00:00+00:00,36.06999969482422
2025-06-06 17:00:00+00:00,36.185001373291016
2025-06-06 18:00:00+00:00,36.14500045776367
2025-06-06 19:00:00+00:00,36.11000061035156
2025-06-06 20:00:00+00:00,36.130001068115234
2025-06-08 22:00:00+00:00,36.18000030517578
2025-06-08 23:00:00+00:00,36.20000076293945
2025-06-09 00:00:00+00:00,36.09000015258789
2025-06-09 01:00:00+00:00,36.11000061035156
2025-06-09 02:00:00+00:00,36.18000030517578
2025-06-09 03:00:00+00:00,36.154998779296875
2025-06-09 04:00:00+00:00,36.21500015258789
2025-06-09 05:00:00+00:00,36.255001068115234
2025-06-09 06:00:00+00:00,36.474998474121094
2025-06-09 07:00:00+00:00,36.45500183105469
2025-06-09 08:00:00+00:00,36.45500183105469
2025-06-09 09:00:00+00:00,36.415000915527344
2025-06-09 10:00:00+00:00,36.415000915527344
2025-06-09 11:00:00+00:00,36.5099983215332
2025-06-09 12:00:00+00:00,36.47999954223633
2025-06-09 13:00:00+00:00,36.595001220703125
2025-06-09 14:00:00+00:00,36.744998931884766
2025-06-09 15:00:00+00:00,36.775001525878906
2025-06-09 16:00:00+00:00,36.77000045776367
2025-06-09 17:00:00+00:00,36.8650016784668
2025-06-09 18:00:00+00:00,36.994998931884766
2025-06-09 19:00:00+00:00,36.875
2025-06-09 20:00:00+00:00,36.904998779296875
2025-06-09 22:00:00+00:00,36.935001373291016
2025-06-09 23:00:00+00:00,36.94499969482422
2025-06-10 00:00:00+00:00,36.7400016784668
2025-06-10 01:00:00+00:00,36.564998626708984
2025-06-10 02:00:00+00:00,36.63999938964844
2025-06-10 03:00:00+00:00,36.65999984741211
2025-06-10 04:00:00+00:00,36.64500045776367
2025-06-10 05:00:00+00:00,36.60499954223633
2025-06-10 06:00:00+00:00,36.560001373291016
2025-06-10 07:00:00+00:00,36.61000061035156
2025-06-10 08:00:00+00:00,36.665000915527344
2025-06-10 09:00:00+00:00,36.779998779296875
2025-06-10 10:00:00+00:00,36.915000915527344
2025-06-10 11:00:00+00:00,36.869998931884766
2025-06-10 12:00:00+00:00,36.70000076293945
2025-06-10 13:00:00+00:00,36.70500183105469
2025-06-10 14:00:00+00:00,36.5099983215332
2025-06-10 15:00:00+00:00,36.560001373291016
2025-06-10 16:00:00+00:00,36.599998474121094
2025-06-10 17:00:00+00:00,36.68000030517578
2025-06-10 18:00:00+00:00,36.60499954223633
2025-06-10 19:00:00+00:00,36.69499969482422
2025-06-10 20:00:00+00:00,36.654998779296875
2025-06-10 22:00:00+00:00,36.685001373291016
2025-06-10 23:00:00+00:00,36.69499969482422
2025-06-11 00:00:00+00:00,36.72999954223633
2025-06-11 01:00:00+00:00,36.68000030517578
2025-06-11 02:00:00+00:00,36.72999954223633
2025-06-11 03:00:00+00:00,36.75
2025-06-11 04:00:00+00:00,36.75
2025-06-11 05:00:00+00:00,36.650001525878906
2025-06-11 06:00:00+00:00,36.720001220703125
2025-06-11 07:00:00+00:00,36.720001220703125
2025-06-11 08:00:00+00:00,36.65999984741211
2025-06-11 09:00:00+00:00,36.439998626708984
2025-06-11 10:00:00+00:00,36.345001220703125
2025-06-11 11:00:00+00:00,36.38999938964844
2025-06-11 12:00:00+00:00,36.474998474121094
2025-06-11 13:00:00+00:00,36.224998474121094
2025-06-11 14:00:00+00:00,36.38999938964844
2025-06-11 15:00:00+00:00,36.380001068115234
2025-06-11 16:00:00+00:00,36.275001525878906
2025-06-11 17:00:00+00:00,36.185001373291016
2025-06-11 18:00:00+00:00,36.23500061035156
2025-06-11 19:00:00+00:00,36.334999084472656
2025-06-11 20:00:00+00:00,36.36000061035156
2025-06-11 22:00:00+00:00,36.46500015258789
2025-06-11 23:00:00+00:00,36.48500061035156
2025-06-12 00:00:00+00:00,36.435001373291016
2025-06-12 01:00:00+00:00,36.45500183105469
2025-06-12 02:00:00+00:00,36.44499969482422
2025-06-12 03:00:00+00:00,36.5099983215332
2025-06-12 04:00:00+00:00,36.4900016784668
2025-06-12 05:00:00+00:00,36.529998779296875
2025-06-12 06:00:00+00:00,36.42499923706055
2025-06-12 07:00:00+00:00,35.8650016784668
2025-06-12 08:00:00+00:00,36.04999923706055
2025-06-12 09:00:00+00:00,36.07500076293945
2025-06-12 10:00:00+00:00,36.314998626708984
2025-06-12 11:00:00+00:00,36.349998474121094
2025-06-12 12:00:00+00:00,36.404998779296875
2025-06-12 13:00:00+00:00,36.2400016784668
2025-06-12 14:00:00+00:00,36.345001220703125
2025-06-12 15:00:00+00:00,36.369998931884766
2025-06-12 16:00:00+00:00,36.310001373291016
2025-06-12 17:00:00+00:00,36.30500030517578
2025-06-12 18:00:00+00:00,36.34000015258789
2025-06-12 19:00:00+00:00,36.42499923706055
2025-06-12 20:00:00+00:00,36.40999984741211
2025-06-12 22:00:00+00:00,36.400001525878906
2025-06-12 23:00:00+00:00,36.46500015258789
2025-06-13 00:00:00+00:00,36.20000076293945
2025-06-13 01:00:00+00:00,36.630001068115234
2025-06-13 02:00:00+00:00,36.6150016784668
2025-06-13 03:00:00+00:00,36.3650016784668
2025-06-13 04:00:00+00:00,36.29999923706055
2025-06-13 05:00:00+00:00,36.380001068115234
2025-06-13 06:00:00+00:00,36.185001373291016
2025-06-13 07:00:00+00:00,36.34000015258789
2025-06-13 08:00:00+00:00,36.40999984741211
2025-06-13 09:00:00+00:00,36.470001220703125
2025-06-13 10:00:00+00:00,36.26499938964844
2025-06-13 11:00:00+00:00,36.30500030517578
2025-06-13 12:00:00+00:00,36.2599983215332
2025-06-13 13:00:00+00:00,36.22999954223633
2025-06-13 14:00:00+00:00,36.22999954223633
2025-06-13 15:00:00+00:00,36.27000045776367
2025-06-13 16:00:00+00:00,36.375
2025-06-13 17:00:00+00:00,36.35499954223633
2025-06-13 18:00:00+00:00,36.369998931884766
2025-06-13 19:00:00+00:00,36.31999969482422
2025-06-13 20:00:00+00:00,36.369998931884766
2025-06-15 22:00:00+00:00,36.345001220703125
2025-06-15 23:00:00+00:00,36.375
2025-06-16 00:00:00+00:00,36.27000045776367
2025-06-16 01:00:00+00:00,36.2400016784668
2025-06-16 02:00:00+00:00,36.3650016784668
2025-06-16 03:00:00+00:00,36.279998779296875
2025-06-16 04:00:00+00:00,36.255001068115234
2025-06-16 05:00:00+00:00,36.369998931884766
2025-06-16 06:00:00+00:00,36.540000915527344
2025-06-16 07:00:00+00:00,36.529998779296875
2025-06-16 08:00:00+00:00,36.48500061035156
2025-06-16 09:00:00+00:00,36.39500045776367
2025-06-16 10:00:00+00:00,36.47999954223633
2025-06-16 11:00:00+00:00,36.38999938964844
2025-06-16 12:00:00+00:00,36.55500030517578
2025-06-16 13:00:00+00:00,36.28499984741211
2025-06-16 14:00:00+00:00,36.42499923706055
2025-06-16 15:00:00+00:00,36.459999084472656
2025-06-16 16:00:00+00:00,36.45500183105469
2025-06-16 17:00:00+00:00,36.400001525878906
2025-06-16 18:00:00+00:00,36.375
2025-06-16 19:00:00+00:00,36.369998931884766
2025-06-16 20:00:00+00:00,36.369998931884766
2025-06-16 22:00:00+00:00,36.375
2025-06-16 23:00:00+00:00,36.369998931884766
2025-06-17 00:00:00+00:00,36.33000183105469
2025-06-17 01:00:00+00:00,36.43000030517578
2025-06-17 02:00:00+00:00,36.439998626708984
2025-06-17 03:00:00+00:00,36.290000915527344
2025-06-17 04:00:00+00:00,36.5
2025-06-17 05:00:00+00:00,36.52000045776367
2025-06-17 06:00:00+00:00,36.53499984741211
2025-06-17 07:00:00+00:00,36.54499816894531
2025-06-17 08:00:00+00:00,36.505001068115234
2025-06-17 09:00:00+00:00,36.654998779296875
2025-06-17 10:00:00+00:00,37.20000076293945
2025-06-17 11:00:00+00:00,37.09000015258789
2025-06-17 12:00:00+00:00,36.900001525878906
2025-06-17 13:00:00+00:00,37.165000915527344
2025-06-17 14:00:00+00:00,37.23500061035156
2025-06-17 15:00:00+00:00,37.2599983215332
2025-06-17 16:00:00+00:00,37.185001373291016
2025-06-17 17:00:00+00:00,37.125
2025-06-17 18:00:00+00:00,37.09000015258789
2025-06-17 19:00:00+00:00,37.165000915527344
2025-06-17 20:00:00+00:00,37.18000030517578
2025-06-17 22:00:00+00:00,37.16999816894531
2025-06-17 23:00:00+00:00,37.18000030517578
2025-06-18 00:00:00+00:00,37.189998626708984
2025-06-18 01:00:00+00:00,37.220001220703125
2025-06-18 02:00:00+00:00,37.25
2025-06-18 03:00:00+00:00,37.34000015258789
2025-06-18 04:00:00+00:00,37.36000061035156
2025-06-18 05:00:00+00:00,37.369998931884766
2025-06-18 06:00:00+00:00,37.314998626708984
2025-06-18 07:00:00+00:00,37.30500030517578
2025-06-18 08:00:00+00:00,37.2599983215332
2025-06-18 09:00:00+00:00,37.27000045776367
2025-06-18 10:00:00+00:00,37.22999954223633
2025-06-18 11:00:00+00:00,37.20000076293945
2025-06-18 12:00:00+00:00,37.11000061035156
2025-06-18 13:00:00+00:00,37.09000015258789
2025-06-18 14:00:00+00:00,36.90999984741211
2025-06-18 15:00:00+00:00,36.95000076293945
2025-06-18 16:00:00+00:00,36.959999084472656
2025-06-18 17:00:00+00:00,36.91999816894531
2025-06-18 18:00:00+00:00,36.775001525878906
2025-06-18 19:00:00+00:00,36.63999938964844
2025-06-18 20:00:00+00:00,36.7599983215332
2025-06-18 22:00:00+00:00,36.775001525878906
2025-06-18 23:00:00+00:00,36.77000045776367
2025-06-19 00:00:00+00:00,36.80500030517578
2025-06-19 01:00:00+00:00,36.65999984741211
2025-06-19 02:00:00+00:00,36.724998474121094
2025-06-19 03:00:00+00:00,36.790000915527344
2025-06-19 04:00:00+00:00,36.779998779296875
2025-06-19 05:00:00+00:00,36.650001525878906
2025-06-19 06:00:00+00:00,36.415000915527344
2025-06-19 07:00:00+00:00,36.279998779296875
2025-06-19 08:00:00+00:00,36.349998474121094
2025-06-19 09:00:00+00:00,36.349998474121094
2025-06-19 10:00:00+00:00,36.31999969482422
2025-06-19 11:00:00+00:00,36.345001220703125
2025-06-19 12:00:00+00:00,36.314998626708984
2025-06-19 13:00:00+00:00,36.2599983215332
2025-06-19 14:00:00+00:00,36.32500076293945
2025-06-19 15:00:00+00:00,36.36000061035156
2025-06-19 16:00:00+00:00,36.345001220703125
2025-06-19 17:00:00+00:00,36.35499954223633
2025-06-19 18:00:00+00:00,36.36000061035156
2025-06-19 22:00:00+00:00,36.3849983215332
2025-06-19 23:00:00+00:00,36.3650016784668
2025-06-20 00:00:00+00:00,36.3650016784668
2025-06-20 01:00:00+00:00,36.2400016784668
2025-06-20 02:00:00+00:00,35.77000045776367
2025-06-20 03:00:00+00:00,35.81999969482422
2025-06-20 04:00:00+00:00,35.7400016784668
2025-06-20 05:00:00+00:00,35.595001220703125
2025-06-20 06:00:00+00:00,35.630001068115234
2025-06-20 07:00:00+00:00,35.875
2025-06-20 08:00:00+00:00,36.02000045776367
2025-06-20 09:00:00+00:00,36.1150016784668
2025-06-20 10:00:00+00:00,36.1150016784668
2025-06-20 11:00:00+00:00,35.974998474121094
2025-06-20 12:00:00+00:00,35.974998474121094
2025-06-20 13:00:00+00:00,36.0
2025-06-20 14:00:00+00:00,35.939998626708984
2025-06-20 15:00:00+00:00,35.935001373291016
2025-06-20 16:00:00+00:00,35.994998931884766
2025-06-20 17:00:00+00:00,36.025001525878906
2025-06-20 18:00:00+00:00,36.0099983215332
2025-06-20 19:00:00+00:00,35.97999954223633
2025-06-20 20:00:00+00:00,35.95000076293945
2025-06-22 22:00:00+00:00,36.025001525878906
2025-06-22 23:00:00+00:00,36.04999923706055
2025-06-23 00:00:00+00:00,35.994998931884766
2025-06-23 01:00:00+00:00,35.974998474121094
2025-06-23 02:00:00+00:00,35.9900016784668
2025-06-23 03:00:00+00:00,36.064998626708984
2025-06-23 04:00:00+00:00,36.0099983215332
2025-06-23 05:00:00+00:00,36.0099983215332
2025-06-23 06:00:00+00:00,36.10499954223633
2025-06-23 07:00:00+00:00,36.10499954223633
2025-06-23 08:00:00+00:00,36.20000076293945
2025-06-23 09:00:00+00:00,36.1150016784668
2025-06-23 10:00:00+00:00,36.08000183105469
2025-06-23 11:00:00+00:00,36.165000915527344
2025-06-23 12:00:00+00:00,36.01499938964844
2025-06-23 13:00:00+00:00,36.16999816894531
2025-06-23 14:00:00+00:00,36.224998474121094
2025-06-23 15:00:00+00:00,36.255001068115234
2025-06-23 16:00:00+00:00,36.18000030517578
2025-06-23 17:00:00+00:00,36.2599983215332
2025-06-23 18:00:00+00:00,36.244998931884766
2025-06-23 19:00:00+00:00,36.20500183105469
2025-06-23 20:00:00+00:00,36.04999923706055
2025-06-23 22:00:00+00:00,35.89500045776367
2025-06-23 23:00:00+00:00,35.84000015258789
2025-06-24 00:00:00+00:00,36.029998779296875
2025-06-24 01:00:00+00:00,35.98500061035156
2025-06-24 02:00:00+00:00,36.084999084472656
2025-06-24 03:00:00+00:00,36.09000015258789
2025-06-24 04:00:00+00:00,36.130001068115234
2025-06-24 05:00:00+00:00,36.040000915527344
2025-06-24 06:00:00+00:00,35.9900016784668
2025-06-24 07:00:00+00:00,36.064998626708984
2025-06-24 08:00:00+00:00,36.099998474121094
2025-06-24 09:00:00+00:00,36.005001068115234
2025-06-24 10:00:00+00:00,36.05500030517578
2025-06-24 11:00:00+00:00,36.1150016784668
2025-06-24 12:00:00+00:00,35.79499816894531
2025-06-24 13:00:00+00:00,35.275001525878906
2025-06-24 14:00:00+00:00,35.42499923706055
2025-06-24 15:00:00+00:00,35.650001525878906
2025-06-24 16:00:00+00:00,35.685001373291016
2025-06-24 17:00:00+00:00,35.7599983215332
2025-06-24 18:00:00+00:00,35.79999923706055
2025-06-24 19:00:00+00:00,35.849998474121094
2025-06-24 20:00:00+00:00,35.869998931884766
2025-06-24 22:00:00+00:00,35.880001068115234
2025-06-24 23:00:00+00:00,35.88999938964844
2025-06-25 00:00:00+00:00,35.8849983215332
2025-06-25 01:00:00+00:00,35.904998779296875
2025-06-25 02:00:00+00:00,35.904998779296875
2025-06-25 03:00:00+00:00,35.875
2025-06-25 04:00:00+00:00,35.915000915527344
2025-06-25 05:00:00+00:00,35.959999084472656
2025-06-25 06:00:00+00:00,35.98500061035156
2025-06-25 07:00:00+00:00,35.95500183105469
2025-06-25 08:00:00+00:00,35.83000183105469
2025-06-25 09:00:00+00:00,35.709999084472656
2025-06-25 10:00:00+00:00,35.69499969482422
2025-06-25 11:00:00+00:00,35.709999084472656
2025-06-25 12:00:00+00:00,35.75
2025-06-25 13:00:00+00:00,35.79499816894531
2025-06-25 14:00:00+00:00,35.89500045776367
2025-06-25 15:00:00+00:00,35.94499969482422
2025-06-25 16:00:00+00:00,36.11000061035156
2025-06-25 17:00:00+00:00,36.15999984741211
2025-06-25 18:00:00+00:00,36.17499923706055
2025-06-25 19:00:00+00:00,36.27000045776367
2025-06-25 20:00:00+00:00,36.21500015258789
2025-06-25 22:00:00+00:00,36.23500061035156
2025-06-25 23:00:00+00:00,36.29499816894531
2025-06-26 00:00:00+00:00,36.2599983215332
2025-06-26 01:00:00+00:00,36.189998626708984
2025-06-26 02:00:00+00:00,36.30500030517578
2025-06-26 03:00:00+00:00,36.36000061035156
2025-06-26 04:00:00+00:00,36.3650016784668
2025-06-26 05:00:00+00:00,36.28499984741211
2025-06-26 06:00:00+00:00,36.334999084472656
2025-06-26 07:00:00+00:00,36.36000061035156
2025-06-26 08:00:00+00:00,36.709999084472656
2025-06-26 09:00:00+00:00,36.60499954223633
2025-06-26 10:00:00+00:00,36.529998779296875
2025-06-26 11:00:00+00:00,36.529998779296875
2025-06-26 12:00:00+00:00,36.290000915527344
2025-06-26 13:00:00+00:00,36.380001068115234
2025-06-26 14:00:00+00:00,36.435001373291016
2025-06-26 15:00:00+00:00,36.54499816894531
2025-06-26 16:00:00+00:00,36.560001373291016
2025-06-26 17:00:00+00:00,36.540000915527344
2025-06-26 18:00:00+00:00,36.52000045776367
2025-06-26 19:00:00+00:00,36.58000183105469
2025-06-26 20:00:00+00:00,36.54999923706055
2025-06-26 22:00:00+00:00,36.53499984741211
2025-06-26 23:00:00+00:00,36.505001068115234
2025-06-27 00:00:00+00:00,36.48500061035156
2025-06-27 01:00:00+00:00,36.525001525878906
2025-06-27 02:00:00+00:00,36.595001220703125
2025-06-27 03:00:00+00:00,36.32500076293945
2025-06-27 04:00:00+00:00,36.3650016784668
2025-06-27 05:00:00+00:00,36.474998474121094
2025-06-27 06:00:00+00:00,36.36000061035156
2025-06-27 07:00:00+00:00,36.279998779296875
2025-06-27 08:00:00+00:00,36.23500061035156
2025-06-27 09:00:00+00:00,36.084999084472656
2025-06-27 10:00:00+00:00,36.19499969482422
2025-06-27 11:00:00+00:00,36.23500061035156
2025-06-27 12:00:00+00:00,36.18000030517578
2025-06-27 13:00:00+00:00,36.22999954223633
2025-06-27 14:00:00+00:00,36.31999969482422
2025-06-27 15:00:00+00:00,36.32500076293945
2025-06-27 16:00:00+00:00,36.375
2025-06-27 17:00:00+00:00,36.32500076293945
2025-06-27 18:00:00+00:00,36.209999084472656
2025-06-27 19:00:00+00:00,36.10499954223633
2025-06-27 20:00:00+00:00,36.165000915527344
2025-06-29 22:00:00+00:00,35.93000030517578
2025-06-29 23:00:00+00:00,35.939998626708984
2025-06-30 00:00:00+00:00,36.060001373291016
2025-06-30 01:00:00+00:00,36.15999984741211
2025-06-30 02:00:00+00:00,36.255001068115234
2025-06-30 03:00:00+00:00,36.29999923706055
2025-06-30 04:00:00+00:00,36.35499954223633
2025-06-30 05:00:00+00:00,36.369998931884766
2025-06-30 06:00:00+00:00,36.435001373291016
2025-06-30 07:00:00+00:00,36.34000015258789
2025-06-30 08:00:00+00:00,36.36000061035156
2025-06-30 09:00:00+00:00,36.29999923706055
2025-06-30 10:00:00+00:00,36.244998931884766
2025-06-30 11:00:00+00:00,36.125
2025-06-30 12:00:00+00:00,36.209999084472656
2025-06-30 13:00:00+00:00,36.25
2025-06-30 14:00:00+00:00,36.185001373291016
2025-06-30 15:00:00+00:00,36.18000030517578
2025-06-30 16:00:00+00:00,36.22999954223633
2025-06-30 17:00:00+00:00,36.16999816894531
2025-06-30 18:00:00+00:00,36.26499938964844
2025-06-30 19:00:00+00:00,36.32500076293945
2025-06-30 20:00:00+00:00,36.33000183105469
2025-06-30 22:00:00+00:00,36.33000183105469
2025-06-30 23:00:00+00:00,36.369998931884766
2025-07-01 00:00:00+00:00,36.35499954223633
2025-07-01 01:00:00+00:00,36.154998779296875
2025-07-01 02:00:00+00:00,36.130001068115234
2025-07-01 03:00:00+00:00,36.2599983215332
2025-07-01 04:00:00+00:00,36.415000915527344
2025-07-01 05:00:00+00:00,36.36000061035156
2025-07-01 06:00:00+00:00,36.494998931884766
2025-07-01 07:00:00+00:00,36.47999954223633
2025-07-01 08:00:00+00:00,36.55500030517578
2025-07-01 09:00:00+00:00,36.76499938964844
2025-07-01 10:00:00+00:00,36.75
2025-07-01 11:00:00+00:00,36.665000915527344
2025-07-01 12:00:00+00:00,36.529998779296875
2025-07-01 13:00:00+00:00,36.58000183105469
2025-07-01 14:00:00+00:00,36.560001373291016
2025-07-01 15:00:00+00:00,36.43000030517578
2025-07-01 16:00:00+00:00,36.40999984741211
2025-07-01 17:00:00+00:00,36.380001068115234
2025-07-01 18:00:00+00:00,36.34000015258789
2025-07-01 19:00:00+00:00,36.22999954223633
2025-07-01 20:00:00+00:00,36.244998931884766
2025-07-01 22:00:00+00:00,36.27000045776367
2025-07-01 23:00:00+00:00,36.275001525878906
2025-07-02 00:00:00+00:00,36.28499984741211
2025-07-02 01:00:00+00:00,36.25
2025-07-02 02:00:00+00:00,36.35499954223633
2025-07-02 03:00:00+00:00,36.19499969482422
2025-07-02 04:00:00+00:00,36.310001373291016
2025-07-02 05:00:00+00:00,36.275001525878906
2025-07-02 06:00:00+00:00,36.189998626708984
2025-07-02 07:00:00+00:00,36.279998779296875
2025-07-02 08:00:00+00:00,36.30500030517578
2025-07-02 09:00:00+00:00,36.43000030517578
2025-07-02 10:00:00+00:00,36.5099983215332
2025-07-02 11:00:00+00:00,36.45000076293945
2025-07-02 12:00:00+00:00,36.38999938964844
2025-07-02 13:00:00+00:00,36.474998474121094
2025-07-02 14:00:00+00:00,36.6349983215332
2025-07-02 15:00:00+00:00,36.67499923706055
2025-07-02 16:00:00+00:00,36.689998626708984
2025-07-02 17:00:00+00:00,36.73500061035156
2025-07-02 18:00:00+00:00,36.744998931884766
2025-07-02 19:00:00+00:00,36.80500030517578
2025-07-02 20:00:00+00:00,36.790000915527344
2025-07-02 22:00:00+00:00,36.81999969482422
2025-07-02 23:00:00+00:00,36.66999816894531
2025-07-03 00:00:00+00:00,36.650001525878906
2025-07-03 01:00:00+00:00,36.654998779296875
2025-07-03 02:00:00+00:00,36.65999984741211
2025-07-03 03:00:00+00:00,36.599998474121094
2025-07-03 13:30:00+00:00,37.025001525878906
2025-07-03 14:30:00+00:00,36.88999938964844
2025-07-03 15:30:00+00:00,37.040000915527344
2025-07-03 16:30:00+00:00,37.064998626708984
2025-07-04 04:00:00+00:00,37.064998626708984
2025-07-04 05:00:00+00:00,37.05500030517578
2025-07-04 06:00:00+00:00,37.040000915527344
2025-07-04 07:00:00+00:00,37.03499984741211
2025-07-04 08:00:00+00:00,37.040000915527344
2025-07-04 09:00:00+00:00,36.9900016784668
2025-07-04 10:00:00+00:00,37.07500076293945
2025-07-04 11:00:00+00:00,37.064998626708984
2025-07-04 12:00:00+00:00,37.04999923706055
2025-07-04 13:00:00+00:00,37.10499954223633
2025-07-04 14:00:00+00:00,37.09000015258789
2025-07-04 15:00:00+00:00,37.119998931884766
2025-07-04 16:00:00+00:00,37.1349983215332
2025-07-06 22:00:00+00:00,37.33000183105469
2025-07-06 23:00:00+00:00,37.23500061035156
2025-07-07 00:00:00+00:00,37.21500015258789
2025-07-07 01:00:00+00:00,37.10499954223633
2025-07-07 02:00:00+00:00,36.98500061035156
2025-07-07 03:00:00+00:00,36.974998474121094
2025-07-07 04:00:00+00:00,36.689998626708984
2025-07-07 05:00:00+00:00,36.79999923706055
2025-07-07 06:00:00+00:00,36.77000045776367
2025-07-07 07:00:00+00:00,36.665000915527344
2025-07-07 08:00:00+00:00,36.775001525878906
2025-07-07 09:00:00+00:00,36.79499816894531
2025-07-07 10:00:00+00:00,36.40999984741211
2025-07-07 11:00:00+00:00,36.40999984741211
2025-07-07 12:00:00+00:00,36.505001068115234
2025-07-07 13:00:00+00:00,36.779998779296875
2025-07-07 14:00:00+00:00,36.775001525878906
2025-07-07 15:00:00+00:00,36.875
2025-07-07 16:00:00+00:00,36.84000015258789
2025-07-07 17:00:00+00:00,36.904998779296875
2025-07-07 18:00:00+00:00,36.94499969482422
2025-07-07 19:00:00+00:00,36.96500015258789
2025-07-07 20:00:00+00:00,36.939998626708984
2025-07-07 22:00:00+00:00,36.970001220703125
2025-07-07 23:00:00+00:00,36.98500061035156
2025-07-08 00:00:00+00:00,36.95500183105469
2025-07-08 01:00:00+00:00,37.0099983215332
2025-07-08 02:00:00+00:00,37.029998779296875
2025-07-08 03:00:00+00:00,37.005001068115234
2025-07-08 04:00:00+00:00,36.974998474121094
2025-07-08 05:00:00+00:00,37.05500030517578
2025-07-08 06:00:00+00:00,37.03499984741211
2025-07-08 07:00:00+00:00,37.060001373291016
2025-07-08 08:00:00+00:00,36.935001373291016
2025-07-08 09:00:00+00:00,36.8650016784668
2025-07-08 10:00:00+00:00,36.9900016784668
2025-07-08 11:00:00+00:00,36.880001068115234
2025-07-08 12:00:00+00:00,36.92499923706055
2025-07-08 13:00:00+00:00,36.720001220703125
2025-07-08 14:00:00+00:00,36.55500030517578
2025-07-08 15:00:00+00:00,36.57500076293945
2025-07-08 16:00:00+00:00,36.69499969482422
2025-07-08 17:00:00+00:00,36.834999084472656
2025-07-08 18:00:00+00:00,36.869998931884766
2025-07-08 19:00:00+00:00,36.85499954223633
2025-07-08 20:00:00+00:00,36.92499923706055
2025-07-08 22:00:00+00:00,36.90999984741211
2025-07-08 23:00:00+00:00,36.7400016784668
2025-07-09 00:00:00+00:00,36.83000183105469
2025-07-09 01:00:00+00:00,36.814998626708984
2025-07-09 02:00:00+00:00,36.75
2025-07-09 03:00:00+00:00,36.78499984741211
2025-07-09 04:00:00+00:00,36.80500030517578
2025-07-09 05:00:00+00:00,36.8849983215332
2025-07-09 06:00:00+00:00,36.790000915527344
2025-07-09 07:00:00+00:00,36.72999954223633
2025-07-09 08:00:00+00:00,36.689998626708984
2025-07-09 09:00:00+00:00,36.810001373291016
2025-07-09 10:00:00+00:00,36.79999923706055
2025-07-09 11:00:00+00:00,36.70000076293945
2025-07-09 12:00:00+00:00,36.625
2025-07-09 13:00:00+00:00,36.64500045776367
2025-07-09 14:00:00+00:00,36.6349983215332
2025-07-09 15:00:00+00:00,36.68000030517578
2025-07-09 16:00:00+00:00,36.67499923706055
2025-07-09 17:00:00+00:00,36.54999923706055
2025-07-09 18:00:00+00:00,36.57500076293945
2025-07-09 19:00:00+00:00,36.57500076293945
2025-07-09 20:00:00+00:00,36.60499954223633
2025-07-09 22:00:00+00:00,36.625
2025-07-09 23:00:00+00:00,36.630001068115234
2025-07-10 00:00:00+00:00,36.6349983215332
2025-07-10 01:00:00+00:00,36.65999984741211
2025-07-10 02:00:00+00:00,36.67499923706055
2025-07-10 03:00:00+00:00,36.689998626708984
2025-07-10 04:00:00+00:00,36.73500061035156
2025-07-10 05:00:00+00:00,36.71500015258789
2025-07-10 06:00:00+00:00,36.810001373291016
2025-07-10 07:00:00+00:00,36.790000915527344
2025-07-10 08:00:00+00:00,36.869998931884766
2025-07-10 09:00:00+00:00,36.875
2025-07-10 10:00:00+00:00,37.05500030517578
2025-07-10 11:00:00+00:00,36.95000076293945
2025-07-10 12:00:00+00:00,37.08000183105469
2025-07-10 13:00:00+00:00,36.91999816894531
2025-07-10 14:00:00+00:00,37.005001068115234
2025-07-10 15:00:00+00:00,37.290000915527344
2025-07-10 16:00:00+00:00,37.255001068115234
2025-07-10 17:00:00+00:00,37.310001373291016
2025-07-10 18:00:00+00:00,37.494998931884766
2025-07-10 19:00:00+00:00,37.68000030517578
2025-07-10 20:00:00+00:00,37.625
2025-07-10 22:00:00+00:00,37.779998779296875
2025-07-10 23:00:00+00:00,37.790000915527344
2025-07-11 00:00:00+00:00,37.6150016784668
2025-07-11 01:00:00+00:00,37.70500183105469
2025-07-11 02:00:00+00:00,37.76499938964844
2025-07-11 03:00:00+00:00,37.78499984741211
2025-07-11 04:00:00+00:00,37.78499984741211
2025-07-11 05:00:00+00:00,38.10499954223633
2025-07-11 06:00:00+00:00,37.95500183105469
2025-07-11 07:00:00+00:00,38.2400016784668
2025-07-11 08:00:00+00:00,38.279998779296875
2025-07-11 09:00:00+00:00,38.404998779296875
2025-07-11 10:00:00+00:00,38.33000183105469
2025-07-11 11:00:00+00:00,38.42499923706055
2025-07-11 12:00:00+00:00,38.39500045776367
2025-07-11 13:00:00+00:00,38.494998931884766
2025-07-11 14:00:00+00:00,38.77000045776367
2025-07-11 15:00:00+00:00,38.814998626708984
2025-07-11 16:00:00+00:00,38.970001220703125
2025-07-11 17:00:00+00:00,39.02000045776367
2025-07-11 18:00:00+00:00,39.150001525878906
2025-07-11 19:00:00+00:00,39.185001373291016
2025-07-11 20:00:00+00:00,39.07500076293945
2025-07-14 04:00:00+00:00,39.47999954223633
2025-07-14 05:00:00+00:00,39.43000030517578
2025-07-14 06:00:00+00:00,39.3650016784668
2025-07-14 07:00:00+00:00,39.35499954223633
2025-07-14 08:00:00+00:00,39.35499954223633
2025-07-14 09:00:00+00:00,39.48500061035156
2025-07-14 10:00:00+00:00,39.380001068115234
2025-07-14 11:00:00+00:00,39.279998779296875
2025-07-14 12:00:00+00:00,39.150001525878906
2025-07-14 13:00:00+00:00,39.095001220703125
2025-07-14 14:00:00+00:00,38.625
2025-07-14 15:00:00+00:00,38.619998931884766
2025-07-14 16:00:00+00:00,38.76499938964844
2025-07-14 17:00:00+00:00,38.65999984741211
2025-07-14 18:00:00+00:00,38.6349983215332
2025-07-14 19:00:00+00:00,38.415000915527344
2025-07-14 20:00:00+00:00,38.40999984741211
2025-07-14 22:00:00+00:00,38.48500061035156
2025-07-14 23:00:00+00:00,38.525001525878906
2025-07-15 00:00:00+00:00,38.51499938964844
2025-07-15 01:00:00+00:00,38.584999084472656
2025-07-15 02:00:00+00:00,38.474998474121094
2025-07-15 03:00:00+00:00,38.474998474121094
2025-07-15 04:00:00+00:00,38.540000915527344
2025-07-15 05:00:00+00:00,38.564998626708984
2025-07-15 06:00:00+00:00,38.60499954223633
2025-07-15 07:00:00+00:00,38.68000030517578
2025-07-15 08:00:00+00:00,38.560001373291016
2025-07-15 09:00:00+00:00,38.6150016784668
2025-07-15 10:00:00+00:00,38.650001525878906
2025-07-15 11:00:00+00:00,38.619998931884766
2025-07-15 12:00:00+00:00,38.505001068115234
2025-07-15 13:00:00+00:00,38.290000915527344
2025-07-15 14:00:00+00:00,38.2400016784668
2025-07-15 15:00:00+00:00,37.9900016784668
2025-07-15 16:00:00+00:00,38.02000045776367
2025-07-15 17:00:00+00:00,38.099998474121094
2025-07-15 18:00:00+00:00,38.119998931884766
2025-07-15 19:00:00+00:00,38.095001220703125
2025-07-15 20:00:00+00:00,37.98500061035156
2025-07-15 22:00:00+00:00,38.06999969482422
2025-07-15 23:00:00+00:00,38.11000061035156
2025-07-16 00:00:00+00:00,38.09000015258789
2025-07-16 01:00:00+00:00,38.10499954223633
2025-07-16 02:00:00+00:00,38.060001373291016
2025-07-16 03:00:00+00:00,38.1349983215332
2025-07-16 04:00:00+00:00,38.154998779296875
2025-07-16 05:00:00+00:00,38.1349983215332
2025-07-16 06:00:00+00:00,38.185001373291016
2025-07-16 07:00:00+00:00,38.23500061035156
2025-07-16 08:00:00+00:00,38.2599983215332
2025-07-16 09:00:00+00:00,38.30500030517578
2025-07-16 10:00:00+00:00,38.16999816894531
2025-07-16 11:00:00+00:00,38.255001068115234
2025-07-16 12:00:00+00:00,38.11000061035156
2025-07-16 13:00:00+00:00,37.95000076293945
2025-07-16 14:00:00+00:00,38.025001525878906
2025-07-16 15:00:00+00:00,38.060001373291016
2025-07-16 16:00:00+00:00,38.03499984741211
2025-07-16 17:00:00+00:00,38.15999984741211
2025-07-16 18:00:00+00:00,38.1150016784668
2025-07-16 19:00:00+00:00,38.099998474121094
2025-07-16 20:00:00+00:00,38.125
2025-07-16 22:00:00+00:00,38.13999938964844
2025-07-16 23:00:00+00:00,38.11000061035156
2025-07-17 00:00:00+00:00,38.07500076293945
2025-07-17 01:00:00+00:00,38.20500183105469
2025-07-17 02:00:00+00:00,38.18000030517578
2025-07-17 03:00:00+00:00,38.25
2025-07-17 04:00:00+00:00,38.26499938964844
2025-07-17 05:00:00+00:00,38.25
2025-07-17 06:00:00+00:00,38.125
2025-07-17 07:00:00+00:00,37.9900016784668
2025-07-17 08:00:00+00:00,37.95000076293945
2025-07-17 09:00:00+00:00,37.98500061035156
2025-07-17 10:00:00+00:00,37.95500183105469
2025-07-17 11:00:00+00:00,38.06999969482422
2025-07-17 12:00:00+00:00,37.78499984741211
2025-07-17 13:00:00+00:00,37.95000076293945
2025-07-17 14:00:00+00:00,38.185001373291016
2025-07-17 15:00:00+00:00,38.27000045776367
2025-07-17 16:00:00+00:00,38.244998931884766
2025-07-17 17:00:00+00:00,38.35499954223633
2025-07-17 18:00:00+00:00,38.400001525878906
2025-07-17 19:00:00+00:00,38.45000076293945
2025-07-17 20:00:00+00:00,38.435001373291016
2025-07-17 22:00:00+00:00,38.435001373291016
2025-07-17 23:00:00+00:00,38.41999816894531
2025-07-18 00:00:00+00:00,38.46500015258789
2025-07-18 01:00:00+00:00,38.474998474121094
2025-07-18 02:00:00+00:00,38.54999923706055
2025-07-18 03:00:00+00:00,38.494998931884766
2025-07-18 04:00:00+00:00,38.45500183105469
2025-07-18 05:00:00+00:00,38.40999984741211
2025-07-18 06:00:00+00:00,38.720001220703125
2025-07-18 07:00:00+00:00,38.70500183105469
2025-07-18 08:00:00+00:00,38.64500045776367
2025-07-18 09:00:00+00:00,38.744998931884766
2025-07-18 10:00:00+00:00,38.654998779296875
2025-07-18 11:00:00+00:00,38.73500061035156
2025-07-18 12:00:00+00:00,38.76499938964844
2025-07-18 13:00:00+00:00,38.57500076293945
2025-07-18 14:00:00+00:00,38.59000015258789
2025-07-18 15:00:00+00:00,38.529998779296875
2025-07-18 16:00:00+00:00,38.474998474121094
2025-07-18 17:00:00+00:00,38.53499984741211
2025-07-18 18:00:00+00:00,38.4900016784668
2025-07-18 19:00:00+00:00,38.3849983215332
2025-07-18 20:00:00+00:00,38.42499923706055
2025-07-20 22:00:00+00:00,38.40999984741211
2025-07-20 23:00:00+00:00,38.46500015258789
2025-07-21 00:00:00+00:00,38.525001525878906
2025-07-21 01:00:00+00:00,38.57500076293945
2025-07-21 02:00:00+00:00,38.54499816894531
2025-07-21 03:00:00+00:00,38.53499984741211
2025-07-21 04:00:00+00:00,38.5
2025-07-21 05:00:00+00:00,38.584999084472656
2025-07-21 06:00:00+00:00,38.630001068115234
2025-07-21 07:00:00+00:00,38.75
2025-07-21 08:00:00+00:00,38.81999969482422
2025-07-21 09:00:00+00:00,38.834999084472656
2025-07-21 10:00:00+00:00,38.845001220703125
2025-07-21 11:00:00+00:00,38.904998779296875
2025-07-21 12:00:00+00:00,38.83000183105469
2025-07-21 13:00:00+00:00,39.22999954223633
2025-07-21 14:00:00+00:00,39.31999969482422
2025-07-21 15:00:00+00:00,39.279998779296875
2025-07-21 16:00:00+00:00,39.349998474121094
2025-07-21 17:00:00+00:00,39.334999084472656
2025-07-21 18:00:00+00:00,39.334999084472656
2025-07-21 19:00:00+00:00,39.209999084472656
2025-07-21 20:00:00+00:00,39.2400016784668
2025-07-21 22:00:00+00:00,39.2599983215332
2025-07-21 23:00:00+00:00,39.29499816894531
2025-07-22 00:00:00+00:00,39.23500061035156
2025-07-22 01:00:00+00:00,39.11000061035156
2025-07-22 02:00:00+00:00,39.185001373291016
2025-07-22 03:00:00+00:00,39.17499923706055
2025-07-22 04:00:00+00:00,39.09000015258789
2025-07-22 05:00:00+00:00,39.095001220703125
2025-07-22 06:00:00+00:00,39.19499969482422
2025-07-22 07:00:00+00:00,39.150001525878906
2025-07-22 08:00:00+00:00,39.17499923706055
2025-07-22 09:00:00+00:00,39.150001525878906
2025-07-22 10:00:00+00:00,39.119998931884766
2025-07-22 11:00:00+00:00,39.244998931884766
2025-07-22 12:00:00+00:00,39.459999084472656
2025-07-22 13:00:00+00:00,39.18000030517578
2025-07-22 14:00:00+00:00,39.459999084472656
2025-07-22 15:00:00+00:00,39.53499984741211
2025-07-22 16:00:00+00:00,39.56999969482422
2025-07-22 17:00:00+00:00,39.529998779296875
2025-07-22 18:00:00+00:00,39.52000045776367
2025-07-22 19:00:00+00:00,39.6150016784668
2025-07-22 20:00:00+00:00,39.65999984741211
2025-07-22 22:00:00+00:00,39.65999984741211
2025-07-22 23:00:00+00:00,39.619998931884766
2025-07-23 00:00:00+00:00,39.60499954223633
2025-07-23 01:00:00+00:00,39.560001373291016
2025-07-23 02:00:00+00:00,39.59000015258789
2025-07-23 03:00:00+00:00,39.65999984741211
2025-07-23 04:00:00+00:00,39.665000915527344
2025-07-23 05:00:00+00:00,39.630001068115234
2025-07-23 06:00:00+00:00,39.66999816894531
2025-07-23 07:00:00+00:00,39.54499816894531
2025-07-23 08:00:00+00:00,39.73500061035156
2025-07-23 09:00:00+00:00,39.814998626708984
2025-07-23 10:00:00+00:00,39.724998474121094
2025-07-23 11:00:00+00:00,39.755001068115234
2025-07-23 12:00:00+00:00,39.81999969482422
2025-07-23 13:00:00+00:00,39.72999954223633
2025-07-23 14:00:00+00:00,39.755001068115234
2025-07-23 15:00:00+00:00,39.584999084472656
2025-07-23 16:00:00+00:00,39.44499969482422
2025-07-23 17:00:00+00:00,39.5099983215332
2025-07-23 18:00:00+00:00,39.58000183105469
2025-07-23 19:00:00+00:00,39.59000015258789
2025-07-23 20:00:00+00:00,39.52000045776367
2025-07-23 22:00:00+00:00,39.55500030517578
2025-07-23 23:00:00+00:00,39.57500076293945
2025-07-24 00:00:00+00:00,39.57500076293945
2025-07-24 01:00:00+00:00,39.375
2025-07-24 02:00:00+00:00,39.34000015258789
2025-07-24 03:00:00+00:00,39.26499938964844
2025-07-24 04:00:00+00:00,39.279998779296875
2025-07-24 05:00:00+00:00,39.279998779296875
2025-07-24 06:00:00+00:00,39.38999938964844
2025-07-24 07:00:00+00:00,39.29499816894531
2025-07-24 08:00:00+00:00,39.334999084472656
2025-07-24 09:00:00+00:00,39.33000183105469
2025-07-24 10:00:00+00:00,39.29999923706055
2025-07-24 11:00:00+00:00,39.35499954223633
2025-07-24 12:00:00+00:00,39.005001068115234
2025-07-24 13:00:00+00:00,39.279998779296875
2025-07-24 14:00:00+00:00,39.255001068115234
2025-07-24 15:00:00+00:00,39.220001220703125
2025-07-24 16:00:00+00:00,39.154998779296875
2025-07-24 17:00:00+00:00,39.244998931884766
2025-07-24 18:00:00+00:00,39.32500076293945
2025-07-24 19:00:00+00:00,39.314998626708984
2025-07-24 20:00:00+00:00,39.28499984741211
2025-07-24 22:00:00+00:00,39.334999084472656
2025-07-24 23:00:00+00:00,39.345001220703125
2025-07-25 00:00:00+00:00,39.400001525878906
2025-07-25 01:00:00+00:00,39.5
2025-07-25 02:00:00+00:00,39.380001068115234
2025-07-25 03:00:00+00:00,39.275001525878906
2025-07-25 04:00:00+00:00,39.209999084472656
2025-07-25 05:00:00+00:00,39.224998474121094
2025-07-25 06:00:00+00:00,39.29499816894531
2025-07-25 07:00:00+00:00,39.2400016784668
2025-07-25 08:00:00+00:00,39.06999969482422
2025-07-25 09:00:00+00:00,39.03499984741211
2025-07-25 10:00:00+00:00,38.97999954223633
2025-07-25 11:00:00+00:00,38.970001220703125
2025-07-25 12:00:00+00:00,39.07500076293945
2025-07-25 13:00:00+00:00,39.029998779296875
2025-07-25 14:00:00+00:00,38.56999969482422
2025-07-25 15:00:00+00:00,38.220001220703125
2025-07-25 16:00:00+00:00,38.30500030517578
2025-07-25 17:00:00+00:00,38.36000061035156
2025-07-25 18:00:00+00:00,38.38999938964844
2025-07-25 19:00:00+00:00,38.345001220703125
2025-07-25 20:00:00+00:00,38.32500076293945
2025-07-28 00:00:00+00:00,38.38999938964844
2025-07-28 01:00:00+00:00,38.36000061035156
2025-07-28 02:00:00+00:00,38.45500183105469
2025-07-28 03:00:00+00:00,38.400001525878906
2025-07-28 04:00:00+00:00,38.33000183105469
2025-07-28 05:00:00+00:00,38.415000915527344
2025-07-28 06:00:00+00:00,38.41999816894531
2025-07-28 07:00:00+00:00,38.334999084472656
2025-07-28 08:00:00+00:00,38.334999084472656
2025-07-28 09:00:00+00:00,38.310001373291016
2025-07-28 10:00:00+00:00,38.2400016784668
2025-07-28 11:00:00+00:00,38.290000915527344
2025-07-28 12:00:00+00:00,38.27000045776367
2025-07-28 13:00:00+00:00,38.09000015258789
2025-07-28 14:00:00+00:00,38.27000045776367
2025-07-28 15:00:00+00:00,38.345001220703125
2025-07-28 16:00:00+00:00,38.28499984741211
2025-07-28 17:00:00+00:00,38.220001220703125
2025-07-28 18:00:00+00:00,38.28499984741211
2025-07-28 19:00:00+00:00,38.314998626708984
2025-07-28 20:00:00+00:00,38.33000183105469
2025-07-28 22:00:00+00:00,38.33000183105469
2025-07-28 23:00:00+00:00,38.345001220703125
2025-07-29 00:00:00+00:00,38.279998779296875
2025-07-29 01:00:00+00:00,38.27000045776367
2025-07-29 02:00:00+00:00,38.34000015258789
2025-07-29 03:00:00+00:00,38.2599983215332
2025-07-29 04:00:00+00:00,38.275001525878906
2025-07-29 05:00:00+00:00,38.32500076293945
2025-07-29 06:00:00+00:00,38.22999954223633
2025-07-29 07:00:00+00:00,38.20000076293945
2025-07-29 08:00:00+00:00,38.345001220703125
2025-07-29 09:00:00+00:00,38.34000015258789
2025-07-29 10:00:00+00:00,38.279998779296875
2025-07-29 11:00:00+00:00,38.209999084472656
2025-07-29 12:00:00+00:00,38.20000076293945
2025-07-29 13:00:00+00:00,38.25
2025-07-29 14:00:00+00:00,38.310001373291016
2025-07-29 15:00:00+00:00,38.310001373291016
2025-07-29 16:00:00+00:00,38.314998626708984
2025-07-29 17:00:00+00:00,38.35499954223633
2025-07-29 18:00:00+00:00,38.349998474121094
2025-07-29 19:00:00+00:00,38.32500076293945
2025-07-29 20:00:00+00:00,38.3849983215332
2025-07-29 22:00:00+00:00,38.380001068115234
2025-07-29 23:00:00+00:00,38.3849983215332
2025-07-30 00:00:00+00:00,38.38999938964844
2025-07-30 01:00:00+00:00,38.220001220703125
2025-07-30 02:00:00+00:00,38.314998626708984
2025-07-30 03:00:00+00:00,38.35499954223633
2025-07-30 04:00:00+00:00,38.33000183105469
2025-07-30 05:00:00+00:00,38.220001220703125
2025-07-30 06:00:00+00:00,38.189998626708984
2025-07-30 07:00:00+00:00,38.165000915527344
2025-07-30 08:00:00+00:00,38.21500015258789
2025-07-30 09:00:00+00:00,38.21500015258789
2025-07-30 10:00:00+00:00,38.07500076293945
2025-07-30 11:00:00+00:00,38.04999923706055
2025-07-30 12:00:00+00:00,37.88999938964844
2025-07-30 13:00:00+00:00,37.80500030517578
2025-07-30 14:00:00+00:00,37.77000045776367
2025-07-30 15:00:00+00:00,37.689998626708984
2025-07-30 16:00:00+00:00,37.755001068115234
2025-07-30 17:00:00+00:00,37.77000045776367
2025-07-30 18:00:00+00:00,37.125
2025-07-30 19:00:00+00:00,36.95000076293945
2025-07-30 20:00:00+00:00,37.17499923706055
2025-07-30 22:00:00+00:00,37.13999938964844
2025-07-30 23:00:00+00:00,37.19499969482422
2025-07-31 00:00:00+00:00,37.18000030517578
2025-07-31 01:00:00+00:00,37.005001068115234
2025-07-31 02:00:00+00:00,37.165000915527344
2025-07-31 03:00:00+00:00,37.16999816894531
2025-07-31 04:00:00+00:00,37.2599983215332
2025-07-31 05:00:00+00:00,37.2400016784668
2025-07-31 06:00:00+00:00,37.189998626708984
2025-07-31 07:00:00+00:00,37.0099983215332
2025-07-31 08:00:00+00:00,37.01499938964844
2025-07-31 09:00:00+00:00,36.83000183105469
2025-07-31 10:00:00+00:00,36.3650016784668
2025-07-31 11:00:00+00:00,36.67499923706055
2025-07-31 12:00:00+00:00,36.724998474121094
2025-07-31 13:00:00+00:00,36.63999938964844
2025-07-31 14:00:00+00:00,36.540000915527344
2025-07-31 15:00:00+00:00,36.69499969482422
2025-07-31 16:00:00+00:00,36.724998474121094
2025-07-31 17:00:00+00:00,36.685001373291016
2025-07-31 18:00:00+00:00,36.77000045776367
2025-07-31 19:00:00+00:00,36.77000045776367
2025-07-31 20:00:00+00:00,36.790000915527344
2025-07-31 22:00:00+00:00,36.790000915527344
2025-07-31 23:00:00+00:00,36.755001068115234
2025-08-01 00:00:00+00:00,36.724998474121094
2025-08-01 01:00:00+00:00,36.595001220703125
2025-08-01 02:00:00+00:00,36.654998779296875
2025-08-01 03:00:00+00:00,36.654998779296875
2025-08-01 04:00:00+00:00,36.64500045776367
2025-08-01 05:00:00+00:00,36.755001068115234
2025-08-01 06:00:00+00:00,36.665000915527344
2025-08-01 07:00:00+00:00,36.5099983215332
2025-08-01 08:00:00+00:00,36.474998474121094
2025-08-01 09:00:00+00:00,36.470001220703125
2025-08-01 10:00:00+00:00,36.529998779296875
2025-08-01 11:00:00+00:00,36.494998931884766
2025-08-01 12:00:00+00:00,37.084999084472656
2025-08-01 13:00:00+00:00,36.96500015258789
2025-08-01 14:00:00+00:00,36.96500015258789
2025-08-01 15:00:00+00:00,36.974998474121094
2025-08-01 16:00:00+00:00,36.904998779296875
2025-08-01 17:00:00+00:00,36.91999816894531
2025-08-01 18:00:00+00:00,36.915000915527344
2025-08-01 19:00:00+00:00,37.025001525878906
2025-08-01 20:00:00+00:00,37.10499954223633
2025-08-03 22:00:00+00:00,37.04999923706055
2025-08-03 23:00:00+00:00,37.095001220703125
2025-08-04 00:00:00+00:00,36.88999938964844
2025-08-04 01:00:00+00:00,36.8849983215332
2025-08-04 02:00:00+00:00,37.040000915527344
2025-08-04 03:00:00+00:00,37.125
2025-08-04 04:00:00+00:00,37.13999938964844
2025-08-04 05:00:00+00:00,37.16999816894531
2025-08-04 06:00:00+00:00,37.279998779296875
2025-08-04 07:00:00+00:00,37.290000915527344
2025-08-04 08:00:00+00:00,37.40999984741211
2025-08-04 09:00:00+00:00,37.26499938964844
2025-08-04 10:00:00+00:00,37.19499969482422
2025-08-04 11:00:00+00:00,37.369998931884766
2025-08-04 12:00:00+00:00,37.30500030517578
2025-08-04 13:00:00+00:00,37.38999938964844
2025-08-04 14:00:00+00:00,37.369998931884766
2025-08-04 15:00:00+00:00,37.41999816894531
2025-08-04 16:00:00+00:00,37.3650016784668
2025-08-04 17:00:00+00:00,37.36000061035156
2025-08-04 18:00:00+00:00,37.400001525878906
2025-08-04 19:00:00+00:00,37.42499923706055
2025-08-04 20:00:00+00:00,37.44499969482422
2025-08-04 22:00:00+00:00,37.41999816894531
2025-08-04 23:00:00+00:00,37.46500015258789
2025-08-05 00:00:00+00:00,37.44499969482422
2025-08-05 01:00:00+00:00,37.46500015258789
2025-08-05 02:00:00+00:00,37.470001220703125
2025-08-05 03:00:00+00:00,37.42499923706055
2025-08-05 04:00:00+00:00,37.404998779296875
2025-08-05 05:00:00+00:00,37.48500061035156
2025-08-05 06:00:00+00:00,37.36000061035156
2025-08-05 07:00:00+00:00,37.435001373291016
2025-08-05 08:00:00+00:00,37.470001220703125
2025-08-05 09:00:00+00:00,37.3650016784668
2025-08-05 10:00:00+00:00,37.3650016784668
2025-08-05 11:00:00+00:00,37.400001525878906
2025-08-05 12:00:00+00:00,37.529998779296875
2025-08-05 13:00:00+00:00,37.59000015258789
2025-08-05 14:00:00+00:00,37.810001373291016
2025-08-05 15:00:00+00:00,37.845001220703125
2025-08-05 16:00:00+00:00,37.81999969482422
2025-08-05 17:00:00+00:00,37.86000061035156
2025-08-05 18:00:00+00:00,37.85499954223633
2025-08-05 19:00:00+00:00,37.814998626708984
2025-08-05 20:00:00+00:00,37.834999084472656
2025-08-05 22:00:00+00:00,37.810001373291016
2025-08-05 23:00:00+00:00,37.84000015258789
2025-08-06 00:00:00+00:00,37.82500076293945
2025-08-06 01:00:00+00:00,37.88999938964844
2025-08-06 02:00:00+00:00,37.83000183105469
2025-08-06 03:00:00+00:00,37.85499954223633
2025-08-06 04:00:00+00:00,37.82500076293945
2025-08-06 05:00:00+00:00,37.834999084472656
2025-08-06 06:00:00+00:00,37.86000061035156
2025-08-06 07:00:00+00:00,37.89500045776367
2025-08-06 08:00:00+00:00,37.79999923706055
2025-08-06 09:00:00+00:00,37.67499923706055
2025-08-06 10:00:00+00:00,37.814998626708984
2025-08-06 11:00:00+00:00,37.849998474121094
2025-08-06 12:00:00+00:00,37.7400016784668
2025-08-06 13:00:00+00:00,37.95000076293945
2025-08-06 14:00:00+00:00,37.9900016784668
2025-08-06 15:00:00+00:00,37.95000076293945
2025-08-06 16:00:00+00:00,37.880001068115234
2025-08-06 17:00:00+00:00,37.970001220703125
2025-08-06 18:00:00+00:00,37.91999816894531
2025-08-06 19:00:00+00:00,37.93000030517578
2025-08-06 20:00:00+00:00,37.935001373291016
2025-08-06 22:00:00+00:00,38.005001068115234
2025-08-06 23:00:00+00:00,37.9900016784668
2025-08-07 00:00:00+00:00,37.994998931884766
2025-08-07 01:00:00+00:00,38.09000015258789
2025-08-07 02:00:00+00:00,38.1150016784668
2025-08-07 03:00:00+00:00,38.154998779296875
2025-08-07 04:00:00+00:00,38.20000076293945
2025-08-07 05:00:00+00:00,38.19499969482422
2025-08-07 06:00:00+00:00,38.32500076293945
2025-08-07 07:00:00+00:00,38.46500015258789
2025-08-07 08:00:00+00:00,38.400001525878906
2025-08-07 09:00:00+00:00,38.415000915527344
2025-08-07 10:00:00+00:00,38.665000915527344
2025-08-07 11:00:00+00:00,38.56999969482422
2025-08-07 12:00:00+00:00,38.51499938964844
2025-08-07 13:00:00+00:00,38.54499816894531
2025-08-07 14:00:00+00:00,38.29499816894531
2025-08-07 15:00:00+00:00,38.31999969482422
2025-08-07 16:00:00+00:00,38.275001525878906
2025-08-07 17:00:00+00:00,38.2599983215332
2025-08-07 18:00:00+00:00,38.209999084472656
2025-08-07 19:00:00+00:00,38.459999084472656
2025-08-07 20:00:00+00:00,38.529998779296875
2025-08-07 22:00:00+00:00,38.70000076293945
2025-08-07 23:00:00+00:00,38.70500183105469
2025-08-08 00:00:00+00:00,38.57500076293945
2025-08-08 01:00:00+00:00,38.505001068115234
2025-08-08 02:00:00+00:00,38.474998474121094
2025-08-08 03:00:00+00:00,38.4900016784668
2025-08-08 04:00:00+00:00,38.494998931884766
2025-08-08 05:00:00+00:00,38.52000045776367
2025-08-08 06:00:00+00:00,38.59000015258789
2025-08-08 07:00:00+00:00,38.724998474121094
2025-08-08 08:00:00+00:00,38.599998474121094
2025-08-08 09:00:00+00:00,38.619998931884766
2025-08-08 10:00:00+00:00,38.45500183105469
2025-08-08 11:00:00+00:00,38.53499984741211
2025-08-08 12:00:00+00:00,38.474998474121094
2025-08-08 13:00:00+00:00,38.665000915527344
2025-08-08 14:00:00+00:00,38.58000183105469
2025-08-08 15:00:00+00:00,38.54499816894531
2025-08-08 16:00:00+00:00,38.5099983215332
2025-08-08 17:00:00+00:00,38.35499954223633
2025-08-08 18:00:00+00:00,38.494998931884766
2025-08-08 19:00:00+00:00,38.525001525878906
2025-08-08 20:00:00+00:00,38.5099983215332
2025-08-10 22:00:00+00:00,38.42499923706055
2025-08-10 23:00:00+00:00,38.33000183105469
2025-08-11 00:00:00+00:00,38.290000915527344
2025-08-11 01:00:00+00:00,38.28499984741211
2025-08-11 02:00:00+00:00,38.22999954223633
2025-08-11 03:00:00+00:00,38.20500183105469
2025-08-11 04:00:00+00:00,38.165000915527344
2025-08-11 05:00:00+00:00,38.30500030517578
2025-08-11 06:00:00+00:00,38.15999984741211
2025-08-11 07:00:00+00:00,37.75
2025-08-11 08:00:00+00:00,38.0
2025-08-11 09:00:00+00:00,37.939998626708984
2025-08-11 10:00:00+00:00,37.845001220703125
2025-08-11 11:00:00+00:00,37.80500030517578
2025-08-11 12:00:00+00:00,37.900001525878906
2025-08-11 13:00:00+00:00,37.97999954223633
2025-08-11 14:00:00+00:00,37.834999084472656
2025-08-11 15:00:00+00:00,37.845001220703125
2025-08-11 16:00:00+00:00,37.77000045776367
2025-08-11 17:00:00+00:00,37.834999084472656
2025-08-11 18:00:00+00:00,37.76499938964844
2025-08-11 19:00:00+00:00,37.70500183105469
2025-08-11 20:00:00+00:00,37.64500045776367
2025-08-11 22:00:00+00:00,37.66999816894531
2025-08-11 23:00:00+00:00,37.70000076293945
2025-08-12 00:00:00+00:00,37.84000015258789
2025-08-12 01:00:00+00:00,37.834999084472656
2025-08-12 02:00:00+00:00,37.85499954223633
2025-08-12 03:00:00+00:00,37.915000915527344
2025-08-12 04:00:00+00:00,37.935001373291016
2025-08-12 05:00:00+00:00,37.96500015258789
2025-08-12 06:00:00+00:00,37.880001068115234
2025-08-12 07:00:00+00:00,37.81999969482422
2025-08-12 08:00:00+00:00,37.80500030517578
2025-08-12 09:00:00+00:00,37.7599983215332
2025-08-12 10:00:00+00:00,37.71500015258789
2025-08-12 11:00:00+00:00,37.790000915527344
2025-08-12 12:00:00+00:00,37.849998474121094
2025-08-12 13:00:00+00:00,37.72999954223633
2025-08-12 14:00:00+00:00,37.69499969482422
2025-08-12 15:00:00+00:00,38.029998779296875
2025-08-12 16:00:00+00:00,38.005001068115234
2025-08-12 17:00:00+00:00,37.96500015258789
2025-08-12 18:00:00+00:00,37.90999984741211
2025-08-12 19:00:00+00:00,37.91999816894531
2025-08-12 20:00:00+00:00,37.939998626708984
2025-08-12 22:00:00+00:00,37.96500015258789
2025-08-12 23:00:00+00:00,37.94499969482422
2025-08-13 00:00:00+00:00,37.88999938964844
2025-08-13 01:00:00+00:00,38.13999938964844
2025-08-13 02:00:00+00:00,38.185001373291016
2025-08-13 03:00:00+00:00,38.20000076293945
2025-08-13 04:00:00+00:00,38.2599983215332
2025-08-13 05:00:00+00:00,38.25
2025-08-13 06:00:00+00:00,38.40999984741211
2025-08-13 07:00:00+00:00,38.45500183105469
2025-08-13 08:00:00+00:00,38.54499816894531
2025-08-13 09:00:00+00:00,38.6349983215332
2025-08-13 10:00:00+00:00,38.665000915527344
2025-08-13 11:00:00+00:00,38.64500045776367
2025-08-13 12:00:00+00:00,38.6349983215332
2025-08-13 13:00:00+00:00,38.51499938964844
2025-08-13 14:00:00+00:00,38.57500076293945
2025-08-13 15:00:00+00:00,38.52000045776367
2025-08-13 16:00:00+00:00,38.54499816894531
2025-08-13 17:00:00+00:00,38.54499816894531
2025-08-13 18:00:00+00:00,38.529998779296875
2025-08-13 19:00:00+00:00,38.58000183105469
2025-08-13 20:00:00+00:00,38.54999923706055
2025-08-13 22:00:00+00:00,38.56999969482422
2025-08-13 23:00:00+00:00,38.56999969482422
2025-08-14 00:00:00+00:00,38.619998931884766
2025-08-14 01:00:00+00:00,38.67499923706055
2025-08-14 02:00:00+00:00,38.744998931884766
2025-08-14 03:00:00+00:00,38.6349983215332
2025-08-14 04:00:00+00:00,38.63999938964844
2025-08-14 05:00:00+00:00,38.529998779296875
2025-08-14 06:00:00+00:00,38.48500061035156
2025-08-14 07:00:00+00:00,38.33000183105469
2025-08-14 08:00:00+00:00,38.279998779296875
2025-08-14 09:00:00+00:00,38.400001525878906
2025-08-14 10:00:00+00:00,38.369998931884766
2025-08-14 11:00:00+00:00,38.369998931884766
2025-08-14 12:00:00+00:00,38.2400016784668
2025-08-14 13:00:00+00:00,38.04999923706055
2025-08-14 14:00:00+00:00,38.0099983215332
2025-08-14 15:00:00+00:00,38.10499954223633
2025-08-14 16:00:00+00:00,38.02000045776367
2025-08-14 17:00:00+00:00,38.029998779296875
2025-08-14 18:00:00+00:00,38.095001220703125
2025-08-14 19:00:00+00:00,38.040000915527344
2025-08-14 20:00:00+00:00,38.03499984741211
2025-08-14 22:00:00+00:00,38.03499984741211
2025-08-14 23:00:00+00:00,38.029998779296875
2025-08-15 00:00:00+00:00,38.040000915527344
2025-08-15 01:00:00+00:00,38.025001525878906
2025-08-15 02:00:00+00:00,37.970001220703125
2025-08-15 03:00:00+00:00,38.04499816894531
2025-08-15 04:00:00+00:00,38.05500030517578
2025-08-15 05:00:00+00:00,38.09000015258789
2025-08-15 06:00:00+00:00,38.0099983215332
2025-08-15 07:00:00+00:00,38.08000183105469
2025-08-15 08:00:00+00:00,37.9900016784668
2025-08-15 09:00:00+00:00,37.904998779296875
2025-08-15 10:00:00+00:00,37.81999969482422
2025-08-15 11:00:00+00:00,37.875
2025-08-15 12:00:00+00:00,37.875
2025-08-15 13:00:00+00:00,37.790000915527344
2025-08-15 14:00:00+00:00,37.939998626708984
2025-08-15 15:00:00+00:00,38.0099983215332
2025-08-15 16:00:00+00:00,37.94499969482422
2025-08-15 17:00:00+00:00,37.97999954223633
2025-08-15 18:00:00+00:00,37.9900016784668
2025-08-15 19:00:00+00:00,38.02000045776367
2025-08-15 20:00:00+00:00,37.974998474121094
2025-08-17 22:00:00+00:00,37.91999816894531
2025-08-17 23:00:00+00:00,37.880001068115234
2025-08-18 00:00:00+00:00,38.11000061035156
2025-08-18 01:00:00+00:00,38.189998626708984
2025-08-18 02:00:00+00:00,38.05500030517578
2025-08-18 03:00:00+00:00,38.185001373291016
2025-08-18 04:00:00+00:00,38.23500061035156
2025-08-18 05:00:00+00:00,38.150001525878906
2025-08-18 06:00:00+00:00,38.19499969482422
2025-08-18 07:00:00+00:00,38.165000915527344
2025-08-18 08:00:00+00:00,38.165000915527344
2025-08-18 09:00:00+00:00,38.209999084472656
2025-08-18 10:00:00+00:00,38.165000915527344
2025-08-18 11:00:00+00:00,38.119998931884766
2025-08-18 12:00:00+00:00,38.27000045776367
2025-08-18 13:00:00+00:00,38.095001220703125
2025-08-18 14:00:00+00:00,38.095001220703125
2025-08-18 15:00:00+00:00,38.06999969482422
2025-08-18 16:00:00+00:00,37.994998931884766
2025-08-18 17:00:00+00:00,38.05500030517578
2025-08-18 18:00:00+00:00,38.040000915527344
2025-08-18 19:00:00+00:00,38.09000015258789
2025-08-18 20:00:00+00:00,38.064998626708984
2025-08-18 22:00:00+00:00,38.125
2025-08-18 23:00:00+00:00,38.099998474121094
2025-08-19 00:00:00+00:00,38.099998474121094
2025-08-19 01:00:00+00:00,37.90999984741211
2025-08-19 02:00:00+00:00,37.90999984741211
2025-08-19 03:00:00+00:00,37.94499969482422
2025-08-19 04:00:00+00:00,37.935001373291016
2025-08-19 05:00:00+00:00,37.8849983215332
2025-08-19 06:00:00+00:00,37.935001373291016
2025-08-19 07:00:00+00:00,38.04499816894531
2025-08-19 08:00:00+00:00,38.06999969482422
2025-08-19 09:00:00+00:00,38.10499954223633
2025-08-19 10:00:00+00:00,38.11000061035156
2025-08-19 11:00:00+00:00,38.095001220703125
2025-08-19 12:00:00+00:00,38.08000183105469
2025-08-19 13:00:00+00:00,37.92499923706055
2025-08-19 14:00:00+00:00,37.474998474121094
2025-08-19 15:00:00+00:00,37.435001373291016
2025-08-19 16:00:00+00:00,37.30500030517578
2025-08-19 17:00:00+00:00,37.310001373291016
2025-08-19 18:00:00+00:00,37.27000045776367
2025-08-19 19:00:00+00:00,37.2599983215332
2025-08-19 20:00:00+00:00,37.33000183105469
2025-08-19 22:00:00+00:00,37.334999084472656
2025-08-19 23:00:00+00:00,37.31999969482422
2025-08-20 00:00:00+00:00,37.314998626708984
2025-08-20 01:00:00+00:00,37.19499969482422
2025-08-20 02:00:00+00:00,37.17499923706055
2025-08-20 03:00:00+00:00,37.14500045776367
2025-08-20 04:00:00+00:00,37.125
2025-08-20 05:00:00+00:00,37.189998626708984
2025-08-20 06:00:00+00:00,37.1349983215332
2025-08-20 07:00:00+00:00,37.150001525878906
2025-08-20 08:00:00+00:00,37.05500030517578
2025-08-20 09:00:00+00:00,37.07500076293945
2025-08-20 10:00:00+00:00,37.05500030517578
2025-08-20 11:00:00+00:00,37.189998626708984
2025-08-20 12:00:00+00:00,37.625
2025-08-20 13:00:00+00:00,37.755001068115234
2025-08-20 14:00:00+00:00,37.775001525878906
2025-08-20 15:00:00+00:00,37.76499938964844
2025-08-20 16:00:00+00:00,37.779998779296875
2025-08-20 17:00:00+00:00,37.814998626708984
2025-08-20 18:00:00+00:00,37.790000915527344
2025-08-20 19:00:00+00:00,37.900001525878906
2025-08-20 20:00:00+00:00,37.89500045776367
2025-08-20 22:00:00+00:00,37.88999938964844
2025-08-20 23:00:00+00:00,37.880001068115234
2025-08-21 00:00:00+00:00,37.85499954223633
2025-08-21 01:00:00+00:00,37.89500045776367
2025-08-21 02:00:00+00:00,37.880001068115234
2025-08-21 03:00:00+00:00,37.8650016784668
2025-08-21 04:00:00+00:00,37.88999938964844
2025-08-21 05:00:00+00:00,37.875
2025-08-21 06:00:00+00:00,37.79999923706055
2025-08-21 07:00:00+00:00,37.814998626708984
2025-08-21 08:00:00+00:00,37.79999923706055
2025-08-21 09:00:00+00:00,37.744998931884766
2025-08-21 10:00:00+00:00,37.53499984741211
2025-08-21 11:00:00+00:00,37.70000076293945
2025-08-21 12:00:00+00:00,37.970001220703125
2025-08-21 13:00:00+00:00,37.9900016784668
2025-08-21 14:00:00+00:00,38.099998474121094
2025-08-21 15:00:00+00:00,38.1349983215332
2025-08-21 16:00:00+00:00,38.09000015258789
2025-08-21 17:00:00+00:00,38.08000183105469
2025-08-21 18:00:00+00:00,38.08000183105469
2025-08-21 19:00:00+00:00,38.09000015258789
2025-08-21 20:00:00+00:00,38.099998474121094
2025-08-21 22:00:00+00:00,38.064998626708984
2025-08-21 23:00:00+00:00,38.05500030517578
2025-08-22 00:00:00+00:00,38.125
2025-08-22 01:00:00+00:00,38.08000183105469
2025-08-22 02:00:00+00:00,38.064998626708984
2025-08-22 03:00:00+00:00,38.03499984741211
2025-08-22 04:00:00+00:00,38.01499938964844
2025-08-22 05:00:00+00:00,38.0
2025-08-22 06:00:00+00:00,37.939998626708984
2025-08-22 07:00:00+00:00,37.970001220703125
2025-08-22 08:00:00+00:00,37.98500061035156
2025-08-22 09:00:00+00:00,37.96500015258789
2025-08-22 10:00:00+00:00,37.974998474121094
2025-08-22 11:00:00+00:00,37.935001373291016
2025-08-22 12:00:00+00:00,37.779998779296875
2025-08-22 13:00:00+00:00,37.93000030517578
2025-08-22 14:00:00+00:00,38.959999084472656
2025-08-22 15:00:00+00:00,38.939998626708984
2025-08-22 16:00:00+00:00,39.0
2025-08-22 17:00:00+00:00,39.040000915527344
2025-08-22 18:00:00+00:00,39.0099983215332
2025-08-22 19:00:00+00:00,38.89500045776367
2025-08-22 20:00:00+00:00,39.05400085449219
2025-08-24 22:00:00+00:00,38.88999938964844
2025-08-24 23:00:00+00:00,38.880001068115234
2025-08-25 00:00:00+00:00,38.939998626708984
2025-08-25 01:00:00+00:00,38.81999969482422
2025-08-25 02:00:00+00:00,38.79999923706055
2025-08-25 03:00:00+00:00,38.86000061035156
2025-08-25 04:00:00+00:00,38.84000015258789
2025-08-25 05:00:00+00:00,38.86000061035156
2025-08-25 06:00:00+00:00,38.95000076293945
2025-08-25 07:00:00+00:00,38.849998474121094
2025-08-25 08:00:00+00:00,38.78499984741211
2025-08-25 09:00:00+00:00,38.70500183105469
2025-08-25 10:00:00+00:00,38.65999984741211
2025-08-25 11:00:00+00:00,38.790000915527344
2025-08-25 12:00:00+00:00,38.65999984741211
2025-08-25 13:00:00+00:00,38.71500015258789
2025-08-25 14:00:00+00:00,38.82500076293945
2025-08-25 15:00:00+00:00,38.779998779296875
2025-08-25 16:00:00+00:00,38.72999954223633
2025-08-25 17:00:00+00:00,38.685001373291016
2025-08-25 18:00:00+00:00,38.60499954223633
2025-08-25 19:00:00+00:00,38.525001525878906
2025-08-25 20:00:00+00:00,38.54999923706055
2025-08-25 22:00:00+00:00,38.540000915527344
2025-08-25 23:00:00+00:00,38.404998779296875
2025-08-26 00:00:00+00:00,38.75
2025-08-26 01:00:00+00:00,38.689998626708984
2025-08-26 02:00:00+00:00,38.69499969482422
2025-08-26 03:00:00+00:00,38.72999954223633
2025-08-26 04:00:00+00:00,38.849998474121094
2025-08-26 05:00:00+00:00,38.810001373291016
2025-08-26 06:00:00+00:00,38.709999084472656
2025-08-26 07:00:00+00:00,38.66999816894531
2025-08-26 08:00:00+00:00,38.630001068115234
2025-08-26 09:00:00+00:00,38.525001525878906
2025-08-26 10:00:00+00:00,38.459999084472656
2025-08-26 11:00:00+00:00,38.540000915527344
2025-08-26 12:00:00+00:00,38.41999816894531
2025-08-26 13:00:00+00:00,38.5099983215332
2025-08-26 14:00:00+00:00,38.625
2025-08-26 15:00:00+00:00,38.69499969482422
2025-08-26 16:00:00+00:00,38.599998474121094
2025-08-26 17:00:00+00:00,38.55500030517578
2025-08-26 18:00:00+00:00,38.58000183105469
2025-08-26 19:00:00+00:00,38.619998931884766
2025-08-26 20:00:00+00:00,38.69499969482422
2025-08-26 22:00:00+00:00,38.68000030517578
2025-08-26 23:00:00+00:00,38.66999816894531
2025-08-27 00:00:00+00:00,38.650001525878906
2025-08-27 01:00:00+00:00,38.630001068115234
2025-08-27 02:00:00+00:00,38.57500076293945
2025-08-27 03:00:00+00:00,38.58000183105469
2025-08-27 04:00:00+00:00,38.5
2025-08-27 05:00:00+00:00,38.5099983215332
2025-08-27 06:00:00+00:00,38.46500015258789
2025-08-27 07:00:00+00:00,38.459999084472656
2025-08-27 08:00:00+00:00,38.459999084472656
2025-08-27 09:00:00+00:00,38.29499816894531
2025-08-27 10:00:00+00:00,38.334999084472656
2025-08-27 11:00:00+00:00,38.3849983215332
2025-08-27 12:00:00+00:00,38.33000183105469
2025-08-27 13:00:00+00:00,38.25
2025-08-27 14:00:00+00:00,38.46500015258789
2025-08-27 15:00:00+00:00,38.564998626708984
2025-08-27 16:00:00+00:00,38.73500061035156
2025-08-27 17:00:00+00:00,38.70500183105469
2025-08-27 18:00:00+00:00,38.654998779296875
2025-08-27 19:00:00+00:00,38.6150016784668
2025-08-27 20:00:00+00:00,38.689998626708984
2025-08-27 22:00:00+00:00,38.68000030517578
2025-08-27 23:00:00+00:00,38.724998474121094
2025-08-28 00:00:00+00:00,38.76499938964844
2025-08-28 01:00:00+00:00,38.810001373291016
2025-08-28 02:00:00+00:00,38.915000915527344
2025-08-28 03:00:00+00:00,38.83000183105469
2025-08-28 04:00:00+00:00,38.849998474121094
2025-08-28 05:00:00+00:00,38.86000061035156
2025-08-28 06:00:00+00:00,38.9900016784668
2025-08-28 07:00:00+00:00,39.56999969482422
2025-08-28 08:00:00+00:00,39.525001525878906
2025-08-28 09:00:00+00:00,39.51499938964844
2025-08-28 10:00:00+00:00,39.619998931884766
2025-08-28 11:00:00+00:00,39.70000076293945
2025-08-28 12:00:00+00:00,39.63999938964844
2025-08-28 13:00:00+00:00,39.63999938964844
2025-08-28 14:00:00+00:00,39.64500045776367
2025-08-28 15:00:00+00:00,39.57500076293945
2025-08-28 16:00:00+00:00,39.709999084472656
2025-08-28 17:00:00+00:00,39.75
2025-08-28 18:00:00+00:00,39.70500183105469
2025-08-28 19:00:00+00:00,39.71500015258789
2025-08-28 20:00:00+00:00,39.709999084472656
2025-08-28 22:00:00+00:00,39.685001373291016
2025-08-28 23:00:00+00:00,39.63999938964844
2025-08-29 00:00:00+00:00,39.66999816894531
2025-08-29 01:00:00+00:00,39.6349983215332
2025-08-29 02:00:00+00:00,39.54999923706055
2025-08-29 03:00:00+00:00,39.54499816894531
2025-08-29 04:00:00+00:00,39.540000915527344
2025-08-29 05:00:00+00:00,39.59000015258789
2025-08-29 06:00:00+00:00,39.5
2025-08-29 07:00:00+00:00,39.540000915527344
2025-08-29 08:00:00+00:00,39.59000015258789
2025-08-29 09:00:00+00:00,39.5
2025-08-29 10:00:00+00:00,39.459999084472656
2025-08-29 11:00:00+00:00,39.4900016784668
2025-08-29 12:00:00+00:00,39.584999084472656
2025-08-29 13:00:00+00:00,39.71500015258789
2025-08-29 14:00:00+00:00,40.02000045776367
2025-08-29 15:00:00+00:00,40.42499923706055
2025-08-29 16:00:00+00:00,40.81999969482422
2025-08-29 17:00:00+00:00,40.584999084472656
2025-08-29 18:00:00+00:00,40.65999984741211
2025-08-29 19:00:00+00:00,40.84000015258789
2025-08-29 20:00:00+00:00,40.755001068115234
2025-09-02 04:00:00+00:00,41.755001068115234
2025-09-02 05:00:00+00:00,41.69499969482422
2025-09-02 06:00:00+00:00,41.67499923706055
2025-09-02 07:00:00+00:00,41.36000061035156
2025-09-02 08:00:00+00:00,41.26499938964844
2025-09-02 09:00:00+00:00,41.415000915527344
2025-09-02 10:00:00+00:00,41.53499984741211
2025-09-02 11:00:00+00:00,41.59000015258789
2025-09-02 12:00:00+00:00,41.28499984741211
2025-09-02 13:00:00+00:00,41.29999923706055
2025-09-02 14:00:00+00:00,41.584999084472656
2025-09-02 15:00:00+00:00,41.665000915527344
2025-09-02 16:00:00+00:00,41.709999084472656
2025-09-02 17:00:00+00:00,41.65999984741211
2025-09-02 18:00:00+00:00,41.63999938964844
2025-09-02 19:00:00+00:00,41.67499923706055
2025-09-02 20:00:00+00:00,41.72999954223633
2025-09-02 22:00:00+00:00,41.67499923706055
2025-09-02 23:00:00+00:00,41.65999984741211
2025-09-03 00:00:00+00:00,41.67499923706055
2025-09-03 01:00:00+00:00,41.720001220703125
2025-09-03 02:00:00+00:00,41.58000183105469
2025-09-03 03:00:00+00:00,41.584999084472656
2025-09-03 04:00:00+00:00,41.6150016784668
2025-09-03 05:00:00+00:00,41.5
2025-09-03 06:00:00+00:00,41.630001068115234
2025-09-03 07:00:00+00:00,41.56999969482422
2025-09-03 08:00:00+00:00,41.58000183105469
2025-09-03 09:00:00+00:00,41.61000061035156
2025-09-03 10:00:00+00:00,41.665000915527344
2025-09-03 11:00:00+00:00,41.72999954223633
2025-09-03 12:00:00+00:00,41.779998779296875
2025-09-03 13:00:00+00:00,41.84000015258789
2025-09-03 14:00:00+00:00,41.70000076293945
2025-09-03 15:00:00+00:00,41.98500061035156
2025-09-03 16:00:00+00:00,42.040000915527344
2025-09-03 17:00:00+00:00,42.04999923706055
2025-09-03 18:00:00+00:00,41.81999969482422
2025-09-03 19:00:00+00:00,41.744998931884766
2025-09-03 20:00:00+00:00,41.810001373291016
2025-09-03 22:00:00+00:00,41.65999984741211
2025-09-03 23:00:00+00:00,41.65999984741211
2025-09-04 00:00:00+00:00,41.790000915527344
2025-09-04 01:00:00+00:00,41.54499816894531
2025-09-04 02:00:00+00:00,41.279998779296875
2025-09-04 03:00:00+00:00,41.314998626708984
2025-09-04 04:00:00+00:00,41.33000183105469
2025-09-04 05:00:00+00:00,41.345001220703125
2025-09-04 06:00:00+00:00,41.45500183105469
2025-09-04 07:00:00+00:00,41.540000915527344
2025-09-04 08:00:00+00:00,41.540000915527344
2025-09-04 09:00:00+00:00,41.54499816894531
2025-09-04 10:00:00+00:00,41.564998626708984
2025-09-04 11:00:00+00:00,41.4900016784668
2025-09-04 12:00:00+00:00,41.55500030517578
2025-09-04 13:00:00+00:00,41.275001525878906
2025-09-04 14:00:00+00:00,41.3650016784668
2025-09-04 15:00:00+00:00,41.44499969482422
2025-09-04 16:00:00+00:00,41.45000076293945
2025-09-04 17:00:00+00:00,41.20000076293945
2025-09-04 18:00:00+00:00,41.275001525878906
2025-09-04 19:00:00+00:00,41.334999084472656
2025-09-04 20:00:00+00:00,41.314998626708984
2025-09-04 22:00:00+00:00,41.255001068115234
2025-09-04 23:00:00+00:00,41.3849983215332
2025-09-05 00:00:00+00:00,41.415000915527344
2025-09-05 01:00:00+00:00,41.494998931884766
2025-09-05 02:00:00+00:00,41.51499938964844
2025-09-05 03:00:00+00:00,41.560001373291016
2025-09-05 04:00:00+00:00,41.54999923706055
2025-09-05 05:00:00+00:00,41.625
2025-09-05 06:00:00+00:00,41.560001373291016
2025-09-05 07:00:00+00:00,41.44499969482422
2025-09-05 08:00:00+00:00,41.3849983215332
2025-09-05 09:00:00+00:00,41.41999816894531
2025-09-05 10:00:00+00:00,41.33000183105469
2025-09-05 11:00:00+00:00,41.380001068115234
2025-09-05 12:00:00+00:00,41.92499923706055
2025-09-05 13:00:00+00:00,41.97999954223633
2025-09-05 14:00:00+00:00,41.525001525878906
2025-09-05 15:00:00+00:00,41.58000183105469
2025-09-05 16:00:00+00:00,41.53499984741211
2025-09-05 17:00:00+00:00,41.529998779296875
2025-09-05 18:00:00+00:00,41.494998931884766
2025-09-05 19:00:00+00:00,41.494998931884766
2025-09-05 20:00:00+00:00,41.551998138427734
2025-09-07 22:00:00+00:00,41.3849983215332
2025-09-07 23:00:00+00:00,41.39500045776367
2025-09-08 00:00:00+00:00,41.415000915527344
2025-09-08 01:00:00+00:00,41.3650016784668
2025-09-08 02:00:00+00:00,41.32500076293945
2025-09-08 03:00:00+00:00,41.224998474121094
2025-09-08 04:00:00+00:00,41.119998931884766
2025-09-08 05:00:00+00:00,41.380001068115234
2025-09-08 06:00:00+00:00,41.59000015258789
2025-09-08 07:00:00+00:00,41.66999816894531
2025-09-08 08:00:00+00:00,41.845001220703125
2025-09-08 09:00:00+00:00,41.869998931884766
2025-09-08 10:00:00+00:00,41.78499984741211
2025-09-08 11:00:00+00:00,41.875
2025-09-08 12:00:00+00:00,41.900001525878906
2025-09-08 13:00:00+00:00,42.0
2025-09-08 14:00:00+00:00,42.2400016784668
2025-09-08 15:00:00+00:00,42.08000183105469
2025-09-08 16:00:00+00:00,41.92499923706055
2025-09-08 17:00:00+00:00,41.849998474121094
2025-09-08 18:00:00+00:00,41.96500015258789
2025-09-08 19:00:00+00:00,41.91999816894531
2025-09-08 20:00:00+00:00,41.939998626708984
2025-09-08 22:00:00+00:00,41.915000915527344
2025-09-08 23:00:00+00:00,41.91999816894531
2025-09-09 00:00:00+00:00,41.939998626708984
2025-09-09 01:00:00+00:00,41.95500183105469
2025-09-09 02:00:00+00:00,42.005001068115234
2025-09-09 03:00:00+00:00,41.91999816894531
2025-09-09 04:00:00+00:00,41.98500061035156
2025-09-09 05:00:00+00:00,41.9900016784668
2025-09-09 06:00:00+00:00,41.88999938964844
2025-09-09 07:00:00+00:00,41.91999816894531
2025-09-09 08:00:00+00:00,41.814998626708984
2025-09-09 09:00:00+00:00,41.900001525878906
2025-09-09 10:00:00+00:00,41.834999084472656
2025-09-09 11:00:00+00:00,41.744998931884766
2025-09-09 12:00:00+00:00,41.56999969482422
2025-09-09 13:00:00+00:00,41.7599983215332
2025-09-09 14:00:00+00:00,41.41999816894531
2025-09-09 15:00:00+00:00,41.3650016784668
2025-09-09 16:00:00+00:00,41.314998626708984
2025-09-09 17:00:00+00:00,41.29499816894531
2025-09-09 18:00:00+00:00,41.42499923706055
2025-09-09 19:00:00+00:00,41.3650016784668
2025-09-09 20:00:00+00:00,41.35499954223633
2025-09-09 22:00:00+00:00,41.369998931884766
2025-09-09 23:00:00+00:00,41.36000061035156
2025-09-10 00:00:00+00:00,41.22999954223633
2025-09-10 01:00:00+00:00,41.42499923706055
2025-09-10 02:00:00+00:00,41.459999084472656
2025-09-10 03:00:00+00:00,41.474998474121094
2025-09-10 04:00:00+00:00,41.54499816894531
2025-09-10 05:00:00+00:00,41.505001068115234
2025-09-10 06:00:00+00:00,41.51499938964844
2025-09-10 07:00:00+00:00,41.60499954223633
2025-09-10 08:00:00+00:00,41.56999969482422
2025-09-10 09:00:00+00:00,41.709999084472656
2025-09-10 10:00:00+00:00,41.689998626708984
2025-09-10 11:00:00+00:00,41.595001220703125
2025-09-10 12:00:00+00:00,41.52000045776367
2025-09-10 13:00:00+00:00,41.67499923706055
2025-09-10 14:00:00+00:00,41.67499923706055
2025-09-10 15:00:00+00:00,41.625
2025-09-10 16:00:00+00:00,41.61000061035156
2025-09-10 17:00:00+00:00,41.650001525878906
2025-09-10 18:00:00+00:00,41.630001068115234
2025-09-10 19:00:00+00:00,41.65999984741211
2025-09-10 20:00:00+00:00,41.650001525878906
2025-09-10 22:00:00+00:00,41.630001068115234
2025-09-10 23:00:00+00:00,41.689998626708984
2025-09-11 00:00:00+00:00,41.625
2025-09-11 01:00:00+00:00,41.67499923706055
2025-09-11 02:00:00+00:00,41.584999084472656
2025-09-11 03:00:00+00:00,41.54999923706055
2025-09-11 04:00:00+00:00,41.494998931884766
2025-09-11 05:00:00+00:00,41.35499954223633
2025-09-11 06:00:00+00:00,41.56999969482422
2025-09-11 07:00:00+00:00,41.540000915527344
2025-09-11 08:00:00+00:00,41.494998931884766
2025-09-11 09:00:00+00:00,41.46500015258789
2025-09-11 10:00:00+00:00,41.529998779296875
2025-09-11 11:00:00+00:00,41.4900016784668
2025-09-11 12:00:00+00:00,41.52000045776367
2025-09-11 13:00:00+00:00,41.86000061035156
2025-09-11 14:00:00+00:00,41.834999084472656
2025-09-11 15:00:00+00:00,42.04499816894531
2025-09-11 16:00:00+00:00,42.20500183105469
2025-09-11 17:00:00+00:00,42.18000030517578
2025-09-11 18:00:00+00:00,42.04999923706055
2025-09-11 19:00:00+00:00,42.10499954223633
2025-09-11 20:00:00+00:00,42.064998626708984
2025-09-11 22:00:00+00:00,42.04999923706055
2025-09-11 23:00:00+00:00,42.025001525878906
2025-09-12 00:00:00+00:00,41.959999084472656
2025-09-12 01:00:00+00:00,42.65999984741211
2025-09-12 02:00:00+00:00,42.46500015258789
2025-09-12 03:00:00+00:00,42.650001525878906
2025-09-12 04:00:00+00:00,42.66999816894531
2025-09-12 05:00:00+00:00,42.68000030517578
2025-09-12 06:00:00+00:00,42.61000061035156
2025-09-12 07:00:00+00:00,42.720001220703125
2025-09-12 08:00:00+00:00,42.79499816894531
2025-09-12 09:00:00+00:00,42.939998626708984
2025-09-12 10:00:00+00:00,42.85499954223633
2025-09-12 11:00:00+00:00,42.80500030517578
2025-09-12 12:00:00+00:00,42.5099983215332
2025-09-12 13:00:00+00:00,42.7599983215332
2025-09-12 14:00:00+00:00,42.724998474121094
2025-09-12 15:00:00+00:00,42.67499923706055
2025-09-12 16:00:00+00:00,42.775001525878906
2025-09-12 17:00:00+00:00,42.83000183105469
2025-09-12 18:00:00+00:00,42.80500030517578
2025-09-12 19:00:00+00:00,42.72999954223633
2025-09-12 20:00:00+00:00,42.68000030517578
2025-09-14 22:00:00+00:00,42.650001525878906
2025-09-14 23:00:00+00:00,42.61000061035156
2025-09-15 00:00:00+00:00,42.654998779296875
2025-09-15 01:00:00+00:00,42.6150016784668
2025-09-15 02:00:00+00:00,42.654998779296875
2025-09-15 03:00:00+00:00,42.82500076293945
2025-09-15 04:00:00+00:00,42.80500030517578
2025-09-15 05:00:00+00:00,42.720001220703125
2025-09-15 06:00:00+00:00,42.625
2025-09-15 07:00:00+00:00,42.724998474121094
2025-09-15 08:00:00+00:00,42.68000030517578
2025-09-15 09:00:00+00:00,42.64500045776367
2025-09-15 10:00:00+00:00,42.650001525878906
2025-09-15 11:00:00+00:00,42.66999816894531
2025-09-15 12:00:00+00:00,42.64500045776367
2025-09-15 13:00:00+00:00,42.64500045776367
2025-09-15 14:00:00+00:00,42.92499923706055
2025-09-15 15:00:00+00:00,43.06999969482422
2025-09-15 16:00:00+00:00,42.93000030517578
2025-09-15 17:00:00+00:00,43.06999969482422
2025-09-15 18:00:00+00:00,43.06999969482422
2025-09-15 19:00:00+00:00,43.13999938964844
2025-09-15 20:00:00+00:00,43.189998626708984
2025-09-16 00:00:00+00:00,43.185001373291016
2025-09-16 01:00:00+00:00,43.16999816894531
2025-09-16 02:00:00+00:00,42.8650016784668
2025-09-16 03:00:00+00:00,43.03499984741211
2025-09-16 04:00:00+00:00,43.095001220703125
2025-09-16 05:00:00+00:00,43.09000015258789
2025-09-16 06:00:00+00:00,43.17499923706055
2025-09-16 07:00:00+00:00,43.16999816894531
2025-09-16 08:00:00+00:00,43.15999984741211
2025-09-16 09:00:00+00:00,43.18000030517578
2025-09-16 10:00:00+00:00,43.14500045776367
2025-09-16 11:00:00+00:00,43.29999923706055
2025-09-16 12:00:00+00:00,43.279998779296875
2025-09-16 13:00:00+00:00,43.255001068115234
2025-09-16 14:00:00+00:00,42.994998931884766
2025-09-16 15:00:00+00:00,42.790000915527344
2025-09-16 16:00:00+00:00,42.92499923706055
2025-09-16 17:00:00+00:00,42.84000015258789
2025-09-16 18:00:00+00:00,42.875
2025-09-16 19:00:00+00:00,42.845001220703125
2025-09-16 20:00:00+00:00,42.880001068115234
2025-09-16 22:00:00+00:00,42.93000030517578
2025-09-16 23:00:00+00:00,42.935001373291016
2025-09-17 00:00:00+00:00,42.83000183105469
2025-09-17 01:00:00+00:00,42.474998474121094
2025-09-17 02:00:00+00:00,42.404998779296875
2025-09-17 03:00:00+00:00,42.400001525878906
2025-09-17 04:00:00+00:00,42.380001068115234
2025-09-17 05:00:00+00:00,42.334999084472656
2025-09-17 06:00:00+00:00,42.224998474121094
2025-09-17 07:00:00+00:00,42.150001525878906
2025-09-17 08:00:00+00:00,41.98500061035156
2025-09-17 09:00:00+00:00,41.935001373291016
2025-09-17 10:00:00+00:00,41.689998626708984
2025-09-17 11:00:00+00:00,41.915000915527344
2025-09-17 12:00:00+00:00,42.20000076293945
2025-09-17 13:00:00+00:00,42.375
2025-09-17 14:00:00+00:00,42.375
2025-09-17 15:00:00+00:00,42.349998474121094
2025-09-17 16:00:00+00:00,42.279998779296875
2025-09-17 17:00:00+00:00,42.244998931884766
2025-09-17 18:00:00+00:00,41.73500061035156
2025-09-17 19:00:00+00:00,41.95500183105469
2025-09-17 20:00:00+00:00,41.994998931884766
2025-09-17 22:00:00+00:00,42.04499816894531
2025-09-17 23:00:00+00:00,42.17499923706055
2025-09-18 00:00:00+00:00,42.10499954223633
2025-09-18 01:00:00+00:00,41.900001525878906
2025-09-18 02:00:00+00:00,42.01499938964844
2025-09-18 03:00:00+00:00,41.845001220703125
2025-09-18 04:00:00+00:00,41.720001220703125
2025-09-18 05:00:00+00:00,41.66999816894531
2025-09-18 06:00:00+00:00,41.70500183105469
2025-09-18 07:00:00+00:00,42.01499938964844
2025-09-18 08:00:00+00:00,42.13999938964844
2025-09-18 09:00:00+00:00,42.189998626708984
2025-09-18 10:00:00+00:00,42.095001220703125
2025-09-18 11:00:00+00:00,42.099998474121094
2025-09-18 12:00:00+00:00,42.14500045776367
2025-09-18 13:00:00+00:00,41.935001373291016
2025-09-18 14:00:00+00:00,41.875
2025-09-18 15:00:00+00:00,42.0099983215332
2025-09-18 16:00:00+00:00,42.125
2025-09-18 17:00:00+00:00,42.09000015258789
2025-09-18 18:00:00+00:00,42.10499954223633
2025-09-18 19:00:00+00:00,42.125
2025-09-18 20:00:00+00:00,42.099998474121094
2025-09-18 22:00:00+00:00,42.04999923706055
2025-09-18 23:00:00+00:00,42.005001068115234
2025-09-19 00:00:00+00:00,41.97999954223633
2025-09-19 01:00:00+00:00,42.04499816894531
2025-09-19 02:00:00+00:00,42.38999938964844
2025-09-19 03:00:00+00:00,42.57500076293945
2025-09-19 04:00:00+00:00,42.63999938964844
2025-09-19 05:00:00+00:00,42.470001220703125
2025-09-19 06:00:00+00:00,42.334999084472656
2025-09-19 07:00:00+00:00,42.33000183105469
2025-09-19 08:00:00+00:00,42.48500061035156
2025-09-19 09:00:00+00:00,42.494998931884766
2025-09-19 10:00:00+00:00,42.470001220703125
2025-09-19 11:00:00+00:00,42.30500030517578
2025-09-19 12:00:00+00:00,42.28499984741211
2025-09-19 13:00:00+00:00,42.53499984741211
2025-09-19 14:00:00+00:00,42.915000915527344
2025-09-19 15:00:00+00:00,43.03499984741211
2025-09-19 16:00:00+00:00,42.974998474121094
2025-09-19 17:00:00+00:00,43.244998931884766
2025-09-19 18:00:00+00:00,43.369998931884766
2025-09-19 19:00:00+00:00,43.314998626708984
2025-09-19 20:00:00+00:00,42.95199966430664
2025-09-21 22:00:00+00:00,43.54499816894531
2025-09-21 23:00:00+00:00,43.525001525878906
2025-09-22 00:00:00+00:00,43.61000061035156
2025-09-22 01:00:00+00:00,43.564998626708984
2025-09-22 02:00:00+00:00,43.619998931884766
2025-09-22 03:00:00+00:00,43.86000061035156
2025-09-22 04:00:00+00:00,43.85499954223633
2025-09-22 05:00:00+00:00,43.939998626708984
2025-09-22 06:00:00+00:00,44.04499816894531
2025-09-22 07:00:00+00:00,43.875
2025-09-22 08:00:00+00:00,43.970001220703125
2025-09-22 09:00:00+00:00,43.98500061035156
2025-09-22 10:00:00+00:00,44.04999923706055
2025-09-22 11:00:00+00:00,43.94499969482422
2025-09-22 12:00:00+00:00,43.82500076293945
2025-09-22 13:00:00+00:00,43.810001373291016
2025-09-22 14:00:00+00:00,44.04999923706055
2025-09-22 15:00:00+00:00,44.150001525878906
2025-09-22 16:00:00+00:00,44.20000076293945
2025-09-22 17:00:00+00:00,44.334999084472656
2025-09-22 18:00:00+00:00,44.375
2025-09-22 19:00:00+00:00,44.3650016784668
2025-09-22 20:00:00+00:00,44.314998626708984
2025-09-22 22:00:00+00:00,44.244998931884766
2025-09-22 23:00:00+00:00,44.279998779296875
2025-09-23 00:00:00+00:00,44.20500183105469
2025-09-23 01:00:00+00:00,44.22999954223633
2025-09-23 02:00:00+00:00,44.1349983215332
2025-09-23 03:00:00+00:00,44.13999938964844
2025-09-23 04:00:00+00:00,44.21500015258789
2025-09-23 05:00:00+00:00,44.15999984741211
2025-09-23 06:00:00+00:00,44.16999816894531
2025-09-23 07:00:00+00:00,44.19499969482422
2025-09-23 08:00:00+00:00,44.42499923706055
2025-09-23 09:00:00+00:00,44.51499938964844
2025-09-23 10:00:00+00:00,44.599998474121094
2025-09-23 11:00:00+00:00,44.619998931884766
2025-09-23 12:00:00+00:00,44.70500183105469
2025-09-23 13:00:00+00:00,44.65999984741211
2025-09-23 14:00:00+00:00,44.54499816894531
2025-09-23 15:00:00+00:00,44.58000183105469
2025-09-23 16:00:00+00:00,44.505001068115234
2025-09-23 17:00:00+00:00,44.474998474121094
2025-09-23 18:00:00+00:00,44.244998931884766
2025-09-23 19:00:00+00:00,44.27000045776367
2025-09-23 20:00:00+00:00,44.26499938964844
2025-09-23 22:00:00+00:00,44.3650016784668
2025-09-23 23:00:00+00:00,44.22999954223633
2025-09-24 00:00:00+00:00,44.29999923706055
2025-09-24 01:00:00+00:00,44.11000061035156
2025-09-24 02:00:00+00:00,44.220001220703125
2025-09-24 03:00:00+00:00,44.404998779296875
2025-09-24 04:00:00+00:00,44.43000030517578
2025-09-24 05:00:00+00:00,44.51499938964844
2025-09-24 06:00:00+00:00,44.3650016784668
2025-09-24 07:00:00+00:00,44.529998779296875
2025-09-24 08:00:00+00:00,44.39500045776367
2025-09-24 09:00:00+00:00,44.43000030517578
2025-09-24 10:00:00+00:00,44.15999984741211
2025-09-24 11:00:00+00:00,44.31999969482422
2025-09-24 12:00:00+00:00,44.3849983215332
2025-09-24 13:00:00+00:00,44.3849983215332
2025-09-24 14:00:00+00:00,44.255001068115234
2025-09-24 15:00:00+00:00,44.095001220703125
2025-09-24 16:00:00+00:00,44.14500045776367
2025-09-24 17:00:00+00:00,44.099998474121094
2025-09-24 18:00:00+00:00,44.025001525878906
2025-09-24 19:00:00+00:00,44.09000015258789
2025-09-24 20:00:00+00:00,44.1150016784668
2025-09-24 22:00:00+00:00,44.15999984741211
2025-09-24 23:00:00+00:00,44.17499923706055
2025-09-25 00:00:00+00:00,44.224998474121094
2025-09-25 01:00:00+00:00,44.130001068115234
2025-09-25 02:00:00+00:00,44.26499938964844
2025-09-25 03:00:00+00:00,44.275001525878906
2025-09-25 04:00:00+00:00,44.23500061035156
2025-09-25 05:00:00+00:00,44.224998474121094
2025-09-25 06:00:00+00:00,44.27000045776367
2025-09-25 07:00:00+00:00,44.849998474121094
2025-09-25 08:00:00+00:00,45.084999084472656
2025-09-25 09:00:00+00:00,45.2400016784668
2025-09-25 10:00:00+00:00,45.29499816894531
2025-09-25 11:00:00+00:00,45.11000061035156
2025-09-25 12:00:00+00:00,44.80500030517578
2025-09-25 13:00:00+00:00,44.654998779296875
2025-09-25 14:00:00+00:00,44.96500015258789
2025-09-25 15:00:00+00:00,45.04999923706055
2025-09-25 16:00:00+00:00,45.06999969482422
2025-09-25 17:00:00+00:00,45.11000061035156
2025-09-25 18:00:00+00:00,45.369998931884766
2025-09-25 19:00:00+00:00,45.43000030517578
2025-09-25 20:00:00+00:00,45.470001220703125
2025-09-25 22:00:00+00:00,45.14500045776367
2025-09-25 23:00:00+00:00,45.154998779296875
2025-09-26 00:00:00+00:00,45.2599983215332
2025-09-26 01:00:00+00:00,45.130001068115234
2025-09-26 02:00:00+00:00,44.9900016784668
2025-09-26 03:00:00+00:00,45.11000061035156
2025-09-26 04:00:00+00:00,45.02000045776367
2025-09-26 05:00:00+00:00,45.0099983215332
2025-09-26 06:00:00+00:00,45.400001525878906
2025-09-26 07:00:00+00:00,45.35499954223633
2025-09-26 08:00:00+00:00,45.400001525878906
2025-09-26 09:00:00+00:00,45.3849983215332
2025-09-26 10:00:00+00:00,45.314998626708984
2025-09-26 11:00:00+00:00,45.349998474121094
2025-09-26 12:00:00+00:00,45.53499984741211
2025-09-26 13:00:00+00:00,45.84000015258789
2025-09-26 14:00:00+00:00,46.005001068115234
2025-09-26 15:00:00+00:00,46.3849983215332
2025-09-26 16:00:00+00:00,46.494998931884766
2025-09-26 17:00:00+00:00,46.91999816894531
2025-09-26 18:00:00+00:00,46.78499984741211
2025-09-26 19:00:00+00:00,46.415000915527344
2025-09-26 20:00:00+00:00,46.65599822998047
2025-09-28 22:00:00+00:00,46.64500045776367
2025-09-28 23:00:00+00:00,46.55500030517578
2025-09-29 00:00:00+00:00,46.8650016784668
2025-09-29 01:00:00+00:00,46.6150016784668
2025-09-29 02:00:00+00:00,46.76499938964844
2025-09-29 03:00:00+00:00,47.06999969482422
2025-09-29 04:00:00+00:00,47.099998474121094
2025-09-29 05:00:00+00:00,47.119998931884766
2025-09-29 06:00:00+00:00,47.17499923706055
2025-09-29 07:00:00+00:00,46.875
2025-09-29 08:00:00+00:00,47.185001373291016
2025-09-29 09:00:00+00:00,47.02000045776367
2025-09-29 10:00:00+00:00,47.125
2025-09-29 11:00:00+00:00,47.16999816894531
2025-09-29 12:00:00+00:00,46.80500030517578
2025-09-29 13:00:00+00:00,46.80500030517578
2025-09-29 14:00:00+00:00,47.15999984741211
2025-09-29 15:00:00+00:00,47.2400016784668
2025-09-29 16:00:00+00:00,47.17499923706055
2025-09-29 17:00:00+00:00,47.01499938964844
2025-09-29 18:00:00+00:00,46.970001220703125
2025-09-29 19:00:00+00:00,47.0099983215332
2025-09-29 20:00:00+00:00,47.11000061035156
2025-09-29 22:00:00+00:00,46.9900016784668
2025-09-29 23:00:00+00:00,47.01499938964844
2025-09-30 00:00:00+00:00,47.064998626708984
2025-09-30 01:00:00+00:00,47.26499938964844
2025-09-30 02:00:00+00:00,47.20000076293945
2025-09-30 03:00:00+00:00,47.244998931884766
2025-09-30 04:00:00+00:00,47.30500030517578
2025-09-30 05:00:00+00:00,47.334999084472656
2025-09-30 06:00:00+00:00,46.96500015258789
2025-09-30 07:00:00+00:00,46.92499923706055
2025-09-30 08:00:00+00:00,46.36000061035156
2025-09-30 09:00:00+00:00,46.084999084472656
2025-09-30 10:00:00+00:00,46.380001068115234
2025-09-30 11:00:00+00:00,46.38999938964844
2025-09-30 12:00:00+00:00,46.380001068115234
2025-09-30 13:00:00+00:00,46.32500076293945
2025-09-30 14:00:00+00:00,46.91999816894531
2025-09-30 15:00:00+00:00,46.45000076293945
2025-09-30 16:00:00+00:00,46.630001068115234
2025-09-30 17:00:00+00:00,46.56999969482422
2025-09-30 18:00:00+00:00,46.69499969482422
2025-09-30 19:00:00+00:00,46.814998626708984
2025-09-30 20:00:00+00:00,46.84000015258789
2025-09-30 22:00:00+00:00,46.88999938964844
2025-09-30 23:00:00+00:00,46.91999816894531
2025-10-01 00:00:00+00:00,46.89500045776367
2025-10-01 01:00:00+00:00,47.459999084472656
2025-10-01 02:00:00+00:00,47.57500076293945
2025-10-01 03:00:00+00:00,47.31999969482422
2025-10-01 04:00:00+00:00,47.32500076293945
2025-10-01 05:00:00+00:00,47.21500015258789
2025-10-01 06:00:00+00:00,47.084999084472656
2025-10-01 07:00:00+00:00,47.470001220703125
2025-10-01 08:00:00+00:00,47.54999923706055
2025-10-01 09:00:00+00:00,47.47999954223633
2025-10-01 10:00:00+00:00,47.380001068115234
2025-10-01 11:00:00+00:00,47.560001373291016
2025-10-01 12:00:00+00:00,47.380001068115234
2025-10-01 13:00:00+00:00,47.76499938964844
2025-10-01 14:00:00+00:00,47.61000061035156
2025-10-01 15:00:00+00:00,47.560001373291016
2025-10-01 16:00:00+00:00,47.69499969482422
2025-10-01 17:00:00+00:00,47.52000045776367
2025-10-01 18:00:00+00:00,47.584999084472656
2025-10-01 19:00:00+00:00,47.44499969482422
2025-10-01 20:00:00+00:00,47.41999816894531
2025-10-01 22:00:00+00:00,47.334999084472656
2025-10-01 23:00:00+00:00,47.290000915527344
2025-10-02 00:00:00+00:00,47.22999954223633
2025-10-02 01:00:00+00:00,47.369998931884766
2025-10-02 02:00:00+00:00,47.369998931884766
2025-10-02 03:00:00+00:00,47.31999969482422
2025-10-02 04:00:00+00:00,47.290000915527344
2025-10-02 05:00:00+00:00,47.5099983215332
2025-10-02 06:00:00+00:00,47.38999938964844
2025-10-02 07:00:00+00:00,47.52000045776367
2025-10-02 08:00:00+00:00,47.56999969482422
2025-10-02 09:00:00+00:00,47.560001373291016
2025-10-02 10:00:00+00:00,47.5099983215332
2025-10-02 11:00:00+00:00,47.564998626708984
2025-10-02 12:00:00+00:00,47.650001525878906
2025-10-02 13:00:00+00:00,47.33000183105469
2025-10-02 14:00:00+00:00,46.130001068115234
2025-10-02 15:00:00+00:00,46.005001068115234
2025-10-02 16:00:00+00:00,46.2599983215332
2025-10-02 17:00:00+00:00,46.39500045776367
2025-10-02 18:00:00+00:00,46.560001373291016
2025-10-02 19:00:00+00:00,46.76499938964844
2025-10-02 20:00:00+00:00,46.869998931884766
2025-10-02 22:00:00+00:00,46.814998626708984
2025-10-02 23:00:00+00:00,46.8650016784668
2025-10-03 00:00:00+00:00,46.72999954223633
2025-10-03 01:00:00+00:00,46.849998474121094
2025-10-03 02:00:00+00:00,46.744998931884766
2025-10-03 03:00:00+00:00,46.7400016784668
2025-10-03 04:00:00+00:00,46.81999969482422
2025-10-03 05:00:00+00:00,47.060001373291016
2025-10-03 06:00:00+00:00,47.19499969482422
2025-10-03 07:00:00+00:00,47.2599983215332
2025-10-03 08:00:00+00:00,47.310001373291016
2025-10-03 09:00:00+00:00,47.314998626708984
2025-10-03 10:00:00+00:00,47.435001373291016
2025-10-03 11:00:00+00:00,47.42499923706055
2025-10-03 12:00:00+00:00,47.790000915527344
2025-10-03 13:00:00+00:00,47.665000915527344
2025-10-03 14:00:00+00:00,47.82500076293945
2025-10-03 15:00:00+00:00,48.2599983215332
2025-10-03 16:00:00+00:00,48.025001525878906
2025-10-03 17:00:00+00:00,47.80500030517578
2025-10-03 18:00:00+00:00,47.98500061035156
2025-10-03 19:00:00+00:00,47.959999084472656
2025-10-03 20:00:00+00:00,47.96500015258789
2025-10-05 22:00:00+00:00,48.189998626708984
2025-10-05 23:00:00+00:00,48.255001068115234
2025-10-06 00:00:00+00:00,48.060001373291016
2025-10-06 01:00:00+00:00,48.244998931884766
2025-10-06 02:00:00+00:00,48.165000915527344
2025-10-06 03:00:00+00:00,48.44499969482422
2025-10-06 04:00:00+00:00,48.46500015258789
2025-10-06 05:00:00+00:00,48.314998626708984
2025-10-06 06:00:00+00:00,48.435001373291016
2025-10-06 07:00:00+00:00,48.5
2025-10-06 08:00:00+00:00,48.52000045776367
2025-10-06 09:00:00+00:00,48.45000076293945
2025-10-06 10:00:00+00:00,48.375
2025-10-06 11:00:00+00:00,48.23500061035156
2025-10-06 12:00:00+00:00,48.08000183105469
2025-10-06 13:00:00+00:00,48.4900016784668
2025-10-06 14:00:00+00:00,48.474998474121094
2025-10-06 15:00:00+00:00,48.540000915527344
2025-10-06 16:00:00+00:00,48.39500045776367
2025-10-06 17:00:00+00:00,48.45000076293945
2025-10-06 18:00:00+00:00,48.4900016784668
2025-10-06 19:00:00+00:00,48.380001068115234
2025-10-06 20:00:00+00:00,48.40999984741211
2025-10-07 07:00:00+00:00,47.86000061035156
2025-10-07 08:00:00+00:00,47.994998931884766
2025-10-07 09:00:00+00:00,48.154998779296875
2025-10-07 10:00:00+00:00,48.31999969482422
2025-10-07 11:00:00+00:00,48.45000076293945
2025-10-07 12:00:00+00:00,48.39500045776367
2025-10-07 13:00:00+00:00,48.189998626708984
2025-10-07 14:00:00+00:00,48.025001525878906
2025-10-07 15:00:00+00:00,47.41999816894531
2025-10-07 16:00:00+00:00,47.29999923706055
2025-10-07 17:00:00+00:00,47.42499923706055
2025-10-07 18:00:00+00:00,47.505001068115234
2025-10-07 19:00:00+00:00,47.540000915527344
2025-10-07 20:00:00+00:00,47.654998779296875
2025-10-07 22:00:00+00:00,47.720001220703125
2025-10-07 23:00:00+00:00,47.790000915527344
2025-10-08 00:00:00+00:00,47.71500015258789
2025-10-08 01:00:00+00:00,47.67499923706055
2025-10-08 02:00:00+00:00,48.23500061035156
2025-10-08 03:00:00+00:00,48.17499923706055
2025-10-08 04:00:00+00:00,48.310001373291016
2025-10-08 05:00:00+00:00,48.46500015258789
2025-10-08 06:00:00+00:00,48.46500015258789
2025-10-08 07:00:00+00:00,48.630001068115234
2025-10-08 08:00:00+00:00,48.529998779296875
2025-10-08 09:00:00+00:00,48.779998779296875
2025-10-08 10:00:00+00:00,48.70500183105469
2025-10-08 11:00:00+00:00,48.685001373291016
2025-10-08 12:00:00+00:00,48.66999816894531
2025-10-08 13:00:00+00:00,48.540000915527344
2025-10-08 14:00:00+00:00,48.71500015258789
2025-10-08 15:00:00+00:00,48.90999984741211
2025-10-08 16:00:00+00:00,48.95500183105469
2025-10-08 17:00:00+00:00,49.025001525878906
2025-10-08 18:00:00+00:00,48.869998931884766
2025-10-08 19:00:00+00:00,48.665000915527344
2025-10-08 20:00:00+00:00,48.439998626708984
2025-10-08 22:00:00+00:00,48.25
2025-10-08 23:00:00+00:00,48.119998931884766
2025-10-09 00:00:00+00:00,48.22999954223633
2025-10-09 01:00:00+00:00,48.06999969482422
2025-10-09 02:00:00+00:00,48.11000061035156
2025-10-09 03:00:00+00:00,48.314998626708984
2025-10-09 04:00:00+00:00,48.459999084472656
2025-10-09 05:00:00+00:00,48.57500076293945
2025-10-09 06:00:00+00:00,48.23500061035156
2025-10-09 07:00:00+00:00,48.42499923706055
2025-10-09 08:00:00+00:00,48.6150016784668
2025-10-09 09:00:00+00:00,48.755001068115234
2025-10-09 10:00:00+00:00,48.665000915527344
2025-10-09 11:00:00+00:00,48.73500061035156
2025-10-09 12:00:00+00:00,49.52000045776367
2025-10-09 13:00:00+00:00,48.459999084472656
2025-10-09 14:00:00+00:00,48.540000915527344
2025-10-09 15:00:00+00:00,48.224998474121094
2025-10-09 16:00:00+00:00,47.27000045776367
2025-10-09 17:00:00+00:00,47.29999923706055
2025-10-09 18:00:00+00:00,47.30500030517578
2025-10-09 19:00:00+00:00,47.720001220703125
2025-10-09 20:00:00+00:00,47.654998779296875
2025-10-09 22:00:00+00:00,47.564998626708984
2025-10-09 23:00:00+00:00,47.76499938964844
2025-10-10 00:00:00+00:00,47.720001220703125
2025-10-10 01:00:00+00:00,47.45500183105469
2025-10-10 02:00:00+00:00,47.45000076293945
2025-10-10 03:00:00+00:00,47.25
2025-10-10 04:00:00+00:00,47.209999084472656
2025-10-10 05:00:00+00:00,47.59000015258789
2025-10-10 06:00:00+00:00,47.560001373291016
2025-10-10 07:00:00+00:00,47.98500061035156
2025-10-10 08:00:00+00:00,48.22999954223633
2025-10-10 09:00:00+00:00,48.11000061035156
2025-10-10 10:00:00+00:00,48.224998474121094
2025-10-10 11:00:00+00:00,48.2400016784668
2025-10-10 12:00:00+00:00,48.19499969482422
2025-10-10 13:00:00+00:00,48.15999984741211
2025-10-10 14:00:00+00:00,48.28499984741211
2025-10-10 15:00:00+00:00,47.845001220703125
2025-10-10 16:00:00+00:00,47.21500015258789
2025-10-10 17:00:00+00:00,47.279998779296875
2025-10-10 18:00:00+00:00,47.400001525878906
2025-10-10 19:00:00+00:00,47.66999816894531
2025-10-10 20:00:00+00:00,47.24700164794922
2025-10-12 22:00:00+00:00,48.19499969482422
2025-10-12 23:00:00+00:00,48.2599983215332
2025-10-13 00:00:00+00:00,48.69499969482422
2025-10-13 01:00:00+00:00,48.81999969482422
2025-10-13 02:00:00+00:00,48.755001068115234
2025-10-13 03:00:00+00:00,49.165000915527344
2025-10-13 04:00:00+00:00,49.3650016784668
2025-10-13 05:00:00+00:00,49.42499923706055
2025-10-13 06:00:00+00:00,49.53499984741211
2025-10-13 07:00:00+00:00,49.5099983215332
2025-10-13 08:00:00+00:00,49.665000915527344
2025-10-13 09:00:00+00:00,49.82500076293945
2025-10-13 10:00:00+00:00,49.64500045776367
2025-10-13 11:00:00+00:00,49.6349983215332
2025-10-13 12:00:00+00:00,49.92499923706055
2025-10-13 13:00:00+00:00,50.20000076293945
2025-10-13 14:00:00+00:00,50.380001068115234
2025-10-13 15:00:00+00:00,50.32500076293945
2025-10-13 16:00:00+00:00,50.45000076293945
2025-10-13 17:00:00+00:00,50.435001373291016
2025-10-13 18:00:00+00:00,50.46500015258789
2025-10-13 19:00:00+00:00,50.54999923706055
2025-10-13 20:00:00+00:00,50.775001525878906
2025-10-13 22:00:00+00:00,50.935001373291016
2025-10-13 23:00:00+00:00,51.41999816894531
2025-10-14 00:00:00+00:00,51.125
2025-10-14 01:00:00+00:00,51.22999954223633
2025-10-14 02:00:00+00:00,51.54999923706055
2025-10-14 03:00:00+00:00,52.13999938964844
2025-10-14 04:00:00+00:00,52.310001373291016
2025-10-14 05:00:00+00:00,50.19499969482422
2025-10-14 06:00:00+00:00,50.029998779296875
2025-10-14 07:00:00+00:00,50.56999969482422
2025-10-14 08:00:00+00:00,50.84000015258789
2025-10-14 09:00:00+00:00,50.275001525878906
2025-10-14 10:00:00+00:00,50.47999954223633
2025-10-14 11:00:00+00:00,50.459999084472656
2025-10-14 12:00:00+00:00,49.45000076293945
2025-10-14 13:00:00+00:00,49.92499923706055
2025-10-14 14:00:00+00:00,50.084999084472656
2025-10-14 15:00:00+00:00,50.63999938964844
2025-10-14 16:00:00+00:00,50.540000915527344
2025-10-14 17:00:00+00:00,50.70500183105469
2025-10-14 18:00:00+00:00,50.70000076293945
2025-10-14 19:00:00+00:00,50.244998931884766
2025-10-14 20:00:00+00:00,50.345001220703125
2025-10-14 22:00:00+00:00,50.494998931884766
2025-10-14 23:00:00+00:00,50.73500061035156
2025-10-15 00:00:00+00:00,50.689998626708984
2025-10-15 01:00:00+00:00,51.244998931884766
2025-10-15 02:00:00+00:00,51.04499816894531
2025-10-15 03:00:00+00:00,51.20000076293945
2025-10-15 04:00:00+00:00,51.119998931884766
2025-10-15 05:00:00+00:00,51.31999969482422
2025-10-15 06:00:00+00:00,51.5
2025-10-15 07:00:00+00:00,51.599998474121094
2025-10-15 08:00:00+00:00,51.689998626708984
2025-10-15 09:00:00+00:00,51.29999923706055
2025-10-15 10:00:00+00:00,51.53499984741211
2025-10-15 11:00:00+00:00,51.52000045776367
2025-10-15 12:00:00+00:00,51.3650016784668
2025-10-15 13:00:00+00:00,51.209999084472656
2025-10-15 14:00:00+00:00,51.474998474121094
2025-10-15 15:00:00+00:00,51.439998626708984
2025-10-15 16:00:00+00:00,51.64500045776367
2025-10-15 17:00:00+00:00,51.95000076293945
2025-10-15 18:00:00+00:00,52.26499938964844
2025-10-15 19:00:00+00:00,52.5
2025-10-15 20:00:00+00:00,52.525001525878906
2025-10-15 22:00:00+00:00,52.595001220703125
2025-10-15 23:00:00+00:00,52.404998779296875
2025-10-16 00:00:00+00:00,52.314998626708984
2025-10-16 01:00:00+00:00,52.380001068115234
2025-10-16 02:00:00+00:00,52.814998626708984
2025-10-16 03:00:00+00:00,52.41999816894531
2025-10-16 04:00:00+00:00,52.17499923706055
2025-10-16 05:00:00+00:00,51.369998931884766
2025-10-16 06:00:00+00:00,51.96500015258789
2025-10-16 07:00:00+00:00,51.97999954223633
2025-10-16 08:00:00+00:00,52.060001373291016
2025-10-16 09:00:00+00:00,52.125
2025-10-16 10:00:00+00:00,52.22999954223633
2025-10-16 11:00:00+00:00,52.2400016784668
2025-10-16 12:00:00+00:00,52.01499938964844
2025-10-16 13:00:00+00:00,52.689998626708984
2025-10-16 14:00:00+00:00,53.095001220703125
2025-10-16 15:00:00+00:00,53.185001373291016
2025-10-16 16:00:00+00:00,53.17499923706055
2025-10-16 17:00:00+00:00,53.29499816894531
2025-10-16 18:00:00+00:00,53.025001525878906
2025-10-16 19:00:00+00:00,53.18000030517578
2025-10-16 20:00:00+00:00,53.43000030517578
2025-10-16 22:00:00+00:00,53.38999938964844
2025-10-16 23:00:00+00:00,53.65999984741211
2025-10-17 00:00:00+00:00,53.310001373291016
2025-10-17 01:00:00+00:00,52.79999923706055
2025-10-17 02:00:00+00:00,53.04499816894531
2025-10-17 03:00:00+00:00,53.415000915527344
2025-10-17 04:00:00+00:00,53.47999954223633
2025-10-17 05:00:00+00:00,53.375
2025-10-17 06:00:00+00:00,53.130001068115234
2025-10-17 07:00:00+00:00,52.72999954223633
2025-10-17 08:00:00+00:00,52.75
2025-10-17 09:00:00+00:00,52.68000030517578
2025-10-17 10:00:00+00:00,52.57500076293945
2025-10-17 11:00:00+00:00,51.92499923706055
2025-10-17 12:00:00+00:00,52.099998474121094
2025-10-17 13:00:00+00:00,51.119998931884766
2025-10-17 14:00:00+00:00,50.875
2025-10-17 15:00:00+00:00,50.685001373291016
2025-10-17 16:00:00+00:00,49.8849983215332
2025-10-17 17:00:00+00:00,50.375
2025-10-17 18:00:00+00:00,50.59000015258789
2025-10-17 19:00:00+00:00,50.43000030517578
2025-10-17 20:00:00+00:00,50.104000091552734
2025-10-19 22:00:00+00:00,50.6349983215332
2025-10-19 23:00:00+00:00,50.35499954223633
2025-10-20 00:00:00+00:00,50.720001220703125
2025-10-20 01:00:00+00:00,50.709999084472656
2025-10-20 02:00:00+00:00,50.7599983215332
2025-10-20 03:00:00+00:00,50.96500015258789
2025-10-20 04:00:00+00:00,50.95000076293945
2025-10-20 05:00:00+00:00,50.4900016784668
2025-10-20 06:00:00+00:00,50.415000915527344
2025-10-20 07:00:00+00:00,50.779998779296875
2025-10-20 08:00:00+00:00,50.79999923706055
2025-10-20 09:00:00+00:00,50.79499816894531
2025-10-20 10:00:00+00:00,50.505001068115234
2025-10-20 11:00:00+00:00,50.880001068115234
2025-10-20 12:00:00+00:00,51.435001373291016
2025-10-20 13:00:00+00:00,50.81999969482422
2025-10-20 14:00:00+00:00,51.275001525878906
2025-10-20 15:00:00+00:00,51.46500015258789
2025-10-20 16:00:00+00:00,51.349998474121094
2025-10-20 17:00:00+00:00,51.38999938964844
2025-10-20 18:00:00+00:00,51.52000045776367
2025-10-20 19:00:00+00:00,51.779998779296875
2025-10-20 20:00:00+00:00,51.400001525878906
2025-10-20 22:00:00+00:00,51.529998779296875
2025-10-20 23:00:00+00:00,51.45000076293945
2025-10-21 00:00:00+00:00,51.47999954223633
2025-10-21 01:00:00+00:00,50.86000061035156
2025-10-21 02:00:00+00:00,50.709999084472656
2025-10-21 03:00:00+00:00,50.79999923706055
2025-10-21 04:00:00+00:00,50.81999969482422
2025-10-21 05:00:00+00:00,50.38999938964844
2025-10-21 06:00:00+00:00,50.76499938964844
2025-10-21 07:00:00+00:00,49.6349983215332
2025-10-21 08:00:00+00:00,48.92499923706055
2025-10-21 09:00:00+00:00,49.119998931884766
2025-10-21 10:00:00+00:00,48.904998779296875
2025-10-21 11:00:00+00:00,49.05500030517578
2025-10-21 12:00:00+00:00,48.86000061035156
2025-10-21 13:00:00+00:00,48.040000915527344
2025-10-21 14:00:00+00:00,47.775001525878906
2025-10-21 15:00:00+00:00,48.005001068115234
2025-10-21 16:00:00+00:00,47.619998931884766
2025-10-21 17:00:00+00:00,47.900001525878906
2025-10-21 18:00:00+00:00,47.80500030517578
2025-10-21 19:00:00+00:00,47.81999969482422
2025-10-21 20:00:00+00:00,48.15999984741211
2025-10-21 22:00:00+00:00,48.04499816894531
2025-10-21 23:00:00+00:00,47.685001373291016
2025-10-22 00:00:00+00:00,47.834999084472656
2025-10-22 01:00:00+00:00,47.845001220703125
2025-10-22 02:00:00+00:00,48.21500015258789
2025-10-22 03:00:00+00:00,48.275001525878906
2025-10-22 04:00:00+00:00,48.32500076293945
2025-10-22 05:00:00+00:00,48.42499923706055
2025-10-22 06:00:00+00:00,48.525001525878906
2025-10-22 07:00:00+00:00,48.150001525878906
2025-10-22 08:00:00+00:00,47.630001068115234
2025-10-22 09:00:00+00:00,47.779998779296875
2025-10-22 10:00:00+00:00,47.47999954223633
2025-10-22 11:00:00+00:00,47.30500030517578
2025-10-22 12:00:00+00:00,47.654998779296875
2025-10-22 13:00:00+00:00,48.189998626708984
2025-10-22 14:00:00+00:00,47.650001525878906
2025-10-22 15:00:00+00:00,47.86000061035156
2025-10-22 16:00:00+00:00,47.974998474121094
2025-10-22 17:00:00+00:00,47.810001373291016
2025-10-22 18:00:00+00:00,47.98500061035156
2025-10-22 19:00:00+00:00,48.28499984741211
2025-10-22 20:00:00+00:00,48.18000030517578
2025-10-22 22:00:00+00:00,48.21500015258789
2025-10-22 23:00:00+00:00,47.970001220703125
2025-10-23 00:00:00+00:00,47.994998931884766
2025-10-23 01:00:00+00:00,47.86000061035156
2025-10-23 02:00:00+00:00,48.0
2025-10-23 03:00:00+00:00,48.099998474121094
2025-10-23 04:00:00+00:00,48.029998779296875
2025-10-23 05:00:00+00:00,48.415000915527344
2025-10-23 06:00:00+00:00,48.53499984741211
2025-10-23 07:00:00+00:00,48.45000076293945
2025-10-23 08:00:00+00:00,48.71500015258789
2025-10-23 09:00:00+00:00,48.78499984741211
2025-10-23 10:00:00+00:00,48.75
2025-10-23 11:00:00+00:00,48.7599983215332
2025-10-23 12:00:00+00:00,48.83000183105469
2025-10-23 13:00:00+00:00,49.095001220703125
2025-10-23 14:00:00+00:00,48.93000030517578
2025-10-23 15:00:00+00:00,48.880001068115234
2025-10-23 16:00:00+00:00,48.790000915527344
2025-10-23 17:00:00+00:00,48.8650016784668
2025-10-23 18:00:00+00:00,48.86000061035156
2025-10-23 19:00:00+00:00,48.59000015258789
2025-10-23 20:00:00+00:00,48.650001525878906
2025-10-23 22:00:00+00:00,48.48500061035156
2025-10-23 23:00:00+00:00,48.53499984741211
2025-10-24 00:00:00+00:00,48.70000076293945
2025-10-24 01:00:00+00:00,48.19499969482422
2025-10-24 02:00:00+00:00,48.154998779296875
2025-10-24 03:00:00+00:00,48.30500030517578
2025-10-24 04:00:00+00:00,48.095001220703125
2025-10-24 05:00:00+00:00,48.029998779296875
2025-10-24 06:00:00+00:00,48.040000915527344
2025-10-24 07:00:00+00:00,47.744998931884766
2025-10-24 08:00:00+00:00,47.77000045776367
2025-10-24 09:00:00+00:00,47.689998626708984
2025-10-24 10:00:00+00:00,47.619998931884766
2025-10-24 11:00:00+00:00,47.689998626708984
2025-10-24 12:00:00+00:00,47.900001525878906
2025-10-24 13:00:00+00:00,48.45000076293945
2025-10-24 14:00:00+00:00,48.41999816894531
2025-10-24 15:00:00+00:00,48.685001373291016
2025-10-24 16:00:00+00:00,48.6150016784668
2025-10-24 17:00:00+00:00,48.36000061035156
2025-10-24 18:00:00+00:00,48.42499923706055
2025-10-24 19:00:00+00:00,48.349998474121094
2025-10-24 20:00:00+00:00,48.40999984741211
2025-10-26 22:00:00+00:00,48.349998474121094
2025-10-26 23:00:00+00:00,48.13999938964844
2025-10-27 00:00:00+00:00,48.2400016784668
2025-10-27 01:00:00+00:00,48.314998626708984
2025-10-27 02:00:00+00:00,48.16999816894531
2025-10-27 03:00:00+00:00,48.01499938964844
2025-10-27 04:00:00+00:00,47.96500015258789
2025-10-27 05:00:00+00:00,48.310001373291016
2025-10-27 06:00:00+00:00,48.290000915527344
2025-10-27 07:00:00+00:00,48.1349983215332
2025-10-27 08:00:00+00:00,47.56999969482422
2025-10-27 09:00:00+00:00,47.63999938964844
2025-10-27 10:00:00+00:00,47.525001525878906
2025-10-27 11:00:00+00:00,47.189998626708984
2025-10-27 12:00:00+00:00,47.64500045776367
2025-10-27 13:00:00+00:00,46.9900016784668
2025-10-27 14:00:00+00:00,46.244998931884766
2025-10-27 15:00:00+00:00,46.5
2025-10-27 16:00:00+00:00,46.779998779296875
2025-10-27 17:00:00+00:00,46.95500183105469
2025-10-27 18:00:00+00:00,46.8650016784668
2025-10-27 19:00:00+00:00,46.779998779296875
2025-10-27 20:00:00+00:00,46.83000183105469
2025-10-27 22:00:00+00:00,46.78499984741211
2025-10-27 23:00:00+00:00,46.91999816894531
2025-10-28 00:00:00+00:00,47.09000015258789
2025-10-28 01:00:00+00:00,47.064998626708984
2025-10-28 02:00:00+00:00,46.755001068115234
2025-10-28 03:00:00+00:00,46.83000183105469
2025-10-28 04:00:00+00:00,46.625
2025-10-28 05:00:00+00:00,46.63999938964844
2025-10-28 06:00:00+00:00,46.59000015258789
2025-10-28 07:00:00+00:00,46.435001373291016
2025-10-28 08:00:00+00:00,45.665000915527344
2025-10-28 09:00:00+00:00,45.95500183105469
2025-10-28 10:00:00+00:00,46.2599983215332
2025-10-28 11:00:00+00:00,46.415000915527344
2025-10-28 12:00:00+00:00,46.474998474121094
2025-10-28 13:00:00+00:00,47.040000915527344
2025-10-28 14:00:00+00:00,47.0099983215332
2025-10-28 15:00:00+00:00,47.21500015258789
2025-10-28 16:00:00+00:00,47.189998626708984
2025-10-28 17:00:00+00:00,47.2599983215332
2025-10-28 18:00:00+00:00,47.18000030517578
2025-10-28 19:00:00+00:00,47.19499969482422
2025-10-28 20:00:00+00:00,47.13999938964844
2025-10-28 22:00:00+00:00,46.974998474121094
2025-10-28 23:00:00+00:00,47.255001068115234
2025-10-29 00:00:00+00:00,47.44499969482422
2025-10-29 01:00:00+00:00,47.595001220703125
2025-10-29 02:00:00+00:00,47.41999816894531
2025-10-29 03:00:00+00:00,47.435001373291016
2025-10-29 04:00:00+00:00,47.380001068115234
2025-10-29 05:00:00+00:00,47.47999954223633
2025-10-29 06:00:00+00:00,47.77000045776367
2025-10-29 07:00:00+00:00,48.125
2025-10-29 08:00:00+00:00,48.29499816894531
2025-10-29 09:00:00+00:00,48.29999923706055
2025-10-29 10:00:00+00:00,48.209999084472656
2025-10-29 11:00:00+00:00,48.189998626708984
2025-10-29 12:00:00+00:00,48.35499954223633
2025-10-29 13:00:00+00:00,48.1150016784668
2025-10-29 14:00:00+00:00,48.18000030517578
2025-10-29 15:00:00+00:00,47.9900016784668
2025-10-29 16:00:00+00:00,48.0099983215332
2025-10-29 17:00:00+00:00,47.900001525878906
2025-10-29 18:00:00+00:00,47.505001068115234
2025-10-29 19:00:00+00:00,47.3849983215332
2025-10-29 20:00:00+00:00,47.275001525878906
2025-10-29 22:00:00+00:00,47.51499938964844
2025-10-29 23:00:00+00:00,47.54499816894531
2025-10-30 00:00:00+00:00,47.58000183105469
2025-10-30 01:00:00+00:00,47.48500061035156
2025-10-30 02:00:00+00:00,47.165000915527344
2025-10-30 03:00:00+00:00,47.36000061035156
2025-10-30 04:00:00+00:00,47.64500045776367
2025-10-30 05:00:00+00:00,47.52000045776367
2025-10-30 06:00:00+00:00,47.63999938964844
2025-10-30 07:00:00+00:00,47.40999984741211
2025-10-30 08:00:00+00:00,47.82500076293945
2025-10-30 09:00:00+00:00,47.939998626708984
2025-10-30 10:00:00+00:00,47.875
2025-10-30 11:00:00+00:00,47.869998931884766
2025-10-30 12:00:00+00:00,47.595001220703125
2025-10-30 13:00:00+00:00,48.154998779296875
2025-10-30 14:00:00+00:00,48.525001525878906
2025-10-30 15:00:00+00:00,48.6150016784668
2025-10-30 16:00:00+00:00,48.63999938964844
2025-10-30 17:00:00+00:00,48.619998931884766
2025-10-30 18:00:00+00:00,48.75
2025-10-30 19:00:00+00:00,48.69499969482422
2025-10-30 20:00:00+00:00,48.72999954223633
2025-10-30 22:00:00+00:00,48.8849983215332
2025-10-30 23:00:00+00:00,48.89500045776367
2025-10-31 00:00:00+00:00,48.70000076293945
2025-10-31 01:00:00+00:00,48.8650016784668
2025-10-31 02:00:00+00:00,48.57500076293945
2025-10-31 03:00:00+00:00,48.3849983215332
2025-10-31 04:00:00+00:00,48.46500015258789
2025-10-31 05:00:00+00:00,48.4900016784668
2025-10-31 06:00:00+00:00,48.685001373291016
2025-10-31 07:00:00+00:00,48.84000015258789
2025-10-31 08:00:00+00:00,48.415000915527344
2025-10-31 09:00:00+00:00,48.459999084472656
2025-10-31 10:00:00+00:00,48.5099983215332
2025-10-31 11:00:00+00:00,48.56999969482422
2025-10-31 12:00:00+00:00,48.6349983215332
2025-10-31 13:00:00+00:00,48.46500015258789
2025-10-31 14:00:00+00:00,48.560001373291016
2025-10-31 15:00:00+00:00,48.474998474121094
2025-10-31 16:00:00+00:00,48.14500045776367
2025-10-31 17:00:00+00:00,48.30500030517578
2025-10-31 18:00:00+00:00,48.30500030517578
2025-10-31 19:00:00+00:00,48.224998474121094
2025-10-31 20:00:00+00:00,48.15999984741211
2025-11-02 23:00:00+00:00,48.10499954223633
2025-11-03 00:00:00+00:00,47.9900016784668
2025-11-03 01:00:00+00:00,48.17499923706055
2025-11-03 02:00:00+00:00,48.505001068115234
2025-11-03 03:00:00+00:00,48.55500030517578
2025-11-03 04:00:00+00:00,48.474998474121094
2025-11-03 05:00:00+00:00,48.6349983215332
2025-11-03 06:00:00+00:00,48.59000015258789
2025-11-03 07:00:00+00:00,48.78499984741211
2025-11-03 08:00:00+00:00,48.650001525878906
2025-11-03 09:00:00+00:00,48.375
2025-11-03 10:00:00+00:00,48.375
2025-11-03 11:00:00+00:00,48.5
2025-11-03 12:00:00+00:00,48.494998931884766
2025-11-03 13:00:00+00:00,48.279998779296875
2025-11-03 14:00:00+00:00,48.630001068115234
2025-11-03 15:00:00+00:00,48.11000061035156
2025-11-03 16:00:00+00:00,48.189998626708984
2025-11-03 17:00:00+00:00,48.13999938964844
2025-11-03 18:00:00+00:00,48.0099983215332
2025-11-03 19:00:00+00:00,47.95000076293945
2025-11-03 20:00:00+00:00,48.04499816894531
2025-11-03 21:00:00+00:00,47.90999984741211
2025-11-03 23:00:00+00:00,47.77000045776367
2025-11-04 00:00:00+00:00,47.775001525878906
2025-11-04 01:00:00+00:00,47.91999816894531
2025-11-04 02:00:00+00:00,47.6349983215332
2025-11-04 03:00:00+00:00,47.89500045776367
2025-11-04 04:00:00+00:00,47.814998626708984
2025-11-04 05:00:00+00:00,47.25
2025-11-04 06:00:00+00:00,47.375
2025-11-04 07:00:00+00:00,47.529998779296875
2025-11-04 08:00:00+00:00,47.66999816894531
2025-11-04 09:00:00+00:00,47.43000030517578
2025-11-04 10:00:00+00:00,47.54499816894531
2025-11-04 11:00:00+00:00,47.51499938964844
2025-11-04 12:00:00+00:00,47.3849983215332
2025-11-04 13:00:00+00:00,47.279998779296875
2025-11-04 14:00:00+00:00,47.099998474121094
2025-11-04 15:00:00+00:00,47.18000030517578
2025-11-04 16:00:00+00:00,47.540000915527344
2025-11-04 17:00:00+00:00,47.30500030517578
2025-11-04 18:00:00+00:00,47.119998931884766
2025-11-04 19:00:00+00:00,46.970001220703125
2025-11-04 20:00:00+00:00,46.915000915527344
2025-11-04 21:00:00+00:00,46.89500045776367
2025-11-04 23:00:00+00:00,46.779998779296875
2025-11-05 00:00:00+00:00,46.84000015258789
2025-11-05 01:00:00+00:00,46.810001373291016
2025-11-05 02:00:00+00:00,47.14500045776367
2025-11-05 03:00:00+00:00,47.32500076293945
2025-11-05 04:00:00+00:00,47.459999084472656
2025-11-05 05:00:00+00:00,47.47999954223633
2025-11-05 06:00:00+00:00,47.42499923706055
2025-11-05 07:00:00+00:00,47.54499816894531
2025-11-05 08:00:00+00:00,47.665000915527344
2025-11-05 09:00:00+00:00,47.625
2025-11-05 10:00:00+00:00,47.345001220703125
2025-11-05 11:00:00+00:00,47.400001525878906
2025-11-05 12:00:00+00:00,47.435001373291016
2025-11-05 13:00:00+00:00,47.775001525878906
2025-11-05 14:00:00+00:00,47.724998474121094
2025-11-05 15:00:00+00:00,47.94499969482422
2025-11-05 16:00:00+00:00,47.970001220703125
2025-11-05 17:00:00+00:00,48.03499984741211
2025-11-05 18:00:00+00:00,48.0099983215332
2025-11-05 19:00:00+00:00,48.06999969482422
2025-11-05 20:00:00+00:00,47.97999954223633
2025-11-05 21:00:00+00:00,47.86000061035156
2025-11-05 23:00:00+00:00,47.84000015258789
2025-11-06 00:00:00+00:00,47.92499923706055
2025-11-06 01:00:00+00:00,47.70000076293945
2025-11-06 02:00:00+00:00,47.849998474121094
2025-11-06 03:00:00+00:00,48.02000045776367
2025-11-06 04:00:00+00:00,48.084999084472656
2025-11-06 05:00:00+00:00,48.16999816894531
2025-11-06 06:00:00+00:00,48.165000915527344
2025-11-06 07:00:00+00:00,48.28499984741211
2025-11-06 08:00:00+00:00,48.564998626708984
2025-11-06 09:00:00+00:00,48.41999816894531
2025-11-06 10:00:00+00:00,48.470001220703125
2025-11-06 11:00:00+00:00,48.505001068115234
2025-11-06 12:00:00+00:00,48.349998474121094
2025-11-06 13:00:00+00:00,48.349998474121094
2025-11-06 14:00:00+00:00,47.994998931884766
2025-11-06 15:00:00+00:00,47.665000915527344
2025-11-06 16:00:00+00:00,47.7400016784668
2025-11-06 17:00:00+00:00,47.86000061035156
2025-11-06 18:00:00+00:00,47.97999954223633
2025-11-06 19:00:00+00:00,48.0099983215332
2025-11-06 20:00:00+00:00,47.845001220703125
2025-11-06 21:00:00+00:00,47.845001220703125
2025-11-06 23:00:00+00:00,48.040000915527344
2025-11-07 00:00:00+00:00,48.0
2025-11-07 01:00:00+00:00,48.224998474121094
2025-11-07 02:00:00+00:00,48.15999984741211
2025-11-07 03:00:00+00:00,48.14500045776367
2025-11-07 04:00:00+00:00,48.345001220703125
2025-11-07 05:00:00+00:00,48.28499984741211
2025-11-07 06:00:00+00:00,48.474998474121094
2025-11-07 07:00:00+00:00,48.51499938964844
2025-11-07 08:00:00+00:00,48.650001525878906
2025-11-07 09:00:00+00:00,48.619998931884766
2025-11-07 10:00:00+00:00,48.689998626708984
2025-11-07 11:00:00+00:00,48.52000045776367
2025-11-07 12:00:00+00:00,48.380001068115234
2025-11-07 13:00:00+00:00,48.32500076293945
2025-11-07 14:00:00+00:00,48.20000076293945
2025-11-07 15:00:00+00:00,48.04999923706055
2025-11-07 16:00:00+00:00,48.19499969482422
2025-11-07 17:00:00+00:00,48.099998474121094
2025-11-07 18:00:00+00:00,48.150001525878906
2025-11-07 19:00:00+00:00,48.29999923706055
2025-11-07 20:00:00+00:00,48.290000915527344
2025-11-07 21:00:00+00:00,48.23500061035156
2025-11-09 23:00:00+00:00,48.529998779296875
2025-11-10 00:00:00+00:00,48.4900016784668
2025-11-10 01:00:00+00:00,49.060001373291016
2025-11-10 02:00:00+00:00,49.064998626708984
2025-11-10 03:00:00+00:00,49.119998931884766
2025-11-10 04:00:00+00:00,49.255001068115234
2025-11-10 05:00:00+00:00,49.505001068115234
2025-11-10 06:00:00+00:00,49.58000183105469
2025-11-10 07:00:00+00:00,49.654998779296875
2025-11-10 08:00:00+00:00,49.88999938964844
2025-11-10 09:00:00+00:00,49.755001068115234
2025-11-10 10:00:00+00:00,49.875
2025-11-10 11:00:00+00:00,49.89500045776367
2025-11-10 12:00:00+00:00,50.04999923706055
2025-11-10 13:00:00+00:00,49.72999954223633
2025-11-10 14:00:00+00:00,49.845001220703125
2025-11-10 15:00:00+00:00,49.709999084472656
2025-11-10 16:00:00+00:00,49.97999954223633
2025-11-10 17:00:00+00:00,50.255001068115234
2025-11-10 18:00:00+00:00,50.349998474121094
2025-11-10 19:00:00+00:00,50.44499969482422
2025-11-10 20:00:00+00:00,50.369998931884766
2025-11-10 21:00:00+00:00,50.404998779296875
2025-11-10 23:00:00+00:00,50.42499923706055
2025-11-11 00:00:00+00:00,50.6150016784668
2025-11-11 01:00:00+00:00,50.53499984741211
2025-11-11 02:00:00+00:00,50.51499938964844
2025-11-11 03:00:00+00:00,50.8650016784668
2025-11-11 04:00:00+00:00,50.845001220703125
2025-11-11 05:00:00+00:00,50.630001068115234
2025-11-11 06:00:00+00:00,50.525001525878906
2025-11-11 07:00:00+00:00,50.48500061035156
2025-11-11 08:00:00+00:00,50.560001373291016
2025-11-11 09:00:00+00:00,50.77000045776367
2025-11-11 10:00:00+00:00,50.7599983215332
2025-11-11 11:00:00+00:00,51.029998779296875
2025-11-11 12:00:00+00:00,50.755001068115234
2025-11-11 13:00:00+00:00,50.9900016784668
2025-11-11 14:00:00+00:00,50.70000076293945
2025-11-11 15:00:00+00:00,50.33000183105469
2025-11-11 16:00:00+00:00,50.564998626708984
2025-11-11 17:00:00+00:00,50.71500015258789
2025-11-11 18:00:00+00:00,50.8849983215332
2025-11-11 19:00:00+00:00,50.89500045776367
2025-11-11 20:00:00+00:00,51.08000183105469
2025-11-11 21:00:00+00:00,51.07500076293945
2025-11-11 23:00:00+00:00,51.16999816894531
2025-11-12 00:00:00+00:00,50.994998931884766
2025-11-12 01:00:00+00:00,51.1349983215332
2025-11-12 02:00:00+00:00,51.084999084472656
2025-11-12 03:00:00+00:00,50.91999816894531
2025-11-12 04:00:00+00:00,50.96500015258789
2025-11-12 05:00:00+00:00,50.93000030517578
2025-11-12 06:00:00+00:00,51.42499923706055
2025-11-12 07:00:00+00:00,51.494998931884766
2025-11-12 08:00:00+00:00,51.654998779296875
2025-11-12 09:00:00+00:00,51.654998779296875
2025-11-12 10:00:00+00:00,51.65999984741211
2025-11-12 11:00:00+00:00,51.400001525878906
2025-11-12 12:00:00+00:00,51.58000183105469
2025-11-12 13:00:00+00:00,51.560001373291016
2025-11-12 14:00:00+00:00,52.290000915527344
2025-11-12 15:00:00+00:00,52.83000183105469
2025-11-12 16:00:00+00:00,53.40999984741211
2025-11-12 17:00:00+00:00,53.375
2025-11-12 18:00:00+00:00,53.564998626708984
2025-11-12 19:00:00+00:00,53.40999984741211
2025-11-12 20:00:00+00:00,53.26499938964844
2025-11-12 21:00:00+00:00,53.22999954223633
2025-11-12 23:00:00+00:00,53.16999816894531
2025-11-13 00:00:00+00:00,53.34000015258789
2025-11-13 01:00:00+00:00,53.36000061035156
2025-11-13 02:00:00+00:00,53.3650016784668
2025-11-13 03:00:00+00:00,54.22999954223633
2025-11-13 04:00:00+00:00,54.09000015258789
2025-11-13 05:00:00+00:00,54.02000045776367
2025-11-13 06:00:00+00:00,54.11000061035156
2025-11-13 07:00:00+00:00,54.08000183105469
2025-11-13 08:00:00+00:00,54.185001373291016
2025-11-13 09:00:00+00:00,54.04999923706055
2025-11-13 10:00:00+00:00,53.59000015258789
2025-11-13 11:00:00+00:00,53.7400016784668
2025-11-13 12:00:00+00:00,53.9900016784668
2025-11-13 13:00:00+00:00,53.47999954223633
2025-11-13 14:00:00+00:00,52.95000076293945
2025-11-13 15:00:00+00:00,52.72999954223633
2025-11-13 16:00:00+00:00,53.084999084472656
2025-11-13 17:00:00+00:00,53.130001068115234
2025-11-13 18:00:00+00:00,52.32500076293945
2025-11-13 19:00:00+00:00,52.349998474121094
2025-11-13 20:00:00+00:00,52.224998474121094
2025-11-13 21:00:00+00:00,52.22999954223633
2025-11-13 23:00:00+00:00,52.45000076293945
2025-11-14 00:00:00+00:00,52.63999938964844
2025-11-14 01:00:00+00:00,52.84000015258789
2025-11-14 02:00:00+00:00,53.13999938964844
2025-11-14 03:00:00+00:00,53.15999984741211
2025-11-14 04:00:00+00:00,52.974998474121094
2025-11-14 05:00:00+00:00,52.8650016784668
2025-11-14 06:00:00+00:00,52.47999954223633
2025-11-14 07:00:00+00:00,52.834999084472656
2025-11-14 08:00:00+00:00,52.709999084472656
2025-11-14 09:00:00+00:00,52.61000061035156
2025-11-14 10:00:00+00:00,52.474998474121094
2025-11-14 11:00:00+00:00,51.849998474121094
2025-11-14 12:00:00+00:00,51.70000076293945
2025-11-14 13:00:00+00:00,50.5099983215332
2025-11-14 14:00:00+00:00,50.814998626708984
2025-11-14 15:00:00+00:00,51.14500045776367
2025-11-14 16:00:00+00:00,51.220001220703125
2025-11-14 17:00:00+00:00,51.07500076293945
2025-11-14 18:00:00+00:00,50.915000915527344
2025-11-14 19:00:00+00:00,50.67499923706055
2025-11-14 20:00:00+00:00,50.54999923706055
2025-11-14 21:00:00+00:00,50.68600082397461
2025-11-16 23:00:00+00:00,50.720001220703125
2025-11-17 00:00:00+00:00,50.654998779296875
2025-11-17 01:00:00+00:00,50.665000915527344
2025-11-17 02:00:00+00:00,50.709999084472656
2025-11-17 03:00:00+00:00,50.790000915527344
2025-11-17 04:00:00+00:00,50.630001068115234
2025-11-17 05:00:00+00:00,50.40999984741211
2025-11-17 06:00:00+00:00,50.439998626708984
2025-11-17 07:00:00+00:00,50.959999084472656
2025-11-17 08:00:00+00:00,50.744998931884766
2025-11-17 09:00:00+00:00,50.869998931884766
2025-11-17 10:00:00+00:00,50.720001220703125
2025-11-17 11:00:00+00:00,50.86000061035156
2025-11-17 12:00:00+00:00,50.65999984741211
2025-11-17 13:00:00+00:00,50.369998931884766
2025-11-17 14:00:00+00:00,50.685001373291016
2025-11-17 15:00:00+00:00,50.63999938964844
2025-11-17 16:00:00+00:00,50.654998779296875
2025-11-17 17:00:00+00:00,50.689998626708984
2025-11-17 18:00:00+00:00,50.40999984741211
2025-11-17 19:00:00+00:00,49.42499923706055
2025-11-17 20:00:00+00:00,49.98500061035156
2025-11-17 21:00:00+00:00,50.04999923706055
2025-11-17 23:00:00+00:00,49.689998626708984
2025-11-18 00:00:00+00:00,49.935001373291016
2025-11-18 01:00:00+00:00,49.67499923706055
2025-11-18 02:00:00+00:00,49.599998474121094
2025-11-18 03:00:00+00:00,49.54999923706055
2025-11-18 04:00:00+00:00,49.40999984741211
2025-11-18 05:00:00+00:00,49.52000045776367
2025-11-18 06:00:00+00:00,49.279998779296875
2025-11-18 07:00:00+00:00,49.474998474121094
2025-11-18 08:00:00+00:00,50.130001068115234
2025-11-18 09:00:00+00:00,50.2400016784668
2025-11-18 10:00:00+00:00,50.30500030517578
2025-11-18 11:00:00+00:00,50.099998474121094
2025-11-18 12:00:00+00:00,49.71500015258789
2025-11-18 13:00:00+00:00,50.099998474121094
2025-11-18 14:00:00+00:00,50.36000061035156
2025-11-18 15:00:00+00:00,50.20500183105469
2025-11-18 16:00:00+00:00,50.5099983215332
2025-11-18 17:00:00+00:00,50.57500076293945
2025-11-18 18:00:00+00:00,50.59000015258789
2025-11-18 19:00:00+00:00,51.02000045776367
2025-11-18 20:00:00+00:00,50.65999984741211
2025-11-18 21:00:00+00:00,50.540000915527344
2025-11-18 23:00:00+00:00,50.689998626708984
2025-11-19 00:00:00+00:00,50.56999969482422
2025-11-19 01:00:00+00:00,50.47999954223633
2025-11-19 02:00:00+00:00,50.86000061035156
2025-11-19 03:00:00+00:00,50.584999084472656
2025-11-19 04:00:00+00:00,50.689998626708984
2025-11-19 05:00:00+00:00,51.255001068115234
2025-11-19 06:00:00+00:00,51.244998931884766
2025-11-19 07:00:00+00:00,51.25
2025-11-19 08:00:00+00:00,51.165000915527344
2025-11-19 09:00:00+00:00,51.95500183105469
2025-11-19 10:00:00+00:00,51.974998474121094
2025-11-19 11:00:00+00:00,51.915000915527344
2025-11-19 12:00:00+00:00,52.0
2025-11-19 13:00:00+00:00,51.630001068115234
2025-11-19 14:00:00+00:00,51.91999816894531
2025-11-19 15:00:00+00:00,51.494998931884766
2025-11-19 16:00:00+00:00,50.57500076293945
2025-11-19 17:00:00+00:00,50.6349983215332
2025-11-19 18:00:00+00:00,51.025001525878906
2025-11-19 19:00:00+00:00,50.834999084472656
2025-11-19 20:00:00+00:00,50.935001373291016
2025-11-19 21:00:00+00:00,51.064998626708984
2025-11-19 23:00:00+00:00,51.439998626708984
2025-11-20 00:00:00+00:00,51.28499984741211
2025-11-20 01:00:00+00:00,51.119998931884766
2025-11-20 02:00:00+00:00,50.900001525878906
2025-11-20 03:00:00+00:00,50.970001220703125
2025-11-20 04:00:00+00:00,51.029998779296875
2025-11-20 05:00:00+00:00,50.89500045776367
2025-11-20 06:00:00+00:00,50.86000061035156
2025-11-20 07:00:00+00:00,50.67499923706055
2025-11-20 08:00:00+00:00,50.470001220703125
2025-11-20 09:00:00+00:00,50.70500183105469
2025-11-20 10:00:00+00:00,50.470001220703125
2025-11-20 11:00:00+00:00,50.54499816894531
2025-11-20 12:00:00+00:00,50.939998626708984
2025-11-20 13:00:00+00:00,50.849998474121094
2025-11-20 14:00:00+00:00,51.03499984741211
2025-11-20 15:00:00+00:00,50.630001068115234
2025-11-20 16:00:00+00:00,50.08000183105469
2025-11-20 17:00:00+00:00,50.275001525878906
2025-11-20 18:00:00+00:00,50.05500030517578
2025-11-20 19:00:00+00:00,50.595001220703125
2025-11-20 20:00:00+00:00,50.279998779296875
2025-11-20 21:00:00+00:00,50.35499954223633
2025-11-20 23:00:00+00:00,50.474998474121094
2025-11-21 00:00:00+00:00,50.290000915527344
2025-11-21 01:00:00+00:00,50.005001068115234
2025-11-21 02:00:00+00:00,49.59000015258789
2025-11-21 03:00:00+00:00,49.47999954223633
2025-11-21 04:00:00+00:00,49.310001373291016
2025-11-21 05:00:00+00:00,49.185001373291016
2025-11-21 06:00:00+00:00,48.9900016784668
2025-11-21 07:00:00+00:00,48.66999816894531
2025-11-21 08:00:00+00:00,48.869998931884766
2025-11-21 09:00:00+00:00,48.70500183105469
2025-11-21 10:00:00+00:00,48.40999984741211
2025-11-21 11:00:00+00:00,48.39500045776367
2025-11-21 12:00:00+00:00,49.130001068115234
2025-11-21 13:00:00+00:00,49.560001373291016
2025-11-21 14:00:00+00:00,49.29499816894531
2025-11-21 15:00:00+00:00,49.314998626708984
2025-11-21 16:00:00+00:00,50.34000015258789
2025-11-21 17:00:00+00:00,50.005001068115234
2025-11-21 18:00:00+00:00,50.060001373291016
2025-11-21 19:00:00+00:00,50.01499938964844
2025-11-21 20:00:00+00:00,49.68000030517578
2025-11-21 21:00:00+00:00,49.91299819946289
2025-11-23 23:00:00+00:00,49.810001373291016
2025-11-24 00:00:00+00:00,49.810001373291016
2025-11-24 01:00:00+00:00,49.43000030517578
2025-11-24 02:00:00+00:00,49.459999084472656
2025-11-24 03:00:00+00:00,49.65999984741211
2025-11-24 04:00:00+00:00,49.529998779296875
2025-11-24 05:00:00+00:00,49.599998474121094
2025-11-24 06:00:00+00:00,49.494998931884766
2025-11-24 07:00:00+00:00,49.6150016784668
2025-11-24 08:00:00+00:00,49.75
2025-11-24 09:00:00+00:00,49.814998626708984
2025-11-24 10:00:00+00:00,49.70000076293945
2025-11-24 11:00:00+00:00,49.68000030517578
2025-11-24 12:00:00+00:00,49.935001373291016
2025-11-24 13:00:00+00:00,49.81999969482422
2025-11-24 14:00:00+00:00,49.915000915527344
2025-11-24 15:00:00+00:00,50.095001220703125
2025-11-24 16:00:00+00:00,50.275001525878906
2025-11-24 17:00:00+00:00,50.310001373291016
2025-11-24 18:00:00+00:00,50.69499969482422
2025-11-24 19:00:00+00:00,50.915000915527344
2025-11-24 20:00:00+00:00,51.16999816894531
2025-11-24 21:00:00+00:00,51.154998779296875
2025-11-24 23:00:00+00:00,51.17499923706055
2025-11-25 00:00:00+00:00,50.834999084472656
2025-11-25 01:00:00+00:00,51.1150016784668
2025-11-25 02:00:00+00:00,51.31999969482422
2025-11-25 03:00:00+00:00,51.2400016784668
2025-11-25 04:00:00+00:00,51.30500030517578
2025-11-25 05:00:00+00:00,51.459999084472656
2025-11-25 06:00:00+00:00,51.10499954223633
2025-11-25 07:00:00+00:00,50.96500015258789
2025-11-25 08:00:00+00:00,51.30500030517578
2025-11-25 09:00:00+00:00,51.33000183105469
2025-11-25 10:00:00+00:00,51.46500015258789
2025-11-25 11:00:00+00:00,51.51499938964844
2025-11-25 12:00:00+00:00,51.560001373291016
2025-11-25 13:00:00+00:00,51.974998474121094
2025-11-25 14:00:00+00:00,51.35499954223633
2025-11-25 15:00:00+00:00,51.14500045776367
2025-11-25 16:00:00+00:00,51.439998626708984
2025-11-25 17:00:00+00:00,50.92499923706055
2025-11-25 18:00:00+00:00,51.459999084472656
2025-11-25 19:00:00+00:00,50.85499954223633
2025-11-25 20:00:00+00:00,51.720001220703125
2025-11-25 21:00:00+00:00,51.62900161743164
2025-11-25 23:00:00+00:00,51.630001068115234
2025-11-26 00:00:00+00:00,51.78499984741211
2025-11-26 01:00:00+00:00,51.994998931884766
2025-11-26 02:00:00+00:00,52.29999923706055
2025-11-26 03:00:00+00:00,52.38999938964844
2025-11-26 04:00:00+00:00,52.39500045776367
2025-11-26 05:00:00+00:00,52.334999084472656
2025-11-26 06:00:00+00:00,52.29999923706055
2025-11-26 07:00:00+00:00,52.35499954223633
2025-11-26 08:00:00+00:00,52.54499816894531
2025-11-26 09:00:00+00:00,52.61000061035156
2025-11-26 10:00:00+00:00,52.73500061035156
2025-11-26 11:00:00+00:00,52.77000045776367
2025-11-26 12:00:00+00:00,52.47999954223633
2025-11-26 13:00:00+00:00,52.564998626708984
2025-11-26 14:00:00+00:00,52.33000183105469
2025-11-26 15:00:00+00:00,53.09000015258789
2025-11-26 16:00:00+00:00,53.43000030517578
2025-11-26 17:00:00+00:00,53.5
2025-11-26 18:00:00+00:00,53.599998474121094
2025-11-26 19:00:00+00:00,53.724998474121094
2025-11-26 20:00:00+00:00,53.685001373291016
2025-11-26 21:00:00+00:00,53.7599983215332
2025-11-26 23:00:00+00:00,53.86000061035156
2025-11-27 00:00:00+00:00,53.810001373291016
2025-11-27 01:00:00+00:00,53.45500183105469
2025-11-27 02:00:00+00:00,53.29999923706055
2025-11-27 03:00:00+00:00,53.435001373291016
2025-11-27 04:00:00+00:00,53.3849983215332
2025-11-28 14:30:00+00:00,55.79999923706055
2025-11-28 15:30:00+00:00,56.18000030517578
2025-11-28 16:30:00+00:00,56.45000076293945
2025-11-28 17:30:00+00:00,57.08000183105469
2025-11-30 23:00:00+00:00,57.720001220703125
2025-12-01 00:00:00+00:00,58.060001373291016
2025-12-01 01:00:00+00:00,58.564998626708984
2025-12-01 02:00:00+00:00,58.13999938964844
2025-12-01 03:00:00+00:00,57.95000076293945
2025-12-01 04:00:00+00:00,57.900001525878906
2025-12-01 05:00:00+00:00,57.54499816894531
2025-12-01 06:00:00+00:00,57.43000030517578
2025-12-01 07:00:00+00:00,57.505001068115234
2025-12-01 08:00:00+00:00,57.76499938964844
2025-12-01 09:00:00+00:00,57.91999816894531
2025-12-01 10:00:00+00:00,58.209999084472656
2025-12-01 11:00:00+00:00,58.02000045776367
2025-12-01 12:00:00+00:00,57.540000915527344
2025-12-01 13:00:00+00:00,57.974998474121094
2025-12-01 14:00:00+00:00,58.17499923706055
2025-12-01 15:00:00+00:00,58.209999084472656
2025-12-01 16:00:00+00:00,58.81999969482422
2025-12-01 17:00:00+00:00,58.85499954223633
2025-12-01 18:00:00+00:00,59.095001220703125
2025-12-01 19:00:00+00:00,58.63999938964844
2025-12-01 20:00:00+00:00,58.43000030517578
2025-12-01 21:00:00+00:00,58.45000076293945
2025-12-01 23:00:00+00:00,58.1349983215332
2025-12-02 00:00:00+00:00,58.1349983215332
2025-12-02 01:00:00+00:00,57.709999084472656
2025-12-02 02:00:00+00:00,57.81999969482422
2025-12-02 03:00:00+00:00,57.849998474121094
2025-12-02 04:00:00+00:00,57.83000183105469
2025-12-02 05:00:00+00:00,57.974998474121094
2025-12-02 06:00:00+00:00,57.73500061035156
2025-12-02 07:00:00+00:00,57.89500045776367
2025-12-02 08:00:00+00:00,57.78499984741211
2025-12-02 09:00:00+00:00,57.54999923706055
2025-12-02 10:00:00+00:00,57.70000076293945
2025-12-02 11:00:00+00:00,58.04499816894531
2025-12-02 12:00:00+00:00,58.08000183105469
2025-12-02 13:00:00+00:00,58.209999084472656
2025-12-02 14:00:00+00:00,58.779998779296875
2025-12-02 15:00:00+00:00,57.709999084472656
2025-12-02 16:00:00+00:00,58.290000915527344
2025-12-02 17:00:00+00:00,58.63999938964844
2025-12-02 18:00:00+00:00,58.619998931884766
2025-12-02 19:00:00+00:00,58.959999084472656
2025-12-02 20:00:00+00:00,59.22999954223633
2025-12-02 21:00:00+00:00,59.150001525878906
2025-12-02 23:00:00+00:00,59.349998474121094
2025-12-03 00:00:00+00:00,59.04999923706055
2025-12-03 01:00:00+00:00,58.9900016784668
2025-12-03 02:00:00+00:00,59.435001373291016
2025-12-03 03:00:00+00:00,59.58000183105469
2025-12-03 04:00:00+00:00,59.47999954223633
2025-12-03 05:00:00+00:00,58.61000061035156
2025-12-03 06:00:00+00:00,58.63999938964844
2025-12-03 07:00:00+00:00,58.720001220703125
2025-12-03 08:00:00+00:00,58.75
2025-12-03 09:00:00+00:00,58.790000915527344
2025-12-03 10:00:00+00:00,58.650001525878906
2025-12-03 11:00:00+00:00,58.98500061035156
2025-12-03 12:00:00+00:00,59.154998779296875
2025-12-03 13:00:00+00:00,59.55500030517578
2025-12-03 14:00:00+00:00,58.810001373291016
2025-12-03 15:00:00+00:00,58.97999954223633
2025-12-03 16:00:00+00:00,58.584999084472656
2025-12-03 17:00:00+00:00,58.849998474121094
2025-12-03 18:00:00+00:00,58.720001220703125
2025-12-03 19:00:00+00:00,58.95500183105469
2025-12-03 20:00:00+00:00,58.91999816894531
2025-12-03 21:00:00+00:00,58.619998931884766
2025-12-03 23:00:00+00:00,58.95000076293945
2025-12-04 00:00:00+00:00,58.869998931884766
2025-12-04 01:00:00+00:00,59.040000915527344
2025-12-04 02:00:00+00:00,58.834999084472656
2025-12-04 03:00:00+00:00,58.63999938964844
2025-12-04 04:00:00+00:00,58.709999084472656
2025-12-04 05:00:00+00:00,58.150001525878906
2025-12-04 06:00:00+00:00,58.0
2025-12-04 07:00:00+00:00,57.959999084472656
2025-12-04 08:00:00+00:00,57.334999084472656
2025-12-04 09:00:00+00:00,57.869998931884766
2025-12-04 10:00:00+00:00,57.849998474121094
2025-12-04 11:00:00+00:00,58.02000045776367
2025-12-04 12:00:00+00:00,57.73500061035156
2025-12-04 13:00:00+00:00,57.869998931884766
2025-12-04 14:00:00+00:00,57.25
2025-12-04 15:00:00+00:00,57.345001220703125
2025-12-04 16:00:00+00:00,57.61000061035156
2025-12-04 17:00:00+00:00,57.630001068115234
2025-12-04 18:00:00+00:00,57.29499816894531
2025-12-04 19:00:00+00:00,57.439998626708984
2025-12-04 20:00:00+00:00,57.5099983215332
2025-12-04 21:00:00+00:00,57.529998779296875
2025-12-04 23:00:00+00:00,57.439998626708984
2025-12-05 00:00:00+00:00,57.43000030517578
2025-12-05 01:00:00+00:00,57.70500183105469
2025-12-05 02:00:00+00:00,58.119998931884766
2025-12-05 03:00:00+00:00,57.97999954223633
2025-12-05 04:00:00+00:00,58.28499984741211
2025-12-05 05:00:00+00:00,58.685001373291016
2025-12-05 06:00:00+00:00,58.82500076293945
2025-12-05 07:00:00+00:00,58.720001220703125
2025-12-05 08:00:00+00:00,58.650001525878906
2025-12-05 09:00:00+00:00,58.65999984741211
2025-12-05 10:00:00+00:00,58.64500045776367
2025-12-05 11:00:00+00:00,58.654998779296875
2025-12-05 12:00:00+00:00,58.65999984741211
2025-12-05 13:00:00+00:00,58.72999954223633
2025-12-05 14:00:00+00:00,59.125
2025-12-05 15:00:00+00:00,59.619998931884766
2025-12-05 16:00:00+00:00,59.029998779296875
2025-12-05 17:00:00+00:00,59.2599983215332
2025-12-05 18:00:00+00:00,59.064998626708984
2025-12-05 19:00:00+00:00,58.97999954223633
2025-12-05 20:00:00+00:00,58.880001068115234
2025-12-05 21:00:00+00:00,59.053001403808594
2025-12-07 23:00:00+00:00,58.88999938964844
2025-12-08 00:00:00+00:00,59.040000915527344
2025-12-08 01:00:00+00:00,58.29499816894531
2025-12-08 02:00:00+00:00,58.369998931884766
2025-12-08 03:00:00+00:00,58.494998931884766
2025-12-08 04:00:00+00:00,58.404998779296875
2025-12-08 05:00:00+00:00,58.79999923706055
2025-12-08 06:00:00+00:00,58.83000183105469
2025-12-08 07:00:00+00:00,58.665000915527344
2025-12-08 08:00:00+00:00,58.85499954223633
2025-12-08 09:00:00+00:00,58.75
2025-12-08 10:00:00+00:00,58.810001373291016
2025-12-08 11:00:00+00:00,58.755001068115234
2025-12-08 12:00:00+00:00,58.974998474121094
2025-12-08 13:00:00+00:00,58.630001068115234
2025-12-08 14:00:00+00:00,58.6150016784668
2025-12-08 15:00:00+00:00,58.314998626708984
2025-12-08 16:00:00+00:00,58.38999938964844
2025-12-08 17:00:00+00:00,58.52000045776367
2025-12-08 18:00:00+00:00,58.34000015258789
2025-12-08 19:00:00+00:00,58.36000061035156
2025-12-08 20:00:00+00:00,58.470001220703125
2025-12-08 21:00:00+00:00,58.5
2025-12-08 23:00:00+00:00,58.505001068115234
2025-12-09 00:00:00+00:00,58.42499923706055
2025-12-09 01:00:00+00:00,58.630001068115234
2025-12-09 02:00:00+00:00,58.59000015258789
2025-12-09 03:00:00+00:00,58.82500076293945
2025-12-09 04:00:00+00:00,58.755001068115234
2025-12-09 05:00:00+00:00,58.19499969482422
2025-12-09 06:00:00+00:00,58.415000915527344
2025-12-09 07:00:00+00:00,58.44499969482422
2025-12-09 08:00:00+00:00,58.790000915527344
2025-12-09 09:00:00+00:00,59.05500030517578
2025-12-09 10:00:00+00:00,59.095001220703125
2025-12-09 11:00:00+00:00,59.005001068115234
2025-12-09 12:00:00+00:00,59.189998626708984
2025-12-09 13:00:00+00:00,59.3650016784668
2025-12-09 14:00:00+00:00,59.70500183105469
2025-12-09 15:00:00+00:00,60.775001525878906
2025-12-09 16:00:00+00:00,60.83000183105469
2025-12-09 17:00:00+00:00,60.69499969482422
2025-12-09 18:00:00+00:00,61.119998931884766
2025-12-09 19:00:00+00:00,61.16999816894531
2025-12-09 20:00:00+00:00,61.23500061035156
2025-12-09 21:00:00+00:00,61.15999984741211
2025-12-09 23:00:00+00:00,61.369998931884766
2025-12-10 00:00:00+00:00,61.20500183105469
2025-12-10 01:00:00+00:00,61.84000015258789
2025-12-10 02:00:00+00:00,61.775001525878906
2025-12-10 03:00:00+00:00,61.5099983215332
2025-12-10 04:00:00+00:00,61.599998474121094
2025-12-10 05:00:00+00:00,61.810001373291016
2025-12-10 06:00:00+00:00,61.915000915527344
2025-12-10 07:00:00+00:00,61.875
2025-12-10 08:00:00+00:00,61.474998474121094
2025-12-10 09:00:00+00:00,61.334999084472656
2025-12-10 10:00:00+00:00,61.525001525878906
2025-12-10 11:00:00+00:00,61.5
2025-12-10 12:00:00+00:00,61.51499938964844
2025-12-10 13:00:00+00:00,61.27000045776367
2025-12-10 14:00:00+00:00,60.8650016784668
2025-12-10 15:00:00+00:00,61.0
2025-12-10 16:00:00+00:00,61.34000015258789
2025-12-10 17:00:00+00:00,61.1150016784668
2025-12-10 18:00:00+00:00,60.80500030517578
2025-12-10 19:00:00+00:00,61.57500076293945
2025-12-10 20:00:00+00:00,62.18000030517578
2025-12-10 21:00:00+00:00,62.20000076293945
2025-12-10 23:00:00+00:00,62.310001373291016
2025-12-11 00:00:00+00:00,62.689998626708984
2025-12-11 01:00:00+00:00,63.150001525878906
2025-12-11 02:00:00+00:00,62.64500045776367
2025-12-11 03:00:00+00:00,62.41999816894531
2025-12-11 04:00:00+00:00,62.2599983215332
2025-12-11 05:00:00+00:00,61.96500015258789
2025-12-11 06:00:00+00:00,62.400001525878906
2025-12-11 07:00:00+00:00,62.310001373291016
2025-12-11 08:00:00+00:00,62.439998626708984
2025-12-11 09:00:00+00:00,62.35499954223633
2025-12-11 10:00:00+00:00,62.654998779296875
2025-12-11 11:00:00+00:00,62.26499938964844
2025-12-11 12:00:00+00:00,62.584999084472656
2025-12-11 13:00:00+00:00,62.79499816894531
2025-12-11 14:00:00+00:00,62.814998626708984
2025-12-11 15:00:00+00:00,63.779998779296875
2025-12-11 16:00:00+00:00,64.34500122070312
2025-12-11 17:00:00+00:00,64.38999938964844
2025-12-11 18:00:00+00:00,63.834999084472656
2025-12-11 19:00:00+00:00,64.18499755859375
2025-12-11 20:00:00+00:00,63.96500015258789
2025-12-11 21:00:00+00:00,63.974998474121094
2025-12-11 23:00:00+00:00,63.45500183105469
2025-12-12 00:00:00+00:00,63.70000076293945
2025-12-12 01:00:00+00:00,63.79999923706055
2025-12-12 02:00:00+00:00,64.05500030517578
2025-12-12 03:00:00+00:00,63.939998626708984
2025-12-12 04:00:00+00:00,63.880001068115234
2025-12-12 05:00:00+00:00,64.19499969482422
2025-12-12 06:00:00+00:00,64.01499938964844
2025-12-12 07:00:00+00:00,64.08000183105469
2025-12-12 08:00:00+00:00,64.33499908447266
2025-12-12 09:00:00+00:00,64.47000122070312
2025-12-12 10:00:00+00:00,64.69999694824219
2025-12-12 11:00:00+00:00,64.88999938964844
2025-12-12 12:00:00+00:00,64.36499786376953
2025-12-12 13:00:00+00:00,64.75499725341797
2025-12-12 14:00:00+00:00,64.7249984741211
2025-12-12 15:00:00+00:00,62.275001525878906
2025-12-12 16:00:00+00:00,61.564998626708984
2025-12-12 17:00:00+00:00,61.959999084472656
2025-12-12 18:00:00+00:00,61.79499816894531
2025-12-12 19:00:00+00:00,62.03499984741211
2025-12-12 20:00:00+00:00,62.05500030517578
2025-12-12 21:00:00+00:00,62.084999084472656
2025-12-14 23:00:00+00:00,62.275001525878906
2025-12-15 00:00:00+00:00,62.39500045776367
2025-12-15 01:00:00+00:00,62.869998931884766
2025-12-15 02:00:00+00:00,62.89500045776367
2025-12-15 03:00:00+00:00,62.880001068115234
2025-12-15 04:00:00+00:00,62.8650016784668
2025-12-15 05:00:00+00:00,63.290000915527344
2025-12-15 06:00:00+00:00,63.505001068115234
2025-12-15 07:00:00+00:00,63.38999938964844
2025-12-15 08:00:00+00:00,63.8849983215332
2025-12-15 09:00:00+00:00,63.59000015258789
2025-12-15 10:00:00+00:00,63.68000030517578
2025-12-15 11:00:00+00:00,63.83000183105469
2025-12-15 12:00:00+00:00,64.09500122070312
2025-12-15 13:00:00+00:00,63.845001220703125
2025-12-15 14:00:00+00:00,63.470001220703125
2025-12-15 15:00:00+00:00,63.849998474121094
2025-12-15 16:00:00+00:00,63.369998931884766
2025-12-15 17:00:00+00:00,63.54999923706055
2025-12-15 18:00:00+00:00,63.849998474121094
2025-12-15 19:00:00+00:00,64.16500091552734
2025-12-15 20:00:00+00:00,64.06999969482422
2025-12-15 21:00:00+00:00,64.12999725341797
2025-12-15 23:00:00+00:00,63.959999084472656
2025-12-16 00:00:00+00:00,63.79499816894531
2025-12-16 01:00:00+00:00,63.8650016784668
2025-12-16 02:00:00+00:00,63.125
2025-12-16 03:00:00+00:00,62.744998931884766
2025-12-16 04:00:00+00:00,62.81999969482422
2025-12-16 05:00:00+00:00,62.665000915527344
2025-12-16 06:00:00+00:00,62.98500061035156
2025-12-16 07:00:00+00:00,63.064998626708984
2025-12-16 08:00:00+00:00,63.154998779296875
2025-12-16 09:00:00+00:00,62.94499969482422
2025-12-16 10:00:00+00:00,63.060001373291016
2025-12-16 11:00:00+00:00,63.029998779296875
2025-12-16 12:00:00+00:00,63.13999938964844
2025-12-16 13:00:00+00:00,63.564998626708984
2025-12-16 14:00:00+00:00,63.5099983215332
2025-12-16 15:00:00+00:00,63.595001220703125
2025-12-16 16:00:00+00:00,63.349998474121094
2025-12-16 17:00:00+00:00,63.369998931884766
2025-12-16 18:00:00+00:00,63.90999984741211
2025-12-16 19:00:00+00:00,63.939998626708984
2025-12-16 20:00:00+00:00,63.755001068115234
2025-12-16 21:00:00+00:00,63.79499816894531
2025-12-16 23:00:00+00:00,63.90999984741211
2025-12-17 00:00:00+00:00,63.94499969482422
2025-12-17 01:00:00+00:00,65.8499984741211
2025-12-17 02:00:00+00:00,65.80500030517578
2025-12-17 03:00:00+00:00,66.06500244140625
2025-12-17 04:00:00+00:00,66.18499755859375
2025-12-17 05:00:00+00:00,66.38500213623047
2025-12-17 06:00:00+00:00,66.33999633789062
2025-12-17 07:00:00+00:00,65.7699966430664
2025-12-17 08:00:00+00:00,65.71499633789062
2025-12-17 09:00:00+00:00,65.80000305175781
2025-12-17 10:00:00+00:00,65.98999786376953
2025-12-17 11:00:00+00:00,65.93499755859375
2025-12-17 12:00:00+00:00,65.9749984741211
2025-12-17 13:00:00+00:00,66.25
2025-12-17 14:00:00+00:00,66.19000244140625
2025-12-17 15:00:00+00:00,65.70500183105469
2025-12-17 16:00:00+00:00,66.7249984741211
2025-12-17 17:00:00+00:00,67.05500030517578
2025-12-17 18:00:00+00:00,66.44499969482422
2025-12-17 19:00:00+00:00,66.63999938964844
2025-12-17 20:00:00+00:00,66.66500091552734
2025-12-17 21:00:00+00:00,66.44000244140625
2025-12-17 23:00:00+00:00,66.5199966430664
2025-12-18 00:00:00+00:00,66.55000305175781
2025-12-18 01:00:00+00:00,66.41999816894531
2025-12-18 02:00:00+00:00,66.55999755859375
2025-12-18 03:00:00+00:00,66.57499694824219
2025-12-18 04:00:00+00:00,66.48999786376953
2025-12-18 05:00:00+00:00,66.41500091552734
2025-12-18 06:00:00+00:00,66.56500244140625
2025-12-18 07:00:00+00:00,66.68499755859375
2025-12-18 08:00:00+00:00,66.15499877929688
2025-12-18 09:00:00+00:00,66.1500015258789
2025-12-18 10:00:00+00:00,66.23500061035156
2025-12-18 11:00:00+00:00,66.40499877929688
2025-12-18 12:00:00+00:00,66.16500091552734
2025-12-18 13:00:00+00:00,66.45500183105469
2025-12-18 14:00:00+00:00,65.57499694824219
2025-12-18 15:00:00+00:00,65.53500366210938
2025-12-18 16:00:00+00:00,65.87999725341797
2025-12-18 17:00:00+00:00,65.31500244140625
2025-12-18 18:00:00+00:00,65.30000305175781
2025-12-18 19:00:00+00:00,65.1050033569336
2025-12-18 20:00:00+00:00,65.38999938964844
2025-12-18 21:00:00+00:00,65.44999694824219
2025-12-18 23:00:00+00:00,65.5999984741211
2025-12-19 00:00:00+00:00,65.44000244140625
2025-12-19 01:00:00+00:00,64.9800033569336
2025-12-19 02:00:00+00:00,64.83499908447266
2025-12-19 03:00:00+00:00,65.11000061035156
2025-12-19 04:00:00+00:00,65.37999725341797
2025-12-19 05:00:00+00:00,65.88999938964844
2025-12-19 06:00:00+00:00,65.84500122070312
2025-12-19 07:00:00+00:00,65.73999786376953
2025-12-19 08:00:00+00:00,65.91500091552734
2025-12-19 09:00:00+00:00,66.13500213623047
2025-12-19 10:00:00+00:00,66.16999816894531
2025-12-19 11:00:00+00:00,65.91999816894531
2025-12-19 12:00:00+00:00,65.83999633789062
2025-12-19 13:00:00+00:00,65.93000030517578
2025-12-19 14:00:00+00:00,66.375
2025-12-19 15:00:00+00:00,66.94999694824219
2025-12-19 16:00:00+00:00,67.47000122070312
2025-12-19 17:00:00+00:00,67.5999984741211
2025-12-19 18:00:00+00:00,67.43499755859375
2025-12-19 19:00:00+00:00,67.45999908447266
2025-12-19 20:00:00+00:00,67.42500305175781
2025-12-19 21:00:00+00:00,67.42500305175781
2025-12-21 23:00:00+00:00,67.76499938964844
2025-12-22 00:00:00+00:00,67.9000015258789
2025-12-22 01:00:00+00:00,68.66999816894531
2025-12-22 02:00:00+00:00,69.01499938964844
2025-12-22 03:00:00+00:00,69.34500122070312
2025-12-22 04:00:00+00:00,69.42500305175781
2025-12-22 05:00:00+00:00,68.6449966430664
2025-12-22 06:00:00+00:00,69.2249984741211
2025-12-22 07:00:00+00:00,68.99500274658203
2025-12-22 08:00:00+00:00,68.72000122070312
2025-12-22 09:00:00+00:00,68.92500305175781
2025-12-22 10:00:00+00:00,68.9749984741211
2025-12-22 11:00:00+00:00,69.05999755859375
2025-12-22 12:00:00+00:00,69.02999877929688
2025-12-22 13:00:00+00:00,68.90499877929688
2025-12-22 14:00:00+00:00,68.88999938964844
2025-12-22 15:00:00+00:00,68.80500030517578
2025-12-22 16:00:00+00:00,68.7300033569336
2025-12-22 17:00:00+00:00,68.61499786376953
2025-12-22 18:00:00+00:00,68.38999938964844
2025-12-22 19:00:00+00:00,68.57499694824219
2025-12-22 20:00:00+00:00,68.8499984741211
2025-12-22 21:00:00+00:00,69.08999633789062
2025-12-22 23:00:00+00:00,69.20999908447266
2025-12-23 00:00:00+00:00,69.19999694824219
2025-12-23 01:00:00+00:00,69.38999938964844
2025-12-23 02:00:00+00:00,69.94000244140625
2025-12-23 03:00:00+00:00,69.70500183105469
2025-12-23 04:00:00+00:00,69.63999938964844
2025-12-23 05:00:00+00:00,69.30999755859375
2025-12-23 06:00:00+00:00,69.3949966430664
2025-12-23 07:00:00+00:00,69.56999969482422
2025-12-23 08:00:00+00:00,69.58000183105469
2025-12-23 09:00:00+00:00,69.5199966430664
2025-12-23 10:00:00+00:00,69.69999694824219
2025-12-23 11:00:00+00:00,69.76000213623047
2025-12-23 12:00:00+00:00,69.61000061035156
2025-12-23 13:00:00+00:00,70.50499725341797
2025-12-23 14:00:00+00:00,69.55000305175781
2025-12-23 15:00:00+00:00,69.81999969482422
2025-12-23 16:00:00+00:00,70.62999725341797
2025-12-23 17:00:00+00:00,70.86000061035156
2025-12-23 18:00:00+00:00,71.44000244140625
2025-12-23 19:00:00+00:00,71.4000015258789
2025-12-23 20:00:00+00:00,71.61000061035156
2025-12-23 21:00:00+00:00,71.61000061035156
2025-12-23 23:00:00+00:00,71.875
2025-12-24 00:00:00+00:00,71.95500183105469
2025-12-24 01:00:00+00:00,72.45999908447266
2025-12-24 02:00:00+00:00,71.8550033569336
2025-12-24 03:00:00+00:00,72.31999969482422
2025-12-24 04:00:00+00:00,72.25
2025-12-24 14:30:00+00:00,70.88500213623047
2025-12-24 15:30:00+00:00,70.7249984741211
2025-12-24 16:30:00+00:00,71.78500366210938
2025-12-24 17:30:00+00:00,72.00499725341797
2025-12-26 05:00:00+00:00,75.20500183105469
2025-12-26 06:00:00+00:00,74.81500244140625
2025-12-26 07:00:00+00:00,74.83999633789062
2025-12-26 08:00:00+00:00,75.125
2025-12-26 09:00:00+00:00,74.96499633789062
2025-12-26 10:00:00+00:00,75.0999984741211
2025-12-26 11:00:00+00:00,74.48500061035156
2025-12-26 12:00:00+00:00,74.22000122070312
2025-12-26 13:00:00+00:00,74.5999984741211
2025-12-26 14:00:00+00:00,75.03500366210938
2025-12-26 15:00:00+00:00,76.2300033569336
2025-12-26 16:00:00+00:00,76.6050033569336
2025-12-26 17:00:00+00:00,76.7750015258789
2025-12-26 18:00:00+00:00,77.69000244140625
2025-12-26 19:00:00+00:00,77.75
2025-12-26 20:00:00+00:00,78.7699966430664
2025-12-26 21:00:00+00:00,77.19599914550781
2025-12-28 23:00:00+00:00,81.6500015258789
2025-12-29 00:00:00+00:00,76.87000274658203
2025-12-29 01:00:00+00:00,76.84500122070312
2025-12-29 02:00:00+00:00,78.19999694824219
2025-12-29 03:00:00+00:00,80.08499908447266
2025-12-29 04:00:00+00:00,79.55500030517578
2025-12-29 05:00:00+00:00,78.66500091552734
2025-12-29 06:00:00+00:00,75.55500030517578
2025-12-29 07:00:00+00:00,75.51000213623047
2025-12-29 08:00:00+00:00,74.05999755859375
2025-12-29 09:00:00+00:00,75.41500091552734
2025-12-29 10:00:00+00:00,75.19499969482422
2025-12-29 11:00:00+00:00,73.92500305175781
2025-12-29 12:00:00+00:00,74.94499969482422
2025-12-29 13:00:00+00:00,73.3550033569336
2025-12-29 14:00:00+00:00,72.29499816894531
2025-12-29 15:00:00+00:00,71.0250015258789
2025-12-29 16:00:00+00:00,71.97000122070312
2025-12-29 17:00:00+00:00,71.08000183105469
2025-12-29 18:00:00+00:00,71.17500305175781
2025-12-29 19:00:00+00:00,71.80999755859375
2025-12-29 20:00:00+00:00,72.2699966430664
2025-12-29 21:00:00+00:00,71.63999938964844
2025-12-29 23:00:00+00:00,72.13500213623047
2025-12-30 00:00:00+00:00,72.33000183105469
2025-12-30 01:00:00+00:00,73.2699966430664
2025-12-30 02:00:00+00:00,73.50499725341797
2025-12-30 03:00:00+00:00,73.88500213623047
2025-12-30 04:00:00+00:00,73.95500183105469
2025-12-30 05:00:00+00:00,74.5999984741211
2025-12-30 06:00:00+00:00,74.44499969482422
2025-12-30 07:00:00+00:00,74.34500122070312
2025-12-30 08:00:00+00:00,73.94499969482422
2025-12-30 09:00:00+00:00,74.2249984741211
2025-12-30 10:00:00+00:00,74.19000244140625
2025-12-30 11:00:00+00:00,74.47000122070312
2025-12-30 12:00:00+00:00,75.74500274658203
2025-12-30 13:00:00+00:00,76.0199966430664
2025-12-30 14:00:00+00:00,75.2300033569336
2025-12-30 15:00:00+00:00,75.8499984741211
2025-12-30 16:00:00+00:00,76.88999938964844
2025-12-30 17:00:00+00:00,77.45500183105469
2025-12-30 18:00:00+00:00,77.53500366210938
2025-12-30 19:00:00+00:00,76.11000061035156
2025-12-30 20:00:00+00:00,75.93000030517578
2025-12-30 21:00:00+00:00,76.01499938964844
2025-12-30 23:00:00+00:00,75.06999969482422
2025-12-31 00:00:00+00:00,74.69000244140625
2025-12-31 01:00:00+00:00,75.38500213623047
2025-12-31 02:00:00+00:00,73.16999816894531
2025-12-31 03:00:00+00:00,72.0250015258789
2025-12-31 04:00:00+00:00,71.63999938964844
2025-12-31 05:00:00+00:00,70.69000244140625
2025-12-31 06:00:00+00:00,71.375
2025-12-31 07:00:00+00:00,71.78500366210938
2025-12-31 08:00:00+00:00,70.51499938964844
2025-12-31 09:00:00+00:00,71.41999816894531
2025-12-31 10:00:00+00:00,71.41000366210938
2025-12-31 11:00:00+00:00,71.44499969482422
2025-12-31 12:00:00+00:00,71.4000015258789
2025-12-31 13:00:00+00:00,71.7300033569336
2025-12-31 14:00:00+00:00,72.93499755859375
2025-12-31 15:00:00+00:00,71.87000274658203
2025-12-31 16:00:00+00:00,71.19499969482422
2025-12-31 17:00:00+00:00,70.69499969482422
2025-12-31 18:00:00+00:00,71.01499938964844
2025-12-31 19:00:00+00:00,69.73999786376953
2025-12-31 20:00:00+00:00,70.40499877929688
2025-12-31 21:00:00+00:00,70.9800033569336
2026-01-02 05:00:00+00:00,73.4749984741211
2026-01-02 06:00:00+00:00,73.48999786376953
2026-01-02 07:00:00+00:00,73.5199966430664
2026-01-02 08:00:00+00:00,73.99500274658203
2026-01-02 09:00:00+00:00,73.91999816894531
2026-01-02 10:00:00+00:00,74.05500030517578
2026-01-02 11:00:00+00:00,73.77999877929688
2026-01-02 12:00:00+00:00,73.56500244140625
2026-01-02 13:00:00+00:00,73.45999908447266
2026-01-02 14:00:00+00:00,73.24500274658203
2026-01-02 15:00:00+00:00,72.20999908447266
2026-01-02 16:00:00+00:00,71.80999755859375
2026-01-02 17:00:00+00:00,71.375
2026-01-02 18:00:00+00:00,71.26000213623047
2026-01-02 19:00:00+00:00,71.43499755859375
2026-01-02 20:00:00+00:00,72.09500122070312
2026-01-02 21:00:00+00:00,72.19000244140625
2026-01-04 23:00:00+00:00,73.61499786376953
2026-01-05 00:00:00+00:00,75.12000274658203
2026-01-05 01:00:00+00:00,75.13500213623047
2026-01-05 02:00:00+00:00,75.16000366210938
2026-01-05 03:00:00+00:00,74.8499984741211
2026-01-05 04:00:00+00:00,75.18499755859375
2026-01-05 05:00:00+00:00,75.11499786376953
2026-01-05 06:00:00+00:00,75.2750015258789
2026-01-05 07:00:00+00:00,75.25499725341797
2026-01-05 08:00:00+00:00,75.55500030517578
2026-01-05 09:00:00+00:00,75.94999694824219
2026-01-05 10:00:00+00:00,75.45999908447266
2026-01-05 11:00:00+00:00,74.41500091552734
2026-01-05 12:00:00+00:00,74.61499786376953
2026-01-05 13:00:00+00:00,75.3499984741211
2026-01-05 14:00:00+00:00,76.68499755859375
2026-01-05 15:00:00+00:00,77.125
2026-01-05 16:00:00+00:00,77.00499725341797
2026-01-05 17:00:00+00:00,76.44000244140625
2026-01-05 18:00:00+00:00,76.49500274658203
2026-01-05 19:00:00+00:00,76.05999755859375
2026-01-05 20:00:00+00:00,76.09500122070312
2026-01-05 21:00:00+00:00,76.51000213623047
2026-01-05 23:00:00+00:00,76.06999969482422
2026-01-06 00:00:00+00:00,76.17500305175781
2026-01-06 01:00:00+00:00,76.55999755859375
2026-01-06 02:00:00+00:00,77.66000366210938
2026-01-06 03:00:00+00:00,78.73500061035156
2026-01-06 04:00:00+00:00,78.63500213623047
2026-01-06 05:00:00+00:00,78.2699966430664
2026-01-06 06:00:00+00:00,78.72000122070312
2026-01-06 07:00:00+00:00,77.84500122070312
2026-01-06 08:00:00+00:00,78.38500213623047
2026-01-06 09:00:00+00:00,77.47000122070312
2026-01-06 10:00:00+00:00,77.61499786376953
2026-01-06 11:00:00+00:00,78.20500183105469
2026-01-06 12:00:00+00:00,78.33999633789062
2026-01-06 13:00:00+00:00,78.95500183105469
2026-01-06 14:00:00+00:00,80.34500122070312
2026-01-06 15:00:00+00:00,80.30999755859375
2026-01-06 16:00:00+00:00,80.70999908447266
2026-01-06 17:00:00+00:00,81.27999877929688
2026-01-06 18:00:00+00:00,81.04000091552734
2026-01-06 19:00:00+00:00,80.09500122070312
2026-01-06 20:00:00+00:00,81.18000030517578
2026-01-06 21:00:00+00:00,81.22000122070312
2026-01-06 23:00:00+00:00,82.19999694824219
2026-01-07 00:00:00+00:00,82.2699966430664
2026-01-07 01:00:00+00:00,80.19000244140625
2026-01-07 02:00:00+00:00,80.79499816894531
2026-01-07 03:00:00+00:00,80.19000244140625
2026-01-07 04:00:00+00:00,79.51499938964844
2026-01-07 05:00:00+00:00,79.04499816894531
2026-01-07 06:00:00+00:00,78.80999755859375
2026-01-07 07:00:00+00:00,79.75499725341797
2026-01-07 08:00:00+00:00,79.41000366210938
2026-01-07 09:00:00+00:00,79.30500030517578
2026-01-07 10:00:00+00:00,79.30500030517578
2026-01-07 11:00:00+00:00,78.69499969482422
2026-01-07 12:00:00+00:00,78.3499984741211
2026-01-07 13:00:00+00:00,77.29000091552734
2026-01-07 14:00:00+00:00,77.33999633789062
2026-01-07 15:00:00+00:00,76.86000061035156
2026-01-07 16:00:00+00:00,78.53500366210938
2026-01-07 17:00:00+00:00,77.87000274658203
2026-01-07 18:00:00+00:00,77.9000015258789
2026-01-07 19:00:00+00:00,78.19499969482422
2026-01-07 20:00:00+00:00,78.08999633789062
2026-01-07 21:00:00+00:00,77.9800033569336
2026-01-07 23:00:00+00:00,78.63500213623047
2026-01-08 00:00:00+00:00,77.7300033569336
2026-01-08 01:00:00+00:00,78.48500061035156
2026-01-08 02:00:00+00:00,77.7300033569336
2026-01-08 03:00:00+00:00,77.76000213623047
2026-01-08 04:00:00+00:00,77.40499877929688
2026-01-08 05:00:00+00:00,75.8949966430664
2026-01-08 06:00:00+00:00,75.93499755859375
2026-01-08 07:00:00+00:00,75.6449966430664
2026-01-08 08:00:00+00:00,75.46499633789062
2026-01-08 09:00:00+00:00,75.87999725341797
2026-01-08 10:00:00+00:00,75.80500030517578
2026-01-08 11:00:00+00:00,75.06500244140625
2026-01-08 12:00:00+00:00,74.95999908447266
2026-01-08 13:00:00+00:00,73.86000061035156
2026-01-08 14:00:00+00:00,74.25499725341797
2026-01-08 15:00:00+00:00,75.56999969482422
2026-01-08 16:00:00+00:00,75.97000122070312
2026-01-08 17:00:00+00:00,75.91000366210938
2026-01-08 18:00:00+00:00,75.50499725341797
2026-01-08 19:00:00+00:00,75.65499877929688
2026-01-08 20:00:00+00:00,76.68000030517578
2026-01-08 21:00:00+00:00,76.69000244140625
2026-01-08 23:00:00+00:00,76.41000366210938
2026-01-09 00:00:00+00:00,75.84500122070312
2026-01-09 01:00:00+00:00,76.29499816894531
2026-01-09 02:00:00+00:00,76.73999786376953
2026-01-09 03:00:00+00:00,76.28500366210938
2026-01-09 04:00:00+00:00,76.45999908447266
2026-01-09 05:00:00+00:00,76.88500213623047
2026-01-09 06:00:00+00:00,76.94999694824219
2026-01-09 07:00:00+00:00,76.88500213623047
2026-01-09 08:00:00+00:00,77.2300033569336
2026-01-09 09:00:00+00:00,77.72000122070312
2026-01-09 10:00:00+00:00,77.83499908447266
2026-01-09 11:00:00+00:00,77.74500274658203
2026-01-09 12:00:00+00:00,77.23999786376953
2026-01-09 13:00:00+00:00,78.19499969482422
2026-01-09 14:00:00+00:00,79.24500274658203
2026-01-09 15:00:00+00:00,80.125
2026-01-09 16:00:00+00:00,80.33000183105469
2026-01-09 17:00:00+00:00,79.36000061035156
2026-01-09 18:00:00+00:00,79.80000305175781
2026-01-09 19:00:00+00:00,79.7750015258789
2026-01-09 20:00:00+00:00,79.66999816894531
2026-01-09 21:00:00+00:00,79.34100341796875
2026-01-11 23:00:00+00:00,81.38999938964844
2026-01-12 00:00:00+00:00,83.04499816894531
2026-01-12 01:00:00+00:00,82.86499786376953
2026-01-12 02:00:00+00:00,83.30000305175781
2026-01-12 03:00:00+00:00,83.34500122070312
2026-01-12 04:00:00+00:00,83.44999694824219
2026-01-12 05:00:00+00:00,84.51000213623047
2026-01-12 06:00:00+00:00,84.50499725341797
2026-01-12 07:00:00+00:00,84.13999938964844
2026-01-12 08:00:00+00:00,84.16500091552734
2026-01-12 09:00:00+00:00,84.2300033569336
2026-01-12 10:00:00+00:00,84.21499633789062
2026-01-12 11:00:00+00:00,83.83499908447266
2026-01-12 12:00:00+00:00,84.20999908447266
2026-01-12 13:00:00+00:00,85.62999725341797
2026-01-12 14:00:00+00:00,85.02999877929688
2026-01-12 15:00:00+00:00,85.37000274658203
2026-01-12 16:00:00+00:00,86.12999725341797
2026-01-12 17:00:00+00:00,86.02999877929688
2026-01-12 18:00:00+00:00,85.41999816894531
2026-01-12 19:00:00+00:00,85.67500305175781
2026-01-12 20:00:00+00:00,85.08999633789062
2026-01-12 21:00:00+00:00,85.15499877929688
2026-01-12 23:00:00+00:00,84.33999633789062
2026-01-13 00:00:00+00:00,84.06999969482422
2026-01-13 01:00:00+00:00,83.625
2026-01-13 02:00:00+00:00,85.36499786376953
2026-01-13 03:00:00+00:00,85.34500122070312
2026-01-13 04:00:00+00:00,85.5999984741211
2026-01-13 05:00:00+00:00,85.18499755859375
2026-01-13 06:00:00+00:00,84.76499938964844
2026-01-13 07:00:00+00:00,85.08000183105469
2026-01-13 08:00:00+00:00,85.63500213623047
2026-01-13 09:00:00+00:00,85.45999908447266
2026-01-13 10:00:00+00:00,85.5999984741211
2026-01-13 11:00:00+00:00,85.78500366210938
2026-01-13 12:00:00+00:00,86.06999969482422
2026-01-13 13:00:00+00:00,87.7300033569336
2026-01-13 14:00:00+00:00,88.94499969482422
2026-01-13 15:00:00+00:00,88.75
2026-01-13 16:00:00+00:00,88.94999694824219
2026-01-13 17:00:00+00:00,87.04000091552734
2026-01-13 18:00:00+00:00,87.43000030517578
2026-01-13 19:00:00+00:00,87.41000366210938
2026-01-13 20:00:00+00:00,86.59500122070312
2026-01-13 21:00:00+00:00,86.86000061035156
2026-01-13 23:00:00+00:00,87.68000030517578
2026-01-14 00:00:00+00:00,88.33999633789062
2026-01-14 01:00:00+00:00,89.77999877929688
2026-01-14 02:00:00+00:00,89.58999633789062
2026-01-14 03:00:00+00:00,90.66500091552734
2026-01-14 04:00:00+00:00,90.63999938964844
2026-01-14 05:00:00+00:00,89.18499755859375
2026-01-14 06:00:00+00:00,89.96499633789062
2026-01-14 07:00:00+00:00,89.94999694824219
2026-01-14 08:00:00+00:00,89.93499755859375
2026-01-14 09:00:00+00:00,90.34500122070312
2026-01-14 10:00:00+00:00,89.99500274658203
2026-01-14 11:00:00+00:00,90.38500213623047
2026-01-14 12:00:00+00:00,91.90499877929688
2026-01-14 13:00:00+00:00,91.63500213623047
2026-01-14 14:00:00+00:00,91.18000030517578
2026-01-14 15:00:00+00:00,91.76499938964844
2026-01-14 16:00:00+00:00,91.08999633789062
2026-01-14 17:00:00+00:00,90.44000244140625
2026-01-14 18:00:00+00:00,92.31500244140625
2026-01-14 19:00:00+00:00,92.73999786376953
2026-01-14 20:00:00+00:00,93.30500030517578
2026-01-14 21:00:00+00:00,93.18499755859375
2026-01-14 23:00:00+00:00,92.06500244140625
2026-01-15 00:00:00+00:00,92.12999725341797
2026-01-15 01:00:00+00:00,87.87000274658203
2026-01-15 02:00:00+00:00,88.4000015258789
2026-01-15 03:00:00+00:00,87.625
2026-01-15 04:00:00+00:00,87.4749984741211
2026-01-15 05:00:00+00:00,87.82499694824219
2026-01-15 06:00:00+00:00,89.5
2026-01-15 07:00:00+00:00,89.07499694824219
2026-01-15 08:00:00+00:00,89.6500015258789
2026-01-15 09:00:00+00:00,90.3949966430664
2026-01-15 10:00:00+00:00,90.98999786376953
2026-01-15 11:00:00+00:00,91.11499786376953
2026-01-15 12:00:00+00:00,90.94000244140625
2026-01-15 13:00:00+00:00,88.2699966430664
2026-01-15 14:00:00+00:00,90.17500305175781
2026-01-15 15:00:00+00:00,90.5
2026-01-15 16:00:00+00:00,90.93000030517578
2026-01-15 17:00:00+00:00,91.72000122070312
2026-01-15 18:00:00+00:00,92.2249984741211
2026-01-15 19:00:00+00:00,92.38999938964844
2026-01-15 20:00:00+00:00,91.75
2026-01-15 21:00:00+00:00,92.20999908447266
2026-01-15 23:00:00+00:00,91.33499908447266
2026-01-16 00:00:00+00:00,90.44499969482422
2026-01-16 01:00:00+00:00,91.06500244140625
2026-01-16 02:00:00+00:00,89.81999969482422
2026-01-16 03:00:00+00:00,90.01499938964844
2026-01-16 04:00:00+00:00,90.69999694824219
2026-01-16 05:00:00+00:00,91.24500274658203
2026-01-16 06:00:00+00:00,90.20999908447266
2026-01-16 07:00:00+00:00,90.73500061035156
2026-01-16 08:00:00+00:00,90.95500183105469
2026-01-16 09:00:00+00:00,90.95999908447266
2026-01-16 10:00:00+00:00,90.4000015258789
2026-01-16 11:00:00+00:00,90.88999938964844
2026-01-16 12:00:00+00:00,89.83999633789062
2026-01-16 13:00:00+00:00,88.55500030517578
2026-01-16 14:00:00+00:00,88.86499786376953
2026-01-16 15:00:00+00:00,87.58499908447266
2026-01-16 16:00:00+00:00,88.57499694824219
2026-01-16 17:00:00+00:00,88.4800033569336
2026-01-16 18:00:00+00:00,88.81500244140625
2026-01-16 19:00:00+00:00,89.17500305175781
2026-01-16 20:00:00+00:00,89.17500305175781
2026-01-16 21:00:00+00:00,89.94499969482422
2026-01-19 04:00:00+00:00,92.8550033569336
2026-01-20 05:00:00+00:00,94.2750015258789
2026-01-20 06:00:00+00:00,93.72000122070312
2026-01-20 07:00:00+00:00,94.17500305175781
2026-01-20 08:00:00+00:00,95.2750015258789
2026-01-20 09:00:00+00:00,94.80000305175781
2026-01-20 10:00:00+00:00,95.02999877929688
2026-01-20 11:00:00+00:00,95.57499694824219
2026-01-20 12:00:00+00:00,95.5999984741211
2026-01-20 13:00:00+00:00,95.05000305175781
2026-01-20 14:00:00+00:00,94.82499694824219
2026-01-20 15:00:00+00:00,93.68000030517578
2026-01-20 16:00:00+00:00,94.04000091552734
2026-01-20 17:00:00+00:00,94.41500091552734
2026-01-20 18:00:00+00:00,94.56500244140625
2026-01-20 19:00:00+00:00,94.37999725341797
2026-01-20 20:00:00+00:00,94.07499694824219
2026-01-20 21:00:00+00:00,94.45999908447266
2026-01-20 23:00:00+00:00,94.76499938964844
2026-01-21 00:00:00+00:00,95.26499938964844
2026-01-21 01:00:00+00:00,94.29499816894531
2026-01-21 02:00:00+00:00,94.05000305175781
2026-01-21 03:00:00+00:00,93.83000183105469
2026-01-21 04:00:00+00:00,94.31500244140625
2026-01-21 05:00:00+00:00,94.51499938964844
2026-01-21 06:00:00+00:00,94.25
2026-01-21 07:00:00+00:00,94.61499786376953
2026-01-21 08:00:00+00:00,94.78500366210938
2026-01-21 09:00:00+00:00,95.1050033569336
2026-01-21 10:00:00+00:00,94.79000091552734
2026-01-21 11:00:00+00:00,94.63999938964844
2026-01-21 12:00:00+00:00,94.05999755859375
2026-01-21 13:00:00+00:00,94.92500305175781
2026-01-21 14:00:00+00:00,93.65499877929688
2026-01-21 15:00:00+00:00,93.58000183105469
2026-01-21 16:00:00+00:00,93.28500366210938
2026-01-21 17:00:00+00:00,93.16500091552734
2026-01-21 18:00:00+00:00,93.51000213623047
2026-01-21 19:00:00+00:00,91.2249984741211
2026-01-21 20:00:00+00:00,92.49500274658203
2026-01-21 21:00:00+00:00,92.95500183105469
2026-01-21 23:00:00+00:00,90.83000183105469
2026-01-22 00:00:00+00:00,91.73500061035156
2026-01-22 01:00:00+00:00,92.1449966430664
2026-01-22 02:00:00+00:00,92.61499786376953
2026-01-22 03:00:00+00:00,93.26499938964844
2026-01-22 04:00:00+00:00,93.18000030517578
2026-01-22 05:00:00+00:00,93.69999694824219
2026-01-22 06:00:00+00:00,93.97000122070312
2026-01-22 07:00:00+00:00,94.08000183105469
2026-01-22 08:00:00+00:00,93.98999786376953
2026-01-22 09:00:00+00:00,93.80000305175781
2026-01-22 10:00:00+00:00,93.6500015258789
2026-01-22 11:00:00+00:00,93.48500061035156
2026-01-22 12:00:00+00:00,92.94999694824219
2026-01-22 13:00:00+00:00,93.48999786376953
2026-01-22 14:00:00+00:00,93.84500122070312
2026-01-22 15:00:00+00:00,95.69499969482422
2026-01-22 16:00:00+00:00,95.9000015258789
2026-01-22 17:00:00+00:00,96.43499755859375
2026-01-22 18:00:00+00:00,96.33000183105469
2026-01-22 19:00:00+00:00,96.0
2026-01-22 20:00:00+00:00,96.16500091552734
2026-01-22 21:00:00+00:00,96.21499633789062
2026-01-22 23:00:00+00:00,96.95999908447266
2026-01-23 00:00:00+00:00,97.18499755859375
2026-01-23 01:00:00+00:00,98.55999755859375
2026-01-23 02:00:00+00:00,98.73500061035156
2026-01-23 03:00:00+00:00,98.69499969482422
2026-01-23 04:00:00+00:00,98.69999694824219
2026-01-23 05:00:00+00:00,99.08999633789062
2026-01-23 06:00:00+00:00,99.06500244140625
2026-01-23 07:00:00+00:00,98.75499725341797
2026-01-23 08:00:00+00:00,98.07499694824219
2026-01-23 09:00:00+00:00,98.21499633789062
2026-01-23 10:00:00+00:00,98.92500305175781
2026-01-23 11:00:00+00:00,99.01000213623047
2026-01-23 12:00:00+00:00,99.2750015258789
2026-01-23 13:00:00+00:00,99.71499633789062
2026-01-23 14:00:00+00:00,99.4749984741211
2026-01-23 15:00:00+00:00,100.04000091552734
2026-01-23 16:00:00+00:00,100.86000061035156
2026-01-23 17:00:00+00:00,101.03500366210938
2026-01-23 18:00:00+00:00,101.12999725341797
2026-01-23 19:00:00+00:00,102.19000244140625
2026-01-23 20:00:00+00:00,102.7249984741211
2026-01-23 21:00:00+00:00,103.38500213623047
2026-01-25 23:00:00+00:00,104.9749984741211
2026-01-26 00:00:00+00:00,106.3550033569336
2026-01-26 01:00:00+00:00,107.46499633789062
2026-01-26 02:00:00+00:00,108.79499816894531
2026-01-26 03:00:00+00:00,108.08999633789062
2026-01-26 04:00:00+00:00,107.9000015258789
2026-01-26 05:00:00+00:00,107.6500015258789
2026-01-26 06:00:00+00:00,107.33999633789062
2026-01-26 07:00:00+00:00,108.19000244140625
2026-01-26 08:00:00+00:00,109.1449966430664
2026-01-26 09:00:00+00:00,108.83000183105469
2026-01-26 10:00:00+00:00,109.32499694824219
2026-01-26 11:00:00+00:00,109.31999969482422
2026-01-26 12:00:00+00:00,109.26499938964844
2026-01-26 13:00:00+00:00,108.9800033569336
2026-01-26 14:00:00+00:00,111.19000244140625
2026-01-26 15:00:00+00:00,112.1050033569336
2026-01-26 16:00:00+00:00,114.24500274658203
2026-01-26 17:00:00+00:00,117.0999984741211
2026-01-26 18:00:00+00:00,111.27999877929688
2026-01-26 19:00:00+00:00,107.40499877929688
2026-01-26 20:00:00+00:00,108.58999633789062
2026-01-26 21:00:00+00:00,103.88999938964844
2026-01-26 23:00:00+00:00,106.61000061035156
2026-01-27 00:00:00+00:00,106.19999694824219
2026-01-27 01:00:00+00:00,110.13999938964844
2026-01-27 02:00:00+00:00,110.38500213623047
2026-01-27 03:00:00+00:00,109.68000030517578
2026-01-27 04:00:00+00:00,108.17500305175781
2026-01-27 05:00:00+00:00,109.87000274658203
2026-01-27 06:00:00+00:00,109.9800033569336
2026-01-27 07:00:00+00:00,112.59500122070312
2026-01-27 08:00:00+00:00,111.29000091552734
2026-01-27 09:00:00+00:00,112.45999908447266
2026-01-27 10:00:00+00:00,112.31999969482422
2026-01-27 11:00:00+00:00,111.54000091552734
2026-01-27 12:00:00+00:00,111.05000305175781
2026-01-27 13:00:00+00:00,111.94000244140625
2026-01-27 14:00:00+00:00,106.44000244140625
2026-01-27 15:00:00+00:00,108.19000244140625
2026-01-27 16:00:00+00:00,107.73500061035156
2026-01-27 17:00:00+00:00,106.38999938964844
2026-01-27 18:00:00+00:00,107.80000305175781
2026-01-27 19:00:00+00:00,109.29499816894531
2026-01-27 20:00:00+00:00,112.17500305175781
2026-01-27 21:00:00+00:00,112.34500122070312
2026-01-27 23:00:00+00:00,112.90499877929688
2026-01-28 00:00:00+00:00,113.45500183105469
2026-01-28 01:00:00+00:00,113.13999938964844
2026-01-28 02:00:00+00:00,114.41999816894531
2026-01-28 03:00:00+00:00,114.6500015258789
2026-01-28 04:00:00+00:00,115.5999984741211
2026-01-28 05:00:00+00:00,115.33000183105469
2026-01-28 06:00:00+00:00,115.08999633789062
2026-01-28 07:00:00+00:00,114.68000030517578
2026-01-28 08:00:00+00:00,113.86000061035156
2026-01-28 09:00:00+00:00,112.99500274658203
2026-01-28 10:00:00+00:00,112.87000274658203
2026-01-28 11:00:00+00:00,112.47000122070312
2026-01-28 12:00:00+00:00,113.41500091552734
2026-01-28 13:00:00+00:00,114.06999969482422
2026-01-28 14:00:00+00:00,114.91999816894531
2026-01-28 15:00:00+00:00,113.0999984741211
2026-01-28 16:00:00+00:00,114.65499877929688
2026-01-28 17:00:00+00:00,114.16500091552734
2026-01-28 18:00:00+00:00,111.6500015258789
2026-01-28 19:00:00+00:00,114.37999725341797
2026-01-28 20:00:00+00:00,116.51000213623047
2026-01-28 21:00:00+00:00,116.62000274658203
2026-01-28 23:00:00+00:00,117.81500244140625
2026-01-29 00:00:00+00:00,117.95999908447266
2026-01-29 01:00:00+00:00,117.93499755859375
2026-01-29 02:00:00+00:00,117.74500274658203
2026-01-29 03:00:00+00:00,117.44499969482422
2026-01-29 04:00:00+00:00,118.34500122070312
2026-01-29 05:00:00+00:00,118.30999755859375
2026-01-29 06:00:00+00:00,119.08000183105469
2026-01-29 07:00:00+00:00,118.13999938964844
2026-01-29 08:00:00+00:00,116.43499755859375
2026-01-29 09:00:00+00:00,117.57499694824219
2026-01-29 10:00:00+00:00,116.66000366210938
2026-01-29 11:00:00+00:00,118.41500091552734
2026-01-29 12:00:00+00:00,118.93000030517578
2026-01-29 13:00:00+00:00,119.38500213623047
2026-01-29 14:00:00+00:00,119.2699966430664
2026-01-29 15:00:00+00:00,109.62999725341797
2026-01-29 16:00:00+00:00,112.08000183105469
2026-01-29 17:00:00+00:00,114.53500366210938
2026-01-29 18:00:00+00:00,114.5
2026-01-29 19:00:00+00:00,113.3550033569336
2026-01-29 20:00:00+00:00,116.41999816894531
2026-01-29 21:00:00+00:00,115.78500366210938
2026-01-29 23:00:00+00:00,117.49500274658203
2026-01-30 00:00:00+00:00,116.7249984741211
2026-01-30 01:00:00+00:00,113.1500015258789
2026-01-30 02:00:00+00:00,110.95999908447266
2026-01-30 03:00:00+00:00,109.77999877929688
2026-01-30 04:00:00+00:00,111.0250015258789
2026-01-30 05:00:00+00:00,109.83000183105469
2026-01-30 06:00:00+00:00,107.69999694824219
2026-01-30 07:00:00+00:00,106.9000015258789
2026-01-30 08:00:00+00:00,103.76499938964844
2026-01-30 09:00:00+00:00,98.05000305175781
2026-01-30 10:00:00+00:00,100.80500030517578
2026-01-30 11:00:00+00:00,102.98500061035156
2026-01-30 12:00:00+00:00,99.25499725341797
2026-01-30 13:00:00+00:00,97.74500274658203
2026-01-30 14:00:00+00:00,99.1449966430664
2026-01-30 15:00:00+00:00,98.5
2026-02-02 18:00:00+00:00,78.875
2026-02-02 19:00:00+00:00,81.13500213623047
2026-02-02 20:00:00+00:00,79.86499786376953
2026-02-02 21:00:00+00:00,79.26499938964844
2026-02-02 23:00:00+00:00,82.86499786376953
2026-02-03 00:00:00+00:00,81.71499633789062
2026-02-03 01:00:00+00:00,84.44499969482422
2026-02-03 02:00:00+00:00,81.62999725341797
2026-02-03 03:00:00+00:00,83.28500366210938
2026-02-03 04:00:00+00:00,83.19999694824219
2026-02-03 05:00:00+00:00,83.0250015258789
2026-02-03 06:00:00+00:00,84.75
2026-02-03 07:00:00+00:00,86.55999755859375
2026-02-03 08:00:00+00:00,87.16500091552734
2026-02-03 09:00:00+00:00,86.58000183105469
2026-02-03 10:00:00+00:00,86.16500091552734
2026-02-03 11:00:00+00:00,86.21499633789062
2026-02-03 12:00:00+00:00,86.94000244140625
2026-02-03 13:00:00+00:00,88.00499725341797
2026-02-03 14:00:00+00:00,88.05000305175781
2026-02-03 15:00:00+00:00,88.36000061035156
2026-02-03 16:00:00+00:00,86.81999969482422
2026-02-03 17:00:00+00:00,83.62999725341797
2026-02-03 18:00:00+00:00,83.92500305175781
2026-02-03 19:00:00+00:00,84.43000030517578
2026-02-03 20:00:00+00:00,84.72000122070312
2026-02-03 21:00:00+00:00,84.91500091552734
2026-02-03 23:00:00+00:00,84.29499816894531
2026-02-04 00:00:00+00:00,85.42500305175781
2026-02-04 01:00:00+00:00,87.18000030517578
2026-02-04 02:00:00+00:00,86.75499725341797
2026-02-04 03:00:00+00:00,87.44999694824219
2026-02-04 04:00:00+00:00,87.9800033569336
2026-02-04 05:00:00+00:00,87.51499938964844
2026-02-04 06:00:00+00:00,89.38999938964844
2026-02-04 07:00:00+00:00,90.03500366210938
2026-02-04 08:00:00+00:00,90.0
2026-02-04 09:00:00+00:00,89.04499816894531
2026-02-04 10:00:00+00:00,90.02999877929688
2026-02-04 11:00:00+00:00,90.30999755859375
2026-02-04 12:00:00+00:00,89.4749984741211
2026-02-04 13:00:00+00:00,91.41999816894531
2026-02-04 14:00:00+00:00,89.5
2026-02-04 15:00:00+00:00,86.62999725341797
2026-02-04 16:00:00+00:00,84.99500274658203
2026-02-04 17:00:00+00:00,84.50499725341797
2026-02-04 18:00:00+00:00,85.62000274658203
2026-02-04 19:00:00+00:00,86.70500183105469
2026-02-04 20:00:00+00:00,87.0999984741211
2026-02-04 21:00:00+00:00,87.76499938964844
2026-02-04 23:00:00+00:00,89.0250015258789
2026-02-05 00:00:00+00:00,89.03500366210938
2026-02-05 01:00:00+00:00,86.13999938964844
2026-02-05 02:00:00+00:00,74.30500030517578
2026-02-05 03:00:00+00:00,77.0
2026-02-05 04:00:00+00:00,76.31500244140625
2026-02-05 05:00:00+00:00,77.11000061035156
2026-02-05 06:00:00+00:00,78.09500122070312
2026-02-05 07:00:00+00:00,79.56999969482422
2026-02-05 08:00:00+00:00,79.3550033569336
2026-02-05 09:00:00+00:00,78.2249984741211
2026-02-05 10:00:00+00:00,78.1500015258789
2026-02-05 11:00:00+00:00,77.91500091552734
2026-02-05 12:00:00+00:00,75.43499755859375
2026-02-05 13:00:00+00:00,75.41500091552734
2026-02-05 14:00:00+00:00,75.6449966430664
2026-02-05 15:00:00+00:00,73.40499877929688
2026-02-05 16:00:00+00:00,76.4000015258789
2026-02-05 17:00:00+00:00,75.93499755859375
2026-02-05 18:00:00+00:00,75.58499908447266
2026-02-05 19:00:00+00:00,74.125
2026-02-05 20:00:00+00:00,73.12999725341797
2026-02-05 21:00:00+00:00,70.3499984741211
2026-02-05 23:00:00+00:00,66.87999725341797
2026-02-06 00:00:00+00:00,69.91500091552734
2026-02-06 01:00:00+00:00,70.70500183105469
2026-02-06 02:00:00+00:00,71.63500213623047
2026-02-06 03:00:00+00:00,72.72000122070312
2026-02-06 04:00:00+00:00,72.16999816894531
2026-02-06 05:00:00+00:00,74.69499969482422
2026-02-06 06:00:00+00:00,72.19000244140625
2026-02-06 07:00:00+00:00,71.8550033569336
2026-02-06 08:00:00+00:00,73.30000305175781
2026-02-06 09:00:00+00:00,73.72000122070312
2026-02-06 10:00:00+00:00,73.90499877929688
2026-02-06 11:00:00+00:00,74.33000183105469
2026-02-06 12:00:00+00:00,74.61000061035156
2026-02-06 13:00:00+00:00,75.20999908447266
2026-02-06 14:00:00+00:00,76.05000305175781
2026-02-06 15:00:00+00:00,75.58499908447266
2026-02-06 16:00:00+00:00,76.18499755859375
2026-02-06 17:00:00+00:00,77.29000091552734
2026-02-06 18:00:00+00:00,76.98999786376953
2026-02-06 19:00:00+00:00,77.22000122070312
2026-02-06 20:00:00+00:00,77.25499725341797
2026-02-06 21:00:00+00:00,76.8949966430664
2026-02-08 23:00:00+00:00,79.6500015258789
2026-02-09 00:00:00+00:00,79.26000213623047
2026-02-09 01:00:00+00:00,79.93499755859375
2026-02-09 02:00:00+00:00,80.61000061035156
2026-02-09 03:00:00+00:00,80.66000366210938
2026-02-09 04:00:00+00:00,81.37999725341797
2026-02-09 05:00:00+00:00,81.79000091552734
2026-02-09 06:00:00+00:00,81.7300033569336
2026-02-09 07:00:00+00:00,80.69499969482422
2026-02-09 08:00:00+00:00,81.52999877929688
2026-02-09 09:00:00+00:00,80.69999694824219
2026-02-09 10:00:00+00:00,78.83999633789062
2026-02-09 11:00:00+00:00,79.91500091552734
2026-02-09 12:00:00+00:00,79.99500274658203
2026-02-09 13:00:00+00:00,79.44499969482422
2026-02-09 14:00:00+00:00,81.33499908447266
2026-02-09 15:00:00+00:00,82.33999633789062
2026-02-09 16:00:00+00:00,83.23999786376953
2026-02-09 17:00:00+00:00,82.42500305175781
2026-02-09 18:00:00+00:00,82.91999816894531
2026-02-09 19:00:00+00:00,83.16999816894531
2026-02-09 20:00:00+00:00,83.6050033569336
2026-02-09 21:00:00+00:00,83.05000305175781
2026-02-09 23:00:00+00:00,81.4800033569336
2026-02-10 00:00:00+00:00,81.19999694824219
2026-02-10 01:00:00+00:00,81.80999755859375
2026-02-10 02:00:00+00:00,81.68499755859375
2026-02-10 03:00:00+00:00,81.12999725341797
2026-02-10 04:00:00+00:00,80.97000122070312
2026-02-10 05:00:00+00:00,81.24500274658203
2026-02-10 06:00:00+00:00,80.80000305175781
2026-02-10 07:00:00+00:00,81.44000244140625
2026-02-10 08:00:00+00:00,81.93000030517578
2026-02-10 09:00:00+00:00,81.69000244140625
2026-02-10 10:00:00+00:00,81.91999816894531
2026-02-10 11:00:00+00:00,81.9800033569336
2026-02-10 12:00:00+00:00,81.34500122070312
2026-02-10 13:00:00+00:00,81.66999816894531
2026-02-10 14:00:00+00:00,81.91999816894531
2026-02-10 15:00:00+00:00,80.70999908447266
2026-02-10 16:00:00+00:00,80.19000244140625
2026-02-10 17:00:00+00:00,80.74500274658203
2026-02-10 18:00:00+00:00,80.45999908447266
2026-02-10 19:00:00+00:00,80.90499877929688
2026-02-10 20:00:00+00:00,80.74500274658203
2026-02-10 21:00:00+00:00,80.58000183105469
2026-02-10 23:00:00+00:00,81.13500213623047
2026-02-11 00:00:00+00:00,81.16999816894531
2026-02-11 01:00:00+00:00,81.74500274658203
2026-02-11 02:00:00+00:00,82.06999969482422
2026-02-11 03:00:00+00:00,82.4000015258789
2026-02-11 04:00:00+00:00,82.20500183105469
2026-02-11 05:00:00+00:00,81.91500091552734
2026-02-11 06:00:00+00:00,83.18499755859375
2026-02-11 07:00:00+00:00,83.625
2026-02-11 08:00:00+00:00,83.55500030517578
2026-02-11 09:00:00+00:00,84.54000091552734
2026-02-11 10:00:00+00:00,85.37999725341797
2026-02-11 11:00:00+00:00,85.87000274658203
2026-02-11 12:00:00+00:00,85.61000061035156
2026-02-11 13:00:00+00:00,84.48999786376953
2026-02-11 14:00:00+00:00,83.57499694824219
2026-02-11 15:00:00+00:00,83.13999938964844
2026-02-11 16:00:00+00:00,83.48999786376953
2026-02-11 17:00:00+00:00,84.50499725341797
2026-02-11 18:00:00+00:00,83.8949966430664
2026-02-11 19:00:00+00:00,83.96499633789062
2026-02-11 20:00:00+00:00,84.30000305175781
2026-02-11 21:00:00+00:00,84.08499908447266
2026-02-11 23:00:00+00:00,82.52999877929688
2026-02-12 00:00:00+00:00,82.2249984741211
2026-02-12 01:00:00+00:00,83.08499908447266
2026-02-12 02:00:00+00:00,83.16000366210938
2026-02-12 03:00:00+00:00,83.23999786376953
2026-02-12 04:00:00+00:00,83.12999725341797
2026-02-12 05:00:00+00:00,83.69000244140625
2026-02-12 06:00:00+00:00,82.72000122070312
2026-02-12 07:00:00+00:00,83.02999877929688
2026-02-12 08:00:00+00:00,83.66999816894531
2026-02-12 09:00:00+00:00,83.48500061035156
2026-02-12 10:00:00+00:00,83.0199966430664
2026-02-12 11:00:00+00:00,83.25
2026-02-12 12:00:00+00:00,82.0199966430664
2026-02-12 13:00:00+00:00,82.87999725341797
2026-02-12 14:00:00+00:00,82.43000030517578
2026-02-12 15:00:00+00:00,82.2699966430664
2026-02-12 16:00:00+00:00,76.19499969482422
2026-02-12 17:00:00+00:00,75.43000030517578
2026-02-12 18:00:00+00:00,76.03500366210938
2026-02-12 19:00:00+00:00,76.16000366210938
2026-02-12 20:00:00+00:00,74.69999694824219
2026-02-12 21:00:00+00:00,75.01000213623047
2026-02-12 23:00:00+00:00,74.91999816894531
2026-02-13 00:00:00+00:00,74.8499984741211
2026-02-13 01:00:00+00:00,76.45999908447266
2026-02-13 02:00:00+00:00,76.8949966430664
2026-02-13 03:00:00+00:00,76.83499908447266
2026-02-13 04:00:00+00:00,76.79499816894531
2026-02-13 05:00:00+00:00,75.80000305175781
2026-02-13 06:00:00+00:00,77.1050033569336
2026-02-13 07:00:00+00:00,77.61499786376953
2026-02-13 08:00:00+00:00,78.625
2026-02-13 09:00:00+00:00,77.94999694824219
2026-02-13 10:00:00+00:00,77.44499969482422
2026-02-13 11:00:00+00:00,77.23999786376953
2026-02-13 12:00:00+00:00,77.66999816894531
2026-02-13 13:00:00+00:00,78.625
2026-02-13 14:00:00+00:00,77.30000305175781
2026-02-13 15:00:00+00:00,76.9800033569336
2026-02-13 16:00:00+00:00,77.5199966430664
2026-02-13 17:00:00+00:00,77.69000244140625
2026-02-13 18:00:00+00:00,77.69999694824219
2026-02-13 19:00:00+00:00,77.31999969482422
2026-02-13 20:00:00+00:00,77.05000305175781
2026-02-13 21:00:00+00:00,77.2699966430664
2026-02-15 23:00:00+00:00,76.27999877929688
2026-02-16 00:00:00+00:00,76.75499725341797
2026-02-16 01:00:00+00:00,77.20500183105469
2026-02-16 02:00:00+00:00,75.68000030517578
2026-02-16 03:00:00+00:00,75.18000030517578
2026-02-16 04:00:00+00:00,75.08999633789062
2026-02-17 05:00:00+00:00,73.7249984741211
2026-02-17 06:00:00+00:00,74.46499633789062
2026-02-17 07:00:00+00:00,74.87000274658203
2026-02-17 08:00:00+00:00,74.8499984741211
2026-02-17 09:00:00+00:00,74.43499755859375
2026-02-17 10:00:00+00:00,73.80999755859375
2026-02-17 11:00:00+00:00,74.56500244140625
2026-02-17 12:00:00+00:00,74.48500061035156
2026-02-17 13:00:00+00:00,72.82499694824219
2026-02-17 14:00:00+00:00,72.19499969482422
2026-02-17 15:00:00+00:00,73.12000274658203
2026-02-17 16:00:00+00:00,73.1449966430664
2026-02-17 17:00:00+00:00,72.69000244140625
2026-02-17 18:00:00+00:00,73.80500030517578
2026-02-17 19:00:00+00:00,73.54499816894531
2026-02-17 20:00:00+00:00,73.28500366210938
2026-02-17 21:00:00+00:00,73.55000305175781
2026-02-17 23:00:00+00:00,72.44999694824219
2026-02-18 00:00:00+00:00,72.4749984741211
2026-02-18 01:00:00+00:00,73.43499755859375
2026-02-18 02:00:00+00:00,73.48500061035156
2026-02-18 03:00:00+00:00,74.6449966430664
2026-02-18 04:00:00+00:00,75.63500213623047
2026-02-18 05:00:00+00:00,75.6050033569336
2026-02-18 06:00:00+00:00,75.49500274658203
2026-02-18 07:00:00+00:00,75.69499969482422
2026-02-18 08:00:00+00:00,75.80500030517578
2026-02-18 09:00:00+00:00,75.66000366210938
2026-02-18 10:00:00+00:00,75.70500183105469
2026-02-18 11:00:00+00:00,75.41999816894531
2026-02-18 12:00:00+00:00,75.65499877929688
2026-02-18 13:00:00+00:00,76.6500015258789
2026-02-18 14:00:00+00:00,77.62000274658203
2026-02-18 15:00:00+00:00,77.5999984741211
2026-02-18 16:00:00+00:00,77.76499938964844
2026-02-18 17:00:00+00:00,78.1500015258789
2026-02-18 18:00:00+00:00,77.24500274658203
2026-02-18 19:00:00+00:00,76.62999725341797
2026-02-18 20:00:00+00:00,77.30000305175781
2026-02-18 21:00:00+00:00,77.12999725341797
2026-02-18 23:00:00+00:00,77.08000183105469
2026-02-19 00:00:00+00:00,76.38500213623047
2026-02-19 01:00:00+00:00,77.16999816894531
2026-02-19 02:00:00+00:00,77.07499694824219
2026-02-19 03:00:00+00:00,77.87000274658203
2026-02-19 04:00:00+00:00,77.80000305175781
2026-02-19 05:00:00+00:00,77.84500122070312
2026-02-19 06:00:00+00:00,78.73999786376953
2026-02-19 07:00:00+00:00,78.77999877929688
2026-02-19 08:00:00+00:00,79.05999755859375
2026-02-19 09:00:00+00:00,78.48999786376953
2026-02-19 10:00:00+00:00,78.375
2026-02-19 11:00:00+00:00,77.80999755859375
2026-02-19 12:00:00+00:00,77.95999908447266
2026-02-19 13:00:00+00:00,78.24500274658203
2026-02-19 14:00:00+00:00,77.86000061035156
2026-02-19 15:00:00+00:00,78.56999969482422
2026-02-19 16:00:00+00:00,77.4800033569336
2026-02-19 17:00:00+00:00,77.4800033569336
2026-02-19 18:00:00+00:00,77.7300033569336
2026-02-19 19:00:00+00:00,77.66999816894531
2026-02-19 20:00:00+00:00,78.30000305175781
2026-02-19 21:00:00+00:00,78.44000244140625
2026-02-19 23:00:00+00:00,77.87000274658203
2026-02-20 00:00:00+00:00,78.58000183105469
2026-02-20 01:00:00+00:00,78.24500274658203
2026-02-20 02:00:00+00:00,78.0
2026-02-20 03:00:00+00:00,77.54499816894531
2026-02-20 04:00:00+00:00,78.0
2026-02-20 05:00:00+00:00,78.5250015258789
2026-02-20 06:00:00+00:00,78.62999725341797
2026-02-20 07:00:00+00:00,78.625
2026-02-20 08:00:00+00:00,79.80000305175781
2026-02-20 09:00:00+00:00,80.29499816894531
2026-02-20 10:00:00+00:00,80.71499633789062
2026-02-20 11:00:00+00:00,80.42500305175781
2026-02-20 12:00:00+00:00,80.52999877929688
2026-02-20 13:00:00+00:00,80.76499938964844
2026-02-20 14:00:00+00:00,81.66999816894531
2026-02-20 15:00:00+00:00,81.7750015258789
2026-02-20 16:00:00+00:00,82.43000030517578
2026-02-20 17:00:00+00:00,82.76000213623047
2026-02-20 18:00:00+00:00,82.93000030517578
2026-02-20 19:00:00+00:00,83.34500122070312
2026-02-20 20:00:00+00:00,84.43000030517578
2026-02-20 21:00:00+00:00,84.54000091552734
2026-02-22 23:00:00+00:00,86.88999938964844
2026-02-23 00:00:00+00:00,86.17500305175781
2026-02-23 01:00:00+00:00,86.69499969482422
2026-02-23 02:00:00+00:00,87.3949966430664
2026-02-23 03:00:00+00:00,87.02999877929688
2026-02-23 04:00:00+00:00,87.00499725341797
2026-02-23 05:00:00+00:00,86.83000183105469
2026-02-23 06:00:00+00:00,86.30000305175781
2026-02-23 07:00:00+00:00,85.67500305175781
2026-02-23 08:00:00+00:00,86.18499755859375
2026-02-23 09:00:00+00:00,86.51499938964844
2026-02-23 10:00:00+00:00,86.80500030517578
2026-02-23 11:00:00+00:00,86.33499908447266
2026-02-23 12:00:00+00:00,86.8949966430664
2026-02-23 13:00:00+00:00,85.48999786376953
2026-02-23 14:00:00+00:00,87.09500122070312
2026-02-23 15:00:00+00:00,86.46499633789062
2026-02-23 16:00:00+00:00,86.49500274658203
2026-02-23 17:00:00+00:00,86.69499969482422
2026-02-23 18:00:00+00:00,87.47000122070312
2026-02-23 19:00:00+00:00,87.51499938964844
2026-02-23 20:00:00+00:00,88.69499969482422
2026-02-23 21:00:00+00:00,88.0
2026-02-23 23:00:00+00:00,87.94499969482422
2026-02-24 00:00:00+00:00,87.49500274658203
2026-02-24 01:00:00+00:00,86.32499694824219
2026-02-24 02:00:00+00:00,87.30000305175781
2026-02-24 03:00:00+00:00,86.79499816894531
2026-02-24 04:00:00+00:00,86.67500305175781
2026-02-24 05:00:00+00:00,87.91999816894531
2026-02-24 06:00:00+00:00,87.96499633789062
2026-02-24 07:00:00+00:00,87.72000122070312
2026-02-24 08:00:00+00:00,87.94000244140625
2026-02-24 09:00:00+00:00,87.91000366210938
2026-02-24 10:00:00+00:00,87.92500305175781
2026-02-24 11:00:00+00:00,87.95500183105469
2026-02-24 12:00:00+00:00,87.59500122070312
2026-02-24 13:00:00+00:00,85.98999786376953
2026-02-24 14:00:00+00:00,87.02999877929688
2026-02-24 15:00:00+00:00,87.7249984741211
2026-02-24 16:00:00+00:00,87.2699966430664
2026-02-24 17:00:00+00:00,87.95999908447266
2026-02-24 18:00:00+00:00,87.19499969482422
2026-02-24 19:00:00+00:00,86.91500091552734
2026-02-24 20:00:00+00:00,87.26000213623047
2026-02-24 21:00:00+00:00,87.06999969482422
2026-02-24 23:00:00+00:00,87.19999694824219
2026-02-25 00:00:00+00:00,87.375
2026-02-25 01:00:00+00:00,88.30999755859375
2026-02-25 02:00:00+00:00,89.41000366210938
2026-02-25 03:00:00+00:00,89.54499816894531
2026-02-25 04:00:00+00:00,89.42500305175781
2026-02-25 05:00:00+00:00,90.72000122070312
2026-02-25 06:00:00+00:00,90.48500061035156
2026-02-25 07:00:00+00:00,90.33000183105469
2026-02-25 08:00:00+00:00,91.51000213623047
2026-02-25 09:00:00+00:00,91.30500030517578
2026-02-25 10:00:00+00:00,91.08499908447266
2026-02-25 11:00:00+00:00,91.04000091552734
2026-02-25 12:00:00+00:00,91.08999633789062
2026-02-25 13:00:00+00:00,91.12000274658203
2026-02-25 14:00:00+00:00,91.16999816894531
2026-02-25 15:00:00+00:00,91.25
2026-02-25 16:00:00+00:00,91.43499755859375
2026-02-25 17:00:00+00:00,91.66000366210938
2026-02-25 18:00:00+00:00,91.6500015258789
2026-02-25 19:00:00+00:00,91.7699966430664
2026-02-25 20:00:00+00:00,89.02999877929688
2026-02-25 21:00:00+00:00,89.86000061035156
2026-02-25 23:00:00+00:00,88.19000244140625
2026-02-26 00:00:00+00:00,89.93000030517578
2026-02-26 01:00:00+00:00,90.20999908447266
2026-02-26 02:00:00+00:00,89.38999938964844
2026-02-26 03:00:00+00:00,89.88500213623047
2026-02-26 04:00:00+00:00,89.7699966430664
2026-02-26 05:00:00+00:00,89.9800033569336
2026-02-26 06:00:00+00:00,89.63999938964844
2026-02-26 07:00:00+00:00,88.9749984741211
2026-02-26 08:00:00+00:00,87.93499755859375
2026-02-26 09:00:00+00:00,88.01499938964844
2026-02-26 10:00:00+00:00,87.28500366210938
2026-02-26 11:00:00+00:00,87.56500244140625
2026-02-26 12:00:00+00:00,87.66000366210938
2026-02-26 13:00:00+00:00,87.625
2026-02-26 14:00:00+00:00,87.08499908447266
2026-02-26 15:00:00+00:00,87.94999694824219
2026-02-26 16:00:00+00:00,87.19999694824219
2026-02-26 17:00:00+00:00,87.16500091552734
2026-02-26 18:00:00+00:00,87.94499969482422
2026-02-26 19:00:00+00:00,88.81999969482422
2026-02-26 20:00:00+00:00,89.4000015258789
2026-02-26 21:00:00+00:00,88.86499786376953
2026-02-26 23:00:00+00:00,88.75499725341797
2026-02-27 00:00:00+00:00,88.94999694824219
2026-02-27 01:00:00+00:00,90.0199966430664
2026-02-27 02:00:00+00:00,90.41000366210938
2026-02-27 03:00:00+00:00,89.94999694824219
2026-02-27 04:00:00+00:00,90.13500213623047
2026-02-27 05:00:00+00:00,90.63999938964844
2026-02-27 06:00:00+00:00,90.76000213623047
2026-02-27 07:00:00+00:00,90.73999786376953
2026-02-27 08:00:00+00:00,90.15499877929688
2026-02-27 09:00:00+00:00,90.25
2026-02-27 10:00:00+00:00,90.27999877929688
2026-02-27 11:00:00+00:00,90.56999969482422
2026-02-27 12:00:00+00:00,90.36499786376953
2026-02-27 13:00:00+00:00,92.76499938964844
2026-02-27 14:00:00+00:00,92.23999786376953
2026-02-27 15:00:00+00:00,94.16000366210938
2026-02-27 16:00:00+00:00,93.82499694824219
2026-02-27 17:00:00+00:00,94.25499725341797
2026-02-27 18:00:00+00:00,93.7750015258789
2026-02-27 19:00:00+00:00,93.80500030517578
2026-02-27 20:00:00+00:00,94.41500091552734
2026-02-27 21:00:00+00:00,94.3499984741211
2026-03-01 23:00:00+00:00,96.18000030517578
2026-03-02 00:00:00+00:00,94.62999725341797
2026-03-02 01:00:00+00:00,92.63999938964844
2026-03-02 02:00:00+00:00,94.36499786376953
2026-03-02 03:00:00+00:00,94.7300033569336
2026-03-02 04:00:00+00:00,94.08000183105469
2026-03-02 05:00:00+00:00,94.45500183105469
2026-03-02 06:00:00+00:00,95.33999633789062
2026-03-02 07:00:00+00:00,96.48999786376953
2026-03-02 08:00:00+00:00,95.77999877929688
2026-03-02 09:00:00+00:00,95.73500061035156
2026-03-02 10:00:00+00:00,95.6050033569336
2026-03-02 11:00:00+00:00,94.97000122070312
2026-03-02 12:00:00+00:00,95.44499969482422
2026-03-02 13:00:00+00:00,94.21499633789062
2026-03-02 14:00:00+00:00,90.26499938964844
2026-03-02 15:00:00+00:00,88.93499755859375
2026-03-02 16:00:00+00:00,87.26499938964844
2026-03-02 17:00:00+00:00,88.16999816894531
2026-03-02 18:00:00+00:00,89.08499908447266
2026-03-02 19:00:00+00:00,89.625
2026-03-02 20:00:00+00:00,90.29000091552734
2026-03-02 21:00:00+00:00,89.61000061035156
2026-03-02 23:00:00+00:00,90.30000305175781
2026-03-03 00:00:00+00:00,90.86000061035156
2026-03-03 01:00:00+00:00,88.94999694824219
2026-03-03 02:00:00+00:00,90.33499908447266
2026-03-03 03:00:00+00:00,90.40499877929688
2026-03-03 04:00:00+00:00,89.88500213623047
2026-03-03 05:00:00+00:00,87.01499938964844
2026-03-03 06:00:00+00:00,85.19999694824219
2026-03-03 07:00:00+00:00,87.28500366210938
2026-03-03 08:00:00+00:00,85.11000061035156
2026-03-03 09:00:00+00:00,84.47000122070312
2026-03-03 10:00:00+00:00,82.08999633789062
2026-03-03 11:00:00+00:00,81.36000061035156
2026-03-03 12:00:00+00:00,83.45999908447266
2026-03-03 13:00:00+00:00,82.47000122070312
2026-03-03 14:00:00+00:00,79.73999786376953
2026-03-03 15:00:00+00:00,82.77999877929688
2026-03-03 16:00:00+00:00,82.80000305175781
2026-03-03 17:00:00+00:00,82.44000244140625
2026-03-03 18:00:00+00:00,83.81500244140625
2026-03-03 19:00:00+00:00,83.27999877929688
2026-03-03 20:00:00+00:00,82.76499938964844
2026-03-03 21:00:00+00:00,82.30000305175781
2026-03-03 23:00:00+00:00,83.2249984741211
2026-03-04 00:00:00+00:00,83.44000244140625
2026-03-04 01:00:00+00:00,84.52999877929688
2026-03-04 02:00:00+00:00,84.20500183105469
2026-03-04 03:00:00+00:00,85.13999938964844
2026-03-04 04:00:00+00:00,84.70500183105469
2026-03-04 05:00:00+00:00,84.73500061035156
2026-03-04 06:00:00+00:00,85.0250015258789
2026-03-04 07:00:00+00:00,85.02999877929688
2026-03-04 08:00:00+00:00,85.4749984741211
2026-03-04 09:00:00+00:00,86.42500305175781
2026-03-04 10:00:00+00:00,86.16999816894531
2026-03-04 11:00:00+00:00,86.41000366210938
2026-03-04 12:00:00+00:00,85.52999877929688
2026-03-04 13:00:00+00:00,84.91500091552734
2026-03-04 14:00:00+00:00,83.7699966430664
2026-03-04 15:00:00+00:00,84.3949966430664
2026-03-04 16:00:00+00:00,83.76000213623047
2026-03-04 17:00:00+00:00,83.74500274658203
2026-03-04 18:00:00+00:00,83.50499725341797
2026-03-04 19:00:00+00:00,83.75
2026-03-04 20:00:00+00:00,83.36499786376953
2026-03-04 21:00:00+00:00,83.76499938964844
2026-03-04 23:00:00+00:00,84.16999816894531
2026-03-05 00:00:00+00:00,84.28500366210938
2026-03-05 01:00:00+00:00,84.45999908447266
2026-03-05 02:00:00+00:00,85.3499984741211
2026-03-05 03:00:00+00:00,85.0199966430664
2026-03-05 04:00:00+00:00,84.7750015258789
2026-03-05 05:00:00+00:00,82.56500244140625
2026-03-05 06:00:00+00:00,83.53500366210938
2026-03-05 07:00:00+00:00,83.74500274658203
2026-03-05 08:00:00+00:00,84.06999969482422
2026-03-05 09:00:00+00:00,84.36000061035156
2026-03-05 10:00:00+00:00,84.51499938964844
2026-03-05 11:00:00+00:00,84.30000305175781
2026-03-05 12:00:00+00:00,84.1500015258789
2026-03-05 13:00:00+00:00,82.74500274658203
2026-03-05 14:00:00+00:00,82.83499908447266
2026-03-05 15:00:00+00:00,82.53500366210938
2026-03-05 16:00:00+00:00,81.95500183105469
2026-03-05 17:00:00+00:00,81.69999694824219
2026-03-05 18:00:00+00:00,81.80000305175781
2026-03-05 19:00:00+00:00,81.16500091552734
2026-03-05 20:00:00+00:00,82.2300033569336
2026-03-05 21:00:00+00:00,82.5199966430664
2026-03-05 23:00:00+00:00,83.00499725341797
2026-03-06 00:00:00+00:00,82.54499816894531
2026-03-06 01:00:00+00:00,84.33499908447266
2026-03-06 02:00:00+00:00,84.05999755859375
2026-03-06 03:00:00+00:00,84.61499786376953
2026-03-06 04:00:00+00:00,84.45500183105469
2026-03-06 05:00:00+00:00,83.95999908447266
2026-03-06 06:00:00+00:00,84.58999633789062
2026-03-06 07:00:00+00:00,84.93499755859375
2026-03-06 08:00:00+00:00,84.45999908447266
2026-03-06 09:00:00+00:00,82.96499633789062
2026-03-06 10:00:00+00:00,83.16999816894531
2026-03-06 11:00:00+00:00,82.43499755859375
2026-03-06 12:00:00+00:00,82.53500366210938
2026-03-06 13:00:00+00:00,82.74500274658203
2026-03-06 14:00:00+00:00,83.9800033569336
2026-03-06 15:00:00+00:00,84.43499755859375
2026-03-06 16:00:00+00:00,84.18499755859375
2026-03-06 17:00:00+00:00,84.2750015258789
2026-03-06 18:00:00+00:00,84.69999694824219
2026-03-06 19:00:00+00:00,84.69999694824219
2026-03-06 20:00:00+00:00,84.1500015258789
2026-03-06 21:00:00+00:00,84.31099700927734
2026-03-08 22:00:00+00:00,83.44499969482422
2026-03-08 23:00:00+00:00,82.05000305175781
2026-03-09 00:00:00+00:00,81.51499938964844
2026-03-09 01:00:00+00:00,81.05500030517578
2026-03-09 02:00:00+00:00,82.81500244140625
2026-03-09 03:00:00+00:00,83.0999984741211
2026-03-09 04:00:00+00:00,82.66999816894531
2026-03-09 05:00:00+00:00,84.31500244140625
2026-03-09 06:00:00+00:00,83.86499786376953
2026-03-09 07:00:00+00:00,83.66999816894531
2026-03-09 08:00:00+00:00,83.92500305175781
2026-03-09 09:00:00+00:00,84.16500091552734
2026-03-09 10:00:00+00:00,83.32499694824219
2026-03-09 11:00:00+00:00,83.34500122070312
2026-03-09 12:00:00+00:00,83.83499908447266
2026-03-09 13:00:00+00:00,83.76000213623047
2026-03-09 14:00:00+00:00,84.58499908447266
2026-03-09 15:00:00+00:00,84.70999908447266
2026-03-09 16:00:00+00:00,84.95999908447266
2026-03-09 17:00:00+00:00,84.63999938964844
2026-03-09 18:00:00+00:00,86.12999725341797
2026-03-09 19:00:00+00:00,86.72000122070312
2026-03-09 20:00:00+00:00,87.34500122070312
2026-03-09 22:00:00+00:00,87.875
2026-03-09 23:00:00+00:00,87.69999694824219
2026-03-10 00:00:00+00:00,87.25499725341797
2026-03-10 01:00:00+00:00,89.8550033569336
2026-03-10 02:00:00+00:00,89.17500305175781
2026-03-10 03:00:00+00:00,88.4749984741211
2026-03-10 04:00:00+00:00,88.7249984741211
2026-03-10 05:00:00+00:00,89.53500366210938
2026-03-10 06:00:00+00:00,89.25499725341797
2026-03-10 07:00:00+00:00,89.48500061035156
2026-03-10 08:00:00+00:00,89.28500366210938
2026-03-10 09:00:00+00:00,89.41999816894531
2026-03-10 10:00:00+00:00,88.6449966430664
2026-03-10 11:00:00+00:00,88.62000274658203
2026-03-10 12:00:00+00:00,88.87999725341797
2026-03-10 13:00:00+00:00,89.1050033569336
2026-03-10 14:00:00+00:00,89.4749984741211
2026-03-10 15:00:00+00:00,89.83000183105469
2026-03-10 16:00:00+00:00,89.81500244140625
2026-03-10 17:00:00+00:00,89.34500122070312
2026-03-10 18:00:00+00:00,88.19999694824219
2026-03-10 19:00:00+00:00,88.69499969482422
2026-03-10 20:00:00+00:00,88.56999969482422
2026-03-10 22:00:00+00:00,88.54499816894531
2026-03-10 23:00:00+00:00,88.70500183105469
2026-03-11 00:00:00+00:00,89.53500366210938
2026-03-11 01:00:00+00:00,88.76000213623047
2026-03-11 02:00:00+00:00,89.0199966430664
2026-03-11 03:00:00+00:00,88.38500213623047
2026-03-11 04:00:00+00:00,88.48500061035156
2026-03-11 05:00:00+00:00,87.88500213623047
2026-03-11 06:00:00+00:00,87.52999877929688
2026-03-11 07:00:00+00:00,87.18499755859375
2026-03-11 08:00:00+00:00,87.36000061035156
2026-03-11 09:00:00+00:00,86.80000305175781
2026-03-11 10:00:00+00:00,86.73999786376953
2026-03-11 11:00:00+00:00,86.44499969482422
2026-03-11 12:00:00+00:00,85.41999816894531
2026-03-11 13:00:00+00:00,85.40499877929688
2026-03-11 14:00:00+00:00,85.68000030517578
2026-03-11 15:00:00+00:00,84.99500274658203
2026-03-11 16:00:00+00:00,85.47000122070312
2026-03-11 17:00:00+00:00,85.43000030517578
2026-03-11 18:00:00+00:00,85.6500015258789
2026-03-11 19:00:00+00:00,86.19499969482422
2026-03-11 20:00:00+00:00,85.91000366210938
2026-03-11 22:00:00+00:00,85.05999755859375
2026-03-11 23:00:00+00:00,84.71499633789062
2026-03-12 00:00:00+00:00,85.77999877929688
2026-03-12 01:00:00+00:00,85.63500213623047
2026-03-12 02:00:00+00:00,84.66500091552734
2026-03-12 03:00:00+00:00,85.05999755859375
2026-03-12 04:00:00+00:00,84.51499938964844
2026-03-12 05:00:00+00:00,85.4749984741211
2026-03-12 06:00:00+00:00,86.36499786376953
2026-03-12 07:00:00+00:00,87.2249984741211
2026-03-12 08:00:00+00:00,86.94000244140625
2026-03-12 09:00:00+00:00,87.31999969482422
2026-03-12 10:00:00+00:00,87.43499755859375
2026-03-12 11:00:00+00:00,87.1500015258789
2026-03-12 12:00:00+00:00,87.5199966430664
2026-03-12 13:00:00+00:00,86.07499694824219
2026-03-12 14:00:00+00:00,85.75
2026-03-12 15:00:00+00:00,85.38999938964844
2026-03-12 16:00:00+00:00,85.26000213623047
2026-03-12 17:00:00+00:00,84.95999908447266
2026-03-12 18:00:00+00:00,84.95500183105469
2026-03-12 19:00:00+00:00,84.69499969482422
2026-03-12 20:00:00+00:00,83.95500183105469
2026-03-12 22:00:00+00:00,84.49500274658203
2026-03-12 23:00:00+00:00,84.12999725341797
2026-03-13 00:00:00+00:00,85.19000244140625
2026-03-13 01:00:00+00:00,84.95500183105469
2026-03-13 02:00:00+00:00,84.59500122070312
2026-03-13 03:00:00+00:00,84.88500213623047
2026-03-13 04:00:00+00:00,84.44499969482422
2026-03-13 05:00:00+00:00,83.77999877929688
2026-03-13 06:00:00+00:00,82.5250015258789
2026-03-13 07:00:00+00:00,82.4749984741211
2026-03-13 08:00:00+00:00,82.80000305175781
2026-03-13 09:00:00+00:00,83.13500213623047
2026-03-13 10:00:00+00:00,83.375
2026-03-13 11:00:00+00:00,83.81999969482422
2026-03-13 12:00:00+00:00,84.44000244140625
2026-03-13 13:00:00+00:00,83.73500061035156
2026-03-13 14:00:00+00:00,80.75
2026-03-13 15:00:00+00:00,80.34500122070312
2026-03-13 16:00:00+00:00,80.42500305175781
2026-03-13 17:00:00+00:00,81.04499816894531
2026-03-13 18:00:00+00:00,81.05000305175781
2026-03-13 19:00:00+00:00,80.36499786376953
2026-03-13 20:00:00+00:00,80.6449966430664
2026-03-15 22:00:00+00:00,80.57499694824219
2026-03-15 23:00:00+00:00,80.15499877929688
2026-03-16 00:00:00+00:00,81.58999633789062
2026-03-16 01:00:00+00:00,80.46499633789062
2026-03-16 02:00:00+00:00,79.37999725341797
2026-03-16 03:00:00+00:00,80.27999877929688
2026-03-16 04:00:00+00:00,80.1449966430664
2026-03-16 05:00:00+00:00,80.3499984741211
2026-03-16 06:00:00+00:00,80.18499755859375
2026-03-16 07:00:00+00:00,79.19999694824219
2026-03-16 08:00:00+00:00,79.19999694824219
2026-03-16 09:00:00+00:00,77.91500091552734
2026-03-16 10:00:00+00:00,79.0199966430664
2026-03-16 11:00:00+00:00,79.03500366210938
2026-03-16 12:00:00+00:00,80.4000015258789
2026-03-16 13:00:00+00:00,81.45500183105469
2026-03-16 14:00:00+00:00,80.83499908447266
2026-03-16 15:00:00+00:00,80.48999786376953
2026-03-16 16:00:00+00:00,80.44000244140625
2026-03-16 17:00:00+00:00,80.4800033569336
2026-03-16 18:00:00+00:00,81.23999786376953
2026-03-16 19:00:00+00:00,81.12000274658203
2026-03-16 20:00:00+00:00,81.0
2026-03-16 22:00:00+00:00,81.0
2026-03-16 23:00:00+00:00,81.37000274658203
2026-03-17 00:00:00+00:00,80.61000061035156
2026-03-17 01:00:00+00:00,81.6500015258789
2026-03-17 02:00:00+00:00,81.33000183105469
2026-03-17 03:00:00+00:00,81.52999877929688
2026-03-17 04:00:00+00:00,82.62999725341797
2026-03-17 05:00:00+00:00,81.25499725341797
2026-03-17 06:00:00+00:00,80.7249984741211
2026-03-17 07:00:00+00:00,81.12999725341797
2026-03-17 08:00:00+00:00,81.02999877929688
2026-03-17 09:00:00+00:00,80.98500061035156
2026-03-17 10:00:00+00:00,80.32499694824219
2026-03-17 11:00:00+00:00,80.3949966430664
2026-03-17 12:00:00+00:00,80.83499908447266
2026-03-17 13:00:00+00:00,81.42500305175781
2026-03-17 14:00:00+00:00,80.32499694824219
2026-03-17 15:00:00+00:00,79.30000305175781
2026-03-17 16:00:00+00:00,79.4749984741211
2026-03-17 17:00:00+00:00,79.62000274658203
2026-03-17 18:00:00+00:00,79.58000183105469
2026-03-17 19:00:00+00:00,79.30500030517578
2026-03-17 20:00:00+00:00,79.45999908447266
2026-03-17 22:00:00+00:00,79.12999725341797
2026-03-17 23:00:00+00:00,79.33000183105469
2026-03-18 00:00:00+00:00,79.58499908447266
2026-03-18 01:00:00+00:00,79.28500366210938
2026-03-18 02:00:00+00:00,78.4800033569336
2026-03-18 03:00:00+00:00,78.69499969482422
2026-03-18 04:00:00+00:00,78.66500091552734
2026-03-18 05:00:00+00:00,79.11000061035156
2026-03-18 06:00:00+00:00,79.94499969482422
2026-03-18 07:00:00+00:00,79.86000061035156
2026-03-18 08:00:00+00:00,79.4749984741211
2026-03-18 09:00:00+00:00,80.04499816894531
2026-03-18 10:00:00+00:00,79.17500305175781
2026-03-18 11:00:00+00:00,78.69999694824219
2026-03-18 12:00:00+00:00,77.6500015258789
2026-03-18 13:00:00+00:00,77.56500244140625
2026-03-18 14:00:00+00:00,76.91000366210938
2026-03-18 15:00:00+00:00,76.71499633789062
2026-03-18 16:00:00+00:00,77.25
2026-03-18 17:00:00+00:00,77.1500015258789
2026-03-18 18:00:00+00:00,76.13500213623047
2026-03-18 19:00:00+00:00,76.04000091552734
2026-03-18 20:00:00+00:00,75.41999816894531
2026-03-18 22:00:00+00:00,75.75
2026-03-18 23:00:00+00:00,75.94999694824219
2026-03-19 00:00:00+00:00,76.45500183105469
2026-03-19 01:00:00+00:00,76.18000030517578
2026-03-19 02:00:00+00:00,76.44999694824219
2026-03-19 03:00:00+00:00,75.94000244140625
2026-03-19 04:00:00+00:00,75.75
2026-03-19 05:00:00+00:00,74.36000061035156
2026-03-19 06:00:00+00:00,72.5
2026-03-19 07:00:00+00:00,71.30500030517578
2026-03-19 08:00:00+00:00,71.45999908447266
2026-03-19 09:00:00+00:00,71.63999938964844
2026-03-19 10:00:00+00:00,70.91500091552734
2026-03-19 11:00:00+00:00,70.375
2026-03-19 12:00:00+00:00,67.44999694824219
2026-03-19 13:00:00+00:00,69.69000244140625
2026-03-19 14:00:00+00:00,70.125
2026-03-19 15:00:00+00:00,70.18499755859375
2026-03-19 16:00:00+00:00,70.19499969482422
2026-03-19 17:00:00+00:00,71.43499755859375
2026-03-19 18:00:00+00:00,71.69499969482422
2026-03-19 19:00:00+00:00,72.58499908447266
2026-03-19 20:00:00+00:00,72.80999755859375
2026-03-19 22:00:00+00:00,72.25499725341797
2026-03-19 23:00:00+00:00,72.5999984741211
2026-03-20 00:00:00+00:00,72.50499725341797
2026-03-20 01:00:00+00:00,73.8550033569336
2026-03-20 02:00:00+00:00,73.94000244140625
2026-03-20 03:00:00+00:00,74.19999694824219
2026-03-20 04:00:00+00:00,73.9000015258789
2026-03-20 05:00:00+00:00,72.56999969482422
2026-03-20 06:00:00+00:00,71.6500015258789
2026-03-20 07:00:00+00:00,73.0999984741211
2026-03-20 08:00:00+00:00,73.19499969482422
2026-03-20 09:00:00+00:00,71.83499908447266
2026-03-20 10:00:00+00:00,71.70999908447266
2026-03-20 11:00:00+00:00,72.2699966430664
2026-03-20 12:00:00+00:00,71.93000030517578
2026-03-20 13:00:00+00:00,70.30500030517578
2026-03-20 14:00:00+00:00,69.53500366210938
2026-03-20 15:00:00+00:00,69.33999633789062
2026-03-20 16:00:00+00:00,69.76499938964844
2026-03-20 17:00:00+00:00,69.69499969482422
2026-03-20 18:00:00+00:00,68.12999725341797
2026-03-20 19:00:00+00:00,68.02999877929688
2026-03-20 20:00:00+00:00,67.80999755859375
2026-03-22 22:00:00+00:00,68.91000366210938
2026-03-22 23:00:00+00:00,68.22000122070312
2026-03-23 00:00:00+00:00,66.54000091552734
2026-03-23 01:00:00+00:00,66.26000213623047
2026-03-23 02:00:00+00:00,65.33499908447266
2026-03-23 03:00:00+00:00,65.40499877929688
2026-03-23 04:00:00+00:00,66.19999694824219
2026-03-23 05:00:00+00:00,63.97999954223633
2026-03-23 06:00:00+00:00,63.02000045776367
2026-03-23 07:00:00+00:00,64.08000183105469
2026-03-23 08:00:00+00:00,64.58999633789062
2026-03-23 09:00:00+00:00,63.709999084472656
2026-03-23 10:00:00+00:00,64.26000213623047
2026-03-23 11:00:00+00:00,67.45500183105469
2026-03-23 12:00:00+00:00,69.63500213623047
2026-03-23 13:00:00+00:00,69.19000244140625
2026-03-23 14:00:00+00:00,70.24500274658203
2026-03-23 15:00:00+00:00,68.04499816894531
2026-03-23 16:00:00+00:00,69.0199966430664
2026-03-23 17:00:00+00:00,69.77999877929688
2026-03-23 18:00:00+00:00,70.05999755859375
2026-03-23 19:00:00+00:00,69.11499786376953
2026-03-23 20:00:00+00:00,69.31999969482422
2026-03-23 22:00:00+00:00,69.83000183105469
2026-03-23 23:00:00+00:00,69.94999694824219
2026-03-24 00:00:00+00:00,68.44499969482422
2026-03-24 01:00:00+00:00,66.99500274658203
2026-03-24 02:00:00+00:00,67.63999938964844
2026-03-24 03:00:00+00:00,67.0199966430664
2026-03-24 04:00:00+00:00,66.87999725341797
2026-03-24 05:00:00+00:00,67.63500213623047
2026-03-24 06:00:00+00:00,69.2750015258789
2026-03-24 07:00:00+00:00,70.2699966430664
2026-03-24 08:00:00+00:00,69.86499786376953
2026-03-24 09:00:00+00:00,70.31999969482422
2026-03-24 10:00:00+00:00,70.4749984741211
2026-03-24 11:00:00+00:00,70.22000122070312
2026-03-24 12:00:00+00:00,68.58999633789062
2026-03-24 13:00:00+00:00,68.52999877929688
2026-03-24 14:00:00+00:00,69.86499786376953
2026-03-24 15:00:00+00:00,69.76499938964844
2026-03-24 16:00:00+00:00,69.98500061035156
2026-03-24 17:00:00+00:00,69.52999877929688
2026-03-24 18:00:00+00:00,69.56999969482422
2026-03-24 19:00:00+00:00,69.73500061035156
2026-03-24 20:00:00+00:00,71.44499969482422
2026-03-24 22:00:00+00:00,71.94000244140625
2026-03-24 23:00:00+00:00,73.13999938964844
2026-03-25 00:00:00+00:00,73.96499633789062
2026-03-25 01:00:00+00:00,74.0999984741211
2026-03-25 02:00:00+00:00,73.66500091552734
2026-03-25 03:00:00+00:00,73.54499816894531
2026-03-25 04:00:00+00:00,73.62000274658203
2026-03-25 05:00:00+00:00,73.26499938964844
2026-03-25 06:00:00+00:00,73.20999908447266
2026-03-25 07:00:00+00:00,73.08499908447266
2026-03-25 08:00:00+00:00,73.24500274658203
2026-03-25 09:00:00+00:00,72.8550033569336
2026-03-25 10:00:00+00:00,73.12999725341797
2026-03-25 11:00:00+00:00,73.31500244140625
2026-03-25 12:00:00+00:00,72.87999725341797
2026-03-25 13:00:00+00:00,72.38999938964844
2026-03-25 14:00:00+00:00,73.2249984741211
2026-03-25 15:00:00+00:00,72.7750015258789
2026-03-25 16:00:00+00:00,72.81500244140625
2026-03-25 17:00:00+00:00,72.55999755859375
2026-03-25 18:00:00+00:00,72.20999908447266
2026-03-25 19:00:00+00:00,72.23500061035156
2026-03-25 20:00:00+00:00,71.44499969482422
2026-03-25 22:00:00+00:00,71.33499908447266
2026-03-25 23:00:00+00:00,70.83000183105469
2026-03-26 00:00:00+00:00,72.16999816894531
2026-03-26 01:00:00+00:00,72.05000305175781
2026-03-26 02:00:00+00:00,71.5
2026-03-26 03:00:00+00:00,71.81999969482422
2026-03-26 04:00:00+00:00,71.91999816894531
2026-03-26 05:00:00+00:00,69.51499938964844
2026-03-26 06:00:00+00:00,70.12999725341797
2026-03-26 07:00:00+00:00,69.46499633789062
2026-03-26 08:00:00+00:00,68.31500244140625
2026-03-26 09:00:00+00:00,68.19000244140625
2026-03-26 10:00:00+00:00,68.22000122070312
2026-03-26 11:00:00+00:00,67.43000030517578
2026-03-26 12:00:00+00:00,67.56500244140625
2026-03-26 13:00:00+00:00,69.375
2026-03-26 14:00:00+00:00,69.2699966430664
2026-03-26 15:00:00+00:00,68.6500015258789
2026-03-26 16:00:00+00:00,67.8499984741211
2026-03-26 17:00:00+00:00,67.38500213623047
2026-03-26 18:00:00+00:00,67.68000030517578
2026-03-26 19:00:00+00:00,67.28500366210938
2026-03-26 20:00:00+00:00,68.125
2026-03-26 22:00:00+00:00,68.99500274658203
2026-03-26 23:00:00+00:00,68.70999908447266
2026-03-27 00:00:00+00:00,67.59500122070312
2026-03-27 01:00:00+00:00,68.69999694824219
2026-03-27 02:00:00+00:00,68.62999725341797
2026-03-27 03:00:00+00:00,69.3949966430664
2026-03-27 04:00:00+00:00,69.69999694824219
2026-03-27 05:00:00+00:00,69.55000305175781
2026-03-27 06:00:00+00:00,69.87000274658203
2026-03-27 07:00:00+00:00,69.59500122070312
2026-03-27 08:00:00+00:00,68.80999755859375
2026-03-27 09:00:00+00:00,68.63999938964844
2026-03-27 10:00:00+00:00,68.19999694824219
2026-03-27 11:00:00+00:00,67.92500305175781
2026-03-27 12:00:00+00:00,68.05500030517578
2026-03-27 13:00:00+00:00,68.06999969482422
2026-03-27 14:00:00+00:00,70.45999908447266
2026-03-27 15:00:00+00:00,70.8949966430664
2026-03-27 16:00:00+00:00,70.5
2026-03-27 17:00:00+00:00,69.63500213623047
2026-03-27 18:00:00+00:00,70.30000305175781
2026-03-27 19:00:00+00:00,70.11000061035156
2026-03-27 20:00:00+00:00,69.7699966430664
2026-03-29 22:00:00+00:00,68.7249984741211
2026-03-29 23:00:00+00:00,68.19499969482422
2026-03-30 00:00:00+00:00,68.38500213623047
2026-03-30 01:00:00+00:00,68.81999969482422
2026-03-30 02:00:00+00:00,69.18000030517578
2026-03-30 03:00:00+00:00,69.94999694824219
2026-03-30 04:00:00+00:00,70.19499969482422
2026-03-30 05:00:00+00:00,70.63500213623047
2026-03-30 06:00:00+00:00,70.45999908447266
2026-03-30 07:00:00+00:00,70.63999938964844
2026-03-30 08:00:00+00:00,70.97000122070312
2026-03-30 09:00:00+00:00,71.13999938964844
2026-03-30 10:00:00+00:00,70.79499816894531
2026-03-30 11:00:00+00:00,71.3949966430664
2026-03-30 12:00:00+00:00,71.4800033569336
2026-03-30 13:00:00+00:00,70.33000183105469
2026-03-30 14:00:00+00:00,71.09500122070312
2026-03-30 15:00:00+00:00,71.16999816894531
2026-03-30 16:00:00+00:00,70.67500305175781
2026-03-30 17:00:00+00:00,70.55500030517578
2026-03-30 18:00:00+00:00,70.0199966430664
2026-03-30 19:00:00+00:00,70.28500366210938
2026-03-30 20:00:00+00:00,70.18000030517578
2026-03-30 22:00:00+00:00,70.06999969482422
2026-03-30 23:00:00+00:00,70.03500366210938
2026-03-31 00:00:00+00:00,70.79499816894531
2026-03-31 01:00:00+00:00,73.13999938964844
2026-03-31 02:00:00+00:00,72.16500091552734
2026-03-31 03:00:00+00:00,72.18000030517578
2026-03-31 04:00:00+00:00,72.40499877929688
2026-03-31 05:00:00+00:00,72.33999633789062
2026-03-31 06:00:00+00:00,72.2249984741211
2026-03-31 07:00:00+00:00,73.26499938964844
2026-03-31 08:00:00+00:00,73.31500244140625
2026-03-31 09:00:00+00:00,73.0
2026-03-31 10:00:00+00:00,72.8550033569336
2026-03-31 11:00:00+00:00,73.31999969482422
2026-03-31 12:00:00+00:00,73.0
2026-03-31 13:00:00+00:00,73.55999755859375
2026-03-31 14:00:00+00:00,73.34500122070312
2026-03-31 15:00:00+00:00,73.87999725341797
2026-03-31 16:00:00+00:00,74.82499694824219
2026-03-31 17:00:00+00:00,75.04000091552734
2026-03-31 18:00:00+00:00,75.19999694824219
2026-03-31 19:00:00+00:00,75.54000091552734
2026-03-31 20:00:00+00:00,75.34500122070312
2026-03-31 22:00:00+00:00,75.48999786376953
2026-03-31 23:00:00+00:00,75.19499969482422
2026-04-01 00:00:00+00:00,75.43499755859375
2026-04-01 01:00:00+00:00,74.83000183105469
2026-04-01 02:00:00+00:00,74.2750015258789
2026-04-01 03:00:00+00:00,74.23999786376953
2026-04-01 04:00:00+00:00,74.4000015258789
2026-04-01 05:00:00+00:00,74.33000183105469
2026-04-01 06:00:00+00:00,75.54499816894531
2026-04-01 07:00:00+00:00,74.19000244140625
2026-04-01 08:00:00+00:00,74.625
2026-04-01 09:00:00+00:00,74.63999938964844
2026-04-01 10:00:00+00:00,75.05000305175781
2026-04-01 11:00:00+00:00,75.33000183105469
2026-04-01 12:00:00+00:00,74.83499908447266
2026-04-01 13:00:00+00:00,74.86499786376953
2026-04-01 14:00:00+00:00,75.58499908447266
2026-04-01 15:00:00+00:00,75.8499984741211
2026-04-01 16:00:00+00:00,75.99500274658203
2026-04-01 17:00:00+00:00,76.01499938964844
2026-04-01 18:00:00+00:00,75.30000305175781
2026-04-01 19:00:00+00:00,75.33999633789062
2026-04-01 20:00:00+00:00,75.19999694824219
2026-04-01 22:00:00+00:00,75.41500091552734
2026-04-01 23:00:00+00:00,75.40499877929688
2026-04-02 00:00:00+00:00,75.59500122070312
2026-04-02 01:00:00+00:00,73.05999755859375
2026-04-02 02:00:00+00:00,72.34500122070312
2026-04-02 03:00:00+00:00,72.30000305175781
2026-04-02 04:00:00+00:00,72.05500030517578
2026-04-02 05:00:00+00:00,70.7699966430664
2026-04-02 06:00:00+00:00,70.72000122070312
2026-04-02 07:00:00+00:00,71.625
2026-04-02 08:00:00+00:00,71.26000213623047
2026-04-02 09:00:00+00:00,71.08499908447266
2026-04-02 10:00:00+00:00,71.00499725341797
2026-04-02 11:00:00+00:00,70.73500061035156
2026-04-02 12:00:00+00:00,70.18499755859375
2026-04-02 13:00:00+00:00,71.44999694824219
2026-04-02 14:00:00+00:00,72.71499633789062
2026-04-02 15:00:00+00:00,71.9800033569336
2026-04-02 16:00:00+00:00,72.45500183105469
2026-04-02 17:00:00+00:00,72.4000015258789
2026-04-02 18:00:00+00:00,72.83499908447266
2026-04-02 19:00:00+00:00,72.7750015258789
2026-04-02 20:00:00+00:00,73.16999816894531
2026-04-05 22:00:00+00:00,72.19999694824219
2026-04-05 23:00:00+00:00,71.80000305175781
2026-04-06 00:00:00+00:00,72.3949966430664
2026-04-06 01:00:00+00:00,72.03500366210938
2026-04-06 02:00:00+00:00,72.4749984741211
2026-04-06 03:00:00+00:00,72.0999984741211
2026-04-06 04:00:00+00:00,72.58000183105469
2026-04-06 05:00:00+00:00,72.33999633789062
2026-04-06 06:00:00+00:00,72.6449966430664
2026-04-06 07:00:00+00:00,72.6449966430664
2026-04-06 08:00:00+00:00,73.30000305175781
2026-04-06 09:00:00+00:00,73.27999877929688
2026-04-06 10:00:00+00:00,73.40499877929688
2026-04-06 11:00:00+00:00,73.42500305175781
2026-04-06 12:00:00+00:00,73.22000122070312
2026-04-06 13:00:00+00:00,72.81999969482422
2026-04-06 14:00:00+00:00,72.86499786376953
2026-04-06 15:00:00+00:00,72.67500305175781
2026-04-06 16:00:00+00:00,72.66000366210938
2026-04-06 17:00:00+00:00,72.75499725341797
2026-04-06 18:00:00+00:00,73.26499938964844
2026-04-06 19:00:00+00:00,73.125
2026-04-06 20:00:00+00:00,72.81500244140625
2026-04-06 22:00:00+00:00,73.01499938964844
2026-04-06 23:00:00+00:00,72.9749984741211
2026-04-07 00:00:00+00:00,72.72000122070312
2026-04-07 01:00:00+00:00,72.21499633789062
2026-04-07 02:00:00+00:00,72.70500183105469
2026-04-07 03:00:00+00:00,72.80500030517578
2026-04-07 04:00:00+00:00,73.23500061035156
2026-04-07 05:00:00+00:00,72.33000183105469
2026-04-07 06:00:00+00:00,72.43499755859375
2026-04-07 07:00:00+00:00,72.38500213623047
2026-04-07 08:00:00+00:00,73.0199966430664
2026-04-07 09:00:00+00:00,72.91999816894531
2026-04-07 10:00:00+00:00,72.2249984741211
2026-04-07 11:00:00+00:00,72.24500274658203
2026-04-07 12:00:00+00:00,71.98500061035156
2026-04-07 13:00:00+00:00,71.31999969482422
2026-04-07 14:00:00+00:00,70.625
2026-04-07 15:00:00+00:00,71.5199966430664
2026-04-07 16:00:00+00:00,71.69999694824219
2026-04-07 17:00:00+00:00,72.20500183105469
2026-04-07 18:00:00+00:00,71.48999786376953
2026-04-07 19:00:00+00:00,73.0
2026-04-07 20:00:00+00:00,73.11000061035156
2026-04-07 22:00:00+00:00,76.51000213623047
2026-04-07 23:00:00+00:00,76.80000305175781
2026-04-08 00:00:00+00:00,76.86000061035156
2026-04-08 01:00:00+00:00,76.70500183105469
2026-04-08 02:00:00+00:00,76.55000305175781
2026-04-08 03:00:00+00:00,76.45500183105469
2026-04-08 04:00:00+00:00,76.81999969482422
2026-04-08 05:00:00+00:00,77.44999694824219
2026-04-08 06:00:00+00:00,77.30999755859375
2026-04-08 07:00:00+00:00,77.08499908447266
2026-04-08 08:00:00+00:00,77.0250015258789
2026-04-08 09:00:00+00:00,76.80000305175781
2026-04-08 10:00:00+00:00,76.93499755859375
2026-04-08 11:00:00+00:00,77.41999816894531
2026-04-08 12:00:00+00:00,77.63500213623047
2026-04-08 13:00:00+00:00,76.61000061035156
2026-04-08 14:00:00+00:00,74.94999694824219
2026-04-08 15:00:00+00:00,75.6050033569336
2026-04-08 16:00:00+00:00,75.63500213623047
2026-04-08 17:00:00+00:00,75.26000213623047
2026-04-08 18:00:00+00:00,73.69999694824219
2026-04-08 19:00:00+00:00,74.63500213623047
2026-04-08 20:00:00+00:00,74.24500274658203
2026-04-08 22:00:00+00:00,74.19499969482422
2026-04-08 23:00:00+00:00,73.79000091552734
2026-04-09 00:00:00+00:00,73.58999633789062
2026-04-09 01:00:00+00:00,73.90499877929688
2026-04-09 02:00:00+00:00,73.83999633789062
2026-04-09 03:00:00+00:00,74.06999969482422
2026-04-09 04:00:00+00:00,74.125
2026-04-09 05:00:00+00:00,74.07499694824219
2026-04-09 06:00:00+00:00,74.0250015258789
2026-04-09 07:00:00+00:00,74.15499877929688
2026-04-09 08:00:00+00:00,74.1500015258789
2026-04-09 09:00:00+00:00,74.11499786376953
2026-04-09 10:00:00+00:00,74.0999984741211
2026-04-09 11:00:00+00:00,74.69499969482422
2026-04-09 12:00:00+00:00,74.48999786376953
2026-04-09 13:00:00+00:00,75.125
2026-04-09 14:00:00+00:00,74.9749984741211
2026-04-09 15:00:00+00:00,75.96499633789062
2026-04-09 16:00:00+00:00,76.125
2026-04-09 17:00:00+00:00,76.69499969482422
2026-04-09 18:00:00+00:00,75.91500091552734
2026-04-09 19:00:00+00:00,75.72000122070312
2026-04-09 20:00:00+00:00,75.4749984741211
2026-04-09 22:00:00+00:00,75.50499725341797
2026-04-09 23:00:00+00:00,75.52999877929688
2026-04-10 00:00:00+00:00,75.58999633789062
2026-04-10 01:00:00+00:00,75.62999725341797
2026-04-10 02:00:00+00:00,75.69499969482422
2026-04-10 03:00:00+00:00,75.94999694824219
2026-04-10 04:00:00+00:00,75.88999938964844
2026-04-10 05:00:00+00:00,76.0999984741211
2026-04-10 06:00:00+00:00,75.44499969482422
2026-04-10 07:00:00+00:00,75.41000366210938
2026-04-10 08:00:00+00:00,74.98500061035156
2026-04-10 09:00:00+00:00,75.5199966430664
2026-04-10 10:00:00+00:00,75.68499755859375
2026-04-10 11:00:00+00:00,75.79499816894531
2026-04-10 12:00:00+00:00,76.06999969482422
2026-04-10 13:00:00+00:00,76.48500061035156
2026-04-10 14:00:00+00:00,76.45500183105469
2026-04-10 15:00:00+00:00,76.0999984741211
2026-04-10 16:00:00+00:00,76.36000061035156
2026-04-10 17:00:00+00:00,76.3550033569336
2026-04-10 18:00:00+00:00,76.53500366210938
2026-04-10 19:00:00+00:00,76.54499816894531
2026-04-10 20:00:00+00:00,76.0250015258789
2026-04-12 22:00:00+00:00,73.54499816894531
2026-04-12 23:00:00+00:00,73.81999969482422
2026-04-13 00:00:00+00:00,74.5250015258789
2026-04-13 01:00:00+00:00,74.43000030517578
2026-04-13 02:00:00+00:00,74.36499786376953
2026-04-13 03:00:00+00:00,74.4749984741211
2026-04-13 04:00:00+00:00,74.5199966430664
2026-04-13 05:00:00+00:00,74.75499725341797
2026-04-13 06:00:00+00:00,74.52999877929688
2026-04-13 07:00:00+00:00,74.84500122070312
2026-04-13 08:00:00+00:00,74.50499725341797
2026-04-13 09:00:00+00:00,74.46499633789062
2026-04-13 10:00:00+00:00,74.48999786376953
2026-04-13 11:00:00+00:00,74.12999725341797
2026-04-13 12:00:00+00:00,73.98500061035156
2026-04-13 13:00:00+00:00,74.375
2026-04-13 14:00:00+00:00,74.16999816894531
2026-04-13 15:00:00+00:00,74.16500091552734
2026-04-13 16:00:00+00:00,75.47000122070312
2026-04-13 17:00:00+00:00,75.33000183105469
2026-04-13 18:00:00+00:00,75.6449966430664
2026-04-13 19:00:00+00:00,75.61000061035156
2026-04-13 20:00:00+00:00,75.73999786376953
2026-04-13 22:00:00+00:00,76.0199966430664
2026-04-13 23:00:00+00:00,75.93499755859375
2026-04-14 00:00:00+00:00,76.16500091552734
2026-04-14 01:00:00+00:00,75.9800033569336
2026-04-14 02:00:00+00:00,76.81999969482422
2026-04-14 03:00:00+00:00,77.06999969482422
2026-04-14 04:00:00+00:00,77.23500061035156
2026-04-14 05:00:00+00:00,76.75
2026-04-14 06:00:00+00:00,77.66999816894531
2026-04-14 07:00:00+00:00,77.90499877929688
2026-04-14 08:00:00+00:00,78.2300033569336
2026-04-14 09:00:00+00:00,77.8949966430664
2026-04-14 10:00:00+00:00,77.61499786376953
2026-04-14 11:00:00+00:00,77.7249984741211
2026-04-14 12:00:00+00:00,77.67500305175781
2026-04-14 13:00:00+00:00,78.51499938964844
2026-04-14 14:00:00+00:00,79.26000213623047
2026-04-14 15:00:00+00:00,79.29499816894531
2026-04-14 16:00:00+00:00,79.20999908447266
2026-04-14 17:00:00+00:00,79.49500274658203
2026-04-14 18:00:00+00:00,79.40499877929688
2026-04-14 19:00:00+00:00,79.66000366210938
2026-04-14 20:00:00+00:00,79.625
2026-04-14 22:00:00+00:00,79.44999694824219
2026-04-14 23:00:00+00:00,79.63500213623047
2026-04-15 00:00:00+00:00,79.80000305175781
2026-04-15 01:00:00+00:00,80.6449966430664
2026-04-15 02:00:00+00:00,79.95500183105469
2026-04-15 03:00:00+00:00,79.92500305175781
2026-04-15 04:00:00+00:00,79.92500305175781
2026-04-15 05:00:00+00:00,79.50499725341797
2026-04-15 06:00:00+00:00,79.2750015258789
2026-04-15 07:00:00+00:00,79.31500244140625
2026-04-15 08:00:00+00:00,79.41500091552734
2026-04-15 09:00:00+00:00,78.58499908447266
2026-04-15 10:00:00+00:00,78.87999725341797
2026-04-15 11:00:00+00:00,79.19000244140625
2026-04-15 12:00:00+00:00,78.69999694824219
2026-04-15 13:00:00+00:00,80.1500015258789
2026-04-15 14:00:00+00:00,80.13999938964844
2026-04-15 15:00:00+00:00,79.45999908447266
2026-04-15 16:00:00+00:00,79.48500061035156
2026-04-15 17:00:00+00:00,79.2249984741211
2026-04-15 18:00:00+00:00,79.48500061035156
2026-04-15 19:00:00+00:00,79.52999877929688
2026-04-15 20:00:00+00:00,79.11000061035156
2026-04-15 22:00:00+00:00,79.50499725341797
2026-04-15 23:00:00+00:00,79.6500015258789
2026-04-16 00:00:00+00:00,80.30000305175781
2026-04-16 01:00:00+00:00,80.23999786376953
2026-04-16 02:00:00+00:00,80.4749984741211
2026-04-16 03:00:00+00:00,80.61000061035156
2026-04-16 04:00:00+00:00,80.82499694824219
2026-04-16 05:00:00+00:00,80.55500030517578
2026-04-16 06:00:00+00:00,80.4749984741211
2026-04-16 07:00:00+00:00,80.23500061035156
2026-04-16 08:00:00+00:00,79.87000274658203
2026-04-16 09:00:00+00:00,79.68499755859375
2026-04-16 10:00:00+00:00,79.94000244140625
2026-04-16 11:00:00+00:00,79.83499908447266
2026-04-16 12:00:00+00:00,79.37999725341797
2026-04-16 13:00:00+00:00,78.7750015258789
2026-04-16 14:00:00+00:00,78.63999938964844
2026-04-16 15:00:00+00:00,79.01499938964844
2026-04-16 16:00:00+00:00,78.69499969482422
2026-04-16 17:00:00+00:00,78.41000366210938
2026-04-16 18:00:00+00:00,78.55999755859375
2026-04-16 19:00:00+00:00,78.79000091552734
2026-04-16 20:00:00+00:00,78.45999908447266
2026-04-16 22:00:00+00:00,78.88500213623047
2026-04-16 23:00:00+00:00,78.77999877929688
2026-04-17 00:00:00+00:00,78.80999755859375
2026-04-17 01:00:00+00:00,78.52999877929688
2026-04-17 02:00:00+00:00,78.40499877929688
2026-04-17 03:00:00+00:00,78.98999786376953
2026-04-17 04:00:00+00:00,79.17500305175781
2026-04-17 05:00:00+00:00,78.9749984741211
2026-04-17 06:00:00+00:00,78.69499969482422
2026-04-17 07:00:00+00:00,78.99500274658203
2026-04-17 08:00:00+00:00,79.5999984741211
2026-04-17 09:00:00+00:00,79.68499755859375
2026-04-17 10:00:00+00:00,79.44999694824219
2026-04-17 11:00:00+00:00,79.75
2026-04-17 12:00:00+00:00,81.73500061035156
2026-04-17 13:00:00+00:00,82.5250015258789
2026-04-17 14:00:00+00:00,82.86499786376953
2026-04-17 15:00:00+00:00,82.44000244140625
2026-04-17 16:00:00+00:00,82.37999725341797
2026-04-17 17:00:00+00:00,81.96499633789062
2026-04-17 18:00:00+00:00,81.66000366210938
2026-04-17 19:00:00+00:00,81.49500274658203
2026-04-17 20:00:00+00:00,81.84200286865234
2026-04-19 22:00:00+00:00,79.66999816894531
2026-04-19 23:00:00+00:00,79.08000183105469
2026-04-20 00:00:00+00:00,79.93499755859375
2026-04-20 01:00:00+00:00,80.61000061035156
2026-04-20 02:00:00+00:00,80.30999755859375
2026-04-20 09:00:00+00:00,79.31999969482422
2026-04-20 10:00:00+00:00,79.33999633789062
2026-04-20 11:00:00+00:00,79.86000061035156
2026-04-20 12:00:00+00:00,79.69499969482422
2026-04-20 13:00:00+00:00,80.32499694824219
2026-04-20 14:00:00+00:00,79.7699966430664
2026-04-20 15:00:00+00:00,79.91999816894531
2026-04-20 16:00:00+00:00,79.9749984741211
2026-04-20 17:00:00+00:00,79.7300033569336
2026-04-20 18:00:00+00:00,79.96499633789062
2026-04-20 19:00:00+00:00,79.87999725341797
2026-04-20 20:00:00+00:00,79.87000274658203
2026-04-20 22:00:00+00:00,80.21499633789062
2026-04-20 23:00:00+00:00,80.0199966430664
2026-04-21 00:00:00+00:00,80.0
2026-04-21 01:00:00+00:00,79.48999786376953
2026-04-21 02:00:00+00:00,79.30999755859375
2026-04-21 03:00:00+00:00,78.95500183105469
2026-04-21 04:00:00+00:00,78.94999694824219
2026-04-21 05:00:00+00:00,78.93000030517578
2026-04-21 06:00:00+00:00,78.94499969482422
2026-04-21 07:00:00+00:00,79.08000183105469
2026-04-21 08:00:00+00:00,78.91999816894531
2026-04-21 09:00:00+00:00,79.00499725341797
2026-04-21 10:00:00+00:00,79.08000183105469
2026-04-21 11:00:00+00:00,79.26000213623047
2026-04-21 12:00:00+00:00,78.83000183105469
2026-04-21 13:00:00+00:00,78.80500030517578
2026-04-21 14:00:00+00:00,76.88500213623047
2026-04-21 15:00:00+00:00,77.00499725341797
2026-04-21 16:00:00+00:00,76.36000061035156
2026-04-21 17:00:00+00:00,76.78500366210938
2026-04-21 18:00:00+00:00,76.81999969482422
2026-04-21 19:00:00+00:00,75.74500274658203
2026-04-21 20:00:00+00:00,76.66500091552734
2026-04-21 22:00:00+00:00,76.76499938964844
2026-04-21 23:00:00+00:00,77.31500244140625
2026-04-22 00:00:00+00:00,77.43000030517578
2026-04-22 01:00:00+00:00,77.56500244140625
2026-04-22 02:00:00+00:00,77.84500122070312
2026-04-22 03:00:00+00:00,78.08499908447266
2026-04-22 04:00:00+00:00,77.97000122070312
2026-04-22 05:00:00+00:00,78.47000122070312
2026-04-22 06:00:00+00:00,78.54499816894531
2026-04-22 07:00:00+00:00,78.30000305175781
2026-04-22 08:00:00+00:00,78.15499877929688
2026-04-22 09:00:00+00:00,77.94000244140625
2026-04-22 10:00:00+00:00,78.08000183105469
2026-04-22 11:00:00+00:00,78.06500244140625
2026-04-22 12:00:00+00:00,77.72000122070312
2026-04-22 13:00:00+00:00,78.21499633789062
2026-04-22 14:00:00+00:00,77.83000183105469
2026-04-22 15:00:00+00:00,77.8499984741211
2026-04-22 16:00:00+00:00,77.69499969482422
2026-04-22 17:00:00+00:00,77.91999816894531
2026-04-22 18:00:00+00:00,77.90499877929688
2026-04-22 19:00:00+00:00,77.77999877929688
2026-04-22 20:00:00+00:00,77.68499755859375
2026-04-22 22:00:00+00:00,77.4800033569336
2026-04-22 23:00:00+00:00,77.5250015258789
2026-04-23 00:00:00+00:00,78.20999908447266
2026-04-23 01:00:00+00:00,77.04000091552734
2026-04-23 02:00:00+00:00,75.7699966430664
2026-04-23 03:00:00+00:00,76.06999969482422
2026-04-23 04:00:00+00:00,76.16000366210938
2026-04-23 05:00:00+00:00,76.19999694824219
2026-04-23 06:00:00+00:00,76.08499908447266
2026-04-23 07:00:00+00:00,76.16999816894531
2026-04-23 08:00:00+00:00,75.61499786376953
2026-04-23 09:00:00+00:00,75.40499877929688
2026-04-23 10:00:00+00:00,74.58499908447266
2026-04-23 11:00:00+00:00,75.53500366210938
2026-04-23 12:00:00+00:00,76.88999938964844
2026-04-23 13:00:00+00:00,75.94000244140625
2026-04-23 14:00:00+00:00,76.21499633789062
2026-04-23 15:00:00+00:00,76.05999755859375
2026-04-23 16:00:00+00:00,76.37000274658203
2026-04-23 17:00:00+00:00,75.66000366210938
2026-04-23 18:00:00+00:00,75.56500244140625
2026-04-23 19:00:00+00:00,75.55500030517578
2026-04-23 20:00:00+00:00,75.45999908447266
2026-04-23 22:00:00+00:00,75.41500091552734
2026-04-23 23:00:00+00:00,75.45500183105469
2026-04-24 00:00:00+00:00,75.7750015258789
2026-04-24 01:00:00+00:00,75.59500122070312
2026-04-24 02:00:00+00:00,74.98999786376953
2026-04-24 03:00:00+00:00,74.80999755859375
2026-04-24 04:00:00+00:00,75.02999877929688
2026-04-24 05:00:00+00:00,75.07499694824219
2026-04-24 06:00:00+00:00,74.24500274658203
2026-04-24 07:00:00+00:00,74.87000274658203
2026-04-24 08:00:00+00:00,74.80000305175781
2026-04-24 09:00:00+00:00,74.63999938964844
2026-04-24 10:00:00+00:00,74.78500366210938
2026-04-24 11:00:00+00:00,75.94000244140625
2026-04-24 12:00:00+00:00,75.55500030517578
2026-04-24 13:00:00+00:00,75.74500274658203
2026-04-24 14:00:00+00:00,75.86499786376953
2026-04-24 15:00:00+00:00,76.34500122070312
2026-04-24 16:00:00+00:00,76.375
2026-04-24 17:00:00+00:00,76.48999786376953
2026-04-24 18:00:00+00:00,76.44000244140625
2026-04-24 19:00:00+00:00,75.97000122070312
2026-04-24 20:00:00+00:00,76.41400146484375
2026-04-26 22:00:00+00:00,75.125
2026-04-26 23:00:00+00:00,74.87000274658203
2026-04-27 00:00:00+00:00,75.63999938964844
2026-04-27 01:00:00+00:00,75.37999725341797
2026-04-27 02:00:00+00:00,75.99500274658203
2026-04-27 03:00:00+00:00,76.36000061035156
2026-04-27 04:00:00+00:00,76.43499755859375
2026-04-27 05:00:00+00:00,75.6050033569336
2026-04-27 06:00:00+00:00,75.81999969482422
2026-04-27 07:00:00+00:00,75.69999694824219
2026-04-27 08:00:00+00:00,75.55000305175781
2026-04-27 09:00:00+00:00,75.63999938964844
2026-04-27 10:00:00+00:00,75.88500213623047
2026-04-27 11:00:00+00:00,75.6449966430664
2026-04-27 12:00:00+00:00,75.48999786376953
2026-04-27 13:00:00+00:00,75.50499725341797
2026-04-27 14:00:00+00:00,74.94000244140625
2026-04-27 15:00:00+00:00,74.92500305175781
2026-04-27 16:00:00+00:00,75.13500213623047
2026-04-27 17:00:00+00:00,75.30500030517578
2026-04-27 18:00:00+00:00,75.62999725341797
2026-04-27 19:00:00+00:00,75.46499633789062
2026-04-27 20:00:00+00:00,75.45999908447266
2026-04-27 22:00:00+00:00,75.9000015258789
2026-04-27 23:00:00+00:00,75.94499969482422
2026-04-28 00:00:00+00:00,75.73999786376953
2026-04-28 01:00:00+00:00,74.59500122070312
2026-04-28 02:00:00+00:00,74.25
2026-04-28 03:00:00+00:00,74.63500213623047
2026-04-28 04:00:00+00:00,74.44499969482422
2026-04-28 05:00:00+00:00,73.37000274658203
2026-04-28 06:00:00+00:00,73.18499755859375
2026-04-28 07:00:00+00:00,73.77999877929688
2026-04-28 08:00:00+00:00,73.98500061035156
2026-04-28 09:00:00+00:00,73.41000366210938
2026-04-28 10:00:00+00:00,73.66500091552734
2026-04-28 11:00:00+00:00,72.6449966430664
2026-04-28 12:00:00+00:00,73.93499755859375
2026-04-28 13:00:00+00:00,73.37000274658203
2026-04-28 14:00:00+00:00,73.37999725341797
2026-04-28 15:00:00+00:00,73.68000030517578
2026-04-28 16:00:00+00:00,73.69000244140625
2026-04-28 17:00:00+00:00,73.74500274658203
2026-04-28 18:00:00+00:00,73.6449966430664
2026-04-28 19:00:00+00:00,73.63500213623047
2026-04-28 20:00:00+00:00,73.55000305175781
2026-04-28 22:00:00+00:00,73.625
2026-04-28 23:00:00+00:00,73.80000305175781
2026-04-29 00:00:00+00:00,73.70500183105469
2026-04-29 01:00:00+00:00,73.69000244140625
2026-04-29 02:00:00+00:00,74.00499725341797
2026-04-29 03:00:00+00:00,74.0999984741211
2026-04-29 04:00:00+00:00,74.30000305175781
2026-04-29 05:00:00+00:00,74.07499694824219
2026-04-29 06:00:00+00:00,73.87000274658203
2026-04-29 07:00:00+00:00,73.44000244140625
2026-04-29 08:00:00+00:00,73.29000091552734
2026-04-29 09:00:00+00:00,73.04499816894531
2026-04-29 10:00:00+00:00,73.37000274658203
2026-04-29 11:00:00+00:00,73.00499725341797
2026-04-29 12:00:00+00:00,72.48999786376953
2026-04-29 13:00:00+00:00,72.04499816894531
2026-04-29 14:00:00+00:00,72.29499816894531
2026-04-29 15:00:00+00:00,71.97000122070312
2026-04-29 16:00:00+00:00,71.96499633789062
2026-04-29 17:00:00+00:00,71.95500183105469
2026-04-29 18:00:00+00:00,71.94499969482422
2026-04-29 19:00:00+00:00,72.18000030517578
2026-04-29 20:00:00+00:00,71.78500366210938
2026-04-29 22:00:00+00:00,72.02999877929688
2026-04-29 23:00:00+00:00,72.2750015258789
2026-04-30 00:00:00+00:00,72.5199966430664
2026-04-30 01:00:00+00:00,73.3499984741211
2026-04-30 02:00:00+00:00,72.73500061035156
2026-04-30 03:00:00+00:00,72.45999908447266
2026-04-30 04:00:00+00:00,72.03500366210938
2026-04-30 05:00:00+00:00,72.62999725341797
2026-04-30 06:00:00+00:00,73.41500091552734
2026-04-30 07:00:00+00:00,73.57499694824219
2026-04-30 08:00:00+00:00,73.79499816894531
2026-04-30 09:00:00+00:00,73.95500183105469
2026-04-30 10:00:00+00:00,74.15499877929688
2026-04-30 11:00:00+00:00,74.01499938964844
2026-04-30 12:00:00+00:00,73.9800033569336
2026-04-30 13:00:00+00:00,73.41000366210938
2026-04-30 14:00:00+00:00,73.63500213623047
2026-04-30 15:00:00+00:00,73.62999725341797
2026-04-30 16:00:00+00:00,73.77999877929688
2026-04-30 17:00:00+00:00,74.13500213623047
2026-04-30 18:00:00+00:00,74.19499969482422
2026-04-30 19:00:00+00:00,74.12999725341797
2026-04-30 20:00:00+00:00,74.2300033569336
2026-04-30 22:00:00+00:00,74.65499877929688
2026-04-30 23:00:00+00:00,74.82499694824219
2026-05-01 00:00:00+00:00,74.66000366210938
2026-05-01 01:00:00+00:00,74.71499633789062
2026-05-01 02:00:00+00:00,74.66000366210938
2026-05-01 03:00:00+00:00,74.80000305175781
2026-05-01 04:00:00+00:00,74.36000061035156
2026-05-01 05:00:00+00:00,74.28500366210938
2026-05-01 06:00:00+00:00,73.94999694824219
2026-05-01 07:00:00+00:00,73.63999938964844
2026-05-01 08:00:00+00:00,73.6050033569336
2026-05-01 09:00:00+00:00,73.58999633789062
2026-05-01 10:00:00+00:00,73.77999877929688
2026-05-01 11:00:00+00:00,74.19499969482422
2026-05-01 12:00:00+00:00,74.69499969482422
2026-05-01 13:00:00+00:00,76.80500030517578
2026-05-01 14:00:00+00:00,76.2750015258789
2026-05-01 15:00:00+00:00,76.6050033569336
2026-05-01 16:00:00+00:00,76.55500030517578
2026-05-01 17:00:00+00:00,76.52999877929688
2026-05-01 18:00:00+00:00,76.32499694824219
2026-05-01 19:00:00+00:00,75.94499969482422
2026-05-01 20:00:00+00:00,76.43099975585938
2026-05-03 22:00:00+00:00,76.26000213623047
2026-05-03 23:00:00+00:00,76.22000122070312
2026-05-04 00:00:00+00:00,76.08999633789062
2026-05-04 01:00:00+00:00,76.25
2026-05-04 02:00:00+00:00,76.1050033569336
2026-05-04 03:00:00+00:00,76.29000091552734
2026-05-04 04:00:00+00:00,75.91000366210938
2026-05-04 05:00:00+00:00,75.7750015258789
2026-05-04 06:00:00+00:00,75.46499633789062
2026-05-04 07:00:00+00:00,74.91999816894531
2026-05-04 08:00:00+00:00,74.84500122070312
2026-05-04 09:00:00+00:00,74.7750015258789
2026-05-04 10:00:00+00:00,73.80999755859375
2026-05-04 11:00:00+00:00,73.8499984741211
2026-05-04 12:00:00+00:00,74.20999908447266
2026-05-04 13:00:00+00:00,74.33999633789062
2026-05-04 14:00:00+00:00,74.32499694824219
2026-05-04 15:00:00+00:00,73.36000061035156
2026-05-04 16:00:00+00:00,73.17500305175781
2026-05-04 17:00:00+00:00,73.30999755859375
2026-05-04 18:00:00+00:00,73.16999816894531
2026-05-04 19:00:00+00:00,73.29000091552734
2026-05-04 20:00:00+00:00,73.16000366210938
2026-05-04 22:00:00+00:00,73.0199966430664
2026-05-04 23:00:00+00:00,73.04499816894531
2026-05-05 00:00:00+00:00,73.19999694824219
2026-05-05 01:00:00+00:00,73.28500366210938
2026-05-05 02:00:00+00:00,73.52999877929688
2026-05-05 03:00:00+00:00,73.12000274658203
2026-05-05 04:00:00+00:00,73.17500305175781
2026-05-05 05:00:00+00:00,73.57499694824219
2026-05-05 06:00:00+00:00,73.58999633789062
2026-05-05 07:00:00+00:00,73.7750015258789
2026-05-05 08:00:00+00:00,74.17500305175781
2026-05-05 09:00:00+00:00,74.16000366210938
2026-05-05 10:00:00+00:00,73.8550033569336
2026-05-05 11:00:00+00:00,74.16500091552734
2026-05-05 12:00:00+00:00,73.88500213623047
2026-05-05 13:00:00+00:00,74.19000244140625
2026-05-05 14:00:00+00:00,74.20999908447266
2026-05-05 15:00:00+00:00,73.94999694824219
2026-05-05 16:00:00+00:00,73.58000183105469
2026-05-05 17:00:00+00:00,73.5250015258789
2026-05-05 18:00:00+00:00,73.40499877929688
2026-05-05 19:00:00+00:00,73.27999877929688
2026-05-05 20:00:00+00:00,73.26499938964844
2026-05-05 22:00:00+00:00,73.69499969482422
2026-05-05 23:00:00+00:00,74.34500122070312
2026-05-06 00:00:00+00:00,74.93499755859375
2026-05-06 01:00:00+00:00,75.20999908447266
2026-05-06 02:00:00+00:00,75.69000244140625
2026-05-06 03:00:00+00:00,75.98500061035156
2026-05-06 04:00:00+00:00,76.12000274658203
2026-05-06 05:00:00+00:00,76.43000030517578
2026-05-06 06:00:00+00:00,76.3949966430664
2026-05-06 07:00:00+00:00,76.83000183105469
2026-05-06 08:00:00+00:00,77.47000122070312
2026-05-06 09:00:00+00:00,77.73500061035156
2026-05-06 10:00:00+00:00,78.11000061035156
2026-05-06 11:00:00+00:00,77.38500213623047
2026-05-06 12:00:00+00:00,77.36000061035156
2026-05-06 13:00:00+00:00,77.83000183105469
2026-05-06 14:00:00+00:00,77.9800033569336
2026-05-06 15:00:00+00:00,77.54000091552734
2026-05-06 16:00:00+00:00,77.3499984741211
2026-05-06 17:00:00+00:00,77.625
2026-05-06 18:00:00+00:00,77.56500244140625
2026-05-06 19:00:00+00:00,77.94499969482422
2026-05-06 20:00:00+00:00,77.82499694824219
2026-05-06 22:00:00+00:00,77.88999938964844
2026-05-06 23:00:00+00:00,78.02999877929688
2026-05-07 00:00:00+00:00,77.6500015258789
2026-05-07 01:00:00+00:00,78.59500122070312
2026-05-07 02:00:00+00:00,78.38999938964844
2026-05-07 03:00:00+00:00,78.16000366210938
2026-05-07 04:00:00+00:00,78.20500183105469
2026-05-07 05:00:00+00:00,78.23999786376953
2026-05-07 06:00:00+00:00,79.33999633789062
2026-05-07 07:00:00+00:00,80.19999694824219
2026-05-07 08:00:00+00:00,80.12000274658203
2026-05-07 09:00:00+00:00,80.69999694824219
2026-05-07 10:00:00+00:00,80.82499694824219
2026-05-07 11:00:00+00:00,81.45999908447266
2026-05-07 12:00:00+00:00,82.00499725341797
2026-05-07 13:00:00+00:00,81.81500244140625
2026-05-07 14:00:00+00:00,82.55000305175781
2026-05-07 15:00:00+00:00,80.9749984741211
2026-05-07 16:00:00+00:00,80.41999816894531
2026-05-07 17:00:00+00:00,80.27999877929688
2026-05-07 18:00:00+00:00,79.75499725341797
2026-05-07 19:00:00+00:00,79.63500213623047
2026-05-07 20:00:00+00:00,78.91500091552734
2026-05-07 22:00:00+00:00,79.04000091552734
2026-05-07 23:00:00+00:00,79.74500274658203
2026-05-08 00:00:00+00:00,79.61000061035156
2026-05-08 01:00:00+00:00,80.47000122070312
2026-05-08 02:00:00+00:00,80.19499969482422
2026-05-08 03:00:00+00:00,80.41500091552734
2026-05-08 04:00:00+00:00,80.11000061035156
2026-05-08 05:00:00+00:00,80.97000122070312
2026-05-08 06:00:00+00:00,80.8499984741211
2026-05-08 07:00:00+00:00,80.42500305175781
2026-05-08 08:00:00+00:00,80.68499755859375
2026-05-08 09:00:00+00:00,80.73999786376953
2026-05-08 10:00:00+00:00,81.16500091552734
2026-05-08 11:00:00+00:00,81.29000091552734
2026-05-08 12:00:00+00:00,81.7300033569336
2026-05-08 13:00:00+00:00,82.07499694824219
2026-05-08 14:00:00+00:00,81.19000244140625
2026-05-08 15:00:00+00:00,80.4749984741211
2026-05-08 16:00:00+00:00,80.63500213623047
2026-05-08 17:00:00+00:00,80.91500091552734
2026-05-08 18:00:00+00:00,81.01499938964844
2026-05-08 19:00:00+00:00,81.19000244140625
2026-05-08 20:00:00+00:00,80.86499786376953
2026-05-10 22:00:00+00:00,80.44999694824219
2026-05-10 23:00:00+00:00,80.48999786376953
2026-05-11 00:00:00+00:00,80.55500030517578
2026-05-11 01:00:00+00:00,81.30000305175781
2026-05-11 02:00:00+00:00,81.5250015258789
2026-05-11 03:00:00+00:00,81.19999694824219
2026-05-11 04:00:00+00:00,80.83499908447266
2026-05-11 05:00:00+00:00,80.3949966430664
2026-05-11 06:00:00+00:00,81.16000366210938
2026-05-11 07:00:00+00:00,80.83499908447266
2026-05-11 08:00:00+00:00,80.81999969482422
2026-05-11 09:00:00+00:00,80.71499633789062
2026-05-11 10:00:00+00:00,80.96499633789062
2026-05-11 11:00:00+00:00,81.93000030517578
2026-05-11 12:00:00+00:00,84.43499755859375
2026-05-11 13:00:00+00:00,86.37000274658203
2026-05-11 14:00:00+00:00,85.69999694824219
2026-05-11 15:00:00+00:00,86.7249984741211
2026-05-11 16:00:00+00:00,85.94000244140625
2026-05-11 17:00:00+00:00,86.3949966430664
2026-05-11 18:00:00+00:00,86.55999755859375
2026-05-11 19:00:00+00:00,86.83499908447266
2026-05-11 20:00:00+00:00,86.80500030517578
2026-05-11 22:00:00+00:00,87.66000366210938
2026-05-11 23:00:00+00:00,87.93000030517578
2026-05-12 00:00:00+00:00,86.7699966430664
2026-05-12 01:00:00+00:00,86.69999694824219
2026-05-12 02:00:00+00:00,86.96499633789062
2026-05-12 03:00:00+00:00,86.76499938964844
2026-05-12 04:00:00+00:00,86.72000122070312
2026-05-12 05:00:00+00:00,86.20999908447266
2026-05-12 06:00:00+00:00,84.91000366210938
2026-05-12 07:00:00+00:00,85.16000366210938
2026-05-12 08:00:00+00:00,84.9749984741211
2026-05-12 09:00:00+00:00,84.69999694824219
2026-05-12 10:00:00+00:00,84.44499969482422
2026-05-12 11:00:00+00:00,84.87000274658203
2026-05-12 12:00:00+00:00,85.23500061035156
2026-05-12 13:00:00+00:00,85.17500305175781
2026-05-12 14:00:00+00:00,85.0199966430664
2026-05-12 15:00:00+00:00,84.7699966430664
2026-05-12 16:00:00+00:00,85.27999877929688
2026-05-12 17:00:00+00:00,85.72000122070312
2026-05-12 18:00:00+00:00,86.73500061035156
2026-05-12 19:00:00+00:00,87.375
2026-05-12 20:00:00+00:00,87.20500183105469
2026-05-12 22:00:00+00:00,87.46499633789062
2026-05-12 23:00:00+00:00,87.8949966430664
2026-05-13 00:00:00+00:00,87.94000244140625
2026-05-13 01:00:00+00:00,87.55500030517578
2026-05-13 02:00:00+00:00,86.90499877929688
2026-05-13 03:00:00+00:00,87.2750015258789
2026-05-13 04:00:00+00:00,87.125
2026-05-13 05:00:00+00:00,87.13500213623047
2026-05-13 06:00:00+00:00,87.34500122070312
2026-05-13 07:00:00+00:00,87.2300033569336
2026-05-13 08:00:00+00:00,87.18499755859375
2026-05-13 09:00:00+00:00,87.52999877929688
2026-05-13 10:00:00+00:00,87.3949966430664
2026-05-13 11:00:00+00:00,87.86499786376953
2026-05-13 12:00:00+00:00,87.09500122070312
2026-05-13 13:00:00+00:00,87.82499694824219
2026-05-13 14:00:00+00:00,88.59500122070312
2026-05-13 15:00:00+00:00,89.55500030517578
2026-05-13 16:00:00+00:00,89.36499786376953
2026-05-13 17:00:00+00:00,88.58999633789062
2026-05-13 18:00:00+00:00,88.2249984741211
2026-05-13 19:00:00+00:00,88.31500244140625
2026-05-13 20:00:00+00:00,88.15499877929688
2026-05-13 22:00:00+00:00,88.51499938964844
2026-05-13 23:00:00+00:00,88.41500091552734
2026-05-14 00:00:00+00:00,88.74500274658203
2026-05-14 01:00:00+00:00,87.90499877929688
2026-05-14 02:00:00+00:00,87.62999725341797
2026-05-14 03:00:00+00:00,87.0250015258789
2026-05-14 04:00:00+00:00,87.5
2026-05-14 05:00:00+00:00,87.51000213623047
2026-05-14 06:00:00+00:00,87.76000213623047
2026-05-14 07:00:00+00:00,87.58499908447266
2026-05-14 08:00:00+00:00,87.58000183105469
2026-05-14 09:00:00+00:00,87.7300033569336
2026-05-14 10:00:00+00:00,87.70999908447266
2026-05-14 11:00:00+00:00,87.29000091552734
2026-05-14 12:00:00+00:00,87.125
2026-05-14 13:00:00+00:00,84.48500061035156
2026-05-14 14:00:00+00:00,85.0199966430664
2026-05-14 15:00:00+00:00,85.43499755859375
2026-05-14 16:00:00+00:00,85.28500366210938
2026-05-14 17:00:00+00:00,85.33499908447266
2026-05-14 18:00:00+00:00,85.02999877929688
2026-05-14 19:00:00+00:00,84.04499816894531
2026-05-14 20:00:00+00:00,84.01000213623047
2026-05-14 22:00:00+00:00,84.28500366210938
2026-05-14 23:00:00+00:00,83.98500061035156
2026-05-15 00:00:00+00:00,82.94999694824219
2026-05-15 01:00:00+00:00,81.21499633789062
2026-05-15 02:00:00+00:00,81.81999969482422
2026-05-15 03:00:00+00:00,81.81999969482422
2026-05-15 04:00:00+00:00,81.3949966430664
2026-05-15 05:00:00+00:00,78.3550033569336
2026-05-15 06:00:00+00:00,78.76499938964844
2026-05-15 07:00:00+00:00,79.36000061035156
2026-05-15 08:00:00+00:00,78.57499694824219
2026-05-15 09:00:00+00:00,77.8550033569336
2026-05-15 10:00:00+00:00,79.33999633789062
2026-05-15 11:00:00+00:00,78.79000091552734
2026-05-15 12:00:00+00:00,77.6449966430664
2026-05-15 13:00:00+00:00,76.83000183105469
2026-05-15 14:00:00+00:00,77.25499725341797
2026-05-15 15:00:00+00:00,76.5999984741211
2026-05-15 16:00:00+00:00,76.69000244140625
2026-05-15 17:00:00+00:00,77.51499938964844
2026-05-15 18:00:00+00:00,77.31999969482422
2026-05-15 19:00:00+00:00,76.68000030517578
2026-05-15 20:00:00+00:00,77.5469970703125
2026-05-17 22:00:00+00:00,77.0999984741211
2026-05-17 23:00:00+00:00,76.95500183105469
2026-05-18 00:00:00+00:00,75.7249984741211
2026-05-18 01:00:00+00:00,75.19000244140625
2026-05-18 02:00:00+00:00,75.2750015258789
2026-05-18 03:00:00+00:00,75.55500030517578
2026-05-18 04:00:00+00:00,75.69999694824219
2026-05-18 05:00:00+00:00,75.20999908447266
2026-05-18 06:00:00+00:00,76.49500274658203
2026-05-18 07:00:00+00:00,76.29499816894531
2026-05-18 08:00:00+00:00,76.5199966430664
2026-05-18 09:00:00+00:00,76.16000366210938
2026-05-18 10:00:00+00:00,76.08000183105469
2026-05-18 11:00:00+00:00,76.76499938964844
2026-05-18 12:00:00+00:00,77.875
2026-05-18 13:00:00+00:00,78.25499725341797
2026-05-18 14:00:00+00:00,77.04499816894531
2026-05-18 15:00:00+00:00,77.2300033569336
2026-05-18 16:00:00+00:00,77.30999755859375
2026-05-18 17:00:00+00:00,77.34500122070312
2026-05-18 18:00:00+00:00,76.91000366210938
2026-05-18 19:00:00+00:00,77.74500274658203
2026-05-18 20:00:00+00:00,78.12000274658203
2026-05-18 22:00:00+00:00,78.6449966430664
2026-05-18 23:00:00+00:00,79.18000030517578
2026-05-19 00:00:00+00:00,78.0
2026-05-19 01:00:00+00:00,77.58499908447266
2026-05-19 02:00:00+00:00,76.78500366210938
2026-05-19 03:00:00+00:00,76.6500015258789
2026-05-19 04:00:00+00:00,76.6500015258789
2026-05-19 05:00:00+00:00,76.68499755859375
2026-05-19 06:00:00+00:00,76.69499969482422
2026-05-19 07:00:00+00:00,76.87000274658203
2026-05-19 08:00:00+00:00,76.38999938964844
2026-05-19 09:00:00+00:00,76.18000030517578
2026-05-19 10:00:00+00:00,76.44999694824219
2026-05-19 11:00:00+00:00,76.12000274658203
2026-05-19 12:00:00+00:00,76.4000015258789
2026-05-19 13:00:00+00:00,74.70999908447266
2026-05-19 14:00:00+00:00,74.38999938964844
2026-05-19 15:00:00+00:00,74.80999755859375
2026-05-19 16:00:00+00:00,74.99500274658203
2026-05-19 17:00:00+00:00,74.82499694824219
2026-05-19 18:00:00+00:00,74.48500061035156
2026-05-19 19:00:00+00:00,74.24500274658203
2026-05-19 20:00:00+00:00,73.97000122070312
2026-05-19 22:00:00+00:00,74.31999969482422
2026-05-19 23:00:00+00:00,74.49500274658203
2026-05-20 00:00:00+00:00,74.93000030517578
2026-05-20 01:00:00+00:00,74.54000091552734
2026-05-20 02:00:00+00:00,73.7300033569336
2026-05-20 03:00:00+00:00,73.84500122070312
2026-05-20 04:00:00+00:00,73.80999755859375
2026-05-20 05:00:00+00:00,74.55000305175781
2026-05-20 06:00:00+00:00,75.51499938964844
2026-05-20 07:00:00+00:00,75.26000213623047
2026-05-20 08:00:00+00:00,75.69000244140625
2026-05-20 09:00:00+00:00,75.75
2026-05-20 10:00:00+00:00,76.01499938964844
2026-05-20 11:00:00+00:00,76.08000183105469
2026-05-20 12:00:00+00:00,75.81999969482422
2026-05-20 13:00:00+00:00,75.16000366210938
2026-05-20 14:00:00+00:00,76.43499755859375
2026-05-20 15:00:00+00:00,76.08499908447266
2026-05-20 16:00:00+00:00,76.27999877929688
2026-05-20 17:00:00+00:00,76.16500091552734
2026-05-20 18:00:00+00:00,76.54000091552734
2026-05-20 19:00:00+00:00,76.30000305175781
2026-05-20 20:00:00+00:00,76.20500183105469
2026-05-20 22:00:00+00:00,76.04000091552734
2026-05-20 23:00:00+00:00,76.25
2026-05-21 00:00:00+00:00,76.40499877929688
2026-05-21 01:00:00+00:00,76.68499755859375
2026-05-21 02:00:00+00:00,75.70999908447266
2026-05-21 03:00:00+00:00,75.71499633789062
2026-05-21 04:00:00+00:00,76.08999633789062
2026-05-21 05:00:00+00:00,75.78500366210938
2026-05-21 06:00:00+00:00,75.18000030517578
2026-05-21 07:00:00+00:00,75.08499908447266
2026-05-21 08:00:00+00:00,75.83999633789062
2026-05-21 09:00:00+00:00,75.74500274658203
2026-05-21 10:00:00+00:00,75.0199966430664
2026-05-21 11:00:00+00:00,75.27999877929688
2026-05-21 12:00:00+00:00,75.01499938964844
2026-05-21 13:00:00+00:00,75.74500274658203
2026-05-21 14:00:00+00:00,75.44999694824219
2026-05-21 15:00:00+00:00,75.88500213623047
2026-05-21 16:00:00+00:00,76.34500122070312
2026-05-21 17:00:00+00:00,77.13500213623047
2026-05-21 18:00:00+00:00,76.63500213623047
2026-05-21 19:00:00+00:00,77.09500122070312
2026-05-21 20:00:00+00:00,77.01499938964844
2026-05-21 22:00:00+00:00,77.0999984741211
2026-05-21 23:00:00+00:00,76.98500061035156
2026-05-22 00:00:00+00:00,76.54499816894531
2026-05-22 01:00:00+00:00,76.74500274658203
2026-05-22 02:00:00+00:00,76.63500213623047
2026-05-22 03:00:00+00:00,76.74500274658203
2026-05-22 04:00:00+00:00,76.88500213623047
2026-05-22 05:00:00+00:00,76.19000244140625
2026-05-22 06:00:00+00:00,76.625
2026-05-22 07:00:00+00:00,76.34500122070312
2026-05-22 08:00:00+00:00,76.25
2026-05-22 09:00:00+00:00,76.36499786376953
2026-05-22 10:00:00+00:00,76.16000366210938
2026-05-22 11:00:00+00:00,76.12999725341797
2026-05-22 12:00:00+00:00,76.5
2026-05-22 13:00:00+00:00,76.33499908447266
2026-05-22 14:00:00+00:00,75.58000183105469
2026-05-22 15:00:00+00:00,76.33000183105469
2026-05-22 16:00:00+00:00,76.23500061035156
2026-05-22 17:00:00+00:00,76.31500244140625
2026-05-22 18:00:00+00:00,76.2750015258789
2026-05-22 19:00:00+00:00,75.95999908447266
2026-05-22 20:00:00+00:00,76.1989974975586
2026-05-26 04:00:00+00:00,76.70500183105469
2026-05-26 05:00:00+00:00,76.7750015258789
2026-05-26 06:00:00+00:00,76.84500122070312
2026-05-26 07:00:00+00:00,76.69499969482422
2026-05-26 08:00:00+00:00,76.34500122070312
2026-05-26 09:00:00+00:00,76.25
2026-05-26 10:00:00+00:00,76.66500091552734
2026-05-26 11:00:00+00:00,76.29000091552734
2026-05-26 12:00:00+00:00,76.53500366210938
2026-05-26 13:00:00+00:00,76.33499908447266
2026-05-26 14:00:00+00:00,76.62000274658203
2026-05-26 15:00:00+00:00,76.26000213623047
2026-05-26 16:00:00+00:00,76.44999694824219
2026-05-26 17:00:00+00:00,76.2750015258789
2026-05-26 18:00:00+00:00,76.7699966430664
2026-05-26 19:00:00+00:00,77.3499984741211
2026-05-26 20:00:00+00:00,77.2699966430664
2026-05-26 22:00:00+00:00,77.58499908447266
2026-05-26 23:00:00+00:00,77.69000244140625
2026-05-27 00:00:00+00:00,77.5250015258789
2026-05-27 01:00:00+00:00,77.125
2026-05-27 02:00:00+00:00,77.1500015258789
2026-05-27 03:00:00+00:00,76.93000030517578
2026-05-27 04:00:00+00:00,77.16500091552734
2026-05-27 05:00:00+00:00,75.94000244140625
2026-05-27 06:00:00+00:00,75.43000030517578
2026-05-27 07:00:00+00:00,75.2699966430664
2026-05-27 08:00:00+00:00,75.76000213623047
2026-05-27 09:00:00+00:00,75.75499725341797
2026-05-27 10:00:00+00:00,74.56999969482422
2026-05-27 11:00:00+00:00,74.05999755859375
2026-05-27 12:00:00+00:00,74.625
2026-05-27 13:00:00+00:00,74.77999877929688
2026-05-27 14:00:00+00:00,74.57499694824219
2026-05-27 15:00:00+00:00,74.7699966430664
2026-05-27 16:00:00+00:00,74.98500061035156
2026-05-27 17:00:00+00:00,74.73500061035156
2026-05-27 18:00:00+00:00,75.05500030517578
2026-05-27 19:00:00+00:00,74.9000015258789
2026-05-27 20:00:00+00:00,74.88500213623047
2026-05-27 22:00:00+00:00,74.8949966430664
2026-05-27 23:00:00+00:00,74.75
2026-05-28 00:00:00+00:00,75.16999816894531
2026-05-28 01:00:00+00:00,73.37999725341797
2026-05-28 02:00:00+00:00,73.28500366210938
2026-05-28 03:00:00+00:00,72.5199966430664
2026-05-28 04:00:00+00:00,72.2249984741211
2026-05-28 05:00:00+00:00,73.31999969482422
2026-05-28 06:00:00+00:00,73.3949966430664
2026-05-28 07:00:00+00:00,73.72000122070312
2026-05-28 08:00:00+00:00,73.45999908447266
2026-05-28 09:00:00+00:00,73.77999877929688
2026-05-28 10:00:00+00:00,73.2750015258789
2026-05-28 11:00:00+00:00,73.25499725341797
2026-05-28 12:00:00+00:00,74.41500091552734
2026-05-28 13:00:00+00:00,73.61000061035156
2026-05-28 14:00:00+00:00,74.875
2026-05-28 15:00:00+00:00,75.34500122070312
2026-05-28 16:00:00+00:00,76.05999755859375
2026-05-28 17:00:00+00:00,76.18000030517578
2026-05-28 18:00:00+00:00,75.93000030517578
2026-05-28 19:00:00+00:00,75.8499984741211
2026-05-28 20:00:00+00:00,75.91500091552734
2026-05-28 22:00:00+00:00,75.8550033569336
2026-05-28 23:00:00+00:00,75.96499633789062
2026-05-29 00:00:00+00:00,75.91500091552734
2026-05-29 01:00:00+00:00,76.27999877929688
2026-05-29 02:00:00+00:00,76.0250015258789
2026-05-29 03:00:00+00:00,75.74500274658203
2026-05-29 04:00:00+00:00,76.20500183105469
2026-05-29 05:00:00+00:00,75.87000274658203
2026-05-29 06:00:00+00:00,76.12999725341797
2026-05-29 07:00:00+00:00,75.84500122070312
2026-05-29 08:00:00+00:00,75.33499908447266
2026-05-29 09:00:00+00:00,75.8499984741211
2026-05-29 10:00:00+00:00,76.0250015258789
2026-05-29 11:00:00+00:00,76.0
2026-05-29 12:00:00+00:00,75.91999816894531
2026-05-29 13:00:00+00:00,75.68000030517578
2026-05-29 14:00:00+00:00,75.91000366210938
2026-05-29 15:00:00+00:00,76.01499938964844
2026-05-29 16:00:00+00:00,76.125
2026-05-29 17:00:00+00:00,75.68499755859375
2026-05-29 18:00:00+00:00,75.76499938964844
2026-05-29 19:00:00+00:00,75.83499908447266
2026-05-29 20:00:00+00:00,75.875
2026-05-31 22:00:00+00:00,75.3499984741211
2026-05-31 23:00:00+00:00,75.9000015258789
2026-06-01 00:00:00+00:00,75.86000061035156
2026-06-01 01:00:00+00:00,75.86000061035156
2026-06-01 02:00:00+00:00,75.87000274658203
2026-06-01 03:00:00+00:00,75.62999725341797
2026-06-01 04:00:00+00:00,75.83000183105469
2026-06-01 05:00:00+00:00,76.09500122070312
2026-06-01 06:00:00+00:00,75.68000030517578
2026-06-01 07:00:00+00:00,76.05999755859375
2026-06-01 08:00:00+00:00,75.96499633789062
2026-06-01 09:00:00+00:00,75.94000244140625
2026-06-01 10:00:00+00:00,75.9800033569336
2026-06-01 11:00:00+00:00,76.00499725341797
2026-06-01 12:00:00+00:00,76.09500122070312
2026-06-01 13:00:00+00:00,74.19499969482422
2026-06-01 14:00:00+00:00,74.55999755859375
2026-06-01 15:00:00+00:00,75.17500305175781
2026-06-01 16:00:00+00:00,75.26000213623047
2026-06-01 17:00:00+00:00,75.63500213623047
2026-06-01 18:00:00+00:00,75.5250015258789
2026-06-01 19:00:00+00:00,75.11499786376953
2026-06-01 20:00:00+00:00,75.1500015258789
2026-06-01 22:00:00+00:00,75.2300033569336
2026-06-01 23:00:00+00:00,75.30999755859375
2026-06-02 00:00:00+00:00,75.20500183105469
2026-06-02 01:00:00+00:00,75.13500213623047
2026-06-02 02:00:00+00:00,75.61000061035156
2026-06-02 03:00:00+00:00,75.5250015258789
2026-06-02 04:00:00+00:00,76.08499908447266
2026-06-02 05:00:00+00:00,76.7249984741211
2026-06-02 06:00:00+00:00,77.09500122070312
2026-06-02 07:00:00+00:00,77.26000213623047
2026-06-02 08:00:00+00:00,76.76499938964844
2026-06-02 09:00:00+00:00,76.5999984741211
2026-06-02 10:00:00+00:00,76.72000122070312
2026-06-02 11:00:00+00:00,76.62000274658203
2026-06-02 12:00:00+00:00,76.4000015258789
2026-06-02 13:00:00+00:00,76.17500305175781
2026-06-02 14:00:00+00:00,76.03500366210938
2026-06-02 15:00:00+00:00,76.09500122070312
2026-06-02 16:00:00+00:00,75.7300033569336
2026-06-02 17:00:00+00:00,75.4000015258789
2026-06-02 18:00:00+00:00,75.4800033569336
2026-06-02 19:00:00+00:00,75.45500183105469
2026-06-02 20:00:00+00:00,75.44000244140625
2026-06-02 22:00:00+00:00,75.2300033569336
2026-06-02 23:00:00+00:00,75.1050033569336
2026-06-03 00:00:00+00:00,75.42500305175781
2026-06-03 01:00:00+00:00,75.0
2026-06-03 02:00:00+00:00,75.22000122070312
2026-06-03 03:00:00+00:00,75.42500305175781
2026-06-03 04:00:00+00:00,74.94499969482422
2026-06-03 05:00:00+00:00,74.66000366210938
2026-06-03 06:00:00+00:00,74.62000274658203
2026-06-03 07:00:00+00:00,74.33000183105469
2026-06-03 08:00:00+00:00,74.36499786376953
2026-06-03 09:00:00+00:00,74.2249984741211
2026-06-03 10:00:00+00:00,74.61000061035156
2026-06-03 11:00:00+00:00,74.79000091552734
2026-06-03 12:00:00+00:00,74.47000122070312
2026-06-03 13:00:00+00:00,74.04499816894531
2026-06-03 14:00:00+00:00,74.17500305175781
2026-06-03 15:00:00+00:00,73.6449966430664
2026-06-03 16:00:00+00:00,73.65499877929688
2026-06-03 17:00:00+00:00,73.48999786376953
2026-06-03 18:00:00+00:00,73.4800033569336
2026-06-03 19:00:00+00:00,73.43499755859375
2026-06-03 20:00:00+00:00,72.9800033569336
2026-06-03 22:00:00+00:00,73.36000061035156
2026-06-03 23:00:00+00:00,73.4000015258789
2026-06-04 00:00:00+00:00,73.46499633789062
2026-06-04 01:00:00+00:00,73.2750015258789
2026-06-04 02:00:00+00:00,73.80000305175781
2026-06-04 03:00:00+00:00,73.6500015258789
2026-06-04 04:00:00+00:00,73.91999816894531
2026-06-04 05:00:00+00:00,73.40499877929688
2026-06-04 06:00:00+00:00,73.37999725341797
2026-06-04 07:00:00+00:00,73.43000030517578
2026-06-04 08:00:00+00:00,73.47000122070312
2026-06-04 09:00:00+00:00,73.70500183105469
2026-06-04 10:00:00+00:00,73.67500305175781
2026-06-04 11:00:00+00:00,74.8949966430664
2026-06-04 12:00:00+00:00,74.7699966430664
2026-06-04 13:00:00+00:00,74.55999755859375
2026-06-04 14:00:00+00:00,73.73500061035156
2026-06-04 15:00:00+00:00,74.08000183105469
2026-06-04 16:00:00+00:00,74.08499908447266
2026-06-04 17:00:00+00:00,74.16500091552734
2026-06-04 18:00:00+00:00,74.23500061035156
2026-06-04 19:00:00+00:00,74.31500244140625
2026-06-04 20:00:00+00:00,74.125
2026-06-04 22:00:00+00:00,74.12999725341797
2026-06-04 23:00:00+00:00,74.05000305175781
2026-06-05 00:00:00+00:00,73.55000305175781
2026-06-05 01:00:00+00:00,72.83499908447266
2026-06-05 02:00:00+00:00,72.7750015258789
2026-06-05 03:00:00+00:00,72.8949966430664
2026-06-05 04:00:00+00:00,73.0
2026-06-05 05:00:00+00:00,72.45500183105469
2026-06-05 06:00:00+00:00,72.76000213623047
2026-06-05 07:00:00+00:00,72.7699966430664
2026-06-05 08:00:00+00:00,72.76000213623047
2026-06-05 09:00:00+00:00,72.94499969482422
2026-06-05 10:00:00+00:00,73.03500366210938
2026-06-05 11:00:00+00:00,73.16999816894531
2026-06-05 12:00:00+00:00,71.6449966430664
2026-06-05 13:00:00+00:00,69.77999877929688
2026-06-05 14:00:00+00:00,69.58499908447266
2026-06-05 15:00:00+00:00,68.88999938964844
2026-06-05 16:00:00+00:00,69.3499984741211
2026-06-05 17:00:00+00:00,69.04000091552734
2026-06-05 18:00:00+00:00,68.44000244140625
2026-06-05 19:00:00+00:00,68.16000366210938
2026-06-05 20:00:00+00:00,69.10299682617188
2026-06-07 22:00:00+00:00,67.41999816894531
2026-06-07 23:00:00+00:00,68.30500030517578
2026-06-08 00:00:00+00:00,68.44000244140625
2026-06-08 01:00:00+00:00,67.95500183105469
2026-06-08 02:00:00+00:00,67.61499786376953
2026-06-08 03:00:00+00:00,67.92500305175781
2026-06-08 04:00:00+00:00,67.9000015258789
2026-06-08 05:00:00+00:00,66.76000213623047
2026-06-08 06:00:00+00:00,67.25499725341797
2026-06-08 07:00:00+00:00,67.08000183105469
2026-06-08 08:00:00+00:00,67.17500305175781
2026-06-08 09:00:00+00:00,67.20500183105469
2026-06-08 10:00:00+00:00,67.30500030517578
2026-06-08 11:00:00+00:00,68.5999984741211
2026-06-08 12:00:00+00:00,69.01499938964844
2026-06-08 13:00:00+00:00,68.08499908447266
2026-06-08 14:00:00+00:00,68.56500244140625
2026-06-08 15:00:00+00:00,68.81500244140625
2026-06-08 16:00:00+00:00,68.76000213623047
2026-06-08 17:00:00+00:00,68.57499694824219
2026-06-08 18:00:00+00:00,68.44000244140625
2026-06-08 19:00:00+00:00,68.23999786376953
2026-06-08 20:00:00+00:00,68.32499694824219
2026-06-08 22:00:00+00:00,68.30000305175781
2026-06-08 23:00:00+00:00,67.99500274658203
2026-06-09 00:00:00+00:00,67.8550033569336
2026-06-09 01:00:00+00:00,68.18000030517578
2026-06-09 02:00:00+00:00,67.76000213623047
2026-06-09 03:00:00+00:00,68.08499908447266
2026-06-09 04:00:00+00:00,67.99500274658203
2026-06-09 05:00:00+00:00,68.48999786376953
2026-06-09 06:00:00+00:00,68.46499633789062
2026-06-09 07:00:00+00:00,68.4800033569336
2026-06-09 08:00:00+00:00,68.53500366210938
2026-06-09 09:00:00+00:00,68.50499725341797
2026-06-09 10:00:00+00:00,68.7249984741211
2026-06-09 11:00:00+00:00,68.69000244140625
2026-06-09 12:00:00+00:00,68.77999877929688
2026-06-09 13:00:00+00:00,68.1449966430664
2026-06-09 14:00:00+00:00,66.17500305175781
2026-06-09 15:00:00+00:00,65.38999938964844
2026-06-09 16:00:00+00:00,65.00499725341797
2026-06-09 17:00:00+00:00,65.2249984741211
2026-06-09 18:00:00+00:00,65.80999755859375
2026-06-09 19:00:00+00:00,65.3550033569336
2026-06-09 20:00:00+00:00,65.45999908447266
2026-06-09 22:00:00+00:00,65.04000091552734
2026-06-09 23:00:00+00:00,65.02999877929688
2026-06-10 00:00:00+00:00,64.76000213623047
2026-06-10 01:00:00+00:00,64.75
2026-06-10 02:00:00+00:00,63.915000915527344
2026-06-10 03:00:00+00:00,64.23999786376953
2026-06-10 04:00:00+00:00,63.650001525878906
2026-06-10 05:00:00+00:00,64.66500091552734
2026-06-10 06:00:00+00:00,65.05500030517578
2026-06-10 07:00:00+00:00,64.4800033569336
2026-06-10 08:00:00+00:00,63.915000915527344
2026-06-10 09:00:00+00:00,64.09500122070312
2026-06-10 10:00:00+00:00,64.53500366210938
2026-06-10 11:00:00+00:00,63.89500045776367
2026-06-10 12:00:00+00:00,64.4000015258789
2026-06-10 13:00:00+00:00,65.73500061035156
2026-06-10 14:00:00+00:00,64.6449966430664
2026-06-10 15:00:00+00:00,65.03500366210938
2026-06-10 16:00:00+00:00,65.05999755859375
2026-06-10 17:00:00+00:00,64.9800033569336
2026-06-10 18:00:00+00:00,64.75
2026-06-10 19:00:00+00:00,63.8849983215332
2026-06-10 20:00:00+00:00,63.5
2026-06-10 22:00:00+00:00,62.76499938964844
2026-06-10 23:00:00+00:00,62.4900016784668
2026-06-11 00:00:00+00:00,63.720001220703125
2026-06-11 01:00:00+00:00,64.19999694824219
2026-06-11 02:00:00+00:00,63.40999984741211
2026-06-11 03:00:00+00:00,63.70500183105469
2026-06-11 04:00:00+00:00,64.08499908447266
2026-06-11 05:00:00+00:00,64.05500030517578
2026-06-11 06:00:00+00:00,64.20500183105469
2026-06-11 07:00:00+00:00,64.54499816894531
2026-06-11 08:00:00+00:00,64.42500305175781
2026-06-11 09:00:00+00:00,64.16000366210938
2026-06-11 10:00:00+00:00,64.05000305175781
2026-06-11 11:00:00+00:00,63.89500045776367
2026-06-11 12:00:00+00:00,63.540000915527344
2026-06-11 13:00:00+00:00,64.16000366210938
2026-06-11 14:00:00+00:00,64.06500244140625
2026-06-11 15:00:00+00:00,64.125
2026-06-11 16:00:00+00:00,63.95000076293945
2026-06-11 17:00:00+00:00,66.0
2026-06-11 18:00:00+00:00,66.2300033569336
2026-06-11 19:00:00+00:00,67.375
2026-06-11 20:00:00+00:00,67.48999786376953
2026-06-11 22:00:00+00:00,67.94999694824219
2026-06-11 23:00:00+00:00,67.56500244140625
2026-06-12 00:00:00+00:00,67.44499969482422
2026-06-12 01:00:00+00:00,67.00499725341797
2026-06-12 02:00:00+00:00,67.19999694824219
2026-06-12 03:00:00+00:00,67.27999877929688
2026-06-12 04:00:00+00:00,67.01499938964844
2026-06-12 05:00:00+00:00,66.6449966430664
2026-06-12 06:00:00+00:00,66.75
2026-06-12 07:00:00+00:00,66.45999908447266
2026-06-12 08:00:00+00:00,67.01499938964844
2026-06-12 09:00:00+00:00,67.33999633789062
2026-06-12 10:00:00+00:00,67.11499786376953
2026-06-12 11:00:00+00:00,67.2750015258789
2026-06-12 12:00:00+00:00,66.56999969482422
2026-06-12 13:00:00+00:00,66.3499984741211
2026-06-12 14:00:00+00:00,67.16000366210938
2026-06-12 15:00:00+00:00,67.59500122070312
2026-06-12 16:00:00+00:00,67.83999633789062
2026-06-12 17:00:00+00:00,68.13500213623047
2026-06-12 18:00:00+00:00,68.00499725341797
2026-06-12 19:00:00+00:00,67.875
2026-06-12 20:00:00+00:00,67.9739990234375
2026-06-14 22:00:00+00:00,70.16000366210938
2026-06-14 23:00:00+00:00,70.3949966430664
2026-06-15 00:00:00+00:00,70.13999938964844
2026-06-15 01:00:00+00:00,70.31999969482422
2026-06-15 02:00:00+00:00,70.68000030517578
2026-06-15 03:00:00+00:00,70.41999816894531
2026-06-15 04:00:00+00:00,70.56500244140625
2026-06-15 05:00:00+00:00,70.06999969482422
2026-06-15 06:00:00+00:00,70.17500305175781
2026-06-15 07:00:00+00:00,70.30500030517578
2026-06-15 08:00:00+00:00,70.55000305175781
2026-06-15 09:00:00+00:00,70.77999877929688
2026-06-15 10:00:00+00:00,70.7750015258789
2026-06-15 11:00:00+00:00,70.83499908447266
2026-06-15 12:00:00+00:00,71.26000213623047
2026-06-15 13:00:00+00:00,71.1050033569336
2026-06-15 14:00:00+00:00,70.77999877929688
2026-06-15 15:00:00+00:00,70.74500274658203
2026-06-15 16:00:00+00:00,70.38500213623047
2026-06-15 17:00:00+00:00,70.18000030517578
2026-06-15 18:00:00+00:00,70.23500061035156
2026-06-15 19:00:00+00:00,70.26499938964844
2026-06-15 20:00:00+00:00,70.05999755859375
2026-06-15 22:00:00+00:00,69.99500274658203
2026-06-15 23:00:00+00:00,69.98999786376953
2026-06-16 00:00:00+00:00,69.94499969482422
2026-06-16 01:00:00+00:00,69.3949966430664
2026-06-16 02:00:00+00:00,69.58999633789062
2026-06-16 03:00:00+00:00,69.8949966430664
2026-06-16 04:00:00+00:00,69.76499938964844
2026-06-16 05:00:00+00:00,69.34500122070312
2026-06-16 06:00:00+00:00,69.79499816894531
2026-06-16 07:00:00+00:00,70.20500183105469
2026-06-16 08:00:00+00:00,70.63999938964844
2026-06-16 09:00:00+00:00,70.51000213623047
2026-06-16 10:00:00+00:00,70.625
2026-06-16 11:00:00+00:00,70.66500091552734
2026-06-16 12:00:00+00:00,71.25
2026-06-16 13:00:00+00:00,70.29000091552734
2026-06-16 14:00:00+00:00,69.87000274658203
2026-06-16 15:00:00+00:00,70.13500213623047
2026-06-16 16:00:00+00:00,70.16000366210938
2026-06-16 17:00:00+00:00,70.33999633789062
2026-06-16 18:00:00+00:00,70.41500091552734
2026-06-16 19:00:00+00:00,70.20500183105469
2026-06-16 20:00:00+00:00,70.125
2026-06-16 22:00:00+00:00,70.22000122070312
2026-06-16 23:00:00+00:00,69.94499969482422
2026-06-17 00:00:00+00:00,70.2750015258789
2026-06-17 01:00:00+00:00,70.55000305175781
2026-06-17 02:00:00+00:00,70.26499938964844
2026-06-17 03:00:00+00:00,70.22000122070312
2026-06-17 04:00:00+00:00,70.17500305175781
2026-06-17 05:00:00+00:00,70.44499969482422
2026-06-17 06:00:00+00:00,70.41999816894531
2026-06-17 07:00:00+00:00,70.04499816894531
2026-06-17 08:00:00+00:00,69.81500244140625
2026-06-17 09:00:00+00:00,70.01000213623047
2026-06-17 10:00:00+00:00,70.04000091552734
2026-06-17 11:00:00+00:00,69.82499694824219
2026-06-17 12:00:00+00:00,70.03500366210938
2026-06-17 13:00:00+00:00,70.2249984741211
2026-06-17 14:00:00+00:00,70.37999725341797
2026-06-17 15:00:00+00:00,70.79499816894531
2026-06-17 16:00:00+00:00,70.68000030517578
2026-06-17 17:00:00+00:00,71.40499877929688
2026-06-17 18:00:00+00:00,69.19999694824219
2026-06-17 19:00:00+00:00,67.0999984741211
2026-06-17 20:00:00+00:00,67.95999908447266
2026-06-17 22:00:00+00:00,68.04000091552734
2026-06-17 23:00:00+00:00,68.44999694824219
2026-06-18 00:00:00+00:00,69.23500061035156
2026-06-18 01:00:00+00:00,69.45999908447266
2026-06-18 02:00:00+00:00,68.91000366210938
2026-06-18 03:00:00+00:00,69.27999877929688
2026-06-18 04:00:00+00:00,69.05500030517578
2026-06-18 05:00:00+00:00,68.875
2026-06-18 06:00:00+00:00,68.93499755859375
2026-06-18 07:00:00+00:00,68.5250015258789
2026-06-18 08:00:00+00:00,68.12000274658203
2026-06-18 09:00:00+00:00,68.48999786376953
2026-06-18 10:00:00+00:00,67.83499908447266
2026-06-18 11:00:00+00:00,66.875
2026-06-18 12:00:00+00:00,66.55500030517578
2026-06-18 13:00:00+00:00,67.0199966430664
2026-06-18 14:00:00+00:00,66.58000183105469
2026-06-18 15:00:00+00:00,66.17500305175781
2026-06-18 16:00:00+00:00,66.20500183105469
2026-06-18 17:00:00+00:00,66.2249984741211
2026-06-18 18:00:00+00:00,65.95500183105469
2026-06-18 19:00:00+00:00,65.86499786376953
2026-06-18 20:00:00+00:00,65.7750015258789
2026-06-18 22:00:00+00:00,65.74500274658203
2026-06-18 23:00:00+00:00,65.33999633789062
2026-06-19 00:00:00+00:00,65.41500091552734
2026-06-19 01:00:00+00:00,65.08000183105469
2026-06-19 02:00:00+00:00,64.66000366210938
2026-06-19 03:00:00+00:00,64.08999633789062
2026-06-21 22:00:00+00:00,64.86499786376953
2026-06-21 23:00:00+00:00,64.48500061035156
2026-06-22 00:00:00+00:00,66.38500213623047
2026-06-22 01:00:00+00:00,65.97000122070312
2026-06-22 02:00:00+00:00,65.7699966430664
2026-06-22 03:00:00+00:00,65.5999984741211
2026-06-22 04:00:00+00:00,65.61499786376953
2026-06-22 05:00:00+00:00,66.44999694824219
2026-06-22 06:00:00+00:00,66.66000366210938
2026-06-22 07:00:00+00:00,66.2750015258789
2026-06-22 08:00:00+00:00,66.28500366210938
2026-06-22 09:00:00+00:00,66.4749984741211
2026-06-22 10:00:00+00:00,66.4749984741211
2026-06-22 11:00:00+00:00,66.55500030517578
2026-06-22 12:00:00+00:00,66.31999969482422
2026-06-22 13:00:00+00:00,66.6050033569336
2026-06-22 14:00:00+00:00,66.13999938964844
2026-06-22 15:00:00+00:00,65.55000305175781
2026-06-22 16:00:00+00:00,65.70500183105469
2026-06-22 17:00:00+00:00,65.33999633789062
2026-06-22 18:00:00+00:00,65.5250015258789
2026-06-22 19:00:00+00:00,65.26000213623047
2026-06-22 20:00:00+00:00,64.91000366210938
2026-06-22 22:00:00+00:00,65.12000274658203
2026-06-22 23:00:00+00:00,65.01000213623047
2026-06-23 00:00:00+00:00,65.0199966430664
2026-06-23 01:00:00+00:00,64.16500091552734
2026-06-23 02:00:00+00:00,63.35499954223633
2026-06-23 03:00:00+00:00,63.2400016784668
2026-06-23 04:00:00+00:00,62.599998474121094
2026-06-23 05:00:00+00:00,62.595001220703125
2026-06-23 06:00:00+00:00,62.26499938964844
2026-06-23 07:00:00+00:00,61.94499969482422
2026-06-23 08:00:00+00:00,62.125
2026-06-23 09:00:00+00:00,62.560001373291016
2026-06-23 10:00:00+00:00,62.29499816894531
2026-06-23 11:00:00+00:00,62.130001068115234
2026-06-23 12:00:00+00:00,61.96500015258789
2026-06-23 13:00:00+00:00,62.439998626708984
2026-06-23 14:00:00+00:00,62.09000015258789
2026-06-23 15:00:00+00:00,62.32500076293945
2026-06-23 16:00:00+00:00,62.10499954223633
2026-06-23 17:00:00+00:00,61.85499954223633
2026-06-23 18:00:00+00:00,61.5099983215332
2026-06-23 19:00:00+00:00,61.63999938964844
2026-06-23 20:00:00+00:00,61.630001068115234
2026-06-23 22:00:00+00:00,61.505001068115234
2026-06-23 23:00:00+00:00,61.68000030517578
2026-06-24 00:00:00+00:00,61.54499816894531
2026-06-24 01:00:00+00:00,61.77000045776367
2026-06-24 02:00:00+00:00,61.20000076293945
2026-06-24 03:00:00+00:00,61.404998779296875
2026-06-24 04:00:00+00:00,61.18000030517578
2026-06-24 05:00:00+00:00,61.70000076293945
2026-06-24 06:00:00+00:00,61.91999816894531
2026-06-24 07:00:00+00:00,61.564998626708984
2026-06-24 08:00:00+00:00,61.310001373291016
2026-06-24 09:00:00+00:00,61.125
2026-06-24 10:00:00+00:00,60.67499923706055
2026-06-24 11:00:00+00:00,59.505001068115234
2026-06-24 12:00:00+00:00,58.224998474121094
2026-06-24 13:00:00+00:00,59.57500076293945
2026-06-24 14:00:00+00:00,58.97999954223633
2026-06-24 15:00:00+00:00,58.7599983215332
2026-06-24 16:00:00+00:00,58.63999938964844
2026-06-24 17:00:00+00:00,56.625
2026-06-24 18:00:00+00:00,56.79499816894531
2026-06-24 19:00:00+00:00,57.314998626708984
2026-06-24 20:00:00+00:00,57.48500061035156
2026-06-24 22:00:00+00:00,57.55500030517578
2026-06-24 23:00:00+00:00,57.72999954223633
2026-06-25 00:00:00+00:00,57.31999969482422
2026-06-25 01:00:00+00:00,56.91999816894531
2026-06-25 02:00:00+00:00,57.01499938964844
2026-06-25 03:00:00+00:00,57.52000045776367
2026-06-25 04:00:00+00:00,57.630001068115234
2026-06-25 05:00:00+00:00,57.189998626708984
2026-06-25 06:00:00+00:00,56.82500076293945
2026-06-25 07:00:00+00:00,57.33000183105469
2026-06-25 08:00:00+00:00,57.470001220703125
2026-06-25 09:00:00+00:00,57.5
2026-06-25 10:00:00+00:00,57.34000015258789
2026-06-25 11:00:00+00:00,57.165000915527344
2026-06-25 12:00:00+00:00,58.209999084472656
2026-06-25 13:00:00+00:00,57.04499816894531
2026-06-25 14:00:00+00:00,57.95000076293945
2026-06-25 15:00:00+00:00,58.810001373291016
2026-06-25 16:00:00+00:00,58.32500076293945
2026-06-25 17:00:00+00:00,58.334999084472656
2026-06-25 18:00:00+00:00,58.21500015258789
2026-06-25 19:00:00+00:00,57.915000915527344
2026-06-25 20:00:00+00:00,57.88999938964844
2026-06-25 22:00:00+00:00,57.84000015258789
2026-06-25 23:00:00+00:00,57.650001525878906
2026-06-26 00:00:00+00:00,57.650001525878906
2026-06-26 01:00:00+00:00,57.13999938964844
2026-06-26 02:00:00+00:00,55.9900016784668
2026-06-26 03:00:00+00:00,56.630001068115234
2026-06-26 04:00:00+00:00,56.47999954223633
2026-06-26 05:00:00+00:00,56.599998474121094
2026-06-26 06:00:00+00:00,58.290000915527344
2026-06-26 07:00:00+00:00,58.290000915527344
2026-06-26 08:00:00+00:00,58.1349983215332
2026-06-26 09:00:00+00:00,58.63999938964844
2026-06-26 10:00:00+00:00,58.900001525878906
2026-06-26 11:00:00+00:00,58.599998474121094
2026-06-26 12:00:00+00:00,59.33000183105469
2026-06-26 13:00:00+00:00,59.36000061035156
2026-06-26 14:00:00+00:00,59.58000183105469
2026-06-26 15:00:00+00:00,59.79999923706055
2026-06-26 16:00:00+00:00,59.73500061035156
2026-06-26 17:00:00+00:00,59.42499923706055
2026-06-26 18:00:00+00:00,59.32500076293945
2026-06-26 19:00:00+00:00,59.36000061035156
2026-06-26 20:00:00+00:00,59.67399978637695
2026-06-28 22:00:00+00:00,59.20500183105469
2026-06-28 23:00:00+00:00,59.11000061035156
2026-06-29 00:00:00+00:00,59.09000015258789
2026-06-29 01:00:00+00:00,58.73500061035156
2026-06-29 02:00:00+00:00,59.119998931884766
2026-06-29 03:00:00+00:00,59.04999923706055
2026-06-29 04:00:00+00:00,58.619998931884766
2026-06-29 05:00:00+00:00,59.0099983215332
2026-06-29 06:00:00+00:00,59.08000183105469
2026-06-29 07:00:00+00:00,58.76499938964844
2026-06-29 08:00:00+00:00,58.470001220703125
2026-06-29 09:00:00+00:00,58.13999938964844
2026-06-29 10:00:00+00:00,58.290000915527344
2026-06-29 11:00:00+00:00,58.654998779296875
2026-06-29 12:00:00+00:00,58.834999084472656
2026-06-29 13:00:00+00:00,58.61000061035156
2026-06-29 14:00:00+00:00,58.459999084472656
2026-06-29 15:00:00+00:00,58.53499984741211
2026-06-29 16:00:00+00:00,58.58000183105469
2026-06-29 17:00:00+00:00,58.67499923706055
2026-06-29 18:00:00+00:00,58.6349983215332
2026-06-29 19:00:00+00:00,58.689998626708984
2026-06-29 20:00:00+00:00,58.755001068115234
2026-06-29 22:00:00+00:00,58.7400016784668
2026-06-29 23:00:00+00:00,58.91999816894531
2026-06-30 00:00:00+00:00,57.97999954223633
2026-06-30 01:00:00+00:00,57.82500076293945
2026-06-30 02:00:00+00:00,57.755001068115234
2026-06-30 03:00:00+00:00,57.69499969482422
2026-06-30 04:00:00+00:00,58.154998779296875
2026-06-30 05:00:00+00:00,57.70500183105469
2026-06-30 06:00:00+00:00,59.474998474121094
2026-06-30 07:00:00+00:00,59.45000076293945
2026-06-30 08:00:00+00:00,58.939998626708984
2026-06-30 09:00:00+00:00,59.21500015258789
2026-06-30 10:00:00+00:00,59.46500015258789
2026-06-30 11:00:00+00:00,59.5
2026-06-30 12:00:00+00:00,58.77000045776367
2026-06-30 13:00:00+00:00,59.71500015258789
2026-06-30 14:00:00+00:00,60.32500076293945
2026-06-30 15:00:00+00:00,60.04499816894531
2026-06-30 16:00:00+00:00,59.90999984741211
2026-06-30 17:00:00+00:00,60.099998474121094
2026-06-30 18:00:00+00:00,60.22999954223633
2026-06-30 19:00:00+00:00,59.630001068115234
2026-06-30 20:00:00+00:00,59.04499816894531
2026-06-30 22:00:00+00:00,59.165000915527344
2026-06-30 23:00:00+00:00,58.8650016784668
2026-07-01 00:00:00+00:00,58.93000030517578
2026-07-01 01:00:00+00:00,58.14500045776367
2026-07-01 02:00:00+00:00,58.18000030517578
2026-07-01 03:00:00+00:00,58.25
2026-07-01 04:00:00+00:00,58.1150016784668
2026-07-01 05:00:00+00:00,57.9900016784668
2026-07-01 06:00:00+00:00,57.8650016784668
2026-07-01 07:00:00+00:00,58.130001068115234
2026-07-01 08:00:00+00:00,58.15999984741211
2026-07-01 09:00:00+00:00,58.47999954223633
2026-07-01 10:00:00+00:00,58.709999084472656
2026-07-01 11:00:00+00:00,59.404998779296875
2026-07-01 12:00:00+00:00,59.279998779296875
2026-07-01 13:00:00+00:00,60.775001525878906
2026-07-01 14:00:00+00:00,60.849998474121094
2026-07-01 15:00:00+00:00,60.69499969482422
2026-07-01 16:00:00+00:00,60.56999969482422
2026-07-01 17:00:00+00:00,60.3650016784668
2026-07-01 18:00:00+00:00,60.25
2026-07-01 19:00:00+00:00,59.78499984741211
2026-07-01 20:00:00+00:00,59.60499954223633
2026-07-01 22:00:00+00:00,59.8650016784668
2026-07-01 23:00:00+00:00,59.599998474121094
2026-07-02 00:00:00+00:00,59.95500183105469
2026-07-02 01:00:00+00:00,60.209999084472656
2026-07-02 02:00:00+00:00,60.51499938964844
2026-07-02 03:00:00+00:00,60.775001525878906
2026-07-02 04:00:00+00:00,60.53499984741211
2026-07-02 05:00:00+00:00,60.275001525878906
2026-07-02 06:00:00+00:00,60.42499923706055
2026-07-02 07:00:00+00:00,59.834999084472656
2026-07-02 08:00:00+00:00,60.584999084472656
2026-07-02 09:00:00+00:00,60.27000045776367
2026-07-02 10:00:00+00:00,60.2599983215332
2026-07-02 11:00:00+00:00,60.2599983215332
2026-07-02 12:00:00+00:00,61.625
2026-07-02 13:00:00+00:00,62.35499954223633
2026-07-02 14:00:00+00:00,61.86000061035156
2026-07-02 15:00:00+00:00,61.599998474121094
2026-07-02 16:00:00+00:00,61.345001220703125
2026-07-02 17:00:00+00:00,60.95500183105469
2026-07-02 18:00:00+00:00,61.26499938964844
2026-07-02 19:00:00+00:00,61.34000015258789
2026-07-02 20:00:00+00:00,61.439998626708984
2026-07-02 22:00:00+00:00,61.494998931884766
2026-07-02 23:00:00+00:00,61.55500030517578
2026-07-03 00:00:00+00:00,61.91999816894531
2026-07-03 01:00:00+00:00,62.69499969482422
2026-07-03 02:00:00+00:00,62.869998931884766
2026-07-03 03:00:00+00:00,62.720001220703125
