Datetime,Close
2023-08-04 13:30:00+00:00,154.05999755859375
2023-08-04 14:30:00+00:00,155.14990234375
2023-08-04 15:30:00+00:00,156.13999938964844
2023-08-04 16:30:00+00:00,155.77000427246094
2023-08-04 17:30:00+00:00,154.47120666503906
2023-08-04 18:30:00+00:00,154.02000427246094
2023-08-04 19:30:00+00:00,154.22999572753906
2023-08-07 13:30:00+00:00,155.72999572753906
2023-08-07 14:30:00+00:00,154.85000610351562
2023-08-07 15:30:00+00:00,155.2100067138672
2023-08-07 16:30:00+00:00,154.7863006591797
2023-08-07 17:30:00+00:00,154.8300018310547
2023-08-07 18:30:00+00:00,154.9499969482422
2023-08-07 19:30:00+00:00,155.93499755859375
2023-08-08 13:30:00+00:00,152.61000061035156
2023-08-08 14:30:00+00:00,152.36000061035156
2023-08-08 15:30:00+00:00,152.1999969482422
2023-08-08 16:30:00+00:00,152.42999267578125
2023-08-08 17:30:00+00:00,152.97000122070312
2023-08-08 18:30:00+00:00,153.24000549316406
2023-08-08 19:30:00+00:00,153.30499267578125
2023-08-09 13:30:00+00:00,151.77000427246094
2023-08-09 14:30:00+00:00,150.24119567871094
2023-08-09 15:30:00+00:00,150.8800048828125
2023-08-09 16:30:00+00:00,151.19000244140625
2023-08-09 17:30:00+00:00,151.7100067138672
2023-08-09 18:30:00+00:00,150.9199981689453
2023-08-09 19:30:00+00:00,150.14999389648438
2023-08-10 13:30:00+00:00,152.44000244140625
2023-08-10 14:30:00+00:00,150.97999572753906
2023-08-10 15:30:00+00:00,150.24000549316406
2023-08-10 16:30:00+00:00,149.8699951171875
2023-08-10 17:30:00+00:00,149.9199981689453
2023-08-10 18:30:00+00:00,150.02000427246094
2023-08-10 19:30:00+00:00,149.9199981689453
2023-08-11 13:30:00+00:00,147.80999755859375
2023-08-11 14:30:00+00:00,146.47000122070312
2023-08-11 15:30:00+00:00,146.61500549316406
2023-08-11 16:30:00+00:00,146.6699981689453
2023-08-11 17:30:00+00:00,146.5
2023-08-11 18:30:00+00:00,146.4499969482422
2023-08-11 19:30:00+00:00,146.3000030517578
2023-08-14 13:30:00+00:00,147.67999267578125
2023-08-14 14:30:00+00:00,149.1199951171875
2023-08-14 15:30:00+00:00,149.2899932861328
2023-08-14 16:30:00+00:00,150.00999450683594
2023-08-14 17:30:00+00:00,149.92999267578125
2023-08-14 18:30:00+00:00,150.16000366210938
2023-08-14 19:30:00+00:00,150.72999572753906
2023-08-15 13:30:00+00:00,149.3000030517578
2023-08-15 14:30:00+00:00,149.75
2023-08-15 15:30:00+00:00,149.99000549316406
2023-08-15 16:30:00+00:00,149.72999572753906
2023-08-15 17:30:00+00:00,149.49000549316406
2023-08-15 18:30:00+00:00,148.8300018310547
2023-08-15 19:30:00+00:00,148.77999877929688
2023-08-16 13:30:00+00:00,148.49000549316406
2023-08-16 14:30:00+00:00,148.4499969482422
2023-08-16 15:30:00+00:00,146.9149932861328
2023-08-16 16:30:00+00:00,147.19000244140625
2023-08-16 17:30:00+00:00,147.89999389648438
2023-08-16 18:30:00+00:00,146.74000549316406
2023-08-16 19:30:00+00:00,146.47000122070312
2023-08-17 13:30:00+00:00,146.08999633789062
2023-08-17 14:30:00+00:00,145.85000610351562
2023-08-17 15:30:00+00:00,146.74000549316406
2023-08-17 16:30:00+00:00,146.52999877929688
2023-08-17 17:30:00+00:00,146.1999969482422
2023-08-17 18:30:00+00:00,145.5800018310547
2023-08-17 19:30:00+00:00,145.4499969482422
2023-08-18 13:30:00+00:00,143.97999572753906
2023-08-18 14:30:00+00:00,144.5800018310547
2023-08-18 15:30:00+00:00,145.16000366210938
2023-08-18 16:30:00+00:00,145.39999389648438
2023-08-18 17:30:00+00:00,145.97999572753906
2023-08-18 18:30:00+00:00,146.16000366210938
2023-08-18 19:30:00+00:00,146.10000610351562
2023-08-21 13:30:00+00:00,147.77999877929688
2023-08-21 14:30:00+00:00,147.77999877929688
2023-08-21 15:30:00+00:00,148.63999938964844
2023-08-21 16:30:00+00:00,149.6999969482422
2023-08-21 17:30:00+00:00,150.10000610351562
2023-08-21 18:30:00+00:00,150.99000549316406
2023-08-21 19:30:00+00:00,151.0500030517578
2023-08-22 13:30:00+00:00,150.63999938964844
2023-08-22 14:30:00+00:00,150.7100067138672
2023-08-22 15:30:00+00:00,149.32000732421875
2023-08-22 16:30:00+00:00,149.3699951171875
2023-08-22 17:30:00+00:00,149.6699981689453
2023-08-22 18:30:00+00:00,149.63499450683594
2023-08-22 19:30:00+00:00,149.47000122070312
2023-08-23 13:30:00+00:00,151.63999938964844
2023-08-23 14:30:00+00:00,152.26499938964844
2023-08-23 15:30:00+00:00,152.1999969482422
2023-08-23 16:30:00+00:00,152.48899841308594
2023-08-23 17:30:00+00:00,152.47999572753906
2023-08-23 18:30:00+00:00,153.08999633789062
2023-08-23 19:30:00+00:00,152.75
2023-08-24 13:30:00+00:00,151.8800048828125
2023-08-24 14:30:00+00:00,150.89999389648438
2023-08-24 15:30:00+00:00,150.77000427246094
2023-08-24 16:30:00+00:00,150.5500030517578
2023-08-24 17:30:00+00:00,150.8699951171875
2023-08-24 18:30:00+00:00,149.32000732421875
2023-08-24 19:30:00+00:00,148.83999633789062
2023-08-25 13:30:00+00:00,148.64999389648438
2023-08-25 14:30:00+00:00,147.82000732421875
2023-08-25 15:30:00+00:00,147.82000732421875
2023-08-25 16:30:00+00:00,147.6750030517578
2023-08-25 17:30:00+00:00,148.99000549316406
2023-08-25 18:30:00+00:00,149.39999389648438
2023-08-25 19:30:00+00:00,149.0850067138672
2023-08-28 13:30:00+00:00,150.3300018310547
2023-08-28 14:30:00+00:00,149.82000732421875
2023-08-28 15:30:00+00:00,149.42999267578125
2023-08-28 16:30:00+00:00,150.80999755859375
2023-08-28 17:30:00+00:00,150.17999267578125
2023-08-28 18:30:00+00:00,150.2100067138672
2023-08-28 19:30:00+00:00,150.89999389648438
2023-08-29 13:30:00+00:00,153.30999755859375
2023-08-29 14:30:00+00:00,154.0800018310547
2023-08-29 15:30:00+00:00,154.7100067138672
2023-08-29 16:30:00+00:00,154.89990234375
2023-08-29 17:30:00+00:00,154.98500061035156
2023-08-29 18:30:00+00:00,155.1699981689453
2023-08-29 19:30:00+00:00,154.75999450683594
2023-08-30 13:30:00+00:00,154.2050018310547
2023-08-30 14:30:00+00:00,155.25
2023-08-30 15:30:00+00:00,155.97000122070312
2023-08-30 16:30:00+00:00,155.8800048828125
2023-08-30 17:30:00+00:00,154.99000549316406
2023-08-30 18:30:00+00:00,155.4600067138672
2023-08-30 19:30:00+00:00,155.5500030517578
2023-08-31 13:30:00+00:00,156.6199951171875
2023-08-31 14:30:00+00:00,156.47000122070312
2023-08-31 15:30:00+00:00,155.82000732421875
2023-08-31 16:30:00+00:00,156.52000427246094
2023-08-31 17:30:00+00:00,156.5800018310547
2023-08-31 18:30:00+00:00,156.49000549316406
2023-08-31 19:30:00+00:00,156.19000244140625
2023-09-01 13:30:00+00:00,156.5800018310547
2023-09-01 14:30:00+00:00,155.75
2023-09-01 15:30:00+00:00,155.97999572753906
2023-09-01 16:30:00+00:00,156.0800018310547
2023-09-01 17:30:00+00:00,155.94000244140625
2023-09-01 18:30:00+00:00,156.27999877929688
2023-09-01 19:30:00+00:00,156.17999267578125
2023-09-05 13:30:00+00:00,155.8699951171875
2023-09-05 14:30:00+00:00,156.52999877929688
2023-09-05 15:30:00+00:00,156.77999877929688
2023-09-05 16:30:00+00:00,156.8000030517578
2023-09-05 17:30:00+00:00,157.58999633789062
2023-09-05 18:30:00+00:00,157.0023956298828
2023-09-05 19:30:00+00:00,156.5800018310547
2023-09-06 13:30:00+00:00,154.91000366210938
2023-09-06 14:30:00+00:00,154.5
2023-09-06 15:30:00+00:00,153.72999572753906
2023-09-06 16:30:00+00:00,154.1300048828125
2023-09-06 17:30:00+00:00,154.6750030517578
2023-09-06 18:30:00+00:00,154.39999389648438
2023-09-06 19:30:00+00:00,154.77999877929688
2023-09-07 13:30:00+00:00,150.4499969482422
2023-09-07 14:30:00+00:00,150.02999877929688
2023-09-07 15:30:00+00:00,150.8249969482422
2023-09-07 16:30:00+00:00,150.74000549316406
2023-09-07 17:30:00+00:00,150.72999572753906
2023-09-07 18:30:00+00:00,151.4499969482422
2023-09-07 19:30:00+00:00,151.30999755859375
2023-09-08 13:30:00+00:00,151.4199981689453
2023-09-08 14:30:00+00:00,150.80999755859375
2023-09-08 15:30:00+00:00,150.85000610351562
2023-09-08 16:30:00+00:00,150.43499755859375
2023-09-08 17:30:00+00:00,150.1300048828125
2023-09-08 18:30:00+00:00,149.83999633789062
2023-09-08 19:30:00+00:00,150.36000061035156
2023-09-11 13:30:00+00:00,149.10000610351562
2023-09-11 14:30:00+00:00,149.19000244140625
2023-09-11 15:30:00+00:00,149.08999633789062
2023-09-11 16:30:00+00:00,149.91000366210938
2023-09-11 17:30:00+00:00,150.1999969482422
2023-09-11 18:30:00+00:00,150.6199951171875
2023-09-11 19:30:00+00:00,150.44000244140625
2023-09-12 13:30:00+00:00,150.39999389648438
2023-09-12 14:30:00+00:00,150.1999969482422
2023-09-12 15:30:00+00:00,150.47000122070312
2023-09-12 16:30:00+00:00,150.7899932861328
2023-09-12 17:30:00+00:00,150.4199981689453
2023-09-12 18:30:00+00:00,149.44500732421875
2023-09-12 19:30:00+00:00,149.2899932861328
2023-09-13 13:30:00+00:00,150.39999389648438
2023-09-13 14:30:00+00:00,151.38999938964844
2023-09-13 15:30:00+00:00,151.5
2023-09-13 16:30:00+00:00,151.63999938964844
2023-09-13 17:30:00+00:00,151.24000549316406
2023-09-13 18:30:00+00:00,150.30999755859375
2023-09-13 19:30:00+00:00,150.55999755859375
2023-09-14 13:30:00+00:00,150.88999938964844
2023-09-14 14:30:00+00:00,151.47999572753906
2023-09-14 15:30:00+00:00,151.3300018310547
2023-09-14 16:30:00+00:00,151.60000610351562
2023-09-14 17:30:00+00:00,151.02999877929688
2023-09-14 18:30:00+00:00,151.4199981689453
2023-09-14 19:30:00+00:00,151.3800048828125
2023-09-15 13:30:00+00:00,148.39999389648438
2023-09-15 14:30:00+00:00,147.3800048828125
2023-09-15 15:30:00+00:00,147.6300048828125
2023-09-15 16:30:00+00:00,146.85000610351562
2023-09-15 17:30:00+00:00,146.57000732421875
2023-09-15 18:30:00+00:00,146.94000244140625
2023-09-15 19:30:00+00:00,146.75
2023-09-18 13:30:00+00:00,146.82000732421875
2023-09-18 14:30:00+00:00,146.92999267578125
2023-09-18 15:30:00+00:00,147.69000244140625
2023-09-18 16:30:00+00:00,147.4600067138672
2023-09-18 17:30:00+00:00,147.1999969482422
2023-09-18 18:30:00+00:00,146.92999267578125
2023-09-18 19:30:00+00:00,147.2899932861328
2023-09-19 13:30:00+00:00,145.9600067138672
2023-09-19 14:30:00+00:00,145.75
2023-09-19 15:30:00+00:00,145.47000122070312
2023-09-19 16:30:00+00:00,145.89999389648438
2023-09-19 17:30:00+00:00,146.17999267578125
2023-09-19 18:30:00+00:00,145.9199981689453
2023-09-19 19:30:00+00:00,146.00999450683594
2023-09-20 13:30:00+00:00,145.9813995361328
2023-09-20 14:30:00+00:00,145.9499969482422
2023-09-20 15:30:00+00:00,146.41000366210938
2023-09-20 16:30:00+00:00,145.91000366210938
2023-09-20 17:30:00+00:00,145.72000122070312
2023-09-20 18:30:00+00:00,144.82000732421875
2023-09-20 19:30:00+00:00,143.57000732421875
2023-09-21 13:30:00+00:00,142.17999267578125
2023-09-21 14:30:00+00:00,141.47999572753906
2023-09-21 15:30:00+00:00,141.77999877929688
2023-09-21 16:30:00+00:00,142.19000244140625
2023-09-21 17:30:00+00:00,141.5399932861328
2023-09-21 18:30:00+00:00,140.89999389648438
2023-09-21 19:30:00+00:00,140.72000122070312
2023-09-22 13:30:00+00:00,142.32000732421875
2023-09-22 14:30:00+00:00,143.0800018310547
2023-09-22 15:30:00+00:00,143.11000061035156
2023-09-22 16:30:00+00:00,142.6199951171875
2023-09-22 17:30:00+00:00,142.0
2023-09-22 18:30:00+00:00,142.6699981689453
2023-09-22 19:30:00+00:00,141.97999572753906
2023-09-25 13:30:00+00:00,141.94500732421875
2023-09-25 14:30:00+00:00,142.75
2023-09-25 15:30:00+00:00,143.0
2023-09-25 16:30:00+00:00,142.4600067138672
2023-09-25 17:30:00+00:00,142.25999450683594
2023-09-25 18:30:00+00:00,142.27000427246094
2023-09-25 19:30:00+00:00,142.97000122070312
2023-09-26 13:30:00+00:00,141.8000030517578
2023-09-26 14:30:00+00:00,141.1199951171875
2023-09-26 15:30:00+00:00,141.3800048828125
2023-09-26 16:30:00+00:00,141.1649932861328
2023-09-26 17:30:00+00:00,140.8000030517578
2023-09-26 18:30:00+00:00,140.22000122070312
2023-09-26 19:30:00+00:00,140.7100067138672
2023-09-27 13:30:00+00:00,142.10000610351562
2023-09-27 14:30:00+00:00,141.6699981689453
2023-09-27 15:30:00+00:00,140.36000061035156
2023-09-27 16:30:00+00:00,140.1199951171875
2023-09-27 17:30:00+00:00,141.02999877929688
2023-09-27 18:30:00+00:00,142.22000122070312
2023-09-27 19:30:00+00:00,141.99000549316406
2023-09-28 13:30:00+00:00,142.8300018310547
2023-09-28 14:30:00+00:00,144.13999938964844
2023-09-28 15:30:00+00:00,145.5800018310547
2023-09-28 16:30:00+00:00,144.6199951171875
2023-09-28 17:30:00+00:00,144.60000610351562
2023-09-28 18:30:00+00:00,145.13999938964844
2023-09-28 19:30:00+00:00,144.2801055908203
2023-09-29 13:30:00+00:00,145.9199981689453
2023-09-29 14:30:00+00:00,145.75999450683594
2023-09-29 15:30:00+00:00,145.6300048828125
2023-09-29 16:30:00+00:00,145.0709991455078
2023-09-29 17:30:00+00:00,144.63999938964844
2023-09-29 18:30:00+00:00,145.2100067138672
2023-09-29 19:30:00+00:00,144.97000122070312
2023-10-02 13:30:00+00:00,145.97999572753906
2023-10-02 14:30:00+00:00,147.19000244140625
2023-10-02 15:30:00+00:00,145.6699981689453
2023-10-02 16:30:00+00:00,145.77000427246094
2023-10-02 17:30:00+00:00,144.9199981689453
2023-10-02 18:30:00+00:00,145.38999938964844
2023-10-02 19:30:00+00:00,146.24000549316406
2023-10-03 13:30:00+00:00,144.90499877929688
2023-10-03 14:30:00+00:00,143.99000549316406
2023-10-03 15:30:00+00:00,144.2899932861328
2023-10-03 16:30:00+00:00,143.3000030517578
2023-10-03 17:30:00+00:00,142.7100067138672
2023-10-03 18:30:00+00:00,142.38499450683594
2023-10-03 19:30:00+00:00,143.02999877929688
2023-10-04 13:30:00+00:00,143.0
2023-10-04 14:30:00+00:00,144.47999572753906
2023-10-04 15:30:00+00:00,144.64999389648438
2023-10-04 16:30:00+00:00,144.11000061035156
2023-10-04 17:30:00+00:00,144.1199951171875
2023-10-04 18:30:00+00:00,145.13999938964844
2023-10-04 19:30:00+00:00,145.16000366210938
2023-10-05 13:30:00+00:00,144.74000549316406
2023-10-05 14:30:00+00:00,144.1699981689453
2023-10-05 15:30:00+00:00,144.97500610351562
2023-10-05 16:30:00+00:00,145.00999450683594
2023-10-05 17:30:00+00:00,145.33999633789062
2023-10-05 18:30:00+00:00,145.55999755859375
2023-10-05 19:30:00+00:00,145.19000244140625
2023-10-06 13:30:00+00:00,145.63999938964844
2023-10-06 14:30:00+00:00,146.77000427246094
2023-10-06 15:30:00+00:00,147.91000366210938
2023-10-06 16:30:00+00:00,148.24000549316406
2023-10-06 17:30:00+00:00,148.55499267578125
2023-10-06 18:30:00+00:00,148.8300018310547
2023-10-06 19:30:00+00:00,148.33999633789062
2023-10-09 13:30:00+00:00,146.3699951171875
2023-10-09 14:30:00+00:00,146.30999755859375
2023-10-09 15:30:00+00:00,146.71249389648438
2023-10-09 16:30:00+00:00,147.27740478515625
2023-10-09 17:30:00+00:00,148.13999938964844
2023-10-09 18:30:00+00:00,148.25
2023-10-09 19:30:00+00:00,147.9600067138672
2023-10-10 13:30:00+00:00,149.5399932861328
2023-10-10 14:30:00+00:00,150.49000549316406
2023-10-10 15:30:00+00:00,150.57000732421875
2023-10-10 16:30:00+00:00,149.6300048828125
2023-10-10 17:30:00+00:00,149.69000244140625
2023-10-10 18:30:00+00:00,149.80999755859375
2023-10-10 19:30:00+00:00,149.7899932861328
2023-10-11 13:30:00+00:00,150.25999450683594
2023-10-11 14:30:00+00:00,150.4600067138672
2023-10-11 15:30:00+00:00,150.07000732421875
2023-10-11 16:30:00+00:00,149.91000366210938
2023-10-11 17:30:00+00:00,150.13999938964844
2023-10-11 18:30:00+00:00,150.75999450683594
2023-10-11 19:30:00+00:00,151.38999938964844
2023-10-12 13:30:00+00:00,153.13999938964844
2023-10-12 14:30:00+00:00,153.30999755859375
2023-10-12 15:30:00+00:00,153.75
2023-10-12 16:30:00+00:00,152.1300048828125
2023-10-12 17:30:00+00:00,151.5500030517578
2023-10-12 18:30:00+00:00,152.10000610351562
2023-10-12 19:30:00+00:00,152.19000244140625
2023-10-13 13:30:00+00:00,150.8300018310547
2023-10-13 14:30:00+00:00,149.52999877929688
2023-10-13 15:30:00+00:00,149.9600067138672
2023-10-13 16:30:00+00:00,148.2899932861328
2023-10-13 17:30:00+00:00,148.32000732421875
2023-10-13 18:30:00+00:00,148.36500549316406
2023-10-13 19:30:00+00:00,148.36000061035156
2023-10-16 13:30:00+00:00,150.3699951171875
2023-10-16 14:30:00+00:00,150.1999969482422
2023-10-16 15:30:00+00:00,149.8699951171875
2023-10-16 16:30:00+00:00,149.49000549316406
2023-10-16 17:30:00+00:00,149.82000732421875
2023-10-16 18:30:00+00:00,150.33999633789062
2023-10-16 19:30:00+00:00,150.07000732421875
2023-10-17 13:30:00+00:00,147.2100067138672
2023-10-17 14:30:00+00:00,148.22999572753906
2023-10-17 15:30:00+00:00,149.47000122070312
2023-10-17 16:30:00+00:00,148.38999938964844
2023-10-17 17:30:00+00:00,148.00999450683594
2023-10-17 18:30:00+00:00,147.94000244140625
2023-10-17 19:30:00+00:00,148.30999755859375
2023-10-18 13:30:00+00:00,145.94000244140625
2023-10-18 14:30:00+00:00,145.85000610351562
2023-10-18 15:30:00+00:00,145.5800018310547
2023-10-18 16:30:00+00:00,146.08999633789062
2023-10-18 17:30:00+00:00,145.6199951171875
2023-10-18 18:30:00+00:00,144.9600067138672
2023-10-18 19:30:00+00:00,145.33999633789062
2023-10-19 13:30:00+00:00,145.89999389648438
2023-10-19 14:30:00+00:00,145.91000366210938
2023-10-19 15:30:00+00:00,145.91000366210938
2023-10-19 16:30:00+00:00,146.57000732421875
2023-10-19 17:30:00+00:00,145.5800018310547
2023-10-19 18:30:00+00:00,144.3800048828125
2023-10-19 19:30:00+00:00,144.32000732421875
2023-10-20 13:30:00+00:00,143.72999572753906
2023-10-20 14:30:00+00:00,142.1999969482422
2023-10-20 15:30:00+00:00,142.3699951171875
2023-10-20 16:30:00+00:00,143.3699951171875
2023-10-20 17:30:00+00:00,142.52999877929688
2023-10-20 18:30:00+00:00,142.38999938964844
2023-10-20 19:30:00+00:00,142.07000732421875
2023-10-23 13:30:00+00:00,142.58999633789062
2023-10-23 14:30:00+00:00,143.2100067138672
2023-10-23 15:30:00+00:00,143.85000610351562
2023-10-23 16:30:00+00:00,143.77000427246094
2023-10-23 17:30:00+00:00,143.4499969482422
2023-10-23 18:30:00+00:00,142.77000427246094
2023-10-23 19:30:00+00:00,142.6300048828125
2023-10-24 13:30:00+00:00,143.6699981689453
2023-10-24 14:30:00+00:00,143.25
2023-10-24 15:30:00+00:00,142.9600067138672
2023-10-24 16:30:00+00:00,143.41000366210938
2023-10-24 17:30:00+00:00,143.63999938964844
2023-10-24 18:30:00+00:00,144.22500610351562
2023-10-24 19:30:00+00:00,144.25
2023-10-25 13:30:00+00:00,141.6199951171875
2023-10-25 14:30:00+00:00,141.39999389648438
2023-10-25 15:30:00+00:00,140.3800048828125
2023-10-25 16:30:00+00:00,139.0800018310547
2023-10-25 17:30:00+00:00,139.0
2023-10-25 18:30:00+00:00,138.8000030517578
2023-10-25 19:30:00+00:00,138.6300048828125
2023-10-26 13:30:00+00:00,139.17999267578125
2023-10-26 14:30:00+00:00,137.66000366210938
2023-10-26 15:30:00+00:00,137.2100067138672
2023-10-26 16:30:00+00:00,136.97079467773438
2023-10-26 17:30:00+00:00,138.27000427246094
2023-10-26 18:30:00+00:00,138.52000427246094
2023-10-26 19:30:00+00:00,137.41000366210938
2023-10-27 13:30:00+00:00,138.55999755859375
2023-10-27 14:30:00+00:00,139.4600067138672
2023-10-27 15:30:00+00:00,138.85000610351562
2023-10-27 16:30:00+00:00,138.13999938964844
2023-10-27 17:30:00+00:00,137.9199981689453
2023-10-27 18:30:00+00:00,138.1750030517578
2023-10-27 19:30:00+00:00,138.3000030517578
2023-10-30 13:30:00+00:00,137.4199981689453
2023-10-30 14:30:00+00:00,137.1199951171875
2023-10-30 15:30:00+00:00,136.9600067138672
2023-10-30 16:30:00+00:00,137.52999877929688
2023-10-30 17:30:00+00:00,137.9499969482422
2023-10-30 18:30:00+00:00,138.7100067138672
2023-10-30 19:30:00+00:00,137.9499969482422
2023-10-31 13:30:00+00:00,137.39999389648438
2023-10-31 14:30:00+00:00,137.77999877929688
2023-10-31 15:30:00+00:00,137.8300018310547
2023-10-31 16:30:00+00:00,138.19000244140625
2023-10-31 17:30:00+00:00,138.4199981689453
2023-10-31 18:30:00+00:00,139.05999755859375
2023-10-31 19:30:00+00:00,138.97999572753906
2023-11-01 13:30:00+00:00,140.81500244140625
2023-11-01 14:30:00+00:00,140.60000610351562
2023-11-01 15:30:00+00:00,140.6300048828125
2023-11-01 16:30:00+00:00,140.47000122070312
2023-11-01 17:30:00+00:00,140.55999755859375
2023-11-01 18:30:00+00:00,142.11000061035156
2023-11-01 19:30:00+00:00,142.4499969482422
2023-11-02 13:30:00+00:00,145.5800018310547
2023-11-02 14:30:00+00:00,145.5500030517578
2023-11-02 15:30:00+00:00,145.49000549316406
2023-11-02 16:30:00+00:00,145.97999572753906
2023-11-02 17:30:00+00:00,146.25999450683594
2023-11-02 18:30:00+00:00,146.55990600585938
2023-11-02 19:30:00+00:00,146.10519409179688
2023-11-03 13:30:00+00:00,147.91000366210938
2023-11-03 14:30:00+00:00,148.4600067138672
2023-11-03 15:30:00+00:00,149.35499572753906
2023-11-03 16:30:00+00:00,149.36000061035156
2023-11-03 17:30:00+00:00,150.13999938964844
2023-11-03 18:30:00+00:00,150.0
2023-11-03 19:30:00+00:00,149.50999450683594
2023-11-06 14:30:00+00:00,149.22000122070312
2023-11-06 15:30:00+00:00,149.50999450683594
2023-11-06 16:30:00+00:00,149.13999938964844
2023-11-06 17:30:00+00:00,148.52999877929688
2023-11-06 18:30:00+00:00,148.9199981689453
2023-11-06 19:30:00+00:00,149.47000122070312
2023-11-06 20:30:00+00:00,149.94000244140625
2023-11-07 14:30:00+00:00,150.52999877929688
2023-11-07 15:30:00+00:00,151.05999755859375
2023-11-07 16:30:00+00:00,150.33999633789062
2023-11-07 17:30:00+00:00,150.85000610351562
2023-11-07 18:30:00+00:00,151.07000732421875
2023-11-07 19:30:00+00:00,151.1699981689453
2023-11-07 20:30:00+00:00,150.88999938964844
2023-11-08 14:30:00+00:00,151.0500030517578
2023-11-08 15:30:00+00:00,151.11329650878906
2023-11-08 16:30:00+00:00,150.8800048828125
2023-11-08 17:30:00+00:00,151.38499450683594
2023-11-08 18:30:00+00:00,151.57000732421875
2023-11-08 19:30:00+00:00,151.44000244140625
2023-11-08 20:30:00+00:00,151.4499969482422
2023-11-09 14:30:00+00:00,153.22999572753906
2023-11-09 15:30:00+00:00,153.77999877929688
2023-11-09 16:30:00+00:00,153.7100067138672
2023-11-09 17:30:00+00:00,153.5500030517578
2023-11-09 18:30:00+00:00,152.44000244140625
2023-11-09 19:30:00+00:00,151.5399932861328
2023-11-09 20:30:00+00:00,151.1649932861328
2023-11-10 14:30:00+00:00,153.875
2023-11-10 15:30:00+00:00,155.21910095214844
2023-11-10 16:30:00+00:00,155.9199981689453
2023-11-10 17:30:00+00:00,156.72999572753906
2023-11-10 18:30:00+00:00,157.19000244140625
2023-11-10 19:30:00+00:00,157.41000366210938
2023-11-10 20:30:00+00:00,157.30999755859375
2023-11-13 14:30:00+00:00,155.9199981689453
2023-11-13 15:30:00+00:00,156.42999267578125
2023-11-13 16:30:00+00:00,156.3300018310547
2023-11-13 17:30:00+00:00,156.3300018310547
2023-11-13 18:30:00+00:00,156.92999267578125
2023-11-13 19:30:00+00:00,156.86500549316406
2023-11-13 20:30:00+00:00,156.32000732421875
2023-11-14 14:30:00+00:00,160.55999755859375
2023-11-14 15:30:00+00:00,160.88999938964844
2023-11-14 16:30:00+00:00,160.67999267578125
2023-11-14 17:30:00+00:00,160.8300018310547
2023-11-14 18:30:00+00:00,160.74000549316406
2023-11-14 19:30:00+00:00,161.24000549316406
2023-11-14 20:30:00+00:00,161.10000610351562
2023-11-15 14:30:00+00:00,161.6300048828125
2023-11-15 15:30:00+00:00,162.1300048828125
2023-11-15 16:30:00+00:00,161.10499572753906
2023-11-15 17:30:00+00:00,160.85000610351562
2023-11-15 18:30:00+00:00,161.32000732421875
2023-11-15 19:30:00+00:00,161.05999755859375
2023-11-15 20:30:00+00:00,161.22999572753906
2023-11-16 14:30:00+00:00,161.2899932861328
2023-11-16 15:30:00+00:00,160.74000549316406
2023-11-16 16:30:00+00:00,161.74000549316406
2023-11-16 17:30:00+00:00,161.6300048828125
2023-11-16 18:30:00+00:00,161.60499572753906
2023-11-16 19:30:00+00:00,161.88999938964844
2023-11-16 20:30:00+00:00,161.8000030517578
2023-11-17 14:30:00+00:00,161.61000061035156
2023-11-17 15:30:00+00:00,161.64999389648438
2023-11-17 16:30:00+00:00,161.88999938964844
2023-11-17 17:30:00+00:00,162.5
2023-11-17 18:30:00+00:00,162.6999969482422
2023-11-17 19:30:00+00:00,162.6699981689453
2023-11-17 20:30:00+00:00,162.5500030517578
2023-11-20 14:30:00+00:00,163.22000122070312
2023-11-20 15:30:00+00:00,163.57000732421875
2023-11-20 16:30:00+00:00,163.6199951171875
2023-11-20 17:30:00+00:00,164.27999877929688
2023-11-20 18:30:00+00:00,164.72000122070312
2023-11-20 19:30:00+00:00,165.17999267578125
2023-11-20 20:30:00+00:00,164.88999938964844
2023-11-21 14:30:00+00:00,161.99000549316406
2023-11-21 15:30:00+00:00,162.30999755859375
2023-11-21 16:30:00+00:00,162.2100067138672
2023-11-21 17:30:00+00:00,161.92999267578125
2023-11-21 18:30:00+00:00,162.24000549316406
2023-11-21 19:30:00+00:00,162.63999938964844
2023-11-21 20:30:00+00:00,162.4600067138672
2023-11-22 14:30:00+00:00,162.16000366210938
2023-11-22 15:30:00+00:00,162.3300018310547
2023-11-22 16:30:00+00:00,163.0
2023-11-22 17:30:00+00:00,163.1699981689453
2023-11-22 18:30:00+00:00,162.97500610351562
2023-11-22 19:30:00+00:00,162.32000732421875
2023-11-22 20:30:00+00:00,162.11000061035156
2023-11-24 14:30:00+00:00,161.65499877929688
2023-11-24 15:30:00+00:00,161.67999267578125
2023-11-24 16:30:00+00:00,161.72000122070312
2023-11-27 14:30:00+00:00,161.5800018310547
2023-11-27 15:30:00+00:00,161.86000061035156
2023-11-27 16:30:00+00:00,162.24000549316406
2023-11-27 17:30:00+00:00,162.52000427246094
2023-11-27 18:30:00+00:00,162.2100067138672
2023-11-27 19:30:00+00:00,162.13999938964844
2023-11-27 20:30:00+00:00,161.66000366210938
2023-11-28 14:30:00+00:00,160.36000061035156
2023-11-28 15:30:00+00:00,161.10000610351562
2023-11-28 16:30:00+00:00,160.94000244140625
2023-11-28 17:30:00+00:00,160.07000732421875
2023-11-28 18:30:00+00:00,159.97000122070312
2023-11-28 19:30:00+00:00,160.0749969482422
2023-11-28 20:30:00+00:00,160.74000549316406
2023-11-29 14:30:00+00:00,163.52000427246094
2023-11-29 15:30:00+00:00,162.6699981689453
2023-11-29 16:30:00+00:00,163.17999267578125
2023-11-29 17:30:00+00:00,163.05999755859375
2023-11-29 18:30:00+00:00,162.5762939453125
2023-11-29 19:30:00+00:00,162.09500122070312
2023-11-29 20:30:00+00:00,162.24000549316406
2023-11-30 14:30:00+00:00,160.75999450683594
2023-11-30 15:30:00+00:00,159.7899932861328
2023-11-30 16:30:00+00:00,159.8000030517578
2023-11-30 17:30:00+00:00,159.4600067138672
2023-11-30 18:30:00+00:00,159.66000366210938
2023-11-30 19:30:00+00:00,159.50999450683594
2023-11-30 20:30:00+00:00,160.47999572753906
2023-12-01 14:30:00+00:00,159.27000427246094
2023-12-01 15:30:00+00:00,160.83999633789062
2023-12-01 16:30:00+00:00,161.27999877929688
2023-12-01 17:30:00+00:00,161.1999969482422
2023-12-01 18:30:00+00:00,161.14999389648438
2023-12-01 19:30:00+00:00,161.25999450683594
2023-12-01 20:30:00+00:00,161.14999389648438
2023-12-04 14:30:00+00:00,157.4199981689453
2023-12-04 15:30:00+00:00,157.38999938964844
2023-12-04 16:30:00+00:00,158.24000549316406
2023-12-04 17:30:00+00:00,158.0800018310547
2023-12-04 18:30:00+00:00,158.0399932861328
2023-12-04 19:30:00+00:00,158.11000061035156
2023-12-04 20:30:00+00:00,158.75999450683594
2023-12-05 14:30:00+00:00,158.22999572753906
2023-12-05 15:30:00+00:00,157.72999572753906
2023-12-05 16:30:00+00:00,158.1699981689453
2023-12-05 17:30:00+00:00,158.26499938964844
2023-12-05 18:30:00+00:00,158.72000122070312
2023-12-05 19:30:00+00:00,158.6199951171875
2023-12-05 20:30:00+00:00,158.77999877929688
2023-12-06 14:30:00+00:00,159.44000244140625
2023-12-06 15:30:00+00:00,159.38999938964844
2023-12-06 16:30:00+00:00,159.0800018310547
2023-12-06 17:30:00+00:00,158.4949951171875
2023-12-06 18:30:00+00:00,158.0
2023-12-06 19:30:00+00:00,157.55499267578125
2023-12-06 20:30:00+00:00,157.5
2023-12-07 14:30:00+00:00,159.74000549316406
2023-12-07 15:30:00+00:00,159.5800018310547
2023-12-07 16:30:00+00:00,160.4600067138672
2023-12-07 17:30:00+00:00,160.41000366210938
2023-12-07 18:30:00+00:00,161.30499267578125
2023-12-07 19:30:00+00:00,160.9600067138672
2023-12-07 20:30:00+00:00,161.1199951171875
2023-12-08 14:30:00+00:00,162.82000732421875
2023-12-08 15:30:00+00:00,162.07000732421875
2023-12-08 16:30:00+00:00,161.9600067138672
2023-12-08 17:30:00+00:00,162.41000366210938
2023-12-08 18:30:00+00:00,162.66000366210938
2023-12-08 19:30:00+00:00,162.61500549316406
2023-12-08 20:30:00+00:00,162.4499969482422
2023-12-11 14:30:00+00:00,164.6999969482422
2023-12-11 15:30:00+00:00,165.1199951171875
2023-12-11 16:30:00+00:00,165.8000030517578
2023-12-11 17:30:00+00:00,166.2899932861328
2023-12-11 18:30:00+00:00,166.72999572753906
2023-12-11 19:30:00+00:00,166.24000549316406
2023-12-11 20:30:00+00:00,166.36000061035156
2023-12-12 14:30:00+00:00,166.97999572753906
2023-12-12 15:30:00+00:00,167.35000610351562
2023-12-12 16:30:00+00:00,166.88999938964844
2023-12-12 17:30:00+00:00,167.1300048828125
2023-12-12 18:30:00+00:00,167.69000244140625
2023-12-12 19:30:00+00:00,168.00999450683594
2023-12-12 20:30:00+00:00,168.19000244140625
2023-12-13 14:30:00+00:00,168.85000610351562
2023-12-13 15:30:00+00:00,168.59500122070312
2023-12-13 16:30:00+00:00,168.5500030517578
2023-12-13 17:30:00+00:00,167.97000122070312
2023-12-13 18:30:00+00:00,169.65499877929688
2023-12-13 19:30:00+00:00,169.38999938964844
2023-12-13 20:30:00+00:00,170.13999938964844
2023-12-14 14:30:00+00:00,172.9499969482422
2023-12-14 15:30:00+00:00,172.8000030517578
2023-12-14 16:30:00+00:00,173.1300048828125
2023-12-14 17:30:00+00:00,171.85000610351562
2023-12-14 18:30:00+00:00,172.80999755859375
2023-12-14 19:30:00+00:00,172.98500061035156
2023-12-14 20:30:00+00:00,173.26950073242188
2023-12-15 14:30:00+00:00,175.2100067138672
2023-12-15 15:30:00+00:00,175.69000244140625
2023-12-15 16:30:00+00:00,175.1199951171875
2023-12-15 17:30:00+00:00,175.10000610351562
2023-12-15 18:30:00+00:00,173.8300018310547
2023-12-15 19:30:00+00:00,174.06500244140625
2023-12-15 20:30:00+00:00,174.08999633789062
2023-12-18 14:30:00+00:00,172.8699951171875
2023-12-18 15:30:00+00:00,172.57000732421875
2023-12-18 16:30:00+00:00,172.8699951171875
2023-12-18 17:30:00+00:00,173.10000610351562
2023-12-18 18:30:00+00:00,173.58990478515625
2023-12-18 19:30:00+00:00,173.80999755859375
2023-12-18 20:30:00+00:00,173.3300018310547
2023-12-19 14:30:00+00:00,173.77000427246094
2023-12-19 15:30:00+00:00,173.22999572753906
2023-12-19 16:30:00+00:00,173.47000122070312
2023-12-19 17:30:00+00:00,173.6199951171875
2023-12-19 18:30:00+00:00,173.9199981689453
2023-12-19 19:30:00+00:00,173.72999572753906
2023-12-19 20:30:00+00:00,173.91000366210938
2023-12-20 14:30:00+00:00,173.11000061035156
2023-12-20 15:30:00+00:00,173.31910705566406
2023-12-20 16:30:00+00:00,173.4949951171875
2023-12-20 17:30:00+00:00,173.4499969482422
2023-12-20 18:30:00+00:00,172.4199981689453
2023-12-20 19:30:00+00:00,169.5399932861328
2023-12-20 20:30:00+00:00,169.08999633789062
2023-12-21 14:30:00+00:00,172.05999755859375
2023-12-21 15:30:00+00:00,172.5800018310547
2023-12-21 16:30:00+00:00,172.05999755859375
2023-12-21 17:30:00+00:00,172.1199951171875
2023-12-21 18:30:00+00:00,172.2100067138672
2023-12-21 19:30:00+00:00,173.3699951171875
2023-12-21 20:30:00+00:00,173.27999877929688
2023-12-22 14:30:00+00:00,174.1999969482422
2023-12-22 15:30:00+00:00,173.9499969482422
2023-12-22 16:30:00+00:00,173.75
2023-12-22 17:30:00+00:00,174.01499938964844
2023-12-22 18:30:00+00:00,172.75
2023-12-22 19:30:00+00:00,173.25999450683594
2023-12-22 20:30:00+00:00,173.3000030517578
2023-12-26 14:30:00+00:00,175.3800048828125
2023-12-26 15:30:00+00:00,175.30999755859375
2023-12-26 16:30:00+00:00,175.4600067138672
2023-12-26 17:30:00+00:00,175.66000366210938
2023-12-26 18:30:00+00:00,175.55999755859375
2023-12-26 19:30:00+00:00,176.1649932861328
2023-12-26 20:30:00+00:00,175.72999572753906
2023-12-27 14:30:00+00:00,175.60499572753906
2023-12-27 15:30:00+00:00,175.67999267578125
2023-12-27 16:30:00+00:00,175.7100067138672
2023-12-27 17:30:00+00:00,175.76499938964844
2023-12-27 18:30:00+00:00,175.74000549316406
2023-12-27 19:30:00+00:00,175.74000549316406
2023-12-27 20:30:00+00:00,176.0
2023-12-28 14:30:00+00:00,176.4149932861328
2023-12-28 15:30:00+00:00,176.1999969482422
2023-12-28 16:30:00+00:00,176.3300018310547
2023-12-28 17:30:00+00:00,176.32000732421875
2023-12-28 18:30:00+00:00,176.22999572753906
2023-12-28 19:30:00+00:00,175.97999572753906
2023-12-28 20:30:00+00:00,175.82000732421875
2023-12-29 14:30:00+00:00,175.91000366210938
2023-12-29 15:30:00+00:00,173.72000122070312
2023-12-29 16:30:00+00:00,174.1501007080078
2023-12-29 17:30:00+00:00,174.74000549316406
2023-12-29 18:30:00+00:00,175.23500061035156
2023-12-29 19:30:00+00:00,175.27789306640625
2023-12-29 20:30:00+00:00,174.85000610351562
2024-01-02 14:30:00+00:00,169.6300048828125
2024-01-02 15:30:00+00:00,170.1199951171875
2024-01-02 16:30:00+00:00,169.8350067138672
2024-01-02 17:30:00+00:00,169.72999572753906
2024-01-02 18:30:00+00:00,169.22999572753906
2024-01-02 19:30:00+00:00,167.8800048828125
2024-01-02 20:30:00+00:00,168.89999389648438
2024-01-03 14:30:00+00:00,166.05999755859375
2024-01-03 15:30:00+00:00,166.22999572753906
2024-01-03 16:30:00+00:00,166.02000427246094
2024-01-03 17:30:00+00:00,166.19000244140625
2024-01-03 18:30:00+00:00,166.33999633789062
2024-01-03 19:30:00+00:00,165.8699951171875
2024-01-03 20:30:00+00:00,165.94000244140625
2024-01-04 14:30:00+00:00,165.64999389648438
2024-01-04 15:30:00+00:00,166.47000122070312
2024-01-04 16:30:00+00:00,165.8699951171875
2024-01-04 17:30:00+00:00,165.6905059814453
2024-01-04 18:30:00+00:00,165.25
2024-01-04 19:30:00+00:00,165.72999572753906
2024-01-04 20:30:00+00:00,165.0
2024-01-05 14:30:00+00:00,166.85000610351562
2024-01-05 15:30:00+00:00,166.9499969482422
2024-01-05 16:30:00+00:00,166.14999389648438
2024-01-05 17:30:00+00:00,166.19000244140625
2024-01-05 18:30:00+00:00,166.05999755859375
2024-01-05 19:30:00+00:00,165.33999633789062
2024-01-05 20:30:00+00:00,166.0800018310547
2024-01-08 14:30:00+00:00,170.5500030517578
2024-01-08 15:30:00+00:00,170.61000061035156
2024-01-08 16:30:00+00:00,171.07000732421875
2024-01-08 17:30:00+00:00,171.35980224609375
2024-01-08 18:30:00+00:00,171.7050018310547
2024-01-08 19:30:00+00:00,171.3249969482422
2024-01-08 20:30:00+00:00,171.97000122070312
2024-01-09 14:30:00+00:00,171.32000732421875
2024-01-09 15:30:00+00:00,171.7642059326172
2024-01-09 16:30:00+00:00,172.8000030517578
2024-01-09 17:30:00+00:00,173.1999969482422
2024-01-09 18:30:00+00:00,172.9499969482422
2024-01-09 19:30:00+00:00,172.7100067138672
2024-01-09 20:30:00+00:00,172.38999938964844
2024-01-10 14:30:00+00:00,171.97999572753906
2024-01-10 15:30:00+00:00,172.0800018310547
2024-01-10 16:30:00+00:00,172.1999969482422
2024-01-10 17:30:00+00:00,172.25999450683594
2024-01-10 18:30:00+00:00,172.50999450683594
2024-01-10 19:30:00+00:00,172.3000030517578
2024-01-10 20:30:00+00:00,172.57000732421875
2024-01-11 14:30:00+00:00,172.22000122070312
2024-01-11 15:30:00+00:00,170.89999389648438
2024-01-11 16:30:00+00:00,171.07000732421875
2024-01-11 17:30:00+00:00,172.67999267578125
2024-01-11 18:30:00+00:00,173.24000549316406
2024-01-11 19:30:00+00:00,173.3000030517578
2024-01-11 20:30:00+00:00,173.5399932861328
2024-01-12 14:30:00+00:00,173.1699981689453
2024-01-12 15:30:00+00:00,172.83999633789062
2024-01-12 16:30:00+00:00,172.47500610351562
2024-01-12 17:30:00+00:00,172.67999267578125
2024-01-12 18:30:00+00:00,172.88999938964844
2024-01-12 19:30:00+00:00,172.80999755859375
2024-01-12 20:30:00+00:00,172.92999267578125
2024-01-16 14:30:00+00:00,175.35000610351562
2024-01-16 15:30:00+00:00,176.07000732421875
2024-01-16 16:30:00+00:00,175.1300048828125
2024-01-16 17:30:00+00:00,175.41000366210938
2024-01-16 18:30:00+00:00,174.72000122070312
2024-01-16 19:30:00+00:00,175.1999969482422
2024-01-16 20:30:00+00:00,175.72999572753906
2024-01-17 14:30:00+00:00,172.6199951171875
2024-01-17 15:30:00+00:00,173.38580322265625
2024-01-17 16:30:00+00:00,172.89999389648438
2024-01-17 17:30:00+00:00,172.7100067138672
2024-01-17 18:30:00+00:00,173.69500732421875
2024-01-17 19:30:00+00:00,173.6999969482422
2024-01-17 20:30:00+00:00,174.66000366210938
2024-01-18 14:30:00+00:00,179.22000122070312
2024-01-18 15:30:00+00:00,180.2689971923828
2024-01-18 16:30:00+00:00,179.2449951171875
2024-01-18 17:30:00+00:00,177.6300048828125
2024-01-18 18:30:00+00:00,179.7100067138672
2024-01-18 19:30:00+00:00,180.14999389648438
2024-01-18 20:30:00+00:00,180.32000732421875
2024-01-19 14:30:00+00:00,183.1199951171875
2024-01-19 15:30:00+00:00,183.77000427246094
2024-01-19 16:30:00+00:00,185.0449981689453
2024-01-19 17:30:00+00:00,185.9499969482422
2024-01-19 18:30:00+00:00,186.75
2024-01-19 19:30:00+00:00,186.91000366210938
2024-01-19 20:30:00+00:00,187.25
2024-01-22 14:30:00+00:00,187.35000610351562
2024-01-22 15:30:00+00:00,188.07000732421875
2024-01-22 16:30:00+00:00,188.13999938964844
2024-01-22 17:30:00+00:00,187.6699981689453
2024-01-22 18:30:00+00:00,187.97999572753906
2024-01-22 19:30:00+00:00,188.5399932861328
2024-01-22 20:30:00+00:00,188.07000732421875
2024-01-23 14:30:00+00:00,187.63999938964844
2024-01-23 15:30:00+00:00,187.85000610351562
2024-01-23 16:30:00+00:00,188.0399932861328
2024-01-23 17:30:00+00:00,188.22000122070312
2024-01-23 18:30:00+00:00,188.10000610351562
2024-01-23 19:30:00+00:00,188.88999938964844
2024-01-23 20:30:00+00:00,188.99000549316406
2024-01-24 14:30:00+00:00,193.33999633789062
2024-01-24 15:30:00+00:00,193.4302978515625
2024-01-24 16:30:00+00:00,194.5200958251953
2024-01-24 17:30:00+00:00,194.60000610351562
2024-01-24 18:30:00+00:00,192.72999572753906
2024-01-24 19:30:00+00:00,191.8699951171875
2024-01-24 20:30:00+00:00,192.35000610351562
2024-01-25 14:30:00+00:00,195.47999572753906
2024-01-25 15:30:00+00:00,194.8892059326172
2024-01-25 16:30:00+00:00,194.19000244140625
2024-01-25 17:30:00+00:00,193.16000366210938
2024-01-25 18:30:00+00:00,191.91000366210938
2024-01-25 19:30:00+00:00,192.4600067138672
2024-01-25 20:30:00+00:00,192.4199981689453
2024-01-26 14:30:00+00:00,189.72999572753906
2024-01-26 15:30:00+00:00,189.75
2024-01-26 16:30:00+00:00,189.14999389648438
2024-01-26 17:30:00+00:00,188.5
2024-01-26 18:30:00+00:00,188.17999267578125
2024-01-26 19:30:00+00:00,188.5449981689453
2024-01-26 20:30:00+00:00,188.25999450683594
2024-01-29 14:30:00+00:00,188.5850067138672
2024-01-29 15:30:00+00:00,188.32000732421875
2024-01-29 16:30:00+00:00,188.73199462890625
2024-01-29 17:30:00+00:00,188.5489959716797
2024-01-29 18:30:00+00:00,188.86000061035156
2024-01-29 19:30:00+00:00,190.35000610351562
2024-01-29 20:30:00+00:00,190.5
2024-01-30 14:30:00+00:00,190.2769012451172
2024-01-30 15:30:00+00:00,189.8300018310547
2024-01-30 16:30:00+00:00,189.08599853515625
2024-01-30 17:30:00+00:00,188.75
2024-01-30 18:30:00+00:00,188.19000244140625
2024-01-30 19:30:00+00:00,188.7899932861328
2024-01-30 20:30:00+00:00,188.60000610351562
2024-01-31 14:30:00+00:00,185.05999755859375
2024-01-31 15:30:00+00:00,185.52000427246094
2024-01-31 16:30:00+00:00,186.0800018310547
2024-01-31 17:30:00+00:00,186.3699951171875
2024-01-31 18:30:00+00:00,186.05999755859375
2024-01-31 19:30:00+00:00,186.32000732421875
2024-01-31 20:30:00+00:00,185.8000030517578
2024-02-01 14:30:00+00:00,186.5050048828125
2024-02-01 15:30:00+00:00,185.32000732421875
2024-02-01 16:30:00+00:00,186.47000122070312
2024-02-01 17:30:00+00:00,186.91000366210938
2024-02-01 18:30:00+00:00,187.1999969482422
2024-02-01 19:30:00+00:00,187.8350067138672
2024-02-01 20:30:00+00:00,187.58999633789062
2024-02-02 14:30:00+00:00,189.33999633789062
2024-02-02 15:30:00+00:00,190.05999755859375
2024-02-02 16:30:00+00:00,191.57000732421875
2024-02-02 17:30:00+00:00,190.67999267578125
2024-02-02 18:30:00+00:00,191.0800018310547
2024-02-02 19:30:00+00:00,191.41000366210938
2024-02-02 20:30:00+00:00,191.22999572753906
2024-02-05 14:30:00+00:00,192.6999969482422
2024-02-05 15:30:00+00:00,192.860107421875
2024-02-05 16:30:00+00:00,194.05999755859375
2024-02-05 17:30:00+00:00,194.44659423828125
2024-02-05 18:30:00+00:00,194.91000366210938
2024-02-05 19:30:00+00:00,194.64999389648438
2024-02-05 20:30:00+00:00,194.99000549316406
2024-02-06 14:30:00+00:00,192.6300048828125
2024-02-06 15:30:00+00:00,192.625
2024-02-06 16:30:00+00:00,191.01499938964844
2024-02-06 17:30:00+00:00,191.16000366210938
2024-02-06 18:30:00+00:00,191.5500030517578
2024-02-06 19:30:00+00:00,192.6999969482422
2024-02-06 20:30:00+00:00,192.72000122070312
2024-02-07 14:30:00+00:00,195.84500122070312
2024-02-07 15:30:00+00:00,195.14500427246094
2024-02-07 16:30:00+00:00,195.11000061035156
2024-02-07 17:30:00+00:00,195.8000030517578
2024-02-07 18:30:00+00:00,195.9199981689453
2024-02-07 19:30:00+00:00,196.6999969482422
2024-02-07 20:30:00+00:00,196.66000366210938
2024-02-08 14:30:00+00:00,198.47000122070312
2024-02-08 15:30:00+00:00,199.77999877929688
2024-02-08 16:30:00+00:00,200.16000366210938
2024-02-08 17:30:00+00:00,200.60000610351562
2024-02-08 18:30:00+00:00,199.8300018310547
2024-02-08 19:30:00+00:00,200.00999450683594
2024-02-08 20:30:00+00:00,199.47000122070312
2024-02-09 14:30:00+00:00,202.02000427246094
2024-02-09 15:30:00+00:00,202.3300018310547
2024-02-09 16:30:00+00:00,202.70010375976562
2024-02-09 17:30:00+00:00,203.4600067138672
2024-02-09 18:30:00+00:00,203.9600067138672
2024-02-09 19:30:00+00:00,203.5500030517578
2024-02-09 20:30:00+00:00,203.85000610351562
2024-02-12 14:30:00+00:00,205.0
2024-02-12 15:30:00+00:00,206.3699951171875
2024-02-12 16:30:00+00:00,206.0
2024-02-12 17:30:00+00:00,205.1300048828125
2024-02-12 18:30:00+00:00,203.0399932861328
2024-02-12 19:30:00+00:00,203.47000122070312
2024-02-12 20:30:00+00:00,203.10000610351562
2024-02-13 14:30:00+00:00,199.92999267578125
2024-02-13 15:30:00+00:00,200.8300018310547
2024-02-13 16:30:00+00:00,199.3800048828125
2024-02-13 17:30:00+00:00,199.25999450683594
2024-02-13 18:30:00+00:00,198.47999572753906
2024-02-13 19:30:00+00:00,197.77000427246094
2024-02-13 20:30:00+00:00,199.25
2024-02-14 14:30:00+00:00,203.6199951171875
2024-02-14 15:30:00+00:00,201.38999938964844
2024-02-14 16:30:00+00:00,201.91990661621094
2024-02-14 17:30:00+00:00,201.8800048828125
2024-02-14 18:30:00+00:00,202.18829345703125
2024-02-14 19:30:00+00:00,202.83999633789062
2024-02-14 20:30:00+00:00,203.30999755859375
2024-02-15 14:30:00+00:00,202.77000427246094
2024-02-15 15:30:00+00:00,202.9600067138672
2024-02-15 16:30:00+00:00,203.1699981689453
2024-02-15 17:30:00+00:00,203.86000061035156
2024-02-15 18:30:00+00:00,204.02999877929688
2024-02-15 19:30:00+00:00,203.0399932861328
2024-02-15 20:30:00+00:00,202.60000610351562
2024-02-16 14:30:00+00:00,202.54010009765625
2024-02-16 15:30:00+00:00,204.3699951171875
2024-02-16 16:30:00+00:00,204.55209350585938
2024-02-16 17:30:00+00:00,203.41000366210938
2024-02-16 18:30:00+00:00,204.27000427246094
2024-02-16 19:30:00+00:00,202.7899932861328
2024-02-16 20:30:00+00:00,201.72999572753906
2024-02-20 14:30:00+00:00,195.4600067138672
2024-02-20 15:30:00+00:00,196.41000366210938
2024-02-20 16:30:00+00:00,195.17999267578125
2024-02-20 17:30:00+00:00,195.64999389648438
2024-02-20 18:30:00+00:00,196.69000244140625
2024-02-20 19:30:00+00:00,197.63999938964844
2024-02-20 20:30:00+00:00,197.8000030517578
2024-02-21 14:30:00+00:00,195.10000610351562
2024-02-21 15:30:00+00:00,195.64999389648438
2024-02-21 16:30:00+00:00,194.9499969482422
2024-02-21 17:30:00+00:00,195.02999877929688
2024-02-21 18:30:00+00:00,194.2899932861328
2024-02-21 19:30:00+00:00,194.88999938964844
2024-02-21 20:30:00+00:00,196.52999877929688
2024-02-22 14:30:00+00:00,209.72610473632812
2024-02-22 15:30:00+00:00,209.3800048828125
2024-02-22 16:30:00+00:00,209.74000549316406
2024-02-22 17:30:00+00:00,209.4199981689453
2024-02-22 18:30:00+00:00,210.50999450683594
2024-02-22 19:30:00+00:00,210.02999877929688
2024-02-22 20:30:00+00:00,209.97000122070312
2024-02-23 14:30:00+00:00,209.42999267578125
2024-02-23 15:30:00+00:00,208.86000061035156
2024-02-23 16:30:00+00:00,209.3300018310547
2024-02-23 17:30:00+00:00,210.11000061035156
2024-02-23 18:30:00+00:00,209.27999877929688
2024-02-23 19:30:00+00:00,208.3000030517578
2024-02-23 20:30:00+00:00,208.55999755859375
2024-02-26 14:30:00+00:00,210.57000732421875
2024-02-26 15:30:00+00:00,210.97000122070312
2024-02-26 16:30:00+00:00,211.38999938964844
2024-02-26 17:30:00+00:00,210.79010009765625
2024-02-26 18:30:00+00:00,211.02999877929688
2024-02-26 19:30:00+00:00,210.86000061035156
2024-02-26 20:30:00+00:00,210.33999633789062
2024-02-27 14:30:00+00:00,210.5399932861328
2024-02-27 15:30:00+00:00,210.2700958251953
2024-02-27 16:30:00+00:00,210.4199981689453
2024-02-27 17:30:00+00:00,210.1699981689453
2024-02-27 18:30:00+00:00,210.3000030517578
2024-02-27 19:30:00+00:00,210.58529663085938
2024-02-27 20:30:00+00:00,209.74000549316406
2024-02-28 14:30:00+00:00,206.82000732421875
2024-02-28 15:30:00+00:00,208.1300048828125
2024-02-28 16:30:00+00:00,207.91000366210938
2024-02-28 17:30:00+00:00,208.10000610351562
2024-02-28 18:30:00+00:00,207.69000244140625
2024-02-28 19:30:00+00:00,208.02000427246094
2024-02-28 20:30:00+00:00,207.43499755859375
2024-02-29 14:30:00+00:00,210.51800537109375
2024-02-29 15:30:00+00:00,210.07000732421875
2024-02-29 16:30:00+00:00,210.2899932861328
2024-02-29 17:30:00+00:00,211.74000549316406
2024-02-29 18:30:00+00:00,211.5399932861328
2024-02-29 19:30:00+00:00,211.4499969482422
2024-02-29 20:30:00+00:00,211.69000244140625
2024-03-01 14:30:00+00:00,217.1699981689453
2024-03-01 15:30:00+00:00,219.02999877929688
2024-03-01 16:30:00+00:00,219.36000061035156
2024-03-01 17:30:00+00:00,220.16000366210938
2024-03-01 18:30:00+00:00,221.22000122070312
2024-03-01 19:30:00+00:00,220.20989990234375
2024-03-01 20:30:00+00:00,220.5500030517578
2024-03-04 14:30:00+00:00,224.57000732421875
2024-03-04 15:30:00+00:00,224.63999938964844
2024-03-04 16:30:00+00:00,225.5399932861328
2024-03-04 17:30:00+00:00,225.49000549316406
2024-03-04 18:30:00+00:00,226.22000122070312
2024-03-04 19:30:00+00:00,226.0399932861328
2024-03-04 20:30:00+00:00,224.10000610351562
2024-03-05 14:30:00+00:00,220.4149932861328
2024-03-05 15:30:00+00:00,220.74000549316406
2024-03-05 16:30:00+00:00,220.77999877929688
2024-03-05 17:30:00+00:00,219.4499969482422
2024-03-05 18:30:00+00:00,219.3300018310547
2024-03-05 19:30:00+00:00,218.42999267578125
2024-03-05 20:30:00+00:00,220.66000366210938
2024-03-06 14:30:00+00:00,225.3699951171875
2024-03-06 15:30:00+00:00,226.75999450683594
2024-03-06 16:30:00+00:00,227.98980712890625
2024-03-06 17:30:00+00:00,228.4600067138672
2024-03-06 18:30:00+00:00,227.57000732421875
2024-03-06 19:30:00+00:00,225.75999450683594
2024-03-06 20:30:00+00:00,226.44000244140625
2024-03-07 14:30:00+00:00,232.38999938964844
2024-03-07 15:30:00+00:00,233.8699951171875
2024-03-07 16:30:00+00:00,234.33999633789062
2024-03-07 17:30:00+00:00,234.0749969482422
2024-03-07 18:30:00+00:00,234.72000122070312
2024-03-07 19:30:00+00:00,233.78500366210938
2024-03-07 20:30:00+00:00,234.19000244140625
2024-03-08 14:30:00+00:00,238.83999633789062
2024-03-08 15:30:00+00:00,229.85000610351562
2024-03-08 16:30:00+00:00,228.9600067138672
2024-03-08 17:30:00+00:00,225.8000030517578
2024-03-08 18:30:00+00:00,226.86000061035156
2024-03-08 19:30:00+00:00,225.97000122070312
2024-03-08 20:30:00+00:00,224.9499969482422
2024-03-11 13:30:00+00:00,221.4499969482422
2024-03-11 14:30:00+00:00,220.89999389648438
2024-03-11 15:30:00+00:00,221.6999053955078
2024-03-11 16:30:00+00:00,221.61000061035156
2024-03-11 17:30:00+00:00,221.22999572753906
2024-03-11 18:30:00+00:00,220.32989501953125
2024-03-11 19:30:00+00:00,220.94000244140625
2024-03-12 13:30:00+00:00,223.8000030517578
2024-03-12 14:30:00+00:00,227.08999633789062
2024-03-12 15:30:00+00:00,225.6199951171875
2024-03-12 16:30:00+00:00,225.1199951171875
2024-03-12 17:30:00+00:00,225.80999755859375
2024-03-12 18:30:00+00:00,226.4499969482422
2024-03-12 19:30:00+00:00,227.97000122070312
2024-03-13 13:30:00+00:00,223.1699981689453
2024-03-13 14:30:00+00:00,221.83999633789062
2024-03-13 15:30:00+00:00,221.9199981689453
2024-03-13 16:30:00+00:00,223.69000244140625
2024-03-13 17:30:00+00:00,223.50999450683594
2024-03-13 18:30:00+00:00,223.16000366210938
2024-03-13 19:30:00+00:00,223.4499969482422
2024-03-14 13:30:00+00:00,221.0399932861328
2024-03-14 14:30:00+00:00,219.5500030517578
2024-03-14 15:30:00+00:00,219.9199981689453
2024-03-14 16:30:00+00:00,218.9199981689453
2024-03-14 17:30:00+00:00,220.02000427246094
2024-03-14 18:30:00+00:00,218.0
2024-03-14 19:30:00+00:00,219.42999267578125
2024-03-15 13:30:00+00:00,218.54910278320312
2024-03-15 14:30:00+00:00,219.0800018310547
2024-03-15 15:30:00+00:00,218.53469848632812
2024-03-15 16:30:00+00:00,218.77000427246094
2024-03-15 17:30:00+00:00,218.88999938964844
2024-03-15 18:30:00+00:00,218.8800048828125
2024-03-15 19:30:00+00:00,217.91000366210938
2024-03-18 13:30:00+00:00,221.52499389648438
2024-03-18 14:30:00+00:00,219.4199981689453
2024-03-18 15:30:00+00:00,219.33999633789062
2024-03-18 16:30:00+00:00,218.9499969482422
2024-03-18 17:30:00+00:00,219.77000427246094
2024-03-18 18:30:00+00:00,219.24000549316406
2024-03-18 19:30:00+00:00,218.27999877929688
2024-03-19 13:30:00+00:00,212.97000122070312
2024-03-19 14:30:00+00:00,214.41000366210938
2024-03-19 15:30:00+00:00,216.41000366210938
2024-03-19 16:30:00+00:00,217.94000244140625
2024-03-19 17:30:00+00:00,218.30499267578125
2024-03-19 18:30:00+00:00,216.94000244140625
2024-03-19 19:30:00+00:00,217.77999877929688
2024-03-20 13:30:00+00:00,218.05999755859375
2024-03-20 14:30:00+00:00,217.92999267578125
2024-03-20 15:30:00+00:00,217.7100067138672
2024-03-20 16:30:00+00:00,217.06199645996094
2024-03-20 17:30:00+00:00,219.14999389648438
2024-03-20 18:30:00+00:00,221.0500030517578
2024-03-20 19:30:00+00:00,221.32000732421875
2024-03-21 13:30:00+00:00,227.91000366210938
2024-03-21 14:30:00+00:00,228.7895050048828
2024-03-21 15:30:00+00:00,229.82000732421875
2024-03-21 16:30:00+00:00,229.17999267578125
2024-03-21 17:30:00+00:00,227.60000610351562
2024-03-21 18:30:00+00:00,226.75
2024-03-21 19:30:00+00:00,226.3000030517578
2024-03-22 13:30:00+00:00,226.52999877929688
2024-03-22 14:30:00+00:00,227.3699951171875
2024-03-22 15:30:00+00:00,227.58999633789062
2024-03-22 16:30:00+00:00,228.85000610351562
2024-03-22 17:30:00+00:00,228.44000244140625
2024-03-22 18:30:00+00:00,227.14849853515625
2024-03-22 19:30:00+00:00,227.61000061035156
2024-03-25 13:30:00+00:00,228.10000610351562
2024-03-25 14:30:00+00:00,228.5749969482422
2024-03-25 15:30:00+00:00,227.86000061035156
2024-03-25 16:30:00+00:00,228.5399932861328
2024-03-25 17:30:00+00:00,228.97000122070312
2024-03-25 18:30:00+00:00,227.83999633789062
2024-03-25 19:30:00+00:00,227.0800018310547
2024-03-26 13:30:00+00:00,227.27999877929688
2024-03-26 14:30:00+00:00,227.2899932861328
2024-03-26 15:30:00+00:00,227.0399932861328
2024-03-26 16:30:00+00:00,227.07000732421875
2024-03-26 17:30:00+00:00,227.42999267578125
2024-03-26 18:30:00+00:00,226.22000122070312
2024-03-26 19:30:00+00:00,224.80499267578125
2024-03-27 13:30:00+00:00,222.89999389648438
2024-03-27 14:30:00+00:00,223.02000427246094
2024-03-27 15:30:00+00:00,223.82870483398438
2024-03-27 16:30:00+00:00,223.96499633789062
2024-03-27 17:30:00+00:00,224.47999572753906
2024-03-27 18:30:00+00:00,223.4949951171875
2024-03-27 19:30:00+00:00,224.88999938964844
2024-03-28 13:30:00+00:00,224.75
2024-03-28 14:30:00+00:00,225.46009826660156
2024-03-28 15:30:00+00:00,225.25999450683594
2024-03-28 16:30:00+00:00,224.6699981689453
2024-03-28 17:30:00+00:00,224.77000427246094
2024-03-28 18:30:00+00:00,225.0800018310547
2024-03-28 19:30:00+00:00,224.9600067138672
2024-04-01 13:30:00+00:00,229.50999450683594
2024-04-01 14:30:00+00:00,227.75
2024-04-01 15:30:00+00:00,228.27000427246094
2024-04-01 16:30:00+00:00,227.27000427246094
2024-04-01 17:30:00+00:00,227.5
2024-04-01 18:30:00+00:00,227.31500244140625
2024-04-01 19:30:00+00:00,227.89999389648438
2024-04-02 13:30:00+00:00,223.3000030517578
2024-04-02 14:30:00+00:00,223.9499969482422
2024-04-02 15:30:00+00:00,223.3000030517578
2024-04-02 16:30:00+00:00,223.9600067138672
2024-04-02 17:30:00+00:00,224.42999267578125
2024-04-02 18:30:00+00:00,224.44000244140625
2024-04-02 19:30:00+00:00,224.97000122070312
2024-04-03 13:30:00+00:00,227.00999450683594
2024-04-03 14:30:00+00:00,227.11500549316406
2024-04-03 15:30:00+00:00,226.69000244140625
2024-04-03 16:30:00+00:00,227.0800018310547
2024-04-03 17:30:00+00:00,226.75
2024-04-03 18:30:00+00:00,225.24000549316406
2024-04-03 19:30:00+00:00,225.8699951171875
2024-04-04 13:30:00+00:00,228.25999450683594
2024-04-04 14:30:00+00:00,227.17999267578125
2024-04-04 15:30:00+00:00,228.08999633789062
2024-04-04 16:30:00+00:00,227.88999938964844
2024-04-04 17:30:00+00:00,224.5
2024-04-04 18:30:00+00:00,219.74000549316406
2024-04-04 19:30:00+00:00,219.75
2024-04-05 13:30:00+00:00,221.0
2024-04-05 14:30:00+00:00,222.4600067138672
2024-04-05 15:30:00+00:00,223.22000122070312
2024-04-05 16:30:00+00:00,223.38999938964844
2024-04-05 17:30:00+00:00,222.17999267578125
2024-04-05 18:30:00+00:00,222.1300048828125
2024-04-05 19:30:00+00:00,222.69000244140625
2024-04-08 13:30:00+00:00,224.42999267578125
2024-04-08 14:30:00+00:00,223.89999389648438
2024-04-08 15:30:00+00:00,222.8300018310547
2024-04-08 16:30:00+00:00,223.52999877929688
2024-04-08 17:30:00+00:00,223.47000122070312
2024-04-08 18:30:00+00:00,223.27999877929688
2024-04-08 19:30:00+00:00,223.07000732421875
2024-04-09 13:30:00+00:00,222.1999969482422
2024-04-09 14:30:00+00:00,221.5500030517578
2024-04-09 15:30:00+00:00,222.63999938964844
2024-04-09 16:30:00+00:00,222.46499633789062
2024-04-09 17:30:00+00:00,222.52999877929688
2024-04-09 18:30:00+00:00,223.72000122070312
2024-04-09 19:30:00+00:00,224.13999938964844
2024-04-10 13:30:00+00:00,223.35000610351562
2024-04-10 14:30:00+00:00,223.02000427246094
2024-04-10 15:30:00+00:00,221.9199981689453
2024-04-10 16:30:00+00:00,221.92999267578125
2024-04-10 17:30:00+00:00,221.3699951171875
2024-04-10 18:30:00+00:00,221.92999267578125
2024-04-10 19:30:00+00:00,222.14999389648438
2024-04-11 13:30:00+00:00,222.77000427246094
2024-04-11 14:30:00+00:00,223.52000427246094
2024-04-11 15:30:00+00:00,223.82400512695312
2024-04-11 16:30:00+00:00,225.75
2024-04-11 17:30:00+00:00,226.9600067138672
2024-04-11 18:30:00+00:00,227.13999938964844
2024-04-11 19:30:00+00:00,227.3300018310547
2024-04-12 13:30:00+00:00,222.41000366210938
2024-04-12 14:30:00+00:00,222.19000244140625
2024-04-12 15:30:00+00:00,221.42999267578125
2024-04-12 16:30:00+00:00,220.89999389648438
2024-04-12 17:30:00+00:00,220.91000366210938
2024-04-12 18:30:00+00:00,220.13999938964844
2024-04-12 19:30:00+00:00,220.6300048828125
2024-04-15 13:30:00+00:00,222.6999969482422
2024-04-15 14:30:00+00:00,222.07000732421875
2024-04-15 15:30:00+00:00,221.5399932861328
2024-04-15 16:30:00+00:00,218.27000427246094
2024-04-15 17:30:00+00:00,217.8000030517578
2024-04-15 18:30:00+00:00,216.69000244140625
2024-04-15 19:30:00+00:00,217.38999938964844
2024-04-16 13:30:00+00:00,217.9499969482422
2024-04-16 14:30:00+00:00,219.32000732421875
2024-04-16 15:30:00+00:00,219.0399932861328
2024-04-16 16:30:00+00:00,219.22000122070312
2024-04-16 17:30:00+00:00,218.5399932861328
2024-04-16 18:30:00+00:00,220.01010131835938
2024-04-16 19:30:00+00:00,219.1999969482422
2024-04-17 13:30:00+00:00,216.6199951171875
2024-04-17 14:30:00+00:00,215.80599975585938
2024-04-17 15:30:00+00:00,213.5399932861328
2024-04-17 16:30:00+00:00,213.92999267578125
2024-04-17 17:30:00+00:00,213.63999938964844
2024-04-17 18:30:00+00:00,212.14500427246094
2024-04-17 19:30:00+00:00,212.3800048828125
2024-04-18 13:30:00+00:00,210.19000244140625
2024-04-18 14:30:00+00:00,211.5500030517578
2024-04-18 15:30:00+00:00,211.0198974609375
2024-04-18 16:30:00+00:00,208.9600067138672
2024-04-18 17:30:00+00:00,208.91000366210938
2024-04-18 18:30:00+00:00,208.82000732421875
2024-04-18 19:30:00+00:00,208.6300048828125
2024-04-19 13:30:00+00:00,205.2100067138672
2024-04-19 14:30:00+00:00,204.27000427246094
2024-04-19 15:30:00+00:00,201.91639709472656
2024-04-19 16:30:00+00:00,202.64999389648438
2024-04-19 17:30:00+00:00,200.88999938964844
2024-04-19 18:30:00+00:00,199.74989318847656
2024-04-19 19:30:00+00:00,199.14999389648438
2024-04-22 13:30:00+00:00,199.7550048828125
2024-04-22 14:30:00+00:00,200.47000122070312
2024-04-22 15:30:00+00:00,201.41000366210938
2024-04-22 16:30:00+00:00,202.88999938964844
2024-04-22 17:30:00+00:00,203.80999755859375
2024-04-22 18:30:00+00:00,203.5
2024-04-22 19:30:00+00:00,202.9600067138672
2024-04-23 13:30:00+00:00,207.47999572753906
2024-04-23 14:30:00+00:00,207.2899932861328
2024-04-23 15:30:00+00:00,207.7100067138672
2024-04-23 16:30:00+00:00,207.25
2024-04-23 17:30:00+00:00,208.4199981689453
2024-04-23 18:30:00+00:00,208.0500030517578
2024-04-23 19:30:00+00:00,207.6999969482422
2024-04-24 13:30:00+00:00,211.44000244140625
2024-04-24 14:30:00+00:00,209.1999969482422
2024-04-24 15:30:00+00:00,207.72999572753906
2024-04-24 16:30:00+00:00,208.7899932861328
2024-04-24 17:30:00+00:00,207.72999572753906
2024-04-24 18:30:00+00:00,208.19000244140625
2024-04-24 19:30:00+00:00,208.0500030517578
2024-04-25 13:30:00+00:00,210.88999938964844
2024-04-25 14:30:00+00:00,210.27499389648438
2024-04-25 15:30:00+00:00,211.0399932861328
2024-04-25 16:30:00+00:00,211.8800048828125
2024-04-25 17:30:00+00:00,212.13999938964844
2024-04-25 18:30:00+00:00,213.4600067138672
2024-04-25 19:30:00+00:00,212.27000427246094
2024-04-26 13:30:00+00:00,216.10000610351562
2024-04-26 14:30:00+00:00,216.99000549316406
2024-04-26 15:30:00+00:00,216.86000061035156
2024-04-26 16:30:00+00:00,218.4499969482422
2024-04-26 17:30:00+00:00,217.73989868164062
2024-04-26 18:30:00+00:00,218.07000732421875
2024-04-26 19:30:00+00:00,217.72000122070312
2024-04-29 13:30:00+00:00,217.22999572753906
2024-04-29 14:30:00+00:00,217.0850067138672
2024-04-29 15:30:00+00:00,217.6199951171875
2024-04-29 16:30:00+00:00,218.42999267578125
2024-04-29 17:30:00+00:00,218.1699981689453
2024-04-29 18:30:00+00:00,217.49000549316406
2024-04-29 19:30:00+00:00,218.4199981689453
2024-04-30 13:30:00+00:00,218.13499450683594
2024-04-30 14:30:00+00:00,217.30499267578125
2024-04-30 15:30:00+00:00,216.69500732421875
2024-04-30 16:30:00+00:00,215.55999755859375
2024-04-30 17:30:00+00:00,215.75999450683594
2024-04-30 18:30:00+00:00,215.7899932861328
2024-04-30 19:30:00+00:00,214.1300048828125
2024-05-01 13:30:00+00:00,209.47999572753906
2024-05-01 14:30:00+00:00,207.97500610351562
2024-05-01 15:30:00+00:00,207.61000061035156
2024-05-01 16:30:00+00:00,207.60000610351562
2024-05-01 17:30:00+00:00,210.22000122070312
2024-05-01 18:30:00+00:00,212.1699981689453
2024-05-01 19:30:00+00:00,207.75
2024-05-02 13:30:00+00:00,209.47000122070312
2024-05-02 14:30:00+00:00,210.33999633789062
2024-05-02 15:30:00+00:00,210.27999877929688
2024-05-02 16:30:00+00:00,211.1999969482422
2024-05-02 17:30:00+00:00,211.47000122070312
2024-05-02 18:30:00+00:00,212.47999572753906
2024-05-02 19:30:00+00:00,212.10000610351562
2024-05-03 13:30:00+00:00,216.62399291992188
2024-05-03 14:30:00+00:00,216.97999572753906
2024-05-03 15:30:00+00:00,217.6199951171875
2024-05-03 16:30:00+00:00,217.30990600585938
2024-05-03 17:30:00+00:00,218.05999755859375
2024-05-03 18:30:00+00:00,217.8699951171875
2024-05-03 19:30:00+00:00,217.72000122070312
2024-05-06 13:30:00+00:00,220.99960327148438
2024-05-06 14:30:00+00:00,221.0800018310547
2024-05-06 15:30:00+00:00,221.2700958251953
2024-05-06 16:30:00+00:00,221.64999389648438
2024-05-06 17:30:00+00:00,222.14999389648438
2024-05-06 18:30:00+00:00,221.91000366210938
2024-05-06 19:30:00+00:00,222.6699981689453
2024-05-07 13:30:00+00:00,221.30999755859375
2024-05-07 14:30:00+00:00,222.3699951171875
2024-05-07 15:30:00+00:00,223.02999877929688
2024-05-07 16:30:00+00:00,222.9199981689453
2024-05-07 17:30:00+00:00,221.25
2024-05-07 18:30:00+00:00,221.0
2024-05-07 19:30:00+00:00,220.66000366210938
2024-05-08 13:30:00+00:00,221.38999938964844
2024-05-08 14:30:00+00:00,219.88999938964844
2024-05-08 15:30:00+00:00,220.15499877929688
2024-05-08 16:30:00+00:00,219.60000610351562
2024-05-08 17:30:00+00:00,220.61019897460938
2024-05-08 18:30:00+00:00,220.77499389648438
2024-05-08 19:30:00+00:00,221.39999389648438
2024-05-09 13:30:00+00:00,219.27999877929688
2024-05-09 14:30:00+00:00,220.7194061279297
2024-05-09 15:30:00+00:00,220.14999389648438
2024-05-09 16:30:00+00:00,220.3000030517578
2024-05-09 17:30:00+00:00,220.2899932861328
2024-05-09 18:30:00+00:00,220.0800018310547
2024-05-09 19:30:00+00:00,219.97999572753906
2024-05-10 13:30:00+00:00,222.6999969482422
2024-05-10 14:30:00+00:00,223.3699951171875
2024-05-10 15:30:00+00:00,223.22000122070312
2024-05-10 16:30:00+00:00,223.07000732421875
2024-05-10 17:30:00+00:00,223.30999755859375
2024-05-10 18:30:00+00:00,223.07000732421875
2024-05-10 19:30:00+00:00,223.32000732421875
2024-05-13 13:30:00+00:00,223.56300354003906
2024-05-13 14:30:00+00:00,223.44000244140625
2024-05-13 15:30:00+00:00,224.13999938964844
2024-05-13 16:30:00+00:00,223.4199981689453
2024-05-13 17:30:00+00:00,223.35000610351562
2024-05-13 18:30:00+00:00,223.27999877929688
2024-05-13 19:30:00+00:00,223.27000427246094
2024-05-14 13:30:00+00:00,225.52000427246094
2024-05-14 14:30:00+00:00,225.8699951171875
2024-05-14 15:30:00+00:00,225.47000122070312
2024-05-14 16:30:00+00:00,225.41000366210938
2024-05-14 17:30:00+00:00,226.3199005126953
2024-05-14 18:30:00+00:00,226.67999267578125
2024-05-14 19:30:00+00:00,227.0800018310547
2024-05-15 13:30:00+00:00,230.1649932861328
2024-05-15 14:30:00+00:00,231.5699005126953
2024-05-15 15:30:00+00:00,232.30999755859375
2024-05-15 16:30:00+00:00,233.02940368652344
2024-05-15 17:30:00+00:00,233.5
2024-05-15 18:30:00+00:00,233.63999938964844
2024-05-15 19:30:00+00:00,233.9600067138672
2024-05-16 13:30:00+00:00,233.92999267578125
2024-05-16 14:30:00+00:00,234.8000030517578
2024-05-16 15:30:00+00:00,234.22000122070312
2024-05-16 16:30:00+00:00,233.61000061035156
2024-05-16 17:30:00+00:00,233.0
2024-05-16 18:30:00+00:00,233.27000427246094
2024-05-16 19:30:00+00:00,232.1199951171875
2024-05-17 13:30:00+00:00,232.64999389648438
2024-05-17 14:30:00+00:00,231.9600067138672
2024-05-17 15:30:00+00:00,231.2899932861328
2024-05-17 16:30:00+00:00,230.5399932861328
2024-05-17 17:30:00+00:00,229.00999450683594
2024-05-17 18:30:00+00:00,230.52999877929688
2024-05-17 19:30:00+00:00,230.22000122070312
2024-05-20 13:30:00+00:00,234.0800018310547
2024-05-20 14:30:00+00:00,234.83250427246094
2024-05-20 15:30:00+00:00,234.8800048828125
2024-05-20 16:30:00+00:00,234.72000122070312
2024-05-20 17:30:00+00:00,234.61000061035156
2024-05-20 18:30:00+00:00,235.38999938964844
2024-05-20 19:30:00+00:00,235.0399932861328
2024-05-21 13:30:00+00:00,233.44000244140625
2024-05-21 14:30:00+00:00,234.41000366210938
2024-05-21 15:30:00+00:00,234.72000122070312
2024-05-21 16:30:00+00:00,234.50999450683594
2024-05-21 17:30:00+00:00,234.09500122070312
2024-05-21 18:30:00+00:00,234.39999389648438
2024-05-21 19:30:00+00:00,234.63999938964844
2024-05-22 13:30:00+00:00,236.0500030517578
2024-05-22 14:30:00+00:00,236.81500244140625
2024-05-22 15:30:00+00:00,236.82000732421875
2024-05-22 16:30:00+00:00,236.79600524902344
2024-05-22 17:30:00+00:00,234.0800018310547
2024-05-22 18:30:00+00:00,235.3300018310547
2024-05-22 19:30:00+00:00,236.61000061035156
2024-05-23 13:30:00+00:00,243.3699951171875
2024-05-23 14:30:00+00:00,242.63999938964844
2024-05-23 15:30:00+00:00,243.85000610351562
2024-05-23 16:30:00+00:00,242.9499969482422
2024-05-23 17:30:00+00:00,239.1999969482422
2024-05-23 18:30:00+00:00,238.49000549316406
2024-05-23 19:30:00+00:00,239.88999938964844
2024-05-24 13:30:00+00:00,243.27999877929688
2024-05-24 14:30:00+00:00,243.9010009765625
2024-05-24 15:30:00+00:00,243.94000244140625
2024-05-24 16:30:00+00:00,243.52000427246094
2024-05-24 17:30:00+00:00,244.00999450683594
2024-05-24 18:30:00+00:00,243.75
2024-05-24 19:30:00+00:00,244.25
2024-05-28 13:30:00+00:00,247.43499755859375
2024-05-28 14:30:00+00:00,248.9499969482422
2024-05-28 15:30:00+00:00,248.99000549316406
2024-05-28 16:30:00+00:00,250.35000610351562
2024-05-28 17:30:00+00:00,248.87989807128906
2024-05-28 18:30:00+00:00,248.74000549316406
2024-05-28 19:30:00+00:00,249.8000030517578
2024-05-29 13:30:00+00:00,245.83999633789062
2024-05-29 14:30:00+00:00,246.05999755859375
2024-05-29 15:30:00+00:00,246.1199951171875
2024-05-29 16:30:00+00:00,246.30999755859375
2024-05-29 17:30:00+00:00,246.30999755859375
2024-05-29 18:30:00+00:00,246.66000366210938
2024-05-29 19:30:00+00:00,245.7100067138672
2024-05-30 13:30:00+00:00,244.92999267578125
2024-05-30 14:30:00+00:00,243.42999267578125
2024-05-30 15:30:00+00:00,244.5399932861328
2024-05-30 16:30:00+00:00,244.80999755859375
2024-05-30 17:30:00+00:00,244.42999267578125
2024-05-30 18:30:00+00:00,243.1999969482422
2024-05-30 19:30:00+00:00,242.23500061035156
2024-05-31 13:30:00+00:00,238.44000244140625
2024-05-31 14:30:00+00:00,236.86000061035156
2024-05-31 15:30:00+00:00,234.58999633789062
2024-05-31 16:30:00+00:00,237.00990295410156
2024-05-31 17:30:00+00:00,236.02999877929688
2024-05-31 18:30:00+00:00,238.11000061035156
2024-05-31 19:30:00+00:00,240.4199981689453
2024-06-03 13:30:00+00:00,243.57000732421875
2024-06-03 14:30:00+00:00,241.5500030517578
2024-06-03 15:30:00+00:00,240.3000030517578
2024-06-03 16:30:00+00:00,240.75
2024-06-03 17:30:00+00:00,241.22000122070312
2024-06-03 18:30:00+00:00,242.35000610351562
2024-06-03 19:30:00+00:00,243.49000549316406
2024-06-04 13:30:00+00:00,241.25
2024-06-04 14:30:00+00:00,240.75
2024-06-04 15:30:00+00:00,240.91990661621094
2024-06-04 16:30:00+00:00,240.83999633789062
2024-06-04 17:30:00+00:00,242.80999755859375
2024-06-04 18:30:00+00:00,241.69000244140625
2024-06-04 19:30:00+00:00,242.58999633789062
2024-06-05 13:30:00+00:00,250.42999267578125
2024-06-05 14:30:00+00:00,251.13999938964844
2024-06-05 15:30:00+00:00,251.6699981689453
2024-06-05 16:30:00+00:00,252.22000122070312
2024-06-05 17:30:00+00:00,253.47500610351562
2024-06-05 18:30:00+00:00,253.49000549316406
2024-06-05 19:30:00+00:00,254.5
2024-06-06 13:30:00+00:00,252.32000732421875
2024-06-06 14:30:00+00:00,252.27000427246094
2024-06-06 15:30:00+00:00,251.5399932861328
2024-06-06 16:30:00+00:00,252.0
2024-06-06 17:30:00+00:00,251.5850067138672
2024-06-06 18:30:00+00:00,252.32000732421875
2024-06-06 19:30:00+00:00,252.39999389648438
2024-06-07 13:30:00+00:00,251.67999267578125
2024-06-07 14:30:00+00:00,251.77000427246094
2024-06-07 15:30:00+00:00,253.1699981689453
2024-06-07 16:30:00+00:00,253.3699951171875
2024-06-07 17:30:00+00:00,251.52000427246094
2024-06-07 18:30:00+00:00,251.80990600585938
2024-06-07 19:30:00+00:00,252.1999969482422
2024-06-10 13:30:00+00:00,253.22999572753906
2024-06-10 14:30:00+00:00,256.17999267578125
2024-06-10 15:30:00+00:00,255.9600067138672
2024-06-10 16:30:00+00:00,255.1699981689453
2024-06-10 17:30:00+00:00,254.4600067138672
2024-06-10 18:30:00+00:00,256.42999267578125
2024-06-10 19:30:00+00:00,255.89999389648438
2024-06-11 13:30:00+00:00,253.75
2024-06-11 14:30:00+00:00,254.1199951171875
2024-06-11 15:30:00+00:00,253.9600067138672
2024-06-11 16:30:00+00:00,254.0500030517578
2024-06-11 17:30:00+00:00,255.64999389648438
2024-06-11 18:30:00+00:00,254.8000030517578
2024-06-11 19:30:00+00:00,255.4600067138672
2024-06-12 13:30:00+00:00,264.3399963378906
2024-06-12 14:30:00+00:00,263.4700012207031
2024-06-12 15:30:00+00:00,263.55999755859375
2024-06-12 16:30:00+00:00,263.82000732421875
2024-06-12 17:30:00+00:00,263.3399963378906
2024-06-12 18:30:00+00:00,261.510009765625
2024-06-12 19:30:00+00:00,263.05999755859375
2024-06-13 13:30:00+00:00,265.46429443359375
2024-06-13 14:30:00+00:00,265.9100036621094
2024-06-13 15:30:00+00:00,264.94500732421875
2024-06-13 16:30:00+00:00,266.1099853515625
2024-06-13 17:30:00+00:00,266.6700134277344
2024-06-13 18:30:00+00:00,266.989990234375
2024-06-13 19:30:00+00:00,267.25
2024-06-14 13:30:00+00:00,267.2626953125
2024-06-14 14:30:00+00:00,266.1400146484375
2024-06-14 15:30:00+00:00,266.1300048828125
2024-06-14 16:30:00+00:00,267.9408874511719
2024-06-14 17:30:00+00:00,268.0
2024-06-14 18:30:00+00:00,268.0400085449219
2024-06-14 19:30:00+00:00,267.8500061035156
2024-06-17 13:30:00+00:00,267.57000732421875
2024-06-17 14:30:00+00:00,269.4100036621094
2024-06-17 15:30:00+00:00,270.8599853515625
2024-06-17 16:30:00+00:00,271.3299865722656
2024-06-17 17:30:00+00:00,272.6600036621094
2024-06-17 18:30:00+00:00,273.1600036621094
2024-06-17 19:30:00+00:00,272.3999938964844
2024-06-18 13:30:00+00:00,276.2900085449219
2024-06-18 14:30:00+00:00,275.98748779296875
2024-06-18 15:30:00+00:00,276.7799987792969
2024-06-18 16:30:00+00:00,277.8599853515625
2024-06-18 17:30:00+00:00,277.17999267578125
2024-06-18 18:30:00+00:00,276.92999267578125
2024-06-18 19:30:00+00:00,276.739990234375
2024-06-20 13:30:00+00:00,275.7655029296875
2024-06-20 14:30:00+00:00,276.32000732421875
2024-06-20 15:30:00+00:00,271.5
2024-06-20 16:30:00+00:00,269.05999755859375
2024-06-20 17:30:00+00:00,271.30999755859375
2024-06-20 18:30:00+00:00,269.260009765625
2024-06-20 19:30:00+00:00,268.9200134277344
2024-06-21 13:30:00+00:00,264.4800109863281
2024-06-21 14:30:00+00:00,266.635009765625
2024-06-21 15:30:00+00:00,267.4599914550781
2024-06-21 16:30:00+00:00,265.80999755859375
2024-06-21 17:30:00+00:00,265.32000732421875
2024-06-21 18:30:00+00:00,265.2200012207031
2024-06-21 19:30:00+00:00,264.8599853515625
2024-06-24 13:30:00+00:00,259.3599853515625
2024-06-24 14:30:00+00:00,259.0299987792969
2024-06-24 15:30:00+00:00,258.92999267578125
2024-06-24 16:30:00+00:00,257.6400146484375
2024-06-24 17:30:00+00:00,256.8966979980469
2024-06-24 18:30:00+00:00,258.69500732421875
2024-06-24 19:30:00+00:00,255.80999755859375
2024-06-25 13:30:00+00:00,258.6300048828125
2024-06-25 14:30:00+00:00,260.37939453125
2024-06-25 15:30:00+00:00,260.19000244140625
2024-06-25 16:30:00+00:00,260.0
2024-06-25 17:30:00+00:00,261.0299987792969
2024-06-25 18:30:00+00:00,261.5299987792969
2024-06-25 19:30:00+00:00,261.7799987792969
2024-06-26 13:30:00+00:00,260.67999267578125
2024-06-26 14:30:00+00:00,259.1099853515625
2024-06-26 15:30:00+00:00,260.1199951171875
2024-06-26 16:30:00+00:00,259.2799987792969
2024-06-26 17:30:00+00:00,258.8999938964844
2024-06-26 18:30:00+00:00,259.0
2024-06-26 19:30:00+00:00,260.8999938964844
2024-06-27 13:30:00+00:00,260.8299865722656
2024-06-27 14:30:00+00:00,258.2300109863281
2024-06-27 15:30:00+00:00,258.5299987792969
2024-06-27 16:30:00+00:00,259.2699890136719
2024-06-27 17:30:00+00:00,259.28509521484375
2024-06-27 18:30:00+00:00,259.82501220703125
2024-06-27 19:30:00+00:00,258.9200134277344
2024-06-28 13:30:00+00:00,265.1900939941406
2024-06-28 14:30:00+00:00,262.8999938964844
2024-06-28 15:30:00+00:00,262.3699951171875
2024-06-28 16:30:00+00:00,262.0
2024-06-28 17:30:00+00:00,261.0899963378906
2024-06-28 18:30:00+00:00,260.5299987792969
2024-06-28 19:30:00+00:00,260.7099914550781
2024-07-01 13:30:00+00:00,258.0799865722656
2024-07-01 14:30:00+00:00,259.42999267578125
2024-07-01 15:30:00+00:00,260.69500732421875
2024-07-01 16:30:00+00:00,260.20001220703125
2024-07-01 17:30:00+00:00,260.18499755859375
2024-07-01 18:30:00+00:00,260.5
2024-07-01 19:30:00+00:00,261.0199890136719
2024-07-02 13:30:00+00:00,259.8800048828125
2024-07-02 14:30:00+00:00,261.0799865722656
2024-07-02 15:30:00+00:00,261.04998779296875
2024-07-02 16:30:00+00:00,262.2099914550781
2024-07-02 17:30:00+00:00,262.9200134277344
2024-07-02 18:30:00+00:00,263.3599853515625
2024-07-02 19:30:00+00:00,263.6449890136719
2024-07-03 13:30:00+00:00,264.69000244140625
2024-07-03 14:30:00+00:00,268.1400146484375
2024-07-03 15:30:00+00:00,270.3293151855469
2024-07-05 13:30:00+00:00,269.3599853515625
2024-07-05 14:30:00+00:00,269.70001220703125
2024-07-05 15:30:00+00:00,271.57000732421875
2024-07-05 16:30:00+00:00,270.8999938964844
2024-07-05 17:30:00+00:00,270.010009765625
2024-07-05 18:30:00+00:00,270.2799987792969
2024-07-05 19:30:00+00:00,269.7300109863281
2024-07-08 13:30:00+00:00,274.1499938964844
2024-07-08 14:30:00+00:00,274.4700012207031
2024-07-08 15:30:00+00:00,273.2300109863281
2024-07-08 16:30:00+00:00,274.1300048828125
2024-07-08 17:30:00+00:00,274.2200012207031
2024-07-08 18:30:00+00:00,273.1499938964844
2024-07-08 19:30:00+00:00,274.2099914550781
2024-07-09 13:30:00+00:00,274.69000244140625
2024-07-09 14:30:00+00:00,273.9386901855469
2024-07-09 15:30:00+00:00,274.1300048828125
2024-07-09 16:30:00+00:00,272.6499938964844
2024-07-09 17:30:00+00:00,273.6300048828125
2024-07-09 18:30:00+00:00,274.2099914550781
2024-07-09 19:30:00+00:00,274.7799987792969
2024-07-10 13:30:00+00:00,279.2799987792969
2024-07-10 14:30:00+00:00,279.2200012207031
2024-07-10 15:30:00+00:00,280.0
2024-07-10 16:30:00+00:00,280.2998962402344
2024-07-10 17:30:00+00:00,280.5799865722656
2024-07-10 18:30:00+00:00,280.7300109863281
2024-07-10 19:30:00+00:00,281.25
2024-07-11 13:30:00+00:00,277.05999755859375
2024-07-11 14:30:00+00:00,273.0899963378906
2024-07-11 15:30:00+00:00,273.2200012207031
2024-07-11 16:30:00+00:00,272.260009765625
2024-07-11 17:30:00+00:00,271.0299987792969
2024-07-11 18:30:00+00:00,271.8599853515625
2024-07-11 19:30:00+00:00,270.9599914550781
2024-07-12 13:30:00+00:00,274.9599914550781
2024-07-12 14:30:00+00:00,276.7200012207031
2024-07-12 15:30:00+00:00,275.75
2024-07-12 16:30:00+00:00,277.5798034667969
2024-07-12 17:30:00+00:00,278.260009765625
2024-07-12 18:30:00+00:00,277.4700012207031
2024-07-12 19:30:00+00:00,274.55999755859375
2024-07-15 13:30:00+00:00,275.29998779296875
2024-07-15 14:30:00+00:00,276.6650085449219
2024-07-15 15:30:00+00:00,274.99591064453125
2024-07-15 16:30:00+00:00,273.82000732421875
2024-07-15 17:30:00+00:00,273.44000244140625
2024-07-15 18:30:00+00:00,274.07000732421875
2024-07-15 19:30:00+00:00,273.80999755859375
2024-07-16 13:30:00+00:00,271.9100036621094
2024-07-16 14:30:00+00:00,273.1600036621094
2024-07-16 15:30:00+00:00,272.0299987792969
2024-07-16 16:30:00+00:00,272.19000244140625
2024-07-16 17:30:00+00:00,272.3399963378906
2024-07-16 18:30:00+00:00,272.92999267578125
2024-07-16 19:30:00+00:00,273.7300109863281
2024-07-17 13:30:00+00:00,260.30999755859375
2024-07-17 14:30:00+00:00,260.989990234375
2024-07-17 15:30:00+00:00,257.576904296875
2024-07-17 16:30:00+00:00,257.2900085449219
2024-07-17 17:30:00+00:00,256.4100036621094
2024-07-17 18:30:00+00:00,256.42999267578125
2024-07-17 19:30:00+00:00,254.16000366210938
2024-07-18 13:30:00+00:00,256.45001220703125
2024-07-18 14:30:00+00:00,251.02999877929688
2024-07-18 15:30:00+00:00,252.47000122070312
2024-07-18 16:30:00+00:00,254.1199951171875
2024-07-18 17:30:00+00:00,253.25
2024-07-18 18:30:00+00:00,253.07000732421875
2024-07-18 19:30:00+00:00,255.63999938964844
2024-07-19 13:30:00+00:00,251.0500030517578
2024-07-19 14:30:00+00:00,250.24000549316406
2024-07-19 15:30:00+00:00,250.05999755859375
2024-07-19 16:30:00+00:00,248.72999572753906
2024-07-19 17:30:00+00:00,248.85000610351562
2024-07-19 18:30:00+00:00,250.02999877929688
2024-07-19 19:30:00+00:00,248.2100067138672
2024-07-22 13:30:00+00:00,254.6999969482422
2024-07-22 14:30:00+00:00,252.5399932861328
2024-07-22 15:30:00+00:00,254.05999755859375
2024-07-22 16:30:00+00:00,255.67999267578125
2024-07-22 17:30:00+00:00,256.80999755859375
2024-07-22 18:30:00+00:00,256.57000732421875
2024-07-22 19:30:00+00:00,257.7099914550781
2024-07-23 13:30:00+00:00,255.93499755859375
2024-07-23 14:30:00+00:00,256.44000244140625
2024-07-23 15:30:00+00:00,255.2449951171875
2024-07-23 16:30:00+00:00,254.94000244140625
2024-07-23 17:30:00+00:00,254.79989624023438
2024-07-23 18:30:00+00:00,255.8800048828125
2024-07-23 19:30:00+00:00,254.85000610351562
2024-07-24 13:30:00+00:00,248.55499267578125
2024-07-24 14:30:00+00:00,246.26499938964844
2024-07-24 15:30:00+00:00,244.55999755859375
2024-07-24 16:30:00+00:00,245.02000427246094
2024-07-24 17:30:00+00:00,243.6199951171875
2024-07-24 18:30:00+00:00,241.68829345703125
2024-07-24 19:30:00+00:00,240.94000244140625
2024-07-25 13:30:00+00:00,236.52999877929688
2024-07-25 14:30:00+00:00,239.57000732421875
2024-07-25 15:30:00+00:00,242.52000427246094
2024-07-25 16:30:00+00:00,241.09500122070312
2024-07-25 17:30:00+00:00,240.82000732421875
2024-07-25 18:30:00+00:00,240.39500427246094
2024-07-25 19:30:00+00:00,236.49000549316406
2024-07-26 13:30:00+00:00,240.13999938964844
2024-07-26 14:30:00+00:00,238.97000122070312
2024-07-26 15:30:00+00:00,241.25
2024-07-26 16:30:00+00:00,242.14999389648438
2024-07-26 17:30:00+00:00,240.55499267578125
2024-07-26 18:30:00+00:00,240.02999877929688
2024-07-26 19:30:00+00:00,240.2899932861328
2024-07-29 13:30:00+00:00,242.38499450683594
2024-07-29 14:30:00+00:00,239.3300018310547
2024-07-29 15:30:00+00:00,240.75039672851562
2024-07-29 16:30:00+00:00,239.75
2024-07-29 17:30:00+00:00,239.44000244140625
2024-07-29 18:30:00+00:00,239.8300018310547
2024-07-29 19:30:00+00:00,238.6300048828125
2024-07-30 13:30:00+00:00,235.35499572753906
2024-07-30 14:30:00+00:00,232.99989318847656
2024-07-30 15:30:00+00:00,231.12010192871094
2024-07-30 16:30:00+00:00,231.1199951171875
2024-07-30 17:30:00+00:00,231.94000244140625
2024-07-30 18:30:00+00:00,230.22999572753906
2024-07-30 19:30:00+00:00,229.35000610351562
2024-07-31 13:30:00+00:00,242.6699981689453
2024-07-31 14:30:00+00:00,243.69000244140625
2024-07-31 15:30:00+00:00,243.98500061035156
2024-07-31 16:30:00+00:00,243.82000732421875
2024-07-31 17:30:00+00:00,244.889892578125
2024-07-31 18:30:00+00:00,244.94000244140625
2024-07-31 19:30:00+00:00,247.08999633789062
2024-08-01 13:30:00+00:00,241.0800018310547
2024-08-01 14:30:00+00:00,238.1199951171875
2024-08-01 15:30:00+00:00,234.94009399414062
2024-08-01 16:30:00+00:00,231.35000610351562
2024-08-01 17:30:00+00:00,229.47000122070312
2024-08-01 18:30:00+00:00,230.6999969482422
2024-08-01 19:30:00+00:00,231.00999450683594
2024-08-02 13:30:00+00:00,217.6699981689453
2024-08-02 14:30:00+00:00,218.61000061035156
2024-08-02 15:30:00+00:00,219.61000061035156
2024-08-02 16:30:00+00:00,216.49000549316406
2024-08-02 17:30:00+00:00,218.1999969482422
2024-08-02 18:30:00+00:00,217.92999267578125
2024-08-02 19:30:00+00:00,218.5
2024-08-05 13:30:00+00:00,209.19000244140625
2024-08-05 14:30:00+00:00,213.11000061035156
2024-08-05 15:30:00+00:00,218.2100067138672
2024-08-05 16:30:00+00:00,214.1300048828125
2024-08-05 17:30:00+00:00,213.25
2024-08-05 18:30:00+00:00,212.63999938964844
2024-08-05 19:30:00+00:00,213.39999389648438
2024-08-06 13:30:00+00:00,216.75999450683594
2024-08-06 14:30:00+00:00,217.1999969482422
2024-08-06 15:30:00+00:00,219.36000061035156
2024-08-06 16:30:00+00:00,221.97999572753906
2024-08-06 17:30:00+00:00,222.57000732421875
2024-08-06 18:30:00+00:00,220.24000549316406
2024-08-06 19:30:00+00:00,217.39999389648438
2024-08-07 13:30:00+00:00,220.69000244140625
2024-08-07 14:30:00+00:00,221.9600067138672
2024-08-07 15:30:00+00:00,219.8000030517578
2024-08-07 16:30:00+00:00,216.38999938964844
2024-08-07 17:30:00+00:00,213.7100067138672
2024-08-07 18:30:00+00:00,213.67999267578125
2024-08-07 19:30:00+00:00,211.35000610351562
2024-08-08 13:30:00+00:00,219.88999938964844
2024-08-08 14:30:00+00:00,221.25999450683594
2024-08-08 15:30:00+00:00,222.2899932861328
2024-08-08 16:30:00+00:00,223.47000122070312
2024-08-08 17:30:00+00:00,223.8699951171875
2024-08-08 18:30:00+00:00,223.05999755859375
2024-08-08 19:30:00+00:00,224.92999267578125
2024-08-09 13:30:00+00:00,222.9499969482422
2024-08-09 14:30:00+00:00,223.3699951171875
2024-08-09 15:30:00+00:00,223.14999389648438
2024-08-09 16:30:00+00:00,226.10800170898438
2024-08-09 17:30:00+00:00,225.42999267578125
2024-08-09 18:30:00+00:00,225.50999450683594
2024-08-09 19:30:00+00:00,224.89999389648438
2024-08-12 13:30:00+00:00,227.88999938964844
2024-08-12 14:30:00+00:00,227.32009887695312
2024-08-12 15:30:00+00:00,227.89990234375
2024-08-12 16:30:00+00:00,227.0399932861328
2024-08-12 17:30:00+00:00,226.9199981689453
2024-08-12 18:30:00+00:00,226.68490600585938
2024-08-12 19:30:00+00:00,226.9600067138672
2024-08-13 13:30:00+00:00,231.75880432128906
2024-08-13 14:30:00+00:00,233.02000427246094
2024-08-13 15:30:00+00:00,234.27999877929688
2024-08-13 16:30:00+00:00,235.0
2024-08-13 17:30:00+00:00,235.66000366210938
2024-08-13 18:30:00+00:00,235.16000366210938
2024-08-13 19:30:00+00:00,236.22000122070312
2024-08-14 13:30:00+00:00,233.81500244140625
2024-08-14 14:30:00+00:00,236.0500030517578
2024-08-14 15:30:00+00:00,235.49000549316406
2024-08-14 16:30:00+00:00,235.8907012939453
2024-08-14 17:30:00+00:00,235.7899932861328
2024-08-14 18:30:00+00:00,235.27999877929688
2024-08-14 19:30:00+00:00,236.35000610351562
2024-08-15 13:30:00+00:00,242.89439392089844
2024-08-15 14:30:00+00:00,244.4600067138672
2024-08-15 15:30:00+00:00,246.5399932861328
2024-08-15 16:30:00+00:00,245.8800048828125
2024-08-15 17:30:00+00:00,246.74000549316406
2024-08-15 18:30:00+00:00,246.2949981689453
2024-08-15 19:30:00+00:00,246.5399932861328
2024-08-16 13:30:00+00:00,246.6300048828125
2024-08-16 14:30:00+00:00,244.83749389648438
2024-08-16 15:30:00+00:00,246.35000610351562
2024-08-16 16:30:00+00:00,246.58999633789062
2024-08-16 17:30:00+00:00,246.60499572753906
2024-08-16 18:30:00+00:00,246.4600067138672
2024-08-16 19:30:00+00:00,246.61129760742188
2024-08-19 13:30:00+00:00,245.05999755859375
2024-08-19 14:30:00+00:00,246.27000427246094
2024-08-19 15:30:00+00:00,246.5800018310547
2024-08-19 16:30:00+00:00,247.5240020751953
2024-08-19 17:30:00+00:00,249.14999389648438
2024-08-19 18:30:00+00:00,250.02999877929688
2024-08-19 19:30:00+00:00,251.39500427246094
2024-08-20 13:30:00+00:00,248.30999755859375
2024-08-20 14:30:00+00:00,247.88999938964844
2024-08-20 15:30:00+00:00,247.38999938964844
2024-08-20 16:30:00+00:00,247.3000030517578
2024-08-20 17:30:00+00:00,248.88999938964844
2024-08-20 18:30:00+00:00,248.39999389648438
2024-08-20 19:30:00+00:00,248.02000427246094
2024-08-21 13:30:00+00:00,249.4499969482422
2024-08-21 14:30:00+00:00,249.80999755859375
2024-08-21 15:30:00+00:00,249.10000610351562
2024-08-21 16:30:00+00:00,249.19000244140625
2024-08-21 17:30:00+00:00,251.33999633789062
2024-08-21 18:30:00+00:00,249.9600067138672
2024-08-21 19:30:00+00:00,250.64999389648438
2024-08-22 13:30:00+00:00,249.86000061035156
2024-08-22 14:30:00+00:00,247.92010498046875
2024-08-22 15:30:00+00:00,247.75
2024-08-22 16:30:00+00:00,246.00999450683594
2024-08-22 17:30:00+00:00,244.5
2024-08-22 18:30:00+00:00,242.35000610351562
2024-08-22 19:30:00+00:00,242.38999938964844
2024-08-23 13:30:00+00:00,250.05499267578125
2024-08-23 14:30:00+00:00,248.27999877929688
2024-08-23 15:30:00+00:00,246.35000610351562
2024-08-23 16:30:00+00:00,247.47000122070312
2024-08-23 17:30:00+00:00,248.0301055908203
2024-08-23 18:30:00+00:00,247.96499633789062
2024-08-23 19:30:00+00:00,248.32000732421875
2024-08-26 13:30:00+00:00,243.9550018310547
2024-08-26 14:30:00+00:00,243.66000366210938
2024-08-26 15:30:00+00:00,243.57000732421875
2024-08-26 16:30:00+00:00,242.91000366210938
2024-08-26 17:30:00+00:00,242.97000122070312
2024-08-26 18:30:00+00:00,242.99000549316406
2024-08-26 19:30:00+00:00,242.61000061035156
2024-08-27 13:30:00+00:00,243.49000549316406
2024-08-27 14:30:00+00:00,243.75
2024-08-27 15:30:00+00:00,243.90499877929688
2024-08-27 16:30:00+00:00,245.22999572753906
2024-08-27 17:30:00+00:00,244.6999969482422
2024-08-27 18:30:00+00:00,244.62010192871094
2024-08-27 19:30:00+00:00,245.00010681152344
2024-08-28 13:30:00+00:00,243.66000366210938
2024-08-28 14:30:00+00:00,239.32000732421875
2024-08-28 15:30:00+00:00,239.99000549316406
2024-08-28 16:30:00+00:00,240.5800018310547
2024-08-28 17:30:00+00:00,239.39999389648438
2024-08-28 18:30:00+00:00,241.94000244140625
2024-08-28 19:30:00+00:00,240.8000030517578
2024-08-29 13:30:00+00:00,242.36000061035156
2024-08-29 14:30:00+00:00,242.8271942138672
2024-08-29 15:30:00+00:00,243.31500244140625
2024-08-29 16:30:00+00:00,242.49000549316406
2024-08-29 17:30:00+00:00,240.5800018310547
2024-08-29 18:30:00+00:00,237.83999633789062
2024-08-29 19:30:00+00:00,237.91000366210938
2024-08-30 13:30:00+00:00,242.05999755859375
2024-08-30 14:30:00+00:00,240.64500427246094
2024-08-30 15:30:00+00:00,240.32000732421875
2024-08-30 16:30:00+00:00,240.55999755859375
2024-08-30 17:30:00+00:00,240.77000427246094
2024-08-30 18:30:00+00:00,242.1300048828125
2024-08-30 19:30:00+00:00,243.48500061035156
2024-09-03 13:30:00+00:00,232.17999267578125
2024-09-03 14:30:00+00:00,229.63999938964844
2024-09-03 15:30:00+00:00,228.69500732421875
2024-09-03 16:30:00+00:00,228.30999755859375
2024-09-03 17:30:00+00:00,225.5500030517578
2024-09-03 18:30:00+00:00,225.74000549316406
2024-09-03 19:30:00+00:00,225.07000732421875
2024-09-04 13:30:00+00:00,225.2100067138672
2024-09-04 14:30:00+00:00,226.0399932861328
2024-09-04 15:30:00+00:00,226.9499969482422
2024-09-04 16:30:00+00:00,227.0
2024-09-04 17:30:00+00:00,226.50999450683594
2024-09-04 18:30:00+00:00,224.47000122070312
2024-09-04 19:30:00+00:00,224.66000366210938
2024-09-05 13:30:00+00:00,226.72000122070312
2024-09-05 14:30:00+00:00,223.0
2024-09-05 15:30:00+00:00,225.07000732421875
2024-09-05 16:30:00+00:00,223.52999877929688
2024-09-05 17:30:00+00:00,224.8000030517578
2024-09-05 18:30:00+00:00,224.50999450683594
2024-09-05 19:30:00+00:00,224.2100067138672
2024-09-06 13:30:00+00:00,216.9149932861328
2024-09-06 14:30:00+00:00,214.89999389648438
2024-09-06 15:30:00+00:00,213.9600067138672
2024-09-06 16:30:00+00:00,215.27000427246094
2024-09-06 17:30:00+00:00,214.15499877929688
2024-09-06 18:30:00+00:00,216.02999877929688
2024-09-06 19:30:00+00:00,214.94000244140625
2024-09-09 13:30:00+00:00,218.13999938964844
2024-09-09 14:30:00+00:00,217.6199951171875
2024-09-09 15:30:00+00:00,219.0
2024-09-09 16:30:00+00:00,219.38999938964844
2024-09-09 17:30:00+00:00,218.05999755859375
2024-09-09 18:30:00+00:00,219.35499572753906
2024-09-09 19:30:00+00:00,219.9199981689453
2024-09-10 13:30:00+00:00,219.57000732421875
2024-09-10 14:30:00+00:00,219.36000061035156
2024-09-10 15:30:00+00:00,217.55679321289062
2024-09-10 16:30:00+00:00,219.0500030517578
2024-09-10 17:30:00+00:00,220.7899932861328
2024-09-10 18:30:00+00:00,221.66000366210938
2024-09-10 19:30:00+00:00,221.92999267578125
2024-09-11 13:30:00+00:00,221.66000366210938
2024-09-11 14:30:00+00:00,222.1403045654297
2024-09-11 15:30:00+00:00,226.6699981689453
2024-09-11 16:30:00+00:00,227.9199981689453
2024-09-11 17:30:00+00:00,230.69859313964844
2024-09-11 18:30:00+00:00,232.0
2024-09-11 19:30:00+00:00,233.27999877929688
2024-09-12 13:30:00+00:00,234.5050048828125
2024-09-12 14:30:00+00:00,232.83999633789062
2024-09-12 15:30:00+00:00,233.6300048828125
2024-09-12 16:30:00+00:00,234.53700256347656
2024-09-12 17:30:00+00:00,235.3300018310547
2024-09-12 18:30:00+00:00,234.2449951171875
2024-09-12 19:30:00+00:00,233.88999938964844
2024-09-13 13:30:00+00:00,235.27000427246094
2024-09-13 14:30:00+00:00,236.47999572753906
2024-09-13 15:30:00+00:00,236.19000244140625
2024-09-13 16:30:00+00:00,237.38999938964844
2024-09-13 17:30:00+00:00,236.42999267578125
2024-09-13 18:30:00+00:00,236.75
2024-09-13 19:30:00+00:00,236.8000030517578
2024-09-16 13:30:00+00:00,232.94090270996094
2024-09-16 14:30:00+00:00,232.61000061035156
2024-09-16 15:30:00+00:00,231.86000061035156
2024-09-16 16:30:00+00:00,232.41009521484375
2024-09-16 17:30:00+00:00,233.4600067138672
2024-09-16 18:30:00+00:00,233.40899658203125
2024-09-16 19:30:00+00:00,233.85000610351562
2024-09-17 13:30:00+00:00,235.98280334472656
2024-09-17 14:30:00+00:00,235.75999450683594
2024-09-17 15:30:00+00:00,234.72999572753906
2024-09-17 16:30:00+00:00,233.72000122070312
2024-09-17 17:30:00+00:00,232.97999572753906
2024-09-17 18:30:00+00:00,232.82989501953125
2024-09-17 19:30:00+00:00,233.7899932861328
2024-09-18 13:30:00+00:00,233.69000244140625
2024-09-18 14:30:00+00:00,233.27000427246094
2024-09-18 15:30:00+00:00,233.13999938964844
2024-09-18 16:30:00+00:00,233.66000366210938
2024-09-18 17:30:00+00:00,236.4499969482422
2024-09-18 18:30:00+00:00,234.0850067138672
2024-09-18 19:30:00+00:00,231.0
2024-09-19 13:30:00+00:00,241.25999450683594
2024-09-19 14:30:00+00:00,241.92999267578125
2024-09-19 15:30:00+00:00,242.75999450683594
2024-09-19 16:30:00+00:00,243.1461944580078
2024-09-19 17:30:00+00:00,242.97999572753906
2024-09-19 18:30:00+00:00,241.0500030517578
2024-09-19 19:30:00+00:00,240.97000122070312
2024-09-20 13:30:00+00:00,237.91830444335938
2024-09-20 14:30:00+00:00,235.77000427246094
2024-09-20 15:30:00+00:00,237.55999755859375
2024-09-20 16:30:00+00:00,236.63999938964844
2024-09-20 17:30:00+00:00,236.14999389648438
2024-09-20 18:30:00+00:00,238.47000122070312
2024-09-20 19:30:00+00:00,237.91000366210938
2024-09-23 13:30:00+00:00,238.8260955810547
2024-09-23 14:30:00+00:00,237.9199981689453
2024-09-23 15:30:00+00:00,238.25999450683594
2024-09-23 16:30:00+00:00,238.22000122070312
2024-09-23 17:30:00+00:00,238.63009643554688
2024-09-23 18:30:00+00:00,238.875
2024-09-23 19:30:00+00:00,238.92999267578125
2024-09-24 13:30:00+00:00,239.33999633789062
2024-09-24 14:30:00+00:00,240.97000122070312
2024-09-24 15:30:00+00:00,243.2899932861328
2024-09-24 16:30:00+00:00,243.72999572753906
2024-09-24 17:30:00+00:00,243.1199951171875
2024-09-24 18:30:00+00:00,243.13009643554688
2024-09-24 19:30:00+00:00,243.3699951171875
2024-09-25 13:30:00+00:00,246.05999755859375
2024-09-25 14:30:00+00:00,245.72000122070312
2024-09-25 15:30:00+00:00,245.41000366210938
2024-09-25 16:30:00+00:00,244.9199981689453
2024-09-25 17:30:00+00:00,245.27999877929688
2024-09-25 18:30:00+00:00,244.91000366210938
2024-09-25 19:30:00+00:00,245.5800018310547
2024-09-26 13:30:00+00:00,252.38999938964844
2024-09-26 14:30:00+00:00,249.6999969482422
2024-09-26 15:30:00+00:00,250.11500549316406
2024-09-26 16:30:00+00:00,250.1199951171875
2024-09-26 17:30:00+00:00,252.99000549316406
2024-09-26 18:30:00+00:00,253.42999267578125
2024-09-26 19:30:00+00:00,252.66000366210938
2024-09-27 13:30:00+00:00,249.42999267578125
2024-09-27 14:30:00+00:00,247.7100067138672
2024-09-27 15:30:00+00:00,248.197998046875
2024-09-27 16:30:00+00:00,247.6999969482422
2024-09-27 17:30:00+00:00,246.30999755859375
2024-09-27 18:30:00+00:00,247.69000244140625
2024-09-27 19:30:00+00:00,247.6699981689453
2024-09-30 13:30:00+00:00,244.50999450683594
2024-09-30 14:30:00+00:00,245.2899932861328
2024-09-30 15:30:00+00:00,245.02149963378906
2024-09-30 16:30:00+00:00,243.94509887695312
2024-09-30 17:30:00+00:00,242.4600067138672
2024-09-30 18:30:00+00:00,243.07000732421875
2024-09-30 19:30:00+00:00,245.4499969482422
2024-10-01 13:30:00+00:00,238.8800048828125
2024-10-01 14:30:00+00:00,238.7899932861328
2024-10-01 15:30:00+00:00,238.99000549316406
2024-10-01 16:30:00+00:00,237.22000122070312
2024-10-01 17:30:00+00:00,240.66000366210938
2024-10-01 18:30:00+00:00,240.00999450683594
2024-10-01 19:30:00+00:00,238.83999633789062
2024-10-02 13:30:00+00:00,243.25
2024-10-02 14:30:00+00:00,243.7100067138672
2024-10-02 15:30:00+00:00,244.22999572753906
2024-10-02 16:30:00+00:00,243.1699981689453
2024-10-02 17:30:00+00:00,242.90499877929688
2024-10-02 18:30:00+00:00,243.2100067138672
2024-10-02 19:30:00+00:00,242.24000549316406
2024-10-03 13:30:00+00:00,244.36000061035156
2024-10-03 14:30:00+00:00,244.6999969482422
2024-10-03 15:30:00+00:00,245.1699981689453
2024-10-03 16:30:00+00:00,243.7100067138672
2024-10-03 17:30:00+00:00,243.80999755859375
2024-10-03 18:30:00+00:00,243.2689971923828
2024-10-03 19:30:00+00:00,244.49000549316406
2024-10-04 13:30:00+00:00,245.30999755859375
2024-10-04 14:30:00+00:00,245.72500610351562
2024-10-04 15:30:00+00:00,246.22000122070312
2024-10-04 16:30:00+00:00,246.63999938964844
2024-10-04 17:30:00+00:00,246.3699951171875
2024-10-04 18:30:00+00:00,247.0749969482422
2024-10-04 19:30:00+00:00,247.7899932861328
2024-10-07 13:30:00+00:00,248.3000030517578
2024-10-07 14:30:00+00:00,248.95010375976562
2024-10-07 15:30:00+00:00,249.63999938964844
2024-10-07 16:30:00+00:00,249.65150451660156
2024-10-07 17:30:00+00:00,249.82000732421875
2024-10-07 18:30:00+00:00,247.3800048828125
2024-10-07 19:30:00+00:00,248.22999572753906
2024-10-08 13:30:00+00:00,250.41000366210938
2024-10-08 14:30:00+00:00,251.4438934326172
2024-10-08 15:30:00+00:00,251.8000030517578
2024-10-08 16:30:00+00:00,250.90989685058594
2024-10-08 17:30:00+00:00,251.67999267578125
2024-10-08 18:30:00+00:00,252.5500030517578
2024-10-08 19:30:00+00:00,252.41000366210938
2024-10-09 13:30:00+00:00,253.50869750976562
2024-10-09 14:30:00+00:00,253.80999755859375
2024-10-09 15:30:00+00:00,254.00999450683594
2024-10-09 16:30:00+00:00,253.74000549316406
2024-10-09 17:30:00+00:00,254.74000549316406
2024-10-09 18:30:00+00:00,254.5
2024-10-09 19:30:00+00:00,255.14999389648438
2024-10-10 13:30:00+00:00,254.2899932861328
2024-10-10 14:30:00+00:00,254.80999755859375
2024-10-10 15:30:00+00:00,254.6699981689453
2024-10-10 16:30:00+00:00,254.91000366210938
2024-10-10 17:30:00+00:00,253.91000366210938
2024-10-10 18:30:00+00:00,254.22999572753906
2024-10-10 19:30:00+00:00,254.7100067138672
2024-10-11 13:30:00+00:00,256.260009765625
2024-10-11 14:30:00+00:00,256.3399963378906
2024-10-11 15:30:00+00:00,256.69500732421875
2024-10-11 16:30:00+00:00,256.8699951171875
2024-10-11 17:30:00+00:00,257.0199890136719
2024-10-11 18:30:00+00:00,256.989990234375
2024-10-11 19:30:00+00:00,256.6199951171875
2024-10-14 13:30:00+00:00,261.07000732421875
2024-10-14 14:30:00+00:00,259.8699951171875
2024-10-14 15:30:00+00:00,260.739990234375
2024-10-14 16:30:00+00:00,260.9800109863281
2024-10-14 17:30:00+00:00,261.19000244140625
2024-10-14 18:30:00+00:00,261.8699951171875
2024-10-14 19:30:00+00:00,261.2799987792969
2024-10-15 13:30:00+00:00,255.59500122070312
2024-10-15 14:30:00+00:00,249.92999267578125
2024-10-15 15:30:00+00:00,248.7949981689453
2024-10-15 16:30:00+00:00,247.9250030517578
2024-10-15 17:30:00+00:00,248.27999877929688
2024-10-15 18:30:00+00:00,246.3800048828125
2024-10-15 19:30:00+00:00,247.1699981689453
2024-10-16 13:30:00+00:00,249.02999877929688
2024-10-16 14:30:00+00:00,248.14999389648438
2024-10-16 15:30:00+00:00,247.4499969482422
2024-10-16 16:30:00+00:00,247.64999389648438
2024-10-16 17:30:00+00:00,248.22999572753906
2024-10-16 18:30:00+00:00,247.46499633789062
2024-10-16 19:30:00+00:00,247.32000732421875
2024-10-17 13:30:00+00:00,255.13999938964844
2024-10-17 14:30:00+00:00,255.13999938964844
2024-10-17 15:30:00+00:00,255.4499969482422
2024-10-17 16:30:00+00:00,255.5998992919922
2024-10-17 17:30:00+00:00,253.83999633789062
2024-10-17 18:30:00+00:00,253.10000610351562
2024-10-17 19:30:00+00:00,251.52999877929688
2024-10-18 13:30:00+00:00,253.0749969482422
2024-10-18 14:30:00+00:00,252.52999877929688
2024-10-18 15:30:00+00:00,251.36000061035156
2024-10-18 16:30:00+00:00,251.61000061035156
2024-10-18 17:30:00+00:00,251.2899932861328
2024-10-18 18:30:00+00:00,251.6750030517578
2024-10-18 19:30:00+00:00,251.52999877929688
2024-10-21 13:30:00+00:00,252.2899932861328
2024-10-21 14:30:00+00:00,249.80999755859375
2024-10-21 15:30:00+00:00,250.39999389648438
2024-10-21 16:30:00+00:00,250.94500732421875
2024-10-21 17:30:00+00:00,251.4499969482422
2024-10-21 18:30:00+00:00,251.56500244140625
2024-10-21 19:30:00+00:00,252.85000610351562
2024-10-22 13:30:00+00:00,250.99000549316406
2024-10-22 14:30:00+00:00,251.03500366210938
2024-10-22 15:30:00+00:00,250.2700958251953
2024-10-22 16:30:00+00:00,251.32000732421875
2024-10-22 17:30:00+00:00,251.4499969482422
2024-10-22 18:30:00+00:00,252.00999450683594
2024-10-22 19:30:00+00:00,251.6699981689453
2024-10-23 13:30:00+00:00,250.4199981689453
2024-10-23 14:30:00+00:00,249.58399963378906
2024-10-23 15:30:00+00:00,249.03750610351562
2024-10-23 16:30:00+00:00,247.60000610351562
2024-10-23 17:30:00+00:00,246.5399932861328
2024-10-23 18:30:00+00:00,248.1999969482422
2024-10-23 19:30:00+00:00,248.97999572753906
2024-10-24 13:30:00+00:00,249.0540008544922
2024-10-24 14:30:00+00:00,249.70989990234375
2024-10-24 15:30:00+00:00,249.07000732421875
2024-10-24 16:30:00+00:00,249.3000030517578
2024-10-24 17:30:00+00:00,249.4600067138672
2024-10-24 18:30:00+00:00,250.22999572753906
2024-10-24 19:30:00+00:00,250.0399932861328
2024-10-25 13:30:00+00:00,256.1400146484375
2024-10-25 14:30:00+00:00,255.6699981689453
2024-10-25 15:30:00+00:00,256.239990234375
2024-10-25 16:30:00+00:00,255.0
2024-10-25 17:30:00+00:00,254.33999633789062
2024-10-25 18:30:00+00:00,253.82000732421875
2024-10-25 19:30:00+00:00,253.00999450683594
2024-10-28 13:30:00+00:00,252.7899932861328
2024-10-28 14:30:00+00:00,252.38999938964844
2024-10-28 15:30:00+00:00,251.99000549316406
2024-10-28 16:30:00+00:00,251.75999450683594
2024-10-28 17:30:00+00:00,251.5850067138672
2024-10-28 18:30:00+00:00,251.57000732421875
2024-10-28 19:30:00+00:00,251.16000366210938
2024-10-29 13:30:00+00:00,253.30999755859375
2024-10-29 14:30:00+00:00,254.02000427246094
2024-10-29 15:30:00+00:00,255.2899932861328
2024-10-29 16:30:00+00:00,255.8800048828125
2024-10-29 17:30:00+00:00,256.5299987792969
2024-10-29 18:30:00+00:00,257.92999267578125
2024-10-29 19:30:00+00:00,257.0758972167969
2024-10-30 13:30:00+00:00,252.36000061035156
2024-10-30 14:30:00+00:00,252.42999267578125
2024-10-30 15:30:00+00:00,251.3300018310547
2024-10-30 16:30:00+00:00,251.5500030517578
2024-10-30 17:30:00+00:00,251.41000366210938
2024-10-30 18:30:00+00:00,250.80999755859375
2024-10-30 19:30:00+00:00,250.69000244140625
2024-10-31 13:30:00+00:00,242.5500030517578
2024-10-31 14:30:00+00:00,241.92999267578125
2024-10-31 15:30:00+00:00,241.69000244140625
2024-10-31 16:30:00+00:00,241.3300018310547
2024-10-31 17:30:00+00:00,240.72959899902344
2024-10-31 18:30:00+00:00,241.5500030517578
2024-10-31 19:30:00+00:00,241.52999877929688
2024-11-01 13:30:00+00:00,246.89990234375
2024-11-01 14:30:00+00:00,247.2449951171875
2024-11-01 15:30:00+00:00,246.49000549316406
2024-11-01 16:30:00+00:00,246.5
2024-11-01 17:30:00+00:00,245.07000732421875
2024-11-01 18:30:00+00:00,245.16000366210938
2024-11-01 19:30:00+00:00,244.75340270996094
2024-11-04 14:30:00+00:00,246.33990478515625
2024-11-04 15:30:00+00:00,246.75999450683594
2024-11-04 16:30:00+00:00,245.64999389648438
2024-11-04 17:30:00+00:00,245.64999389648438
2024-11-04 18:30:00+00:00,245.61000061035156
2024-11-04 19:30:00+00:00,245.3699951171875
2024-11-04 20:30:00+00:00,244.2899932861328
2024-11-05 14:30:00+00:00,247.49989318847656
2024-11-05 15:30:00+00:00,248.34849548339844
2024-11-05 16:30:00+00:00,248.50999450683594
2024-11-05 17:30:00+00:00,247.92999267578125
2024-11-05 18:30:00+00:00,247.67999267578125
2024-11-05 19:30:00+00:00,248.02000427246094
2024-11-05 20:30:00+00:00,248.30999755859375
2024-11-06 14:30:00+00:00,252.39999389648438
2024-11-06 15:30:00+00:00,252.15750122070312
2024-11-06 16:30:00+00:00,252.75999450683594
2024-11-06 17:30:00+00:00,254.4499969482422
2024-11-06 18:30:00+00:00,254.97999572753906
2024-11-06 19:30:00+00:00,255.39999389648438
2024-11-06 20:30:00+00:00,254.8000030517578
2024-11-07 14:30:00+00:00,259.89898681640625
2024-11-07 15:30:00+00:00,259.94000244140625
2024-11-07 16:30:00+00:00,260.45001220703125
2024-11-07 17:30:00+00:00,260.32000732421875
2024-11-07 18:30:00+00:00,260.1400146484375
2024-11-07 19:30:00+00:00,260.6099853515625
2024-11-07 20:30:00+00:00,261.05999755859375
2024-11-08 14:30:00+00:00,259.30999755859375
2024-11-08 15:30:00+00:00,259.2900085449219
2024-11-08 16:30:00+00:00,258.95001220703125
2024-11-08 17:30:00+00:00,259.19989013671875
2024-11-08 18:30:00+00:00,259.5799865722656
2024-11-08 19:30:00+00:00,258.875
2024-11-08 20:30:00+00:00,259.260009765625
2024-11-11 14:30:00+00:00,253.3300018310547
2024-11-11 15:30:00+00:00,252.71499633789062
2024-11-11 16:30:00+00:00,252.0
2024-11-11 17:30:00+00:00,251.60000610351562
2024-11-11 18:30:00+00:00,251.39500427246094
2024-11-11 19:30:00+00:00,253.13999938964844
2024-11-11 20:30:00+00:00,253.5189971923828
2024-11-12 14:30:00+00:00,253.0800018310547
2024-11-12 15:30:00+00:00,251.60000610351562
2024-11-12 16:30:00+00:00,250.92999267578125
2024-11-12 17:30:00+00:00,249.97999572753906
2024-11-12 18:30:00+00:00,251.02000427246094
2024-11-12 19:30:00+00:00,251.49000549316406
2024-11-12 20:30:00+00:00,251.91000366210938
2024-11-13 14:30:00+00:00,248.2353973388672
2024-11-13 15:30:00+00:00,248.33999633789062
2024-11-13 16:30:00+00:00,247.97000122070312
2024-11-13 17:30:00+00:00,248.74560546875
2024-11-13 18:30:00+00:00,248.6699981689453
2024-11-13 19:30:00+00:00,248.32000732421875
2024-11-13 20:30:00+00:00,247.66000366210938
2024-11-14 14:30:00+00:00,250.5500030517578
2024-11-14 15:30:00+00:00,250.3300018310547
2024-11-14 16:30:00+00:00,248.64999389648438
2024-11-14 17:30:00+00:00,249.35000610351562
2024-11-14 18:30:00+00:00,248.74000549316406
2024-11-14 19:30:00+00:00,247.83999633789062
2024-11-14 20:30:00+00:00,248.19500732421875
2024-11-15 14:30:00+00:00,242.22000122070312
2024-11-15 15:30:00+00:00,241.5399932861328
2024-11-15 16:30:00+00:00,240.49000549316406
2024-11-15 17:30:00+00:00,239.74000549316406
2024-11-15 18:30:00+00:00,238.88999938964844
2024-11-15 19:30:00+00:00,239.83999633789062
2024-11-15 20:30:00+00:00,239.7899932861328
2024-11-18 14:30:00+00:00,240.72999572753906
2024-11-18 15:30:00+00:00,241.64999389648438
2024-11-18 16:30:00+00:00,240.6199951171875
2024-11-18 17:30:00+00:00,241.38999938964844
2024-11-18 18:30:00+00:00,240.67999267578125
2024-11-18 19:30:00+00:00,241.99000549316406
2024-11-18 20:30:00+00:00,241.55999755859375
2024-11-19 14:30:00+00:00,241.97000122070312
2024-11-19 15:30:00+00:00,242.52000427246094
2024-11-19 16:30:00+00:00,241.9149932861328
2024-11-19 17:30:00+00:00,242.75999450683594
2024-11-19 18:30:00+00:00,243.7449951171875
2024-11-19 19:30:00+00:00,243.97999572753906
2024-11-19 20:30:00+00:00,244.12010192871094
2024-11-20 14:30:00+00:00,239.63999938964844
2024-11-20 15:30:00+00:00,240.27999877929688
2024-11-20 16:30:00+00:00,240.8217010498047
2024-11-20 17:30:00+00:00,240.3000030517578
2024-11-20 18:30:00+00:00,239.19000244140625
2024-11-20 19:30:00+00:00,240.47000122070312
2024-11-20 20:30:00+00:00,242.58999633789062
2024-11-21 14:30:00+00:00,240.19000244140625
2024-11-21 15:30:00+00:00,244.77999877929688
2024-11-21 16:30:00+00:00,244.9149932861328
2024-11-21 17:30:00+00:00,245.92999267578125
2024-11-21 18:30:00+00:00,246.52999877929688
2024-11-21 19:30:00+00:00,247.1699981689453
2024-11-21 20:30:00+00:00,246.11000061035156
2024-11-22 14:30:00+00:00,243.92999267578125
2024-11-22 15:30:00+00:00,243.75999450683594
2024-11-22 16:30:00+00:00,244.51429748535156
2024-11-22 17:30:00+00:00,244.61000061035156
2024-11-22 18:30:00+00:00,244.07000732421875
2024-11-22 19:30:00+00:00,244.0926971435547
2024-11-22 20:30:00+00:00,244.58999633789062
2024-11-25 14:30:00+00:00,244.05999755859375
2024-11-25 15:30:00+00:00,245.22999572753906
2024-11-25 16:30:00+00:00,243.6300048828125
2024-11-25 17:30:00+00:00,243.7899932861328
2024-11-25 18:30:00+00:00,243.63999938964844
2024-11-25 19:30:00+00:00,243.7100067138672
2024-11-25 20:30:00+00:00,243.6699981689453
2024-11-26 14:30:00+00:00,242.47000122070312
2024-11-26 15:30:00+00:00,241.7982940673828
2024-11-26 16:30:00+00:00,240.69000244140625
2024-11-26 17:30:00+00:00,240.97000122070312
2024-11-26 18:30:00+00:00,240.05999755859375
2024-11-26 19:30:00+00:00,240.41000366210938
2024-11-26 20:30:00+00:00,241.44000244140625
2024-11-27 14:30:00+00:00,235.50999450683594
2024-11-27 15:30:00+00:00,235.07000732421875
2024-11-27 16:30:00+00:00,234.6999969482422
2024-11-27 17:30:00+00:00,236.10499572753906
2024-11-27 18:30:00+00:00,237.11000061035156
2024-11-27 19:30:00+00:00,237.4261016845703
2024-11-27 20:30:00+00:00,238.22999572753906
2024-11-29 14:30:00+00:00,243.4600067138672
2024-11-29 15:30:00+00:00,243.74000549316406
2024-11-29 16:30:00+00:00,242.3000030517578
2024-12-02 14:30:00+00:00,246.41000366210938
2024-12-02 15:30:00+00:00,247.98500061035156
2024-12-02 16:30:00+00:00,248.60499572753906
2024-12-02 17:30:00+00:00,248.16000366210938
2024-12-02 18:30:00+00:00,247.1300048828125
2024-12-02 19:30:00+00:00,248.2899932861328
2024-12-02 20:30:00+00:00,247.88999938964844
2024-12-03 14:30:00+00:00,247.02499389648438
2024-12-03 15:30:00+00:00,247.97000122070312
2024-12-03 16:30:00+00:00,247.03500366210938
2024-12-03 17:30:00+00:00,247.6300048828125
2024-12-03 18:30:00+00:00,247.50999450683594
2024-12-03 19:30:00+00:00,248.32000732421875
2024-12-03 20:30:00+00:00,248.40499877929688
2024-12-04 14:30:00+00:00,251.19500732421875
2024-12-04 15:30:00+00:00,252.11000061035156
2024-12-04 16:30:00+00:00,252.35000610351562
2024-12-04 17:30:00+00:00,252.02000427246094
2024-12-04 18:30:00+00:00,252.7550048828125
2024-12-04 19:30:00+00:00,252.54989624023438
2024-12-04 20:30:00+00:00,252.63999938964844
2024-12-05 14:30:00+00:00,249.4199981689453
2024-12-05 15:30:00+00:00,250.1750030517578
2024-12-05 16:30:00+00:00,250.27999877929688
2024-12-05 17:30:00+00:00,248.4600067138672
2024-12-05 18:30:00+00:00,248.08999633789062
2024-12-05 19:30:00+00:00,247.92999267578125
2024-12-05 20:30:00+00:00,248.27999877929688
2024-12-06 14:30:00+00:00,248.82000732421875
2024-12-06 15:30:00+00:00,247.8800048828125
2024-12-06 16:30:00+00:00,248.48500061035156
2024-12-06 17:30:00+00:00,248.72979736328125
2024-12-06 18:30:00+00:00,248.39999389648438
2024-12-06 19:30:00+00:00,248.3450927734375
2024-12-06 20:30:00+00:00,248.61000061035156
2024-12-09 14:30:00+00:00,247.89999389648438
2024-12-09 15:30:00+00:00,246.52000427246094
2024-12-09 16:30:00+00:00,246.75999450683594
2024-12-09 17:30:00+00:00,247.02749633789062
2024-12-09 18:30:00+00:00,246.52999877929688
2024-12-09 19:30:00+00:00,245.5106964111328
2024-12-09 20:30:00+00:00,246.1300048828125
2024-12-10 14:30:00+00:00,244.22999572753906
2024-12-10 15:30:00+00:00,241.66000366210938
2024-12-10 16:30:00+00:00,240.42999267578125
2024-12-10 17:30:00+00:00,240.50999450683594
2024-12-10 18:30:00+00:00,240.19000244140625
2024-12-10 19:30:00+00:00,238.72999572753906
2024-12-10 20:30:00+00:00,239.8699951171875
2024-12-11 14:30:00+00:00,243.24000549316406
2024-12-11 15:30:00+00:00,244.5749969482422
2024-12-11 16:30:00+00:00,244.77999877929688
2024-12-11 17:30:00+00:00,245.5050048828125
2024-12-11 18:30:00+00:00,245.8300018310547
2024-12-11 19:30:00+00:00,246.9600067138672
2024-12-11 20:30:00+00:00,245.8000030517578
2024-12-12 14:30:00+00:00,243.19000244140625
2024-12-12 15:30:00+00:00,243.1199951171875
2024-12-12 16:30:00+00:00,243.13499450683594
2024-12-12 17:30:00+00:00,243.61000061035156
2024-12-12 18:30:00+00:00,243.55999755859375
2024-12-12 19:30:00+00:00,243.32000732421875
2024-12-12 20:30:00+00:00,243.42999267578125
2024-12-13 14:30:00+00:00,249.16000366210938
2024-12-13 15:30:00+00:00,246.64999389648438
2024-12-13 16:30:00+00:00,247.0800018310547
2024-12-13 17:30:00+00:00,248.0500030517578
2024-12-13 18:30:00+00:00,249.33999633789062
2024-12-13 19:30:00+00:00,249.85000610351562
2024-12-13 20:30:00+00:00,249.49000549316406
2024-12-16 14:30:00+00:00,252.41000366210938
2024-12-16 15:30:00+00:00,251.50999450683594
2024-12-16 16:30:00+00:00,252.36270141601562
2024-12-16 17:30:00+00:00,253.44000244140625
2024-12-16 18:30:00+00:00,253.6699981689453
2024-12-16 19:30:00+00:00,253.97000122070312
2024-12-16 20:30:00+00:00,253.1999969482422
2024-12-17 14:30:00+00:00,248.19000244140625
2024-12-17 15:30:00+00:00,249.67999267578125
2024-12-17 16:30:00+00:00,250.63999938964844
2024-12-17 17:30:00+00:00,249.88999938964844
2024-12-17 18:30:00+00:00,249.0749969482422
2024-12-17 19:30:00+00:00,248.88999938964844
2024-12-17 20:30:00+00:00,249.9499969482422
2024-12-18 14:30:00+00:00,253.13999938964844
2024-12-18 15:30:00+00:00,253.875
2024-12-18 16:30:00+00:00,253.86000061035156
2024-12-18 17:30:00+00:00,253.7899932861328
2024-12-18 18:30:00+00:00,250.13999938964844
2024-12-18 19:30:00+00:00,244.45989990234375
2024-12-18 20:30:00+00:00,241.66000366210938
2024-12-19 14:30:00+00:00,239.30999755859375
2024-12-19 15:30:00+00:00,241.57000732421875
2024-12-19 16:30:00+00:00,240.14999389648438
2024-12-19 17:30:00+00:00,240.36000061035156
2024-12-19 18:30:00+00:00,240.36000061035156
2024-12-19 19:30:00+00:00,240.02000427246094
2024-12-19 20:30:00+00:00,238.9199981689453
2024-12-20 14:30:00+00:00,240.97999572753906
2024-12-20 15:30:00+00:00,243.41000366210938
2024-12-20 16:30:00+00:00,245.1708984375
2024-12-20 17:30:00+00:00,243.0800018310547
2024-12-20 18:30:00+00:00,244.42999267578125
2024-12-20 19:30:00+00:00,243.56500244140625
2024-12-20 20:30:00+00:00,242.91000366210938
2024-12-23 14:30:00+00:00,245.13999938964844
2024-12-23 15:30:00+00:00,246.4600067138672
2024-12-23 16:30:00+00:00,247.42999267578125
2024-12-23 17:30:00+00:00,248.60000610351562
2024-12-23 18:30:00+00:00,249.27999877929688
2024-12-23 19:30:00+00:00,248.80999755859375
2024-12-23 20:30:00+00:00,249.41000366210938
2024-12-24 14:30:00+00:00,250.5800018310547
2024-12-24 15:30:00+00:00,251.17990112304688
2024-12-24 16:30:00+00:00,251.0
2024-12-26 14:30:00+00:00,250.58999633789062
2024-12-26 15:30:00+00:00,251.36000061035156
2024-12-26 16:30:00+00:00,251.72999572753906
2024-12-26 17:30:00+00:00,251.72000122070312
2024-12-26 18:30:00+00:00,251.6300048828125
2024-12-26 19:30:00+00:00,251.82000732421875
2024-12-26 20:30:00+00:00,250.91000366210938
2024-12-27 14:30:00+00:00,246.2100067138672
2024-12-27 15:30:00+00:00,247.64999389648438
2024-12-27 16:30:00+00:00,246.3800048828125
2024-12-27 17:30:00+00:00,246.97999572753906
2024-12-27 18:30:00+00:00,247.89999389648438
2024-12-27 19:30:00+00:00,247.96499633789062
2024-12-27 20:30:00+00:00,248.39999389648438
2024-12-30 14:30:00+00:00,243.32000732421875
2024-12-30 15:30:00+00:00,244.50999450683594
2024-12-30 16:30:00+00:00,246.3000030517578
2024-12-30 17:30:00+00:00,246.63999938964844
2024-12-30 18:30:00+00:00,246.0399932861328
2024-12-30 19:30:00+00:00,245.21499633789062
2024-12-30 20:30:00+00:00,244.6699981689453
2024-12-31 14:30:00+00:00,244.92999267578125
2024-12-31 15:30:00+00:00,243.22000122070312
2024-12-31 16:30:00+00:00,242.38999938964844
2024-12-31 17:30:00+00:00,242.14999389648438
2024-12-31 18:30:00+00:00,241.52999877929688
2024-12-31 19:30:00+00:00,243.52999877929688
2024-12-31 20:30:00+00:00,242.3000030517578
2025-01-02 14:30:00+00:00,245.52000427246094
2025-01-02 15:30:00+00:00,246.3350067138672
2025-01-02 16:30:00+00:00,244.58799743652344
2025-01-02 17:30:00+00:00,243.31500244140625
2025-01-02 18:30:00+00:00,244.02999877929688
2025-01-02 19:30:00+00:00,244.91000366210938
2025-01-02 20:30:00+00:00,244.8000030517578
2025-01-03 14:30:00+00:00,248.3800048828125
2025-01-03 15:30:00+00:00,249.84500122070312
2025-01-03 16:30:00+00:00,250.22999572753906
2025-01-03 17:30:00+00:00,251.41000366210938
2025-01-03 18:30:00+00:00,252.0399932861328
2025-01-03 19:30:00+00:00,251.97500610351562
2025-01-03 20:30:00+00:00,251.86000061035156
2025-01-06 14:30:00+00:00,263.25
2025-01-06 15:30:00+00:00,262.8699951171875
2025-01-06 16:30:00+00:00,262.7200012207031
2025-01-06 17:30:00+00:00,262.5450134277344
2025-01-06 18:30:00+00:00,260.739990234375
2025-01-06 19:30:00+00:00,260.8999938964844
2025-01-06 20:30:00+00:00,260.2699890136719
2025-01-07 14:30:00+00:00,258.1199951171875
2025-01-07 15:30:00+00:00,258.5400085449219
2025-01-07 16:30:00+00:00,255.72000122070312
2025-01-07 17:30:00+00:00,257.56500244140625
2025-01-07 18:30:00+00:00,256.55999755859375
2025-01-07 19:30:00+00:00,253.92750549316406
2025-01-07 20:30:00+00:00,254.00999450683594
2025-01-08 14:30:00+00:00,251.67999267578125
2025-01-08 15:30:00+00:00,252.25
2025-01-08 16:30:00+00:00,249.77000427246094
2025-01-08 17:30:00+00:00,252.64999389648438
2025-01-08 18:30:00+00:00,252.67999267578125
2025-01-08 19:30:00+00:00,251.74000549316406
2025-01-08 20:30:00+00:00,252.19000244140625
2025-01-10 14:30:00+00:00,247.90499877929688
2025-01-10 15:30:00+00:00,246.6199951171875
2025-01-10 16:30:00+00:00,246.55999755859375
2025-01-10 17:30:00+00:00,247.9499969482422
2025-01-10 18:30:00+00:00,248.08999633789062
2025-01-10 19:30:00+00:00,246.99009704589844
2025-01-10 20:30:00+00:00,247.1300048828125
2025-01-13 14:30:00+00:00,241.7100067138672
2025-01-13 15:30:00+00:00,242.6999969482422
2025-01-13 16:30:00+00:00,243.74000549316406
2025-01-13 17:30:00+00:00,243.97000122070312
2025-01-13 18:30:00+00:00,243.91000366210938
2025-01-13 19:30:00+00:00,243.86199951171875
2025-01-13 20:30:00+00:00,244.6573944091797
2025-01-14 14:30:00+00:00,245.58999633789062
2025-01-14 15:30:00+00:00,243.7100067138672
2025-01-14 16:30:00+00:00,243.1999969482422
2025-01-14 17:30:00+00:00,244.4550018310547
2025-01-14 18:30:00+00:00,245.22999572753906
2025-01-14 19:30:00+00:00,243.92999267578125
2025-01-14 20:30:00+00:00,245.4597930908203
2025-01-15 14:30:00+00:00,251.1750030517578
2025-01-15 15:30:00+00:00,250.44000244140625
2025-01-15 16:30:00+00:00,250.1475067138672
2025-01-15 17:30:00+00:00,251.17999267578125
2025-01-15 18:30:00+00:00,251.5500030517578
2025-01-15 19:30:00+00:00,251.875
2025-01-15 20:30:00+00:00,251.13999938964844
2025-01-16 14:30:00+00:00,255.14999389648438
2025-01-16 15:30:00+00:00,255.89999389648438
2025-01-16 16:30:00+00:00,256.6650085449219
2025-01-16 17:30:00+00:00,254.94000244140625
2025-01-16 18:30:00+00:00,254.89999389648438
2025-01-16 19:30:00+00:00,254.2100067138672
2025-01-16 20:30:00+00:00,252.2100067138672
2025-01-17 14:30:00+00:00,256.739990234375
2025-01-17 15:30:00+00:00,258.0400085449219
2025-01-17 16:30:00+00:00,258.1799011230469
2025-01-17 17:30:00+00:00,258.21990966796875
2025-01-17 18:30:00+00:00,258.3500061035156
2025-01-17 19:30:00+00:00,258.1700134277344
2025-01-17 20:30:00+00:00,258.2099914550781
2025-01-21 14:30:00+00:00,260.5
2025-01-21 15:30:00+00:00,261.1796875
2025-01-21 16:30:00+00:00,262.9700012207031
2025-01-21 17:30:00+00:00,264.1000061035156
2025-01-21 18:30:00+00:00,263.9700012207031
2025-01-21 19:30:00+00:00,263.9682922363281
2025-01-21 20:30:00+00:00,262.3399963378906
2025-01-22 14:30:00+00:00,267.6600036621094
2025-01-22 15:30:00+00:00,268.7650146484375
2025-01-22 16:30:00+00:00,269.0942077636719
2025-01-22 17:30:00+00:00,268.30499267578125
2025-01-22 18:30:00+00:00,268.4198913574219
2025-01-22 19:30:00+00:00,267.7099914550781
2025-01-22 20:30:00+00:00,267.20001220703125
2025-01-23 14:30:00+00:00,263.78509521484375
2025-01-23 15:30:00+00:00,264.8299865722656
2025-01-23 16:30:00+00:00,265.17999267578125
2025-01-23 17:30:00+00:00,265.2099914550781
2025-01-23 18:30:00+00:00,265.4085998535156
2025-01-23 19:30:00+00:00,265.55999755859375
2025-01-23 20:30:00+00:00,266.8599853515625
2025-01-24 14:30:00+00:00,264.3999938964844
2025-01-24 15:30:00+00:00,264.43011474609375
2025-01-24 16:30:00+00:00,263.54998779296875
2025-01-24 17:30:00+00:00,262.1099853515625
2025-01-24 18:30:00+00:00,261.010009765625
2025-01-24 19:30:00+00:00,261.1499938964844
2025-01-24 20:30:00+00:00,261.5299987792969
2025-01-27 14:30:00+00:00,241.86000061035156
2025-01-27 15:30:00+00:00,236.7899932861328
2025-01-27 16:30:00+00:00,236.22000122070312
2025-01-27 17:30:00+00:00,233.00999450683594
2025-01-27 18:30:00+00:00,234.1649932861328
2025-01-27 19:30:00+00:00,234.16000366210938
2025-01-27 20:30:00+00:00,235.80999755859375
2025-01-28 14:30:00+00:00,237.2301025390625
2025-01-28 15:30:00+00:00,234.78500366210938
2025-01-28 16:30:00+00:00,238.15499877929688
2025-01-28 17:30:00+00:00,238.4199981689453
2025-01-28 18:30:00+00:00,239.0800018310547
2025-01-28 19:30:00+00:00,240.86000061035156
2025-01-28 20:30:00+00:00,240.5
2025-01-29 14:30:00+00:00,240.33990478515625
2025-01-29 15:30:00+00:00,238.75
2025-01-29 16:30:00+00:00,239.24000549316406
2025-01-29 17:30:00+00:00,238.74000549316406
2025-01-29 18:30:00+00:00,237.41000366210938
2025-01-29 19:30:00+00:00,239.8800048828125
2025-01-29 20:30:00+00:00,239.58999633789062
2025-01-30 14:30:00+00:00,241.61000061035156
2025-01-30 15:30:00+00:00,242.61000061035156
2025-01-30 16:30:00+00:00,242.5500030517578
2025-01-30 17:30:00+00:00,242.5500030517578
2025-01-30 18:30:00+00:00,244.2899932861328
2025-01-30 19:30:00+00:00,245.6699981689453
2025-01-30 20:30:00+00:00,245.1199951171875
2025-01-31 14:30:00+00:00,249.34120178222656
2025-01-31 15:30:00+00:00,250.51499938964844
2025-01-31 16:30:00+00:00,250.14259338378906
2025-01-31 17:30:00+00:00,248.05999755859375
2025-01-31 18:30:00+00:00,246.60000610351562
2025-01-31 19:30:00+00:00,243.22999572753906
2025-01-31 20:30:00+00:00,243.5500030517578
2025-02-03 14:30:00+00:00,239.64999389648438
2025-02-03 15:30:00+00:00,240.00999450683594
2025-02-03 16:30:00+00:00,239.1699981689453
2025-02-03 17:30:00+00:00,239.1199951171875
2025-02-03 18:30:00+00:00,240.64199829101562
2025-02-03 19:30:00+00:00,239.8907012939453
2025-02-03 20:30:00+00:00,238.77999877929688
2025-02-04 14:30:00+00:00,242.0399932861328
2025-02-04 15:30:00+00:00,242.11000061035156
2025-02-04 16:30:00+00:00,240.11599731445312
2025-02-04 17:30:00+00:00,241.3800048828125
2025-02-04 18:30:00+00:00,241.58999633789062
2025-02-04 19:30:00+00:00,240.9499969482422
2025-02-04 20:30:00+00:00,241.41000366210938
2025-02-05 14:30:00+00:00,243.0800018310547
2025-02-05 15:30:00+00:00,244.8000030517578
2025-02-05 16:30:00+00:00,246.5500030517578
2025-02-05 17:30:00+00:00,245.97999572753906
2025-02-05 18:30:00+00:00,246.17999267578125
2025-02-05 19:30:00+00:00,247.41000366210938
2025-02-05 20:30:00+00:00,247.1699981689453
2025-02-06 14:30:00+00:00,246.53509521484375
2025-02-06 15:30:00+00:00,246.85000610351562
2025-02-06 16:30:00+00:00,246.6699981689453
2025-02-06 17:30:00+00:00,247.7100067138672
2025-02-06 18:30:00+00:00,246.83999633789062
2025-02-06 19:30:00+00:00,247.0449981689453
2025-02-06 20:30:00+00:00,248.36000061035156
2025-02-07 14:30:00+00:00,246.71499633789062
2025-02-07 15:30:00+00:00,244.91000366210938
2025-02-07 16:30:00+00:00,244.3800048828125
2025-02-07 17:30:00+00:00,245.6199951171875
2025-02-07 18:30:00+00:00,244.0500030517578
2025-02-07 19:30:00+00:00,244.27000427246094
2025-02-07 20:30:00+00:00,245.05999755859375
2025-02-10 14:30:00+00:00,248.86000061035156
2025-02-10 15:30:00+00:00,248.63999938964844
2025-02-10 16:30:00+00:00,249.3699951171875
2025-02-10 17:30:00+00:00,249.8699951171875
2025-02-10 18:30:00+00:00,249.77999877929688
2025-02-10 19:30:00+00:00,249.9600067138672
2025-02-10 20:30:00+00:00,249.6199951171875
2025-02-11 14:30:00+00:00,250.30999755859375
2025-02-11 15:30:00+00:00,250.41000366210938
2025-02-11 16:30:00+00:00,249.72999572753906
2025-02-11 17:30:00+00:00,249.86509704589844
2025-02-11 18:30:00+00:00,250.24000549316406
2025-02-11 19:30:00+00:00,250.51089477539062
2025-02-11 20:30:00+00:00,249.82000732421875
2025-02-12 14:30:00+00:00,246.92999267578125
2025-02-12 15:30:00+00:00,245.88999938964844
2025-02-12 16:30:00+00:00,247.70590209960938
2025-02-12 17:30:00+00:00,247.9138946533203
2025-02-12 18:30:00+00:00,247.88299560546875
2025-02-12 19:30:00+00:00,248.4199981689453
2025-02-12 20:30:00+00:00,248.5500030517578
2025-02-13 14:30:00+00:00,250.6300048828125
2025-02-13 15:30:00+00:00,251.2899932861328
2025-02-13 16:30:00+00:00,250.94000244140625
2025-02-13 17:30:00+00:00,250.60049438476562
2025-02-13 18:30:00+00:00,251.0850067138672
2025-02-13 19:30:00+00:00,251.75999450683594
2025-02-13 20:30:00+00:00,251.94500732421875
2025-02-14 14:30:00+00:00,252.02000427246094
2025-02-14 15:30:00+00:00,251.5449981689453
2025-02-14 16:30:00+00:00,250.87750244140625
2025-02-14 17:30:00+00:00,251.49000549316406
2025-02-14 18:30:00+00:00,252.52830505371094
2025-02-14 19:30:00+00:00,252.2899932861328
2025-02-14 20:30:00+00:00,252.55499267578125
2025-02-18 14:30:00+00:00,254.72999572753906
2025-02-18 15:30:00+00:00,255.92999267578125
2025-02-18 16:30:00+00:00,254.93699645996094
2025-02-18 17:30:00+00:00,255.58999633789062
2025-02-18 18:30:00+00:00,255.8000030517578
2025-02-18 19:30:00+00:00,256.5
2025-02-18 20:30:00+00:00,256.2300109863281
2025-02-19 14:30:00+00:00,255.3000030517578
2025-02-19 15:30:00+00:00,256.7449951171875
2025-02-19 16:30:00+00:00,256.29998779296875
2025-02-19 17:30:00+00:00,257.30999755859375
2025-02-19 18:30:00+00:00,257.8299865722656
2025-02-19 19:30:00+00:00,256.7699890136719
2025-02-19 20:30:00+00:00,257.3399963378906
2025-02-20 14:30:00+00:00,257.0400085449219
2025-02-20 15:30:00+00:00,256.1199951171875
2025-02-20 16:30:00+00:00,257.30999755859375
2025-02-20 17:30:00+00:00,256.44000244140625
2025-02-20 18:30:00+00:00,257.3236083984375
2025-02-20 19:30:00+00:00,257.1000061035156
2025-02-20 20:30:00+00:00,257.80999755859375
2025-02-21 14:30:00+00:00,256.0799865722656
2025-02-21 15:30:00+00:00,254.4250030517578
2025-02-21 16:30:00+00:00,253.99000549316406
2025-02-21 17:30:00+00:00,251.6300048828125
2025-02-21 18:30:00+00:00,249.4949951171875
2025-02-21 19:30:00+00:00,250.0850067138672
2025-02-21 20:30:00+00:00,249.89999389648438
2025-02-24 14:30:00+00:00,246.97999572753906
2025-02-24 15:30:00+00:00,248.4499969482422
2025-02-24 16:30:00+00:00,248.74000549316406
2025-02-24 17:30:00+00:00,248.75
2025-02-24 18:30:00+00:00,246.9199981689453
2025-02-24 19:30:00+00:00,245.3249969482422
2025-02-24 20:30:00+00:00,243.42999267578125
2025-02-25 14:30:00+00:00,237.9550018310547
2025-02-25 15:30:00+00:00,238.42999267578125
2025-02-25 16:30:00+00:00,240.0
2025-02-25 17:30:00+00:00,239.75
2025-02-25 18:30:00+00:00,238.5399932861328
2025-02-25 19:30:00+00:00,239.9600067138672
2025-02-25 20:30:00+00:00,238.2899932861328
2025-02-26 14:30:00+00:00,242.60000610351562
2025-02-26 15:30:00+00:00,245.17999267578125
2025-02-26 16:30:00+00:00,245.60000610351562
2025-02-26 17:30:00+00:00,242.39999389648438
2025-02-26 18:30:00+00:00,242.02999877929688
2025-02-26 19:30:00+00:00,242.76499938964844
2025-02-26 20:30:00+00:00,243.8300018310547
2025-02-27 14:30:00+00:00,239.4550018310547
2025-02-27 15:30:00+00:00,237.50999450683594
2025-02-27 16:30:00+00:00,238.16000366210938
2025-02-27 17:30:00+00:00,238.55999755859375
2025-02-27 18:30:00+00:00,235.0
2025-02-27 19:30:00+00:00,231.0399932861328
2025-02-27 20:30:00+00:00,228.77999877929688
2025-02-28 14:30:00+00:00,233.01829528808594
2025-02-28 15:30:00+00:00,230.60000610351562
2025-02-28 16:30:00+00:00,231.14999389648438
2025-02-28 17:30:00+00:00,228.80999755859375
2025-02-28 18:30:00+00:00,228.52000427246094
2025-02-28 19:30:00+00:00,230.78399658203125
2025-02-28 20:30:00+00:00,232.8249969482422
2025-03-03 14:30:00+00:00,232.5399932861328
2025-03-03 15:30:00+00:00,231.36000061035156
2025-03-03 16:30:00+00:00,231.1699981689453
2025-03-03 17:30:00+00:00,226.3000030517578
2025-03-03 18:30:00+00:00,226.94000244140625
2025-03-03 19:30:00+00:00,221.52000427246094
2025-03-03 20:30:00+00:00,223.0399932861328
2025-03-04 14:30:00+00:00,219.875
2025-03-04 15:30:00+00:00,219.75
2025-03-04 16:30:00+00:00,224.94000244140625
2025-03-04 17:30:00+00:00,225.27000427246094
2025-03-04 18:30:00+00:00,228.06500244140625
2025-03-04 19:30:00+00:00,229.72000122070312
2025-03-04 20:30:00+00:00,225.11000061035156
2025-03-05 14:30:00+00:00,225.44000244140625
2025-03-05 15:30:00+00:00,224.68499755859375
2025-03-05 16:30:00+00:00,226.6300048828125
2025-03-05 17:30:00+00:00,226.75999450683594
2025-03-05 18:30:00+00:00,228.77049255371094
2025-03-05 19:30:00+00:00,229.52999877929688
2025-03-05 20:30:00+00:00,229.2949981689453
2025-03-06 14:30:00+00:00,225.3699951171875
2025-03-06 15:30:00+00:00,223.92999267578125
2025-03-06 16:30:00+00:00,220.64999389648438
2025-03-06 17:30:00+00:00,220.9600067138672
2025-03-06 18:30:00+00:00,219.49000549316406
2025-03-06 19:30:00+00:00,220.5399932861328
2025-03-06 20:30:00+00:00,219.7899932861328
2025-03-07 14:30:00+00:00,221.27000427246094
2025-03-07 15:30:00+00:00,218.7100067138672
2025-03-07 16:30:00+00:00,218.5800018310547
2025-03-07 17:30:00+00:00,220.99000549316406
2025-03-07 18:30:00+00:00,224.5749969482422
2025-03-07 19:30:00+00:00,224.64999389648438
2025-03-07 20:30:00+00:00,225.05999755859375
2025-03-10 13:30:00+00:00,217.07000732421875
2025-03-10 14:30:00+00:00,216.6649932861328
2025-03-10 15:30:00+00:00,216.31500244140625
2025-03-10 16:30:00+00:00,215.0399932861328
2025-03-10 17:30:00+00:00,213.6999053955078
2025-03-10 18:30:00+00:00,213.80999755859375
2025-03-10 19:30:00+00:00,214.61000061035156
2025-03-11 13:30:00+00:00,212.0850067138672
2025-03-11 14:30:00+00:00,213.75
2025-03-11 15:30:00+00:00,213.7100067138672
2025-03-11 16:30:00+00:00,211.8000030517578
2025-03-11 17:30:00+00:00,216.36000061035156
2025-03-11 18:30:00+00:00,216.6699981689453
2025-03-11 19:30:00+00:00,214.24000549316406
2025-03-12 13:30:00+00:00,220.8800048828125
2025-03-12 14:30:00+00:00,220.1300048828125
2025-03-12 15:30:00+00:00,221.8800048828125
2025-03-12 16:30:00+00:00,222.1199951171875
2025-03-12 17:30:00+00:00,221.19000244140625
2025-03-12 18:30:00+00:00,220.55999755859375
2025-03-12 19:30:00+00:00,220.55999755859375
2025-03-13 13:30:00+00:00,222.39999389648438
2025-03-13 14:30:00+00:00,220.4199981689453
2025-03-13 15:30:00+00:00,220.10000610351562
2025-03-13 16:30:00+00:00,218.3699951171875
2025-03-13 17:30:00+00:00,220.82000732421875
2025-03-13 18:30:00+00:00,219.55999755859375
2025-03-13 19:30:00+00:00,219.5500030517578
2025-03-14 13:30:00+00:00,223.7144012451172
2025-03-14 14:30:00+00:00,225.99400329589844
2025-03-14 15:30:00+00:00,225.3677978515625
2025-03-14 16:30:00+00:00,225.75010681152344
2025-03-14 17:30:00+00:00,225.49000549316406
2025-03-14 18:30:00+00:00,225.84500122070312
2025-03-14 19:30:00+00:00,226.57000732421875
2025-03-17 13:30:00+00:00,227.2899932861328
2025-03-17 14:30:00+00:00,227.2899932861328
2025-03-17 15:30:00+00:00,226.80999755859375
2025-03-17 16:30:00+00:00,227.968505859375
2025-03-17 17:30:00+00:00,230.01829528808594
2025-03-17 18:30:00+00:00,230.22999572753906
2025-03-17 19:30:00+00:00,228.99000549316406
2025-03-18 13:30:00+00:00,225.7899932861328
2025-03-18 14:30:00+00:00,225.24000549316406
2025-03-18 15:30:00+00:00,226.22430419921875
2025-03-18 16:30:00+00:00,226.24000549316406
2025-03-18 17:30:00+00:00,225.78990173339844
2025-03-18 18:30:00+00:00,225.57000732421875
2025-03-18 19:30:00+00:00,225.3699951171875
2025-03-19 13:30:00+00:00,225.8262939453125
2025-03-19 14:30:00+00:00,226.35989379882812
2025-03-19 15:30:00+00:00,227.2899932861328
2025-03-19 16:30:00+00:00,225.9499969482422
2025-03-19 17:30:00+00:00,227.0
2025-03-19 18:30:00+00:00,227.6699981689453
2025-03-19 19:30:00+00:00,227.33999633789062
2025-03-20 13:30:00+00:00,227.85000610351562
2025-03-20 14:30:00+00:00,228.47999572753906
2025-03-20 15:30:00+00:00,226.8000030517578
2025-03-20 16:30:00+00:00,226.10000610351562
2025-03-20 17:30:00+00:00,226.09500122070312
2025-03-20 18:30:00+00:00,226.27999877929688
2025-03-20 19:30:00+00:00,227.0500030517578
2025-03-21 13:30:00+00:00,223.69000244140625
2025-03-21 14:30:00+00:00,222.59359741210938
2025-03-21 15:30:00+00:00,224.86500549316406
2025-03-21 16:30:00+00:00,224.7100067138672
2025-03-21 17:30:00+00:00,224.91000366210938
2025-03-21 18:30:00+00:00,224.60000610351562
2025-03-21 19:30:00+00:00,224.89999389648438
2025-03-24 13:30:00+00:00,230.97000122070312
2025-03-24 14:30:00+00:00,232.03500366210938
2025-03-24 15:30:00+00:00,231.63999938964844
2025-03-24 16:30:00+00:00,231.19000244140625
2025-03-24 17:30:00+00:00,230.7899932861328
2025-03-24 18:30:00+00:00,231.25
2025-03-24 19:30:00+00:00,230.64999389648438
2025-03-25 13:30:00+00:00,229.86500549316406
2025-03-25 14:30:00+00:00,229.97000122070312
2025-03-25 15:30:00+00:00,230.00999450683594
2025-03-25 16:30:00+00:00,228.90499877929688
2025-03-25 17:30:00+00:00,229.22000122070312
2025-03-25 18:30:00+00:00,229.47999572753906
2025-03-25 19:30:00+00:00,229.71499633789062
2025-03-26 13:30:00+00:00,224.52999877929688
2025-03-26 14:30:00+00:00,223.82000732421875
2025-03-26 15:30:00+00:00,222.24000549316406
2025-03-26 16:30:00+00:00,220.88999938964844
2025-03-26 17:30:00+00:00,221.5399932861328
2025-03-26 18:30:00+00:00,220.89999389648438
2025-03-26 19:30:00+00:00,221.9499969482422
2025-03-27 13:30:00+00:00,219.2100067138672
2025-03-27 14:30:00+00:00,219.0500030517578
2025-03-27 15:30:00+00:00,217.85499572753906
2025-03-27 16:30:00+00:00,216.92999267578125
2025-03-27 17:30:00+00:00,217.9499969482422
2025-03-27 18:30:00+00:00,219.23500061035156
2025-03-27 19:30:00+00:00,217.6999969482422
2025-03-28 13:30:00+00:00,213.6699981689453
2025-03-28 14:30:00+00:00,212.94500732421875
2025-03-28 15:30:00+00:00,211.8300018310547
2025-03-28 16:30:00+00:00,211.39999389648438
2025-03-28 17:30:00+00:00,212.25999450683594
2025-03-28 18:30:00+00:00,212.11000061035156
2025-03-28 19:30:00+00:00,212.11000061035156
2025-03-31 13:30:00+00:00,205.72999572753906
2025-03-31 14:30:00+00:00,207.2899932861328
2025-03-31 15:30:00+00:00,208.07000732421875
2025-03-31 16:30:00+00:00,207.7100067138672
2025-03-31 17:30:00+00:00,209.55999755859375
2025-03-31 18:30:00+00:00,209.88999938964844
2025-03-31 19:30:00+00:00,211.41000366210938
2025-04-01 13:30:00+00:00,208.0800018310547
2025-04-01 14:30:00+00:00,211.47999572753906
2025-04-01 15:30:00+00:00,211.35000610351562
2025-04-01 16:30:00+00:00,211.05999755859375
2025-04-01 17:30:00+00:00,208.82000732421875
2025-04-01 18:30:00+00:00,209.9600067138672
2025-04-01 19:30:00+00:00,212.47999572753906
2025-04-02 13:30:00+00:00,211.92999267578125
2025-04-02 14:30:00+00:00,213.11000061035156
2025-04-02 15:30:00+00:00,214.70010375976562
2025-04-02 16:30:00+00:00,215.4517059326172
2025-04-02 17:30:00+00:00,212.19500732421875
2025-04-02 18:30:00+00:00,213.25
2025-04-02 19:30:00+00:00,214.07000732421875
2025-04-03 13:30:00+00:00,202.25
2025-04-03 14:30:00+00:00,198.3300018310547
2025-04-03 15:30:00+00:00,199.22000122070312
2025-04-03 16:30:00+00:00,197.5
2025-04-03 17:30:00+00:00,196.69000244140625
2025-04-03 18:30:00+00:00,196.4600067138672
2025-04-03 19:30:00+00:00,195.5
2025-04-04 13:30:00+00:00,182.36000061035156
2025-04-04 14:30:00+00:00,184.0
2025-04-04 15:30:00+00:00,181.3300018310547
2025-04-04 16:30:00+00:00,181.17999267578125
2025-04-04 17:30:00+00:00,181.36000061035156
2025-04-04 18:30:00+00:00,183.0399932861328
2025-04-04 19:30:00+00:00,180.9199981689453
2025-04-07 13:30:00+00:00,180.91000366210938
2025-04-07 14:30:00+00:00,179.81500244140625
2025-04-07 15:30:00+00:00,182.25990295410156
2025-04-07 16:30:00+00:00,185.6199951171875
2025-04-07 17:30:00+00:00,184.6300048828125
2025-04-07 18:30:00+00:00,183.05929565429688
2025-04-07 19:30:00+00:00,185.0500030517578
2025-04-08 13:30:00+00:00,194.78500366210938
2025-04-08 14:30:00+00:00,190.60000610351562
2025-04-08 15:30:00+00:00,190.2899932861328
2025-04-08 16:30:00+00:00,184.7449951171875
2025-04-08 17:30:00+00:00,184.89999389648438
2025-04-08 18:30:00+00:00,179.8699951171875
2025-04-08 19:30:00+00:00,179.9600067138672
2025-04-09 13:30:00+00:00,183.47000122070312
2025-04-09 14:30:00+00:00,182.4600067138672
2025-04-09 15:30:00+00:00,183.2899932861328
2025-04-09 16:30:00+00:00,195.80999755859375
2025-04-09 17:30:00+00:00,208.74400329589844
2025-04-09 18:30:00+00:00,208.92999267578125
2025-04-09 19:30:00+00:00,210.89999389648438
2025-04-10 13:30:00+00:00,199.83990478515625
2025-04-10 14:30:00+00:00,195.66000366210938
2025-04-10 15:30:00+00:00,190.36990356445312
2025-04-10 16:30:00+00:00,193.51010131835938
2025-04-10 17:30:00+00:00,197.23919677734375
2025-04-10 18:30:00+00:00,193.9600067138672
2025-04-10 19:30:00+00:00,196.2100067138672
2025-04-11 13:30:00+00:00,194.0399932861328
2025-04-11 14:30:00+00:00,195.9499969482422
2025-04-11 15:30:00+00:00,197.50390625
2025-04-11 16:30:00+00:00,198.25
2025-04-11 17:30:00+00:00,200.04249572753906
2025-04-11 18:30:00+00:00,201.14999389648438
2025-04-11 19:30:00+00:00,201.25999450683594
2025-04-14 13:30:00+00:00,204.97999572753906
2025-04-14 14:30:00+00:00,201.72999572753906
2025-04-14 15:30:00+00:00,200.22999572753906
2025-04-14 16:30:00+00:00,201.0
2025-04-14 17:30:00+00:00,202.65499877929688
2025-04-14 18:30:00+00:00,202.8677978515625
2025-04-14 19:30:00+00:00,201.55499267578125
2025-04-15 13:30:00+00:00,202.49000549316406
2025-04-15 14:30:00+00:00,203.27000427246094
2025-04-15 15:30:00+00:00,204.52999877929688
2025-04-15 16:30:00+00:00,202.33999633789062
2025-04-15 17:30:00+00:00,202.3249969482422
2025-04-15 18:30:00+00:00,202.68350219726562
2025-04-15 19:30:00+00:00,202.9199981689453
2025-04-16 13:30:00+00:00,195.86500549316406
2025-04-16 14:30:00+00:00,196.3300018310547
2025-04-16 15:30:00+00:00,194.73500061035156
2025-04-16 16:30:00+00:00,195.08999633789062
2025-04-16 17:30:00+00:00,191.97500610351562
2025-04-16 18:30:00+00:00,188.8800048828125
2025-04-16 19:30:00+00:00,194.2899932861328
2025-04-17 13:30:00+00:00,191.6199951171875
2025-04-17 14:30:00+00:00,191.8300018310547
2025-04-17 15:30:00+00:00,193.0850067138672
2025-04-17 16:30:00+00:00,192.26010131835938
2025-04-17 17:30:00+00:00,193.91000366210938
2025-04-17 18:30:00+00:00,192.42999267578125
2025-04-17 19:30:00+00:00,192.52000427246094
2025-04-21 13:30:00+00:00,185.6750030517578
2025-04-21 14:30:00+00:00,185.55999755859375
2025-04-21 15:30:00+00:00,185.3300018310547
2025-04-21 16:30:00+00:00,185.0449981689453
2025-04-21 17:30:00+00:00,185.3699951171875
2025-04-21 18:30:00+00:00,185.67999267578125
2025-04-21 19:30:00+00:00,187.80999755859375
2025-04-22 13:30:00+00:00,191.3000030517578
2025-04-22 14:30:00+00:00,191.375
2025-04-22 15:30:00+00:00,192.94000244140625
2025-04-22 16:30:00+00:00,190.4600067138672
2025-04-22 17:30:00+00:00,191.3800048828125
2025-04-22 18:30:00+00:00,190.1699981689453
2025-04-22 19:30:00+00:00,191.94000244140625
2025-04-23 13:30:00+00:00,202.33999633789062
2025-04-23 14:30:00+00:00,200.2100067138672
2025-04-23 15:30:00+00:00,199.83999633789062
2025-04-23 16:30:00+00:00,201.0399932861328
2025-04-23 17:30:00+00:00,200.8300018310547
2025-04-23 18:30:00+00:00,198.80999755859375
2025-04-23 19:30:00+00:00,198.94000244140625
2025-04-24 13:30:00+00:00,206.83999633789062
2025-04-24 14:30:00+00:00,206.51499938964844
2025-04-24 15:30:00+00:00,207.83999633789062
2025-04-24 16:30:00+00:00,208.8000030517578
2025-04-24 17:30:00+00:00,208.60000610351562
2025-04-24 18:30:00+00:00,207.80999755859375
2025-04-24 19:30:00+00:00,209.0
2025-04-25 13:30:00+00:00,208.05999755859375
2025-04-25 14:30:00+00:00,209.00999450683594
2025-04-25 15:30:00+00:00,210.25999450683594
2025-04-25 16:30:00+00:00,213.27000427246094
2025-04-25 17:30:00+00:00,211.55999755859375
2025-04-25 18:30:00+00:00,211.5749969482422
2025-04-25 19:30:00+00:00,211.97000122070312
2025-04-28 13:30:00+00:00,210.47000122070312
2025-04-28 14:30:00+00:00,206.99000549316406
2025-04-28 15:30:00+00:00,206.86000061035156
2025-04-28 16:30:00+00:00,206.75999450683594
2025-04-28 17:30:00+00:00,208.57000732421875
2025-04-28 18:30:00+00:00,210.11500549316406
2025-04-28 19:30:00+00:00,210.6699981689453
2025-04-29 13:30:00+00:00,209.6999969482422
2025-04-29 14:30:00+00:00,210.32000732421875
2025-04-29 15:30:00+00:00,210.25
2025-04-29 16:30:00+00:00,210.08999633789062
2025-04-29 17:30:00+00:00,212.01499938964844
2025-04-29 18:30:00+00:00,211.1699981689453
2025-04-29 19:30:00+00:00,210.2899932861328
2025-04-30 13:30:00+00:00,207.10000610351562
2025-04-30 14:30:00+00:00,207.80999755859375
2025-04-30 15:30:00+00:00,207.2100067138672
2025-04-30 16:30:00+00:00,207.89999389648438
2025-04-30 17:30:00+00:00,209.07000732421875
2025-04-30 18:30:00+00:00,209.13499450683594
2025-04-30 19:30:00+00:00,211.1699981689453
2025-05-01 13:30:00+00:00,214.57000732421875
2025-05-01 14:30:00+00:00,215.84500122070312
2025-05-01 15:30:00+00:00,214.64109802246094
2025-05-01 16:30:00+00:00,215.0399932861328
2025-05-01 17:30:00+00:00,215.02000427246094
2025-05-01 18:30:00+00:00,214.72999572753906
2025-05-01 19:30:00+00:00,212.3300018310547
2025-05-02 13:30:00+00:00,218.64500427246094
2025-05-02 14:30:00+00:00,219.11000061035156
2025-05-02 15:30:00+00:00,219.9499969482422
2025-05-02 16:30:00+00:00,219.77000427246094
2025-05-02 17:30:00+00:00,219.88999938964844
2025-05-02 18:30:00+00:00,219.61000061035156
2025-05-02 19:30:00+00:00,219.08999633789062
2025-05-05 13:30:00+00:00,218.0800018310547
2025-05-05 14:30:00+00:00,218.54949951171875
2025-05-05 15:30:00+00:00,218.24000549316406
2025-05-05 16:30:00+00:00,218.49000549316406
2025-05-05 17:30:00+00:00,219.2050018310547
2025-05-05 18:30:00+00:00,218.44000244140625
2025-05-05 19:30:00+00:00,217.69000244140625
2025-05-06 13:30:00+00:00,215.1199951171875
2025-05-06 14:30:00+00:00,215.86000061035156
2025-05-06 15:30:00+00:00,216.0399932861328
2025-05-06 16:30:00+00:00,215.1750030517578
2025-05-06 17:30:00+00:00,216.13999938964844
2025-05-06 18:30:00+00:00,216.66000366210938
2025-05-06 19:30:00+00:00,215.52999877929688
2025-05-07 13:30:00+00:00,216.1699981689453
2025-05-07 14:30:00+00:00,215.9199981689453
2025-05-07 15:30:00+00:00,216.39999389648438
2025-05-07 16:30:00+00:00,217.08999633789062
2025-05-07 17:30:00+00:00,215.5500030517578
2025-05-07 18:30:00+00:00,215.42999267578125
2025-05-07 19:30:00+00:00,220.05999755859375
2025-05-08 13:30:00+00:00,221.85000610351562
2025-05-08 14:30:00+00:00,222.22000122070312
2025-05-08 15:30:00+00:00,223.84500122070312
2025-05-08 16:30:00+00:00,224.22999572753906
2025-05-08 17:30:00+00:00,223.55999755859375
2025-05-08 18:30:00+00:00,224.3300018310547
2025-05-08 19:30:00+00:00,222.02000427246094
2025-05-09 13:30:00+00:00,222.88499450683594
2025-05-09 14:30:00+00:00,223.09500122070312
2025-05-09 15:30:00+00:00,222.47999572753906
2025-05-09 16:30:00+00:00,222.8699951171875
2025-05-09 17:30:00+00:00,223.17999267578125
2025-05-09 18:30:00+00:00,223.6999969482422
2025-05-09 19:30:00+00:00,223.44000244140625
2025-05-12 13:30:00+00:00,234.64999389648438
2025-05-12 14:30:00+00:00,235.91000366210938
2025-05-12 15:30:00+00:00,237.02999877929688
2025-05-12 16:30:00+00:00,238.11000061035156
2025-05-12 17:30:00+00:00,237.6649932861328
2025-05-12 18:30:00+00:00,236.75
2025-05-12 19:30:00+00:00,237.5800018310547
2025-05-13 13:30:00+00:00,243.1999969482422
2025-05-13 14:30:00+00:00,245.15499877929688
2025-05-13 15:30:00+00:00,246.02999877929688
2025-05-13 16:30:00+00:00,245.88499450683594
2025-05-13 17:30:00+00:00,245.80999755859375
2025-05-13 18:30:00+00:00,245.76499938964844
2025-05-13 19:30:00+00:00,245.58999633789062
2025-05-14 13:30:00+00:00,246.97999572753906
2025-05-14 14:30:00+00:00,247.35000610351562
2025-05-14 15:30:00+00:00,247.9499969482422
2025-05-14 16:30:00+00:00,247.0500030517578
2025-05-14 17:30:00+00:00,247.0800018310547
2025-05-14 18:30:00+00:00,247.27000427246094
2025-05-14 19:30:00+00:00,247.9600067138672
2025-05-15 13:30:00+00:00,245.25
2025-05-15 14:30:00+00:00,246.6300048828125
2025-05-15 15:30:00+00:00,247.5395050048828
2025-05-15 16:30:00+00:00,248.7550048828125
2025-05-15 17:30:00+00:00,247.0500030517578
2025-05-15 18:30:00+00:00,245.58999633789062
2025-05-15 19:30:00+00:00,247.22000122070312
2025-05-16 13:30:00+00:00,246.00999450683594
2025-05-16 14:30:00+00:00,245.5301055908203
2025-05-16 15:30:00+00:00,245.58999633789062
2025-05-16 16:30:00+00:00,246.36000061035156
2025-05-16 17:30:00+00:00,246.0
2025-05-16 18:30:00+00:00,246.39999389648438
2025-05-16 19:30:00+00:00,246.57000732421875
2025-05-19 13:30:00+00:00,244.8300018310547
2025-05-19 14:30:00+00:00,244.52000427246094
2025-05-19 15:30:00+00:00,245.32000732421875
2025-05-19 16:30:00+00:00,246.01499938964844
2025-05-19 17:30:00+00:00,245.22000122070312
2025-05-19 18:30:00+00:00,245.11000061035156
2025-05-19 19:30:00+00:00,246.0800018310547
2025-05-20 13:30:00+00:00,243.67999267578125
2025-05-20 14:30:00+00:00,244.27000427246094
2025-05-20 15:30:00+00:00,244.63999938964844
2025-05-20 16:30:00+00:00,244.9199981689453
2025-05-20 17:30:00+00:00,243.55850219726562
2025-05-20 18:30:00+00:00,244.17999267578125
2025-05-20 19:30:00+00:00,245.52000427246094
2025-05-21 13:30:00+00:00,245.14999389648438
2025-05-21 14:30:00+00:00,247.22000122070312
2025-05-21 15:30:00+00:00,248.17970275878906
2025-05-21 16:30:00+00:00,242.67999267578125
2025-05-21 17:30:00+00:00,242.9199981689453
2025-05-21 18:30:00+00:00,240.42999267578125
2025-05-21 19:30:00+00:00,241.42999267578125
2025-05-22 13:30:00+00:00,241.49000549316406
2025-05-22 14:30:00+00:00,241.33999633789062
2025-05-22 15:30:00+00:00,242.07000732421875
2025-05-22 16:30:00+00:00,241.9600067138672
2025-05-22 17:30:00+00:00,242.00999450683594
2025-05-22 18:30:00+00:00,242.6999969482422
2025-05-22 19:30:00+00:00,240.77000427246094
2025-05-23 13:30:00+00:00,235.74000549316406
2025-05-23 14:30:00+00:00,236.19700622558594
2025-05-23 15:30:00+00:00,236.38999938964844
2025-05-23 16:30:00+00:00,238.27000427246094
2025-05-23 17:30:00+00:00,237.89999389648438
2025-05-23 18:30:00+00:00,237.7100067138672
2025-05-23 19:30:00+00:00,237.38999938964844
2025-05-27 13:30:00+00:00,244.0
2025-05-27 14:30:00+00:00,244.61000061035156
2025-05-27 15:30:00+00:00,244.9949951171875
2025-05-27 16:30:00+00:00,245.30999755859375
2025-05-27 17:30:00+00:00,245.14999389648438
2025-05-27 18:30:00+00:00,244.52999877929688
2025-05-27 19:30:00+00:00,245.0
2025-05-28 13:30:00+00:00,244.33999633789062
2025-05-28 14:30:00+00:00,244.5800018310547
2025-05-28 15:30:00+00:00,244.82000732421875
2025-05-28 16:30:00+00:00,244.9499969482422
2025-05-28 17:30:00+00:00,245.4250030517578
2025-05-28 18:30:00+00:00,244.27999877929688
2025-05-28 19:30:00+00:00,242.38999938964844
2025-05-29 13:30:00+00:00,245.0449981689453
2025-05-29 14:30:00+00:00,246.33999633789062
2025-05-29 15:30:00+00:00,245.13999938964844
2025-05-29 16:30:00+00:00,243.80999755859375
2025-05-29 17:30:00+00:00,242.99000549316406
2025-05-29 18:30:00+00:00,243.4149932861328
2025-05-29 19:30:00+00:00,244.10000610351562
2025-05-30 13:30:00+00:00,241.35000610351562
2025-05-30 14:30:00+00:00,240.75
2025-05-30 15:30:00+00:00,237.2100067138672
2025-05-30 16:30:00+00:00,237.16000366210938
2025-05-30 17:30:00+00:00,238.47999572753906
2025-05-30 18:30:00+00:00,240.18499755859375
2025-05-30 19:30:00+00:00,239.39999389648438
2025-06-02 13:30:00+00:00,241.52000427246094
2025-06-02 14:30:00+00:00,240.83999633789062
2025-06-02 15:30:00+00:00,241.74000549316406
2025-06-02 16:30:00+00:00,242.48500061035156
2025-06-02 17:30:00+00:00,243.6699981689453
2025-06-02 18:30:00+00:00,243.5050048828125
2025-06-02 19:30:00+00:00,243.32000732421875
2025-06-03 13:30:00+00:00,246.72000122070312
2025-06-03 14:30:00+00:00,248.2100067138672
2025-06-03 15:30:00+00:00,248.5
2025-06-03 16:30:00+00:00,248.4199981689453
2025-06-03 17:30:00+00:00,248.00999450683594
2025-06-03 18:30:00+00:00,248.61000061035156
2025-06-03 19:30:00+00:00,248.7899932861328
2025-06-04 13:30:00+00:00,250.77000427246094
2025-06-04 14:30:00+00:00,251.48500061035156
2025-06-04 15:30:00+00:00,250.8300018310547
2025-06-04 16:30:00+00:00,251.52999877929688
2025-06-04 17:30:00+00:00,252.02999877929688
2025-06-04 18:30:00+00:00,252.1199951171875
2025-06-04 19:30:00+00:00,251.7899932861328
2025-06-05 13:30:00+00:00,253.09500122070312
2025-06-05 14:30:00+00:00,255.10000610351562
2025-06-05 15:30:00+00:00,255.0500030517578
2025-06-05 16:30:00+00:00,253.83999633789062
2025-06-05 17:30:00+00:00,252.80999755859375
2025-06-05 18:30:00+00:00,251.02999877929688
2025-06-05 19:30:00+00:00,251.27999877929688
2025-06-06 13:30:00+00:00,253.82000732421875
2025-06-06 14:30:00+00:00,254.2899932861328
2025-06-06 15:30:00+00:00,254.45120239257812
2025-06-06 16:30:00+00:00,253.67999267578125
2025-06-06 17:30:00+00:00,253.99000549316406
2025-06-06 18:30:00+00:00,253.281005859375
2025-06-06 19:30:00+00:00,252.68499755859375
2025-06-09 13:30:00+00:00,258.7200012207031
2025-06-09 14:30:00+00:00,257.3901062011719
2025-06-09 15:30:00+00:00,256.739990234375
2025-06-09 16:30:00+00:00,257.6953125
2025-06-09 17:30:00+00:00,258.0199890136719
2025-06-09 18:30:00+00:00,257.82000732421875
2025-06-09 19:30:00+00:00,256.9700012207031
2025-06-10 13:30:00+00:00,260.17498779296875
2025-06-10 14:30:00+00:00,259.9024963378906
2025-06-10 15:30:00+00:00,261.3599853515625
2025-06-10 16:30:00+00:00,261.2950134277344
2025-06-10 17:30:00+00:00,260.9200134277344
2025-06-10 18:30:00+00:00,262.5299072265625
2025-06-10 19:30:00+00:00,262.1199951171875
2025-06-11 13:30:00+00:00,264.30999755859375
2025-06-11 14:30:00+00:00,264.0899963378906
2025-06-11 15:30:00+00:00,262.16351318359375
2025-06-11 16:30:00+00:00,262.70001220703125
2025-06-11 17:30:00+00:00,260.44000244140625
2025-06-11 18:30:00+00:00,260.69000244140625
2025-06-11 19:30:00+00:00,261.8399963378906
2025-06-12 13:30:00+00:00,262.9949951171875
2025-06-12 14:30:00+00:00,262.7799987792969
2025-06-12 15:30:00+00:00,263.42999267578125
2025-06-12 16:30:00+00:00,263.0849914550781
2025-06-12 17:30:00+00:00,262.44000244140625
2025-06-12 18:30:00+00:00,263.0199890136719
2025-06-12 19:30:00+00:00,263.1300048828125
2025-06-13 13:30:00+00:00,256.8550109863281
2025-06-13 14:30:00+00:00,259.7799987792969
2025-06-13 15:30:00+00:00,259.8999938964844
2025-06-13 16:30:00+00:00,258.8800048828125
2025-06-13 17:30:00+00:00,257.42498779296875
2025-06-13 18:30:00+00:00,256.7900085449219
2025-06-13 19:30:00+00:00,256.9800109863281
2025-06-16 13:30:00+00:00,263.3999938964844
2025-06-16 14:30:00+00:00,263.7799987792969
2025-06-16 15:30:00+00:00,264.1300048828125
2025-06-16 16:30:00+00:00,264.1700134277344
2025-06-16 17:30:00+00:00,263.30499267578125
2025-06-16 18:30:00+00:00,263.6600036621094
2025-06-16 19:30:00+00:00,263.5799865722656
2025-06-17 13:30:00+00:00,264.6099853515625
2025-06-17 14:30:00+00:00,263.860107421875
2025-06-17 15:30:00+00:00,264.07501220703125
2025-06-17 16:30:00+00:00,263.06500244140625
2025-06-17 17:30:00+00:00,261.5799865722656
2025-06-17 18:30:00+00:00,262.1499938964844
2025-06-17 19:30:00+00:00,261.5400085449219
2025-06-18 13:30:00+00:00,264.4200134277344
2025-06-18 14:30:00+00:00,263.489990234375
2025-06-18 15:30:00+00:00,263.7699890136719
2025-06-18 16:30:00+00:00,262.94000244140625
2025-06-18 17:30:00+00:00,263.1650085449219
2025-06-18 18:30:00+00:00,261.55999755859375
2025-06-18 19:30:00+00:00,262.6000061035156
2025-06-20 13:30:00+00:00,262.05999755859375
2025-06-20 14:30:00+00:00,259.5400085449219
2025-06-20 15:30:00+00:00,259.95001220703125
2025-06-20 16:30:00+00:00,258.8699951171875
2025-06-20 17:30:00+00:00,260.54998779296875
2025-06-20 18:30:00+00:00,259.9700012207031
2025-06-20 19:30:00+00:00,260.29998779296875
2025-06-23 13:30:00+00:00,261.7900085449219
2025-06-23 14:30:00+00:00,261.1073913574219
2025-06-23 15:30:00+00:00,259.1449890136719
2025-06-23 16:30:00+00:00,261.57000732421875
2025-06-23 17:30:00+00:00,261.489990234375
2025-06-23 18:30:00+00:00,261.6000061035156
2025-06-23 19:30:00+00:00,261.95001220703125
2025-06-24 13:30:00+00:00,269.2099914550781
2025-06-24 14:30:00+00:00,270.2799987792969
2025-06-24 15:30:00+00:00,270.6099853515625
2025-06-24 16:30:00+00:00,270.32000732421875
2025-06-24 17:30:00+00:00,270.8399963378906
2025-06-24 18:30:00+00:00,270.7749938964844
2025-06-24 19:30:00+00:00,271.510009765625
2025-06-25 13:30:00+00:00,273.79998779296875
2025-06-25 14:30:00+00:00,273.1499938964844
2025-06-25 15:30:00+00:00,273.6300048828125
2025-06-25 16:30:00+00:00,274.8999938964844
2025-06-25 17:30:00+00:00,274.42999267578125
2025-06-25 18:30:00+00:00,274.6099853515625
2025-06-25 19:30:00+00:00,275.25
2025-06-26 13:30:00+00:00,277.3299865722656
2025-06-26 14:30:00+00:00,276.0350036621094
2025-06-26 15:30:00+00:00,276.9949951171875
2025-06-26 16:30:00+00:00,276.8800048828125
2025-06-26 17:30:00+00:00,277.3399963378906
2025-06-26 18:30:00+00:00,277.1499938964844
2025-06-26 19:30:00+00:00,277.260009765625
2025-06-27 13:30:00+00:00,279.8599853515625
2025-06-27 14:30:00+00:00,279.71270751953125
2025-06-27 15:30:00+00:00,279.2300109863281
2025-06-27 16:30:00+00:00,278.6600036621094
2025-06-27 17:30:00+00:00,276.70001220703125
2025-06-27 18:30:00+00:00,277.0799865722656
2025-06-27 19:30:00+00:00,278.42999267578125
2025-06-30 13:30:00+00:00,278.5
2025-06-30 14:30:00+00:00,278.5
2025-06-30 15:30:00+00:00,279.1099853515625
2025-06-30 16:30:00+00:00,278.6600036621094
2025-06-30 17:30:00+00:00,278.3500061035156
2025-06-30 18:30:00+00:00,278.489990234375
2025-06-30 19:30:00+00:00,278.8399963378906
2025-07-01 13:30:00+00:00,275.8299865722656
2025-07-01 14:30:00+00:00,274.5400085449219
2025-07-01 15:30:00+00:00,276.3800048828125
2025-07-01 16:30:00+00:00,276.70001220703125
2025-07-01 17:30:00+00:00,276.9800109863281
2025-07-01 18:30:00+00:00,276.6000061035156
2025-07-01 19:30:00+00:00,275.80999755859375
2025-07-02 13:30:00+00:00,278.0899963378906
2025-07-02 14:30:00+00:00,280.3800048828125
2025-07-02 15:30:00+00:00,281.135009765625
2025-07-02 16:30:00+00:00,281.0400085449219
2025-07-02 17:30:00+00:00,281.239990234375
2025-07-02 18:30:00+00:00,280.8699951171875
2025-07-02 19:30:00+00:00,281.25
2025-07-03 13:30:00+00:00,284.8900146484375
2025-07-03 14:30:00+00:00,284.5799865722656
2025-07-03 15:30:00+00:00,284.1400146484375
2025-07-07 13:30:00+00:00,280.7950134277344
2025-07-07 14:30:00+00:00,280.260009765625
2025-07-07 15:30:00+00:00,280.5899963378906
2025-07-07 16:30:00+00:00,280.2349853515625
2025-07-07 17:30:00+00:00,278.6300048828125
2025-07-07 18:30:00+00:00,279.3349914550781
2025-07-07 19:30:00+00:00,279.69000244140625
2025-07-08 13:30:00+00:00,282.510009765625
2025-07-08 14:30:00+00:00,283.3230895996094
2025-07-08 15:30:00+00:00,284.3800048828125
2025-07-08 16:30:00+00:00,284.010009765625
2025-07-08 17:30:00+00:00,284.1650085449219
2025-07-08 18:30:00+00:00,283.7950134277344
2025-07-08 19:30:00+00:00,283.5
2025-07-09 13:30:00+00:00,285.7002868652344
2025-07-09 14:30:00+00:00,284.70001220703125
2025-07-09 15:30:00+00:00,284.989990234375
2025-07-09 16:30:00+00:00,285.1300048828125
2025-07-09 17:30:00+00:00,285.4800109863281
2025-07-09 18:30:00+00:00,285.55999755859375
2025-07-09 19:30:00+00:00,285.42999267578125
2025-07-10 13:30:00+00:00,286.2699890136719
2025-07-10 14:30:00+00:00,287.510009765625
2025-07-10 15:30:00+00:00,287.4200134277344
2025-07-10 16:30:00+00:00,287.41009521484375
2025-07-10 17:30:00+00:00,287.6600036621094
2025-07-10 18:30:00+00:00,287.489990234375
2025-07-10 19:30:00+00:00,287.57000732421875
2025-07-11 13:30:00+00:00,288.0899963378906
2025-07-11 14:30:00+00:00,287.739990234375
2025-07-11 15:30:00+00:00,288.29998779296875
2025-07-11 16:30:00+00:00,288.5299987792969
2025-07-11 17:30:00+00:00,288.260009765625
2025-07-11 18:30:00+00:00,287.7749938964844
2025-07-11 19:30:00+00:00,287.4800109863281
2025-07-14 13:30:00+00:00,284.110107421875
2025-07-14 14:30:00+00:00,285.4299011230469
2025-07-14 15:30:00+00:00,285.489990234375
2025-07-14 16:30:00+00:00,285.9949951171875
2025-07-14 17:30:00+00:00,285.9966125488281
2025-07-14 18:30:00+00:00,285.510009765625
2025-07-14 19:30:00+00:00,285.2699890136719
2025-07-15 13:30:00+00:00,292.3949890136719
2025-07-15 14:30:00+00:00,291.9049987792969
2025-07-15 15:30:00+00:00,291.76300048828125
2025-07-15 16:30:00+00:00,290.8800048828125
2025-07-15 17:30:00+00:00,292.010009765625
2025-07-15 18:30:00+00:00,290.7200012207031
2025-07-15 19:30:00+00:00,290.7799987792969
2025-07-16 13:30:00+00:00,285.92999267578125
2025-07-16 14:30:00+00:00,285.6099853515625
2025-07-16 15:30:00+00:00,286.07000732421875
2025-07-16 16:30:00+00:00,287.54998779296875
2025-07-16 17:30:00+00:00,287.6199951171875
2025-07-16 18:30:00+00:00,288.6199951171875
2025-07-16 19:30:00+00:00,289.3800048828125
2025-07-17 13:30:00+00:00,290.6831970214844
2025-07-17 14:30:00+00:00,291.67498779296875
2025-07-17 15:30:00+00:00,292.20001220703125
2025-07-17 16:30:00+00:00,292.1000061035156
2025-07-17 17:30:00+00:00,292.0
2025-07-17 18:30:00+00:00,291.8999938964844
2025-07-17 19:30:00+00:00,291.73968505859375
2025-07-18 13:30:00+00:00,289.75
2025-07-18 14:30:00+00:00,290.17999267578125
2025-07-18 15:30:00+00:00,290.2300109863281
2025-07-18 16:30:00+00:00,290.5400085449219
2025-07-18 17:30:00+00:00,290.42999267578125
2025-07-18 18:30:00+00:00,290.45001220703125
2025-07-18 19:30:00+00:00,290.30999755859375
2025-07-21 13:30:00+00:00,293.0799865722656
2025-07-21 14:30:00+00:00,292.67999267578125
2025-07-21 15:30:00+00:00,291.69000244140625
2025-07-21 16:30:00+00:00,292.32000732421875
2025-07-21 17:30:00+00:00,292.2699890136719
2025-07-21 18:30:00+00:00,291.30999755859375
2025-07-21 19:30:00+00:00,290.4700012207031
2025-07-22 13:30:00+00:00,284.1600036621094
2025-07-22 14:30:00+00:00,285.7701110839844
2025-07-22 15:30:00+00:00,284.9849853515625
2025-07-22 16:30:00+00:00,285.6940002441406
2025-07-22 17:30:00+00:00,285.5299987792969
2025-07-22 18:30:00+00:00,285.95001220703125
2025-07-22 19:30:00+00:00,285.3699951171875
2025-07-23 13:30:00+00:00,284.45001220703125
2025-07-23 14:30:00+00:00,284.6600036621094
2025-07-23 15:30:00+00:00,284.739990234375
2025-07-23 16:30:00+00:00,284.81500244140625
2025-07-23 17:30:00+00:00,285.8299865722656
2025-07-23 18:30:00+00:00,285.8399963378906
2025-07-23 19:30:00+00:00,286.55999755859375
2025-07-24 13:30:00+00:00,286.19000244140625
2025-07-24 14:30:00+00:00,287.3699951171875
2025-07-24 15:30:00+00:00,287.25
2025-07-24 16:30:00+00:00,287.5199890136719
2025-07-24 17:30:00+00:00,287.8399963378906
2025-07-24 18:30:00+00:00,288.010009765625
2025-07-24 19:30:00+00:00,287.7850036621094
2025-07-25 13:30:00+00:00,287.53009033203125
2025-07-25 14:30:00+00:00,286.7900085449219
2025-07-25 15:30:00+00:00,287.8900146484375
2025-07-25 16:30:00+00:00,287.6000061035156
2025-07-25 17:30:00+00:00,287.7699890136719
2025-07-25 18:30:00+00:00,287.5799865722656
2025-07-25 19:30:00+00:00,287.5
2025-07-28 13:30:00+00:00,290.5
2025-07-28 14:30:00+00:00,290.0299987792969
2025-07-28 15:30:00+00:00,290.70001220703125
2025-07-28 16:30:00+00:00,290.5799865722656
2025-07-28 17:30:00+00:00,290.989990234375
2025-07-28 18:30:00+00:00,291.19000244140625
2025-07-28 19:30:00+00:00,291.4679870605469
2025-07-29 13:30:00+00:00,295.7099914550781
2025-07-29 14:30:00+00:00,292.2550048828125
2025-07-29 15:30:00+00:00,293.1000061035156
2025-07-29 16:30:00+00:00,294.0199890136719
2025-07-29 17:30:00+00:00,293.9100036621094
2025-07-29 18:30:00+00:00,293.3299865722656
2025-07-29 19:30:00+00:00,292.989990234375
2025-07-30 13:30:00+00:00,295.83428955078125
2025-07-30 14:30:00+00:00,295.0799865722656
2025-07-30 15:30:00+00:00,296.1665954589844
2025-07-30 16:30:00+00:00,296.3900146484375
2025-07-30 17:30:00+00:00,296.989990234375
2025-07-30 18:30:00+00:00,294.6000061035156
2025-07-30 19:30:00+00:00,296.19000244140625
2025-07-31 13:30:00+00:00,293.1099853515625
2025-07-31 14:30:00+00:00,291.4100036621094
2025-07-31 15:30:00+00:00,292.6199951171875
2025-07-31 16:30:00+00:00,289.6990051269531
2025-07-31 17:30:00+00:00,288.25
2025-07-31 18:30:00+00:00,288.55999755859375
2025-07-31 19:30:00+00:00,288.69000244140625
2025-08-01 13:30:00+00:00,283.7099914550781
2025-08-01 14:30:00+00:00,283.3399963378906
2025-08-01 15:30:00+00:00,286.1600036621094
2025-08-01 16:30:00+00:00,282.7799987792969
2025-08-01 17:30:00+00:00,283.4100036621094
2025-08-01 18:30:00+00:00,283.6099853515625
2025-08-01 19:30:00+00:00,283.989990234375
2025-08-04 13:30:00+00:00,288.4750061035156
2025-08-04 14:30:00+00:00,288.4898986816406
2025-08-04 15:30:00+00:00,289.5400085449219
2025-08-04 16:30:00+00:00,289.75
2025-08-04 17:30:00+00:00,289.6000061035156
2025-08-04 18:30:00+00:00,289.4750061035156
2025-08-04 19:30:00+00:00,290.2550048828125
2025-08-05 13:30:00+00:00,287.94000244140625
2025-08-05 14:30:00+00:00,286.05999755859375
2025-08-05 15:30:00+00:00,287.2900085449219
2025-08-05 16:30:00+00:00,287.5899963378906
2025-08-05 17:30:00+00:00,287.7850036621094
2025-08-05 18:30:00+00:00,287.8999938964844
2025-08-05 19:30:00+00:00,287.04998779296875
2025-08-06 13:30:00+00:00,283.760009765625
2025-08-06 14:30:00+00:00,284.70001220703125
2025-08-06 15:30:00+00:00,285.0400085449219
2025-08-06 16:30:00+00:00,285.6099853515625
2025-08-06 17:30:00+00:00,286.3900146484375
2025-08-06 18:30:00+00:00,286.79998779296875
2025-08-06 19:30:00+00:00,286.5899963378906
2025-08-07 13:30:00+00:00,292.135009765625
2025-08-07 14:30:00+00:00,290.9200134277344
2025-08-07 15:30:00+00:00,291.44000244140625
2025-08-07 16:30:00+00:00,290.0799865722656
2025-08-07 17:30:00+00:00,289.3699951171875
2025-08-07 18:30:00+00:00,289.54998779296875
2025-08-07 19:30:00+00:00,291.2449951171875
2025-08-08 13:30:00+00:00,292.75
2025-08-08 14:30:00+00:00,293.45001220703125
2025-08-08 15:30:00+00:00,293.3699951171875
2025-08-08 16:30:00+00:00,292.3699951171875
2025-08-08 17:30:00+00:00,293.1199951171875
2025-08-08 18:30:00+00:00,293.30999755859375
2025-08-08 19:30:00+00:00,293.5199890136719
2025-08-11 13:30:00+00:00,296.79998779296875
2025-08-11 14:30:00+00:00,295.989990234375
2025-08-11 15:30:00+00:00,296.24969482421875
2025-08-11 16:30:00+00:00,295.4800109863281
2025-08-11 17:30:00+00:00,294.6000061035156
2025-08-11 18:30:00+00:00,294.04998779296875
2025-08-11 19:30:00+00:00,293.510009765625
2025-08-12 13:30:00+00:00,296.6160888671875
2025-08-12 14:30:00+00:00,298.3599853515625
2025-08-12 15:30:00+00:00,298.92999267578125
2025-08-12 16:30:00+00:00,298.7650146484375
2025-08-12 17:30:00+00:00,299.6099853515625
2025-08-12 18:30:00+00:00,299.5400085449219
2025-08-12 19:30:00+00:00,300.1400146484375
2025-08-13 13:30:00+00:00,300.82000732421875
2025-08-13 14:30:00+00:00,299.6099853515625
2025-08-13 15:30:00+00:00,299.6400146484375
2025-08-13 16:30:00+00:00,300.4700012207031
2025-08-13 17:30:00+00:00,300.2900085449219
2025-08-13 18:30:00+00:00,300.8900146484375
2025-08-13 19:30:00+00:00,301.2699890136719
2025-08-14 13:30:00+00:00,300.45001220703125
2025-08-14 14:30:00+00:00,299.79998779296875
2025-08-14 15:30:00+00:00,299.25
2025-08-14 16:30:00+00:00,300.75
2025-08-14 17:30:00+00:00,300.1099853515625
2025-08-14 18:30:00+00:00,300.8399963378906
2025-08-14 19:30:00+00:00,301.9200134277344
2025-08-15 13:30:00+00:00,296.4393005371094
2025-08-15 14:30:00+00:00,295.864990234375
2025-08-15 15:30:00+00:00,294.5400085449219
2025-08-15 16:30:00+00:00,295.1449890136719
2025-08-15 17:30:00+00:00,295.8399963378906
2025-08-15 18:30:00+00:00,295.6199951171875
2025-08-15 19:30:00+00:00,295.5299987792969
2025-08-18 13:30:00+00:00,296.4100036621094
2025-08-18 14:30:00+00:00,295.94000244140625
2025-08-18 15:30:00+00:00,296.2825012207031
2025-08-18 16:30:00+00:00,296.2699890136719
2025-08-18 17:30:00+00:00,296.45001220703125
2025-08-18 18:30:00+00:00,296.58099365234375
2025-08-18 19:30:00+00:00,296.8800048828125
2025-08-19 13:30:00+00:00,294.54998779296875
2025-08-19 14:30:00+00:00,294.1050109863281
2025-08-19 15:30:00+00:00,293.19500732421875
2025-08-19 16:30:00+00:00,291.9649963378906
2025-08-19 17:30:00+00:00,291.82000732421875
2025-08-19 18:30:00+00:00,291.45001220703125
2025-08-19 19:30:00+00:00,290.8900146484375
2025-08-20 13:30:00+00:00,283.1700134277344
2025-08-20 14:30:00+00:00,286.07000732421875
2025-08-20 15:30:00+00:00,287.2799987792969
2025-08-20 16:30:00+00:00,286.05999755859375
2025-08-20 17:30:00+00:00,285.6300048828125
2025-08-20 18:30:00+00:00,287.8599853515625
2025-08-20 19:30:00+00:00,288.9200134277344
2025-08-21 13:30:00+00:00,289.8500061035156
2025-08-21 14:30:00+00:00,287.8550109863281
2025-08-21 15:30:00+00:00,286.489990234375
2025-08-21 16:30:00+00:00,286.3599853515625
2025-08-21 17:30:00+00:00,287.2300109863281
2025-08-21 18:30:00+00:00,287.4750061035156
2025-08-21 19:30:00+00:00,287.489990234375
2025-08-22 13:30:00+00:00,294.5899963378906
2025-08-22 14:30:00+00:00,295.3599853515625
2025-08-22 15:30:00+00:00,293.9100036621094
2025-08-22 16:30:00+00:00,295.3500061035156
2025-08-22 17:30:00+00:00,294.8399963378906
2025-08-22 18:30:00+00:00,294.20098876953125
2025-08-22 19:30:00+00:00,293.6600036621094
2025-08-25 13:30:00+00:00,294.05499267578125
2025-08-25 14:30:00+00:00,295.3399963378906
2025-08-25 15:30:00+00:00,295.4635009765625
2025-08-25 16:30:00+00:00,295.32000732421875
2025-08-25 17:30:00+00:00,294.9849853515625
2025-08-25 18:30:00+00:00,294.92999267578125
2025-08-25 19:30:00+00:00,293.8800048828125
2025-08-26 13:30:00+00:00,296.614990234375
2025-08-26 14:30:00+00:00,295.8299865722656
2025-08-26 15:30:00+00:00,296.8399963378906
2025-08-26 16:30:00+00:00,296.8900146484375
2025-08-26 17:30:00+00:00,296.6789855957031
2025-08-26 18:30:00+00:00,296.7349853515625
2025-08-26 19:30:00+00:00,296.739990234375
2025-08-27 13:30:00+00:00,295.75
2025-08-27 14:30:00+00:00,296.3192138671875
2025-08-27 15:30:00+00:00,296.4100036621094
2025-08-27 16:30:00+00:00,297.30499267578125
2025-08-27 17:30:00+00:00,297.9200134277344
2025-08-27 18:30:00+00:00,297.3699951171875
2025-08-27 19:30:00+00:00,297.6549987792969
2025-08-28 13:30:00+00:00,297.364990234375
2025-08-28 14:30:00+00:00,297.81500244140625
2025-08-28 15:30:00+00:00,298.9700012207031
2025-08-28 16:30:00+00:00,298.989990234375
2025-08-28 17:30:00+00:00,299.42999267578125
2025-08-28 18:30:00+00:00,299.4100036621094
2025-08-28 19:30:00+00:00,298.8800048828125
2025-08-29 13:30:00+00:00,291.43499755859375
2025-08-29 14:30:00+00:00,291.2500915527344
2025-08-29 15:30:00+00:00,290.55999755859375
2025-08-29 16:30:00+00:00,289.6549987792969
2025-08-29 17:30:00+00:00,289.1449890136719
2025-08-29 18:30:00+00:00,289.92999267578125
2025-08-29 19:30:00+00:00,290.2900085449219
2025-09-02 13:30:00+00:00,285.4599914550781
2025-09-02 14:30:00+00:00,283.8599853515625
2025-09-02 15:30:00+00:00,282.5950012207031
2025-09-02 16:30:00+00:00,284.260009765625
2025-09-02 17:30:00+00:00,284.2149963378906
2025-09-02 18:30:00+00:00,285.510009765625
2025-09-02 19:30:00+00:00,286.4649963378906
2025-09-03 13:30:00+00:00,286.5199890136719
2025-09-03 14:30:00+00:00,285.1700134277344
2025-09-03 15:30:00+00:00,285.6050109863281
2025-09-03 16:30:00+00:00,285.6099853515625
2025-09-03 17:30:00+00:00,284.2900085449219
2025-09-03 18:30:00+00:00,284.6700134277344
2025-09-03 19:30:00+00:00,286.4599914550781
2025-09-04 13:30:00+00:00,286.4800109863281
2025-09-04 14:30:00+00:00,287.8999938964844
2025-09-04 15:30:00+00:00,287.70001220703125
2025-09-04 16:30:00+00:00,288.3699951171875
2025-09-04 17:30:00+00:00,288.8999938964844
2025-09-04 18:30:00+00:00,289.8399963378906
2025-09-04 19:30:00+00:00,289.92498779296875
2025-09-05 13:30:00+00:00,291.04998779296875
2025-09-05 14:30:00+00:00,291.489990234375
2025-09-05 15:30:00+00:00,291.3999938964844
2025-09-05 16:30:00+00:00,291.885009765625
2025-09-05 17:30:00+00:00,292.3299865722656
2025-09-05 18:30:00+00:00,293.3299865722656
2025-09-05 19:30:00+00:00,293.4200134277344
2025-09-08 13:30:00+00:00,297.260009765625
2025-09-08 14:30:00+00:00,297.260009765625
2025-09-08 15:30:00+00:00,296.6549987792969
2025-09-08 16:30:00+00:00,296.1099853515625
2025-09-08 17:30:00+00:00,296.6199951171875
2025-09-08 18:30:00+00:00,296.2200012207031
2025-09-08 19:30:00+00:00,296.4949951171875
2025-09-09 13:30:00+00:00,296.8467102050781
2025-09-09 14:30:00+00:00,296.7900085449219
2025-09-09 15:30:00+00:00,297.3949890136719
2025-09-09 16:30:00+00:00,297.2699890136719
2025-09-09 17:30:00+00:00,297.29998779296875
2025-09-09 18:30:00+00:00,297.3900146484375
2025-09-09 19:30:00+00:00,297.79998779296875
2025-09-10 13:30:00+00:00,301.3399963378906
2025-09-10 14:30:00+00:00,301.4599914550781
2025-09-10 15:30:00+00:00,301.1300048828125
2025-09-10 16:30:00+00:00,300.3550109863281
2025-09-10 17:30:00+00:00,299.1199951171875
2025-09-10 18:30:00+00:00,299.5199890136719
2025-09-10 19:30:00+00:00,300.9100036621094
2025-09-11 13:30:00+00:00,303.5899963378906
2025-09-11 14:30:00+00:00,305.0299987792969
2025-09-11 15:30:00+00:00,304.4649963378906
2025-09-11 16:30:00+00:00,304.3550109863281
2025-09-11 17:30:00+00:00,304.1499938964844
2025-09-11 18:30:00+00:00,304.0350036621094
2025-09-11 19:30:00+00:00,303.8999938964844
2025-09-12 13:30:00+00:00,303.95001220703125
2025-09-12 14:30:00+00:00,304.1300048828125
2025-09-12 15:30:00+00:00,304.8299865722656
2025-09-12 16:30:00+00:00,304.3299865722656
2025-09-12 17:30:00+00:00,304.5400085449219
2025-09-12 18:30:00+00:00,304.70001220703125
2025-09-12 19:30:00+00:00,304.29998779296875
2025-09-15 13:30:00+00:00,306.0450134277344
2025-09-15 14:30:00+00:00,305.6098937988281
2025-09-15 15:30:00+00:00,306.0
2025-09-15 16:30:00+00:00,305.7237854003906
2025-09-15 17:30:00+00:00,306.55999755859375
2025-09-15 18:30:00+00:00,306.4700012207031
2025-09-15 19:30:00+00:00,307.1700134277344
2025-09-16 13:30:00+00:00,307.57159423828125
2025-09-16 14:30:00+00:00,306.3699951171875
2025-09-16 15:30:00+00:00,306.2099914550781
2025-09-16 16:30:00+00:00,306.57501220703125
2025-09-16 17:30:00+00:00,306.9700012207031
2025-09-16 18:30:00+00:00,307.0325012207031
2025-09-16 19:30:00+00:00,307.239990234375
2025-09-17 13:30:00+00:00,305.2300109863281
2025-09-17 14:30:00+00:00,304.7799987792969
2025-09-17 15:30:00+00:00,304.875
2025-09-17 16:30:00+00:00,304.8599853515625
2025-09-17 17:30:00+00:00,305.1400146484375
2025-09-17 18:30:00+00:00,306.3900146484375
2025-09-17 19:30:00+00:00,305.2900085449219
2025-09-18 13:30:00+00:00,317.510009765625
2025-09-18 14:30:00+00:00,317.7300109863281
2025-09-18 15:30:00+00:00,318.1600036621094
2025-09-18 16:30:00+00:00,317.6199951171875
2025-09-18 17:30:00+00:00,316.9200134277344
2025-09-18 18:30:00+00:00,317.0199890136719
2025-09-18 19:30:00+00:00,317.04998779296875
2025-09-19 13:30:00+00:00,315.25
2025-09-19 14:30:00+00:00,313.7149963378906
2025-09-19 15:30:00+00:00,315.6000061035156
2025-09-19 16:30:00+00:00,315.1300048828125
2025-09-19 17:30:00+00:00,315.260009765625
2025-09-19 18:30:00+00:00,315.74029541015625
2025-09-19 19:30:00+00:00,315.760009765625
2025-09-22 13:30:00+00:00,318.1400146484375
2025-09-22 14:30:00+00:00,319.03350830078125
2025-09-22 15:30:00+00:00,321.82000732421875
2025-09-22 16:30:00+00:00,322.2749938964844
2025-09-22 17:30:00+00:00,322.6499938964844
2025-09-22 18:30:00+00:00,322.6600036621094
2025-09-22 19:30:00+00:00,322.2250061035156
2025-09-23 13:30:00+00:00,324.6600036621094
2025-09-23 14:30:00+00:00,324.4200134277344
2025-09-23 15:30:00+00:00,323.25
2025-09-23 16:30:00+00:00,322.19500732421875
2025-09-23 17:30:00+00:00,321.06500244140625
2025-09-23 18:30:00+00:00,320.989990234375
2025-09-23 19:30:00+00:00,321.70001220703125
2025-09-24 13:30:00+00:00,321.3399963378906
2025-09-24 14:30:00+00:00,321.72119140625
2025-09-24 15:30:00+00:00,319.2900085449219
2025-09-24 16:30:00+00:00,320.6300048828125
2025-09-24 17:30:00+00:00,320.9649963378906
2025-09-24 18:30:00+00:00,320.9549865722656
2025-09-24 19:30:00+00:00,321.1300048828125
2025-09-25 13:30:00+00:00,318.9100036621094
2025-09-25 14:30:00+00:00,318.9501037597656
2025-09-25 15:30:00+00:00,320.6099853515625
2025-09-25 16:30:00+00:00,320.239990234375
2025-09-25 17:30:00+00:00,320.0400085449219
2025-09-25 18:30:00+00:00,320.1099853515625
2025-09-25 19:30:00+00:00,321.0400085449219
2025-09-26 13:30:00+00:00,319.0
2025-09-26 14:30:00+00:00,320.0299987792969
2025-09-26 15:30:00+00:00,320.9200134277344
2025-09-26 16:30:00+00:00,322.1700134277344
2025-09-26 17:30:00+00:00,322.2149963378906
2025-09-26 18:30:00+00:00,321.7300109863281
2025-09-26 19:30:00+00:00,321.8699951171875
2025-09-29 13:30:00+00:00,326.3399963378906
2025-09-29 14:30:00+00:00,325.1549987792969
2025-09-29 15:30:00+00:00,324.42999267578125
2025-09-29 16:30:00+00:00,324.0899963378906
2025-09-29 17:30:00+00:00,324.1300048828125
2025-09-29 18:30:00+00:00,322.75
2025-09-29 19:30:00+00:00,322.6400146484375
2025-09-30 13:30:00+00:00,325.3900146484375
2025-09-30 14:30:00+00:00,324.7025146484375
2025-09-30 15:30:00+00:00,324.7799987792969
2025-09-30 16:30:00+00:00,323.4668884277344
2025-09-30 17:30:00+00:00,324.4100036621094
2025-09-30 18:30:00+00:00,325.3800048828125
2025-09-30 19:30:00+00:00,326.4100036621094
2025-10-01 13:30:00+00:00,328.80999755859375
2025-10-01 14:30:00+00:00,329.04998779296875
2025-10-01 15:30:00+00:00,330.7650146484375
2025-10-01 16:30:00+00:00,331.6199951171875
2025-10-01 17:30:00+00:00,331.8299865722656
2025-10-01 18:30:00+00:00,332.6099853515625
2025-10-01 19:30:00+00:00,333.7200012207031
2025-10-02 13:30:00+00:00,338.1199951171875
2025-10-02 14:30:00+00:00,337.760009765625
2025-10-02 15:30:00+00:00,338.1600036621094
2025-10-02 16:30:00+00:00,338.5400085449219
2025-10-02 17:30:00+00:00,338.4700012207031
2025-10-02 18:30:00+00:00,339.2153015136719
2025-10-02 19:30:00+00:00,338.2900085449219
2025-10-03 13:30:00+00:00,339.42498779296875
2025-10-03 14:30:00+00:00,340.25
2025-10-03 15:30:00+00:00,340.1700134277344
2025-10-03 16:30:00+00:00,338.2300109863281
2025-10-03 17:30:00+00:00,337.67999267578125
2025-10-03 18:30:00+00:00,337.1300048828125
2025-10-03 19:30:00+00:00,336.739990234375
2025-10-06 13:30:00+00:00,345.79998779296875
2025-10-06 14:30:00+00:00,345.9410095214844
2025-10-06 15:30:00+00:00,346.7200012207031
2025-10-06 16:30:00+00:00,346.1600036621094
2025-10-06 17:30:00+00:00,345.45001220703125
2025-10-06 18:30:00+00:00,344.56988525390625
2025-10-06 19:30:00+00:00,343.42999267578125
2025-10-07 13:30:00+00:00,344.6499938964844
2025-10-07 14:30:00+00:00,339.70001220703125
2025-10-07 15:30:00+00:00,337.7200012207031
2025-10-07 16:30:00+00:00,338.7250061035156
2025-10-07 17:30:00+00:00,337.6715087890625
2025-10-07 18:30:00+00:00,337.4200134277344
2025-10-07 19:30:00+00:00,337.0199890136719
2025-10-08 13:30:00+00:00,342.0849914550781
2025-10-08 14:30:00+00:00,343.6099853515625
2025-10-08 15:30:00+00:00,343.92999267578125
2025-10-08 16:30:00+00:00,344.1650085449219
2025-10-08 17:30:00+00:00,344.1050109863281
2025-10-08 18:30:00+00:00,345.2900085449219
2025-10-08 19:30:00+00:00,346.1600036621094
2025-10-09 13:30:00+00:00,345.6199951171875
2025-10-09 14:30:00+00:00,344.32000732421875
2025-10-09 15:30:00+00:00,345.0150146484375
2025-10-09 16:30:00+00:00,342.67498779296875
2025-10-09 17:30:00+00:00,343.6700134277344
2025-10-09 18:30:00+00:00,344.0400085449219
2025-10-09 19:30:00+00:00,345.2099914550781
2025-10-10 13:30:00+00:00,345.3599853515625
2025-10-10 14:30:00+00:00,333.94500732421875
2025-10-10 15:30:00+00:00,333.1449890136719
2025-10-10 16:30:00+00:00,332.69000244140625
2025-10-10 17:30:00+00:00,331.0299987792969
2025-10-10 18:30:00+00:00,328.0199890136719
2025-10-10 19:30:00+00:00,324.8599853515625
2025-10-13 13:30:00+00:00,337.7300109863281
2025-10-13 14:30:00+00:00,339.0
2025-10-13 15:30:00+00:00,340.0899963378906
2025-10-13 16:30:00+00:00,339.5199890136719
2025-10-13 17:30:00+00:00,340.1700134277344
2025-10-13 18:30:00+00:00,339.7200012207031
2025-10-13 19:30:00+00:00,340.0199890136719
2025-10-14 13:30:00+00:00,335.239990234375
2025-10-14 14:30:00+00:00,334.3800048828125
2025-10-14 15:30:00+00:00,337.6600036621094
2025-10-14 16:30:00+00:00,338.7699890136719
2025-10-14 17:30:00+00:00,338.17999267578125
2025-10-14 18:30:00+00:00,337.9903869628906
2025-10-14 19:30:00+00:00,333.4200134277344
2025-10-15 13:30:00+00:00,341.8700866699219
2025-10-15 14:30:00+00:00,342.19000244140625
2025-10-15 15:30:00+00:00,341.15948486328125
2025-10-15 16:30:00+00:00,337.5
2025-10-15 17:30:00+00:00,340.6400146484375
2025-10-15 18:30:00+00:00,342.0098876953125
2025-10-15 19:30:00+00:00,341.80999755859375
2025-10-16 13:30:00+00:00,345.5400085449219
2025-10-16 14:30:00+00:00,345.0325012207031
2025-10-16 15:30:00+00:00,342.385009765625
2025-10-16 16:30:00+00:00,344.25
2025-10-16 17:30:00+00:00,340.6600036621094
2025-10-16 18:30:00+00:00,341.2149963378906
2025-10-16 19:30:00+00:00,343.3800048828125
2025-10-17 13:30:00+00:00,343.57000732421875
2025-10-17 14:30:00+00:00,339.29998779296875
2025-10-17 15:30:00+00:00,342.6600036621094
2025-10-17 16:30:00+00:00,340.7099914550781
2025-10-17 17:30:00+00:00,343.0400085449219
2025-10-17 18:30:00+00:00,343.57000732421875
2025-10-17 19:30:00+00:00,342.8299865722656
2025-10-20 13:30:00+00:00,349.3299865722656
2025-10-20 14:30:00+00:00,349.54998779296875
2025-10-20 15:30:00+00:00,348.8299865722656
2025-10-20 16:30:00+00:00,348.67999267578125
2025-10-20 17:30:00+00:00,347.8599853515625
2025-10-20 18:30:00+00:00,347.6499938964844
2025-10-20 19:30:00+00:00,347.260009765625
2025-10-21 13:30:00+00:00,343.6300048828125
2025-10-21 14:30:00+00:00,345.6099853515625
2025-10-21 15:30:00+00:00,346.9100036621094
2025-10-21 16:30:00+00:00,345.32000732421875
2025-10-21 17:30:00+00:00,345.6700134277344
2025-10-21 18:30:00+00:00,345.6099853515625
2025-10-21 19:30:00+00:00,345.32000732421875
2025-10-22 13:30:00+00:00,339.989990234375
2025-10-22 14:30:00+00:00,337.3411865234375
2025-10-22 15:30:00+00:00,337.5799865722656
2025-10-22 16:30:00+00:00,334.8399963378906
2025-10-22 17:30:00+00:00,334.6700134277344
2025-10-22 18:30:00+00:00,337.6300048828125
2025-10-22 19:30:00+00:00,338.67999267578125
2025-10-23 13:30:00+00:00,342.989990234375
2025-10-23 14:30:00+00:00,343.6600036621094
2025-10-23 15:30:00+00:00,344.69000244140625
2025-10-23 16:30:00+00:00,344.04998779296875
2025-10-23 17:30:00+00:00,345.2799987792969
2025-10-23 18:30:00+00:00,345.6099853515625
2025-10-23 19:30:00+00:00,345.05999755859375
2025-10-24 13:30:00+00:00,350.8699951171875
2025-10-24 14:30:00+00:00,351.4700012207031
2025-10-24 15:30:00+00:00,351.4049987792969
2025-10-24 16:30:00+00:00,351.8699951171875
2025-10-24 17:30:00+00:00,351.4599914550781
2025-10-24 18:30:00+00:00,352.4129943847656
2025-10-24 19:30:00+00:00,351.1400146484375
2025-10-27 13:30:00+00:00,359.5459899902344
2025-10-27 14:30:00+00:00,359.4200134277344
2025-10-27 15:30:00+00:00,359.1499938964844
2025-10-27 16:30:00+00:00,358.9700927734375
2025-10-27 17:30:00+00:00,359.0899963378906
2025-10-27 18:30:00+00:00,359.3699951171875
2025-10-27 19:30:00+00:00,360.010009765625
2025-10-28 13:30:00+00:00,359.17999267578125
2025-10-28 14:30:00+00:00,359.6400146484375
2025-10-28 15:30:00+00:00,361.0799865722656
2025-10-28 16:30:00+00:00,361.5950012207031
2025-10-28 17:30:00+00:00,362.92999267578125
2025-10-28 18:30:00+00:00,364.1400146484375
2025-10-28 19:30:00+00:00,363.1099853515625
2025-10-29 13:30:00+00:00,371.2250061035156
2025-10-29 14:30:00+00:00,370.9800109863281
2025-10-29 15:30:00+00:00,369.7300109863281
2025-10-29 16:30:00+00:00,369.3699951171875
2025-10-29 17:30:00+00:00,369.8599853515625
2025-10-29 18:30:00+00:00,369.3999938964844
2025-10-29 19:30:00+00:00,369.07000732421875
2025-10-30 13:30:00+00:00,365.9200134277344
2025-10-30 14:30:00+00:00,366.0799865722656
2025-10-30 15:30:00+00:00,366.05999755859375
2025-10-30 16:30:00+00:00,365.9700012207031
2025-10-30 17:30:00+00:00,365.6099853515625
2025-10-30 18:30:00+00:00,364.6600036621094
2025-10-30 19:30:00+00:00,363.7300109863281
2025-10-31 13:30:00+00:00,366.47088623046875
2025-10-31 14:30:00+00:00,366.45001220703125
2025-10-31 15:30:00+00:00,362.67999267578125
2025-10-31 16:30:00+00:00,361.29998779296875
2025-10-31 17:30:00+00:00,363.3999938964844
2025-10-31 18:30:00+00:00,364.885009765625
2025-10-31 19:30:00+00:00,363.04998779296875
2025-11-03 14:30:00+00:00,365.1050109863281
2025-11-03 15:30:00+00:00,365.94000244140625
2025-11-03 16:30:00+00:00,367.4200134277344
2025-11-03 17:30:00+00:00,368.2699890136719
2025-11-03 18:30:00+00:00,366.9549865722656
2025-11-03 19:30:00+00:00,366.4100036621094
2025-11-03 20:30:00+00:00,366.0799865722656
2025-11-04 14:30:00+00:00,360.6600036621094
2025-11-04 15:30:00+00:00,358.82501220703125
2025-11-04 16:30:00+00:00,357.635009765625
2025-11-04 17:30:00+00:00,356.05999755859375
2025-11-04 18:30:00+00:00,356.4100036621094
2025-11-04 19:30:00+00:00,354.5899963378906
2025-11-04 20:30:00+00:00,352.25
2025-11-05 14:30:00+00:00,358.9599914550781
2025-11-05 15:30:00+00:00,360.17999267578125
2025-11-05 16:30:00+00:00,360.8699951171875
2025-11-05 17:30:00+00:00,361.8500061035156
2025-11-05 18:30:00+00:00,363.2300109863281
2025-11-05 19:30:00+00:00,363.5799865722656
2025-11-05 20:30:00+00:00,359.55999755859375
2025-11-06 14:30:00+00:00,355.9049987792969
2025-11-06 15:30:00+00:00,351.75
2025-11-06 16:30:00+00:00,349.7749938964844
2025-11-06 17:30:00+00:00,352.510009765625
2025-11-06 18:30:00+00:00,354.5299987792969
2025-11-06 19:30:00+00:00,353.0899963378906
2025-11-06 20:30:00+00:00,351.0299987792969
2025-11-07 14:30:00+00:00,343.0799865722656
2025-11-07 15:30:00+00:00,338.9700012207031
2025-11-07 16:30:00+00:00,339.8399963378906
2025-11-07 17:30:00+00:00,342.3800048828125
2025-11-07 18:30:00+00:00,342.7200012207031
2025-11-07 19:30:00+00:00,344.3299865722656
2025-11-07 20:30:00+00:00,348.04998779296875
2025-11-10 14:30:00+00:00,357.6400146484375
2025-11-10 15:30:00+00:00,354.6499938964844
2025-11-10 16:30:00+00:00,356.67999267578125
2025-11-10 17:30:00+00:00,357.3800048828125
2025-11-10 18:30:00+00:00,358.349609375
2025-11-10 19:30:00+00:00,359.07000732421875
2025-11-10 20:30:00+00:00,358.8500061035156
2025-11-11 14:30:00+00:00,351.70001220703125
2025-11-11 15:30:00+00:00,351.0899963378906
2025-11-11 16:30:00+00:00,351.489990234375
2025-11-11 17:30:00+00:00,352.2699890136719
2025-11-11 18:30:00+00:00,351.8999938964844
2025-11-11 19:30:00+00:00,351.3999938964844
2025-11-11 20:30:00+00:00,350.989990234375
2025-11-12 14:30:00+00:00,356.0799865722656
2025-11-12 15:30:00+00:00,356.1000061035156
2025-11-12 16:30:00+00:00,354.7149963378906
2025-11-12 17:30:00+00:00,355.239990234375
2025-11-12 18:30:00+00:00,354.3800048828125
2025-11-12 19:30:00+00:00,354.739990234375
2025-11-12 20:30:00+00:00,355.67999267578125
2025-11-13 14:30:00+00:00,349.6300048828125
2025-11-13 15:30:00+00:00,345.3699951171875
2025-11-13 16:30:00+00:00,346.2200012207031
2025-11-13 17:30:00+00:00,343.0299987792969
2025-11-13 18:30:00+00:00,343.8299865722656
2025-11-13 19:30:00+00:00,342.8299865722656
2025-11-13 20:30:00+00:00,344.6600036621094
2025-11-14 14:30:00+00:00,343.3399963378906
2025-11-14 15:30:00+00:00,348.1499938964844
2025-11-14 16:30:00+00:00,348.4549865722656
2025-11-14 17:30:00+00:00,346.2099914550781
2025-11-14 18:30:00+00:00,346.1050109863281
2025-11-14 19:30:00+00:00,345.42999267578125
2025-11-14 20:30:00+00:00,344.9800109863281
2025-11-17 14:30:00+00:00,345.6600036621094
2025-11-17 15:30:00+00:00,343.80499267578125
2025-11-17 16:30:00+00:00,344.3450012207031
2025-11-17 17:30:00+00:00,342.1099853515625
2025-11-17 18:30:00+00:00,339.8569030761719
2025-11-17 19:30:00+00:00,337.6700134277344
2025-11-17 20:30:00+00:00,340.2200012207031
2025-11-18 14:30:00+00:00,331.69000244140625
2025-11-18 15:30:00+00:00,334.0389099121094
2025-11-18 16:30:00+00:00,332.7149963378906
2025-11-18 17:30:00+00:00,336.0899963378906
2025-11-18 18:30:00+00:00,335.1300048828125
2025-11-18 19:30:00+00:00,334.55999755859375
2025-11-18 20:30:00+00:00,332.8999938964844
2025-11-19 14:30:00+00:00,342.5199890136719
2025-11-19 15:30:00+00:00,337.9549865722656
2025-11-19 16:30:00+00:00,335.8800048828125
2025-11-19 17:30:00+00:00,335.6700134277344
2025-11-19 18:30:00+00:00,336.55999755859375
2025-11-19 19:30:00+00:00,340.2900085449219
2025-11-19 20:30:00+00:00,339.55999755859375
2025-11-20 14:30:00+00:00,348.04998779296875
2025-11-20 15:30:00+00:00,341.57501220703125
2025-11-20 16:30:00+00:00,331.8599853515625
2025-11-20 17:30:00+00:00,333.8599853515625
2025-11-20 18:30:00+00:00,329.3399963378906
2025-11-20 19:30:00+00:00,327.2799987792969
2025-11-20 20:30:00+00:00,324.80999755859375
2025-11-21 14:30:00+00:00,318.25
2025-11-21 15:30:00+00:00,322.6400146484375
2025-11-21 16:30:00+00:00,327.3399963378906
2025-11-21 17:30:00+00:00,324.42999267578125
2025-11-21 18:30:00+00:00,331.3349914550781
2025-11-21 19:30:00+00:00,328.0
2025-11-21 20:30:00+00:00,326.1600036621094
2025-11-24 14:30:00+00:00,334.9700012207031
2025-11-24 15:30:00+00:00,338.6000061035156
2025-11-24 16:30:00+00:00,338.81500244140625
2025-11-24 17:30:00+00:00,339.80999755859375
2025-11-24 18:30:00+00:00,339.4800109863281
2025-11-24 19:30:00+00:00,339.3999938964844
2025-11-24 20:30:00+00:00,339.3900146484375
2025-11-25 14:30:00+00:00,331.25
2025-11-25 15:30:00+00:00,334.2449951171875
2025-11-25 16:30:00+00:00,336.5527038574219
2025-11-25 17:30:00+00:00,337.1700134277344
2025-11-25 18:30:00+00:00,336.42498779296875
2025-11-25 19:30:00+00:00,339.0199890136719
2025-11-25 20:30:00+00:00,339.79998779296875
2025-11-26 14:30:00+00:00,344.7300109863281
2025-11-26 15:30:00+00:00,348.510009765625
2025-11-26 16:30:00+00:00,348.31988525390625
2025-11-26 17:30:00+00:00,348.2799987792969
2025-11-26 18:30:00+00:00,349.1300048828125
2025-11-26 19:30:00+00:00,349.8900146484375
2025-11-26 20:30:00+00:00,347.7149963378906
2025-11-28 14:30:00+00:00,349.44000244140625
2025-11-28 15:30:00+00:00,350.6600036621094
2025-11-28 16:30:00+00:00,351.1499938964844
2025-12-01 14:30:00+00:00,351.3900146484375
2025-12-01 15:30:00+00:00,352.4200134277344
2025-12-01 16:30:00+00:00,353.760009765625
2025-12-01 17:30:00+00:00,354.05999755859375
2025-12-01 18:30:00+00:00,352.8699951171875
2025-12-01 19:30:00+00:00,352.75
2025-12-01 20:30:00+00:00,352.989990234375
2025-12-02 14:30:00+00:00,358.1549987792969
2025-12-02 15:30:00+00:00,355.2300109863281
2025-12-02 16:30:00+00:00,358.57000732421875
2025-12-02 17:30:00+00:00,358.510009765625
2025-12-02 18:30:00+00:00,359.1300048828125
2025-12-02 19:30:00+00:00,360.4599914550781
2025-12-02 20:30:00+00:00,359.55999755859375
2025-12-03 14:30:00+00:00,360.1400146484375
2025-12-03 15:30:00+00:00,360.3800048828125
2025-12-03 16:30:00+00:00,361.2539978027344
2025-12-03 17:30:00+00:00,362.05999755859375
2025-12-03 18:30:00+00:00,362.7099914550781
2025-12-03 19:30:00+00:00,364.1199951171875
2025-12-03 20:30:00+00:00,364.3999938964844
2025-12-04 14:30:00+00:00,362.6449890136719
2025-12-04 15:30:00+00:00,362.44500732421875
2025-12-04 16:30:00+00:00,362.5080871582031
2025-12-04 17:30:00+00:00,362.4100036621094
2025-12-04 18:30:00+00:00,360.835205078125
2025-12-04 19:30:00+00:00,359.7250061035156
2025-12-04 20:30:00+00:00,361.5299987792969
2025-12-05 14:30:00+00:00,366.7099914550781
2025-12-05 15:30:00+00:00,365.3599853515625
2025-12-05 16:30:00+00:00,365.2300109863281
2025-12-05 17:30:00+00:00,366.20001220703125
2025-12-05 18:30:00+00:00,365.5589904785156
2025-12-05 19:30:00+00:00,365.375
2025-12-05 20:30:00+00:00,364.489990234375
2025-12-08 14:30:00+00:00,367.6000061035156
2025-12-08 15:30:00+00:00,366.8949890136719
2025-12-08 16:30:00+00:00,366.79998779296875
2025-12-08 17:30:00+00:00,368.114990234375
2025-12-08 18:30:00+00:00,367.1600036621094
2025-12-08 19:30:00+00:00,367.1839904785156
2025-12-08 20:30:00+00:00,368.6400146484375
2025-12-09 14:30:00+00:00,368.1499938964844
2025-12-09 15:30:00+00:00,368.79998779296875
2025-12-09 16:30:00+00:00,369.0400085449219
2025-12-09 17:30:00+00:00,368.9949951171875
2025-12-09 18:30:00+00:00,368.4800109863281
2025-12-09 19:30:00+00:00,368.31500244140625
2025-12-09 20:30:00+00:00,369.1099853515625
2025-12-10 14:30:00+00:00,368.7461853027344
2025-12-10 15:30:00+00:00,368.75
2025-12-10 16:30:00+00:00,368.7699890136719
2025-12-10 17:30:00+00:00,369.7099914550781
2025-12-10 18:30:00+00:00,371.3200988769531
2025-12-10 19:30:00+00:00,375.0459899902344
2025-12-10 20:30:00+00:00,374.2099914550781
2025-12-11 14:30:00+00:00,366.760009765625
2025-12-11 15:30:00+00:00,364.0899963378906
2025-12-11 16:30:00+00:00,366.5199890136719
2025-12-11 17:30:00+00:00,367.8500061035156
2025-12-11 18:30:00+00:00,369.4200134277344
2025-12-11 19:30:00+00:00,369.67999267578125
2025-12-11 20:30:00+00:00,370.8699951171875
2025-12-12 14:30:00+00:00,359.69500732421875
2025-12-12 15:30:00+00:00,357.2799987792969
2025-12-12 16:30:00+00:00,356.8800048828125
2025-12-12 17:30:00+00:00,359.1000061035156
2025-12-12 18:30:00+00:00,355.0899963378906
2025-12-12 19:30:00+00:00,354.05999755859375
2025-12-12 20:30:00+00:00,354.1000061035156
2025-12-15 14:30:00+00:00,353.31500244140625
2025-12-15 15:30:00+00:00,357.4100036621094
2025-12-15 16:30:00+00:00,355.95001220703125
2025-12-15 17:30:00+00:00,354.2900085449219
2025-12-15 18:30:00+00:00,354.8999938964844
2025-12-15 19:30:00+00:00,353.7300109863281
2025-12-15 20:30:00+00:00,352.82501220703125
2025-12-16 14:30:00+00:00,349.7200012207031
2025-12-16 15:30:00+00:00,349.9100036621094
2025-12-16 16:30:00+00:00,350.55999755859375
2025-12-16 17:30:00+00:00,349.5899963378906
2025-12-16 18:30:00+00:00,350.42999267578125
2025-12-16 19:30:00+00:00,351.4750061035156
2025-12-16 20:30:00+00:00,351.8299865722656
2025-12-17 14:30:00+00:00,348.8999938964844
2025-12-17 15:30:00+00:00,341.57000732421875
2025-12-17 16:30:00+00:00,341.4100036621094
2025-12-17 17:30:00+00:00,340.2900085449219
2025-12-17 18:30:00+00:00,338.4599914550781
2025-12-17 19:30:00+00:00,339.0299987792969
2025-12-17 20:30:00+00:00,338.9700012207031
2025-12-18 14:30:00+00:00,349.1600036621094
2025-12-18 15:30:00+00:00,348.8299865722656
2025-12-18 16:30:00+00:00,347.0799865722656
2025-12-18 17:30:00+00:00,350.1499938964844
2025-12-18 18:30:00+00:00,348.70001220703125
2025-12-18 19:30:00+00:00,349.44000244140625
2025-12-18 20:30:00+00:00,347.5799865722656
2025-12-19 14:30:00+00:00,356.0350036621094
2025-12-19 15:30:00+00:00,356.3299865722656
2025-12-19 16:30:00+00:00,357.44000244140625
2025-12-19 17:30:00+00:00,357.6600036621094
2025-12-19 18:30:00+00:00,357.4800109863281
2025-12-19 19:30:00+00:00,358.010009765625
2025-12-19 20:30:00+00:00,356.44000244140625
2025-12-22 14:30:00+00:00,359.0498962402344
2025-12-22 15:30:00+00:00,359.67999267578125
2025-12-22 16:30:00+00:00,359.3399963378906
2025-12-22 17:30:00+00:00,359.56500244140625
2025-12-22 18:30:00+00:00,360.0692138671875
2025-12-22 19:30:00+00:00,359.8599853515625
2025-12-22 20:30:00+00:00,359.75
2025-12-23 14:30:00+00:00,360.2200012207031
2025-12-23 15:30:00+00:00,361.8550109863281
2025-12-23 16:30:00+00:00,362.3500061035156
2025-12-23 17:30:00+00:00,362.4364929199219
2025-12-23 18:30:00+00:00,363.0799865722656
2025-12-23 19:30:00+00:00,363.0
2025-12-23 20:30:00+00:00,363.17999267578125
2025-12-24 14:30:00+00:00,363.17999267578125
2025-12-24 15:30:00+00:00,363.57000732421875
2025-12-24 16:30:00+00:00,363.9200134277344
2025-12-26 14:30:00+00:00,366.2720947265625
2025-12-26 15:30:00+00:00,366.3299865722656
2025-12-26 16:30:00+00:00,366.04400634765625
2025-12-26 17:30:00+00:00,366.5350036621094
2025-12-26 18:30:00+00:00,366.9599914550781
2025-12-26 19:30:00+00:00,366.5050048828125
2025-12-26 20:30:00+00:00,365.8299865722656
2025-12-29 14:30:00+00:00,363.3299865722656
2025-12-29 15:30:00+00:00,363.07000732421875
2025-12-29 16:30:00+00:00,362.0
2025-12-29 17:30:00+00:00,362.6499938964844
2025-12-29 18:30:00+00:00,363.1000061035156
2025-12-29 19:30:00+00:00,363.9100036621094
2025-12-29 20:30:00+00:00,364.19000244140625
2025-12-30 14:30:00+00:00,364.4599914550781
2025-12-30 15:30:00+00:00,365.7799987792969
2025-12-30 16:30:00+00:00,364.760009765625
2025-12-30 17:30:00+00:00,364.7250061035156
2025-12-30 18:30:00+00:00,364.510009765625
2025-12-30 19:30:00+00:00,363.6600036621094
2025-12-30 20:30:00+00:00,363.25
2025-12-31 14:30:00+00:00,363.2008972167969
2025-12-31 15:30:00+00:00,363.3500061035156
2025-12-31 16:30:00+00:00,363.1199951171875
2025-12-31 17:30:00+00:00,363.1700134277344
2025-12-31 18:30:00+00:00,362.32000732421875
2025-12-31 19:30:00+00:00,360.6000061035156
2025-12-31 20:30:00+00:00,360.0799865722656
2026-01-02 14:30:00+00:00,372.05999755859375
2026-01-02 15:30:00+00:00,371.739990234375
2026-01-02 16:30:00+00:00,371.45001220703125
2026-01-02 17:30:00+00:00,372.010009765625
2026-01-02 18:30:00+00:00,373.489990234375
2026-01-02 19:30:00+00:00,374.7200012207031
2026-01-02 20:30:00+00:00,373.3399963378906
2026-01-05 14:30:00+00:00,382.2055969238281
2026-01-05 15:30:00+00:00,382.7349853515625
2026-01-05 16:30:00+00:00,379.1499938964844
2026-01-05 17:30:00+00:00,378.4549865722656
2026-01-05 18:30:00+00:00,377.5801086425781
2026-01-05 19:30:00+00:00,378.0899963378906
2026-01-05 20:30:00+00:00,377.8599853515625
2026-01-06 14:30:00+00:00,388.18829345703125
2026-01-06 15:30:00+00:00,387.2137145996094
2026-01-06 16:30:00+00:00,387.30999755859375
2026-01-06 17:30:00+00:00,387.19000244140625
2026-01-06 18:30:00+00:00,386.9150085449219
2026-01-06 19:30:00+00:00,387.0450134277344
2026-01-06 20:30:00+00:00,387.8299865722656
2026-01-07 14:30:00+00:00,387.3999938964844
2026-01-07 15:30:00+00:00,385.7860107421875
2026-01-07 16:30:00+00:00,386.1000061035156
2026-01-07 17:30:00+00:00,384.7200012207031
2026-01-07 18:30:00+00:00,385.3699951171875
2026-01-07 19:30:00+00:00,384.3500061035156
2026-01-07 20:30:00+00:00,385.1000061035156
2026-01-08 14:30:00+00:00,378.92498779296875
2026-01-08 15:30:00+00:00,376.69110107421875
2026-01-08 16:30:00+00:00,377.17498779296875
2026-01-08 17:30:00+00:00,378.8900146484375
2026-01-08 18:30:00+00:00,378.0299987792969
2026-01-08 19:30:00+00:00,378.67498779296875
2026-01-08 20:30:00+00:00,378.8699951171875
2026-01-09 14:30:00+00:00,386.510009765625
2026-01-09 15:30:00+00:00,387.4700012207031
2026-01-09 16:30:00+00:00,388.1400146484375
2026-01-09 17:30:00+00:00,388.8299865722656
2026-01-09 18:30:00+00:00,389.6600036621094
2026-01-09 19:30:00+00:00,390.25
2026-01-09 20:30:00+00:00,389.32000732421875
2026-01-12 14:30:00+00:00,389.6050109863281
2026-01-12 15:30:00+00:00,389.6300048828125
2026-01-12 16:30:00+00:00,390.70001220703125
2026-01-12 17:30:00+00:00,391.79998779296875
2026-01-12 18:30:00+00:00,391.7095947265625
2026-01-12 19:30:00+00:00,391.69000244140625
2026-01-12 20:30:00+00:00,390.44000244140625
2026-01-13 14:30:00+00:00,391.510009765625
2026-01-13 15:30:00+00:00,393.2799987792969
2026-01-13 16:30:00+00:00,394.07000732421875
2026-01-13 17:30:00+00:00,392.2699890136719
2026-01-13 18:30:00+00:00,392.6000061035156
2026-01-13 19:30:00+00:00,390.7330017089844
2026-01-13 20:30:00+00:00,391.5799865722656
2026-01-14 14:30:00+00:00,386.5799865722656
2026-01-14 15:30:00+00:00,386.68499755859375
2026-01-14 16:30:00+00:00,385.3699951171875
2026-01-14 17:30:00+00:00,385.6300048828125
2026-01-14 18:30:00+00:00,385.625
2026-01-14 19:30:00+00:00,385.94000244140625
2026-01-14 20:30:00+00:00,388.2099914550781
2026-01-15 14:30:00+00:00,400.4800109863281
2026-01-15 15:30:00+00:00,402.46990966796875
2026-01-15 16:30:00+00:00,401.8299865722656
2026-01-15 17:30:00+00:00,402.114990234375
2026-01-15 18:30:00+00:00,399.6896057128906
2026-01-15 19:30:00+00:00,398.5400085449219
2026-01-15 20:30:00+00:00,396.6099853515625
2026-01-16 14:30:00+00:00,399.53009033203125
2026-01-16 15:30:00+00:00,400.82000732421875
2026-01-16 16:30:00+00:00,400.9700012207031
2026-01-16 17:30:00+00:00,400.29998779296875
2026-01-16 18:30:00+00:00,400.55999755859375
2026-01-16 19:30:00+00:00,401.30999755859375
2026-01-16 20:30:00+00:00,400.4200134277344
2026-01-20 14:30:00+00:00,395.5199890136719
2026-01-20 15:30:00+00:00,396.25
2026-01-20 16:30:00+00:00,394.2900085449219
2026-01-20 17:30:00+00:00,391.7300109863281
2026-01-20 18:30:00+00:00,390.42999267578125
2026-01-20 19:30:00+00:00,390.1600036621094
2026-01-20 20:30:00+00:00,390.2799987792969
2026-01-21 14:30:00+00:00,399.6000061035156
2026-01-21 15:30:00+00:00,402.9200134277344
2026-01-21 16:30:00+00:00,396.4599914550781
2026-01-21 17:30:00+00:00,398.1400146484375
2026-01-21 18:30:00+00:00,402.1700134277344
2026-01-21 19:30:00+00:00,402.6947937011719
2026-01-21 20:30:00+00:00,401.9700012207031
2026-01-22 14:30:00+00:00,403.44000244140625
2026-01-22 15:30:00+00:00,404.42999267578125
2026-01-22 16:30:00+00:00,404.0
2026-01-22 17:30:00+00:00,403.8794860839844
2026-01-22 18:30:00+00:00,403.3999938964844
2026-01-22 19:30:00+00:00,402.19000244140625
2026-01-22 20:30:00+00:00,402.8900146484375
2026-01-23 14:30:00+00:00,402.45001220703125
2026-01-23 15:30:00+00:00,401.2850036621094
2026-01-23 16:30:00+00:00,400.2799987792969
2026-01-23 17:30:00+00:00,399.5
2026-01-23 18:30:00+00:00,399.2699890136719
2026-01-23 19:30:00+00:00,398.4849853515625
2026-01-23 20:30:00+00:00,400.20001220703125
2026-01-26 14:30:00+00:00,398.2414855957031
2026-01-26 15:30:00+00:00,398.7699890136719
2026-01-26 16:30:00+00:00,399.55999755859375
2026-01-26 17:30:00+00:00,400.04998779296875
2026-01-26 18:30:00+00:00,400.2099914550781
2026-01-26 19:30:00+00:00,399.19000244140625
2026-01-26 20:30:00+00:00,398.8299865722656
2026-01-27 14:30:00+00:00,407.125
2026-01-27 15:30:00+00:00,408.8399963378906
2026-01-27 16:30:00+00:00,408.67498779296875
2026-01-27 17:30:00+00:00,408.6400146484375
2026-01-27 18:30:00+00:00,408.5899963378906
2026-01-27 19:30:00+00:00,408.5050048828125
2026-01-27 20:30:00+00:00,407.3699951171875
2026-01-28 14:30:00+00:00,413.7300109863281
2026-01-28 15:30:00+00:00,415.4750061035156
2026-01-28 16:30:00+00:00,415.2460021972656
2026-01-28 17:30:00+00:00,416.14208984375
2026-01-28 18:30:00+00:00,415.3800048828125
2026-01-28 19:30:00+00:00,417.17999267578125
2026-01-28 20:30:00+00:00,416.6199951171875
2026-01-29 14:30:00+00:00,410.80999755859375
2026-01-29 15:30:00+00:00,409.3999938964844
2026-01-29 16:30:00+00:00,413.1000061035156
2026-01-29 17:30:00+00:00,414.2200012207031
2026-01-29 18:30:00+00:00,414.5299987792969
2026-01-29 19:30:00+00:00,413.55999755859375
2026-01-29 20:30:00+00:00,417.42999267578125
2026-01-30 14:30:00+00:00,410.45001220703125
2026-01-30 15:30:00+00:00,410.510009765625
2026-02-02 18:30:00+00:00,411.18499755859375
2026-02-02 19:30:00+00:00,407.9849853515625
2026-02-02 20:30:00+00:00,407.9949951171875
2026-02-03 14:30:00+00:00,398.25
2026-02-03 15:30:00+00:00,398.739990234375
2026-02-03 16:30:00+00:00,396.3399963378906
2026-02-03 17:30:00+00:00,393.6700134277344
2026-02-03 18:30:00+00:00,393.010009765625
2026-02-03 19:30:00+00:00,393.80999755859375
2026-02-03 20:30:00+00:00,397.5199890136719
2026-02-04 14:30:00+00:00,388.5899963378906
2026-02-04 15:30:00+00:00,383.631103515625
2026-02-04 16:30:00+00:00,377.239990234375
2026-02-04 17:30:00+00:00,378.7300109863281
2026-02-04 18:30:00+00:00,379.989990234375
2026-02-04 19:30:00+00:00,383.3999938964844
2026-02-04 20:30:00+00:00,382.05999755859375
2026-02-05 14:30:00+00:00,376.2850036621094
2026-02-05 15:30:00+00:00,382.9649963378906
2026-02-05 16:30:00+00:00,384.69940185546875
2026-02-05 17:30:00+00:00,382.9100036621094
2026-02-05 18:30:00+00:00,383.3900146484375
2026-02-05 19:30:00+00:00,380.3699951171875
2026-02-05 20:30:00+00:00,381.44000244140625
2026-02-06 14:30:00+00:00,395.57501220703125
2026-02-06 15:30:00+00:00,399.0450134277344
2026-02-06 16:30:00+00:00,400.20001220703125
2026-02-06 17:30:00+00:00,401.364990234375
2026-02-06 18:30:00+00:00,401.18499755859375
2026-02-06 19:30:00+00:00,401.8900146484375
2026-02-06 20:30:00+00:00,401.6000061035156
2026-02-09 14:30:00+00:00,404.8999938964844
2026-02-09 15:30:00+00:00,407.82501220703125
2026-02-09 16:30:00+00:00,408.8399963378906
2026-02-09 17:30:00+00:00,407.760009765625
2026-02-09 18:30:00+00:00,408.70001220703125
2026-02-09 19:30:00+00:00,407.3800048828125
2026-02-09 20:30:00+00:00,406.6300048828125
2026-02-10 14:30:00+00:00,405.875
2026-02-10 15:30:00+00:00,405.8699951171875
2026-02-10 16:30:00+00:00,406.8900146484375
2026-02-10 17:30:00+00:00,406.04998779296875
2026-02-10 18:30:00+00:00,406.1499938964844
2026-02-10 19:30:00+00:00,404.0799865722656
2026-02-10 20:30:00+00:00,404.6300048828125
2026-02-11 14:30:00+00:00,407.07000732421875
2026-02-11 15:30:00+00:00,412.3999938964844
2026-02-11 16:30:00+00:00,415.3399963378906
2026-02-11 17:30:00+00:00,414.29998779296875
2026-02-11 18:30:00+00:00,415.7699890136719
2026-02-11 19:30:00+00:00,415.6499938964844
2026-02-11 20:30:00+00:00,414.8299865722656
2026-02-12 14:30:00+00:00,417.54998779296875
2026-02-12 15:30:00+00:00,405.7300109863281
2026-02-12 16:30:00+00:00,408.2099914550781
2026-02-12 17:30:00+00:00,407.5199890136719
2026-02-12 18:30:00+00:00,408.82000732421875
2026-02-12 19:30:00+00:00,406.3512878417969
2026-02-12 20:30:00+00:00,406.0950012207031
2026-02-13 14:30:00+00:00,409.17999267578125
2026-02-13 15:30:00+00:00,408.75
2026-02-13 16:30:00+00:00,409.67999267578125
2026-02-13 17:30:00+00:00,409.4100036621094
2026-02-13 18:30:00+00:00,409.3699951171875
2026-02-13 19:30:00+00:00,407.0350036621094
2026-02-13 20:30:00+00:00,407.635009765625
2026-02-17 14:30:00+00:00,401.489990234375
2026-02-17 15:30:00+00:00,406.8301086425781
2026-02-17 16:30:00+00:00,408.19000244140625
2026-02-17 17:30:00+00:00,408.0400085449219
2026-02-17 18:30:00+00:00,409.3800048828125
2026-02-17 19:30:00+00:00,407.7799987792969
2026-02-17 20:30:00+00:00,407.4599914550781
2026-02-18 14:30:00+00:00,416.1700134277344
2026-02-18 15:30:00+00:00,416.69000244140625
2026-02-18 16:30:00+00:00,415.80999755859375
2026-02-18 17:30:00+00:00,414.8399963378906
2026-02-18 18:30:00+00:00,413.67999267578125
2026-02-18 19:30:00+00:00,410.4599914550781
2026-02-18 20:30:00+00:00,412.70001220703125
2026-02-19 14:30:00+00:00,407.7799987792969
2026-02-19 15:30:00+00:00,409.4460144042969
2026-02-19 16:30:00+00:00,408.2799987792969
2026-02-19 17:30:00+00:00,407.1300048828125
2026-02-19 18:30:00+00:00,407.8699951171875
2026-02-19 19:30:00+00:00,407.8100891113281
2026-02-19 20:30:00+00:00,410.239990234375
2026-02-20 14:30:00+00:00,413.0199890136719
2026-02-20 15:30:00+00:00,413.2900085449219
2026-02-20 16:30:00+00:00,411.2300109863281
2026-02-20 17:30:00+00:00,412.82000732421875
2026-02-20 18:30:00+00:00,414.5450134277344
2026-02-20 19:30:00+00:00,414.0
2026-02-20 20:30:00+00:00,415.07000732421875
2026-02-23 14:30:00+00:00,415.2699890136719
2026-02-23 15:30:00+00:00,411.6499938964844
2026-02-23 16:30:00+00:00,411.4200134277344
2026-02-23 17:30:00+00:00,412.45001220703125
2026-02-23 18:30:00+00:00,410.3299865722656
2026-02-23 19:30:00+00:00,411.07000732421875
2026-02-23 20:30:00+00:00,412.95001220703125
2026-02-24 14:30:00+00:00,419.92999267578125
2026-02-24 15:30:00+00:00,419.9049987792969
2026-02-24 16:30:00+00:00,421.3500061035156
2026-02-24 17:30:00+00:00,420.0815124511719
2026-02-24 18:30:00+00:00,419.0799865722656
2026-02-24 19:30:00+00:00,419.5899963378906
2026-02-24 20:30:00+00:00,419.1000061035156
2026-02-25 14:30:00+00:00,426.7449951171875
2026-02-25 15:30:00+00:00,424.875
2026-02-25 16:30:00+00:00,426.2550048828125
2026-02-25 17:30:00+00:00,426.5299987792969
2026-02-25 18:30:00+00:00,426.989990234375
2026-02-25 19:30:00+00:00,426.4700012207031
2026-02-25 20:30:00+00:00,426.1000061035156
2026-02-26 14:30:00+00:00,406.4599914550781
2026-02-26 15:30:00+00:00,411.7200012207031
2026-02-26 16:30:00+00:00,409.5199890136719
2026-02-26 17:30:00+00:00,408.5799865722656
2026-02-26 18:30:00+00:00,410.0799865722656
2026-02-26 19:30:00+00:00,409.3800048828125
2026-02-26 20:30:00+00:00,411.95001220703125
2026-02-27 14:30:00+00:00,407.55999755859375
2026-02-27 15:30:00+00:00,406.8599853515625
2026-02-27 16:30:00+00:00,405.54998779296875
2026-02-27 17:30:00+00:00,404.5400085449219
2026-02-27 18:30:00+00:00,404.2749938964844
2026-02-27 19:30:00+00:00,406.44000244140625
2026-02-27 20:30:00+00:00,406.07501220703125
2026-03-02 14:30:00+00:00,401.5400085449219
2026-03-02 15:30:00+00:00,402.3699951171875
2026-03-02 16:30:00+00:00,406.9599914550781
2026-03-02 17:30:00+00:00,405.95001220703125
2026-03-02 18:30:00+00:00,406.5899963378906
2026-03-02 19:30:00+00:00,404.95001220703125
2026-03-02 20:30:00+00:00,406.3500061035156
2026-03-03 14:30:00+00:00,386.04998779296875
2026-03-03 15:30:00+00:00,391.4549865722656
2026-03-03 16:30:00+00:00,393.8999938964844
2026-03-03 17:30:00+00:00,393.2900085449219
2026-03-03 18:30:00+00:00,391.34979248046875
2026-03-03 19:30:00+00:00,392.2900085449219
2026-03-03 20:30:00+00:00,391.07000732421875
2026-03-04 14:30:00+00:00,398.9599914550781
2026-03-04 15:30:00+00:00,398.45001220703125
2026-03-04 16:30:00+00:00,399.43499755859375
2026-03-04 17:30:00+00:00,399.32000732421875
2026-03-04 18:30:00+00:00,400.69000244140625
2026-03-04 19:30:00+00:00,399.7049865722656
2026-03-04 20:30:00+00:00,399.0419921875
2026-03-05 14:30:00+00:00,396.95001220703125
2026-03-05 15:30:00+00:00,395.9599914550781
2026-03-05 16:30:00+00:00,393.2799987792969
2026-03-05 17:30:00+00:00,387.25
2026-03-05 18:30:00+00:00,389.4200134277344
2026-03-05 19:30:00+00:00,392.0400085449219
2026-03-05 20:30:00+00:00,395.4200134277344
2026-03-06 14:30:00+00:00,390.7449951171875
2026-03-06 15:30:00+00:00,390.3500061035156
2026-03-06 16:30:00+00:00,389.625
2026-03-06 17:30:00+00:00,389.2699890136719
2026-03-06 18:30:00+00:00,387.3999938964844
2026-03-06 19:30:00+00:00,380.1449890136719
2026-03-06 20:30:00+00:00,380.5400085449219
2026-03-09 13:30:00+00:00,378.9100036621094
2026-03-09 14:30:00+00:00,383.7349853515625
2026-03-09 15:30:00+00:00,386.7900085449219
2026-03-09 16:30:00+00:00,384.80999755859375
2026-03-09 17:30:00+00:00,386.3500061035156
2026-03-09 18:30:00+00:00,393.05999755859375
2026-03-09 19:30:00+00:00,394.3299865722656
2026-03-10 13:30:00+00:00,398.0899963378906
2026-03-10 14:30:00+00:00,401.9200134277344
2026-03-10 15:30:00+00:00,400.68499755859375
2026-03-10 16:30:00+00:00,403.7149963378906
2026-03-10 17:30:00+00:00,399.6199951171875
2026-03-10 18:30:00+00:00,397.989990234375
2026-03-10 19:30:00+00:00,397.3999938964844
2026-03-11 13:30:00+00:00,402.8999938964844
2026-03-11 14:30:00+00:00,400.9100036621094
2026-03-11 15:30:00+00:00,400.4150085449219
2026-03-11 16:30:00+00:00,401.5450134277344
2026-03-11 17:30:00+00:00,400.635009765625
2026-03-11 18:30:00+00:00,400.489990234375
2026-03-11 19:30:00+00:00,400.9949951171875
2026-03-12 13:30:00+00:00,388.880615234375
2026-03-12 14:30:00+00:00,389.3500061035156
2026-03-12 15:30:00+00:00,390.4800109863281
2026-03-12 16:30:00+00:00,390.3599853515625
2026-03-12 17:30:00+00:00,389.7049865722656
2026-03-12 18:30:00+00:00,388.6099853515625
2026-03-12 19:30:00+00:00,388.2099914550781
2026-03-13 13:30:00+00:00,392.739990234375
2026-03-13 14:30:00+00:00,389.1050109863281
2026-03-13 15:30:00+00:00,388.0199890136719
2026-03-13 16:30:00+00:00,388.4649963378906
2026-03-13 17:30:00+00:00,387.1199951171875
2026-03-13 18:30:00+00:00,386.94000244140625
2026-03-13 19:30:00+00:00,387.3699951171875
2026-03-16 13:30:00+00:00,396.1099853515625
2026-03-16 14:30:00+00:00,397.6400146484375
2026-03-16 15:30:00+00:00,395.5899963378906
2026-03-16 16:30:00+00:00,396.7699890136719
2026-03-16 17:30:00+00:00,396.9800109863281
2026-03-16 18:30:00+00:00,394.3399963378906
2026-03-16 19:30:00+00:00,393.8999938964844
2026-03-17 13:30:00+00:00,396.6199951171875
2026-03-17 14:30:00+00:00,394.8599853515625
2026-03-17 15:30:00+00:00,395.42498779296875
2026-03-17 16:30:00+00:00,395.55999755859375
2026-03-17 17:30:00+00:00,396.4100036621094
2026-03-17 18:30:00+00:00,396.5299987792969
2026-03-17 19:30:00+00:00,396.79998779296875
2026-03-18 13:30:00+00:00,395.57000732421875
2026-03-18 14:30:00+00:00,398.0400085449219
2026-03-18 15:30:00+00:00,398.5199890136719
2026-03-18 16:30:00+00:00,397.9200134277344
2026-03-18 17:30:00+00:00,398.4859924316406
2026-03-18 18:30:00+00:00,394.82501220703125
2026-03-18 19:30:00+00:00,393.6499938964844
2026-03-19 13:30:00+00:00,389.2799987792969
2026-03-19 14:30:00+00:00,390.1400146484375
2026-03-19 15:30:00+00:00,391.2300109863281
2026-03-19 16:30:00+00:00,391.1600036621094
2026-03-19 17:30:00+00:00,392.6499938964844
2026-03-19 18:30:00+00:00,395.69000244140625
2026-03-19 19:30:00+00:00,394.8299865722656
2026-03-20 13:30:00+00:00,387.17999267578125
2026-03-20 14:30:00+00:00,387.8463134765625
2026-03-20 15:30:00+00:00,388.4049987792969
2026-03-20 16:30:00+00:00,385.9150085449219
2026-03-20 17:30:00+00:00,384.3500061035156
2026-03-20 18:30:00+00:00,381.6700134277344
2026-03-20 19:30:00+00:00,385.1400146484375
2026-03-23 13:30:00+00:00,398.5799865722656
2026-03-23 14:30:00+00:00,397.07000732421875
2026-03-23 15:30:00+00:00,389.5350036621094
2026-03-23 16:30:00+00:00,391.0899963378906
2026-03-23 17:30:00+00:00,392.55999755859375
2026-03-23 18:30:00+00:00,393.3699951171875
2026-03-23 19:30:00+00:00,391.1199951171875
2026-03-24 13:30:00+00:00,390.1700134277344
2026-03-24 14:30:00+00:00,395.69500732421875
2026-03-24 15:30:00+00:00,394.6600036621094
2026-03-24 16:30:00+00:00,392.79998779296875
2026-03-24 17:30:00+00:00,394.510009765625
2026-03-24 18:30:00+00:00,395.29998779296875
2026-03-24 19:30:00+00:00,394.6400146484375
2026-03-25 13:30:00+00:00,400.95001220703125
2026-03-25 14:30:00+00:00,400.07000732421875
2026-03-25 15:30:00+00:00,399.42999267578125
2026-03-25 16:30:00+00:00,399.4100036621094
2026-03-25 17:30:00+00:00,400.4200134277344
2026-03-25 18:30:00+00:00,398.1549987792969
2026-03-25 19:30:00+00:00,398.9800109863281
2026-03-26 13:30:00+00:00,389.3699951171875
2026-03-26 14:30:00+00:00,387.45001220703125
2026-03-26 15:30:00+00:00,386.3598937988281
2026-03-26 16:30:00+00:00,384.2300109863281
2026-03-26 17:30:00+00:00,382.0
2026-03-26 18:30:00+00:00,382.1600036621094
2026-03-26 19:30:00+00:00,380.510009765625
2026-03-27 13:30:00+00:00,375.3399963378906
2026-03-27 14:30:00+00:00,378.260009765625
2026-03-27 15:30:00+00:00,377.6700134277344
2026-03-27 16:30:00+00:00,375.0799865722656
2026-03-27 17:30:00+00:00,374.5199890136719
2026-03-27 18:30:00+00:00,373.7799987792969
2026-03-27 19:30:00+00:00,374.32000732421875
2026-03-30 13:30:00+00:00,368.6199951171875
2026-03-30 14:30:00+00:00,366.0400085449219
2026-03-30 15:30:00+00:00,364.25
2026-03-30 16:30:00+00:00,362.7900085449219
2026-03-30 17:30:00+00:00,362.6099853515625
2026-03-30 18:30:00+00:00,360.11041259765625
2026-03-30 19:30:00+00:00,362.5690002441406
2026-03-31 13:30:00+00:00,373.8949890136719
2026-03-31 14:30:00+00:00,372.1099853515625
2026-03-31 15:30:00+00:00,372.6099853515625
2026-03-31 16:30:00+00:00,378.7699890136719
2026-03-31 17:30:00+00:00,380.1600036621094
2026-03-31 18:30:00+00:00,382.3699951171875
2026-03-31 19:30:00+00:00,382.94000244140625
2026-04-01 13:30:00+00:00,394.04998779296875
2026-04-01 14:30:00+00:00,394.5799865722656
2026-04-01 15:30:00+00:00,395.3699951171875
2026-04-01 16:30:00+00:00,395.3699951171875
2026-04-01 17:30:00+00:00,390.8999938964844
2026-04-01 18:30:00+00:00,392.54998779296875
2026-04-01 19:30:00+00:00,392.05999755859375
2026-04-02 13:30:00+00:00,385.68499755859375
2026-04-02 14:30:00+00:00,391.1400146484375
2026-04-02 15:30:00+00:00,389.0899963378906
2026-04-02 16:30:00+00:00,390.6000061035156
2026-04-02 17:30:00+00:00,390.1099853515625
2026-04-02 18:30:00+00:00,391.42999267578125
2026-04-02 19:30:00+00:00,392.2349853515625
2026-04-06 13:30:00+00:00,394.1300048828125
2026-04-06 14:30:00+00:00,393.82000732421875
2026-04-06 15:30:00+00:00,394.3900146484375
2026-04-06 16:30:00+00:00,394.5199890136719
2026-04-06 17:30:00+00:00,395.0350036621094
2026-04-06 18:30:00+00:00,394.9700012207031
2026-04-06 19:30:00+00:00,395.94500732421875
2026-04-07 13:30:00+00:00,393.1499938964844
2026-04-07 14:30:00+00:00,392.8399963378906
2026-04-07 15:30:00+00:00,395.385009765625
2026-04-07 16:30:00+00:00,395.45001220703125
2026-04-07 17:30:00+00:00,395.3699951171875
2026-04-07 18:30:00+00:00,395.8999938964844
2026-04-07 19:30:00+00:00,399.7699890136719
2026-04-08 13:30:00+00:00,420.55999755859375
2026-04-08 14:30:00+00:00,419.3811950683594
2026-04-08 15:30:00+00:00,421.1449890136719
2026-04-08 16:30:00+00:00,421.6050109863281
2026-04-08 17:30:00+00:00,422.1199951171875
2026-04-08 18:30:00+00:00,420.6300048828125
2026-04-08 19:30:00+00:00,422.69000244140625
2026-04-09 13:30:00+00:00,424.135009765625
2026-04-09 14:30:00+00:00,426.1600036621094
2026-04-09 15:30:00+00:00,428.56500244140625
2026-04-09 16:30:00+00:00,428.6199951171875
2026-04-09 17:30:00+00:00,427.7200012207031
2026-04-09 18:30:00+00:00,429.4150085449219
2026-04-09 19:30:00+00:00,430.2850036621094
2026-04-10 13:30:00+00:00,439.1000061035156
2026-04-10 14:30:00+00:00,440.3900146484375
2026-04-10 15:30:00+00:00,437.4700012207031
2026-04-10 16:30:00+00:00,437.29998779296875
2026-04-10 17:30:00+00:00,438.9649963378906
2026-04-10 18:30:00+00:00,439.2349853515625
2026-04-10 19:30:00+00:00,436.9800109863281
2026-04-13 13:30:00+00:00,436.5892028808594
2026-04-13 14:30:00+00:00,438.04998779296875
2026-04-13 15:30:00+00:00,438.989990234375
2026-04-13 16:30:00+00:00,440.1499938964844
2026-04-13 17:30:00+00:00,439.6488037109375
2026-04-13 18:30:00+00:00,442.1050109863281
2026-04-13 19:30:00+00:00,443.2900085449219
2026-04-14 13:30:00+00:00,446.3550109863281
2026-04-14 14:30:00+00:00,447.19000244140625
2026-04-14 15:30:00+00:00,448.42999267578125
2026-04-14 16:30:00+00:00,449.7699890136719
2026-04-14 17:30:00+00:00,449.8935852050781
2026-04-14 18:30:00+00:00,452.0299987792969
2026-04-14 19:30:00+00:00,451.989990234375
2026-04-15 13:30:00+00:00,451.17498779296875
2026-04-15 14:30:00+00:00,451.2099914550781
2026-04-15 15:30:00+00:00,449.05999755859375
2026-04-15 16:30:00+00:00,446.2200012207031
2026-04-15 17:30:00+00:00,447.9800109863281
2026-04-15 18:30:00+00:00,451.17999267578125
2026-04-15 19:30:00+00:00,452.9960021972656
2026-04-16 13:30:00+00:00,451.4849853515625
2026-04-16 14:30:00+00:00,455.2300109863281
2026-04-16 15:30:00+00:00,455.0498962402344
2026-04-16 16:30:00+00:00,454.42999267578125
2026-04-16 17:30:00+00:00,451.67999267578125
2026-04-16 18:30:00+00:00,454.20001220703125
2026-04-16 19:30:00+00:00,454.7650146484375
2026-04-17 13:30:00+00:00,462.1700134277344
2026-04-17 14:30:00+00:00,462.875
2026-04-17 15:30:00+00:00,463.5799865722656
2026-04-17 16:30:00+00:00,461.3399963378906
2026-04-17 17:30:00+00:00,462.3450012207031
2026-04-17 18:30:00+00:00,461.9700012207031
2026-04-17 19:30:00+00:00,464.010009765625
2026-04-20 13:30:00+00:00,462.2799987792969
2026-04-20 14:30:00+00:00,462.3999938964844
2026-04-20 15:30:00+00:00,461.4555969238281
2026-04-20 16:30:00+00:00,461.5
2026-04-20 17:30:00+00:00,463.3399963378906
2026-04-20 18:30:00+00:00,463.7850036621094
2026-04-20 19:30:00+00:00,464.114990234375
2026-04-21 13:30:00+00:00,467.3599853515625
2026-04-21 14:30:00+00:00,464.7799987792969
2026-04-21 15:30:00+00:00,465.4200134277344
2026-04-21 16:30:00+00:00,463.45001220703125
2026-04-21 17:30:00+00:00,464.7749938964844
2026-04-21 18:30:00+00:00,467.19000244140625
2026-04-21 19:30:00+00:00,464.75
2026-04-22 13:30:00+00:00,470.95001220703125
2026-04-22 14:30:00+00:00,472.3900146484375
2026-04-22 15:30:00+00:00,473.0400085449219
2026-04-22 16:30:00+00:00,475.1499938964844
2026-04-22 17:30:00+00:00,475.010009765625
2026-04-22 18:30:00+00:00,475.95001220703125
2026-04-22 19:30:00+00:00,477.0299987792969
2026-04-23 13:30:00+00:00,484.2900085449219
2026-04-23 14:30:00+00:00,486.94500732421875
2026-04-23 15:30:00+00:00,486.7850036621094
2026-04-23 16:30:00+00:00,480.910400390625
2026-04-23 17:30:00+00:00,480.92999267578125
2026-04-23 18:30:00+00:00,479.20001220703125
2026-04-23 19:30:00+00:00,481.8999938964844
2026-04-24 13:30:00+00:00,500.1600036621094
2026-04-24 14:30:00+00:00,505.05499267578125
2026-04-24 15:30:00+00:00,508.239990234375
2026-04-24 16:30:00+00:00,506.4800109863281
2026-04-24 17:30:00+00:00,506.135009765625
2026-04-24 18:30:00+00:00,506.0299987792969
2026-04-24 19:30:00+00:00,506.4800109863281
2026-04-27 13:30:00+00:00,499.760009765625
2026-04-27 14:30:00+00:00,500.5899963378906
2026-04-27 15:30:00+00:00,501.20001220703125
2026-04-27 16:30:00+00:00,501.5450134277344
2026-04-27 17:30:00+00:00,503.375
2026-04-27 18:30:00+00:00,504.4700012207031
2026-04-27 19:30:00+00:00,506.19000244140625
2026-04-28 13:30:00+00:00,490.760986328125
2026-04-28 14:30:00+00:00,486.05999755859375
2026-04-28 15:30:00+00:00,487.2250061035156
2026-04-28 16:30:00+00:00,488.3599853515625
2026-04-28 17:30:00+00:00,492.94000244140625
2026-04-28 18:30:00+00:00,492.3999938964844
2026-04-28 19:30:00+00:00,491.2900085449219
2026-04-29 13:30:00+00:00,497.2300109863281
2026-04-29 14:30:00+00:00,496.9100036621094
2026-04-29 15:30:00+00:00,494.4200134277344
2026-04-29 16:30:00+00:00,495.4150085449219
2026-04-29 17:30:00+00:00,495.3599853515625
2026-04-29 18:30:00+00:00,498.8699951171875
2026-04-29 19:30:00+00:00,499.510009765625
2026-04-30 13:30:00+00:00,497.20001220703125
2026-04-30 14:30:00+00:00,504.0799865722656
2026-04-30 15:30:00+00:00,503.94000244140625
2026-04-30 16:30:00+00:00,504.79998779296875
2026-04-30 17:30:00+00:00,506.0
2026-04-30 18:30:00+00:00,505.368896484375
2026-04-30 19:30:00+00:00,506.6300048828125
2026-05-01 13:30:00+00:00,508.5415954589844
2026-05-01 14:30:00+00:00,508.5799865722656
2026-05-01 15:30:00+00:00,508.0801086425781
2026-05-01 16:30:00+00:00,509.93499755859375
2026-05-01 17:30:00+00:00,510.0675048828125
2026-05-01 18:30:00+00:00,511.7655944824219
2026-05-01 19:30:00+00:00,509.70001220703125
2026-05-04 13:30:00+00:00,508.7049865722656
2026-05-04 14:30:00+00:00,505.7900085449219
2026-05-04 15:30:00+00:00,504.29998779296875
2026-05-04 16:30:00+00:00,507.0199890136719
2026-05-04 17:30:00+00:00,506.5899963378906
2026-05-04 18:30:00+00:00,506.94500732421875
2026-05-04 19:30:00+00:00,506.6700134277344
2026-05-05 13:30:00+00:00,521.75
2026-05-05 14:30:00+00:00,522.6199951171875
2026-05-05 15:30:00+00:00,524.1199951171875
2026-05-05 16:30:00+00:00,525.77001953125
2026-05-05 17:30:00+00:00,525.5599975585938
2026-05-05 18:30:00+00:00,522.625
2026-05-05 19:30:00+00:00,523.0
2026-05-06 13:30:00+00:00,534.5800170898438
2026-05-06 14:30:00+00:00,546.0750122070312
2026-05-06 15:30:00+00:00,544.0599975585938
2026-05-06 16:30:00+00:00,544.469970703125
2026-05-06 17:30:00+00:00,545.7750244140625
2026-05-06 18:30:00+00:00,548.5
2026-05-06 19:30:00+00:00,549.3200073242188
2026-05-07 13:30:00+00:00,547.989990234375
2026-05-07 14:30:00+00:00,546.9000244140625
2026-05-07 15:30:00+00:00,542.4299926757812
2026-05-07 16:30:00+00:00,537.97998046875
2026-05-07 17:30:00+00:00,538.5599975585938
2026-05-07 18:30:00+00:00,538.1400146484375
2026-05-07 19:30:00+00:00,539.905029296875
2026-05-08 13:30:00+00:00,556.3200073242188
2026-05-08 14:30:00+00:00,559.5050048828125
2026-05-08 15:30:00+00:00,562.0700073242188
2026-05-08 16:30:00+00:00,566.1900024414062
2026-05-08 17:30:00+00:00,564.4149780273438
2026-05-08 18:30:00+00:00,563.5800170898438
2026-05-08 19:30:00+00:00,566.5599975585938
2026-05-11 13:30:00+00:00,567.6500244140625
2026-05-11 14:30:00+00:00,575.3400268554688
2026-05-11 15:30:00+00:00,576.14501953125
2026-05-11 16:30:00+00:00,576.2150268554688
2026-05-11 17:30:00+00:00,577.280029296875
2026-05-11 18:30:00+00:00,573.4099731445312
2026-05-11 19:30:00+00:00,576.3300170898438
2026-05-12 13:30:00+00:00,558.0650024414062
2026-05-12 14:30:00+00:00,546.7100219726562
2026-05-12 15:30:00+00:00,546.3300170898438
2026-05-12 16:30:00+00:00,549.7899780273438
2026-05-12 17:30:00+00:00,554.510009765625
2026-05-12 18:30:00+00:00,556.3250122070312
2026-05-12 19:30:00+00:00,561.260009765625
2026-05-13 13:30:00+00:00,566.3699951171875
2026-05-13 14:30:00+00:00,569.22998046875
2026-05-13 15:30:00+00:00,572.9299926757812
2026-05-13 16:30:00+00:00,574.8350219726562
2026-05-13 17:30:00+00:00,575.5800170898438
2026-05-13 18:30:00+00:00,573.9500122070312
2026-05-13 19:30:00+00:00,572.1400146484375
2026-05-14 13:30:00+00:00,576.4199829101562
2026-05-14 14:30:00+00:00,580.0599975585938
2026-05-14 15:30:00+00:00,578.6599731445312
2026-05-14 16:30:00+00:00,575.27001953125
2026-05-14 17:30:00+00:00,578.0800170898438
2026-05-14 18:30:00+00:00,579.4400024414062
2026-05-14 19:30:00+00:00,578.2999877929688
2026-05-15 13:30:00+00:00,559.655029296875
2026-05-15 14:30:00+00:00,560.6300048828125
2026-05-15 15:30:00+00:00,560.2449951171875
2026-05-15 16:30:00+00:00,562.4271240234375
2026-05-15 17:30:00+00:00,562.530029296875
2026-05-15 18:30:00+00:00,559.4129028320312
2026-05-15 19:30:00+00:00,556.489990234375
2026-05-18 13:30:00+00:00,546.4600219726562
2026-05-18 14:30:00+00:00,543.489990234375
2026-05-18 15:30:00+00:00,539.905029296875
2026-05-18 16:30:00+00:00,543.4000244140625
2026-05-18 17:30:00+00:00,539.1900024414062
2026-05-18 18:30:00+00:00,539.9299926757812
2026-05-18 19:30:00+00:00,546.1500244140625
2026-05-19 13:30:00+00:00,531.0399780273438
2026-05-19 14:30:00+00:00,537.1799926757812
2026-05-19 15:30:00+00:00,545.2645263671875
2026-05-19 16:30:00+00:00,551.0800170898438
2026-05-19 17:30:00+00:00,548.2249755859375
2026-05-19 18:30:00+00:00,546.5349731445312
2026-05-19 19:30:00+00:00,543.9000244140625
2026-05-20 13:30:00+00:00,561.7899780273438
2026-05-20 14:30:00+00:00,561.9000244140625
2026-05-20 15:30:00+00:00,559.0399780273438
2026-05-20 16:30:00+00:00,561.0700073242188
2026-05-20 17:30:00+00:00,561.1799926757812
2026-05-20 18:30:00+00:00,562.8699951171875
2026-05-20 19:30:00+00:00,563.97998046875
2026-05-21 13:30:00+00:00,560.510009765625
2026-05-21 14:30:00+00:00,560.6599731445312
2026-05-21 15:30:00+00:00,562.0050048828125
2026-05-21 16:30:00+00:00,566.7000122070312
2026-05-21 17:30:00+00:00,567.3900146484375
2026-05-21 18:30:00+00:00,566.2150268554688
2026-05-21 19:30:00+00:00,567.5598754882812
2026-05-22 13:30:00+00:00,577.6099853515625
2026-05-22 14:30:00+00:00,580.9600219726562
2026-05-22 15:30:00+00:00,580.1500244140625
2026-05-22 16:30:00+00:00,582.125
2026-05-22 17:30:00+00:00,579.7899780273438
2026-05-22 18:30:00+00:00,575.739990234375
2026-05-22 19:30:00+00:00,575.989990234375
2026-05-26 13:30:00+00:00,600.6300048828125
2026-05-26 14:30:00+00:00,597.7969970703125
2026-05-26 15:30:00+00:00,597.1500244140625
2026-05-26 16:30:00+00:00,597.7999877929688
2026-05-26 17:30:00+00:00,600.3400268554688
2026-05-26 18:30:00+00:00,601.7050170898438
2026-05-26 19:30:00+00:00,602.0399780273438
2026-05-27 13:30:00+00:00,586.4500122070312
2026-05-27 14:30:00+00:00,589.0449829101562
2026-05-27 15:30:00+00:00,592.219970703125
2026-05-27 16:30:00+00:00,591.9199829101562
2026-05-27 17:30:00+00:00,594.2550048828125
2026-05-27 18:30:00+00:00,593.5
2026-05-27 19:30:00+00:00,595.5549926757812
2026-05-28 13:30:00+00:00,593.905029296875
2026-05-28 14:30:00+00:00,601.82080078125
2026-05-28 15:30:00+00:00,602.9000244140625
2026-05-28 16:30:00+00:00,601.6207275390625
2026-05-28 17:30:00+00:00,601.6599731445312
2026-05-28 18:30:00+00:00,599.9249877929688
2026-05-28 19:30:00+00:00,600.1099853515625
2026-05-29 13:30:00+00:00,604.4400024414062
2026-05-29 14:30:00+00:00,601.3200073242188
2026-05-29 15:30:00+00:00,601.0800170898438
2026-05-29 16:30:00+00:00,599.97998046875
2026-05-29 17:30:00+00:00,600.4849853515625
2026-05-29 18:30:00+00:00,600.0399780273438
2026-05-29 19:30:00+00:00,598.97998046875
2026-06-01 13:30:00+00:00,601.8599853515625
2026-06-01 14:30:00+00:00,606.625
2026-06-01 15:30:00+00:00,607.6199951171875
2026-06-01 16:30:00+00:00,610.3599853515625
2026-06-01 17:30:00+00:00,610.8250122070312
2026-06-01 18:30:00+00:00,608.030029296875
2026-06-01 19:30:00+00:00,607.4600219726562
2026-06-02 13:30:00+00:00,622.419921875
2026-06-02 14:30:00+00:00,628.5800170898438
2026-06-02 15:30:00+00:00,626.6799926757812
2026-06-02 16:30:00+00:00,625.1699829101562
2026-06-02 17:30:00+00:00,627.4620971679688
2026-06-02 18:30:00+00:00,628.5900268554688
2026-06-02 19:30:00+00:00,632.1199951171875
2026-06-03 13:30:00+00:00,639.5
2026-06-03 14:30:00+00:00,636.989990234375
2026-06-03 15:30:00+00:00,634.655029296875
2026-06-03 16:30:00+00:00,636.7241821289062
2026-06-03 17:30:00+00:00,641.276123046875
2026-06-03 18:30:00+00:00,638.2899780273438
2026-06-03 19:30:00+00:00,637.8900146484375
2026-06-04 13:30:00+00:00,617.1099853515625
2026-06-04 14:30:00+00:00,623.47998046875
2026-06-04 15:30:00+00:00,626.5050048828125
2026-06-04 16:30:00+00:00,628.3599853515625
2026-06-04 17:30:00+00:00,633.02001953125
2026-06-04 18:30:00+00:00,633.3800048828125
2026-06-04 19:30:00+00:00,628.469970703125
2026-06-05 13:30:00+00:00,596.5800170898438
2026-06-05 14:30:00+00:00,592.3800048828125
2026-06-05 15:30:00+00:00,586.6699829101562
2026-06-05 16:30:00+00:00,584.1300048828125
2026-06-05 17:30:00+00:00,578.1599731445312
2026-06-05 18:30:00+00:00,577.780029296875
2026-06-05 19:30:00+00:00,569.7219848632812
2026-06-08 13:30:00+00:00,595.469970703125
2026-06-08 14:30:00+00:00,601.6900024414062
2026-06-08 15:30:00+00:00,601.1199951171875
2026-06-08 16:30:00+00:00,600.989990234375
2026-06-08 17:30:00+00:00,602.6199951171875
2026-06-08 18:30:00+00:00,596.8499755859375
2026-06-08 19:30:00+00:00,597.6300048828125
2026-06-09 13:30:00+00:00,599.0800170898438
2026-06-09 14:30:00+00:00,578.2899780273438
2026-06-09 15:30:00+00:00,564.0700073242188
2026-06-09 16:30:00+00:00,574.510009765625
2026-06-09 17:30:00+00:00,583.010009765625
2026-06-09 18:30:00+00:00,583.3800048828125
2026-06-09 19:30:00+00:00,591.0599975585938
2026-06-10 13:30:00+00:00,594.3630981445312
2026-06-10 14:30:00+00:00,577.1199951171875
2026-06-10 15:30:00+00:00,575.75
2026-06-10 16:30:00+00:00,573.6300048828125
2026-06-10 17:30:00+00:00,575.1300048828125
2026-06-10 18:30:00+00:00,570.8300170898438
2026-06-10 19:30:00+00:00,570.5599975585938
2026-06-11 13:30:00+00:00,592.8400268554688
2026-06-11 14:30:00+00:00,587.0499877929688
2026-06-11 15:30:00+00:00,588.010009765625
2026-06-11 16:30:00+00:00,594.3800048828125
2026-06-11 17:30:00+00:00,598.4450073242188
2026-06-11 18:30:00+00:00,607.4299926757812
2026-06-11 19:30:00+00:00,609.4099731445312
2026-06-12 13:30:00+00:00,615.5499877929688
2026-06-12 14:30:00+00:00,623.4600219726562
2026-06-12 15:30:00+00:00,620.2000122070312
2026-06-12 16:30:00+00:00,623.3800048828125
2026-06-12 17:30:00+00:00,621.6500244140625
2026-06-12 18:30:00+00:00,620.22998046875
2026-06-12 19:30:00+00:00,619.5
2026-06-15 13:30:00+00:00,642.905029296875
2026-06-15 14:30:00+00:00,644.780029296875
2026-06-15 15:30:00+00:00,646.9600219726562
2026-06-15 16:30:00+00:00,647.47998046875
2026-06-15 17:30:00+00:00,647.02001953125
2026-06-15 18:30:00+00:00,646.530029296875
2026-06-15 19:30:00+00:00,647.469970703125
2026-06-16 13:30:00+00:00,638.7100219726562
2026-06-16 14:30:00+00:00,629.0999755859375
2026-06-16 15:30:00+00:00,630.7000122070312
2026-06-16 16:30:00+00:00,628.0015869140625
2026-06-16 17:30:00+00:00,627.9000244140625
2026-06-16 18:30:00+00:00,625.2650146484375
2026-06-16 19:30:00+00:00,616.0999755859375
2026-06-17 13:30:00+00:00,636.3300170898438
2026-06-17 14:30:00+00:00,634.4949951171875
2026-06-17 15:30:00+00:00,635.9199829101562
2026-06-17 16:30:00+00:00,636.5499877929688
2026-06-17 17:30:00+00:00,631.39501953125
2026-06-17 18:30:00+00:00,630.9949951171875
2026-06-17 19:30:00+00:00,624.1099853515625
2026-06-18 13:30:00+00:00,653.8800048828125
2026-06-18 14:30:00+00:00,656.2949829101562
2026-06-18 15:30:00+00:00,659.0999755859375
2026-06-18 16:30:00+00:00,659.3400268554688
2026-06-18 17:30:00+00:00,660.0700073242188
2026-06-18 18:30:00+00:00,660.1400146484375
2026-06-18 19:30:00+00:00,659.0
2026-06-22 13:30:00+00:00,667.2691040039062
2026-06-22 14:30:00+00:00,664.239990234375
2026-06-22 15:30:00+00:00,665.02001953125
2026-06-22 16:30:00+00:00,664.9600219726562
2026-06-22 17:30:00+00:00,664.6799926757812
2026-06-22 18:30:00+00:00,662.39501953125
2026-06-22 19:30:00+00:00,668.5900268554688
2026-06-23 13:30:00+00:00,632.0999755859375
2026-06-23 14:30:00+00:00,622.75
2026-06-23 15:30:00+00:00,627.5650024414062
2026-06-23 16:30:00+00:00,627.5800170898438
2026-06-23 17:30:00+00:00,623.3800048828125
2026-06-23 18:30:00+00:00,623.47998046875
2026-06-23 19:30:00+00:00,621.4149780273438
2026-06-24 13:30:00+00:00,618.719970703125
2026-06-24 14:30:00+00:00,620.5800170898438
2026-06-24 15:30:00+00:00,622.3099975585938
2026-06-24 16:30:00+00:00,611.0700073242188
2026-06-24 17:30:00+00:00,615.8800048828125
2026-06-24 18:30:00+00:00,611.5900268554688
2026-06-24 19:30:00+00:00,619.1199951171875
2026-06-25 13:30:00+00:00,624.8350219726562
2026-06-25 14:30:00+00:00,627.7999877929688
2026-06-25 15:30:00+00:00,638.489990234375
2026-06-25 16:30:00+00:00,638.0999755859375
2026-06-25 17:30:00+00:00,638.0499877929688
2026-06-25 18:30:00+00:00,633.0650024414062
2026-06-25 19:30:00+00:00,636.4199829101562
2026-06-26 13:30:00+00:00,618.7100219726562
2026-06-26 14:30:00+00:00,615.4000244140625
2026-06-26 15:30:00+00:00,616.198974609375
2026-06-26 16:30:00+00:00,619.1699829101562
2026-06-26 17:30:00+00:00,612.8038940429688
2026-06-26 18:30:00+00:00,613.4500122070312
2026-06-26 19:30:00+00:00,609.3800048828125
2026-06-29 13:30:00+00:00,608.5999755859375
2026-06-29 14:30:00+00:00,619.6099853515625
2026-06-29 15:30:00+00:00,626.0750122070312
2026-06-29 16:30:00+00:00,631.1500244140625
2026-06-29 17:30:00+00:00,630.3400268554688
2026-06-29 18:30:00+00:00,631.4000244140625
2026-06-29 19:30:00+00:00,631.9400024414062
2026-06-30 13:30:00+00:00,652.50341796875
2026-06-30 14:30:00+00:00,650.6815795898438
2026-06-30 15:30:00+00:00,651.989990234375
2026-06-30 16:30:00+00:00,654.27001953125
2026-06-30 17:30:00+00:00,655.3599853515625
2026-06-30 18:30:00+00:00,657.3300170898438
2026-06-30 19:30:00+00:00,656.1699829101562
2026-07-01 13:30:00+00:00,634.3200073242188
2026-07-01 14:30:00+00:00,629.0750122070312
2026-07-01 15:30:00+00:00,626.5
2026-07-01 16:30:00+00:00,623.9400024414062
2026-07-01 17:30:00+00:00,621.6300048828125
2026-07-01 18:30:00+00:00,625.7700805664062
2026-07-01 19:30:00+00:00,620.25
2026-07-02 13:30:00+00:00,610.6395874023438
2026-07-02 14:30:00+00:00,599.27001953125
2026-07-02 15:30:00+00:00,591.9600219726562
2026-07-02 16:30:00+00:00,587.1500244140625
2026-07-02 17:30:00+00:00,589.280029296875
2026-07-02 18:30:00+00:00,586.4299926757812
2026-07-02 19:30:00+00:00,591.5800170898438
