tree
version=v4
num_class=1
num_tree_per_iteration=1
label_index=0
max_feature_idx=36
objective=binary sigmoid:1
feature_names=ema5_d_atr ema10_d_atr ema20_d_atr ema50_d_atr ema200_d_atr ema_stack rsi14 adx14 adx_bucket chan_z vwap_z atr_pctl range_atr_5 5m_stretch 5m_rsi 15m_stretch 15m_rsi body_ratio_3 consec_dir upper_wick_atr lower_wick_atr utc_hour dow day_pos_atr pd_high_d_atr pd_low_d_atr gap_atr pd_range_pos round100_d_atr meta_z meta_touches meta_dist_atr meta_pierce_atr meta_kind meta_or_width meta_stretch is_buy
feature_infos=[-3.8431700489042107:5.5209199736068468] [-5.1020000399261116:6.8084716149782585] [-5.8466221104720901:7.5561954883123317] [-7.8418993128225054:10.343026107551918] [-13.604273276589774:16.407013713598761] [-3:3] [9.1203307631824089:93.281007892960432] [8.2229343091885276:75.268265969914054] [0:3] [-5.6559718065746489:6.643984954853881] [-7.729242834279674:7.94831758580652] [0.29083333333333333:1] [1.1173335128982138:10.174914039855725] [-8.2389373408531128:10.384167188544941] [8.5615977208080238:91.033195708813636] [-8.9841848416910643:9.5282938910215442] [12.045600442625457:91.059988269140206] [0.17899411340106711:0.92887811349273219] [-11:11] [0:1.9314620973814611] [0:2.0831981760704141] [13:19] [0:4] [-49.857981429802443:70.829344050163442] [-64.095941634197899:90.860272419448108] [-60.477350517402506:128.4192776971243] [-46.29578721632739:29.382234450233316] [-3.2648526192536789:2.1262604996062642] [0.0051045525212862104:12.098480074909631] [-5.6559718065746489:6.643984954853881] none none none none none none [0:1]
tree_sizes=1025 1066 971 1071 1274 1070 864 1062 1177 1066 974 1174 764 971 1174 973 1174 966 967 1170 969 1282 771 1174 1183 1072 966 1073 1068 1287 763 1283 1068 1182 1070 970 1062 766 1174 1178 867 1177 1173 1072 866 969 1177 973 969 1067 1068 759 867 962 1067 1072 1183 1076 1176 973 1076 967 1074 865 1174 970 762 970 1177 870 867 1173 968 974 973 968 961 763 1078 760 1171 763 1076 1071 1178 1170 1072 1067 872 1072 868 1071 1178 866 1070 1179 971 861 762 861 1067 969 967 761 867 970 1073 964 1065 869 1070 866 1072 1174 971 1066 975 1073 1174 968 765 1071 872 1283 1176 868 1286 966 1074 1078 1075 969 1081 971 1173 1067 1078 766 868 770 1068 963 758 968 868 868 1190 863 760 1173 1069 1068 973 872 1176 754 975 1073 970 763 882 1073 974 870 867 1178 1179 866 967 1077 971 1072 980 973 868 976 867 870 1070 867 1181 865 762 1183 970 972 977 1175 1070 1080 873 1179 1073 1282 1078 973 764 973 1069 1070

Tree=0
num_leaves=9
num_cat=0
split_feature=25 24 10 21 20 12 28 25
split_gain=8.86677 21.2062 6.81658 6.5435 7.33475 7.14793 4.36768 3.9914
threshold=30.408847803241233 -2.8664531620544644 0.23726180817671919 16.500000000000004 0.096259909373976368 3.5953349436949806 1.2114962316431515 8.3809034409051097
decision_type=8 8 2 2 2 2 2 10
left_child=3 -2 -3 5 -5 6 7 -1
right_child=1 2 -4 4 -6 -7 -8 -9
leaf_value=1.37007326947108 1.3892356594107254 1.3400567697211474 1.2784410872657028 1.3656664149371565 1.4176209104949926 1.324535772620536 1.3535954655616265 1.4154977700515234
leaf_weight=11.345961242914202 14.425579294562338 8.5905135124921816 9.4009393155574781 12.156387045979502 15.398090258240698 9.2388541549444181 14.911834776401518 8.4284283518791181
leaf_count=70 89 53 58 75 95 57 92 52
internal_value=1.36459 1.34407 1.30786 1.3756 1.3947 1.36362 1.37403 1.38943
internal_weight=0 32.417 17.9915 71.4796 27.5545 43.9251 34.6862 19.7744
internal_count=641 200 111 441 170 271 214 122
is_linear=0
shrinkage=1


Tree=1
num_leaves=9
num_cat=0
split_feature=25 25 10 10 19 17 6 25
split_gain=8.66776 6.3346 3.9565 6.1332 6.86957 2.23554 2.20481 1.59514
threshold=57.882426218484781 -4.9504735506325366 -0.46121036087808837 1.2524661698510495 0.10328970957560239 0.55703084922038404 33.787239477653799 11.825269229179545
decision_type=8 10 2 2 2 2 2 10
left_child=1 -1 6 4 -4 -5 -3 -8
right_child=-2 2 3 5 -6 -7 7 -9
leaf_value=-0.023584946079871133 -0.042702274367348719 0.0084778728875512434 0.013503380046383663 0.0079581008229178789 -0.034704410285116123 0.044798948958134133 0.019151533707986307 0.048640581832889329
leaf_weight=15.648689791560171 10.417155355215071 11.975117564201357 14.219178423285486 8.1763388216495532 15.386175081133841 8.2956776618957502 8.0483713895082492 10.659254789352415
leaf_count=97 64 74 88 50 95 51 50 66
internal_value=0 0.00540864 0.0113194 0.00205621 -0.0115507 0.026512 0.0252303 0.0359538
internal_weight=0 92.4088 76.7601 46.0774 29.6054 16.472 30.6827 18.7076
internal_count=635 571 474 284 183 101 190 116
is_linear=0
shrinkage=0.05


Tree=2
num_leaves=8
num_cat=0
split_feature=11 20 26 19 2 24 24
split_gain=10.8335 6.87417 11.6118 5.91882 4.63576 4.01024 6.49169
threshold=0.59791666666666676 0.21535040213765552 0.010240224692489084 0.33891627089140025 -0.56657784848560244 2.1889947478838923 18.382401030396405
decision_type=2 2 10 2 2 10 8
left_child=-1 3 4 5 -3 -2 -7
right_child=1 2 -4 -5 -6 6 -8
leaf_value=-0.051594591988612507 0.050321797304147813 0.032880098851859094 -0.049529519173563422 -0.014281649400629988 -0.014751929550658722 -0.0074678593134245783 0.03429893504604601
leaf_weight=8.2709415405988675 12.101203337311743 11.752114519476889 12.039615407586096 11.673848897218702 9.0354616343975085 15.669049948453909 22.899535924196236
leaf_count=50 75 73 75 72 56 97 142
internal_value=0 0.00806394 -0.0104546 0.0178149 0.0121765 0.0252097 0.0173306
internal_weight=0 95.1708 32.8272 62.3436 20.7876 50.6698 38.5686
internal_count=640 590 204 386 129 314 239
is_linear=0
shrinkage=0.05


Tree=3
num_leaves=9
num_cat=0
split_feature=11 19 29 20 26 7 19 2
split_gain=9.28998 7.65552 9.94256 4.66174 4.48117 3.00466 5.72667 1.85865
threshold=0.59791666666666676 0.20458399938076904 2.1444649073475444 0.46556370061974178 0.0058522145267798234 25.062657329918178 0.11445944198936205 0.048212504083448515
decision_type=2 2 2 2 8 2 2 2
left_child=-1 3 4 5 -3 6 -2 -7
right_child=1 2 -4 -5 -6 7 -8 -9
leaf_value=-0.051338576701990823 -0.0035348201512272106 0.024527165876863155 -0.052822895427722484 -0.02194802848497444 -0.020756398028990101 0.018812601286807097 0.044529183644186399 0.048050896585707208
leaf_weight=8.6756363213062269 24.240286156535149 11.838285997509956 12.088757231831549 8.2592191249132139 10.145079955458641 11.41051857173443 8.3259016871452314 10.379945233464239
leaf_count=51 152 74 74 51 62 71 52 65
internal_value=0 0.00267288 -0.0163999 0.0130512 0.0036293 0.0183692 0.00875327 0.0327403
internal_weight=0 96.688 34.0721 62.6159 21.9834 54.3567 32.5662 21.7905
internal_count=652 601 210 391 136 340 204 136
is_linear=0
shrinkage=0.05


Tree=4
num_leaves=11
num_cat=0
split_feature=26 6 6 19 4 28 28 27 24 7
split_gain=8.13471 12.4079 7.5742 6.53921 6.71748 5.95276 4.88822 4.13823 4.03173 1.03441
threshold=0.024100251415709668 40.583597900948639 42.495160518591739 0.13357911121475971 3.8266158484590975 2.6619413053303806 1.1170076500004968 -0.039294479077249145 15.523010990136783 21.66380821944222
decision_type=8 2 2 2 2 2 2 10 8 2
left_child=2 -2 7 8 6 -3 -5 -1 -4 -9
right_child=1 5 3 4 -6 -7 -8 9 -10 -11
leaf_value=0.0058322494696523867 -0.06488146211611355 0.029856046465044486 0.043047767738743498 -0.0081068636402540067 0.020283840876126186 -0.024525490659721677 -0.061989735720268592 0.062320605742845349 0.0025683022329098535 0.036990070213312742
leaf_weight=7.9529598951339748 9.7546824216842669 10.506165161728861 10.401809841394423 8.4502557516098076 8.1804817765951139 9.6581694483757001 8.3863987326621992 8.2221886217594164 15.052947267889978 7.9054984450340262
leaf_count=50 59 64 66 52 50 58 51 52 95 50
internal_value=0 -0.0185867 0.0122761 0.00126786 -0.0168862 0.00380876 -0.0349461 0.0353487 0.0191098 0.049904
internal_weight=0 29.919 74.5525 50.4719 25.0171 20.1643 16.8367 24.0806 25.4548 16.1277
internal_count=647 181 466 314 153 122 103 152 161 102
is_linear=0
shrinkage=0.05


Tree=5
num_leaves=9
num_cat=0
split_feature=29 13 26 24 1 25 7 17
split_gain=7.14564 11.0774 7.97826 7.42384 6.96982 5.08541 4.04313 5.04556
threshold=2.1381083513854899 0.2408201267717314 0.016465188148862366 6.8665174467412662 -1.1484165290311881 -3.4128286053864967 17.708998836011308 0.51612521725881433
decision_type=2 2 8 8 2 10 2 2
left_child=2 -2 5 -3 -4 -1 -7 -8
right_child=1 3 4 -5 -6 6 7 -9
leaf_value=-0.014153577056396506 0.015762026733264708 -0.010535047344224271 -0.042884244304907317 -0.070076879692493307 0.012269097697898509 0.056413107192961588 0.044034828135937121 0.00011327909245836235
leaf_weight=9.1250510513782483 12.760041266679762 9.5338055193424243 12.179870322346689 11.610537767410277 10.814033195376394 9.1174960136413556 10.999621346592905 16.123197421431541
leaf_count=57 79 59 72 70 66 59 70 103
internal_value=0 -0.0210281 0.00704719 -0.04323 -0.0169456 0.0192082 0.0276085 0.0179256
internal_weight=0 33.9044 68.3593 21.1443 22.9939 45.3654 36.2403 27.1228
internal_count=635 208 427 129 138 289 232 173
is_linear=0
shrinkage=0.05


Tree=6
num_leaves=7
num_cat=0
split_feature=25 27 21 11 18 2
split_gain=8.22941 7.25554 5.62642 7.95728 5.68017 1.10568
threshold=49.948942673322669 1.0220506848178907 13.500000000000002 0.77708333333333346 -1.4999999999999998 -0.23235607024580959
decision_type=8 10 2 2 2 2
left_child=1 2 -1 5 -5 -4
right_child=-2 -3 3 4 -6 -7
leaf_value=-0.032372284850884711 -0.038609489341106348 0.045146838381783003 0.01837606728104365 0.014192075874891855 -0.021096641060433567 0.042575270343864373
leaf_weight=13.048468947410582 14.154231250286101 8.944232374429701 9.0604086369276065 18.708257302641861 29.20408774912358 9.8539313375949842
leaf_count=79 84 58 57 119 181 61
internal_value=0 0.00244118 -0.0023409 0.00352298 -0.00731751 0.0309833
internal_weight=0 88.8194 79.8752 66.8267 47.9123 18.9143
internal_count=639 555 497 418 300 118
is_linear=0
shrinkage=0.05


Tree=7
num_leaves=9
num_cat=0
split_feature=11 19 7 17 14 6 18 11
split_gain=6.69643 6.16707 5.31185 5.00765 6.37689 7.85765 7.71832 2.382
threshold=0.59791666666666676 0.29779098544744081 21.395551969530139 0.65127427600634091 50.970571334651858 51.048611711342808 1.5000000000000002 0.8320833333333334
decision_type=2 2 2 2 2 2 2 2
left_child=-1 3 -3 4 5 -2 -6 -5
right_child=1 2 -4 7 6 -7 -8 -9
leaf_value=-0.038336631865144154 -0.029494334486208168 -0.04904818080721899 0.0018786007013854558 0.05195832637924698 0.045612247039355416 0.025835538799216774 -0.012452446991455654 0.016935552079081904
leaf_weight=9.6469236910343152 19.557404920458797 8.4404428899288195 13.016631796956061 9.5114969611167925 14.950380548834802 9.5500714331865293 9.2730201184749586 9.9165994524955732
leaf_count=54 123 51 79 60 95 60 57 63
internal_value=0 0.00540201 -0.0181542 0.0123489 0.00443172 -0.0113408 0.0233844 0.0340818
internal_weight=0 94.216 21.4571 72.759 53.3309 29.1075 24.2234 19.4281
internal_count=642 588 130 458 335 183 152 123
is_linear=0
shrinkage=0.05


Tree=8
num_leaves=10
num_cat=0
split_feature=11 17 19 21 28 26 14 20 3
split_gain=9.15589 7.45625 5.35323 5.75748 6.0185 5.10476 8.6945 3.09788 2.38051
threshold=0.60708333333333342 0.65127427600634091 0.1518949484043832 16.500000000000004 1.2114962316431515 -0.0022284915657814802 51.609338487520525 0.10700203473975806 0.58914975329358843
decision_type=2 2 2 2 2 8 2 2 2
left_child=-1 2 5 4 -4 7 -7 -2 -3
right_child=1 8 3 -5 -6 6 -8 -9 -10
leaf_value=-0.045852530435827168 0.0035660792735259235 0.043479870274908849 -0.0049209797287032824 0.0085420543800018203 -0.05754463035589822 -0.046170191098305481 0.026395187758665624 0.044450083112934552 0.00974863378354816
leaf_weight=9.8392457067966443 7.7152183055877712 13.407063543796541 10.289582312107088 13.821429386734961 11.512342333793638 8.2233110815286654 8.2884214967489225 11.599385112524031 8.5765064358711225
leaf_count=54 50 86 63 86 68 50 52 76 55
internal_value=0 0.00485599 -0.00297882 -0.0167038 -0.0327085 0.0106684 -0.00974443 0.028119 0.0303202
internal_weight=0 93.4333 71.4497 35.6234 21.8019 35.8263 16.5117 19.3146 21.9836
internal_count=640 586 445 217 131 228 102 126 141
is_linear=0
shrinkage=0.05


Tree=9
num_leaves=9
num_cat=0
split_feature=21 11 10 22 11 11 7 11
split_gain=8.61867 6.95105 11.5083 4.85542 5.85809 11.3982 3.82273 2.02189
threshold=14.500000000000002 0.9654166666666667 -0.077393820133614163 1.5000000000000002 0.89125000000000021 0.79458333333333353 22.231661098189459 0.82250000000000012
decision_type=2 2 2 2 2 2 2 2
left_child=1 2 -1 7 5 6 -5 -2
right_child=3 -3 -4 4 -6 -7 -8 -9
leaf_value=0.00022646254959754871 0.03955997224204378 0.016226976481264106 -0.067224339716945192 -0.013177180622376859 0.024236338767308085 -0.050159800342816099 0.034284164757134965 0.011394651541023652
leaf_weight=11.850764155387878 12.736320316791536 8.6051449924707395 13.55932030081749 7.9262514263391557 14.434395596385 12.828123852610586 9.1290304660797101 12.751299902796744
leaf_count=72 79 54 76 50 92 80 60 81
internal_value=0 -0.0226133 -0.0357666 0.00808048 -0.00191985 -0.0145539 0.012227 0.025469
internal_weight=0 34.0152 25.4101 69.8054 44.3178 29.8834 17.0553 25.4876
internal_count=644 202 148 442 282 190 110 160
is_linear=0
shrinkage=0.05


Tree=10
num_leaves=8
num_cat=0
split_feature=11 21 19 2 10 2 23
split_gain=7.73819 6.16479 4.72333 5.21244 3.99743 3.18287 3.50268
threshold=0.98541666666666672 14.500000000000002 0.20458399938076904 0.96100782500534709 -0.077393820133614163 -1.7121358185624802 -8.9908924937540267
decision_type=2 2 2 2 2 2 2
left_child=1 4 5 -4 -1 -3 -7
right_child=-2 2 3 -5 -6 6 -8
leaf_value=-0.0044279878850022221 0.041995032214022093 -0.012160283904910172 0.0038999938610807211 -0.045108828930447778 -0.04228785581680243 -0.0062084286600472645 0.030667463396711694
leaf_weight=13.226624876260759 9.7866572439670545 9.3597870618104917 14.437252312898638 8.6916747838258726 14.744020000100134 8.7686201184987969 24.244093567132953
leaf_count=80 62 59 90 51 81 56 161
internal_value=0 -0.00473487 0.00365613 -0.0145171 -0.0243849 0.013576 0.0208727
internal_weight=0 93.4721 65.5014 23.1289 27.9706 42.3725 33.0127
internal_count=640 578 417 141 161 276 217
is_linear=0
shrinkage=0.05


Tree=11
num_leaves=10
num_cat=0
split_feature=25 24 18 0 13 17 1 21 9
split_gain=4.98175 8.73476 5.08199 8.79722 5.17088 3.19312 2.86551 2.58223 2.40509
threshold=30.408847803241233 -2.8664531620544644 -1.4999999999999998 0.86700007564524617 1.6501816037093791 0.52379057844572852 -1.5708553914904992 16.500000000000004 -2.1886255125019005
decision_type=8 8 2 2 2 2 2 2 2
left_child=2 -2 6 7 -5 -3 -1 -4 -8
right_child=1 5 3 4 -6 -7 8 -9 -10
leaf_value=0.0099857504518673749 0.018928758833890474 -0.0098231590293462404 -0.037337741407789497 0.042921838922347556 -0.0059471543295592233 -0.049839665230711601 0.061851468296527913 -0.0017019240219184164 0.02227307778987336
leaf_weight=12.450152888894083 13.579203620553015 8.6719015687704104 12.430137231945993 12.86379434168339 9.3455338776111585 11.725878953933714 7.7562130466103554 8.6009599119424802 7.5991818159818632
leaf_count=80 85 50 76 82 57 67 51 55 50
internal_value=0 -0.0121424 0.0111353 0.000411812 0.0223581 -0.0328271 0.0278115 -0.022764 0.0422646
internal_weight=0 33.977 71.046 43.2404 22.2093 20.3978 27.8055 21.0311 15.3554
internal_count=653 202 451 270 139 117 181 131 101
is_linear=0
shrinkage=0.05


Tree=12
num_leaves=6
num_cat=0
split_feature=21 11 11 11 0
split_gain=6.38412 5.6997 9.60674 4.74152 5.58402
threshold=18.500000000000004 0.68375000000000019 0.76041666666666685 0.98541666666666672 -1.1673714874393533
decision_type=2 2 2 2 2
left_child=1 -1 -3 4 -4
right_child=-2 2 3 -5 -6
leaf_value=-0.033383194152541651 0.029995236879003618 0.035617181622189478 -0.052157266996821133 0.021942675372538644 -0.0080570542176754811
leaf_weight=16.05003921687603 13.935407161712645 14.736856460571287 8.711570516228667 9.9905236884951574 40.776361957192428
leaf_count=89 90 93 55 65 254
internal_value=0 -0.00636575 -0.00052287 -0.00947722 -0.0158202
internal_weight=0 90.2654 74.2153 59.4785 49.4879
internal_count=646 556 467 374 309
is_linear=0
shrinkage=0.05


Tree=13
num_leaves=8
num_cat=0
split_feature=7 14 18 10 26 11 28
split_gain=5.39534 6.76118 6.65494 5.72013 5.10115 4.48754 3.67375
threshold=18.883785779605418 62.790230456342741 -1.4999999999999998 0.64058974160686877 0.015199703999299197 0.77916666666666679 0.82854724728040152
decision_type=2 2 2 2 8 2 2
left_child=2 3 -1 4 6 -4 -2
right_child=1 -3 5 -5 -6 -7 -8
leaf_value=0.010370080482328774 -0.00038781692025224472 0.043006382744565433 -0.0096210853356478755 -0.023618329119915696 -0.012835823920226747 -0.059507410640561004 0.036451154823135871
leaf_weight=14.340167820453642 10.429737210273748 12.462603867053984 8.771286681294443 15.49728364497423 14.294895291328425 9.2748412787914258 19.274122625589371
leaf_count=92 68 79 52 96 85 55 123
internal_value=0 0.00951913 -0.0150558 0.00250458 0.0117056 -0.0352603 0.0235161
internal_weight=0 71.9586 32.3863 59.496 43.9988 18.0461 29.7039
internal_count=650 451 199 372 276 107 191
is_linear=0
shrinkage=0.05


Tree=14
num_leaves=10
num_cat=0
split_feature=11 11 4 4 25 23 22 11 7
split_gain=5.91444 4.2434 6.09087 10.408 7.05896 6.25948 4.19893 3.14555 1.54051
threshold=0.59791666666666676 0.77708333333333346 -0.93581295580845125 -5.8722177829105684 13.77862913690352 6.0932183686204207 2.5000000000000004 0.69333333333333347 21.41309114652541
decision_type=2 2 2 2 10 2 2 2 2
left_child=-1 7 3 -3 -4 -6 -5 -2 -9
right_child=1 2 4 6 5 -7 -8 8 -10
leaf_value=-0.038131278364099026 -0.0022504638235369178 0.023647635001675299 0.037195336829663583 -0.022351348020466826 -0.041480707464519678 0.015743673258324375 -0.068250514211641231 0.014227196878295413 0.042833776501301379
leaf_weight=9.864899128675459 12.179494850337507 8.9537234604358691 13.753146037459372 12.347534559667112 8.5917807593941706 10.767916977405546 8.3538939058780652 8.3944265469908732 10.711446069180964
leaf_count=51 75 56 87 78 54 70 51 55 72
internal_value=0 0.00256355 -0.00493438 -0.0213928 0.00980545 -0.00965235 -0.0408736 0.0176067 0.0302651
internal_weight=0 94.0534 62.768 29.6552 33.1128 19.3597 20.7014 31.2854 19.1059
internal_count=649 598 396 185 211 124 129 202 127
is_linear=0
shrinkage=0.05


Tree=15
num_leaves=8
num_cat=0
split_feature=27 18 26 28 4 3 19
split_gain=4.88522 5.76511 5.18089 5.40792 4.94499 5.97345 3.72237
threshold=-0.45251303922315195 3.5000000000000004 -0.0075558294990208039 0.50951489387307791 2.6275680870596165 -0.20501205398485217 0.20458399938076904
decision_type=10 2 10 2 2 2 2
left_child=-1 2 3 -2 5 -4 -5
right_child=1 -3 4 6 -6 -7 -8
leaf_value=-0.035222909786098232 -0.015022688363787388 -0.030472081720330932 0.0011444159631417727 0.04826612286693438 0.021386420318884696 -0.044105084321282587 0.0093116434978325717
leaf_weight=10.04854194819927 7.7822312712669364 12.164675235748289 20.055951431393623 15.243378423154356 12.95233617722988 11.461677968502046 10.260545670986174
leaf_count=60 51 73 123 103 80 67 65
internal_value=0 0.00153609 0.00654366 0.0214615 -0.00462249 -0.015311 0.0325943
internal_weight=0 89.9208 77.7561 33.2862 44.47 31.5176 25.5039
internal_count=622 562 489 219 270 190 168
is_linear=0
shrinkage=0.05


Tree=16
num_leaves=10
num_cat=0
split_feature=28 25 3 26 21 26 20 3 20
split_gain=5.13893 8.74715 7.13278 8.4648 8.39599 10.0027 2.51191 2.07931 1.49665
threshold=1.2114962316431515 -2.5728529314031232 -0.20501205398485217 0.017437022320719805 17.500000000000004 0.023183097031412182 0.094537423384601207 -2.1433002445486378 0.31627590023023688
decision_type=2 10 2 8 2 8 2 2 2
left_child=1 -1 3 7 5 -4 -3 -2 -8
right_child=2 6 4 -5 -6 -7 8 -9 -10
leaf_value=-0.024720260625553964 0.012952094631775119 0.0077571967792811536 -0.068226900180687833 -0.027329091423972586 0.014346681452475139 -0.006227612197076314 0.051470354188265746 0.04890172095308571 0.021668871258849681
leaf_weight=11.841490387916563 8.1557905972003955 10.887885868549349 14.660340055823326 10.321971312165262 9.39010391384363 11.69548112154007 9.6584352403879183 7.9362479373812667 7.4722982421517363
leaf_count=71 53 69 88 60 61 65 64 53 50
internal_value=0 0.0113089 -0.0116909 0.00801244 -0.0262505 -0.0407145 0.0265359 0.0306817 0.0384712
internal_weight=0 39.8601 62.1599 26.414 35.7459 26.3558 28.0186 16.092 17.1307
internal_count=634 254 380 166 214 153 183 106 114
is_linear=0
shrinkage=0.05


Tree=17
num_leaves=8
num_cat=0
split_feature=11 6 27 9 9 15 28
split_gain=7.08393 5.62141 4.405 4.36096 4.82086 4.73001 3.40042
threshold=0.59000000000000008 34.048703496194257 -0.091126501334137827 2.1967837708893625 -2.3661371183325302 1.6200399059283088 0.92749298916342793
decision_type=2 2 8 2 2 2 2
left_child=-1 -2 6 4 -4 -5 -3
right_child=1 2 3 5 -6 -7 -8
leaf_value=-0.036297152171283424 -0.020142680884562027 -0.032562897669928412 -0.005232819137243795 0.022607401758518372 0.037844847984105319 -0.025717866199863434 0.012036868028874242
leaf_weight=10.418633744120596 15.630953826010225 8.3080279082059878 8.2037268653511948 11.009233981370928 31.176417030394081 9.3757745474576932 8.8011141046881658
leaf_count=53 98 50 55 68 207 55 55
internal_value=0 0.00719158 0.0127495 0.0191534 0.0288708 0.00038093 -0.00962033
internal_weight=0 92.5052 76.8743 59.7652 39.3801 20.385 17.1091
internal_count=641 588 490 385 262 123 105
is_linear=0
shrinkage=0.05


Tree=18
num_leaves=8
num_cat=0
split_feature=20 23 7 23 14 5 12
split_gain=4.55463 4.17883 7.56028 4.98659 4.67407 6.45131 3.2534
threshold=0.4472171458705137 9.407188615873137 18.883785779605418 -0.52332055768208796 58.006452131344695 1.0000000180025095e-35 2.651301309917685
decision_type=2 2 2 2 2 2 2
left_child=1 2 3 -1 5 -4 -3
right_child=-2 6 4 -5 -6 -7 -8
leaf_value=-0.0087377281684956187 -0.028223210151014672 0.045342082802461603 0.013730487520553343 -0.057829109866750453 0.042608439709983723 -0.031869969807150463 0.0055858395551112404
leaf_weight=13.149365514516832 14.092872247099875 8.6295402124524134 26.627041377127171 8.5276119858026487 7.9678973183035842 10.944138914346693 12.74766159057617
leaf_count=82 86 57 170 50 54 67 77
internal_value=0 0.00237897 -0.00374505 -0.02805 0.00782433 0.000447494 0.0216346
internal_weight=0 88.5933 67.2161 21.677 45.5391 37.5712 21.3772
internal_count=643 557 423 132 291 237 134
is_linear=0
shrinkage=0.05


Tree=19
num_leaves=10
num_cat=0
split_feature=21 25 20 6 10 28 14 28 9
split_gain=5.55538 5.13638 7.28042 4.3557 6.93947 11.9079 7.1751 3.49172 2.65884
threshold=16.500000000000004 50.945766800116694 0.061218000877939008 33.787239477653799 -0.35727861806110811 1.2381408349275433 58.922824293288393 1.1418263428375657 2.0209192148254149
decision_type=2 8 2 2 2 2 2 2 2
left_child=3 2 -2 -1 7 -6 -7 -5 -4
right_child=1 -3 8 4 5 6 -8 -9 -10
leaf_value=-0.040732977006153789 -0.011658102771044433 -0.022316238283931797 0.053332898705683952 -0.0017697889731394939 0.019718286954027182 -0.067805368070357724 -0.0114716244663003 0.04448660069165622 0.018093240855373557
leaf_weight=9.9761498272418958 10.73641401529312 8.1285243481397611 12.778092823922636 7.8221749439835575 13.817070938646792 11.129987500607969 11.485086217522619 8.5273107662796956 9.2111349329352361
leaf_count=59 68 50 88 51 87 62 64 56 62
internal_value=0 0.0132566 0.0220923 -0.0104342 -0.00470749 -0.0168526 -0.0391962 0.0223559 0.0385713
internal_weight=0 40.8542 32.7256 62.7578 52.7816 36.4321 22.6151 16.3495 21.9892
internal_count=647 268 218 379 320 213 126 107 150
is_linear=0
shrinkage=0.05


Tree=20
num_leaves=8
num_cat=0
split_feature=3 11 19 17 23 11 12
split_gain=4.82575 5.17982 6.25863 5.54516 3.48915 5.23077 3.90111
threshold=2.9654547769588446 0.66750000000000009 0.25603462453639053 0.50374547780409829 -1.9382054011469372 0.94833333333333347 2.651301309917685
decision_type=2 2 2 2 2 2 2
left_child=1 -1 4 -4 5 -3 -6
right_child=-2 2 3 -5 6 -7 -8
leaf_value=-0.028360768855199198 0.034413958960540343 0.013704677843007249 0.011250877907223317 -0.041255990489354383 0.047608960435346931 -0.032881830168703587 0.0087232202809971252
leaf_weight=14.998076535761355 10.426407508552073 21.740800082683563 8.5312752947211283 12.246161937713621 11.474719934165483 8.335562586784361 14.728660427033899
leaf_count=80 66 144 52 72 81 52 94
internal_value=0 -0.00147691 0.00375565 -0.0196965 0.0124138 0.000793384 0.0257517
internal_weight=0 92.0553 77.0572 20.7774 56.2797 30.0764 26.2034
internal_count=641 575 495 124 371 196 175
is_linear=0
shrinkage=0.05


Tree=21
num_leaves=11
num_cat=0
split_feature=1 26 20 26 25 24 25 15 20 20
split_gain=5.99272 7.62496 8.65521 5.50764 6.06444 4.69861 4.5004 4.14006 3.37764 3.12043
threshold=1.4238549399173051 0.0058522145267798234 0.10524067456023682 2.3160485781904137 30.408847803241233 19.492751878761748 -2.5728529314031232 -0.81025568780588997 0.23997087864402769 0.047486077187955382
decision_type=2 8 2 10 8 8 8 2 2 2
left_child=1 2 9 4 7 -2 -4 -3 -8 -1
right_child=5 3 6 -5 -6 -7 8 -9 -10 -11
leaf_value=0.001977896391667133 0.041823126304248677 -0.041575422153590093 -0.0088741996397327643 0.010118383040140965 -0.067503089253559051 -0.0042209381585963787 0.06079099255279509 0.0082704241590435424 0.020076767733352437 -0.04043718228940657
leaf_weight=8.2178083807230013 13.633701600134371 8.4812296256423014 7.5952579453587532 9.0728723257780057 9.2921240553259832 9.3339157551527041 8.3382169082760864 8.1867916360497492 13.092634715139864 9.180413566529749
leaf_count=53 85 50 48 53 52 55 60 52 88 58
internal_value=0 -0.00580645 0.00748246 -0.0234164 -0.0351365 0.0231111 0.024197 -0.0170928 0.0359177 -0.020403
internal_weight=0 81.4573 46.4243 35.033 25.9601 22.9676 29.0261 16.668 21.4309 17.3982
internal_count=654 514 307 207 154 140 196 102 148 111
is_linear=0
shrinkage=0.05


Tree=22
num_leaves=6
num_cat=0
split_feature=27 26 25 24 9
split_gain=5.00391 5.55494 3.67365 4.17543 3.10581
threshold=-0.52016604731341742 -0.056778934091745885 62.648448790002803 -3.0621719180009959 2.1381083513854899
decision_type=8 8 10 8 2
left_child=-1 -2 3 -3 -5
right_child=1 2 -4 4 -6
leaf_value=-0.035889252925276706 0.030479343739982324 0.034981696226793944 -0.035052873604869243 0.0037024151512273021 -0.019742360408425832
leaf_weight=9.8999859094619733 14.044547267258165 7.6343875229358673 8.3280792534351331 42.126601219177246 21.252670250833035
leaf_count=58 93 53 47 272 126
internal_value=0 0.00149488 -0.00363575 4.86683e-05 -0.00415921
internal_weight=0 93.3863 79.3417 71.0137 63.3793
internal_count=649 591 498 451 398
is_linear=0
shrinkage=0.05


Tree=23
num_leaves=10
num_cat=0
split_feature=27 25 27 6 25 4 22 25 7
split_gain=4.29912 5.70558 8.34028 5.75434 7.85126 4.61297 2.94795 5.34235 1.47063
threshold=-0.52016604731341742 14.904312102548207 0.72598951261325795 60.629231857452787 49.948942673322669 -0.26679636811477264 1.5000000000000002 1.8486963981314446 22.984371192928325
decision_type=8 8 8 2 10 2 2 8 2
left_child=-1 5 -3 4 -4 6 -2 -8 -7
right_child=1 2 3 -5 -6 8 7 -9 -10
leaf_value=-0.034246067493774589 0.024324895524068753 -0.042365760606877113 0.0087529307167017022 0.031089098023736123 -0.048138489968711978 0.022703829374102948 -0.035981353755567623 0.019842851473222314 0.05424895353579974
leaf_weight=9.0716401636600477 10.459281057119371 13.93043999373913 18.25621131807566 12.253316178917883 9.0808631852269155 7.6230504214763624 8.9819051995873433 8.1969737783074397 7.1696242913603783
leaf_count=53 67 83 118 77 51 51 54 53 51
internal_value=0 0.0017648 -0.00909128 0.00261682 -0.0101453 0.0154583 0.00339716 -0.0093446 0.0379929
internal_weight=0 95.9517 53.5208 39.5904 27.3371 42.4308 27.6382 17.1789 14.7927
internal_count=658 605 329 246 169 276 174 107 102
is_linear=0
shrinkage=0.05


Tree=24
num_leaves=10
num_cat=0
split_feature=21 26 7 10 28 4 9 28 26
split_gain=4.77311 6.19282 5.37385 5.48633 9.70007 4.9406 4.18454 3.89439 3.74238
threshold=16.500000000000004 -0.015974192840421293 34.13456093340033 -0.077393820133614163 1.2381408349275433 -4.0431942731448851 -2.2311504203631571 0.95578651976624263 0.020041096149057729
decision_type=2 10 2 2 2 2 2 2 8
left_child=2 -2 3 5 -5 -1 -7 -3 -9
right_child=1 7 -4 4 -6 6 -8 8 -10
leaf_value=-0.027819222283923237 0.042476341638683822 -0.027671466856961979 0.026930349334068512 0.0098644739854585328 -0.051336440397674057 -0.0062009997429391776 0.044685550301763854 0.040943118324622066 -0.0057927219184679794
leaf_weight=8.1893843561410922 13.577541224658487 8.2120075672864932 9.7582069188356382 10.277768783271314 17.49557688832283 7.8922398313879993 8.2769201248884183 7.4445837140083313 10.087355211377146
leaf_count=50 97 51 63 65 94 50 54 52 62
internal_value=0 0.0151535 -0.00712371 -0.0134981 -0.0286885 0.00382193 0.0198476 0.000743201 0.0140527
internal_weight=0 39.3215 61.8901 52.1319 27.7733 24.3585 16.1692 25.7439 17.5319
internal_count=638 262 376 313 159 154 104 165 114
is_linear=0
shrinkage=0.05


Tree=25
num_leaves=9
num_cat=0
split_feature=4 13 10 28 4 23 24 25
split_gain=6.07495 10.5644 5.46434 7.15649 7.21423 6.17039 5.02073 3.44595
threshold=-4.3578221797386805 -2.0990051859468872 -0.2319390588719876 1.2146617269070801 5.6892051028232062 2.2692836905482667 16.881740964742658 -3.071923038898825
decision_type=2 2 2 2 2 2 10 8
left_child=7 -2 6 5 -5 -4 -3 -1
right_child=1 2 3 4 -6 -7 -8 -9
leaf_value=0.0054190155365658656 -0.053623848057991856 0.0040241931597487469 -0.0026274288712423489 -0.029863741697550052 0.022567647844780866 0.053936275655690348 0.056161570713235978 0.048168033972927744
leaf_weight=8.5246547609567624 8.9262424781918508 10.320793420076372 12.040999285876753 27.269347697496414 8.6391166001558286 8.0413458347320539 8.3559660986065847 10.545891717076303
leaf_count=51 55 70 76 157 56 60 56 69
internal_value=0 -0.00221499 0.00393076 -0.00388129 -0.0172494 0.0200217 0.0273504 0.029059
internal_weight=0 83.5938 74.6676 55.9908 35.9085 20.0823 18.6768 19.0705
internal_count=650 530 475 349 213 136 126 120
is_linear=0
shrinkage=0.05


Tree=26
num_leaves=8
num_cat=0
split_feature=11 25 24 0 24 4 11
split_gain=3.0868 3.26388 4.89123 3.89919 5.57372 5.79824 1.90627
threshold=0.66750000000000009 -2.5728529314031232 27.924603496288182 1.2845343104289644 16.790622764382089 2.5569114890571796 0.82791666666666675
decision_type=2 10 10 2 10 2 2
left_child=-1 2 -2 4 5 -3 -6
right_child=1 3 -4 -5 6 -7 -8
leaf_value=-0.019363027518075906 -0.042058257363670262 -0.010095696296157065 0.0080090401593290762 -0.022676173923421142 0.022810039707805155 0.029766713955328823 0.05499279104179066
leaf_weight=15.735870897769926 8.4008455723524111 25.851644739508629 11.632935360074041 8.0155006274580938 10.377461172640325 14.096826918423174 8.2665957659482938
leaf_count=83 49 165 72 49 73 100 58
internal_value=0 0.0047093 -0.0129859 0.0100315 0.0145059 0.00397076 0.0370796
internal_weight=0 86.6418 20.0338 66.608 58.5925 39.9485 18.6441
internal_count=649 566 121 445 396 265 131
is_linear=0
shrinkage=0.05


Tree=27
num_leaves=9
num_cat=0
split_feature=0 25 16 3 27 13 3 12
split_gain=6.26089 7.15065 8.24123 7.57678 5.8504 4.93037 3.82361 2.71895
threshold=0.86700007564524617 49.948942673322669 53.860050916547927 -0.12109336368139823 -0.017910242693274989 0.35162295474413058 2.1845998598382335 2.7259011557313859
decision_type=2 10 2 2 10 2 2 2
left_child=1 2 3 4 -1 -2 -7 -4
right_child=5 -3 7 -5 -6 6 -8 -9
leaf_value=-0.025883818469051606 0.051369927858797543 -0.049301989100545056 0.04277590052522659 -0.053646816099018259 0.017056828230108748 -0.013958552360360383 0.026716240896230471 0.0038241005184890802
leaf_weight=14.391077369451517 8.7055794671177882 8.9139649271965009 10.731912791728975 9.2201279699802381 17.673341877758507 11.090994969010355 12.060867190361021 7.6905521154403678
leaf_count=86 56 49 79 55 117 64 77 52
internal_value=0 -0.0075294 -0.00129296 -0.0137019 -0.00221569 0.0192926 0.00723081 0.0265153
internal_weight=0 68.621 59.707 41.2845 32.0644 31.8574 23.1519 18.4225
internal_count=635 438 389 258 203 197 141 131
is_linear=0
shrinkage=0.05


Tree=28
num_leaves=9
num_cat=0
split_feature=3 25 23 12 15 0 18 13
split_gain=5.02863 6.96523 4.65974 5.88051 4.32005 3.81475 2.15319 1.60246
threshold=0.58169100272657104 41.075555015486877 2.2692836905482667 2.6274121544150879 -4.2430564926594174 1.0307217016716108 -2.4999999999999996 -2.0851687590204753
decision_type=2 8 2 2 2 2 2 2
left_child=1 4 5 -4 -1 -2 -6 -8
right_child=2 -3 3 -5 6 -7 7 -9
leaf_value=-0.011614393066361356 -0.054300942593440253 -0.022899768604454186 0.03666407355255847 -0.016760358437414323 0.042557823060981881 -0.0081725815458571216 -0.0011056546664650108 0.026305965356628186
leaf_weight=9.3156582117080671 9.163648724555971 12.629550337791441 8.0486194193363207 14.30625060200691 13.344080403447146 8.7727919295430166 7.8053021654486612 16.822955153882514
leaf_count=57 56 70 59 84 93 51 50 116
internal_value=0 0.0100872 -0.0127564 0.00247451 0.0188973 -0.0317394 0.0263826 0.0176185
internal_weight=0 59.9175 40.2913 22.3549 47.288 17.9364 37.9723 24.6283
internal_count=636 386 250 143 316 107 259 166
is_linear=0
shrinkage=0.05


Tree=29
num_leaves=11
num_cat=0
split_feature=21 27 27 20 25 23 28 28 27 17
split_gain=5.24105 5.65299 7.82404 5.10578 6.06067 4.88984 4.24783 5.09182 3.579 0.615193
threshold=16.500000000000004 0.95567310695715901 0.30295597567403576 0.087228536772247775 27.017003325757678 -2.0540373141010195 0.97360308331650702 2.3912574802019306 -0.017910242693274989 0.55119461921502844
decision_type=2 10 8 2 8 2 2 2 10 2
left_child=1 2 8 5 9 -2 -4 -8 -1 -5
right_child=3 -3 6 4 -6 -7 7 -9 -10 -11
leaf_value=-0.011739038857901658 -0.033789054232250218 0.022472539419333824 -0.0059541579655985159 0.039172588367371072 -0.0046670657970564996 0.022022385468189205 -0.075930406121575186 -0.022729647995318847 0.02779682433765256 0.05998762084997853
leaf_weight=13.671382918953897 8.2099011614918691 11.638711877167223 8.6496829837560671 6.9957215487957018 8.0054695755243284 7.5186225324869147 8.750760845839979 9.2535321190953237 9.8474043980240804 7.2063857838511467
leaf_count=80 51 72 57 51 51 51 50 51 64 55
internal_value=0 -0.00892214 -0.0162049 0.0146864 0.0301236 -0.00710981 -0.034752 -0.0485872 0.00481478 0.0497345
internal_weight=0 61.8115 50.1728 37.9361 22.2076 15.7285 26.654 18.0043 23.5188 14.2021
internal_count=633 374 302 259 157 102 158 101 144 106
is_linear=0
shrinkage=0.05


Tree=30
num_leaves=6
num_cat=0
split_feature=29 6 28 6 24
split_gain=3.86527 4.06142 3.90234 4.51331 3.82125
threshold=-2.5860429192777423 34.048703496194257 4.2217466039260652 41.279401607180354 33.272526296106825
decision_type=2 2 2 2 10
left_child=-1 -2 3 -3 -5
right_child=1 2 -4 4 -6
leaf_value=0.025942010305343339 -0.033132084141493136 0.035242600686281184 -0.028929024159341305 -0.0080930855236251622 0.027059675356119403
leaf_weight=10.806576602160929 11.731694914400576 9.3716413006186468 11.105803936719893 46.553300000727177 9.2702915370464307
leaf_count=72 71 65 60 302 58
internal_value=0 -0.00574336 -0.00153219 0.00313477 -0.00225548
internal_weight=0 88.0327 76.301 65.1952 55.8236
internal_count=628 556 485 425 360
is_linear=0
shrinkage=0.05


Tree=31
num_leaves=11
num_cat=0
split_feature=17 17 17 13 9 3 13 26 17 24
split_gain=6.23844 4.90045 7.72736 4.2314 3.91959 3.43472 3.97328 2.92475 1.38124 0.83358
threshold=0.65127427600634091 0.50374547780409829 0.53757002479815819 1.6219282914128006 -2.1147910300864763 0.85783335923114235 -1.127266026293323 0.013990510143026692 0.42526493708864926 18.649960404491754
decision_type=2 2 2 2 2 2 2 10 2 8
left_child=1 3 -3 4 -1 6 -4 9 -6 -2
right_child=7 2 5 -5 8 -7 -8 -9 -10 -11
leaf_value=-0.0051268339425796852 0.025060799395474981 -0.058396076474946018 -0.013299281619562299 -0.020469432785713771 0.020216137679847233 -0.02530041578587984 0.030850639050884806 -0.00029406756501008284 0.050091509936425763 0.048911257909326794
leaf_weight=10.062934033572674 6.8816507533192643 8.7784122675657255 11.012783817946909 9.1450922638177854 7.8400680720806122 13.568505600094793 9.4850755482912081 7.6881725266575804 7.6379699185490608 7.8338878452777871
leaf_count=63 49 51 68 55 49 82 64 47 51 54
internal_value=0 -0.0052553 -0.0165657 0.00871553 0.0191654 -0.00578666 0.00713043 0.0246997 0.0349588 0.0377577
internal_weight=0 77.5308 42.8448 34.6861 25.541 34.0664 20.4979 22.4037 15.478 14.7155
internal_count=633 483 265 218 163 214 132 150 100 103
is_linear=0
shrinkage=0.05


Tree=32
num_leaves=9
num_cat=0
split_feature=28 15 9 14 24 11 23 15
split_gain=3.52224 3.582 4.69396 9.18257 7.51659 5.34939 3.17739 1.94304
threshold=0.37919100458343463 -2.7337828960529067 2.1381083513854899 49.580951594955437 16.537076906873903 0.79625000000000012 5.6988876378517146 -4.3687817438692926
decision_type=2 2 2 2 10 2 2 2
left_child=-1 7 3 4 -3 -4 -5 -2
right_child=1 2 5 6 -6 -7 -8 -9
leaf_value=-0.02739303173423964 0.0046275897585846965 -0.050685124964173128 0.0045283479301518907 0.0053732386833434537 0.013644779763610957 -0.041633198944115442 0.03928322103835373 0.038576537983864893
leaf_weight=12.688691608607767 8.4748102650046366 10.187476128339769 11.20216739177704 12.890211641788484 8.1924001872539503 14.271730527281759 14.885253578424452 8.384583577513693
leaf_count=84 52 59 66 88 55 82 104 55
internal_value=0 0.00077579 -0.00410471 0.0054042 -0.0220116 -0.0213336 0.0235461 0.0215112
internal_weight=0 88.4886 71.6292 46.1553 18.3799 25.4739 27.7755 16.8594
internal_count=645 561 454 306 114 148 192 107
is_linear=0
shrinkage=0.05


Tree=33
num_leaves=10
num_cat=0
split_feature=25 24 25 27 23 18 15 23 25
split_gain=3.5147 7.68318 4.47108 5.3309 7.95339 4.65394 3.01882 2.76905 2.12397
threshold=-2.5728529314031232 29.407611375859911 13.09792362720388 0.73251526264816624 -1.8512026398426376 -1.4999999999999998 -0.82714142176010552 2.6006885872635275 50.945766800116694
decision_type=10 10 10 10 2 2 2 2 10
left_child=1 -1 5 4 -4 -2 -7 -5 -9
right_child=2 -3 3 7 -6 6 -8 8 -10
leaf_value=-0.051480980350536554 0.049904672642786863 0.0079402819585833537 0.011726481882777116 -0.015797330457958374 -0.057235296292834692 -0.01486847247570316 0.029219168094727962 0.027898916320847164 3.6580045222546735e-05
leaf_weight=9.2923289388418215 9.8528355807065982 13.121865913271902 7.6953380703926113 9.0845118686556798 9.1549108251929265 8.2039910927414876 7.3716191649436942 15.988822467625143 11.953686140477656
leaf_count=52 76 80 50 54 52 51 49 111 69
internal_value=0 -0.0166942 0.0057293 -0.00242677 -0.0257412 0.0230102 0.00599731 0.00818313 0.0159795
internal_weight=0 22.4142 79.3057 53.8773 16.8502 25.4284 15.5756 37.027 27.9425
internal_count=644 132 512 336 102 176 100 234 180
is_linear=0
shrinkage=0.05


Tree=34
num_leaves=9
num_cat=0
split_feature=4 4 25 12 25 26 12 4
split_gain=3.17966 5.79171 7.75278 4.45631 5.69247 3.68839 4.32786 0.995035
threshold=-6.7516123047450618 0.08117588752680617 13.77862913690352 2.4308836870003576 46.14052232569464 -0.016543723770407325 2.9015370997777952 2.3401912283744717
decision_type=2 2 10 2 10 8 2 2
left_child=-1 5 7 -4 -5 -2 -7 -3
right_child=1 2 3 4 -6 6 -8 -9
leaf_value=0.026505241875933217 0.0012165194625706928 0.049822979883731688 0.020571647608623865 -0.037459398303543279 0.011691500527260756 -0.010878433051500247 -0.050128451797838661 0.023177437067912116
leaf_weight=8.3322950527071935 14.524004168808458 7.4550686925649625 10.571934290230272 15.045038938522341 9.6816924139857274 14.560156837105753 13.567595787346361 6.61051195114851
leaf_count=55 97 51 74 93 54 89 76 50
internal_value=0 -0.00575008 0.00591007 -0.00659805 -0.0182145 -0.0192453 -0.0298109 0.0373002
internal_weight=0 92.016 49.3642 35.2987 24.7267 42.6518 28.1278 14.0656
internal_count=639 584 322 221 147 262 165 101
is_linear=0
shrinkage=0.05


Tree=35
num_leaves=8
num_cat=0
split_feature=21 1 3 3 27 26 27
split_gain=5.15455 6.33348 4.64257 7.20523 6.04815 3.62462 2.85232
threshold=18.500000000000004 -1.5851074540010963 0.58169100272657104 1.3509240323397449 0.93105302605601492 0.010240224692489084 0.02556467267707627
decision_type=2 2 2 2 8 10 8
left_child=1 -1 5 -4 -5 6 -3
right_child=-2 2 3 4 -6 -7 -8
leaf_value=-0.033027563170445848 0.02952903482974267 0.0070964435662816266 -0.042792535358927131 -0.012190402221138364 0.042497215839373784 -0.0053756593441165561 0.046662955750250507
leaf_weight=16.204786084592342 12.420864410698412 7.9140134230256098 11.594472914934157 15.615599744021894 7.4762690961360923 11.982962086796759 10.731500394642355
leaf_count=98 89 50 66 92 51 72 80
internal_value=0 -0.00504778 0.00189409 -0.0106323 0.00551537 0.0160801 0.0298691
internal_weight=0 81.5196 65.3148 34.6863 23.0919 30.6285 18.6455
internal_count=598 509 411 209 143 202 130
is_linear=0
shrinkage=0.05


Tree=36
num_leaves=9
num_cat=0
split_feature=25 23 27 18 0 12 16 17
split_gain=3.2155 8.1055 6.96623 5.48254 8.10643 5.08277 2.5238 2.06181
threshold=14.904312102548207 -2.0540373141010195 0.72598951261325795 -1.4999999999999998 0.81271894203676665 2.7861911303703635 58.947315896555487 0.5726133701586259
decision_type=8 2 10 2 2 2 2 2
left_child=1 3 -2 -1 -5 6 -4 -7
right_child=2 -3 5 4 -6 7 -8 -9
leaf_value=0.023961284209062884 -0.033374494155312621 0.045298642017882439 0.00580762945812571 -0.048660537048372053 0.012339464595378449 -0.030526364957044617 0.044539731012550571 0.003129272011872151
leaf_weight=13.094814814627169 17.121847115457058 12.504915192723272 8.3332772180438059 10.481608442962171 11.337585613131521 8.6092301309108752 8.4915846958756429 9.65304336696863
leaf_count=91 97 92 52 62 69 49 61 60
internal_value=0 0.010757 -0.00722912 -0.00161461 -0.016964 0.00552932 0.0253559 -0.0127367
internal_weight=0 47.4189 52.209 34.914 21.8192 35.0871 16.8249 18.2623
internal_count=633 314 319 222 131 222 113 109
is_linear=0
shrinkage=0.05


Tree=37
num_leaves=6
num_cat=0
split_feature=21 28 10 10 27
split_gain=3.5086 3.56959 4.37805 2.58388 2.91973
threshold=18.500000000000004 4.5664464653929544 -2.4044729417974477 -1.3692481728678605 1.0299706977212084
decision_type=2 2 2 2 8
left_child=1 2 -1 -4 -5
right_child=-2 -3 3 4 -6
leaf_value=-0.030087814094510348 0.022589563620278353 -0.032636740352845355 0.027216337892986692 -0.0060260388571358597 0.023646334570679613
leaf_weight=11.458566412329672 12.978025533258913 10.487174175679682 9.7078238874673755 46.288495123386397 10.099256828427306
leaf_count=68 96 54 64 293 71
internal_value=0 -0.00525827 -0.00155604 0.00339033 -0.000711606
internal_weight=0 88.0413 77.5541 66.0956 56.3878
internal_count=646 550 496 428 364
is_linear=0
shrinkage=0.05


Tree=38
num_leaves=10
num_cat=0
split_feature=14 2 0 12 12 22 10 12 4
split_gain=3.46826 8.1423 7.61157 4.42462 6.66446 3.86808 6.29382 3.17234 2.89274
threshold=50.970571334651858 -0.87576909508040746 0.82316481347065096 2.6173671835910937 3.0782965213817133 3.5000000000000004 -1.1398212658305471 3.1917464631524277 3.4903354174740922
decision_type=2 2 2 2 2 2 2 2 2
left_child=2 -2 5 8 -5 6 7 -1 -3
right_child=1 3 -4 4 -6 -7 -8 -9 -10
leaf_value=-0.030567977069022451 0.045093888333802332 -0.0040452845261980171 0.028227627281581354 -0.051215035067268627 0.0036882518862884858 0.01003928093556373 -0.05253563370479622 0.010442400786546176 0.040682880452689495
leaf_weight=8.9074707329273206 11.180190570652483 7.2175280451774579 10.013793520629404 8.8058731183409709 14.845265813171862 8.4064958542585355 14.616502583026888 10.020161256194113 7.241825558245182
leaf_count=55 80 49 66 51 87 53 88 62 55
internal_value=0 0.00757424 -0.0109397 -0.00343262 -0.0167535 -0.0202891 -0.0278897 -0.00885736 0.0183564
internal_weight=0 49.2907 51.9644 38.1105 23.6511 41.9506 33.5441 18.9276 14.4594
internal_count=646 322 324 242 138 258 205 117 104
is_linear=0
shrinkage=0.05


Tree=39
num_leaves=10
num_cat=0
split_feature=0 15 15 26 3 27 20 4 0
split_gain=5.08501 9.61319 5.48938 6.46994 7.96826 4.96684 3.55476 2.74835 1.62173
threshold=0.81271894203676665 2.0049748652018375 1.9612709648153084 0.01892089381605427 -0.12109336368139823 0.09228881223631745 0.1923438900675874 1.0000000180025095e-35 -0.76920159438810565
decision_type=2 2 2 8 2 10 2 2 2
left_child=2 7 3 4 5 -1 -5 -2 -4
right_child=1 -3 8 6 -6 -7 -8 -9 -10
leaf_value=-0.0075873038331518558 0.02106994825215168 -0.014131416178357482 0.036756954547322224 -0.013810681923592345 -0.04089837859139428 0.03691843168904712 -0.057204743921563578 0.058605712766142952 0.0036541381353939716
leaf_weight=12.624462403357027 9.2202241793274897 13.329058691859244 8.0098223611712438 9.0888130366802233 8.7525159791111964 12.452152237296103 9.8169342279434186 10.351775802671908 6.8760681748390189
leaf_count=81 59 78 59 50 54 91 53 68 51
internal_value=0 0.018619 -0.00534733 -0.0129162 0.000176315 0.0145127 -0.0363433 0.0409229 0.0214662
internal_weight=0 32.9011 67.6208 52.7349 33.8291 25.0766 18.9057 19.572 14.8859
internal_count=644 205 439 329 226 172 103 127 110
is_linear=0
shrinkage=0.05


Tree=40
num_leaves=7
num_cat=0
split_feature=26 26 3 4 9 22
split_gain=3.9719 5.82267 9.6628 3.71675 3.2826 3.03026
threshold=0.31506405527797748 0.017437022320719805 -0.041407668541286961 -6.0322111979528117 -2.5740754847360603 1.5000000000000002
decision_type=10 10 2 2 2 2
left_child=1 3 -3 -1 -5 -6
right_child=-2 2 -4 4 5 -7
leaf_value=0.03657347555217829 0.026313977639384714 -0.061632197535820311 0.0061119808333988763 0.030427451579152651 0.012999428678796957 -0.012744149044817228
leaf_weight=7.8715965673327437 13.425452180206774 9.9477954208850878 11.179168201982973 7.740538462996482 16.857783369719982 35.508740141987801
leaf_count=54 77 54 65 54 117 236
internal_value=0 -0.00285895 -0.0257859 0.00426648 3.55655e-05 -0.0044568
internal_weight=0 89.1056 21.127 67.9787 60.1071 52.3665
internal_count=657 580 119 461 407 353
is_linear=0
shrinkage=0.05


Tree=41
num_leaves=10
num_cat=0
split_feature=19 11 27 27 24 15 4 28 25
split_gain=6.71401 6.15812 4.53471 6.79019 4.63737 3.32518 5.09543 1.6868 1.68351
threshold=0.1518949484043832 0.61375000000000013 -0.01605541623119202 0.61110499359239945 -1.0859462679356786 -1.3415092763209062 -0.10175283855745425 1.2381408349275433 29.904627574855137
decision_type=2 2 10 10 10 2 2 2 8
left_child=1 -1 -2 -4 -5 7 -7 -3 -8
right_child=2 5 3 4 -6 6 8 -9 -10
leaf_value=-0.029326445420613002 -0.040573702869257523 0.02224115302116535 0.022145030115263038 0.0079553816225788037 -0.040165676023883712 -0.02432813149347501 0.033251988006119615 0.054822918419194872 0.0058064013146130024
leaf_weight=7.7682805806398383 11.839946590363978 8.6211609542369825 14.081166319549082 7.910307250916957 13.638907402753832 8.3067989870905858 12.958131313323978 7.3668954446911803 9.8229350969195366
leaf_count=38 65 57 93 50 78 51 102 51 73
internal_value=0 0.011918 -0.0137654 -0.00485705 -0.0225014 0.018724 0.00919428 0.037254 0.0214178
internal_weight=0 54.8442 47.4703 35.6304 21.5492 47.0759 31.0879 15.9881 22.7811
internal_count=658 372 286 221 128 334 226 108 175
is_linear=0
shrinkage=0.05


Tree=42
num_leaves=10
num_cat=0
split_feature=19 23 27 20 19 3 16 9 9
split_gain=2.88633 5.7535 3.81467 2.19443 3.54166 4.01729 3.98162 4.57613 2.27563
threshold=0.21992137837782552 10.331958505436431 0.62207417515919927 0.46556370061974178 0.028798396428569368 -0.19037531906806168 48.386711151924182 2.0428961500149572 2.0687135043759701
decision_type=2 2 8 2 2 2 2 2 2
left_child=3 2 -2 4 5 -1 7 -6 -8
right_child=1 -3 -4 -5 6 -7 8 -9 -10
leaf_value=0.015571194911712376 -0.0074143945806628801 0.02548504637294681 -0.048016193961639732 -0.015942642792448225 -0.019211960819619532 -0.033734678925493582 0.049276986090952796 0.029410527157402267 0.015979516015261173
leaf_weight=8.5528908148407954 15.5208582803607 8.3343715593218786 9.2225128263235074 8.5456975996494275 10.589809373021128 7.9909714311361304 11.533572122454645 8.9110765308141691 9.2436196804046613
leaf_count=61 93 50 51 52 66 53 90 59 60
internal_value=0 -0.0104453 -0.0225478 0.00768028 0.011233 -0.00824439 0.0192332 0.00300645 0.0344632
internal_weight=0 33.0777 24.7434 65.3676 56.8219 16.5439 40.2781 19.5009 20.7772
internal_count=635 194 144 441 389 114 275 125 150
is_linear=0
shrinkage=0.05


Tree=43
num_leaves=9
num_cat=0
split_feature=17 17 14 9 26 4 28 25
split_gain=2.69684 6.39943 4.34455 5.23877 4.63778 3.47384 3.41471 1.8697
threshold=0.65127427600634091 0.6207119720515113 51.184889214750129 2.1381083513854899 -0.021913032350059907 -4.3578221797386805 2.3074690813467331 14.904312102548207
decision_type=2 2 2 2 8 2 2 8
left_child=1 2 4 6 -1 -6 -4 -2
right_child=7 -3 3 -5 5 -7 -8 -9
leaf_value=0.016379090059732732 0.0257248577540675 -0.050767040879096503 0.045515942343389904 -0.015392134375717393 -0.0016735405851575976 -0.038959179671457969 0.0030239989870186655 -0.0024646548372441422
leaf_weight=8.6382234022021276 11.014681093394755 8.0674783363938314 10.477703586220747 12.405048057436941 9.7071229293942434 17.524950541555885 8.6159424930810911 12.623415045440199
leaf_count=60 79 49 85 70 60 98 54 83
internal_value=0 -0.00868362 -0.00364411 0.00990571 -0.0155426 -0.0256684 0.0263416 0.0106709
internal_weight=0 75.4365 67.369 31.4987 35.8703 27.2321 19.0936 23.6381
internal_count=638 476 427 209 218 158 139 162
is_linear=0
shrinkage=0.05


Tree=44
num_leaves=7
num_cat=0
split_feature=26 14 15 26 20 2
split_gain=2.80261 3.57693 7.266 4.58169 6.72749 6.00576
threshold=3.426319334616188 67.009588741184615 3.0849243451998762 0.0095765975995346937 0.10386469413145145 -1.0536217553170013
decision_type=10 2 2 8 2 2
left_child=1 2 3 4 -1 -5
right_child=-2 -3 -4 5 -6 -7
leaf_value=-0.013025230992487206 0.027941273840275456 0.030374359319566554 -0.051192065386279434 -0.044566687605353844 0.024554793906407073 0.0027714959554201884
leaf_weight=20.39973708987236 8.58391075581312 7.8423404321074477 7.7114913910627356 11.305144280195238 28.61297657340765 16.448737323284149
leaf_count=131 48 58 50 61 203 93
internal_value=0 -0.00192733 -0.00492599 -0.000278386 0.00891349 -0.016511
internal_weight=0 92.3204 84.4781 76.7666 49.0127 27.7539
internal_count=644 596 538 488 334 154
is_linear=0
shrinkage=0.05


Tree=45
num_leaves=8
num_cat=0
split_feature=15 9 0 27 25 0 27
split_gain=3.01968 6.31176 6.02024 5.2869 5.2575 4.74788 4.50094
threshold=2.9505203035846752 2.0863292303571348 0.81271894203676665 -0.45251303922315195 41.075555015486877 1.2724825601522285 0.73251526264816624
decision_type=2 2 2 10 10 2 8
left_child=2 -2 3 -1 6 -4 -5
right_child=1 -3 5 4 -6 -7 -8
leaf_value=-0.041358893623954354 0.011128654797963496 -0.050380009604119404 0.045220197394311844 0.0026499767867378043 -0.029636901449085481 -0.0030511641110820137 0.044493171569904316
leaf_weight=7.7222473770380011 8.9233261570334452 7.8310338184237471 14.164694100618364 30.501434702426199 9.7406852021813375 7.9547884017229071 8.1424285657703823
leaf_count=43 68 42 96 211 52 50 56
internal_value=0 -0.0176207 0.00576919 -0.00294005 0.00319166 0.0278605 0.0114665
internal_weight=0 16.7544 78.2263 56.1068 48.3845 22.1195 38.6439
internal_count=618 110 508 362 319 146 267
is_linear=0
shrinkage=0.05


Tree=46
num_leaves=10
num_cat=0
split_feature=26 28 10 21 5 26 0 15 16
split_gain=3.06611 3.0757 4.48464 4.92086 5.16273 4.40098 3.32333 2.8189 1.80662
threshold=3.426319334616188 0.7446918542024239 -0.077393820133614163 16.500000000000004 2.0000000000000004 0.028467065781168338 -0.95724721144134317 -0.81025568780588997 48.463053953986922
decision_type=8 2 2 2 2 10 2 2 2
left_child=1 6 5 4 -4 7 -1 -3 -8
right_child=-2 2 3 -5 -6 -7 8 -9 -10
leaf_value=-0.044098092028767862 0.030002042815631777 0.01710805198617887 -0.043484040196072007 0.018548150866284217 0.0059097959692832819 -0.013578520112789158 0.012293524485932711 0.053607865145381142 -0.020880165552394588
leaf_weight=7.2340390458703068 9.1234630122780782 15.445211112499239 12.053811512887478 11.652276597917078 9.4280176758766174 7.8771278783679 8.6545837894082087 8.045136187225582 7.805622085928916
leaf_count=46 52 105 67 88 56 43 55 64 58
internal_value=0 -0.000446018 0.00521317 -0.00761459 -0.0218059 0.0187634 -0.0158517 0.0296088 -0.00343783
internal_weight=0 88.1958 64.5016 33.1341 21.4818 31.3675 23.6942 23.4903 16.4602
internal_count=634 582 423 211 123 212 159 169 113
is_linear=0
shrinkage=0.05


Tree=47
num_leaves=8
num_cat=0
split_feature=24 9 9 15 13 28 25
split_gain=4.96945 3.16322 4.07157 5.13926 4.38615 4.12933 2.94502
threshold=-3.0621719180009959 2.5481949523560052 2.1444649073475444 -0.82714142176010552 0.28292533255540392 0.71887644648922655 6.0547052882903136
decision_type=8 2 2 2 2 2 10
left_child=-1 2 3 5 -4 -2 -5
right_child=1 -3 4 6 -6 -7 -8
leaf_value=0.026727676045052041 -0.044048090426425122 0.022239707504607294 -0.00048179643068097964 0.038007695760569143 -0.047297604885113823 -0.0035256195914637502 0.002712583222311753
leaf_weight=13.79287653416395 9.4799454510211927 9.1403012648224813 8.5428328141570109 8.2923011109232956 12.074514240026472 18.664266362786293 20.573536016047001
leaf_count=97 56 57 54 63 64 117 140
internal_value=0 -0.00558194 -0.00885782 -0.00197155 -0.0278994 -0.017175 0.0128518
internal_weight=0 86.7677 77.6274 57.01 20.6173 28.1442 28.8658
internal_count=648 551 494 376 118 173 203
is_linear=0
shrinkage=0.05


Tree=48
num_leaves=8
num_cat=0
split_feature=4 21 17 23 25 12 23
split_gain=3.21538 3.40948 4.52409 4.0728 3.50273 3.22807 2.52614
threshold=-6.8684725792548393 18.500000000000004 0.50892823070085125 9.407188615873137 30.908483527747801 3.0366026680216276 -2.4452751183636621
decision_type=2 2 2 2 10 2 2
left_child=-1 2 4 5 6 -4 -2
right_child=1 -3 3 -5 -6 -7 -8
leaf_value=0.032050224596026258 0.004349653270780819 0.021692354684216816 -0.038656696906390342 0.0065047025947827762 -0.018022306491727914 -0.0091040568908934052 0.040895316206705258
leaf_weight=6.6034891232848159 10.802157483994963 11.224116187542675 20.29430715739727 13.910521995276211 8.6154475733637792 16.964799635112286 8.4098306298255938
leaf_count=46 69 85 126 92 52 104 57
internal_value=0 -0.00409394 -0.00775772 -0.0165816 0.00846783 -0.0252008 0.0203471
internal_weight=0 90.2212 78.9971 51.1696 27.8274 37.2591 19.212
internal_count=631 585 500 322 178 230 126
is_linear=0
shrinkage=0.05


Tree=49
num_leaves=9
num_cat=0
split_feature=25 14 0 10 17 10 2 12
split_gain=3.83002 4.05252 5.72821 8.14355 5.21439 4.51251 2.35624 1.33497
threshold=72.301152589570691 51.184889214750129 0.81271894203676665 -2.6258698699109959 0.57000803764970731 0.81481927614953198 1.8819554916394845 2.8557858606985942
decision_type=8 2 2 2 2 2 2 2
left_child=1 2 3 -1 -5 7 -7 -3
right_child=-2 5 -4 4 -6 6 -8 -9
leaf_value=0.027845450673182826 -0.030142687044037272 0.053837207350826546 0.0308274123489739 -0.04105780181358136 0.0010651060782462345 -0.012690343114562611 0.018223165595818238 0.023897372019484466
leaf_weight=9.5902526751160568 8.3910188451409322 7.4459672905504686 9.4302010312676412 19.114088170230396 11.93409365788102 11.379605140537025 13.448826193809508 7.4466624483466148
leaf_count=61 46 61 66 113 79 78 86 53
internal_value=0 0.00518074 -0.00428048 -0.0124273 -0.0248669 0.0171067 0.00405459 0.0388666
internal_weight=0 89.7897 50.0686 40.6384 31.0482 39.7211 24.8284 14.8926
internal_count=643 597 319 253 192 278 164 114
is_linear=0
shrinkage=0.05


Tree=50
num_leaves=9
num_cat=0
split_feature=19 4 24 23 11 24 24 28
split_gain=3.22226 5.71238 3.98399 5.87469 3.44857 2.58461 3.92317 4.14931
threshold=0.1518949484043832 -1.9876203587116097 16.452183425234463 8.1287427500431662 0.65708333333333335 28.835149795843286 21.339222177482259 1.2146617269070801
decision_type=2 2 8 2 2 10 8 2
left_child=4 -2 3 -3 -1 6 7 -6
right_child=1 2 -4 -5 5 -7 -8 -9
leaf_value=-0.021531832170790553 -0.036482281653656232 -0.035230205628986995 0.027476197310744049 0.020715552301356244 0.038395308720212469 0.0351871474265762 -0.02545764787680296 -0.0018187817165620586
leaf_weight=9.0389894694089872 15.253965996205805 11.214821122586732 9.6901769526302797 8.0681034997105581 11.072107568383222 9.6831288412213308 7.7099214792251543 15.248293582350014
leaf_count=47 88 64 60 54 86 72 53 107
internal_value=0 -0.0117172 0.00132136 -0.0118221 0.00658174 0.012395 0.00590965 0.0150979
internal_weight=0 44.2271 28.9731 19.2829 52.7524 43.7135 34.0303 26.3204
internal_count=631 266 178 118 365 318 246 193
is_linear=0
shrinkage=0.05


Tree=51
num_leaves=6
num_cat=0
split_feature=18 6 9 9 11
split_gain=3.24648 3.82106 4.68828 5.87579 5.40961
threshold=3.5000000000000004 34.048703496194257 -2.3905576454714157 -2.1700492341344035 0.88333333333333341
decision_type=2 2 2 2 2
left_child=1 -1 -3 -4 -5
right_child=-2 2 3 4 -6
leaf_value=-0.016941857123697109 -0.020609268785566404 -0.02154247214863686 0.048752211536883361 -0.0044833356392901102 0.031953317531794756
leaf_weight=15.94650377333164 14.537932820618151 9.8249889910221082 10.954727016389361 29.859208360314376 15.461253330111502
leaf_count=95 87 70 80 192 106
internal_value=0 0.00502663 0.0103265 0.0158904 0.00794717
internal_weight=0 82.0467 66.1002 56.2752 45.3205
internal_count=630 543 448 378 298
is_linear=0
shrinkage=0.05


Tree=52
num_leaves=7
num_cat=0
split_feature=16 4 27 16 28 20
split_gain=2.75638 3.61439 5.55883 3.2261 2.77669 2.69961
threshold=67.941522937065898 -4.3578221797386805 -0.0551079399174082 37.98572898330935 0.43698012783406942 0.061218000877939008
decision_type=2 2 8 2 2 2
left_child=1 2 -1 -3 -5 -6
right_child=-2 3 -4 4 5 -7
leaf_value=-0.0085965647105695313 0.028826303194338727 -0.03679945344461396 0.046093207023955474 0.022076822979512939 -0.025404829984625701 0.00043067046771422978
leaf_weight=9.3426863774657232 8.6101985052227956 7.690750077366828 9.2432161942124385 9.7006945051252824 14.371652990579603 34.108989771455526
leaf_count=55 62 46 64 69 88 219
internal_value=0 -0.00087073 0.018602 -0.00636498 -0.00234197 -0.00722803
internal_weight=0 84.458 18.5859 65.8721 58.1813 48.4806
internal_count=603 541 119 422 376 307
is_linear=0
shrinkage=0.05


Tree=53
num_leaves=8
num_cat=0
split_feature=0 28 0 15 0 19 29
split_gain=4.37485 5.92352 5.8596 3.4902 3.87889 5.15131 3.32254
threshold=-1.1673714874393533 1.3515693677865115 -0.90957243466315896 3.0849243451998762 0.82316481347065096 0.1538826114434971 2.199663364062713
decision_type=2 2 2 2 2 2 2
left_child=1 -1 -2 4 5 -4 -6
right_child=2 -3 3 -5 6 -7 -8
leaf_value=-0.04966689248151774 0.035608912714733737 0.00728518808358318 0.015057189118861178 -0.024390916236302542 0.04513154534071892 -0.027195871072129941 0.0061005459733416562
leaf_weight=9.5384145602583903 12.862850271165369 8.7574429884552938 13.236531659960749 13.093625798821448 8.1403715834021586 15.852358482778071 16.512690156698227
leaf_count=54 93 58 95 85 57 94 103
internal_value=0 -0.0224064 0.00470495 -0.00124268 0.00439713 -0.00796915 0.0189885
internal_weight=0 18.2959 79.6984 66.8356 53.742 29.0889 24.6531
internal_count=639 112 527 434 349 189 160
is_linear=0
shrinkage=0.05


Tree=54
num_leaves=9
num_cat=0
split_feature=9 9 27 9 7 13 7 2
split_gain=2.52957 6.21397 5.1362 4.2685 3.38188 4.62712 3.25358 1.32994
threshold=-2.3905576454714157 -2.1767956870536334 0.64216541913416714 -2.0785379181480592 18.976060902799698 1.478355156218248 28.403892190486491 -1.3813621232652515
decision_type=2 2 10 2 2 2 2 2
left_child=2 7 -1 -3 5 -5 -6 -2
right_child=1 3 -4 4 6 -7 -8 -9
leaf_value=0.0054645212617887243 0.018054088800794985 -0.036550894553044534 -0.049412702639557202 0.010076461304906126 0.020708233462625004 -0.039646167633193112 -0.0099540211176352266 0.048462442950838708
leaf_weight=9.8658678010106104 7.5640439540147781 8.6152097433805448 7.5090537667274466 8.8802832551300543 24.409918688237667 9.8895304277539235 13.401325985789297 6.8538105115294439
leaf_count=64 51 55 45 60 159 55 90 50
internal_value=0 0.0028049 -0.0182522 -0.00376409 0.00122813 -0.0161216 0.0098407 0.0325093
internal_weight=0 79.6141 17.3749 65.1963 56.5811 18.7698 37.8112 14.4179
internal_count=629 520 109 419 364 115 249 101
is_linear=0
shrinkage=0.05


Tree=55
num_leaves=9
num_cat=0
split_feature=26 3 3 27 26 12 28 17
split_gain=2.61073 2.85286 5.99326 3.63456 3.10997 5.84234 4.37258 4.27792
threshold=-2.6820309545136438 0.44339756108699041 1.3509240323397449 0.77206757904915391 0.010240224692489084 2.8701490787144857 0.5854556082019603 0.55200201265644011
decision_type=8 2 2 10 8 2 2 2
left_child=-1 4 -3 -4 6 -6 -2 -8
right_child=1 2 3 -5 5 -7 7 -9
leaf_value=0.02202537978933277 -0.01924506397054241 -0.04395295434540869 -0.02223802509213476 0.016362393744177983 0.012163423207021745 -0.036959728567469118 0.00085876553240481787 0.046200427389754453
leaf_weight=8.4430210441350919 8.2969489619135874 13.696741722524164 12.002096369862558 12.397489994764326 11.907889954745771 12.309894621372221 10.334134936332704 10.475172985345123
leaf_count=61 56 80 73 84 72 65 73 80
internal_value=0 -0.00703383 -0.0174836 -0.00262506 0.000431833 -0.0128059 0.0114462 0.0236833
internal_weight=0 91.4204 38.0963 24.3996 53.324 24.2178 29.1063 20.8093
internal_count=644 583 237 157 346 137 209 153
is_linear=0
shrinkage=0.05


Tree=56
num_leaves=10
num_cat=0
split_feature=17 18 1 15 10 26 7 12 10
split_gain=3.3865 3.0493 4.5528 7.07116 5.22397 4.43002 3.79353 2.94316 3.13851
threshold=0.74294770941306887 -2.4999999999999996 -0.55912627597106879 1.7954515371492563 -0.15146752342615696 -0.0049057201503024846 28.403892190486491 2.778716061552323 -1.2301492218992982
decision_type=2 2 2 2 2 10 2 2 2
left_child=1 7 4 6 -3 -5 -4 -1 -9
right_child=-2 2 3 5 -6 -7 -8 8 -10
leaf_value=0.034559753900665929 0.028761577246619614 -0.0095327284064783396 0.029844458352752297 -0.05124328095653205 -0.061324018674334006 0.0004908465957571994 -0.0070362106550260484 0.018841375145532739 -0.026603194137191345
leaf_weight=8.6583089306950587 8.6377073787152749 12.999493729323151 16.63682130724192 8.6988209187984484 7.7844686806201926 7.8924015611410132 12.002799078822134 8.3185258433222753 6.9932265207171431
leaf_count=60 62 83 106 54 47 49 82 53 47
internal_value=0 -0.00401396 -0.0095602 -0.000659273 -0.0289307 -0.0266335 0.0143879 0.0112607 -0.0019142
internal_weight=0 89.9849 66.0148 45.2308 20.784 16.5912 28.6396 23.9701 15.3118
internal_count=643 581 421 291 130 103 188 160 100
is_linear=0
shrinkage=0.05


Tree=57
num_leaves=9
num_cat=0
split_feature=11 17 8 11 17 19 11 12
split_gain=4.63935 4.0387 3.51461 3.93667 3.86046 2.91676 4.158 2.65499
threshold=0.98541666666666672 0.60155803335470126 1.0000000180025095e-35 0.90625000000000011 0.43650030959329272 0.028798396428569368 0.85541666666666683 2.9767975440787686
decision_type=2 2 2 2 2 2 2 2
left_child=1 2 -1 4 -4 -3 7 -7
right_child=-2 5 3 -5 -6 6 -8 -9
leaf_value=-0.035428662582239152 0.031079947989238889 -0.017972516824852309 0.028604682818293592 -0.037306881199525903 -0.00995382970459824 -0.016940196290578417 0.048213322809200321 0.022757971844347073
leaf_weight=14.861713435500858 9.1100716292858106 8.2871675565838796 9.1009966135025042 8.4463746845722181 22.63876623660326 8.457849953323608 7.2047893404960623 8.3894251473247987
leaf_count=89 60 57 60 51 144 57 52 58
internal_value=0 -0.00641486 -0.0146536 -0.00697054 0.00110236 0.00760916 0.0164234 0.00282827
internal_weight=0 87.3871 55.0479 40.1861 31.7398 32.3392 24.0521 16.8473
internal_count=628 568 344 255 204 224 167 115
is_linear=0
shrinkage=0.05


Tree=58
num_leaves=10
num_cat=0
split_feature=6 9 6 20 13 3 20 15 24
split_gain=3.22822 6.73795 4.98424 3.54661 3.31878 4.77408 2.24063 2.22412 1.2242
threshold=50.620948670019736 2.1381083513854899 47.181137600937468 0.061218000877939008 0.40940246471040231 -2.2182951714268708 0.28106173610043073 2.0049748652018375 14.171192956959141
decision_type=2 2 2 2 2 2 2 2 10
left_child=2 7 4 -3 5 6 -1 -2 -5
right_child=1 3 -4 8 -6 -7 -8 -9 -10
leaf_value=0.024614304640536554 0.060144109125451123 -0.024653222782162608 -0.041353777171601713 -0.00097836443562474245 0.028041182986080194 -0.027949341021938131 -0.0097996797411506603 0.020579610164380951 0.026124429196764349
leaf_weight=11.04102788120508 7.0983401015400869 10.645133048295977 8.4811325222253782 8.511452794075014 8.7638526409864408 14.688752103596928 8.274347782135008 7.1101440824568272 8.1616320759057981
leaf_count=71 56 64 50 51 68 95 48 56 50
internal_value=0 0.0124185 -0.00633841 -0.00210651 0.000605339 -0.00646568 0.00987199 0.0403454 0.0122887
internal_weight=0 41.5267 51.2491 27.3182 42.768 34.0041 19.3154 14.2085 16.6731
internal_count=609 277 332 165 282 214 119 112 101
is_linear=0
shrinkage=0.05


Tree=59
num_leaves=8
num_cat=0
split_feature=25 4 4 25 11 24 4
split_gain=4.1075 4.99882 4.57219 5.64932 3.95205 3.28907 2.21612
threshold=-2.5728529314031232 -4.2861108550650346 -2.5882569295550373 13.77862913690352 0.77708333333333346 27.924603496288182 -0.26679636811477264
decision_type=10 2 2 10 2 10 2
left_child=5 -2 -3 6 -5 -1 -4
right_child=1 2 3 4 -6 -7 -8
leaf_value=-0.041972293333530218 0.040452812487015627 -0.033858397679735766 0.0095252106680001614 0.011385518319475756 -0.018789912990297936 -0.0022024850584302725 0.047966312453317686
leaf_weight=8.6618114709854144 9.5240141227841359 7.9497093185782424 6.3021459951996812 23.241224929690361 20.352751605212688 13.003623403608797 9.2553501911461318
leaf_count=45 69 48 43 143 138 81 84
internal_value=0 0.00655489 0.00174359 0.00652835 -0.00270251 -0.0181024 0.0323943
internal_weight=0 76.6252 67.1012 59.1515 43.594 21.6654 15.5575
internal_count=651 525 456 408 281 126 127
is_linear=0
shrinkage=0.05


Tree=60
num_leaves=9
num_cat=0
split_feature=27 27 20 8 26 26 20 14
split_gain=3.66885 3.05203 2.88165 3.19082 2.77685 5.33701 5.64341 3.99317
threshold=-0.52016604731341742 0.30295597567403576 0.20080387401003411 1.5000000000000002 3.7521906507460629 0.015199703999299197 0.1253933024491895 46.710598346776671
decision_type=8 8 2 2 8 10 2 2
left_child=-1 2 3 -2 5 7 -7 -3
right_child=1 4 -4 -5 -6 6 -8 -9
leaf_value=-0.02888640021144891 -0.014373114306836677 0.040279671647191824 0.038530474463307984 0.029485354272591521 0.025987279620914863 0.0032787938461221189 -0.045343631503758537 -0.002457801854855102
leaf_weight=9.5697167441248876 9.4173416197300011 7.1500573977828052 10.288975454866884 7.4101246520876876 7.5560693070292464 10.688370458781721 13.511959221214054 23.200372558087111
leaf_count=53 63 52 78 52 41 64 74 167
internal_value=0 0.0036905 0.0176857 0.00494035 -0.00241994 -0.00635475 -0.0238689 0.00761044
internal_weight=0 89.2233 27.1164 16.8275 62.1068 54.5508 24.2003 30.3504
internal_count=644 591 193 115 398 357 138 219
is_linear=0
shrinkage=0.05


Tree=61
num_leaves=8
num_cat=0
split_feature=6 13 17 24 12 9 24
split_gain=3.33865 6.69734 3.67254 3.24989 4.13076 3.23987 3.19314
threshold=34.048703496194257 -2.5404693301972454 0.74294770941306887 11.663393256419932 2.675212536116454 -2.2104428210375278 16.881740964742658
decision_type=2 2 2 10 2 2 10
left_child=6 -2 3 4 -3 -5 -1
right_child=1 2 -4 5 -6 -7 -8
leaf_value=-0.034010805229555872 0.054483927839322738 0.033442242524869624 0.037157697145371447 0.019096169165680098 -0.0033303987794907051 -0.01749648987479957 0.0084890486469671629
leaf_weight=9.9335911795496958 7.288744553923606 13.317362345755102 7.6270891390740863 7.6906868256628504 17.904381044209003 28.336062639951706 7.9620109647512427
leaf_count=56 52 99 57 55 110 179 53
internal_value=0 0.00873054 0.00427669 0.000547444 0.0123547 -0.009685 -0.015102
internal_weight=0 82.1643 74.8756 67.2485 31.2217 36.0267 17.8956
internal_count=661 552 500 443 209 234 109
is_linear=0
shrinkage=0.05


Tree=62
num_leaves=9
num_cat=0
split_feature=17 14 25 10 14 17 24 15
split_gain=3.01087 4.07619 4.15739 4.67397 3.78208 2.84338 2.69352 1.64551
threshold=0.51425639032223758 58.877007894817652 41.507695762647714 0.64058974160686877 47.903023056005594 0.40240622915772173 15.900467525430567 3.1751058380778963
decision_type=2 2 8 2 2 2 8 2
left_child=5 2 3 4 -2 -1 -7 -3
right_child=1 7 -4 -5 -6 6 -8 -9
leaf_value=-0.008023916691918381 -0.0071757082423627404 0.032652286796713684 -0.045422094889832294 -0.037523158224887082 0.034690542131233564 0.0037237006146847436 0.037840927238255349 -0.0010188922705755819
leaf_weight=11.827817127108572 21.465659767389301 7.6318216919898969 8.443068288266657 9.2540424615144712 7.2050398588180533 10.750812817364933 12.524889558553694 6.9171933643519878
leaf_count=78 141 56 45 55 58 69 83 50
internal_value=0 -0.00644615 -0.0136911 -0.00662695 0.00334542 0.0119384 0.0220825 0.0166436
internal_weight=0 60.9168 46.3678 37.9247 28.6707 35.1035 23.2757 14.549
internal_count=635 405 299 254 199 230 152 106
is_linear=0
shrinkage=0.05


Tree=63
num_leaves=7
num_cat=0
split_feature=25 13 0 25 9 2
split_gain=3.10949 3.64888 4.77099 3.75571 3.21136 1.34781
threshold=57.882426218484781 2.9677088260242477 0.87461163745407378 25.099013543287914 -2.2420329723482277 1.7274351877380143
decision_type=10 2 2 8 2 2
left_child=1 2 3 4 -1 -4
right_child=-2 -3 5 -5 -6 -7
leaf_value=0.0086869433689516547 -0.028713426970281647 -0.024738198321088825 0.015341238726643289 0.019588719597820679 -0.020175903493556482 0.042293363592394398
leaf_weight=15.296702709048978 9.399402052164076 11.446167051792143 10.356925256550314 15.171164598315952 26.047674570232637 8.4012458100914937
leaf_count=108 53 78 73 97 171 57
internal_value=0 0.00156339 0.00556283 -0.00168927 -0.00949715 0.0274123
internal_weight=0 86.7199 75.2737 56.5155 41.3444 18.7582
internal_count=637 584 506 376 279 130
is_linear=0
shrinkage=0.05


Tree=64
num_leaves=10
num_cat=0
split_feature=17 7 7 21 18 26 5 26 14
split_gain=2.93172 3.31905 4.76978 4.6069 3.31796 2.77731 3.8069 2.72922 1.985
threshold=0.64678534875304494 18.678707326253775 29.765424270496705 15.500000000000002 -1.4999999999999998 0.011530508606317899 1.0000000180025095e-35 0.01104933359321327 53.31173587850332
decision_type=2 2 2 2 2 10 2 8 2
left_child=1 4 5 -4 -1 6 -3 8 -2
right_child=7 2 3 -5 -6 -7 -8 -9 -10
leaf_value=0.0043329423954886525 0.04785087284115537 0.025569703818643288 -0.037868939948400092 0.011549236464930597 -0.034846126759022746 0.035306021308301801 -0.018463665363061123 -0.0054808756424322659 0.0092773594081897327
leaf_weight=9.3656109720468539 8.1848013736307603 10.529426813125612 10.174630627036096 8.790449917316435 12.774665310978888 12.314048551023005 9.1948142759501916 7.4095717817544964 5.628924496471881
leaf_count=61 65 75 63 65 71 74 60 45 48
internal_value=0 -0.00210711 0.00491036 -0.0149633 -0.0182729 0.0166746 0.00504275 0.0190008 0.0321326
internal_weight=0 73.1436 51.0034 18.9651 22.1403 32.0383 19.7242 21.2233 13.8137
internal_count=627 469 337 128 132 209 135 158 113
is_linear=0
shrinkage=0.05


Tree=65
num_leaves=8
num_cat=0
split_feature=4 15 9 6 20 6 20
split_gain=2.59182 5.26093 8.37971 4.42346 4.17317 3.75368 3.57352
threshold=-4.3578221797386805 -0.82714142176010552 -2.0785379181480592 41.176242392788573 0.21535040213765552 39.901829392934438 0.068166957127600916
decision_type=2 2 2 2 2 2 2
left_child=5 2 -2 -3 6 -1 -5
right_child=1 3 -4 4 -6 -7 -8
leaf_value=-0.0040210891915182902 -0.0569480460016904 0.030268220667266438 0.0051382970463920768 -0.0099245936907911766 -0.027004581405148154 0.041827979425224288 0.022974346833034662
leaf_weight=10.630034610629084 11.122989974915983 11.310874182730911 10.627174578607081 17.922662924975157 14.393506523221729 7.6961574107408515 15.300818815827368
leaf_count=68 60 82 69 118 91 56 114
internal_value=0 -0.0055964 -0.0266125 0.00216062 -0.00451602 0.0152334 0.00522676
internal_weight=0 80.678 21.7502 58.9279 47.617 18.3262 33.2235
internal_count=658 534 129 405 323 124 232
is_linear=0
shrinkage=0.05


Tree=66
num_leaves=6
num_cat=0
split_feature=18 7 18 25 21
split_gain=2.90863 2.88281 3.05048 4.06698 3.03967
threshold=3.5000000000000004 13.708322291931941 2.5000000000000004 50.298315196185662 13.500000000000002
decision_type=2 2 2 10 2
left_child=1 -1 3 4 -3
right_child=-2 2 -4 -5 -6
leaf_value=0.030758259585393868 -0.022185315201776523 -0.023293250231089673 0.026461448077630109 -0.038647887359534623 0.0058987765993335807
leaf_weight=8.1814177446067315 13.8367917612195 11.064421333372591 9.1716920733451825 7.6246619671583167 45.954568702727556
leaf_count=54 85 62 64 44 327
internal_value=0 0.00259784 -0.000523352 -0.00435198 0.000234122
internal_weight=0 81.9968 73.8153 64.6437 57.019
internal_count=636 551 497 433 389
is_linear=0
shrinkage=0.05


Tree=67
num_leaves=8
num_cat=0
split_feature=0 15 1 7 26 14 19
split_gain=4.06965 6.67679 4.63895 3.74155 3.64243 3.13909 2.39424
threshold=0.87461163745407378 2.0932056947179256 0.94618326721192281 16.579685836910766 0.024679054376453475 56.218999756654547 0.18629810593403287
decision_type=2 2 2 2 10 2 2
left_child=2 6 3 -1 5 -5 -2
right_child=1 -3 -4 4 -6 -7 -8
leaf_value=0.023037823679528398 0.054499393833733978 -0.012723097632313949 -0.041304222759301588 -0.00801143009260381 -0.029955080858855052 0.028395013431524514 0.014558277129595227
leaf_weight=11.504451632499693 8.6420267410576361 11.963334038853644 8.8854150176048261 26.227948397397995 14.207105726003645 7.6472291834652415 6.6309391483664504
leaf_count=80 69 70 48 178 79 66 43
internal_value=0 0.0152484 -0.00760196 -0.00257637 -0.00870498 0.000207225 0.0371585
internal_weight=0 27.2363 68.4721 59.5867 48.0823 33.8752 15.273
internal_count=633 182 451 403 323 244 112
is_linear=0
shrinkage=0.05


Tree=68
num_leaves=10
num_cat=0
split_feature=3 11 14 11 6 3 11 14 27
split_gain=2.49016 2.62832 3.83309 3.26082 3.86764 4.12407 3.55759 2.14264 2.00007
threshold=2.9654547769588446 0.88666666666666683 40.10408487064803 0.77708333333333346 56.17090709054505 -0.79208675498020653 0.67708333333333337 50.771077359182605 0.61110499359239945
decision_type=2 2 2 2 2 2 2 2 10
left_child=1 3 -3 6 5 -5 -1 -4 -8
right_child=-2 2 7 4 -6 -7 8 -9 -10
leaf_value=-0.014698907422740519 0.027574338033463677 -0.011414362418051525 0.045474299139262341 -0.025130034737631108 -0.048774699659117592 0.024738502440816851 0.034264831836426667 0.0099111146545211495 0.00016479893031840948
leaf_weight=14.616584695875646 8.2433474063873273 11.184704013168814 7.835485793650153 11.649630229920151 8.2034381106495839 6.4364293217659023 9.4725597500801104 9.2179606258869153 7.8748468831181517
leaf_count=77 59 70 54 73 48 50 77 67 56
internal_value=0 -0.00118642 0.0113324 -0.00725489 -0.0202989 -0.00738292 0.00347346 0.0262512 0.0187851
internal_weight=0 86.4916 28.2382 58.2535 26.2895 18.0861 31.964 17.0534 17.3474
internal_count=631 572 191 381 171 123 210 121 133
is_linear=0
shrinkage=0.05


Tree=69
num_leaves=7
num_cat=0
split_feature=20 26 19 1 9 17
split_gain=4.20789 5.75909 4.43611 4.35903 4.30534 3.10844
threshold=0.49828019786528349 0.67585238240303913 0.29308339331013439 1.0632230517408192 2.4087032756719435 0.58317806867045008
decision_type=2 10 2 2 2 2
left_child=1 2 4 -4 5 -1
right_child=-2 -3 3 -5 -6 -7
leaf_value=-0.014246940453606064 -0.031459359137398182 0.035707035539426883 -0.00033976662439966389 -0.051326969220442935 0.033817108508856733 0.011347477216069466
leaf_weight=25.960983954370022 10.515892729163168 11.069299183785914 8.4673706367611903 8.3017296791076642 9.8068725317716581 21.845036718994379
leaf_count=176 60 68 55 46 69 164
internal_value=0 0.00205888 -0.00294854 -0.0255815 0.00363914 -0.00255153
internal_weight=0 85.4513 74.382 16.7691 57.6129 47.806
internal_count=638 578 510 101 409 340
is_linear=0
shrinkage=0.05


Tree=70
num_leaves=7
num_cat=0
split_feature=11 4 24 0 12 10
split_gain=2.86374 2.96021 3.50927 2.86737 4.49541 1.99742
threshold=0.98541666666666672 -6.4557996208816038 -3.0621719180009959 1.2845343104289644 3.0782965213817133 0.62618774078013695
decision_type=2 2 8 2 2 2
left_child=1 -1 5 4 -4 -3
right_child=-2 2 3 -5 -6 -7
leaf_value=0.022715241725839361 0.02302038897966082 -0.0040474006739749753 -0.018958925104564966 -0.042881597916858943 0.011213502011569888 0.033209067945435385
leaf_weight=8.2921499386429769 9.6007417142391187 7.5617313086986524 40.859583385288715 7.3968218192458144 17.689490783959627 6.8623211532831192
leaf_count=58 66 48 269 43 112 52
internal_value=0 -0.00572777 -0.00866237 -0.0135487 -0.0098429 0.0136776
internal_weight=0 88.6621 80.3699 65.9459 58.5491 14.4241
internal_count=648 582 524 424 381 100
is_linear=0
shrinkage=0.05


Tree=71
num_leaves=10
num_cat=0
split_feature=17 21 17 11 28 23 28 15 28
split_gain=2.65855 4.2099 4.06654 3.08757 2.89504 2.92243 2.23241 1.8388 0.832343
threshold=0.50892823070085125 14.500000000000002 0.55036308004655254 0.88902515723270448 1.2763514243848213 4.5616183674307171 1.4802060856752741 0.62176303612385253 0.6369533786862237
decision_type=2 2 2 2 2 2 2 2 2
left_child=4 6 -3 7 8 -6 -2 -4 -1
right_child=1 2 3 -5 5 -7 -8 -9 -10
leaf_value=0.018832805636934433 -0.042029878691790167 -0.026072924557810906 -0.01190357591673385 0.035215755579758645 0.018284068909477411 -0.019976276258347758 -0.0077441588640276759 0.017656483785890045 0.042943736048093484
leaf_weight=7.4319048523902875 8.7842640429735201 8.3258078992366773 11.078587610274559 10.595066551119087 11.08369727805257 9.0794858671724779 10.332071520388125 10.018486633896826 6.9051853679120541
leaf_count=51 54 52 75 82 74 51 55 83 49
internal_value=0 -0.0041966 0.00502403 0.0131935 0.0132688 0.00105543 -0.023499 0.00213378 0.0304454
internal_weight=0 59.1343 40.0179 31.6921 34.5003 20.1632 19.1163 21.0971 14.3371
internal_count=626 401 292 240 225 125 109 158 100
is_linear=0
shrinkage=0.05


Tree=72
num_leaves=8
num_cat=0
split_feature=3 3 24 0 27 9 7
split_gain=3.46652 5.85015 3.68354 3.33885 4.68399 3.79676 2.17503
threshold=1.3509240323397449 0.85783335923114235 21.339222177482259 0.81271894203676665 -0.13343221478535219 -2.5740754847360603 19.336920965061235
decision_type=2 2 10 2 8 2 2
left_child=1 3 6 4 -1 -6 -2
right_child=2 -3 -4 -5 5 -7 -8
leaf_value=-0.031750661440723797 0.0074462483333803155 -0.043661933636693212 -0.012435383620405888 0.028653476620897844 0.032619663163897902 -0.0044860461776067059 0.043108195537926566
leaf_weight=12.363913178443907 7.1977934762835565 8.7872401252388936 7.8915057331323615 8.6961991898715478 8.7260544598102481 32.8360566161573 10.531272936612366
leaf_count=73 44 50 51 63 60 224 81
internal_value=0 -0.0054575 0.0159812 -9.65981e-05 -0.00473288 0.00330438 0.0286299
internal_weight=0 71.4095 25.6206 62.6222 53.926 41.5621 17.7291
internal_count=646 470 176 420 357 284 125
is_linear=0
shrinkage=0.05


Tree=73
num_leaves=8
num_cat=0
split_feature=11 11 13 24 25 9 0
split_gain=2.76584 2.88715 2.70893 4.00706 4.64803 3.26371 3.18306
threshold=0.98541666666666672 0.93458333333333343 -1.4098627079886554 6.8665174467412662 30.908483527747801 2.199663364062713 -0.84568249376175009
decision_type=2 2 2 10 10 2 2
left_child=1 2 6 5 -5 -4 -1
right_child=-2 -3 3 4 -6 -7 -8
leaf_value=-0.0014896908109245642 0.024519767667158406 -0.029963247793028044 0.02309273822525091 -0.0081414681629882243 -0.052722576585719994 -0.016756457488770294 0.038328656323980068
leaf_weight=13.406804315745832 8.7445278614759427 10.203363865613936 14.198526464402677 23.994156740605835 7.7302982136607161 8.0521723031997663 8.0222456753253919
leaf_count=84 62 65 104 173 38 47 57
internal_value=0 -0.00500152 -0.00162381 -0.0075952 -0.0190045 0.00867195 0.0134168
internal_weight=0 85.6076 75.4042 53.9752 31.7245 22.2507 21.429
internal_count=630 568 503 362 211 151 141
is_linear=0
shrinkage=0.05


Tree=74
num_leaves=8
num_cat=0
split_feature=28 15 23 26 27 24 20
split_gain=2.78782 4.54648 2.00977 2.001 1.93906 4.34225 3.96083
threshold=0.37919100458343463 -2.7619575149116176 -10.925377598499077 -0.0016943105686122544 0.47229880714261091 10.306428133520717 0.13939518104108187
decision_type=2 2 2 10 8 8 2
left_child=-1 3 -3 -2 6 -6 -4
right_child=1 2 4 -5 5 -7 -8
leaf_value=-0.018250356531738492 0.048488689693312333 -0.018920176109106717 -0.0017627222038363135 0.012515226556456944 0.0091311126558071016 -0.027989234850221992 0.04936165928381786
leaf_weight=12.368100963532923 8.227679990231989 10.171037115156649 8.7663654088974052 7.2913971915841094 30.52688555419445 10.618714563548556 6.6718912050127974
leaf_count=84 65 64 61 45 206 61 53
internal_value=0 0.00720985 0.00154266 0.0315871 0.00522088 -0.000448779 0.0203315
internal_weight=0 82.274 66.7549 15.5191 56.5839 41.1456 15.4383
internal_count=639 555 445 110 381 267 114
is_linear=0
shrinkage=0.05


Tree=75
num_leaves=8
num_cat=0
split_feature=24 25 15 23 4 12 25
split_gain=2.30588 3.88519 2.83037 3.1516 3.49926 2.73728 2.41419
threshold=-3.0621719180009959 30.408847803241233 -3.9650281769492079 -9.1733544388829991 -1.9268890462024448 2.4064625257361754 44.72434625583562
decision_type=10 10 2 2 2 2 8
left_child=-1 2 -2 4 -4 -5 -3
right_child=1 6 3 5 -6 -7 -8
leaf_value=0.020270414134638291 -0.021355327493846277 -0.040526692367053863 0.010622539261275305 0.039843865184256366 -0.032813511120252999 0.0087068352988151215 -0.00416851077157019
leaf_weight=13.831911377608774 9.47943317145109 9.0376964136958104 10.532113447785379 9.4547568969428522 8.2836690507829172 27.848297484219074 9.2270265594124812
leaf_count=97 59 55 69 78 50 199 45
internal_value=0 -0.00176384 0.00391489 0.00818346 -0.00850023 0.0165988 -0.0221592
internal_weight=0 83.863 65.5983 56.1188 18.8158 37.3031 18.2647
internal_count=652 555 455 396 119 277 100
is_linear=0
shrinkage=0.05


Tree=76
num_leaves=8
num_cat=0
split_feature=28 6 18 7 7 3 13
split_gain=2.97808 4.79462 2.75617 5.28948 3.47896 3.03651 3.39364
threshold=0.6670418813883775 51.544196047346581 -2.4999999999999996 34.13456093340033 23.501277333611757 2.2394172255378466 1.478355156218248
decision_type=2 2 2 2 2 2 2
left_child=1 -1 4 5 -2 6 -4
right_child=2 -3 3 -5 -6 -7 -8
leaf_value=-0.035849697861123596 0.042553813857579503 0.012236585563177992 -0.0057521434051883476 0.034086122894589004 -0.0024090491930306864 0.016753661520679423 -0.040328135287904229
leaf_weight=13.278333980590107 9.1627287529408949 8.5036638081073743 28.168635152280331 8.856286905705927 8.10987990349531 9.8219677060842496 9.4867658726870996
leaf_count=87 67 63 186 70 58 64 54
internal_value=0 -0.0170769 0.00396962 -0.00138786 0.0214427 -0.00800507 -0.0144631
internal_weight=0 21.782 73.6063 56.3337 17.2726 47.4774 37.6554
internal_count=649 150 499 374 125 304 240
is_linear=0
shrinkage=0.05


Tree=77
num_leaves=6
num_cat=0
split_feature=11 11 11 28 16
split_gain=2.35054 2.64335 3.91173 5.51752 2.41411
threshold=0.98625000000000018 0.92208333333333348 0.88666666666666683 0.7446918542024239 47.870960804279484
decision_type=2 2 2 2 2
left_child=1 2 3 -1 -5
right_child=-2 -3 -4 4 -6
leaf_value=-0.029393866113091478 0.025485805550202703 -0.023003579150225904 0.033141208829616527 -0.010487826791687763 0.012698087312891513
leaf_weight=15.595020640641449 7.8016134947538367 14.0781252682209 8.2250259518623334 17.142089158296585 32.5326820127666
leaf_count=99 57 90 63 115 214
internal_value=0 -0.00315552 0.000646426 -0.00344843 0.00469694
internal_weight=0 87.5729 73.4948 65.2698 49.6748
internal_count=638 581 491 428 329
is_linear=0
shrinkage=0.05


Tree=78
num_leaves=9
num_cat=0
split_feature=26 26 20 10 25 10 12 10
split_gain=3.25456 2.60373 4.90965 3.69745 3.3085 3.25715 3.2021 1.59938
threshold=2.6977923041467231 0.0095765975995346937 0.094537423384601207 0.12733639137209066 -4.9504735506325366 0.96062799638718688 3.0829045894675251 -1.251551962483797
decision_type=10 8 2 2 10 2 2 2
left_child=1 2 6 7 -4 -6 -1 -3
right_child=-2 3 4 -5 5 -7 -8 -9
leaf_value=-0.029610219413846936 0.027715730710315779 -0.015550258799612733 -0.012907404444036289 0.0036094860820886534 0.034657287617486918 -0.0084823295752861939 0.012629586581308375 -0.045538241431737563
leaf_weight=14.236745852977039 8.8092106208205205 8.8263760432600993 7.9969104230403927 14.123964305967091 18.130800530314449 5.7672936245799056 6.5514525696635237 8.9597804993391055
leaf_count=95 55 47 51 89 152 42 46 54
internal_value=0 -0.00421867 0.00260831 -0.0154899 0.014931 0.0242465 -0.0162982 -0.0306567
internal_weight=0 84.5933 52.6832 31.9101 31.895 23.8981 20.7882 17.7862
internal_count=631 576 386 190 245 194 141 101
is_linear=0
shrinkage=0.05


Tree=79
num_leaves=6
num_cat=0
split_feature=15 13 13 0 10
split_gain=3.00629 3.99584 4.56233 5.59154 3.20122
threshold=3.339925503298125 2.2604468892552396 1.478355156218248 0.81271894203676665 -0.25342577896163204
decision_type=2 2 2 2 2
left_child=1 2 3 4 -1
right_child=-2 -3 -4 -5 -6
leaf_value=0.0054697606332369947 -0.022303954331176493 0.034115124634592528 -0.035451717822799343 0.034654107406316768 -0.021664794954912751
leaf_weight=37.228109866380684 12.069364003837107 9.95817708596587 7.931270256638526 12.581576380878685 15.351763810962444
leaf_count=257 79 77 45 96 89
internal_value=0 0.00440196 0.000353827 0.00471198 -0.00245272
internal_weight=0 83.0509 73.0927 65.1615 52.5799
internal_count=643 564 487 442 346
is_linear=0
shrinkage=0.05


Tree=80
num_leaves=10
num_cat=0
split_feature=25 14 2 15 13 11 7 11 4
split_gain=3.45228 2.58754 4.59756 3.07301 2.60417 3.47546 4.30448 3.33989 2.05268
threshold=63.376574642244101 50.970571334651858 -0.87576909508040746 3.0849243451998762 -1.0054741083979877 0.93458333333333343 22.345140405974295 0.84750000000000014 2.6798624283773074
decision_type=10 2 2 2 2 2 2 2 2
left_child=1 4 -3 8 5 6 -1 -6 -4
right_child=-2 2 3 -5 7 -7 -8 -9 -10
leaf_value=-0.010104872295732285 -0.029995090996724823 0.047639812037187 0.0014650837737077455 -0.020651779147877247 -0.042840034167486961 -0.023138886819439153 0.033161033937238002 0.003285834002522494 0.034259347532787331
leaf_weight=10.373262390494348 8.6234228089451772 7.6851945444941512 11.56487443298102 8.7248061224818212 8.3097506798803824 8.7198572158813459 12.894779376685618 7.4365985393524161 8.1231962591409665
leaf_count=63 49 69 76 57 50 55 93 51 63
internal_value=0 0.00322833 0.0133297 0.00404944 -0.00441064 0.00378318 0.0138724 -0.021056 0.0149958
internal_weight=0 83.8323 36.0981 28.4129 47.7342 31.9879 23.268 15.7463 19.6881
internal_count=626 577 265 196 312 211 156 101 139
is_linear=0
shrinkage=0.05


Tree=81
num_leaves=6
num_cat=0
split_feature=26 4 14 28 29
split_gain=3.02405 3.47946 4.20356 4.6404 4.15117
threshold=2.1450252264549587 -6.4557996208816038 40.337640938249294 5.067342138996966 2.1381083513854899
decision_type=10 2 2 2 2
left_child=1 -1 -3 4 -4
right_child=-2 2 3 -5 -6
leaf_value=0.029224777683010933 0.024072443269749201 -0.035102709506309664 0.012474574593792606 -0.041624406532023372 -0.014274244115285193
leaf_weight=6.9818594679236403 10.290859147906302 11.814582660794256 35.953411050140858 6.8927332907915106 24.312790650874376
leaf_count=53 65 73 271 37 149
internal_value=0 -0.00460855 -0.00759967 -0.00276135 0.00168348
internal_weight=0 85.9554 78.9735 67.1589 60.2662
internal_count=648 583 530 457 420
is_linear=0
shrinkage=0.05


Tree=82
num_leaves=9
num_cat=0
split_feature=26 20 20 20 19 24 24 20
split_gain=3.70514 2.35046 4.57883 4.49543 3.43138 3.03543 4.34219 1.71554
threshold=3.276891349149206 0.22757334903715665 0.29645924721080169 0.16150895511527422 0.1518949484043832 6.421131904070843 17.175471907747859 0.065406586359053817
decision_type=10 2 2 2 2 10 10 2
left_child=1 3 -3 5 -4 7 -7 -1
right_child=-2 2 4 -5 -6 6 -8 -9
leaf_value=0.030611261087021904 0.034201375019689027 -0.04485162651688708 0.016330367876185775 0.03526851303429978 -0.021309963993257228 -0.037767229944519781 0.001072983517290532 -0.0033147677801528639
leaf_weight=8.6781494244933111 7.4604114890098563 8.4608530923724157 12.347824282944204 9.3817880749702436 11.880508136004208 10.383691944181917 23.439451076090336 6.5303192399442187
leaf_count=62 47 52 95 78 70 63 154 50
internal_value=0 -0.00244933 -0.0131851 0.00355862 -0.00212679 -0.0025088 -0.0108509 0.0160439
internal_weight=0 91.1026 32.6892 58.4134 24.2283 49.0316 33.8231 15.2085
internal_count=671 624 217 407 165 329 217 112
is_linear=0
shrinkage=0.05


Tree=83
num_leaves=9
num_cat=0
split_feature=25 10 6 16 14 26 24 14
split_gain=2.37221 2.87262 3.52556 7.10484 3.48211 2.80964 2.14132 2.0114
threshold=49.948942673322669 -2.6258698699109959 51.048611711342808 57.132928307542194 49.727714715946725 -0.0049057201503024846 19.492751878761748 43.429918788750776
decision_type=8 2 2 2 2 8 10 2
left_child=1 -1 4 6 7 -5 -4 -3
right_child=-2 2 3 5 -6 -7 -8 -9
leaf_value=0.030376993775056989 -0.018233191106422932 -0.011570240845536432 0.050276832728441329 -0.031571201018047515 0.011383206428407336 0.0090294624116356876 0.016887736630284932 -0.042029324381595512
leaf_weight=8.7330137863755208 15.204678021371363 15.77522522211075 8.5579838901758212 9.1195182800292951 11.536706257611511 7.9983982034027603 10.940783292055128 8.2570287324488145
leaf_count=59 85 101 65 62 99 52 77 50
internal_value=0 0.00329204 1.53036e-05 0.010906 -0.0111962 -0.0126004 0.0315422 -0.0220354
internal_weight=0 80.9187 72.1856 36.6167 35.569 17.1179 19.4988 24.0323
internal_count=650 565 506 256 250 114 142 151
is_linear=0
shrinkage=0.05


Tree=84
num_leaves=10
num_cat=0
split_feature=3 15 13 7 0 20 22 9 13
split_gain=3.13788 3.48191 2.88876 5.25714 4.30828 3.25074 2.39489 3.13805 2.74868
threshold=2.1845998598382335 3.0849243451998762 1.478355156218248 29.765424270496705 -0.34937871510682206 0.1923438900675874 1.5000000000000002 -2.0317448031495879 -1.1759945122416291
decision_type=2 2 2 2 2 2 2 2 2
left_child=2 -2 3 6 -4 -5 7 -1 -8
right_child=1 -3 4 5 -6 -7 8 -9 -10
leaf_value=0.0029283365924097186 0.043698302267595961 -0.0051166435156191903 0.0022166156069698627 -0.0015959602826815086 -0.048236177754460652 -0.045075222618296995 -0.019491579460385815 0.045374036766866993 0.010908402405929104
leaf_weight=9.9279040917754191 7.1641150191426259 7.4537057913839817 7.9331729374825981 7.9156324230134514 9.0677077248692495 9.4086622744798643 12.597451955080034 7.7564913965761653 18.14659346267581
leaf_count=65 54 51 64 57 48 58 78 60 125
internal_value=0 0.0188073 -0.00632136 -0.00157117 -0.0246932 -0.0252091 0.00688483 0.0215453 -0.00154807
internal_weight=0 14.6178 82.7536 65.7527 17.0009 17.3243 48.4284 17.6844 30.744
internal_count=660 105 555 443 112 115 328 125 203
is_linear=0
shrinkage=0.05


Tree=85
num_leaves=10
num_cat=0
split_feature=9 1 11 6 13 24 28 20 28
split_gain=1.91162 3.12162 3.69621 2.97232 7.65132 5.1062 2.53399 2.16653 2.08824
threshold=-2.1767956870536334 -1.544565309025981 0.87041666666666673 51.048611711342808 0.2408201267717314 6.8665174467412662 1.5076060679763612 0.096259909373976368 2.0453210439673595
decision_type=2 2 2 2 2 10 2 2 2
left_child=1 2 -1 6 -5 -6 -2 -7 -3
right_child=3 8 -4 4 5 7 -8 -9 -10
leaf_value=-0.02293199300157309 -0.032605119857622371 0.045912940005382069 0.025056397527228998 0.042278106510668968 0.016486753190057876 -0.04383166638575936 0.0019441001477491634 -0.0074255440883303969 0.0085310550846174685
leaf_weight=9.5956623740494305 12.42935471236706 8.0843411237001401 6.8964603580534449 10.264200296252964 12.154795918613674 8.4829382747411746 9.2620343491435033 7.8850801512598983 6.9456578008830538
leaf_count=62 74 64 49 81 86 49 65 51 50
internal_value=0 0.012156 -0.00286483 -0.00303055 0.00525876 -0.00806299 -0.0178529 -0.0262935 0.028638
internal_weight=0 31.5221 16.4921 60.4784 38.787 28.5228 21.6914 16.368 15.03
internal_count=631 225 111 406 267 186 139 100 114
is_linear=0
shrinkage=0.05


Tree=86
num_leaves=9
num_cat=0
split_feature=0 0 17 18 7 26 7 25
split_gain=1.75924 5.27418 6.64805 3.69898 4.39301 6.23059 3.82424 3.87426
threshold=1.2845343104289644 0.87461163745407378 0.6223641387996609 -1.4999999999999998 17.565338695145357 0.024679054376453475 17.844535447311699 16.950321487307644
decision_type=2 2 2 2 2 10 2 10
left_child=1 3 -3 4 -1 -6 -5 -8
right_child=-2 2 -4 6 5 -7 7 -9
leaf_value=0.035618551817964555 -0.018899709122957162 0.054507367415445353 -0.011029260518652393 -0.044860762524592174 0.011839772543111662 -0.042907766061449928 -0.022778076790077782 0.019621179491188377
leaf_weight=10.00637451186776 10.51834652200341 9.7280879803001898 6.4255237355828276 8.4213857129216212 18.676823005080227 7.2003482654690734 13.068226538598539 9.1673439592123014
leaf_count=75 66 75 45 48 145 39 81 61
internal_value=0 0.00281024 0.0284385 -0.00341136 0.00748508 -0.00339378 -0.0161655 -0.00529759
internal_weight=0 82.6941 16.1536 66.5405 35.8835 25.8772 30.657 22.2356
internal_count=635 569 120 449 259 184 190 142
is_linear=0
shrinkage=0.05


Tree=87
num_leaves=9
num_cat=0
split_feature=17 7 20 11 17 1 28 24
split_gain=5.41158 2.60483 5.1209 4.51437 5.9458 3.92235 2.16473 2.11717
threshold=0.74294770941306887 29.959491674283466 0.1923438900675874 0.88666666666666683 0.50892823070085125 1.4238549399173051 1.2381408349275433 16.452183425234463
decision_type=2 2 2 2 2 2 2 8
left_child=1 3 -3 4 7 -6 -5 -1
right_child=-2 2 -4 6 5 -7 -8 -9
leaf_value=-0.0039819413664389245 0.038239041538444395 0.002438679467891296 -0.048177908466862457 0.037858839929658876 -0.033111005840965491 0.0076132203597220824 0.0027456345014908162 0.031080810529450636
leaf_weight=7.9092651382088661 7.9573461525142184 10.988089442253115 9.1645158603787404 9.4593102075159567 21.265302076935772 8.1897133551537973 8.18952678889036 9.4483965821564215
leaf_count=49 64 80 61 74 132 55 54 65
internal_value=0 -0.00488952 -0.0205795 1.56388e-05 -0.00810883 -0.021788 0.0215654 0.015104
internal_weight=0 84.6141 20.1526 64.4615 46.8127 29.455 17.6488 17.3577
internal_count=634 570 141 429 301 187 128 114
is_linear=0
shrinkage=0.05


Tree=88
num_leaves=7
num_cat=0
split_feature=26 26 20 28 7 13
split_gain=3.63752 3.92679 3.12946 2.89091 2.41388 4.03523
threshold=0.67585238240303913 0.022461086312197343 0.10953735324394116 2.6240949240691855 30.140455644113647 1.478355156218248
decision_type=10 10 2 2 2 2
left_child=1 3 -3 4 5 -1
right_child=-2 2 -4 -5 -6 -7
leaf_value=0.011684314237354087 0.026311233723381344 -0.00088810128249677725 -0.041461287390674076 0.022674053045128147 -0.023101584622776047 -0.027220408832211412
leaf_weight=28.179442662745714 10.839689508080481 8.2933210656046885 11.131878867745398 12.912345517426727 12.289540771394966 8.7298445180058462
leaf_count=210 69 50 59 90 92 61
internal_value=0 -0.00451838 -0.0241391 0.00161798 -0.00390823 0.00248251
internal_weight=0 81.5364 19.4252 62.1112 49.1988 36.9093
internal_count=631 562 109 453 363 271
is_linear=0
shrinkage=0.05


Tree=89
num_leaves=9
num_cat=0
split_feature=24 11 3 17 3 26 20 11
split_gain=3.44169 3.95542 3.54763 3.0789 4.95508 6.369 3.44447 4.05817
threshold=33.272526296106825 0.74458333333333349 2.2394172255378466 0.50892823070085125 0.86860571867599867 0.010240224692489084 0.39687030941426321 0.8616666666666668
decision_type=8 2 2 2 2 10 2 2
left_child=2 -2 3 6 5 -5 7 -1
right_child=1 -3 -4 4 -6 -7 -8 -9
leaf_value=0.0435616070091151 -0.00014215446314392899 0.049505498338844517 0.023242845681551036 0.015351036226093628 -0.043951986421258131 -0.030764217147777714 -0.020682226914624527 -0.0069987690074837646
leaf_weight=8.9301887303590828 8.3156652636826056 7.7512043192982665 12.059180963784454 17.569564793258909 10.60949485003948 13.047353796660898 7.1206186860799781 7.143310271203517
leaf_count=66 53 57 90 142 66 74 43 50
internal_value=0 0.0238096 -0.00164685 -0.00630607 -0.014505 -0.00430091 0.00826713 0.0210918
internal_weight=0 16.0669 76.4797 64.4205 41.2264 30.6169 23.1941 16.0735
internal_count=641 110 531 441 282 216 159 116
is_linear=0
shrinkage=0.05


Tree=90
num_leaves=7
num_cat=0
split_feature=4 3 23 28 0 26
split_gain=3.53465 2.33334 3.84585 3.61218 5.40754 3.6363
threshold=-6.4557996208816038 -3.0418287797225538 -13.887385675854981 3.1243465244373909 1.0832241175276216 0.024679054376453475
decision_type=2 2 2 2 2 8
left_child=-1 -2 -3 4 -4 -5
right_child=1 2 3 5 -6 -7
leaf_value=0.030220287981225558 -0.031197943582524951 -0.030746013994316347 0.018884288808631602 0.0067173144884554075 -0.019684856663681825 -0.038949814566549876
leaf_weight=8.3046537563204748 7.1959084272384635 9.7697935253381711 38.009068548679352 8.4781949222087842 11.943448953330515 8.9720148444175738
leaf_count=60 39 57 289 55 85 47
internal_value=0 -0.00396734 -0.00142824 0.00282127 0.00966256 -0.0167624
internal_weight=0 84.3684 77.1725 67.4027 49.9525 17.4502
internal_count=632 572 533 476 374 102
is_linear=0
shrinkage=0.05


Tree=91
num_leaves=9
num_cat=0
split_feature=25 1 9 19 28 25 24 15
split_gain=3.06273 2.05011 3.26069 3.55926 5.05403 3.89671 2.23986 1.10974
threshold=63.376574642244101 -1.5851074540010963 -2.1700492341344035 0.1518949484043832 1.653965841996724 2.2473020946935676 16.881740964742658 -0.34339039066643312
decision_type=10 2 2 2 2 8 10 2
left_child=1 6 7 4 -4 -5 -1 -3
right_child=-2 2 3 5 -6 -7 -8 -9
leaf_value=-0.027420680187471104 -0.027989550419344558 0.016429427691538791 0.038846351929061239 -0.033743881190865029 -0.0055880325521210058 0.0045137448591581787 0.0081045701504035197 0.045008754319316349
leaf_weight=9.2206435240805167 7.7513375580310813 6.8182392492890358 13.012053124606611 10.063807584345339 12.592453841120003 19.654780026525263 8.5523677356541139 6.7687681317329389
leaf_count=56 45 45 109 58 89 123 62 63
internal_value=0 0.004815 0.00872009 0.00333005 0.0169932 -0.0084417 -0.0103259 0.0306671
internal_weight=0 86.6831 68.9101 55.3231 25.6045 29.7186 17.773 13.587
internal_count=650 605 487 379 198 181 118 108
is_linear=0
shrinkage=0.05


Tree=92
num_leaves=10
num_cat=0
split_feature=11 11 24 28 28 12 16 24 18
split_gain=2.64665 2.96212 2.75296 3.75712 5.30494 4.06317 2.5978 1.99306 1.74838
threshold=0.77708333333333346 0.72625000000000017 27.795486207154049 1.170154183397486 1.7408670642056685 3.0500531264128026 58.947315896555487 16.715338963566058 1.0000000180025095e-35
decision_type=2 2 10 2 2 2 2 8 2
left_child=1 6 3 7 -5 -6 -1 8 -2
right_child=2 -3 -4 4 5 -7 -8 -9 -10
leaf_value=-0.010358488959194412 0.034394520338121209 0.033599706711576083 0.017582643910761881 -0.055800592606079551 -0.029066437204369175 0.020857115201988012 0.020237561436154704 -0.015369361219499781 -0.0019660075793310806
leaf_weight=16.491630263626579 6.6253424212336522 10.48507000133395 10.12377445399761 8.7079835571348685 9.4923026748001593 7.1422181576490393 11.975582696497439 7.9974139183759716 6.5990809388458729
leaf_count=99 52 84 72 55 64 49 74 54 49
internal_value=0 0.0108806 -0.00604823 -0.0111859 -0.0241828 -0.0076312 0.00251265 0.00433452 0.0162504
internal_weight=0 38.9523 56.6881 46.5643 25.3425 16.6345 28.4672 21.2218 13.2244
internal_count=652 257 395 323 168 113 173 155 101
is_linear=0
shrinkage=0.05


Tree=93
num_leaves=7
num_cat=0
split_feature=13 13 25 21 22 23
split_gain=2.2162 3.79946 2.34865 2.13536 2.49247 1.87717
threshold=2.9136173507488752 1.9568546334295662 49.948942673322669 16.500000000000004 2.5000000000000004 -2.0540373141010195
decision_type=2 2 8 2 2 2
left_child=1 2 3 4 -1 -5
right_child=-2 -3 -4 5 -6 -7
leaf_value=-0.014297425652081145 -0.018193100269680209 0.035872401560769367 -0.023159409510703617 0.0063051335130682442 0.011463580683930413 0.038700092373732578
leaf_weight=23.034378852695227 14.269356377422808 8.0042144246399385 9.8241167068481428 15.216774899512531 15.850806485861538 6.3329715132713309
leaf_count=154 99 59 52 115 108 54
internal_value=0 0.00323287 -0.00048557 0.00320022 -0.00379644 0.0158253
internal_weight=0 78.2633 70.259 60.4349 38.8852 21.5497
internal_count=641 542 483 431 262 169
is_linear=0
shrinkage=0.05


Tree=94
num_leaves=9
num_cat=0
split_feature=10 11 23 25 6 12 1 25
split_gain=2.55345 4.76031 3.48461 5.53793 3.34445 3.0619 3.24889 2.95128
threshold=-0.39127433147443419 0.77916666666666679 -9.1733544388829991 13.09792362720388 32.921233550020027 2.4308836870003576 1.2707749169456648 1.8486963981314446
decision_type=2 2 2 8 2 2 2 10
left_child=1 -1 -2 -4 -3 -5 -7 -6
right_child=2 4 3 5 7 6 -8 -9
leaf_value=0.036693485185446871 -0.031886993565590729 -0.02362043068688871 0.029597889961914776 0.012432864511213827 -0.010208597998803415 -0.042378113297692262 -0.0045986427654259483 0.035161286348788012
leaf_weight=11.108365193009375 11.68645631149411 10.802492320537569 10.964161250740291 9.4802676364779455 6.943894509226082 10.209671601653101 12.856801580637692 7.4086927659809589
leaf_count=85 67 65 96 74 47 60 79 61
internal_value=0 0.00943255 -0.00764626 -0.00113552 -0.00260575 -0.0114888 -0.0213206 0.013211
internal_weight=0 36.2634 55.1974 43.5109 25.1551 32.5467 23.0665 14.3526
internal_count=634 258 376 309 173 213 139 108
is_linear=0
shrinkage=0.05


Tree=95
num_leaves=10
num_cat=0
split_feature=20 19 27 13 14 22 16 20 23
split_gain=1.97036 5.08811 5.13606 4.01801 6.61713 3.99678 6.09047 2.68503 2.49644
threshold=0.21535040213765552 0.32499053122075316 -0.1071198385355152 1.6219282914128006 50.140783764271994 2.5000000000000004 60.369826194151393 0.056395002458256634 -4.4637392016479884
decision_type=2 2 10 2 2 2 2 2 2
left_child=1 2 -1 4 8 6 -4 -7 -2
right_child=3 -3 5 -5 -6 7 -8 -9 -10
leaf_value=0.044100016436131519 -0.00085636458650339541 -0.0243105071813167 -0.03396675851032336 -0.042271428215433567 0.038499419075904991 -0.0023309250533056951 0.025637795464909793 0.038236057608157237 -0.035689022597763569
leaf_weight=9.5653701275587064 11.313571568578483 12.643620811402796 12.177118938416244 8.0709277503192407 7.3561235554516307 7.1928594820201424 6.6134299561381331 9.4217621609568578 9.4323860108852404
leaf_count=64 77 79 87 51 55 52 54 76 52
internal_value=0 0.00371231 0.011591 -0.0111764 -0.00224591 0.00280811 -0.0129886 0.0206737 -0.0166934
internal_weight=0 57.6142 44.9705 36.173 28.1021 35.4052 18.7905 16.6146 20.746
internal_count=647 412 333 235 184 269 141 128 129
is_linear=0
shrinkage=0.05


Tree=96
num_leaves=8
num_cat=0
split_feature=28 11 9 28 11 2 26
split_gain=2.89826 6.27822 3.83106 2.87284 2.83092 4.53469 3.13285
threshold=0.7446918542024239 0.88902515723270448 -2.5950616067205154 1.2114962316431515 0.79958333333333342 0.90273414605740421 0.015879885366981223
decision_type=2 2 2 2 2 2 8
left_child=1 -1 -2 -4 5 -5 -6
right_child=2 -3 3 4 6 -7 -8
leaf_value=-0.03436739414123452 0.039074470342719485 0.018203496448037863 0.025292667987239316 -0.0094998623836663205 -0.030476637306263855 0.034501185610499446 0.0083027013887332791
leaf_weight=14.501596033573152 7.9687604680657378 9.3349910825490934 10.814020145684479 14.288717798888685 14.092447049915789 9.9210992306470853 8.2611449435353297
leaf_count=95 62 70 84 98 94 65 50
internal_value=0 -0.0137793 0.00658858 0.00207684 -0.00331487 0.00853161 -0.0161451
internal_weight=0 23.8366 65.3462 57.3774 46.5634 24.2098 22.3536
internal_count=618 165 453 391 307 163 144
is_linear=0
shrinkage=0.05


Tree=97
num_leaves=7
num_cat=0
split_feature=26 3 6 13 14 3
split_gain=2.89767 2.67841 2.798 5.28231 2.84257 2.93898
threshold=3.426319334616188 2.9654547769588446 38.955265592275012 -3.2517009239823698 43.677997949862494 -0.041407668541286961
decision_type=8 2 2 2 2 2
left_child=1 2 3 -1 -4 -6
right_child=-2 -3 4 -5 5 -7
leaf_value=-0.021951187259772621 0.024848904084155649 0.019993855042146236 0.0060019315682272815 0.028492840644767717 -0.044489742886290609 -0.013545031228113041
leaf_weight=9.1180706769227999 8.5511801391839963 9.0884187668561918 12.86478305980563 12.045842140913008 10.025979604572049 32.694204583764083
leaf_count=56 53 70 89 93 71 219
internal_value=0 -0.0056724 -0.00871174 0.00675999 -0.0146026 -0.0208074
internal_weight=0 85.8373 76.7489 21.1639 55.585 42.7202
internal_count=651 598 528 149 379 290
is_linear=0
shrinkage=0.05


Tree=98
num_leaves=6
num_cat=0
split_feature=20 24 22 24 28
split_gain=1.39346 1.88417 2.626 1.7569 2.41338
threshold=0.52187192434119634 39.864782000464565 1.0000000180025095e-35 25.230315903883952 1.1170076500004968
decision_type=2 8 2 8 2
left_child=1 2 -1 4 -4
right_child=-2 -3 3 -5 -6
leaf_value=0.024204367818831798 -0.01770870802548993 0.023135785353174954 0.016802158903044422 -0.01950822871146568 -0.006644989625879465
leaf_weight=10.205042582005261 8.4697880856692773 10.729068897664545 16.436374511569745 13.001771084964266 33.025663185864687
leaf_count=78 49 73 133 88 222
internal_value=0 0.00357685 0.000689105 -0.00315271 0.00114656
internal_weight=0 83.3979 72.6689 62.4638 49.462
internal_count=643 594 521 443 355
is_linear=0
shrinkage=0.05


Tree=99
num_leaves=7
num_cat=0
split_feature=4 6 6 6 24 25
split_gain=2.14977 3.57314 1.62611 2.2499 4.93336 3.35595
threshold=-6.4557996208816038 33.787239477653799 38.955265592275012 51.421822483613468 10.069871728984742 6.0547052882903136
decision_type=2 2 2 2 8 10
left_child=-1 -2 -3 5 -5 -4
right_child=1 2 3 4 -6 -7
leaf_value=0.023267531806907396 -0.027862915671719335 0.022043265920245178 0.012812570741906538 0.02625653244884418 -0.0096866473312774443 -0.025907675079154154
leaf_weight=8.3902449980378133 12.575788699090479 8.1546532809734327 8.3208217099308985 16.860562827438123 22.007450714707367 17.088695682585239
leaf_count=63 72 64 59 133 146 114
internal_value=0 -0.00326133 0.00101004 -0.00165837 0.00590515 -0.013228
internal_weight=0 85.008 72.4322 64.2775 38.868 25.4095
internal_count=651 588 516 452 279 173
is_linear=0
shrinkage=0.05


Tree=100
num_leaves=9
num_cat=0
split_feature=9 13 26 28 18 10 14 6
split_gain=3.10877 3.67327 3.52905 5.78167 3.43285 1.82023 3.39647 2.45356
threshold=2.1381083513854899 0.2408201267717314 0.065283324126712977 0.6670418813883775 2.5000000000000004 -0.25342577896163204 55.09421515526406 34.048703496194257
decision_type=2 2 10 2 2 2 2 2
left_child=2 -2 3 -1 -3 7 -7 -5
right_child=1 4 -4 5 -6 6 -8 -9
leaf_value=-0.01382131475405555 0.013364220880353632 -0.044576282205649215 -0.013045552223547219 0.02003173435429937 -0.0046026963089152049 -0.011756028135860718 0.033510876807173483 0.057658916957277533
leaf_weight=12.561844769865273 10.737893883138893 9.6711627021431941 14.450711250305174 9.5333474278449994 12.079076312482355 7.247768219560391 9.6761717870831472 7.9414361491799346
leaf_count=89 80 51 85 64 73 46 84 79
internal_value=0 -0.0105638 0.00856158 0.0152105 -0.0223768 0.0258125 0.0141251 0.0371315
internal_weight=0 32.4881 61.4113 46.9606 21.7502 34.3987 16.9239 17.4748
internal_count=651 204 447 362 124 273 130 143
is_linear=0
shrinkage=0.05


Tree=101
num_leaves=8
num_cat=0
split_feature=26 19 7 19 7 7 0
split_gain=3.6059 2.44595 4.99728 2.27857 2.15671 2.57356 2.49722
threshold=2.3160485781904137 0.028798396428569368 21.930155278721028 0.058651200268036156 18.379226143314636 26.615897129244335 -0.60179718680906336
decision_type=10 2 2 2 2 2 2
left_child=1 2 -1 -3 6 -6 -5
right_child=-2 3 -4 4 5 -7 -8
leaf_value=0.0086608143310303622 0.030649094341636984 0.028196067193826259 -0.047601628470082417 0.0060650638023822959 0.016983711714523658 -0.0086062622102720514 -0.032119263683666716
leaf_weight=7.4933685176074496 8.6283145993947965 6.8643405288457862 8.3386380299925786 7.1713472567498711 19.73798394203186 19.562980655580759 10.626662462949751
leaf_count=60 59 59 57 50 136 145 58
internal_value=0 -0.0033768 -0.0209723 0.000978398 -0.00229366 0.0042457 -0.0167337
internal_weight=0 79.7953 15.832 63.9633 57.099 39.301 17.798
internal_count=624 565 117 448 389 281 108
is_linear=0
shrinkage=0.05


Tree=102
num_leaves=8
num_cat=0
split_feature=18 20 13 7 7 6 15
split_gain=2.64271 4.74152 2.75592 4.18117 3.87083 2.94232 1.82583
threshold=2.5000000000000004 0.12792705349760816 1.478355156218248 16.878820397827806 23.274440264496217 50.424756811599444 -0.81025568780588997
decision_type=2 2 2 2 2 2 2
left_child=2 -2 3 -1 -4 6 -5
right_child=1 -3 4 5 -6 -7 -8
leaf_value=0.034102895120071607 0.040852570225899776 -0.00670797083525357 -0.041390762957579055 -0.016368916233923919 0.0058874231304030062 0.026404183750353135 0.0078270022635387564
leaf_weight=9.908254645764826 11.573311608284714 9.5767568387091142 8.8062719814479369 22.885470792651173 8.5159706734120828 7.5028984881937495 11.825677663087847
leaf_count=81 84 66 49 140 73 60 84
internal_value=0 0.0193171 -0.000869814 0.00487234 -0.0181478 -0.0019885 -0.00812565
internal_weight=0 21.1501 69.4445 52.1223 17.3222 42.214 34.7111
internal_count=637 150 487 365 122 284 224
is_linear=0
shrinkage=0.05


Tree=103
num_leaves=6
num_cat=0
split_feature=7 14 3 0 0
split_gain=3.21868 2.18865 3.46067 2.86465 4.16172
threshold=41.766404609160119 33.180138161455787 -2.2182951714268708 -1.1727052253130363 -0.87938812831184632
decision_type=2 2 2 2 2
left_child=1 -1 -3 -4 -5
right_child=-2 2 3 4 -6
leaf_value=-0.028364172485131501 0.030223515706951604 0.027949337119055107 -0.03409612832347677 0.032357472449350069 -0.0067346070988327164
leaf_weight=8.3214712515473348 7.470272682607173 8.8936896771192533 7.6252289973199288 7.854147806763641 51.126483857631698
leaf_count=50 60 64 51 67 349
internal_value=0 -0.00402794 -0.00134563 -0.0052573 -0.00152892
internal_weight=0 83.821 75.4996 66.6059 58.9806
internal_count=641 581 531 467 416
is_linear=0
shrinkage=0.05


Tree=104
num_leaves=7
num_cat=0
split_feature=11 11 16 24 7 28
split_gain=2.87453 2.95398 3.51022 3.82676 2.82026 2.554
threshold=0.98541666666666672 0.93458333333333343 36.348386412976417 10.069871728984742 24.228769483654887 1.5076060679763612
decision_type=2 2 2 10 2 2
left_child=1 2 -1 5 -5 -4
right_child=-2 -3 3 4 -6 -7
leaf_value=0.024506276471448291 0.027639268872404466 -0.028665581989686002 -0.01034733994857108 -0.026812301540603347 0.0044562225420673616 0.021563540484525138
leaf_weight=12.113972973078488 8.077406093478201 10.294795654714106 10.276382230222227 21.853017318993807 10.763026956468819 16.084018960595131
leaf_count=90 63 66 74 139 82 112
internal_value=0 -0.00363346 -8.49203e-06 -0.00504391 -0.0164939 0.00912335
internal_weight=0 81.3852 71.0904 58.9764 32.616 26.3604
internal_count=626 563 497 407 221 186
is_linear=0
shrinkage=0.05


Tree=105
num_leaves=8
num_cat=0
split_feature=3 26 14 13 28 28 19
split_gain=4.16676 2.74124 2.38176 4.30858 3.51046 3.48644 3.38453
threshold=2.9654547769588446 3.276891349149206 46.398544881849411 -0.23672057644039535 1.2146617269070801 0.75151810065346791 0.15258479132295771
decision_type=2 8 2 2 2 2 2
left_child=1 2 5 -4 -5 -1 -7
right_child=-2 -3 3 4 -6 6 -8
leaf_value=-0.020800523127713293 0.032353711887753094 0.021971712951099679 -0.04938992253839411 0.01331313637114291 -0.019711869869446765 0.031376824938334436 -0.0083618427327823742
leaf_weight=11.214844156056641 7.9877801835536948 8.251649007201193 7.9067017361521712 12.105681527405975 23.998845014721155 11.940494187176229 9.7196713685989362
leaf_count=70 66 54 53 101 152 92 67
internal_value=0 -0.00541475 -0.00835394 -0.0159598 -0.00863874 0.00182831 0.0135447
internal_weight=0 85.1379 76.8862 44.0112 36.1045 32.875 21.6602
internal_count=655 589 535 306 253 229 159
is_linear=0
shrinkage=0.05


Tree=106
num_leaves=9
num_cat=0
split_feature=20 20 7 13 24 14 16 7
split_gain=2.94081 1.86296 5.43475 7.93609 4.12896 3.22415 4.43382 1.17023
threshold=0.0025680740256145101 0.18725147292373137 33.663715129652232 1.6219282914128006 12.517171310691664 42.137817494312415 53.931121473246826 22.300600356259377
decision_type=2 2 2 2 8 2 2 2
left_child=-1 5 3 4 -3 -2 -7 -8
right_child=1 2 -4 -5 -6 6 7 -9
leaf_value=-0.030191400816971761 0.033346684711225129 -0.0051357284884831142 -0.044570730449976476 -0.040411683983522656 0.036909463600533744 -0.021685720465787543 0.031445617162736576 0.0050236368195609527
leaf_weight=8.3521479181945306 9.9118860848247987 11.015100296586754 7.6359434239566317 8.0413821674883348 12.426396958529951 12.86660059168935 7.8241467177867916 9.0238245874643308
leaf_count=56 72 72 51 48 99 84 60 79
internal_value=0 0.00101149 -0.00672884 0.00244944 0.0171525 0.00865267 0.000415488 0.0172939
internal_weight=0 78.7453 39.1188 31.4829 23.4415 39.6265 29.7146 16.848
internal_count=621 565 270 219 171 295 223 139
is_linear=0
shrinkage=0.05


Tree=107
num_leaves=8
num_cat=0
split_feature=19 23 7 9 9 13 12
split_gain=2.76983 2.84569 2.20774 2.03278 3.40107 2.37514 1.1617
threshold=0.012432684289477561 -16.638307420409895 17.649175311613632 2.0747775452856327 -2.5104857164048648 0.80723891781512813 2.7913826583457957
decision_type=2 2 2 2 2 2 2
left_child=-1 -2 6 4 -4 -5 -3
right_child=1 2 3 5 -6 -7 -8
leaf_value=-0.018700800555822912 -0.018908992904182503 0.013448177660473404 0.027644018250217811 0.035553698887446812 -0.013641228437179687 0.0015222795097012693 0.042009418922859323
leaf_weight=13.847224686294792 10.14394813030958 7.5526096895337087 6.473760392516847 9.1211889758706111 21.742228027433164 11.708456486463545 6.735105536878109
leaf_count=98 61 57 51 72 156 76 48
internal_value=0 0.00567768 0.00961567 0.00457708 -0.00416891 0.0164245 0.0269117
internal_weight=0 73.4773 63.3333 49.0456 28.216 20.8296 14.2877
internal_count=619 521 460 355 207 148 105
is_linear=0
shrinkage=0.05


Tree=108
num_leaves=9
num_cat=0
split_feature=7 7 7 19 28 22 20 1
split_gain=2.82558 3.06173 2.44025 4.43871 4.09213 2.19278 3.38488 3.628
threshold=21.727863119555138 23.274440264496217 30.140455644113647 0.1518949484043832 2.1986013582896287 3.5000000000000004 0.11413641938167983 -0.81899448357013049
decision_type=2 2 2 2 2 2 2 2
left_child=5 -2 4 -4 -3 6 -1 -8
right_child=1 2 3 -5 -6 -7 7 -9
leaf_value=0.024143998059970473 -0.035307988364751026 0.029877987849027766 0.012808701981886571 -0.033083450094292942 -0.015083898331592335 0.034409465285310088 0.01285191055715588 -0.029530925344166993
leaf_weight=14.512803453952072 7.68168070167303 12.173973619937899 9.4208088964223879 11.955304630100725 8.6607557497918588 8.2386490218341333 10.514489777386187 9.7141847386956233
leaf_count=98 49 97 79 80 56 57 81 57
internal_value=0 -0.00627315 -0.000989284 -0.012858 0.0111879 0.0112179 0.00571822 -0.00750111
internal_weight=0 49.8925 42.2108 21.3761 20.8347 42.9801 34.7415 20.2287
internal_count=654 361 312 159 153 293 236 138
is_linear=0
shrinkage=0.05


Tree=109
num_leaves=7
num_cat=0
split_feature=3 10 9 12 26 26
split_gain=3.88335 3.55959 3.8197 3.48477 3.96115 1.31872
threshold=2.2394172255378466 1.0486630128862553 2.2331941896779326 3.8528542374493591 -0.0061649718951690613 -0.0020305021351267969
decision_type=2 2 2 2 10 10
left_child=1 2 3 4 -1 -2
right_child=5 -3 -4 -5 -6 -7
leaf_value=0.0092939642648310235 0.013542049668543141 -0.028742396158672658 0.033993373778099023 0.030420230916057341 -0.019064968384808544 0.045501506578554396
leaf_weight=21.590485796332352 7.4223269410431385 10.695383306592701 8.3335258997976762 7.1531796082854262 28.65745662897826 5.7113511525094491
leaf_count=176 56 68 66 47 181 46
internal_value=0 -0.00199159 0.00236091 -0.00223151 -0.00687973 0.02744
internal_weight=0 76.43 65.7346 57.4011 50.2479 13.1337
internal_count=640 538 470 404 357 102
is_linear=0
shrinkage=0.05


Tree=110
num_leaves=9
num_cat=0
split_feature=7 7 17 17 16 10 7 17
split_gain=1.83354 2.83645 4.18991 2.72455 2.58209 4.5546 2.75061 2.47805
threshold=29.959491674283466 34.13456093340033 0.53757002479815819 0.50892823070085125 42.570332390111318 1.2793780945988937 22.231661098189459 0.41624340414984079
decision_type=2 2 2 2 2 2 2 2
left_child=3 -2 -3 7 -5 6 -6 -1
right_child=1 2 -4 4 5 -7 -8 -9
leaf_value=0.00067813716321536049 -0.039187459218586622 -0.023267011252410021 0.029529195245023756 0.01511348104948218 -0.0088332987918508868 0.017890076372787431 -0.045267244595820016 0.034367311691617816
leaf_weight=10.157625988125803 6.7837635688483742 8.6546881273388845 6.6416399218142024 14.047254361212252 12.888225056231027 9.6258139200508577 8.6618924438953382 11.798900999128817
leaf_count=65 44 58 57 94 96 69 55 92
internal_value=0 -0.0122773 -0.000342987 0.0043309 -0.00268526 -0.010705 -0.0234776 0.0187819
internal_weight=0 22.0801 15.2963 67.1797 45.2232 31.1759 21.5501 21.9565
internal_count=630 159 115 471 314 220 151 157
is_linear=0
shrinkage=0.05


Tree=111
num_leaves=7
num_cat=0
split_feature=9 4 9 10 10 19
split_gain=2.50985 5.47742 3.40276 2.37078 4.24528 3.4024
threshold=-2.3905576454714157 -1.5596606194818017 -2.1767956870536334 1.6940724780191447 1.0486630128862553 0.1518949484043832
decision_type=2 2 2 2 2 2
left_child=1 -1 -2 4 5 -4
right_child=2 -3 3 -5 -6 -7
leaf_value=0.010378316212838572 0.028082204942311381 -0.046739476495141249 0.016009027948282722 0.019011546701193097 -0.039965205296683869 -0.013786066913250784
leaf_weight=8.5875066630542296 12.111988268792627 8.2102862820029241 18.57885373942554 11.724632397294043 7.7334195710718623 19.785268925130367
leaf_count=58 96 62 150 83 47 125
internal_value=0 -0.0175392 0.00398425 -0.00106354 -0.00616951 0.000643006
internal_weight=0 16.7978 69.9342 57.8222 46.0975 38.3641
internal_count=621 120 501 405 322 275
is_linear=0
shrinkage=0.05


Tree=112
num_leaves=9
num_cat=0
split_feature=6 22 26 25 7 15 6 29
split_gain=2.55814 3.24191 3.16826 2.96486 2.99349 2.31841 2.33656 3.51053
threshold=47.427846232451607 1.0000000180025095e-35 0.01892089381605427 19.088843115955552 21.174845771286517 3.0849243451998762 51.544196047346581 2.1493526419191991
decision_type=2 2 8 10 2 2 2 2
left_child=2 -2 3 4 -1 6 -3 -8
right_child=1 5 -4 -5 -6 -7 7 -9
leaf_value=0.029939150557111889 0.018826183688940429 -0.035103697411927565 -0.011949018888732057 0.043845213467927871 -0.01163216131321881 -0.037284403855514583 0.026703501796973273 -0.015062257697466495
leaf_weight=7.4806883335113588 7.6100051850080481 7.0593083389103439 15.430714860558508 7.234703090041875 10.283143144100903 10.263956379145382 7.2348441593349007 16.518139995634556
leaf_count=66 55 45 88 62 79 66 61 112
internal_value=0 -0.0111496 0.00586643 0.0168633 0.00587431 -0.016703 -0.00984713 -0.00234096
internal_weight=0 48.6863 40.4292 24.9985 17.7638 41.0762 30.8123 23.753
internal_count=634 339 295 207 145 284 218 173
is_linear=0
shrinkage=0.05


Tree=113
num_leaves=10
num_cat=0
split_feature=10 13 4 28 27 3 9 24 27
split_gain=3.07647 4.82748 2.81441 2.69593 2.58924 2.46094 2.3462 2.31038 2.2165
threshold=-0.27097780945722411 -0.70718739828202548 -4.3578221797386805 1.2146617269070801 0.09228881223631745 2.1845998598382335 -2.1290428951187432 21.48479405210146 0.585579981756991
decision_type=2 2 2 2 8 2 2 8 10
left_child=1 2 4 7 -1 8 -4 -2 -5
right_child=3 -3 6 5 -6 -7 -8 -9 -10
leaf_value=0.00010149036383960165 0.024595948322528292 0.048602486655036803 -0.028267643707162456 -0.0060990794738529953 0.041452902496653517 0.0058514014357065099 0.010460387554418245 -0.013012992713305286 -0.035749396330219264
leaf_weight=8.6134393326938135 10.05338319391012 7.1217662505805484 9.1394565850496274 10.98466617614031 6.7538949884474286 10.250455249100922 6.8355647549033174 6.8768974281847504 14.789008896797894
leaf_count=60 87 66 58 71 52 73 49 46 81
internal_value=0 0.0114426 0.00299896 -0.00713692 0.0182753 -0.014871 -0.0116963 0.0093196 -0.0231125
internal_weight=0 38.4641 31.3424 52.9544 15.3673 36.0241 15.975 16.9303 25.7737
internal_count=643 285 219 358 112 225 107 133 152
is_linear=0
shrinkage=0.05


Tree=114
num_leaves=8
num_cat=0
split_feature=0 3 24 14 14 10 22
split_gain=2.61018 4.86322 2.22582 2.36522 3.10415 2.35203 2.64567
threshold=1.2969506666294202 2.2394172255378466 20.18328425148048 33.878367563199248 46.398544881849411 -1.1398212658305471 2.5000000000000004
decision_type=2 2 10 2 2 2 2
left_child=1 2 3 -1 -5 -4 -7
right_child=-2 -3 5 4 -6 6 -8
leaf_value=-0.035115686568183632 -0.025740189378470325 0.040900929657310361 0.028942903283283986 0.018322456534329776 -0.012721434788615624 -0.016856244363464067 0.020411700020964478
leaf_weight=7.2614154294133177 9.8130435161292535 7.1672206483781329 9.6165510527789611 11.145156629383562 29.019060425460339 11.376314036548139 8.1909028589725477
leaf_count=42 65 62 75 79 201 77 60
internal_value=0 0.00151544 -0.00216929 -0.00885485 -0.00410707 0.00869522 -0.00125576
internal_weight=0 83.7766 76.6094 47.4256 40.1642 29.1838 19.5672
internal_count=661 596 534 322 280 212 137
is_linear=0
shrinkage=0.05


Tree=115
num_leaves=9
num_cat=0
split_feature=28 9 2 7 13 3 9 0
split_gain=1.6984 2.72032 3.9073 3.28615 3.04656 5.0618 2.8528 3.05667
threshold=0.31503707695251387 2.1381083513854899 -0.15065456836590826 23.060151283577362 0.57924444178663537 -1.0656082989130164 2.2240511615662091 1.2845343104289644
decision_type=2 2 2 2 2 2 2 2
left_child=-1 2 4 -4 5 -2 -3 -8
right_child=1 6 3 -5 -6 -7 7 -9
leaf_value=-0.020950501350744031 0.0041939436062782024 -0.036742341672638568 0.0082278466722855177 0.05820609057087002 0.023913095841311433 -0.043903916835311918 0.012940318681236974 -0.025300091105306951
leaf_weight=9.3131855465471727 22.279354725033041 7.6857613697648075 6.926585912704466 6.2628704942762852 10.346893034875391 7.2501544300466838 13.919713638722898 8.3666904531419259
leaf_count=67 156 44 50 63 85 45 92 53
internal_value=0 0.0015672 0.00836852 0.0319595 0.000565608 -0.00761516 -0.0104746 -0.00141577
internal_weight=0 83.038 53.0659 13.1895 39.8764 29.5295 29.9722 22.2864
internal_count=655 588 399 113 286 201 189 145
is_linear=0
shrinkage=0.05


Tree=116
num_leaves=8
num_cat=0
split_feature=0 13 27 17 26 17 0
split_gain=1.88144 5.53984 3.31167 4.05205 4.12783 3.16952 2.841
threshold=0.81271894203676665 0.70490324391198023 -0.52016604731341742 0.44624519499361254 -0.0516678409851749 0.55726789729733373 1.2969506666294202
decision_type=2 2 8 2 10 2 2
left_child=2 -2 -1 -4 -5 -6 -3
right_child=1 6 3 4 5 -7 -8
leaf_value=-0.034631917749691883 0.047478147635434995 0.013134390489991108 0.028241355350116838 0.024976286517509317 -0.031046471054936658 0.00043019899182729327 -0.025115278714789677
leaf_weight=7.3345932811498642 8.0907494910061377 12.832992121577265 10.968978703022001 8.5033758915960771 14.940469790250061 17.209799513220787 7.8085320666432372
leaf_count=40 75 88 82 68 97 133 49
internal_value=0 0.0124102 -0.00319375 0.00127301 -0.00600346 -0.0141972 -0.00133517
internal_weight=0 28.7323 58.9572 51.6226 40.6536 32.1503 20.6415
internal_count=632 212 420 380 298 230 137
is_linear=0
shrinkage=0.05


Tree=117
num_leaves=9
num_cat=0
split_feature=4 9 27 24 27 17 28 19
split_gain=2.08972 4.07075 2.9139 2.71246 4.10877 3.03638 3.36576 2.92483
threshold=-4.3578221797386805 -2.3905576454714157 0.09228881223631745 10.365468006694149 0.35618504489033753 0.5645959938147157 2.4735718894151177 0.079206157733413454
decision_type=2 2 8 8 8 2 2 2
left_child=2 -2 -1 5 7 6 -3 -5
right_child=1 3 -4 4 -6 -7 -8 -9
leaf_value=-0.0023401774069245766 -0.029652510859359018 -0.021467679036187442 0.039973477791924866 -0.01853262281612187 -0.029027908895004902 0.033938741722961914 0.024848230922352832 0.021241158571519189
leaf_weight=10.032002922147511 13.361628478392957 8.8039004709571618 6.8446805290877846 7.4098704978823688 14.16893847286701 10.385214406996964 7.0744734667241564 12.286023255437611
leaf_count=67 95 65 58 58 83 88 45 93
internal_value=0 -0.00468915 0.014821 0.000858169 -0.00849405 0.0129171 -0.000832022 0.00627771
internal_weight=0 73.49 16.8767 60.1284 33.8648 26.2636 15.8784 19.6959
internal_count=652 527 125 432 234 198 110 151
is_linear=0
shrinkage=0.05


Tree=118
num_leaves=10
num_cat=0
split_feature=12 23 7 23 24 11 12 28 25
split_gain=2.39627 4.35062 4.00251 3.67617 3.52993 3.1106 2.99419 4.23867 2.40279
threshold=2.6087173202408409 6.3558943098933192 17.927215169640778 -6.1668761889123571 22.199041845583078 0.8616666666666668 3.0755306000911009 1.9679180594554218 -0.90116915207813852
decision_type=2 2 2 2 8 2 2 2 8
left_child=1 2 -1 8 6 -4 -5 -8 -2
right_child=3 -3 5 4 -6 -7 7 -9 -10
leaf_value=-0.03308343299367094 -0.0054093363435010824 0.037417751037218762 0.030889306772780817 -0.02738093905725832 -0.043595583954454085 -0.01364342290470149 -0.018501957839271901 0.030217020103011277 0.032612345028213745
leaf_weight=7.5814285054802921 9.8017758615314943 9.1724778860807401 8.8134459089487773 12.637870609760286 9.5309442244470102 7.064268182963132 9.4976576343178767 8.4246035441756231 7.2129513062536743
leaf_count=48 65 83 67 82 62 48 66 60 60
internal_value=0 0.00822068 -0.00319531 -0.0087643 -0.0170288 0.0110759 -0.00874327 0.00439906 0.010709
internal_weight=0 32.6316 23.4591 57.1058 40.0911 15.8777 30.5601 17.9223 17.0147
internal_count=641 246 163 395 270 115 208 126 125
is_linear=0
shrinkage=0.05


Tree=119
num_leaves=8
num_cat=0
split_feature=16 0 24 12 27 0 4
split_gain=2.55797 2.8981 3.53439 3.10936 3.85945 1.86379 2.03727
threshold=44.747570762575833 1.2969506666294202 30.08928562140898 3.0586038122360537 0.87497844854869367 0.73064445228858788 -4.3578221797386805
decision_type=2 2 8 2 10 2 2
left_child=5 2 3 4 -2 6 -1
right_child=1 -3 -4 -5 -6 -7 -8
leaf_value=-0.0061028812085781887 -0.023121253742399744 -0.024825944519946411 0.040807876862193775 0.023356080616795633 0.01469992840146617 0.0078183216171695737 -0.032628495130213958
leaf_weight=14.203974630683661 15.848536118865015 7.8440537862479678 6.9888446182012549 12.122362602502106 11.743120316416023 7.8701457735151044 14.761322677135468
leaf_count=98 114 49 52 89 94 62 84
internal_value=0 0.00329587 0.00801912 0.00224898 -0.00702441 -0.0137583 -0.0196209
internal_weight=0 54.5469 46.7029 39.714 27.5917 36.8354 28.9653
internal_count=642 398 349 297 208 244 182
is_linear=0
shrinkage=0.05


Tree=120
num_leaves=6
num_cat=0
split_feature=26 9 9 9 19
split_gain=3.23956 2.46794 4.89532 2.31472 3.01627
threshold=0.31506405527797748 -2.5950616067205154 -2.3905576454714157 -2.2220364122232636 0.1518949484043832
decision_type=10 2 2 2 2
left_child=1 -1 -3 -4 -5
right_child=-2 2 3 4 -6
leaf_value=0.021066384512436854 0.023349815767313022 -0.046842477080524692 0.024185907244390167 0.0053313101986738375 -0.017944061359768379
leaf_weight=8.29933296702802 11.84878198802471 7.1919497102498999 6.8310795277357022 27.035902518779046 28.690358679741621
leaf_count=64 78 48 56 219 178
internal_value=0 -0.00470887 -0.00777582 -0.00328449 -0.00665189
internal_weight=0 78.0486 69.7493 62.5573 55.7263
internal_count=643 565 501 453 397
is_linear=0
shrinkage=0.05


Tree=121
num_leaves=9
num_cat=0
split_feature=28 18 6 21 26 1 21 7
split_gain=2.51667 2.98069 2.95758 2.30238 6.70172 2.5299 2.37664 1.54616
threshold=0.69459190607108801 -3.4999999999999996 51.544196047346581 16.500000000000004 0.020041096149057729 1.6270241196097663 13.500000000000002 22.459491267471702
decision_type=2 2 2 2 8 2 2 2
left_child=2 -2 -1 5 7 6 -3 -5
right_child=1 3 -4 4 -6 -7 -8 -9
leaf_value=-0.028940475849966792 0.033715038516532514 0.022108562818342274 0.0088855685924747723 0.020362067775430821 -0.016374964991723692 -0.030508292311869953 -0.0083050345179300107 0.056797332693047799
leaf_weight=13.323516987264158 8.1077545583248121 9.1556261107325572 8.4419996067881566 5.4032755494117719 9.5853799805045146 8.1901411786675435 21.525106199085712 6.3144758772104979
leaf_count=84 64 55 70 43 64 47 148 70
internal_value=0 0.00525534 -0.0142692 0.00142073 0.014632 -0.00581968 0.000770874 0.0399963
internal_weight=0 68.2818 21.7655 60.174 21.3031 38.8709 30.6807 11.7178
internal_count=645 491 154 427 177 250 203 113
is_linear=0
shrinkage=0.05


Tree=122
num_leaves=7
num_cat=0
split_feature=26 14 15 26 7 2
split_gain=2.45136 2.38478 5.30888 2.42801 3.64368 2.86352
threshold=2.6977923041467231 67.009588741184615 3.0849243451998762 0.0058522145267798234 20.804006352918748 -1.0536217553170013
decision_type=8 2 2 10 2 2
left_child=1 2 3 4 -1 -5
right_child=-2 -3 -4 5 -6 -7
leaf_value=0.026223921274070673 0.023308145839395254 0.024841004955019161 -0.046328450566361777 -0.033023142698962137 -0.0048960176904545398 0.0006597220583576572
leaf_weight=15.200891729444264 10.366416677832602 7.24788475036621 7.0955139547586432 10.390507433563473 24.673025460913777 16.06690975278616
leaf_count=127 68 59 43 60 195 104
internal_value=0 -0.00252098 -0.00522185 -0.000824649 0.00696765 -0.0125684
internal_weight=0 80.6747 73.4268 66.3313 39.8739 26.4574
internal_count=656 588 529 486 322 164
is_linear=0
shrinkage=0.05


Tree=123
num_leaves=11
num_cat=0
split_feature=21 23 20 27 13 13 12 29 29 13
split_gain=2.02332 2.7237 8.1759 4.47946 2.60354 2.24593 4.44848 4.28336 3.14652 2.53414
threshold=15.500000000000002 3.9577838597899624 0.13992544200915016 0.035735469782492597 1.6803827405749614 -1.4098627079886554 3.0366026680216276 2.0687135043759701 -2.0724963666030569 0.70490324391198023
decision_type=2 2 2 10 2 2 2 2 2 2
left_child=1 2 -1 -4 -3 8 7 9 -2 -7
right_child=5 4 3 -5 -6 6 -8 -9 -10 -11
leaf_value=0.034564307733408448 0.0039439794363759027 -0.042936105441975618 -0.052202216620267708 0.0011114717924192391 -0.0026643609631315543 -0.016059720098669999 0.02845196982895612 -0.040163403966655326 0.052174054246906444 0.027916700228221816
leaf_weight=11.302027352154257 8.0604915134608728 8.527588505297901 6.6871683783829239 9.590351037681101 7.5812920816242686 6.717554755508905 9.5347991734743101 8.5119996219873411 5.8258725833147755 6.3940592315047979
leaf_count=80 59 49 36 71 52 48 82 56 50 67
internal_value=0 -0.00764778 0.00189347 -0.020791 -0.0239831 0.0074544 1.02459e-06 -0.0125442 0.0241784 0.00538599
internal_weight=0 43.6884 27.5795 16.2775 16.1089 45.0448 31.1584 21.6236 13.8864 13.1116
internal_count=650 288 187 107 101 362 253 171 109 115
is_linear=0
shrinkage=0.05


Tree=124
num_leaves=10
num_cat=0
split_feature=25 23 12 7 25 25 12 13 14
split_gain=1.92008 2.4416 4.78551 3.67075 2.5663 2.32348 2.13689 2.97293 1.66313
threshold=50.298315196185662 -2.0540373141010195 2.6087173202408409 25.062657329918178 22.757475777336911 11.527059888732731 2.4626416854229407 -2.0312575791345151 51.184889214750129
decision_type=10 2 2 2 8 8 2 2 2
left_child=1 5 8 4 -4 6 -1 -8 -3
right_child=-2 2 3 -5 -6 -7 7 -9 -10
leaf_value=-0.028892541807824797 -0.017382107564486902 0.017288014284762322 0.0095544670409055971 0.030480150807571823 -0.030085761875830674 0.016347057724828917 -0.020772410017899454 0.01681239488066032 0.053027721286626112
leaf_weight=10.846462434157731 12.079057257622479 5.7601994201540929 7.2279218919575241 6.9311504289507857 9.3836537562310713 10.404397111386059 10.300715800374745 10.754628390073778 7.484714437276125
leaf_count=69 76 42 57 58 53 82 68 80 78
internal_value=0 0.00402088 0.0134417 -8.46512e-05 -0.0128378 -0.00417102 -0.0108628 -0.00157488 0.0374846
internal_weight=0 79.0938 36.7876 23.5427 16.6116 42.3062 31.9018 21.0553 13.2449
internal_count=663 587 288 168 110 299 217 148 120
is_linear=0
shrinkage=0.05


Tree=125
num_leaves=7
num_cat=0
split_feature=26 4 26 13 6 11
split_gain=2.76414 1.8403 2.52166 2.14993 2.75316 1.99798
threshold=0.31506405527797748 -4.3578221797386805 -0.0039492470521505108 -2.0990051859468872 41.176242392788573 0.93708333333333338
decision_type=10 2 10 2 2 2
left_child=1 2 -1 -3 -5 -6
right_child=-2 3 -4 4 5 -7
leaf_value=0.031453925612218679 0.020584799058758315 -0.035379224717351228 -0.011574261624191506 0.018078862419067532 -0.016672415845012608 0.011783110582917504
leaf_weight=6.6450055539608002 10.067501820623873 7.827779281884431 6.9834849908947927 8.910996597260235 39.592352379113436 7.3072808347642413
leaf_count=63 69 49 43 74 278 54
internal_value=0 -0.00726902 0.0094055 -0.01084 -0.00739818 -0.0122389
internal_weight=0 77.2669 13.6285 63.6384 55.8106 46.8996
internal_count=630 561 106 455 406 332
is_linear=0
shrinkage=0.05


Tree=126
num_leaves=11
num_cat=0
split_feature=15 27 0 2 10 15 4 26 26 6
split_gain=1.48527 2.21654 2.05714 2.62189 2.47953 2.0326 2.56272 2.91955 1.83058 2.64402
threshold=3.0849243451998762 0.94913758290751626 0.81271894203676665 1.4906150649913303 1.663567427805646 -0.82714142176010552 -0.071561456287209599 0.0060083811389811557 0.016628233348858972 42.495160518591739
decision_type=2 10 2 2 2 2 2 8 8 2
left_child=2 -2 5 -4 -5 8 -7 -8 9 -1
right_child=1 -3 3 4 -6 6 7 -9 -10 -11
leaf_value=0.012206589889578732 -0.033107709270153232 0.0045937729347691521 0.040903238479137821 -0.017494391715144605 0.024680365237517321 0.030652655121676715 0.015846908802940676 -0.027865565994487213 -0.029303515457242281 -0.02424989465519584
leaf_weight=11.838753636926414 8.0791594311594945 7.5339414775371543 6.7905544918030527 7.164675295352934 6.7856679111719131 8.1185290478169936 8.3867199402302486 7.0148503109812728 9.9057598933577555 8.576299384236334
leaf_count=91 46 61 61 50 51 59 77 46 53 53
internal_value=0 -0.0149152 0.00204386 0.015423 0.00302008 -0.00311012 0.00792026 -0.00406252 -0.0116665 -0.00310866
internal_weight=0 15.6131 74.5818 20.7409 13.9503 53.8409 23.5201 15.4016 30.3208 20.4151
internal_count=648 107 541 162 101 379 182 123 197 144
is_linear=0
shrinkage=0.05


Tree=127
num_leaves=8
num_cat=0
split_feature=15 11 29 29 0 0 4
split_gain=2.38883 4.0606 3.58318 3.36641 5.3096 3.01903 2.06773
threshold=-4.2430564926594174 0.9587500000000001 2.1381083513854899 2.2331941896779326 1.2724825601522285 -1.1673714874393533 -0.071561456287209599
decision_type=2 2 2 2 2 2 2
left_child=-1 2 5 -4 -5 -2 -7
right_child=1 -3 3 4 -6 6 -8
leaf_value=-0.024194485234120083 -0.013770752283262667 0.032381811894147759 -0.042866659634726925 0.021523881098707138 -0.03440847063483285 0.031480347135422977 0.0053071465200620199
leaf_weight=9.1676448807120305 12.615547090768812 10.104119233787058 8.2143567055463809 9.3252508733421582 7.7854280173778525 12.0416131094098 20.212608529254801
leaf_count=58 83 86 46 63 47 92 171
internal_value=0 0.00274622 -0.00151965 -0.0165564 -0.00392556 0.00696727 0.0150785
internal_weight=0 80.2989 70.1948 25.325 17.1107 44.8698 32.2542
internal_count=646 588 502 156 110 346 263
is_linear=0
shrinkage=0.05


Tree=128
num_leaves=9
num_cat=0
split_feature=18 19 15 23 0 28 13 11
split_gain=2.66464 2.58637 2.96135 4.85081 3.30645 1.85157 4.54192 2.93473
threshold=-1.4999999999999998 0.02718868975244999 2.9505203035846752 7.8695545746907216 0.81271894203676665 3.2301400366600088 -0.16271568525666052 0.88333333333333341
decision_type=2 2 2 2 2 2 2 2
left_child=5 -2 3 4 -3 6 7 -1
right_child=1 2 -4 -5 -6 -7 -8 -9
leaf_value=-0.010212279962892638 -0.027877577859473087 -0.017125289055657928 -0.023817854496342019 0.045844253383119545 0.016834139001350841 -0.008027313931220182 0.052516522640980216 0.029951749620011011
leaf_weight=10.81483691185713 9.5171288661658746 15.50791370123625 9.6109346300363523 6.6843823678791514 13.327836779877542 7.6311289574950925 7.6067019682377603 7.8489974513649932
leaf_count=73 65 101 59 54 105 52 82 60
internal_value=0 -0.00419045 0.00080463 0.00746691 -0.0014293 0.0136532 0.019951 0.00667853
internal_weight=0 54.6482 45.1311 35.5201 28.8358 33.9017 26.2705 18.6638
internal_count=651 384 319 260 206 267 215 133
is_linear=0
shrinkage=0.05


Tree=129
num_leaves=9
num_cat=0
split_feature=10 10 28 11 11 18 12 17
split_gain=1.87889 3.46655 2.88982 2.0342 2.86005 4.27369 2.29822 2.18279
threshold=-1.0690730279590486 -1.7834570462930672 1.5076060679763612 0.93708333333333338 0.79458333333333353 1.5000000000000002 2.5402925544361947 0.5812847585027614
decision_type=2 2 2 2 2 2 2 2
left_child=1 2 -1 4 5 6 -2 -6
right_child=3 -3 -4 -5 7 -7 -8 -9
leaf_value=-0.021518844221922184 0.0020055103115086174 0.035547593898424337 0.018707129765085293 0.013611228639250308 -0.036191201158817181 0.020787617515611853 -0.035917751301792193 -0.0036106095720678227
leaf_weight=9.827986974269157 7.6518619880080285 8.4663750603795034 8.1815501227974874 10.205784834921358 14.130110945552589 13.009507885202764 8.3595094531774503 8.0807912424206716
leaf_count=62 60 70 61 81 93 96 50 69
internal_value=0 0.00916024 -0.00324459 -0.00677307 -0.0108338 -0.000498683 -0.0177942 -0.0243377
internal_weight=0 26.4759 18.0095 61.4376 51.2318 29.0209 16.0114 22.2109
internal_count=642 193 123 449 368 206 110 162
is_linear=0
shrinkage=0.05


Tree=130
num_leaves=9
num_cat=0
split_feature=4 24 29 17 20 29 24 28
split_gain=2.64301 2.53628 3.45871 4.10136 2.86483 1.92317 1.56033 1.48968
threshold=-6.4557996208816038 8.9912438870293574 -2.2704231365775072 0.5645959938147157 0.074684835383085554 -2.2220364122232636 30.767893091396733 1.5572976029503312
decision_type=2 8 2 2 2 2 10 2
left_child=-1 2 -2 -4 7 -6 -7 -3
right_child=1 4 3 -5 5 6 -8 -9
leaf_value=0.028678326644711451 -0.018040585054882277 -0.01298989545217828 0.0023192368087906574 0.044949279351220353 0.021125371276844357 -0.017091575825237699 0.011679705019012183 -0.04251002401495222
leaf_weight=7.9826352410018435 8.4833171684294921 10.817662779241802 14.261250685900452 9.3352740891277772 8.296750448644163 13.858072429895403 7.1404177434742442 7.0645264461636534
leaf_count=66 61 71 96 83 68 99 51 42
internal_value=0 -0.00150617 0.0093406 0.0191846 -0.00888179 0.000744613 -0.00730806 -0.0246521
internal_weight=0 79.2573 32.0798 23.5965 47.1774 29.2952 20.9985 17.8822
internal_count=637 571 240 179 331 218 150 113
is_linear=0
shrinkage=0.05


Tree=131
num_leaves=8
num_cat=0
split_feature=12 28 27 7 7 25 25
split_gain=2.57333 2.33752 3.08065 2.50487 3.69608 2.10267 1.88806
threshold=1.9789383539154837 4.5664464653929544 0.50733230819441555 19.085314583847598 24.516198584643202 -7.3765013449115964 -2.5728529314031232
decision_type=2 2 10 2 2 8 10
left_child=-1 2 5 -4 -5 -2 -7
right_child=1 -3 3 4 -6 6 -8
leaf_value=-0.022361834621766677 0.020421013623788512 -0.018132728895013973 0.0022329443654062306 0.057917975271812409 0.012985439901334956 -0.026259800337874346 0.0010469209325267123
leaf_weight=9.692816309630869 8.3666479066014272 9.6070912741124612 12.411554705351593 7.6707734204828766 11.346903290599583 9.5167503692209667 18.905415277928121
leaf_count=76 57 56 83 63 92 58 152
internal_value=0 0.00495819 0.00821006 0.0197057 0.031109 -0.00161082 -0.00809634
internal_weight=0 77.8251 68.218 31.4292 19.0177 36.7888 28.4222
internal_count=637 561 505 238 155 267 210
is_linear=0
shrinkage=0.05


Tree=132
num_leaves=9
num_cat=0
split_feature=26 12 12 26 29 26 18 29
split_gain=3.48642 1.97272 3.48199 5.89294 3.05562 2.8173 2.19906 2.61626
threshold=-6.6818140244175845 2.6087173202408409 3.0440896938537318 -0.012549760264259186 2.1904727589668593 0.0060083811389811557 2.5000000000000004 -2.2420329723482277
decision_type=10 2 2 8 2 10 2 2
left_child=-1 4 3 -3 5 -2 7 -4
right_child=1 2 6 -5 -6 -7 -8 -9
leaf_value=0.032619934841887986 0.014686812065295238 -0.063307300499295713 0.00751849475208411 -0.0074516380723249872 0.033667567351827951 -0.021023834287313661 0.018878623867126815 -0.025487116023123209
leaf_weight=6.419761072844266 10.426568765193229 7.3651412986218929 11.686176288872955 13.158885508775713 6.9979230463504782 11.743813745677469 9.5920850336551648 12.348295029252769
leaf_count=51 96 46 87 89 53 76 73 77
internal_value=0 -0.00562011 -0.0112667 -0.0274957 0.00486268 -0.00422938 -0.00136126 -0.00943894
internal_weight=0 83.3189 54.1506 20.524 29.1683 22.1704 33.6266 24.0345
internal_count=648 597 372 135 225 172 237 164
is_linear=0
shrinkage=0.05


Tree=133
num_leaves=8
num_cat=0
split_feature=3 27 10 6 6 13 13
split_gain=1.71272 2.53465 2.5025 3.46151 3.49385 4.1643 3.59701
threshold=1.3389406075733239 0.75567108234071267 -2.6258698699109959 33.787239477653799 47.181137600937468 0.46290425041928418 0.42243587607186356
decision_type=2 10 2 2 2 2 2
left_child=2 -2 -1 -4 6 -6 -5
right_child=1 -3 3 4 5 -7 -8
leaf_value=0.02105851563931449 -0.0035853480780011406 0.028532944344160201 -0.039455144871500203 -0.0013316788359959821 0.0022014043994337167 -0.039305586536229599 0.042027587523518123
leaf_weight=8.816346060484646 12.794375054538252 11.815002430230377 7.3987436071038237 16.619104791432623 13.884289069101216 10.699555300176142 6.7162113487720481
leaf_count=62 86 98 43 122 108 63 61
internal_value=0 0.0118347 -0.00368153 -0.00762449 -0.00270982 -0.0158636 0.0111477
internal_weight=0 24.6094 64.1343 55.3179 47.9192 24.5838 23.3353
internal_count=643 184 459 397 354 171 183
is_linear=0
shrinkage=0.05


Tree=134
num_leaves=10
num_cat=0
split_feature=11 18 11 9 7 20 7 7 7
split_gain=1.87318 4.37976 3.86835 3.57536 2.2243 5.76388 3.50136 2.72225 3.66123
threshold=0.77708333333333346 1.5000000000000002 0.65708333333333335 -2.1475916207890609 30.140455644113647 0.19581703592183478 24.832767687594266 22.003378662344584 18.883785779605418
decision_type=2 2 2 2 2 2 2 2 2
left_child=1 2 -1 -4 6 -6 7 8 -2
right_child=4 -3 3 -5 5 -7 -8 -9 -10
leaf_value=-0.027460546689184476 -0.011209646018120762 0.034774256284106228 0.04202720515344141 -0.010566264217772757 0.0088580020151648071 -0.054087990895066884 0.031713065305063105 -0.034334315147901626 0.031755039544674353
leaf_weight=9.445910297334196 16.708326600492008 11.552450055256484 6.2007358558475953 6.7481829840689898 7.4377000741660577 7.1165555529296398 7.4846154041588298 6.8017208836972705 7.050854578614234
leaf_count=51 115 85 56 55 68 45 63 46 56
internal_value=0 0.0097691 -0.00312989 0.0146187 -0.00529667 -0.0219205 0.00106276 -0.00644375 0.0015407
internal_weight=0 33.9473 22.3948 12.9489 52.5998 14.5543 38.0455 30.5609 23.7592
internal_count=640 247 162 111 393 113 280 217 171
is_linear=0
shrinkage=0.05


Tree=135
num_leaves=9
num_cat=0
split_feature=29 16 4 16 29 13 4 29
split_gain=2.8322 3.46742 3.32772 2.94542 2.74454 3.71501 2.60374 3.04975
threshold=2.1011218290161922 48.077370691053787 1.6485948577650813 60.191367025452017 2.2240511615662091 0.38947043191344621 -1.6095134569033003 -2.3273526162932225
decision_type=2 2 2 2 2 2 2 2
left_child=1 6 -3 -4 -2 -6 7 -1
right_child=4 2 3 -5 5 -7 -8 -9
leaf_value=0.02560037648853173 -0.03477180268684469 0.04280512940987264 -0.019260413156937706 0.023292812269052367 0.024961186773589994 -0.017905196536422856 -0.030724289885139311 -0.012378628376072488
leaf_weight=8.8145962394773996 9.9564139470458013 9.3765771426260489 6.9604435469955233 9.7807263024151307 7.6848937012255218 14.765877727419136 7.843079946935176 13.203958563506603
leaf_count=63 62 77 61 87 68 93 52 87
internal_value=0 0.00565141 0.0189574 0.00560054 -0.012922 -0.00323204 -0.00598638 0.00282535
internal_weight=0 55.9794 26.1177 16.7412 32.4072 22.4508 29.8616 22.0186
internal_count=650 427 225 148 223 161 202 150
is_linear=0
shrinkage=0.05


Tree=136
num_leaves=9
num_cat=0
split_feature=17 18 28 18 1 11 19 24
split_gain=1.48889 1.87255 3.48623 3.87892 3.20334 2.42889 3.04025 2.33658
threshold=0.74294770941306887 1.5000000000000002 4.0077397546542608 -1.4999999999999998 -1.5851074540010963 0.79458333333333353 0.143843229457425 15.866812544554135
decision_type=2 2 2 2 2 2 2 10
left_child=1 2 3 4 -1 -3 -7 -5
right_child=-2 5 -4 7 -6 6 -8 -9
leaf_value=-0.011824057867091734 0.017173382384783661 0.020830289259286931 -0.044962759377774164 -0.0055857020260776449 0.024142187613174815 0.014990690612002897 -0.028495445447810505 -0.040480822038641978
leaf_weight=11.904270492494105 7.9759957529604426 12.884606296196582 6.6729362942278376 9.5807869099080616 12.899208988994358 7.5124436914920834 8.6438618749380094 9.6082383506000024
leaf_count=85 67 95 39 68 117 63 53 61
internal_value=0 -0.00548443 -0.0112866 -0.00617847 0.00688042 0.00463815 -0.00827503 -0.0230582
internal_weight=0 79.7064 50.6654 43.9925 24.8035 29.0409 16.1563 19.189
internal_count=648 581 370 331 202 211 116 129
is_linear=0
shrinkage=0.05


Tree=137
num_leaves=6
num_cat=0
split_feature=28 9 9 11 9
split_gain=1.32319 1.95601 2.22292 2.07489 2.23135
threshold=0.32341668451196004 -2.6887622652861309 -2.2748775433934161 0.95958333333333334 2.1381083513854899
decision_type=2 2 2 2 2
left_child=-1 -2 -3 4 -4
right_child=1 2 3 -5 -6
leaf_value=-0.018384280916655699 0.025939045985770872 -0.019798006958514709 0.0091351768651818984 0.027589570069902175 -0.012042123517257879
leaf_weight=9.6770962662994844 7.2569431364536277 13.228576663881539 26.708068039268255 7.4306289814412585 23.280684441328049
leaf_count=68 56 99 211 62 150
internal_value=0 0.00121919 -0.00132003 0.00293702 -0.000727483
internal_weight=0 77.9049 70.648 57.4194 49.9888
internal_count=646 578 522 423 361
is_linear=0
shrinkage=0.05


Tree=138
num_leaves=7
num_cat=0
split_feature=2 25 0 17 0 20
split_gain=2.41605 2.34875 2.19883 2.88197 2.75419 2.07207
threshold=-2.7816692618997148 70.213586727179361 -1.1673714874393533 0.64166805504842617 1.2845343104289644 0.17381481544442909
decision_type=2 8 2 2 2 2
left_child=-1 2 -2 4 -4 -5
right_child=1 -3 3 5 -6 -7
leaf_value=0.028931145160311353 -0.021308276660228151 -0.028914016788914833 0.0025182423418345077 0.042634352141442448 -0.030601223223934999 0.0021053286862010331
leaf_weight=6.3507627062499514 10.746503623202441 7.949049185961484 45.274015279486775 7.0203031748533231 7.2876423224806777 5.7257618270814419
leaf_count=45 73 47 337 66 44 45
internal_value=0 -0.00305307 -0.000350127 0.00309857 -0.00207375 0.024428
internal_weight=0 84.0033 76.0542 65.3077 52.5617 12.7461
internal_count=657 612 565 492 381 111
is_linear=0
shrinkage=0.05


Tree=139
num_leaves=6
num_cat=0
split_feature=28 17 19 19 27
split_gain=2.00783 2.30719 2.53212 2.7508 1.85738
threshold=0.37919100458343463 0.42526493708864926 0.026135520794056299 0.078055914093387649 0.62207417515919927
decision_type=2 2 2 2 10
left_child=-1 -2 -3 -4 -5
right_child=1 2 3 4 -6
leaf_value=-0.022194067740754692 0.019360647789874841 -0.022860390858427598 0.024842416496833344 0.0049769462655528613 -0.016407648272882432
leaf_weight=11.788030456751583 12.791138859465716 13.820947704836724 9.9581931792199594 23.056933408603072 18.144884493201971
leaf_count=83 95 96 88 164 128
internal_value=0 -4.99371e-05 -0.0038708 0.00125926 -0.00444062
internal_weight=0 77.7721 64.981 51.16 41.2018
internal_count=654 571 476 380 292
is_linear=0
shrinkage=0.05


Tree=140
num_leaves=9
num_cat=0
split_feature=25 7 6 6 10 6 6 2
split_gain=1.7817 1.76376 2.70671 1.79629 3.07473 2.72271 2.78413 1.88537
threshold=63.376574642244101 16.086397768170645 55.90667296705724 44.320397749826995 -2.6258698699109959 48.502711832122635 51.79075858677929 -1.8758019833352262
decision_type=10 2 2 2 2 2 2 2
left_child=1 2 -1 4 -3 -5 -7 -6
right_child=-2 3 -4 5 7 6 -8 -9
leaf_value=0.041226534718451627 -0.022881169586882303 0.015214273120158262 -0.0053786036931063701 0.032515096853806956 -0.039918080798489207 -0.031874351463962253 0.0066099611135401809 -0.0080759621341141129
leaf_weight=6.714919211342929 7.6435145623981944 8.0088620744645613 5.8117906451225281 7.7630692459642878 8.1379764340817946 5.7861644104123142 25.026672944426537 10.842140540480612
leaf_count=63 47 59 37 52 52 41 209 81
internal_value=0 0.00241283 0.019604 -0.000871687 -0.010766 0.00605072 -0.000616785 -0.0217287
internal_weight=0 78.0916 12.5267 65.5649 26.989 38.5759 30.8128 18.9801
internal_count=641 594 100 494 192 302 250 133
is_linear=0
shrinkage=0.05


Tree=141
num_leaves=8
num_cat=0
split_feature=7 13 20 0 15 11 17
split_gain=1.19888 3.51589 3.1582 2.60772 3.2069 2.74378 2.06668
threshold=29.010801700054511 2.9677088260242477 0.1923438900675874 0.86700007564524617 1.7388722434542545 0.89125000000000021 0.58089870463136606
decision_type=2 2 2 2 2 2 2
left_child=1 3 -2 4 5 -1 -5
right_child=2 -3 -4 6 -6 -7 -8
leaf_value=-0.012531824963746907 0.010260627123924244 -0.02427429052744328 -0.027725374386274145 0.047467265249277885 0.032469693565685402 0.021213777627971182 0.0098782777325245597
leaf_weight=24.434527341276407 10.680760489776732 9.1724478192627412 11.219825286418198 6.7695117220282537 7.2991325408220282 7.9943497851490966 7.9524534251540899
leaf_count=165 96 60 75 54 59 62 60
internal_value=0 0.00436346 -0.00919987 0.00918767 0.00252672 -0.00421288 0.0271626
internal_weight=0 63.6224 21.9006 54.45 39.728 32.4289 14.722
internal_count=631 460 171 400 286 227 114
is_linear=0
shrinkage=0.05


Tree=142
num_leaves=6
num_cat=0
split_feature=23 23 3 7 19
split_gain=2.33404 2.1004 1.91894 2.27804 1.60134
threshold=16.915830454674367 10.668991665720096 -3.268606648532026 34.13456093340033 0.30044111166485321
decision_type=2 2 2 2 2
left_child=1 2 -1 4 -4
right_child=-2 -3 3 -5 -6
leaf_value=0.02047739606325151 -0.021465005107921695 0.02498348507563837 -0.0031458040422274697 0.01966704581574244 -0.024023680188189806
leaf_weight=9.1723059341311437 12.040303863584993 8.9469154942780715 37.969071127474308 8.5945943277329189 12.114879082888363
leaf_count=65 84 74 281 74 81
internal_value=0 0.00221221 -0.00079044 -0.00411491 -0.00819598
internal_weight=0 76.7978 67.8509 58.6785 50.084
internal_count=659 575 501 436 362
is_linear=0
shrinkage=0.05


Tree=143
num_leaves=8
num_cat=0
split_feature=18 17 28 14 2 27 25
split_gain=2.14323 2.19625 2.8937 3.50677 2.67194 2.14106 1.65088
threshold=3.5000000000000004 0.45855889434763136 3.1243465244373909 54.933983394418469 1.1509560258473464 0.86788241136739053 17.809221939893352
decision_type=2 2 2 2 2 8 8
left_child=1 6 3 5 -5 -3 -1
right_child=-2 2 -4 4 -6 -7 -8
leaf_value=0.004606077202410957 -0.020391078740362906 0.0020543338576299495 -0.024028543887951892 0.050346950802800529 0.0033258419076027594 -0.028524079296306799 0.037061692948321873
leaf_weight=8.5954367704689485 11.454468019306658 29.079268684610732 11.561736233532427 6.121131978929041 5.9656968750059605 7.1276774294674317 7.2002434730529776
leaf_count=68 81 215 69 70 48 48 53
internal_value=0 0.00281664 -0.00155979 0.00381932 0.0271387 -0.00396531 0.0194005
internal_weight=0 75.6512 59.8555 48.2938 12.0868 36.2069 15.7957
internal_count=652 571 450 381 118 263 121
is_linear=0
shrinkage=0.05


Tree=144
num_leaves=7
num_cat=0
split_feature=26 28 10 28 0 13
split_gain=1.70321 1.59713 3.31203 1.94997 1.90707 2.78806
threshold=3.7521906507460629 0.71716563594302996 -0.35727861806110811 1.0838315394852076 1.2845343104289644 1.9913172410955735
decision_type=8 2 2 2 2 2
left_child=1 2 -1 -3 5 -5
right_child=-2 3 -4 4 -6 -7
leaf_value=-0.034698306606052019 0.02086376452370866 0.021233391065543433 0.0063837509126202828 -0.0058876119970143878 -0.027299857211629603 0.025003135791253558
leaf_weight=10.71849485486746 7.8457950241863719 9.5311470851302129 9.0469864532351476 35.497373208403587 7.175595235079526 9.1968732010573131
leaf_count=68 54 84 74 263 43 77
internal_value=0 -0.00353247 -0.0158944 0.000446927 -0.00337261 0.000468873
internal_weight=0 81.1665 19.7655 61.401 51.8698 44.6942
internal_count=663 609 142 467 383 340
is_linear=0
shrinkage=0.05


Tree=145
num_leaves=7
num_cat=0
split_feature=18 1 28 26 18 26
split_gain=1.7543 2.32943 2.80463 2.74049 2.71022 3.00636
threshold=3.5000000000000004 -1.5851074540010963 3.1243465244373909 0.016628233348858972 -2.4999999999999996 0.027147841389319468
decision_type=2 2 2 8 2 10
left_child=1 3 4 -1 -3 -6
right_child=-2 2 -4 -5 5 -7
leaf_value=0.0038366833250687606 -0.017345924838276308 0.039386584365821681 -0.013605414578884509 -0.034468637344893686 0.00039092652637001029 0.035579048812546164
leaf_weight=11.389545967802404 12.175538588315247 8.499468691647051 11.607671432197092 7.9135290309786823 28.127227038145065 7.7404324188828459
leaf_count=93 81 79 74 40 226 56
internal_value=0 0.00311061 0.0082757 -0.011867 0.0140004 0.00798471
internal_weight=0 75.2779 55.9748 19.3031 44.3671 35.8677
internal_count=649 568 435 133 361 282
is_linear=0
shrinkage=0.05


Tree=146
num_leaves=10
num_cat=0
split_feature=17 17 26 19 21 17 19 19 12
split_gain=2.01966 3.06418 2.05288 3.59824 3.29765 2.93521 2.46946 1.89719 1.60347
threshold=0.45855889434763136 0.37670594356027448 -0.016543723770407325 0.066077148684332468 15.500000000000002 0.53757002479815819 0.11445944198936205 0.29779098544744081 3.0023949361925868
decision_type=2 2 10 2 2 2 2 2 2
left_child=1 -1 3 -2 -5 -4 8 -8 -7
right_child=2 -3 5 4 -6 6 7 -9 -10
leaf_value=-0.0082896908557049172 0.033486903274510038 0.032102876737210621 -0.028853785748740198 -0.029100597064188272 0.017565220233893734 0.0016280945173950834 0.032158112163029988 -0.0042296392352155826 -0.030724481938116555
leaf_weight=8.4914845936000365 8.5286384113132971 10.502028530463575 14.861241005361078 8.0280416123568994 7.1639106813818207 7.2091528177261379 6.9044266752898675 7.4444006495177746 8.1703520007431489
leaf_count=61 77 78 90 49 67 60 62 49 56
internal_value=0 0.0140445 -0.00438788 0.00749613 -0.00709488 -0.0107099 -0.00163973 0.0132796 -0.0155592
internal_weight=0 18.9935 68.3102 23.7206 15.192 44.5896 29.7283 14.3488 15.3795
internal_count=649 139 510 193 116 317 227 111 116
is_linear=0
shrinkage=0.05


Tree=147
num_leaves=7
num_cat=0
split_feature=1 0 21 6 14 0
split_gain=1.74979 2.54726 4.18994 3.52951 1.94973 1.74858
threshold=1.8451976664975376 0.87461163745407378 15.500000000000002 57.542293909000144 55.494007978515974 0.49218200872952339
decision_type=2 2 2 2 2 2
left_child=1 3 -3 4 5 -1
right_child=-2 2 -4 -5 -6 -7
leaf_value=-0.006181117826977672 -0.020940988359929705 0.04964742729598573 -0.0031147244677303507 -0.035829521090787207 0.023343513067185524 0.019324430335541334
leaf_weight=36.77018341049552 8.3286548331379873 7.0726799331605426 8.0401824396103603 6.6176201887428752 9.5601828563958389 8.2224707640707475
leaf_count=255 57 59 63 40 94 62
internal_value=0 0.00319563 0.0215775 -0.00134582 0.00283729 -0.00151994
internal_weight=0 76.2833 15.1129 61.1705 54.5528 44.9927
internal_count=630 573 122 451 411 317
is_linear=0
shrinkage=0.05


Tree=148
num_leaves=6
num_cat=0
split_feature=7 23 10 25 28
split_gain=2.30748 2.39349 2.15831 1.75087 1.94899
threshold=14.766845476751442 16.915830454674367 1.6940724780191447 25.099013543287914 2.2583736755529755
decision_type=2 2 2 10 2
left_child=-1 2 3 4 -2
right_child=1 -3 -4 -5 -6
leaf_value=0.020427735285077978 -0.0035607828486467195 -0.028958546873692849 0.0236299625332584 0.010938769592084362 -0.028407624728288214
leaf_weight=10.64900662563741 33.664852168411016 8.7899071574211103 7.7358279041945925 13.960043283179401 10.30924218893051
leaf_count=84 258 61 64 98 73
internal_value=0 -0.00445575 -0.00117605 -0.00448835 -0.00938585
internal_weight=0 74.4599 65.67 57.9341 43.9741
internal_count=638 554 493 429 331
is_linear=0
shrinkage=0.05


Tree=149
num_leaves=10
num_cat=0
split_feature=7 11 13 14 14 13 11 11 17
split_gain=3.90337 3.8258 2.32878 1.9317 3.34713 3.86434 2.90356 3.33256 0.73756
threshold=30.140455644113647 0.90625000000000011 3.169870163918294 50.970571334651858 46.398544881849411 -2.5033170344713018 0.68708333333333338 0.8320833333333334 0.52594336973268019
decision_type=2 2 2 2 2 2 2 2 2
left_child=2 8 3 4 5 -1 -5 -8 -2
right_child=1 -3 -4 6 -6 -7 7 -9 -10
leaf_value=-0.010134553772642727 -0.014543086294229964 -0.046693510436356771 -0.019897416853048324 -0.0058890911265014551 -0.020308301084786821 0.033582680591422255 0.052914912441415787 0.0096692619066649933 0.01020374482093942
leaf_weight=9.3852049857378024 5.8126853909343499 7.7817768752574912 7.6757727563381186 7.7515426725149181 11.53156624175608 10.955519217997791 8.6978973541408795 9.1320488862693292 6.2465716954320669
leaf_count=68 44 54 50 44 78 86 78 81 58
internal_value=0 -0.0193616 0.00596942 0.0094252 0.00121153 0.0134116 0.0196587 0.0307656 -0.00172448
internal_weight=0 19.841 65.1296 57.4538 31.8723 20.3407 25.5815 17.8299 12.0593
internal_count=641 156 485 435 232 154 203 159 102
is_linear=0
shrinkage=0.05


Tree=150
num_leaves=9
num_cat=0
split_feature=26 9 19 9 6 23 23 25
split_gain=3.06034 1.85533 4.42931 3.83154 3.50198 2.90929 2.23287 1.64955
threshold=0.31506405527797748 2.1381083513854899 0.18629810593403287 -2.3905576454714157 61.084541416214762 1.9264323664537184 4.4070697006251365 13.38892812837029
decision_type=10 2 2 2 2 2 2 10
left_child=1 3 4 5 -3 -1 7 -5
right_child=-2 2 -4 6 -6 -7 -8 -9
leaf_value=0.0024289151492305002 0.027074088945987836 0.032646174696402394 -0.032268141263906168 0.015540183208529113 -0.016762895750701317 -0.041467961360730735 0.034560522446215595 -0.012864931653307555
leaf_weight=9.0073031261563283 10.659097198396919 7.0701112560927886 13.563201222568749 14.797609116882088 7.2778979055583477 6.4971313439309588 9.5534108523279411 7.8079080097377291
leaf_count=66 77 62 75 122 46 47 95 57
internal_value=0 -0.00154431 -0.0117819 0.0044507 0.00758387 -0.0159661 0.014294 0.0057291
internal_weight=0 75.5746 27.9112 47.6634 14.348 15.5044 32.1589 22.6055
internal_count=647 570 183 387 108 113 274 179
is_linear=0
shrinkage=0.05


Tree=151
num_leaves=9
num_cat=0
split_feature=23 3 3 28 28 7 1 16
split_gain=1.96116 2.08747 4.07992 3.12902 2.09319 2.58219 4.4366 2.07871
threshold=10.668991665720096 0.44339756108699041 2.2394172255378466 1.8505483415417985 2.6821046571622094 28.403892190486491 -1.544565309025981 67.197943429279675
decision_type=2 2 2 2 2 2 2 2
left_child=1 4 3 -3 5 6 -1 -2
right_child=7 2 -4 -5 -6 -7 -8 -9
leaf_value=-0.015922947475194273 0.029414422089431288 -0.0077531658613040457 0.019339389587291658 -0.049312870145891224 0.027592568691182158 -0.017959125228171429 0.028835211366321629 -0.0044877233180338561
leaf_weight=9.6252064816653711 11.676158137619497 10.609933309257036 6.9908870458602896 7.9021798633038989 8.1809832490980607 13.256865628063677 13.034196808934214 7.378859866410493
leaf_count=65 95 78 56 44 64 95 115 55
internal_value=0 -0.0018176 -0.0132039 -0.0254936 0.00476753 -0.000431547 0.00982295 0.0162862
internal_weight=0 69.6003 25.503 18.5121 44.0973 35.9163 22.6594 19.055
internal_count=667 517 178 122 339 275 180 150
is_linear=0
shrinkage=0.05


Tree=152
num_leaves=8
num_cat=0
split_feature=12 20 17 7 13 7 20
split_gain=2.49082 2.0345 2.32827 2.13195 1.61776 2.21708 1.60269
threshold=4.2949324705604637 0.49828019786528349 0.52893505621357406 29.765424270496705 2.2197195559402867 22.997049781943556 0.079763110548282126
decision_type=2 2 2 2 2 2 2
left_child=1 2 3 6 5 -4 -1
right_child=-2 -3 4 -5 -6 -7 -8
leaf_value=0.0014466011212002968 0.030133732893739346 -0.026939975793737237 7.3690990599178106e-06 -0.009890601516292865 0.012116494137549311 -0.025377480257943976 0.032337325967348458
leaf_weight=6.431338530033833 6.5453285276889792 7.3896639235317698 19.285284010693431 7.5612543281167737 9.3439773786813003 15.526465425267814 12.096171569079159
leaf_count=44 47 46 150 58 83 110 100
internal_value=0 -0.00198451 0.000640789 0.0124834 -0.00635624 -0.0113146 0.0216144
internal_weight=0 77.6342 70.2445 26.0888 44.1557 34.8117 18.5275
internal_count=638 591 545 202 343 260 144
is_linear=0
shrinkage=0.05


Tree=153
num_leaves=7
num_cat=0
split_feature=4 28 24 16 15 9
split_gain=2.24586 1.43314 1.72568 2.24797 3.38653 2.67761
threshold=-6.4557996208816038 5.3863631407253854 -3.0621719180009959 57.132928307542194 -0.58666082460593483 2.0314997302322939
decision_type=2 2 10 2 2 2
left_child=-1 2 -2 4 -4 -5
right_child=1 -3 3 5 -6 -7
leaf_value=0.024689542779872287 0.016880689295004688 -0.025560805114655877 -0.009192143415524389 0.0029999731852101176 0.019800144309040382 -0.037251670764722355
leaf_weight=7.5750363543629637 10.622215924784539 6.9116270504891864 28.686198815703388 7.1023497395217445 15.522676188498737 9.8777590431272966
leaf_count=64 87 40 200 68 131 58
internal_value=0 -0.00381527 -0.00172233 -0.00495175 0.000987665 -0.0204154
internal_weight=0 78.7228 71.8112 61.189 44.2089 16.9801
internal_count=648 584 544 457 331 126
is_linear=0
shrinkage=0.05


Tree=154
num_leaves=10
num_cat=0
split_feature=12 7 11 4 25 9 11 19 12
split_gain=2.85089 2.78537 3.19133 2.67971 3.41237 2.82326 2.33043 2.08641 1.30452
threshold=3.06500485688764 30.833786929398567 0.88902515723270448 -0.77293116612608892 20.270498540615236 -2.1935511316427152 0.87041666666666673 0.26478134565449557 2.6173671835910937
decision_type=2 2 2 2 10 2 2 2 2
left_child=1 2 7 5 -5 -2 -3 8 -1
right_child=3 6 -4 4 -6 -7 -8 -9 -10
leaf_value=-0.005077901331312377 0.014331110737847333 0.035878046801056232 0.010366364969188739 0.050979787972858862 0.0051222936324114956 -0.029661475516332116 -0.0097912405333848828 -0.045399454977533338 -0.0290832827163333
leaf_weight=12.797413323074585 7.8481653183698654 5.4667281154543144 9.0823838859796506 6.6594491600990322 10.379689451307057 6.8128340542316455 5.7121264450252056 7.962366994470357 10.146645091474054
leaf_count=97 58 57 81 64 72 43 46 47 66
internal_value=0 -0.00952185 -0.0156898 0.00956019 0.0230449 -0.00611185 0.0125421 -0.0233469 -0.0156939
internal_weight=0 51.1677 39.9888 31.7001 17.0391 14.661 11.1789 30.9064 22.9441
internal_count=631 394 291 237 136 101 103 210 163
is_linear=0
shrinkage=0.05


Tree=155
num_leaves=6
num_cat=0
split_feature=15 13 13 28 1
split_gain=2.113 2.49428 2.46272 2.26142 2.20869
threshold=3.0849243451998762 2.2604468892552396 1.457761902271401 2.8788414797280408 -1.544565309025981
decision_type=2 2 2 2 2
left_child=1 2 3 4 -1
right_child=-2 -3 -4 -5 -6
leaf_value=-0.017107209518005696 -0.018910546430164956 0.029856586581272021 -0.029143636315879424 0.025054222938713802 0.006131629106725791
leaf_weight=14.954049346968523 12.593412283807991 7.8691821601241818 6.5008129328489295 9.906993515789507 32.328995963558562
leaf_count=100 92 72 43 74 263
internal_value=0 0.00329945 1.82452e-05 0.00333309 -0.00121804
internal_weight=0 71.56 63.6909 57.19 47.283
internal_count=644 552 480 437 363
is_linear=0
shrinkage=0.05


Tree=156
num_leaves=8
num_cat=0
split_feature=12 28 20 7 11 20 20
split_gain=2.39589 1.36041 2.51324 2.40196 2.36888 2.82122 3.5531
threshold=3.8528542374493591 1.2146617269070801 0.23442608089294939 20.318142070586521 0.93291666666666673 0.28106173610043073 0.062630731278628546
decision_type=2 2 2 2 2 2 2
left_child=1 2 3 -1 5 6 -3
right_child=-2 4 -4 -5 -6 -7 -8
leaf_value=0.016929590317586864 0.019624631723619612 -0.018555190491340957 0.026611426141524827 -0.019786178423225598 -0.037500379798527592 -0.025338585088031107 0.018601718629702158
leaf_weight=7.1252450291067424 11.789739675819872 10.703459285199644 8.5535878166556341 11.884268416091798 6.6694774217903605 12.056203529238699 16.128703098744154
leaf_count=58 82 72 76 96 44 73 135
internal_value=0 -0.00466449 0.00410354 -0.00602418 -0.00996926 -0.00524759 0.00377968
internal_weight=0 73.1209 27.5631 19.0095 45.5578 38.8884 26.8322
internal_count=636 554 230 154 324 280 207
is_linear=0
shrinkage=0.05


Tree=157
num_leaves=9
num_cat=0
split_feature=23 11 25 24 25 11 20 20
split_gain=1.98861 1.54177 3.86717 3.58363 3.8108 2.91182 2.34481 2.11702
threshold=-18.698234571171145 0.79958333333333342 20.991586228145703 10.365468006694149 57.882426218484781 0.8386236802413275 0.41572804976970285 0.22757334903715665
decision_type=2 2 10 10 10 2 2 2
left_child=-1 2 -2 4 -4 -3 7 -7
right_child=1 5 3 -5 -6 6 -8 -9
leaf_value=-0.023647337532385841 0.036113922683017573 -0.030748346564075477 0.039482741507704137 -0.027603157495226651 -0.010787535269436814 0.0045344165464107382 0.029049708658297337 -0.02602606441002497
leaf_weight=8.3354973383247835 10.021515868604181 8.3218054324388486 7.2750178426504153 8.2147953510284406 7.8247159197926521 19.991269033402208 6.5814759824424973 7.908765507861971
leaf_count=58 91 61 60 48 50 168 44 57
internal_value=0 0.00207663 0.0101389 -0.00102623 0.0134326 -0.00420241 0.00220421 -0.0041285
internal_weight=0 76.1394 33.336 23.3145 15.0997 42.8033 34.4815 27.9
internal_count=637 579 249 158 110 330 269 225
is_linear=0
shrinkage=0.05


Tree=158
num_leaves=8
num_cat=0
split_feature=0 2 29 0 14 4 15
split_gain=2.58304 2.34998 1.85524 1.67448 1.92978 2.05267 1.18244
threshold=0.87461163745407378 0.96100782500534709 2.2301444979022276 0.49218200872952339 56.218999756654547 0.61938658190160456 2.0932056947179256
decision_type=2 2 2 2 2 2 2
left_child=1 3 -2 4 5 -1 -4
right_child=2 -3 6 -5 -6 -7 -8
leaf_value=-0.004788562900222294 0.036237720628032655 -0.031328698770680737 0.015770553727724037 0.020694130595249157 0.014565120136555918 -0.034702746168098993 -0.011523786429936414
leaf_weight=28.017828654497862 6.6106575392186668 7.8459353893995276 9.9685486666858214 7.0444719195365897 9.4209145046770555 7.2104403097182503 6.5919566601514807
leaf_count=201 67 48 80 54 89 52 37
internal_value=0 -0.00583132 0.0138448 -0.00196139 -0.00553583 -0.0109113 0.00490596
internal_weight=0 59.5396 23.1712 51.6937 44.6492 35.2283 16.5605
internal_count=628 444 184 396 342 253 117
is_linear=0
shrinkage=0.05


Tree=159
num_leaves=6
num_cat=0
split_feature=9 9 18 24 13
split_gain=2.13311 2.13867 1.80625 2.43169 2.81941
threshold=-2.5740754847360603 -2.2748775433934161 3.5000000000000004 1.0816281458473866 1.478355156218248
decision_type=2 2 2 8 2
left_child=-1 -2 3 -3 -5
right_child=1 2 -4 4 -6
leaf_value=0.020601520250615225 -0.025017012774358367 0.025292577378145456 -0.017982308419932973 0.0055523850333347932 -0.023139945395428047
leaf_weight=9.1289688628166896 11.333984211087225 9.6913053188473022 13.247277442365883 30.660714814439409 11.878960166126488
leaf_count=74 83 84 90 241 78
internal_value=0 -0.00496378 -0.00149266 0.00268959 -0.00245978
internal_weight=0 76.8122 65.4783 52.231 42.5397
internal_count=650 576 493 403 319
is_linear=0
shrinkage=0.05


Tree=160
num_leaves=7
num_cat=0
split_feature=24 27 26 20 26 12
split_gain=1.95113 1.26559 2.17027 2.2067 3.26015 2.15422
threshold=-3.0621719180009959 -0.52016604731341742 -0.060808289612530292 0.06935786853944452 0.0072184289898326965 2.6274121544150879
decision_type=8 10 10 2 10 2
left_child=-1 -2 -3 4 -4 -5
right_child=1 2 3 5 -6 -7
leaf_value=0.019570483613635482 -0.020716291494902492 0.020730153340182918 -0.037913405199972466 0.018738250496981589 0.0052569898228098516 -0.0071013291276759557
leaf_weight=9.4796374309807998 10.373887270689009 9.0943480189889652 10.526166846975686 12.028032518923281 7.4816216751933089 24.487276237457991
leaf_count=85 61 86 72 108 53 172
internal_value=0 -0.00452271 -0.00188207 -0.00565375 -0.0199776 0.00141015
internal_weight=0 73.9913 63.6174 54.5231 18.0078 36.5153
internal_count=637 552 491 405 125 280
is_linear=0
shrinkage=0.05


Tree=161
num_leaves=9
num_cat=0
split_feature=23 25 27 9 12 12 12 13
split_gain=1.67637 2.74611 4.46634 2.4981 3.14685 2.73973 1.70146 1.80343
threshold=1.449972284704715 8.1393892727884189 0.62207417515919927 -2.3326582322830363 2.6087173202408409 3.4284172680224558 2.4626416854229407 -2.0312575791345151
decision_type=2 8 10 2 2 2 2 2
left_child=1 6 -3 -2 -5 -6 -1 -8
right_child=3 2 -4 4 5 -7 7 -9
leaf_value=-0.020995173579001953 -0.033566899975108366 0.045796116153378343 -0.0021710004865007405 0.023376561579646057 -0.025600157060816975 0.012463730382359484 -0.013094720153434415 0.01849097804966909
leaf_weight=9.4640316590666789 7.5522953309118739 9.2797749303281325 10.172998074442146 8.9692477062344569 13.322181705385448 7.3275959044694892 7.8576648943126228 10.636602738872169
leaf_count=65 57 80 72 91 88 53 53 87
internal_value=0 0.00628504 0.0207113 -0.00789743 -0.00135219 -0.0120931 -0.00375244 0.00507115
internal_weight=0 47.4111 19.4528 37.1713 29.619 20.6498 27.9583 18.4943
internal_count=646 357 152 289 232 141 205 140
is_linear=0
shrinkage=0.05


Tree=162
num_leaves=8
num_cat=0
split_feature=18 18 16 3 10 4 28
split_gain=1.76719 2.92148 2.52085 3.37345 3.92456 2.94907 2.44032
threshold=3.5000000000000004 1.5000000000000002 38.277291747775315 -1.0656082989130164 0.052187999425158074 -5.43985887447782 0.98631716343834064
decision_type=2 2 2 2 2 2 2
left_child=1 2 5 -4 -5 -1 -3
right_child=-2 6 3 4 -6 -7 -8
leaf_value=0.0029874060451269332 -0.014775064225387236 -0.00047420036441732816 0.028944350131252891 -0.034875630803278372 0.0087563738974381806 -0.039781697271286304 0.037633036699455391
leaf_weight=8.7233655378222483 12.62654374539852 6.7986678350716856 11.806983068585394 7.1301485691219595 18.592458728700876 7.4922907426953307 10.996243698522447
leaf_count=66 86 55 93 61 147 48 89
internal_value=0 0.00551413 -0.000299864 0.00681807 -0.00333815 -0.0167737 0.0230739
internal_weight=0 71.5402 53.7452 37.5296 25.7226 16.2157 17.7949
internal_count=645 559 415 301 208 114 144
is_linear=0
shrinkage=0.05


Tree=163
num_leaves=7
num_cat=0
split_feature=13 13 13 1 4 26
split_gain=1.62267 2.31657 3.8543 2.52911 5.59813 3.62414
threshold=3.4833883009642732 2.2604468892552396 1.478355156218248 0.50361830101243255 -0.90501622575199459 0.017437022320719805
decision_type=2 2 2 2 2 10
left_child=1 2 3 5 -5 -1
right_child=-2 -3 -4 4 -6 -7
leaf_value=0.0077505033237318431 -0.020293664268522874 0.025444907117433413 -0.033446783989108324 -0.0038373475975960244 0.049032392538022176 -0.023657176786997754
leaf_weight=24.151019971817732 8.9804769326001388 9.3852338436990959 8.0905810631811601 12.473259942606093 8.3644977398216707 14.821721605956553
leaf_count=200 74 80 50 94 82 84
internal_value=0 0.00216095 -0.00105734 0.00332399 0.0173851 -0.00419415
internal_weight=0 77.2863 67.9011 59.8105 20.8378 38.9727
internal_count=664 590 510 460 176 284
is_linear=0
shrinkage=0.05


Tree=164
num_leaves=7
num_cat=0
split_feature=13 28 7 19 11 23
split_gain=2.38626 1.83683 1.75096 1.91096 1.58137 1.97401
threshold=3.4833883009642732 5.067342138996966 29.010801700054511 0.1518949484043832 0.93541666666666679 12.738346246233734
decision_type=2 2 2 2 2 2
left_child=1 2 4 -4 5 -1
right_child=-2 -3 3 -5 -6 -7
leaf_value=2.9007929158556165e-05 -0.026837236659298672 -0.022527914160135467 0.0077401605814588414 -0.023749821032265792 0.027524290978009798 0.030061018994706618
leaf_weight=34.115519532933831 8.0803262703120691 7.0794292576611033 9.2906979639083165 10.007017850875853 9.4802294261753541 6.5169041436165562
leaf_count=266 63 41 82 66 79 56
internal_value=0 0.00173347 0.00420798 -0.00858928 0.00913604 0.00484575
internal_weight=0 76.4898 69.4104 19.2977 50.1127 40.6324
internal_count=653 590 549 148 401 322
is_linear=0
shrinkage=0.05


Tree=165
num_leaves=10
num_cat=0
split_feature=17 24 17 7 7 16 25 4 25
split_gain=1.74042 2.96941 2.47859 2.0433 2.65164 1.8531 1.76994 1.17504 0.765193
threshold=0.50892823070085125 29.407611375859911 0.53874874696173347 24.963541235800232 22.231661098189459 53.241821901999693 38.993576293339011 -0.35133718281254894 33.143889362026563
decision_type=2 8 2 2 2 2 8 2 10
left_child=1 7 -2 4 6 -5 -4 -1 -9
right_child=2 -3 3 5 -6 -7 -8 8 -10
leaf_value=0.016677783943119331 -0.026788359384188106 0.041073264070628869 -0.005250064551399182 0.0029859435282057344 -0.030300790599450751 0.038994081500327279 0.025787797902193911 0.0061449590042121196 -0.017736591435103668
leaf_weight=9.8944398630410486 9.0315863192081434 6.8387328777462271 17.141583489254124 9.1807352490723115 7.9840784836560479 5.8496407978236666 6.2744826562702647 6.5779254417866415 6.8440633490681648
leaf_count=77 54 54 137 71 55 66 45 54 46
internal_value=0 0.012102 -0.00282247 0.00183934 -0.00541759 0.0169999 0.00306673 0.00360467 -0.00603258
internal_weight=0 30.1552 55.4621 46.4305 31.4001 15.0304 23.4161 23.3164 13.422
internal_count=659 231 428 374 237 137 182 177 100
is_linear=0
shrinkage=0.05


Tree=166
num_leaves=10
num_cat=0
split_feature=23 23 23 25 28 28 29 24 28
split_gain=3.26602 2.31187 1.74988 3.63213 2.03574 2.39432 1.29601 1.01976 0.664197
threshold=-6.1668761889123571 -10.448396121840478 9.6180365696211521 43.44652963487993 0.96725187270990809 1.9355421304835734 2.1444649073475444 11.425493416571909 0.93543684236933311
decision_type=2 2 2 8 2 2 2 10 2
left_child=1 6 4 -4 7 -6 8 -2 -1
right_child=2 -3 3 -5 5 -7 -8 -9 -10
leaf_value=0.0025796195731767387 0.018007447726964776 0.038224945253178294 0.030012247343866091 -0.013253952535275802 -0.040887105171732108 -0.0093959281536794559 -0.01255103654794907 -0.011457811121002666 0.024915864715087124
leaf_weight=6.5095649138093048 5.7564367614686471 6.9594274405390015 8.1125142704695445 12.064252616837623 10.203797627240421 14.777177277952431 7.0175732858479014 5.9940288402140141 6.8102462831884623
leaf_count=42 49 56 83 79 76 99 47 51 63
internal_value=0 0.0133503 -0.0076877 0.00414218 -0.0141859 -0.0222589 0.00483826 0.00297693 0.0139999
internal_weight=0 27.2968 56.9082 20.1768 36.7314 24.981 20.3374 11.7505 13.3198
internal_count=645 208 437 162 275 175 152 100 105
is_linear=0
shrinkage=0.05


Tree=167
num_leaves=7
num_cat=0
split_feature=10 20 2 14 4 25
split_gain=1.99355 3.68136 2.55817 1.49293 3.23343 3.11383
threshold=-1.0690730279590486 0.18725147292373137 -1.280585397622731 45.641165333871029 0.30710331937151975 13.77862913690352
decision_type=2 2 2 2 2 10
left_child=1 -1 -2 -4 -5 -6
right_child=2 -3 3 4 5 -7
leaf_value=0.034789717842086947 -0.030253909761620675 -0.0039424234159124083 0.020539899090801561 -0.028679625892262237 0.031253977301382713 -0.0043148845305347426
leaf_weight=10.996480401605369 7.8566556926816693 13.876499140635131 7.789977252483367 9.7114606574177724 8.0286576049402338 26.339848736301064
leaf_count=91 63 98 65 63 77 195
internal_value=0 0.0131813 -0.00366564 0.000361642 -0.00320434 0.00399418
internal_weight=0 24.873 59.7266 51.8699 44.08 34.3685
internal_count=652 189 463 400 335 272
is_linear=0
shrinkage=0.05


Tree=168
num_leaves=8
num_cat=0
split_feature=20 24 28 28 10 11 24
split_gain=2.0099 1.79628 3.44977 2.99438 1.79225 3.61985 1.05823
threshold=0.5391644277118538 39.864782000464565 1.9679180594554218 3.2301400366600088 -2.1651667690414231 0.92541666666666678 11.425493416571909
decision_type=2 8 2 2 2 2 8
left_child=1 2 4 6 -1 -6 -4
right_child=-2 -3 3 -5 5 -7 -8
leaf_value=-0.033071540200463788 -0.02332272059526596 0.024672635513590894 0.048318761360644939 -0.0004649823547146143 -0.013855633032757574 0.021698092982622468 0.018424477471032426
leaf_weight=5.9430910125374785 7.2284642718732348 9.4422836359590274 6.2347297407686728 13.229578681290148 24.191228754818439 10.168324461206792 5.6367937438189983
leaf_count=40 45 76 59 91 193 93 47
internal_value=0 0.00428647 0.00134334 0.015894 -0.00771906 -0.00333391 0.0341245
internal_weight=0 74.846 65.4037 25.1011 40.3026 34.3596 11.8715
internal_count=644 599 523 197 326 286 106
is_linear=0
shrinkage=0.05


Tree=169
num_leaves=9
num_cat=0
split_feature=16 16 12 20 27 10 2 19
split_gain=1.42547 3.36794 1.43415 2.98711 2.08218 2.07188 3.05615 2.43164
threshold=64.93887151703855 60.721513303614422 3.0195352403307458 0.10386469413145145 0.45674817818347851 0.079382658278118759 -1.7683292029863917 0.15959918936823364
decision_type=2 2 2 2 10 2 2 2
left_child=1 2 5 -4 -5 6 -1 -7
right_child=-2 -3 3 4 -6 7 -8 -9
leaf_value=-0.029736369357725168 -0.019691884090519279 0.032536747906686543 0.032675492416096158 -0.019210269042131207 0.0151052301139647 -0.0074680691398642668 0.011687391269946681 -0.045193462452579131
leaf_weight=6.2814005333930245 12.22619649581611 6.6974217705428591 6.8749350681901005 11.389556866139175 7.2245992049574843 10.027896631509067 15.293569583445789 7.4408595021814099
leaf_count=41 92 53 61 81 54 78 137 41
internal_value=0 -0.00121191 -0.00471445 0.00451074 -0.0058916 -0.010737 -0.000372845 -0.0235373
internal_weight=0 71.2302 64.5328 25.4891 18.6142 39.0437 21.575 17.4688
internal_count=638 546 493 196 135 297 178 119
is_linear=0
shrinkage=0.05


Tree=170
num_leaves=8
num_cat=0
split_feature=19 20 23 24 26 23 3
split_gain=1.80708 2.52459 2.21615 3.56806 2.18677 2.02264 1.7188
threshold=0.028798396428569368 0.43192172819927421 8.6419947439666398 31.279843174742286 -0.011267404424968909 16.404136784228271 0.44339756108699041
decision_type=2 2 2 8 8 2 2
left_child=4 2 3 6 -1 -4 -2
right_child=1 -3 5 -5 -6 -7 -8
leaf_value=0.007897222153950707 0.0033858454429415517 -0.019676042643658489 0.047735391922046434 0.025973922960040779 -0.027928649351483783 0.0061718228836922517 -0.020394167114867263
leaf_weight=6.6417954359203577 17.278534095734365 10.577419456094502 5.6681234221905452 11.111015646718437 11.874789800494911 6.0527774970978498 13.563795536756514
leaf_count=63 136 63 54 91 82 50 95
internal_value=0 0.00265023 0.00705 0.00167989 -0.0150781 0.0262716 -0.00707209
internal_weight=0 64.2517 53.6742 41.9533 18.5166 11.7209 30.8423
internal_count=634 489 426 322 145 104 231
is_linear=0
shrinkage=0.05


Tree=171
num_leaves=9
num_cat=0
split_feature=11 11 4 1 11 25 25 4
split_gain=2.08358 3.00095 2.40692 2.34611 2.09345 1.7955 1.8965 4.39635
threshold=0.77708333333333346 0.58541666666666681 -1.6095134569033003 -0.75304064713685848 0.98541666666666672 23.124829455368417 14.178166201803736 -0.90501622575199459
decision_type=2 2 2 2 2 10 10 2
left_child=1 -1 -3 -4 5 6 7 -2
right_child=4 2 3 -5 -6 -7 -8 -9
leaf_value=-0.01617994034185093 -0.025541152357914404 0.046378098223209929 -0.011773776385793982 0.024990050663674518 0.017214894073108559 0.0064695555837900823 -0.039879400785203398 0.02098069756229478
leaf_weight=8.5568838864564878 15.981814347207548 5.7934806328266886 7.5865968316793468 10.139358052983878 7.4026496931910506 10.23158088326454 7.3437119610607615 7.4435120448470142
leaf_count=46 111 55 59 90 64 84 51 66
internal_value=0 0.00917502 0.0183997 0.00925536 -0.00725689 -0.0116753 -0.0177089 -0.0107586
internal_weight=0 32.0763 23.5194 17.726 48.4033 41.0006 30.769 23.4253
internal_count=626 250 204 149 376 312 228 177
is_linear=0
shrinkage=0.05


Tree=172
num_leaves=8
num_cat=0
split_feature=11 26 18 1 11 12 20
split_gain=1.65291 2.23513 1.96269 2.39941 3.08885 2.37645 0.905987
threshold=0.59000000000000008 0.31506405527797748 -1.4999999999999998 -1.1848474853424273 0.79458333333333353 2.778716061552323 0.28106173610043073
decision_type=2 10 2 2 2 2 2
left_child=-1 2 5 -4 -5 -2 -7
right_child=1 -3 3 4 -6 6 -8
leaf_value=-0.022544548513725393 0.029090237643818136 0.025174133579596164 -0.037200339704266054 0.017593796037767059 -0.013991796768200494 0.0084907923658855463 -0.017248799826302261
leaf_weight=8.2570743225514871 9.2967199943959731 8.4892883114516717 6.2456662952899924 11.558985048905013 23.429659117013216 7.2459963671863061 6.4723526313900948
leaf_count=45 93 68 37 101 174 63 50
internal_value=0 0.00106189 -0.00212406 -0.00865293 -0.00355706 0.00957319 -0.00365321
internal_weight=0 72.7387 64.2494 41.2343 34.9886 23.0151 13.7183
internal_count=631 586 518 312 275 206 113
is_linear=0
shrinkage=0.05


Tree=173
num_leaves=8
num_cat=0
split_feature=28 4 9 20 20 4 10
split_gain=1.72846 4.15703 3.0366 1.93223 1.90322 2.38969 0.858651
threshold=0.37919100458343463 -4.3578221797386805 -2.3905576454714157 0.26064290059749712 0.23194678105242675 4.2837056601039434 0.21212965531365283
decision_type=2 2 2 2 2 2 2
left_child=-1 3 -3 -2 5 -4 -6
right_child=1 2 4 -5 6 -7 -8
leaf_value=-0.020246463052271402 0.043476417982014355 -0.027698930359707552 -0.014314518039192495 0.0046972092277890801 0.0041025875571628293 0.017612875351839127 0.028760602772904615
leaf_weight=11.33154355548322 7.2471969593316299 11.730819061398504 22.819499567151073 5.7693556528538465 7.2824909687042219 7.8861987646669141 6.8527063727378845
leaf_count=80 67 88 177 43 54 71 48
internal_value=0 0.000811407 -0.00505054 0.0262882 0.000874504 -0.00611455 0.0160567
internal_weight=0 69.5883 56.5717 13.0166 44.8409 30.7057 14.1352
internal_count=628 548 438 110 350 248 102
is_linear=0
shrinkage=0.05


Tree=174
num_leaves=7
num_cat=0
split_feature=9 27 3 26 9 28
split_gain=2.01503 1.93045 1.7491 1.91496 1.94342 1.49415
threshold=2.5838871370642007 -0.52016604731341742 -2.2182951714268708 0.67585238240303913 -2.3905576454714157 1.4802060856752741
decision_type=2 8 2 8 2 2
left_child=1 -1 5 4 -4 -3
right_child=-2 2 3 -5 -6 -7
leaf_value=-0.025952667669566411 0.025398864201559262 0.0012806213411259075 -0.030220797201698148 0.01857653742373094 -0.0031914699203592503 0.032519941542690591
leaf_weight=7.8433582223951817 7.0942816361784926 8.7420851420611125 8.1892250403761846 7.8362225480377665 35.386753305792809 6.8088300544768563
leaf_count=50 59 59 64 58 295 56
internal_value=0 -0.00248359 0.000265329 -0.00417898 -0.00827109 0.0149585
internal_weight=0 74.8065 66.9631 51.4122 43.576 15.5509
internal_count=641 582 532 417 359 115
is_linear=0
shrinkage=0.05


Tree=175
num_leaves=8
num_cat=0
split_feature=28 18 28 1 26 27 26
split_gain=2.06272 2.31239 2.14997 2.44216 3.67111 3.61447 1.52602
threshold=3.3413675460031542 -3.4999999999999996 2.2583736755529755 -1.1484165290311881 0.024679054376453475 0.61429792330147837 0.024679054376453475
decision_type=2 2 2 2 10 8 8
left_child=1 -1 3 5 -5 -3 -2
right_child=6 2 -4 4 -6 -7 -8
leaf_value=0.018946805679867784 0.03358759094745932 0.0034323346030600086 -0.026167951891939725 -0.0024616819123062256 0.04130602028497208 -0.044008187276886004 0.001527031746256651
leaf_weight=10.021673047915099 7.3158660717308504 8.9357471354305655 11.746723540127276 24.345789939165126 5.9648697618395081 7.2909933328628567 7.5336582288146019
leaf_count=85 60 68 90 205 48 45 47
internal_value=0 -0.00323909 -0.00705385 -0.00222916 0.00615141 -0.0178836 0.0173222
internal_weight=0 68.3058 58.2841 46.5374 30.3107 16.2267 14.8495
internal_count=648 541 456 366 253 113 107
is_linear=0
shrinkage=0.05


Tree=176
num_leaves=7
num_cat=0
split_feature=7 7 13 10 4 11
split_gain=1.70082 2.5485 3.23725 2.62935 2.12354 2.00324
threshold=34.13456093340033 29.765424270496705 2.9677088260242477 1.2524661698510495 -1.6095134569033003 0.91791666666666683
decision_type=2 2 2 2 2 2
left_child=1 2 3 4 -1 -2
right_child=5 -3 -4 -5 -6 -7
leaf_value=0.012695668206585315 0.034122397527914801 -0.031945005102543868 -0.028431686128441776 0.030475612017165928 -0.009113004346046864 -0.0064046174118175554
leaf_weight=18.531091403216116 6.9998088609427196 7.1329168286174527 8.8768839184194785 8.0679967775940877 28.069032825529582 5.4026320353150368
leaf_count=143 73 54 59 64 209 39
internal_value=0 -0.00360646 -0.000425466 0.00412212 -0.000440527 0.0164684
internal_weight=0 70.6779 63.545 54.6681 46.6001 12.4024
internal_count=641 529 475 416 352 112
is_linear=0
shrinkage=0.05


Tree=177
num_leaves=7
num_cat=0
split_feature=23 19 24 12 27 18
split_gain=1.66342 1.41996 1.72891 1.99826 2.09096 1.61862
threshold=-18.698234571171145 0.02718868975244999 31.279843174742286 3.7315409766194008 0.93105302605601492 -1.4999999999999998
decision_type=2 2 8 2 8 2
left_child=-1 5 3 4 -3 -2
right_child=1 2 -4 -5 -6 -7
leaf_value=-0.020425731473790228 0.0067352625677232769 -0.0076446333219537064 0.026823567856789438 0.026045592701687128 0.018114576208052135 -0.024826638075463224
leaf_weight=8.119701184332369 7.8102738652378347 31.071845738217242 9.2719635153189284 8.0887328609824163 10.553995318710795 8.4646915923804027
leaf_count=58 64 233 78 63 96 59
internal_value=0 0.00339464 0.00700213 0.00330535 -0.00111353 -0.00968024
internal_weight=0 75.2615 58.9865 49.7146 41.6258 16.275
internal_count=651 593 470 392 329 123
is_linear=0
shrinkage=0.05


Tree=178
num_leaves=9
num_cat=0
split_feature=12 12 7 7 1 20 13 28
split_gain=1.90585 3.04738 2.70904 2.48403 2.85565 2.34236 1.75953 1.05187
threshold=3.06500485688764 2.6087173202408409 22.997049781943556 17.927215169640778 0.46159839027717253 0.13728568876916536 -0.13947776608766566 1.3365275185863439
decision_type=2 2 2 2 2 2 2 2
left_child=1 3 -3 -1 -5 7 -7 -2
right_child=5 2 -4 4 -6 6 -8 -9
leaf_value=-0.017072222729710585 0.010506028712811812 -0.0038468967007486304 -0.039294043595765944 -0.0030182440638884525 0.035587386833863775 -0.014992911575473417 0.016427057465353143 0.040193636108257769
leaf_weight=10.054273094981911 5.7996996380388754 10.772551488131286 10.787626173347233 11.190823580138387 8.3748381771147233 11.280058428645136 7.365110892802476 6.1450297683477402
leaf_count=79 46 78 71 94 79 78 53 55
internal_value=0 -0.00728246 -0.0215829 0.00312672 0.0135064 0.00849264 -0.00258157 0.025779
internal_weight=0 51.1801 21.5602 29.6199 19.5657 30.5899 18.6452 11.9447
internal_count=633 401 149 252 173 232 131 101
is_linear=0
shrinkage=0.05


Tree=179
num_leaves=7
num_cat=0
split_feature=7 3 4 25 20 17
split_gain=1.9986 1.5041 1.55719 3.00072 1.56058 2.76429
threshold=14.766845476751442 2.2394172255378466 -4.3578221797386805 -1.5337734285076947 0.47655436478540453 0.51612521725881433
decision_type=2 2 2 8 2 2
left_child=-1 2 3 -2 5 -4
right_child=1 -3 4 -5 -6 -7
leaf_value=0.023101140356031127 -0.0098093204454119884 0.018594539317238701 0.01447382036619318 0.035139858451054683 -0.031403336710358047 -0.013665071501688483
leaf_weight=10.026963621377943 8.2475894615054113 8.7632440794259292 12.958537856116889 6.7531720902770749 6.2258076928555957 26.733602808788419
leaf_count=81 55 86 105 67 38 205
internal_value=0 -0.000773765 -0.00355992 0.0104263 -0.00812903 -0.00447839
internal_weight=0 69.682 60.9187 15.0008 45.9179 39.6921
internal_count=637 556 470 122 348 310
is_linear=0
shrinkage=0.05


Tree=180
num_leaves=10
num_cat=0
split_feature=21 12 13 14 17 23 17 23 12
split_gain=1.95597 2.54508 2.69126 5.24816 1.86397 3.05816 1.82527 1.80241 1.26838
threshold=16.500000000000004 3.3215499633045238 -1.2888989142040483 49.868810820057057 0.41624340414984079 6.6716056946822189 0.50374547780409829 -2.0206915490746922 2.6087173202408409
decision_type=2 2 2 2 2 2 2 2 2
left_child=4 2 -2 -4 -1 6 -6 -8 -5
right_child=1 -3 3 8 5 -7 7 -9 -10
leaf_value=-0.026225868034449221 0.032578434525869893 0.04015594722448533 -0.042647362464705116 0.033558306834155609 0.030971601307031402 -0.021982732855304193 -0.009253834230949767 0.019191636352167751 -0.0020975524208834439
leaf_weight=7.9283591993153086 6.1403192821890178 6.4121375288814297 6.1502941548824337 5.0857006600126606 6.9561041332781341 11.302346518263219 14.324643071740867 9.1108058728277665 4.8946562577039003
leaf_count=53 56 66 43 60 59 81 104 69 42
internal_value=0 0.0123987 0.00440703 -0.00631674 -0.00400323 0.000222541 0.00848048 0.00180468 0.0160716
internal_weight=0 28.6831 22.271 16.1307 49.6223 41.6939 30.3916 23.4354 9.98036
internal_count=633 267 201 145 366 313 232 173 102
is_linear=0
shrinkage=0.05


Tree=181
num_leaves=7
num_cat=0
split_feature=7 25 24 28 25 28
split_gain=1.31623 1.5924 1.25543 1.8033 1.76869 2.8133
threshold=14.172346552157025 51.798422574220076 30.08928562140898 0.97360308331650702 -2.5728529314031232 1.0838315394852076
decision_type=2 8 10 2 10 2
left_child=-1 2 4 -4 -2 -6
right_child=1 -3 3 -5 5 -7
leaf_value=0.020496885442823177 -0.022727652490764381 -0.01873463211136784 -0.0054965237980307662 0.031037181355074418 0.020730447662861043 -0.0069317763817604156
leaf_weight=8.22459803894162 8.084410957992068 10.382178168743847 5.8267086055129758 8.0362144000828248 14.266173899173742 25.838884258642793
leaf_count=69 48 69 44 74 134 206
internal_value=0 -0.000610432 0.00242198 0.0156817 -0.00139252 0.00290823
internal_weight=0 72.4346 62.0524 13.8629 48.1895 40.1051
internal_count=644 575 506 118 388 340
is_linear=0
shrinkage=0.05


Tree=182
num_leaves=6
num_cat=0
split_feature=26 15 16 23 7
split_gain=3.20041 2.44956 1.62065 1.92708 1.81775
threshold=3.426319334616188 3.0849243451998762 59.795391093043428 6.7594008961618206 18.786170244763351
decision_type=8 2 2 2 2
left_child=1 2 3 4 -1
right_child=-2 -3 -4 -5 -6
leaf_value=-0.012252452218363677 0.033183495504578886 -0.022803166730318906 0.023869321587117166 -0.022799946193899443 0.0093158541050121797
leaf_weight=13.846702132374046 7.0666164383292189 11.918110080063341 7.4169302303344002 8.582912674173711 33.170859140343964
leaf_count=105 55 86 67 67 268
internal_value=0 -0.00201593 0.00191544 -0.00101314 0.00296397
internal_weight=0 74.9355 63.0174 55.6005 47.0176
internal_count=648 593 507 440 373
is_linear=0
shrinkage=0.05


Tree=183
num_leaves=10
num_cat=0
split_feature=26 26 15 2 7 23 26 7 22
split_gain=1.28966 2.65921 2.90708 2.23022 2.20077 1.82304 2.32721 1.66497 1.26275
threshold=0.0095765975995346937 0.31506405527797748 -0.91838851921472642 1.5884569369769008 21.727863119555138 -11.129313692718378 -0.024002652450600518 17.359434568462905 2.5000000000000004
decision_type=8 10 2 2 2 2 10 2 2
left_child=3 2 -2 4 7 -6 -7 -1 -4
right_child=1 -3 8 -5 5 6 -8 -9 -10
leaf_value=0.015893449080819546 -0.035322852485286764 0.016873065208057113 -0.01508999052332656 -0.011034887129725094 0.028415822838931151 -0.021525060468258271 0.016927581867932508 0.051946943041399518 0.013059519928758402
leaf_weight=7.8247836232185346 9.2822239398956299 10.49867684394121 7.5053054243326196 11.226388698443769 5.9492710493504992 8.652515859343108 7.2166370246559426 5.4205490443855524 8.4913627021014673
leaf_count=74 53 82 55 84 50 75 72 57 62
internal_value=0 -0.00427898 -0.0130637 0.00836095 0.0145709 0.00481097 -0.00403838 0.0306481 -0.000147647
internal_weight=0 35.7776 25.2789 46.2901 35.0638 21.8184 15.8692 13.2453 15.9967
internal_count=664 252 170 412 328 197 147 131 117
is_linear=0
shrinkage=0.05


Tree=184
num_leaves=8
num_cat=0
split_feature=12 26 12 12 18 5 4
split_gain=2.56403 1.63162 2.66219 2.1154 3.76193 3.58611 1.75784
threshold=1.9939094373004973 -0.035906756256794008 3.0366026680216276 3.1286619124708066 -1.4999999999999998 1.0000000180025095e-35 -0.42347243326710665
decision_type=2 10 2 2 2 2 2
left_child=-1 2 -2 4 -3 -6 -5
right_child=1 3 -4 6 5 -7 -8
leaf_value=-0.025143137822353303 -0.026812054996121722 0.040757320044780117 0.011126037133062674 -0.018242429853999067 0.03049285736237441 -0.012613773785660046 0.010219215555006789
leaf_weight=9.3547528404742462 10.413852842524649 10.05506991967559 8.3172805830836278 11.403918113559486 7.69333706237376 12.939626382663844 10.347382891923187
leaf_count=78 79 97 71 78 71 89 80
internal_value=0 0.00270085 -0.00996621 0.00722547 0.0156801 0.00345924 -0.00470285
internal_weight=0 71.1705 18.7311 52.4393 30.688 20.633 21.7513
internal_count=643 565 150 415 257 160 158
is_linear=0
shrinkage=0.05


Tree=185
num_leaves=8
num_cat=0
split_feature=3 2 3 15 3 10 0
split_gain=1.87492 2.82016 2.39158 1.38732 2.24251 2.12339 1.31484
threshold=-1.0656082989130164 -1.8118365309948443 -0.041407668541286961 3.2901545328362549 2.2394172255378466 0.67600154786126088 -1.0759889110364362
decision_type=2 2 2 2 2 2 2
left_child=1 6 -2 4 5 -4 -1
right_child=2 -3 3 -5 -6 -7 -8
leaf_value=0.0063879315112139456 -0.028844507868593092 0.030126978726929616 0.012210406320426661 -0.018723676390965015 0.029309449336221635 -0.017693698468029366 -0.021597367508235352
leaf_weight=11.317473372444512 11.498058168217538 9.1317966766655427 10.633495574817067 10.450936969369648 6.167039828374981 13.437978349626063 6.6711982823908356
leaf_count=87 92 83 89 72 62 98 43
internal_value=0 0.00749723 -0.0087092 -0.00301935 0.00240833 -0.00448366 -0.00399057
internal_weight=0 27.1205 52.1875 40.6895 30.2385 24.0715 17.9887
internal_count=626 213 413 321 249 187 130
is_linear=0
shrinkage=0.05


Tree=186
num_leaves=8
num_cat=0
split_feature=26 24 20 21 24 26 28
split_gain=1.38761 1.4344 2.1279 3.41975 2.12517 2.01573 1.05591
threshold=0.31506405527797748 4.9704775520760558 0.061218000877939008 17.500000000000004 -3.0621719180009959 0.0095765975995346937 1.0909168207072333
decision_type=8 10 2 2 10 10 2
left_child=1 4 6 5 -1 -4 -3
right_child=-2 2 3 -5 -6 -7 -8
leaf_value=0.0072591172417772257 0.016963901178210471 -0.00031426923853610672 0.011029568136578084 0.042887949863364708 -0.028282275243308785 -0.016938966334107113 -0.026557959089692863
leaf_weight=6.9669528473168638 11.389855936169623 7.8041192069649679 19.89375815354288 6.1795865464955559 10.613113950937985 9.527452062815426 7.5320028234273195
leaf_count=67 87 59 171 71 83 56 50
internal_value=0 -0.00188292 0.00236718 0.00907463 -0.0141973 0.00197254 -0.0132033
internal_weight=0 68.517 50.9369 35.6008 17.5801 29.4212 15.3361
internal_count=644 557 407 298 150 227 109
is_linear=0
shrinkage=0.05


Tree=187
num_leaves=10
num_cat=0
split_feature=11 21 11 28 14 22 22 0 24
split_gain=2.14616 3.46258 2.19405 2.865 3.84221 2.27424 2.85645 1.65895 1.42963
threshold=0.77708333333333346 16.500000000000004 0.89125000000000021 1.170154183397486 40.10408487064803 3.5000000000000004 1.5000000000000002 -0.76128853147354081 22.959871367356381
decision_type=2 2 2 2 2 2 2 2 10
left_child=1 8 5 4 -4 6 -2 -3 -1
right_child=2 7 3 -5 -6 -7 -8 -9 -10
leaf_value=0.0068586424584746305 -0.0029900373877308839 0.0063359195790080583 -0.0084617144622151069 -0.015253760722202464 0.046238397988158139 0.0065487034516852052 -0.041906660249925246 0.044512011058462773 -0.021648807198727832
leaf_weight=10.317556934431201 7.7068240083754125 4.6978119853883999 6.4360655210912245 11.869814317673443 6.405167680233717 6.8854095228016368 12.146677432581781 7.2180586671456659 7.6652641370892516
leaf_count=68 67 44 43 92 72 55 77 78 49
internal_value=0 0.0085581 -0.00828639 0.00245418 0.0188225 -0.0182124 -0.0267998 0.0294612 -0.0052928
internal_weight=0 29.8987 51.45 24.711 12.8412 26.7389 19.8535 11.9159 17.9828
internal_count=645 239 406 207 115 199 144 122 117
is_linear=0
shrinkage=0.05


Tree=188
num_leaves=9
num_cat=0
split_feature=25 9 16 4 28 23 11 11
split_gain=2.63078 1.61392 2.62294 3.79763 3.21988 2.39897 1.32844 2.44323
threshold=50.945766800116694 2.1381083513854899 38.277291747775315 -4.9980296553355421 2.2583736755529755 2.10270564361304 0.79625000000000012 0.89125000000000021
decision_type=10 2 2 2 2 2 2 2
left_child=1 2 3 -1 5 -4 -3 -8
right_child=-2 6 4 -5 -6 -7 7 -9
leaf_value=0.016029412955832399 -0.024935985854532754 0.0085460274543840125 0.045115600549183066 -0.034622204726201027 -0.0061859371466378788 0.0098652700592729865 -0.035859849761641624 0.0025590033617701644
leaf_weight=7.1986205372959375 10.787766210734842 7.5597954466938999 9.889320085756486 7.6152881383895856 10.791661251336334 9.4279330559074861 8.3200333602726477 8.2333580143749696
leaf_count=60 72 56 98 49 88 98 52 62
internal_value=0 0.00161462 0.00721564 -0.0100087 0.0156902 0.0279114 -0.00882006 -0.016751
internal_weight=0 69.036 44.9228 14.8139 30.1089 19.3173 24.1132 16.5534
internal_count=635 563 393 109 284 196 170 114
is_linear=0
shrinkage=0.05


Tree=189
num_leaves=9
num_cat=0
split_feature=15 13 26 25 20 20 26 6
split_gain=1.79668 2.4304 1.79592 2.78644 1.52758 1.49331 2.07665 1.09136
threshold=3.0849243451998762 1.7379168307861372 0.0058522145267798234 1.6862283597676013 0.10800562422127237 0.10700203473975806 0.029591275230490242 43.706104207112034
decision_type=2 2 8 10 2 2 10 2
left_child=1 2 3 7 -5 -4 -7 -1
right_child=-2 -3 5 4 -6 6 -8 -9
leaf_value=0.0041565083350813261 -0.018905147987728903 0.024703833025221538 0.0057458386122252493 0.00090180074340028341 0.032129816329640647 -0.039394942428161522 -0.0058530090651503965 -0.022844480628290736
leaf_weight=7.0604585018009001 13.572896895930169 9.3427966553717834 8.1255897581577283 6.512608744204047 9.8225556518882495 7.9279776476323631 11.041013848036526 7.9632936948910356
leaf_count=61 94 88 61 58 107 50 71 59
internal_value=0 0.00102432 -0.00276044 0.00538601 0.0196796 -0.012189 -0.0198717 -0.0101553
internal_weight=0 67.7963 58.4535 31.3589 16.3352 27.0946 18.969 15.0238
internal_count=649 555 467 285 165 182 121 120
is_linear=0
shrinkage=0.05


Tree=190
num_leaves=7
num_cat=0
split_feature=1 26 17 17 19 15
split_gain=1.65102 1.15292 1.58104 1.88717 1.49379 1.52147
threshold=-2.1321568441616288 3.276891349149206 0.64166805504842617 0.68280638622897394 0.045403278264479825 -0.53784914376304049
decision_type=2 8 2 2 2 2
left_child=-1 2 4 -4 -2 -6
right_child=1 -3 3 -5 5 -7
leaf_value=0.023169606747240772 0.0083092674356097188 0.016302521431446931 0.032665583709345268 -0.0040897180076995979 -0.023711655929987155 -0.0048145995855445496
leaf_weight=6.3635789379477492 9.6735374331474286 6.7783429659903041 5.3795885182917109 9.9545940440148097 19.596249703317874 23.33584280312062
leaf_count=48 88 54 50 95 138 181
internal_value=0 -0.00336079 -0.0053226 0.0088049 -0.00944067 -0.0134401
internal_weight=0 74.7182 67.9398 15.3342 52.6056 42.9321
internal_count=654 606 552 145 407 319
is_linear=0
shrinkage=0.05


Tree=191
num_leaves=10
num_cat=0
split_feature=9 14 17 9 13 7 27 16 27
split_gain=1.71683 3.98131 3.29083 1.53464 3.03514 3.15352 1.65389 2.00614 1.46778
threshold=-2.1767956870536334 53.472939946382866 0.54863474929243783 -2.0966239095846917 0.2408201267717314 27.626913245229215 0.69442272832834917 65.697625632728133 0.19217593983535236
decision_type=2 2 2 2 2 2 10 2 8
left_child=1 2 -1 -2 5 -5 8 -8 -6
right_child=3 -3 -4 4 6 -7 7 -9 -10
leaf_value=0.025116171822322276 -0.026973692729204687 0.044089152525961323 -0.016080441718569285 0.032040984351022067 -0.006297209265802458 -0.0090370932566862395 0.019180083066522573 -0.019898646675880094 -0.038269985246966724
leaf_weight=7.9729048851877513 6.5222258344292632 6.8716576192528001 12.366302281618117 10.806803166866304 6.7225547749549168 8.2304018624126893 7.1052036490291339 6.1067917793989182 7.7021951824426651
leaf_count=62 44 76 92 95 53 70 63 43 49
internal_value=0 0.0111852 6.85005e-05 -0.0042556 -0.00108097 0.0142816 -0.0116633 0.00111728 -0.0233693
internal_weight=0 27.2109 20.3392 53.1962 46.674 19.0372 27.6367 13.212 14.4247
internal_count=647 230 154 417 373 165 208 106 102
is_linear=0
shrinkage=0.05


Tree=192
num_leaves=9
num_cat=0
split_feature=12 11 28 25 12 24 24 23
split_gain=1.34627 1.35489 1.76432 1.4927 2.18264 1.92657 2.22148 1.92166
threshold=1.8505433701589393 0.93708333333333338 0.97360308331650702 23.124829455368417 2.6274121544150879 16.537076906873903 23.662908546019164 16.404136784228271
decision_type=2 2 2 8 2 10 10 2
left_child=-1 3 -3 5 -5 -2 -7 -6
right_child=1 2 -4 4 7 6 -8 -9
leaf_value=-0.022687371175693208 -0.025024913018819657 0.037730538077022445 0.001684052533039428 0.03273438538967282 0.012161600269301761 0.028239480367971911 -0.0073634099362741004 -0.020419136453601366
leaf_weight=5.1104256249964228 9.8276588115841133 6.2175998892635089 7.4766407422721386 7.3016989072784808 12.949549954384567 5.7874102815985706 18.0343898832798 6.9573296681046477
leaf_count=46 73 59 56 72 92 58 146 44
internal_value=0 0.00384064 0.0180502 0.000643198 0.00935151 -0.00639824 0.00128617 0.000774837
internal_weight=0 74.5523 13.6942 60.858 27.2086 33.6495 23.8218 19.9069
internal_count=646 600 115 485 208 277 204 136
is_linear=0
shrinkage=0.05


Tree=193
num_leaves=11
num_cat=0
split_feature=24 19 12 12 27 1 6 23 12 10
split_gain=1.48546 1.36622 1.64852 2.35962 3.35279 1.52569 2.57637 1.39245 1.04648 0.805741
threshold=43.230994241392942 0.10102161671573527 3.7164441630469902 2.675212536116454 0.585579981756991 -1.1484165290311881 63.012031175417455 -7.3668037045082988 3.0500531264128026 0.3138559247004637
decision_type=8 2 2 2 10 2 2 2 2 2
left_child=1 5 3 7 -5 8 9 -3 -1 -7
right_child=-2 2 -4 4 -6 6 -8 -9 -10 -11
leaf_value=-0.023068722270592285 0.020262673240694834 -0.019259709257249093 0.013302950381180437 0.00069253874755814768 -0.042390364257829306 0.017371968645490284 -0.010133574970026147 0.010840653257644052 0.0053146789481314403 0.045267847059000291
leaf_weight=5.6281610121950525 8.012224165722726 5.7611994463950387 7.4786265641450873 7.6288463659584549 11.066546197980641 5.228101998567583 5.9356451826170078 11.534646898508074 7.6772101111710072 5.1270521758124232
leaf_count=43 68 38 57 63 72 46 52 102 65 56
internal_value=0 -0.00241601 -0.00805753 -0.012496 -0.0248099 0.00587006 0.0161296 0.000814304 -0.00669148 0.0311838
internal_weight=0 73.066 43.4699 35.9912 18.6954 29.5962 16.2908 17.2958 13.3054 10.3552
internal_count=662 594 332 275 135 262 154 140 108 102
is_linear=0
shrinkage=0.05


Tree=194
num_leaves=9
num_cat=0
split_feature=0 15 26 0 24 24 4 11
split_gain=1.11249 3.11817 2.46049 3.05533 2.25131 2.29602 2.01297 1.63729
threshold=0.87461163745407378 2.0932056947179256 0.065283324126712977 0.65172796474077677 15.523010990136783 4.9704775520760558 -0.87248985974060245 0.84750000000000014
decision_type=2 2 10 2 10 10 2 2
left_child=2 6 3 4 5 -1 -2 -6
right_child=1 -3 -4 -5 7 -7 -8 -9
leaf_value=0.0021139682096642542 -0.00101093904897443 -0.012686019848394514 -0.025752269512656828 -0.029109532172035813 -0.016232815507567642 0.041503142006504123 0.040245924941680278 0.012264990617777555
leaf_weight=8.0045469179749471 4.8981352727860212 11.024703927338122 12.647130809724329 7.7909828312695018 12.859362358227374 6.8791827652603379 7.4586264099925774 8.2889089155942184
leaf_count=74 44 73 80 53 104 61 77 74
internal_value=0 0.00664492 -0.00632433 -0.000717502 0.00542154 0.0203194 0.023892 -0.00506331
internal_weight=0 23.3815 56.4701 43.823 36.032 14.8837 12.3568 21.1483
internal_count=640 194 446 366 313 135 121 178
is_linear=0
shrinkage=0.05


Tree=195
num_leaves=8
num_cat=0
split_feature=13 6 24 27 6 13 10
split_gain=1.77243 2.16628 3.46477 2.54866 2.42312 4.48243 2.30874
threshold=3.4833883009642732 51.421822483613468 6.8665174467412662 0.26235131073022461 47.249007249441455 0.40940246471040231 -1.251551962483797
decision_type=2 2 8 8 2 2 2
left_child=1 4 -3 -4 5 6 -1
right_child=-2 2 3 -5 -6 -7 -8
leaf_value=0.0019021132279614284 -0.023508580687912652 0.039705254534608977 0.018499386279489074 -0.019642510337726578 -0.029955700489200238 0.03621705012380682 -0.026887031942629338
leaf_weight=18.762287301942706 8.6051822081208211 7.8954565431922674 8.9402188472449762 8.5858338549733215 8.5810032747685892 6.7937383763492099 11.074457278475167
leaf_count=142 68 82 84 56 57 72 77
internal_value=0 0.000526103 0.0122035 -0.000185939 -0.00603988 -0.000437399 -0.00878351
internal_weight=0 70.633 25.4215 17.5261 45.2115 36.6305 29.8367
internal_count=638 570 222 140 348 291 219
is_linear=0
shrinkage=0.05


Tree=196
num_leaves=6
num_cat=0
split_feature=0 24 0 1 11
split_gain=1.20843 1.84829 1.81909 2.45402 2.06733
threshold=-1.4724807100484878 33.272526296106825 -1.0759889110364362 -1.3838864832610283 0.93708333333333338
decision_type=2 10 2 2 2
left_child=-1 2 -2 -4 -5
right_child=1 -3 3 4 -6
leaf_value=-0.017467075737332145 0.020665910260558182 0.023428800800736366 -0.031627909291239271 -0.0039535226001233712 0.022760673402241523
leaf_weight=7.0928882490843526 9.7914915457367879 10.625083844177423 6.476183807477347 37.297974203713245 8.987120518460868
leaf_count=48 78 98 39 301 79
internal_value=0 0.00414811 0.000873126 -0.00280004 0.00123354
internal_weight=0 73.1779 62.5528 52.7613 46.2851
internal_count=643 595 497 419 380
is_linear=0
shrinkage=0.05


Tree=197
num_leaves=8
num_cat=0
split_feature=0 17 14 19 19 17 11
split_gain=1.97099 1.67272 2.25803 2.55888 3.08325 1.65623 2.33012
threshold=1.2845343104289644 0.51612521725881433 58.922824293288393 0.29779098544744081 0.12485054916124329 0.37670594356027448 0.81833333333333347
decision_type=2 2 2 2 2 2 2
left_child=1 5 3 4 -3 -1 -7
right_child=-2 2 -4 -5 -6 6 -8
leaf_value=-0.0082933628649814236 -0.023697501983309617 -0.012631891481818886 0.020542328971359242 -0.034564654059865092 0.022779958354175261 0.0041972242922001472 0.04043324532009792
leaf_weight=6.927102509886029 8.3128084409981948 20.784003552049402 7.9285545945167533 7.6763022616505614 8.7281943913549167 9.8646509088575858 8.0624287109822017
leaf_count=53 60 162 81 50 73 80 74
internal_value=0 0.00205476 -0.00368311 -0.00884795 -0.00215888 0.0124706 0.0204938
internal_weight=0 69.9712 45.1171 37.1885 29.5122 24.8542 17.9271
internal_count=633 573 366 285 235 207 154
is_linear=0
shrinkage=0.05


Tree=198
num_leaves=9
num_cat=0
split_feature=28 6 28 20 14 1 1 25
split_gain=1.377 2.17886 2.06014 2.54933 1.71399 2.98766 1.56476 0.8889
threshold=2.1986013582896287 42.495160518591739 1.3598368193528898 0.05011600774438723 40.337640938249294 -0.79394551248842182 0.46159839027717253 13.38892812837029
decision_type=2 2 2 2 2 2 2 10
left_child=2 -2 3 -1 -5 -6 -3 -4
right_child=1 6 7 4 5 -7 -8 -9
leaf_value=0.023714613984813497 0.012459430911780972 -0.036799276185266704 0.037424062972411493 -0.024690686010711418 0.028163851733985109 -0.014214947510831168 -0.00675304242355721 0.011891161729429752
leaf_weight=8.6882052421569806 9.4660117141902465 6.5035975910723236 5.9566465485841018 9.3815657347440737 6.6701387204229841 11.046185305342078 12.984244272112845 7.9690898563712835
leaf_count=77 81 45 57 66 65 92 97 66
internal_value=0 -0.00722079 0.00649583 0.000146314 -0.00741022 0.00174053 -0.0167802 0.0228127
internal_weight=0 28.9539 49.7118 35.7861 27.0979 17.7163 19.4878 13.9257
internal_count=646 223 423 300 223 157 142 123
is_linear=0
shrinkage=0.05


Tree=199
num_leaves=9
num_cat=0
split_feature=7 7 13 16 20 24 20 20
split_gain=1.52841 2.61321 2.37083 2.29694 2.09183 2.07117 1.46402 1.24972
threshold=30.140455644113647 34.13456093340033 2.9677088260242477 60.369826194151393 0.16150895511527422 16.790622764382089 0.28106173610043073 0.1587144521517373
decision_type=2 2 2 2 2 8 2 2
left_child=2 -2 3 4 5 -1 -6 -3
right_child=1 7 -4 -5 6 -7 -8 -9
leaf_value=-0.023862740728814998 -0.039535095599888721 0.01788716015836601 -0.020204842171941864 0.031925497230532666 0.035742011546988257 0.0059468117406828273 0.0058124007373999914 -0.014265267226530426
leaf_weight=10.211669005453588 6.1791948210448053 5.5511497901752573 8.9947815481573326 8.1727820336818677 6.0456838477402952 13.570736767724155 12.604139469563959 6.6338821575045586
leaf_count=79 46 58 62 71 61 108 103 52
internal_value=0 -0.013049 0.00344886 0.00765319 0.00297815 -0.00685279 0.0155146 0.000382453
internal_weight=0 18.3642 59.5998 50.605 42.4322 23.7824 18.6498 12.185
internal_count=640 156 484 422 351 187 164 110
is_linear=0
shrinkage=0.05


end of trees

feature_importances:
round100_d_atr=91
atr_pctl=89
gap_atr=89
pd_low_d_atr=82
adx14=79
pd_high_d_atr=74
lower_wick_atr=70
5m_stretch=63
chan_z=61
body_ratio_3=59
range_atr_5=58
ema200_d_atr=56
ema5_d_atr=54
pd_range_pos=53
day_pos_atr=51
vwap_z=48
upper_wick_atr=47
ema50_d_atr=45
rsi14=44
15m_stretch=43
5m_rsi=42
consec_dir=35
ema10_d_atr=28
utc_hour=27
15m_rsi=26
ema20_d_atr=23
meta_z=19
dow=15
ema_stack=4
adx_bucket=2

parameters:
[boosting: gbdt]
[objective: binary]
[metric: binary_logloss]
[tree_learner: serial]
[device_type: cpu]
[data_sample_strategy: bagging]
[data: ]
[valid: ]
[num_iterations: 200]
[learning_rate: 0.05]
[num_leaves: 31]
[num_threads: 0]
[seed: 20260704]
[deterministic: 0]
[force_col_wise: 0]
[force_row_wise: 0]
[histogram_pool_size: -1]
[max_depth: 5]
[min_data_in_leaf: 50]
[min_sum_hessian_in_leaf: 0.001]
[bagging_fraction: 0.8]
[pos_bagging_fraction: 1]
[neg_bagging_fraction: 1]
[bagging_freq: 1]
[bagging_seed: 25476]
[feature_fraction: 0.7]
[feature_fraction_bynode: 1]
[feature_fraction_seed: 8260]
[extra_trees: 0]
[extra_seed: 11519]
[early_stopping_round: 0]
[first_metric_only: 0]
[max_delta_step: 0]
[lambda_l1: 0]
[lambda_l2: 0]
[linear_lambda: 0]
[min_gain_to_split: 0]
[drop_rate: 0.1]
[max_drop: 50]
[skip_drop: 0.5]
[xgboost_dart_mode: 0]
[uniform_drop: 0]
[drop_seed: 30751]
[top_rate: 0.2]
[other_rate: 0.1]
[min_data_per_group: 100]
[max_cat_threshold: 32]
[cat_l2: 10]
[cat_smooth: 10]
[max_cat_to_onehot: 4]
[top_k: 20]
[monotone_constraints: ]
[monotone_constraints_method: basic]
[monotone_penalty: 0]
[feature_contri: ]
[forcedsplits_filename: ]
[refit_decay_rate: 0.9]
[cegb_tradeoff: 1]
[cegb_penalty_split: 0]
[cegb_penalty_feature_lazy: ]
[cegb_penalty_feature_coupled: ]
[path_smooth: 0]
[interaction_constraints: ]
[verbosity: -1]
[saved_feature_importance_type: 0]
[use_quantized_grad: 0]
[num_grad_quant_bins: 4]
[quant_train_renew_leaf: 0]
[stochastic_rounding: 1]
[linear_tree: 0]
[max_bin: 255]
[max_bin_by_feature: ]
[min_data_in_bin: 3]
[bin_construct_sample_cnt: 200000]
[data_random_seed: 4380]
[is_enable_sparse: 1]
[enable_bundle: 1]
[use_missing: 1]
[zero_as_missing: 0]
[feature_pre_filter: 1]
[pre_partition: 0]
[two_round: 0]
[header: 0]
[label_column: ]
[weight_column: ]
[group_column: ]
[ignore_column: ]
[categorical_feature: ]
[forcedbins_filename: ]
[precise_float_parser: 0]
[parser_config_file: ]
[objective_seed: 6566]
[num_class: 1]
[is_unbalance: 0]
[scale_pos_weight: 1]
[sigmoid: 1]
[boost_from_average: 1]
[reg_sqrt: 0]
[alpha: 0.9]
[fair_c: 1]
[poisson_max_delta_step: 0.7]
[tweedie_variance_power: 1.5]
[lambdarank_truncation_level: 30]
[lambdarank_norm: 1]
[label_gain: ]
[lambdarank_position_bias_regularization: 0]
[eval_at: ]
[multi_error_top_k: 1]
[auc_mu_weights: ]
[num_machines: 1]
[local_listen_port: 12400]
[time_out: 120]
[machine_list_filename: ]
[machines: ]
[gpu_platform_id: -1]
[gpu_device_id: -1]
[gpu_use_dp: 0]
[num_gpu: 1]

end of parameters

pandas_categorical:[]
