tree
version=v4
num_class=1
num_tree_per_iteration=1
label_index=0
max_feature_idx=36
objective=binary sigmoid:1
feature_names=ema5_d_atr ema10_d_atr ema20_d_atr ema50_d_atr ema200_d_atr ema_stack rsi14 adx14 adx_bucket chan_z vwap_z atr_pctl range_atr_5 5m_stretch 5m_rsi 15m_stretch 15m_rsi body_ratio_3 consec_dir upper_wick_atr lower_wick_atr utc_hour dow day_pos_atr pd_high_d_atr pd_low_d_atr gap_atr pd_range_pos round100_d_atr meta_z meta_touches meta_dist_atr meta_pierce_atr meta_kind meta_or_width meta_stretch is_buy
feature_infos=[-6.2971423306198986:5.3498053023523395] [-7.7599545110705801:6.3607748168693794] [-8.673009910751496:6.6327265679125951] [-9.1616568382747463:6.2512994357724887] [-10.775279148654395:11.166274257184684] [-3:3] [5.951804005217241:83.080350202106928] [8.2229343091885276:57.646023478522011] [0:3] [-6.6139235682561788:6.5555792350349025] [-6.4570208228969781:5.29167701913864] [0.31083333333333335:1] [1.1736350005413498:10.581012915053122] [-9.4892939479597356:6.3578922054240721] [13.023126849266674:74.095588873828092] [-8.6556808194916357:6.2943809873601397] [16.502837357769195:82.644803813192013] [0.13016177936300874:0.95117463245204104] [-7:7] [0:1.786554417955418] [0:2.5597818609609142] [13:19] [0:4] [-44.218394376722337:71.330093890174894] [-62.760930264702488:87.589819031539889] [-53.132394988751614:119.88416488255423] [-42.347718623701759:24.307691286213515] [-3.241659454597889:2.0986935646163305] [0.0040452564039669585:8.1318443611429458] none [4:22] none [0.0014914809380393282:0.598531781074647] none none none [0:1]
tree_sizes=929 966 968 961 968 978 867 968 965 859 859 967 861 966 968 970 854 973 855 963 862 969 960 963 859 970 863 1074 965 1062 870 862 966 764 864 966 966 876 865 863 965 863 867 972 867 872 967 972 965 1070 976 965 970 1069 1068 965 961 967 867 967 970 761 863 868 960 861 762 869 970 967 864 968 965 967 976 968 962 861 860 864 870 967 970 1068 973 865 864 866 861 760 763 857 865 1073 973 765 861 1072 859 964 971 1085 869 762 972 979 970 872 968 862 863 868 761 964 970 976 962 973 964 972 973 762 976 865 1073 974 978 869 972 863 972 978 972 874 979 969 867 971 762 966 869 972 871 975 977 872 764 873 762 972 1067 762 871 975 877 870 965 865 1072 867 862 863 1084 974 965 967 973 865 865 858 867 972 982 862 1076 1071 863 872 861 1076 974 863 867 867 970 978 974 974 964 971 761 978 867 874 965 969 866 873 975 862

Tree=0
num_leaves=8
num_cat=0
split_feature=10 6 16 36 9 23 10
split_gain=8.2089 10.8399 10.767 11.4351 5.78959 5.6564 1.85833
threshold=-0.26788305695145626 40.695220938968617 52.472552401337019 1.0000000180025095e-35 1.0527024698952623 -7.11748941329963 -0.56007550291602282
decision_type=2 2 2 2 2 2 2
left_child=1 -1 3 -2 -4 -5 -3
right_child=2 6 4 5 -6 -7 -8
leaf_value=1.1897615570469386 1.2141079288602192 1.2588278962980366 1.1908564996946258 1.1716666858778317 1.2381381140265739 1.1178427760243292 1.2285635871243545
leaf_weight=16.91277489066124 9.0794896781444567 10.325694143772127 14.420365959405901 10.325694143772127 11.749927818775175 9.2575188875198346 9.9696357250213605
leaf_count=95 51 58 81 58 66 52 56
internal_value=1.19859 1.21933 1.1889 1.16773 1.21208 1.14622 1.24396
internal_weight=0 37.2081 54.833 28.6627 26.1703 19.5832 20.2953
internal_count=517 209 308 161 147 110 114
is_linear=0
shrinkage=1


Tree=1
num_leaves=8
num_cat=0
split_feature=3 14 4 6 12 11 10
split_gain=8.16633 18.4332 12.2909 12.3029 6.66826 5.13962 3.25954
threshold=-0.33802718569057005 54.320001447264659 -0.55202797113380497 54.709273559681129 3.1511337845371257 0.76208333333333345 -0.86577358145464223
decision_type=2 2 2 2 2 2 2
left_child=4 2 -2 -4 6 -3 -1
right_child=1 5 3 -5 -6 -7 -8
leaf_value=0.013223392329465001 -0.0029338695029852858 -0.0064852820291198422 -0.024087230252541433 -0.10687855696410511 -0.018632306597260673 0.041648170328775866 0.048644666301109252
leaf_weight=13.568077787756918 13.886389374732973 9.7829561680555361 8.9532336890697497 8.9958106726407987 9.5697041451930982 12.805290341377257 12.458566710352899
leaf_count=77 77 55 50 50 54 72 71
internal_value=0 -0.0137438 -0.0382548 -0.0655811 0.0170566 0.0208016 0.030179
internal_weight=0 54.4237 31.8354 17.949 35.5963 22.5882 26.0266
internal_count=506 304 177 100 202 127 148
is_linear=0
shrinkage=0.05


Tree=2
num_leaves=8
num_cat=0
split_feature=21 26 28 24 24 1 17
split_gain=7.55285 7.59145 4.9026 7.53817 4.50686 3.10757 2.56087
threshold=14.500000000000002 0.012107055370395725 1.3328878539808191 19.351439268642338 3.7177530556719254 0.14626539670625652 0.53707023959285394
decision_type=2 10 2 8 10 2 2
left_child=1 5 6 4 -4 -1 -2
right_child=2 -3 3 -5 -6 -7 -8
leaf_value=0.015913529763709463 0.041815429088543826 -0.056984710552087786 -0.0035893251902898689 -0.033379729239035781 0.042540805328329309 -0.024476221558781781 0.010831093600386284
leaf_weight=10.219756066799169 12.931209683418276 9.820075571537016 13.118026852607729 12.675733625888823 8.8781895786523801 8.9180356711149198 13.770031884312628
leaf_count=58 73 55 74 71 50 50 77
internal_value=0 -0.0212461 0.00973318 -0.00266821 0.0150299 -0.00290772 0.0258366
internal_weight=0 28.9579 61.3732 34.672 21.9962 19.1378 26.7012
internal_count=508 163 345 195 124 108 150
is_linear=0
shrinkage=0.05


Tree=3
num_leaves=8
num_cat=0
split_feature=6 16 24 13 24 6 20
split_gain=6.69449 13.2001 5.79524 6.03366 4.75443 5.75282 1.75361
threshold=56.111097667887641 52.472552401337019 4.1194118590366893 -0.053635137460648907 21.531130615790435 45.065428415345934 0.21859461035855943
decision_type=2 2 10 2 10 2 2
left_child=2 -2 3 -1 6 -6 -4
right_child=1 -3 4 -5 5 -7 -8
leaf_value=0.017945860518762458 -0.050923032372264532 0.019716398181899152 0.0514723277013064 -0.036554493397104856 -0.022573740568721926 0.028182868083744733 0.023313729656835706
leaf_weight=9.563880383968355 14.482331812381746 12.171475216746328 11.255291730165483 10.827844694256781 10.277552098035814 12.220622584223745 10.867750346660612
leaf_count=54 78 69 64 61 58 69 62
internal_value=0 -0.0186655 0.0110892 -0.0109934 0.0211808 0.00499638 0.0376397
internal_weight=0 26.6538 65.0129 20.3917 44.6212 22.4982 22.123
internal_count=515 147 368 115 253 127 126
is_linear=0
shrinkage=0.05


Tree=4
num_leaves=8
num_cat=0
split_feature=21 10 14 36 23 17 6
split_gain=13.5073 7.70896 8.14459 11.7393 10.4102 9.38959 5.09635
threshold=13.500000000000002 -0.27124637327896656 54.320001447264659 1.0000000180025095e-35 -1.6261275384374363 0.51616596495586353 40.695220938968617
decision_type=2 2 2 2 2 2 2
left_child=-1 6 3 -3 -5 -4 -2
right_child=1 2 5 4 -6 -7 -8
leaf_value=-0.048738977143967868 0.0038528603323279031 0.023853417025631523 -0.018516048213366026 -0.01178200707488789 -0.081809607006911769 0.050653249778693177 0.045200177467414122
leaf_weight=13.129817396402357 13.877185225486757 9.7276159077882784 8.9916360229253787 12.176583617925646 9.4073697477579099 10.798867762088774 16.097451761364937
leaf_count=73 78 55 51 66 50 62 95
internal_value=0 0.005927 -0.00588103 -0.0217505 -0.0423035 0.0192268 0.0260578
internal_weight=0 81.0767 51.1021 31.3116 21.584 19.7905 29.9746
internal_count=530 457 284 171 116 113 173
is_linear=0
shrinkage=0.05


Tree=5
num_leaves=8
num_cat=0
split_feature=21 10 19 15 16 26 26
split_gain=6.82003 16.6059 4.96666 4.08622 8.31139 3.10902 2.65607
threshold=14.500000000000002 0.60027067693559477 0.14088558833607245 -0.21096554802905762 36.977826420927464 -0.0070732342067545539 -0.0067258372962699913
decision_type=2 2 2 2 2 8 10
left_child=1 2 -1 4 -2 -6 -5
right_child=3 -3 -4 6 5 -7 -8
leaf_value=0.036660958383222891 0.037349880347213309 -0.072035182855885976 -0.013245399418696902 0.0097855398228669822 -0.00074196438020353306 -0.041068507867603334 0.038035358528012535
leaf_weight=8.8305444568395668 9.1976754218339938 9.3574915081262571 11.44874234497547 16.387355402112007 9.7597942650318128 9.3662733882665652 16.902548834681511
leaf_count=50 53 50 64 94 54 52 97
internal_value=0 -0.0169376 0.00848615 0.0122519 -0.00170769 -0.0204904 0.024129
internal_weight=0 29.6368 20.2793 61.6136 28.3237 19.1261 33.2899
internal_count=514 164 114 350 159 106 191
is_linear=0
shrinkage=0.05


Tree=6
num_leaves=7
num_cat=0
split_feature=15 10 26 10 25 27
split_gain=6.43462 15.5142 6.16112 8.51074 5.33873 3.37847
threshold=0.49406070918162531 0.63589253200253348 -0.024007141911486823 -0.26788305695145626 32.900518699066318 0.59250539279011394
decision_type=2 2 8 2 8 10
left_child=1 2 -1 -4 5 -2
right_child=4 -3 3 -5 -6 -7
leaf_value=0.034761337848523609 0.010470338833893915 -0.059709625637812881 0.016154119050461227 -0.041863699495498161 -0.0061001598669150215 0.04833073909862063
leaf_weight=11.689617380499838 11.032884612679483 12.482764661312101 14.572043791413305 11.163374915719034 16.896594926714897 12.646565720438955
leaf_count=67 63 64 85 62 96 74
internal_value=0 -0.0114398 0.00466012 -0.00901255 0.0153703 0.0306906
internal_weight=0 49.9078 37.425 25.7354 40.576 23.6795
internal_count=511 278 214 147 233 137
is_linear=0
shrinkage=0.05


Tree=7
num_leaves=8
num_cat=0
split_feature=26 1 24 26 10 6 3
split_gain=6.4418 6.09382 5.23375 4.13326 3.82366 5.32641 2.81431
threshold=0.026240062691219566 -0.37384503771911742 19.703424793727169 -0.015316859951924319 0.62066371311685897 44.658511117534715 0.35290054939614751
decision_type=8 2 10 10 2 2 2
left_child=2 -2 3 -1 5 -4 -5
right_child=1 -3 4 6 -6 -7 -8
leaf_value=0.0021629204288506885 0.0093970766791977821 -0.041237989698979224 -0.022186718648015843 0.019159230451347847 -0.03344796952706805 0.030237321530025618 0.055340370688775023
leaf_weight=16.733064368367195 9.887815788388254 14.889546990394591 9.2203859388828331 12.115853607654573 9.42496809363365 10.210986271500586 9.6596657484769803
leaf_count=96 56 82 53 70 50 59 54
internal_value=0 -0.0210312 0.00878542 0.0208497 -0.00731428 0.00536158 0.0352093
internal_weight=0 24.7774 67.3649 38.5086 28.8563 19.4314 21.7755
internal_count=520 138 382 220 162 112 124
is_linear=0
shrinkage=0.05


Tree=8
num_leaves=8
num_cat=0
split_feature=26 10 16 10 11 32 17
split_gain=5.95857 8.08231 5.654 4.60582 5.31999 3.4332 2.60546
threshold=0.026240062691219566 0.72699462367225987 52.998509946365665 -1.1608640438433535 0.80208333333333337 0.2097620166128901 0.53707023959285394
decision_type=10 2 2 2 2 2 2
left_child=1 3 -2 -1 5 -5 -6
right_child=2 -3 -4 4 6 -7 -8
leaf_value=-0.014998643305423501 -0.054369800584441158 -0.024936046735321626 -0.0030499853635873311 -0.019833547749555917 0.055571622408668933 0.021380621768732906 0.020977109914621539
leaf_weight=10.666723713278769 9.4408625215291995 17.359176307916641 12.437221780419348 8.9156501889228839 11.340069428086283 11.662941694259642 10.46561738848686
leaf_count=61 50 93 70 52 66 68 62
internal_value=0 0.00467831 -0.0251956 0.0143686 0.0217594 0.00352463 0.038968
internal_weight=0 70.4102 21.8781 53.051 42.3843 20.5786 21.8057
internal_count=522 402 120 309 248 120 128
is_linear=0
shrinkage=0.05


Tree=9
num_leaves=7
num_cat=0
split_feature=1 21 13 7 0 28
split_gain=10.0589 15.3649 7.56285 6.28706 5.15731 3.29174
threshold=0.28206781584693935 14.500000000000002 0.26717384681754713 22.716581897999781 0.74381273756092214 1.9975916920992409
decision_type=2 2 2 2 2 2
left_child=2 -2 3 5 -3 -1
right_child=1 4 -4 -5 -6 -7
leaf_value=0.021783866667939245 -0.07005263405178884 -0.023662788783474043 -0.017231088603584459 -0.0096881086247796473 0.021093399581504742 0.059153739590346047
leaf_weight=14.221446648240091 12.24626864492893 13.317439779639246 17.068604409694672 10.090498328208922 12.457675620913504 10.062202230095862
leaf_count=84 63 73 98 58 71 59
internal_value=0 -0.0239401 0.0099751 0.0234844 -0.00203115 0.0372685
internal_weight=0 38.0214 51.4428 34.3741 25.7751 24.2836
internal_count=506 207 299 201 144 143
is_linear=0
shrinkage=0.05


Tree=10
num_leaves=7
num_cat=0
split_feature=1 13 21 13 7 20
split_gain=5.29995 12.1945 8.97728 6.43505 5.68604 2.90706
threshold=0.28206781584693935 1.9707409335389174 16.500000000000004 0.26717384681754713 22.716581897999781 0.17244843668571117
decision_type=2 2 2 2 2 2
left_child=3 2 -2 4 5 -1
right_child=1 -3 -4 -5 -6 -7
leaf_value=0.053807840022171982 -0.056428243290278596 0.033075116084633864 -0.0022099142379033102 -0.018035783600751552 -0.010045471688314375 0.017572100845907223
leaf_weight=10.295160725712778 17.215070277452472 9.2404467016458494 13.718904465436934 16.86673691868782 10.684548586606978 11.97111092507839
leaf_count=62 90 52 74 96 61 72
internal_value=0 -0.0173271 -0.032383 0.00708147 0.0199384 0.0343263
internal_weight=0 40.1744 30.934 49.8176 32.9508 22.2663
internal_count=507 216 164 291 195 134
is_linear=0
shrinkage=0.05


Tree=11
num_leaves=8
num_cat=0
split_feature=11 20 15 13 15 12 22
split_gain=4.19332 4.385 6.61548 5.30678 5.86589 2.74679 2.57884
threshold=0.66458333333333341 0.20909991032481753 -1.7536003796744495 -0.47420087267877292 0.83873770506622736 2.9631033676295204 2.5000000000000004
decision_type=2 2 2 2 2 2 2
left_child=-1 2 -2 -3 -5 6 -4
right_child=1 3 5 4 -6 -7 -8
leaf_value=-0.026411102049672754 -0.018933897377088591 0.01633080993527599 0.030637704713354724 -0.049857183307925775 0.0032751162040251624 0.049110122393055178 -0.0020812689081636708
leaf_weight=12.977282419800757 11.137052953243254 12.47920949757099 14.329406127333643 11.055431932210924 9.7989052534103376 9.0291051715612394 10.38833364844322
leaf_count=72 62 73 81 59 57 51 59
internal_value=0 0.00427842 0.0144807 -0.00945908 -0.0248917 0.0255082 0.0168866
internal_weight=0 78.2174 44.8839 33.3335 20.8543 33.7468 24.7177
internal_count=514 442 253 189 116 191 140
is_linear=0
shrinkage=0.05


Tree=12
num_leaves=7
num_cat=0
split_feature=16 4 12 0 4 12
split_gain=5.95932 11.0578 4.30943 3.89456 5.46122 2.43493
threshold=53.137272292765758 0.24311399786563234 3.1511337845371257 -0.41908209450664163 2.5964305464217472 2.1705793485831166
decision_type=2 2 2 2 2 2
left_child=1 2 5 -2 -5 -1
right_child=3 -3 -4 4 -6 -7
leaf_value=-2.576122065115886e-05 -0.0056729115614922374 -0.042990616950599761 -0.022348155022726052 0.055830019378393048 0.0091703937550104957 0.02886900110465624
leaf_weight=12.986533313989641 11.446794748306273 15.619304448366163 9.6033032685518247 11.082323521375658 14.44533449411392 16.624470636248589
leaf_count=74 67 81 53 64 84 96
internal_value=0 -0.00741338 0.00675726 0.0185604 0.0294267 0.0161966
internal_weight=0 54.8336 39.2143 36.9745 25.5277 29.611
internal_count=519 304 223 215 148 170
is_linear=0
shrinkage=0.05


Tree=13
num_leaves=8
num_cat=0
split_feature=24 21 2 12 15 4 15
split_gain=6.41457 7.14387 7.3953 6.41332 3.14695 4.83248 6.06235
threshold=-4.6146621636095499 14.500000000000002 0.69900483540107572 2.7544925444632402 1.1119374603996082 -2.904855750615809 -0.67581598623195782
decision_type=10 2 2 2 2 2 2
left_child=-1 2 3 -2 5 -3 -7
right_child=1 4 -4 -5 -6 6 -8
leaf_value=-0.037286554442235123 0.029483949542681433 0.037794016213090212 -0.051288254092029729 -0.028906097797134874 0.034417967994373147 -0.029801116247536109 0.016105304262332851
leaf_weight=11.141699030995367 9.8811171203851753 9.4955961108207649 10.121642172336577 8.9732954204082471 13.98074287176132 12.418028399348257 17.088063552975662
leaf_count=62 57 56 49 50 86 68 96
internal_value=0 0.00314834 -0.0168128 0.00169464 0.0140651 0.0067693 -0.00321502
internal_weight=0 81.9585 28.9761 18.8544 52.9824 39.0017 29.5061
internal_count=524 462 156 107 306 220 164
is_linear=0
shrinkage=0.05


Tree=14
num_leaves=8
num_cat=0
split_feature=19 32 19 32 11 17 19
split_gain=7.56571 8.11262 6.72673 5.53515 4.87049 4.04491 0.990194
threshold=0.065717643458244809 0.43943266024600575 0.20938363583987066 0.15721140305778783 0.86750000000000005 0.55911461515051719 0.01473284809621951
decision_type=2 2 2 2 2 2 2
left_child=3 2 5 -1 -4 -2 -5
right_child=1 -3 4 6 -6 -7 -8
leaf_value=-0.0058239097329154475 0.0019573223364494348 -0.043874744090537592 0.0019154657100615001 0.029926954050322141 0.043531669358220018 -0.03817813377318887 0.05347614818545654
leaf_weight=9.0482891947031039 13.85683234035969 11.34843924641609 17.095254212617878 8.588214263319971 11.94156441092491 11.477048337459562 9.2950732707977277
leaf_count=51 77 63 95 50 70 64 55
internal_value=0 -0.00542275 0.00260309 0.0260433 0.0190304 -0.0162253 0.042167
internal_weight=0 65.7191 54.3707 26.9316 29.0368 25.3339 17.8833
internal_count=525 369 306 156 165 141 105
is_linear=0
shrinkage=0.05


Tree=15
num_leaves=8
num_cat=0
split_feature=3 14 17 8 13 16 16
split_gain=6.30017 9.60821 9.13725 6.1568 6.03701 5.62648 1.19475
threshold=-0.070766346569618471 54.448096783933998 0.54742524198625986 1.0000000180025095e-35 1.0000000180025095e-35 41.046014512437758 51.013249266866275
decision_type=2 2 2 2 2 2 2
left_child=4 3 -3 -2 5 -1 -7
right_child=1 2 -4 -5 -6 6 -8
leaf_value=4.4591563208488033e-05 -0.06106426655264529 -0.019298872175678661 0.043810963797076517 -0.011881496346318044 -0.020504992588484792 0.032139126756763718 0.057159025370992766
leaf_weight=12.523036211729051 10.30803342163563 11.098323360085489 11.869020387530325 16.626693934202194 8.8453083187341672 10.959380179643633 8.4504596740007383
leaf_count=75 52 62 69 86 52 65 52
internal_value=0 -0.0104443 0.0133149 -0.0307039 0.0160485 0.0261738 0.043032
internal_weight=0 49.9021 22.9673 26.9347 40.7782 31.9329 19.4098
internal_count=513 269 131 138 244 192 117
is_linear=0
shrinkage=0.05


Tree=16
num_leaves=7
num_cat=0
split_feature=1 9 28 6 27 11
split_gain=4.99661 9.28085 6.29813 4.2316 5.33677 2.45481
threshold=0.5000055612767399 2.1124776098915437 1.8671153061327936 40.695220938968617 0.92790062866285594 0.84708333333333352
decision_type=2 2 2 2 8 2
left_child=3 2 -2 -1 5 -5
right_child=1 -3 -4 4 -6 -7
leaf_value=-0.011071814837641204 -0.0079442718319683026 0.024487958946225671 -0.05868499384818994 0.0179917527175831 -0.0096820946603241864 0.047514080649415244
leaf_weight=15.91582505404949 13.92879703640938 11.269483417272566 10.90241803228855 16.093685895204548 11.294378146529196 12.518451154232023
leaf_count=93 76 60 56 95 64 77
internal_value=0 -0.0131437 -0.0302225 0.0107266 0.0194205 0.0309084
internal_weight=0 36.1007 24.8312 55.8223 39.9065 28.6121
internal_count=521 192 132 329 236 172
is_linear=0
shrinkage=0.05


Tree=17
num_leaves=8
num_cat=0
split_feature=26 26 10 21 1 23 17
split_gain=4.00849 5.76607 5.72812 5.58399 4.88376 3.81852 4.35417
threshold=0.026240062691219566 -0.0098741405360137351 0.62548296738850839 16.500000000000004 -0.39581036967583577 6.3475150427308451 0.56548359492210232
decision_type=8 10 2 2 2 2 2
left_child=1 2 5 -2 -3 6 -1
right_child=3 4 -4 -5 -6 -7 -8
leaf_value=0.042093579855076724 -0.040388710889687311 -0.0041540718702431654 -0.036405413774222524 0.0074633119949187093 0.038704240455004001 -0.020991192513059503 -0.0076290540512472475
leaf_weight=9.2821174263954216 13.802732199430467 11.005948394536974 12.242969915270804 10.919659212231634 16.782935485243797 9.362998425960539 8.3759231120347959
leaf_count=56 74 66 63 60 96 55 50
internal_value=0 0.00430134 -0.00803366 -0.0192529 0.02173 0.00482131 0.0185081
internal_weight=0 67.0529 39.264 24.7224 27.7889 27.021 17.658
internal_count=520 386 224 134 162 161 106
is_linear=0
shrinkage=0.05


Tree=18
num_leaves=7
num_cat=0
split_feature=7 7 21 14 1 24
split_gain=6.00909 13.7961 4.76014 3.89294 6.15595 2.89788
threshold=24.992234054735231 22.358425933801538 14.500000000000002 55.897134209197695 0.54318480068707753 14.80123158110545
decision_type=2 2 2 2 2 8
left_child=1 2 -1 4 -4 -2
right_child=5 -3 3 -5 -6 -7
leaf_value=-0.015127759968948294 0.04597800563890525 -0.05472170838371454 0.023099981476179754 0.043559047776669468 -0.024372476277880709 0.008944678648526036
leaf_weight=16.97646576166153 10.889377623796461 10.669383361935614 20.965318344533447 9.9575801491737348 10.127768382430075 10.259187266230585
leaf_count=94 64 59 128 60 52 56
internal_value=0 -0.0024668 0.00714125 0.0163506 0.00763706 0.0280131
internal_weight=0 68.6965 58.0271 41.0507 31.0931 21.1486
internal_count=513 393 334 240 180 120
is_linear=0
shrinkage=0.05


Tree=19
num_leaves=8
num_cat=0
split_feature=21 14 9 9 24 14 23
split_gain=4.42354 3.95551 12.4581 8.35139 5.64926 4.78506 2.15132
threshold=13.500000000000002 51.859677696761743 -0.93387881162430453 -0.48690619280580072 18.068705886311765 54.651224284369832 -1.3001379451285717
decision_type=2 2 2 2 8 2 2
left_child=-1 3 -3 6 -5 -4 -2
right_child=1 2 5 4 -6 -7 -8
leaf_value=-0.028769235654475867 0.021923746905608214 -0.061039227557013201 -0.019887619675941225 0.015721692183275727 -0.033956643929272917 0.025768417829046309 0.056862378929753155
leaf_weight=14.285438641905783 9.7016958594322222 9.0963864326477033 9.504839628934862 12.052707344293596 10.896190673112867 14.484616518020628 8.0714232921600324
leaf_count=75 60 52 50 70 61 88 50
internal_value=0 0.0016276 -0.0112138 0.012061 -0.0078657 0.00767908 0.0377907
internal_weight=0 73.8079 33.0858 40.722 22.9489 23.9895 17.7731
internal_count=506 431 190 241 131 138 110
is_linear=0
shrinkage=0.05


Tree=20
num_leaves=7
num_cat=0
split_feature=16 2 11 32 0 32
split_gain=6.07762 11.1922 5.56875 5.03876 4.29252 2.98332
threshold=52.998509946365665 0.46697346445061466 0.85083333333333344 0.22674873085427841 -0.59001358966076356 0.29066520562680626
decision_type=2 2 2 2 2 2
left_child=1 2 3 -1 -2 -6
right_child=4 -3 -4 -5 5 -7
leaf_value=-0.038872064650731869 -0.01335689581729013 -0.041542339154694907 0.02887195843863526 0.014063037507368675 0.038653976149671837 0.0045817831174726374
leaf_weight=9.1026574522256869 10.200801715254782 20.147371172904968 14.554021164774893 8.8819666057825071 15.788044765591623 10.832480803132055
leaf_count=52 59 98 90 52 96 64
internal_value=0 -0.0122556 0.00587829 -0.0127293 0.0142214 0.0247892
internal_weight=0 52.686 32.5386 17.9846 36.8213 26.6205
internal_count=511 292 194 104 219 160
is_linear=0
shrinkage=0.05


Tree=21
num_leaves=8
num_cat=0
split_feature=19 32 8 24 24 10 32
split_gain=4.27334 4.34187 4.26802 4.89479 5.65239 2.6484 1.43059
threshold=0.062208278083273442 0.16663180063984581 1.5000000000000002 2.8622822773954879 19.304308670267108 0.15587247448902358 0.33044358396119727
decision_type=2 2 2 8 10 2 2
left_child=1 -1 3 -2 -5 -6 -3
right_child=2 6 -4 4 5 -7 -8
leaf_value=-0.0074312715044415516 -0.03999429140901363 0.051106863686262154 0.019004952755637745 0.019034833164754378 -0.0022195485661154163 -0.039191691454382838 0.021481438579758524
leaf_weight=8.7963308691978472 11.140388399362566 8.0748122781515139 15.79359422624111 16.895740501582623 9.7783969640731829 9.597977399826048 8.2265051156282407
leaf_count=50 61 50 90 97 58 49 50
internal_value=0 0.0208795 -0.00350682 -0.0110057 -0.00210236 -0.0205335 0.0361563
internal_weight=0 25.0976 63.2061 47.4125 36.2721 19.3764 16.3013
internal_count=505 150 355 265 204 107 100
is_linear=0
shrinkage=0.05


Tree=22
num_leaves=8
num_cat=0
split_feature=16 4 4 19 16 7 30
split_gain=5.23566 11.7321 5.46384 5.38792 3.68879 2.78593 2.56551
threshold=53.137272292765758 0.32518223742175656 3.7243995138906847 0.090856944306210746 44.761353520024606 18.106500600181484 4.5000000000000009
decision_type=2 2 2 2 2 2 2
left_child=1 4 3 -2 5 -1 -7
right_child=2 -3 -4 -5 -6 6 -8
leaf_value=0.036740209022120211 0.058114291867741308 -0.048652666040372432 -0.013360382635089964 0.00895549386532128 -0.01901226722937252 -0.016609754362246099 0.020168441461359543
leaf_weight=8.7913471236825007 9.0829086750745791 14.880836606025694 12.138483405113218 14.427718564867972 12.753601863980291 9.0297616124153155 9.9850112795829755
leaf_count=53 56 74 71 87 71 51 58
internal_value=0 -0.0106794 0.013882 0.0279471 0.00325251 0.0134645 0.00270316
internal_weight=0 55.4406 35.6491 23.5106 40.5597 27.8061 19.0148
internal_count=521 307 214 143 233 162 109
is_linear=0
shrinkage=0.05


Tree=23
num_leaves=8
num_cat=0
split_feature=28 15 25 11 27 24 23
split_gain=4.80237 4.96032 7.36489 4.62413 4.19703 4.07263 3.28902
threshold=1.4129155552904473 2.2200881896859679 8.4013501391432808 0.73958333333333337 0.45867892371918167 26.722934714488442 4.3921369201042593
decision_type=2 2 8 2 8 8 2
left_child=4 2 -2 -4 5 -1 -6
right_child=1 -3 3 -5 6 -7 -8
leaf_value=-0.025740120058799772 0.011922572587863495 0.024910495322221848 -0.056884075521445289 -0.013680259370215884 0.051116603658849472 0.022342052935148515 0.010495367511203349
leaf_weight=8.619240000844 16.383649744093418 9.9727676808834058 10.312551394104959 15.505265504121779 10.745319105684759 9.0052062720060366 9.2924621850252134
leaf_count=49 92 58 55 90 64 51 57
internal_value=0 -0.00680363 -0.0142981 -0.0309374 0.0166248 -0.00117255 0.0322786
internal_weight=0 52.1742 42.2015 25.8178 37.6622 17.6244 20.0378
internal_count=516 295 237 145 221 100 121
is_linear=0
shrinkage=0.05


Tree=24
num_leaves=7
num_cat=0
split_feature=14 17 17 14 17 3
split_gain=4.29422 8.063 9.11396 4.5263 3.0985 2.60277
threshold=51.891466895775075 0.58385850395480021 0.46756218656879051 42.402245857119134 0.60110661737654969 -0.68544483211110419
decision_type=2 2 2 2 2 2
left_child=3 2 -2 -1 5 -5
right_child=1 -3 -4 4 -6 -7
leaf_value=-0.0083476065487631864 0.0050963016513419501 0.019496712505077524 -0.056212218238983841 0.056440058725400061 0.0015315234023891584 0.021903539669738264
leaf_weight=15.687908187508581 11.886446267366411 16.068927124142647 12.37063619494438 8.3894196674227697 10.60942232608795 15.598078012466432
leaf_count=95 65 93 67 54 59 87
internal_value=0 -0.00797284 -0.0261698 0.0139295 0.0240311 0.0339824
internal_weight=0 40.326 24.2571 50.2848 34.5969 23.9875
internal_count=520 225 132 295 200 141
is_linear=0
shrinkage=0.05


Tree=25
num_leaves=8
num_cat=0
split_feature=26 20 16 19 16 20 21
split_gain=4.57476 6.57338 7.4818 7.27509 5.16726 3.76032 3.53232
threshold=0.038283825931640737 0.1646660055124077 52.115509186201358 0.14088558833607245 40.862789631913529 0.060201024202311389 16.500000000000004
decision_type=8 2 2 2 2 2 2
left_child=1 3 4 -1 -3 -5 -2
right_child=6 2 -4 5 -6 -7 -8
leaf_value=0.047977922040151506 -0.040991337452441302 0.0058442673395466471 0.021099458930724731 -0.021863628026969853 -0.042708923751694952 0.02441653747642332 0.0016683403199988474
leaf_weight=15.308313757181166 10.318569578230383 8.6308982968330401 14.039072073996065 8.953940078616144 15.009222507476805 8.6092231869697553 9.1602806299924833
leaf_count=93 54 53 86 50 79 51 51
internal_value=0 0.00644265 -0.00781253 0.0227828 -0.0249824 0.000822278 -0.0209299
internal_weight=0 70.5507 37.6792 32.8715 23.6401 17.5632 19.4789
internal_count=517 412 218 194 132 101 105
is_linear=0
shrinkage=0.05


Tree=26
num_leaves=7
num_cat=0
split_feature=7 7 21 17 6 10
split_gain=4.27061 5.48365 5.27708 4.55835 3.0777 2.9302
threshold=26.092936496641091 22.358425933801538 14.500000000000002 0.62019059221450434 50.455909119781985 0.11506845561015801
decision_type=2 2 2 2 2 2
left_child=1 2 5 4 -4 -1
right_child=-2 -3 3 -5 -6 -7
leaf_value=-0.0009762755343840654 0.020666866330698717 -0.033688336001558836 -0.018373186695267951 0.037152470304677609 0.01579684708904229 -0.039950183643692495
leaf_weight=9.1313408017158526 16.442964233458042 15.725511655211447 12.824066780507566 11.288785398006437 13.555629827082155 10.220709815621374
leaf_count=55 95 87 80 71 76 51
internal_value=0 -0.00754786 -0.000338658 0.0105638 -0.000814367 -0.0215602
internal_weight=0 72.746 57.0205 37.6685 26.3797 19.3521
internal_count=515 420 333 227 156 106
is_linear=0
shrinkage=0.05


Tree=27
num_leaves=9
num_cat=0
split_feature=20 15 0 25 26 13 18 24
split_gain=5.48029 7.07097 7.63449 2.64311 5.30023 4.49779 2.73974 1.72786
threshold=0.27566816302795388 1.4026499853377148 -0.19916532693090766 18.72693624655437 0.019883414541827567 1.0000000180025095e-35 1.5000000000000002 25.366846168049378
decision_type=2 2 2 10 8 2 2 10
left_child=3 2 -2 4 6 -5 7 -1
right_child=1 -3 -4 5 -6 -7 -8 -9
leaf_value=-0.013579189487839189 0.0012854379530358119 0.024329456318061354 -0.05907952047250406 0.052880737469026266 -0.029277690589635304 0.0092721790207378509 0.036102525930077366 0.017683506640594194
leaf_weight=8.2854325994849258 10.325065508484844 8.6800837367773038 10.630667522549629 9.1614917814731616 9.0794224664568883 16.674661934375763 9.7341545075178129 9.4729167371988279
leaf_count=51 63 52 54 57 48 97 55 56
internal_value=0 -0.0136187 -0.0293372 0.0124933 0.0038447 0.0247358 0.0147834 0.00309741
internal_weight=0 29.6358 20.9557 62.4081 36.5719 25.8362 27.4925 17.7583
internal_count=533 169 117 364 210 154 162 107
is_linear=0
shrinkage=0.05


Tree=28
num_leaves=8
num_cat=0
split_feature=9 6 17 22 11 4 24
split_gain=3.58881 8.52347 5.75993 6.28256 6.24224 5.79317 3.35301
threshold=2.1124776098915437 60.191147792980409 0.53707023959285394 1.5000000000000002 0.73958333333333337 0.36003535043314189 8.3909836447394301
decision_type=2 2 2 2 2 2 8
left_child=1 2 4 -4 -1 -5 -6
right_child=-2 -3 3 5 6 -7 -8
leaf_value=-0.018122780577614434 0.025226661589939386 -0.051567212240439898 0.010097470492105316 -0.056342576965790703 0.0039379743595227929 -0.0012380765245161953 0.042073416427825465
leaf_weight=10.619790136814116 10.221193969249724 9.1716189906001073 14.440208688378332 11.434583045542242 9.2305564954876953 8.182828560471533 15.347460746765131
leaf_count=60 56 46 85 66 58 49 92
internal_value=0 -0.00627233 -0.00027385 -0.0149328 0.0139102 -0.0333573 0.0277512
internal_weight=0 78.427 69.2554 34.0576 35.1978 19.6174 24.578
internal_count=512 456 410 200 210 115 150
is_linear=0
shrinkage=0.05


Tree=29
num_leaves=9
num_cat=0
split_feature=21 2 12 3 4 25 12 24
split_gain=3.26617 9.66348 5.15105 4.50557 5.92115 3.89167 3.77813 2.14722
threshold=14.500000000000002 0.76171500503550538 2.6344309478267527 0.33628639545537498 -1.4185337087039056 3.834998262106351 2.7043407770457129 4.6120574289299805
decision_type=2 2 2 2 2 8 2 8
left_child=1 6 3 4 -2 -4 -1 -7
right_child=2 -3 5 -5 -6 7 -8 -9
leaf_value=0.027034622102509343 -0.0522173410050676 -0.052573192626002886 -0.0036465581284128648 0.012552757424848149 0.0036245136877944583 0.019649401915181598 -0.014857406461195252 0.056450942295621434
leaf_weight=10.473569832742216 9.0127747654914874 10.72751462459564 8.4880323708057386 17.10102216899395 10.0298510864377 7.8196189478039759 11.071541152894495 8.037580266594885
leaf_count=62 55 50 48 94 63 48 63 52
internal_value=0 -0.0137988 0.00589898 -0.00607589 -0.0228051 0.0236772 0.00550726 0.0383031
internal_weight=0 32.2726 60.4889 36.1436 19.0426 24.3452 21.5451 15.8572
internal_count=535 175 360 212 118 148 125 100
is_linear=0
shrinkage=0.05


Tree=30
num_leaves=7
num_cat=0
split_feature=16 28 26 16 28 21
split_gain=5.18564 4.30776 5.89328 2.80357 2.38138 2.46528
threshold=61.192323745310411 1.3328878539808191 -0.014595070243921553 52.174346672219833 0.54919608023801081 15.500000000000002
decision_type=2 2 10 2 2 2
left_child=1 4 -3 -4 -1 -6
right_child=-2 2 3 -5 5 -7
leaf_value=-0.010827262991083341 0.023862782532896247 -0.042857608659331935 -0.016734384168325601 0.018418696483983869 -0.0014902786509385516 0.035683992994454315
leaf_weight=14.772449135780333 13.664934903383253 17.058152757585049 16.765572741627697 8.5716752260923368 9.3169387727975863 8.5549953430891019
leaf_count=84 84 96 90 52 54 52
internal_value=0 -0.00962566 -0.0201379 -0.00484198 0.00402662 0.0163044
internal_weight=0 75.0398 42.3954 25.3372 32.6444 17.8719
internal_count=512 428 238 142 190 106
is_linear=0
shrinkage=0.05


Tree=31
num_leaves=7
num_cat=0
split_feature=6 10 16 27 0 13
split_gain=3.89049 6.47515 5.1876 6.48575 8.95618 1.63373
threshold=38.474879742868346 -0.27124637327896656 61.314961238625138 0.80278336371696202 0.55235345199684183 -0.25508754723094501
decision_type=2 2 2 10 2 2
left_child=-1 5 3 4 -3 -2
right_child=1 2 -4 -5 -6 -7
leaf_value=-0.027614897216141722 0.040437690820910428 0.020039048296995168 0.028287767331349731 -0.048893408613057764 -0.02854165193784966 0.011817507673875693
leaf_weight=11.379658341407774 11.44727957993746 20.40728422254324 9.767416797578333 9.4108224213123304 17.72932506352663 8.8344428315758687
leaf_count=67 75 117 60 49 90 57
internal_value=0 0.00369078 -0.00490118 -0.011719 -0.00254563 0.0279711
internal_weight=0 77.5966 57.3148 47.5474 38.1366 20.2817
internal_count=515 448 316 256 207 132
is_linear=0
shrinkage=0.05


Tree=32
num_leaves=8
num_cat=0
split_feature=22 13 24 26 32 28 25
split_gain=3.59033 6.69715 5.48336 3.46934 3.43118 2.1691 1.78158
threshold=2.5000000000000004 -0.39171165500674887 19.304308670267108 0.041864641700662293 0.25578949916033916 1.283421200440694 10.871471167472146
decision_type=2 2 8 10 2 2 8
left_child=3 -2 -3 4 5 -1 -6
right_child=1 2 -4 -5 6 -7 -8
leaf_value=0.017780431034257003 0.019730911564486579 -0.0056509213373600068 -0.054458700010855725 -0.0073069918652008507 0.019237983067597022 0.052888108902674306 -0.01145690969599792
leaf_weight=8.3847075626254099 13.662997826933859 15.357181474566461 9.2029640823602659 16.489243529736996 10.671878099441527 9.2568562105298025 8.4865874126553553
leaf_count=51 85 87 48 92 62 58 52
internal_value=0 -0.00832952 -0.0239397 0.0117519 0.0202917 0.0362021 0.00564113
internal_weight=0 38.2231 24.5601 53.2893 36.8 17.6416 19.1585
internal_count=535 220 135 315 223 109 114
is_linear=0
shrinkage=0.05


Tree=33
num_leaves=6
num_cat=0
split_feature=11 7 7 19 1
split_gain=3.94032 3.52464 6.2596 5.84097 3.19825
threshold=0.97208333333333352 26.092936496641091 22.716581897999781 0.062208278083273442 -0.71822840149040701
decision_type=2 2 2 2 2
left_child=1 2 3 -1 -5
right_child=-2 -3 -4 4 -6
leaf_value=0.025381190834105834 0.029778277680139312 0.021028202807593793 -0.039962751851540454 -0.036806641443017506 -0.0032685154776417244
leaf_weight=15.159569486975668 9.7439640685915929 12.030365727841852 12.710482217371462 9.2744240909814746 30.437594927847393
leaf_count=94 60 70 69 54 170
internal_value=0 -0.00390702 -0.00834576 -0.00102199 -0.0111011
internal_weight=0 79.6124 67.5821 54.8716 39.712
internal_count=517 457 387 318 224
is_linear=0
shrinkage=0.05


Tree=34
num_leaves=7
num_cat=0
split_feature=10 6 25 28 25 19
split_gain=3.62658 7.96814 4.44696 3.51361 3.51198 2.50322
threshold=1.4476090612981733 60.191147792980409 29.571625576744346 0.68535241177729389 41.431598013079103 0.092983665703988208
decision_type=2 2 8 2 10 2
left_child=1 2 3 -1 -4 -5
right_child=-2 -3 4 5 -6 -7
leaf_value=-0.007909894911434982 0.033309220330947589 -0.042839402987441905 -0.035628824308686108 0.042227505628545672 0.0057731545781618508 0.01377521737252454
leaf_weight=12.222127944231032 9.591080501675604 9.2446556687355024 9.2246240675449389 11.591786898672579 11.517277650535105 23.207016535103321
leaf_count=74 52 46 52 74 67 139
internal_value=0 0.000705012 0.00664563 0.0151528 -0.0126397 0.0232529
internal_weight=0 77.0075 67.7628 47.0209 20.7419 34.7988
internal_count=504 452 406 287 119 213
is_linear=0
shrinkage=0.05


Tree=35
num_leaves=8
num_cat=0
split_feature=25 24 4 16 20 23 18
split_gain=5.26053 4.60022 5.05374 3.67309 4.52701 4.464 3.9128
threshold=-4.3201018074152238 19.304308670267108 -0.83176931322730874 53.352068340353348 0.12240477787273067 5.5857312768408498 1.0000000180025095e-35
decision_type=8 8 2 2 2 2 2
left_child=-1 3 -3 4 -2 -5 -7
right_child=1 2 -4 5 -6 6 -8
leaf_value=0.030208675418259508 0.014360156658843127 0.0071651330828849547 -0.041033239948026171 0.048029913201311308 -0.029372963254236686 0.028769145089362871 -0.016279522224875196
leaf_weight=12.668355591595171 10.394822813570501 8.6653129830956477 14.6054275855422 7.8624409511685398 13.73786076158285 8.5693715587258357 11.01734635978937
leaf_count=74 60 52 76 56 73 53 66
internal_value=0 -0.00463126 -0.0230856 0.00369429 -0.0105355 0.0162048 0.00342969
internal_weight=0 74.8526 23.2707 51.5818 24.1327 27.4492 19.5867
internal_count=510 436 128 308 133 175 119
is_linear=0
shrinkage=0.05


Tree=36
num_leaves=8
num_cat=0
split_feature=27 16 9 4 7 32 27
split_gain=4.56606 5.01277 5.5357 5.27358 2.64809 2.87884 1.83422
threshold=1.1333044917773509 53.137272292765758 -0.80790836635070062 0.24311399786563234 17.025221744963034 0.22674873085427841 0.62477684631660735
decision_type=8 2 2 2 2 2 8
left_child=1 3 -3 4 -1 -6 -4
right_child=-2 2 6 -5 5 -7 -8
leaf_value=0.028435397263855324 -0.026175838372735294 -0.0065933705367180158 0.026514565706819832 -0.029227393879910669 -0.020623886461028355 0.012797913299807959 0.061056051853676442
leaf_weight=10.729991883039473 12.250665180385111 8.5691158026456851 7.7896528691053373 13.272238403558729 10.96932051330805 15.615175813436506 7.5864401757717133
leaf_count=65 68 55 48 66 64 90 53
internal_value=0 0.00676285 0.02561 -0.00215847 0.00746957 -0.000992622 0.0435571
internal_weight=0 74.5319 23.9452 50.5867 37.3145 26.5845 15.3761
internal_count=509 441 156 285 219 154 101
is_linear=0
shrinkage=0.05


Tree=37
num_leaves=7
num_cat=0
split_feature=22 28 26 26 36 15
split_gain=3.46362 5.09518 4.03002 3.983 3.95864 3.9337
threshold=2.5000000000000004 1.354070164266292 -0.032371034683390885 -0.010923619141453069 1.0000000180025095e-35 -0.11822860892775118
decision_type=2 2 10 10 2 2
left_child=2 -2 -1 -3 -4 -6
right_child=1 3 4 -5 5 -7
leaf_value=0.029971509387528208 0.012581553918367339 -0.050662015609029977 0.021114422223841762 -0.0080033446385157532 -0.036886118501790049 0.0065481452793177243
leaf_weight=15.792231753468512 13.913242787122725 9.4355529397726059 12.943167284131048 13.025753118097782 9.9240883290767652 10.980798281729223
leaf_count=97 85 51 82 74 50 68
internal_value=0 -0.0111953 0.00911452 -0.0259234 -0.000616571 -0.0140712
internal_weight=0 36.3745 49.6403 22.4613 33.8481 20.9049
internal_count=507 210 297 125 200 118
is_linear=0
shrinkage=0.05


Tree=38
num_leaves=7
num_cat=0
split_feature=7 7 6 24 1 10
split_gain=5.20523 6.03056 5.20489 4.23065 3.43458 2.26486
threshold=25.702335564304438 22.716581897999781 60.091271343689904 5.9461879596826295 -0.75715248827124115 -0.26788305695145626
decision_type=2 2 2 10 2 2
left_child=1 2 3 5 -5 -1
right_child=-2 -3 -4 4 -6 -7
leaf_value=0.0052382592542196777 0.02499070637285989 -0.038430115700672902 -0.03436099372105314 -0.0076093832221230638 0.029276847670380114 -0.030714877137742222
leaf_weight=8.5532216876745242 14.910998471081255 12.890550591051577 9.464323975145815 9.1472161188721604 20.351996339857585 8.9784231930971128
leaf_count=54 91 70 47 58 124 49
internal_value=0 -0.00757099 -0.000529835 0.00627823 0.017839 -0.0131743
internal_weight=0 69.3857 56.4952 47.0309 29.4992 17.5316
internal_count=493 402 332 285 182 103
is_linear=0
shrinkage=0.05


Tree=39
num_leaves=7
num_cat=0
split_feature=7 7 13 6 14 14
split_gain=4.54985 7.76969 3.78422 7.43252 5.22681 4.07872
threshold=26.823243864014028 22.716581897999781 -0.40110411824891484 50.455909119781985 55.471724337088588 43.366265789977327
decision_type=2 2 2 2 2 2
left_child=1 2 5 -4 -5 -1
right_child=-2 -3 3 4 -6 -7
leaf_value=-0.00090489096906321703 0.023041938217244491 -0.037848919681635292 -0.038435707498360283 -0.0099302159464947914 0.037728253203849323 0.045035974665733614
leaf_weight=11.464202731847765 14.058889396488665 16.843887373805046 13.414015114307402 15.44044950604439 9.1695554405450803 8.3503890559077245
leaf_count=73 86 90 80 78 58 54
internal_value=0 -0.00796414 0.000738974 -0.00849339 0.00782707 0.0184558
internal_weight=0 74.6825 57.8386 38.024 24.61 19.8146
internal_count=519 433 343 216 136 127
is_linear=0
shrinkage=0.05


Tree=40
num_leaves=8
num_cat=0
split_feature=6 15 21 1 4 15 4
split_gain=5.49726 5.94788 5.15048 7.44553 4.78657 8.40278 2.99149
threshold=38.474879742868346 1.6943215607196216 14.500000000000002 0.092759724846010402 -2.5381405891923698 -0.65531022542248729 3.7243995138906847
decision_type=2 2 2 2 2 2 2
left_child=-1 2 3 -2 -4 -6 -3
right_child=1 6 4 -5 5 -7 -8
leaf_value=-0.03186207037125461 0.012727893275979589 0.051269507112840979 0.040586484994161676 -0.048567207827596333 -0.042624871388782445 0.015357885054626118 0.0089941309360984899
leaf_weight=11.82402555644512 8.4958221837878245 8.7610851153731364 8.7413811162114126 11.885061785578726 8.7871020808815938 21.626719355583194 8.0107988715171796
leaf_count=69 52 59 56 56 47 130 49
internal_value=0 0.00477683 -0.0026323 -0.0230162 0.00797783 -0.00139438 0.0310774
internal_weight=0 76.308 59.5361 20.3809 39.1552 30.4138 16.7719
internal_count=518 449 341 108 233 177 108
is_linear=0
shrinkage=0.05


Tree=41
num_leaves=7
num_cat=0
split_feature=32 4 15 1 26 11
split_gain=3.454 3.10442 3.26212 4.12061 5.24549 3.47734
threshold=0.51909030629280839 3.7754537621367876 1.6943215607196216 -0.57393984606893023 0.023252154207754939 0.7712500000000001
decision_type=2 2 2 2 8 2
left_child=1 2 3 5 -5 -1
right_child=-2 -3 -4 4 -6 -7
leaf_value=-0.0014775329303268953 -0.027869803291458314 -0.022684684745402375 0.033448481141591817 0.0046776127609587199 -0.036287685627234868 0.040566756025259415
leaf_weight=8.9518793150782532 9.6370681151747686 9.7061368823051435 10.318813785910605 29.314597964286818 10.654542647302142 10.913010135293005
leaf_count=54 54 59 69 166 52 70
internal_value=0 0.00381849 0.00748538 0.00300786 -0.00624247 0.02162
internal_weight=0 79.859 70.1528 59.834 39.9691 19.8649
internal_count=524 470 411 342 218 124
is_linear=0
shrinkage=0.05


Tree=42
num_leaves=7
num_cat=0
split_feature=26 20 16 32 20 13
split_gain=4.40819 4.97549 2.90341 2.77835 3.73906 3.2222
threshold=0.18399146475250575 0.27566816302795388 53.137272292765758 0.20544210817046557 0.100815127764168 1.0000000180025095e-35
decision_type=10 2 2 2 2 2
left_child=1 3 -3 5 -5 -1
right_child=-2 2 -4 4 -6 -7
leaf_value=0.021162013112741244 -0.027286008514386381 -0.023831422580455876 0.01255075270005063 0.0077743971627144111 0.043469391303954781 -0.019477902920257376
leaf_weight=9.3545183539390582 12.085075624287127 17.72496531158686 7.9401659592986098 15.868394546210768 13.645032875239847 10.190793320536612
leaf_count=60 65 96 54 93 84 59
internal_value=0 0.00526227 -0.0125757 0.0145942 0.0242774 -2.73643e-05
internal_weight=0 74.7239 25.6651 49.0587 29.5134 19.5453
internal_count=511 446 150 296 177 119
is_linear=0
shrinkage=0.05


Tree=43
num_leaves=8
num_cat=0
split_feature=11 20 17 10 19 12 13
split_gain=6.30559 4.48282 3.88267 3.87904 3.58586 3.56311 1.7414
threshold=0.73958333333333337 0.046649679062324541 0.46756218656879051 0.10392833371343542 0.12077950703123158 2.1746766564205831 0.34426562795577198
decision_type=2 2 2 2 2 2 2
left_child=4 -2 3 -3 -1 -4 -7
right_child=1 2 5 -5 -6 6 -8
leaf_value=0.0013975242855974654 0.039075811966058319 0.045204492813442493 -0.034769478665685041 -0.00016307913206963876 -0.035104665271801734 -0.010386887424045619 0.018843480681726005
leaf_weight=12.702088326215746 11.609044723212717 9.2293863967061061 8.3054342865943926 9.6255270242691022 14.305698685348032 10.292738176882269 10.090506628155707
leaf_count=74 71 64 49 51 75 64 59
internal_value=0 0.0112206 0.004419 0.0220441 -0.0179372 -0.00716467 0.00408329
internal_weight=0 59.1526 47.5436 18.8549 27.0078 28.6887 20.3832
internal_count=507 358 287 115 149 172 123
is_linear=0
shrinkage=0.05


Tree=44
num_leaves=7
num_cat=0
split_feature=20 12 11 0 32 36
split_gain=4.4572 4.72312 6.10757 4.85159 3.55757 4.54221
threshold=0.19061064901230948 2.9631033676295204 0.82291666666666685 0.24909860418362226 0.39397593723780905 1.0000000180025095e-35
decision_type=2 2 2 2 2 2
left_child=1 2 3 -1 5 -2
right_child=4 -3 -4 -5 -6 -7
leaf_value=0.012953859052707774 0.024285528174837295 0.04130886563217654 0.031712026389920524 -0.038077451098719219 -0.036174608428976282 -0.017215616343245678
leaf_weight=8.8539548218250328 11.092749714851381 11.7397283911705 12.097041890025137 9.8265834376215917 9.3037752211093885 16.253379553556442
leaf_count=56 69 73 76 52 52 92
internal_value=0 0.0143259 0.00403356 -0.0138903 -0.00946739 -0.000380992
internal_weight=0 42.5173 30.7776 18.6805 36.6499 27.3461
internal_count=470 257 184 108 213 161
is_linear=0
shrinkage=0.05


Tree=45
num_leaves=7
num_cat=0
split_feature=11 7 7 13 27 6
split_gain=6.17722 4.73504 6.83698 3.80046 3.73953 3.62365
threshold=0.67833333333333345 24.797615207191662 22.358425933801538 -0.40110411824891484 0.47784029998093097 50.455909119781985
decision_type=2 2 2 2 10 2
left_child=-1 2 3 -2 -3 -5
right_child=1 4 -4 5 -6 -7
leaf_value=-0.037097691495894224 0.021708994772395102 -0.00031084975357155838 -0.045288891584719375 -0.030316711294512556 0.045594134928541363 0.0043444856109506377
leaf_weight=13.723131410777567 14.406009592115874 9.1574814766645449 9.9477524384856206 12.422009535133844 8.6055192500352842 19.188285991549492
leaf_count=75 98 49 51 74 59 106
internal_value=0 -0.000562878 -0.00770162 0.000423953 0.0219284 -0.00927645
internal_weight=0 73.7271 55.9641 46.0163 17.763 31.6103
internal_count=512 437 329 278 108 180
is_linear=0
shrinkage=0.05


Tree=46
num_leaves=8
num_cat=0
split_feature=16 2 17 14 28 1 19
split_gain=3.96338 3.40122 3.23012 5.52361 5.19396 6.51565 3.24611
threshold=36.355036501759592 -1.2610923704856438 0.58295740472647917 54.364019819557022 1.9519363483925329 0.42044830502305353 0.16255689067170123
decision_type=2 2 2 2 2 2 2
left_child=-1 -2 4 -4 5 -3 -6
right_child=1 2 3 -5 6 -7 -8
leaf_value=0.02883358881104596 -0.025010634142262334 0.04291122213191173 -0.006794945928159807 0.044824997101718882 -0.0061245720282043547 -0.013263142610290268 -0.046484261313424341
leaf_weight=10.809747591614721 14.831091694533823 9.0493933185935038 10.914867587387564 9.8673985078930837 10.835387937724592 12.016749128699301 9.2224724590778333
leaf_count=69 88 60 60 65 63 64 50
internal_value=0 -0.00350437 0.00164796 0.0177141 -0.00647119 0.0108677 -0.0246817
internal_weight=0 76.7374 61.9063 20.7823 41.124 21.0661 20.0579
internal_count=519 450 362 125 237 124 113
is_linear=0
shrinkage=0.05


Tree=47
num_leaves=8
num_cat=0
split_feature=16 28 19 26 24 24 26
split_gain=3.36885 3.13976 5.0326 3.62671 5.41336 3.03893 2.72926
threshold=61.314961238625138 1.1500334522644333 0.11501261740001288 -0.014595070243921553 25.052956594883046 21.98696150758882 0.028690488033998384
decision_type=2 2 2 10 8 10 10
left_child=1 2 -1 4 -3 6 -5
right_child=-2 3 -4 5 -6 -7 -8
leaf_value=-0.015380941864431636 0.025676042055094259 -0.053145936548835385 0.029286812289824406 0.030498880934037843 0.0012029828582269207 -0.022154868828303781 -0.0076048742363381168
leaf_weight=10.368747651576998 12.992174096405504 9.5517012700438482 16.092951506376266 10.203258305788045 8.8053832650184649 9.1465338543057424 8.7121715471148473
leaf_count=64 83 54 99 65 51 49 48
internal_value=0 -0.00196099 0.0117842 -0.0097966 -0.0270763 0.00150712 0.0129488
internal_weight=0 72.8807 26.4617 46.419 18.3571 28.062 18.9154
internal_count=513 430 163 267 105 162 113
is_linear=0
shrinkage=0.05


Tree=48
num_leaves=8
num_cat=0
split_feature=7 7 19 24 27 0 24
split_gain=3.67323 7.97786 4.08684 3.68919 3.15812 2.86095 2.16769
threshold=24.992234054735231 22.358425933801538 0.086940490447780946 15.7506494065141 0.80278336371696202 0.49962724078479642 19.304308670267108
decision_type=2 2 2 10 10 2 10
left_child=1 2 5 -2 6 -1 -4
right_child=3 -3 4 -5 -6 -7 -8
leaf_value=0.034968844215384792 0.039438839815113917 -0.045520204565623987 0.023189251336963333 -0.0042910661506431105 -0.0278985916104534 -0.004242306264185116 -0.0080879069545560563
leaf_weight=12.764667034149172 10.791793733835222 10.1774755269289 8.6500854045152682 8.7200463712215406 12.407020658254622 7.3193544447422019 15.405790954828261
leaf_count=87 73 51 57 49 67 42 87
internal_value=0 -0.00476761 0.00256716 0.0198955 -0.0074089 0.0206789 0.00315883
internal_weight=0 66.7244 56.5469 19.5118 36.4629 20.084 24.0559
internal_count=513 391 340 122 211 129 144
is_linear=0
shrinkage=0.05


Tree=49
num_leaves=9
num_cat=0
split_feature=21 0 12 9 18 18 4 4
split_gain=4.22265 3.75489 7.81854 2.99144 4.36166 4.53941 2.44607 1.97501
threshold=14.500000000000002 0.49962724078479642 2.7043407770457129 1.7888820848153866 -1.4999999999999998 1.5000000000000002 -0.67529965857551633 0.61849622319123043
decision_type=2 2 2 2 2 2 2 2
left_child=1 2 -1 4 6 7 -2 -6
right_child=3 -3 -4 -5 5 -7 -8 -9
leaf_value=0.032555063402140219 0.0041064645995569707 -0.037517419005822478 -0.032349935324309645 0.035437906060409717 -0.042254823959186234 0.01160161018411586 0.043754048076666725 -0.0085614727971829764
leaf_weight=8.7889546304941231 7.5926338136196136 12.066362872719763 9.8287632167339307 8.0604206323623639 8.6431987658143061 15.996325761079786 7.9777955114841443 8.7548220828175527
leaf_count=56 50 58 56 49 51 96 54 55
internal_value=0 -0.015791 -0.00170992 0.00721254 0.00256617 -0.00762368 0.0244206 -0.0253001
internal_weight=0 30.6841 18.6177 57.0252 48.9648 33.3943 15.5704 17.398
internal_count=525 170 112 355 306 202 104 106
is_linear=0
shrinkage=0.05


Tree=50
num_leaves=8
num_cat=0
split_feature=13 9 13 36 21 8 26
split_gain=3.12337 6.06663 6.27745 6.8891 10.3671 4.23098 3.07501
threshold=-0.40110411824891484 -0.93387881162430453 2.0062520219974105 1.0000000180025095e-35 16.500000000000004 1.0000000180025095e-35 0.0034329125934562943
decision_type=2 2 2 2 2 2 8
left_child=5 -2 3 -3 -5 -1 -7
right_child=1 2 -4 4 -6 6 -8
leaf_value=0.047452381374956228 -0.031680530628818669 0.032471737790632352 0.042719489983989167 -0.049861469190542858 0.01534075852094915 0.02205935335874901 -0.014817531771839296
leaf_weight=7.7028088793158558 15.031605303287504 9.1232417747378332 8.8602538183331472 12.654903657734396 11.763175114989279 11.912671141326422 10.758077695965772
leaf_count=58 87 56 58 64 66 78 63
internal_value=0 -0.00438757 0.00528794 -0.00459995 -0.0184509 0.0154376 0.00455996
internal_weight=0 57.4332 42.4016 33.5413 24.4181 30.3736 22.6707
internal_count=530 331 244 186 130 199 141
is_linear=0
shrinkage=0.05


Tree=51
num_leaves=8
num_cat=0
split_feature=4 16 9 11 32 20 20
split_gain=2.78761 5.48181 5.98652 6.5728 3.45548 3.06665 2.96884
threshold=3.0537887647589068 52.174346672219833 1.3653268381553951 0.84708333333333352 0.21200061570880813 0.15794497342903949 0.27280143140423413
decision_type=2 2 2 2 2 2 2
left_child=1 2 3 4 -1 -3 -5
right_child=-2 5 -4 6 -6 -7 -8
leaf_value=-0.034473766980542019 -0.020074605471074196 0.0053094613334756895 -0.036703420028162959 0.043548328591058068 0.0055473468165944256 0.044045567533535786 0.0024967629104786864
leaf_weight=11.054347909986975 16.044311806559563 10.111267298460008 11.967666670680044 10.288478627800943 10.532235473394392 10.328753985464571 7.7005961984395972
leaf_count=59 98 66 57 69 61 71 46
internal_value=0 0.00297264 -0.00571637 0.0036541 -0.0149472 0.0248836 0.0259754
internal_weight=0 71.9833 51.5433 39.5757 21.5866 20.44 17.9891
internal_count=527 429 292 235 120 137 115
is_linear=0
shrinkage=0.05


Tree=52
num_leaves=8
num_cat=0
split_feature=32 1 9 15 1 13 7
split_gain=5.26612 3.05391 6.44399 3.52673 3.38925 3.84605 2.35481
threshold=0.51909030629280839 0.28206781584693935 0.63902301128999806 -0.04768158591199189 -0.14687167121752429 0.47784571035305451 22.358425933801538
decision_type=2 2 2 2 2 2 2
left_child=1 4 -3 -4 5 6 -1
right_child=-2 2 3 -5 -6 -7 -8
leaf_value=0.028486394300679209 -0.034373318053372022 -0.039476816044728788 -0.012695091164939363 0.025773403968764708 0.03951121115539602 -0.022167435528913745 -0.004563495991185179
leaf_weight=15.169654630124571 9.4656550437211973 10.098294883966444 11.004396766424179 12.992377445101738 10.040436297655104 8.6977727040648443 8.3596894666552526
leaf_count=110 55 53 55 78 67 49 48
internal_value=0 0.00516469 -0.00596839 0.00813259 0.0141452 0.00624232 0.0167442
internal_weight=0 76.3626 34.0951 23.9968 42.2676 32.2271 23.5293
internal_count=515 460 186 133 274 207 158
is_linear=0
shrinkage=0.05


Tree=53
num_leaves=9
num_cat=0
split_feature=9 9 14 9 27 4 16 36
split_gain=3.72182 4.97516 7.12738 7.28398 6.34782 4.74743 4.2649 3.43319
threshold=2.1124776098915437 1.3653268381553951 51.011574424835963 -0.93387881162430453 0.75832962272055793 -1.8747137240288121 38.816892561909839 1.0000000180025095e-35
decision_type=2 2 2 2 8 2 2 2
left_child=1 2 5 -4 -5 6 -1 -7
right_child=-2 -3 3 4 -6 7 -8 -9
leaf_value=0.022583695673230337 0.030020534232706578 -0.03717892691462437 -0.04873327646118597 0.030862433129886742 -0.026841619472170189 0.055455764191838931 -0.027136965957711662 0.012013749340551751
leaf_weight=8.7894336208701116 9.5993659868836385 9.3444897308945638 10.901341140270235 9.6981949806213361 9.3713159114122409 9.5527206584811246 8.4683502763509733 8.6808759197592735
leaf_count=60 55 51 60 59 55 70 50 51
internal_value=0 -0.00305015 0.00182161 -0.016132 0.00250497 0.0169826 -0.00181411 0.0347734
internal_weight=0 74.8067 65.4622 29.9709 19.0695 35.4914 17.2578 18.2336
internal_count=511 456 405 174 114 231 110 121
is_linear=0
shrinkage=0.05


Tree=54
num_leaves=9
num_cat=0
split_feature=28 27 14 24 24 25 16 27
split_gain=4.26626 3.908 3.48183 4.59171 3.29495 2.44601 4.52375 1.15818
threshold=1.354070164266292 0.45867892371918167 44.735149052458688 -0.31996396734371629 25.520296286550195 9.0239069744554801 53.840690568902787 0.86009415904568909
decision_type=2 8 2 8 8 8 2 10
left_child=1 4 -2 -4 -1 -5 -7 -3
right_child=2 7 3 5 -6 6 -8 -9
leaf_value=-0.022742628438925914 0.021002043125087036 0.047340250010371988 0.016737820864535274 -0.002846624792885629 0.020591829472669052 -0.054628994161729866 -0.0070733406106611137 0.020501818617603855
leaf_weight=7.9968873038887978 9.9625704288482648 8.7532786875963229 10.491606578230856 11.27219630777836 9.7161362916231173 10.490223079919817 9.5562573820352537 7.4334799721837035
leaf_count=48 63 59 62 61 61 50 60 48
internal_value=0 0.0172563 -0.00556106 -0.0118905 0.00102765 -0.0214809 -0.031959 0.0350152
internal_weight=0 33.8998 51.7729 41.8103 17.713 31.3187 20.0465 16.1868
internal_count=512 216 296 233 109 171 110 107
is_linear=0
shrinkage=0.05


Tree=55
num_leaves=8
num_cat=0
split_feature=7 17 12 1 27 21 32
split_gain=3.44946 3.90424 4.45949 6.74396 3.70321 3.22739 2.1798
threshold=17.234718951142131 0.6682512075566539 3.2261574491302971 -0.46799175063074044 0.11040304422871923 15.500000000000002 0.29066520562680626
decision_type=2 2 2 2 10 2 2
left_child=5 2 3 -2 -5 -1 -7
right_child=1 -3 -4 4 -6 6 -8
leaf_value=-0.004568010510787133 0.029396967242857959 0.026158338113493718 -0.036867972847285206 -0.040990059642202627 -0.0018923519867061391 0.047040358784191369 0.010076171589109371
leaf_weight=11.08903616666794 11.689441718161101 8.4099113792180997 12.254649855196474 9.6008540913462692 16.405034027993679 8.8990432769060153 7.2276372015476218
leaf_count=68 77 50 69 51 98 59 47
internal_value=0 -0.00535923 -0.0106657 -0.00214747 -0.0163264 0.016196 0.0304738
internal_weight=0 58.3599 49.95 37.6953 26.0059 27.2157 16.1267
internal_count=519 345 295 226 149 174 106
is_linear=0
shrinkage=0.05


Tree=56
num_leaves=8
num_cat=0
split_feature=8 18 13 4 23 6 24
split_gain=2.95563 4.90273 3.92968 4.03228 3.53782 3.00643 2.02149
threshold=1.5000000000000002 2.5000000000000004 -0.38142152140138824 0.61226218651511877 7.5290034876773753 47.905581097112503 17.043078613180111
decision_type=2 2 2 2 2 2 8
left_child=1 2 5 -4 -5 -1 -2
right_child=6 -3 3 4 -6 -7 -8
leaf_value=0.019622226436555382 0.032458904880569385 0.02225296617134076 -0.04794304310839495 0.009003124498378999 -0.031133131034533825 -0.02104104024279517 -0.00043657557844742996
leaf_weight=12.686986424028875 9.7246700525283796 12.510954238474367 10.94541099667549 11.130147822201254 10.835290573537348 7.0834214985370627 8.9854932501912135
leaf_count=90 67 69 57 65 62 43 50
internal_value=0 -0.00588378 -0.0125658 -0.02315 -0.0107956 0.00505323 0.016661
internal_weight=0 65.1922 52.6813 32.9108 21.9654 19.7704 18.7102
internal_count=503 386 317 184 127 133 117
is_linear=0
shrinkage=0.05


Tree=57
num_leaves=8
num_cat=0
split_feature=15 20 20 11 9 25 25
split_gain=5.05362 4.51744 3.56221 3.9302 3.09282 2.7228 2.62047
threshold=1.6943215607196216 0.25692839593027877 0.13519375254612082 0.7645833333333335 0.32921154915442641 10.974018209048303 42.973285195140654
decision_type=2 2 2 2 2 10 10
left_child=1 2 3 -1 -5 -3 -2
right_child=6 5 -4 4 -6 -7 -8
leaf_value=-0.031326720298660383 0.039686124126840999 -0.011424547547220006 0.021156725715887611 0.029315343797768914 -0.014734328765476663 -0.046280508713343327 0.000764193973258423
leaf_weight=12.186106331646444 8.9748749881982821 12.119506448507311 13.68311984837055 7.6526647359132758 8.3140230849385244 10.419701837003229 8.345780245959757
leaf_count=68 67 70 82 55 46 57 50
internal_value=0 -0.00949296 0.000228947 -0.00994259 0.00637821 -0.0275382 0.020932
internal_weight=0 64.3751 41.8359 28.1528 15.9667 22.5392 17.3207
internal_count=495 378 251 169 101 127 117
is_linear=0
shrinkage=0.05


Tree=58
num_leaves=7
num_cat=0
split_feature=32 27 3 2 32 23
split_gain=2.38938 2.43387 4.75512 4.02625 3.61672 4.07141
threshold=0.51909030629280839 0.88594586931570152 0.45423132416276363 0.97929525417389252 0.08505530945374197 -6.3977138602035817
decision_type=2 8 2 2 2 2
left_child=1 3 -3 4 -1 -6
right_child=-2 2 -4 -5 5 -7
leaf_value=-0.0099104527656771399 -0.021817372973817133 -0.026712053199688668 0.019415467974097034 -0.012351367271927007 0.0077862908048660891 0.045739888099469002
leaf_weight=8.3127767369151098 10.036964617669581 14.610234856605532 9.0464321747422201 14.10513750463724 13.535740420222279 14.783567622303966
leaf_count=51 58 85 52 77 85 104
internal_value=0 0.00417188 -0.00907265 0.0103473 0.0190873 0.0275993
internal_weight=0 74.3939 23.6567 50.7372 36.6321 28.3193
internal_count=512 454 137 317 240 189
is_linear=0
shrinkage=0.05


Tree=59
num_leaves=8
num_cat=0
split_feature=10 17 4 16 10 4 22
split_gain=4.43746 3.70925 4.65172 4.76128 4.74885 4.74355 3.21442
threshold=-1.1608640438433535 0.63247149818004555 0.24311399786563234 53.137272292765758 0.17422537153133885 3.1347615756999367 2.5000000000000004
decision_type=2 2 2 2 2 2 2
left_child=-1 2 4 -4 -2 -5 -3
right_child=1 6 3 5 -6 -7 -8
leaf_value=-0.024550722968012792 -2.1144426632456657e-05 0.046997052615017354 -0.037948460445516918 0.029963092724582599 0.045137216974308711 -0.01892578434839181 0.0043948643855854438
leaf_weight=12.202805541455744 14.606300033628942 9.8301172032952326 10.848593041300775 9.0564747899770754 9.6799334213137609 10.973471231758593 8.0565863177180272
leaf_count=78 97 65 51 63 53 66 47
internal_value=0 0.00802176 0.00160623 -0.0112703 0.0179779 0.00317916 0.027808
internal_weight=0 73.0515 55.1648 30.8785 24.2862 20.0299 17.8867
internal_count=520 442 330 180 150 129 112
is_linear=0
shrinkage=0.05


Tree=60
num_leaves=8
num_cat=0
split_feature=8 19 19 11 23 17 19
split_gain=2.9369 2.98535 3.36501 3.74406 2.71646 2.04158 1.90928
threshold=1.5000000000000002 0.065717643458244809 0.20938363583987066 0.86750000000000005 0.26968737030891321 0.5650719915287955 0.027106116497474759
decision_type=2 2 2 2 2 2 2
left_child=1 6 4 -4 -3 -2 -1
right_child=5 2 3 -5 -6 -7 -8
leaf_value=-0.0052333658514572366 0.00027387291487957209 -0.043864310763226777 -0.017384554057157883 0.022985019325589204 -0.0098706354134191973 0.034172012073896557 0.027336950401572649
leaf_weight=10.167757615447046 10.451914541423323 12.602417565882208 14.538005024194719 9.494379594922064 11.012218505144117 7.7243892773985854 8.0712427496910077
leaf_count=64 65 69 79 63 62 50 54
internal_value=0 -0.0080225 -0.0146075 -0.00143591 -0.028012 0.0146796 0.00917987
internal_weight=0 65.886 47.647 24.0324 23.6146 18.1763 18.239
internal_count=506 391 273 142 131 115 118
is_linear=0
shrinkage=0.05


Tree=61
num_leaves=6
num_cat=0
split_feature=24 9 9 9 2
split_gain=5.11701 3.16906 4.27536 3.63699 3.40536
threshold=45.930766863398311 2.1124776098915437 1.3653268381553951 0.87958585131022515 0.46697346445061466
decision_type=10 2 2 2 2
left_child=1 2 3 4 -1
right_child=-2 -3 -4 -5 -6
leaf_value=-0.0029033611058563069 0.03636954131909103 0.021678175849144356 -0.039962597130823993 0.027032473916634738 -0.036154658270636721
leaf_weight=42.59548868983984 8.1237233504652959 9.5745175257325155 9.6117427349090558 8.1380071416497213 9.3989573121070844
leaf_count=275 49 57 50 49 50
internal_value=0 -0.0052957 -0.00899868 -0.00404932 -0.00891415
internal_weight=0 79.3187 69.7442 60.1325 51.9944
internal_count=530 481 424 374 325
is_linear=0
shrinkage=0.05


Tree=62
num_leaves=7
num_cat=0
split_feature=21 0 16 20 19 19
split_gain=3.59031 4.3533 4.03861 3.1942 2.43164 2.40026
threshold=14.500000000000002 0.71438398916393708 47.071487213859292 0.19061064901230948 0.13965541737679624 0.12077950703123158
decision_type=2 2 2 2 2 2
left_child=3 2 4 -1 -2 -4
right_child=1 -3 5 -5 -6 -7
leaf_value=0.0018159303523792303 -0.03360126604045862 0.034959773704498591 0.033215134658101768 -0.032497335242559496 0.0014985404976465306 0.00031621685378023013
leaf_weight=13.886117875576021 10.128294549882414 11.290255479514597 9.7150566577911395 13.257725588977335 9.6220787838101369 12.9136431440711
leaf_count=81 60 73 68 74 58 81
internal_value=0 0.00737052 2.04342e-05 -0.0149435 -0.0165012 0.0144405
internal_weight=0 53.6693 42.3791 27.1438 19.7504 22.6287
internal_count=495 340 267 155 118 149
is_linear=0
shrinkage=0.05


Tree=63
num_leaves=7
num_cat=0
split_feature=26 22 12 24 32 4
split_gain=3.08629 2.40834 2.48246 2.34507 3.64099 4.55608
threshold=-0.0098741405360137351 2.5000000000000004 2.3867489545607889 21.194642368670866 0.39942927442877457 0.99055873939484307
decision_type=8 2 2 8 2 2
left_child=1 2 -1 4 5 -2
right_child=3 -3 -4 -5 -6 -7
leaf_value=-0.017719064995654201 0.050180494414453228 -0.026090285424609078 0.016420447243186118 -0.0075167388639784246 -0.013477529334277519 0.0064801621895187317
leaf_weight=10.196956500411035 10.783451668918138 14.893397539854048 11.144572496414183 15.012020379304884 7.7007907629013053 13.346007972955702
leaf_count=63 73 87 72 82 46 85
internal_value=0 -0.0106597 0.00010863 0.00877357 0.0164565 0.0260098
internal_weight=0 36.2349 21.3415 46.8423 31.8303 24.1295
internal_count=508 222 135 286 204 158
is_linear=0
shrinkage=0.05


Tree=64
num_leaves=8
num_cat=0
split_feature=0 4 20 3 7 11 19
split_gain=3.58978 2.91587 4.5221 4.61764 3.81867 3.2542 2.61552
threshold=0.8677658776826227 -1.8434911209327043 0.12814847544428251 -0.50507963111709697 20.249766620750147 0.77875000000000016 0.15826101882125601
decision_type=2 2 2 2 2 2 2
left_child=1 4 6 -4 -1 -5 -3
right_child=-2 2 3 5 -6 -7 -8
leaf_value=0.014304832230138377 -0.02344632568589718 0.052223830520752336 0.028438481828115758 0.0095208485993363498 -0.031701716654279975 -0.029004538244981087 0.013557206525590873
leaf_weight=7.9294387102127102 13.066048331558703 8.309129051864149 10.083979196846483 9.6655658707022685 10.460392467677591 12.66210190951824 9.2334050089120847
leaf_count=56 74 56 72 55 60 70 58
internal_value=0 0.00515729 0.0114235 0.000356015 -0.0118643 -0.012327 0.0318719
internal_weight=0 68.344 49.9542 32.4116 18.3898 22.3277 17.5425
internal_count=501 427 311 197 116 125 114
is_linear=0
shrinkage=0.05


Tree=65
num_leaves=7
num_cat=0
split_feature=7 7 19 21 19 4
split_gain=3.44849 6.09312 2.74866 3.70213 3.80776 2.64565
threshold=26.092936496641091 22.716581897999781 0.086940490447780946 14.500000000000002 0.23987301994185015 1.2220636061241237
decision_type=2 2 2 2 2 2
left_child=1 2 5 -4 -5 -1
right_child=-2 -3 3 4 -6 -7
leaf_value=0.037013033230851804 0.023006189171208127 -0.034258991695931988 -0.027952982074317401 -0.010710299492499874 0.030234991365346908 -0.0023863557265311908
leaf_weight=9.3221873417496699 12.8519020229578 14.263208627700804 12.00097645819187 13.749096959829332 9.6727004051208478 7.8477443531155577
leaf_count=65 85 74 65 82 63 52
internal_value=0 -0.00527394 0.00258684 -0.00537129 0.00619923 0.019005
internal_weight=0 66.8559 52.5927 35.4228 23.4218 17.1699
internal_count=486 401 327 210 145 117
is_linear=0
shrinkage=0.05


Tree=66
num_leaves=6
num_cat=0
split_feature=24 20 7 20 30
split_gain=4.51861 3.95209 3.31799 3.98882 2.05766
threshold=0.9872036648912611 0.52196939291928768 26.092936496641091 0.048013080235983364 4.5000000000000009
decision_type=8 2 2 2 2
left_child=-1 2 3 -2 -5
right_child=1 -3 -4 4 -6
leaf_value=-0.022591461023918596 0.020585431826782533 0.039508631319051475 0.026722232683713116 0.0039091598731476676 -0.021312082668108828
leaf_weight=16.847152054309845 12.423657067120073 7.9361577108502379 10.961689151823519 12.540549099445341 22.770772814750671
leaf_count=99 76 49 71 76 139
internal_value=0 0.00639241 0.00191489 -0.00378178 -0.0123549
internal_weight=0 66.6328 58.6967 47.735 35.3113
internal_count=510 411 362 291 215
is_linear=0
shrinkage=0.05


Tree=67
num_leaves=7
num_cat=0
split_feature=14 15 10 17 13 13
split_gain=3.53563 3.23344 2.47502 2.59502 7.58121 3.85835
threshold=41.748603625086211 -1.9930213119868168 -1.0074053487002426 0.58385850395480021 0.69520540915932216 1.4875731769418576
decision_type=2 2 2 2 2 2
left_child=-1 -2 -3 5 -5 -4
right_child=1 2 3 4 -6 -7
leaf_value=-0.023433960021592128 0.033592029580150257 -0.023544350631754443 0.008430813645668991 -0.011104561945344267 0.053682854667827275 -0.027149898407872127
leaf_weight=13.091841109097002 8.5976805016398412 8.8905343003571016 23.734980396926403 9.3025679886341113 8.7744891047477704 11.221506170928476
leaf_count=81 52 58 145 53 63 61
internal_value=0 0.00485911 0.000869763 0.00496254 0.0203428 -0.00299108
internal_weight=0 70.5218 61.9241 53.0335 18.0771 34.9565
internal_count=513 432 380 322 116 206
is_linear=0
shrinkage=0.05


Tree=68
num_leaves=8
num_cat=0
split_feature=9 13 9 24 16 3 0
split_gain=4.31404 6.86673 5.22378 4.81011 4.08838 3.52488 2.99019
threshold=0.50931324250447696 -0.38142152140138824 -0.51235853349463545 0.70790587928456261 52.115509186201358 0.22468114826769028 -0.79542762513413046
decision_type=2 2 2 10 2 2 2
left_child=1 2 6 -3 -2 -5 -1
right_child=4 3 -4 5 -6 -7 -8
leaf_value=0.010084250848979234 0.0022194584426809385 -0.051919069187993307 -0.022039160429448472 -0.027359652047767954 0.039784783343508212 0.014692174242321982 0.054356263654830053
leaf_weight=8.2192774191498756 18.194166027009491 9.3959363028407115 6.7939314767718306 11.173741020262243 12.033365495502947 8.9947587847709638 7.1160750687122354
leaf_count=54 96 51 47 67 83 53 52
internal_value=0 -0.00660485 0.0144585 -0.022371 0.0171739 -0.00860536 0.0306278
internal_weight=0 51.6937 22.1293 29.5644 30.2275 20.1685 15.3354
internal_count=503 324 153 171 179 120 106
is_linear=0
shrinkage=0.05


Tree=69
num_leaves=8
num_cat=0
split_feature=9 10 0 25 16 11 4
split_gain=3.56856 2.67286 5.66006 4.5476 3.31377 2.99348 2.7807
threshold=2.1124776098915437 -0.27124637327896656 -0.91287079005493965 14.349176192753221 60.237059421847356 0.91083333333333349 0.32518223742175656
decision_type=2 2 2 8 2 2 2
left_child=1 2 -1 -4 5 6 -3
right_child=-2 4 3 -5 -6 -7 -8
leaf_value=-0.025059988610629087 0.028297807088767574 0.0075396782104875703 0.045850750805072504 -0.0010442714677975082 0.015261212586764751 -0.042188240548631094 -0.024677759243112211
leaf_weight=9.5731838420033473 9.1210961341857892 12.118084043264391 9.926897030323742 10.787847913801672 8.7622191533446294 10.075575694441794 14.97267000377178
leaf_count=58 55 68 76 76 56 54 81
internal_value=0 -0.00479539 0.00673491 0.0214287 -0.0123991 -0.0189203 -0.0102664
internal_weight=0 76.2165 30.2879 20.7147 45.9285 37.1663 27.0908
internal_count=524 469 210 152 259 203 149
is_linear=0
shrinkage=0.05


Tree=70
num_leaves=7
num_cat=0
split_feature=32 11 2 2 32 21
split_gain=3.60144 2.84958 4.14123 3.91031 9.06775 5.29417
threshold=0.51909030629280839 0.89875000000000005 0.76171500503550538 -0.084333798631976167 0.15721140305778783 16.500000000000004
decision_type=2 2 2 2 2 2
left_child=1 3 -3 4 -1 -5
right_child=-2 2 -4 5 -6 -7
leaf_value=-0.051980663399875865 -0.026121095261182559 0.039173276133228498 -0.0084461307313473157 -0.010721198304350314 0.0099502277677119 0.032480637197971264
leaf_weight=9.7321822270751017 9.7707531973719579 12.892857011407616 7.0688835121691218 13.042461156845095 15.051579292863606 15.541772589087484
leaf_count=55 54 95 41 71 99 96
internal_value=0 0.00619405 0.0223102 0.000165965 -0.014369 0.0127684
internal_weight=0 73.3297 19.9617 53.368 24.7838 28.5842
internal_count=511 457 136 321 154 167
is_linear=0
shrinkage=0.05


Tree=71
num_leaves=8
num_cat=0
split_feature=6 26 27 6 24 24 17
split_gain=3.52222 2.81452 3.09364 3.73877 3.44091 3.30147 3.27305
threshold=38.474879742868346 -5.1267104775499375 0.39067905066788483 56.692135870778465 11.417268090916027 25.366846168049378 0.58975920790413905
decision_type=2 10 10 2 8 8 2
left_child=-1 -2 3 5 6 -3 -4
right_child=1 2 4 -5 -6 -7 -8
leaf_value=-0.026432423981326492 0.031353862416859023 -0.022576425845104997 -0.01411390192276661 -0.036473611773906532 0.037871019807744967 0.022095745302699071 0.020298984487737801
leaf_weight=11.083650194108484 8.2361414730548841 7.5262917354702967 15.367315970361238 10.174580469727514 8.3921596743166393 9.181412838399412 12.554311491549013
leaf_count=67 52 49 95 50 56 59 84
internal_value=0 0.00386172 0.000278757 -0.0125789 0.00979701 0.00197235 0.00135905
internal_weight=0 71.4322 63.1961 26.8823 36.3138 16.7077 27.9216
internal_count=512 445 393 158 235 108 179
is_linear=0
shrinkage=0.05


Tree=72
num_leaves=8
num_cat=0
split_feature=11 25 9 28 12 28 19
split_gain=4.0411 5.05305 3.8411 2.50654 2.74527 2.37444 2.18568
threshold=0.85875000000000001 56.619135906131092 -0.94645653756272796 1.3328878539808191 2.4281694516346728 0.5954227331080767 0.18577246456204449
decision_type=2 8 2 2 2 2 2
left_child=1 3 -2 5 -5 -1 -4
right_child=2 -3 6 4 -6 -7 -8
leaf_value=-0.021239897463602338 0.03745342260284177 0.026091513093512066 -0.016336245935195979 -0.0084646679756284534 -0.040474138788077721 0.017097258821872616 0.018187463831161179
leaf_weight=8.3467570990324038 9.560200549662115 7.4915511757135382 10.671333618462088 11.292070612311365 16.465662881731987 7.825593262910842 8.0374534055590612
leaf_count=52 69 45 65 68 87 50 54
internal_value=0 -0.0118635 0.0116705 -0.0183361 -0.0274524 -0.00268904 -0.00150457
internal_weight=0 51.4216 28.269 43.9301 27.7577 16.1724 18.7088
internal_count=490 302 188 257 155 102 119
is_linear=0
shrinkage=0.05


Tree=73
num_leaves=8
num_cat=0
split_feature=17 1 25 6 12 4 21
split_gain=1.97457 3.25348 5.76696 2.90886 3.54755 2.85965 4.98906
threshold=0.46454662317235063 0.51218648886850937 14.349176192753221 40.695220938968617 3.2999205249907626 -0.55202797113380497 16.500000000000004
decision_type=2 2 8 2 2 2 2
left_child=1 2 -1 -2 5 -5 -7
right_child=3 -3 -4 4 -6 6 -8
leaf_value=0.055075830823392541 -0.0290105968946083 -0.014772197723819634 -0.0038071976375851934 0.011213834478139506 0.030483717860535626 -0.037209861951620522 0.0096411042833969909
leaf_weight=7.8685726523399371 10.721866153180597 8.0321211814880353 8.8183212354779261 14.204885751008982 7.8624170571565619 13.345985278487211 9.895387187600134
leaf_count=59 65 44 55 90 52 77 63
internal_value=0 0.0113736 0.0239586 -0.00559125 -4.92813e-05 -0.00646015 -0.0172623
internal_weight=0 24.719 16.6869 56.0305 45.3087 37.4463 23.2414
internal_count=505 158 114 347 282 230 140
is_linear=0
shrinkage=0.05


Tree=74
num_leaves=8
num_cat=0
split_feature=26 26 0 20 18 6 2
split_gain=2.44763 5.12553 3.43134 2.85746 2.17958 3.48905 3.75388
threshold=0.026240062691219566 -0.0067258372962699913 -0.12459511103330584 0.14797368137519448 2.5000000000000004 56.111097667887641 -0.90791184176503925
decision_type=10 10 2 2 2 2 2
left_child=1 4 -2 -3 5 6 -1
right_child=2 3 -4 -5 -6 -7 -8
leaf_value=-0.030581914835143321 0.0066784842490840036 0.045646150041425394 -0.032989372737768176 0.0079750112557889601 0.016077913179187608 -0.039890486043457081 0.011195647608569861
leaf_weight=8.1598791033029539 9.4470202252268809 8.4671389311552065 12.890295490622519 12.41454093903303 8.0602324753999692 8.7890216931700689 15.765615019947292
leaf_count=53 56 61 70 81 48 47 108
internal_value=0 0.00310516 -0.0162128 0.02325 -0.00721145 -0.0129495 -0.00305275
internal_weight=0 61.6564 22.3373 20.8817 40.7747 32.7145 23.9255
internal_count=524 398 126 142 256 208 161
is_linear=0
shrinkage=0.05


Tree=75
num_leaves=8
num_cat=0
split_feature=10 10 14 21 4 4 17
split_gain=2.84944 3.04969 4.20139 4.457 3.35487 2.92677 2.27939
threshold=-1.1608640438433535 -0.26788305695145626 54.320001447264659 14.500000000000002 -0.55202797113380497 3.2308419805638251 0.49977025567299949
decision_type=2 2 2 2 2 2 2
left_child=-1 6 3 -3 -5 -4 -2
right_child=1 2 5 4 -6 -7 -8
leaf_value=-0.021801826039179753 0.0014041706860325705 -0.041073622855612682 0.034436102994142369 0.020084862837550659 -0.019317832977391435 -0.0028580658826608406 0.038238715610501114
leaf_weight=12.205583631992338 7.2800674811005619 9.8336515352129954 10.470169812440874 10.350064396858217 11.30009153485298 10.5732589289546 9.9270894974470121
leaf_count=77 54 51 66 62 61 66 73
internal_value=0 0.00438574 -0.00159888 -0.0131597 -0.000480997 0.0156977 0.0226546
internal_weight=0 69.7344 52.5272 31.4838 21.6502 21.0434 17.2072
internal_count=510 433 306 174 123 132 127
is_linear=0
shrinkage=0.05


Tree=76
num_leaves=8
num_cat=0
split_feature=7 7 30 30 13 12 24
split_gain=2.54139 4.28274 2.9985 2.53614 2.60249 3.62383 2.5525
threshold=17.234718951142131 15.70688307646782 5.5000000000000009 9.5000000000000018 -1.08397109767456 2.7544925444632402 16.356880622211111
decision_type=2 2 2 2 2 2 8
left_child=1 2 -1 4 -2 6 -6
right_child=3 -3 -4 -5 5 -7 -8
leaf_value=0.017922359295170425 -0.027809934387163011 0.038302051875950899 -0.023935486876241197 0.018915194486685161 0.030387763376318579 -0.022370346877728008 -0.0049582739125226651
leaf_weight=8.3848763778805786 16.030225209891796 9.5878153443336469 8.7362714484333974 8.1682435944676381 8.7767589204013365 14.985102646052836 12.218037337064741
leaf_count=60 96 61 54 47 61 89 66
internal_value=0 0.0115468 -0.00343611 -0.00698576 -0.0110535 -0.00358801 0.00981794
internal_weight=0 26.709 17.1211 60.1784 52.0101 35.9799 20.9948
internal_count=534 175 114 359 312 216 127
is_linear=0
shrinkage=0.05


Tree=77
num_leaves=7
num_cat=0
split_feature=16 9 2 3 16 4
split_gain=2.30425 3.48172 3.41042 2.71882 2.59244 2.06413
threshold=53.352068340353348 1.0092050254366149 0.69212656433042818 -0.27663170974074641 44.584240645803149 3.1347615756999367
decision_type=2 2 2 2 2 2
left_child=2 5 3 4 -1 -2
right_child=1 -3 -4 -5 -6 -7
leaf_value=0.0076029218720257558 0.015449753058186053 0.03908374140387981 -0.022580185399928007 0.023791628505117558 -0.026586673712183567 -0.014690648155836487
leaf_weight=13.849434696137907 12.152023717761045 8.3569940254092199 19.087385416030884 11.360917635262011 9.2460649758577329 10.666292846202849
leaf_count=95 88 61 92 66 57 63
internal_value=0 0.011473 -0.00562582 0.00376617 -0.00608456 0.00136079
internal_weight=0 31.1753 53.5438 34.4564 23.0955 22.8183
internal_count=522 212 310 218 152 151
is_linear=0
shrinkage=0.05


Tree=78
num_leaves=7
num_cat=0
split_feature=16 28 4 21 12 14
split_gain=3.26534 3.36078 2.82261 2.70778 2.61078 2.45851
threshold=53.137272292765758 1.1500334522644333 3.7754537621367876 15.500000000000002 2.4281694516346728 54.364019819557022
decision_type=2 2 2 2 2 2
left_child=1 3 5 -1 -3 -2
right_child=2 4 -4 -5 -6 -7
leaf_value=-0.0060271814569390304 0.013116695619152938 0.0010385137072580074 -0.0038060233796827179 0.031535938072285261 -0.029438654319656966 0.049204193478509711
leaf_weight=10.312439456582071 11.705012846738105 12.864783585071565 11.186779841780661 8.971493221819399 15.484729364514349 7.9081537537276736
leaf_count=61 84 78 68 59 83 62
internal_value=0 -0.00465471 0.016236 0.0114484 -0.0156084 0.0276674
internal_weight=0 47.6334 30.7999 19.2839 28.3495 19.6132
internal_count=495 281 214 120 161 146
is_linear=0
shrinkage=0.05


Tree=79
num_leaves=7
num_cat=0
split_feature=18 3 30 24 2 2
split_gain=1.78055 2.39587 2.52398 4.652 2.68864 2.19775
threshold=2.5000000000000004 1.4714127034792843 8.5000000000000018 5.9461879596826295 -0.95572407983718277 -0.43533700278317172
decision_type=2 2 2 8 2 2
left_child=1 2 3 5 -5 -1
right_child=-2 -3 -4 4 -6 -7
leaf_value=-0.004843854913009202 0.018700609596086531 -0.026638560801460171 0.026820690111486134 -0.010136660251217691 0.020575410760664131 -0.040400986189889035
leaf_weight=8.8441038355231303 14.809619992971419 7.7300899922847739 9.3286682218313199 10.915484495460985 20.527338914573193 8.5440435409545916
leaf_count=56 90 41 59 69 144 51
internal_value=0 -0.000486155 0.0029898 -0.00156285 0.00991361 -0.0223156
internal_weight=0 65.8897 58.1596 48.831 31.4428 17.3881
internal_count=510 420 379 320 213 107
is_linear=0
shrinkage=0.05


Tree=80
num_leaves=7
num_cat=0
split_feature=27 32 32 15 0 10
split_gain=1.86958 3.06747 3.58301 2.9389 4.21961 1.85965
threshold=-0.16822881817169974 0.30754272984425185 0.20544210817046557 0.57982792562386665 0.068893249021501027 0.15587247448902358
decision_type=8 2 2 2 2 2
left_child=-1 2 3 4 -2 -3
right_child=1 5 -4 -5 -6 -7
leaf_value=0.017858745241804405 0.0072065118242907039 -0.030588340935731196 0.027591498817876387 0.012587342391199383 -0.041630260865024582 -0.0045387134108459742
leaf_weight=11.138165988028048 8.5102397650480324 13.398751087486746 11.809466943144797 13.818341642618178 9.2093942910432798 14.020240005105732
leaf_count=72 54 84 78 94 49 80
internal_value=0 -0.00417942 0.00409982 -0.00469669 -0.0181753 -0.0172683
internal_weight=0 70.7664 43.3474 31.538 17.7196 27.419
internal_count=511 439 275 197 103 164
is_linear=0
shrinkage=0.05


Tree=81
num_leaves=8
num_cat=0
split_feature=32 9 25 15 12 12 24
split_gain=2.88818 2.52316 4.37109 3.98922 3.59899 2.45797 2.30912
threshold=0.51909030629280839 -0.3597244329848695 14.707156730090352 0.83873770506622736 2.5489510078225304 2.7544925444632402 22.076016892134678
decision_type=2 2 8 2 2 2 8
left_child=1 2 -1 4 6 -4 -3
right_child=-2 3 5 -5 -6 -7 -8
leaf_value=0.034355522077365704 -0.027085079509939922 -0.012321916405136177 0.017083996242145495 0.016500942053153344 0.0067935017844576165 -0.019825789201794768 -0.047866546615118709
leaf_weight=13.411948241293429 9.6408538296818715 9.2433337792754227 8.1875732764601761 13.452405121177433 10.54033140838146 10.04381177574396 9.0357258692383748
leaf_count=98 55 53 54 98 59 57 48
internal_value=0 0.00201181 0.0126891 -0.00598085 -0.016475 -0.00324989 -0.0298924
internal_weight=0 73.9151 31.6433 42.2718 28.8194 18.2314 18.2791
internal_count=522 467 209 258 160 111 101
is_linear=0
shrinkage=0.05


Tree=82
num_leaves=8
num_cat=0
split_feature=11 19 14 28 15 17 20
split_gain=3.44176 4.71328 3.46538 4.04754 3.9225 4.03018 2.93822
threshold=0.87208333333333343 0.17655563548542222 43.366265789977327 1.1500334522644333 -0.062528088000392806 0.54742524198625986 0.25019226035950415
decision_type=2 2 2 2 2 2 2
left_child=2 6 -1 -4 -5 -6 -2
right_child=1 -3 3 4 5 -7 -8
leaf_value=-0.032260780084172096 0.020039393876845543 0.042529343697306675 0.025255969958526289 -0.033011044093288859 -0.01657694881732194 0.025636203403170167 -0.023719559115536235
leaf_weight=8.9475575163960439 8.4195909164845961 11.349542330950497 13.101066354662178 10.3963743597269 11.547786794602876 11.078631445765494 7.0467090085148802
leaf_count=52 58 84 89 53 65 72 43
internal_value=0 0.018059 -0.00378387 0.00174036 -0.00758895 0.00409199 0.000102071
internal_weight=0 26.8158 55.0714 46.1239 33.0228 22.6264 15.4663
internal_count=516 185 331 279 190 137 101
is_linear=0
shrinkage=0.05


Tree=83
num_leaves=9
num_cat=0
split_feature=16 13 13 14 7 30 7 7
split_gain=2.69639 2.96015 2.97096 5.49924 6.01326 2.12276 1.57104 0.782374
threshold=53.137272292765758 -2.2180773109856626 -1.0649633413263269 48.269769867228938 18.243014545055633 4.5000000000000009 21.501384143613908 16.386259164358837
decision_type=2 2 2 2 2 2 2 2
left_child=1 -1 -3 -4 -5 -2 7 -7
right_child=5 2 3 4 -6 6 -8 -9
leaf_value=0.021719199032707845 0.032694918216911797 -0.035581052523551489 0.028502406287397322 -0.046998105794732348 0.0035092700412954038 0.0011576135000499223 -0.015922158563086524 0.024191653529431152
leaf_weight=7.2510288581252089 8.193355008959772 10.765748247504233 8.8054585829377157 10.138437263667585 14.073239736258982 7.6028381548821944 7.3844235613942137 7.156642958521843
leaf_count=47 61 70 56 51 73 51 54 50
internal_value=0 -0.00787112 -0.0127717 -0.00533431 -0.0176403 0.0109515 0.00290627 0.0123265
internal_weight=0 51.0339 43.7829 33.0171 24.2117 30.3373 22.1439 14.7595
internal_count=513 297 250 180 124 216 155 101
is_linear=0
shrinkage=0.05


Tree=84
num_leaves=8
num_cat=0
split_feature=13 10 19 21 11 19 27
split_gain=2.40951 4.22664 2.3218 5.48537 2.63577 2.32274 2.66911
threshold=-2.1653354791544959 -1.1608640438433535 0.097619958821177938 14.500000000000002 0.84708333333333352 0.065717643458244809 0.61335820209908187
decision_type=2 2 2 2 2 2 10
left_child=-1 -2 5 -4 -5 6 -3
right_child=1 2 3 4 -6 -7 -8
leaf_value=0.022361234581872086 -0.041508600203455613 -0.022856959211187505 -0.019342765475085233 0.0080741762851360682 0.042423897064089923 -0.037298507757883161 0.018310332818253883
leaf_weight=8.2085249871015531 7.5904619768261901 8.4244330786168593 14.364303134381769 17.040825374424461 8.3071837164461595 7.5674834735691539 7.392270825803279
leaf_count=54 47 53 82 106 59 44 54
internal_value=0 -0.006258 -0.00201738 0.00534263 0.0193314 -0.0145166 -0.00361656
internal_weight=0 70.687 63.0965 39.7123 25.348 23.3842 15.8167
internal_count=499 445 398 247 165 151 107
is_linear=0
shrinkage=0.05


Tree=85
num_leaves=7
num_cat=0
split_feature=32 2 19 19 14 32
split_gain=2.382 2.56228 2.5836 3.10514 2.77635 5.24931
threshold=0.51909030629280839 1.4983780366272319 0.20938363583987066 0.35449606935401007 55.471724337088588 0.15825594772776033
decision_type=2 2 2 2 2 2
left_child=1 2 4 -4 5 -1
right_child=-2 -3 3 -5 -6 -7
leaf_value=-0.02199150035533522 -0.02736538262613717 -0.023661086914398458 0.035679825183815864 -0.0015940807960399034 -0.028989259654633327 0.019807626900513881
leaf_weight=12.555982105433943 8.9839102551341039 9.922778617590664 11.334425874054434 11.019675478339193 8.6537736505269987 18.694517116993666
leaf_count=77 52 56 78 71 55 123
internal_value=0 -6.42412e-05 0.00369664 0.0173053 -0.00392683 0.00301336
internal_weight=0 72.1812 62.2584 22.3541 39.9043 31.2505
internal_count=512 460 404 149 255 200
is_linear=0
shrinkage=0.05


Tree=86
num_leaves=7
num_cat=0
split_feature=9 6 7 10 28 9
split_gain=3.49698 5.20637 3.02795 3.34832 4.62787 3.94898
threshold=2.1124776098915437 60.191147792980409 26.823243864014028 0.24849558346045239 2.0122501388591427 0.34268231936161581
decision_type=2 2 2 2 2 2
left_child=1 2 3 4 -1 -5
right_child=-2 -3 -4 5 -6 -7
leaf_value=-0.025668144215182293 0.030249425174912914 -0.036903385494400108 0.031339612687565792 0.039832271332456336 0.009911484656103706 -0.0080639466724140366
leaf_weight=20.703923899680376 9.1848393119871599 9.5447955876588804 8.0637122578918916 8.9153659157454985 16.362301550805569 8.3192916810512525
leaf_count=140 58 49 61 58 100 49
internal_value=0 -0.00251351 0.0027498 -0.00149581 -0.00996208 0.0167124
internal_weight=0 71.9094 62.3646 54.3009 37.0662 17.2347
internal_count=515 457 408 347 240 107
is_linear=0
shrinkage=0.05


Tree=87
num_leaves=7
num_cat=0
split_feature=10 7 7 26 17 25
split_gain=2.64865 2.42205 3.99986 3.63264 3.2313 2.5911
threshold=1.5015107602844935 17.234718951142131 27.174072391024481 -0.038488226790924236 0.49977025567299949 31.917361549386062
decision_type=2 2 2 10 2 8
left_child=1 4 3 -3 -1 -5
right_child=-2 2 -4 5 -6 -7
leaf_value=-0.0085912955823937483 0.029334833697999149 0.013516880795924696 0.023453244225910188 -0.011266147495995265 0.030844551072916161 -0.041951043514263382
leaf_weight=9.0718350857496279 8.4740779772400838 10.028299171477551 9.3534756861627084 21.683864735066901 12.153009224683045 10.076966725289816
leaf_count=59 51 64 65 132 86 56
internal_value=0 -0.000209997 -0.00610278 -0.0127182 0.013989 -0.0210017
internal_weight=0 72.3675 51.1426 41.7891 21.2248 31.7608
internal_count=513 462 317 252 145 188
is_linear=0
shrinkage=0.05


Tree=88
num_leaves=7
num_cat=0
split_feature=7 7 19 2 28 28
split_gain=2.28464 4.09263 3.99518 2.61056 2.71374 2.00912
threshold=26.092936496641091 22.716581897999781 0.062208278083273442 1.0055523979182619 1.0866080774184652 1.8915081178550015
decision_type=2 2 2 2 2 2
left_child=1 2 5 4 -4 -1
right_child=-2 -3 3 -5 -6 -7
leaf_value=0.0056789450841590941 0.018942519221531003 -0.028459439269671705 0.024804650108915666 -0.02883190993898201 -0.008904549116896655 0.042447847324823741
leaf_weight=7.390500530600546 12.784132413566111 13.728085663169621 8.5408391915261763 9.6779416501522046 19.839212469756603 7.4708478972315788
leaf_count=55 92 74 61 50 121 54
internal_value=0 -0.00413283 0.00217787 -0.00640707 0.00124007 0.0241628
internal_weight=0 66.6474 52.9193 38.058 28.3801 14.8613
internal_count=507 415 341 232 182 109
is_linear=0
shrinkage=0.05


Tree=89
num_leaves=6
num_cat=0
split_feature=14 15 23 19 6
split_gain=2.49493 2.32653 2.69157 3.40588 2.32014
threshold=39.984267561586577 2.0804181210104113 6.3475150427308451 0.24593335784422485 47.945153763071424
decision_type=2 2 2 2 2
left_child=-1 2 3 4 -2
right_child=1 -3 -4 -5 -6
leaf_value=-0.024848785106854395 -0.020616938287018851 0.022796223435264284 -0.019277931377986987 0.026933420331589193 0.006890501522993738
leaf_weight=9.2556967958807927 12.450992919504641 12.03309555351734 15.458730455487965 12.624853707849978 19.945777930319309
leaf_count=56 81 85 97 82 117
internal_value=0 0.0027176 -0.00127722 0.00490354 -0.00368138
internal_weight=0 72.5135 60.4804 45.0216 32.3968
internal_count=518 462 377 280 198
is_linear=0
shrinkage=0.05


Tree=90
num_leaves=6
num_cat=0
split_feature=25 11 18 27 25
split_gain=4.28963 1.9737 2.25258 2.52935 4.70195
threshold=52.831996072765499 0.64666666666666683 2.5000000000000004 0.8815132696250273 17.494786155458858
decision_type=10 2 2 8 8
left_child=1 -1 3 4 -3
right_child=-2 2 -4 -5 -6
leaf_value=-0.029261569575539416 0.030549843885792356 -0.009970972641437835 0.016570849222263088 -0.02559203509194978 0.033408812723566272
leaf_weight=8.2673329412937147 8.8819518163800222 30.095093131065383 11.66201766207814 14.374803729355326 7.8827583752572457
leaf_count=44 55 198 72 86 61
internal_value=0 -0.00627085 -0.00330166 -0.00772844 -0.000966978
internal_weight=0 72.282 64.0147 52.3527 37.9779
internal_count=516 461 417 345 259
is_linear=0
shrinkage=0.05


Tree=91
num_leaves=7
num_cat=0
split_feature=6 27 0 12 7 7
split_gain=3.82066 2.3587 2.72735 3.70954 3.1499 2.18453
threshold=38.474879742868346 -0.1947518171501236 0.49962724078479642 3.0399903469581919 18.892237426785027 18.978242094204155
decision_type=2 8 2 2 2 2
left_child=-1 -2 3 5 -4 -3
right_child=1 2 4 -5 -6 -7
leaf_value=-0.022133163830190903 0.031146977701803708 0.039576760181919281 -0.0280941275966014 -0.016358787708921935 0.0077200174117655817 0.0097653537105298113
leaf_weight=11.731687955558298 10.036154128611086 11.666771013289692 10.659114867448809 7.4638505205512038 14.479045305401085 12.984298788011072
leaf_count=69 67 86 63 51 87 86
internal_value=0 0.00878812 0.00486873 0.0145238 -0.00746594 0.0238744
internal_weight=0 67.2892 57.2531 32.1149 25.1382 24.6511
internal_count=509 440 373 223 150 172
is_linear=0
shrinkage=0.05


Tree=92
num_leaves=7
num_cat=0
split_feature=20 21 20 15 16 10
split_gain=5.00532 2.84673 3.6086 2.27763 5.60151 2.13015
threshold=0.032014134841009893 18.500000000000004 0.14797368137519448 -1.9494729699282862 50.884623301050581 0.18489065831004339
decision_type=2 2 2 2 2 2
left_child=-1 2 5 -4 -5 -2
right_child=1 -3 3 4 -6 -7
leaf_value=-0.027855867667238667 0.035187188763052372 0.032084585514182411 0.013690619787744707 -0.042124555122929376 0.0033585391118960729 0.0016890849195321971
leaf_weight=13.738773562014101 9.8344165347516554 8.6387712694704515 9.3384190052747673 11.266175851225858 16.959499821066856 9.1718915030360204
leaf_count=84 73 56 62 58 116 57
internal_value=0 0.005351 0.00126856 -0.00771414 -0.0147959 0.019022
internal_weight=0 65.2092 56.5704 37.5641 28.2257 19.0063
internal_count=506 422 366 236 174 130
is_linear=0
shrinkage=0.05


Tree=93
num_leaves=9
num_cat=0
split_feature=1 14 9 27 21 4 27 14
split_gain=2.71187 7.61447 5.19256 5.42685 4.77071 4.18267 3.41469 3.31588
threshold=-0.60545270853569455 53.557221254099304 0.63902301128999806 0.80278336371696202 14.500000000000002 -1.8434911209327043 0.11665308403797504 50.224371361388172
decision_type=2 2 2 8 2 2 8 2
left_child=1 5 3 6 -4 -1 -2 -6
right_child=2 -3 4 -5 7 -7 -8 -9
leaf_value=0.0041637806449434291 -0.029760377655772875 -0.032632521500709243 -0.020716210397480964 -0.052617086559863739 -0.0016925001573195302 0.051986823358272628 0.015462404639093916 0.040925059828574445
leaf_weight=9.1141781061887777 8.1764595955610258 7.1721930354833594 10.549194086343052 10.447205752134325 8.4008127786219138 9.1745620407164097 8.5278579369187373 9.9938103407621366
leaf_count=60 51 40 58 60 49 69 61 73
internal_value=0 0.011031 -0.00864484 -0.0243513 0.00608902 0.0281543 -0.00667332 0.0214616
internal_weight=0 25.4609 56.0953 27.1515 28.9438 18.2887 16.7043 18.3946
internal_count=521 169 352 172 180 129 112 122
is_linear=0
shrinkage=0.05


Tree=94
num_leaves=8
num_cat=0
split_feature=25 19 19 32 13 1 17
split_gain=3.81126 2.35289 3.48288 4.0935 3.17458 2.69522 2.20859
threshold=-4.3201018074152238 0.073406074656262296 0.10064044400949644 0.31588865141476502 0.74151988797341084 0.14626539670625652 0.55911461515051719
decision_type=8 2 2 2 2 2 2
left_child=-1 4 -3 6 -2 -5 -4
right_child=1 2 3 5 -6 -7 -8
leaf_value=0.02610942594506472 0.021458988314429578 -0.043200097279571158 0.01800489279108429 -0.043412484136549565 -0.016582037165925923 -0.0058484475276317262 -0.014449946819492779
leaf_weight=9.982490908354519 13.896150946617128 7.967116802930831 15.323757700622084 9.3963217958807963 9.0599597468972188 9.7095168940722925 7.9675479978322974
leaf_count=68 95 46 100 56 60 56 51
internal_value=0 -0.00682139 -0.0128685 -0.00716867 0.00644555 -0.0243226 0.00690266
internal_weight=0 73.3204 50.3643 42.3971 22.9561 19.1058 23.2913
internal_count=532 464 309 263 155 112 151
is_linear=0
shrinkage=0.05


Tree=95
num_leaves=6
num_cat=0
split_feature=28 0 26 21 17
split_gain=2.47682 3.51977 4.00349 3.38108 4.75166
threshold=3.3238782957864519 0.71438398916393708 -0.030778840298674167 17.500000000000004 0.53707023959285394
decision_type=2 2 8 2 2
left_child=1 2 -1 4 -4
right_child=-2 -3 3 -5 -6
leaf_value=0.0098507838834933359 0.015361454347112353 0.013582138344178284 0.0076558296035875804 -0.046030098916132189 -0.035853967950748841
leaf_weight=13.376236110925673 15.505221232771872 15.888704232871531 13.684358485043051 10.518963906913994 11.589206047356127
leaf_count=90 98 99 92 64 72
internal_value=0 -0.00687659 -0.0134878 -0.0222097 -0.0122956
internal_weight=0 65.0575 49.1688 35.7925 25.2736
internal_count=515 417 318 228 164
is_linear=0
shrinkage=0.05


Tree=96
num_leaves=7
num_cat=0
split_feature=6 32 3 11 21 6
split_gain=2.07221 2.15755 6.52299 3.69969 3.3741 2.49926
threshold=37.631141742258237 0.19661170077582438 0.91222978067770366 0.8879166666666668 15.500000000000002 52.465968080209159
decision_type=2 2 2 2 2 2
left_child=-1 2 4 5 -2 -3
right_child=1 3 -4 -5 -6 -7
leaf_value=0.020470795956493239 -0.0093866430825776722 0.029366099971994877 0.02030597924738756 -0.018884066447808608 -0.050541702578113828 -0.00091517090167779307
leaf_weight=9.3308022469282133 9.4949894770979935 12.856207914650442 8.9952618740499002 13.236775405704973 10.474000286310909 14.498504400253294
leaf_count=58 62 94 57 85 64 83
internal_value=0 -0.00462274 -0.0150476 0.00281596 -0.030973 0.0133165
internal_weight=0 69.5557 28.9643 40.5915 19.969 27.3547
internal_count=503 445 183 262 126 177
is_linear=0
shrinkage=0.05


Tree=97
num_leaves=9
num_cat=0
split_feature=11 9 13 13 3 22 4 1
split_gain=1.83281 2.35334 3.97244 4.91282 4.83241 2.25388 1.89895 1.11301
threshold=0.87208333333333343 0.36078896744870054 -0.053635137460648907 -1.43650721357536 0.29648590820174248 2.5000000000000004 1.8458474408350114 0.29171618518317505
decision_type=2 2 2 2 2 2 2 2
left_child=1 2 3 -1 -4 7 -3 -2
right_child=5 6 4 -5 -6 -7 -8 -9
leaf_value=-0.023178838261588574 0.036931638863949061 0.022321867041247841 -0.055756690725386915 0.032814184909492054 -0.004892196313502766 -0.0050178166811530676 -0.0098978188153500818 0.0089178455215052337
leaf_weight=7.7920623645186406 7.587364863604309 10.625409133732321 8.9270321577787417 7.8781961798667908 9.7910346910357458 12.887949474155901 8.0285513624548894 6.6560569480061531
leaf_count=47 59 62 49 59 55 83 53 45
internal_value=0 -0.00584481 -0.0136016 0.00497156 -0.0291505 0.0101323 0.00845471 0.0238406
internal_weight=0 53.0423 34.3883 15.6703 18.7181 27.1314 18.654 14.2434
internal_count=512 325 210 106 104 187 115 104
is_linear=0
shrinkage=0.05


Tree=98
num_leaves=7
num_cat=0
split_feature=13 13 22 17 26 22
split_gain=2.3801 2.72435 2.19663 3.99271 4.11497 2.05557
threshold=2.0062520219974105 1.0522040535627111 3.5000000000000004 0.53429146021403773 -0.012294882051914452 1.5000000000000002
decision_type=2 2 2 2 8 2
left_child=1 2 3 5 -5 -1
right_child=-2 -3 -4 4 -6 -7
leaf_value=0.0056636232858739985 0.023363668831576843 -0.023216444611697504 -0.016919584728424024 0.019578316081834107 -0.02622459040366228 0.037425834203970221
leaf_weight=9.463418725878002 9.3464436791837198 13.974424999207256 12.34428435564041 8.0279647819697839 12.600043300539257 11.032281842082737
leaf_count=63 66 83 81 52 76 75
internal_value=0 -0.00355954 0.001578 0.0071305 -0.00839911 0.0227604
internal_weight=0 67.4424 53.468 41.1237 20.628 20.4957
internal_count=496 430 347 266 128 138
is_linear=0
shrinkage=0.05


Tree=99
num_leaves=8
num_cat=0
split_feature=9 32 0 19 11 28 24
split_gain=3.40321 3.38821 2.87404 3.77421 3.76063 5.34182 2.45998
threshold=2.1124776098915437 0.4975469542643256 0.51016686025676938 0.111570139188318 0.75916666666666677 1.8915081178550015 3.4636670808614167
decision_type=2 2 2 2 2 2 8
left_child=1 2 4 -4 5 -1 -6
right_child=-2 -3 3 -5 6 -7 -8
leaf_value=-0.036931789958698856 0.030682543535122737 -0.028516365615832158 -0.038308865108382106 0.0066193584445711417 0.001865377058946079 0.019128987644164368 0.032840756524346794
leaf_weight=8.4950318336486834 9.1086781211197358 10.163185365498064 8.5509983301162737 10.310865014791487 10.32999097928405 8.5019352808594686 16.889645501971245
leaf_count=50 61 56 46 62 68 54 131
internal_value=0 -0.00172457 0.00259212 -0.0137488 0.0095628 -0.00889002 0.0210854
internal_weight=0 73.2417 63.0785 18.8619 44.2166 16.997 27.2196
internal_count=528 467 411 108 303 104 199
is_linear=0
shrinkage=0.05


Tree=100
num_leaves=8
num_cat=0
split_feature=32 11 14 13 22 27 4
split_gain=2.83181 3.70244 2.29066 3.19668 4.02209 2.69325 1.22249
threshold=0.15721140305778783 0.85500000000000009 42.402245857119134 -0.47420087267877292 1.5000000000000002 0.41392033198660266 0.77246459918027155
decision_type=2 2 2 2 2 10 2
left_child=1 6 -2 -4 -5 -6 -1
right_child=2 -3 3 4 5 -7 -8
leaf_value=-0.041947554217884132 -0.016408097406619596 0.014765406206895638 0.037993940626514143 0.025315579973855164 -0.031428985075272947 0.0043425316824630264 -0.015553119554217475
leaf_weight=8.0469204485416466 10.011713311076162 7.2991581298410884 8.3207895867526513 13.291482571512459 8.5678950697183627 13.636787477880715 9.645217150449751
leaf_count=45 63 56 66 86 46 86 59
internal_value=0 -0.0151968 0.00516985 0.0101002 0.0035615 -0.00946026 -0.0275581
internal_weight=0 24.9913 53.8287 43.817 35.4962 22.2047 17.6921
internal_count=507 160 347 284 218 132 104
is_linear=0
shrinkage=0.05


Tree=101
num_leaves=9
num_cat=0
split_feature=26 28 17 26 26 16 23 24
split_gain=2.72582 3.15793 3.13421 3.01961 2.50932 2.81891 2.02215 1.85367
threshold=-0.0098741405360137351 2.2509245464646805 0.50548550309138596 0.026240062691219566 -0.020080958197292508 45.020979804767912 4.9559128603473228 14.650826636656859
decision_type=10 2 2 10 8 2 2 8
left_child=4 3 -3 7 5 -1 -7 -2
right_child=1 2 -4 -5 -6 6 -8 -9
leaf_value=0.021228267584140498 0.025416268121893584 0.0038113949244057625 0.047099947633548161 -0.025731521103426525 -0.033902042284767009 -0.032736343002633311 0.00020801207892842024 -0.0066328685749477275
leaf_weight=7.9427310675382641 8.6713254973292369 8.9330126047134417 7.8610445111989966 9.7944358065724355 9.3015477731823903 8.3086857162415999 10.600856713950632 9.405269570648672
leaf_count=52 69 52 55 58 54 52 70 60
internal_value=0 0.00694693 0.0240741 -0.00337328 -0.0115208 -0.00376804 -0.0142674 0.00874107
internal_weight=0 44.6651 16.7941 27.871 36.1538 26.8523 18.9095 18.0766
internal_count=522 294 107 187 228 174 122 129
is_linear=0
shrinkage=0.05


Tree=102
num_leaves=7
num_cat=0
split_feature=9 4 13 9 16 13
split_gain=3.74862 2.70032 2.93436 2.79932 3.35891 2.19411
threshold=-2.1707826597879518 3.4326645344192568 1.2909186221627518 -0.4217229264841762 44.505254517983438 -0.053635137460648907
decision_type=2 2 2 2 2 2
left_child=-1 2 3 4 -2 -5
right_child=1 -3 -4 5 -6 -7
leaf_value=0.029470908424207749 0.033849471712659528 -0.027326985964887057 0.024305857233804483 -0.02769583204668374 -0.0083838498858118792 -0.001598853261768404
leaf_weight=8.4491488263010961 7.9578698202967599 12.058694466948507 9.3722012750804407 16.736872743815177 11.527836102992294 15.525156479328883
leaf_count=53 59 77 61 106 79 91
internal_value=0 -0.00570345 -0.00143722 -0.00609963 0.00886404 -0.0151374
internal_weight=0 73.1786 61.1199 51.7477 19.4857 32.262
internal_count=526 473 396 335 138 197
is_linear=0
shrinkage=0.05


Tree=103
num_leaves=6
num_cat=0
split_feature=9 1 12 1 9
split_gain=1.76087 3.72747 3.03164 3.65554 2.46273
threshold=2.1124776098915437 1.0734812947599701 3.474772813963551 -1.0906876580277542 -0.91616549498448485
decision_type=2 2 2 2 2
left_child=1 2 3 -1 -5
right_child=-2 -3 -4 4 -6
leaf_value=0.031087551466942427 0.017845480181703361 -0.037119552082349391 -0.027483764103642422 -0.024035154612019157 0.0037248342944425474
leaf_weight=9.7772395201027305 9.4338868223130685 8.0848671495914441 9.3134509734809381 10.358641583472481 34.932117108255639
leaf_count=68 62 43 55 69 233
internal_value=0 -0.00511935 -0.00110084 0.00336121 -0.00262427
internal_weight=0 72.4663 64.3814 55.068 45.2908
internal_count=530 468 425 370 302
is_linear=0
shrinkage=0.05


Tree=104
num_leaves=8
num_cat=0
split_feature=2 2 14 4 0 15 9
split_gain=2.12121 3.73155 4.04571 3.27425 2.65965 2.43308 2.22814
threshold=-1.4127901440744588 -0.43533700278317172 54.651224284369832 3.7243995138906847 0.71438398916393708 -1.4260331902137675 -1.5913336109733704
decision_type=2 2 2 2 2 2 2
left_child=-1 6 4 -4 5 -3 -2
right_child=1 2 3 -5 -6 -7 -8
leaf_value=-0.017642967930605977 0.00086397700433064417 -0.0011926115033963069 0.036906314781093075 -0.0068978550842055389 0.0074773936990916411 -0.034821287018705169 0.037189407461946898
leaf_weight=13.112216610461472 6.6902380585670498 8.5774503424763662 9.4602098353207129 7.7696679905056945 11.148180797696112 14.422956418246033 11.439844049513338
leaf_count=80 45 53 67 50 64 84 89
internal_value=0 0.00428253 -0.00259931 0.0171532 -0.0125656 -0.0222803 0.0237848
internal_weight=0 69.5085 51.3785 17.2299 34.1486 23.0004 18.1301
internal_count=532 452 318 117 201 137 134
is_linear=0
shrinkage=0.05


Tree=105
num_leaves=8
num_cat=0
split_feature=15 11 2 32 26 32 21
split_gain=2.54346 2.53822 2.00913 3.43719 3.03964 2.82244 2.31251
threshold=2.2200881896859679 0.67833333333333345 -0.43533700278317172 0.40863087444701879 -0.0060300000230120599 0.15378244844210884 14.500000000000002
decision_type=2 2 2 2 10 2 2
left_child=1 -1 3 4 -3 -4 -7
right_child=-2 2 5 -5 -6 6 -8
leaf_value=-0.027996679824261128 0.019453086943624368 -0.0015586882191198671 -0.029990140338523548 -0.020363969475280571 0.044130768527305908 -0.020086975231592055 0.011100094328641652
leaf_weight=11.466949652880428 10.925032366067169 6.6616358757019052 11.391342725604771 6.4562216252088538 8.0260758996009827 9.2798573859035987 16.534836214035749
leaf_count=64 81 50 66 41 61 50 109
internal_value=0 -0.00649114 -0.00226487 0.0100426 0.0234082 -0.00925909 -0.000111023
internal_weight=0 69.8169 58.35 21.1439 14.6877 37.206 25.8147
internal_count=522 441 377 152 111 225 159
is_linear=0
shrinkage=0.05


Tree=106
num_leaves=8
num_cat=0
split_feature=26 20 13 19 19 9 17
split_gain=2.48204 2.45047 4.89112 4.2469 3.94596 2.37677 2.33525
threshold=0.026240062691219566 0.26975364549599717 0.17743749395322336 0.14088558833607245 0.24799326486885448 0.021684630396925957 0.55145880975062489
decision_type=8 2 2 2 2 2 2
left_child=1 3 -3 6 -5 -2 -1
right_child=5 2 -4 4 -6 -7 -8
leaf_value=0.014337527833770911 0.0055520454378656832 -0.025623059805852385 0.024535797684676789 -0.022666078632573129 0.022721085571686159 -0.026872369953196862 0.052251255069692019
leaf_weight=7.3785770870745209 11.077196154743435 11.9833992831409 8.1763019226491433 9.3608118779957312 9.804677873849867 11.539244316518305 9.0341784693300706
leaf_count=51 69 75 53 60 70 65 67
internal_value=0 0.00864758 -0.0052798 0.0165393 0.000553079 -0.0109914 0.0352066
internal_weight=0 55.7379 20.1597 35.5782 19.1655 22.6164 16.4128
internal_count=510 376 128 248 130 134 118
is_linear=0
shrinkage=0.05


Tree=107
num_leaves=7
num_cat=0
split_feature=9 2 3 13 1 15
split_gain=3.41205 4.11824 4.94036 6.87699 2.82617 2.21824
threshold=2.1124776098915437 0.65324312542836505 0.44582243951586498 1.0000000180025095e-35 -0.46799175063074044 0.17131242129197113
decision_type=2 2 2 2 2 2
left_child=1 2 3 4 -1 -3
right_child=-2 5 -4 -5 -6 -7
leaf_value=0.025680066139387545 0.029998893469492274 -0.041559235865449191 0.042776824688347814 -0.029096113490250049 -0.0077183800659195376 -0.0082589768634779084
leaf_weight=16.211811441928148 8.1180136352777463 9.1051182523369807 6.8989663645625106 15.700829342007635 10.395869236439468 11.094663899391888
leaf_count=124 56 43 50 93 75 66
internal_value=0 -0.00425991 0.00354344 -0.00285408 0.012631 -0.0232692
internal_weight=0 69.4073 49.2075 42.3085 26.6077 20.1998
internal_count=507 451 342 292 199 109
is_linear=0
shrinkage=0.05


Tree=108
num_leaves=8
num_cat=0
split_feature=21 0 20 19 10 0 27
split_gain=2.35921 3.24589 3.09934 2.89896 3.33027 3.77059 1.3706
threshold=14.500000000000002 0.49962724078479642 0.2613092043377831 0.24593335784422485 0.49060541143498865 -0.69899030523228534 0.73751616924336538
decision_type=2 2 2 2 2 2 10
left_child=1 2 -1 4 5 -2 -7
right_child=3 -3 -4 -5 -6 6 -8
leaf_value=0.021785146591951188 0.011906973218571764 -0.033931761679288852 -0.021990441604775996 0.025330401917919285 0.018191070597944482 -0.014197864382543349 -0.043595982080518979
leaf_weight=8.4719201177358681 9.721246022731064 11.396582409739493 7.7351265810430041 12.733534615486858 13.272814199328421 8.7090340889990348 7.2779719941318026
leaf_count=58 66 59 45 91 83 61 46
internal_value=0 -0.0134853 0.0008924 0.00461771 -0.00214829 -0.0126492 -0.0275812
internal_weight=0 27.6036 16.207 51.7146 38.9811 25.7083 15.987
internal_count=509 162 103 347 256 173 107
is_linear=0
shrinkage=0.05


Tree=109
num_leaves=7
num_cat=0
split_feature=17 6 22 14 4 12
split_gain=2.3755 3.9638 4.80926 3.99781 4.87877 2.60838
threshold=0.6290753029818551 58.218126448272933 3.5000000000000004 53.458369338625836 -2.3871361596880099 2.6108292355757055
decision_type=2 2 2 2 2 2
left_child=1 2 3 4 -1 -2
right_child=5 -3 -4 -5 -6 -7
leaf_value=-0.0068173972995580244 -0.0052518774465749162 -0.029836867906370353 -0.029031885684418408 -0.012715073043716328 0.041132416219833344 0.031055406890698734
leaf_weight=8.6461203545331902 9.3212352246046084 13.432315766811369 10.232558581978081 12.483369074761866 13.727522600442176 10.540760654956101
leaf_count=58 63 74 66 72 101 73
internal_value=0 -0.00599559 0.00110679 0.00995424 0.0226026 0.0140164
internal_weight=0 58.5219 45.0896 34.857 22.3736 19.862
internal_count=507 371 297 231 159 136
is_linear=0
shrinkage=0.05


Tree=110
num_leaves=7
num_cat=0
split_feature=10 4 13 13 1 10
split_gain=2.25978 2.87155 1.38537 2.2164 2.90665 1.34584
threshold=-1.583690739693087 3.0537887647589068 -1.6425039952595395 -0.38142152140138824 -0.14687167121752429 -0.28142054731008509
decision_type=2 2 2 2 2 2
left_child=-1 2 -2 5 -5 -4
right_child=1 -3 3 4 -6 -7
leaf_value=-0.025875495645080938 -0.0071413263147971822 -0.014158793670315174 0.04683747804103968 -0.014262396884106302 0.017302377694749949 0.01453341408320223
leaf_weight=6.491757631301879 9.5030950345098955 15.40211885422468 6.7429610900580883 10.838946439325801 22.295954909175641 6.1783851534128171
leaf_count=39 63 98 58 70 139 42
internal_value=0 0.00494437 0.0102401 0.0138266 0.00697704 0.0313912
internal_weight=0 70.9615 55.5593 46.0562 33.1349 12.9213
internal_count=509 470 372 309 209 100
is_linear=0
shrinkage=0.05


Tree=111
num_leaves=7
num_cat=0
split_feature=28 28 18 0 28 19
split_gain=2.30531 1.81008 4.32308 3.82137 2.24381 2.33554
threshold=4.2443622796629716 2.4134804549127771 2.5000000000000004 0.40286616423138916 1.7676556242965689 0.10996390053274485
decision_type=2 2 2 2 2 2
left_child=1 2 4 -3 5 -1
right_child=-2 3 -4 -5 -6 -7
leaf_value=-0.021100477330527782 -0.025803115266996642 0.035981930823826926 0.026529052539740833 -0.011215658053976644 -0.031040221674306603 0.0063796652393182489
leaf_weight=12.039724096655844 8.2999777942895872 10.11559369787574 10.323247041553257 7.4450922831892958 9.4377645775675756 21.609813496470451
leaf_count=78 48 70 68 41 55 153
internal_value=0 0.00204607 -0.00253255 0.0159719 -0.00949539 -0.00345266
internal_weight=0 70.9712 53.4105 17.5607 43.0873 33.6495
internal_count=513 465 354 111 286 231
is_linear=0
shrinkage=0.05


Tree=112
num_leaves=6
num_cat=0
split_feature=24 9 32 32 19
split_gain=2.49498 2.26217 1.73259 2.2721 3.43176
threshold=40.37660618460508 2.1124776098915437 0.074439091064548615 0.1773669046530397 0.065717643458244809
decision_type=8 2 2 2 2
left_child=1 2 -1 -4 -5
right_child=-2 -3 3 4 -6
leaf_value=-0.0224044903555464 0.027458311833667821 0.025508512064815105 0.019346593603385649 0.019292697934412874 -0.014230723683865519
leaf_weight=9.2844206094741804 10.071673940867184 8.163363151252268 12.763433255255221 10.529415953904389 27.763462696224451
leaf_count=60 64 56 89 78 168
internal_value=0 0.000805764 -0.00253622 0.00107676 -0.00501277
internal_weight=0 68.5041 60.3407 51.0563 38.2929
internal_count=515 451 395 335 246
is_linear=0
shrinkage=0.05


Tree=113
num_leaves=8
num_cat=0
split_feature=1 12 32 4 24 23 11
split_gain=1.69488 5.26599 3.21471 3.15916 2.87618 2.31155 1.60982
threshold=0.28206781584693935 3.3463069110122672 0.43287902551482965 -1.4185337087039056 19.127976580649246 6.3475150427308451 0.7645833333333335
decision_type=2 2 2 2 8 2 2
left_child=1 2 3 -1 5 -2 -5
right_child=4 -3 -4 6 -6 -7 -8
leaf_value=0.0060798675907440492 0.021379414322980558 -0.022032451148020368 -0.011250939235204212 0.023137957233464179 -0.021452359422397344 -0.014016137691685721 0.055937215966229283
leaf_weight=10.235331013798712 11.79728337749839 10.010871589183806 6.7352118231356135 6.5168735682964352 15.319265894591807 7.5739161074161521 8.7828154899179918
leaf_count=76 75 60 44 50 83 50 70
internal_value=0 0.00964879 0.0194769 0.0275818 -0.0052629 0.00754016 0.0419664
internal_weight=0 42.2811 32.2702 25.535 34.6905 19.3712 15.2997
internal_count=508 300 240 196 208 125 120
is_linear=0
shrinkage=0.05


Tree=114
num_leaves=8
num_cat=0
split_feature=24 24 21 27 13 11 11
split_gain=2.38022 4.71222 2.62239 3.76752 1.94365 1.72505 1.63018
threshold=25.366846168049378 19.304308670267108 15.500000000000002 1.1116764686196128 -0.41638585746209017 0.78458333333333352 0.81625000000000003
decision_type=10 10 2 8 2 2 2
left_child=1 2 4 6 -1 -2 -4
right_child=5 -3 3 -5 -6 -7 -8
leaf_value=0.0084386621699858791 0.026139717326710596 -0.03744637065504549 0.04345181387899525 -0.013953723842685634 -0.021446083836641674 -0.0026084407254837452 0.011303984643330354
leaf_weight=8.6118179522454756 12.999671671539547 9.2825584188103658 7.9251691810786742 8.4274960458278638 14.775738980621098 8.7174877859652025 7.8488880507647991
leaf_count=61 81 54 63 51 87 57 59
internal_value=0 -0.00485859 0.00149787 0.013036 -0.0104419 0.0145999 0.0274556
internal_weight=0 56.8717 47.5891 24.2016 23.3876 21.7172 15.7741
internal_count=513 375 321 173 148 138 122
is_linear=0
shrinkage=0.05


Tree=115
num_leaves=8
num_cat=0
split_feature=30 22 24 27 26 17 17
split_gain=2.25715 1.93556 4.14433 4.73745 3.08051 3.43353 3.64756
threshold=9.5000000000000018 2.5000000000000004 19.304308670267108 0.8477464144139405 -0.032371034683390885 0.60110661737654969 0.49713330813422463
decision_type=2 2 10 8 10 2 2
left_child=1 4 3 -3 -1 6 -6
right_child=-2 2 -4 -5 5 -7 -8
leaf_value=0.023252804427607757 0.022543884067852672 0.029485122546046728 -0.038029297305627346 -0.021274096380419709 0.0038780365930305583 0.018497894361427965 -0.039212779899412326
leaf_weight=12.588681936264036 8.7266401089727861 7.9988297410309332 11.269769702106712 10.807943411171438 9.5665902309119755 9.3995405882596952 10.091550614684818
leaf_count=92 58 60 67 63 64 68 58
internal_value=0 -0.00438756 -0.014053 0.000314634 0.00259268 -0.00635792 -0.0182427
internal_weight=0 71.7229 30.0765 18.8068 41.6464 29.0577 19.6581
internal_count=530 472 190 123 282 190 122
is_linear=0
shrinkage=0.05


Tree=116
num_leaves=8
num_cat=0
split_feature=23 24 23 7 4 16 9
split_gain=2.97647 5.7592 2.3648 2.31416 2.24814 1.94554 1.87135
threshold=0.26968737030891321 9.0965574842147969 -4.277336506545268 20.249766620750147 3.4326645344192568 52.174346672219833 -0.69276975267557128
decision_type=2 8 2 2 2 2 2
left_child=1 -1 3 -3 5 -2 -7
right_child=4 2 -4 -5 -6 6 -8
leaf_value=-0.0479165174927354 0.0045964043282298401 0.022856893861497661 -0.024712537060302422 -0.006266072976792398 -0.007520339794217454 0.013821672471127439 0.050511835784315666
leaf_weight=7.4020931012928486 11.537852860987188 12.846812400966884 7.2543681785464278 14.543075248599051 10.724054425954817 6.8743178993463498 7.0286804363131523
leaf_count=47 67 90 50 87 66 51 60
internal_value=0 -0.00788287 0.000670715 0.00739361 0.0116807 0.0197744 0.0323704
internal_weight=0 42.0463 34.6443 27.3899 36.1649 25.4409 13.903
internal_count=518 274 227 177 244 178 111
is_linear=0
shrinkage=0.05


Tree=117
num_leaves=8
num_cat=0
split_feature=15 27 1 22 5 27 0
split_gain=2.42294 2.1962 3.83331 2.5243 2.62003 1.59903 1.33323
threshold=2.2200881896859679 0.71863951150009731 -0.46799175063074044 3.5000000000000004 -1.0000000180025095e-35 0.11040304422871923 -0.41908209450664163
decision_type=2 10 2 2 2 8 2
left_child=1 3 -3 4 6 -6 -1
right_child=-2 2 -4 -5 5 -7 -8
leaf_value=0.0069009714978176262 0.022246030474508925 0.0099386898011216782 -0.032053412527398718 -0.019905775512027199 -0.018846499138170644 0.010787812263905412 0.035373831544225277
leaf_weight=7.1814198680222026 10.316498797386883 8.7117317169904727 14.448046889156101 9.664615146815775 9.1960920020937937 9.0139526985585707 9.6170893087983114
leaf_count=53 79 60 85 60 53 54 72
internal_value=0 -0.00376261 -0.0162578 0.00271521 0.00896006 -0.00417755 0.0232016
internal_weight=0 67.8329 23.1598 44.6732 35.0086 18.21 16.7985
internal_count=516 437 145 292 232 107 125
is_linear=0
shrinkage=0.05


Tree=118
num_leaves=8
num_cat=0
split_feature=19 26 0 21 20 3 9
split_gain=2.53902 3.63924 3.52647 3.60401 2.24731 1.69729 1.28752
threshold=0.1267722443074201 0.026240062691219566 -0.23219905226110962 14.500000000000002 0.25019226035950415 0.786934697233035 0.99928184710582657
decision_type=2 8 2 2 2 2 2
left_child=1 4 -2 -4 6 -5 -1
right_child=2 -3 3 5 -6 -7 -8
leaf_value=0.05322657052309402 -0.025060962442013862 -0.0077994513585034888 -0.015454153105583297 0.038875332860672011 0.0072590764700049314 0.0055888338061019617 0.022389045019476844
leaf_weight=7.1698838323354739 13.69653434678912 12.640675913542507 11.134658329188825 7.5203110836446267 9.8069631643593294 7.8035314790904522 6.4117092899978161
leaf_count=63 89 75 67 58 68 50 41
internal_value=0 0.013816 -0.00446663 0.00619425 0.0254984 0.0219245 0.0386685
internal_weight=0 36.0292 40.155 26.4585 23.3886 15.3238 13.5816
internal_count=511 247 264 175 172 108 104
is_linear=0
shrinkage=0.05


Tree=119
num_leaves=8
num_cat=0
split_feature=9 27 14 17 17 14 32
split_gain=3.90587 3.37337 3.60553 3.05084 3.31652 2.53245 4.0236
threshold=1.5853178690526626 -0.29060108529468859 51.153544105816756 0.58975920790413905 0.46756218656879051 43.366265789977327 0.19853327391839318
decision_type=2 10 2 2 2 2 2
left_child=1 -1 5 4 -4 -3 -7
right_child=-2 2 3 -5 -6 6 -8
leaf_value=-0.032321150476516389 0.026960343096312112 -0.0044369180122269926 0.00094700972947317291 0.012269028415061086 -0.041160255757679565 0.00034508213799756517 0.051736564123480079
leaf_weight=8.7251862995326501 12.671624183654783 10.230285339057447 8.3584602773189598 9.3625433295965177 10.615479394793509 7.155623745173215 8.1427310369908792
leaf_count=54 85 71 52 69 57 49 68
internal_value=0 -0.00347983 0.00119195 -0.0110864 -0.022611 0.0148208 0.0276988
internal_weight=0 62.5903 53.8651 28.3365 18.9739 25.5286 15.2984
internal_count=505 420 366 178 109 188 117
is_linear=0
shrinkage=0.05


Tree=120
num_leaves=8
num_cat=0
split_feature=24 11 9 16 15 9 14
split_gain=2.04131 2.66224 2.27962 2.89576 2.60535 2.19869 1.61185
threshold=48.063496137704661 0.75916666666666677 -0.48690619280580072 49.071840221828744 -0.46861844444752815 -0.83228212356290487 54.320001447264659
decision_type=8 2 2 2 2 2 2
left_child=1 5 3 -3 -4 -1 -6
right_child=-2 2 4 -5 6 -7 -8
leaf_value=-0.038539405833273831 0.022661706119542237 0.03864840287000626 -0.021773916235310102 -0.003068271750093244 -0.009214624381727491 -0.0071826975568136725 0.025299260434742035
leaf_weight=9.1409874707460421 6.9741027466952792 7.6617641858756569 14.788115300238134 9.1014857590198499 6.5612905435264093 14.392536506056784 6.9830300882458687
leaf_count=54 44 62 88 65 46 89 56
internal_value=0 -0.0057303 0.00138372 0.0159986 -0.00726339 -0.0193624 0.00857966
internal_weight=0 68.6292 45.0957 16.7632 28.3324 23.5335 13.5443
internal_count=504 460 317 127 190 143 102
is_linear=0
shrinkage=0.05


Tree=121
num_leaves=6
num_cat=0
split_feature=13 3 15 27 11
split_gain=2.54717 4.20115 2.94565 2.59875 3.77696
threshold=-2.2180773109856626 -1.1953249546086029 2.1703297456816113 0.80278336371696202 0.94875000000000009
decision_type=2 2 2 8 2
left_child=-1 -2 3 4 -3
right_child=1 2 -4 -5 -6
leaf_value=0.02615772427926609 -0.031871291528978683 0.012926092033401827 0.027282927782178099 -0.021011053026539248 -0.026711320337090658
leaf_weight=8.2692385800182802 10.795857738703488 27.76826040446759 9.6720638461410982 14.132387503981581 7.6700011380016795
leaf_count=56 67 188 78 87 48
internal_value=0 -0.003185 0.00204253 -0.00288229 0.00434726
internal_weight=0 70.0386 59.2427 49.5706 35.4383
internal_count=524 468 401 323 236
is_linear=0
shrinkage=0.05


Tree=122
num_leaves=8
num_cat=0
split_feature=32 32 27 10 10 20 11
split_gain=1.76005 3.03788 6.8334 3.03828 2.75202 2.2541 3.33945
threshold=0.51909030629280839 0.35980135287767273 0.71863951150009731 -0.26788305695145626 -1.1608640438433535 0.11627620964778938 0.77875000000000016
decision_type=2 2 10 2 2 2 2
left_child=1 3 -3 4 -1 -5 -7
right_child=-2 2 -4 5 -6 6 -8
leaf_value=-0.0096639880080153628 -0.022782470014300893 0.052275046424317406 -0.014092616888343788 -0.029399570545378319 0.029103567913371348 0.020386266834573324 -0.022356082117712534
leaf_weight=8.5233061313629168 8.9374889098107797 8.0265638977289182 7.5049587637186042 13.997586235404013 9.889140345156191 8.4321250542998332 9.9767145588994008
leaf_count=59 53 58 46 83 84 56 64
internal_value=0 0.000853061 0.0202056 -0.00506158 0.0111577 -0.0142769 -0.00277805
internal_weight=0 66.3504 15.5315 50.8189 18.4124 32.4064 18.4088
internal_count=503 450 104 346 143 203 120
is_linear=0
shrinkage=0.05


Tree=123
num_leaves=7
num_cat=0
split_feature=28 28 27 27 6 11
split_gain=1.87208 3.67592 2.51811 2.60324 2.59646 2.18402
threshold=4.2443622796629716 3.2808609795197223 0.11040304422871923 -0.1947518171501236 40.046660774309963 0.95750000000000013
decision_type=2 2 10 8 2 2
left_child=1 2 3 -1 -4 -6
right_child=-2 -3 4 -5 5 -7
leaf_value=0.0033450458741092429 -0.020852869695539133 0.036630364777011273 -0.018685807862611894 -0.030195832613661107 0.020112692634226825 -0.011673273821147518
leaf_weight=11.17597299441695 9.3416669443249685 7.2717173770070067 8.0179212838411313 11.992961108684542 24.735155656933788 6.9149110205471507
leaf_count=76 57 50 49 73 171 55
internal_value=0 0.00297484 -0.0009199 -0.0140168 0.0067296 0.0131681
internal_weight=0 70.1086 62.8369 23.1689 39.668 31.6501
internal_count=531 474 424 149 275 226
is_linear=0
shrinkage=0.05


Tree=124
num_leaves=9
num_cat=0
split_feature=25 13 13 10 4 25 10 4
split_gain=1.98842 2.75038 4.13331 2.73063 3.485 3.09422 2.80033 3.52908
threshold=50.22720210973209 1.0954880055981064 1.9194908727481887 -0.20829727364275027 -0.74545572159110718 9.1856796072317994 0.27362599818427319 -0.28191653633215846
decision_type=10 2 2 2 2 8 2 2
left_child=1 3 -3 4 5 -1 -5 -8
right_child=-2 2 -4 6 -6 -7 7 -9
leaf_value=0.025557086249736218 0.024631150746285552 -0.040162384635453824 0.0086591632096130761 -0.027022189188158276 0.040623120269754523 -0.021269496576780261 0.029541280465550143 -0.015538374538579479
leaf_weight=6.7625648230314264 7.9844557978212825 9.8949107974767703 7.7157509736716738 10.373429708182814 9.2340507507324219 7.3752389326691619 8.241278253495695 9.1747996769845468
leaf_count=57 54 58 58 62 80 50 48 54
internal_value=0 -0.00172931 -0.0187722 0.00413717 0.0167329 0.00112916 -0.00645626 0.00579329
internal_weight=0 68.772 17.6107 51.1614 23.3719 14.1378 27.7895 17.4161
internal_count=521 467 116 351 187 107 164 102
is_linear=0
shrinkage=0.05


Tree=125
num_leaves=8
num_cat=0
split_feature=32 28 14 19 7 23 9
split_gain=2.89401 2.86725 2.8015 2.37491 2.46676 2.46815 2.34856
threshold=0.047383722865359447 1.3328878539808191 52.986280377297604 0.065717643458244809 15.479057999245912 -5.8670817868270104 0.25079303141298748
decision_type=2 2 2 2 2 2 2
left_child=-1 2 6 -3 -5 -6 -2
right_child=1 3 -4 4 5 -7 -8
leaf_value=-0.032315498210342478 0.047109483993889402 0.013086203140700992 -0.0085226978683219726 -0.039755256373609701 -0.026871093392939277 0.0043727681473687491 0.0090823585910952062
leaf_weight=7.2437113411724559 7.5653320327401223 11.627869348973034 8.6278399452567083 6.9112306237220755 9.6464828550815565 18.335353232920173 8.7637153677642328
leaf_count=45 66 87 62 43 54 112 59
internal_value=0 0.000851079 0.0145235 -0.00648371 -0.0130052 -0.00639827 0.0267005
internal_weight=0 71.4778 24.9569 46.5209 34.8931 27.9818 16.329
internal_count=528 483 187 296 209 166 125
is_linear=0
shrinkage=0.05


Tree=126
num_leaves=8
num_cat=0
split_feature=9 12 24 22 26 10 20
split_gain=3.1003 2.69561 2.60125 1.77294 1.93718 1.86673 1.4859
threshold=2.1124776098915437 2.0112843952300206 -5.2828757068303682 1.5000000000000002 -0.0066131151279586802 0.051836107433733562 0.20164105695702148
decision_type=2 2 10 2 10 2 2
left_child=1 6 -3 5 -5 -4 -1
right_child=-2 2 3 4 -6 -7 -8
leaf_value=0.031947807454292806 0.033317278196837073 -0.031838310938453129 0.02739941439739409 -0.024485952213859925 0.0033547742855429595 -0.0075859841402295142 0.0010080226062751912
leaf_weight=8.6069868206977826 7.8008300103247157 8.0338118486106378 8.9762111566960794 11.147102436050767 14.216951172798877 6.6283978410065165 7.0666634403169146
leaf_count=59 59 46 71 76 95 44 47
internal_value=0 -5.06838e-05 -0.0058237 -0.000722326 -0.00888079 0.0125386 0.0179982
internal_weight=0 64.6761 49.0025 40.9687 25.3641 15.6046 15.6737
internal_count=497 438 332 286 171 115 106
is_linear=0
shrinkage=0.05


Tree=127
num_leaves=7
num_cat=0
split_feature=17 2 4 13 24 24
split_gain=2.06935 3.44321 2.90834 3.64907 4.42082 1.59839
threshold=0.63247149818004555 1.2730027208059604 -2.3871361596880099 -0.38142152140138824 8.8827152530549629 18.931315702822939
decision_type=2 2 2 2 8 8
left_child=1 2 -1 -4 -5 -2
right_child=5 -3 3 4 -6 -7
leaf_value=-0.023144858330244315 0.024600361918211813 -0.031834067726661468 0.031952445940470732 -0.026108561214669812 0.015725780522851989 -0.0052085747648784424
leaf_weight=10.76086366176605 11.393733978271483 10.709985643625258 10.098727155476803 11.725178912281999 13.686402346938843 7.4294677414000061
leaf_count=71 87 60 81 72 86 48
internal_value=0 -0.00628664 -0.000373404 0.00652714 -0.00357704 0.0128349
internal_weight=0 56.9812 46.2712 35.5103 25.4116 18.8232
internal_count=505 370 310 239 158 135
is_linear=0
shrinkage=0.05


Tree=128
num_leaves=8
num_cat=0
split_feature=32 32 24 24 10 10 12
split_gain=2.92886 2.72323 2.03031 3.96383 3.53397 3.38542 1.64282
threshold=0.51909030629280839 0.047383722865359447 6.2865015726827211 19.304308670267108 0.73426892810513189 0.26558726834567598 2.5006169685524791
decision_type=2 2 8 10 2 2 2
left_child=1 -1 5 6 -5 -3 -4
right_child=-2 2 3 4 -6 -7 -8
leaf_value=-0.02545306374429053 -0.026280310396095487 -0.021600773537911885 0.050359191485462855 0.014141025268251853 -0.026578611381845786 0.020846256263735298 0.018112686295593285
leaf_weight=7.2629595734179011 9.4305897243320924 12.754304572939878 7.2709029428660861 16.125687289983038 7.9578799828886977 7.4361399710178366 8.6468747630715352
leaf_count=45 55 83 58 118 42 52 64
internal_value=0 0.00346821 0.00695796 0.013482 0.000686126 -0.00596753 0.0328422
internal_weight=0 67.4547 60.1918 40.0013 24.0836 20.1904 15.9178
internal_count=517 462 417 282 160 135 122
is_linear=0
shrinkage=0.05


Tree=129
num_leaves=7
num_cat=0
split_feature=9 0 28 27 9 9
split_gain=1.88323 2.40693 3.61409 1.63691 2.10381 2.1633
threshold=1.5853178690526626 -0.69899030523228534 1.9975916920992409 -0.050950388982328385 0.87958585131022515 -0.075772806858853251
decision_type=2 2 2 8 2 2
left_child=1 2 -1 -3 5 -5
right_child=-2 3 -4 4 -6 -7
leaf_value=-0.011550931782870803 0.015654961043122567 0.0085463966829758264 0.03362186753829511 -0.011504960339514755 0.0059615014311862839 -0.0407009745804498
leaf_weight=8.978976637125017 13.735270399600266 8.5188612416386587 8.7354494817554933 16.52301674336195 8.3975907266139966 10.299662634730341
leaf_count=63 91 62 60 115 57 62
internal_value=0 -0.00482394 0.010725 -0.0111213 -0.0158784 -0.022716
internal_weight=0 61.4536 17.7144 43.7391 35.2203 26.8227
internal_count=510 419 123 296 234 177
is_linear=0
shrinkage=0.05


Tree=130
num_leaves=8
num_cat=0
split_feature=13 4 17 32 17 26 0
split_gain=2.52651 2.88571 4.38795 3.14809 2.55013 2.954 2.91483
threshold=-2.1653354791544959 0.58873932257367656 0.55709863645388569 0.15825594772776033 0.55591925271120812 -0.01643514367888705 0.51016686025676938
decision_type=2 2 2 2 2 8 2
left_child=-1 2 3 -2 6 -6 -3
right_child=1 4 -4 -5 5 -7 -8
leaf_value=0.028854977693656303 -0.020555337585869037 0.013444514086380055 -0.032487901389420107 0.020573051033102096 -0.0022376691306879794 0.041899846247227215 -0.027798125507836086
leaf_weight=7.6110436096787444 7.8409181647002724 10.03883031755686 14.596452161669729 11.442510843276976 6.4683280736207962 9.1579407118260843 7.4734242483973494
leaf_count=55 50 66 89 83 49 69 44
internal_value=0 -0.00154452 -0.0118056 0.00384966 0.00894615 0.0236296 -0.00415595
internal_weight=0 67.0184 33.8799 19.2834 33.1385 15.6263 17.5123
internal_count=505 450 222 133 228 118 110
is_linear=0
shrinkage=0.05


Tree=131
num_leaves=8
num_cat=0
split_feature=32 17 32 25 13 13 28
split_gain=2.24066 2.27997 2.63585 1.87323 2.76281 3.18218 1.06332
threshold=0.26167136365976723 0.41918222580907266 0.15721140305778783 -1.6748824866385326 -0.38142152140138824 1.1813873551578731 1.5005970624785123
decision_type=2 2 2 8 2 2 2
left_child=1 -1 6 -2 -5 -6 -3
right_child=3 2 -4 4 5 -7 -8
leaf_value=0.029255553958974497 0.011211177494221297 -0.023769385214657584 0.018355586060086266 0.0047381229411435494 -0.044217707562276207 -0.0051954733847418416 -0.00065634436139328141
leaf_weight=8.0881244391202909 7.4493423625826836 9.3949803300201946 11.702510317787526 10.170543521642687 11.817896869033577 9.3641690835356695 10.579685751348732
leaf_count=57 51 64 87 73 66 62 70
internal_value=0 0.00556194 -0.000487745 -0.0113269 -0.0166819 -0.0269668 -0.0115274
internal_weight=0 39.7653 31.6772 38.802 31.3526 21.1821 19.9747
internal_count=530 278 221 252 201 128 134
is_linear=0
shrinkage=0.05


Tree=132
num_leaves=8
num_cat=0
split_feature=32 15 36 3 21 9 26
split_gain=2.53385 2.19017 4.22982 4.36824 2.69405 2.60316 1.30298
threshold=0.4975469542643256 0.86133036062697454 1.0000000180025095e-35 -0.91770331711184039 16.500000000000004 -0.80790836635070062 0.015302504714676762
decision_type=2 2 2 2 2 2 10
left_child=1 2 3 -1 -4 -3 -7
right_child=-2 5 4 -5 -6 6 -8
leaf_value=-0.007450859722192821 -0.02477050337708998 -0.007976676788933745 -0.030673302009901343 0.043676884112615361 0.002436196178471464 0.044312703371543305 0.013376828067458754
leaf_weight=9.4183467552065867 9.8876823671162111 7.5504413470625904 14.927158311009409 7.5079158321022978 10.441394958645104 6.7129132002592069 6.9046308845281601
leaf_count=69 56 52 83 59 62 63 50
internal_value=0 0.00244114 -0.00413007 0.0152277 -0.0170458 0.0155708 0.028627
internal_weight=0 63.4628 42.2948 16.9263 25.3686 21.168 13.6175
internal_count=494 438 273 128 145 165 113
is_linear=0
shrinkage=0.05


Tree=133
num_leaves=7
num_cat=0
split_feature=22 25 7 26 17 26
split_gain=2.08806 1.90922 2.07191 1.73722 2.21199 1.44342
threshold=1.5000000000000002 4.7354098062539824 25.175102902195437 -0.032371034683390885 0.5689505697867584 -0.0098741405360137351
decision_type=2 8 2 8 2 10
left_child=3 -2 5 -1 -5 -3
right_child=1 2 -4 4 -6 -7
leaf_value=0.025750434813589171 -0.023368650317176821 -0.021833871946263649 0.022569182707781101 -0.014581443523475674 0.02117988037775698 0.0023053738907305803
leaf_weight=10.251581255346535 13.978448085486887 10.776532560586928 7.1178444735705844 10.644917640835052 7.2822603620588771 14.559490624815227
leaf_count=77 87 67 59 66 51 95
internal_value=0 -0.00791996 -0.00126593 0.00933334 -5.47137e-05 -0.00796212
internal_weight=0 46.4323 32.4539 28.1788 17.9272 25.336
internal_count=502 308 221 194 117 162
is_linear=0
shrinkage=0.05


Tree=134
num_leaves=8
num_cat=0
split_feature=20 24 27 19 24 25 26
split_gain=2.02822 2.64844 3.51168 2.1246 2.50406 2.84895 1.3178
threshold=0.25535467747968077 21.531130615790435 0.73751616924336538 0.14088558833607245 24.133327448156312 20.676483126564992 -0.0098741405360137351
decision_type=2 10 10 2 10 10 8
left_child=3 2 -2 4 5 -1 -5
right_child=1 -3 -4 6 -6 -7 -8
leaf_value=-0.019694298367600487 0.025227559610688663 -0.033475885380492301 -0.017082867922068132 -0.018001877473754698 0.040492327931715269 0.023114402434821033 0.0066203716586095349
leaf_weight=6.4538275934755864 8.1759968921542221 8.4187468364834768 12.254726454615591 9.6799574047327024 7.8449275828897944 9.7701372355222684 12.389490451663734
leaf_count=44 56 49 77 67 57 72 86
internal_value=0 -0.00987576 -0.000151019 0.00702566 0.0172998 0.00608527 -0.00417928
internal_weight=0 28.8495 20.4307 46.1383 24.0689 16.224 22.0694
internal_count=508 182 133 326 173 116 153
is_linear=0
shrinkage=0.05


Tree=135
num_leaves=8
num_cat=0
split_feature=0 13 3 13 20 15 25
split_gain=1.90859 1.58776 4.37602 3.98711 3.00673 2.69024 0.917824
threshold=0.8677658776826227 0.26717384681754713 0.33628639545537498 -1.08397109767456 0.17244843668571117 0.55395595750084603 20.958222477513441
decision_type=2 2 2 2 2 2 10
left_child=1 3 -3 4 -1 -4 -5
right_child=-2 2 5 6 -6 -7 -8
leaf_value=0.020906492234668037 -0.015354385321485392 -0.027868693933925812 -0.010868777235174733 0.040526155338797547 -0.020500460539947155 0.027827577707254067 0.016786737616498581
leaf_weight=7.5017398968338957 12.830037366598843 10.929204456508161 7.5991758480668095 9.7272002659738117 10.549588311463593 10.983025792986153 7.0026795528829089
leaf_count=60 82 65 39 79 67 82 50
internal_value=0 0.00576701 -0.00276318 0.0130048 -0.00329263 0.0120027 0.0305895
internal_weight=0 64.2926 29.5114 34.7812 18.0513 18.5822 16.7299
internal_count=524 442 186 256 127 121 129
is_linear=0
shrinkage=0.05


Tree=136
num_leaves=7
num_cat=0
split_feature=19 7 6 0 4 17
split_gain=2.20231 3.26156 1.98321 1.94046 3.82296 2.5518
threshold=0.073406074656262296 19.635120730706927 60.191147792980409 -0.10570095215292595 -0.17117965710623659 0.46928114536202037
decision_type=2 2 2 2 2 2
left_child=1 -1 3 4 -2 -5
right_child=2 -3 -4 5 -6 -7
leaf_value=0.031843427672858013 -0.029874031363433553 -0.0070123569168274377 -0.025080057962989229 -0.011467256588112828 0.014184142970535352 0.023601060424677068
leaf_weight=11.130495991557838 12.188220702111723 10.491413313895462 10.786388121545313 8.7060201428830641 8.2606950625777227 12.835605673491953
leaf_count=93 81 72 63 57 57 91
internal_value=0 0.0129898 -0.00595646 -0.00104406 -0.012076 0.00942825
internal_weight=0 21.6219 52.7769 41.9905 20.4489 21.5416
internal_count=514 165 349 286 138 148
is_linear=0
shrinkage=0.05


Tree=137
num_leaves=8
num_cat=0
split_feature=17 20 17 23 6 15 17
split_gain=2.81881 3.13317 2.92473 2.2787 2.4013 5.20391 1.63202
threshold=0.41918222580907266 0.25535467747968077 0.5650719915287955 -12.239941844018977 56.692135870778465 0.44035511196120564 0.33782550258399596
decision_type=2 2 2 2 2 2 2
left_child=6 3 -3 -2 5 -5 -1
right_child=1 2 -4 4 -6 -7 -8
leaf_value=0.0039207487012883971 -0.019889398975960496 -0.041743527015621971 -0.0011103686774240583 0.043350600656471949 -0.0090413021925807562 -0.0058823755184344156 0.03731296267061987
leaf_weight=7.4725745655596238 8.4620415046811086 9.036835605278613 8.6844844408333284 10.900559522211553 11.705143250524996 10.573709540069101 7.1700832098722458
leaf_count=50 52 52 57 87 75 83 53
internal_value=0 -0.00422251 -0.0218309 0.00327108 0.00917791 0.0191088 0.0202719
internal_weight=0 59.3628 17.7213 41.6415 33.1794 21.4743 14.6427
internal_count=509 406 109 297 245 170 103
is_linear=0
shrinkage=0.05


Tree=138
num_leaves=6
num_cat=0
split_feature=25 9 23 23 15
split_gain=2.3165 2.1608 2.19004 3.10419 2.37432
threshold=51.451203576220472 1.6723042959998999 6.3475150427308451 -14.362800316698488 -1.4813254996961362
decision_type=8 2 2 2 2
left_child=1 2 3 -1 -5
right_child=-2 -3 -4 4 -6
leaf_value=-0.028652992976951425 0.019986418131501961 0.014005088700593539 -0.027139487290049221 0.026609554235880267 -0.0050401113041788894
leaf_weight=9.5856811404228122 9.9581769891083223 11.170462515205143 14.003343816846607 8.3766993843018955 20.252407882362618
leaf_count=59 65 74 92 67 141
internal_value=0 -0.00595427 -0.010224 -0.00402547 0.00422038
internal_weight=0 63.3886 52.2181 38.2148 28.6291
internal_count=498 433 359 267 208
is_linear=0
shrinkage=0.05


Tree=139
num_leaves=8
num_cat=0
split_feature=16 28 22 17 19 4 20
split_gain=1.72428 2.58476 2.8926 2.25734 2.62001 2.01835 2.86612
threshold=53.352068340353348 2.9337557407030634 3.5000000000000004 0.56548359492210232 0.15037431999878367 5.1076875437823972 0.1587573614933239
decision_type=2 2 2 2 2 2 2
left_child=1 2 3 4 -1 6 -2
right_child=5 -3 -4 -5 -6 -7 -8
leaf_value=-0.0012481799966718354 0.0016938528129779155 -0.026817755937044892 -0.024691154268123666 -0.0079453783864817228 0.037411733220198203 -0.011849347140079665 0.040337862178368267
leaf_weight=7.9349484927952352 10.28549568727613 10.234270781278608 8.2592184245586378 12.049392890185116 9.7889324538409692 6.8655203878879538 8.9935333095490915
leaf_count=50 81 60 48 76 69 41 77
internal_value=0 -0.00451263 0.00148952 0.00875213 0.0201038 0.0114307 0.019721
internal_weight=0 48.2668 38.0325 29.7733 17.7239 26.1445 19.279
internal_count=502 303 243 195 119 199 158
is_linear=0
shrinkage=0.05


Tree=140
num_leaves=7
num_cat=0
split_feature=10 5 17 19 9 28
split_gain=1.64762 2.74563 1.84818 4.06745 2.4555 1.85283
threshold=-1.4351052489985874 -1.9999999999999998 0.49052556523078683 0.17655563548542222 0.57894763626858292 1.9519363483925329
decision_type=2 2 2 2 2 2
left_child=-1 -2 5 4 -4 -3
right_child=1 2 3 -5 -6 -7
leaf_value=-0.025933343594896463 0.022045586527995282 -0.0034732702100720631 -0.024501972716151701 0.023802447085729584 0.0089189845455494073 -0.034273324915149221
leaf_weight=7.2245827652513972 10.987371560186146 10.621088404208423 13.826403617858888 12.982288733124731 9.1218461692333204 9.0378162488341314
leaf_count=45 90 72 92 92 63 51
internal_value=0 -0.000793507 -0.0053077 0.00143593 -0.0112173 -0.017633
internal_weight=0 66.5768 55.5894 35.9305 22.9482 19.6589
internal_count=505 460 370 247 155 123
is_linear=0
shrinkage=0.05


Tree=141
num_leaves=8
num_cat=0
split_feature=28 28 25 4 16 11 17
split_gain=2.21109 3.78732 3.77885 2.6389 2.42848 2.17533 3.02125
threshold=0.50564082385770892 1.1500334522644333 5.1320918524658108 -0.78966994968341098 42.684238543271704 0.69791666666666685 0.49344595258273038
decision_type=2 2 8 2 2 2 2
left_child=-1 2 -2 4 -3 -5 -7
right_child=1 3 -4 5 -6 6 -8
leaf_value=-0.019389111783251537 -0.0019786435047637694 0.031939065333365393 0.051585224438586152 -0.032476110662850104 -0.0063163678989933058 -0.026819653119531345 0.0099618111060557363
leaf_weight=13.757790610194204 6.1895805001258832 8.2344877384603041 7.0354311540722847 9.1668609119951707 8.3603339456021768 8.9265543706715125 14.905470835044978
leaf_count=90 46 61 61 53 54 56 103
internal_value=0 0.00274196 0.0265162 -0.00359785 0.0126663 -0.0117769 -0.0038151
internal_weight=0 62.8187 13.225 49.5937 16.5948 32.9989 23.832
internal_count=524 434 107 327 115 212 159
is_linear=0
shrinkage=0.05


Tree=142
num_leaves=7
num_cat=0
split_feature=23 12 26 20 13 26
split_gain=2.9776 2.93705 2.36633 1.93582 4.07922 2.79514
threshold=15.987454556322431 1.8587086546894589 -1.0742499488029029 0.20164105695702148 -0.38142152140138824 0.032858545029558865
decision_type=2 2 10 2 2 10
left_child=1 -1 -3 5 -5 -4
right_child=-2 2 3 4 -6 -7
leaf_value=-0.031497243525866685 0.025474283640781959 -0.0234362317859028 0.023290928777060294 0.020414571117684664 -0.023465735460690508 -0.013333914449168635
leaf_weight=8.873436897993086 9.3093666862696391 9.4962985292077047 18.808857362717394 8.5162055157125014 14.008450344204901 7.2050018869340411
leaf_count=59 66 62 145 59 84 47
internal_value=0 -0.00470652 -0.000610263 0.00385551 -0.00687531 0.013147
internal_weight=0 66.9083 58.0348 48.5385 22.5247 26.0139
internal_count=522 456 397 335 143 192
is_linear=0
shrinkage=0.05


Tree=143
num_leaves=8
num_cat=0
split_feature=8 27 23 23 2 1 18
split_gain=2.27025 1.97243 1.54851 2.87765 2.06142 4.70097 1.85994
threshold=1.5000000000000002 0.21238290551813641 0.26968737030891321 -2.4619011701299258 0.96883275560735005 -0.169367363473654 1.0000000180025095e-35
decision_type=2 8 2 2 2 2 2
left_child=2 -2 3 4 5 -1 -4
right_child=1 -3 6 -5 -6 -7 -8
leaf_value=-0.017443835181202398 -0.0054327688427937351 0.029941501846655862 0.019028406062423522 -0.039078447147033742 -0.027805585283402864 0.030945074600707806 -0.0078655765145528144
leaf_weight=11.623545818030836 6.6243951693177223 9.7267642766237277 11.408605650067331 7.7589793652296057 7.1076367646455756 8.8337727226316947 14.728127531707285
leaf_count=81 40 84 86 49 38 62 96
internal_value=0 0.0156102 -0.00535295 -0.0121798 -0.00460837 0.00345121 0.00387357
internal_weight=0 16.3512 61.4607 35.3239 27.565 20.4573 26.1367
internal_count=536 124 412 230 181 143 182
is_linear=0
shrinkage=0.05


Tree=144
num_leaves=8
num_cat=0
split_feature=26 28 12 26 26 28 0
split_gain=1.81864 3.17627 2.87619 2.46563 2.26431 1.83722 1.57673
threshold=-0.0089206149277601971 1.3328878539808191 2.5186905834616549 0.041864641700662293 -0.031280322841105872 1.8489209685968691 0.26367546410041015
decision_type=10 2 2 10 8 2 2
left_child=1 6 5 -4 -3 -2 -1
right_child=2 4 3 -5 -6 -7 -8
leaf_value=0.02786593849478582 0.0072423801261942301 -0.0048801299510994982 0.01141228922634082 -0.022604099970801133 -0.038525641611398653 0.038576504939169198 -0.0045171460873596634
leaf_weight=6.9555530287325373 9.3492393083870429 11.18697934783995 11.849953405559065 9.6776453219354135 9.0427117012441176 9.3630640432238561 8.1789033561944944
leaf_count=58 69 75 85 58 55 66 54
internal_value=0 -0.00695881 0.00858316 -0.00387964 -0.0199197 0.022921 0.0103656
internal_weight=0 35.3641 40.2399 21.5276 20.2297 18.7123 15.1345
internal_count=520 242 278 143 130 135 112
is_linear=0
shrinkage=0.05


Tree=145
num_leaves=7
num_cat=0
split_feature=12 26 26 20 4 32
split_gain=2.42246 2.83951 2.55644 3.21471 2.26095 2.91557
threshold=1.9239401158830816 0.032858545029558865 -0.0089206149277601971 0.20164105695702148 -0.83176931322730874 0.37770803993166729
decision_type=2 8 10 2 2 2
left_child=-1 2 4 -4 -2 -6
right_child=1 -3 3 -5 5 -7
leaf_value=0.018944020441055896 0.010389819991407515 -0.025373656938154 0.033820702629437698 -0.0060339471207885922 -0.036428167386235825 0.0049085617816165203
leaf_weight=11.617307443171738 8.9685193337500078 14.410703379660843 9.8778144568204933 10.373083364218472 10.969445122405888 6.9800446629524222
leaf_count=84 63 92 81 69 73 48
internal_value=0 -0.00594875 -1.41939e-05 0.013406 -0.0101105 -0.0203535
internal_weight=0 61.5796 47.1689 20.2509 26.918 17.9495
internal_count=510 426 334 150 184 121
is_linear=0
shrinkage=0.05


Tree=146
num_leaves=6
num_cat=0
split_feature=32 28 15 9 18
split_gain=1.36331 1.85782 1.96015 1.89448 2.80843
threshold=0.51909030629280839 0.50564082385770892 -2.2295396953335089 1.5853178690526626 -1.4999999999999998
decision_type=2 2 2 2 2
left_child=1 -1 -3 4 -4
right_child=-2 2 3 -5 -6
leaf_value=-0.02121726403916778 -0.023964884290938432 0.024692405252192309 0.01199030201704669 0.019953774594477509 -0.016489304195983063
leaf_weight=11.881771776825188 9.0627151206135732 7.3113652281463137 12.683273252099744 7.4910647347569457 27.264247152954347
leaf_count=79 53 60 94 57 176
internal_value=0 -0.00329544 0.000593937 -0.00312019 -0.00744708
internal_weight=0 66.6317 54.75 47.4386 39.9475
internal_count=519 466 387 327 270
is_linear=0
shrinkage=0.05


Tree=147
num_leaves=7
num_cat=0
split_feature=9 6 2 13 4 23
split_gain=1.80922 2.84155 2.21692 2.87488 3.26297 2.36196
threshold=-2.1707826597879518 40.556787753643988 -0.43533700278317172 -0.029358155855245368 -1.1326047299765667 -1.076209411400572
decision_type=2 2 2 2 2 2
left_child=-1 -2 -3 4 -4 -5
right_child=1 2 3 5 -6 -7
leaf_value=0.023262980699125881 -0.029642362338097833 0.020187600131399933 -0.0011537964041856644 0.021634424200358892 -0.045844274668185005 -0.0069823939776851654
leaf_weight=6.5881135724484912 9.4277084991335851 10.974438589066265 8.9284312129020709 11.966987323015926 7.5281342025846198 18.141549360007055
leaf_count=44 61 94 63 80 47 124
internal_value=0 -0.00419769 -2.86487e-05 -0.0047932 -0.0215977 0.00439169
internal_weight=0 66.9672 57.5395 46.5651 16.4566 30.1085
internal_count=513 469 408 314 110 204
is_linear=0
shrinkage=0.05


Tree=148
num_leaves=6
num_cat=0
split_feature=17 28 7 17 32
split_gain=2.38103 2.17076 2.18771 2.38572 2.72513
threshold=0.40661684584475183 0.50564082385770892 15.072467228504102 0.63247149818004555 0.35215847268619471
decision_type=2 2 2 2 2
left_child=-1 -2 -3 4 -4
right_child=1 2 3 -5 -6
leaf_value=0.019915211744623001 -0.023335331555183757 -0.02264899802946959 0.0089276732338561138 0.024856314924383366 -0.022264085001694495
leaf_weight=13.435017239302395 11.10205280408263 8.1760003082454187 20.686210095882419 11.67523021250963 10.58574568480253
leaf_count=95 73 58 151 84 61
internal_value=0 -0.00329524 0.00105672 0.00556965 -0.00163093
internal_weight=0 62.2252 51.1232 42.9472 31.272
internal_count=522 427 354 296 212
is_linear=0
shrinkage=0.05


Tree=149
num_leaves=8
num_cat=0
split_feature=26 22 26 19 19 32 30
split_gain=1.6947 2.28735 2.35027 4.16327 2.3408 2.04969 2.02354
threshold=0.025597591677468178 2.5000000000000004 -0.022214032282672973 0.16255689067170123 0.091423797885806179 0.25578949916033916 6.5000000000000009
decision_type=8 2 8 2 2 2 2
left_child=1 4 -3 -4 -1 -6 -2
right_child=6 2 3 -5 5 -7 -8
leaf_value=0.036954765389831577 0.0010685702670693864 -0.027799099194958168 0.029142710722739874 -0.019015131204914 0.023578683321791385 -0.0097427582006242089 -0.030359404447541719
leaf_weight=8.2303638439625519 12.044819902628662 8.4081258587539178 8.6745757982134872 9.2985822409391385 8.2596412077546137 10.459220824763177 8.9108721241354925
leaf_count=73 73 50 64 62 63 73 55
internal_value=0 0.00448617 -0.00597967 0.0042278 0.0147314 0.00496023 -0.0122954
internal_weight=0 53.3305 26.3813 17.9732 26.9492 18.7189 20.9557
internal_count=513 385 176 126 209 136 128
is_linear=0
shrinkage=0.05


Tree=150
num_leaves=9
num_cat=0
split_feature=22 17 14 3 7 17 32 32
split_gain=1.58737 4.19529 3.2918 3.43117 2.41732 2.03972 1.35055 0.876029
threshold=3.5000000000000004 0.51363458382701055 53.840092879667942 0.45423132416276363 24.03134278208174 0.53429146021403773 0.29066520562680626 0.27217586751084394
decision_type=2 2 2 2 2 2 2 2
left_child=2 -2 4 -4 5 7 -7 -1
right_child=1 -3 3 -5 -6 6 -8 -9
leaf_value=0.03154296217292845 -0.03762402889244966 0.013126624205546495 -0.039025823305628926 0.0037032569413353342 0.035822836772703641 -0.020726447331595912 0.0090318391756459941 0.0064252047555906112
leaf_weight=7.6106330454349536 8.3870570510625857 7.915013574063777 7.3033956103026894 13.171191412955521 9.0844209641218168 7.8871571309864503 7.38053322955966 6.382500234991312
leaf_count=54 52 54 44 96 69 50 50 46
internal_value=0 -0.0129835 0.00464882 -0.0115384 0.0132921 0.00629708 -0.00634103 0.0200863
internal_weight=0 16.3021 58.8198 20.4746 38.3452 29.2608 15.2677 13.9931
internal_count=515 106 409 140 269 200 100 100
is_linear=0
shrinkage=0.05


Tree=151
num_leaves=6
num_cat=0
split_feature=25 11 26 5 21
split_gain=2.08342 2.39798 2.04094 1.74568 2.13329
threshold=51.451203576220472 0.6429166666666668 -1.7510703411161905 -1.9999999999999998 14.500000000000002
decision_type=10 2 8 2 2
left_child=1 -1 -3 -4 -5
right_child=-2 2 3 4 -6
leaf_value=-0.029897854506205409 0.025451721832652641 -0.023955620646070909 0.022936411362191312 -0.017811502780054011 0.0069586279723068759
leaf_weight=7.0239484757184973 7.5488297380506983 7.2256616316735744 10.220573846250771 12.13124720752239 30.66255789808929
leaf_count=40 51 48 84 78 217
internal_value=0 -0.00225053 0.000973135 0.00437083 -6.3243e-05
internal_weight=0 67.264 60.24 53.0144 42.7938
internal_count=518 467 427 379 295
is_linear=0
shrinkage=0.05


Tree=152
num_leaves=7
num_cat=0
split_feature=11 28 19 0 10 11
split_gain=3.46044 3.06789 3.07199 2.67685 2.45347 1.56355
threshold=0.67833333333333345 3.3238782957864519 0.10064044400949644 0.71438398916393708 0.41371018118149888 0.78708333333333347
decision_type=2 2 2 2 2 2
left_child=-1 2 4 5 -2 -4
right_child=1 -3 3 -5 -6 -7
leaf_value=-0.025749783355985736 -0.029938538982100173 0.031343876154452409 0.018543163798380405 0.034065892829136628 0.0065452996371348137 -0.007952134809834489
leaf_weight=12.434017904102801 12.760751783847811 8.3505348265171033 8.1066063195467013 7.6163207273930302 7.2126876339316359 17.782515149563551
leaf_count=75 94 64 55 55 50 127
internal_value=0 0.00315835 -0.00124272 0.00800974 -0.0167637 0.000344282
internal_weight=0 61.8294 53.4789 33.5054 19.9734 25.8891
internal_count=520 445 381 237 144 182
is_linear=0
shrinkage=0.05


Tree=153
num_leaves=8
num_cat=0
split_feature=17 9 17 2 21 19 28
split_gain=1.58844 2.8632 2.05393 2.23106 1.64246 2.97806 2.84195
threshold=0.40661684584475183 -0.04574703754974984 0.50548550309138596 -0.084333798631976167 13.500000000000002 0.23987301994185015 2.0122501388591427
decision_type=2 2 2 2 2 2 2
left_child=1 -1 3 -2 -4 6 -6
right_child=2 -3 4 -5 5 -7 -8
leaf_value=0.036336799283416238 -0.036759237394528146 -0.0090255751706639561 -0.016987682528812734 -0.0020015408337083311 -0.012464364088018083 0.03528646174139536 0.020537358852468626
leaf_weight=7.4282412528991699 8.3046494722366351 6.5422011911869031 8.8179126605391485 10.396978463977574 17.737527964636687 7.4232773631811133 10.318518366664646
leaf_count=58 58 42 52 67 119 60 80
internal_value=0 0.0150941 -0.00354148 -0.0174361 0.0023246 0.00712441 -0.000326913
internal_weight=0 13.9704 62.9989 18.7016 44.2972 35.4793 28.056
internal_count=536 100 436 125 311 259 199
is_linear=0
shrinkage=0.05


Tree=154
num_leaves=7
num_cat=0
split_feature=23 24 26 18 24 22
split_gain=2.44684 4.57703 3.14802 3.34713 2.41166 2.66632
threshold=0.26968737030891321 9.0965574842147969 -0.024544956733991204 -1.0000000180025095e-35 19.304308670267108 2.5000000000000004
decision_type=2 10 8 2 10 2
left_child=1 -1 -2 -4 -3 -6
right_child=2 4 3 -5 5 -7
leaf_value=-0.041210793646510827 -0.012024868601251544 0.019540534997365827 0.045615142260621099 0.0045767850050160595 0.0048689726876908436 -0.02954889624878201
leaf_weight=8.9041955359280092 11.596912931650875 10.098767481744288 8.1008972227573395 12.849963288754225 13.233276326209308 9.7900521010160428
leaf_count=57 79 82 65 88 90 60
internal_value=0 -0.00938618 0.00887568 0.0204447 -0.000830788 -0.0097663
internal_weight=0 42.0263 32.5478 20.9509 33.1221 23.0233
internal_count=521 289 232 153 232 150
is_linear=0
shrinkage=0.05


Tree=155
num_leaves=7
num_cat=0
split_feature=16 20 0 20 15 6
split_gain=1.69436 3.03609 3.09986 2.17263 3.17851 2.61557
threshold=52.174346672219833 0.11627620964778938 -1.0000000180025095e-35 0.17244843668571117 -2.2052922100565309 53.986809630652054
decision_type=2 2 2 2 2 2
left_child=3 -2 -3 5 -5 -1
right_child=1 2 -4 4 -6 -7
leaf_value=0.020973422779721949 -0.012289909325322375 0.0017009070660930011 0.042255938406748551 0.0084823588681316557 -0.030033075267919009 -0.014939955696922844
leaf_weight=11.453262787312271 11.063516773283483 10.067526735365394 8.8573323078453505 8.0725376196205634 15.921803437173365 9.0963723286986333
leaf_count=95 81 76 74 59 85 50
internal_value=0 0.00851761 0.0206817 -0.00685596 -0.0170751 0.00507623
internal_weight=0 29.9884 18.9249 44.544 23.9943 20.5496
internal_count=520 231 150 289 144 145
is_linear=0
shrinkage=0.05


Tree=156
num_leaves=8
num_cat=0
split_feature=7 7 15 21 7 14 23
split_gain=2.85941 3.5016 1.92407 1.82376 1.32694 2.97442 2.67041
threshold=22.716581897999781 24.869809676755285 -0.062528088000392806 17.500000000000004 18.080046322116289 51.891466895775075 -0.39160635704634011
decision_type=2 2 2 2 2 2 2
left_child=3 -2 -3 4 5 -1 -6
right_child=1 2 -4 -5 6 -7 -8
leaf_value=0.01426256849687341 -0.038638275123951821 -0.01560579336319845 0.019133966659281375 0.024257577503127042 -0.0056609107911476759 -0.025963600830179786 0.034172064004270961
leaf_weight=8.7159544490277785 8.5193990506231803 8.309721823781727 7.6596194878220549 12.968142159283159 9.2651142701506632 9.7204120717942697 7.7080381400883189
leaf_count=74 46 52 68 98 60 60 55
internal_value=0 -0.0127526 0.00105697 0.0082158 0.00234077 -0.00694633 0.0124285
internal_weight=0 24.4887 15.9693 48.3777 35.4095 18.4364 16.9732
internal_count=513 166 120 347 249 134 115
is_linear=0
shrinkage=0.05


Tree=157
num_leaves=7
num_cat=0
split_feature=9 9 14 10 17 14
split_gain=3.74641 2.61415 2.89725 3.39052 2.70864 1.72357
threshold=2.1124776098915437 1.3653268381553951 60.482566050952961 0.23342024089101845 0.54333512700770192 54.205782796640698
decision_type=2 2 2 2 2 2
left_child=1 2 3 5 -5 -1
right_child=-2 -3 -4 4 -6 -7
leaf_value=0.0031206597115862027 0.035670168694418435 -0.026443167105660487 -0.028025218458603125 0.046997282365769513 0.0053935906849165065 -0.025297330526065826
leaf_weight=28.121276577934623 7.4576015360653392 9.2001186124980432 6.9366760849952689 7.6633695513010007 7.9925650507211685 6.5850008837878695
leaf_count=216 58 53 40 55 58 40
internal_value=0 -0.00170291 0.00226947 0.00644213 0.025758 -0.00227123
internal_weight=0 66.499 57.2989 50.3622 15.6559 34.7063
internal_count=520 462 409 369 113 256
is_linear=0
shrinkage=0.05


Tree=158
num_leaves=9
num_cat=0
split_feature=13 23 23 19 7 25 7 23
split_gain=1.79663 2.4182 3.42897 3.37468 2.88396 1.69223 1.44481 1.43581
threshold=-2.2180773109856626 0.16009480998822448 6.3475150427308451 0.23987301994185015 22.716581897999781 50.22720210973209 20.476133521817349 -6.9869986962344717
decision_type=2 2 2 2 2 10 2 2
left_child=-1 3 -3 4 7 6 -4 -2
right_child=1 2 5 -5 -6 -7 -8 -9
leaf_value=0.020614758511533951 0.0022575772608041237 0.030249407998857988 -0.00016332424463285551 0.011372819223091864 -0.045430712425143793 0.01409320871933506 -0.030521418813849257 -0.027224334065550117
leaf_weight=7.3222363330423823 9.1585759595036507 9.2138805314898473 7.9642034117132443 9.3493086509406549 9.6039778199046832 7.2613898962736121 7.7166427634656429 7.5212268307805106
leaf_count=54 62 72 60 68 57 51 52 49
internal_value=0 -0.0054558 0.00448521 -0.0144268 -0.0236039 -0.005862 -0.0151027 -0.0110364
internal_weight=0 67.7892 32.1561 35.6331 26.2838 22.9422 15.6808 16.6798
internal_count=525 471 235 236 168 163 112 111
is_linear=0
shrinkage=0.05


Tree=159
num_leaves=7
num_cat=0
split_feature=27 16 10 16 32 24
split_gain=1.79963 1.80188 1.55319 3.28007 2.43831 2.99767
threshold=1.2741785643928731 60.582713644335605 -0.27124637327896656 48.700940838023136 0.35980135287767273 9.0965574842147969
decision_type=8 2 2 2 2 8
left_child=1 2 3 -1 5 -4
right_child=-2 -3 4 -5 -6 -7
leaf_value=0.028996116089993602 -0.02285079352654952 0.026395412844707061 -0.039752088104111252 -0.011863016738719119 0.012640343755135855 -0.0032669603288363169
leaf_weight=11.237649399787189 7.6760000698268405 7.1681917235255233 8.1577858589589614 8.7258073799312097 11.975541222840546 18.167252980172634
leaf_count=95 49 56 51 68 79 117
internal_value=0 0.00273986 -0.000170465 0.011137 -0.00606429 -0.0145732
internal_weight=0 65.4322 58.264 19.9635 38.3006 26.325
internal_count=515 466 410 163 247 168
is_linear=0
shrinkage=0.05


Tree=160
num_leaves=7
num_cat=0
split_feature=6 30 12 3 13 13
split_gain=1.49635 2.5898 1.94036 2.54292 3.29714 2.2275
threshold=60.191147792980409 9.5000000000000018 3.0978396148660532 0.35290054939614751 0.918716840060121 0.30441284015578618
decision_type=2 2 2 2 2 2
left_child=1 2 3 5 -5 -1
right_child=-2 -3 -4 4 -6 -7
leaf_value=0.0022998709797056593 -0.017606408490944761 0.030375535007093387 -0.019502617254795108 -0.0044948806342349802 0.04179212395825143 -0.030232746684118125
leaf_weight=18.369698911905292 13.38023612089455 6.6236323900520793 13.099412586539982 7.6865658387541753 7.7027612179517746 7.3736460022628298
leaf_count=154 84 48 89 46 58 45
internal_value=0 0.000861225 -0.0027435 0.00259373 0.018673 -0.00701842
internal_weight=0 60.8557 54.2321 41.1327 15.3893 25.7433
internal_count=524 440 392 303 104 199
is_linear=0
shrinkage=0.05


Tree=161
num_leaves=7
num_cat=0
split_feature=0 23 27 27 1 0
split_gain=2.02734 2.11332 1.91647 1.99821 1.71933 1.13814
threshold=0.8677658776826227 16.899505617168021 0.89071141099258189 0.45867892371918167 0.51218648886850937 -0.10570095215292595
decision_type=2 2 8 8 2 2
left_child=1 2 3 4 -1 -5
right_child=-2 -3 -4 5 -6 -7
leaf_value=0.005610644368538734 -0.018731930631633451 0.028847057206789234 -0.016224866040389658 0.0055048070877655661 -0.023048613395043771 0.034680736119217653
leaf_weight=19.339940734207637 11.83496788702905 7.4425069577991954 13.07119484990835 6.1006947048008442 7.174614403396844 7.3935927078127808
leaf_count=145 79 53 85 53 39 57
internal_value=0 0.00389539 0.000396846 0.00582729 -0.00214431 0.0214905
internal_weight=0 60.5225 53.08 40.0088 26.5146 13.4943
internal_count=511 432 379 294 184 110
is_linear=0
shrinkage=0.05


Tree=162
num_leaves=9
num_cat=0
split_feature=26 26 17 26 15 32 24 19
split_gain=1.66411 3.32278 2.37155 2.83418 2.81766 3.89952 1.66168 1.55037
threshold=-0.044836003708452678 -1.960650299689852 0.63247149818004555 -0.011650296074255549 -0.34950852132356086 0.28824084470170158 13.457593467820443 0.16590119235898906
decision_type=10 8 2 10 2 2 10 2
left_child=1 -1 3 -2 7 -6 -4 -5
right_child=2 -3 6 4 5 -7 -8 -9
leaf_value=-0.010512205432783819 -0.034472184777135706 0.036467050553502613 0.029286584746075008 -0.033689113948247119 0.032153526118515817 -0.017189530545381027 -0.0057561806995124025 -0.0021055287217053103
leaf_weight=7.385024506598711 9.9675507470965332 7.6759128626435977 7.2098822891712171 8.4069172702729684 9.178762774914512 7.1022652313113204 6.3732629716396332 7.2247212231159201
leaf_count=54 68 59 61 50 72 46 43 50
internal_value=0 0.0134311 -0.00531025 -0.0111984 -0.00392911 0.0106286 0.0128444 -0.0190916
internal_weight=0 15.0609 55.4634 41.8802 31.9127 16.281 13.5831 15.6316
internal_count=503 113 390 286 218 118 104 100
is_linear=0
shrinkage=0.05


Tree=163
num_leaves=8
num_cat=0
split_feature=19 26 28 27 1 1 10
split_gain=1.72517 1.92995 2.92222 2.43163 2.19545 1.18466 1.9269
threshold=0.34791136179135584 0.026240062691219566 2.3132920764692488 0.45867892371918167 0.63048166843769671 0.78093391637001031 -0.0984705917674603
decision_type=2 8 2 10 2 2 2
left_child=1 3 -3 5 -5 6 -1
right_child=-2 2 -4 4 -6 -7 -8
leaf_value=-0.0073969370130344469 -0.015911176478799593 -0.029773122875595793 0.012232073536172281 0.010083936739419659 0.046120219588880587 -0.016847227871552593 0.026997529504757589
leaf_weight=9.7584882341325301 13.115752477198837 8.9225153587758559 7.7253598012030116 11.113930178806187 6.8202003613114348 7.5992932282388201 6.9883112385869053
leaf_count=73 94 56 51 93 55 44 52
internal_value=0 0.00413936 -0.0102808 0.00981732 0.0237882 -0.000474113 0.00695561
internal_weight=0 58.9281 16.6479 42.2802 17.9341 24.3461 16.7468
internal_count=518 424 107 317 148 169 125
is_linear=0
shrinkage=0.05


Tree=164
num_leaves=8
num_cat=0
split_feature=14 17 17 9 28 28 24
split_gain=1.27007 3.59732 3.32793 5.30046 3.1304 2.45889 1.73756
threshold=52.465100207739958 0.58975920790413905 0.56434149723991867 1.3653268381553951 2.0122501388591427 1.3747387354563536 11.417268090916027
decision_type=2 2 2 2 2 2 10
left_child=2 6 3 5 -4 -1 -2
right_child=1 -3 4 -5 -6 -7 -8
leaf_value=0.053348930979313397 -0.035410666753289924 0.016709333677080305 -0.029049624116686979 -0.022829275494435051 0.013637922786973273 0.015802312622048807 -0.0059000655085023196
leaf_weight=7.1046490520238939 10.001737821847206 9.4844035487622005 10.520864240825178 6.3016778603196135 7.2572501227259627 11.289524758234618 9.9502498358488065
leaf_count=70 60 80 64 35 55 85 62
internal_value=0 -0.00864227 0.00487145 0.0167463 -0.011624 0.0303045 -0.0206934
internal_weight=0 29.4364 42.474 24.6959 17.7781 18.3942 19.952
internal_count=511 202 309 190 119 155 122
is_linear=0
shrinkage=0.05


Tree=165
num_leaves=8
num_cat=0
split_feature=12 12 32 26 6 4 23
split_gain=1.90356 3.46309 2.74194 2.60505 2.04708 4.39343 3.50981
threshold=2.2982452546174872 1.7443235386362337 0.3188374213977716 0.18399146475250575 38.474879742868346 -0.88325131547545987 -1.8644965570700187
decision_type=2 2 2 8 2 2 2
left_child=1 -1 -3 4 -2 -6 -7
right_child=3 2 -4 -5 5 6 -8
leaf_value=-0.013417588434740399 -0.02174977192938515 0.041128104413916233 0.0023349052016163187 -0.031293960909254001 0.03976985630420591 -0.028952429883991646 0.010431962549490074
leaf_weight=8.8081163913011569 7.9793226122856131 10.709486298263075 7.9261299744248381 7.4395309239625922 7.598274450749158 8.8351291678845865 15.725290454924108
leaf_count=60 49 86 53 47 66 56 120
internal_value=0 0.0124176 0.0246285 -0.00411815 0.000918855 0.00654347 -0.0037358
internal_weight=0 27.4437 18.6356 47.5775 40.138 32.1587 24.5604
internal_count=537 199 139 338 291 242 176
is_linear=0
shrinkage=0.05


Tree=166
num_leaves=8
num_cat=0
split_feature=0 27 27 10 7 7 20
split_gain=1.21084 1.57582 2.14873 1.97774 1.73562 2.23788 1.32256
threshold=0.97989645619041588 0.89071141099258189 0.45867892371918167 -0.26788305695145626 22.716581897999781 18.243014545055633 0.25258444401192232
decision_type=2 10 8 2 2 2 2
left_child=1 2 4 -3 5 -1 -4
right_child=-2 3 6 -5 -6 -7 -8
leaf_value=-0.0084242554457891437 0.020940653448669182 0.0056107492428499267 0.0084846409696887424 -0.027940455357323441 -0.018056376194535415 0.025855023783277545 0.038892819805717758
leaf_weight=10.863575916737323 7.8776863366365424 8.1302060745656508 8.9406800419092161 9.5536089390516263 11.313157994300125 8.475911580026148 5.9591822177171698
leaf_count=82 58 57 75 59 65 63 47
internal_value=0 0.000152838 0.00507064 -0.0125152 -0.00250051 0.00659931 0.0206464
internal_weight=0 63.2363 45.5525 17.6838 30.6526 19.3395 14.8999
internal_count=506 448 332 116 210 145 122
is_linear=0
shrinkage=0.05


Tree=167
num_leaves=7
num_cat=0
split_feature=28 19 14 1 16 24
split_gain=2.05675 1.25793 3.54659 2.05212 2.34534 1.843
threshold=4.2443622796629716 0.073406074656262296 43.366265789977327 1.0506045104891308 48.377721912862363 8.122840902667166
decision_type=2 2 2 2 2 8
left_child=1 5 -3 4 -4 -1
right_child=-2 2 3 -5 -6 -7
leaf_value=0.034352405140736633 -0.025567746754995086 -0.027994848125516787 0.031444762152095164 -0.013554470127800786 -7.0758772896155418e-05 0.00071010755111492862
leaf_weight=6.3053440190851688 7.9904385469853869 10.864680495113133 9.904885336756708 10.732336260378359 14.612203136086462 11.487844884395601
leaf_count=57 51 72 71 68 107 87
internal_value=0 0.00133878 -0.00301867 0.00467956 0.0126615 0.0126319
internal_weight=0 63.9073 46.1141 35.2494 24.5171 17.7932
internal_count=513 462 318 246 178 144
is_linear=0
shrinkage=0.05


Tree=168
num_leaves=7
num_cat=0
split_feature=30 6 14 2 9 16
split_gain=2.63829 3.57561 2.65251 6.02807 2.8834 1.48462
threshold=9.5000000000000018 38.474879742868346 54.205782796640698 -0.65994439974855401 0.63902301128999806 59.795391093043428
decision_type=2 2 2 2 2 2
left_child=1 -1 3 -3 -5 -4
right_child=-2 2 5 4 -6 -7
leaf_value=-0.032956812732127187 0.029000284558982903 0.035598729467237376 0.0059351775937081094 -0.031996628598883171 -0.0011007236708768424 0.035287832226209542
leaf_weight=8.5478929318487626 7.2344149872660628 7.1222371235489801 10.88769292458892 14.156027726829057 16.186591949313879 7.1282402239739886
leaf_count=56 56 70 76 96 102 58
internal_value=0 -0.00285451 0.00178334 -0.00579795 -0.0155149 0.0175489
internal_weight=0 64.0287 55.4808 37.4649 30.3426 18.0159
internal_count=514 458 402 268 198 134
is_linear=0
shrinkage=0.05


Tree=169
num_leaves=7
num_cat=0
split_feature=9 24 11 24 17 7
split_gain=2.976 2.87129 1.58417 1.46349 2.19832 2.1054
threshold=2.1124776098915437 25.520296286550195 0.80375000000000008 19.351439268642338 0.63247149818004555 17.025221744963034
decision_type=2 8 2 8 2 2
left_child=1 3 -3 4 5 -1
right_child=-2 2 -4 -5 -6 -7
leaf_value=0.0071134259043961843 0.028476354464867501 0.0019001161838298659 0.030749633293658037 -0.031127087705840689 0.01554895699772626 -0.02200955000961257
leaf_weight=8.8631805200129765 8.0736584775149804 14.51403557136655 7.0794758312404147 7.4014851190149775 8.5194656774401647 20.698966464027762
leaf_count=63 63 98 51 47 70 141
internal_value=0 -0.00365516 0.0113585 -0.010783 -0.00682898 -0.013278
internal_weight=0 67.0766 21.5935 45.4831 38.0816 29.5621
internal_count=533 470 149 321 274 204
is_linear=0
shrinkage=0.05


Tree=170
num_leaves=7
num_cat=0
split_feature=28 10 10 11 14 11
split_gain=1.88737 2.06434 2.83616 2.0502 2.40433 1.81546
threshold=4.2443622796629716 -1.1608640438433535 -0.27124637327896656 0.70125000000000004 54.651224284369832 0.79083333333333339
decision_type=2 2 2 2 2 2
left_child=1 -1 5 -4 -5 -3
right_child=-2 2 3 4 -6 -7
leaf_value=-0.019536397208140155 -0.023393985006056134 0.009266153351566879 0.024810658075909112 -0.013201223160768084 0.014722042488309856 0.049820251163063496
leaf_weight=9.2390481606125814 8.0449547693133336 5.7820058986544591 7.1001813299953929 24.967619623988867 11.152583567425607 5.279490701854229
leaf_count=64 52 53 50 157 87 53
internal_value=0 0.00231185 0.00603053 0.000248629 -0.00457955 0.028622
internal_weight=0 63.5209 54.2819 43.2204 36.1202 11.0615
internal_count=516 464 400 294 244 106
is_linear=0
shrinkage=0.05


Tree=171
num_leaves=8
num_cat=0
split_feature=16 12 2 32 24 32 24
split_gain=1.50387 2.67997 2.37926 3.41311 3.05427 2.40385 2.36086
threshold=61.192323745310411 1.7491117963206901 -0.43533700278317172 0.35980135287767273 9.0965574842147969 0.37311833692705704 21.531130615790435
decision_type=2 2 2 2 10 2 10
left_child=1 -1 5 4 -4 6 -3
right_child=-2 2 3 -5 -6 -7 -8
leaf_value=-0.032125581183620057 0.01542792905710539 0.048937261312470989 -0.043890776680133893 0.016396617656719032 -0.0057973751081691347 -0.0098733790585198971 0.003931620322938853
leaf_weight=7.5211737602949134 11.633479621261356 6.2406276930123585 7.8507981523871448 10.043968271464108 15.957244863733647 6.5662884302437297 5.4662264250218868
leaf_count=51 90 63 50 72 107 44 40
internal_value=0 -0.0042243 -0.000198402 -0.00804681 -0.0183588 0.0143412 0.027923
internal_weight=0 59.6463 52.1252 33.852 23.808 18.2731 11.7069
internal_count=517 427 376 229 157 147 103
is_linear=0
shrinkage=0.05


Tree=172
num_leaves=8
num_cat=0
split_feature=10 10 26 26 20 20 1
split_gain=1.79468 2.44428 1.82388 2.48885 2.55947 2.2501 1.3846
threshold=-0.27124637327896656 -1.1608640438433535 0.038283825931640737 -0.0098741405360137351 0.13210839311920061 0.11374641499833181 -0.24137171520004139
decision_type=2 2 10 8 2 2 2
left_child=1 -1 3 5 -5 -2 -3
right_child=2 6 -4 4 -6 -7 -8
leaf_value=-0.0079790798274338767 -0.035768152458888335 0.03737411708914589 -0.02573622887721045 0.033258416090630905 -0.0045841682614571272 -0.00069585661983463491 0.0045903064048580773
leaf_weight=11.398986574262382 7.7933729253709343 7.6737402286380529 10.769470635801552 7.4582676272839334 11.144984964281319 11.067540261894463 5.5499656014144403
leaf_count=79 51 74 64 59 72 76 51
internal_value=0 0.00898853 -0.00760179 -0.00238885 0.0105874 -0.0151878 0.0236148
internal_weight=0 24.6227 48.2336 37.4642 18.6033 18.8609 13.2237
internal_count=526 204 322 258 131 127 125
is_linear=0
shrinkage=0.05


Tree=173
num_leaves=7
num_cat=0
split_feature=16 13 9 23 11 3
split_gain=2.1371 2.38028 2.23683 1.495 2.77827 1.73492
threshold=61.314961238625138 -2.1330483228580754 -1.562223977906436 -4.5564586917157692 0.80208333333333337 0.84822007529838983
decision_type=2 2 2 2 2 2
left_child=1 -1 -3 4 -4 -5
right_child=-2 2 3 5 -6 -7
leaf_value=0.02332100228224521 0.02077310875697131 -0.029097527490502085 -0.01227252425195214 0.0019013572374693252 0.030275159212110211 -0.02308216590816857
leaf_weight=7.3125394377857438 10.752067951485513 9.495200250297783 7.2600363120436624 15.689462468028074 8.1368857398629171 12.473223665729163
leaf_count=56 88 64 48 128 63 75
internal_value=0 -0.00342209 -0.00710808 -0.00231479 0.0102129 -0.00916382
internal_weight=0 60.3673 53.0548 43.5596 15.3969 28.1627
internal_count=522 434 378 314 111 203
is_linear=0
shrinkage=0.05


Tree=174
num_leaves=9
num_cat=0
split_feature=21 15 26 4 4 20 0 16
split_gain=1.51344 2.08921 3.64678 2.91886 2.31317 1.85088 1.56945 3.84155
threshold=14.500000000000002 -0.67581598623195782 -0.0070732342067545539 2.5964305464217472 -2.5381405891923698 0.14959254406842867 0.49962724078479642 47.176420604580464
decision_type=2 2 10 2 2 2 2 2
left_child=6 4 5 -4 -2 -3 7 -1
right_child=1 2 3 -5 -6 -7 -8 -9
leaf_value=0.02769547116957027 0.010057313892779278 -0.022224923615344717 0.056132630729770441 0.0090086039640526576 -0.026076970597590416 0.013569026736992893 -0.025147065463642045 -0.022044597638805303
leaf_weight=6.9802457783371237 8.7987908869981784 6.8828432299196738 6.673841577023266 6.4732339587062597 8.9181145653128606 7.598961666226387 10.202008673921226 8.7450253292918187
leaf_count=54 68 49 59 51 57 61 60 58
internal_value=0 0.00527083 0.013865 0.0329301 -0.00813151 -0.00344295 -0.00987415 3.43798e-05
internal_weight=0 45.3458 27.6289 13.1471 17.7169 14.4818 25.9273 15.7253
internal_count=517 345 220 110 125 110 172 112
is_linear=0
shrinkage=0.05


Tree=175
num_leaves=9
num_cat=0
split_feature=28 25 28 18 10 25 26 28
split_gain=1.51939 2.45992 2.06995 2.74977 2.37889 2.31445 1.85407 1.84771
threshold=1.035263065981707 3.1173645901781 2.4586769610741999 1.5000000000000002 0.45507020513207336 12.921853856975755 0.018781980760394629 0.40982251564231226
decision_type=2 8 2 2 2 8 10 2
left_child=1 -1 4 6 5 -2 -4 -3
right_child=2 7 3 -5 -6 -7 -8 -9
leaf_value=-0.0093792620696783197 -0.0064514784397183599 0.0087548355130316891 0.0035892669764852241 -0.014317539148318167 0.0054898286769307341 -0.046081479395303222 0.040162060611954042 0.045485000689195393
leaf_weight=8.6928005609661323 7.1026949454098958 7.9911402463912982 7.5100708398967999 9.589859187602995 9.1064022742211801 7.654638197273016 6.4344005025923252 5.9908279106020927
leaf_count=64 53 59 55 65 62 51 49 57
internal_value=0 0.0115071 -0.00423005 0.00629171 -0.0146066 -0.0270076 0.0204651 0.0244925
internal_weight=0 22.6748 47.3981 23.5343 23.8637 14.7573 13.9445 13.982
internal_count=515 180 335 169 166 104 104 116
is_linear=0
shrinkage=0.05


Tree=176
num_leaves=7
num_cat=0
split_feature=9 0 21 7 28 2
split_gain=2.00898 1.72891 5.25428 2.25052 2.82736 1.91831
threshold=1.5853178690526626 0.26367546410041015 16.500000000000004 15.072467228504102 2.9913318348849454 -0.95572407983718277
decision_type=2 2 2 2 2 2
left_child=1 3 -3 -1 5 -5
right_child=-2 2 -4 4 -6 -7
leaf_value=-0.021520288848997374 0.018269335896740773 -0.036757885475582459 0.014727522692515508 -0.013749761557478871 0.03858299408112531 0.015013418299971416
leaf_weight=7.6800459306687108 12.509306559339164 12.010036982595922 8.4364466220140439 11.459493767470123 6.2956126965582362 11.730697860941293
leaf_count=62 89 75 63 81 49 94
internal_value=0 -0.00383661 -0.0155144 0.00258784 0.00886719 0.000800018
internal_weight=0 57.6123 20.4465 37.1659 29.4858 23.1902
internal_count=513 424 138 286 224 175
is_linear=0
shrinkage=0.05


Tree=177
num_leaves=7
num_cat=0
split_feature=1 26 21 26 17 11
split_gain=1.33138 1.25354 3.36664 2.3123 1.56091 1.60112
threshold=-1.1356734755815274 0.012107055370395725 16.500000000000004 -0.0067258372962699913 0.51247664110561397 0.82291666666666685
decision_type=2 10 2 8 2 2
left_child=-1 3 -3 4 -2 -6
right_child=1 2 -4 -5 5 -7
leaf_value=0.011059449158343865 -0.020855467076538819 -0.031864122704576434 0.0079616641368591128 0.020944079804064326 -0.01076564925866942 0.022439993534648043
leaf_weight=13.632640194147823 12.622481482103469 13.091487832367422 8.923576068133114 9.2817369382828456 8.7426559478044492 6.2081334553658953
leaf_count=98 87 86 64 75 66 52
internal_value=0 -0.00628099 -0.0157212 -0.000641981 -0.0079083 0.00302259
internal_weight=0 58.8701 22.0151 36.855 27.5733 14.9508
internal_count=528 430 150 280 205 118
is_linear=0
shrinkage=0.05


Tree=178
num_leaves=7
num_cat=0
split_feature=9 17 4 28 24 9
split_gain=2.5392 1.95878 2.20343 1.96723 1.87307 1.74479
threshold=-2.1408270591691871 0.63247149818004555 3.0537887647589068 1.68519584369067 9.0965574842147969 1.412422233274983
decision_type=2 2 2 2 10 2
left_child=-1 2 4 -3 -2 -6
right_child=1 3 -4 -5 5 -7
leaf_value=0.02588148230140665 -0.019719466315073052 0.030222355489923317 -0.031004601950582661 -0.006531668809074841 0.011328643677455381 -0.017205953988339222
leaf_weight=6.9711019024252883 14.287353750318287 6.6841078512370569 10.440061699599026 7.9959589149802923 18.063459996134046 7.6159255728125563
leaf_count=51 99 56 65 59 146 44
internal_value=0 -0.00586987 -0.0105508 0.0102031 -0.00520792 0.00286593
internal_weight=0 65.0869 50.4068 14.6801 39.9667 25.6794
internal_count=520 469 354 115 289 190
is_linear=0
shrinkage=0.05


Tree=179
num_leaves=9
num_cat=0
split_feature=7 12 17 19 19 12 21 4
split_gain=1.05604 2.87265 2.88159 2.66303 2.50738 2.49509 2.26681 1.78871
threshold=22.716581897999781 2.8327197498881138 0.65831349057608968 0.12377613341253126 0.098235061861547915 2.8136215446159416 14.500000000000002 0.48916697056369973
decision_type=2 2 2 2 2 2 2 2
left_child=1 2 3 -1 -2 -6 -3 -5
right_child=4 6 -4 7 5 -7 -8 -9
leaf_value=0.021269914806643125 -0.029589191113173055 0.0025829128677796521 -0.034304740205064868 -0.026827044794231859 0.020843218276307245 -0.018943004523875682 0.040998076815589264 0.0077220076838206177
leaf_weight=10.828041113913061 9.6176594682037848 8.0270450375974161 6.7623996268957844 8.2885309942066652 8.6677801720797998 7.2254641391336909 7.3623254038393489 6.8362864255905142
leaf_count=88 63 51 49 60 64 50 64 48
internal_value=0 0.00314599 -0.00523419 0.00234057 -0.00943857 0.00275541 0.0209609 -0.0112112
internal_weight=0 48.1046 32.7153 25.9529 25.5109 15.8932 15.3894 15.1248
internal_count=537 360 245 196 177 114 115 108
is_linear=0
shrinkage=0.05


Tree=180
num_leaves=8
num_cat=0
split_feature=9 9 11 20 25 17 19
split_gain=1.06023 2.14176 3.03635 2.37213 1.8248 2.28746 1.69165
threshold=0.63902301128999806 -0.4217229264841762 0.73958333333333337 0.14797368137519448 18.162305912845323 0.53822505065650839 0.14699613897392103
decision_type=2 2 2 2 8 2 2
left_child=1 2 -1 -4 5 -2 -3
right_child=4 6 3 -5 -6 -7 -8
leaf_value=-0.015701608575488198 -0.018539181644278074 -0.033635193904128939 0.041654688232147956 0.0044934307812155537 0.026656243776782437 0.019901696876010323 -0.0013236361261703185
leaf_weight=11.055888099595906 8.3613565452396852 8.0621778592467326 6.5352401733398464 12.523814070969818 9.9634506944566983 7.2044784985482684 8.1412191204726678
leaf_count=73 54 51 65 95 83 49 60
internal_value=0 -0.00274288 0.00514373 0.0172358 0.00994767 -0.000747237 -0.0174006
internal_weight=0 46.3183 30.1149 19.0591 25.5293 15.5658 16.2034
internal_count=530 344 233 160 186 103 111
is_linear=0
shrinkage=0.05


Tree=181
num_leaves=7
num_cat=0
split_feature=21 0 2 25 17 1
split_gain=2.7343 5.63897 2.84197 3.04154 1.81383 2.82122
threshold=17.500000000000004 -0.24328588809638221 1.3565654758327297 31.29572608566853 0.47998164808068849 -0.91514249919628632
decision_type=2 2 2 8 2 2
left_child=2 -2 3 4 -1 -6
right_child=1 -3 -4 -5 5 -7
leaf_value=0.026533625156630766 -0.016612177844106634 0.038429207718659264 -0.031921583238727534 -0.020995354214692813 -0.026342851369082588 0.013679414648943972
leaf_weight=8.9748150743544119 8.0395806953310984 11.047679347917436 9.3072028886526805 13.351306084543465 6.8760826252400866 12.243869392201306
leaf_count=80 56 91 57 86 44 102
internal_value=0 0.0152457 -0.0069538 -0.001347 0.00799037 -0.000713739
internal_weight=0 19.0873 50.7533 41.4461 28.0948 19.12
internal_count=516 147 369 312 226 146
is_linear=0
shrinkage=0.05


Tree=182
num_leaves=7
num_cat=0
split_feature=20 17 28 28 7 20
split_gain=1.52706 2.59676 1.23603 3.59164 1.70791 1.21104
threshold=0.069751267600266606 0.40778482502899321 0.49176950061604469 1.1500334522644333 20.674803925991316 0.021417813356379479
decision_type=2 2 2 2 2 2
left_child=5 -2 -3 -4 -5 -1
right_child=1 2 3 4 -6 -7
leaf_value=-0.0012515982197540557 0.013644222174125684 -0.030349694548967396 0.022872415995826519 -0.029280798852930525 -0.003015266741357203 0.024741408513208905
leaf_weight=10.431001495569946 11.896399166435002 8.138693902641533 7.0919463373720637 13.731541929766538 11.267943864688275 7.8560428712517014
leaf_count=73 91 53 62 97 77 63
internal_value=0 -0.006878 -0.0129466 -0.00853301 -0.0174422 0.0099149
internal_weight=0 52.1265 40.2301 32.0914 24.9995 18.287
internal_count=516 380 289 236 174 136
is_linear=0
shrinkage=0.05


Tree=183
num_leaves=7
num_cat=0
split_feature=3 15 10 17 11 10
split_gain=1.47455 1.76698 1.65412 1.96592 2.20637 1.94822
threshold=1.162059458339 0.83873770506622736 0.62548296738850839 0.40778482502899321 0.94541666666666668 -1.1608640438433535
decision_type=2 2 2 2 2 2
left_child=2 -2 3 -1 5 -5
right_child=1 -3 -4 4 -6 -7
leaf_value=0.022469024003971438 -0.003241357010472774 0.029664677242174094 -0.024717764909013094 -0.032460225289592567 0.020969699896979017 -0.0035357443764063769
leaf_weight=7.6440933365374795 8.4071073420345801 7.9256054665893307 8.4649299941956979 7.8916574008762828 6.515496563166379 22.194452257826928
leaf_count=67 49 64 53 49 57 175
internal_value=0 0.0127266 -0.00446759 -0.000593404 -0.0054099 -0.0111227
internal_weight=0 16.3327 52.7106 44.2457 36.6016 30.0861
internal_count=514 113 401 348 281 224
is_linear=0
shrinkage=0.05


Tree=184
num_leaves=8
num_cat=0
split_feature=9 11 11 9 28 3 16
split_gain=2.79279 2.12306 5.20025 3.75627 1.22739 3.39745 1.46535
threshold=2.0856503300326756 0.85083333333333344 0.91083333333333349 -0.075772806858853251 1.1500334522644333 -0.68544483211110419 56.154516290760391
decision_type=2 2 2 2 2 2 2
left_child=1 4 -3 -4 -1 -6 -7
right_child=-2 2 3 -5 5 6 -8
leaf_value=0.0054010574112511077 0.031905783042494827 0.045562924629843016 0.019556313253436486 -0.032094855099190744 0.012189335445865424 -0.038052036272569922 -0.010036605871921345
leaf_weight=12.11374677531421 7.2007205262780181 7.4059384986758259 7.0604874491691598 7.019433202221987 8.6872062161564809 10.491199564188724 8.4084765315055829
leaf_count=93 58 64 67 46 66 60 55
internal_value=0 -0.00101428 0.0116461 -0.00619397 -0.00786602 -0.0136918 -0.025588
internal_weight=0 61.1865 21.4859 14.0799 39.7006 27.5869 18.8997
internal_count=509 451 177 113 274 181 115
is_linear=0
shrinkage=0.05


Tree=185
num_leaves=8
num_cat=0
split_feature=32 32 11 11 15 11 20
split_gain=1.35808 4.28616 3.39709 2.28744 2.44056 1.58513 1.42037
threshold=0.19661170077582438 0.26345955923128722 0.80208333333333337 0.79708333333333348 -0.73529759530476635 0.71375000000000011 0.17839307736705631
decision_type=2 2 2 2 2 2 2
left_child=2 -2 6 5 -5 -3 -1
right_child=1 3 -4 4 -6 -7 -8
leaf_value=-0.038688084665426344 0.037941266106339785 -0.0072454406650827698 0.0094731254805547963 0.0038014528406323991 -0.032800569667793857 0.025494988351184956 -0.0095287368755020158
leaf_weight=9.7096438333392197 6.9344734437763682 7.2700479514896852 11.025492953136562 8.030339699238537 10.521243548020722 7.5217744335532188 7.3281872589141122
leaf_count=63 55 48 93 58 72 63 50
internal_value=0 0.00217538 -0.0121522 -0.0052629 -0.0169568 0.00940336 -0.0261463
internal_weight=0 40.2779 28.0633 33.3434 18.5516 14.7918 17.0378
internal_count=502 296 206 241 130 111 113
is_linear=0
shrinkage=0.05


Tree=186
num_leaves=8
num_cat=0
split_feature=26 26 28 24 24 17 19
split_gain=1.55459 1.36889 1.8565 1.65077 1.59729 2.93521 1.29362
threshold=0.038283825931640737 -0.0067258372962699913 2.1139414893989925 33.567048649198263 19.703424793727169 0.58385850395480021 0.10064044400949644
decision_type=8 10 2 8 10 2 2
left_child=1 3 -3 4 5 -1 -2
right_child=6 2 -4 -5 -6 -7 -8
leaf_value=-0.010206290537801295 -0.021789075612519099 0.006199178547330395 0.037899928154096513 0.023810974653686784 -0.020555020094698912 0.032103274250282018 0.0052340923202813666
leaf_weight=11.026645798236137 8.9812236838042754 11.106838133186104 7.9058434069156638 7.1994312256574622 8.824288245290516 6.5249058958142987 8.7369017936289293
leaf_count=82 58 95 64 57 59 56 59
internal_value=0 0.00866084 0.019381 0.00259035 -0.00320194 0.00552257 -0.00846381
internal_weight=0 52.588 19.0127 33.5753 26.3758 17.5516 17.7181
internal_count=530 413 159 254 197 138 117
is_linear=0
shrinkage=0.05


Tree=187
num_leaves=8
num_cat=0
split_feature=25 27 30 20 10 21 27
split_gain=2.09263 1.79869 1.78119 1.916 1.54507 1.84588 1.72162
threshold=-4.3201018074152238 0.017028871561929223 6.5000000000000009 0.18162629734297361 0.27362599818427319 15.500000000000002 0.71863951150009731
decision_type=8 10 2 2 2 2 8
left_child=-1 -2 4 -4 6 -6 -3
right_child=1 2 3 -5 5 -7 -8
leaf_value=0.022520062598074382 -0.025569413161010413 0.01357265441040973 -0.027597805240927351 0.0048797618742158254 -0.00021333665014052795 0.036111276247260959 -0.016451577686755862
leaf_weight=8.1796822808682901 8.6242409050464612 8.5629796851426416 10.369557581841947 8.079467158764599 6.7409098539501411 7.2684470433741808 10.791942428797478
leaf_count=63 57 77 76 58 47 58 79
internal_value=0 -0.00442697 -0.000907845 -0.0133748 0.00598582 0.0186329 -0.0031683
internal_weight=0 60.4375 51.8133 18.449 33.3643 14.0094 19.3549
internal_count=515 452 395 134 261 105 156
is_linear=0
shrinkage=0.05


Tree=188
num_leaves=8
num_cat=0
split_feature=30 9 7 7 7 7 12
split_gain=1.68227 2.10816 1.48999 1.94029 1.92122 1.67024 1.33037
threshold=9.5000000000000018 1.7888820848153866 19.109834314653821 27.174072391024481 15.072467228504102 17.234718951142131 2.7544925444632402
decision_type=2 2 2 2 2 2 2
left_child=1 2 4 6 -1 -6 -4
right_child=-2 -3 3 -5 5 -7 -8
leaf_value=-0.014439645616505022 0.021946278538330404 0.018360798621266185 -0.012187580643592917 0.0056319434606670474 0.029038573829035848 -0.0038907140254066451 -0.038349098177371754
leaf_weight=10.476529596373441 7.7476218137890092 10.021924808621405 11.827292829751974 8.4429409913718683 8.0586261544376594 7.3750139288604251 8.2484323866665346
leaf_count=81 61 75 82 60 66 57 52
internal_value=0 -0.00271317 -0.0065935 -0.0144788 0.00208565 0.0133032 -0.0229365
internal_weight=0 64.4508 54.4288 28.5187 25.9102 15.4336 20.0757
internal_count=534 473 398 194 204 123 134
is_linear=0
shrinkage=0.05


Tree=189
num_leaves=8
num_cat=0
split_feature=27 21 24 13 7 24 11
split_gain=1.93281 2.58887 2.51991 2.15821 2.34325 1.67205 1.27794
threshold=0.11665308403797504 13.500000000000002 40.37660618460508 -0.053635137460648907 21.590943754373921 3.7177530556719254 0.85875000000000001
decision_type=10 2 10 2 2 10 2
left_child=2 -2 6 4 -3 -5 -1
right_child=1 3 -4 5 -6 -7 -8
leaf_value=-0.038348470961791843 -0.019778503289928015 0.048659576702374717 0.011227237101441431 -0.010845072544036697 0.0061952631181707348 0.015624714206666106 -0.009796256457419987
leaf_weight=8.1445352174341696 8.9304270539432746 6.2568910848349315 7.1346140652894965 12.972651891410353 6.7571463510394096 11.046128714457152 7.5535267461091271
leaf_count=52 56 67 51 90 56 87 53
internal_value=0 0.00438596 -0.0134117 0.0102132 0.0266113 0.00132826 -0.0246098
internal_weight=0 45.9632 22.8327 37.0328 13.014 24.0188 15.6981
internal_count=512 356 156 300 123 177 105
is_linear=0
shrinkage=0.05


Tree=190
num_leaves=6
num_cat=0
split_feature=25 7 20 20 7
split_gain=1.98597 1.58963 1.3285 1.9109 1.45502
threshold=52.831996072765499 14.242952835266889 0.56748245597746672 0.37077563401333374 26.092936496641091
decision_type=10 2 2 2 2
left_child=1 -1 3 4 -3
right_child=-2 2 -4 -5 -6
leaf_value=0.017156085621620312 0.023193535919628822 -0.011268680191321602 0.011398638563883694 -0.034398723173729578 0.01313241403527253
leaf_weight=7.0834336616098872 6.8459761831909409 33.464184431359172 7.6350138783454886 7.4155273493379346 7.4737152066081753
leaf_count=64 52 240 52 52 62
internal_value=0 -0.00516048 -0.00798388 -0.0110444 -0.00681396
internal_weight=0 63.0719 55.9884 48.3534 40.9379
internal_count=522 470 406 354 302
is_linear=0
shrinkage=0.05


Tree=191
num_leaves=8
num_cat=0
split_feature=26 9 17 11 23 9 13
split_gain=1.29931 1.38094 1.25562 1.84599 1.37605 3.32223 2.68319
threshold=-0.031280322841105872 -0.83228212356290487 0.60380342406226117 0.80375000000000008 12.486311580159262 -0.48690619280580072 0.12108933841917625
decision_type=10 2 2 2 2 2 2
left_child=1 -1 4 -4 5 -2 -7
right_child=2 -3 3 -5 -6 6 -8
leaf_value=-0.0088236182777331768 0.017816009387253324 0.019078146949841855 -0.010708999715894445 0.024540632250413447 -0.030172616220084825 -0.038012223895131987 3.2984197114939024e-05
leaf_weight=6.8794952519238022 9.58413267880678 12.477926950901745 7.7775878831744176 7.1090766862034798 7.5145854689180842 9.0069582294672781 9.5462478138506395
leaf_count=49 81 97 56 65 51 57 62
internal_value=0 0.00916205 -0.00607204 0.00612434 -0.0111647 -0.0060883 -0.0184367
internal_weight=0 19.3574 50.5386 14.8867 35.6519 28.1373 18.5532
internal_count=518 146 372 121 251 200 119
is_linear=0
shrinkage=0.05


Tree=192
num_leaves=7
num_cat=0
split_feature=7 10 6 27 17 25
split_gain=2.72685 1.84184 1.67066 4.23267 2.56144 2.23016
threshold=26.092936496641091 -1.1419318663337725 56.111097667887641 0.89071141099258189 0.49653786810238415 16.680590517480933
decision_type=2 2 2 8 2 8
left_child=1 -1 3 4 -3 -4
right_child=-2 2 5 -5 -6 -7
leaf_value=-0.028736783328625365 0.020983751035977622 4.5198110718061894e-06 -0.030814855526433867 -0.019141155334402863 0.036825039260347019 0.0040362789410472505
leaf_weight=7.6851342096924773 11.237269870936869 9.0056063719093853 9.6829498037695867 11.498824765905736 9.9329881574958545 8.727876979857685
leaf_count=50 92 72 57 74 97 62
internal_value=0 -0.00598362 -0.00240393 0.00478761 0.0193163 -0.0142933
internal_weight=0 56.5334 48.8482 30.4374 18.9386 18.4108
internal_count=504 412 362 243 169 119
is_linear=0
shrinkage=0.05


Tree=193
num_leaves=7
num_cat=0
split_feature=17 32 19 0 4 17
split_gain=1.38345 1.45343 1.66462 2.30052 3.36478 1.32041
threshold=0.40778482502899321 0.15721140305778783 0.073406074656262296 -0.10570095215292595 0.24311399786563234 0.50879794568022441
decision_type=2 2 2 2 2 2
left_child=-1 5 -3 -4 -5 -2
right_child=1 2 3 4 -6 -7
leaf_value=0.012646426767567663 -0.034173158141148782 0.017090704262925655 -0.024707009009084378 0.028532901190943212 -0.013650567593970032 -0.0066682167708081511
leaf_weight=12.351032285019754 7.1774959377944496 10.117090133950112 10.906993325799702 8.1238177642226272 11.306707289069889 11.129225965589283
leaf_count=90 44 86 74 58 80 90
internal_value=0 -0.00576242 -0.000472576 -0.00632966 0.00398616 -0.017452
internal_weight=0 58.7613 40.4546 30.3375 19.4305 18.3067
internal_count=522 432 298 212 138 134
is_linear=0
shrinkage=0.05


Tree=194
num_leaves=8
num_cat=0
split_feature=7 16 9 4 2 17 20
split_gain=1.7566 1.44027 1.30729 2.82427 2.3008 2.16668 1.94571
threshold=24.797615207191662 48.377721912862363 -1.0257535074977837 -2.2273869792801269 0.1938648210475675 0.51616596495586353 0.17865505733771594
decision_type=2 2 2 2 2 2 2
left_child=2 -2 6 -4 -5 -6 -1
right_child=1 -3 3 4 5 -7 -8
leaf_value=-0.033119713197750304 -0.00078236933744309895 0.03131293277304547 -0.023879766815403169 0.032954288785546827 -0.015377557802496299 0.016864122011748941 0.0014915983216280885
leaf_weight=7.6660355217754867 6.3651507571339589 7.7530673388391733 8.071844242513178 7.7095325812697437 10.267115171998741 10.58052036911249 8.6335109658539277
leaf_count=55 46 73 56 73 62 81 60
internal_value=0 0.0168429 -0.00300712 0.00223474 0.00961616 0.000985629 -0.0147869
internal_weight=0 14.1182 52.9286 36.629 28.5572 20.8476 16.2995
internal_count=506 119 387 272 216 143 115
is_linear=0
shrinkage=0.05


Tree=195
num_leaves=8
num_cat=0
split_feature=11 10 7 10 3 25 0
split_gain=2.11588 3.56795 2.00172 2.57814 3.08933 1.76596 1.65302
threshold=0.87208333333333343 0.72699462367225987 15.630396874749321 0.24849558346045239 -0.76825986320119111 10.871471167472146 0.090522577265420637
decision_type=2 2 2 2 2 8 2
left_child=2 6 -1 4 -4 -5 -2
right_child=1 -3 3 5 -6 -7 -8
leaf_value=-0.02839223791275057 0.0088146134165152726 -0.02167645376516511 0.0048990603997960706 -0.0058947362020874555 -0.033072725632839993 0.028513032961783414 0.040491555779801298
leaf_weight=9.4416787028312665 9.3676537405699545 6.197124443948268 10.925922796130179 6.7016597762703878 10.508271155878903 8.4074617698788625 7.3496736343950024
leaf_count=68 89 44 81 43 72 65 61
internal_value=0 0.0107286 -0.00786916 -0.00256662 -0.0137169 0.0132514 0.0227412
internal_weight=0 22.9145 45.985 36.5433 21.4342 15.1091 16.7173
internal_count=523 194 329 261 153 108 150
is_linear=0
shrinkage=0.05


Tree=196
num_leaves=7
num_cat=0
split_feature=27 17 17 18 30 22
split_gain=1.50155 2.507 2.06569 1.29418 1.41167 1.92337
threshold=0.94132217558951614 0.5689505697867584 0.40661684584475183 2.5000000000000004 4.5000000000000009 2.5000000000000004
decision_type=8 2 2 2 2 2
left_child=2 -2 -1 4 -4 -6
right_child=1 -3 3 -5 5 -7
leaf_value=0.021885313284311619 -0.0010429717344424098 0.03843249126243236 0.0044473127318818044 0.010460394629337566 -0.0062274521376540909 -0.035660585078040506
leaf_weight=7.1951648145914069 10.183450762182476 6.6473869252949944 9.5664063356816751 8.2857078686356527 13.391687102615835 9.4794522523879987
leaf_count=65 68 57 73 63 105 60
internal_value=0 0.014548 -0.00281215 -0.00717581 -0.0116807 -0.0184267
internal_weight=0 16.8308 47.9184 40.7233 32.4375 22.8711
internal_count=491 125 366 301 238 165
is_linear=0
shrinkage=0.05


Tree=197
num_leaves=7
num_cat=0
split_feature=32 3 25 24 10 0
split_gain=1.28786 1.93876 2.04726 3.39718 3.08454 1.71108
threshold=0.050893886654812752 -2.1336587774561302 -4.3201018074152238 19.304308670267108 0.27362599818427319 0.26367546410041015
decision_type=2 2 8 10 2 2
left_child=-1 -2 -3 4 -4 -5
right_child=1 2 3 5 -6 -7
leaf_value=-0.020852808574294241 -0.024428211394620127 0.029120313528700221 -0.0046417183694908897 0.00066712824418512927 0.026931625298851354 -0.031590316436481414
leaf_weight=6.9416402988135806 6.2908839285373679 7.5164367444813251 15.782471083104612 7.4288725927472141 15.171688593924044 9.2048366107046586
leaf_count=46 41 57 134 58 122 53
internal_value=0 0.00186853 0.00487065 0.00104045 0.0108335 -0.0171836
internal_weight=0 61.3952 55.1043 47.5879 30.9542 16.6337
internal_count=511 465 424 367 256 111
is_linear=0
shrinkage=0.05


Tree=198
num_leaves=8
num_cat=0
split_feature=20 32 24 24 10 9 32
split_gain=1.67951 1.78539 1.57046 2.32376 1.92471 2.97676 1.23328
threshold=1.0000000180025095e-35 0.51909030629280839 9.0965574842147969 19.304308670267108 0.24849558346045239 -1.035151765208097 0.30044145536340588
decision_type=2 2 10 10 2 2 2
left_child=-1 2 4 -4 5 -2 -5
right_child=1 -3 3 6 -6 -7 -8
leaf_value=0.025833475486716481 0.0033778510622088087 -0.026399360113924342 0.030913422224393024 -0.008568408844162748 0.0093594701442776453 -0.04041978939915989 0.015510493854092231
leaf_weight=6.0571324415504924 7.5717753525823355 6.570544419810175 8.5065730717033166 14.43653228133917 9.6633339654654247 7.9559610821306723 8.4188590310513955
leaf_count=52 54 41 84 103 76 57 60
internal_value=0 -0.00172941 0.00113684 0.00860437 -0.00815997 -0.0190628 0.000301135
internal_weight=0 63.1236 56.553 31.362 25.1911 15.5277 22.8554
internal_count=527 475 434 247 187 111 163
is_linear=0
shrinkage=0.05


Tree=199
num_leaves=7
num_cat=0
split_feature=4 4 15 22 2 0
split_gain=1.92389 2.10269 2.30691 2.12563 1.79813 2.57846
threshold=3.1347615756999367 1.046189192764494 0.83031474153164753 3.5000000000000004 -0.65994439974855401 0.38781485732550364
decision_type=2 2 2 2 2 2
left_child=1 3 -3 4 -1 -6
right_child=-2 2 -4 -5 5 -7
leaf_value=0.021270959702412343 -0.019201971682174811 -0.0017901402621493647 0.039255316935627539 -0.025011616726786229 -0.024488479360581714 0.010520650058758131
leaf_weight=9.7033723928034252 11.591957058757542 6.4156884811818582 7.339395017363131 8.337878078222273 9.2934835162013858 12.116392707452176
leaf_count=82 85 41 78 59 72 84
internal_value=0 0.00327726 0.0201108 -0.00259193 0.0034162 -0.00467592
internal_weight=0 53.2062 13.7551 39.4511 31.1132 21.4099
internal_count=501 416 119 297 238 156
is_linear=0
shrinkage=0.05


end of trees

feature_importances:
chan_z=70
body_ratio_3=70
pd_high_d_atr=67
gap_atr=65
adx14=63
meta_pierce_atr=61
vwap_z=57
ema200_d_atr=56
upper_wick_atr=56
atr_pctl=54
5m_stretch=54
round100_d_atr=54
lower_wick_atr=49
15m_rsi=48
pd_range_pos=45
utc_hour=43
ema5_d_atr=40
15m_stretch=38
pd_low_d_atr=38
5m_rsi=37
rsi14=35
range_atr_5=34
ema10_d_atr=33
day_pos_atr=31
ema20_d_atr=28
ema50_d_atr=24
dow=21
consec_dir=14
meta_touches=13
is_buy=7
adx_bucket=6
ema_stack=3

parameters:
[boosting: gbdt]
[objective: binary]
[metric: binary_logloss]
[tree_learner: serial]
[device_type: cpu]
[data_sample_strategy: bagging]
[data: ]
[valid: ]
[num_iterations: 200]
[learning_rate: 0.05]
[num_leaves: 31]
[num_threads: 0]
[seed: 20260704]
[deterministic: 0]
[force_col_wise: 0]
[force_row_wise: 0]
[histogram_pool_size: -1]
[max_depth: 5]
[min_data_in_leaf: 50]
[min_sum_hessian_in_leaf: 0.001]
[bagging_fraction: 0.8]
[pos_bagging_fraction: 1]
[neg_bagging_fraction: 1]
[bagging_freq: 1]
[bagging_seed: 25476]
[feature_fraction: 0.7]
[feature_fraction_bynode: 1]
[feature_fraction_seed: 8260]
[extra_trees: 0]
[extra_seed: 11519]
[early_stopping_round: 0]
[first_metric_only: 0]
[max_delta_step: 0]
[lambda_l1: 0]
[lambda_l2: 0]
[linear_lambda: 0]
[min_gain_to_split: 0]
[drop_rate: 0.1]
[max_drop: 50]
[skip_drop: 0.5]
[xgboost_dart_mode: 0]
[uniform_drop: 0]
[drop_seed: 30751]
[top_rate: 0.2]
[other_rate: 0.1]
[min_data_per_group: 100]
[max_cat_threshold: 32]
[cat_l2: 10]
[cat_smooth: 10]
[max_cat_to_onehot: 4]
[top_k: 20]
[monotone_constraints: ]
[monotone_constraints_method: basic]
[monotone_penalty: 0]
[feature_contri: ]
[forcedsplits_filename: ]
[refit_decay_rate: 0.9]
[cegb_tradeoff: 1]
[cegb_penalty_split: 0]
[cegb_penalty_feature_lazy: ]
[cegb_penalty_feature_coupled: ]
[path_smooth: 0]
[interaction_constraints: ]
[verbosity: -1]
[saved_feature_importance_type: 0]
[use_quantized_grad: 0]
[num_grad_quant_bins: 4]
[quant_train_renew_leaf: 0]
[stochastic_rounding: 1]
[linear_tree: 0]
[max_bin: 255]
[max_bin_by_feature: ]
[min_data_in_bin: 3]
[bin_construct_sample_cnt: 200000]
[data_random_seed: 4380]
[is_enable_sparse: 1]
[enable_bundle: 1]
[use_missing: 1]
[zero_as_missing: 0]
[feature_pre_filter: 1]
[pre_partition: 0]
[two_round: 0]
[header: 0]
[label_column: ]
[weight_column: ]
[group_column: ]
[ignore_column: ]
[categorical_feature: ]
[forcedbins_filename: ]
[precise_float_parser: 0]
[parser_config_file: ]
[objective_seed: 6566]
[num_class: 1]
[is_unbalance: 0]
[scale_pos_weight: 1]
[sigmoid: 1]
[boost_from_average: 1]
[reg_sqrt: 0]
[alpha: 0.9]
[fair_c: 1]
[poisson_max_delta_step: 0.7]
[tweedie_variance_power: 1.5]
[lambdarank_truncation_level: 30]
[lambdarank_norm: 1]
[label_gain: ]
[lambdarank_position_bias_regularization: 0]
[eval_at: ]
[multi_error_top_k: 1]
[auc_mu_weights: ]
[num_machines: 1]
[local_listen_port: 12400]
[time_out: 120]
[machine_list_filename: ]
[machines: ]
[gpu_platform_id: -1]
[gpu_device_id: -1]
[gpu_use_dp: 0]
[num_gpu: 1]

end of parameters

pandas_categorical:[]
