tree
version=v4
num_class=1
num_tree_per_iteration=1
label_index=0
max_feature_idx=36
objective=binary sigmoid:1
feature_names=ema5_d_atr ema10_d_atr ema20_d_atr ema50_d_atr ema200_d_atr ema_stack rsi14 adx14 adx_bucket chan_z vwap_z atr_pctl range_atr_5 5m_stretch 5m_rsi 15m_stretch 15m_rsi body_ratio_3 consec_dir upper_wick_atr lower_wick_atr utc_hour dow day_pos_atr pd_high_d_atr pd_low_d_atr gap_atr pd_range_pos round100_d_atr meta_z meta_touches meta_dist_atr meta_pierce_atr meta_kind meta_or_width meta_stretch is_buy
feature_infos=[-6.2971423306198986:5.5209199736068468] [-7.7599545110705801:6.8084716149782585] [-8.673009910751496:7.5561954883123317] [-9.1616568382747463:8.8196734402724015] [-12.752776777392024:17.135138646709837] [-3:3] [5.951804005217241:93.281007892960432] [8.1424441416880668:72.196056865073217] [0:3] [-6.6139235682561788:6.643984954853881] [-6.9270250808284572:7.1191402881824635] [0.25666666666666665:1] [1.0906275849488338:10.581012915053122] [-9.4892939479597356:10.384167188544941] [13.023126849266674:91.033195708813636] [-8.9841848416910643:9.5282938910215442] [12.045600442625457:89.263331667229806] [0.081576414063486577:0.91012035708238648] [-10:11] [0:2.1676472314379378] [0:3.0393310671450195] [13:19] [0:4] [-50.975191037382402:71.603537508828438] [-56.356016499598084:98.057377395690054] [-62.177172652386197:128.42885008897463] [-38.448493807488312:27.510773600713087] [-3.3854765904732704:2.1550182102546196] [0.0019987583846306804:12.098480074909631] [-6.9270250808284572:7.1191402881824635] none none none none none none [0:1]
tree_sizes=1038 963 1172 965 1073 862 962 861 1074 1068 1176 1070 1162 969 1174 758 1171 967 966 1068 1073 761 963 864 1072 961 876 1171 1071 868 763 1174 759 974 1077 1072 860 1182 972 1172 1186 1181 863 868 1072 1182 1069 1073 764 763 1076 973 973 853 1070 1178 1170 1083 969 1068 1073 1077 968 762 1064 1175 1077 873 966 962 1172 1073 1173 858 1077 1067 1172 867 761 1176 767 1068 1288 1074 963 755 969 1280 966 863 868 978 1176 1074 767 1082 760 1066 1068 869 1072 976 966 1076 1179 767 1067 966 1175 970 867 865 964 866 1077 968 1076 969 869 1283 1073 863 968 875 871 1278 859 1180 867 1182 763 867 972 1072 1181 968 1181 1070 761 764 965 971 968 1176 1070 1277 1188 1067 962 1081 1071 1067 1073 970 1062 1087 867 973 762 1185 869 1074 870 965 870 1077 1087 970 967 1073 1176 1075 1083 765 767 1178 1076 973 760 764 871 968 1077 1178 1281 864 970 1073 1071 762 757 1080 1077 866 1295 1177 971 1071 1077 1081

Tree=0
num_leaves=9
num_cat=0
split_feature=11 12 13 14 13 28 26 26
split_gain=16.3268 15.6343 6.42352 11.3063 10.471 7.53799 6.21385 3.61726
threshold=0.66291666666666671 2.6397072930561514 1.8425376627039241 60.894073510868942 -3.6278383678898343 0.71851959203740667 -0.015154633026426598 0.0036598218187008417
decision_type=2 2 2 2 2 2 10 10
left_child=1 -1 4 -4 -2 -6 -5 -7
right_child=2 -3 3 6 5 7 -8 -9
leaf_value=1.2079848536038409 1.2759631463893939 1.3025180709754098 1.2409615573381092 1.2728390376145684 1.2959227302285563 1.3540658657600291 1.3269596278608087 1.3200210906497523
leaf_weight=9.0973314642906207 12.803651690483091 8.4234550595283491 9.0973314642906207 8.4234550595283544 13.645997196435927 19.20547753572464 14.319873601198193 13.140589892864226
leaf_count=54 76 50 54 50 81 114 85 78
internal_value=1.29823 1.25343 1.30616 1.28807 1.31595 1.32709 1.30691 1.34024
internal_weight=0 17.5208 90.6364 31.8407 58.7957 45.9921 22.7433 32.3461
internal_count=642 104 538 189 349 273 135 192
is_linear=0
shrinkage=1


Tree=1
num_leaves=8
num_cat=0
split_feature=11 12 7 13 13 24 12
split_gain=14.9303 8.36777 7.0152 6.04871 8.08723 6.46037 5.20265
threshold=0.66291666666666671 2.6397072930561514 15.217033590713628 -4.2751628656661325 1.339751102109163 14.202057999103527 2.9388243608809721
decision_type=2 2 2 2 2 10 2
left_child=1 -1 -2 -4 6 -6 -5
right_child=2 -3 3 4 5 -7 -8
leaf_value=-0.076198377329862649 -0.03154688519018236 -0.0078124094646478438 -0.026625811388929933 0.048665224985648133 0.016426677064923744 -0.030072566110552687 0.011466586834413001
leaf_weight=9.5650851130485552 11.045936971902846 8.4028042852878553 9.3835645169019681 20.542029857635498 18.003581702709202 12.766675561666487 17.329084023833275
leaf_count=54 66 50 55 124 107 75 104
internal_value=0 -0.0442172 0.005747 0.0110267 0.0161739 -0.002866 0.0316439
internal_weight=0 17.9679 89.0709 78.0249 68.6414 30.7703 37.8711
internal_count=635 104 531 465 410 182 228
is_linear=0
shrinkage=0.05


Tree=2
num_leaves=10
num_cat=0
split_feature=11 7 13 13 16 19 2 16 24
split_gain=11.6084 7.53478 12.4606 7.3119 6.2847 5.86804 5.26526 4.78467 3.14548
threshold=0.89791666666666681 20.986506180524504 2.0934699147053286 -1.7731407328760271 49.640081225727329 0.044125917354619397 1.9264178289101801 37.95711395866072 10.886981750194698
decision_type=2 2 2 2 2 2 2 2 10
left_child=1 2 3 -1 7 -2 -6 -3 -7
right_child=5 4 -4 -5 6 8 -8 -9 -10
leaf_value=-0.044023307105150566 -0.013484976763971474 0.0050488672491227063 -0.070902108023841642 0.014084088040334036 0.036577691182169469 0.054344151550153846 -0.012863945540537472 -0.047898253024261199 0.018357180651439708
leaf_weight=8.805024266242981 8.4224323779344541 8.5412824153900164 12.182778745889662 14.056911379098892 14.771979227662088 11.242904186248781 8.4738546758890134 8.5261167436838132 13.202472239732741
leaf_count=52 50 51 70 83 88 68 50 51 78
internal_value=0 -0.0131025 -0.0300597 -0.00829534 0.00163855 0.0225074 0.0185546 -0.0214012 0.0349083
internal_weight=0 75.3579 35.0447 22.8619 40.3132 32.8678 23.2458 17.0674 24.4454
internal_count=641 445 205 135 240 196 138 102 146
is_linear=0
shrinkage=0.05


Tree=3
num_leaves=8
num_cat=0
split_feature=11 11 28 13 0 13 13
split_gain=10.0222 9.22794 10.2688 8.81774 7.65377 3.31111 5.12069
threshold=0.89791666666666681 0.86566927683460293 3.9309520567340277 2.3842012549149305 -0.85362662121530375 -3.3599350805701511 1.6295786750708088
decision_type=2 2 2 2 2 2 2
left_child=1 2 3 4 -1 -2 -7
right_child=5 -3 -4 -5 -6 6 -8
leaf_value=-0.012003260383379606 -0.0052575778968058815 -0.060863442403105865 -0.04295628798071064 -0.028736782149441989 0.033668986450487985 0.051548200104097053 0.0058554842711209271
leaf_weight=14.516155987977973 8.6740475744009 8.4276823550462705 14.378267675638197 14.503993287682531 24.920827478170402 13.406526759266855 11.299597427248953
leaf_count=86 51 50 82 84 148 83 68
internal_value=0 -0.0114995 -0.00541015 0.00459798 0.0168577 0.0213193 0.0306502
internal_weight=0 76.7469 68.3192 53.941 39.437 33.3802 24.7061
internal_count=652 450 400 318 234 202 151
is_linear=0
shrinkage=0.05


Tree=4
num_leaves=9
num_cat=0
split_feature=11 26 13 18 18 13 16 15
split_gain=9.67964 7.34513 7.94391 7.31469 8.07182 5.215 4.3575 2.8602
threshold=0.89791666666666681 -0.082320156361531241 -2.541217128231541 1.0000000180025095e-35 2.5000000000000004 -1.2488527570101939 37.834892476002366 1.0407214836072103
decision_type=2 10 2 2 2 2 2 2
left_child=1 -1 -3 5 -5 -4 -2 -8
right_child=6 2 3 4 -6 -7 7 -9
leaf_value=0.024777254435570648 -0.0033308796302130351 -0.050988105628267881 -0.012304976793382279 -0.042727787657172701 0.0070533002947357759 0.040307063887249923 0.057149728998531081 0.019719686788205772
leaf_weight=12.742032632231711 10.481528759002687 13.4422200769186 8.5097100287675875 19.541383370757103 13.960268571972845 10.54851959645748 9.1347114592790621 11.566222578287123
leaf_count=75 63 78 50 112 81 62 57 71
internal_value=0 -0.00997797 -0.0166876 -0.00791528 -0.0219838 0.0168152 0.0229365 0.0362365
internal_weight=0 78.7441 66.0021 52.5599 33.5017 19.0582 31.1825 20.7009
internal_count=649 458 383 305 193 112 191 128
is_linear=0
shrinkage=0.05


Tree=5
num_leaves=7
num_cat=0
split_feature=11 7 13 10 4 26
split_gain=11.9857 6.92372 5.55984 5.99383 6.86105 3.76347
threshold=0.65958333333333352 14.900856070593667 -4.1770979971367455 -1.5594362013844327 5.0553114046078838 -0.016599103495936501
decision_type=2 2 2 2 2 10
left_child=-1 -2 -3 5 -5 -4
right_child=1 2 3 4 -6 -7
leaf_value=-0.038340369050882506 -0.029072994893296868 -0.025123078224544172 0.05786315291481775 -0.0082983628043722321 0.034593613812186418 0.019370852179617249
leaf_weight=17.760930359363556 11.797141730785368 8.9142355471849424 11.084678649902346 29.24723394215107 13.686507239937781 14.867003858089445
leaf_count=98 69 51 70 176 81 91
internal_value=0 0.0066209 0.0120333 0.0168416 0.00537483 0.035812
internal_weight=0 89.5968 77.7997 68.8854 42.9337 25.9517
internal_count=636 538 469 418 257 161
is_linear=0
shrinkage=0.05


Tree=6
num_leaves=8
num_cat=0
split_feature=4 14 3 11 4 1 4
split_gain=6.88812 19.7496 7.12127 7.51739 6.93588 4.07279 2.51748
threshold=-4.3339247001180548 41.656673498030074 -2.2449700881800196 0.89958333333333351 5.3532753538094626 -1.3374180885829088 2.3866593541060848
decision_type=2 2 2 2 2 2 2
left_child=5 -2 -3 4 -4 -1 -5
right_child=1 2 3 6 -6 -7 -8
leaf_value=0.054148402935117912 -0.065833539106861488 0.050893913876990472 -0.019287458674913556 0.012329115065849411 0.022119815155320872 0.010946355519426763 0.050498515819897651
leaf_weight=9.8187203258276003 10.378144934773443 8.4804285764694196 35.776950612664223 8.9936817735433596 14.098450452089308 12.275994062423704 8.3127696961164457
leaf_count=57 61 53 207 57 81 73 52
internal_value=0 -0.00115239 0.00771953 0.00226959 -0.00758272 0.030145 0.0306629
internal_weight=0 86.0404 75.6623 67.1819 49.8754 22.0947 17.3065
internal_count=641 511 450 397 288 130 109
is_linear=0
shrinkage=0.05


Tree=7
num_leaves=7
num_cat=0
split_feature=11 4 4 14 18 1
split_gain=12.2912 5.80594 5.99077 8.90234 7.65474 3.0398
threshold=0.61791666666666678 5.1276201785558575 -4.3339247001180548 41.463458115922911 1.5000000000000002 -1.1388490931554032
decision_type=2 2 2 2 2 2
left_child=-1 2 5 -4 -5 -2
right_child=1 -3 3 4 -6 -7
leaf_value=-0.043314724656433351 0.047335658506131563 0.034950375441931379 -0.048349078611218232 0.020468689485471273 -0.018463898100603941 0.0060890474405914862
leaf_weight=13.666863158345221 9.199226990342142 15.917252853512762 10.153092220425604 28.008919268846512 22.987070515751839 8.6833672076463682
leaf_count=74 55 97 58 171 135 52
internal_value=0 0.00739999 0.00185125 -0.00559318 0.00291935 0.0273073
internal_weight=0 94.9489 79.0317 61.1491 50.996 17.8826
internal_count=642 568 471 364 306 107
is_linear=0
shrinkage=0.05


Tree=8
num_leaves=9
num_cat=0
split_feature=11 28 11 11 7 26 11 17
split_gain=11.9892 9.58885 5.3864 9.44149 8.06766 9.60953 4.58262 3.72194
threshold=0.71125000000000005 2.1044738412320867 0.89791666666666681 0.80208333333333337 20.917486947331945 -0.010258939139282885 0.76708333333333345 0.52331741855251723
decision_type=2 2 2 2 2 10 2 2
left_child=1 -1 3 6 -5 -6 -2 -4
right_child=2 -3 7 4 5 -7 -8 -9
leaf_value=0.0068829616431877799 0.0059727246179197748 -0.056120259334036637 0.043081745859475308 -0.053434971593162406 0.039516964424673284 -0.035815716122031202 0.051875124585053639 0.0085892580562204873
leaf_weight=10.276493921875955 14.719669461250307 14.64670157432556 15.588611736893656 11.024265423417093 8.393854036927225 8.540466904640196 8.6222709119319898 15.695581212639807
leaf_count=58 88 79 99 64 51 51 52 98
internal_value=0 -0.0301424 0.00942464 -0.000547104 -0.0201464 0.00152452 0.0229286 0.0257765
internal_weight=0 24.9232 82.5847 51.3005 27.9586 16.9343 23.3419 31.2842
internal_count=640 137 503 306 166 102 140 197
is_linear=0
shrinkage=0.05


Tree=9
num_leaves=9
num_cat=0
split_feature=4 13 13 4 15 11 0 26
split_gain=10.1934 26.1353 8.47501 20.669 9.23568 5.80081 2.99181 2.70304
threshold=-4.3339247001180548 -2.541217128231541 1.2847594721407158 1.899518541307669 -0.97223469085096614 0.74875000000000014 -0.54913574056881398 -0.020611067730360959
decision_type=2 2 2 2 2 2 2 10
left_child=6 -2 4 -4 -3 -5 -1 -6
right_child=1 2 3 5 7 -7 -8 -9
leaf_value=0.049730768936371905 -0.084888832884739848 -0.015069516207809417 -0.075308832390864514 -0.016246624104811615 0.06227014952752883 0.024516868765249094 0.010256122831019225 0.026446232417421268
leaf_weight=11.215297535061838 9.6037372946739179 11.427027493715284 9.9513141065835935 15.794568106532095 8.5612238198518753 19.505187854170799 8.3912821859121305 13.67866338789463
leaf_count=69 53 69 56 87 55 121 50 85
internal_value=0 -0.00700863 0.00246881 -0.0116643 0.0214649 0.0062776 0.0328363 0.0402366
internal_weight=0 88.5217 78.918 45.2511 33.6669 35.2998 19.6066 22.2399
internal_count=645 526 473 264 209 208 119 140
is_linear=0
shrinkage=0.05


Tree=10
num_leaves=10
num_cat=0
split_feature=4 15 7 11 7 21 10 10 10
split_gain=8.77595 7.09256 7.9518 6.73238 7.84146 6.16746 4.63003 3.57797 2.77287
threshold=-4.3339247001180548 -0.97223469085096614 20.619526721989448 0.89000000000000012 21.033261572310398 14.500000000000002 1.8002711500970106 1.5687019313184314 -2.2572919901317889
decision_type=2 2 2 2 2 2 2 2 2
left_child=8 2 -2 4 5 -3 -5 -6 -1
right_child=1 3 -4 6 7 -7 -8 -9 -10
leaf_value=0.056646985882162895 0.0008875155053704695 -0.056442441088417145 -0.061916087889593366 0.056298501894480414 0.043940816998122988 -0.0053856538697269127 0.0040254600226533911 0.0033198490946453568 0.018541743700422452
leaf_weight=8.3156194090843218 10.868794322013857 8.8779187053442019 9.3981829583644849 9.3492282181978243 8.1139898151159304 17.721449390053749 7.7456810772418967 16.333095714449883 11.210265532135962
leaf_count=52 62 47 53 62 52 101 50 95 69
internal_value=0 -0.00226788 -0.0282357 0.00545562 -0.00363932 -0.0224266 0.0326137 0.016802 0.0347699
internal_weight=0 88.4083 20.267 68.1414 51.0465 26.5994 17.0949 24.4471 19.5259
internal_count=643 522 115 407 295 148 112 147 121
is_linear=0
shrinkage=0.05


Tree=11
num_leaves=9
num_cat=0
split_feature=4 13 0 23 13 19 13 23
split_gain=6.83833 14.7509 9.37866 7.71953 8.63864 3.59359 3.12967 1.53291
threshold=-4.3339247001180548 -1.9603598606561421 0.39055448463238235 -4.7276345920475826 2.1975371580081959 0.23849989196686414 -3.6278383678898343 0.43493814084696836
decision_type=2 2 2 2 2 2 2 2
left_child=6 -2 5 -4 -5 7 -1 -3
right_child=1 2 3 4 -6 -7 -8 -9
leaf_value=0.010331356955092907 -0.050339746690416 0.056579508154463401 -0.048233638376319617 0.033698187042986667 -0.017141697878292023 0.0029488557051065272 0.050372032734770193 0.027204765234052936
leaf_weight=11.427556216716768 14.910036608576773 8.0826182961463982 10.118183776736258 13.054179593920706 23.214376047253609 9.9301381558179838 8.5176955461502057 9.8582378476858121
leaf_count=71 81 51 57 77 136 62 55 63
internal_value=0 -0.00495529 0.00415735 -0.00961629 0.00115716 0.0270814 0.0274309 0.0404385
internal_weight=0 89.1678 74.2577 46.3867 36.2686 27.871 19.9453 17.9409
internal_count=653 527 446 270 213 176 126 114
is_linear=0
shrinkage=0.05


Tree=12
num_leaves=10
num_cat=0
split_feature=25 21 13 4 13 3 1 6 11
split_gain=8.69512 8.12152 4.78266 13.8235 7.64541 7.1146 5.77379 2.25042 1.63542
threshold=38.380246687871995 14.500000000000002 -1.7731407328760271 -4.3339247001180548 1.3342476209549499 2.1433574423872233 1.3829565483840967 32.303532770812524 0.8254166666666668
decision_type=10 2 2 2 2 2 2 2 2
left_child=2 -2 3 7 8 -6 -7 -1 -4
right_child=1 -3 4 -5 5 6 -8 -9 -10
leaf_value=0.034678673719246315 -0.057489963432363046 -0.0018071208814452869 0.052264364698272885 -0.051180439558176 -0.039270053467560788 -0.017089233755343287 0.034284611925429927 -0.001893984650582165 0.023886042074693345
leaf_weight=9.1388333290815407 12.700969964265825 13.51805543899536 9.6593492627143878 12.688664644956587 9.0912349969148654 9.301923334598543 13.273108989000319 7.7929641008377066 10.701398879289625
leaf_count=59 66 79 61 69 52 57 78 50 73
internal_value=0 -0.0287809 0.0043148 -0.0117233 0.0134457 -0.00192358 0.0131163 0.0178459 0.037349
internal_weight=0 26.219 81.6475 29.6205 52.027 31.6663 22.575 16.9318 20.3607
internal_count=644 145 499 178 321 187 135 109 134
is_linear=0
shrinkage=0.05


Tree=13
num_leaves=8
num_cat=0
split_feature=7 26 26 11 11 19 13
split_gain=9.92694 5.74806 7.25432 4.38901 6.18487 5.23596 3.1108
threshold=14.771793916208193 0.02412005293179887 0.23841308242176765 0.72958333333333336 0.79208333333333336 0.13530882221757648 1.1302072472641236
decision_type=2 10 8 2 2 2 2
left_child=-1 3 -3 6 -5 -6 -2
right_child=1 2 -4 4 5 -7 -8
leaf_value=-0.036386417429430017 0.016326957474075188 -0.039589845561340105 0.014612876133137338 0.057959158575695828 0.035333258702718362 -0.00032221628251866971 -0.024942249717311928
leaf_weight=13.59973584115505 9.0123749524354952 11.902854442596434 12.823309794068338 10.61591389775276 18.261409252882004 23.606390208005905 9.2558722496032697
leaf_count=75 51 69 74 67 117 148 50
internal_value=0 0.00927284 -0.0114796 0.0165253 0.0238725 0.0152296 -0.00458268
internal_weight=0 95.4781 24.7262 70.752 52.4837 41.8678 18.2682
internal_count=651 576 143 433 332 265 101
is_linear=0
shrinkage=0.05


Tree=14
num_leaves=10
num_cat=0
split_feature=7 11 11 11 12 19 12 12 25
split_gain=10.0249 7.08217 4.67769 6.5059 4.32821 3.78692 3.18121 2.53688 1.24904
threshold=14.771793916208193 0.90202231956612444 0.78625000000000012 0.72958333333333336 2.4185816232624577 0.09283193481386158 3.2269967241812365 3.1739836948474847 11.933037372898943
decision_type=2 2 2 2 2 2 2 2 8
left_child=-1 2 3 5 -4 -2 8 -6 -3
right_child=1 6 4 -5 7 -7 -8 -9 -10
leaf_value=-0.039388934601573805 -0.031193793382581037 0.055811756172486807 -0.041693413815419952 0.040131320202408116 0.015268629336343254 0.0085835599390433389 0.006564333707281076 -0.022281451813963547 0.027178894953216466
leaf_weight=14.546984151005743 9.1536606848239916 7.9384261965751666 11.774648576974871 11.303847774863241 9.391813702881338 17.276916339993477 10.750731028616427 8.6321791559457761 7.3216824904084206
leaf_count=79 50 52 70 73 59 96 70 51 50
internal_value=0 0.0052292 -0.00330896 0.00838487 -0.018117 -0.00519247 0.0273972 -0.00271512 0.0420739
internal_weight=0 93.5439 67.5331 37.7344 29.7986 26.4306 26.0108 18.024 15.2601
internal_count=650 571 399 219 180 146 172 110 102
is_linear=0
shrinkage=0.05


Tree=15
num_leaves=6
num_cat=0
split_feature=7 27 14 4 24
split_gain=7.28676 4.85083 4.53451 6.49594 6.93391
threshold=14.771793916208193 1.1491735645365755 32.277629712944446 -3.3734059284056737 21.789267947147543
decision_type=2 10 2 2 10
left_child=-1 2 -2 -4 -5
right_child=1 -3 3 4 -6
leaf_value=-0.036893419791857139 -0.02369178102489666 -0.027067960202291866 0.045799232394270695 0.018101425029018507 -0.018073801929166682
leaf_weight=13.367085710167883 10.369247823953627 11.93668446689844 11.652372598648062 36.10750441253186 20.921597070991993
leaf_count=71 65 70 75 223 121
internal_value=0 0.00264176 0.00712793 0.011781 0.00483024
internal_weight=0 90.9874 79.0507 68.6815 57.0291
internal_count=625 554 484 419 344
is_linear=0
shrinkage=0.05


Tree=16
num_leaves=10
num_cat=0
split_feature=18 20 15 23 25 15 12 23 20
split_gain=5.4956 7.70994 7.21005 4.7474 6.18432 4.6775 3.36008 4.06121 4.05458
threshold=1.0000000180025095e-35 0.1682393255697093 0.27152291322996397 -4.0299810200005064 29.047674615596218 -3.5530409159407563 2.062667792015151 7.6855175680471994 0.24373753729477535
decision_type=2 2 2 2 10 2 2 2 2
left_child=5 3 -3 -2 -5 -1 -7 8 -8
right_child=1 2 -4 4 -6 6 7 -9 -10
leaf_value=-0.013913659990177124 -0.019169167960754574 0.011435949298103796 -0.044949238426950956 0.049635540791448489 -0.0027154446172899314 0.052077047650848855 0.011490232360765927 -0.012388061685168894 0.056411355412826318
leaf_weight=9.7227842807769758 9.4606830030679685 8.4824353381991404 17.09682209789753 11.098101988434793 11.473489657044409 8.7794748693704587 13.254083871841436 8.4794677644968015 8.0889047458767873
leaf_count=61 54 51 97 69 63 55 82 51 53
internal_value=0 -0.0057824 -0.0262511 0.0105628 0.0230247 0.017082 0.024889 0.0168851 0.0285152
internal_weight=0 57.6115 25.5793 32.0323 22.5716 48.3247 38.6019 29.8225 21.343
internal_count=636 334 148 186 132 302 241 186 135
is_linear=0
shrinkage=0.05


Tree=17
num_leaves=8
num_cat=0
split_feature=24 11 4 13 15 15 2
split_gain=9.32057 6.24984 7.01992 8.63643 7.57306 6.37143 1.26057
threshold=-8.8259954343003013 0.89791666666666681 5.3532753538094626 2.0934699147053286 -0.62024316561493176 -2.2483902377539362 1.4463037589565366
decision_type=8 2 2 2 2 2 2
left_child=-1 2 3 4 -2 -3 -7
right_child=1 5 -4 -5 -6 6 -8
leaf_value=-0.04328175478590271 -0.015041906160304264 -0.0036935446860114347 0.034041468641511356 -0.04588700130088378 0.026990834789326009 0.06065506338279493 0.033097733269692266
leaf_weight=10.398706197738646 27.242042511701577 10.46236599981785 11.576907038688658 12.239826008677481 17.664796158671386 7.8546568602323559 8.7982183247804624
leaf_count=57 158 66 69 64 109 56 59
internal_value=0 0.0065573 -0.00146294 -0.00865551 0.00149232 0.0268846 0.0460957
internal_weight=0 95.8388 68.7236 57.1467 44.9068 27.1152 16.6529
internal_count=638 581 400 331 267 181 115
is_linear=0
shrinkage=0.05


Tree=18
num_leaves=8
num_cat=0
split_feature=13 11 13 4 13 11 13
split_gain=6.53888 7.64827 7.84517 12.5976 7.46802 6.62433 5.41342
threshold=-3.6376456061778804 0.89791666666666681 2.1975371580081959 5.3532753538094626 -2.14129870033709 0.83291666666666686 1.6295786750708088
decision_type=2 2 2 2 2 2 2
left_child=-1 2 4 -4 -2 -6 -3
right_child=1 6 3 -5 5 -7 -8
leaf_value=-0.030552309103199889 -0.022483723577816174 0.055961308314288138 -0.059609933234847381 0.0095894706292761131 0.03662201527656108 -0.015477424742711486 0.0064337948658897103
leaf_weight=14.163399860262869 12.26002526283264 11.223779648542406 12.678407475352289 13.666387200355528 23.996240869164467 8.1813792437314969 10.851321294903753
leaf_count=84 68 82 63 81 148 50 72
internal_value=0 0.00592004 -0.00209364 -0.0237127 0.0107232 0.0233754 0.0316154
internal_weight=0 92.8575 70.7824 26.3448 44.4376 32.1776 22.0751
internal_count=648 564 410 144 266 198 154
is_linear=0
shrinkage=0.05


Tree=19
num_leaves=9
num_cat=0
split_feature=7 11 25 23 16 4 13 25
split_gain=8.10948 4.79285 6.77507 6.70062 4.37272 12.2407 7.14084 3.27927
threshold=20.71783776501838 0.89791666666666681 7.7253279698878039 8.2463932154298192 44.126219139853113 -4.3339247001180548 3.2060639124070121 18.345491015041151
decision_type=2 2 10 2 2 2 2 10
left_child=1 2 -1 -4 5 -2 7 -6
right_child=4 -3 3 -5 6 -7 -8 -9
leaf_value=0.0046434546566080058 0.02704573582174194 0.013893666141537709 -0.064866654717796554 -0.011629991762393224 0.057789026867155216 -0.048904674908944519 -0.0097420683463936841 0.021322239334637495
leaf_weight=13.809576034545897 12.783110454678537 11.348685182631014 12.365267381072046 11.323071509599684 11.852149412035944 9.0684695169329625 10.914725273847578 12.847300313413141
leaf_count=79 83 76 66 61 80 51 68 80
internal_value=0 -0.0145759 -0.0231921 -0.0394194 0.0131341 -0.00447391 0.0239378 0.038821
internal_weight=0 48.8466 37.4979 23.6883 57.4658 21.8516 35.6142 24.6994
internal_count=644 282 206 127 362 134 228 160
is_linear=0
shrinkage=0.05


Tree=20
num_leaves=9
num_cat=0
split_feature=4 13 24 16 18 12 19 13
split_gain=5.56735 12.2035 5.95434 5.49338 5.39993 4.12842 3.66276 2.5255
threshold=-4.3339247001180548 -2.541217128231541 28.414456681519127 53.768620300020523 1.0000000180025095e-35 2.6754171944531024 0.11684165746414783 -3.6278383678898343
decision_type=2 2 10 2 2 2 2 2
left_child=7 -2 3 5 -5 -3 -4 -1
right_child=1 2 6 4 -6 -7 -8 -9
leaf_value=0.010371414910006335 -0.054854392543711356 0.057752026038680786 0.00085559065489491546 0.02796281172549489 -0.012805042589935195 0.01230038520273509 -0.043622047709985699 0.048010288740959195
leaf_weight=10.443937808275225 10.378109902143477 8.6812886446714419 9.0688480511307734 11.64543557167053 26.850336149334908 11.769015632569788 9.454229608178137 7.7741180509328833
leaf_count=65 52 56 51 78 159 75 53 55
internal_value=0 -0.00393858 0.00288232 0.0106529 -0.000472275 0.0315949 -0.0218459 0.0264329
internal_weight=0 87.8473 77.4692 58.9461 38.4958 20.4503 18.5231 18.2181
internal_count=644 524 472 368 237 131 104 120
is_linear=0
shrinkage=0.05


Tree=21
num_leaves=6
num_cat=0
split_feature=28 13 26 26 0
split_gain=8.41011 6.26183 5.26459 8.41669 5.73508
threshold=5.542144944378232 -3.6278383678898343 0.1562873518587829 0.02412005293179887 0.14850581145601213
decision_type=2 2 8 8 2
left_child=1 -1 3 4 -3
right_child=-2 2 -4 -5 -6
leaf_value=-0.026749453917021489 -0.047554433074660313 0.028924657286131236 0.038111461140228294 -0.03525914573830851 -0.002360061624411925
leaf_weight=14.612932249903677 8.7909630015492422 25.569642633199699 12.892150104045866 11.764610923826686 34.300525017082691
leaf_count=85 44 176 77 67 207
internal_value=0 0.00347269 0.00869747 0.00340382 0.0110012
internal_weight=0 99.1399 84.5269 71.6348 59.8702
internal_count=656 612 527 450 383
is_linear=0
shrinkage=0.05


Tree=22
num_leaves=8
num_cat=0
split_feature=25 4 15 15 4 10 4
split_gain=7.03984 4.55939 6.62106 6.50133 6.49147 4.64992 4.47793
threshold=37.30388539636845 -4.3339247001180548 -0.97223469085096614 0.071059191408769914 1.899518541307669 -2.3717756134931229 3.985096897336057
decision_type=10 2 2 2 2 2 2
left_child=1 5 -3 -4 -5 -1 -2
right_child=6 2 3 4 -6 -7 -8
leaf_value=0.061195321349899773 -0.03935026377127461 -0.024136759486651643 0.047829662889619103 -0.029309344185908276 0.017171532433929857 0.009211330981324194 0.001332696621473149
leaf_weight=7.3130565434694317 15.094160176813604 17.516619898378849 9.9221816435456258 11.21507356315851 22.747338734567165 10.447027094662188 12.255732998251913
leaf_count=50 80 98 65 73 143 70 68
internal_value=0 0.00830502 0.00185144 0.0122247 0.00182261 0.0306167 -0.0211199
internal_weight=0 79.1613 61.4012 43.8846 33.9624 17.7601 27.3499
internal_count=647 499 379 281 216 120 148
is_linear=0
shrinkage=0.05


Tree=23
num_leaves=7
num_cat=0
split_feature=11 21 7 20 20 0
split_gain=3.97108 2.96807 3.94067 3.4062 3.80011 3.63671
threshold=0.6150000000000001 18.500000000000004 14.771793916208193 0.074435950277448162 0.20243975461270666 0.83955292868764508
decision_type=2 2 2 2 2 2
left_child=-1 2 -2 5 -5 -4
right_child=1 -3 3 4 -6 -7
leaf_value=-0.026265169472228001 -0.020488208844742881 -0.019283400891962586 0.046536751953861859 -0.013017546244683082 0.014999903589911082 0.0032763613710679474
leaf_weight=12.722188651561735 11.342028543353079 12.45543586462736 11.792984619736673 19.437931500375271 32.070852018892765 8.2614075466990453
leaf_count=63 62 75 76 122 209 51
internal_value=0 0.00347459 0.00689368 0.0112334 0.00442692 0.0287156
internal_weight=0 95.3606 82.9052 71.5632 51.5088 20.0544
internal_count=658 595 520 458 331 127
is_linear=0
shrinkage=0.05


Tree=24
num_leaves=9
num_cat=0
split_feature=28 17 13 13 28 26 24 27
split_gain=6.6385 5.51229 6.19775 11.2529 7.99861 6.34415 4.33085 2.23266
threshold=5.542144944378232 0.67860289321110978 2.3842012549149305 -2.541217128231541 1.5788886962514408 -0.017460853176290623 29.495838595326099 0.47881882353023469
decision_type=2 2 2 2 2 8 10 8
left_child=1 2 3 4 -1 -4 -5 -3
right_child=-2 7 5 6 -6 -7 -8 -9
leaf_value=0.0078334077832614511 -0.038702674291331958 0.015558895528697138 -0.053293003032721969 0.03817575508847007 -0.055101001455248703 0.00053787047662764661 -0.0019990687625402771 0.052510120841638031
leaf_weight=12.255274541676046 8.4317760914564115 8.1839535683393461 8.7089082151651365 26.822003394365311 8.5856210812926275 14.731934756040575 8.9454415366053563 8.1678700298070925
leaf_count=75 41 51 50 182 49 88 54 51
internal_value=0 0.00756238 0.00215857 0.0111113 -0.0180931 -0.0194618 0.028128 0.0340163
internal_weight=0 96.401 80.0492 56.6083 20.8409 23.4408 35.7674 16.3518
internal_count=641 600 498 360 124 138 236 102
is_linear=0
shrinkage=0.05


Tree=25
num_leaves=8
num_cat=0
split_feature=25 21 26 22 28 4 0
split_gain=5.04284 5.9592 4.06648 7.06886 11.3742 6.87411 5.59138
threshold=38.380246687871995 14.500000000000002 -1.7643596413675167 1.5000000000000002 1.3981305791725993 2.8857623580329652 0.69510656975408036
decision_type=10 2 10 2 2 2 2
left_child=2 -2 -1 4 -4 6 -5
right_child=1 -3 3 5 -6 -7 -8
leaf_value=0.03840831201753786 -0.042735724816286735 0.0033746160044861024 -0.064803614448944155 0.015175398563520818 0.011700644842905845 0.049116854491375685 -0.0304427522659758
leaf_weight=9.946194685995577 12.061269238591196 16.721073538064957 8.465371750295164 27.849666640162468 11.402275152504442 11.074828706681727 8.8522260189056379
leaf_count=65 59 96 51 183 71 72 53
internal_value=0 -0.015948 0.00855707 0.00416785 -0.0208969 0.0145909 0.00417264
internal_weight=0 28.7823 77.5906 67.6444 19.8676 47.7767 36.7019
internal_count=650 155 495 430 122 308 236
is_linear=0
shrinkage=0.05


Tree=26
num_leaves=7
num_cat=0
split_feature=26 10 11 26 26 24
split_gain=6.9418 6.85254 5.94574 4.16804 7.45061 3.90396
threshold=-0.050595612402336808 1.5687019313184314 0.61791666666666678 0.1562873518587829 0.02412005293179887 -0.19355858816351221
decision_type=10 2 2 10 10 10
left_child=1 -1 -2 4 5 -4
right_child=2 -3 3 -5 -6 -7
leaf_value=0.050683548034103847 -0.04188434643041121 -0.0055436125824896779 0.032774356663580077 0.02498792586753476 -0.043235375255504409 -0.0046728404699434766
leaf_weight=11.999134339392187 10.313685372471808 9.8809330984950048 8.3651348426937968 12.476808771491049 11.373268246650694 41.433364942669876
leaf_count=81 49 59 56 75 65 264
internal_value=0 0.0252916 -0.00632891 -0.00134976 -0.00672168 0.00161753
internal_weight=0 21.8801 83.9623 73.6486 61.1718 49.7985
internal_count=649 140 509 460 385 320
is_linear=0
shrinkage=0.05


Tree=27
num_leaves=10
num_cat=0
split_feature=7 13 18 2 6 17 17 13 22
split_gain=5.49929 6.70832 8.20448 9.57889 3.28205 4.12132 8.5415 3.96457 2.94644
threshold=20.986506180524504 -1.9945872997008243 1.5000000000000002 1.7157953345016235 68.53203534570018 0.63265889830977973 0.52870216529717273 -2.7482863656666292 1.5000000000000002
decision_type=2 2 2 2 2 2 2 2 2
left_child=1 -1 8 -4 5 6 7 -2 -3
right_child=4 2 3 -5 -6 -7 -8 -9 -10
leaf_value=-0.048945566874859542 -0.0039628524175510374 -0.0025952054742485039 -0.06433791381424328 0.0051663081288319075 -0.016815352710827729 0.038592936110467463 -0.035282253194407712 0.038803852806855804 0.038534661347060704
leaf_weight=11.464547179639338 9.2164525389671326 8.032938979566099 9.2753470391035098 10.647837668657301 11.036913983523844 12.051962867379187 9.5597699135541898 13.152384728193287 9.5085712969303113
leaf_count=64 54 48 49 62 67 79 61 93 61
internal_value=0 -0.0154779 -0.0052365 -0.0271918 0.0075627 0.0136804 0.00427671 0.021183 0.0196997
internal_weight=0 48.9292 37.4647 19.9232 55.0175 43.9806 31.9286 22.3688 17.5415
internal_count=638 284 220 111 354 287 208 147 109
is_linear=0
shrinkage=0.05


Tree=28
num_leaves=9
num_cat=0
split_feature=3 26 23 20 25 20 3 12
split_gain=6.016 6.08634 5.99875 4.72849 4.01089 3.62964 3.67191 1.67117
threshold=-2.5281295964933101 -0.0021131039998038797 -2.4635588471449665 0.15067643792226157 34.247424346195103 0.20680731059380589 1.9336266558067849 2.8112094164341728
decision_type=2 10 2 2 10 2 2 2
left_child=2 4 7 -3 5 6 -2 -1
right_child=1 3 -4 -5 -6 -7 -8 -9
leaf_value=0.052107627949285307 -0.023143132185044307 -0.0033955318654819919 -0.013046075791299109 -0.041301647594809483 -0.019885685427972258 0.033994134181622143 0.02042572399995287 0.02141056586068836
leaf_weight=9.2408382967114502 9.010499410331251 15.736410439014433 8.8295501023530942 17.240336500108242 11.823619358241556 13.487962596118448 10.437978781759737 8.5230008959770185
leaf_count=61 57 92 54 96 66 89 66 57
internal_value=0 -0.00691339 0.0206371 -0.023213 0.00509523 0.014063 0.000240229 0.0373793
internal_weight=0 77.7368 26.5934 32.9767 44.7601 32.9364 19.4485 17.7638
internal_count=638 466 172 188 278 212 123 118
is_linear=0
shrinkage=0.05


Tree=29
num_leaves=7
num_cat=0
split_feature=7 17 14 20 10 21
split_gain=5.4875 3.17567 5.08178 4.49221 5.78293 3.93325
threshold=14.070584348955649 0.62835307974903543 33.244425254434688 0.37577291662055951 -1.5564977867202299 16.500000000000004
decision_type=2 2 2 2 2 2
left_child=-1 2 -2 4 -4 -3
right_child=1 5 3 -5 -6 -7
leaf_value=-0.030289912222055477 -0.033234202362173434 0.038386269697086736 0.027451482455193056 0.028497133029762391 -0.015299385339534797 -0.0012664285749145879
leaf_weight=12.387775778770445 10.101689778268335 13.684970103204252 10.925098687410346 15.169721484184263 28.666768983006484 11.516866624355314
leaf_count=65 61 89 73 99 169 73
internal_value=0 0.00520321 -0.000649086 0.00536178 -0.00350258 0.0202656
internal_weight=0 90.0651 64.8633 54.7616 39.5919 25.2018
internal_count=629 564 402 341 242 162
is_linear=0
shrinkage=0.05


Tree=30
num_leaves=6
num_cat=0
split_feature=13 4 13 16 0
split_gain=5.03979 5.01425 5.97663 4.87984 4.40552
threshold=-3.6278383678898343 -3.4622371345004086 -1.7731407328760271 48.217043743237376 0.36645931004541737
decision_type=2 2 2 2 2
left_child=-1 -2 -3 -4 -5
right_child=1 2 3 4 -6
leaf_value=-0.026477115627476192 0.037637759663343234 -0.032326461467766063 0.035069915345695007 0.021818178989038095 -0.0095241817144860897
leaf_weight=14.935418672859667 10.344446048140524 11.712922021746634 12.135487020015715 16.057233683764935 37.15431721508503
leaf_count=86 74 64 77 114 214
internal_value=0 0.00495135 0.000563565 0.00645883 -6.62426e-05
internal_weight=0 87.4044 77.06 65.347 53.2116
internal_count=629 543 469 405 328
is_linear=0
shrinkage=0.05


Tree=31
num_leaves=10
num_cat=0
split_feature=25 3 4 13 18 21 28 19 19
split_gain=7.12523 6.31824 7.41832 6.34514 10.6894 5.42722 6.88622 4.03866 2.4303
threshold=28.736661758820976 2.8305834886745673 -4.2803437180805384 -1.3995232834931353 1.5000000000000002 13.500000000000002 1.4023862927467388 0.15632100362373294 0.1482376577565567
decision_type=10 2 2 2 2 2 2 2 2
left_child=1 2 8 -4 -5 -2 -7 -8 -1
right_child=5 -3 3 4 -6 6 7 -9 -10
leaf_value=0.0097378678831880634 -0.051159141893369002 0.04341563817332187 -0.038643467399074538 0.039567905962618707 -0.023824481237439955 -0.043881921757639948 -0.015906872757961051 0.03140497802476791 0.049003100001732025
leaf_weight=7.7007013633847228 10.163699790835379 10.243454940617083 13.459684021770949 11.636592015624052 15.517906829714773 9.0813913121819514 8.4142494499683398 9.7226863056421262 8.0712022408843023
leaf_count=53 48 66 74 86 91 54 50 56 57
internal_value=0 0.0072915 0.000728956 -0.0105726 0.00334123 -0.0199823 -0.00834043 0.00945564 0.0298317
internal_weight=0 66.6295 56.3861 40.6142 27.1545 37.382 27.2183 18.1369 15.7719
internal_count=635 427 361 251 177 208 160 106 110
is_linear=0
shrinkage=0.05


Tree=32
num_leaves=6
num_cat=0
split_feature=19 19 7 7 7
split_gain=3.95617 5.34888 4.6786 5.18337 6.78904
threshold=0.42090290624690424 0.32408893365569807 14.771793916208193 17.675884732875474 20.71783776501838
decision_type=2 2 2 2 2
left_child=1 2 -1 -4 -5
right_child=-2 -3 3 4 -6
leaf_value=-0.027752473669716254 0.023899809468400007 -0.039001193903863862 0.035642783874619041 -0.029898692501433007 0.0092099851659048684
leaf_weight=12.920058876276014 14.306550964713095 9.9407547488808614 11.51846870779991 15.084349751472471 41.97921197861433
leaf_count=66 87 60 70 92 274
internal_value=0 -0.00437529 -0.000151993 0.00504762 -0.00112812
internal_weight=0 91.4428 81.5021 68.582 57.0636
internal_count=649 562 502 436 366
is_linear=0
shrinkage=0.05


Tree=33
num_leaves=8
num_cat=0
split_feature=25 26 23 18 26 15 22
split_gain=5.47891 4.56009 5.50076 6.83833 7.94682 5.76827 3.76838
threshold=42.997170917445466 0.066465915570880066 8.6807942798495006 1.5000000000000002 -0.027753264277842114 0.6585750207561516 1.5000000000000002
decision_type=10 8 2 2 10 2 2
left_child=1 2 3 4 -1 -5 -2
right_child=6 -3 -4 5 -6 -7 -8
leaf_value=0.0434833013429404 -0.0020184039915541732 0.035367924104353354 0.031857024412107859 -0.00042720881074614464 -0.0072808628571278252 -0.054977048220209948 -0.042144668101710067
leaf_weight=10.492500402033324 11.513693049550058 10.754616431891916 11.627553544938563 8.9448915421962756 29.064550712704662 10.576082468032835 11.896993838250635
leaf_count=75 59 71 80 52 186 60 63
internal_value=0 0.00503507 0.00042132 -0.00576576 0.00618432 -0.0299812 -0.02241
internal_weight=0 81.4602 70.7056 59.078 39.5571 19.521 23.4107
internal_count=646 524 453 373 261 112 122
is_linear=0
shrinkage=0.05


Tree=34
num_leaves=9
num_cat=0
split_feature=11 3 13 26 18 3 20 16
split_gain=5.7865 4.48064 7.30797 4.38996 6.09109 3.58017 2.12484 1.5195
threshold=0.91791666666666683 -2.5281295964933101 -1.8267357311211321 0.035591082383198989 1.5000000000000002 -3.0395113214653215 0.27766748422126214 49.810674642479171
decision_type=2 2 2 10 2 2 2 2
left_child=1 5 -3 4 -4 -1 7 -2
right_child=6 2 3 -5 -6 -7 -8 -9
leaf_value=-0.0037367231629765471 0.026238614928948668 -0.052585998684226309 0.026777545696001222 -0.029481062966920893 -0.013532618457020999 0.039505832126403906 0.043719561157936404 -0.0059108901710918788
leaf_weight=10.868095465004446 8.1400757953524607 9.4905126169323903 16.425341807305813 13.396056972444056 21.821825228631496 8.5538118779659253 7.9779716581106177 6.7007214128971091
leaf_count=68 56 49 108 70 121 60 56 49
internal_value=0 -0.00561301 -0.0122596 -0.00484877 0.00377868 0.0153082 0.0229097 0.0117229
internal_weight=0 80.5556 61.1337 51.6432 38.2472 19.4219 22.8188 14.8408
internal_count=637 476 348 299 229 128 161 105
is_linear=0
shrinkage=0.05


Tree=35
num_leaves=9
num_cat=0
split_feature=26 26 10 13 4 13 4 12
split_gain=3.51256 3.28799 7.10411 5.54108 9.31685 7.37183 8.91042 2.04959
threshold=0.23841308242176765 -0.049113401784647744 1.5950714554436891 -1.7731407328760271 -4.7326291013165127 1.6295786750708088 2.8857623580329652 2.6266814834179786
decision_type=8 10 2 2 2 2 2 2
left_child=1 2 -1 4 -3 7 -7 -5
right_child=-2 3 -4 5 -6 6 -8 -9
leaf_value=0.042874847732484532 0.024461583193429497 0.008184163692558229 -0.021214799798836462 0.049045868149379307 -0.059592003753197509 -0.054833418929827231 0.0061156519017520269 0.012719767291788787
leaf_weight=10.517927058041098 14.251405283808706 9.2012985646724719 7.3422557190060607 7.375824660062789 11.294731937348841 8.7445777356624621 19.082150474190712 8.1998062133789045
leaf_count=77 86 62 43 52 58 47 115 60
internal_value=0 -0.00243794 0.0165278 -0.00773905 -0.0291652 0.00237909 -0.0130377 0.029922
internal_weight=0 81.7586 17.8602 63.8984 20.496 43.4024 27.8267 15.5756
internal_count=600 514 120 394 120 274 162 112
is_linear=0
shrinkage=0.05


Tree=36
num_leaves=7
num_cat=0
split_feature=12 12 26 26 4 4
split_gain=5.27782 5.64071 4.35616 4.31944 5.47719 6.15755
threshold=2.1622523747701523 1.9059751504324154 0.1562873518587829 0.02412005293179887 -5.2793466953380799 1.8639094384952255
decision_type=2 2 8 10 2 2
left_child=1 -1 3 4 -2 -6
right_child=2 -3 -4 -5 5 -7
leaf_value=0.0059734203984796574 0.048167635067897424 -0.039645964967502313 0.03793232331051636 -0.028580973550236696 -0.011239710724362674 0.026225393632302238
leaf_weight=14.898776568472387 8.2266799807548505 12.428587123751639 12.431430414319037 8.083733417093752 27.2435257807374 18.356902472674847
leaf_count=92 60 75 75 43 172 116
internal_value=0 -0.0147744 0.0109222 0.00549866 0.0106167 0.00384224
internal_weight=0 27.3274 74.3423 61.9108 53.8271 45.6004
internal_count=633 167 466 391 348 288
is_linear=0
shrinkage=0.05


Tree=37
num_leaves=10
num_cat=0
split_feature=27 24 16 16 20 13 28 28 24
split_gain=4.99894 9.03747 5.98084 5.77421 5.11726 4.57894 7.29694 3.37195 2.69754
threshold=0.25567040783515455 21.789267947147543 44.561164478755686 36.577156562408994 0.086716761395970315 -2.5230237682194327 1.3981305791725993 2.3374539511808758 32.374647453443053
decision_type=10 10 2 2 2 2 2 2 10
left_child=2 4 3 -1 7 -6 -7 -2 -4
right_child=1 -3 8 -5 5 6 -8 -9 -10
leaf_value=0.019659917196792803 0.040946841212896309 -0.057439396662913506 0.056039930222604117 -0.033246299802756257 -0.042417684957631041 -0.031502533793847605 0.01738838557910077 -0.0028169291719494192 0.015111713282441503
leaf_weight=11.465166203677656 9.2682574838399905 8.5255938172340375 8.3954028785228747 9.3737850561737996 9.5217680856585485 13.019602164626123 18.441939458250999 8.3818674162030202 7.7351921200752249
leaf_count=76 63 47 58 54 52 84 117 49 47
internal_value=0 -0.00933868 0.0135552 -0.00413838 -0.00234459 -0.0120382 -0.00284395 0.0201639 0.0364134
internal_weight=0 67.159 36.9695 20.839 58.6334 40.9833 31.4615 17.6501 16.1306
internal_count=647 412 235 130 365 253 201 112 105
is_linear=0
shrinkage=0.05


Tree=38
num_leaves=8
num_cat=0
split_feature=17 24 4 13 10 4 25
split_gain=5.30224 3.9063 3.72479 7.24711 3.98433 7.83444 1.22984
threshold=0.66363769695383801 15.7210438542527 -4.7326291013165127 -2.541217128231541 -1.6242599335171417 0.46842416328128916 1.0000000180025095e-35
decision_type=2 10 2 2 2 2 10
left_child=2 -2 6 -4 -5 -6 -1
right_child=1 -3 3 4 5 -7 -8
leaf_value=0.027964160556205393 0.045950916848576814 0.00019996903121467276 -0.052249918066190996 0.022355165761275969 -0.050813333578373449 -0.0025156136270912334 -0.0010473557623575118
leaf_weight=7.569300748407839 8.304902486503126 10.64678482711315 10.421780109405516 9.6481936499476415 10.644782058894632 39.752665899693966 7.0603030547499657
leaf_count=55 55 66 51 66 68 235 48
internal_value=0 0.0202487 -0.00899532 -0.0137617 -0.00708148 -0.0127169 0.0139631
internal_weight=0 18.9517 85.097 70.4674 60.0456 50.3974 14.6296
internal_count=644 121 523 420 369 303 103
is_linear=0
shrinkage=0.05


Tree=39
num_leaves=10
num_cat=0
split_feature=11 3 3 16 4 11 16 3 19
split_gain=4.40519 4.83069 5.44706 5.96048 13.2574 5.61682 2.90635 2.26058 1.81456
threshold=0.89791666666666681 -2.5281295964933101 -2.0940744324455864 56.344689832739782 4.8093965220772859 0.79208333333333336 42.107112623044571 -3.0242537467873687 0.15461052463619473
decision_type=2 2 2 2 2 2 2 2 2
left_child=1 7 -3 5 -5 -4 -2 -1 -8
right_child=6 2 3 4 -6 -7 8 -9 -10
leaf_value=-0.0012280412029078112 -0.0029455005473623553 -0.05292214385360703 0.029279750344916047 -0.065716246194972003 0.0048089923687218428 -0.019609841851780861 0.01231024706440517 0.034086296529032577 0.047265706216195164
leaf_weight=9.717450752854349 11.070161275565626 7.8750784471631041 14.640892244875433 11.338170550763609 16.162482291460037 9.8120997250080091 6.9910621792078 8.4916903674602491 7.9169925972819328
leaf_count=61 75 42 84 60 94 58 51 59 62
internal_value=0 -0.00730873 -0.0141717 -0.00829795 -0.0242677 0.00966213 0.0164621 0.0152405 0.0308735
internal_weight=0 78.0379 59.8287 51.9536 27.5007 24.453 25.9782 18.2091 14.9081
internal_count=646 458 338 296 154 142 188 120 113
is_linear=0
shrinkage=0.05


Tree=40
num_leaves=10
num_cat=0
split_feature=26 26 26 12 11 11 26 11 10
split_gain=5.24875 4.49705 4.6552 6.08916 4.5276 5.39098 3.88894 3.27076 2.71815
threshold=-0.050595612402336808 -0.014931517412773722 0.020707233268991123 3.0809787154857946 0.79622175141242946 0.91791666666666683 0.088716218080027012 0.76875000000000016 1.5950714554436891
decision_type=10 10 10 2 2 2 10 2 2
left_child=8 7 4 6 -3 -6 -4 -2 -1
right_child=1 2 3 -5 5 -7 -8 -9 -10
leaf_value=0.040294481149234486 -0.047717183816024467 0.04108192995819223 -0.052321162297536541 0.017300122206822293 -0.024206232187282559 0.025139512587372632 -0.0085374959674134245 -0.0074882793840131308 0.0028793052039547407
leaf_weight=11.339313097298147 8.7876171544194239 11.238144859671591 9.0485652759671229 11.77435728907585 10.364710770547392 11.877730712294577 11.539214260876177 11.88740750402212 8.4876270517706853
leaf_count=82 45 73 46 68 63 85 66 81 50
internal_value=0 -0.00424412 0.00214367 -0.011379 0.0152146 0.00214499 -0.0277809 -0.024587 0.0242776
internal_weight=0 86.5177 65.8427 32.3621 33.4806 22.2424 20.5878 20.675 19.8269
internal_count=659 527 401 180 221 148 112 126 132
is_linear=0
shrinkage=0.05


Tree=41
num_leaves=10
num_cat=0
split_feature=11 11 25 17 21 27 15 14 21
split_gain=5.88288 7.12349 5.02756 4.9571 4.64816 3.18831 2.70708 4.32271 2.31227
threshold=0.89791666666666681 0.82125000000000015 35.642309831931492 0.58711478834363706 17.500000000000004 0.40963709544619376 1.0407214836072103 34.30009480774045 14.500000000000002
decision_type=2 2 10 2 2 10 2 2 2
left_child=1 2 4 -3 5 -1 7 -2 -4
right_child=6 3 8 -5 -6 -7 -8 -9 -10
leaf_value=0.013349753951149285 0.0036946703881099857 -0.049469795657811025 -0.032170225166528614 -0.0010002374606167045 -0.0087098750190138848 0.055867499534008797 -0.0032198315895902922 0.054192553647283641 -0.001121534917256875
leaf_weight=11.240964956581598 8.0454575940966659 14.864035286009313 11.886375695466997 8.1770113632082921 13.321803644299505 7.2548999115824691 9.3335997834801656 8.9547486305236799 12.101199373602865
leaf_count=69 52 86 55 50 85 49 71 73 68
internal_value=0 -0.00887947 0.000777466 -0.0322685 0.0138082 0.0300271 0.0184156 0.0302941 -0.0165068
internal_weight=0 78.8463 55.8052 23.041 31.8177 18.4959 26.3338 17.0002 23.9876
internal_count=658 462 326 136 203 118 196 125 123
is_linear=0
shrinkage=0.05


Tree=42
num_leaves=7
num_cat=0
split_feature=13 3 23 16 9 17
split_gain=4.61696 5.66666 4.60885 7.68089 5.20255 2.05771
threshold=-3.6278383678898343 -2.2832865069186288 -9.201766158070404 50.124589815200146 1.9817827793096348 0.56444994436497942
decision_type=2 2 2 2 2 2
left_child=-1 5 -3 -4 -5 -2
right_child=1 2 3 4 -6 -7
leaf_value=-0.025009212006519805 0.049697924345626823 -0.02759960371751452 0.044828203797484992 -0.013101692784881352 0.024137850434786945 0.013799732400408122
leaf_weight=14.518390685319899 8.2563587576150876 12.935606822371481 10.183323904871939 34.655466429889202 12.858786724507807 7.728669434785842
leaf_count=88 64 74 69 210 78 52
internal_value=0 0.00545842 -0.000625475 0.00542204 -0.00302355 0.0323414
internal_weight=0 86.6182 70.6332 57.6976 47.5143 15.985
internal_count=635 547 431 357 288 116
is_linear=0
shrinkage=0.05


Tree=43
num_leaves=7
num_cat=0
split_feature=26 11 28 19 13 13
split_gain=5.51688 3.69352 5.74331 4.99138 3.42868 4.29183
threshold=2.9093547609571595 0.61791666666666678 0.86400766802528872 0.22491574929554312 3.5282468937201052 -2.1620417262119913
decision_type=8 2 2 2 2 2
left_child=1 -1 3 -3 5 -4
right_child=-2 2 4 -5 -6 -7
leaf_value=-0.030388568430700275 0.036178185974346647 -0.001208112823565271 -0.0063106261239086999 -0.04754623045890688 -0.018455181614301167 0.025411437798115971
leaf_weight=10.892786689102648 9.9293220266699773 14.48884801566601 16.096090309321873 9.7034794911742193 9.3201392889022809 31.586027123034008
leaf_count=53 62 97 98 62 56 210
internal_value=0 -0.00304949 0.000618232 -0.0197942 0.00928148 0.014703
internal_weight=0 92.0874 81.1946 24.1923 57.0023 47.6821
internal_count=638 576 523 159 364 308
is_linear=0
shrinkage=0.05


Tree=44
num_leaves=9
num_cat=0
split_feature=26 26 9 3 28 25 14 28
split_gain=4.46778 4.25287 5.25783 6.82221 4.93496 4.81956 3.609 3.35194
threshold=0.1562873518587829 0.02412005293179887 0.66758963379402125 1.9336266558067849 0.47608960028372987 18.975029209087108 47.125037179252715 2.0678897944436048
decision_type=8 10 2 2 2 8 2 2
left_child=1 2 4 -4 -1 -5 -6 -2
right_child=7 -3 3 5 6 -7 -8 -9
leaf_value=-0.022607738511271423 0.042411167391897167 -0.033523593939805717 -0.046086615670386064 0.029381519993434514 0.0067221422924646007 -0.022441136292378958 0.041413065168393479 -0.00031136587223685812
leaf_weight=9.1768326237797719 9.1644038558006304 12.188458599150179 12.351631835103037 8.5446646809577924 21.449098311364651 9.4465455859899539 11.525725468993185 9.2003196030855161
leaf_count=62 59 64 70 56 140 57 83 53
internal_value=0 -0.00619664 -0.00160217 -0.017473 0.00982244 0.00217128 0.0188477 0.0210081
internal_weight=0 84.683 72.4945 30.3428 42.1517 17.9912 32.9748 18.3647
internal_count=644 532 468 183 285 113 223 112
is_linear=0
shrinkage=0.05


Tree=45
num_leaves=10
num_cat=0
split_feature=13 26 19 7 26 22 16 4 15
split_gain=5.42705 4.06224 5.88994 3.48826 2.84008 3.58658 2.81157 5.68956 2.58194
threshold=3.612806256533426 -0.0021131039998038797 0.054655081562864305 24.079036662301103 0.23841308242176765 2.5000000000000004 43.409348961145014 1.7575774086415439 -1.1632756917907179
decision_type=2 10 2 2 10 2 2 2 2
left_child=1 3 -3 6 5 -4 -1 -8 -5
right_child=-2 2 4 8 -6 -7 7 -9 -10
leaf_value=0.025114032912648201 -0.028227042293394972 -0.035369840738880443 -0.024706521743785292 0.013191764704915374 0.030839738820262454 0.019435409115125698 -0.033931630342432607 0.023046128541481879 0.050916108105346115
leaf_weight=10.674159079790117 13.515795290470122 11.892095640301703 9.8645487502217346 8.6659030020236987 8.4746305942535383 8.6252799928188306 9.4118552803993243 8.1973144635558111 9.5166210420429689
leaf_count=67 80 69 56 59 53 56 62 51 72
internal_value=0 0.00587357 -0.00605687 0.0158503 0.00687099 -0.00411485 0.00486605 -0.00740769 0.0329365
internal_weight=0 85.3224 38.8566 46.4659 26.9645 18.4898 28.2833 17.6092 18.1825
internal_count=625 545 234 311 165 112 180 113 131
is_linear=0
shrinkage=0.05


Tree=46
num_leaves=9
num_cat=0
split_feature=20 3 23 3 23 14 12 3
split_gain=5.72461 4.78889 7.69529 7.08866 3.48938 3.66571 2.31898 1.88088
threshold=0.10015746910606303 -2.5281295964933101 -7.3954411455148694 -3.2576739793079139 -1.1113534081799599 64.591383037385171 2.1915019247368419 2.2830578949982505
decision_type=2 2 2 2 2 2 2 2
left_child=6 3 -3 -2 -4 -6 -1 -8
right_child=1 2 4 -5 5 -7 7 -9
leaf_value=-0.0052473728732532789 -0.011920953382878357 -0.051278387415489873 0.024442525700257053 0.054445199810707758 -0.023180162663354046 0.016215153308041099 0.037023919405553211 0.0092004979794630595
leaf_weight=8.1904603093862516 9.686009995639326 11.4829159155488 8.1428820416331273 6.8825875073671332 21.746804673224691 8.1057899892330152 14.552735693752767 10.425482783466576
leaf_count=51 63 67 52 53 131 50 99 64
internal_value=0 -0.00761872 -0.0154098 0.0156475 -0.00456963 -0.0124833 0.0178403 0.0254109
internal_weight=0 66.047 49.4784 16.5686 37.9955 29.8526 33.1687 24.9782
internal_count=630 416 300 116 233 181 214 163
is_linear=0
shrinkage=0.05


Tree=47
num_leaves=9
num_cat=0
split_feature=11 11 17 23 20 6 13 15
split_gain=3.69142 5.2493 6.07744 4.00202 3.41609 4.31649 2.37328 2.53145
threshold=0.89791666666666681 0.82125000000000015 0.55470018393756793 -13.756058265241149 0.40027804779450898 60.618793708736511 -3.1328802648965861 1.0595217860875608
decision_type=2 2 2 2 2 2 2 2
left_child=1 3 -3 -1 5 -5 -2 -8
right_child=6 2 -4 4 -6 -7 7 -9
leaf_value=0.034979586495406619 -0.0040360103571655901 -0.04721638557521117 0.0050908417854061095 -0.027675210290729075 0.027772315686178592 0.0077058277651878282 0.048142629149461609 0.011426003149008211
leaf_weight=9.7658444494009 7.7795190885663059 11.908636525273325 10.405163660645483 14.973686806857584 8.6395609825849515 20.317182056605816 8.9076978936791438 9.9250276386737806
leaf_count=62 48 67 62 89 55 115 77 73
internal_value=0 -0.00244185 -0.022825 0.00602847 -0.000407431 -0.00730612 0.0191959 0.0287926
internal_weight=0 76.0101 22.3138 53.6963 43.9304 35.2909 26.6122 18.8327
internal_count=648 450 129 321 259 204 198 150
is_linear=0
shrinkage=0.05


Tree=48
num_leaves=6
num_cat=0
split_feature=26 26 4 13 13
split_gain=5.18287 5.95016 3.89198 3.45078 7.26795
threshold=0.23841308242176765 0.02412005293179887 -4.3339247001180548 -1.2858345182008553 1.2847594721407158
decision_type=8 10 2 2 2
left_child=1 2 -1 -4 -5
right_child=-2 -3 3 4 -6
leaf_value=0.025847220627062541 0.028382467103734502 -0.033100523842420231 -0.025901360433319934 0.034335863383660424 -0.01036822466448597
leaf_weight=12.844802170991896 13.241772186011074 15.668175458908079 14.30235603824257 12.691944587975746 32.054266184568405
leaf_count=98 84 81 83 96 194
internal_value=0 -0.0051807 0.000904047 -0.00452183 0.00231177
internal_weight=0 87.5615 71.8934 59.0486 44.7462
internal_count=636 552 471 373 290
is_linear=0
shrinkage=0.05


Tree=49
num_leaves=6
num_cat=0
split_feature=26 4 14 20 16
split_gain=4.47356 3.57421 7.86432 3.34991 3.69394
threshold=-2.0420827403380177 -4.7326291013165127 41.280994660588973 0.42673054335172705 64.355630139042788
decision_type=10 2 2 2 2
left_child=-1 -2 -3 4 -4
right_child=1 2 3 -5 -6
leaf_value=0.030602804405760187 0.018954876495207631 -0.046107137365972252 -0.015252610789920873 0.022818753180167625 0.014292010135964102
leaf_weight=9.4357905201613885 12.788117982447146 12.390709586441515 41.179954275488853 10.76493579149246 14.237486615777014
leaf_count=72 92 61 252 73 87
internal_value=0 -0.00555903 -0.00954878 -0.0027043 -0.0076622
internal_weight=0 91.3612 78.5731 66.1824 55.4174
internal_count=637 565 473 412 339
is_linear=0
shrinkage=0.05


Tree=50
num_leaves=9
num_cat=0
split_feature=17 24 13 25 20 13 4 12
split_gain=6.60354 5.31119 3.52539 8.13155 6.31592 6.21783 11.3095 5.78886
threshold=0.66363769695383801 16.959339003321841 -2.541217128231541 8.3809034409051097 0.43492548462900243 1.8425376627039241 3.2453620746157417 2.9746301331349811
decision_type=2 10 2 8 2 2 2 2
left_child=2 -2 3 -1 5 7 -7 -4
right_child=1 -3 4 -5 -6 6 -8 -9
leaf_value=0.0048695995721784423 0.056294330189305554 0.0021302511108234243 0.029790735129584529 -0.058870732557332467 0.039393339425621961 -0.069218728746103311 -0.002111748892004349 -0.022601474739489511
leaf_weight=10.699260890483854 8.2225894182920474 10.067218728363512 15.550969045609238 9.3993195891380328 8.4273056499659997 8.9906543046236056 20.811676509678364 7.9766436368226996
leaf_count=69 59 65 110 50 61 44 124 52
internal_value=0 0.0264809 -0.00675021 -0.0249393 -0.000830673 -0.00718695 -0.0223563 0.012028
internal_weight=0 18.2898 81.8558 20.0986 61.7572 53.3299 29.8023 23.5276
internal_count=634 124 510 119 391 330 168 162
is_linear=0
shrinkage=0.05


Tree=51
num_leaves=8
num_cat=0
split_feature=29 14 11 11 28 9 23
split_gain=3.56112 5.09254 5.66899 5.33142 7.99514 4.07955 2.83408
threshold=-2.5489427742743014 33.819693024428531 0.89791666666666681 0.82125000000000015 1.4180021588087854 1.9817827793096348 1.2446567696977449
decision_type=2 2 2 2 2 2 2
left_child=-1 -2 3 5 -5 -3 -4
right_child=1 2 6 4 -6 -7 -8
leaf_value=0.029482776310767657 -0.039683406512851106 -0.0061474245253539308 0.0065774080404609556 -0.064248939889463119 0.003447860737444726 0.030545778306334467 0.046679441171265545
leaf_weight=8.4710931330919248 9.1968239396810514 36.288008134812117 9.8682920187711733 8.8693972155451792 8.5811295881867391 9.5733600035309774 7.9591345116496077
leaf_count=59 54 218 76 49 53 58 67
internal_value=0 -0.00442171 -0.000424938 -0.00743802 -0.0309597 0.00151212 0.0244811
internal_weight=0 90.3361 81.1393 63.3119 17.4505 45.8614 17.8274
internal_count=634 575 521 378 102 276 143
is_linear=0
shrinkage=0.05


Tree=52
num_leaves=8
num_cat=0
split_feature=19 28 20 20 20 28 10
split_gain=4.59294 4.20229 2.94505 6.66592 3.53545 3.0752 1.78744
threshold=0.007623485737132737 5.4093220189455318 0.056758300326822247 0.20243975461270666 0.13606153033624788 2.4287604027379124 1.5950714554436891
decision_type=2 2 2 2 2 2 2
left_child=-1 2 6 4 -4 -5 -2
right_child=1 -3 3 5 -6 -7 -8
leaf_value=-0.033590549788715132 0.040438726817980691 -0.032202721123010314 -0.0043588388542039943 0.023976747740527039 -0.042257984272692214 -0.0089174820886592249 0.0089809678852339966
leaf_weight=10.42818161845207 7.9807078987360027 8.3390526697039586 15.399389915168287 24.000941887497902 10.24905154854059 10.093089036643503 10.400211431086062
leaf_count=63 56 41 96 164 62 60 64
internal_value=0 0.00153622 0.00513758 -0.000247196 -0.0195032 0.0142388 0.0226394
internal_weight=0 86.4624 78.1234 59.7425 25.6484 34.094 18.3809
internal_count=606 543 502 382 158 224 120
is_linear=0
shrinkage=0.05


Tree=53
num_leaves=7
num_cat=0
split_feature=14 21 6 21 28 7
split_gain=3.67216 3.88348 4.43306 3.89448 2.77341 1.0035
threshold=34.52697307082493 13.500000000000002 68.234986943464037 15.500000000000002 1.2508757342000096 19.931113284678698
decision_type=2 2 2 2 2 2
left_child=-1 -2 3 5 -5 -3
right_child=1 2 -4 4 -6 -7
leaf_value=-0.017984200579756943 -0.012573721636793656 0.029027035792384207 -0.012560047779871818 -0.0045539114781167588 0.022828863090370667 0.054782475565079217
leaf_weight=15.59664725512266 17.412840358912945 7.6558858528733236 12.733079519122837 15.478608928620814 22.968216095119715 7.4742482639849186
leaf_count=97 97 49 79 102 156 57
internal_value=0 0.0084405 0.0139588 0.0202612 0.0118046 0.0417502
internal_weight=0 83.7229 66.31 53.577 38.4468 15.1301
internal_count=637 540 443 364 258 106
is_linear=0
shrinkage=0.05


Tree=54
num_leaves=9
num_cat=0
split_feature=10 13 15 4 4 13 27 13
split_gain=3.99303 3.38176 4.55238 6.91505 5.48717 5.88298 4.03974 3.94884
threshold=-2.5163356394724086 -2.541217128231541 1.5758432252699894 4.8093965220772859 1.621178686368032 1.4347893731230252 0.29893238156773844 3.7669194572063107
decision_type=2 2 2 2 2 2 8 2
left_child=-1 6 4 -4 5 -3 -2 -5
right_child=1 2 3 7 -6 -7 -8 -9
leaf_value=0.031955019487222243 0.0014428349411770864 0.012997089253503055 -0.038785554461560907 0.032046659051481657 0.044468017321367036 -0.039615693084453917 -0.046300316685987351 -0.015161728009564899
leaf_weight=8.1132922843098623 8.2559034228324872 23.378361769020561 14.924245797097681 8.4808278605341929 9.5756423622369748 6.8758540526032439 9.5626798644661921 9.2732222303748113
leaf_count=59 52 174 88 53 60 36 48 58
internal_value=0 -0.00466346 0.000132506 -0.013699 0.0114806 0.00103982 -0.0241794 0.00738897
internal_weight=0 90.3267 72.5082 32.6783 39.8299 30.2542 17.8186 17.7541
internal_count=628 569 469 199 270 210 100 111
is_linear=0
shrinkage=0.05


Tree=55
num_leaves=10
num_cat=0
split_feature=3 3 6 12 27 25 14 20 4
split_gain=2.87241 3.90023 4.34816 5.34155 3.44146 5.63965 3.37744 3.28124 3.10837
threshold=-2.5281295964933101 1.9336266558067849 67.661087681206169 2.2660973143137868 0.42212434670468874 39.449231935078217 39.327234739905215 0.2096312699363129 -6.3809836181518982
decision_type=2 2 2 2 8 10 2 2 2
left_child=6 4 3 -3 7 -6 8 -2 -1
right_child=1 2 -4 -5 5 -7 -8 -9 -10
leaf_value=0.027143553788073496 -0.049562988003286873 -0.0058741736036852102 -0.013305467414934217 0.043904157228737584 0.024314365301463838 -0.027263768453666321 0.046072544275171323 -0.0081065854662505099 -0.015790748687004346
leaf_weight=7.6396113932132765 10.618156626820566 9.8973355814814585 15.697684369981287 11.831812977790831 10.491211503744127 10.710328578948973 6.3909676149487487 8.6706488654017431 9.4060259908437729
leaf_count=60 60 60 98 76 79 53 53 56 57
internal_value=0 -0.00488996 0.00674548 0.0212308 -0.0156451 -0.00174123 0.0150741 -0.0309276 0.00345179
internal_weight=0 77.9172 37.4268 21.7291 40.4903 21.2015 23.4366 19.2888 17.0456
internal_count=652 482 234 136 248 132 170 116 117
is_linear=0
shrinkage=0.05


Tree=56
num_leaves=10
num_cat=0
split_feature=2 20 17 28 28 17 12 21 23
split_gain=3.68177 4.9067 3.85594 7.92763 5.79705 4.76639 4.61739 3.88719 1.92863
threshold=2.2625757165201197 0.039598148846058522 0.52331741855251723 1.6574188700493535 1.3981305791725993 0.62606153236260742 2.8456632255267151 16.500000000000004 -6.6376025044806921
decision_type=2 2 2 2 2 2 2 2 2
left_child=1 -1 3 8 5 -4 -6 -5 -3
right_child=-2 2 4 7 6 -7 -8 -9 -10
leaf_value=0.03325686914338128 -0.021709903910496882 0.014875640033509019 -0.05976493835165473 -0.031477650116231846 -0.015916440551644682 -0.0046781391522572472 0.037018072056969158 0.013960501712466732 0.047340248343539511
leaf_weight=13.414031550288199 14.544762682169674 7.7580536380410186 8.4335911124944669 10.776846341788771 9.041348338127138 7.3481213152408591 7.5678934901952735 8.3568357899785024 11.149182833731176
leaf_count=92 87 54 50 63 56 53 51 55 76
internal_value=0 0.005541 0.000262396 0.0110577 -0.012416 -0.034116 0.00820283 -0.0116321 0.0340193
internal_weight=0 83.8459 70.4319 38.0409 32.391 15.7817 16.6092 19.1337 18.9072
internal_count=637 550 458 248 210 103 107 118 130
is_linear=0
shrinkage=0.05


Tree=57
num_leaves=9
num_cat=0
split_feature=20 20 11 13 18 24 28 20
split_gain=3.47832 2.94752 4.49218 3.96357 8.73449 3.73902 2.25294 2.14933
threshold=0.42673054335172705 0.084741958822322924 0.93875000000000008 -1.8908467862294238 -1.0000000180025095e-35 25.401466291111259 2.4287604027379124 0.53466423104628691
decision_type=2 2 2 2 2 10 2 2
left_child=1 5 3 -3 -5 6 -1 -2
right_child=7 2 -4 4 -6 -7 -8 -9
leaf_value=0.034271944104992305 0.039931514170177179 -0.041999361695461937 0.021399553395003112 0.033667191735167343 -0.02620893601113744 -0.016910285974096585 0.00083923986408671102 0.0043144871385479185
leaf_weight=11.857839923352008 7.7474905699491527 12.595792204141615 8.4581227675080282 8.6609054878354055 20.524507842957977 10.228949591517447 8.7627802789211255 9.3446356654167158
leaf_count=83 53 73 62 64 112 61 53 67
internal_value=0 -0.00436042 -0.0118304 -0.0185574 -0.00844042 0.00780467 0.0200646 0.0204589
internal_weight=0 81.0889 50.2393 41.7812 29.1854 30.8496 20.6206 17.0921
internal_count=628 508 311 249 176 197 136 120
is_linear=0
shrinkage=0.05


Tree=58
num_leaves=8
num_cat=0
split_feature=18 23 6 0 13 23 12
split_gain=2.42172 5.63424 3.89642 2.73137 4.80998 4.68221 3.19139
threshold=2.5000000000000004 4.6386744329806513 66.427262903341855 0.76728257590763971 -0.79899052858916453 -2.1182958292493721 2.3625751581793679
decision_type=2 2 2 2 2 2 2
left_child=2 -2 3 4 5 -1 -6
right_child=1 -3 -4 -5 6 -7 -8
leaf_value=0.0082943880898073141 -0.0069621305853047877 0.043950318228887765 -0.033182755812062863 -0.026725563522063064 0.0070772517517662314 -0.028287545819410811 0.04943314853729338
leaf_weight=21.6148068010807 13.172616917639973 9.250007860362528 10.340121060609816 8.3315760940313321 10.528100747615101 14.692776143550875 7.6997776217758647
leaf_count=148 81 59 60 46 67 91 60
internal_value=0 0.0140408 -0.00473979 -6.16027e-05 0.00401195 -0.00650941 0.0249691
internal_weight=0 22.4226 73.2072 62.867 54.5355 36.3076 18.2279
internal_count=612 140 472 412 366 239 127
is_linear=0
shrinkage=0.05


Tree=59
num_leaves=9
num_cat=0
split_feature=26 4 29 12 7 4 14 0
split_gain=2.67755 4.30169 3.81824 3.02822 3.38376 2.79106 3.36435 4.7442
threshold=-0.047405575311384202 1.9678339066381538 1.5382718302636045 3.0912415111887355 23.203344470948938 -4.3339247001180548 41.463458115922911 0.69510656975408036
decision_type=10 2 2 2 2 2 2 2
left_child=2 5 -1 4 -3 -2 -7 -8
right_child=1 3 -4 -5 -6 6 7 -9
leaf_value=0.040201705081925228 0.0074981919571450069 -0.01350144009914604 -0.0037612917150250088 0.036729086213757763 0.026844440795936397 -0.039989442616096008 0.0090841785115643569 -0.034790652209793479
leaf_weight=9.4309156388044375 13.470231533050535 13.750098362565046 10.369057688862084 8.5908439606428129 8.3544157445430738 12.712598107755182 15.34635664522648 10.294260196387766
leaf_count=77 98 77 65 54 58 59 110 59
internal_value=0 -0.00329555 0.0171787 0.0115378 0.00174731 -0.0120814 -0.0189581 -0.0085308
internal_weight=0 82.5188 19.8 30.6954 22.1045 51.8234 38.3532 25.6406
internal_count=657 515 142 189 135 326 228 169
is_linear=0
shrinkage=0.05


Tree=60
num_leaves=9
num_cat=0
split_feature=23 27 13 15 11 10 11 28
split_gain=2.87127 6.9012 6.88079 5.23723 4.4681 4.6139 3.81363 2.33794
threshold=-1.8775852238819464 0.43915789890085327 -1.9603598606561421 0.79101704030091946 0.78625000000000012 -1.5594362013844327 0.75125000000000008 1.771912170513336
decision_type=2 8 2 2 2 2 2 2
left_child=1 4 -2 -4 -1 -6 -5 -8
right_child=2 -3 3 6 5 -7 7 -9
leaf_value=0.021636819439100743 -0.048845395345203095 0.038252831852776503 0.028440485209391776 -0.029949845967063078 -0.000956040334260269 -0.047142220897010395 -0.011787373389891479 0.023978393639690846
leaf_weight=9.1921316757798213 10.840182602405546 11.009365204721687 9.5298264585435373 17.606712087988853 13.280321333557369 9.1212263405323011 11.606779143214228 7.5357338339090338
leaf_count=63 55 79 73 91 91 50 80 57
internal_value=0 0.00416253 -0.0129886 -0.00458964 -0.00771683 -0.0197616 -0.013155 0.00229235
internal_weight=0 42.603 57.1192 46.2791 31.5937 22.4015 36.7492 19.1425
internal_count=639 283 356 301 204 141 228 137
is_linear=0
shrinkage=0.05


Tree=61
num_leaves=9
num_cat=0
split_feature=18 4 24 20 20 12 24 26
split_gain=3.49246 3.60777 3.53276 3.6901 4.18595 3.78743 3.77671 2.90945
threshold=2.5000000000000004 1.8639094384952255 -3.6301047184453687 0.36547722756364326 0.12702522519618245 2.5996411415772798 25.401466291111259 -0.0057322013231845244
decision_type=2 2 8 2 2 2 10 10
left_child=2 -2 -1 4 6 -6 -4 -5
right_child=1 -3 3 7 5 -7 -8 -9
leaf_value=-0.027744648027626148 -0.0058120151592955709 0.035789226643871852 0.021400915182915869 0.0026112070261714595 -0.0043787052000552901 -0.04441940182897286 -0.017013374212958971 0.045269322742749675
leaf_weight=13.951266780495642 9.1379287019372004 12.128923363983629 16.754351608455185 9.5201242268085497 13.46026971563697 10.522860012948511 10.351488232612608 6.8899265825748435
leaf_count=75 56 79 115 73 91 62 65 48
internal_value=0 0.017914 -0.00484006 -0.000105952 -0.00673165 -0.021947 0.00673083 0.0205217
internal_weight=0 21.2669 81.4503 67.499 51.089 23.9831 27.1058 16.4101
internal_count=664 135 529 454 333 153 180 121
is_linear=0
shrinkage=0.05


Tree=62
num_leaves=8
num_cat=0
split_feature=17 17 17 7 7 19 12
split_gain=4.31466 6.8642 4.58302 5.64364 7.17297 4.14056 1.71277
threshold=0.39985560328271508 0.43433997449867107 0.52331741855251723 14.900856070593667 18.115134921158276 0.14905019228999944 2.6193960178064213
decision_type=2 2 2 2 2 2 2
left_child=6 -2 5 -4 -5 -3 -1
right_child=1 2 3 4 -6 -7 -8
leaf_value=0.031089725956883054 -0.051444523688765155 -0.0026730362583070912 -0.045571904994809995 0.041315419583887625 -0.011797806937985834 0.043931617067210105 0.0011039298445860563
leaf_weight=11.991658311337234 7.7868299782276145 10.299122929573061 9.0587513819336873 7.773588851094245 34.876009497791529 8.8707148879766446 7.8991852141916743
leaf_count=80 44 67 46 51 229 63 50
internal_value=0 -0.00688401 -0.0019885 -0.00972988 -0.00211705 0.018893 0.0191816
internal_weight=0 78.665 70.8782 51.7083 42.6496 19.1698 19.8908
internal_count=630 500 456 326 280 130 130
is_linear=0
shrinkage=0.05


Tree=63
num_leaves=6
num_cat=0
split_feature=19 19 4 15 2
split_gain=3.78448 5.63436 6.25224 8.59407 4.22596
threshold=0.42090290624690424 0.31840577040726914 5.2496543141706864 1.5335253776737536 1.7846352041207612
decision_type=2 2 2 2 2
left_child=1 2 3 4 -1
right_child=-2 -3 -4 -5 -6
leaf_value=0.00098407646131035771 0.028974912336986097 -0.034062022805875704 0.036079890015522871 -0.03597213167748118 0.040797543606324017
leaf_weight=39.310304943472147 11.883476775139568 11.282232694327829 12.521657630801199 14.752442974597214 8.0258671268820745
leaf_count=264 78 68 85 88 52
internal_value=0 -0.00113016 0.00384965 -0.00265035 0.00773447
internal_weight=0 85.8925 74.6103 62.0886 47.3362
internal_count=635 557 489 404 316
is_linear=0
shrinkage=0.05


Tree=64
num_leaves=9
num_cat=0
split_feature=13 10 28 19 2 2 28 7
split_gain=3.22529 4.23718 4.53437 4.60409 3.80638 4.02539 3.71706 1.77798
threshold=-3.6278383678898343 1.7517959956752795 1.7829404244194311 0.12125634605367806 1.6987172477702213 2.2625757165201197 0.37818482090919275 18.272459733254554
decision_type=2 2 2 2 2 2 2 2
left_child=-1 2 6 -4 -3 -6 -2 -8
right_child=1 4 3 -5 5 -7 7 -9
leaf_value=-0.020921919076170487 -0.0036219403796796199 -0.033270632981862273 -0.024017720329282219 0.018930610191498866 0.02820632635027151 -0.018594270783089194 0.05735479696712116 0.027073543671539604
leaf_weight=13.872542403638361 7.6376629732549217 11.12070555239916 12.401652399450542 12.559745248407124 8.8018276020884532 9.6121225953102094 7.1456281282007721 15.07251552864909
leaf_count=83 52 63 76 82 57 56 50 118
internal_value=0 0.00509399 0.0133196 -0.00240755 -0.010173 0.00377631 0.0264685 0.0368124
internal_weight=0 84.3519 54.8172 24.9614 29.5347 18.414 29.8558 22.2181
internal_count=637 554 378 158 176 113 220 168
is_linear=0
shrinkage=0.05


Tree=65
num_leaves=10
num_cat=0
split_feature=28 9 28 0 3 28 4 26 17
split_gain=3.2099 4.48777 4.20603 3.82134 5.0363 8.70383 5.00866 4.07577 3.93482
threshold=0.86400766802528872 -1.3584233615325767 0.4308863639668829 -0.54913574056881398 2.4711799531657661 1.647115118909928 1.9678339066381538 0.0056938074241817509 0.48425029542403691
decision_type=2 2 2 2 2 2 2 10 2
left_child=1 -1 -3 7 5 -5 -7 -2 -6
right_child=3 2 -4 4 8 6 -8 -9 -10
leaf_value=-0.040515155507121224 0.044159143847076275 0.022749366615773713 -0.02233708270864998 0.027031489026131381 -0.0044020084125015587 -0.055787897163119105 -0.0057052706796760499 0.0016919421619708891 0.042819849361418257
leaf_weight=9.5495080985128897 12.018964581191542 10.682006619870664 10.029492262750862 9.0688725858926791 8.455989822745325 10.516199540346863 9.5036008581519109 10.661914333701132 9.2229658812284452
leaf_count=63 94 74 65 63 53 59 52 68 63
internal_value=0 -0.0121582 0.000916365 0.00735418 -0.000813586 -0.013605 -0.0320132 0.024196 0.0202332
internal_weight=0 30.261 20.7115 69.4485 46.7676 29.0887 20.0198 22.6809 17.679
internal_count=654 202 139 452 290 174 111 162 116
is_linear=0
shrinkage=0.05


Tree=66
num_leaves=9
num_cat=0
split_feature=20 27 27 9 17 20 26 9
split_gain=2.74855 4.02987 6.46559 5.07794 3.62956 3.22621 3.30381 2.65599
threshold=0.056758300326822247 0.25567040783515455 0.45804949349923779 -1.5631417866967598 0.41058410169770149 0.19651008380931143 -0.0063916496874436264 0.9502240726727903
decision_type=2 10 8 2 2 2 8 2
left_child=7 5 -3 -4 -5 -2 -7 -1
right_child=1 2 3 4 -6 6 -8 -9
leaf_value=0.035599129020487057 -0.0035772654361992079 -0.050234482495629985 0.027161281209267099 0.012366407013707397 -0.026427310604769473 0.054360989669687901 0.006463190517263415 0.0010441392869050097
leaf_weight=11.077995941042902 14.834019932895901 8.5289548486471158 10.682306528091429 9.0325684361159819 18.134161550551653 6.9747238717973232 7.4410555735230428 11.165970720350741
leaf_count=80 94 50 74 55 111 54 51 72
internal_value=0 -0.00174088 -0.0109069 -0.00204474 -0.0135289 0.0127926 0.0296374 0.0182533
internal_weight=0 75.6278 46.378 37.849 27.1667 29.2498 14.4158 22.244
internal_count=641 489 290 240 166 199 105 152
is_linear=0
shrinkage=0.05


Tree=67
num_leaves=7
num_cat=0
split_feature=26 27 19 20 9 27
split_gain=3.49716 5.04365 3.43724 3.01536 3.69501 1.30061
threshold=2.6166539862068903 1.1491735645365755 0.43764709572704369 0.084741958822322924 -2.092845189297059 0.077905044979750829
decision_type=10 10 2 2 2 8
left_child=1 2 3 5 -5 -1
right_child=-2 -3 -4 4 -6 -7
leaf_value=-0.0072151689398205002 0.026184521892152087 -0.045290751004114498 0.025918801249322422 0.015016071080435981 -0.019496889825627018 0.019071523078389538
leaf_weight=7.1861034259200096 9.5040463060140592 7.3837501034140578 9.6271796599030477 9.6534002125263196 39.438770316541195 13.632195487618448
leaf_count=46 59 43 65 72 252 92
internal_value=0 -0.00576072 -0.00209102 -0.00594817 -0.0127103 0.00999783
internal_weight=0 86.9214 79.5376 69.9105 49.0922 20.8183
internal_count=629 570 527 462 324 138
is_linear=0
shrinkage=0.05


Tree=68
num_leaves=8
num_cat=0
split_feature=4 13 11 11 13 15 10
split_gain=3.86009 4.06896 4.40488 3.44952 6.21122 3.1571 1.98054
threshold=-4.3339247001180548 -1.7731407328760271 0.89208333333333345 0.82125000000000015 1.2847594721407158 -4.084990322402291 1.8002711500970106
decision_type=2 2 2 2 2 2 2
left_child=5 -2 3 4 -3 -1 -4
right_child=1 2 6 -5 -6 -7 -8
leaf_value=0.0037320968401902983 -0.025271046009516702 0.033789827307618994 0.045051266356645775 -0.026966506081335953 -0.01150663044593719 0.050452923300980959 0.0075939124471228791
leaf_weight=8.9535462222993356 18.987168841063976 10.899510908871887 6.8405049145221692 13.978672720491884 24.761084228754044 6.0652316920459262 7.2897054143249989
leaf_count=62 98 87 67 80 137 54 54
internal_value=0 -0.00495277 0.00109693 -0.00591427 0.00233804 0.0226 0.0257272
internal_weight=0 82.7566 63.7695 49.6393 35.6606 15.0188 14.1302
internal_count=639 523 425 304 224 116 121
is_linear=0
shrinkage=0.05


Tree=69
num_leaves=8
num_cat=0
split_feature=11 4 17 16 1 4 7
split_gain=4.28413 3.19551 3.14217 3.3156 4.41381 1.9815 1.60803
threshold=0.94791666666666685 4.8093965220772859 0.37700745085018056 56.454262959090507 1.305089403821674 -1.1721322147007947 24.338827438898367
decision_type=2 2 2 2 2 2 2
left_child=1 2 -1 4 -4 -2 -3
right_child=5 6 3 -5 -6 -7 -8
leaf_value=0.013211810816791361 0.0032090689757931731 0.026232143238206326 -0.018090426827555715 -0.039354339849661982 0.021709135402597887 0.041049952866646748 -0.0041730483743257444
leaf_weight=10.552411586046217 6.5337523780763149 9.4492371678352374 34.230377618223429 12.383753493428229 8.7461542636156064 7.3524316325783712 8.0556866452097875
leaf_count=69 50 55 216 71 56 64 55
internal_value=0 -0.00674979 -0.011793 -0.0165593 -0.00999082 0.023245 0.0122398
internal_weight=0 83.4176 65.9127 55.3603 42.9765 13.8862 17.5049
internal_count=636 522 412 343 272 114 110
is_linear=0
shrinkage=0.05


Tree=70
num_leaves=10
num_cat=0
split_feature=11 9 12 23 13 23 16 23 7
split_gain=3.51214 3.64516 3.6306 5.89467 6.061 4.58755 4.5225 3.10862 4.66002
threshold=0.66208333333333347 -0.42001527367123187 2.843975304335423 14.876785645982055 2.3842012549149305 6.7023235135704304 39.651155884087011 -1.7233392767235793 23.164134328628375
decision_type=2 2 2 2 2 2 2 2 2
left_child=1 -1 3 4 6 7 -2 8 -4
right_child=2 -3 5 -5 -6 -7 -8 -9 -10
leaf_value=-0.041497780573411927 -0.0021811870807698034 0.00063578747564643236 0.013160234437752688 0.053247270710240595 -0.026222785319459187 -0.040740973768184738 0.041689230586081601 0.023023017956325824 -0.041528943003613684
leaf_weight=10.031456820666792 12.307542137801649 10.513217717409132 8.3550481610000116 7.5414040572941294 10.981388457119463 8.4329609200358373 11.239179663360117 10.310541354119778 7.297075793147088
leaf_count=51 87 54 58 52 69 53 92 75 50
internal_value=0 -0.019937 0.00334834 0.0131997 0.00445275 -0.00870089 0.0187588 0.00170608 -0.0123361
internal_weight=0 20.5447 76.4651 42.0695 34.5281 34.3956 23.5467 25.9627 15.6521
internal_count=641 105 536 300 248 236 179 183 108
is_linear=0
shrinkage=0.05


Tree=71
num_leaves=9
num_cat=0
split_feature=11 17 17 6 5 6 19 7
split_gain=3.00607 3.1471 6.86089 2.88244 6.43987 2.38243 2.17186 2.52614
threshold=0.89791666666666681 0.37700745085018056 0.43574094519040735 62.052445862154464 -1.9999999999999998 67.413204492632289 0.057601088048103821 23.812982443003872
decision_type=2 2 2 2 2 2 2 2
left_child=1 -1 -3 4 -4 -5 -2 -8
right_child=6 2 3 5 -6 -7 7 -9
leaf_value=0.017389689840515588 -0.0085798961259794179 -0.050695828727570107 0.0057791320304062255 0.024022628275028119 -0.041169688779403843 -0.010374455345946262 0.043625687231657252 0.0030481426689819412
leaf_weight=12.443282037973402 6.5708141587674644 8.9261524826288206 18.147283710539341 13.164039976894857 12.224281728267671 8.1511176601052266 8.6844411157071573 6.8694774359464637
leaf_count=81 46 49 119 80 70 47 78 59
internal_value=0 -0.00551434 -0.0102163 -0.00322564 -0.0131173 0.0108689 0.0155223 0.0257044
internal_weight=0 73.0562 60.6129 51.6867 30.3716 21.3152 22.1247 15.5539
internal_count=629 446 365 316 189 127 183 137
is_linear=0
shrinkage=0.05


Tree=72
num_leaves=10
num_cat=0
split_feature=7 9 18 7 6 16 11 5 24
split_gain=2.40087 2.92875 2.82507 4.68863 3.44584 5.88449 2.28418 3.61944 2.66213
threshold=20.986506180524504 -1.9101470207670264 2.5000000000000004 22.895071712587086 64.538600060369177 46.465547623970586 0.78625000000000012 2.0000000000000004 13.027284051875812
decision_type=2 2 2 2 2 2 2 2 8
left_child=1 -1 3 -2 5 -5 8 -8 -3
right_child=2 6 -4 4 -6 -7 7 -9 -10
leaf_value=0.019098266100001107 0.03882081591121285 -0.020967244766137566 0.030577052700854764 -0.014485352582119353 -0.033256970504830945 0.035261513756239815 -0.048436037892007497 -0.0046755878854229087 0.01559393615370369
leaf_weight=7.9792542755603781 6.9547920189797869 9.7768190726637823 10.292613428086041 16.941438142210249 8.7694846764206869 9.1579291187226755 9.4750653766095638 9.4257418885827065 10.145416893064978
leaf_count=56 51 50 72 115 54 77 59 57 58
internal_value=0 -0.00849107 0.00711067 0.0013357 -0.00614092 0.00297018 -0.0141615 -0.0266129 -0.00234843
internal_weight=0 46.8023 52.1163 41.8236 34.8689 26.0994 38.823 18.9008 19.9222
internal_count=649 280 369 297 246 192 224 116 108
is_linear=0
shrinkage=0.05


Tree=73
num_leaves=7
num_cat=0
split_feature=2 1 0 13 11 1
split_gain=2.87333 3.59875 5.11498 3.66484 3.6482 2.46615
threshold=2.4914203991389816 1.3424686326176689 0.69510656975408036 -3.6278383678898343 0.90125000000000011 1.6161750093080098
decision_type=2 2 2 2 2 2
left_child=1 2 3 -1 -5 -3
right_child=-2 5 -4 4 -6 -7
leaf_value=-0.017082150619020884 -0.024018954021230259 0.046034549356375964 -0.03591341389639665 0.0052902024540438745 0.041212946402131183 0.0062418165160526996
leaf_weight=14.177494697272769 9.5070996135473234 8.0054777488112432 8.6360290050506574 38.261204220354564 8.669110853224991 7.5805265456438056
leaf_count=84 58 54 47 249 88 47
internal_value=0 0.00495961 0.000105497 0.00519585 0.011926 0.0266807
internal_weight=0 85.3298 69.7438 61.1078 46.9303 15.586
internal_count=627 569 468 421 337 101
is_linear=0
shrinkage=0.05


Tree=74
num_leaves=9
num_cat=0
split_feature=18 23 28 13 3 27 24 1
split_gain=4.41313 3.11382 4.48217 3.61679 3.39162 2.87679 2.44101 1.34041
threshold=3.5000000000000004 -1.8775852238819464 0.84076725403335417 -2.0546630966799593 -1.4837631846575337 -0.11341768360117994 -3.0802960068471843 -0.61566227037996846
decision_type=2 2 2 2 2 8 10 2
left_child=1 2 -1 -3 -5 -4 -6 -7
right_child=-2 3 5 4 6 7 -8 -9
leaf_value=-0.020505902940155706 0.026629768385650423 -0.040898943416583122 -0.0069689390103521084 0.020917848238189898 -0.036628044562884828 0.042426738031129278 -0.0056578358935282123 0.014244137183280676
leaf_weight=11.981661964207886 11.707163799554108 10.224642433226107 8.5962728001177293 8.2725646831095165 9.230794817209242 8.5780915655195731 20.47495615109802 8.3026630654931086
leaf_count=83 80 51 61 73 48 65 134 49
internal_value=0 -0.00609934 0.00471461 -0.0145029 -0.00739647 0.0165756 -0.0152815 0.0285654
internal_weight=0 85.6616 37.4587 48.203 37.9783 25.477 29.7058 16.8808
internal_count=644 564 258 306 255 175 182 114
is_linear=0
shrinkage=0.05


Tree=75
num_leaves=9
num_cat=0
split_feature=4 13 13 4 16 0 13 3
split_gain=2.6282 5.88574 2.84254 5.65438 4.22403 2.61073 2.56073 2.02794
threshold=-3.4622371345004086 -1.9603598606561421 1.2847594721407158 1.899518541307669 59.901889415387267 -0.84296807075147384 -3.6376456061778804 1.6462189019003082
decision_type=2 2 2 2 2 2 2 2
left_child=6 -2 5 -4 -5 -3 -1 -7
right_child=1 2 3 4 -6 7 -8 -9
leaf_value=0.00276001773724308 -0.032886021380410538 -0.0029883564407860302 -0.032690486026351037 0.033765223024177879 -0.0041404100424352079 0.053793364766276289 0.038379451155108497 0.013158626449832893
leaf_weight=11.473795682191851 12.675542980432509 7.5672167912125614 11.599432192742823 10.690870575606821 23.515292190015316 6.4117751307785493 9.0066357515752298 5.8919410929083824
leaf_count=72 64 67 60 69 146 56 80 45
internal_value=0 -0.0016923 0.00432807 -0.00252315 0.0077067 0.0201212 0.0184243 0.0343344
internal_weight=0 78.3521 65.6765 45.8056 34.2062 19.8709 20.4804 12.3037
internal_count=659 507 443 275 215 168 152 101
is_linear=0
shrinkage=0.05


Tree=76
num_leaves=10
num_cat=0
split_feature=7 4 18 15 18 13 27 13 15
split_gain=2.62912 6.65652 4.90657 4.55038 5.30432 3.64121 3.61062 3.28717 3.38254
threshold=24.79266204125803 5.3532753538094626 2.5000000000000004 0.6585750207561516 1.5000000000000002 -2.541217128231541 0.087344034595318906 3.4982156263843573 -1.2368843977370994
decision_type=2 2 2 2 2 2 8 2 2
left_child=1 3 7 5 -5 -1 -7 8 -2
right_child=2 -3 -4 4 -6 6 -8 -9 -10
leaf_value=-0.02357942161189544 -0.0041845565647949451 0.036388618616076167 0.048424771246932952 -0.004938119818386732 -0.053748362079493163 -0.011993138635513462 0.02870000690777133 -0.028195331863869424 0.037590155679445833
leaf_weight=10.767836470156906 12.343371469527485 8.3872029706835729 7.2932975441217414 11.343344125896694 10.928594410419462 9.3269147053360957 13.117414321750401 6.6888640522956839 7.9774245768785503
leaf_count=61 84 53 54 72 59 61 98 41 68
internal_value=0 -0.00512748 0.012034 -0.0114032 -0.0288888 0.000322519 0.0117897 0.00220759 0.0122151
internal_weight=0 63.8713 34.303 55.4841 22.2719 33.2122 22.4443 27.0097 20.3208
internal_count=651 404 247 351 131 220 159 193 152
is_linear=0
shrinkage=0.05


Tree=77
num_leaves=7
num_cat=0
split_feature=24 20 24 0 2 13
split_gain=3.36882 2.56866 2.08274 1.99677 3.39969 4.16891
threshold=-5.2924405935324321 0.35744842442669561 22.497021213725464 1.2238402572129716 1.7157953345016235 2.0934699147053286
decision_type=10 2 10 2 2 2
left_child=-1 3 -3 4 5 -2
right_child=1 2 -4 -5 -6 -7
leaf_value=0.023444615626530399 -0.0012566455077759511 0.00053106662443752021 0.033795363351841884 -0.029816256162937996 0.021597212797670143 -0.038659268272551089
leaf_weight=15.221202403306959 31.162030898034573 12.193210719153287 7.6629569642245761 8.5088151767849904 10.578548535704611 9.790761932730673
leaf_count=93 219 92 55 50 73 54
internal_value=0 -0.002221 0.0133685 -0.00737668 -0.00367148 -0.0101987
internal_weight=0 79.8963 19.8562 60.0402 51.5313 40.9528
internal_count=636 543 147 396 346 273
is_linear=0
shrinkage=0.05


Tree=78
num_leaves=6
num_cat=0
split_feature=12 12 4 16 27
split_gain=2.91219 3.75342 2.67659 5.32318 4.1269
threshold=1.8610444323119613 2.1622523747701523 -4.7326291013165127 44.881568922601168 0.27723143339075973
decision_type=2 2 2 2 10
left_child=-1 -2 -3 -4 -5
right_child=1 2 3 4 -6
leaf_value=0.021594046258300907 -0.027600918541573861 0.024865051249414186 -0.029374151655626769 0.032875053358192234 -0.0032825896008738379
leaf_weight=12.631413659080861 14.166986975818871 9.8014620244503003 14.694355413317679 10.419716298580168 32.524960599839687
leaf_count=83 89 79 87 76 214
internal_value=0 -0.004205 0.000709696 -0.0033979 0.00549038
internal_weight=0 81.6075 67.4405 57.639 42.9447
internal_count=628 545 456 377 290
is_linear=0
shrinkage=0.05


Tree=79
num_leaves=10
num_cat=0
split_feature=28 17 17 23 4 28 13 17 23
split_gain=2.98438 4.29922 6.50137 3.107 5.36921 2.89354 2.64178 2.25439 2.23187
threshold=0.81127119517574364 0.49929728718111455 0.62835307974903543 -1.8775852238819464 1.8639094384952255 2.3036611955735262 3.5282468937201052 0.5714576085429296 3.1418097196081418
decision_type=2 2 2 2 2 2 2 2 2
left_child=1 -1 -3 5 8 7 -6 -2 -5
right_child=3 2 -4 4 6 -7 -8 -9 -10
leaf_value=0.013273156948040913 0.046326986313260279 -0.056940360272302898 0.0026438251969169171 -0.04675470529317706 0.025429433284531719 -0.00075771843334606259 -0.010155480376316556 0.008346157343864638 -0.010370545909961087
leaf_weight=9.1960346661508101 9.8276570402085834 9.6289288476109522 8.7276228331029397 6.9948869422078159 13.943184845149519 12.480251502245663 8.3324546217918378 6.4851414822041979 10.605176161974667
leaf_count=65 72 58 64 45 93 82 51 44 68
internal_value=0 -0.0146317 -0.0286111 0.00484758 -0.00418997 0.0173637 0.0121185 0.0312277 -0.0248309
internal_weight=0 27.5526 18.3566 68.6688 39.8757 28.7931 22.2756 16.3128 17.6001
internal_count=642 187 122 455 257 198 144 116 113
is_linear=0
shrinkage=0.05


Tree=80
num_leaves=6
num_cat=0
split_feature=11 22 22 4 27
split_gain=3.59299 3.41053 7.26161 2.5118 4.35945
threshold=0.66291666666666671 1.0000000180025095e-35 1.5000000000000002 -4.7326291013165127 0.11370580032877232
decision_type=2 2 2 2 10
left_child=-1 -2 -3 -4 -5
right_child=1 2 3 4 -6
leaf_value=-0.020755681750362714 0.030083109812670795 -0.03155010681704732 0.032632946086924255 -0.025197019462035303 0.012513720673771853
leaf_weight=18.403358094394207 10.665256291627882 14.550086323171852 8.9051479771733266 10.111793685704468 31.655796751379967
leaf_count=94 83 93 73 61 229
internal_value=0 0.00387061 -0.000415665 0.00852423 0.00338408
internal_weight=0 75.8881 65.2228 50.6727 41.7676
internal_count=633 539 456 363 290
is_linear=0
shrinkage=0.05


Tree=81
num_leaves=9
num_cat=0
split_feature=7 7 15 3 4 13 13 15
split_gain=3.43921 2.87467 3.38219 3.03531 2.48223 4.92542 3.34448 3.36201
threshold=24.79266204125803 31.507253619357069 -1.2368843977370994 2.2136404076551313 5.3532753538094626 2.3111975133754847 -2.5230237682194327 0.77425336669117439
decision_type=2 2 2 2 2 2 2 2
left_child=4 3 -3 -2 5 6 -1 -8
right_child=1 2 -4 -5 -6 -7 7 -9
leaf_value=-0.024043439339301826 0.05465267959310971 -0.021217378759990704 0.021652359467021182 0.0085791363306785291 0.020952846936907379 -0.039488754797227077 0.019133146916365022 -0.014152102161641734
leaf_weight=11.604284603148697 7.4453611392527801 8.228918980807066 10.435231287032366 6.8760763332247734 8.4705087617039663 10.192226700484751 21.107642527669668 11.842891447246073
leaf_count=66 66 56 76 46 52 54 154 79
internal_value=0 0.0156811 0.00275133 0.0325316 -0.00423538 -0.00813252 -0.000959562 0.00716995
internal_weight=0 32.9856 18.6642 14.3214 63.2176 54.747 44.5548 32.9505
internal_count=649 244 132 112 405 353 299 233
is_linear=0
shrinkage=0.05


Tree=82
num_leaves=11
num_cat=0
split_feature=24 24 11 26 23 23 25 20 6 13
split_gain=1.87972 4.31327 4.76415 3.41903 5.35234 5.0656 3.84766 3.03135 2.21481 1.98536
threshold=5.0172205068470594 27.369651183285395 0.79208333333333336 0.014131254062626709 -4.7276345920475826 -10.579923123579409 21.042205392597566 0.16420325109986394 63.682180674934848 -1.0000000180025095e-35
decision_type=8 10 2 10 2 2 8 2 2 2
left_child=7 3 -3 4 5 -2 -6 8 -1 -9
right_child=1 2 -4 -5 6 -7 -8 9 -10 -11
leaf_value=0.027917256165022171 0.014012692747759473 0.0084835988507743106 -0.036305458870270986 0.039010258212944925 0.049367761342137544 -0.044298034422066396 -0.0011184135552566518 -0.040215476261599693 -0.01114994012743495 -0.0074314792784310807
leaf_weight=7.4358797557651979 7.687031164765358 13.995510749518873 10.311621487140654 11.623290531337259 8.8232681043446082 7.2254670038819313 6.5945361144840691 8.1087946388870478 7.0841259136795998 10.727257877588272
leaf_count=56 56 93 59 79 73 47 45 49 47 66
internal_value=0 0.00624266 -0.0105169 0.0159528 0.0071167 -0.0142403 0.0277737 -0.00831083 0.00885687 -0.0215448
internal_weight=0 66.2607 24.3071 41.9536 30.3303 14.9125 15.4178 33.3561 14.52 18.8361
internal_count=670 452 152 300 221 103 118 218 103 115
is_linear=0
shrinkage=0.05


Tree=83
num_leaves=9
num_cat=0
split_feature=28 26 26 27 27 15 3 25
split_gain=2.26484 2.49102 2.41896 3.49388 4.83259 3.20226 2.41968 1.2455
threshold=5.542144944378232 0.080443496019844893 -0.0022051029884827393 0.11370580032877232 0.70702668390308065 2.3314599457115106 2.3113148128814553 32.141852127290939
decision_type=2 8 10 8 8 2 2 10
left_child=1 2 5 -4 -5 6 -1 -3
right_child=-2 7 3 4 -6 -7 -8 -9
leaf_value=0.0090996702030726861 -0.022970235906802576 0.0080694039396363732 -0.035496435616858689 0.031300428317942296 -0.020707333638844774 -0.015317592116577523 0.042517197734439016 0.036695945985283016
leaf_weight=28.318269267678261 7.9495020434260359 7.1543180309236041 9.3489938303828222 7.9642874412238616 10.170876786112787 11.109655562788246 6.6981517747044554 8.1034006774425489
leaf_count=219 40 56 54 56 61 72 48 51
internal_value=0 0.00488603 0.00107483 -0.0106673 0.00213253 0.00807136 0.015492 0.023273
internal_weight=0 88.868 73.6102 27.4842 18.1352 46.1261 35.0164 15.2577
internal_count=657 617 510 171 117 339 267 107
is_linear=0
shrinkage=0.05


Tree=84
num_leaves=8
num_cat=0
split_feature=15 22 22 3 4 3 28
split_gain=2.45382 4.81416 3.53149 3.19651 3.17482 2.33185 2.31938
threshold=2.0423797661599816 1.0000000180025095e-35 1.5000000000000002 2.4711799531657661 -4.3339247001180548 2.0065682797664497 1.4341054518776108
decision_type=2 2 2 2 2 2 2
left_child=1 -1 -3 4 -4 -2 -7
right_child=5 2 3 -5 -6 6 -8
leaf_value=0.043705234538515436 -0.029110284128664135 -0.015658917518071552 0.030197240411485304 0.042771032280553657 -0.0030981662850000737 -0.018028035094767646 0.01783323386593489
leaf_weight=8.972477285191415 8.938922446221115 16.009593337774277 9.7977289445698208 6.9957494586706153 26.590245597064499 8.054366387426855 10.242525428533552
leaf_count=71 56 98 82 50 176 52 63
internal_value=0 0.00956838 0.00441137 0.0118178 0.00586687 -0.008179 0.00204696
internal_weight=0 68.3658 59.3933 43.3837 36.388 27.2358 18.2969
internal_count=648 477 406 308 258 171 115
is_linear=0
shrinkage=0.05


Tree=85
num_leaves=6
num_cat=0
split_feature=3 13 4 23 9
split_gain=1.942 6.03245 3.18775 2.83688 2.65094
threshold=-3.6343451484697211 -3.6278383678898343 -3.4622371345004086 -8.9730802139213122 1.8974217689362671
decision_type=2 2 2 2 2
left_child=-1 -2 -3 -4 -5
right_child=1 2 3 4 -6
leaf_value=0.025105480078739487 -0.045008992175483875 0.031097165025388812 -0.022728395064520263 -0.0034660325687172477 0.020987239935564179
leaf_weight=6.680786468088626 7.7438582256436339 8.0235701687633973 13.5739873573184 44.616090688854456 14.746392879635094
leaf_count=52 42 72 81 299 96
internal_value=0 -0.00284883 0.0011838 -0.0021069 0.00260847
internal_weight=0 88.7039 80.96 72.9365 59.3625
internal_count=642 590 548 476 395
is_linear=0
shrinkage=0.05


Tree=86
num_leaves=8
num_cat=0
split_feature=19 19 13 4 7 15 27
split_gain=2.00235 3.79116 3.07819 3.47442 3.04491 4.71402 2.49149
threshold=0.46819327813386191 0.31840577040726914 -2.541217128231541 -4.7326291013165127 20.225600853799769 0.45420858868839392 0.89786370332773391
decision_type=2 2 2 2 2 2 8
left_child=1 2 3 -1 5 -4 -6
right_child=-2 -3 4 -5 6 -7 -8
leaf_value=0.0083003432396455551 0.024472862247096175 -0.025219681001733236 0.023200487630088668 -0.034738344577518919 0.011193833173736413 -0.02054795109638578 0.044779010603403675
leaf_weight=9.0908117294311541 8.2175025418400747 13.910008259117602 10.519870135933163 9.6850593015551549 16.925776291638616 14.849014572799204 8.1960830576717836
leaf_count=70 60 88 72 47 140 88 61
internal_value=0 -0.00139902 0.0033846 -0.0139001 0.00981222 -0.00240652 0.0221511
internal_weight=0 83.1766 69.2666 18.7759 50.4907 25.3689 25.1219
internal_count=626 566 478 117 361 160 201
is_linear=0
shrinkage=0.05


Tree=87
num_leaves=11
num_cat=0
split_feature=27 24 28 27 20 28 28 21 20 28
split_gain=2.63603 5.83932 5.151 3.39117 3.26872 5.44827 2.70321 4.07173 3.1336 1.86611
threshold=0.25567040783515455 21.789267947147543 2.3374539511808758 0.095385215803595352 0.086716761395970315 2.4287604027379124 1.3615869196780386 14.500000000000002 0.26907513526861354 0.80340116558021712
decision_type=10 8 2 8 2 2 2 2 2 2
left_child=2 4 3 9 5 -2 8 -8 -6 -1
right_child=1 -3 -4 -5 6 -7 7 -9 -10 -11
leaf_value=-0.0061420802034396899 0.048880794708896884 -0.049165942063684187 -0.026210195031596956 0.053843078275362478 -0.043961115711449922 -0.010073401757314969 -0.022314173112157082 0.023176124253230235 -7.37110774454948e-05 0.024864971910051853
leaf_weight=8.3678965736180562 7.7295753546059114 6.862167101353406 7.0333430208265773 6.3326986618340042 8.691082991659643 7.949270598590374 8.5217495616525429 11.635414276272057 7.6449915692210189 11.550071367993949
leaf_count=56 64 39 46 53 52 51 51 85 50 87
internal_value=0 -0.0058061 0.0117901 0.0219716 -0.000102998 0.0189907 -0.00830634 0.0039444 -0.0234226 0.0118384
internal_weight=0 59.0343 33.284 26.2507 52.1721 15.6788 36.4932 20.1572 16.3361 19.918
internal_count=634 392 242 196 353 115 238 136 102 143
is_linear=0
shrinkage=0.05


Tree=88
num_leaves=8
num_cat=0
split_feature=0 0 13 13 3 11 2
split_gain=4.03021 3.70087 2.4806 6.17452 4.44227 3.35224 1.98867
threshold=-1.1893880444739817 -0.92355948784507147 1.2847594721407158 -2.5480821243196505 1.8545170655651235 0.78625000000000012 2.074632749581879
decision_type=2 2 2 2 2 2 2
left_child=-1 -2 3 -3 -4 -5 -6
right_child=1 2 4 5 6 -7 -8
leaf_value=0.031379766106688967 -0.030879527120727796 -0.010806350978050794 -0.037749131843744781 0.061111579897237173 0.013071146274160006 0.014608665456722167 -0.011270767679144507
leaf_weight=10.228655014187096 9.7157296091318113 14.358500719070436 8.6639333814382535 6.7636345811188212 19.052283383905888 9.0752911604940874 14.993856921792029
leaf_count=80 64 89 45 56 123 83 95
internal_value=0 -0.00189146 0.00197152 0.0129399 -0.00578348 0.0344666 0.00235101
internal_weight=0 82.6232 72.9075 30.1974 42.7101 15.8389 34.0461
internal_count=635 555 491 228 263 139 218
is_linear=0
shrinkage=0.05


Tree=89
num_leaves=7
num_cat=0
split_feature=26 17 6 17 20 13
split_gain=2.7793 3.16321 3.83564 3.09119 3.85432 3.4557
threshold=-2.0420827403380177 0.41849086710910716 62.540228086846277 0.73169953903695073 0.37074923708804414 -2.541217128231541
decision_type=8 2 2 2 2 2
left_child=-1 2 -2 4 5 -3
right_child=1 3 -4 -5 -6 -7
leaf_value=0.028307473841305976 0.032667116212328415 -0.043827557614377864 -0.013881535241885829 0.021063087127752275 0.013134608726125822 -0.011013414336868293
leaf_weight=7.96913075260818 11.947550673037769 10.375114213675259 7.0292295068502417 8.1700904071331006 12.241127159446476 35.395400254055858
leaf_count=68 87 60 46 54 91 236
internal_value=0 -0.00257114 0.0154249 -0.00773129 -0.0117866 -0.0184516
internal_weight=0 85.1585 18.9768 66.1817 58.0116 45.7705
internal_count=642 574 133 441 387 296
is_linear=0
shrinkage=0.05


Tree=90
num_leaves=7
num_cat=0
split_feature=24 20 26 2 3 17
split_gain=2.4861 4.04527 3.67812 2.69559 5.09756 2.66822
threshold=28.414456681519127 0.19651008380931143 -0.049113401784647744 2.1588282274196753 2.4711799531657661 0.64082475769504177
decision_type=10 2 8 2 2 2
left_child=2 -2 -1 4 5 -4
right_child=1 -3 3 -5 -6 -7
leaf_value=0.036767976999975686 -0.031124005612478585 0.0098788338117494299 -0.0078273087206987297 -0.024647890597615477 0.040453453112383485 0.02482716197111149
leaf_weight=7.965421549975872 14.155883669853212 10.460256464779375 35.013858418911695 8.9842326678335649 8.4802478365600091 7.6164826415479174
leaf_count=74 85 72 228 57 64 56
internal_value=0 -0.0137005 0.00484154 0.000609775 0.00504957 -0.00199315
internal_weight=0 24.6161 68.0602 60.0948 51.1106 42.6303
internal_count=636 157 479 405 348 284
is_linear=0
shrinkage=0.05


Tree=91
num_leaves=8
num_cat=0
split_feature=11 21 7 18 13 24 27
split_gain=1.78746 3.49226 1.82018 2.24551 4.09427 2.32344 1.13731
threshold=0.61791666666666678 18.500000000000004 31.344780176641311 1.5000000000000002 -1.3995232834931353 24.633210681178035 0.45017331128825794
decision_type=2 2 2 2 2 10 8
left_child=-1 2 3 4 -2 -5 -4
right_child=1 -3 6 5 -6 -7 -8
leaf_value=-0.021746383583605661 6.0831651822796104e-05 -0.026513868623417459 -0.026369265186826835 0.0060773454835192893 0.036704911825739969 -0.027729333190611584 0.00075042905634621225
leaf_weight=12.441985182464121 17.566062647849321 11.850525144487618 7.4527062438428384 16.262379679828886 13.466354276984932 7.3927869126200667 8.0326246768236143
leaf_count=66 123 78 52 110 120 43 56
internal_value=0 -0.00140829 0.00283144 0.00711651 0.0159623 -0.00448802 -0.0123016
internal_weight=0 82.0234 70.1729 54.6876 31.0324 23.6552 15.4853
internal_count=648 582 504 396 243 153 108
is_linear=0
shrinkage=0.05


Tree=92
num_leaves=10
num_cat=0
split_feature=11 11 11 3 11 24 10 19 4
split_gain=3.11224 3.7667 5.23049 3.97915 2.82925 3.35914 2.70945 2.74939 1.73015
threshold=0.89791666666666681 0.79622175141242946 0.74708333333333343 -2.2202631687977861 0.92541666666666678 5.0172205068470594 1.9092233940290739 0.11310361371852966 1.5033113855954898
decision_type=2 2 2 2 2 8 2 2 2
left_child=1 2 6 -3 -2 -6 7 -1 -5
right_child=4 3 -4 8 5 -7 -8 -9 -10
leaf_value=-0.013047339119955793 0.045865050139456291 0.0066679852140648591 0.038563597729698057 -0.049797508755282667 -0.024181022230891122 0.021332953972072102 -0.027921711084242185 0.019722554459628873 -0.018064910516824642
leaf_weight=12.339841555804016 6.0258390456438091 9.4400953277945536 8.936464771628378 8.4878264814615267 6.0363439433276627 12.344244925305251 9.0118444263935071 13.298740833997725 8.6966696828603727
leaf_count=73 52 66 73 49 53 98 46 85 53
internal_value=0 -0.004594 0.00445728 -0.0194118 0.016133 0.00638577 -0.00433885 0.00395042 -0.0337384
internal_weight=0 70.2115 43.5869 26.6246 24.4064 18.3806 34.6504 25.6386 17.1845
internal_count=648 445 277 168 203 151 204 158 102
is_linear=0
shrinkage=0.05


Tree=93
num_leaves=9
num_cat=0
split_feature=18 27 18 25 13 10 10 23
split_gain=2.31589 3.36071 3.35195 6.92047 4.88986 4.36709 2.966 2.473
threshold=2.5000000000000004 0.7590692435597548 1.0000000180025095e-35 25.578195933898396 -0.79899052858916453 1.6606310656945975 -1.630896967166225 -2.4635588471449665
decision_type=2 10 2 10 2 2 2 2
left_child=2 -2 4 5 6 -4 7 -1
right_child=1 -3 3 -5 -6 -7 -8 -9
leaf_value=0.015083017028946058 -0.0036309181110169781 0.040109760975650749 -0.021283596955620529 -0.043362193444207872 0.034147008673174994 0.028216618319271053 -0.032365519699811759 -0.016223575237845105
leaf_weight=14.735958904027937 12.05548467859626 6.9075428619980803 9.4029278960078972 15.652024582028387 9.2778222467750293 8.4687819704413396 8.5091309025883692 11.029309682548044
leaf_count=104 82 53 61 77 87 61 61 71
internal_value=0 0.0123022 -0.00720249 -0.0190872 0.0019456 0.00217283 -0.00677108 0.00168164
internal_weight=0 18.963 77.076 33.5237 43.5522 17.8717 34.2744 25.7653
internal_count=657 135 522 199 323 122 236 175
is_linear=0
shrinkage=0.05


Tree=94
num_leaves=6
num_cat=0
split_feature=26 28 1 26 26
split_gain=2.26104 2.70903 2.94181 2.77357 1.67475
threshold=0.23841308242176765 0.30474669303318719 1.6173798232773284 0.019775709273337078 -0.01337649493479443
decision_type=8 2 2 10 8
left_child=1 -1 3 4 -3
right_child=-2 2 -4 -5 -6
leaf_value=-0.029391053987936001 0.020838324956567917 0.0041496640280696525 -0.020843586126611753 -0.011620639597610264 0.02423244112805048
leaf_weight=7.8422723449766627 13.224345225840805 23.630722979083657 12.080936182290314 15.748975310474632 18.514542236924171
leaf_count=55 94 173 73 89 142
internal_value=0 -0.00152413 0.00159898 0.00628213 0.0129721
internal_weight=0 77.8174 69.9752 57.8942 42.1453
internal_count=626 532 477 404 315
is_linear=0
shrinkage=0.05


Tree=95
num_leaves=9
num_cat=0
split_feature=27 20 17 17 6 13 13 28
split_gain=2.53145 3.55382 2.73315 3.97241 3.33831 3.01399 4.45218 1.78876
threshold=-0.23516774210516142 1.0000000180025095e-35 0.52534039143786171 0.63265889830977973 64.85808892208351 -2.2027949652098688 1.6295786750708088 0.94625353635465725
decision_type=10 2 2 2 2 2 2 2
left_child=-1 -2 5 7 -5 -3 -7 -4
right_child=1 2 3 4 -6 6 -8 -9
leaf_value=0.019532189067736318 0.025488151874464116 -0.020797118687231383 -0.052632865828647825 0.015184065772660288 -0.030875725782132331 0.039642118021835045 -0.0044655698105674196 -0.021454343755819817
leaf_weight=12.544366298243402 8.7608142215758544 10.494821719825262 7.3659697752445963 11.609770260751249 5.9500312432646743 8.8485647570341879 16.187253709882498 12.251821275800465
leaf_count=99 59 65 42 89 40 84 99 75
internal_value=0 -0.00459622 -0.00822117 -0.0176982 -0.000423013 0.00169511 0.0111237 -0.0331611
internal_weight=0 81.469 72.7082 37.1776 17.5598 35.5306 25.0358 19.6178
internal_count=652 553 494 246 129 248 183 117
is_linear=0
shrinkage=0.05


Tree=96
num_leaves=6
num_cat=0
split_feature=26 28 1 21 3
split_gain=2.07615 2.90504 3.28657 2.61601 2.69891
threshold=0.23841308242176765 0.30474669303318719 1.6173798232773284 18.500000000000004 2.2136404076551313
decision_type=10 2 2 2 2
left_child=1 -1 3 4 -3
right_child=-2 2 -4 -5 -6
leaf_value=-0.032162966568545732 0.020277190439429525 0.0043190960976377951 -0.021864599393150535 -0.020348890380941627 0.034053050335156411
leaf_weight=7.5682097356766453 11.21624695882201 37.840649545192719 13.288003396242855 8.1510565392672998 9.5597690343856794
leaf_count=52 76 278 82 55 71
internal_value=0 -0.00275942 0.0004732 0.00581644 0.0103159
internal_weight=0 76.4077 68.8395 55.5515 47.4004
internal_count=614 538 486 404 349
is_linear=0
shrinkage=0.05


Tree=97
num_leaves=9
num_cat=0
split_feature=11 0 28 9 6 6 19 28
split_gain=2.60049 2.19205 3.27798 2.41946 2.39512 3.95769 3.40927 2.98323
threshold=0.61791666666666678 -0.45799624636630804 1.2235795656558355 -1.8821460201929241 60.272015985047894 64.047126621639549 0.32710934275177755 1.559802387485514
decision_type=2 2 2 2 2 2 2 2
left_child=-1 2 -2 -4 7 -6 -7 -3
right_child=1 4 3 -5 5 6 -8 -9
leaf_value=-0.021264982851074494 -0.0044752969203705455 0.0021128309117068238 0.0144773327558562 0.054676386055700521 0.027191164911662735 0.0044407815181105774 -0.0361626578836911 -0.042357108974956259
leaf_weight=12.294269524514673 12.611061291769149 7.7755943313240987 9.9200592357665283 6.0112259797751895 12.439511384814976 17.906080305576328 7.2683326229453078 7.3232429437339306
leaf_count=66 96 56 77 57 87 127 44 44
internal_value=0 0.0034091 0.0145696 0.0296453 -0.00263396 0.00411868 -0.0072822 -0.019456
internal_weight=0 81.2551 28.5423 15.9313 52.7128 37.6139 25.1744 15.0988
internal_count=654 588 230 134 358 258 171 100
is_linear=0
shrinkage=0.05


Tree=98
num_leaves=9
num_cat=0
split_feature=20 20 24 6 24 23 16 11
split_gain=2.82989 2.99731 2.73568 3.28156 2.40483 2.3659 5.07429 2.17195
threshold=0.16346590100706807 0.20680731059380589 25.401466291111259 67.341301269232119 5.2817935374236873 -7.0191105471249751 56.772022378504325 0.84291666666666687
decision_type=2 2 10 2 10 2 2 2
left_child=2 -2 3 7 -3 -6 -7 -1
right_child=1 4 -4 -5 5 6 -8 -9
leaf_value=0.042204819066524235 -0.037261198035068631 -0.020715801957580188 -0.01013494593328554 -0.01346103345668781 -0.011441385440800809 0.043048457067192424 -0.015105145536149667 0.010384217702737158
leaf_weight=10.940897319465881 8.119874779134987 14.396310482174156 13.757587574422358 6.7067348733544341 12.78534250333905 8.6118586193770188 6.6459534466266623 10.517775520682333
leaf_count=80 50 90 91 45 92 72 44 81
internal_value=0 -0.00942912 0.00814029 0.017067 -0.00410406 0.00442379 0.0177181 0.0266082
internal_weight=0 50.5593 41.923 28.1654 42.4395 28.0432 15.2578 21.4587
internal_count=645 348 297 206 298 208 116 161
is_linear=0
shrinkage=0.05


Tree=99
num_leaves=7
num_cat=0
split_feature=10 1 2 23 23 24
split_gain=1.64152 2.12859 4.23373 2.79662 2.56848 2.28099
threshold=-2.5489427742742685 1.3424686326176689 2.3023834220506547 -12.959279862973384 -7.8509753017890747 -6.3446120070575933
decision_type=2 2 2 2 2 8
left_child=-1 3 -3 -2 -5 -6
right_child=1 2 -4 4 5 -7
leaf_value=0.025000028496131973 0.018880670487738026 0.034990792940971474 -0.0074536884907635582 -0.037672511942890043 -0.027204299748923189 0.00054333565146775099
leaf_weight=7.0430616699159136 10.264223549515007 11.179533816874029 12.382561556994913 7.0785152204334727 9.3653115443885309 35.410639733076096
leaf_count=57 75 81 76 46 53 260
internal_value=0 -0.000111132 0.012685 -0.0049648 -0.00968484 -0.00526034
internal_weight=0 85.6808 23.5621 62.1187 51.8545 44.776
internal_count=648 591 157 434 359 313
is_linear=0
shrinkage=0.05


Tree=100
num_leaves=9
num_cat=0
split_feature=26 4 2 0 19 13 15 26
split_gain=3.29563 2.95184 2.61851 5.25287 3.87248 3.76316 2.4444 1.7497
threshold=4.8860820641946887 -4.3339247001180548 1.730698386780346 0.70617415602982214 0.32710934275177755 -1.2858345182008553 1.6297436201261719 0.0044438370493860352
decision_type=8 2 2 2 2 2 2 10
left_child=1 7 3 5 6 -3 -4 -1
right_child=-2 2 4 -5 -6 -7 -8 -9
leaf_value=0.032746022130716028 0.034895158846679049 -0.021425320908276594 0.040187644605698486 -0.053183532063441299 -0.022971144384613826 0.0091464070270078236 0.0030137192039109344 -0.0032019090401409697
leaf_weight=8.409718379378317 6.243945848196744 20.900207679718729 7.6908562928438249 7.1569964773952952 7.9949562549591056 19.41790673322976 10.404869258403776 5.6653031408786765
leaf_count=76 45 118 59 42 47 156 67 43
internal_value=0 -0.00270191 -0.00671565 -0.0137087 0.0060091 -0.00670144 0.018813 0.0182767
internal_weight=0 87.6408 73.5658 47.4751 26.0907 40.3181 18.0957 14.075
internal_count=653 608 489 316 173 274 126 119
is_linear=0
shrinkage=0.05


Tree=101
num_leaves=8
num_cat=0
split_feature=11 13 19 24 11 11 26
split_gain=3.04163 3.9575 4.39141 2.94244 2.74233 3.26493 1.643
threshold=0.89791666666666681 3.1623672880430993 0.34005902661994808 5.0172205068470594 0.85875000000000001 0.61791666666666678 -0.0021131039998038797
decision_type=2 2 2 8 2 2 8
left_child=1 2 4 -2 5 -1 -5
right_child=3 -3 -4 6 -6 -7 -8
leaf_value=-0.028771752008222198 -0.010188020776422614 -0.031570575976974227 0.032744041966609447 0.012625299449067776 -0.034192079053729917 0.0061985339487267551 0.047418487604107468
leaf_weight=8.6135664060711843 7.7836123313754797 13.392718583345411 8.0964340008795244 7.5285643953830004 7.8063924238085738 29.647830940783024 6.1768882535398024
leaf_count=46 65 74 57 68 48 210 55
internal_value=0 -0.00723356 -0.00121595 0.0143631 -0.00718444 -0.00167412 0.0283062
internal_weight=0 67.5569 54.1642 21.4891 46.0678 38.2614 13.7055
internal_count=623 435 361 188 304 256 123
is_linear=0
shrinkage=0.05


Tree=102
num_leaves=8
num_cat=0
split_feature=4 20 2 13 4 16 20
split_gain=3.2382 2.50424 2.03734 3.52447 1.96386 4.83892 1.88747
threshold=7.5266738209631487 0.086716761395970315 -1.5149269561509906 -1.9945872997008243 0.7048584616022594 59.901889415387267 0.023842432175591153
decision_type=2 2 2 2 2 2 2
left_child=1 6 3 -3 -4 -6 -1
right_child=-2 2 4 -5 5 -7 -8
leaf_value=-0.0038197453654670709 0.031961377404029594 -0.010994368155144216 -0.031048818678149834 0.03237754170668556 0.017524954930280258 -0.028079616322086182 0.024184266103356
leaf_weight=12.14844053424895 6.9703174382448188 14.251853767782451 13.877204954624174 6.9770624693483105 10.677387319505216 12.777104470878838 11.92164847999811
leaf_count=85 44 97 92 71 73 76 96
internal_value=0 -0.00352658 -0.00910708 0.00326018 -0.0161398 -0.00731866 0.0100503
internal_weight=0 82.6307 58.5606 21.2289 37.3317 23.4545 24.0701
internal_count=634 590 409 168 241 149 181
is_linear=0
shrinkage=0.05


Tree=103
num_leaves=9
num_cat=0
split_feature=22 19 22 19 4 3 15 29
split_gain=3.60428 3.24476 2.80853 2.82315 3.31644 3.11944 2.47919 2.40643
threshold=1.0000000180025095e-35 0.0083374997430266263 1.5000000000000002 0.25604426781731354 2.2307379100401428 -2.2772783689048217 1.6924480578029362 1.561066208248191
decision_type=2 2 2 2 2 2 2 2
left_child=6 -2 7 5 -5 -4 -1 -3
right_child=1 2 3 4 -6 -7 -8 -9
leaf_value=0.045699203407219322 -0.029123730542741078 0.0044648590312466917 -0.0051122568695775982 -0.023436219523541336 0.018719129628414755 0.028870826117723281 0.0040561244454701438 -0.032154095607273767
leaf_weight=7.7431176248937827 8.9319464750587922 8.8594802580773848 9.8443474080413562 11.35655070282519 7.9189115688204756 21.504035696387295 6.638103187084198 9.0891721770167333
leaf_count=68 58 59 78 82 55 154 42 52
internal_value=0 -0.0007772 0.00291509 0.00894031 -0.0061176 0.0181991 0.0264775 -0.0140789
internal_weight=0 77.5044 68.5725 50.6238 19.2755 31.3484 14.3812 17.9487
internal_count=648 538 480 369 137 232 110 111
is_linear=0
shrinkage=0.05


Tree=104
num_leaves=10
num_cat=0
split_feature=11 13 9 17 28 21 12 28 4
split_gain=3.09071 2.61094 2.94833 3.79775 2.91447 4.3062 1.90813 1.87996 1.35919
threshold=0.94791666666666685 -2.541217128231541 0.32771060894916421 0.45434584742154499 0.68325190985509388 14.500000000000002 3.1930430621340649 1.6989252952519422 -1.1721322147007947
decision_type=2 2 2 2 2 2 2 2 2
left_child=1 7 4 -4 -3 -6 -5 -1 -2
right_child=8 2 3 6 5 -7 -8 -9 -10
leaf_value=-0.0041010363572784687 0.0081281211056609126 -0.01457550937380668 -0.03263107422907429 -0.0072983979855806933 -0.0052284895436941169 0.041955250794384301 0.022701737529103913 -0.036856244670576632 0.043086991296960919
leaf_weight=9.3786226846277732 5.5261403732001781 6.4379206262528923 10.337668124586342 14.134953364729883 7.8096531033515957 12.697862405329941 8.4801941215991956 8.2198503129184228 5.5958084184676391
leaf_count=60 44 45 60 89 52 118 54 46 58
internal_value=0 -0.00246873 0.00250586 -0.0075252 0.0147733 0.0239868 0.00395101 -0.0194003 0.025717
internal_weight=0 77.4967 59.8983 32.9528 26.9454 20.5075 22.6151 17.5985 11.1219
internal_count=626 524 418 203 215 170 143 106 102
is_linear=0
shrinkage=0.05


Tree=105
num_leaves=6
num_cat=0
split_feature=28 13 3 27 27
split_gain=2.39436 3.32692 5.6246 3.71936 4.95968
threshold=0.33158250984646037 -4.2751628656661325 -2.5281295964933101 -0.12944347120207636 0.19847671664214855
decision_type=2 2 2 8 10
left_child=-1 -2 -3 -4 -5
right_child=1 2 3 4 -6
leaf_value=-0.022263458889935233 -0.026586840174872114 0.040189960078471657 -0.031818952319087761 0.03762629492660606 -0.0017268546993842412
leaf_weight=10.669654032215474 8.5506989583373052 10.526427507400511 7.7154031619429588 9.7341935206204635 45.105877386406064
leaf_count=70 50 99 52 73 305
internal_value=0 0.00292279 0.00637546 0.00068538 0.00525839
internal_weight=0 81.6326 73.0819 62.5555 54.8401
internal_count=649 579 529 430 378
is_linear=0
shrinkage=0.05


Tree=106
num_leaves=9
num_cat=0
split_feature=19 19 7 15 14 15 15 7
split_gain=2.31594 2.41708 2.67831 5.9884 5.15727 3.90895 2.5621 2.52842
threshold=0.43764709572704369 0.31840577040726914 20.016439942119632 0.45420858868839392 41.656673498030074 -1.2368843977370994 1.5758432252699894 27.081785661545414
decision_type=2 2 2 2 2 2 2 2
left_child=1 2 3 4 -1 7 -7 -4
right_child=-2 -3 5 -5 -6 6 -8 -9
leaf_value=-0.016605403142784629 0.022429304723473653 -0.023734242682306145 0.012057255807180457 -0.033216965969663052 0.041477985732739683 0.043861577980687391 0.0085334309146728911 -0.028501304549275686
leaf_weight=7.8184446580708045 10.589224895462392 11.424403630197046 7.4827701933681912 14.306951988488434 7.4759882912039757 9.3646283969283157 11.35496263951063 7.8988434486091137
leaf_count=47 80 72 61 80 55 86 89 55
internal_value=0 -0.00250735 0.0011836 -0.00996484 0.011786 0.0103248 0.0245007 -0.00877058
internal_weight=0 77.127 65.7026 29.6014 15.2944 36.1012 20.7196 15.3816
internal_count=625 545 473 182 102 291 175 116
is_linear=0
shrinkage=0.05


Tree=107
num_leaves=8
num_cat=0
split_feature=7 24 7 3 15 11 16
split_gain=2.56691 3.69613 3.37377 3.54924 2.53968 3.35824 1.4356
threshold=30.112814421360429 12.924065101543778 24.79266204125803 2.8305834886745673 2.0423797661599816 0.78625000000000012 50.124589815200146
decision_type=2 10 2 2 2 2 2
left_child=2 -2 3 4 5 -1 -4
right_child=1 -3 6 -5 -6 -7 -8
leaf_value=0.017726045467323769 0.0074126600220474808 -0.038952582337742514 0.046275130316552116 0.030604364611603214 -0.024782722713304343 -0.012350699250836712 0.010807098524714506
leaf_weight=16.095238786190748 7.7712527345865992 9.6183462552726251 5.5662736017256957 7.4774757400155059 13.616001486778258 21.921185478568077 5.8528147246688604
leaf_count=113 60 65 49 47 79 159 51
internal_value=0 -0.0182324 0.00321565 -0.00159085 -0.00625341 0.00038307 0.0280961
internal_weight=0 17.3896 70.529 59.1099 51.6324 38.0164 11.4191
internal_count=623 125 498 398 351 272 100
is_linear=0
shrinkage=0.05


Tree=108
num_leaves=10
num_cat=0
split_feature=11 11 11 28 2 19 4 13 7
split_gain=2.24698 3.22627 3.77255 2.88876 2.92804 1.90931 1.7346 1.67979 1.27717
threshold=0.89791666666666681 0.79622175141242946 0.74875000000000014 1.8333460215871409 1.2587958318924921 0.31530275111740164 -0.21189260225842524 -3.3318784632233283 23.630946094125125
decision_type=2 2 2 2 2 2 2 2 2
left_child=1 2 3 -1 -5 6 -3 -2 -9
right_child=7 5 -4 4 -6 -7 -8 8 -10
leaf_value=0.014242941134917612 -0.0066704214781853153 0.0031635754350136111 0.034575583852733946 -0.033468396213255813 0.003997729042970642 -0.040544423198892045 -0.026411306580996143 0.032634309747003036 0.0020849564481462855
leaf_weight=13.514871228486298 7.421031720936301 10.602481544017797 7.8845543526113024 10.827621240168812 10.059904560446737 7.3093592599034301 9.3125165440142137 10.132495587691663 5.1653283983469001
leaf_count=93 47 73 69 63 56 39 63 96 54
internal_value=0 -0.00526288 0.0033802 -0.00376935 -0.0154239 -0.018688 -0.010666 0.0128499 0.0223193
internal_weight=0 69.5113 42.287 34.4024 20.8875 27.2244 19.915 22.7189 15.2978
internal_count=653 456 281 212 119 175 136 197 150
is_linear=0
shrinkage=0.05


Tree=109
num_leaves=8
num_cat=0
split_feature=17 6 13 13 28 3 18
split_gain=2.0187 3.50106 4.61464 4.87729 3.08146 2.70693 2.68889
threshold=0.39985560328271508 63.015911458320559 1.3342476209549499 -1.2488527570101939 1.6574188700493535 -2.5281295964933101 2.5000000000000004
decision_type=2 2 2 2 2 2 2
left_child=4 2 3 5 -1 -2 -3
right_child=1 6 -4 -5 -6 -7 -8
leaf_value=0.037908851962267641 4.0878009808740507e-05 -0.0052216615792714778 -0.039998988942834678 0.029400167960198256 -0.0036586824434747681 -0.031748800905087686 0.02766294808864303
leaf_weight=7.8684039916843203 15.342153947800396 12.694516818970444 11.402723103761671 8.5784910488873738 10.288028370589016 11.883145511150358 12.181065663695334
leaf_count=69 111 83 63 81 65 73 93
internal_value=0 -0.0042987 -0.0122978 -0.00347559 0.0143553 -0.0138345 0.0108813
internal_weight=0 72.0821 47.2065 35.8038 18.1564 27.2253 24.8756
internal_count=638 504 328 265 134 184 176
is_linear=0
shrinkage=0.05


Tree=110
num_leaves=7
num_cat=0
split_feature=18 24 27 17 0 17
split_gain=2.38459 3.33626 4.20749 2.94151 2.51302 2.34029
threshold=3.5000000000000004 33.112984366098324 0.25567040783515455 0.66178177551287154 0.71167594723404604 0.53751473683763085
decision_type=2 10 8 2 2 2
left_child=1 2 5 4 -4 -1
right_child=-2 -3 3 -5 -6 -7
leaf_value=0.044187101612027574 0.019793272701015545 -0.02617593637226881 -0.0046959714202016783 0.021562316569301673 -0.033110572210702301 0.004116859794101712
leaf_weight=7.2450884245336074 11.631501188501714 14.430991087108849 30.518845116719604 7.7988258451223365 10.444270983338354 7.3309792429208755
leaf_count=59 85 96 218 61 60 53
internal_value=0 -0.00447987 0.000463378 -0.0065824 -0.0119408 0.0240339
internal_weight=0 77.769 63.338 48.7619 40.9631 14.5761
internal_count=632 547 451 339 278 112
is_linear=0
shrinkage=0.05


Tree=111
num_leaves=7
num_cat=0
split_feature=4 9 2 4 1 3
split_gain=2.93027 4.00937 3.33754 3.95581 5.22437 2.4758
threshold=-3.613857581693789 -2.4346907321798295 -1.7262681560673252 -1.0322138724798309 1.3424686326176689 -3.2171337044795574
decision_type=2 2 2 2 2 2
left_child=5 -2 -3 -4 -5 -1
right_child=1 2 3 4 -6 -7
leaf_value=-0.00038085332332972005 -0.038611891138863104 0.030116448120110103 -0.03723944951361053 -0.013872469769347726 0.019954577378009784 0.038408215881740142
leaf_weight=8.7213992364704627 8.0870030857622606 7.4894510786980382 8.3147588800638896 27.487657941877842 19.519725691527128 7.786508370190858
leaf_count=67 58 60 50 180 138 67
internal_value=0 -0.00547472 -0.0012083 -0.00544901 0.000174147 0.0179153
internal_weight=0 70.8986 62.8116 55.3221 47.0074 16.5079
internal_count=620 486 428 368 318 134
is_linear=0
shrinkage=0.05


Tree=112
num_leaves=8
num_cat=0
split_feature=4 7 4 7 16 15 14
split_gain=2.22616 5.82228 2.62467 2.25984 1.99092 6.2685 3.08835
threshold=-4.3339247001180548 31.754711932448924 5.3532753538094626 25.838950020162809 60.911874976252008 1.4753563173725379 48.876115866916905
decision_type=2 2 2 2 2 2 2
left_child=1 -1 4 -4 5 6 -2
right_child=2 -3 3 -5 -6 -7 -8
leaf_value=0.045510316259151515 -0.019570990460084429 -0.020508366577093141 0.028554002797861855 -0.0091712718761169983 0.0099063834827377798 -0.052569116395393356 0.0077504928387949826
leaf_weight=7.3457578718662244 22.44527437351644 6.123682539910078 8.7468009963631648 7.2683067247271529 9.3147214427590352 9.2083242237567884 19.183446643874049
leaf_count=74 146 43 60 51 61 54 146
internal_value=0 0.0154959 -0.0065553 0.0114327 -0.0113445 -0.0152383 -0.00698064
internal_weight=0 13.4694 76.1669 16.0151 60.1518 50.837 41.6287
internal_count=635 117 518 111 407 346 292
is_linear=0
shrinkage=0.05


Tree=113
num_leaves=7
num_cat=0
split_feature=26 27 4 13 9 13
split_gain=1.68201 1.78257 3.41393 3.40513 4.70525 3.57467
threshold=2.6166539862068903 1.1491735645365755 4.8093965220772859 1.2847594721407158 1.5594307011198933 -1.2858345182008553
decision_type=8 10 2 2 2 2
left_child=1 2 3 5 -5 -1
right_child=-2 -3 -4 4 -6 -7
leaf_value=-0.0036398184779547998 0.021254288418599714 -0.023225321532680768 0.027148341658029287 0.0061781279678033638 -0.040704528348611657 0.029640266972995162
leaf_weight=30.62531943432986 9.2329931240528804 8.299042057245968 10.830773565918205 9.8282302096486109 11.750075057148932 10.955071598291402
leaf_count=212 69 51 81 63 64 113
internal_value=0 -0.00125207 0.00121256 -0.00323503 -0.019351 0.00512839
internal_weight=0 82.2885 73.9895 63.1587 21.5783 41.5804
internal_count=653 584 533 452 127 325
is_linear=0
shrinkage=0.05


Tree=114
num_leaves=9
num_cat=0
split_feature=11 20 20 24 24 27 4 4
split_gain=2.16275 3.31835 4.27445 2.73499 5.93343 2.85901 2.03663 2.12249
threshold=0.89791666666666681 0.42673054335172705 0.2835782806560122 25.401466291111259 14.272474472260152 -0.034357577265255783 2.2925410461631666 -3.0927318055868187
decision_type=2 2 2 10 10 10 2 2
left_child=1 2 3 4 -1 -5 7 -2
right_child=6 -3 -4 5 -6 -7 -8 -9
leaf_value=-0.0071259010636188476 0.023506509240721632 0.021419966392256407 -0.036890424713419905 0.002291199459723994 0.043903287880050101 -0.036234285531530741 0.039827056622566824 -0.011977094856898544
leaf_weight=21.947447802871469 7.6526255141943738 9.7915426827967149 11.84899318218231 9.1172789596021193 7.6933276914060107 10.20694489777088 5.1579953655600539 9.3799423016607761
leaf_count=141 62 74 74 63 59 58 49 82
internal_value=0 -0.00559396 -0.00994342 -0.00342254 0.00611884 -0.0180577 0.0123012 0.00396547
internal_weight=0 70.6055 60.814 48.965 29.6408 19.3242 22.1906 17.0326
internal_count=662 469 395 321 200 121 193 144
is_linear=0
shrinkage=0.05


Tree=115
num_leaves=8
num_cat=0
split_feature=0 9 2 2 0 18 17
split_gain=2.22257 2.20812 3.30684 3.17929 4.04588 3.60549 2.36548
threshold=-1.1893880444739817 -0.82001940695879016 2.3023834220506547 1.730698386780346 0.70617415602982214 2.5000000000000004 0.53194137911373474
decision_type=2 2 2 2 2 2 2
left_child=-1 6 3 4 -3 -5 -2
right_child=1 2 -4 5 -6 -7 -8
leaf_value=0.022425453970360807 0.00060016916587865706 0.0099181269011618788 -0.020611238003366561 0.0041970238613307275 -0.031581960889307308 0.055893396564873271 -0.030970018458325879
leaf_weight=9.2964321076869947 11.162619752809407 23.492702739313248 12.694707958027719 7.162042595446108 7.8304758109152308 6.374749880284071 12.665942011401055
leaf_count=82 87 169 80 50 47 56 84
internal_value=0 -0.00338093 0.00191842 0.00829398 -0.000456473 0.0285419 -0.0161808
internal_weight=0 81.3832 57.5547 44.86 31.3232 13.5368 23.8286
internal_count=655 573 402 322 216 106 171
is_linear=0
shrinkage=0.05


Tree=116
num_leaves=9
num_cat=0
split_feature=13 17 19 12 25 26 22 3
split_gain=4.18751 3.47103 2.20411 2.46635 2.44944 2.16329 1.86744 1.54615
threshold=-3.6278383678898343 0.66010270638118562 0.09283193481386158 2.9746301331349811 19.252967625656314 -0.0026007275192902967 2.5000000000000004 1.9336266558067849
decision_type=2 2 2 2 10 10 2 2
left_child=-1 2 6 4 -4 -3 -2 -5
right_child=1 5 3 7 -6 -7 -8 -9
leaf_value=-0.025392583764634432 -0.023447518025546281 0.047232604547917452 0.037458332314921031 -0.021665643868282177 0.0049056590109136829 0.0077267192118290924 0.0058042937410015642 0.010689042691534117
leaf_weight=12.307838823646305 13.328618600964548 7.3554538805037737 9.7289752867072838 8.5561557151377183 14.232387918978928 6.5518615618348104 9.237450120970605 6.4957584105432025
leaf_count=74 84 65 94 63 98 46 66 44
internal_value=0 0.00605994 0.000964659 0.008159 0.0181229 0.028621 -0.0114733 -0.00770275
internal_weight=0 75.4867 61.5793 39.0133 23.9614 13.9073 22.5661 15.0519
internal_count=634 560 449 299 192 111 150 107
is_linear=0
shrinkage=0.05


Tree=117
num_leaves=8
num_cat=0
split_feature=4 13 28 19 28 28 28
split_gain=1.99533 2.68727 4.34121 2.33178 2.36133 3.93914 1.69678
threshold=5.3532753538094626 1.8425376627039241 1.271582787651149 0.0036514594246901916 2.4287604027379124 1.3981305791725993 2.1186646787952061
decision_type=2 2 2 2 2 2 2
left_child=1 3 -3 -1 5 -5 -2
right_child=6 2 -4 4 -6 -7 -8
leaf_value=-0.020706541856320024 0.0024717128058832014 0.013873152871706687 -0.033209565283244084 0.0053159907178983411 -0.0080994575602380322 0.044066258781075097 0.035663235376054557
leaf_weight=7.5235193967819205 7.8484988138079625 7.6970947720110443 13.452487427741287 21.889281103387479 13.496721891686319 9.363828292116521 7.5587479323148727
leaf_count=53 59 49 76 182 93 82 49
internal_value=0 -0.00103617 -0.0160745 0.00504827 0.00937827 0.0169261 0.0187554
internal_weight=0 73.4229 21.1496 52.2734 44.7498 31.2531 15.4072
internal_count=643 535 125 410 357 264 108
is_linear=0
shrinkage=0.05


Tree=118
num_leaves=7
num_cat=0
split_feature=26 21 23 4 25 25
split_gain=2.56285 1.89446 2.11921 3.18938 3.13668 2.26962
threshold=2.9093547609571595 18.500000000000004 -12.959279862973384 3.8391884319279757 8.7928114788420952 30.297993973687333
decision_type=10 2 2 2 10 8
left_child=1 2 -1 4 -4 -5
right_child=-2 -3 3 5 -6 -7
leaf_value=0.019759500467556593 0.028301506873333077 -0.020299117599813583 0.0061672564156390478 0.039278382862571959 -0.021568582632479672 0.00060764153856636329
leaf_weight=12.685623742640017 7.6992371454834929 11.918883100152014 17.476258426904678 6.4154997915029508 24.461613615974784 9.2865334600210172
leaf_count=98 54 75 136 54 171 58
internal_value=0 -0.00186602 0.00125805 -0.00281382 -0.0100106 0.0164076
internal_weight=0 82.2444 70.3255 57.6399 41.9379 15.702
internal_count=646 592 517 419 307 112
is_linear=0
shrinkage=0.05


Tree=119
num_leaves=11
num_cat=0
split_feature=20 28 19 0 24 12 27 11 4 9
split_gain=3.20568 4.14729 3.39254 5.90185 3.32998 3.17055 3.0229 2.74343 2.6345 1.77668
threshold=0.10832654733672839 2.9383248282604613 0.09283193481386158 0.76728257590763971 27.238489755387928 3.0294595879783413 0.66694038331596828 0.80865097159940225 1.1536712638262914 -0.82001940695879016
decision_type=2 2 2 2 10 2 10 2 2 2
left_child=1 4 5 6 8 7 9 -2 -1 -4
right_child=2 -3 3 -5 -6 -7 -8 -9 -10 -11
leaf_value=0.060865589517770324 -0.054071994186611794 -0.016074833358301469 0.012774639144468242 -0.033770539987117029 -0.0040519652472485639 0.0037821688473520403 -0.0031027009376770561 -0.013356366886593172 0.018142712843883867 0.049455231155418118
leaf_weight=6.8648114539682918 8.3151950202882343 8.7283917833119613 6.3801839686930162 8.0964850857853872 6.7811779342591754 8.4818856604397279 11.746396088972686 8.2341669276356679 7.6069228388369083 6.8407695218920743
leaf_count=63 48 53 57 49 50 58 81 60 63 61
internal_value=0 0.0129433 -0.00718769 0.00332533 0.0248608 -0.0210744 0.0153549 -0.0338139 0.0384087 0.0317539
internal_weight=0 29.9813 58.0951 33.0638 21.2529 25.0312 24.9673 16.5494 14.4717 13.221
internal_count=643 229 414 248 176 166 199 108 126 118
is_linear=0
shrinkage=0.05


Tree=120
num_leaves=9
num_cat=0
split_feature=15 4 16 19 22 3 10 0
split_gain=1.57973 3.61824 3.57123 2.42946 1.8169 4.77196 1.77879 1.62051
threshold=1.5335253776737536 1.9678339066381538 60.911874976252008 0.24757876429279804 1.5000000000000002 -1.854984549303919 -1.5564977867202299 0.53209459588137398
decision_type=2 2 2 2 2 2 2 2
left_child=1 3 -2 4 -1 -6 -5 -4
right_child=2 -3 7 6 5 -7 -8 -9
leaf_value=-0.0072018275090882091 -0.031860452237918828 0.037942051937414609 -0.013865885935271377 -0.0031825140270203695 -0.00016391270537815806 0.051431044243887183 -0.038371859120123676 0.014136116303494345
leaf_weight=13.676152093335984 11.51459316909313 7.0278981029987326 8.7437106538563985 9.0129409674555045 14.043910918757316 6.5817652717232749 5.9699517562985411 12.629671785980461
leaf_count=96 68 57 63 74 108 57 39 83
internal_value=0 0.00437917 -0.00941271 -0.000406823 0.00693 0.0163003 -0.0172038 0.00268068
internal_weight=0 56.3126 32.888 49.2847 34.3018 20.6257 14.9829 21.3734
internal_count=645 431 214 374 261 165 113 146
is_linear=0
shrinkage=0.05


Tree=121
num_leaves=7
num_cat=0
split_feature=9 6 28 28 28 9
split_gain=2.3181 4.06034 2.63744 3.7106 3.05226 2.69411
threshold=2.3025957072369962 68.73050859357555 0.50529839564366774 1.9025461581235625 1.3981305791725993 -1.3929263306461992
decision_type=2 2 2 2 2 2
left_child=1 2 -1 4 -4 -5
right_child=-2 -3 3 5 -6 -7
leaf_value=-0.019214066667693739 0.019781148804900839 -0.037805458171968544 0.0077969341887502283 0.013505839971026296 0.04589561613941457 -0.017804761602100313
leaf_weight=13.742819078266619 12.368479937314985 7.7700525075197211 16.724224429577593 10.739540226757525 7.6670926436781874 19.069017598405484
leaf_count=95 89 48 133 81 72 125
internal_value=0 -0.00356604 0.000349638 0.00531017 0.0197728 -0.00652406
internal_weight=0 75.7127 67.9427 54.1999 24.3913 29.8086
internal_count=643 554 506 411 205 206
is_linear=0
shrinkage=0.05


Tree=122
num_leaves=8
num_cat=0
split_feature=4 0 13 28 14 17 0
split_gain=2.45449 2.84602 4.21837 2.70701 5.79859 4.74459 1.24977
threshold=7.3406245026473291 0.93754516404556176 2.1975371580081959 2.3036611955735262 49.945405951584597 0.48540111063353347 1.2238402572129716
decision_type=2 2 2 2 2 2 2
left_child=1 2 3 4 -1 -5 -3
right_child=-2 6 -4 5 -6 -7 -8
leaf_value=-0.0012954882979503387 0.030529010283831738 0.03311439297756627 -0.029781268589507623 -0.044338565350368647 0.049617113784347126 0.0079146045900576681 0.0061325151979296742
leaf_weight=27.064262099564075 6.7471668049693099 7.1194420382380512 14.179987214505671 7.7083619162440327 7.0492266211658707 9.9541086275130493 10.805038744583724
leaf_count=211 45 56 88 53 66 70 74
internal_value=0 -0.000817521 -0.00561878 0.000998648 0.00922511 -0.01489 0.0168495
internal_weight=0 83.8804 65.9559 51.776 34.1135 17.6625 17.9245
internal_count=663 618 488 400 277 123 130
is_linear=0
shrinkage=0.05


Tree=123
num_leaves=7
num_cat=0
split_feature=13 4 26 4 13 26
split_gain=2.18393 2.57806 3.76964 2.70073 2.54763 1.95599
threshold=-3.6278383678898343 -3.4269079807244442 0.23841308242176765 0.21202293180320661 2.1827044439068968 -0.0026007275192902967
decision_type=2 2 8 2 2 10
left_child=-1 -2 3 5 -5 -3
right_child=1 2 -4 4 -6 -7
leaf_value=-0.019515962875615009 0.031846517005251471 -0.0047215756590902316 0.032613601973958135 0.02006273840329641 -0.0061752613422335102 -0.036319806605416276
leaf_weight=12.650813370943068 6.9951047226786605 10.490460041910412 7.8249098826199761 14.318626323714851 26.143373597413301 9.1862583775073272
leaf_count=81 74 84 62 118 170 58
internal_value=0 0.00294325 -3.15969e-05 -0.00427921 0.0031098 -0.0194735
internal_weight=0 74.9587 67.9636 60.1387 40.462 19.6767
internal_count=647 566 492 430 288 142
is_linear=0
shrinkage=0.05


Tree=124
num_leaves=7
num_cat=0
split_feature=19 14 4 10 13 4
split_gain=2.96474 2.36573 2.75174 2.36013 3.08827 2.44869
threshold=0.46819327813386191 69.131283781963148 5.2496543141706864 -1.6287073438567032 -2.541217128231541 0.7048584616022594
decision_type=2 2 2 2 2 2
left_child=1 2 3 4 -1 -5
right_child=-2 -3 -4 5 -6 -7
leaf_value=-0.0030154201846043028 0.031104086009801874 -0.029233312097536254 0.029499583698267523 -0.024198190971624057 0.031905167148687061 0.0008841310556542757
leaf_weight=17.394645847380165 7.9264918062835923 6.7679209709167472 7.9245131798088542 16.420670907944441 9.954532874748109 23.883421789854765
leaf_count=116 63 45 61 124 90 158
internal_value=0 -0.000912792 0.00162328 -0.00164198 0.00969495 -0.00933489
internal_weight=0 82.3457 75.5778 67.6533 27.3492 40.3041
internal_count=657 594 549 488 206 282
is_linear=0
shrinkage=0.05


Tree=125
num_leaves=11
num_cat=0
split_feature=4 22 0 0 12 25 25 27 9 9
split_gain=1.73278 2.24699 5.6956 3.64649 3.21601 2.367 3.71665 1.88972 1.38102 0.596545
threshold=5.3532753538094626 2.5000000000000004 -1.0670442354588556 0.92595487297870027 2.5466090340524219 35.642309831931492 6.4504945742262203 0.98688695743753663 -0.34467233224069432 0.18752292782837801
decision_type=2 2 2 2 2 10 8 8 2 2
left_child=1 2 -1 4 -4 6 8 -2 -3 -8
right_child=7 5 3 -5 -6 -7 9 -9 -10 -11
leaf_value=0.027683315477134318 0.034120158868302053 -0.020582284437369341 -0.019493581325630085 0.0065478096948198769 -0.059438166886571768 -0.02018814485986159 0.045115391565776902 -0.0018945240272738629 0.010723633294126388 0.021996530710253346
leaf_weight=7.2867094930261365 6.6068442314863187 6.9061044417321682 17.50854662060738 8.780472479760645 7.0752334594726554 7.1144217345863572 5.7998279929161072 8.1173874437808973 7.1908234730362892 5.3773365505039692
leaf_count=63 53 48 121 63 47 43 62 51 53 40
internal_value=0 -0.00453651 -0.0123645 -0.0211109 -0.0309897 0.00528847 0.0124599 0.0142655 -0.00461318 0.0339929
internal_weight=0 73.0395 40.651 33.3643 24.5838 32.3885 25.2741 14.7242 14.0969 11.1772
internal_count=644 540 294 231 168 246 203 104 101 102
is_linear=0
shrinkage=0.05


Tree=126
num_leaves=7
num_cat=0
split_feature=9 1 9 9 6 6
split_gain=2.49378 2.5465 2.33895 2.06003 1.92157 3.30986
threshold=-2.4510051367605077 -1.4413718021826514 2.2144054745640278 2.7953113373665834 67.661087681206169 63.015911458320559
decision_type=2 2 2 2 2 2
left_child=-1 -2 4 -4 5 -3
right_child=1 2 3 -5 -6 -7
leaf_value=-0.024479051871574134 0.027778939658492981 -0.0085853115935153775 0.036151755382680575 -0.0019717338885766418 -0.025889557888002415 0.02512841976040428
leaf_weight=10.262479741126297 8.3801808822900039 35.463025338947773 6.93812198191881 7.242286890745163 10.024734828621147 9.1606479324400407
leaf_count=79 68 253 59 49 62 74
internal_value=0 0.00175541 -0.00141306 0.0166811 -0.00610822 -0.00166433
internal_weight=0 77.209 68.8288 14.1804 54.6484 44.6237
internal_count=644 565 497 108 389 327
is_linear=0
shrinkage=0.05


Tree=127
num_leaves=10
num_cat=0
split_feature=11 15 11 17 11 15 15 17 17
split_gain=2.16351 2.82585 2.77241 2.84694 3.29601 3.09792 2.53305 2.51616 0.9052
threshold=0.89791666666666681 -3.4302321103166085 0.82125000000000015 0.55757781819169105 0.70916666666666683 1.5335253776737536 1.4004718684547692 0.55470018393756793 0.43574094519040735
decision_type=2 2 2 2 2 2 2 2 2
left_child=2 -2 3 4 -1 -5 -3 -4 -6
right_child=1 6 7 5 8 -7 -8 -9 -10
leaf_value=-0.0045744151810214869 -0.015070568694310491 0.046786025892089106 -0.035288246602643583 0.0060779761692273957 0.019261538931607061 -0.031900531048966625 0.0053473659698157873 0.00019454375041611077 0.046670381616786522
leaf_weight=12.136470064520838 6.0518409144133356 7.1790427751839143 11.676897872239353 11.857427190989258 6.322071695700286 9.8134256564080697 7.583375571295619 8.7327420338988286 5.7539878413081169
leaf_count=74 44 80 71 90 52 58 70 54 53
internal_value=0 0.0137034 -0.00477496 0.00204458 0.0138274 -0.0111202 0.0254992 -0.0201061 0.0323213
internal_weight=0 20.8143 66.293 45.8834 24.2125 21.6709 14.7624 20.4096 12.0761
internal_count=646 194 452 327 179 148 150 125 105
is_linear=0
shrinkage=0.05


Tree=128
num_leaves=7
num_cat=0
split_feature=20 6 3 17 11 11
split_gain=2.27332 2.06609 3.09119 2.5921 1.74738 1.41822
threshold=0.43492548462900243 68.234986943464037 2.3113148128814553 0.40510556878106874 0.71875000000000011 0.87000000000000011
decision_type=2 2 2 2 2 2
left_child=1 2 3 -1 -5 -2
right_child=5 -3 -4 4 -6 -7
leaf_value=0.019029730321317044 0.032056283473913802 -0.02291681786376739 0.022311772008254929 0.0048002030702223785 -0.017434442917783712 0.00053595555579116988
leaf_weight=8.5376555919647199 7.5169379785656911 12.839449767023323 11.681052353233097 12.34995763003826 31.057474123314023 6.7941448781639338
leaf_count=66 62 80 92 77 227 53
internal_value=0 -0.0046208 -0.000928757 -0.00615493 -0.0111084 0.0170921
internal_weight=0 76.4656 63.6261 51.9451 43.4074 14.3111
internal_count=657 542 462 370 304 115
is_linear=0
shrinkage=0.05


Tree=129
num_leaves=10
num_cat=0
split_feature=24 27 16 6 9 20 7 27 28
split_gain=1.80893 3.05841 2.29298 1.88178 3.34224 2.70237 2.07268 1.48326 0.68265
threshold=33.112984366098324 0.25567040783515455 44.561164478755686 64.626740265858317 1.8974217689362671 0.16043281239344012 20.820417623702689 -0.092958893865384085 2.5069357838403739
decision_type=10 8 2 2 2 2 2 10 2
left_child=1 7 -2 5 -5 8 -7 -1 -3
right_child=2 3 -4 4 -6 6 -8 -9 -10
leaf_value=0.0055997081111866303 -0.035148767167687604 0.031068013341516983 0.0041565579867221484 -0.037789992121885073 0.0060395218440635681 -0.021918470421509916 0.0073120892885815622 0.035781026542957277 0.0086676563147715917
leaf_weight=7.7471369802951839 7.908543221652506 7.4391066785901767 6.9902537316083908 9.0686656162142771 8.3584603741765005 11.839306423440577 12.433375621214507 8.5783952698111516 6.2659855391830206
leaf_count=65 53 67 51 59 59 76 96 71 41
internal_value=0 0.00243894 -0.0167074 -0.00316542 -0.0167683 0.00307665 -0.00694548 0.0214587 0.0208265
internal_weight=0 71.7304 14.8988 55.4049 17.4271 37.9778 24.2727 16.3255 13.7051
internal_count=638 534 104 398 118 280 172 136 108
is_linear=0
shrinkage=0.05


Tree=130
num_leaves=6
num_cat=0
split_feature=3 13 29 4 11
split_gain=1.96201 2.98788 1.49936 2.88725 2.18003
threshold=3.2050557014520842 2.7164583837390146 -2.1321882999772441 -3.613857581693789 0.89500000000000013
decision_type=2 2 2 2 2
left_child=1 2 -1 -4 -5
right_child=-2 -3 3 4 -6
leaf_value=-0.014423724123949155 0.01771623021609502 -0.026267363179389269 0.032772615871771389 -0.0057162403429140132 0.024469313951363925
leaf_weight=12.074412211775778 13.308923363685606 11.729273825883864 7.9683287888765255 32.658836105838425 7.3225204832851878
leaf_count=89 96 69 74 225 78
internal_value=0 -0.0031862 0.00132407 0.00528959 -0.000187805
internal_weight=0 71.7534 60.0241 47.9497 39.9814
internal_count=631 535 466 377 303
is_linear=0
shrinkage=0.05


Tree=131
num_leaves=7
num_cat=0
split_feature=28 28 19 13 20 17
split_gain=2.20739 2.51957 2.85606 3.88553 3.07886 2.02158
threshold=3.2611425926192137 2.4287604027379124 0.0083374997430266263 3.612806256533426 0.19293414873992948 0.49929728718111455
decision_type=2 2 2 2 2 2
left_child=1 2 -1 4 -4 -2
right_child=5 -3 3 -5 -6 -7
leaf_value=-0.023700841334355627 0.001504166116436378 -0.021714365948597603 0.0036551740644792264 -0.024438187654859899 0.030958240284088518 0.035721400411214403
leaf_weight=7.5713621638715258 7.6995476186275509 10.517521034926174 24.728992182761431 7.2984531745314589 17.727282728999853 9.8244476877152902
leaf_count=47 53 74 192 50 160 64
internal_value=0 0.000781272 0.00490851 0.0092621 0.0150554 0.0206873
internal_weight=0 67.8436 57.3261 49.7547 42.4563 17.524
internal_count=640 523 449 402 352 117
is_linear=0
shrinkage=0.05


Tree=132
num_leaves=8
num_cat=0
split_feature=11 26 0 26 0 3 13
split_gain=2.38459 2.6833 3.22222 3.74646 3.50092 2.27865 1.78665
threshold=0.93875000000000008 0.23841308242176765 0.56380163678930206 -0.049113401784647744 0.91766481043159553 1.6273182780260302 -2.541217128231541
decision_type=2 10 2 8 2 2 2
left_child=1 2 3 -1 -4 -2 -5
right_child=5 -3 4 6 -6 -7 -8
leaf_value=0.014758889478180735 0.036122655378469939 0.021296946250815282 0.030116455463291447 -0.038190249253269186 -0.0079682696836263361 -0.0045952844852101922 -0.013666659583282094
leaf_weight=8.3144829701632244 8.5473382137715799 10.205220824107526 10.31639573723078 11.965888451784844 14.537290077656506 5.7456229366362086 19.579458262771375
leaf_count=73 83 72 70 72 93 53 141
internal_value=0 -0.00253151 -0.00628922 -0.0150992 0.00784013 0.0197545 -0.022969
internal_weight=0 74.9187 64.7135 39.8598 24.8537 14.293 31.5453
internal_count=657 521 449 286 163 136 213
is_linear=0
shrinkage=0.05


Tree=133
num_leaves=9
num_cat=0
split_feature=9 9 23 12 23 15 4 4
split_gain=1.48429 2.83588 1.8607 3.80959 2.6021 1.83868 3.65858 2.71001
threshold=-2.4346907321798295 -1.8712548039196266 3.1418097196081418 3.1410117661690742 20.824075824178699 0.071059191408769914 1.899518541307669 -1.931726946299378
decision_type=2 2 2 2 2 2 2 2
left_child=-1 -2 5 4 -4 7 -7 -3
right_child=1 2 3 -5 -6 6 -8 -9
leaf_value=-0.020875741922253013 0.029816260249081433 -0.011668226737831097 0.0076949135647455787 0.033706673772633498 -0.028711072691371159 -0.047805612926868246 -0.00052077880486998517 0.0260343674451964
leaf_weight=9.4359541237354261 7.2880321610718957 17.014222608879209 14.02817558124662 8.983698843047021 7.5495892316102973 7.7640869170427349 8.6466022506356222 6.620833212509754
leaf_count=74 61 126 104 63 44 45 64 56
internal_value=0 0.000121635 -0.00294343 0.00634784 -0.00504275 -0.0100342 -0.0228918 -0.00110669
internal_weight=0 77.8952 70.6072 30.5615 21.5778 40.0457 16.4107 23.6351
internal_count=637 563 502 211 148 291 109 182
is_linear=0
shrinkage=0.05


Tree=134
num_leaves=10
num_cat=0
split_feature=4 18 12 25 23 9 15 25 23
split_gain=2.45389 1.93882 3.04036 2.90657 3.40889 2.53015 4.14355 4.23417 1.85329
threshold=7.3406245026473291 1.0000000180025095e-35 2.1622523747701523 27.490964522140331 -0.43617693442872241 -2.5044935601025853 -1.0632975512209777 1.0122881801777521 7.753090189810437
decision_type=2 2 2 10 2 2 2 10 2
left_child=1 5 -3 4 -4 -1 7 -7 -8
right_child=-2 2 3 -5 -6 6 8 -9 -10
leaf_value=-0.022079596846538589 0.023860588851054916 -0.036687709808191409 -0.011558849223777447 -0.027429910439867679 0.029794882232501277 0.022227997831198262 0.049896866025201179 -0.028613391257629919 0.010673723970820712
leaf_weight=8.7672870978713018 7.0940788947045794 11.053478460758923 12.743879314512016 10.694227386265991 8.1834249310195464 7.019967999309304 6.2371383570134658 9.8291105031967145 5.8235061895102262
leaf_count=67 50 67 90 62 67 59 65 68 47
internal_value=0 -0.00681699 -0.0141148 -0.00622431 0.00461214 0.00144888 0.00858423 -0.00743093 0.0309579
internal_weight=0 80.352 42.675 31.6215 20.9273 37.677 28.9097 16.8491 12.0606
internal_count=642 592 286 219 157 306 239 127 112
is_linear=0
shrinkage=0.05


Tree=135
num_leaves=8
num_cat=0
split_feature=2 0 2 25 28 13 6
split_gain=1.94273 7.07826 5.29205 2.47117 2.40686 3.39035 1.24609
threshold=1.730698386780346 0.70617415602982214 2.3023834220506547 -0.94506114806879482 0.50529839564366774 -2.541217128231541 66.427262903341855
decision_type=2 2 2 8 2 2 2
left_child=1 3 6 -1 -5 -6 -2
right_child=2 -3 -4 4 5 -7 -8
leaf_value=0.021299474055872573 0.050115938086069393 -0.051474167262887505 -0.011993008703016443 -0.031117005919393551 -0.021110579231695577 0.010898894560365007 0.018073323335348838
leaf_weight=11.344011373817919 6.1918743178248423 7.4315288700163356 12.434552066028116 7.2886377871036521 12.370448708534235 24.970509583130482 5.9495067410171032
leaf_count=95 55 42 85 51 74 206 45
internal_value=0 -0.00562584 0.0109339 0.000461369 -0.00483529 0.000294679 0.0344144
internal_weight=0 63.4051 24.5759 55.9736 44.6296 37.341 12.1414
internal_count=653 468 185 426 331 280 100
is_linear=0
shrinkage=0.05


Tree=136
num_leaves=10
num_cat=0
split_feature=17 29 19 19 12 4 12 11 27
split_gain=2.1133 4.23982 1.98732 3.21951 3.10216 2.02002 1.65323 2.47376 1.47997
threshold=0.63265889830977973 1.646089457414335 0.10261938891662784 0.22491574929554312 3.0405514099508237 0.3887835987510268 3.0188343159642526 0.74708333333333343 0.48249432238174389
decision_type=2 2 2 2 2 2 2 2 8
left_child=2 -2 6 5 8 -4 7 -1 -5
right_child=1 -3 3 4 -6 -7 -8 -9 -10
leaf_value=-0.045840939450809054 -0.0025173132534156324 0.045500813773093764 0.041976197577734978 0.024434560432512839 -0.028942629182417742 0.0043239046081027599 0.0053016120584862235 -0.0083695985276886035 -0.0055355360338430956
leaf_weight=6.8028128780424657 12.309484638273718 7.3370857816189519 7.060824900865553 6.8310956377536094 9.7462512962520105 7.1889669895172119 8.1291880365461093 12.493630731478332 10.376177409663798
leaf_count=38 95 63 60 56 68 53 55 90 73
internal_value=0 0.0154152 -0.00318306 0.00375858 -0.0064038 0.0229808 -0.0136119 -0.0215798 0.00636226
internal_weight=0 19.6466 68.6289 41.2033 26.9535 14.2498 27.4256 19.2964 17.2073
internal_count=651 158 493 310 197 113 183 128 129
is_linear=0
shrinkage=0.05


Tree=137
num_leaves=9
num_cat=0
split_feature=24 4 16 19 19 16 19 20
split_gain=2.00094 1.9284 3.95857 2.7082 2.89686 2.62152 2.40319 1.91564
threshold=40.454967627698885 1.9678339066381538 57.36597646906143 0.24757876429279804 0.12125634605367806 64.32813035009535 0.34739515170994445 0.12702522519618245
decision_type=10 2 2 2 2 2 2 2
left_child=1 3 -3 4 7 -4 -5 -1
right_child=-2 2 5 6 -6 -7 -8 -9
leaf_value=0.0099368271179817308 0.02435198881604278 0.043048561422990621 -0.01966400224154409 -0.048016859866650344 0.022127902338902182 0.01294293847070397 -0.0067585357611960233 -0.020552693503551243
leaf_weight=7.7615845650434521 7.8749820403754702 6.2719885967671898 10.988723753020169 6.86252488568425 9.8152351062744838 14.03978296369314 7.2667824942618608 15.32089597918093
leaf_count=57 65 52 72 50 89 96 57 109
internal_value=0 -0.00208822 0.00752812 -0.00848872 -0.000625259 -0.00137308 -0.0267975 -0.0103005
internal_weight=0 78.3275 31.3005 47.027 32.8977 25.0285 14.1293 23.0825
internal_count=647 582 220 362 255 168 107 166
is_linear=0
shrinkage=0.05


Tree=138
num_leaves=6
num_cat=0
split_feature=4 4 18 13 13
split_gain=3.08608 3.22555 1.51433 2.03134 2.20055
threshold=7.5266738209631487 -6.7965788829111764 3.5000000000000004 3.612806256533426 -3.6278383678898343
decision_type=2 2 2 2 2
left_child=1 -1 3 4 -3
right_child=-2 2 -4 -5 -6
leaf_value=0.0285052878853242 0.030869440757321395 -0.032056359756275903 0.011622194441569396 -0.037014450922600861 -0.0030898258979868451
leaf_weight=7.0099479258060446 6.9261615872383109 7.5333616808056822 9.5226728413254005 6.1723461933434001 50.56827796716243
leaf_count=62 48 41 73 38 389
internal_value=0 -0.00390699 -0.00698583 -0.00974275 -0.00684558
internal_weight=0 80.8066 73.7967 64.274 58.1016
internal_count=651 603 541 468 430
is_linear=0
shrinkage=0.05


Tree=139
num_leaves=6
num_cat=0
split_feature=9 12 2 20 12
split_gain=1.75252 1.78751 2.25336 2.39956 2.43939
threshold=-2.4346907321798295 3.3974567936981663 2.2625757165201197 0.056758300326822247 2.8636876405728411
decision_type=2 2 2 2 2
left_child=-1 2 3 -2 -5
right_child=1 -3 -4 4 -6
leaf_value=-0.016645250492691329 0.025425878649954076 0.021685294373816361 -0.026296216770002941 0.0050674777159875305 -0.023683785059596812
leaf_weight=11.342314561828969 10.837353486567734 12.526072418317197 6.7483793869614592 36.531682832166553 9.2443228065967542
leaf_count=83 96 99 41 270 67
internal_value=0 0.00442636 0.00101442 0.00426988 -0.000738751
internal_weight=0 75.8878 63.3617 56.6134 45.776
internal_count=656 573 474 433 337
is_linear=0
shrinkage=0.05


Tree=140
num_leaves=8
num_cat=0
split_feature=14 4 4 13 14 7 7
split_gain=2.56082 2.64641 2.97251 3.77546 3.80562 2.61208 2.16392
threshold=69.420187397673615 -6.7965788829111764 1.8639094384952255 1.6295786750708088 49.945405951584597 17.675884732875474 22.751837125907127
decision_type=2 2 2 2 2 2 2
left_child=1 -1 3 4 -3 -4 -7
right_child=-2 2 5 -5 -6 6 -8
leaf_value=0.03035786602491175 -0.031200015216743489 -0.01093061239438272 0.032399568617499888 -0.040051927040422985 0.031277476420657833 -0.019463217021062313 0.016887875897808765
leaf_weight=6.3953366540372363 7.4191739931702605 31.639638353139162 8.9130935594439524 8.8561331145465356 6.424841469153761 8.165197644382717 8.2108924239873868
leaf_count=58 47 231 59 48 73 50 70
internal_value=0 -0.000469693 -0.00319997 -0.0106476 -0.00380638 0.0106181 -0.00123695
internal_weight=0 78.6051 72.2098 46.9206 38.0645 25.2892 16.3761
internal_count=636 589 531 352 304 179 120
is_linear=0
shrinkage=0.05


Tree=141
num_leaves=8
num_cat=0
split_feature=14 1 18 0 0 2 28
split_gain=2.74064 3.85571 3.66499 2.72474 3.40388 3.16572 1.9468
threshold=57.681097368293543 1.3609334863059899 1.5000000000000002 0.91766481043159553 0.02969473129307398 -1.2393740128790196 0.47608960028372987
decision_type=2 2 2 2 2 2 2
left_child=3 2 -2 4 5 6 -1
right_child=1 -3 -4 -5 -6 -7 -8
leaf_value=-0.024699492780572541 0.020491507768043784 0.035036159470356508 -0.022729416269402159 -0.033757296970173954 0.029122591867772996 -0.039794561668122487 0.0062665159638689424
leaf_weight=6.4540194794535628 10.153222911059858 12.615146853029726 9.4886430390179139 7.1532984729856244 7.9558531437069169 6.115057464689019 23.76583887450397
leaf_count=46 73 92 61 56 67 45 200
internal_value=0 0.0134659 -0.000387767 -0.00512419 -0.00049972 -0.00698579 -0.000346858
internal_weight=0 32.257 19.6419 51.4441 44.2908 36.3349 30.2199
internal_count=640 226 134 414 358 291 246
is_linear=0
shrinkage=0.05


Tree=142
num_leaves=8
num_cat=0
split_feature=4 6 2 9 4 16 24
split_gain=1.53387 2.32029 1.78502 2.63573 2.11769 3.45751 0.967857
threshold=-4.3339247001180548 32.303532770812524 -2.3769155258254298 -1.5631417866967598 0.7048584616022594 55.502454756240695 17.616203531996536
decision_type=2 2 2 2 2 2 8
left_child=1 -1 -2 -4 6 -6 -5
right_child=2 -3 3 4 5 -7 -8
leaf_value=0.033334467634198166 -0.029450107300924164 -0.0066611675106018568 0.018782932735949814 -0.034234941244301341 0.02665332321399233 -0.0090471417287292088 -0.010517623697718404
leaf_weight=6.8553105667233449 7.0804456127807489 7.6985070444643497 11.468041120097039 8.4274800084531289 8.7284106481820327 30.412101255729795 8.7859918344765919
leaf_count=63 50 67 89 58 72 201 61
internal_value=0 0.012178 -0.0055611 -0.00306715 -0.00751364 -0.00108587 -0.0221293
internal_weight=0 14.5538 74.9025 67.822 56.354 39.1405 17.2135
internal_count=661 130 531 481 392 273 119
is_linear=0
shrinkage=0.05


Tree=143
num_leaves=10
num_cat=0
split_feature=4 9 27 9 13 14 3 15 19
split_gain=2.08505 3.09985 3.31985 5.21291 2.98868 2.51864 2.5303 3.02613 2.48036
threshold=1.9678339066381538 1.8883947749191676 1.1491735645365755 0.99350123593306217 1.8425376627039241 50.484015748296393 -2.2832865069186288 -1.6975840124381016 0.081790109425080984
decision_type=2 2 8 2 2 2 2 2 2
left_child=4 2 3 -2 5 6 7 -1 -8
right_child=1 -3 -4 -5 -6 -7 8 -9 -10
leaf_value=-0.010217871279326773 0.033304252095269042 0.031124490206955971 -0.029956373017604756 -0.02475271165830455 -0.038791104894470851 0.024615881273658539 -0.04590877044500432 0.028578263617266654 -0.0074800214835905703
leaf_weight=16.736210990697145 9.648600306361919 9.359502147883175 7.6552897840738288 6.4518735185265532 7.3561712354421607 6.4071796648204318 7.2673547118902269 7.1838232018053523 9.9450604040175659
leaf_count=126 80 73 44 44 40 69 47 61 76
internal_value=0 0.00675287 -0.00284927 0.0100393 -0.00913308 -0.00454386 -0.00908606 0.00143364 -0.0237052
internal_weight=0 33.1153 23.7558 16.1005 54.8958 47.5396 41.1324 23.92 17.2124
internal_count=660 241 168 124 419 379 310 187 123
is_linear=0
shrinkage=0.05


Tree=144
num_leaves=9
num_cat=0
split_feature=0 22 9 1 28 4 22 3
split_gain=1.61008 3.28582 2.67468 3.53474 2.83 3.28945 2.73293 1.00808
threshold=-1.0670442354588556 2.5000000000000004 -0.76295974293798108 -1.0174441807150953 0.4308863639668829 5.3532753538094626 1.5000000000000002 -2.2352247523418569
decision_type=2 2 2 2 2 2 2 2
left_child=1 -1 3 7 -4 6 -6 -2
right_child=2 -3 4 -5 5 -7 -8 -9
leaf_value=0.039633085509225466 0.008050835623171073 -0.01041492438637517 0.028658359723681959 -0.049025362076285557 -0.029728705236498176 0.022756119211724855 -0.00053127242821141766 -0.019639895619996798
leaf_weight=6.674287395551799 7.2016706224530944 6.4477186854928732 8.2991190999746305 6.7573389317840329 11.786639284342526 9.7722903639078122 25.043114334344864 6.0460610277950773
leaf_count=58 61 54 65 44 81 75 182 41
internal_value=0 0.0150412 -0.00394538 -0.0195973 0.00175793 -0.00303263 -0.00987534 -0.00458679
internal_weight=0 13.122 74.9062 20.0051 54.9012 46.602 36.8298 13.2477
internal_count=661 112 549 146 403 338 263 102
is_linear=0
shrinkage=0.05


Tree=145
num_leaves=11
num_cat=0
split_feature=4 6 3 7 15 4 22 23 18 6
split_gain=2.11402 2.96155 3.62804 2.74587 2.81266 4.5283 2.28547 3.05676 2.08315 0.449624
threshold=5.3532753538094626 64.416915463254526 2.8305834886745673 20.71783776501838 -0.97223469085096614 -4.3339247001180548 1.5000000000000002 -0.9146422375541946 1.5000000000000002 43.109565486539488
decision_type=2 2 2 2 2 2 2 2 2 2
left_child=1 3 -3 6 5 -5 -1 -8 -2 -6
right_child=8 2 -4 4 9 -7 7 -9 -10 -11
leaf_value=-0.023396700355041995 -0.0005938988058466194 -0.043575332239463943 0.0054564236029034166 0.026100288280699727 0.047223287748838237 -0.025151357255581354 0.026250348197277701 -0.017214115444189541 0.03821954328296312 0.025429324779134923
leaf_weight=12.202618340030314 6.5839689336717111 8.2387411762028915 6.9598534144461146 9.6876851394772512 5.0918021388351935 7.7637272179126766 8.3743859343230742 7.8247695527970782 7.2787633240222931 4.4216413721442223
leaf_count=80 49 59 46 90 63 46 66 52 59 40
internal_value=0 -0.00157192 -0.0211223 0.00379483 0.0152226 0.00329962 -0.00705473 0.00525546 0.0197855 0.0370939
internal_weight=0 70.5652 15.1986 55.3666 26.9649 17.4514 28.4018 16.1992 13.8627 9.51344
internal_count=650 542 105 437 239 136 198 118 108 103
is_linear=0
shrinkage=0.05


Tree=146
num_leaves=10
num_cat=0
split_feature=11 11 21 20 18 27 9 27 27
split_gain=2.17509 2.24021 2.19937 2.72695 2.12112 3.89715 3.78736 2.24657 1.68451
threshold=0.89791666666666681 0.85875000000000001 14.500000000000002 0.14236681135185139 1.0000000180025095e-35 0.35156595814816766 -0.82001940695879016 0.80881244306020728 0.37808274675322412
decision_type=2 2 2 2 2 8 2 8 8
left_child=1 4 -2 -4 6 -6 8 -7 -1
right_child=2 -3 3 -5 5 7 -8 -9 -10
leaf_value=-0.023890504569032436 0.028298677528139478 -0.030117996826275414 -0.032368520193734492 0.014821156068527762 0.014495736700808885 -0.047861884885519075 0.038708453608953065 -0.013358905237752234 0.0073094304928412838
leaf_weight=7.747589362785221 8.5200433647260088 11.220367249101399 5.1961892722174507 7.451751172542572 8.0651711411774176 7.6957512125372887 6.3068706858903161 12.192436192184688 9.7964933607727325
leaf_count=54 82 70 49 70 61 48 56 77 75
internal_value=0 -0.00986269 0.00866198 -0.00456591 -0.00547557 -0.0148211 0.00547744 -0.0267099 -0.00646868
internal_weight=0 63.0247 21.168 12.6479 51.8043 27.9534 23.851 19.8882 17.5441
internal_count=642 441 201 119 371 186 185 125 129
is_linear=0
shrinkage=0.05


Tree=147
num_leaves=9
num_cat=0
split_feature=0 19 16 4 15 4 14 11
split_gain=1.72135 1.73174 4.48328 4.49099 2.20004 6.64321 3.21126 1.72684
threshold=-1.1893880444739817 0.236820427641353 44.618411707154145 4.6926580977384642 1.5335253776737536 5.2496543141706864 41.656673498030074 0.83791666666666675
decision_type=2 2 2 2 2 2 2 2
left_child=-1 4 -3 -4 6 -6 -2 -8
right_child=1 2 3 -5 5 -7 7 -9
leaf_value=0.022230969184747842 -0.0043082671822830534 -0.042098379921043358 0.021837579941589497 -0.028177717927837072 -0.032816622112705987 0.025666936263731802 0.043872407653672785 0.010124553839653062
leaf_weight=9.0539900474250299 13.365176947787406 8.1064611524343508 11.524261223152282 7.3512827679514876 11.442320551723244 8.4353088401257974 8.7055026330053789 6.7138455938547841
leaf_count=78 95 57 89 49 68 65 79 58
internal_value=0 -0.000838317 -0.010998 0.00235859 0.00479501 -0.00799843 0.0136297 0.029178
internal_weight=0 75.6442 26.982 18.8755 48.6622 19.8776 28.7845 15.4193
internal_count=638 560 195 138 365 133 232 137
is_linear=0
shrinkage=0.05


Tree=148
num_leaves=8
num_cat=0
split_feature=4 6 24 2 27 2 23
split_gain=2.25846 3.02968 2.20628 4.15787 4.90168 4.00199 1.47759
threshold=-4.7326291013165127 33.602181405646689 21.789267947147543 2.074632749581879 1.0826470156154973 1.7938486704718579 -12.731794878068882
decision_type=2 2 10 2 10 2 2
left_child=6 -2 3 4 -3 -4 -1
right_child=1 2 5 -5 -6 -7 -8
leaf_value=0.0059306523749423339 -0.025257695201433891 0.035316944190765441 -0.030891913906565829 -0.014720275530742483 -0.0063188337314287997 0.015949612178930248 0.0423351799186652
leaf_weight=5.6975644994527102 10.499924957752226 19.18059430457652 10.504341842606665 12.067631203681229 11.194600658491252 8.0576895792037231 5.4567853361368162
leaf_count=51 76 164 70 84 71 55 52
internal_value=0 -0.000449785 0.00382006 0.0101083 0.0199723 -0.0105582 0.02374
internal_weight=0 71.5048 61.0049 42.4428 30.3752 18.562 11.1543
internal_count=623 520 444 319 235 125 103
is_linear=0
shrinkage=0.05


Tree=149
num_leaves=9
num_cat=0
split_feature=20 17 13 26 28 16 28 20
split_gain=1.86659 2.37216 3.76307 2.98238 2.70477 2.68464 2.27671 2.10613
threshold=0.37074923708804414 0.67860289321110978 2.3842012549149305 -0.0022051029884827393 0.79091595004178183 44.561164478755686 2.1417008139822751 0.53466423104628691
decision_type=2 2 2 10 2 2 2 2
left_child=1 2 3 4 -1 -5 -4 -2
right_child=7 -3 6 5 -6 -7 -8 -9
leaf_value=-0.013980407648027122 0.02576238580714554 0.014889928904640682 -0.040276855506728784 -0.031944349912524456 0.027585705825851622 0.0063425216936299116 -0.0059786825707746263 -0.0080480923830971978
leaf_weight=5.7795503968372968 11.205024637281896 11.47791640087962 12.657512832432987 10.035621479153635 12.123196964152156 8.4199277795851213 7.8324646279215804 7.8208588771522036
leaf_count=42 92 98 81 62 109 62 48 67
internal_value=0 -0.00584371 -0.0100299 -0.000372717 0.0141669 -0.0144768 -0.0271661 0.0118641
internal_weight=0 68.3262 56.8483 36.3583 17.9027 18.4555 20.49 19.0259
internal_count=661 502 404 275 151 124 129 159
is_linear=0
shrinkage=0.05


Tree=150
num_leaves=9
num_cat=0
split_feature=23 28 13 3 23 12 12 28
split_gain=2.03949 5.84354 2.55169 2.03989 1.86897 2.18695 1.83199 1.67283
threshold=-1.8775852238819464 1.3924818718864833 -1.9603598606561421 -2.2202631687977861 3.3309441504847137 3.1410117661690742 2.5517262387218644 2.3753094663048206
decision_type=2 2 2 2 2 2 2 2
left_child=1 3 -2 -1 -4 6 -6 -3
right_child=2 7 4 -5 5 -7 -8 -9
leaf_value=0.01139097849028357 -0.026272682373132652 0.048071667227440336 -0.016641617896324328 -0.024470818680612832 0.009788387776006751 0.02906251348992114 -0.020426533186968656 0.01620775136520582
leaf_weight=6.8670528791844871 10.279978215694426 8.6590324658900517 10.531260769814251 9.3842555135488492 14.67547382228077 8.6628090124577266 7.6223630849272004 7.8560756035149089
leaf_count=61 59 79 86 67 103 69 58 64
internal_value=0 0.0119685 -0.00397177 -0.00931728 0.00155347 0.00774253 -0.000540376 0.0329143
internal_weight=0 32.7664 51.7719 16.2513 41.4919 30.9606 22.2978 16.5151
internal_count=646 271 375 128 316 230 161 143
is_linear=0
shrinkage=0.05


Tree=151
num_leaves=9
num_cat=0
split_feature=10 14 17 17 23 16 22 3
split_gain=2.17152 1.92988 1.54649 2.34048 1.70108 2.00331 1.498 1.82899
threshold=-1.630896967166225 29.142513855679422 0.37700745085018056 0.43337824820750814 -7.3954411455148694 54.340234334005636 2.5000000000000004 -2.2543923338679126
decision_type=2 2 2 2 2 2 2 2
left_child=1 -1 -2 -4 -5 -6 7 -3
right_child=2 6 3 4 5 -7 -8 -9
leaf_value=-0.013464411355511297 0.014411945946310551 0.025202745015624362 -0.03369419173881371 -0.021955047352120064 0.021858333806873 -0.0063352809772679701 0.034683897643168628 -0.010955309614905073
leaf_weight=6.1413775272667435 8.3415030185133201 7.3973364606499699 7.9551580194383851 9.999125016853208 8.8509859256446415 21.866778583265841 8.5231882119551283 6.6337058134376994
leaf_count=45 70 66 52 68 81 149 81 46
internal_value=0 0.0113845 -0.00547977 -0.00888884 -0.00404244 0.0017884 0.0181508 0.00810766
internal_weight=0 28.6956 57.0136 48.672 40.7169 30.7178 22.5542 14.031
internal_count=658 238 420 350 298 230 193 112
is_linear=0
shrinkage=0.05


Tree=152
num_leaves=9
num_cat=0
split_feature=11 20 20 24 9 27 25 25
split_gain=1.52877 2.37236 3.79402 2.24516 4.81017 3.98301 1.55029 1.28389
threshold=0.89791666666666681 0.42673054335172705 0.2835782806560122 14.272474472260152 -1.6048816463464275 1.0563087635483164 19.488762582729269 9.3982071653522805
decision_type=2 2 2 8 2 8 8 8
left_child=1 2 3 5 -5 -1 7 -2
right_child=6 -3 -4 4 -6 -7 -8 -9
leaf_value=-0.036164634597609498 0.013659508820115789 0.020737129513940203 -0.033503640753902365 -0.023425210874533378 0.02488542854919033 0.0088240576448724052 0.034469480439834298 -0.016747635983131625
leaf_weight=9.7694543059915322 10.443954154849049 8.4146879948675615 11.357460420578716 7.5932669639587393 16.029107935726643 9.910619970411064 5.4732891768217113 5.1999083347618589
leaf_count=68 95 65 73 53 121 63 55 48
internal_value=0 -0.00397718 -0.00778186 -0.0010355 0.00935627 -0.0135089 0.0115657 0.00355239
internal_weight=0 63.0746 54.6599 43.3024 23.6224 19.6801 21.1172 15.6439
internal_count=641 443 378 305 174 131 198 143
is_linear=0
shrinkage=0.05


Tree=153
num_leaves=8
num_cat=0
split_feature=22 4 22 12 25 12 9
split_gain=2.02052 3.73392 2.52936 3.41279 2.5824 1.93594 1.95744
threshold=1.0000000180025095e-35 2.9282792350037607 1.5000000000000002 1.9592668732717329 31.121888653299042 3.3103957765470136 0.89058909691112131
decision_type=2 2 2 2 10 2 2
left_child=1 -1 4 -4 -2 6 -5
right_child=2 -3 3 5 -6 -7 -8
leaf_value=0.041981901286068317 -0.033313777888641573 -0.011957626763100788 0.029374509892429387 0.012018179139699183 0.0042025763159294306 -0.019829493672391098 -0.015095484631550589
leaf_weight=7.0723878033459169 12.260247524827721 5.8725073039531708 9.2318133227527124 19.973323344253007 7.3288903757929793 13.488967621698974 9.9840272031724435
leaf_count=70 83 38 67 169 47 99 74
internal_value=0 0.017512 -0.00393823 0.001766 -0.0192778 -0.00410047 0.00298188
internal_weight=0 12.9449 72.2673 52.6781 19.5891 43.4463 29.9574
internal_count=647 108 539 409 130 342 243
is_linear=0
shrinkage=0.05


Tree=154
num_leaves=9
num_cat=0
split_feature=7 7 7 7 23 26 22 6
split_gain=1.40912 2.09272 2.08275 2.58671 2.30375 1.94671 2.1746 1.58583
threshold=30.112814421360429 34.420169259556687 20.986506180524504 19.369562586935505 7.753090189810437 -0.030867965053922832 1.5000000000000002 63.735805512797931
decision_type=2 2 2 2 2 8 2 2
left_child=2 -2 3 5 7 -1 -7 -4
right_child=1 -3 4 -5 -6 6 -8 -9
leaf_value=-0.01933764217079478 -0.033000656789050342 0.0012586925920535408 0.015906502094849301 -0.024422374471360444 0.039522058132954146 -0.01042515649449652 0.021055423770807196 -0.017240752177534097
leaf_weight=7.3317792769521475 7.8315026974305537 10.346532544121144 10.291166087612512 11.564808269962667 6.557657402008771 8.4228371679782921 15.73164123855531 5.5564980451017609
leaf_count=54 58 79 97 75 58 54 114 46
internal_value=0 -0.013501 0.00223474 -0.00419949 0.0145979 0.00322832 0.0100779 0.00428443
internal_weight=0 18.178 65.4564 43.0511 22.4053 31.4863 24.1545 15.8477
internal_count=635 137 498 297 201 222 168 143
is_linear=0
shrinkage=0.05


Tree=155
num_leaves=9
num_cat=0
split_feature=24 24 27 26 28 15 25 27
split_gain=1.40341 4.49781 2.40392 2.05527 1.89787 3.72591 1.7689 1.80131
threshold=21.789267947147543 14.272474472260152 0.25567040783515455 0.88750160865667838 1.1013029888383585 2.6309118316762938 1.0000000180025095e-35 -0.33413164816536672
decision_type=10 10 10 10 2 2 10 10
left_child=1 3 6 4 -1 -6 7 -2
right_child=2 -3 -4 -5 5 -7 -8 -9
leaf_value=-0.027694353314199199 0.0050076475518385996 0.029080553860670422 -0.036583066960185699 0.019404570319714886 -0.01663864206646861 0.024625574016865982 0.018440117594258034 -0.029491059671394072
leaf_weight=11.055798674002288 7.3707577865570819 11.936319718137382 7.2524418570101252 6.8537795450538388 16.236777578480545 8.2500984631478769 6.5238086879253379 7.7750425133854169
leaf_count=84 62 97 44 52 130 60 53 57
internal_value=0 0.00196809 -0.0116659 -0.00566517 -0.0104994 -0.00273594 -0.00332652 -0.0127021
internal_weight=0 54.3328 28.9221 42.3965 35.5427 24.4869 21.6696 15.1458
internal_count=639 423 216 326 274 190 172 119
is_linear=0
shrinkage=0.05


Tree=156
num_leaves=7
num_cat=0
split_feature=13 20 23 19 2 25
split_gain=1.58075 3.3196 1.46377 1.9882 1.58459 1.30578
threshold=-4.4738499366883024 0.42280699980322889 14.711156156388954 0.31865006253904177 1.730698386780346 26.808756816297812
decision_type=2 2 2 2 2 8
left_child=-1 2 3 4 -2 -3
right_child=1 5 -4 -5 -6 -7
leaf_value=-0.021588405985563396 -0.0070592602314100269 0.043142684509527317 0.012108595539721687 -0.023521136441431847 0.01558072743614649 0.0087359149959529651
leaf_weight=8.1660391315817815 28.370170737616718 5.8346321340650302 13.224738536402581 12.923095878213642 10.622477127239106 5.2287056036293507
leaf_count=54 215 60 91 95 89 41
internal_value=0 0.00155897 -0.00274176 -0.00652466 -0.000891617 0.0268815
internal_weight=0 76.2038 65.1405 51.9157 38.9926 11.0633
internal_count=645 591 490 399 304 101
is_linear=0
shrinkage=0.05


Tree=157
num_leaves=8
num_cat=0
split_feature=13 3 17 23 25 24 3
split_gain=2.38153 2.39503 3.0654 2.65369 4.62078 2.05528 1.5697
threshold=-3.6278383678898343 -2.2449700881800196 0.52870216529717273 -11.363981778498967 18.345491015041151 8.9666901345693333 1.9336266558067849
decision_type=2 2 2 2 10 10 2
left_child=-1 2 -2 -3 6 -6 -5
right_child=1 3 -4 4 5 -7 -8
leaf_value=-0.019147482435434154 0.054909949584448038 -0.029439973165893221 0.0034111909362318478 0.009111569751053648 -0.00062152904479475211 -0.030105644523174199 0.037953483890581646
leaf_weight=13.710992004722355 4.7985318396240455 7.0100927241146556 7.2635075878351927 10.013158865273001 20.600345775485042 8.2889008894562703 8.9197804406285268
leaf_count=89 59 49 64 85 145 52 81
internal_value=0 0.00372697 0.0238985 -0.000710367 0.00350101 -0.00908111 0.0226997
internal_weight=0 66.8943 12.062 54.8323 47.8222 28.8892 18.9329
internal_count=624 535 123 412 363 197 166
is_linear=0
shrinkage=0.05


Tree=158
num_leaves=6
num_cat=0
split_feature=4 29 16 15 2
split_gain=2.0809 1.48105 2.68932 2.81972 2.48053
threshold=7.5266738209631487 2.1568441742625009 61.337041812401807 1.5758432252699894 -0.38443508615896116
decision_type=2 2 2 2 2
left_child=1 2 3 4 -1
right_child=-2 -3 -4 -5 -6
leaf_value=-0.0052138712656333488 0.028567857190563553 -0.019626019517607694 0.028632094549720252 -0.029230852375197066 0.0189562987843142
leaf_weight=33.569279761053615 6.4932826273143283 9.2874861732125265 8.1246893554925901 8.2086471617221815 15.524083392694598
leaf_count=275 45 64 71 50 129
internal_value=0 -0.000941481 0.00171084 -0.00210625 0.00242911
internal_weight=0 74.7142 65.4267 57.302 49.0934
internal_count=634 589 525 454 404
is_linear=0
shrinkage=0.05


Tree=159
num_leaves=10
num_cat=0
split_feature=0 4 22 14 15 26 19 26 28
split_gain=2.25215 1.67095 3.45317 2.8797 2.65386 2.55428 2.27755 2.10003 2.01656
threshold=-1.1743328584534165 3.985096897336057 2.5000000000000004 63.61270223268982 0.89964423861332965 -0.021291859508940015 0.092104064472134012 0.040417745235982641 1.3981305791725993
decision_type=2 2 2 2 2 10 2 10 2
left_child=-1 2 5 -3 6 -2 -4 -7 -5
right_child=1 3 4 8 -6 7 -8 -9 -10
leaf_value=0.027037871308187855 0.0041837302060280784 0.035908299977439911 -0.0038113898376182539 -0.02262257011596297 -0.017609431449900209 -0.040151912442223631 0.035308566638857349 -0.0063272493881834637 0.014565150348386425
leaf_weight=8.3655005656182748 9.8048521373420972 7.6684925928711918 5.9792618639767197 6.5264652855694285 6.4070028048008671 11.922215040773155 9.8492977488785964 7.4601754900068036 8.2581703104078752
leaf_count=83 88 57 48 43 48 74 88 54 61
internal_value=0 -0.000334765 -0.00530367 0.0110452 0.00954109 -0.0166128 0.0205309 -0.027133 -0.00185084
internal_weight=0 73.8759 51.4228 22.4531 22.2356 29.1872 15.8286 19.3824 14.7846
internal_count=644 561 400 161 184 216 136 128 104
is_linear=0
shrinkage=0.05


Tree=160
num_leaves=7
num_cat=0
split_feature=7 19 19 25 14 10
split_gain=1.08353 1.94686 2.81745 2.38631 2.28999 2.22178
threshold=14.771793916208193 0.037403912254963444 0.080148090563497601 18.518066477492024 32.831114331090042 -1.6183972950606511
decision_type=2 2 2 8 2 2
left_child=-1 3 -3 -2 -4 -6
right_child=1 2 4 -5 5 -7
leaf_value=-0.014207612699208517 -6.5057812337259157e-05 -0.029056006559162413 -0.02473617679758644 0.039264777637427237 0.029089486060988157 8.0337885509827167e-05
leaf_weight=13.983915012329815 9.1652623955160362 8.9692546073347312 7.0358598399907342 6.6587813571095458 8.3733694199472577 31.172372482717044
leaf_count=83 70 62 53 51 90 250
internal_value=0 0.00101282 -0.00339454 0.016485 0.00154656 0.0062227
internal_weight=0 71.3749 55.5509 15.824 46.5816 39.5457
internal_count=659 576 455 121 393 340
is_linear=0
shrinkage=0.05


Tree=161
num_leaves=9
num_cat=0
split_feature=16 16 17 3 19 24 20 25
split_gain=1.8246 2.1109 3.45573 1.77429 2.30943 1.96337 3.18515 1.46993
threshold=55.502454756240695 62.097306439875005 0.49929728718111455 1.8857321099979989 0.25076185634611653 33.112984366098324 0.12702522519618245 18.975029209087108
decision_type=2 2 2 2 2 10 2 8
left_child=3 7 -3 4 5 6 -1 -2
right_child=1 2 -4 -5 -6 -7 -8 -9
leaf_value=0.044319802020441418 -0.0053234666677103694 0.024195460702295089 -0.019930417786997948 0.023052701151055462 -0.018159198533975636 -0.01499958650103389 0.0018898015249728091 -0.036567885283442528
leaf_weight=6.6159255988895955 6.3386115003377181 8.559462805278601 9.2127139661461097 10.370271902531384 12.290773057378827 6.8922096975147715 13.344622056931255 9.2690343428403121
leaf_count=53 49 62 61 92 94 52 108 64
internal_value=0 -0.0104616 0.00132155 0.00466389 -0.000207842 0.00800867 0.0159532 -0.0238788
internal_weight=0 33.3798 17.7722 49.5138 39.1435 26.8528 19.9605 15.6076
internal_count=635 236 123 399 307 213 161 113
is_linear=0
shrinkage=0.05


Tree=162
num_leaves=7
num_cat=0
split_feature=11 13 12 12 24 20
split_gain=1.69918 1.90084 3.59721 2.19965 2.01756 1.81902
threshold=0.93875000000000008 3.6975071414308398 1.9059751504324154 2.1622523747701523 8.9666901345693333 0.19530116778810577
decision_type=2 2 2 2 8 2
left_child=1 2 -1 -4 -5 -2
right_child=5 -3 3 4 -6 -7
leaf_value=0.031024039507014486 -0.0004786695649250896 -0.020999724756167203 -0.028040832572960729 0.016894217100851604 -0.006316458697193654 0.036852546333724284
leaf_weight=8.8176339641213399 6.7291025919839722 11.104293663054703 7.7750660609453908 13.508531698957091 30.504388011991971 6.3352468498051167
leaf_count=65 58 68 54 107 241 65
internal_value=0 -0.00198175 0.00150276 -0.00352365 0.000807407 0.0176242
internal_weight=0 71.7099 60.6056 51.788 44.0129 13.0643
internal_count=658 535 467 402 348 123
is_linear=0
shrinkage=0.05


Tree=163
num_leaves=8
num_cat=0
split_feature=4 4 27 9 6 23 3
split_gain=1.84214 3.14806 2.91745 2.55896 2.91832 1.66793 0.799197
threshold=-3.4622371345004086 -2.6349890055224097 0.35700808706690274 -2.0002639283656305 60.272015985047894 -7.0191105471249751 1.6273182780260302
decision_type=2 2 10 2 2 2 2
left_child=2 -2 -1 -3 6 -6 -5
right_child=1 3 -4 4 5 -7 -8
leaf_value=0.031814968438888515 -0.032391833468117651 0.03068981187046705 -0.0082483117470998884 -0.011270024428228017 -0.01609079210268281 0.01074949552224428 -0.033664275587788027
leaf_weight=10.583187054842712 8.113157479092477 6.3960150685161343 7.963398113846778 10.161998553201558 7.2722234837710813 28.36441104859114 6.5531973391771308
leaf_count=99 44 62 61 87 48 225 38
internal_value=0 -0.003197 0.0146129 0.000834842 -0.00281265 0.00527231 -0.0200497
internal_weight=0 66.861 18.5466 58.7478 52.3518 35.6366 16.7152
internal_count=664 504 160 460 398 273 125
is_linear=0
shrinkage=0.05


Tree=164
num_leaves=7
num_cat=0
split_feature=4 27 27 26 28 28
split_gain=2.0071 2.14844 1.31615 2.06608 1.60906 2.42348
threshold=-3.613857581693789 0.37021108541374997 1.1848309522443303 0.066465915570880066 4.294933472447469 2.3753094663048206
decision_type=2 10 8 10 2 2
left_child=1 -1 3 4 5 -2
right_child=2 -3 -4 -5 -6 -7
leaf_value=0.031051535317640822 -0.0022672429425736797 -0.0062900951507548659 -0.020858640910150949 0.02469991556539064 0.018204825611105157 -0.030762604530436884
leaf_weight=9.1381155122071487 34.986157050356269 6.6587060615420333 10.383933972567318 6.6465358827263108 6.5471627153456202 9.4843111727386695
leaf_count=90 277 50 70 54 45 67
internal_value=0 0.0153112 -0.00447213 -0.00152132 -0.0049374 -0.00834451
internal_weight=0 15.7968 68.0481 57.6642 51.0176 44.4705
internal_count=653 140 513 443 389 344
is_linear=0
shrinkage=0.05


Tree=165
num_leaves=9
num_cat=0
split_feature=17 24 11 25 11 17 24 24
split_gain=1.44256 2.35088 2.74814 1.91305 2.18514 2.07371 1.84421 1.93268
threshold=0.32032543218764326 8.9666901345693333 0.92791666666666683 53.80544836480437 0.92333333333333345 0.52397275313754743 15.608433722309767 22.414151837731477
decision_type=2 10 2 10 2 2 10 8
left_child=-1 3 6 4 5 -2 -3 -8
right_child=1 2 -4 -5 -6 -7 7 -9
leaf_value=-0.024426030810309817 0.011093533644265834 -0.035991502383823586 0.018444643861455175 -0.0086471347441033439 -0.0068321605792110232 0.050313689496838246 0.014941843631465805 -0.014712883838634403
leaf_weight=7.4978630598634473 7.0228298008441978 7.4373322241008273 8.0781714376062137 9.3572446145117265 5.7757188277319065 6.4801917020231485 6.974385323002938 25.889946473762389
leaf_count=58 52 53 71 56 61 62 55 180
internal_value=0 -0.00145179 -0.00817257 0.0099028 0.0189063 0.0299156 -0.0135078 -0.00841963
internal_weight=0 77.0158 48.3798 28.636 19.2787 13.503 40.3017 32.8643
internal_count=648 590 359 231 175 114 288 235
is_linear=0
shrinkage=0.05


Tree=166
num_leaves=9
num_cat=0
split_feature=24 20 28 25 0 24 26 26
split_gain=1.45662 2.04965 2.03658 1.93317 1.84254 2.34957 4.27083 1.29887
threshold=5.9831348176108738 0.056758300326822247 1.3615869196780386 55.459918884447468 0.67239414538995379 21.789267947147543 -0.0032363871529088842 -0.0049666309481626461
decision_type=10 2 2 10 2 10 10 10
left_child=2 -2 -1 -4 5 7 -7 -3
right_child=1 4 3 -5 -6 6 -8 -9
leaf_value=-0.024541652171220937 0.026384347907760359 0.0079739401571254243 0.016780741575671061 -0.016200434322388265 -0.014666247257437197 0.017297682499889777 -0.032459446499653023 0.039512080477232411
leaf_weight=11.543370684608819 9.7744415523484331 6.4952048771083355 10.153549692593517 7.8998561259359112 13.063439857214687 9.9942915234714729 7.5860767308622625 6.5636454597115534
leaf_count=81 90 59 95 48 89 82 48 60
internal_value=0 0.00568607 -0.00813908 0.00234875 0.00105674 0.00776044 -0.00417294 0.0238257
internal_weight=0 53.4771 29.5968 18.0534 43.7027 30.6392 17.5804 13.0589
internal_count=652 428 224 143 338 249 130 119
is_linear=0
shrinkage=0.05


Tree=167
num_leaves=8
num_cat=0
split_feature=4 17 24 24 20 3 16
split_gain=1.89299 1.94368 1.91654 3.36665 3.35048 2.78876 1.87479
threshold=3.985096897336057 0.69515023068123616 6.2166756639240441 0.65202563037012806 0.35744842442669561 -2.4386160579251364 68.516845915340141
decision_type=2 2 10 8 2 2 2
left_child=1 2 3 -1 5 -4 -2
right_child=6 -3 4 -5 -6 -7 -8
leaf_value=0.0067675009046365038 0.027015879560278139 -0.02633513782084998 0.021510476172689381 -0.039359659081501075 0.032535080631180845 -0.012190285802099956 -0.0037450521213001301
leaf_weight=8.7435163035988772 12.279057059437038 7.738983714953064 8.8403116194531304 7.2239261073991665 9.3526827469468099 20.086627280339602 8.302407853305338
leaf_count=63 95 64 78 57 89 144 58
internal_value=0 -0.00289386 0.000450317 -0.0141012 0.00652012 -0.00189105 0.0146072
internal_weight=0 61.986 54.2471 15.9674 38.2796 28.9269 20.5815
internal_count=648 495 431 120 311 222 153
is_linear=0
shrinkage=0.05


Tree=168
num_leaves=8
num_cat=0
split_feature=3 19 19 27 20 0 2
split_gain=1.88398 1.54828 2.03386 2.7864 1.75145 3.12633 1.48541
threshold=3.4185866294002984 0.42274018717286826 0.23849989196686414 0.38408147539462317 0.084741958822322924 0.71776617581822955 1.3726857870389713
decision_type=2 2 2 8 2 2 2
left_child=1 2 4 -4 6 -6 -1
right_child=-2 -3 3 -5 5 -7 -8
leaf_value=0.0014525262826042716 0.021948165478059216 0.02216167844675869 -0.041552967278291053 0.00056130736082759993 0.0040591702770787419 -0.029758280716215404 0.037025344736873682
leaf_weight=6.189460142515598 10.01033019647002 6.4663145020604125 7.3796556163579208 8.3961493372917158 29.733240477740765 8.8740226365625841 5.5804621819406748
leaf_count=52 79 58 51 66 238 58 51
internal_value=0 -0.00118982 -0.00347238 -0.019139 0.0014337 -0.0037139 0.0183186
internal_weight=0 72.6193 66.153 15.7758 50.3772 38.6073 11.7699
internal_count=653 574 516 117 399 296 103
is_linear=0
shrinkage=0.05


Tree=169
num_leaves=9
num_cat=0
split_feature=26 0 4 19 4 6 0 10
split_gain=1.87713 1.63859 2.33649 2.59052 2.50994 1.64003 2.41521 1.52027
threshold=-1.7643596413675167 -1.2238476030555587 1.899518541307669 0.25076185634611653 -0.21189260225842524 66.19045988359359 0.49934462829837606 2.003191191714524
decision_type=10 2 2 2 2 2 2 2
left_child=-1 -2 3 4 -3 6 -4 -7
right_child=1 2 5 -5 -6 7 -8 -9
leaf_value=0.026660434911414368 0.020701882256218336 0.0084087334542454605 -1.9879471708916452e-05 -0.030881478700412818 -0.024379694059042629 -0.021409040964492539 0.041509772115702726 0.011692505913678321
leaf_weight=6.5727937230840316 7.6344050075858823 16.94099685177207 7.5532736480236071 12.149062069132922 8.9044309854507464 6.9944948293268663 6.5253106020390987 6.8811788484454155
leaf_count=72 73 130 55 91 64 49 53 51
internal_value=0 -0.00122776 -0.0037664 -0.011839 -0.00288774 0.00720559 0.0192288 -0.00499343
internal_weight=0 73.5832 65.9487 37.9945 25.8454 27.9543 14.0786 13.8757
internal_count=638 566 493 285 194 208 108 100
is_linear=0
shrinkage=0.05


Tree=170
num_leaves=10
num_cat=0
split_feature=6 9 17 0 17 6 3 13 14
split_gain=1.97712 2.53327 2.56111 2.99567 3.05698 2.11422 1.73664 2.5084 0.672569
threshold=38.763632373713214 -0.56575687866082058 0.39985560328271508 0.56761072224023368 0.61544072315340326 33.774886942279338 -2.7950489710963802 -4.4738499366883024 40.257790039975916
decision_type=2 2 2 2 2 2 2 2 2
left_child=5 -2 -3 -4 -5 6 7 -1 -7
right_child=1 2 3 4 -6 8 -8 -9 -10
leaf_value=-0.012680443028907857 -0.030181998780447444 0.026604448634093711 -0.034679795427632581 0.015936036342566611 -0.019227502427037881 0.015468174513197253 -0.021178760097436321 0.034282163371015612 0.040352696493010105
leaf_weight=5.4410986118018654 8.5751204136759025 7.2735056504607192 7.2026988789439192 15.378768883645536 10.334270974621175 5.22545796073973 6.1092266123741892 5.955580939538776 5.6525167273357511
leaf_count=39 58 62 53 110 84 40 51 64 63
internal_value=0 -0.00551059 -0.000246487 -0.00617983 0.00180354 0.0110877 0.000330678 0.0118609 0.0283989
internal_weight=0 48.7644 40.1892 32.9157 25.713 28.3839 17.5059 11.3967 10.878
internal_count=624 367 309 247 194 257 154 103 103
is_linear=0
shrinkage=0.05


Tree=171
num_leaves=9
num_cat=0
split_feature=12 12 20 11 9 12 25 9
split_gain=2.19468 3.5267 1.67684 1.51437 3.09898 1.82499 3.08871 1.52416
threshold=1.9059751504324154 2.2660973143137868 0.17731956998757067 0.83791666666666675 0.38166985317221275 2.9419598050529028 29.047674615596218 -2.0832625439896133
decision_type=2 2 2 2 2 2 10 2
left_child=-1 2 -2 5 7 -3 -7 -5
right_child=1 3 -4 4 -6 6 -8 -9
leaf_value=0.019458846315997289 -0.042663651275539734 -0.019936337703940807 -0.0091205683717384394 0.013193408059310938 0.030475871101428145 0.026243140544758205 -0.016406702981096456 -0.021940846365323657
leaf_weight=10.969610451720653 7.5637711789458972 13.247504478320481 7.3429530449211597 5.6289760982617736 10.846742574125527 8.4528773967176694 8.5276111364364606 6.8349476438015717
leaf_count=87 51 95 56 51 92 76 59 54
internal_value=0 -0.00463131 -0.0261406 0.00135749 0.0109334 -0.00602708 0.00482436 -0.00607346
internal_weight=0 68.4454 14.9067 53.5387 23.3107 30.228 16.9805 12.4639
internal_count=621 534 107 427 197 230 135 105
is_linear=0
shrinkage=0.05


Tree=172
num_leaves=9
num_cat=0
split_feature=26 26 18 23 26 13 1 23
split_gain=1.44816 1.29545 1.75836 3.15087 3.63767 2.21809 3.43461 2.63935
threshold=2.8586307813270659 0.034410347549530269 1.5000000000000002 -3.9990692882400887 -0.015154633026426598 -0.79899052858916453 1.0060815499780558 -2.1182958292493721
decision_type=10 8 2 2 10 2 2 2
left_child=1 2 5 -4 -5 7 -7 -1
right_child=-2 -3 3 4 -6 6 -8 -9
leaf_value=0.012334810075792848 0.022379877155226421 -0.015091741629032355 -0.03200656057962669 -0.015917452682701057 0.035688902738212645 0.047966130873958804 -0.0037490771965489143 -0.022039021663634844
leaf_weight=15.502393858507272 7.3537111300975075 13.17957930266857 8.8739977069199103 8.004506051540373 5.9552442729473105 7.393584265373649 5.6747488528490067 8.7288634944707155
leaf_count=137 58 87 54 60 56 81 42 66
internal_value=0 -0.000894715 0.00221688 -0.00871085 0.00609787 0.00890653 0.0255095 -4.77288e-05
internal_weight=0 73.3129 60.1333 22.8337 13.9598 37.2996 13.0683 24.2313
internal_count=641 583 496 170 116 326 123 203
is_linear=0
shrinkage=0.05


Tree=173
num_leaves=6
num_cat=0
split_feature=16 16 6 3 26
split_gain=1.93594 1.63585 1.81033 2.2703 2.44924
threshold=71.262748042306896 65.085099153917483 67.413204492632289 2.3113148128814553 -0.066187924126324571
decision_type=2 2 2 2 10
left_child=1 2 3 4 -1
right_child=-2 -3 -4 -5 -6
leaf_value=0.027385346825175912 -0.025975051345715212 0.026183930533457429 -0.019002675642229003 0.031619269308541163 -0.0049473914105626279
leaf_weight=6.7860821969807139 6.9519246295094481 6.2102820985019198 11.182256408035753 6.1791241168975821 42.788247494958341
leaf_count=75 49 48 78 53 329
internal_value=0 0.0016357 -0.000641876 0.00304068 -0.000521459
internal_weight=0 73.146 66.9357 55.7535 49.5743
internal_count=632 583 535 457 404
is_linear=0
shrinkage=0.05


Tree=174
num_leaves=6
num_cat=0
split_feature=28 28 26 26 14
split_gain=1.41902 2.12811 2.0735 2.38149 2.18382
threshold=5.699950230028251 3.5553334728992865 0.1562873518587829 0.02412005293179887 60.002554889327222
decision_type=2 2 10 10 2
left_child=1 2 3 4 -1
right_child=-2 -3 -4 -5 -6
leaf_value=0.0048321040056463274 -0.023400706775697194 0.024289355176206954 0.021489784155844221 -0.03153246338714636 -0.018686167553288995
leaf_weight=35.953448880463839 6.6223201826214781 8.5028723720461112 8.0299387853592616 7.6887237019836894 13.606100905686615
leaf_count=318 40 62 70 48 102
internal_value=0 0.000760784 -0.00230395 -0.00564138 -0.00162461
internal_weight=0 73.7811 65.2782 57.2483 49.5595
internal_count=640 600 538 468 420
is_linear=0
shrinkage=0.05


Tree=175
num_leaves=10
num_cat=0
split_feature=23 23 15 0 0 1 28 14 25
split_gain=1.42486 2.14577 1.26544 3.00915 2.24826 2.01544 1.82992 1.57428 0.914651
threshold=-13.756058265241149 -8.7421947492513876 0.6585750207561516 0.24486351938265985 0.41495407137753809 1.3609334863059899 2.1186646787952061 33.819693024428531 -6.380131177635735
decision_type=2 2 2 2 2 2 2 2 10
left_child=8 -2 3 7 6 -6 -4 -3 -1
right_child=1 2 4 -5 5 -7 -8 -9 -10
leaf_value=0.0047675579158056062 -0.021839550212241043 -0.018565638089040888 -0.0053149435866330129 0.042802591991693437 -0.027977092796766374 0.0015064498854223183 0.034940683093427655 0.012420475488567848 0.032067374883297577
leaf_weight=6.483047915622592 10.290878865867851 6.2870676741004052 5.5622328761965019 5.8855699356645337 10.736095763742926 12.597616797313092 5.7325281575322151 11.778689900413154 5.8247426263988
leaf_count=55 78 40 51 58 69 91 49 106 51
internal_value=0 -0.000782751 0.00291636 0.0117526 -0.00319539 -0.0120592 0.0151163 0.00163699 0.0176874
internal_weight=0 68.8707 58.5798 23.9513 34.6285 23.3337 11.2948 18.0658 12.3078
internal_count=648 542 464 204 260 160 100 146 106
is_linear=0
shrinkage=0.05


Tree=176
num_leaves=9
num_cat=0
split_feature=4 15 18 7 9 4 12 1
split_gain=2.5453 2.25555 3.87533 3.64049 3.53531 2.62325 2.01511 1.77223
threshold=-4.3339247001180548 -0.97223469085096614 1.0000000180025095e-35 19.561042717993562 2.3025957072369962 2.4498357272140816 2.5190171736556661 -1.160887113082387
decision_type=2 2 2 2 2 2 2 2
left_child=6 3 7 -2 5 -4 -1 -3
right_child=1 2 4 -5 -6 -7 -8 -9
leaf_value=-1.2352588805744999e-05 0.0040869393385483174 0.0067270538701880407 -0.040828246506328533 -0.042458375553927605 0.018456231104233247 -0.0071155631674600442 0.041990241748490163 0.042174449932744107
leaf_weight=5.8111999798566085 7.8805978428572443 7.945461948402226 8.2530909087508935 8.9970865640789253 9.2711371667683107 19.180472102016211 5.6142808459699154 6.3394290227442962
leaf_count=56 54 89 57 54 78 129 61 61
internal_value=0 -0.00488176 0.000362479 -0.0207252 -0.00823679 -0.0172577 0.020627 0.0224581
internal_weight=0 67.8673 50.9896 16.8777 36.7047 27.4336 11.4255 14.2849
internal_count=639 522 414 108 264 186 117 150
is_linear=0
shrinkage=0.05


Tree=177
num_leaves=8
num_cat=0
split_feature=14 14 9 26 0 6 13
split_gain=1.81118 2.16243 3.51157 3.02232 2.74333 1.77668 2.01323
threshold=69.420187397673615 58.292836295609298 1.8974217689362671 -0.049113401784647744 0.71167594723404604 64.994374362253964 -3.6278383678898343
decision_type=2 2 2 8 2 2 2
left_child=1 3 4 -1 -3 6 -5
right_child=-2 2 -4 5 -6 -7 -8
leaf_value=0.025401478541685802 -0.025517571362846915 0.022139325292508279 0.046214967658376432 -0.021993678385960575 -0.020246073422327059 -0.032757600268651502 0.0030091130224233296
leaf_weight=7.6980782235041261 6.5394174493849269 8.1070932839065808 6.4263318702578536 11.462202969938511 7.2150885164737693 6.4649323970079413 27.054023054428402
leaf_count=86 45 65 50 74 47 44 236
internal_value=0 0.00192778 0.0151919 -0.00354828 0.00218039 -0.00850274 -0.00443157
internal_weight=0 74.4278 21.7485 52.6792 15.3222 44.9812 38.5162
internal_count=647 602 162 440 112 354 310
is_linear=0
shrinkage=0.05


Tree=178
num_leaves=6
num_cat=0
split_feature=12 12 12 23 25
split_gain=2.12085 2.90255 1.51851 1.14135 3.19367
threshold=1.8610444323119613 2.1622523747701523 2.3877057282319241 -11.363981778498967 22.082635913728932
decision_type=2 2 2 2 8
left_child=-1 -2 -3 -4 -5
right_child=1 2 3 4 -6
leaf_value=0.020531751229137675 -0.025947384343837115 0.023701146122072567 -0.017056798707619249 0.015488215591390048 -0.012679271389413178
leaf_weight=10.583050585351883 11.917006476782261 6.620946552604436 9.8253095354884845 20.934576122090228 19.378164403140538
leaf_count=85 83 58 78 190 141
internal_value=0 -0.0035142 0.00119583 -0.0017761 0.00194822
internal_weight=0 68.676 56.759 50.1381 40.3127
internal_count=635 550 467 409 331
is_linear=0
shrinkage=0.05


Tree=179
num_leaves=6
num_cat=0
split_feature=26 24 23 23 19
split_gain=1.39377 1.603 1.62643 3.643 2.81728
threshold=-1.7643596413675167 33.112984366098324 -12.904863567979739 -7.3954411455148694 0.02949606305093885
decision_type=8 10 2 2 2
left_child=-1 2 -2 -4 -5
right_child=1 -3 3 4 -6
leaf_value=0.02498534164062137 0.025650610978681255 -0.017760910347481531 -0.032598032622030919 0.033767482982539281 5.5970523775256295e-05
leaf_weight=6.0460146944969893 7.0828780326992264 10.814297337085007 7.3379682861268511 7.3273970922455183 40.189243050292134
leaf_count=67 62 75 54 64 316
internal_value=0 1.13019e-06 0.00310239 0.000190938 0.00525452
internal_weight=0 72.7518 61.9375 54.8546 47.5166
internal_count=638 571 496 434 380
is_linear=0
shrinkage=0.05


Tree=180
num_leaves=7
num_cat=0
split_feature=10 10 3 4 2 7
split_gain=2.22611 3.23131 2.49399 1.74393 2.59655 2.37777
threshold=-2.5489427742742685 -2.1059376151566798 -2.639162089121843 -0.95287333818333353 1.730698386780346 20.036051924099159
decision_type=2 2 2 2 2 2
left_child=-1 -2 -3 5 -5 -4
right_child=1 2 3 4 -6 -7
leaf_value=0.026450010914103813 -0.037434246679387065 0.028542084834839845 -0.00015205759524094276 -0.010312800289003847 0.013367175894602951 -0.041211413094559106
leaf_weight=6.1161131281405678 6.933760702610015 6.2326854476705185 7.2675298089161497 26.683339757844806 20.447372073307633 6.8490125238895416
leaf_count=56 48 64 53 197 166 50
internal_value=0 -0.00493034 -0.00159047 -0.00465684 -3.93869e-05 -0.0200731
internal_weight=0 74.4137 67.4799 61.2473 47.1307 14.1165
internal_count=634 578 530 466 363 103
is_linear=0
shrinkage=0.05


Tree=181
num_leaves=8
num_cat=0
split_feature=13 10 3 25 23 20 28
split_gain=1.50357 1.60139 2.1462 2.77614 2.99683 1.77133 1.72567
threshold=-3.6278383678898343 -1.6287073438567032 1.9336266558067849 18.345491015041151 9.8874740194717479 0.19293414873992948 1.271582787651149
decision_type=2 2 2 10 2 2 2
left_child=-1 5 6 -4 -5 -2 -3
right_child=1 2 3 4 -6 -7 -8
leaf_value=-0.015618571923351192 0.0022698316597488618 0.0025116421873892952 0.029043982383982404 -0.025896564345139546 0.013217704496046496 0.035737303730670349 -0.026062960723709123
leaf_weight=13.144737698137758 9.2347583603113907 9.4189718831330556 9.7880974411964434 8.5319049358367938 11.494371484965084 6.9133950388059011 12.034696192480622
leaf_count=89 78 83 92 62 82 77 89
internal_value=0 0.00286715 -0.00145773 0.00722026 -0.00344636 0.016598 -0.0135176
internal_weight=0 67.4162 51.268 29.8144 20.0263 16.1482 21.4537
internal_count=652 563 408 236 144 155 172
is_linear=0
shrinkage=0.05


Tree=182
num_leaves=9
num_cat=0
split_feature=26 28 23 15 4 12 6 17
split_gain=2.14287 1.47489 2.46664 2.17571 2.7527 1.56833 0.955126 0.554501
threshold=-0.082320156361531241 5.2815601043201328 3.3309441504847137 0.071059191408769914 -1.7674331968788592 3.1518066358714356 60.378556354149687 0.55470018393756793
decision_type=10 2 2 2 2 2 2 2
left_child=7 2 3 4 -2 6 -4 -1
right_child=1 -3 5 -5 -6 -7 -8 -9
leaf_value=0.032609250706410339 -0.011346929217665676 -0.027341877133481754 -0.01087419711619992 -0.027328773826096275 0.02501479903796169 0.029396019954084453 0.01323478526884234 0.0076977569096552886
leaf_weight=4.6913498761132342 21.447012986987829 6.8031175136566153 8.0330280773341709 12.850082864984868 6.8727955892682102 7.2311993958428493 8.4079878311604244 4.2641906784847379
leaf_count=57 167 43 64 98 60 60 67 44
internal_value=0 -0.00519406 -0.00287035 -0.0102651 -0.00252248 0.00999035 0.00145521 0.0207476
internal_weight=0 71.6452 64.8421 41.1699 28.3198 23.6722 16.441 8.95554
internal_count=660 559 516 325 227 191 131 101
is_linear=0
shrinkage=0.05


Tree=183
num_leaves=10
num_cat=0
split_feature=23 28 0 28 19 0 27 19 22
split_gain=2.37598 2.4543 2.62038 1.89648 2.24078 2.47926 2.15605 1.76418 1.1821
threshold=-1.8775852238819464 1.305666505888867 -0.54913574056881398 0.92824398440241696 0.20470449262566823 0.53209459588137398 0.89786370332773391 0.15175625900349923 1.5000000000000002
decision_type=2 2 2 2 2 2 8 2 2
left_child=1 8 -3 7 6 -6 -5 -2 -1
right_child=3 2 -4 4 5 -7 -8 -9 -10
leaf_value=-0.018265870503892893 0.028793003614131774 0.04775081569015388 0.0094853760422821121 -0.038229581908353148 -0.015591758008256788 0.027781776830036232 -0.0050145729777344716 -0.0076634284966142401 0.010107249620821199
leaf_weight=6.0130737349390975 7.2530143987387401 7.9292964190244666 10.266753276810052 9.399671074002983 6.7109659602865559 6.4720470905303955 10.173887390643356 6.1172189069911838 9.4248187467455846
leaf_count=45 60 80 83 70 56 48 78 48 85
internal_value=0 0.0137195 0.0261603 -0.00375566 -0.0102329 0.00570197 -0.0209652 0.0121133 -0.000944108
internal_weight=0 33.6339 18.196 46.1268 32.7566 13.183 19.5736 13.3702 15.4379
internal_count=653 293 163 360 252 104 148 108 130
is_linear=0
shrinkage=0.05


Tree=184
num_leaves=11
num_cat=0
split_feature=19 28 17 19 17 9 0 13 3 28
split_gain=1.96502 1.81747 2.71299 4.9003 2.60332 2.85646 1.74337 1.56483 1.4811 1.37322
threshold=0.46819327813386191 1.3981305791725993 0.4456224879478688 0.19278039385130183 0.52331741855251723 -1.2339045699788846 0.71167594723404604 -2.1620417262119913 -1.2851144808629853 0.76393064542395128
decision_type=2 2 2 2 2 2 2 2 2 2
left_child=1 4 3 -3 8 -6 7 -4 -1 -7
right_child=-2 2 6 -5 5 9 -8 -9 -10 -11
leaf_value=0.02593287055517975 0.02596211299572403 -0.04125146114439656 0.010019043797321152 0.018122726563273461 -0.046657920175196016 0.0089665236891502877 4.4808930680936142e-05 0.042139891603551145 -0.0086010004972131154 -0.023755130904321718
leaf_weight=5.8712725481018424 7.1692327614873639 7.1089890636503679 7.5707873068749878 6.7983396258205175 7.1937840059399614 6.4519489761441946 11.123366240411995 7.5959860300645277 6.589319281280039 6.3738652113825083
leaf_count=56 66 52 58 52 49 54 75 82 54 47
internal_value=0 -0.00147543 0.00563202 -0.0122275 -0.0102716 -0.0214394 0.0150796 0.0261062 0.00767092 -0.0072947
internal_weight=0 72.6777 40.1975 13.9073 32.4802 20.0196 26.2901 15.1668 12.4606 12.8258
internal_count=645 579 319 104 260 150 215 140 110 101
is_linear=0
shrinkage=0.05


Tree=185
num_leaves=7
num_cat=0
split_feature=9 6 11 3 17 25
split_gain=1.74967 1.52639 2.1214 2.25864 2.29575 1.12111
threshold=2.2144054745640278 67.661087681206169 0.66291666666666671 2.3113148128814553 0.4215438029333714 11.933037372898943
decision_type=2 2 2 2 2 10
left_child=1 2 -1 4 -4 -2
right_child=5 -3 3 -5 -6 -7
leaf_value=-0.019476261746273177 0.0011338215839357883 -0.024368033108013679 0.019461619298713366 0.029457366507918577 -0.0088131075345925167 0.032023050890283469
leaf_weight=13.414705839008091 6.1330433338880521 8.810921370983122 9.6320998100563866 6.9195777438580981 28.189537776634097 5.6376992948353291
leaf_count=85 51 55 92 66 233 49
internal_value=0 -0.00497443 -0.0020362 0.00319284 -0.00161234 0.0159285
internal_weight=0 66.9668 58.1559 44.7412 37.8216 11.7707
internal_count=631 531 476 391 325 100
is_linear=0
shrinkage=0.05


Tree=186
num_leaves=8
num_cat=0
split_feature=14 11 23 26 12 9 20
split_gain=1.75813 1.71358 2.29498 2.05239 2.24734 2.23128 1.43067
threshold=71.640592277307974 0.89291666666666669 -0.9146422375541946 0.23841308242176765 3.5857112687131054 -1.7025345936318212 0.14236681135185139
decision_type=2 2 2 8 2 2 2
left_child=1 3 6 4 5 -1 -3
right_child=-2 2 -4 -5 -6 -7 -8
leaf_value=-0.025461025869677169 -0.025309290156360006 -0.016790409519941096 0.038015166680063973 0.020726556902482582 -0.032313043660334474 0.0043080272023260152 0.017358925423385331
leaf_weight=7.8589617051184133 6.2233207970857611 5.5094447955489176 6.9999834811314932 8.30766320414841 7.0239505022764197 31.621014084666971 6.9182980749756098
leaf_count=62 42 45 75 70 49 235 67
internal_value=0 0.00235785 0.0151173 -0.00216467 -0.00625406 -0.00161786 0.0022199
internal_weight=0 74.2393 19.4277 54.8116 46.5039 39.48 12.4277
internal_count=645 603 187 416 346 297 112
is_linear=0
shrinkage=0.05


Tree=187
num_leaves=9
num_cat=0
split_feature=24 3 3 10 3 13 11 28
split_gain=1.5058 2.46477 2.95502 3.01966 2.24238 2.19458 1.80537 2.91933
threshold=3.4608377062355928 2.7530346031794992 -2.5055950765669874 -2.1014535363118165 -2.0427903055622227 1.2847594721407158 0.71125000000000005 1.3981305791725993
decision_type=8 2 2 2 2 2 2 2
left_child=6 2 3 -2 -4 -6 -1 -8
right_child=1 -3 4 -5 5 -7 7 -9
leaf_value=-0.033546202923665044 -0.0029071083708260108 0.028237134812729381 -0.034772509558968316 0.042408778672008471 0.012900983791555088 -0.01718410508944327 -0.028031391398687319 0.014157740874199682
leaf_weight=6.7248864434659508 8.2643909063190204 8.4844901040196401 6.9886506199836722 6.6216328097507349 11.741665612906223 12.53045325540006 6.8955933991819647 10.115240700542925
leaf_count=39 70 75 48 77 106 85 48 91
internal_value=0 0.00346887 -0.00108499 0.0172504 -0.00981609 -0.00263041 -0.0116145 -0.00294425
internal_weight=0 54.6313 46.1468 14.886 31.2608 24.2721 23.7357 17.0108
internal_count=639 461 386 147 239 191 178 139
is_linear=0
shrinkage=0.05


Tree=188
num_leaves=9
num_cat=0
split_feature=11 7 2 2 25 19 23 17
split_gain=2.48137 1.97906 1.70955 2.96712 1.77581 3.16104 1.56449 1.83815
threshold=0.94625000000000015 24.20904246899018 1.7738560355866761 2.2625757165201197 9.5157628052194543 0.098918399793315168 1.3575376195629307 0.52534039143786171
decision_type=2 2 2 2 10 2 2 2
left_child=2 -2 4 -4 5 -1 -6 -8
right_child=1 -3 3 -5 6 -7 7 -9
leaf_value=-0.045179228400798944 0.041495618936423923 -0.0014920568266880943 0.029850469620697203 -0.010398495026544571 0.013106604925659349 -0.0040712486252212614 0.0023778121959769387 -0.027199563767249069
leaf_weight=8.6853541508317011 5.304029578343032 5.406487756408751 7.9926547110080746 10.720914166420696 9.6710309069603699 10.131653096526859 11.469821668229999 9.691353799775241
leaf_count=57 59 53 73 73 83 93 86 62
internal_value=0 0.0197962 -0.00608688 0.00679203 -0.0109411 -0.0230454 -0.00355385 -0.011168
internal_weight=0 10.7105 68.3628 18.7136 49.6492 18.817 30.8322 21.1612
internal_count=639 112 527 146 381 150 231 148
is_linear=0
shrinkage=0.05


Tree=189
num_leaves=6
num_cat=0
split_feature=13 14 24 14 9
split_gain=1.38496 2.23225 1.69221 1.3839 1.47779
threshold=-3.6278383678898343 38.694117057198063 39.473462761581509 69.420187397673615 1.5594307011198933
decision_type=2 2 10 2 2
left_child=-1 -2 3 4 -3
right_child=1 2 -4 -5 -6
leaf_value=-0.01578581629072167 0.029649986259851286 0.011868146018676201 -0.025066693660669444 -0.01969069565607133 -0.0067313140292830868
leaf_weight=13.48075161129236 6.4881030432879916 28.372875088825822 6.6205203570425502 6.5643113385885945 17.125519026070833
leaf_count=89 67 258 50 48 131
internal_value=0 0.00182009 -0.00125682 0.00177095 0.00486734
internal_weight=0 65.1713 58.6832 52.0627 45.4984
internal_count=643 554 487 437 389
is_linear=0
shrinkage=0.05


Tree=190
num_leaves=6
num_cat=0
split_feature=6 2 27 4 13
split_gain=1.56726 2.96162 2.17499 2.28735 1.75323
threshold=68.234986943464037 1.730698386780346 1.1848309522443303 3.86888510897677 1.6295786750708088
decision_type=2 2 10 2 2
left_child=1 2 3 4 -1
right_child=-2 -3 -4 -5 -6
leaf_value=0.0027285714799966752 -0.015632642351194635 0.029414651955249355 -0.025068674036591729 0.031366684582073222 -0.025395020528142204
leaf_weight=37.130868705920875 14.133525582030414 8.9774690698832256 8.3425954598933441 6.037498401477932 6.5137655157595864
leaf_count=331 98 90 53 50 42
internal_value=0 0.00268953 -0.00144532 0.0025215 -0.00146875
internal_weight=0 67.0022 58.0247 49.6821 43.6446
internal_count=664 566 476 423 373
is_linear=0
shrinkage=0.05


Tree=191
num_leaves=9
num_cat=0
split_feature=23 28 15 25 15 16 26 14
split_gain=2.0459 3.12424 2.78406 2.76095 2.33943 2.13826 1.62497 1.45923
threshold=-2.4635588471449665 1.3924818718864833 -1.0632975512209777 -3.7428137585238175 0.6585750207561516 36.577156562408994 -0.02013735161325159 59.799526059914051
decision_type=2 2 2 8 2 2 8 2
left_child=1 5 -2 -3 -4 -1 -6 -8
right_child=2 3 4 -5 6 -7 7 -9
leaf_value=0.014152964089281007 -0.035696878853870184 -0.0029172640458729909 0.023942353216329603 0.040780014790176899 -0.025381633143753586 -0.024187552692959812 -0.018483972812506029 0.0082733691345095207
leaf_weight=6.3119604811072376 7.7411275096237651 5.8235202878713608 6.7311503710225216 9.5311155375093204 9.8585857786238176 8.5793317016214115 7.8121997378766563 14.651925114914773
leaf_count=62 52 50 70 92 73 66 62 113
internal_value=0 0.00838163 -0.00830391 0.024207 -0.00287416 -0.00793619 -0.00845866 -0.00103185
internal_weight=0 30.2459 46.795 15.3546 39.0539 14.8913 32.3227 22.4641
internal_count=640 270 370 142 318 128 248 175
is_linear=0
shrinkage=0.05


Tree=192
num_leaves=9
num_cat=0
split_feature=3 1 20 11 24 25 23 25
split_gain=2.25816 2.06346 1.61989 1.58649 1.46197 2.03904 3.15537 2.01848
threshold=-2.5281295964933101 -1.9243703406517709 0.42673054335172705 0.85875000000000001 21.789267947147543 17.623434731171862 8.3833860631097874 2.7828510743513593
decision_type=2 2 2 2 10 10 2 10
left_child=1 -1 4 -3 5 -2 -7 -6
right_child=2 3 -4 -5 7 6 -8 -9
leaf_value=-0.0080315933931993568 0.017230047497781561 0.04724547046321536 0.014697293356094135 0.0094187698904334496 -0.0061021994697957613 -0.031128158482806124 0.003773019066706853 -0.040265203469985716
leaf_weight=6.6312874732539084 8.867213247343896 5.2317288480699045 8.0534004960209113 5.8955724406987429 9.7919674552977103 10.917572790756823 15.918590033426879 7.7423288878053418
leaf_count=56 86 60 75 55 73 82 111 52
internal_value=0 0.0140464 -0.00620214 0.0272038 -0.00936366 -0.00355709 -0.0104256 -0.021187
internal_weight=0 17.7586 61.2911 11.1273 53.2377 35.7034 26.8362 17.5343
internal_count=650 171 479 115 404 279 193 125
is_linear=0
shrinkage=0.05


Tree=193
num_leaves=7
num_cat=0
split_feature=4 23 23 23 12 27
split_gain=1.88543 1.21446 2.92918 1.83278 2.1417 1.09178
threshold=-6.7965788829111764 -13.756058265241149 -8.7421947492513876 -1.8775852238819464 3.5857112687131054 0.3103840558122814
decision_type=2 2 2 2 2 10
left_child=-1 -2 -3 5 -5 -4
right_child=1 2 3 4 -6 -7
leaf_value=0.028417004309134394 0.017627069394510208 -0.030896450310050318 0.002400334207023248 0.0015680130212623314 -0.024777599840454776 0.03446443597171861
leaf_weight=5.645254122093319 7.4122949279844752 8.6208033850416523 5.0992110967636091 37.228451396338642 9.7302498556673509 5.5382130462676287
leaf_count=61 67 58 47 297 74 58
internal_value=0 -0.00156598 -0.00371444 0.00035408 -0.00389103 0.019094
internal_weight=0 73.6292 66.2169 57.5961 46.9587 10.6374
internal_count=662 601 534 476 371 105
is_linear=0
shrinkage=0.05


Tree=194
num_leaves=11
num_cat=0
split_feature=24 27 20 4 12 4 22 15 26 19
split_gain=2.05591 1.86551 1.85612 2.09721 1.79266 1.52762 1.49978 1.47909 2.1908 1.43266
threshold=21.789267947147543 0.25567040783515455 0.086716761395970315 0.94356989257288204 2.4266557111338822 -3.3734059284056737 1.5000000000000002 -0.2388171772404995 -0.0041068524061766828 0.15175625900349923
decision_type=10 10 2 2 2 2 2 2 10 2
left_child=2 5 4 7 -1 -2 -5 8 -4 -7
right_child=1 -3 3 6 -6 9 -8 -9 -10 -11
leaf_value=-3.1145727959510591e-05 0.015757818688535975 -0.033112580873558679 -0.021788712317833664 -0.0043525015698037779 0.037054479723104584 0.0025872160916967932 0.025161146105810928 -0.031090171556440532 0.020877509647765448 -0.029079982390426397
leaf_weight=5.4764404632151118 7.036005856469278 6.9684492591768494 6.2448231810703865 7.4792622495442656 8.0461152484640461 7.3990489467978477 10.140623942017553 6.3250021003186729 5.8058485388755789 6.9045136040076613
leaf_count=45 69 44 54 50 80 60 87 53 47 48
internal_value=0 -0.0106511 0.00624155 0.000308255 0.0220353 -0.00331629 0.0126332 -0.0115098 -0.00123271 -0.0126989
internal_weight=0 28.308 49.5181 35.9956 13.5226 21.3396 17.6199 18.3757 12.0507 14.3036
internal_count=637 221 416 291 125 177 137 154 101 108
is_linear=0
shrinkage=0.05


Tree=195
num_leaves=10
num_cat=0
split_feature=13 10 27 24 7 9 25 14 25
split_gain=2.55679 1.43622 1.80184 3.62302 3.47116 3.31059 1.75701 1.29801 1.00886
threshold=-4.4738499366883024 1.7517959956752795 0.43915789890085327 20.410916361291203 20.917486947331945 -1.7245351178436163 29.047674615596218 60.894073510868942 40.119125005956903
decision_type=2 2 8 10 2 2 10 2 10
left_child=-1 2 3 -2 -4 -5 7 -3 -6
right_child=1 6 4 5 8 -7 -8 -9 -10
leaf_value=-0.028806467044829399 -0.03831338802384672 -0.0096374990870277434 0.00050014123443567861 -0.022098086538814385 0.026114321135180557 0.023790284085136507 -0.021322214121418586 0.023153392833130899 0.057372785996385456
leaf_weight=6.8889060728251925 5.2382171340286758 6.2566020023077744 12.93257360160351 5.8098432300612375 6.2340934313833696 12.15018291212618 11.178691502660511 5.8302519209682941 4.4053629077970982
leaf_count=46 46 50 96 49 81 110 71 54 41
internal_value=0 0.00311739 0.00816739 -0.0017253 0.0179032 0.00894597 -0.00703454 0.00617962 0.0390572
internal_weight=0 70.0358 46.7703 23.1982 23.572 17.96 23.2655 12.0869 10.6395
internal_count=644 598 423 205 218 159 175 104 122
is_linear=0
shrinkage=0.05


Tree=196
num_leaves=8
num_cat=0
split_feature=20 28 20 7 19 28 11
split_gain=1.02548 3.32073 2.4914 2.11499 2.06644 2.07535 1.54253
threshold=0.2835782806560122 0.83148799352515901 0.21305510257248467 28.118469166478551 0.36993228124434946 0.8550025755680728 0.63458333333333339
decision_type=2 2 2 2 2 2 2
left_child=2 -2 4 -3 5 -1 -7
right_child=1 3 -4 -5 -6 6 -8
leaf_value=-0.012444500326860428 0.023566517582862059 -0.0061098189037863742 0.031561114790446168 -0.043249175297987622 -0.020127753177653532 -0.0091345698694802104 0.020219621062831008
leaf_weight=10.938608105294405 6.068601778708401 10.492276563309135 7.4028775840997687 6.0401175133883944 9.7512192735448462 5.7837699651718166 19.784225147217512
leaf_count=87 57 96 64 48 72 34 180
internal_value=0 -0.00806691 0.00462992 -0.0196787 0.000319981 0.00578174 0.0135794
internal_weight=0 22.601 53.6607 16.5324 46.2578 36.5066 25.568
internal_count=638 201 437 144 373 301 214
is_linear=0
shrinkage=0.05


Tree=197
num_leaves=9
num_cat=0
split_feature=4 11 11 28 17 17 17 23
split_gain=2.54227 2.91087 3.34676 1.80705 3.75866 3.03231 1.7557 1.16297
threshold=7.4426793448178712 0.89791666666666681 0.85875000000000001 1.791463778762463 0.52870216529717273 0.47862700187924839 0.59564911301439594 -3.801810435516503
decision_type=2 2 2 2 2 2 2 2
left_child=1 2 3 4 -1 -5 7 -3
right_child=-2 6 -4 5 -6 -7 -8 -9
leaf_value=0.029119267855736753 0.028553215706729376 0.0048171867194857984 -0.039093856893111567 -0.035110322386678931 -0.014155679693225624 0.001280287164196004 -0.0078052168284736614 0.037010105759528449
leaf_weight=9.2247552312910575 6.1328424438834181 4.7350157108157882 8.839878832921384 10.291162628680469 11.002006107941268 12.900228714570401 7.0021072030067435 6.8837680034339437
leaf_count=86 47 49 57 74 90 95 70 76
internal_value=0 -0.00500279 -0.0110513 -0.00534184 0.00558059 -0.014868 0.0119718 0.0238905
internal_weight=0 70.8789 52.258 43.4182 20.2268 23.1914 18.6209 11.6188
internal_count=644 597 402 345 176 169 195 125
is_linear=0
shrinkage=0.05


Tree=198
num_leaves=9
num_cat=0
split_feature=18 6 13 18 26 4 25 28
split_gain=1.76202 2.34974 2.24537 2.6301 2.89114 1.84244 2.34823 1.24146
threshold=2.5000000000000004 66.427262903341855 -1.8908467862294238 1.5000000000000002 0.028598206094154633 -3.613857581693789 8.3809034409051097 1.6388500885417876
decision_type=2 2 2 2 10 2 10 2
left_child=1 2 5 4 -4 6 -1 -2
right_child=7 -3 3 -5 -6 -7 -8 -9
leaf_value=0.018438768063915246 0.02749143254981112 -0.028540137396705759 0.032564559155675819 -0.016023254044592303 -0.0088483998022033713 -0.027803542885236277 -0.023676890340138916 -0.0023870312130567775
leaf_weight=7.4095691628754157 7.3324765209108573 9.9993689730763418 12.22893239930273 7.9681249894201747 6.4305557534098616 11.277445798739786 5.9816434308886528 6.6112400069832802
leaf_count=78 77 62 149 53 45 67 46 55
internal_value=0 -0.00636726 -0.00204502 0.00802379 0.0182926 -0.0129134 -0.000373632 0.0133249
internal_weight=0 61.2956 51.2963 26.6276 18.6595 24.6687 13.3912 13.9437
internal_count=632 500 438 247 194 191 124 132
is_linear=0
shrinkage=0.05


Tree=199
num_leaves=9
num_cat=0
split_feature=7 3 3 24 25 19 15 4
split_gain=0.952559 1.02523 1.49881 1.41137 2.12651 2.33071 1.78545 3.0633
threshold=39.198371611788438 -2.4386160579251364 -2.9571234327578138 21.789267947147543 6.8973867988710742 0.16352191651841871 -0.79864210825824944 1.9678339066381538
decision_type=2 2 2 10 10 2 2 2
left_child=1 2 -1 6 5 -5 -3 -8
right_child=-2 3 -4 4 -6 -7 7 -9
leaf_value=-0.0072592312035783951 0.014187879812639316 0.021206051514433406 0.025351877661255108 0.010677352858566486 -0.044235921876271178 -0.030806908914329436 -0.029780047350847594 0.0031637861282077075
leaf_weight=9.0572639964520913 6.1717781871557227 6.0772031601518348 5.7666167058050624 7.1405348945409077 6.2503080740571013 6.4389337627217174 10.892618358135229 20.035818055272102
leaf_count=81 51 59 67 62 41 44 84 157
internal_value=0 -0.00628368 0.00542677 -0.00933801 -0.0201016 -0.00899311 -0.00357027 -0.00843863
internal_weight=0 71.6593 14.8239 56.8354 19.8298 13.5795 37.0056 30.9284
internal_count=646 595 148 447 147 106 300 241
is_linear=0
shrinkage=0.05


end of trees

feature_importances:
5m_stretch=120
ema200_d_atr=117
atr_pctl=94
round100_d_atr=84
gap_atr=81
lower_wick_atr=63
ema50_d_atr=62
day_pos_atr=61
upper_wick_atr=60
body_ratio_3=59
pd_high_d_atr=57
adx14=54
range_atr_5=51
15m_stretch=50
pd_range_pos=50
pd_low_d_atr=49
chan_z=46
ema5_d_atr=45
15m_rsi=38
rsi14=37
5m_rsi=35
ema20_d_atr=32
consec_dir=31
vwap_z=29
dow=23
ema10_d_atr=18
utc_hour=17
meta_z=6
ema_stack=2

parameters:
[boosting: gbdt]
[objective: binary]
[metric: binary_logloss]
[tree_learner: serial]
[device_type: cpu]
[data_sample_strategy: bagging]
[data: ]
[valid: ]
[num_iterations: 200]
[learning_rate: 0.05]
[num_leaves: 31]
[num_threads: 0]
[seed: 20260704]
[deterministic: 0]
[force_col_wise: 0]
[force_row_wise: 0]
[histogram_pool_size: -1]
[max_depth: 5]
[min_data_in_leaf: 50]
[min_sum_hessian_in_leaf: 0.001]
[bagging_fraction: 0.8]
[pos_bagging_fraction: 1]
[neg_bagging_fraction: 1]
[bagging_freq: 1]
[bagging_seed: 25476]
[feature_fraction: 0.7]
[feature_fraction_bynode: 1]
[feature_fraction_seed: 8260]
[extra_trees: 0]
[extra_seed: 11519]
[early_stopping_round: 0]
[first_metric_only: 0]
[max_delta_step: 0]
[lambda_l1: 0]
[lambda_l2: 0]
[linear_lambda: 0]
[min_gain_to_split: 0]
[drop_rate: 0.1]
[max_drop: 50]
[skip_drop: 0.5]
[xgboost_dart_mode: 0]
[uniform_drop: 0]
[drop_seed: 30751]
[top_rate: 0.2]
[other_rate: 0.1]
[min_data_per_group: 100]
[max_cat_threshold: 32]
[cat_l2: 10]
[cat_smooth: 10]
[max_cat_to_onehot: 4]
[top_k: 20]
[monotone_constraints: ]
[monotone_constraints_method: basic]
[monotone_penalty: 0]
[feature_contri: ]
[forcedsplits_filename: ]
[refit_decay_rate: 0.9]
[cegb_tradeoff: 1]
[cegb_penalty_split: 0]
[cegb_penalty_feature_lazy: ]
[cegb_penalty_feature_coupled: ]
[path_smooth: 0]
[interaction_constraints: ]
[verbosity: -1]
[saved_feature_importance_type: 0]
[use_quantized_grad: 0]
[num_grad_quant_bins: 4]
[quant_train_renew_leaf: 0]
[stochastic_rounding: 1]
[linear_tree: 0]
[max_bin: 255]
[max_bin_by_feature: ]
[min_data_in_bin: 3]
[bin_construct_sample_cnt: 200000]
[data_random_seed: 4380]
[is_enable_sparse: 1]
[enable_bundle: 1]
[use_missing: 1]
[zero_as_missing: 0]
[feature_pre_filter: 1]
[pre_partition: 0]
[two_round: 0]
[header: 0]
[label_column: ]
[weight_column: ]
[group_column: ]
[ignore_column: ]
[categorical_feature: ]
[forcedbins_filename: ]
[precise_float_parser: 0]
[parser_config_file: ]
[objective_seed: 6566]
[num_class: 1]
[is_unbalance: 0]
[scale_pos_weight: 1]
[sigmoid: 1]
[boost_from_average: 1]
[reg_sqrt: 0]
[alpha: 0.9]
[fair_c: 1]
[poisson_max_delta_step: 0.7]
[tweedie_variance_power: 1.5]
[lambdarank_truncation_level: 30]
[lambdarank_norm: 1]
[label_gain: ]
[lambdarank_position_bias_regularization: 0]
[eval_at: ]
[multi_error_top_k: 1]
[auc_mu_weights: ]
[num_machines: 1]
[local_listen_port: 12400]
[time_out: 120]
[machine_list_filename: ]
[machines: ]
[gpu_platform_id: -1]
[gpu_device_id: -1]
[gpu_use_dp: 0]
[num_gpu: 1]

end of parameters

pandas_categorical:[]
